ISO-10303-21;
HEADER;
FILE_DESCRIPTION (( 'STEP AP203' ),
    '1' );
FILE_NAME ('0PB_mk4_doors_right_p5_v1.step',
    '2023-06-08T07:44:02',
    ( '' ),
    ( '' ),
    'SwSTEP 2.0',
    'SolidWorks 2023',
    '' );
FILE_SCHEMA (( 'CONFIG_CONTROL_DESIGN' ));
ENDSEC;

DATA;
#1 = CARTESIAN_POINT ( 'NONE',  ( -250.3514545358848125, 1522.497622843059162, 10.89999999999999680 ) ) ;
#2 = EDGE_CURVE ( 'NONE', #5596, #3502, #1901, .T. ) ;
#3 = ORIENTED_EDGE ( 'NONE', *, *, #5946, .T. ) ;
#4 = CARTESIAN_POINT ( 'NONE',  ( -249.7657541280251223, 1520.622687277550085, 10.90000000000000213 ) ) ;
#5 = CIRCLE ( 'NONE', #3349, 2.500000000000002220 ) ;
#6 = CARTESIAN_POINT ( 'NONE',  ( -254.1931683337814718, 1523.545397533937376, 11.50000000000000000 ) ) ;
#7 = CARTESIAN_POINT ( 'NONE',  ( -200.0812958390566791, 1394.801106651571672, 5.749999999999905853 ) ) ;
#8 = FACE_OUTER_BOUND ( 'NONE', #3803, .T. ) ;
#9 = ORIENTED_EDGE ( 'NONE', *, *, #4118, .F. ) ;
#10 = CALENDAR_DATE ( 2023, 8, 6 ) ;
#11 = CONICAL_SURFACE ( 'NONE', #1021, 2.000000000000057288, 0.7853981633975415377 ) ;
#12 = CARTESIAN_POINT ( 'NONE',  ( -203.4312958390566450, 1398.601106651571854, 9.000000000000001776 ) ) ;
#13 = ADVANCED_FACE ( 'NONE', ( #580 ), #107, .T. ) ;
#14 = ADVANCED_FACE ( 'NONE', ( #3525 ), #5021, .F. ) ;
#15 = CARTESIAN_POINT ( 'NONE',  ( -226.5293727074229650, 1527.601106651571854, 3.492893218813448275 ) ) ;
#16 = VECTOR ( 'NONE', #2898, 1000.000000000000000 ) ;
#17 = ORIENTED_EDGE ( 'NONE', *, *, #5771, .F. ) ;
#18 = DIRECTION ( 'NONE',  ( -3.617815867639258996E-14, -2.192050497848971768E-12, 1.000000000000000000 ) ) ;
#19 = VERTEX_POINT ( 'NONE', #2155 ) ;
#20 = DIRECTION ( 'NONE',  ( -0.000000000000000000, 0.000000000000000000, 1.000000000000000000 ) ) ;
#21 = VECTOR ( 'NONE', #2573, 1000.000000000000000 ) ;
#22 = EDGE_CURVE ( 'NONE', #3395, #1700, #2602, .T. ) ;
#23 =( NAMED_UNIT ( * ) SI_UNIT ( $, .STERADIAN. ) SOLID_ANGLE_UNIT ( ) );
#24 = LINE ( 'NONE', #5285, #301 ) ;
#25 = CARTESIAN_POINT ( 'NONE',  ( -226.0293727074229650, 1528.101106651571627, 3.699999999999997957 ) ) ;
#26 = VECTOR ( 'NONE', #406, 1000.000000000000114 ) ;
#27 = DIRECTION ( 'NONE',  ( 1.000000000000000000, -0.000000000000000000, -0.000000000000000000 ) ) ;
#28 = ORIENTED_EDGE ( 'NONE', *, *, #1261, .F. ) ;
#29 = CARTESIAN_POINT ( 'NONE',  ( -237.9293727074229992, 1531.401106651571808, 7.499999999999968026 ) ) ;
#30 = DIRECTION ( 'NONE',  ( -0.000000000000000000, -0.000000000000000000, -1.000000000000000000 ) ) ;
#31 = LINE ( 'NONE', #477, #3837 ) ;
#32 = EDGE_CURVE ( 'NONE', #3205, #2681, #5744, .T. ) ;
#33 = CARTESIAN_POINT ( 'NONE',  ( -253.7119232098131647, 1525.348019185420981, 11.49999999999999112 ) ) ;
#34 = CARTESIAN_POINT ( 'NONE',  ( -228.4293727074229992, 1525.022692017425470, 7.500000000000000000 ) ) ;
#35 = ORIENTED_EDGE ( 'NONE', *, *, #1857, .F. ) ;
#36 = CARTESIAN_POINT ( 'NONE',  ( -250.5512524665504088, 1519.551276000466260, 11.49999999999999822 ) ) ;
#37 = DIRECTION ( 'NONE',  ( -1.000000000000000000, 0.000000000000000000, 0.000000000000000000 ) ) ;
#38 = EDGE_LOOP ( 'NONE', ( #315, #489, #4377, #2040 ) ) ;
#39 = CARTESIAN_POINT ( 'NONE',  ( -254.7650981945935769, 1523.177515391945462, 11.50000000000000355 ) ) ;
#40 = CARTESIAN_POINT ( 'NONE',  ( -251.9208313306807838, 1520.580481944060239, 10.89999999999999858 ) ) ;
#41 = CARTESIAN_POINT ( 'NONE',  ( -249.9099030694369503, 1523.521307639042561, 10.90000000000000036 ) ) ;
#42 = EDGE_CURVE ( 'NONE', #1525, #3756, #740, .T. ) ;
#43 = ORIENTED_EDGE ( 'NONE', *, *, #2554, .F. ) ;
#44 = CARTESIAN_POINT ( 'NONE',  ( -255.7670900678519672, 1522.077227342184869, 10.90000000000000036 ) ) ;
#45 = DIRECTION ( 'NONE',  ( 0.7071067811865868746, 0.7071067811865081598, 0.000000000000000000 ) ) ;
#46 = PLANE ( 'NONE',  #199 ) ;
#47 = ORIENTED_EDGE ( 'NONE', *, *, #1276, .F. ) ;
#48 = CARTESIAN_POINT ( 'NONE',  ( -248.1914821199283665, 1522.180000761073870, 11.49999999999999822 ) ) ;
#49 = EDGE_CURVE ( 'NONE', #2989, #3040, #2818, .T. ) ;
#50 = ORIENTED_EDGE ( 'NONE', *, *, #1814, .T. ) ;
#51 = ORIENTED_EDGE ( 'NONE', *, *, #3694, .T. ) ;
#52 = CARTESIAN_POINT ( 'NONE',  ( -249.8466928721859404, 1520.586356319026436, 11.50000000000000000 ) ) ;
#53 = DIRECTION ( 'NONE',  ( 1.000000000000000000, 0.000000000000000000, -0.000000000000000000 ) ) ;
#54 = CARTESIAN_POINT ( 'NONE',  ( -209.8479625057234443, 1404.517773318238596, 7.666666666666833940 ) ) ;
#55 = EDGE_CURVE ( 'NONE', #5682, #1115, #3943, .T. ) ;
#56 = ADVANCED_FACE ( 'NONE', ( #2667, #164 ), #4605, .T. ) ;
#57 = CARTESIAN_POINT ( 'NONE',  ( -250.0761902813710549, 1519.526379254570884, 11.50000000000000000 ) ) ;
#58 = ORIENTED_EDGE ( 'NONE', *, *, #5572, .T. ) ;
#59 = FACE_OUTER_BOUND ( 'NONE', #1540, .T. ) ;
#60 = CARTESIAN_POINT ( 'NONE',  ( -251.2774496852104846, 1525.524183574649669, 11.50000000000000000 ) ) ;
#61 = CARTESIAN_POINT ( 'NONE',  ( -253.2264925335242367, 1524.873283168985836, 10.90000000000000036 ) ) ;
#62 = CARTESIAN_POINT ( 'NONE',  ( -203.4312958390566450, 1398.601106651571854, 6.249999999999939604 ) ) ;
#63 = CARTESIAN_POINT ( 'NONE',  ( -250.9625458390566450, 1522.062645113111103, 11.50000000000000000 ) ) ;
#64 = B_SPLINE_SURFACE_WITH_KNOTS ( 'NONE', 3, 1, ( 
 ( #5302, #548 ),
 ( #4440, #2864 ),
 ( #1928, #3399 ),
 ( #5333, #2406 ),
 ( #5764, #517 ),
 ( #3430, #5364 ),
 ( #4, #4863 ),
 ( #4409, #2444 ),
 ( #4382, #1988 ),
 ( #3906, #3936 ),
 ( #5866, #98 ),
 ( #3049, #1607 ),
 ( #189, #5132 ),
 ( #415, #2788 ),
 ( #790, #2335 ),
 ( #4151, #2721 ),
 ( #4666, #5574 ),
 ( #4726, #1229 ),
 ( #856, #319 ) ),
 .UNSPECIFIED., .F., .F., .F.,
 ( 4, 1, 1, 1, 1, 1, 1, 1, 1, 1, 1, 1, 1, 1, 1, 1, 4 ),
 ( 2, 2 ),
 ( 0.000000000000000000, 0.06132925523309600696, 0.1200529602621721592, 0.1782193636432732042, 0.2346652732309092437, 0.2909028561819519410, 0.3475356045248474413, 0.4040853896319788197, 0.4627491010765146795, 0.5223753089003042582, 0.5823107553565731731, 0.6436973991754121327, 0.7075764816682458269, 0.7745019988245223086, 0.8455657277208135092, 0.9202690606734607037, 0.9999999999999998890 ),
 ( 0.000000000000000000, 1.000000000000000000 ),
 .UNSPECIFIED. ) ;
#65 = CARTESIAN_POINT ( 'NONE',  ( -250.6733475018937440, 1522.344784060968323, 10.89999999999999858 ) ) ;
#66 = ORIENTED_EDGE ( 'NONE', *, *, #6127, .T. ) ;
#67 = VERTEX_POINT ( 'NONE', #5992 ) ;
#68 = CARTESIAN_POINT ( 'NONE',  ( -256.6620650698259283, 1524.601106651571854, 11.50000000000000000 ) ) ;
#69 = DIRECTION ( 'NONE',  ( 0.000000000000000000, -0.7071067811865868746, 0.7071067811865082708 ) ) ;
#70 = CARTESIAN_POINT ( 'NONE',  ( -217.8872665666571606, 1527.101106651571854, 0.000000000000000000 ) ) ;
#71 = EDGE_LOOP ( 'NONE', ( #5046, #3566, #2144, #4920 ) ) ;
#72 = LINE ( 'NONE', #3375, #1625 ) ;
#73 = CARTESIAN_POINT ( 'NONE',  ( -248.5490843005950978, 1520.295818190034197, 10.90000000000000036 ) ) ;
#74 = CARTESIAN_POINT ( 'NONE',  ( -203.4312958390566450, 1398.601106651571854, 10.49999999999999822 ) ) ;
#75 = ORIENTED_EDGE ( 'NONE', *, *, #1529, .F. ) ;
#76 = ORIENTED_EDGE ( 'NONE', *, *, #2516, .F. ) ;
#77 = CARTESIAN_POINT ( 'NONE',  ( -250.1596612236720603, 1519.524183574649669, 10.90000000000000036 ) ) ;
#78 = ADVANCED_FACE ( 'NONE', ( #1204 ), #3497, .F. ) ;
#79 = CIRCLE ( 'NONE', #2101, 1.499999999998863354 ) ;
#80 = DIRECTION ( 'NONE',  ( -3.081012879330941349E-16, 1.000000000000000000, 0.000000000000000000 ) ) ;
#81 = CARTESIAN_POINT ( 'NONE',  ( -253.6179433471702396, 1525.287297385391639, 10.89999999999999858 ) ) ;
#82 = VECTOR ( 'NONE', #2848, 1000.000000000000000 ) ;
#83 = CARTESIAN_POINT ( 'NONE',  ( -367.4312958390565313, 1518.101106651571627, 0.4999999999999450440 ) ) ;
#84 = EDGE_CURVE ( 'NONE', #3282, #4947, #5519, .T. ) ;
#85 = ORIENTED_EDGE ( 'NONE', *, *, #857, .T. ) ;
#86 = CYLINDRICAL_SURFACE ( 'NONE', #6065, 4.099999999999992539 ) ;
#87 = ADVANCED_FACE ( 'NONE', ( #615 ), #4012, .F. ) ;
#88 = DIRECTION ( 'NONE',  ( 7.826458133581107085E-14, -0.7071067811865081598, 0.7071067811865868746 ) ) ;
#89 = VECTOR ( 'NONE', #5407, 1000.000000000000000 ) ;
#90 = CARTESIAN_POINT ( 'NONE',  ( -253.0201631393773596, 1523.472195048498406, 11.50000000000000000 ) ) ;
#91 = AXIS2_PLACEMENT_3D ( 'NONE', #5044, #2759, #6079 ) ;
#92 = CARTESIAN_POINT ( 'NONE',  ( -231.3293727074229764, 1530.601106651571854, 10.90000000000000036 ) ) ;
#93 = FACE_OUTER_BOUND ( 'NONE', #4800, .T. ) ;
#94 = DIRECTION ( 'NONE',  ( 0.7071067811865567876, -0.7071067811865383579, -1.853279773573544529E-14 ) ) ;
#95 = VECTOR ( 'NONE', #4785, 1000.000000000000000 ) ;
#96 = DIRECTION ( 'NONE',  ( -0.5773502691895830985, -0.5773502691896471584, -0.5773502691896471584 ) ) ;
#97 = EDGE_LOOP ( 'NONE', ( #507, #1524, #5565, #4506 ) ) ;
#98 = CARTESIAN_POINT ( 'NONE',  ( -249.4821736319833576, 1520.847303881582548, 11.49999999999999289 ) ) ;
#99 = ORIENTED_EDGE ( 'NONE', *, *, #1261, .T. ) ;
#100 = CARTESIAN_POINT ( 'NONE',  ( -223.6607692585541827, 1517.601106651571854, 11.50000000000000000 ) ) ;
#101 = DIRECTION ( 'NONE',  ( 0.000000000000000000, -1.000000000000000000, 0.000000000000000000 ) ) ;
#102 = CARTESIAN_POINT ( 'NONE',  ( 575.3599054062785854, 575.3599054063424774, 9.000000000000001776 ) ) ;
#103 = VECTOR ( 'NONE', #1555, 1000.000000000000000 ) ;
#104 = ORIENTED_EDGE ( 'NONE', *, *, #4786, .F. ) ;
#105 = CARTESIAN_POINT ( 'NONE',  ( -252.9697573775181922, 1523.938847036187326, 11.50000000000000000 ) ) ;
#106 = VECTOR ( 'NONE', #3902, 999.9999999999998863 ) ;
#107 = PLANE ( 'NONE',  #2291 ) ;
#108 = CARTESIAN_POINT ( 'NONE',  ( -369.7312958390563153, 1522.601106651571854, 7.000000000000000000 ) ) ;
#109 = CARTESIAN_POINT ( 'NONE',  ( -249.2774496852105131, 1521.554231651572763, 10.90000000000000036 ) ) ;
#110 = CARTESIAN_POINT ( 'NONE',  ( -205.8278845952029883, 1508.713644369131771, 9.500000000000000000 ) ) ;
#111 = VECTOR ( 'NONE', #3273, 1000.000000000000000 ) ;
#112 = ORIENTED_EDGE ( 'NONE', *, *, #2014, .T. ) ;
#113 = ORIENTED_EDGE ( 'NONE', *, *, #1517, .T. ) ;
#114 = FACE_OUTER_BOUND ( 'NONE', #1240, .T. ) ;
#115 = VECTOR ( 'NONE', #2777, 1000.000000000000000 ) ;
#116 = CARTESIAN_POINT ( 'NONE',  ( -255.6812958390567019, 1524.601106651571854, 10.90000000000000036 ) ) ;
#117 = CARTESIAN_POINT ( 'NONE',  ( -252.9703276866344765, 1523.982146492960055, 10.89999999999999858 ) ) ;
#118 = VECTOR ( 'NONE', #2967, 1000.000000000000000 ) ;
#119 = ADVANCED_FACE ( 'NONE', ( #5457 ), #3150, .T. ) ;
#120 = LINE ( 'NONE', #4371, #2226 ) ;
#121 = ORIENTED_EDGE ( 'NONE', *, *, #5019, .F. ) ;
#122 = CARTESIAN_POINT ( 'NONE',  ( -198.4312958390566166, 1395.301106651571672, 6.249999999999906741 ) ) ;
#123 = APPROVAL_PERSON_ORGANIZATION ( #1896, #2564, #3846 ) ;
#124 = DIRECTION ( 'NONE',  ( -0.7071067811864886199, 0.7071067811866064146, 0.000000000000000000 ) ) ;
#125 = LINE ( 'NONE', #4531, #1486 ) ;
#126 = EDGE_CURVE ( 'NONE', #2296, #4128, #4993, .T. ) ;
#127 = CARTESIAN_POINT ( 'NONE',  ( -252.0961810585835678, 1521.119476287358566, 11.49999999999999822 ) ) ;
#128 = PLANE ( 'NONE',  #3160 ) ;
#129 = ORIENTED_EDGE ( 'NONE', *, *, #5668, .F. ) ;
#130 = ORIENTED_EDGE ( 'NONE', *, *, #5861, .F. ) ;
#131 = CARTESIAN_POINT ( 'NONE',  ( -217.8872665666571606, 1527.601106651571854, 11.00000000000000000 ) ) ;
#132 = DIRECTION ( 'NONE',  ( 0.7071067811865010544, 2.178605099897855440E-16, 0.7071067811865939801 ) ) ;
#133 = LINE ( 'NONE', #5900, #3019 ) ;
#134 = ADVANCED_FACE ( 'NONE', ( #2091 ), #4041, .T. ) ;
#135 = VERTEX_POINT ( 'NONE', #3091 ) ;
#136 = EDGE_CURVE ( 'NONE', #1570, #3502, #800, .T. ) ;
#137 = FACE_OUTER_BOUND ( 'NONE', #4069, .T. ) ;
#138 = CARTESIAN_POINT ( 'NONE',  ( -253.3299751545650622, 1520.955543906284220, 11.50000000000000178 ) ) ;
#139 = CARTESIAN_POINT ( 'NONE',  ( -256.2090859604481352, 1522.138717467258630, 10.90000000000000391 ) ) ;
#140 = DIRECTION ( 'NONE',  ( 0.7071067811865868746, -0.7071067811865081598, 2.453269466693532727E-15 ) ) ;
#141 = VERTEX_POINT ( 'NONE', #6048 ) ;
#142 = EDGE_LOOP ( 'NONE', ( #4293, #1559, #5504, #3988 ) ) ;
#143 = CARTESIAN_POINT ( 'NONE',  ( -249.4821736319833576, 1520.847303881582548, 11.49999999999999645 ) ) ;
#144 = EDGE_CURVE ( 'NONE', #1979, #1208, #5640, .T. ) ;
#145 = ORIENTED_EDGE ( 'NONE', *, *, #3849, .T. ) ;
#146 = CARTESIAN_POINT ( 'NONE',  ( -205.8278845952029883, 1508.713644369131771, 10.99999999999999822 ) ) ;
#147 = DIRECTION ( 'NONE',  ( 0.000000000000000000, 0.000000000000000000, -1.000000000000000000 ) ) ;
#148 = CARTESIAN_POINT ( 'NONE',  ( -225.5293727074229935, 1527.601106651571854, 11.00000000000000000 ) ) ;
#149 = VERTEX_POINT ( 'NONE', #2730 ) ;
#150 = CARTESIAN_POINT ( 'NONE',  ( -374.7312958390564859, 1517.601106651571854, 6.249999999999906741 ) ) ;
#151 = EDGE_CURVE ( 'NONE', #1434, #4392, #1703, .T. ) ;
#152 = CARTESIAN_POINT ( 'NONE',  ( -253.3453429898192439, 1522.835166445754794, 11.49999999999999645 ) ) ;
#153 = CARTESIAN_POINT ( 'NONE',  ( -198.9312958390566166, 1402.601106651571854, 0.4999999999999449329 ) ) ;
#154 = CARTESIAN_POINT ( 'NONE',  ( -367.4312958390565313, 1517.601106651571854, 0.4999999999999449329 ) ) ;
#155 = ORIENTED_EDGE ( 'NONE', *, *, #5247, .T. ) ;
#156 = ORIENTED_EDGE ( 'NONE', *, *, #4357, .T. ) ;
#157 = EDGE_CURVE ( 'NONE', #5409, #267, #2276, .T. ) ;
#158 = CARTESIAN_POINT ( 'NONE',  ( -207.8080216973945369, 1507.687828808946733, 7.000000000000000000 ) ) ;
#159 = CARTESIAN_POINT ( 'NONE',  ( -226.0293727074229935, 1530.901106651571808, 7.707106781186396027 ) ) ;
#160 = CARTESIAN_POINT ( 'NONE',  ( -208.2662323295955105, 1493.936986531620278, 11.50000000000000000 ) ) ;
#161 = ORIENTED_EDGE ( 'NONE', *, *, #4011, .F. ) ;
#162 = CARTESIAN_POINT ( 'NONE',  ( -375.2312958390564859, 1527.101106651571854, 11.00000000000005507 ) ) ;
#163 = EDGE_CURVE ( 'NONE', #4139, #2918, #767, .T. ) ;
#164 = FACE_OUTER_BOUND ( 'NONE', #4189, .T. ) ;
#165 = EDGE_CURVE ( 'NONE', #3192, #4009, #2062, .T. ) ;
#166 = B_SPLINE_SURFACE_WITH_KNOTS ( 'NONE', 3, 1, ( 
 ( #2503, #1643 ),
 ( #3088, #5045 ),
 ( #3017, #2569 ),
 ( #5988, #3556 ),
 ( #3587, #2057 ),
 ( #2152, #5016 ),
 ( #641, #1667 ),
 ( #5451, #667 ),
 ( #5924, #4955 ),
 ( #4094, #609 ),
 ( #1107, #4989 ),
 ( #6014, #2598 ),
 ( #1073, #4540 ),
 ( #1549, #3054 ),
 ( #3144, #4008 ),
 ( #1574, #3114 ),
 ( #3615, #4035 ),
 ( #5516, #698 ),
 ( #5425, #1169 ) ),
 .UNSPECIFIED., .F., .F., .F.,
 ( 4, 1, 1, 1, 1, 1, 1, 1, 1, 1, 1, 1, 1, 1, 1, 1, 4 ),
 ( 2, 2 ),
 ( 0.000000000000000000, 0.06619453496947665105, 0.1293623663899941822, 0.1907947674848660125, 0.2505245028235364435, 0.3087824708553092434, 0.3666451887979906843, 0.4237216304414958556, 0.4819105218696304593, 0.5400444998771962712, 0.5990830269688223186, 0.6596564083095092235, 0.7216885753940254222, 0.7868329515474055125, 0.8540489251572781493, 0.9253021916125967472, 1.000000000000000000 ),
 ( 0.000000000000000000, 1.000000000000000000 ),
 .UNSPECIFIED. ) ;
#167 = CARTESIAN_POINT ( 'NONE',  ( -248.1819844739962946, 1521.062484856606716, 10.90000000000000391 ) ) ;
#168 = CARTESIAN_POINT ( 'NONE',  ( -255.6622148325674004, 1522.035376669385869, 10.90000000000000036 ) ) ;
#169 = ORIENTED_EDGE ( 'NONE', *, *, #2919, .T. ) ;
#170 = CYLINDRICAL_SURFACE ( 'NONE', #3739, 1.699999999999979305 ) ;
#171 = B_SPLINE_CURVE_WITH_KNOTS ( 'NONE', 3,
 ( #2589, #4530, #1635, #5854, #5979, #3579, #5037, #1221, #784, #850, #2200, #2656, #249, #1255, #5068, #277, #3201, #5097, #1319 ),
 .UNSPECIFIED., .F., .F.,
 ( 4, 1, 1, 1, 1, 1, 1, 1, 1, 1, 1, 1, 1, 1, 1, 1, 4 ),
 ( 0.000000000000000000, 0.08076351623406155533, 0.1560888091516533793, 0.2271878732431435732, 0.2947388902563665702, 0.3588525225472553593, 0.4200087027996712297, 0.4789558966409275254, 0.5367640192035209035, 0.5938932380464085892, 0.6497432151565705194, 0.7055445742142532062, 0.7611815336900811246, 0.8184886332503780171, 0.8766536536395392876, 0.9373476407922400888, 1.000000000000000000 ),
 .UNSPECIFIED. ) ;
#172 = VERTEX_POINT ( 'NONE', #3212 ) ;
#173 = ORIENTED_EDGE ( 'NONE', *, *, #706, .T. ) ;
#174 = CARTESIAN_POINT ( 'NONE',  ( -249.2806895844696555, 1521.431802488171115, 11.49999999999999645 ) ) ;
#175 = EDGE_LOOP ( 'NONE', ( #2578, #5508, #5207 ) ) ;
#176 = DIRECTION ( 'NONE',  ( -0.7071067811865868746, 0.000000000000000000, 0.7071067811865082708 ) ) ;
#177 = CYLINDRICAL_SURFACE ( 'NONE', #1997, 1.699999999999979305 ) ;
#178 = DIRECTION ( 'NONE',  ( -0.8660254037844379305, -0.5000000000000013323, 0.000000000000000000 ) ) ;
#179 = VECTOR ( 'NONE', #4068, 1000.000000000000000 ) ;
#180 = VERTEX_POINT ( 'NONE', #1834 ) ;
#181 = CARTESIAN_POINT ( 'NONE',  ( -198.6992450314876351, 1496.366478455931428, 11.50000000000000000 ) ) ;
#182 = CARTESIAN_POINT ( 'NONE',  ( -254.4945628419804677, 1524.505811569013986, 11.50000000000000000 ) ) ;
#183 = CARTESIAN_POINT ( 'NONE',  ( -253.5582351284124627, 1522.636843190070294, 10.90000000000000213 ) ) ;
#184 = VECTOR ( 'NONE', #3357, 1000.000000000000000 ) ;
#185 = ORIENTED_EDGE ( 'NONE', *, *, #4518, .T. ) ;
#186 = CARTESIAN_POINT ( 'NONE',  ( -207.9312958390566166, 1394.801106651571672, 5.749999999999905853 ) ) ;
#187 = VECTOR ( 'NONE', #3005, 1000.000000000000000 ) ;
#188 = ORIENTED_EDGE ( 'NONE', *, *, #3894, .T. ) ;
#189 = CARTESIAN_POINT ( 'NONE',  ( -249.3809177986264842, 1521.010056287102771, 10.89999999999999858 ) ) ;
#190 = ORIENTED_EDGE ( 'NONE', *, *, #5851, .F. ) ;
#191 = LINE ( 'NONE', #100, #1400 ) ;
#192 = CARTESIAN_POINT ( 'NONE',  ( -374.7312958390564859, 1525.451106651571990, 9.000000000000001776 ) ) ;
#193 = CARTESIAN_POINT ( 'NONE',  ( -200.4312958390555082, 1495.366478455931883, 11.00000000000000000 ) ) ;
#194 = VECTOR ( 'NONE', #2949, 999.9999999999998863 ) ;
#195 = ORIENTED_EDGE ( 'NONE', *, *, #4174, .F. ) ;
#196 = VECTOR ( 'NONE', #1828, 1000.000000000000000 ) ;
#197 = ADVANCED_FACE ( 'NONE', ( #4734 ), #3682, .F. ) ;
#198 = DIRECTION ( 'NONE',  ( 1.000000000000000000, 0.000000000000000000, -0.000000000000000000 ) ) ;
#199 = AXIS2_PLACEMENT_3D ( 'NONE', #1401, #1903, #6191 ) ;
#200 = DIRECTION ( 'NONE',  ( -1.000000000000000000, 0.000000000000000000, 0.000000000000000000 ) ) ;
#201 = DIRECTION ( 'NONE',  ( 1.000000000000000000, 0.000000000000000000, 0.000000000000000000 ) ) ;
#202 = LINE ( 'NONE', #5962, #4433 ) ;
#203 = CARTESIAN_POINT ( 'NONE',  ( -249.2785528388749015, 1521.512545731909086, 10.90000000000000036 ) ) ;
#204 = ORIENTED_EDGE ( 'NONE', *, *, #6078, .T. ) ;
#205 = ORIENTED_EDGE ( 'NONE', *, *, #234, .T. ) ;
#206 = AXIS2_PLACEMENT_3D ( 'NONE', #5209, #1930, #4830 ) ;
#207 = EDGE_CURVE ( 'NONE', #141, #2853, #5235, .T. ) ;
#208 = DIRECTION ( 'NONE',  ( -0.000000000000000000, -0.000000000000000000, -1.000000000000000000 ) ) ;
#209 = VERTEX_POINT ( 'NONE', #3778 ) ;
#210 = PLANE ( 'NONE',  #699 ) ;
#211 = VECTOR ( 'NONE', #5658, 1000.000000000000000 ) ;
#212 = CARTESIAN_POINT ( 'NONE',  ( -253.2264925335242367, 1524.873283168985836, 10.90000000000000036 ) ) ;
#213 = EDGE_CURVE ( 'NONE', #1608, #5227, #3651, .T. ) ;
#214 = EDGE_CURVE ( 'NONE', #3557, #4058, #293, .T. ) ;
#215 = LINE ( 'NONE', #720, #3758 ) ;
#216 = VECTOR ( 'NONE', #2107, 1000.000000000000227 ) ;
#217 = VERTEX_POINT ( 'NONE', #3715 ) ;
#218 = CARTESIAN_POINT ( 'NONE',  ( -216.3889817412364494, 1507.006001209732403, 9.000000000000001776 ) ) ;
#219 = CARTESIAN_POINT ( 'NONE',  ( -221.9287184509851727, 1516.601106651571627, 10.99999999999999822 ) ) ;
#220 = FACE_OUTER_BOUND ( 'NONE', #2162, .T. ) ;
#221 = PLANE ( 'NONE',  #2927 ) ;
#222 = DIRECTION ( 'NONE',  ( 0.000000000000000000, -0.000000000000000000, 1.000000000000000000 ) ) ;
#223 = B_SPLINE_SURFACE_WITH_KNOTS ( 'NONE', 3, 1, ( 
 ( #2434, #4889 ),
 ( #1953, #1854 ),
 ( #1416, #4761 ),
 ( #5790, #3364 ),
 ( #3800, #2465 ),
 ( #5293, #5326 ),
 ( #951, #3392 ),
 ( #4566, #182 ),
 ( #2621, #568 ),
 ( #3998, #2982 ),
 ( #4469, #1037 ) ),
 .UNSPECIFIED., .F., .F., .F.,
 ( 4, 1, 1, 1, 1, 1, 1, 1, 4 ),
 ( 2, 2 ),
 ( 0.000000000000000000, 0.1328722450794039833, 0.2563555721123786935, 0.3727875326200247308, 0.4886711986942872121, 0.6070021845127647753, 0.7288902972539181846, 0.8583176913027358301, 1.000000000000000000 ),
 ( 0.000000000000000000, 1.000000000000000000 ),
 .UNSPECIFIED. ) ;
#224 = VECTOR ( 'NONE', #1614, 1000.000000000000000 ) ;
#225 = EDGE_LOOP ( 'NONE', ( #1861, #3613, #4286, #2627 ) ) ;
#226 = EDGE_CURVE ( 'NONE', #4241, #1570, #5582, .T. ) ;
#227 = DIRECTION ( 'NONE',  ( 0.000000000000000000, 0.000000000000000000, -1.000000000000000000 ) ) ;
#228 = DIRECTION ( 'NONE',  ( 0.000000000000000000, 0.000000000000000000, 1.000000000000000000 ) ) ;
#229 = CIRCLE ( 'NONE', #3170, 5.999999999999950262 ) ;
#230 = EDGE_LOOP ( 'NONE', ( #6031, #5463, #1163, #4386 ) ) ;
#231 = CARTESIAN_POINT ( 'NONE',  ( -255.5062122187193836, 1524.601505402970361, 11.50000000000000000 ) ) ;
#232 = CARTESIAN_POINT ( 'NONE',  ( -207.9312958390566735, 1395.301106651571672, 5.749999999999905853 ) ) ;
#233 = CARTESIAN_POINT ( 'NONE',  ( -255.1975831917781647, 1521.618305533251714, 10.90000000000000036 ) ) ;
#234 = EDGE_CURVE ( 'NONE', #1788, #2471, #1362, .T. ) ;
#235 = EDGE_LOOP ( 'NONE', ( #4998, #1082, #4177, #1367 ) ) ;
#236 = ORIENTED_EDGE ( 'NONE', *, *, #2113, .T. ) ;
#237 = CARTESIAN_POINT ( 'NONE',  ( -206.2812958390566394, 1401.701106651571990, 9.000000000000001776 ) ) ;
#238 = VERTEX_POINT ( 'NONE', #1235 ) ;
#239 = CARTESIAN_POINT ( 'NONE',  ( -373.1312958390562926, 1522.601106651571854, 5.749999999999905853 ) ) ;
#240 = ADVANCED_FACE ( 'NONE', ( #5797 ), #4801, .T. ) ;
#241 = CARTESIAN_POINT ( 'NONE',  ( -254.7101419929028054, 1520.962885497725665, 11.50000000000000000 ) ) ;
#242 = ADVANCED_FACE ( 'NONE', ( #2472 ), #3338, .F. ) ;
#243 = LINE ( 'NONE', #3101, #1519 ) ;
#244 = DIRECTION ( 'NONE',  ( 0.000000000000000000, 0.7071067811865475727, -0.7071067811865475727 ) ) ;
#245 = ORIENTED_EDGE ( 'NONE', *, *, #2870, .T. ) ;
#246 = LINE ( 'NONE', #6101, #1505 ) ;
#247 = DIRECTION ( 'NONE',  ( -0.8660254037844375974, -0.5000000000000019984, 0.000000000000000000 ) ) ;
#248 = EDGE_CURVE ( 'NONE', #760, #1483, #4348, .T. ) ;
#249 = CARTESIAN_POINT ( 'NONE',  ( -249.7071048268703350, 1522.430230981192381, 11.50000000000000178 ) ) ;
#250 = EDGE_CURVE ( 'NONE', #4295, #19, #485, .T. ) ;
#251 = FACE_OUTER_BOUND ( 'NONE', #2025, .T. ) ;
#252 = ORIENTED_EDGE ( 'NONE', *, *, #4825, .F. ) ;
#253 = CARTESIAN_POINT ( 'NONE',  ( -250.3726965213986091, 1520.532899649798537, 10.90000000000000391 ) ) ;
#254 = EDGE_LOOP ( 'NONE', ( #5040, #3989, #4571, #3378 ) ) ;
#255 = DIRECTION ( 'NONE',  ( 0.000000000000000000, -0.000000000000000000, 1.000000000000000000 ) ) ;
#256 = DIRECTION ( 'NONE',  ( -0.000000000000000000, -0.000000000000000000, 1.000000000000000000 ) ) ;
#257 = ORIENTED_EDGE ( 'NONE', *, *, #3158, .F. ) ;
#258 = CARTESIAN_POINT ( 'NONE',  ( -254.7642285313643811, 1524.581875882341365, 11.50000000000000000 ) ) ;
#259 = CARTESIAN_POINT ( 'NONE',  ( -208.3349454860411072, 1511.656001209732494, 9.000000000000001776 ) ) ;
#260 = FACE_OUTER_BOUND ( 'NONE', #5903, .T. ) ;
#261 = CARTESIAN_POINT ( 'NONE',  ( -367.4312958390565313, 1518.101106651571627, 5.749999999999905853 ) ) ;
#262 = CARTESIAN_POINT ( 'NONE',  ( -249.3142386642072097, 1521.205104200252435, 10.89999999999999858 ) ) ;
#263 = ORIENTED_EDGE ( 'NONE', *, *, #1554, .T. ) ;
#264 = ORIENTED_EDGE ( 'NONE', *, *, #5613, .T. ) ;
#265 = CARTESIAN_POINT ( 'NONE',  ( -249.4081890946906697, 1522.145182220542438, 11.49999999999999467 ) ) ;
#266 = CARTESIAN_POINT ( 'NONE',  ( -249.6159446430217486, 1520.719797536351280, 11.49999999999999467 ) ) ;
#267 = VERTEX_POINT ( 'NONE', #3877 ) ;
#268 = LINE ( 'NONE', #4133, #1801 ) ;
#269 = DIRECTION ( 'NONE',  ( -0.000000000000000000, -0.000000000000000000, 1.000000000000000000 ) ) ;
#270 = B_SPLINE_SURFACE_WITH_KNOTS ( 'NONE', 1, 1, ( 
 ( #3097, #5998 ),
 ( #1652, #622 ) ),
 .UNSPECIFIED., .F., .F., .F.,
 ( 2, 2 ),
 ( 2, 2 ),
 ( 0.000000000000000000, 1.000000000000000000 ),
 ( 0.000000000000000000, 1.000000000000000000 ),
 .UNSPECIFIED. ) ;
#271 = CARTESIAN_POINT ( 'NONE',  ( -207.9312958390566735, 1402.601106651571854, 0.4999999999999449329 ) ) ;
#272 = EDGE_CURVE ( 'NONE', #5029, #1153, #1960, .T. ) ;
#273 = PLANE ( 'NONE',  #4169 ) ;
#274 = VERTEX_POINT ( 'NONE', #1453 ) ;
#275 = LINE ( 'NONE', #5597, #4062 ) ;
#276 = CARTESIAN_POINT ( 'NONE',  ( -253.2353823775181922, 1520.788606651571854, 11.50000000000000711 ) ) ;
#277 = CARTESIAN_POINT ( 'NONE',  ( -249.9443663690449000, 1522.509569849238233, 11.50000000000000355 ) ) ;
#278 = DIRECTION ( 'NONE',  ( 0.000000000000000000, 0.000000000000000000, -1.000000000000000000 ) ) ;
#279 = EDGE_LOOP ( 'NONE', ( #4896, #5314, #2872, #5669 ) ) ;
#280 = B_SPLINE_CURVE_WITH_KNOTS ( 'NONE', 3,
 ( #566, #1472, #4793, #2365, #2463, #449, #1853, #3361, #949, #4818, #475 ),
 .UNSPECIFIED., .F., .F.,
 ( 4, 1, 1, 1, 1, 1, 1, 1, 4 ),
 ( 0.000000000000000000, 0.1328722450794039833, 0.2563555721123786935, 0.3727875326200247308, 0.4886711986942872121, 0.6070021845127647753, 0.7288902972539181846, 0.8583176913027358301, 1.000000000000000000 ),
 .UNSPECIFIED. ) ;
#281 = CARTESIAN_POINT ( 'NONE',  ( -251.1236035313643811, 1521.447260497726575, 11.50000000000000178 ) ) ;
#282 = ADVANCED_FACE ( 'NONE', ( #3431 ), #985, .T. ) ;
#283 = EDGE_CURVE ( 'NONE', #4454, #1794, #4040, .T. ) ;
#284 = ORIENTED_EDGE ( 'NONE', *, *, #334, .T. ) ;
#285 = CARTESIAN_POINT ( 'NONE',  ( -249.2792789593013651, 1521.669467462598277, 10.89999999999999680 ) ) ;
#286 = VECTOR ( 'NONE', #3331, 1000.000000000000000 ) ;
#287 = CARTESIAN_POINT ( 'NONE',  ( -253.8121668437431424, 1525.399846271211345, 11.50000000000000178 ) ) ;
#288 = CARTESIAN_POINT ( 'NONE',  ( -248.3162054354907582, 1522.533080455037862, 10.89999999999999858 ) ) ;
#289 = EDGE_LOOP ( 'NONE', ( #5650, #4101 ) ) ;
#290 = AXIS2_PLACEMENT_3D ( 'NONE', #3921, #1379, #1411 ) ;
#291 = AXIS2_PLACEMENT_3D ( 'NONE', #4098, #705, #671 ) ;
#292 = DIRECTION ( 'NONE',  ( 0.000000000000000000, -0.7071067811865474617, -0.7071067811865474617 ) ) ;
#293 = LINE ( 'NONE', #863, #5355 ) ;
#294 = CARTESIAN_POINT ( 'NONE',  ( 0.000000000000000000, 1531.401106651571808, 11.00000000000005507 ) ) ;
#295 = DIRECTION ( 'NONE',  ( 2.992019012672608321E-16, -1.000000000000000000, 0.000000000000000000 ) ) ;
#296 = AXIS2_PLACEMENT_3D ( 'NONE', #419, #2303, #4251 ) ;
#297 = AXIS2_PLACEMENT_3D ( 'NONE', #2790, #6176, #255 ) ;
#298 = VERTEX_POINT ( 'NONE', #1990 ) ;
#299 = CARTESIAN_POINT ( 'NONE',  ( -254.4945628419804677, 1524.505811569013986, 11.49999999999999822 ) ) ;
#300 = CARTESIAN_POINT ( 'NONE',  ( -251.1236035313643811, 1521.447260497726575, 11.50000000000000000 ) ) ;
#301 = VECTOR ( 'NONE', #469, 1000.000000000000000 ) ;
#302 = VERTEX_POINT ( 'NONE', #5766 ) ;
#303 = PLANE ( 'NONE',  #6264 ) ;
#304 = LINE ( 'NONE', #1310, #691 ) ;
#305 = VECTOR ( 'NONE', #3939, 1000.000000000000000 ) ;
#306 = LINE ( 'NONE', #4592, #3051 ) ;
#307 = CARTESIAN_POINT ( 'NONE',  ( -253.8567766082874186, 1519.601106651572081, 11.50000000000000000 ) ) ;
#308 = VECTOR ( 'NONE', #4570, 1000.000000000000114 ) ;
#309 = ORIENTED_EDGE ( 'NONE', *, *, #3530, .T. ) ;
#310 = CARTESIAN_POINT ( 'NONE',  ( -228.4293727074229707, 1524.022692017425470, 10.90000000000000036 ) ) ;
#311 = DIRECTION ( 'NONE',  ( 0.5000000000000027756, -0.8660254037844370423, 0.000000000000000000 ) ) ;
#312 = FACE_OUTER_BOUND ( 'NONE', #4535, .T. ) ;
#313 = LINE ( 'NONE', #4658, #1791 ) ;
#314 = EDGE_CURVE ( 'NONE', #2067, #1115, #927, .T. ) ;
#315 = ORIENTED_EDGE ( 'NONE', *, *, #5118, .F. ) ;
#316 = AXIS2_PLACEMENT_3D ( 'NONE', #3072, #5975, #4562 ) ;
#317 = CARTESIAN_POINT ( 'NONE',  ( -250.3726965213986091, 1520.532899649798537, 11.50000000000000533 ) ) ;
#318 = ORIENTED_EDGE ( 'NONE', *, *, #2174, .F. ) ;
#319 = CARTESIAN_POINT ( 'NONE',  ( -249.2774496852105131, 1521.554231651572763, 11.49999999999999645 ) ) ;
#320 = VERTEX_POINT ( 'NONE', #1480 ) ;
#321 = DIRECTION ( 'NONE',  ( -1.000000000000000000, 0.000000000000000000, 0.000000000000000000 ) ) ;
#322 = CIRCLE ( 'NONE', #3558, 1.699999999999979305 ) ;
#323 = CARTESIAN_POINT ( 'NONE',  ( -375.2312958390564859, 1527.101106651571854, 11.00000000000005507 ) ) ;
#324 = CARTESIAN_POINT ( 'NONE',  ( -254.1700699045500471, 1525.513196082276409, 10.90000000000000036 ) ) ;
#325 = EDGE_CURVE ( 'NONE', #872, #2746, #1891, .T. ) ;
#326 = ORIENTED_EDGE ( 'NONE', *, *, #4037, .F. ) ;
#327 = CC_DESIGN_PERSON_AND_ORGANIZATION_ASSIGNMENT ( #6152, #4738, ( #2968 ) ) ;
#328 = VECTOR ( 'NONE', #4097, 1000.000000000000114 ) ;
#329 = LINE ( 'NONE', #3180, #1030 ) ;
#330 = CARTESIAN_POINT ( 'NONE',  ( -209.5080216973944687, 1507.687828808946733, 9.000000000000001776 ) ) ;
#331 = LOCAL_TIME ( 9, 44, 2.000000000000000000, #4772 ) ;
#332 = CARTESIAN_POINT ( 'NONE',  ( -249.3368845168708674, 1523.451338025250379, 10.90000000000000391 ) ) ;
#333 = EDGE_CURVE ( 'NONE', #3367, #1232, #3371, .T. ) ;
#334 = EDGE_CURVE ( 'NONE', #1581, #5142, #520, .T. ) ;
#335 = VERTEX_POINT ( 'NONE', #4383 ) ;
#336 = ORIENTED_EDGE ( 'NONE', *, *, #4557, .T. ) ;
#337 = CARTESIAN_POINT ( 'NONE',  ( -249.7071048268703350, 1522.430230981192381, 10.90000000000000213 ) ) ;
#338 = CARTESIAN_POINT ( 'NONE',  ( -254.8241584897602081, 1521.121548508297792, 10.90000000000000213 ) ) ;
#339 = VERTEX_POINT ( 'NONE', #549 ) ;
#340 = CARTESIAN_POINT ( 'NONE',  ( -254.7802419034643151, 1524.583635407902875, 11.49999999999999822 ) ) ;
#341 = CARTESIAN_POINT ( 'NONE',  ( -255.7329785313643526, 1523.139568190033515, 10.90000000000000036 ) ) ;
#342 = LINE ( 'NONE', #5742, #3761 ) ;
#343 = CARTESIAN_POINT ( 'NONE',  ( -200.5812958390566223, 1394.801106651571672, 7.000000000000000000 ) ) ;
#344 = FACE_OUTER_BOUND ( 'NONE', #5969, .T. ) ;
#345 = CARTESIAN_POINT ( 'NONE',  ( -253.6698039807168072, 1521.503946015365273, 10.90000000000000391 ) ) ;
#346 = DIRECTION ( 'NONE',  ( 0.000000000000000000, 1.000000000000000000, 0.000000000000000000 ) ) ;
#347 = LINE ( 'NONE', #3268, #3428 ) ;
#348 = EDGE_LOOP ( 'NONE', ( #2088, #1290, #1776, #2689 ) ) ;
#349 = VERTEX_POINT ( 'NONE', #68 ) ;
#350 = LINE ( 'NONE', #947, #3649 ) ;
#351 = ADVANCED_FACE ( 'NONE', ( #5868 ), #4922, .F. ) ;
#352 = ORIENTED_EDGE ( 'NONE', *, *, #4145, .F. ) ;
#353 = DIRECTION ( 'NONE',  ( 0.000000000000000000, 0.000000000000000000, 1.000000000000000000 ) ) ;
#354 = CARTESIAN_POINT ( 'NONE',  ( -231.3293727074229764, 1530.601106651571854, 7.500000000000000000 ) ) ;
#355 = CARTESIAN_POINT ( 'NONE',  ( -254.0377957403164828, 1525.481431448703688, 10.89999999999999858 ) ) ;
#356 = VERTEX_POINT ( 'NONE', #4538 ) ;
#357 = DIRECTION ( 'NONE',  ( 1.000000000000000000, -0.000000000000000000, -0.000000000000000000 ) ) ;
#358 = ADVANCED_FACE ( 'NONE', ( #1572 ), #5987, .T. ) ;
#359 = LINE ( 'NONE', #4221, #4872 ) ;
#360 = DIRECTION ( 'NONE',  ( -0.000000000000000000, -0.000000000000000000, 1.000000000000000000 ) ) ;
#361 = VERTEX_POINT ( 'NONE', #4953 ) ;
#362 = PERSON_AND_ORGANIZATION ( #1977, #5688 ) ;
#363 = ORIENTED_EDGE ( 'NONE', *, *, #3467, .T. ) ;
#364 = FACE_OUTER_BOUND ( 'NONE', #5396, .T. ) ;
#365 = EDGE_CURVE ( 'NONE', #180, #3557, #5898, .T. ) ;
#366 = EDGE_CURVE ( 'NONE', #594, #141, #4006, .T. ) ;
#367 = ORIENTED_EDGE ( 'NONE', *, *, #2328, .F. ) ;
#368 = CARTESIAN_POINT ( 'NONE',  ( -255.2005125272085593, 1524.599233481619194, 11.50000000000000000 ) ) ;
#369 = CARTESIAN_POINT ( 'NONE',  ( -251.9923492969724634, 1520.749693632604021, 11.50000000000000533 ) ) ;
#370 = CARTESIAN_POINT ( 'NONE',  ( -375.2312958390564859, 1518.101106651571627, 5.749999999999905853 ) ) ;
#371 = DIRECTION ( 'NONE',  ( -1.000000000000000000, 0.000000000000000000, 0.000000000000000000 ) ) ;
#372 = CARTESIAN_POINT ( 'NONE',  ( 0.000000000000000000, 0.000000000000000000, 5.749999999999905853 ) ) ;
#373 = FACE_OUTER_BOUND ( 'NONE', #5951, .T. ) ;
#374 = CARTESIAN_POINT ( 'NONE',  ( -208.6992450314876919, 1493.686986531620278, 11.50000000000000000 ) ) ;
#375 = FACE_OUTER_BOUND ( 'NONE', #3924, .T. ) ;
#376 = EDGE_LOOP ( 'NONE', ( #961, #1774, #3252, #388 ) ) ;
#377 = EDGE_LOOP ( 'NONE', ( #1449, #3718, #1395, #2762 ) ) ;
#378 = CARTESIAN_POINT ( 'NONE',  ( 0.000000000000000000, 1518.101106651571627, 5.749999999999905853 ) ) ;
#379 = ORIENTED_EDGE ( 'NONE', *, *, #6045, .T. ) ;
#380 = PLANE ( 'NONE',  #2626 ) ;
#381 = CARTESIAN_POINT ( 'NONE',  ( -249.2774496852105131, 1521.554231651572763, 11.49999999999999467 ) ) ;
#382 = CARTESIAN_POINT ( 'NONE',  ( -252.9840160336529493, 1524.193409723859986, 11.50000000000000178 ) ) ;
#383 = DIRECTION ( 'NONE',  ( -0.000000000000000000, -0.000000000000000000, -1.000000000000000000 ) ) ;
#384 = CARTESIAN_POINT ( 'NONE',  ( -250.3519689159797110, 1524.370337420803480, 11.50000000000000000 ) ) ;
#385 = VERTEX_POINT ( 'NONE', #5422 ) ;
#386 = LINE ( 'NONE', #5676, #1831 ) ;
#387 = AXIS2_PLACEMENT_3D ( 'NONE', #2409, #4444, #5367 ) ;
#388 = ORIENTED_EDGE ( 'NONE', *, *, #2803, .F. ) ;
#389 = CARTESIAN_POINT ( 'NONE',  ( -208.4312958390565882, 1492.686986531620050, 11.50000000000000000 ) ) ;
#390 = PLANE ( 'NONE',  #3848 ) ;
#391 = CARTESIAN_POINT ( 'NONE',  ( -249.0294640088481799, 1523.315002440706166, 10.89999999999999858 ) ) ;
#392 = ADVANCED_FACE ( 'NONE', ( #2028 ), #2537, .T. ) ;
#393 = VECTOR ( 'NONE', #5470, 1000.000000000000000 ) ;
#394 = ORIENTED_EDGE ( 'NONE', *, *, #2928, .F. ) ;
#395 = APPLICATION_PROTOCOL_DEFINITION ( 'international standard', 'config_control_design', 1994, #1512 ) ;
#396 = ORIENTED_EDGE ( 'NONE', *, *, #4938, .F. ) ;
#397 = CARTESIAN_POINT ( 'NONE',  ( -210.4312958390566450, 1492.686986531620050, 11.00000000000000000 ) ) ;
#398 = VECTOR ( 'NONE', #5821, 1000.000000000000114 ) ;
#399 = EDGE_LOOP ( 'NONE', ( #5278, #3050, #2793, #43 ) ) ;
#400 = CARTESIAN_POINT ( 'NONE',  ( -248.1236035313643526, 1521.579472036188236, 11.50000000000000000 ) ) ;
#401 = FACE_BOUND ( 'NONE', #4828, .T. ) ;
#402 = ADVANCED_FACE ( 'NONE', ( #3052 ), #1141, .T. ) ;
#403 = VECTOR ( 'NONE', #3479, 1000.000000000000000 ) ;
#404 = VECTOR ( 'NONE', #3297, 1000.000000000000000 ) ;
#405 = DIRECTION ( 'NONE',  ( -0.000000000000000000, -0.000000000000000000, 1.000000000000000000 ) ) ;
#406 = DIRECTION ( 'NONE',  ( -0.5000000000000012212, 0.8660254037844379305, -0.000000000000000000 ) ) ;
#407 = CARTESIAN_POINT ( 'NONE',  ( -253.4226410559442400, 1521.112944827653791, 11.50000000000000711 ) ) ;
#408 = VECTOR ( 'NONE', #5678, 1000.000000000000000 ) ;
#409 = PLANE ( 'NONE',  #1802 ) ;
#410 = CARTESIAN_POINT ( 'NONE',  ( -255.2978823775182207, 1525.601106651572081, 10.90000000000000036 ) ) ;
#411 = ADVANCED_FACE ( 'NONE', ( #1071 ), #4093, .T. ) ;
#412 = CARTESIAN_POINT ( 'NONE',  ( -371.4312958390563040, 1522.601106651571854, 9.000000000000001776 ) ) ;
#413 = VECTOR ( 'NONE', #94, 999.9999999999998863 ) ;
#414 = ORIENTED_EDGE ( 'NONE', *, *, #1243, .F. ) ;
#415 = CARTESIAN_POINT ( 'NONE',  ( -249.3421702499471166, 1521.103133995756480, 10.90000000000000213 ) ) ;
#416 = DIRECTION ( 'NONE',  ( 0.000000000000000000, 1.000000000000000000, -0.000000000000000000 ) ) ;
#417 = CARTESIAN_POINT ( 'NONE',  ( -255.0738785683638810, 1525.599726121219874, 10.90000000000000213 ) ) ;
#418 = VECTOR ( 'NONE', #753, 1000.000000000000000 ) ;
#419 = CARTESIAN_POINT ( 'NONE',  ( -210.4312958390566450, 1492.686986531620050, 0.000000000000000000 ) ) ;
#420 = VERTEX_POINT ( 'NONE', #158 ) ;
#421 = EDGE_CURVE ( 'NONE', #2158, #5066, #5454, .T. ) ;
#422 = DIRECTION ( 'NONE',  ( 1.000000000000000000, 0.000000000000000000, -0.000000000000000000 ) ) ;
#423 = AXIS2_PLACEMENT_3D ( 'NONE', #3689, #1773, #897 ) ;
#424 = CARTESIAN_POINT ( 'NONE',  ( -254.1505119286674415, 1523.648886894685120, 11.50000000000000178 ) ) ;
#425 = CARTESIAN_POINT ( 'NONE',  ( -250.7338304580811723, 1519.589453497937711, 10.90000000000000036 ) ) ;
#426 = CARTESIAN_POINT ( 'NONE',  ( -198.9312958390566450, 1525.601106651572991, 0.000000000000000000 ) ) ;
#427 = VECTOR ( 'NONE', #5864, 1000.000000000000000 ) ;
#428 = ORIENTED_EDGE ( 'NONE', *, *, #3540, .T. ) ;
#429 = DATE_AND_TIME ( #2280, #3664 ) ;
#430 = CARTESIAN_POINT ( 'NONE',  ( -250.2629773455456927, 1520.527102304958589, 11.50000000000000000 ) ) ;
#431 = LOCAL_TIME ( 9, 44, 2.000000000000000000, #932 ) ;
#432 = EDGE_CURVE ( 'NONE', #4392, #5682, #1609, .T. ) ;
#433 = EDGE_LOOP ( 'NONE', ( #806, #5685, #5538, #611, #4627, #2031, #2308, #2754, #1837, #4226, #4653, #3083 ) ) ;
#434 = DIRECTION ( 'NONE',  ( -0.000000000000000000, -0.000000000000000000, 1.000000000000000000 ) ) ;
#435 = ORIENTED_EDGE ( 'NONE', *, *, #4825, .T. ) ;
#436 = FACE_OUTER_BOUND ( 'NONE', #1476, .T. ) ;
#437 = EDGE_LOOP ( 'NONE', ( #3000, #190 ) ) ;
#438 = LOCAL_TIME ( 9, 44, 2.000000000000000000, #1838 ) ;
#439 = CARTESIAN_POINT ( 'NONE',  ( -215.9559690393440690, 1507.256001209732403, 7.000000000000000000 ) ) ;
#440 = CARTESIAN_POINT ( 'NONE',  ( -254.3190215536767482, 1523.372045876981701, 11.49999999999999822 ) ) ;
#441 = EDGE_CURVE ( 'NONE', #1788, #1695, #2990, .T. ) ;
#442 = CARTESIAN_POINT ( 'NONE',  ( -375.2312958390564859, 1525.951106651571763, 5.749999999999905853 ) ) ;
#443 = DIRECTION ( 'NONE',  ( 0.000000000000000000, -1.000000000000000000, 0.000000000000000000 ) ) ;
#444 = PRODUCT_RELATED_PRODUCT_CATEGORY ( 'detail', '', ( #3459 ) ) ;
#445 = LINE ( 'NONE', #5815, #3627 ) ;
#446 = DIRECTION ( 'NONE',  ( 0.000000000000000000, -0.000000000000000000, 1.000000000000000000 ) ) ;
#447 = ADVANCED_FACE ( 'NONE', ( #1547 ), #665, .F. ) ;
#448 = ORIENTED_EDGE ( 'NONE', *, *, #3504, .T. ) ;
#449 = CARTESIAN_POINT ( 'NONE',  ( -254.2895149915187005, 1524.358080753386275, 10.90000000000000213 ) ) ;
#450 = EDGE_CURVE ( 'NONE', #6106, #2158, #191, .T. ) ;
#451 = DIRECTION ( 'NONE',  ( 0.000000000000000000, 0.000000000000000000, 1.000000000000000000 ) ) ;
#452 = CARTESIAN_POINT ( 'NONE',  ( -250.9330101631768173, 1520.905920344247761, 10.90000000000000213 ) ) ;
#453 = CARTESIAN_POINT ( 'NONE',  ( -253.0694520234562219, 1524.550055129629982, 11.49999999999999289 ) ) ;
#454 = ORIENTED_EDGE ( 'NONE', *, *, #2242, .T. ) ;
#455 = CARTESIAN_POINT ( 'NONE',  ( -250.1224016082874186, 1522.524183574649669, 11.49999999999999467 ) ) ;
#456 = LINE ( 'NONE', #4346, #5388 ) ;
#457 = VERTEX_POINT ( 'NONE', #2629 ) ;
#458 = DIRECTION ( 'NONE',  ( 1.000000000000000000, 0.000000000000000000, -1.748713181428230095E-16 ) ) ;
#459 = CARTESIAN_POINT ( 'NONE',  ( -237.9293727074230276, 1531.401106651571808, 11.00000000000005507 ) ) ;
#460 = DIRECTION ( 'NONE',  ( 0.000000000000000000, -1.000000000000000000, 0.000000000000000000 ) ) ;
#461 = ORIENTED_EDGE ( 'NONE', *, *, #4931, .T. ) ;
#462 = CARTESIAN_POINT ( 'NONE',  ( -248.1236035313643526, 1521.579472036188236, 11.50000000000000000 ) ) ;
#463 = LINE ( 'NONE', #5276, #1406 ) ;
#464 = ORIENTED_EDGE ( 'NONE', *, *, #250, .T. ) ;
#465 = CARTESIAN_POINT ( 'NONE',  ( -223.6607692585541827, 1517.601106651571854, 0.4999999999999449329 ) ) ;
#466 = ORIENTED_EDGE ( 'NONE', *, *, #5613, .F. ) ;
#467 = CARTESIAN_POINT ( 'NONE',  ( -217.8872665666571322, 1525.601106651572991, 0.000000000000000000 ) ) ;
#468 = CARTESIAN_POINT ( 'NONE',  ( -244.9541972260285831, 1649.578205264586131, 128.2270986130278061 ) ) ;
#469 = DIRECTION ( 'NONE',  ( -0.000000000000000000, -0.000000000000000000, 1.000000000000000000 ) ) ;
#470 = DIRECTION ( 'NONE',  ( -0.9902311015725216992, 0.1394358830375820035, 0.000000000000000000 ) ) ;
#471 = CARTESIAN_POINT ( 'NONE',  ( -255.2213569920376983, 1525.600635027371936, 10.90000000000000213 ) ) ;
#472 = ADVANCED_FACE ( 'NONE', ( #4033 ), #5952, .F. ) ;
#473 = LINE ( 'NONE', #2394, #5877 ) ;
#474 = ORIENTED_EDGE ( 'NONE', *, *, #4906, .T. ) ;
#475 = CARTESIAN_POINT ( 'NONE',  ( -254.7642285313643811, 1524.581875882341365, 10.90000000000000036 ) ) ;
#476 = DIRECTION ( 'NONE',  ( -0.000000000000000000, -0.000000000000000000, 1.000000000000000000 ) ) ;
#477 = CARTESIAN_POINT ( 'NONE',  ( -367.4312958390565313, 1527.101106651571854, 11.50000000000000000 ) ) ;
#478 = CARTESIAN_POINT ( 'NONE',  ( -207.9312958390566735, 1395.301106651571672, 11.50000000000000000 ) ) ;
#479 = CARTESIAN_POINT ( 'NONE',  ( -249.2774496852105131, 1521.554231651572763, 10.90000000000000036 ) ) ;
#480 = EDGE_CURVE ( 'NONE', #4892, #5397, #4067, .T. ) ;
#481 = ORIENTED_EDGE ( 'NONE', *, *, #4005, .F. ) ;
#482 = DIRECTION ( 'NONE',  ( -0.000000000000000000, -0.000000000000000000, -1.000000000000000000 ) ) ;
#483 = CARTESIAN_POINT ( 'NONE',  ( -250.8713675967087511, 1522.170311265277860, 10.90000000000000213 ) ) ;
#484 = VERTEX_POINT ( 'NONE', #3586 ) ;
#485 = LINE ( 'NONE', #1423, #1689 ) ;
#486 = FACE_OUTER_BOUND ( 'NONE', #4926, .T. ) ;
#487 = CARTESIAN_POINT ( 'NONE',  ( -250.4106078396210364, 1523.401511625878356, 11.50000000000000178 ) ) ;
#488 = ADVANCED_FACE ( 'NONE', ( #1168 ), #3113, .F. ) ;
#489 = ORIENTED_EDGE ( 'NONE', *, *, #3809, .F. ) ;
#490 = CARTESIAN_POINT ( 'NONE',  ( -206.1816209062388623, 1508.660229347602581, 11.33305214236291114 ) ) ;
#491 = B_SPLINE_CURVE_WITH_KNOTS ( 'NONE', 3,
 ( #2691, #2177, #5672, #3143, #1328, #3711, #5074, #4630, #3276, #1263, #287, #2210, #1734, #3677, #3208, #1294, #4187, #5201, #858, #4728, #5134, #2724, #4667, #382, #3241, #831, #2301 ),
 .UNSPECIFIED., .F., .F.,
 ( 4, 1, 1, 1, 1, 1, 1, 1, 1, 1, 1, 1, 1, 1, 1, 1, 1, 1, 1, 1, 1, 1, 1, 1, 4 ),
 ( 0.000000000000000000, 0.06982616849899367373, 0.1345678064441840904, 0.1946546787309086368, 0.2497272936950578059, 0.3002886274677314393, 0.3460321053681161274, 0.3874375487315046551, 0.4243158513751464356, 0.4590730889188599506, 0.4932448260598503165, 0.5271141003553392324, 0.5610385684762971836, 0.5952220357179269783, 0.6298753074370289085, 0.6649863903354825689, 0.7012857943233299363, 0.7379678957382367344, 0.7742617770843007730, 0.8108508622066183946, 0.8472697177897999810, 0.8845086264751309546, 0.9223102820010358194, 0.9605040759056684418, 1.000000000000000000 ),
 .UNSPECIFIED. ) ;
#492 = LINE ( 'NONE', #3913, #1004 ) ;
#493 = AXIS2_PLACEMENT_3D ( 'NONE', #193, #3520, #5541 ) ;
#494 = ORIENTED_EDGE ( 'NONE', *, *, #1890, .T. ) ;
#495 = CYLINDRICAL_SURFACE ( 'NONE', #2416, 1.699999999999923794 ) ;
#496 = ORIENTED_EDGE ( 'NONE', *, *, #3377, .T. ) ;
#497 = VERTEX_POINT ( 'NONE', #4249 ) ;
#498 = LINE ( 'NONE', #5840, #2744 ) ;
#499 = VECTOR ( 'NONE', #4525, 1000.000000000000000 ) ;
#500 = DIRECTION ( 'NONE',  ( -0.000000000000000000, 0.000000000000000000, 1.000000000000000000 ) ) ;
#501 = LINE ( 'NONE', #442, #4867 ) ;
#502 = DIRECTION ( 'NONE',  ( 0.7071067811865082708, -0.7071067811865868746, 0.000000000000000000 ) ) ;
#503 = VECTOR ( 'NONE', #140, 1000.000000000000000 ) ;
#504 = CIRCLE ( 'NONE', #4050, 2.200000000000007283 ) ;
#505 = CARTESIAN_POINT ( 'NONE',  ( -217.8872665666571322, 1525.601106651572991, 11.50000000000000000 ) ) ;
#506 = AXIS2_PLACEMENT_3D ( 'NONE', #1318, #5156, #6198 ) ;
#507 = ORIENTED_EDGE ( 'NONE', *, *, #2481, .F. ) ;
#508 = LINE ( 'NONE', #1036, #803 ) ;
#509 = EDGE_CURVE ( 'NONE', #67, #1581, #5654, .T. ) ;
#510 = CARTESIAN_POINT ( 'NONE',  ( -250.3726965213986091, 1520.532899649798537, 10.90000000000000391 ) ) ;
#511 = CARTESIAN_POINT ( 'NONE',  ( -253.6179433471702396, 1525.287297385391639, 10.89999999999999858 ) ) ;
#512 = CYLINDRICAL_SURFACE ( 'NONE', #997, 1.999999999998863798 ) ;
#513 = VECTOR ( 'NONE', #4214, 1000.000000000000000 ) ;
#514 = ORIENTED_EDGE ( 'NONE', *, *, #1731, .T. ) ;
#515 = CARTESIAN_POINT ( 'NONE',  ( -256.4036516082874186, 1522.139568190033515, 10.90000000000000036 ) ) ;
#516 = CARTESIAN_POINT ( 'NONE',  ( -250.5875458390566735, 1523.299423959264914, 11.50000000000000000 ) ) ;
#517 = CARTESIAN_POINT ( 'NONE',  ( -249.9318219422155209, 1520.558732672576753, 11.49999999999999822 ) ) ;
#518 = AXIS2_PLACEMENT_3D ( 'NONE', #218, #4466, #1597 ) ;
#519 = EDGE_CURVE ( 'NONE', #3685, #5942, #6111, .T. ) ;
#520 = LINE ( 'NONE', #3938, #6161 ) ;
#521 = CARTESIAN_POINT ( 'NONE',  ( -251.0711653403055550, 1519.711239352406210, 10.89999999999999858 ) ) ;
#522 = DIRECTION ( 'NONE',  ( -0.000000000000000000, -0.000000000000000000, 1.000000000000000000 ) ) ;
#523 = VERTEX_POINT ( 'NONE', #1763 ) ;
#524 = DIRECTION ( 'NONE',  ( 1.000000000000000000, -0.000000000000000000, 0.000000000000000000 ) ) ;
#525 = EDGE_CURVE ( 'NONE', #6203, #1583, #6141, .T. ) ;
#526 = EDGE_CURVE ( 'NONE', #4694, #1693, #735, .T. ) ;
#527 = CARTESIAN_POINT ( 'NONE',  ( -374.7312958390564859, 1519.751106651571945, 7.000000000000000000 ) ) ;
#528 = VECTOR ( 'NONE', #5345, 1000.000000000000000 ) ;
#529 = ORIENTED_EDGE ( 'NONE', *, *, #519, .F. ) ;
#530 = LINE ( 'NONE', #2839, #5146 ) ;
#531 = ORIENTED_EDGE ( 'NONE', *, *, #5203, .T. ) ;
#532 = ORIENTED_EDGE ( 'NONE', *, *, #2123, .F. ) ;
#533 = CARTESIAN_POINT ( 'NONE',  ( -250.0761902813710549, 1519.526379254570884, 11.49999999999999822 ) ) ;
#534 = AXIS2_PLACEMENT_3D ( 'NONE', #4871, #524, #2450 ) ;
#535 = CARTESIAN_POINT ( 'NONE',  ( -250.3519689159797110, 1524.370337420803480, 10.90000000000000036 ) ) ;
#536 = CARTESIAN_POINT ( 'NONE',  ( -249.8471612236720603, 1523.524183574649896, 11.50000000000000178 ) ) ;
#537 = CARTESIAN_POINT ( 'NONE',  ( -205.8888159342583890, 1508.456723192736717, 9.181228675706169184 ) ) ;
#538 = AXIS2_PLACEMENT_3D ( 'NONE', #5346, #2005, #3890 ) ;
#539 = FACE_OUTER_BOUND ( 'NONE', #2133, .T. ) ;
#540 = EDGE_LOOP ( 'NONE', ( #4291, #1281, #695, #3028 ) ) ;
#541 = LINE ( 'NONE', #2464, #2823 ) ;
#542 = DIRECTION ( 'NONE',  ( -0.000000000000000000, -0.000000000000000000, 1.000000000000000000 ) ) ;
#543 = CARTESIAN_POINT ( 'NONE',  ( -257.8159112236720603, 1525.601106651572081, 10.90000000000000036 ) ) ;
#544 = ORIENTED_EDGE ( 'NONE', *, *, #780, .F. ) ;
#545 = CARTESIAN_POINT ( 'NONE',  ( -252.1143615284176462, 1521.250730173294414, 11.50000000000000000 ) ) ;
#546 = DIRECTION ( 'NONE',  ( 1.000000000000000000, 0.000000000000000000, 0.000000000000000000 ) ) ;
#547 = ORIENTED_EDGE ( 'NONE', *, *, #3762, .T. ) ;
#548 = CARTESIAN_POINT ( 'NONE',  ( -250.2077381467489658, 1520.524183574649669, 11.49999999999999645 ) ) ;
#549 = CARTESIAN_POINT ( 'NONE',  ( -237.9293727074229992, 1531.401106651571808, 7.499999999999969802 ) ) ;
#550 = FACE_OUTER_BOUND ( 'NONE', #2773, .T. ) ;
#551 = LINE ( 'NONE', #4385, #2814 ) ;
#552 = ORIENTED_EDGE ( 'NONE', *, *, #42, .F. ) ;
#553 = ADVANCED_FACE ( 'NONE', ( #2243 ), #1792, .F. ) ;
#554 = FACE_OUTER_BOUND ( 'NONE', #1904, .T. ) ;
#555 = CARTESIAN_POINT ( 'NONE',  ( -253.6698039807168072, 1521.503946015365273, 11.50000000000000355 ) ) ;
#556 = ORIENTED_EDGE ( 'NONE', *, *, #2595, .F. ) ;
#557 = CARTESIAN_POINT ( 'NONE',  ( -248.4035972965697567, 1522.693629692526883, 11.50000000000000000 ) ) ;
#558 = VERTEX_POINT ( 'NONE', #6041 ) ;
#559 = ORIENTED_EDGE ( 'NONE', *, *, #3226, .T. ) ;
#560 = EDGE_CURVE ( 'NONE', #1483, #2296, #5104, .T. ) ;
#561 = CARTESIAN_POINT ( 'NONE',  ( -248.6962191408190677, 1520.113991238432163, 10.89999999999999858 ) ) ;
#562 = DIRECTION ( 'NONE',  ( 0.000000000000000000, 0.000000000000000000, -1.000000000000000000 ) ) ;
#563 = CARTESIAN_POINT ( 'NONE',  ( -253.5287838156955331, 1525.219773783716164, 10.89999999999999858 ) ) ;
#564 = PLANE ( 'NONE',  #4975 ) ;
#565 = ORIENTED_EDGE ( 'NONE', *, *, #3530, .F. ) ;
#566 = CARTESIAN_POINT ( 'NONE',  ( -254.1236035313643811, 1523.885962420802798, 10.90000000000000036 ) ) ;
#567 = CARTESIAN_POINT ( 'NONE',  ( -201.7312958390565996, 1398.601106651571854, 10.49999999999999822 ) ) ;
#568 = CARTESIAN_POINT ( 'NONE',  ( -254.6230853320383005, 1524.554499156498196, 11.50000000000000178 ) ) ;
#569 = DIRECTION ( 'NONE',  ( 0.6785983445458935170, -0.6785983445458766417, 0.2810846377146365982 ) ) ;
#570 = CARTESIAN_POINT ( 'NONE',  ( -205.8278845952029315, 1508.713644369131771, 9.000000000000000000 ) ) ;
#571 = CARTESIAN_POINT ( 'NONE',  ( -251.6289359896448730, 1520.134617101014555, 11.50000000000000533 ) ) ;
#572 = PLANE ( 'NONE',  #1527 ) ;
#573 = ORIENTED_EDGE ( 'NONE', *, *, #5727, .F. ) ;
#574 = ORIENTED_EDGE ( 'NONE', *, *, #365, .F. ) ;
#575 = DIRECTION ( 'NONE',  ( 0.7071067811864658603, 0.5000000000000551781, -0.5000000000000602851 ) ) ;
#576 = PLANE ( 'NONE',  #5967 ) ;
#577 = CARTESIAN_POINT ( 'NONE',  ( -202.0529673775675974, 1502.175295953820978, 9.500000000000000000 ) ) ;
#578 = ORIENTED_EDGE ( 'NONE', *, *, #2099, .T. ) ;
#579 = CARTESIAN_POINT ( 'NONE',  ( -366.9312958390565313, 1517.601106651571854, 11.50000000000000000 ) ) ;
#580 = FACE_OUTER_BOUND ( 'NONE', #4598, .T. ) ;
#581 = CARTESIAN_POINT ( 'NONE',  ( -208.4312958390566450, 1492.686986531620050, 0.4999999999999449329 ) ) ;
#582 = DIRECTION ( 'NONE',  ( 0.000000000000000000, 0.000000000000000000, 1.000000000000000000 ) ) ;
#583 = ADVANCED_FACE ( 'NONE', ( #794 ), #5576, .T. ) ;
#584 = CARTESIAN_POINT ( 'NONE',  ( -248.1253870406747524, 1521.649636964923502, 11.50000000000000000 ) ) ;
#585 = ORIENTED_EDGE ( 'NONE', *, *, #5814, .T. ) ;
#586 = ORIENTED_EDGE ( 'NONE', *, *, #751, .T. ) ;
#587 = CARTESIAN_POINT ( 'NONE',  ( -250.0761902813710549, 1519.526379254570884, 10.90000000000000036 ) ) ;
#588 = AXIS2_PLACEMENT_3D ( 'NONE', #4944, #4980, #5478 ) ;
#589 = DIRECTION ( 'NONE',  ( -1.000000000000000000, 0.000000000000000000, 0.000000000000000000 ) ) ;
#590 = ADVANCED_FACE ( 'NONE', ( #3744 ), #3645, .T. ) ;
#591 = CARTESIAN_POINT ( 'NONE',  ( -368.3312958390562244, 1525.451106651571990, 9.000000000000001776 ) ) ;
#592 = VECTOR ( 'NONE', #269, 1000.000000000000000 ) ;
#593 = CARTESIAN_POINT ( 'NONE',  ( -366.9312958390565313, 1527.601106651571854, 11.50000000000000000 ) ) ;
#594 = VERTEX_POINT ( 'NONE', #5167 ) ;
#595 = CARTESIAN_POINT ( 'NONE',  ( -255.2005125272085593, 1524.599233481619194, 10.90000000000000213 ) ) ;
#596 = VECTOR ( 'NONE', #4026, 1000.000000000000114 ) ;
#597 = EDGE_CURVE ( 'NONE', #3457, #5631, #491, .T. ) ;
#598 = CARTESIAN_POINT ( 'NONE',  ( -206.2812958390566109, 1395.301106651571672, 9.000000000000001776 ) ) ;
#599 = AXIS2_PLACEMENT_3D ( 'NONE', #1230, #5634, #4216 ) ;
#600 = EDGE_CURVE ( 'NONE', #5332, #748, #31, .T. ) ;
#601 = DIRECTION ( 'NONE',  ( 0.7071067811865879849, -2.499851492298725603E-15, -0.7071067811865070496 ) ) ;
#602 = CARTESIAN_POINT ( 'NONE',  ( -251.7389921660574998, 1520.273133704831025, 11.49999999999999645 ) ) ;
#603 = VECTOR ( 'NONE', #2583, 1000.000000000000000 ) ;
#604 = FACE_OUTER_BOUND ( 'NONE', #1632, .T. ) ;
#605 = ORIENTED_EDGE ( 'NONE', *, *, #1170, .T. ) ;
#606 = EDGE_LOOP ( 'NONE', ( #4552, #1129, #6105, #5281 ) ) ;
#607 = DIRECTION ( 'NONE',  ( 1.000000000000000000, 0.000000000000000000, 0.000000000000000000 ) ) ;
#608 = PLANE ( 'NONE',  #5062 ) ;
#609 = CARTESIAN_POINT ( 'NONE',  ( -253.3453429898192439, 1522.835166445754794, 11.49999999999999645 ) ) ;
#610 = VECTOR ( 'NONE', #1647, 1000.000000000000000 ) ;
#611 = ORIENTED_EDGE ( 'NONE', *, *, #1286, .T. ) ;
#612 = EDGE_CURVE ( 'NONE', #2479, #4696, #1446, .T. ) ;
#613 = DIRECTION ( 'NONE',  ( 0.6123724356956724568, 0.3535533905934103438, 0.7071067811865849873 ) ) ;
#614 = AXIS2_PLACEMENT_3D ( 'NONE', #3637, #2779, #2710 ) ;
#615 = FACE_OUTER_BOUND ( 'NONE', #97, .T. ) ;
#616 = LINE ( 'NONE', #3060, #103 ) ;
#617 = CARTESIAN_POINT ( 'NONE',  ( -255.5643305077271350, 1521.980528199538639, 11.50000000000000178 ) ) ;
#618 = CARTESIAN_POINT ( 'NONE',  ( -250.3514545358848125, 1522.497622843059162, 10.89999999999999680 ) ) ;
#619 = AXIS2_PLACEMENT_3D ( 'NONE', #3359, #2362, #6201 ) ;
#620 = VERTEX_POINT ( 'NONE', #1882 ) ;
#621 = ORIENTED_EDGE ( 'NONE', *, *, #5003, .T. ) ;
#622 = CARTESIAN_POINT ( 'NONE',  ( -225.5293727074229650, 1527.601106651571854, 4.907106781186303834 ) ) ;
#623 = EDGE_CURVE ( 'NONE', #3014, #967, #5530, .T. ) ;
#624 = VECTOR ( 'NONE', #2223, 1000.000000000000114 ) ;
#625 = ORIENTED_EDGE ( 'NONE', *, *, #5542, .T. ) ;
#626 = DIRECTION ( 'NONE',  ( 0.000000000000000000, 0.000000000000000000, 1.000000000000000000 ) ) ;
#627 = CARTESIAN_POINT ( 'NONE',  ( -203.4312958390566450, 1398.601106651571854, 10.49999999999999822 ) ) ;
#628 = AXIS2_PLACEMENT_3D ( 'NONE', #3166, #2024, #2680 ) ;
#629 = LINE ( 'NONE', #3388, #1322 ) ;
#630 = EDGE_CURVE ( 'NONE', #853, #5836, #2368, .T. ) ;
#631 = EDGE_LOOP ( 'NONE', ( #3111, #1658 ) ) ;
#632 = PLANE ( 'NONE',  #1111 ) ;
#633 = LINE ( 'NONE', #3928, #6052 ) ;
#634 = LINE ( 'NONE', #1135, #4044 ) ;
#635 = CARTESIAN_POINT ( 'NONE',  ( -226.2793727074229935, 1531.151106651572036, 11.00000000000006040 ) ) ;
#636 = ADVANCED_FACE ( 'NONE', ( #918 ), #3633, .F. ) ;
#637 = ORIENTED_EDGE ( 'NONE', *, *, #3412, .T. ) ;
#638 = VERTEX_POINT ( 'NONE', #6204 ) ;
#639 = CARTESIAN_POINT ( 'NONE',  ( -227.1293727074229878, 1518.101106651571627, 7.500000000000000000 ) ) ;
#640 = LINE ( 'NONE', #3519, #305 ) ;
#641 = CARTESIAN_POINT ( 'NONE',  ( -253.1158248215704134, 1523.195595196857766, 10.89999999999999680 ) ) ;
#642 = ORIENTED_EDGE ( 'NONE', *, *, #907, .F. ) ;
#643 = FACE_OUTER_BOUND ( 'NONE', #3704, .T. ) ;
#644 = CARTESIAN_POINT ( 'NONE',  ( -207.9312958390566166, 1394.801106651571672, 6.249999999999906741 ) ) ;
#645 = CARTESIAN_POINT ( 'NONE',  ( -254.3010867101953068, 1522.173710302262407, 11.50000000000000178 ) ) ;
#646 = CARTESIAN_POINT ( 'NONE',  ( -200.5812958390566507, 1401.701106651571990, 9.000000000000001776 ) ) ;
#647 = FACE_OUTER_BOUND ( 'NONE', #4792, .T. ) ;
#648 = ORIENTED_EDGE ( 'NONE', *, *, #5309, .F. ) ;
#649 = VERTEX_POINT ( 'NONE', #5757 ) ;
#650 = CARTESIAN_POINT ( 'NONE',  ( -209.5080216973944687, 1507.687828808946733, 10.50000000000000000 ) ) ;
#651 = ORIENTED_EDGE ( 'NONE', *, *, #3468, .F. ) ;
#652 = CARTESIAN_POINT ( 'NONE',  ( -226.5293727074229082, 1531.401106651571808, -8.060837350438281018E-13 ) ) ;
#653 = DIRECTION ( 'NONE',  ( 5.419332810632536218E-15, -1.000000000000000000, -0.000000000000000000 ) ) ;
#654 = FACE_OUTER_BOUND ( 'NONE', #2341, .T. ) ;
#655 = ORIENTED_EDGE ( 'NONE', *, *, #5891, .F. ) ;
#656 = CARTESIAN_POINT ( 'NONE',  ( -254.8852210823555708, 1524.590484346234462, 10.89999999999999503 ) ) ;
#657 = CARTESIAN_POINT ( 'NONE',  ( -238.9293727074229707, 1527.601106651571854, 11.00000000000000000 ) ) ;
#658 = CARTESIAN_POINT ( 'NONE',  ( -253.1801174061045288, 1523.068066595427126, 10.90000000000000036 ) ) ;
#659 = ADVANCED_FACE ( 'NONE', ( #5823 ), #223, .T. ) ;
#660 = VERTEX_POINT ( 'NONE', #1600 ) ;
#661 = ORIENTED_EDGE ( 'NONE', *, *, #2452, .T. ) ;
#662 = LINE ( 'NONE', #5982, #308 ) ;
#663 = ORIENTED_EDGE ( 'NONE', *, *, #3323, .T. ) ;
#664 = ORIENTED_EDGE ( 'NONE', *, *, #2601, .F. ) ;
#665 = PLANE ( 'NONE',  #4446 ) ;
#666 = CARTESIAN_POINT ( 'NONE',  ( -217.8872665666571606, 1527.601106651571854, 0.5000000000000004441 ) ) ;
#667 = CARTESIAN_POINT ( 'NONE',  ( -253.1801174061045288, 1523.068066595427126, 11.50000000000000000 ) ) ;
#668 = EDGE_CURVE ( 'NONE', #3255, #339, #2016, .T. ) ;
#669 = ORIENTED_EDGE ( 'NONE', *, *, #896, .T. ) ;
#670 = LINE ( 'NONE', #162, #1630 ) ;
#671 = DIRECTION ( 'NONE',  ( 1.000000000000000000, 0.000000000000000000, 0.000000000000000000 ) ) ;
#672 = DESIGN_CONTEXT ( 'detailed design', #1512, 'design' ) ;
#673 = B_SPLINE_SURFACE_WITH_KNOTS ( 'NONE', 1, 1, ( 
 ( #5585, #5724 ),
 ( #1176, #5053 ) ),
 .UNSPECIFIED., .F., .F., .F.,
 ( 2, 2 ),
 ( 2, 2 ),
 ( 0.000000000000000000, 1.000000000000000000 ),
 ( 0.000000000000000000, 1.000000000000000000 ),
 .UNSPECIFIED. ) ;
#674 = CARTESIAN_POINT ( 'NONE',  ( -254.4159007589224473, 1522.249752726667793, 11.50000000000000178 ) ) ;
#675 = CARTESIAN_POINT ( 'NONE',  ( -255.5643305077271350, 1521.980528199538639, 10.90000000000000213 ) ) ;
#676 = ADVANCED_FACE ( 'NONE', ( #220 ), #4914, .F. ) ;
#677 = ORIENTED_EDGE ( 'NONE', *, *, #1470, .T. ) ;
#678 = ORIENTED_EDGE ( 'NONE', *, *, #560, .T. ) ;
#679 = CARTESIAN_POINT ( 'NONE',  ( -249.2920170759355756, 1521.314221234808201, 11.50000000000000000 ) ) ;
#680 = ORIENTED_EDGE ( 'NONE', *, *, #1170, .F. ) ;
#681 = DIRECTION ( 'NONE',  ( 0.5000000000000027756, -0.8660254037844370423, 0.000000000000000000 ) ) ;
#682 = CARTESIAN_POINT ( 'NONE',  ( -252.9840160336529493, 1524.193409723859986, 10.90000000000000213 ) ) ;
#683 = EDGE_CURVE ( 'NONE', #2238, #2853, #5476, .T. ) ;
#684 = FACE_OUTER_BOUND ( 'NONE', #6252, .T. ) ;
#685 = VECTOR ( 'NONE', #5635, 1000.000000000000000 ) ;
#686 = ORIENTED_EDGE ( 'NONE', *, *, #3616, .T. ) ;
#687 = DIRECTION ( 'NONE',  ( 0.000000000000000000, 0.000000000000000000, 1.000000000000000000 ) ) ;
#688 = CARTESIAN_POINT ( 'NONE',  ( -198.6992450314876351, 1496.366478455931428, 0.4999999999999449329 ) ) ;
#689 = CARTESIAN_POINT ( 'NONE',  ( -207.9312958390566166, 1394.801106651571672, 6.249999999999906741 ) ) ;
#690 = CARTESIAN_POINT ( 'NONE',  ( -253.2567971139958445, 1522.947525351583408, 10.90000000000000213 ) ) ;
#691 = VECTOR ( 'NONE', #6061, 1000.000000000000000 ) ;
#692 = CARTESIAN_POINT ( 'NONE',  ( -250.6799397060030969, 1520.660684704933374, 11.50000000000000178 ) ) ;
#693 = EDGE_CURVE ( 'NONE', #5631, #2985, #2352, .T. ) ;
#694 = AXIS2_PLACEMENT_3D ( 'NONE', #2433, #1063, #3867 ) ;
#695 = ORIENTED_EDGE ( 'NONE', *, *, #3467, .F. ) ;
#696 = ORIENTED_EDGE ( 'NONE', *, *, #1269, .F. ) ;
#697 = DIRECTION ( 'NONE',  ( 0.000000000000000000, -0.000000000000000000, -1.000000000000000000 ) ) ;
#698 = CARTESIAN_POINT ( 'NONE',  ( -254.4139058159109936, 1522.299016347733414, 11.50000000000000000 ) ) ;
#699 = AXIS2_PLACEMENT_3D ( 'NONE', #2137, #3599, #5149 ) ;
#700 = ORIENTED_EDGE ( 'NONE', *, *, #2082, .F. ) ;
#701 = AXIS2_PLACEMENT_3D ( 'NONE', #4987, #575, #3085 ) ;
#702 = DIRECTION ( 'NONE',  ( 0.7071067811865868746, -0.7071067811865081598, 7.866180153883559406E-14 ) ) ;
#703 = ADVANCED_FACE ( 'NONE', ( #1064 ), #1160, .T. ) ;
#704 = VECTOR ( 'NONE', #4193, 1000.000000000000000 ) ;
#705 = DIRECTION ( 'NONE',  ( -0.000000000000000000, -0.000000000000000000, 1.000000000000000000 ) ) ;
#706 = EDGE_CURVE ( 'NONE', #385, #2993, #1304, .T. ) ;
#707 = DIRECTION ( 'NONE',  ( 0.000000000000000000, 0.000000000000000000, 1.000000000000000000 ) ) ;
#708 = CARTESIAN_POINT ( 'NONE',  ( -256.4036516082874186, 1522.139568190033515, 11.50000000000000000 ) ) ;
#709 = CARTESIAN_POINT ( 'NONE',  ( -249.7657541280251223, 1520.622687277550085, 10.90000000000000213 ) ) ;
#710 = EDGE_LOOP ( 'NONE', ( #3516, #461, #1070, #5886 ) ) ;
#711 = ORIENTED_EDGE ( 'NONE', *, *, #3809, .T. ) ;
#712 = VECTOR ( 'NONE', #1012, 1000.000000000000000 ) ;
#713 = FACE_OUTER_BOUND ( 'NONE', #1028, .T. ) ;
#714 = EDGE_CURVE ( 'NONE', #3187, #2316, #633, .T. ) ;
#715 = EDGE_CURVE ( 'NONE', #5596, #4241, #5007, .T. ) ;
#716 = ORIENTED_EDGE ( 'NONE', *, *, #5111, .T. ) ;
#717 = CARTESIAN_POINT ( 'NONE',  ( -374.7312958390565427, 1518.101106651571627, 5.749999999999905853 ) ) ;
#718 = AXIS2_PLACEMENT_3D ( 'NONE', #3764, #848, #3199 ) ;
#719 = CARTESIAN_POINT ( 'NONE',  ( -251.0711653403055550, 1519.711239352406210, 11.50000000000000178 ) ) ;
#720 = CARTESIAN_POINT ( 'NONE',  ( -375.2312958390564859, 1525.451106651571990, 7.000000000000000000 ) ) ;
#721 = AXIS2_PLACEMENT_3D ( 'NONE', #6036, #5537, #1225 ) ;
#722 = CARTESIAN_POINT ( 'NONE',  ( -208.1812958390566166, 1395.301106651571672, 11.25000000000003020 ) ) ;
#723 = ORIENTED_EDGE ( 'NONE', *, *, #2193, .T. ) ;
#724 = FACE_OUTER_BOUND ( 'NONE', #3980, .T. ) ;
#725 = CARTESIAN_POINT ( 'NONE',  ( -254.8181969570007652, 1524.587805852858310, 10.90000000000000568 ) ) ;
#726 = CARTESIAN_POINT ( 'NONE',  ( -254.4745650698259567, 1522.288606651572081, 10.90000000000000213 ) ) ;
#727 = DIRECTION ( 'NONE',  ( 0.000000000000000000, 0.000000000000000000, -1.000000000000000000 ) ) ;
#728 = AXIS2_PLACEMENT_3D ( 'NONE', #650, #1179, #3122 ) ;
#729 = B_SPLINE_CURVE_WITH_KNOTS ( 'NONE', 3,
 ( #2201, #5694, #2750, #1686, #1222, #4693, #3639 ),
 .UNSPECIFIED., .F., .F.,
 ( 4, 1, 1, 1, 4 ),
 ( 0.000000000000000000, 0.2650129960900846071, 0.5160880842204744745, 0.7599173304198870715, 1.000000000000000000 ),
 .UNSPECIFIED. ) ;
#730 = ORIENTED_EDGE ( 'NONE', *, *, #2650, .T. ) ;
#731 = ORIENTED_EDGE ( 'NONE', *, *, #5078, .T. ) ;
#732 = CYLINDRICAL_SURFACE ( 'NONE', #1513, 1.699999999999979305 ) ;
#733 = VECTOR ( 'NONE', #739, 1000.000000000000000 ) ;
#734 = ORIENTED_EDGE ( 'NONE', *, *, #2684, .F. ) ;
#735 = LINE ( 'NONE', #4120, #196 ) ;
#736 = B_SPLINE_CURVE_WITH_KNOTS ( 'NONE', 3,
 ( #3576, #5441, #3075, #2557 ),
 .UNSPECIFIED., .F., .F.,
 ( 4, 4 ),
 ( 0.000000000000000000, 0.0007331599190100519152 ),
 .UNSPECIFIED. ) ;
#737 = CARTESIAN_POINT ( 'NONE',  ( -226.5293727074229935, 1530.901106651571808, 11.50000000000000000 ) ) ;
#738 = ORIENTED_EDGE ( 'NONE', *, *, #3081, .T. ) ;
#739 = DIRECTION ( 'NONE',  ( -0.7071067811866381669, 0.7071067811864569785, 0.000000000000000000 ) ) ;
#740 = LINE ( 'NONE', #2543, #3831 ) ;
#741 = DIRECTION ( 'NONE',  ( 0.000000000000000000, 0.000000000000000000, -1.000000000000000000 ) ) ;
#742 = PLANE ( 'NONE',  #2915 ) ;
#743 = CARTESIAN_POINT ( 'NONE',  ( -250.0202546653442823, 1520.538379050340154, 10.89999999999999680 ) ) ;
#744 = EDGE_CURVE ( 'NONE', #5440, #149, #171, .T. ) ;
#745 = ORIENTED_EDGE ( 'NONE', *, *, #5902, .T. ) ;
#746 = VERTEX_POINT ( 'NONE', #4719 ) ;
#747 = LINE ( 'NONE', #2160, #4678 ) ;
#748 = VERTEX_POINT ( 'NONE', #3638 ) ;
#749 = DIRECTION ( 'NONE',  ( -0.7071067811865173747, 0.7071067811865776598, 0.000000000000000000 ) ) ;
#750 = CARTESIAN_POINT ( 'NONE',  ( -252.0961810585835678, 1521.119476287358566, 10.89999999999999858 ) ) ;
#751 = EDGE_CURVE ( 'NONE', #1858, #2159, #1900, .T. ) ;
#752 = EDGE_CURVE ( 'NONE', #302, #3192, #6033, .T. ) ;
#753 = DIRECTION ( 'NONE',  ( 0.000000000000000000, 0.000000000000000000, 1.000000000000000000 ) ) ;
#754 = CARTESIAN_POINT ( 'NONE',  ( -250.2077381467489658, 1520.524183574649669, 11.50000000000000000 ) ) ;
#755 = ORIENTED_EDGE ( 'NONE', *, *, #1313, .T. ) ;
#756 = DIRECTION ( 'NONE',  ( -1.000000000000000000, 0.000000000000000000, 0.000000000000000000 ) ) ;
#757 = CARTESIAN_POINT ( 'NONE',  ( -253.7418646693006679, 1521.607416095710278, 10.89999999999999858 ) ) ;
#758 = PLANE ( 'NONE',  #3535 ) ;
#759 = CARTESIAN_POINT ( 'NONE',  ( -198.4312958390566166, 1395.301106651571672, 6.249999999999906741 ) ) ;
#760 = VERTEX_POINT ( 'NONE', #3606 ) ;
#761 = FACE_OUTER_BOUND ( 'NONE', #5800, .T. ) ;
#762 = ORIENTED_EDGE ( 'NONE', *, *, #1128, .F. ) ;
#763 = DIRECTION ( 'NONE',  ( -0.5310069659022299549, 0.8473674540382749587, 0.000000000000000000 ) ) ;
#764 = LINE ( 'NONE', #1764, #3523 ) ;
#765 = ORIENTED_EDGE ( 'NONE', *, *, #5999, .T. ) ;
#766 = CARTESIAN_POINT ( 'NONE',  ( -249.8604062826993299, 1522.492196340268265, 10.89999999999999680 ) ) ;
#767 = LINE ( 'NONE', #4220, #2106 ) ;
#768 = LINE ( 'NONE', #1267, #704 ) ;
#769 = CARTESIAN_POINT ( 'NONE',  ( -249.5007879938469273, 1523.493735738624764, 11.49999999999999645 ) ) ;
#770 = DIRECTION ( 'NONE',  ( -2.775557561563197114E-14, 1.000000000000000000, 0.000000000000000000 ) ) ;
#771 = ORIENTED_EDGE ( 'NONE', *, *, #3709, .F. ) ;
#772 = CARTESIAN_POINT ( 'NONE',  ( -227.1293727074229878, 1517.601106651571854, 10.90000000000000036 ) ) ;
#773 = CARTESIAN_POINT ( 'NONE',  ( -236.0293727074230219, 1524.022692017425697, 7.500000000000000000 ) ) ;
#774 = ADVANCED_FACE ( 'NONE', ( #312, #6133 ), #758, .F. ) ;
#775 = ORIENTED_EDGE ( 'NONE', *, *, #3237, .F. ) ;
#776 = CARTESIAN_POINT ( 'NONE',  ( -254.7802419034643151, 1524.583635407902875, 10.90000000000000036 ) ) ;
#777 = CARTESIAN_POINT ( 'NONE',  ( -251.2261629892063013, 1519.794311034313296, 10.90000000000000391 ) ) ;
#778 = CARTESIAN_POINT ( 'NONE',  ( -216.3889817412364494, 1507.006001209732403, 9.000000000000001776 ) ) ;
#779 = DIRECTION ( 'NONE',  ( 0.000000000000000000, -1.000000000000000000, 0.000000000000000000 ) ) ;
#780 = EDGE_CURVE ( 'NONE', #4185, #3818, #2781, .T. ) ;
#781 = ORIENTED_EDGE ( 'NONE', *, *, #5735, .T. ) ;
#782 = CARTESIAN_POINT ( 'NONE',  ( -207.8080216973945369, 1507.687828808946733, 10.50000000000000000 ) ) ;
#783 = CARTESIAN_POINT ( 'NONE',  ( -255.7670900678519672, 1522.077227342184869, 11.50000000000000000 ) ) ;
#784 = CARTESIAN_POINT ( 'NONE',  ( -249.4543335920107836, 1522.218624839219956, 11.50000000000000178 ) ) ;
#785 = FACE_OUTER_BOUND ( 'NONE', #2179, .T. ) ;
#786 = VERTEX_POINT ( 'NONE', #4621 ) ;
#787 = CARTESIAN_POINT ( 'NONE',  ( -250.6799397060030969, 1520.660684704933374, 10.90000000000000036 ) ) ;
#788 = EDGE_CURVE ( 'NONE', #5414, #5066, #1188, .T. ) ;
#789 = ORIENTED_EDGE ( 'NONE', *, *, #5163, .T. ) ;
#790 = CARTESIAN_POINT ( 'NONE',  ( -249.3142386642072097, 1521.205104200252435, 10.89999999999999858 ) ) ;
#791 = EDGE_CURVE ( 'NONE', #882, #1690, #5126, .T. ) ;
#792 = CARTESIAN_POINT ( 'NONE',  ( -201.7312958390566564, 1398.601106651571854, 5.749999999999905853 ) ) ;
#793 = VECTOR ( 'NONE', #522, 1000.000000000000000 ) ;
#794 = FACE_OUTER_BOUND ( 'NONE', #1677, .T. ) ;
#795 = CARTESIAN_POINT ( 'NONE',  ( -255.2213569920376983, 1525.600635027371936, 10.90000000000000213 ) ) ;
#796 = ORIENTED_EDGE ( 'NONE', *, *, #4591, .F. ) ;
#797 = VECTOR ( 'NONE', #653, 1000.000000000000000 ) ;
#798 = AXIS2_PLACEMENT_3D ( 'NONE', #5080, #1112, #3059 ) ;
#799 = CARTESIAN_POINT ( 'NONE',  ( -249.3661346034851078, 1522.065849236264285, 10.90000000000000213 ) ) ;
#800 = LINE ( 'NONE', #2797, #4045 ) ;
#801 = DIRECTION ( 'NONE',  ( 0.000000000000000000, -0.7071067811865475727, -0.7071067811865475727 ) ) ;
#802 = CARTESIAN_POINT ( 'NONE',  ( -249.3368845168708674, 1523.451338025250379, 11.50000000000000178 ) ) ;
#803 = VECTOR ( 'NONE', #3390, 1000.000000000000000 ) ;
#804 = VECTOR ( 'NONE', #6008, 1000.000000000000114 ) ;
#805 = EDGE_CURVE ( 'NONE', #217, #1695, #6069, .T. ) ;
#806 = ORIENTED_EDGE ( 'NONE', *, *, #5316, .T. ) ;
#807 = EDGE_LOOP ( 'NONE', ( #4213, #6015, #3227 ) ) ;
#808 = LINE ( 'NONE', #2920, #4460 ) ;
#809 = CARTESIAN_POINT ( 'NONE',  ( -250.3726965213986091, 1520.532899649798537, 11.50000000000000355 ) ) ;
#810 = AXIS2_PLACEMENT_3D ( 'NONE', #5373, #5243, #3851 ) ;
#811 = ORIENTED_EDGE ( 'NONE', *, *, #5736, .T. ) ;
#812 = CARTESIAN_POINT ( 'NONE',  ( -255.3303269064983283, 1523.144256051520415, 10.90000000000000036 ) ) ;
#813 = CARTESIAN_POINT ( 'NONE',  ( -250.2270372428124290, 1519.525400563027461, 11.50000000000000355 ) ) ;
#814 = AXIS2_PLACEMENT_3D ( 'NONE', #2731, #5081, #2277 ) ;
#815 = EDGE_CURVE ( 'NONE', #5604, #6172, #3733, .T. ) ;
#816 = DIRECTION ( 'NONE',  ( -1.000000000000000000, 0.000000000000000000, 0.000000000000000000 ) ) ;
#817 = CARTESIAN_POINT ( 'NONE',  ( -254.6766691096509874, 1523.191285703656376, 11.49999999999999822 ) ) ;
#818 = VECTOR ( 'NONE', #1534, 1000.000000000000000 ) ;
#819 = DIRECTION ( 'NONE',  ( 0.000000000000000000, 0.000000000000000000, -1.000000000000000000 ) ) ;
#820 = DIRECTION ( 'NONE',  ( 1.000000000000000000, 0.000000000000000000, 0.000000000000000000 ) ) ;
#821 = CARTESIAN_POINT ( 'NONE',  ( -253.4226410559442400, 1521.112944827653791, 10.90000000000000036 ) ) ;
#822 = FACE_OUTER_BOUND ( 'NONE', #348, .T. ) ;
#823 = VERTEX_POINT ( 'NONE', #4180 ) ;
#824 = VECTOR ( 'NONE', #6230, 1000.000000000000114 ) ;
#825 = EDGE_CURVE ( 'NONE', #2929, #5664, #3135, .T. ) ;
#826 = EDGE_LOOP ( 'NONE', ( #1305, #789, #2401, #6220 ) ) ;
#827 = DIRECTION ( 'NONE',  ( -1.000000000000000000, 0.000000000000000000, 0.000000000000000000 ) ) ;
#828 = ORIENTED_EDGE ( 'NONE', *, *, #4198, .F. ) ;
#829 = LINE ( 'NONE', #2758, #3444 ) ;
#830 = AXIS2_PLACEMENT_3D ( 'NONE', #1745, #1867, #4740 ) ;
#831 = CARTESIAN_POINT ( 'NONE',  ( -252.9703276866344765, 1523.982146492960055, 11.49999999999999822 ) ) ;
#832 = LINE ( 'NONE', #3242, #4945 ) ;
#833 = EDGE_CURVE ( 'NONE', #2431, #926, #6053, .T. ) ;
#834 = ORIENTED_EDGE ( 'NONE', *, *, #4518, .F. ) ;
#835 = EDGE_CURVE ( 'NONE', #298, #1011, #1783, .T. ) ;
#836 = VECTOR ( 'NONE', #5403, 1000.000000000000000 ) ;
#837 = CARTESIAN_POINT ( 'NONE',  ( -249.2774496852105131, 1521.554231651572763, 10.90000000000000036 ) ) ;
#838 = CARTESIAN_POINT ( 'NONE',  ( -233.1293727074229594, 1530.601106651571854, 7.500000000000000000 ) ) ;
#839 = CARTESIAN_POINT ( 'NONE',  ( -200.4312958390555082, 1495.366478455931883, 0.4999999999999449329 ) ) ;
#840 = ORIENTED_EDGE ( 'NONE', *, *, #6245, .F. ) ;
#841 = CARTESIAN_POINT ( 'NONE',  ( -221.4957057490930765, 1516.851106651572081, 0.000000000000000000 ) ) ;
#842 = VERTEX_POINT ( 'NONE', #2360 ) ;
#843 = CARTESIAN_POINT ( 'NONE',  ( -255.3439581509265395, 1524.599775069161069, 10.90000000000000213 ) ) ;
#844 = ORIENTED_EDGE ( 'NONE', *, *, #1687, .F. ) ;
#845 = CARTESIAN_POINT ( 'NONE',  ( -251.8369133346100455, 1520.421256414426125, 11.50000000000000355 ) ) ;
#846 = LINE ( 'NONE', #3790, #115 ) ;
#847 = LINE ( 'NONE', #1812, #4990 ) ;
#848 = DIRECTION ( 'NONE',  ( 0.000000000000000000, 0.7071067811865475727, 0.7071067811865475727 ) ) ;
#849 = CARTESIAN_POINT ( 'NONE',  ( -200.0812958390566791, 1394.801106651571672, 9.000000000000001776 ) ) ;
#850 = CARTESIAN_POINT ( 'NONE',  ( -249.5105767268461534, 1522.282214490542628, 11.50000000000000000 ) ) ;
#851 = CARTESIAN_POINT ( 'NONE',  ( -206.3577521715758962, 1508.631401932693507, 11.50000000000000000 ) ) ;
#852 = EDGE_LOOP ( 'NONE', ( #5997, #3470, #4347, #309 ) ) ;
#853 = VERTEX_POINT ( 'NONE', #5286 ) ;
#854 = DIRECTION ( 'NONE',  ( -0.000000000000000000, 0.000000000000000000, 1.000000000000000000 ) ) ;
#855 = EDGE_LOOP ( 'NONE', ( #6005, #4613, #2380, #6059 ) ) ;
#856 = CARTESIAN_POINT ( 'NONE',  ( -249.2774496852105131, 1521.554231651572763, 10.90000000000000036 ) ) ;
#857 = EDGE_CURVE ( 'NONE', #3756, #385, #5318, .T. ) ;
#858 = CARTESIAN_POINT ( 'NONE',  ( -253.1674004143041827, 1524.769019200982939, 11.50000000000000000 ) ) ;
#859 = CARTESIAN_POINT ( 'NONE',  ( -248.1236035313643526, 1521.579472036188236, 10.90000000000000036 ) ) ;
#860 = VERTEX_POINT ( 'NONE', #4753 ) ;
#861 = LINE ( 'NONE', #1299, #5884 ) ;
#862 = ORIENTED_EDGE ( 'NONE', *, *, #2516, .T. ) ;
#863 = CARTESIAN_POINT ( 'NONE',  ( -226.0293727074229935, 1528.101106651571627, 11.00000000000005507 ) ) ;
#864 = CARTESIAN_POINT ( 'NONE',  ( -252.1236035313643811, 1521.317452805418725, 10.90000000000000036 ) ) ;
#865 = CARTESIAN_POINT ( 'NONE',  ( -249.7881785560976198, 1523.522596328916734, 10.90000000000000036 ) ) ;
#866 = ORIENTED_EDGE ( 'NONE', *, *, #526, .T. ) ;
#867 = PERSON_AND_ORGANIZATION_ROLE ( 'design_owner' ) ;
#868 = CARTESIAN_POINT ( 'NONE',  ( -207.9312958390566166, 1394.801106651571672, 6.249999999999906741 ) ) ;
#869 = EDGE_CURVE ( 'NONE', #5142, #3333, #504, .T. ) ;
#870 = VERTEX_POINT ( 'NONE', #4452 ) ;
#871 = CARTESIAN_POINT ( 'NONE',  ( -255.5246250234149556, 1523.140014704277291, 10.89999999999999680 ) ) ;
#872 = VERTEX_POINT ( 'NONE', #2329 ) ;
#873 = CARTESIAN_POINT ( 'NONE',  ( -254.4745650698259567, 1522.288606651572081, 10.90000000000000213 ) ) ;
#874 = CARTESIAN_POINT ( 'NONE',  ( -198.4312958390566166, 1394.801106651571672, 11.00000000000000000 ) ) ;
#875 = CARTESIAN_POINT ( 'NONE',  ( -231.3293727074229764, 1530.601106651571854, 7.500000000000000000 ) ) ;
#876 = CARTESIAN_POINT ( 'NONE',  ( -250.2077381467489658, 1520.524183574649669, 10.90000000000000036 ) ) ;
#877 = CARTESIAN_POINT ( 'NONE',  ( -253.5931950906043539, 1521.386856935828064, 10.89999999999999325 ) ) ;
#878 = LINE ( 'NONE', #1848, #2112 ) ;
#879 = CARTESIAN_POINT ( 'NONE',  ( -253.9197764559779671, 1525.443388149177281, 10.90000000000000213 ) ) ;
#880 = ADVANCED_FACE ( 'NONE', ( #5224 ), #409, .F. ) ;
#881 = LINE ( 'NONE', #3299, #4160 ) ;
#882 = VERTEX_POINT ( 'NONE', #5430 ) ;
#883 = CARTESIAN_POINT ( 'NONE',  ( -366.9312958390565313, 1527.601106651571854, 0.5000000000000004441 ) ) ;
#884 = CARTESIAN_POINT ( 'NONE',  ( -249.6716649385949154, 1523.519460903718254, 10.90000000000000036 ) ) ;
#885 = ORIENTED_EDGE ( 'NONE', *, *, #6169, .F. ) ;
#886 = EDGE_CURVE ( 'NONE', #2266, #6172, #878, .T. ) ;
#887 = CARTESIAN_POINT ( 'NONE',  ( -249.3076312627094921, 1521.882315753193780, 10.89999999999999503 ) ) ;
#888 = AXIS2_PLACEMENT_3D ( 'NONE', #5253, #912, #470 ) ;
#889 = CARTESIAN_POINT ( 'NONE',  ( -257.8159112236720603, 1525.601106651572081, 10.90000000000000036 ) ) ;
#890 = DIRECTION ( 'NONE',  ( 1.000000000000000000, 0.000000000000000000, -0.000000000000000000 ) ) ;
#891 = CARTESIAN_POINT ( 'NONE',  ( -248.1914821199283665, 1522.180000761073870, 11.49999999999999645 ) ) ;
#892 = VECTOR ( 'NONE', #5883, 1000.000000000000000 ) ;
#893 = ORIENTED_EDGE ( 'NONE', *, *, #2752, .T. ) ;
#894 = PERSON_AND_ORGANIZATION_ROLE ( 'design_supplier' ) ;
#895 = VECTOR ( 'NONE', #5334, 1000.000000000000000 ) ;
#896 = EDGE_CURVE ( 'NONE', #3557, #4392, #3023, .T. ) ;
#897 = DIRECTION ( 'NONE',  ( 1.000000000000000000, 0.000000000000000000, 0.000000000000000000 ) ) ;
#898 = PRODUCT_DEFINITION ( 'UNKNOWN', '', #1227, #672 ) ;
#899 = VECTOR ( 'NONE', #2821, 1000.000000000000114 ) ;
#900 = VECTOR ( 'NONE', #2924, 1000.000000000000000 ) ;
#901 = ORIENTED_EDGE ( 'NONE', *, *, #3893, .F. ) ;
#902 = CARTESIAN_POINT ( 'NONE',  ( -227.1293727074229878, 1518.101106651571627, 7.500000000000000000 ) ) ;
#903 = VERTEX_POINT ( 'NONE', #3793 ) ;
#904 = FACE_OUTER_BOUND ( 'NONE', #2255, .T. ) ;
#905 = AXIS2_PLACEMENT_3D ( 'NONE', #4908, #562, #5411 ) ;
#906 = ADVANCED_FACE ( 'NONE', ( #944 ), #4237, .T. ) ;
#907 = EDGE_CURVE ( 'NONE', #5181, #4632, #2812, .T. ) ;
#908 = LINE ( 'NONE', #2843, #4981 ) ;
#909 = CARTESIAN_POINT ( 'NONE',  ( -254.3190215536767482, 1523.372045876981701, 10.89999999999999858 ) ) ;
#910 = CARTESIAN_POINT ( 'NONE',  ( -208.4312958390566166, 1395.301106651571672, 5.749999999999905853 ) ) ;
#911 = AXIS2_PLACEMENT_3D ( 'NONE', #2502, #3087, #2120 ) ;
#912 = DIRECTION ( 'NONE',  ( 0.1394358830375820035, 0.9902311015725216992, 0.000000000000000000 ) ) ;
#913 = CARTESIAN_POINT ( 'NONE',  ( -205.9311198785484294, 1508.196086481475959, 9.348183321771955434 ) ) ;
#914 = FACE_OUTER_BOUND ( 'NONE', #4986, .T. ) ;
#915 = CIRCLE ( 'NONE', #1711, 2.200000000000007283 ) ;
#916 = VERTEX_POINT ( 'NONE', #109 ) ;
#917 = CARTESIAN_POINT ( 'NONE',  ( -252.5082189159797394, 1519.601106651572081, 10.90000000000000036 ) ) ;
#918 = FACE_OUTER_BOUND ( 'NONE', #1308, .T. ) ;
#919 = DIRECTION ( 'NONE',  ( -0.7071067811865081598, 9.614813431916754120E-17, 0.7071067811865868746 ) ) ;
#920 = AXIS2_PLACEMENT_3D ( 'NONE', #148, #2073, #5320 ) ;
#921 = DIRECTION ( 'NONE',  ( 0.000000000000000000, -1.000000000000000000, 0.000000000000000000 ) ) ;
#922 = EDGE_LOOP ( 'NONE', ( #531, #1940, #2593, #4435 ) ) ;
#923 = CARTESIAN_POINT ( 'NONE',  ( -249.5105767268461534, 1522.282214490542628, 10.90000000000000036 ) ) ;
#924 = CARTESIAN_POINT ( 'NONE',  ( -371.4312958390563040, 1522.601106651571854, 6.249999999999966249 ) ) ;
#925 = VECTOR ( 'NONE', #4748, 1000.000000000000000 ) ;
#926 = VERTEX_POINT ( 'NONE', #4814 ) ;
#927 = LINE ( 'NONE', #2865, #3946 ) ;
#928 = DIRECTION ( 'NONE',  ( -1.000000000000000000, 0.000000000000000000, 0.000000000000000000 ) ) ;
#929 = CARTESIAN_POINT ( 'NONE',  ( -249.9099030694369503, 1523.521307639042561, 11.50000000000000000 ) ) ;
#930 = VECTOR ( 'NONE', #2196, 1000.000000000000000 ) ;
#931 = VERTEX_POINT ( 'NONE', #2879 ) ;
#932 = COORDINATED_UNIVERSAL_TIME_OFFSET ( 1, 0, .AHEAD. ) ;
#933 = CARTESIAN_POINT ( 'NONE',  ( -226.5293727074229366, 1531.401106651571808, 7.499999999999965361 ) ) ;
#934 = CC_DESIGN_SECURITY_CLASSIFICATION ( #2968, ( #1227 ) ) ;
#935 = CARTESIAN_POINT ( 'NONE',  ( -225.5293727074229650, 1527.601106651571854, 4.907106781186303834 ) ) ;
#936 = EDGE_CURVE ( 'NONE', #4742, #6054, #1079, .T. ) ;
#937 = ORIENTED_EDGE ( 'NONE', *, *, #3981, .F. ) ;
#938 = CARTESIAN_POINT ( 'NONE',  ( -248.5490843005950978, 1520.295818190034197, 10.90000000000000036 ) ) ;
#939 = ORIENTED_EDGE ( 'NONE', *, *, #5427, .F. ) ;
#940 = DIRECTION ( 'NONE',  ( 1.000000000000000000, 0.000000000000000000, 0.000000000000000000 ) ) ;
#941 = CARTESIAN_POINT ( 'NONE',  ( -255.3303269064983283, 1523.144256051520415, 11.50000000000000000 ) ) ;
#942 = LINE ( 'NONE', #2878, #4757 ) ;
#943 = ADVANCED_FACE ( 'NONE', ( #1817 ), #3766, .T. ) ;
#944 = FACE_OUTER_BOUND ( 'NONE', #826, .T. ) ;
#945 = ADVANCED_FACE ( 'NONE', ( #5693 ), #1349, .T. ) ;
#946 = FACE_OUTER_BOUND ( 'NONE', #4372, .T. ) ;
#947 = CARTESIAN_POINT ( 'NONE',  ( -228.8293727074231469, 1519.801106651571445, 9.200000000000187583 ) ) ;
#948 = ORIENTED_EDGE ( 'NONE', *, *, #1706, .T. ) ;
#949 = CARTESIAN_POINT ( 'NONE',  ( -254.6230853320383005, 1524.554499156498196, 10.90000000000000036 ) ) ;
#950 = DIRECTION ( 'NONE',  ( -0.000000000000000000, -0.000000000000000000, 1.000000000000000000 ) ) ;
#951 = CARTESIAN_POINT ( 'NONE',  ( -254.3830966905470916, 1524.440437911506478, 10.90000000000000213 ) ) ;
#952 = FACE_OUTER_BOUND ( 'NONE', #1326, .T. ) ;
#953 = LINE ( 'NONE', #1922, #2003 ) ;
#954 = ORIENTED_EDGE ( 'NONE', *, *, #4108, .T. ) ;
#955 = CARTESIAN_POINT ( 'NONE',  ( -223.6607692585541827, 1515.601106651571854, 11.50000000000000000 ) ) ;
#956 = LINE ( 'NONE', #4407, #3469 ) ;
#957 = ORIENTED_EDGE ( 'NONE', *, *, #3195, .T. ) ;
#958 = CARTESIAN_POINT ( 'NONE',  ( -205.1312958390566337, 1398.601106651571854, 5.749999999999905853 ) ) ;
#959 = CARTESIAN_POINT ( 'NONE',  ( -251.7389921660574998, 1520.273133704831025, 10.89999999999999680 ) ) ;
#960 = FACE_OUTER_BOUND ( 'NONE', #4564, .T. ) ;
#961 = ORIENTED_EDGE ( 'NONE', *, *, #3541, .F. ) ;
#962 = APPROVAL_DATE_TIME ( #3311, #2564 ) ;
#963 = CARTESIAN_POINT ( 'NONE',  ( -256.4036516082874186, 1522.139568190033515, 10.90000000000000036 ) ) ;
#964 = CARTESIAN_POINT ( 'NONE',  ( -201.7312958390566564, 1398.601106651571854, 7.000000000000000000 ) ) ;
#965 = VERTEX_POINT ( 'NONE', #6227 ) ;
#966 = CARTESIAN_POINT ( 'NONE',  ( -237.9293727074230276, 1530.901106651571808, 11.50000000000000000 ) ) ;
#967 = VERTEX_POINT ( 'NONE', #1875 ) ;
#968 = ORIENTED_EDGE ( 'NONE', *, *, #1065, .F. ) ;
#969 = CARTESIAN_POINT ( 'NONE',  ( -249.9318219422155209, 1520.558732672576753, 11.50000000000000178 ) ) ;
#970 = ADVANCED_FACE ( 'NONE', ( #3385 ), #5528, .T. ) ;
#971 = CARTESIAN_POINT ( 'NONE',  ( 0.000000000000000000, 0.000000000000000000, 0.000000000000000000 ) ) ;
#972 = DIRECTION ( 'NONE',  ( -1.000000000000000000, 0.000000000000000000, 0.000000000000000000 ) ) ;
#973 = FACE_OUTER_BOUND ( 'NONE', #1759, .T. ) ;
#974 = DIRECTION ( 'NONE',  ( 0.000000000000000000, 0.000000000000000000, -1.000000000000000000 ) ) ;
#975 = ADVANCED_FACE ( 'NONE', ( #1705 ), #4582, .T. ) ;
#976 = ORIENTED_EDGE ( 'NONE', *, *, #1628, .F. ) ;
#977 = PLANE ( 'NONE',  #3434 ) ;
#978 = CARTESIAN_POINT ( 'NONE',  ( -253.2935712148909317, 1524.971100794918357, 11.49999999999999112 ) ) ;
#979 = FACE_OUTER_BOUND ( 'NONE', #5265, .T. ) ;
#980 = ORIENTED_EDGE ( 'NONE', *, *, #4174, .T. ) ;
#981 = DIRECTION ( 'NONE',  ( -5.419332810632536218E-15, 1.000000000000000000, 0.000000000000000000 ) ) ;
#982 = ADVANCED_FACE ( 'NONE', ( #4963 ), #2605, .F. ) ;
#983 = CARTESIAN_POINT ( 'NONE',  ( -250.5693816094880617, 1522.410311653054350, 11.50000000000000355 ) ) ;
#984 = ORIENTED_EDGE ( 'NONE', *, *, #1517, .F. ) ;
#985 = PLANE ( 'NONE',  #1496 ) ;
#986 = CARTESIAN_POINT ( 'NONE',  ( -211.2080216973944005, 1507.687828808946733, 9.000000000000001776 ) ) ;
#987 = CARTESIAN_POINT ( 'NONE',  ( -198.4312958390566166, 1395.301106651571672, 11.00000000000000000 ) ) ;
#988 = EDGE_LOOP ( 'NONE', ( #730, #1359, #1590, #984 ) ) ;
#989 = FACE_OUTER_BOUND ( 'NONE', #5507, .T. ) ;
#990 = ADVANCED_FACE ( 'NONE', ( #4607 ), #5584, .T. ) ;
#991 = DIRECTION ( 'NONE',  ( 0.000000000000000000, 1.000000000000000000, 0.000000000000000000 ) ) ;
#992 = CIRCLE ( 'NONE', #2509, 1.999999999998863798 ) ;
#993 = VERTEX_POINT ( 'NONE', #1618 ) ;
#994 = PLANE ( 'NONE',  #2714 ) ;
#995 = VERTEX_POINT ( 'NONE', #3527 ) ;
#996 = CARTESIAN_POINT ( 'NONE',  ( -228.4293727074229992, 1525.022692017425470, 10.90000000000000036 ) ) ;
#997 = AXIS2_PLACEMENT_3D ( 'NONE', #2370, #1475, #2400 ) ;
#998 = CARTESIAN_POINT ( 'NONE',  ( -254.1254006456450441, 1523.844624520666457, 11.49999999999999822 ) ) ;
#999 = DIRECTION ( 'NONE',  ( 0.7071067811865082708, 0.7071067811865868746, 0.000000000000000000 ) ) ;
#1000 = CARTESIAN_POINT ( 'NONE',  ( -375.2312958390564859, 1527.101106651571854, 6.249999999999906741 ) ) ;
#1001 = VECTOR ( 'NONE', #2916, 1000.000000000000000 ) ;
#1002 = VECTOR ( 'NONE', #3105, 1000.000000000000000 ) ;
#1003 = DIRECTION ( 'NONE',  ( -0.000000000000000000, -0.000000000000000000, 1.000000000000000000 ) ) ;
#1004 = VECTOR ( 'NONE', #5835, 1000.000000000000114 ) ;
#1005 = VERTEX_POINT ( 'NONE', #3622 ) ;
#1006 = PLANE ( 'NONE',  #1599 ) ;
#1007 = CARTESIAN_POINT ( 'NONE',  ( -253.0331466599050714, 1524.434738263990312, 11.49999999999999112 ) ) ;
#1008 = EDGE_CURVE ( 'NONE', #5604, #1323, #5548, .T. ) ;
#1009 = PLANE ( 'NONE',  #6261 ) ;
#1010 = AXIS2_PLACEMENT_3D ( 'NONE', #4912, #5820, #5755 ) ;
#1011 = VERTEX_POINT ( 'NONE', #646 ) ;
#1012 = DIRECTION ( 'NONE',  ( 0.7071067811866064146, 0.7071067811864886199, -0.000000000000000000 ) ) ;
#1013 = CARTESIAN_POINT ( 'NONE',  ( -250.9625458390566450, 1522.062645113111103, 11.50000000000000000 ) ) ;
#1014 = ORIENTED_EDGE ( 'NONE', *, *, #4394, .F. ) ;
#1015 = CIRCLE ( 'NONE', #3855, 1.699999999999923794 ) ;
#1016 = DIRECTION ( 'NONE',  ( -0.000000000000000000, -0.000000000000000000, 1.000000000000000000 ) ) ;
#1017 = LINE ( 'NONE', #2991, #2521 ) ;
#1018 = DIRECTION ( 'NONE',  ( 0.000000000000000000, 0.000000000000000000, -1.000000000000000000 ) ) ;
#1019 = ADVANCED_FACE ( 'NONE', ( #3153 ), #2093, .F. ) ;
#1020 = ORIENTED_EDGE ( 'NONE', *, *, #2581, .F. ) ;
#1021 = AXIS2_PLACEMENT_3D ( 'NONE', #6263, #5719, #827 ) ;
#1022 = DIRECTION ( 'NONE',  ( 0.000000000000000000, 0.000000000000000000, 1.000000000000000000 ) ) ;
#1023 = ORIENTED_EDGE ( 'NONE', *, *, #3404, .T. ) ;
#1024 = CARTESIAN_POINT ( 'NONE',  ( -228.1293727074229878, 1525.601106651572081, 7.500000000000000000 ) ) ;
#1025 = VECTOR ( 'NONE', #5621, 1000.000000000000000 ) ;
#1026 = ORIENTED_EDGE ( 'NONE', *, *, #752, .F. ) ;
#1027 = LINE ( 'NONE', #1620, #3236 ) ;
#1028 = EDGE_LOOP ( 'NONE', ( #4334, #775, #4410, #2955 ) ) ;
#1029 = CARTESIAN_POINT ( 'NONE',  ( -202.0529673775675406, 1502.175295953820751, 9.000000000000000000 ) ) ;
#1030 = VECTOR ( 'NONE', #6047, 1000.000000000000227 ) ;
#1031 = LINE ( 'NONE', #535, #2042 ) ;
#1032 = DIRECTION ( 'NONE',  ( 0.2041524011832676622, 0.9789391181739066639, 0.000000000000000000 ) ) ;
#1033 = DIRECTION ( 'NONE',  ( 0.7071067811865475727, 0.7071067811865475727, 0.000000000000000000 ) ) ;
#1034 = DIRECTION ( 'NONE',  ( 0.000000000000000000, -0.000000000000000000, -1.000000000000000000 ) ) ;
#1035 = ORIENTED_EDGE ( 'NONE', *, *, #5477, .T. ) ;
#1036 = CARTESIAN_POINT ( 'NONE',  ( -223.6607692585541827, 1518.101106651571627, 11.50000000000000000 ) ) ;
#1037 = CARTESIAN_POINT ( 'NONE',  ( -254.7642285313643811, 1524.581875882341365, 11.50000000000000178 ) ) ;
#1038 = CARTESIAN_POINT ( 'NONE',  ( -253.1134057317522945, 1524.661657351569829, 11.49999999999999112 ) ) ;
#1039 = DIRECTION ( 'NONE',  ( 0.000000000000000000, -0.000000000000000000, 1.000000000000000000 ) ) ;
#1040 = CARTESIAN_POINT ( 'NONE',  ( -367.4312958390565313, 1518.101106651571627, 11.50000000000000000 ) ) ;
#1041 = CARTESIAN_POINT ( 'NONE',  ( -250.9315223729509796, 1522.099278603036737, 10.90000000000000391 ) ) ;
#1042 = ADVANCED_FACE ( 'NONE', ( #4015 ), #742, .F. ) ;
#1043 = VERTEX_POINT ( 'NONE', #261 ) ;
#1044 = EDGE_LOOP ( 'NONE', ( #5499, #5306, #3747, #4450 ) ) ;
#1045 = CARTESIAN_POINT ( 'NONE',  ( -254.4978676940818900, 1523.249996259454292, 11.50000000000000000 ) ) ;
#1046 = PLANE ( 'NONE',  #4456 ) ;
#1047 = CARTESIAN_POINT ( 'NONE',  ( -250.5275140831999465, 1523.334060396308814, 10.90000000000000036 ) ) ;
#1048 = ORIENTED_EDGE ( 'NONE', *, *, #1746, .T. ) ;
#1049 = LINE ( 'NONE', #579, #3164 ) ;
#1050 = EDGE_CURVE ( 'NONE', #823, #457, #202, .T. ) ;
#1051 = LINE ( 'NONE', #581, #408 ) ;
#1052 = CARTESIAN_POINT ( 'NONE',  ( -203.4312958390566450, 1398.601106651571854, 5.749999999999905853 ) ) ;
#1053 = DIRECTION ( 'NONE',  ( 0.000000000000000000, 0.000000000000000000, -1.000000000000000000 ) ) ;
#1054 = ORIENTED_EDGE ( 'NONE', *, *, #2488, .F. ) ;
#1055 = ORIENTED_EDGE ( 'NONE', *, *, #1585, .F. ) ;
#1056 = PLANE ( 'NONE',  #5073 ) ;
#1057 = ADVANCED_FACE ( 'NONE', ( #4125 ), #2181, .T. ) ;
#1058 = ADVANCED_FACE ( 'NONE', ( #3752 ), #2732, .T. ) ;
#1059 = LINE ( 'NONE', #5939, #5556 ) ;
#1060 = LINE ( 'NONE', #5412, #797 ) ;
#1061 = DIRECTION ( 'NONE',  ( -0.7071067811865868746, 0.000000000000000000, -0.7071067811865081598 ) ) ;
#1062 = ORIENTED_EDGE ( 'NONE', *, *, #1470, .F. ) ;
#1063 = DIRECTION ( 'NONE',  ( -0.000000000000000000, 0.000000000000000000, 1.000000000000000000 ) ) ;
#1064 = FACE_OUTER_BOUND ( 'NONE', #807, .T. ) ;
#1065 = EDGE_CURVE ( 'NONE', #3040, #5664, #1836, .T. ) ;
#1066 = LINE ( 'NONE', #5443, #5950 ) ;
#1067 = CARTESIAN_POINT ( 'NONE',  ( -250.7338304580811723, 1519.589453497937711, 11.50000000000000000 ) ) ;
#1068 = PLANE ( 'NONE',  #2751 ) ;
#1069 = ORIENTED_EDGE ( 'NONE', *, *, #2795, .F. ) ;
#1070 = ORIENTED_EDGE ( 'NONE', *, *, #2877, .T. ) ;
#1071 = FACE_OUTER_BOUND ( 'NONE', #4698, .T. ) ;
#1072 = CARTESIAN_POINT ( 'NONE',  ( -250.5275140831999465, 1523.334060396308814, 10.90000000000000036 ) ) ;
#1073 = CARTESIAN_POINT ( 'NONE',  ( -253.6822174498232130, 1522.552657201847751, 10.89999999999999680 ) ) ;
#1074 = EDGE_CURVE ( 'NONE', #3161, #4991, #3780, .T. ) ;
#1075 = ORIENTED_EDGE ( 'NONE', *, *, #226, .T. ) ;
#1076 = CARTESIAN_POINT ( 'NONE',  ( -254.8181969570007652, 1524.587805852858310, 11.50000000000000533 ) ) ;
#1077 = DIRECTION ( 'NONE',  ( 0.000000000000000000, 0.000000000000000000, 1.000000000000000000 ) ) ;
#1078 = LINE ( 'NONE', #3473, #4763 ) ;
#1079 = LINE ( 'NONE', #374, #5347 ) ;
#1080 = DIRECTION ( 'NONE',  ( -1.000000000000000000, 0.000000000000000000, 0.000000000000000000 ) ) ;
#1081 = EDGE_CURVE ( 'NONE', #3551, #660, #3249, .T. ) ;
#1082 = ORIENTED_EDGE ( 'NONE', *, *, #1442, .F. ) ;
#1083 = ORIENTED_EDGE ( 'NONE', *, *, #1131, .T. ) ;
#1084 = FACE_OUTER_BOUND ( 'NONE', #1199, .T. ) ;
#1085 = VECTOR ( 'NONE', #5706, 1000.000000000000000 ) ;
#1086 = ORIENTED_EDGE ( 'NONE', *, *, #6043, .F. ) ;
#1087 = PLANE ( 'NONE',  #5360 ) ;
#1088 = CARTESIAN_POINT ( 'NONE',  ( -208.4312958390566166, 1402.601106651571854, 0.4999999999999449329 ) ) ;
#1089 = EDGE_CURVE ( 'NONE', #5836, #3161, #79, .T. ) ;
#1090 = AXIS2_PLACEMENT_3D ( 'NONE', #1256, #1320, #4181 ) ;
#1091 = LINE ( 'NONE', #1563, #1621 ) ;
#1092 = ORIENTED_EDGE ( 'NONE', *, *, #4467, .T. ) ;
#1093 = PLANE ( 'NONE',  #518 ) ;
#1094 = FACE_OUTER_BOUND ( 'NONE', #3326, .T. ) ;
#1095 = VECTOR ( 'NONE', #1053, 1000.000000000000000 ) ;
#1096 = CARTESIAN_POINT ( 'NONE',  ( -254.2953844897949409, 1522.319355717472945, 11.50000000000000000 ) ) ;
#1097 = VECTOR ( 'NONE', #3869, 999.9999999999998863 ) ;
#1098 = LINE ( 'NONE', #1602, #3528 ) ;
#1099 = ORIENTED_EDGE ( 'NONE', *, *, #2357, .T. ) ;
#1100 = LINE ( 'NONE', #5480, #712 ) ;
#1101 = VECTOR ( 'NONE', #5711, 1000.000000000000000 ) ;
#1102 = LINE ( 'NONE', #722, #2545 ) ;
#1103 = EDGE_LOOP ( 'NONE', ( #5826, #3517, #6231 ) ) ;
#1104 = ORIENTED_EDGE ( 'NONE', *, *, #5670, .F. ) ;
#1105 = DIRECTION ( 'NONE',  ( -0.7071067811865082708, 0.7071067811865868746, 0.000000000000000000 ) ) ;
#1106 = CARTESIAN_POINT ( 'NONE',  ( -248.3543727621335790, 1525.524183574649669, 11.50000000000000000 ) ) ;
#1107 = CARTESIAN_POINT ( 'NONE',  ( -253.4456757621492784, 1522.730890418301669, 10.90000000000000391 ) ) ;
#1108 = CIRCLE ( 'NONE', #2429, 5.499999999999976907 ) ;
#1109 = EDGE_LOOP ( 'NONE', ( #4951, #1868, #5386 ) ) ;
#1110 = LINE ( 'NONE', #5545, #21 ) ;
#1111 = AXIS2_PLACEMENT_3D ( 'NONE', #3008, #5067, #4059 ) ;
#1112 = DIRECTION ( 'NONE',  ( 0.000000000000000000, -0.7071067811865868746, -0.7071067811865082708 ) ) ;
#1113 = CARTESIAN_POINT ( 'NONE',  ( -248.5490843005950978, 1520.295818190034197, 11.50000000000000000 ) ) ;
#1114 = DIRECTION ( 'NONE',  ( 0.7071067811865082708, 0.000000000000000000, 0.7071067811865867636 ) ) ;
#1115 = VERTEX_POINT ( 'NONE', #5176 ) ;
#1116 = CARTESIAN_POINT ( 'NONE',  ( -208.4312958390566166, 1395.301106651571672, 11.50000000000000000 ) ) ;
#1117 = AXIS2_PLACEMENT_3D ( 'NONE', #5063, #5120, #4527 ) ;
#1118 = VERTEX_POINT ( 'NONE', #1364 ) ;
#1119 = ORIENTED_EDGE ( 'NONE', *, *, #32, .T. ) ;
#1120 = FACE_OUTER_BOUND ( 'NONE', #1109, .T. ) ;
#1121 = VECTOR ( 'NONE', #3568, 1000.000000000000000 ) ;
#1122 = ADVANCED_FACE ( 'NONE', ( #4707 ), #2922, .T. ) ;
#1123 = LINE ( 'NONE', #792, #1210 ) ;
#1124 = ORIENTED_EDGE ( 'NONE', *, *, #1967, .F. ) ;
#1125 = CARTESIAN_POINT ( 'NONE',  ( -202.0529673775675974, 1502.175295953820978, 11.00000000000005507 ) ) ;
#1126 = LINE ( 'NONE', #3071, #4749 ) ;
#1127 = CARTESIAN_POINT ( 'NONE',  ( -236.3293727074230048, 1525.601106651572081, 10.90000000000000036 ) ) ;
#1128 = EDGE_CURVE ( 'NONE', #1695, #3457, #5210, .T. ) ;
#1129 = ORIENTED_EDGE ( 'NONE', *, *, #1536, .F. ) ;
#1130 = CARTESIAN_POINT ( 'NONE',  ( 0.000000000000000000, 0.000000000000000000, 9.000000000000001776 ) ) ;
#1131 = EDGE_CURVE ( 'NONE', #5681, #1683, #4290, .T. ) ;
#1132 = CARTESIAN_POINT ( 'NONE',  ( -255.1975831917781647, 1521.618305533251714, 11.50000000000000000 ) ) ;
#1133 = CC_DESIGN_APPROVAL ( #4934, ( #2968 ) ) ;
#1134 = CARTESIAN_POINT ( 'NONE',  ( -207.9312958390566450, 1492.686986531620050, 0.000000000000000000 ) ) ;
#1135 = CARTESIAN_POINT ( 'NONE',  ( -207.9312958390566735, 1394.801106651571672, 11.50000000000000000 ) ) ;
#1136 = ORIENTED_EDGE ( 'NONE', *, *, #450, .F. ) ;
#1137 = CARTESIAN_POINT ( 'NONE',  ( -250.4619892458673291, 1522.461122571620535, 11.50000000000000178 ) ) ;
#1138 = ADVANCED_FACE ( 'NONE', ( #8 ), #5444, .F. ) ;
#1139 = ORIENTED_EDGE ( 'NONE', *, *, #2786, .F. ) ;
#1140 = ORIENTED_EDGE ( 'NONE', *, *, #5572, .F. ) ;
#1141 = PLANE ( 'NONE',  #4755 ) ;
#1142 = DIRECTION ( 'NONE',  ( -0.7071067811865783259, -2.178605099898093577E-16, -0.7071067811865167085 ) ) ;
#1143 = CARTESIAN_POINT ( 'NONE',  ( -366.9312958390565313, 1525.601106651572991, 0.000000000000000000 ) ) ;
#1144 = EDGE_LOOP ( 'NONE', ( #4723, #1456, #3190, #5665 ) ) ;
#1145 = CARTESIAN_POINT ( 'NONE',  ( -198.6992450314876351, 1496.366478455931428, 11.00000000000000000 ) ) ;
#1146 = DIRECTION ( 'NONE',  ( -1.000000000000000000, 0.000000000000000000, 0.000000000000000000 ) ) ;
#1147 = CARTESIAN_POINT ( 'NONE',  ( -248.5150797703548449, 1520.343393073474545, 10.90000000000000036 ) ) ;
#1148 = CARTESIAN_POINT ( 'NONE',  ( -256.3355086980570263, 1522.139270240594215, 10.90000000000000036 ) ) ;
#1149 = CARTESIAN_POINT ( 'NONE',  ( -375.2312958390564859, 1527.101106651571854, 5.749999999999905853 ) ) ;
#1150 = ORIENTED_EDGE ( 'NONE', *, *, #213, .T. ) ;
#1151 = ORIENTED_EDGE ( 'NONE', *, *, #6196, .T. ) ;
#1152 = DIRECTION ( 'NONE',  ( -0.7071067811865868746, -0.7071067811865081598, 0.000000000000000000 ) ) ;
#1153 = VERTEX_POINT ( 'NONE', #5799 ) ;
#1154 = PLANE ( 'NONE',  #5753 ) ;
#1155 = FACE_OUTER_BOUND ( 'NONE', #399, .T. ) ;
#1156 = EDGE_CURVE ( 'NONE', #2102, #1570, #551, .T. ) ;
#1157 = DIRECTION ( 'NONE',  ( 1.000000000000000000, 0.000000000000000000, -0.000000000000000000 ) ) ;
#1158 = ORIENTED_EDGE ( 'NONE', *, *, #3504, .F. ) ;
#1159 = PLANE ( 'NONE',  #4135 ) ;
#1160 = PLANE ( 'NONE',  #3136 ) ;
#1161 = CARTESIAN_POINT ( 'NONE',  ( -253.4456757621492784, 1522.730890418301669, 10.90000000000000391 ) ) ;
#1162 = ADVANCED_FACE ( 'NONE', ( #5831 ), #2081, .T. ) ;
#1163 = ORIENTED_EDGE ( 'NONE', *, *, #2161, .T. ) ;
#1164 = CARTESIAN_POINT ( 'NONE',  ( -250.2077381467489658, 1520.524183574649669, 11.50000000000000178 ) ) ;
#1165 = EDGE_CURVE ( 'NONE', #4024, #5408, #1482, .T. ) ;
#1166 = EDGE_LOOP ( 'NONE', ( #5377, #2770, #4455, #4414 ) ) ;
#1167 = EDGE_LOOP ( 'NONE', ( #2237, #1291, #6044, #4618, #5245, #2046, #2268, #2231, #4781, #3788, #5739, #1099, #4528, #745 ) ) ;
#1168 = FACE_OUTER_BOUND ( 'NONE', #5473, .T. ) ;
#1169 = CARTESIAN_POINT ( 'NONE',  ( -254.4745650698259567, 1522.288606651572081, 11.50000000000000178 ) ) ;
#1170 = EDGE_CURVE ( 'NONE', #5965, #638, #3843, .T. ) ;
#1171 = EDGE_LOOP ( 'NONE', ( #3636, #1083, #2999, #2836 ) ) ;
#1172 = ADVANCED_FACE ( 'NONE', ( #1962 ), #3909, .F. ) ;
#1173 = DIRECTION ( 'NONE',  ( 0.7071067811865868746, 2.200518442539639959E-16, 0.7071067811865081598 ) ) ;
#1174 = CARTESIAN_POINT ( 'NONE',  ( -248.2264263861137579, 1520.898642570922902, 10.90000000000000213 ) ) ;
#1175 = CARTESIAN_POINT ( 'NONE',  ( -256.4036516082874186, 1522.139568190033515, 10.90000000000000036 ) ) ;
#1176 = CARTESIAN_POINT ( 'NONE',  ( -238.9293727074229707, 1527.601106651571854, 4.907106781186303834 ) ) ;
#1177 = EDGE_LOOP ( 'NONE', ( #4363, #6066, #556, #4146 ) ) ;
#1178 = ORIENTED_EDGE ( 'NONE', *, *, #3734, .F. ) ;
#1179 = DIRECTION ( 'NONE',  ( 0.000000000000000000, 0.000000000000000000, 1.000000000000000000 ) ) ;
#1180 = EDGE_LOOP ( 'NONE', ( #4253, #169, #4245, #2822 ) ) ;
#1181 = LINE ( 'NONE', #239, #6160 ) ;
#1182 = CARTESIAN_POINT ( 'NONE',  ( -251.9208313306807838, 1520.580481944060239, 11.50000000000000178 ) ) ;
#1183 = DIRECTION ( 'NONE',  ( 1.000000000000000000, 0.000000000000000000, 0.000000000000000000 ) ) ;
#1184 = VECTOR ( 'NONE', #4340, 1000.000000000000000 ) ;
#1185 = ORIENTED_EDGE ( 'NONE', *, *, #2167, .F. ) ;
#1186 = DIRECTION ( 'NONE',  ( 1.000000000000000000, 0.000000000000000000, -0.000000000000000000 ) ) ;
#1187 = CARTESIAN_POINT ( 'NONE',  ( -237.9293727074229992, 1527.747553260978520, 3.846446609406767525 ) ) ;
#1188 = LINE ( 'NONE', #2147, #804 ) ;
#1189 = PLANE ( 'NONE',  #588 ) ;
#1190 = VECTOR ( 'NONE', #4815, 1000.000000000000000 ) ;
#1191 = DIRECTION ( 'NONE',  ( 0.000000000000000000, 0.000000000000000000, -1.000000000000000000 ) ) ;
#1192 = AXIS2_PLACEMENT_3D ( 'NONE', #1462, #1432, #5312 ) ;
#1193 = ORIENTED_EDGE ( 'NONE', *, *, #2, .T. ) ;
#1194 = AXIS2_PLACEMENT_3D ( 'NONE', #4072, #5905, #3984 ) ;
#1195 = ADVANCED_FACE ( 'NONE', ( #960 ), #3433, .F. ) ;
#1196 = CARTESIAN_POINT ( 'NONE',  ( -253.8567766082874186, 1519.601106651572081, 10.90000000000000036 ) ) ;
#1197 = CARTESIAN_POINT ( 'NONE',  ( -256.6620650698259283, 1522.139568190033515, 11.50000000000000000 ) ) ;
#1198 = CIRCLE ( 'NONE', #2830, 1.699999999999979305 ) ;
#1199 = EDGE_LOOP ( 'NONE', ( #4505, #3603, #796, #5592 ) ) ;
#1200 = VECTOR ( 'NONE', #5014, 1000.000000000000000 ) ;
#1201 = LINE ( 'NONE', #1669, #3269 ) ;
#1202 = AXIS2_PLACEMENT_3D ( 'NONE', #330, #2156, #5641 ) ;
#1203 = EDGE_CURVE ( 'NONE', #6074, #3719, #2867, .T. ) ;
#1204 = FACE_OUTER_BOUND ( 'NONE', #3176, .T. ) ;
#1205 = EDGE_CURVE ( 'NONE', #1987, #6106, #4744, .T. ) ;
#1206 = DIRECTION ( 'NONE',  ( 0.000000000000000000, 0.000000000000000000, 1.000000000000000000 ) ) ;
#1207 = DIRECTION ( 'NONE',  ( 0.000000000000000000, 0.000000000000000000, 1.000000000000000000 ) ) ;
#1208 = VERTEX_POINT ( 'NONE', #2379 ) ;
#1209 = EDGE_LOOP ( 'NONE', ( #2645, #4838, #3350, #5985 ) ) ;
#1210 = VECTOR ( 'NONE', #1762, 1000.000000000000000 ) ;
#1211 = CARTESIAN_POINT ( 'NONE',  ( -256.6620650698259283, 1524.601106651571854, 10.90000000000000036 ) ) ;
#1212 = VERTEX_POINT ( 'NONE', #1425 ) ;
#1213 = CARTESIAN_POINT ( 'NONE',  ( -254.9709200249363334, 1524.594601482290500, 11.50000000000000178 ) ) ;
#1214 = VECTOR ( 'NONE', #2239, 1000.000000000000000 ) ;
#1215 = CARTESIAN_POINT ( 'NONE',  ( -250.2270372428124290, 1519.525400563027461, 10.90000000000000036 ) ) ;
#1216 = DIRECTION ( 'NONE',  ( -3.558407130208834256E-15, -0.000000000000000000, 1.000000000000000000 ) ) ;
#1217 = PLANE ( 'NONE',  #2036 ) ;
#1218 = ORIENTED_EDGE ( 'NONE', *, *, #1529, .T. ) ;
#1219 = CARTESIAN_POINT ( 'NONE',  ( -371.4312958390563040, 1522.601106651571854, 7.000000000000000000 ) ) ;
#1220 = DIRECTION ( 'NONE',  ( 0.000000000000000000, 0.000000000000000000, -1.000000000000000000 ) ) ;
#1221 = CARTESIAN_POINT ( 'NONE',  ( -249.4081890946906697, 1522.145182220542438, 11.50000000000000000 ) ) ;
#1222 = CARTESIAN_POINT ( 'NONE',  ( -250.0363658700910321, 1523.515510887816617, 11.50000000000000000 ) ) ;
#1223 = VECTOR ( 'NONE', #3681, 1000.000000000000000 ) ;
#1224 = ORIENTED_EDGE ( 'NONE', *, *, #2010, .F. ) ;
#1225 = DIRECTION ( 'NONE',  ( 0.000000000000000000, 0.000000000000000000, 1.000000000000000000 ) ) ;
#1226 = B_SPLINE_SURFACE_WITH_KNOTS ( 'NONE', 3, 1, ( 
 ( #3259, #3631 ),
 ( #1215, #813 ),
 ( #4202, #4134 ),
 ( #5620, #2742 ),
 ( #5527, #4686 ),
 ( #6125, #4646 ),
 ( #2775, #719 ),
 ( #777, #2647 ),
 ( #2227, #2678 ),
 ( #1777, #4615 ),
 ( #2285, #5185 ),
 ( #2192, #4172 ),
 ( #3163, #845 ),
 ( #5593, #1182 ),
 ( #5089, #369 ),
 ( #4589, #3126 ),
 ( #750, #1750 ),
 ( #6003, #1717 ),
 ( #3663, #1655 ) ),
 .UNSPECIFIED., .F., .F., .F.,
 ( 4, 1, 1, 1, 1, 1, 1, 1, 1, 1, 1, 1, 1, 1, 1, 1, 4 ),
 ( 2, 2 ),
 ( 0.000000000000000000, 0.06868200889000863896, 0.1341053709709379427, 0.1975679288876397433, 0.2586952636031243924, 0.3189424287643881639, 0.3783525933343366843, 0.4377332491936547498, 0.4977361043058721735, 0.5581216416410359482, 0.6177169549676237992, 0.6778878797972838210, 0.7389318705068441684, 0.8010022243489125504, 0.8649586617602372796, 0.9313520245996934621, 1.000000000000000000 ),
 ( 0.000000000000000000, 1.000000000000000000 ),
 .UNSPECIFIED. ) ;
#1227 = PRODUCT_DEFINITION_FORMATION_WITH_SPECIFIED_SOURCE ( 'ANY', '', #3459, .NOT_KNOWN. ) ;
#1228 = ORIENTED_EDGE ( 'NONE', *, *, #5861, .T. ) ;
#1229 = CARTESIAN_POINT ( 'NONE',  ( -249.2785528388749015, 1521.512545731909086, 11.49999999999999645 ) ) ;
#1230 = CARTESIAN_POINT ( 'NONE',  ( -203.4312958390566450, 1398.601106651571854, 6.249999999999939604 ) ) ;
#1231 = CARTESIAN_POINT ( 'NONE',  ( -254.4829228072379408, 1525.563486421980087, 10.89999999999999858 ) ) ;
#1232 = VERTEX_POINT ( 'NONE', #70 ) ;
#1233 = ADVANCED_FACE ( 'NONE', ( #1455 ), #5401, .T. ) ;
#1234 = CARTESIAN_POINT ( 'NONE',  ( -248.5986560909697971, 1520.234558140982926, 10.90000000000000036 ) ) ;
#1235 = CARTESIAN_POINT ( 'NONE',  ( -373.1312958390562926, 1522.601106651571854, 7.000000000000000000 ) ) ;
#1236 = DIRECTION ( 'NONE',  ( 1.000000000000000000, 2.775557561563196798E-14, 0.000000000000000000 ) ) ;
#1237 = CARTESIAN_POINT ( 'NONE',  ( -255.7670900678519672, 1522.077227342184869, 11.50000000000000000 ) ) ;
#1238 = CARTESIAN_POINT ( 'NONE',  ( -250.1756468801827396, 1520.524747383305566, 10.90000000000000036 ) ) ;
#1239 = ORIENTED_EDGE ( 'NONE', *, *, #3280, .F. ) ;
#1240 = EDGE_LOOP ( 'NONE', ( #585, #1500, #5034, #5522 ) ) ;
#1241 = CARTESIAN_POINT ( 'NONE',  ( -249.8604062826993299, 1522.492196340268265, 11.49999999999999112 ) ) ;
#1242 = DIRECTION ( 'NONE',  ( -0.7071067811866381669, 0.7071067811864569785, 0.000000000000000000 ) ) ;
#1243 = EDGE_CURVE ( 'NONE', #5517, #3040, #2926, .T. ) ;
#1244 = ORIENTED_EDGE ( 'NONE', *, *, #5727, .T. ) ;
#1245 = CARTESIAN_POINT ( 'NONE',  ( -226.0293727074229935, 1531.047553260978702, 7.853553390593162931 ) ) ;
#1246 = VERTEX_POINT ( 'NONE', #3940 ) ;
#1247 = CARTESIAN_POINT ( 'NONE',  ( -202.3059333126236652, 1502.250988454510207, 9.181228675706135434 ) ) ;
#1248 = EDGE_CURVE ( 'NONE', #1683, #1821, #1516, .T. ) ;
#1249 = ADVANCED_FACE ( 'NONE', ( #4924 ), #166, .T. ) ;
#1250 = FACE_OUTER_BOUND ( 'NONE', #4242, .T. ) ;
#1251 = LINE ( 'NONE', #307, #4983 ) ;
#1252 = ORIENTED_EDGE ( 'NONE', *, *, #623, .F. ) ;
#1253 = PLANE ( 'NONE',  #718 ) ;
#1254 = DIRECTION ( 'NONE',  ( -0.000000000000000000, -0.000000000000000000, -1.000000000000000000 ) ) ;
#1255 = CARTESIAN_POINT ( 'NONE',  ( -249.7811046896902667, 1522.466082365810280, 11.50000000000000000 ) ) ;
#1256 = CARTESIAN_POINT ( 'NONE',  ( -200.5812958390566223, 1394.801106651571672, 9.000000000000001776 ) ) ;
#1257 = ORIENTED_EDGE ( 'NONE', *, *, #2265, .F. ) ;
#1258 = ORIENTED_EDGE ( 'NONE', *, *, #835, .T. ) ;
#1259 = CARTESIAN_POINT ( 'NONE',  ( -251.0912378049617359, 1521.248851337421456, 10.89999999999999858 ) ) ;
#1260 = VERTEX_POINT ( 'NONE', #4509 ) ;
#1261 = EDGE_CURVE ( 'NONE', #3549, #3916, #2539, .T. ) ;
#1262 = CARTESIAN_POINT ( 'NONE',  ( -249.3349427430201786, 1521.977179494535221, 11.49999999999999467 ) ) ;
#1263 = CARTESIAN_POINT ( 'NONE',  ( -253.9197764559779671, 1525.443388149177281, 11.50000000000000178 ) ) ;
#1264 = CARTESIAN_POINT ( 'NONE',  ( -237.3293727074229764, 1518.101106651571627, 7.500000000000000000 ) ) ;
#1265 = EDGE_LOOP ( 'NONE', ( #3286, #3089, #6117, #3532 ) ) ;
#1266 = CARTESIAN_POINT ( 'NONE',  ( -250.0761902813710549, 1519.526379254570884, 10.90000000000000036 ) ) ;
#1267 = CARTESIAN_POINT ( 'NONE',  ( -375.2312958390564859, 1527.101106651571854, 11.00000000000005507 ) ) ;
#1268 = CARTESIAN_POINT ( 'NONE',  ( -248.2450581012202235, 1522.361950171046828, 10.90000000000000213 ) ) ;
#1269 = EDGE_CURVE ( 'NONE', #5664, #638, #1787, .T. ) ;
#1270 = VERTEX_POINT ( 'NONE', #160 ) ;
#1271 = ORIENTED_EDGE ( 'NONE', *, *, #1738, .T. ) ;
#1272 = CARTESIAN_POINT ( 'NONE',  ( -211.2080216973944005, 1507.687828808946733, 7.000000000000000000 ) ) ;
#1273 = FACE_OUTER_BOUND ( 'NONE', #376, .T. ) ;
#1274 = VERTEX_POINT ( 'NONE', #1197 ) ;
#1275 = CARTESIAN_POINT ( 'NONE',  ( -254.8181969570007652, 1524.587805852858310, 10.90000000000000568 ) ) ;
#1276 = EDGE_CURVE ( 'NONE', #620, #5878, #2087, .T. ) ;
#1277 = ORIENTED_EDGE ( 'NONE', *, *, #6087, .F. ) ;
#1278 = CARTESIAN_POINT ( 'NONE',  ( -252.5082189159797394, 1519.601106651572081, 11.50000000000000000 ) ) ;
#1279 = CARTESIAN_POINT ( 'NONE',  ( -203.4312958390566450, 1398.601106651571854, 6.249999999999939604 ) ) ;
#1280 = LINE ( 'NONE', #5895, #1932 ) ;
#1281 = ORIENTED_EDGE ( 'NONE', *, *, #4198, .T. ) ;
#1282 = FACE_OUTER_BOUND ( 'NONE', #3811, .T. ) ;
#1283 = LINE ( 'NONE', #6102, #2619 ) ;
#1284 = EDGE_CURVE ( 'NONE', #5965, #2929, #5638, .T. ) ;
#1285 = DIRECTION ( 'NONE',  ( 0.000000000000000000, 0.000000000000000000, -1.000000000000000000 ) ) ;
#1286 = EDGE_CURVE ( 'NONE', #1939, #4696, #5486, .T. ) ;
#1287 = DIRECTION ( 'NONE',  ( 0.7071067811865082708, 0.7071067811865868746, 0.000000000000000000 ) ) ;
#1288 = ORIENTED_EDGE ( 'NONE', *, *, #3923, .T. ) ;
#1289 = CARTESIAN_POINT ( 'NONE',  ( -198.4312958390566166, 1395.301106651571672, 6.249999999999905853 ) ) ;
#1290 = ORIENTED_EDGE ( 'NONE', *, *, #3981, .T. ) ;
#1291 = ORIENTED_EDGE ( 'NONE', *, *, #2010, .T. ) ;
#1292 = CARTESIAN_POINT ( 'NONE',  ( -249.3661346034851078, 1522.065849236264285, 10.90000000000000213 ) ) ;
#1293 = AXIS2_PLACEMENT_3D ( 'NONE', #4575, #228, #5075 ) ;
#1294 = CARTESIAN_POINT ( 'NONE',  ( -253.3661155688288886, 1525.062040155093200, 11.50000000000000178 ) ) ;
#1295 = CARTESIAN_POINT ( 'NONE',  ( -254.1700699045500471, 1525.513196082276409, 11.49999999999999112 ) ) ;
#1296 = VERTEX_POINT ( 'NONE', #737 ) ;
#1297 = VECTOR ( 'NONE', #1976, 1000.000000000000114 ) ;
#1298 = VECTOR ( 'NONE', #3750, 1000.000000000000000 ) ;
#1299 = CARTESIAN_POINT ( 'NONE',  ( -215.9559690393440690, 1507.256001209732403, 9.000000000000001776 ) ) ;
#1300 = DIRECTION ( 'NONE',  ( -0.5000000000000012212, 0.8660254037844379305, -0.000000000000000000 ) ) ;
#1301 = CARTESIAN_POINT ( 'NONE',  ( -228.4293727074229707, 1524.022692017425470, 7.500000000000000000 ) ) ;
#1302 = CARTESIAN_POINT ( 'NONE',  ( -248.8857808525254711, 1523.221531656713978, 10.90000000000000036 ) ) ;
#1303 = VECTOR ( 'NONE', #4550, 1000.000000000000000 ) ;
#1304 = CIRCLE ( 'NONE', #2515, 1.999999999998863798 ) ;
#1305 = ORIENTED_EDGE ( 'NONE', *, *, #5849, .F. ) ;
#1306 = CARTESIAN_POINT ( 'NONE',  ( -254.7493336187069985, 1521.017423757632514, 10.90000000000000036 ) ) ;
#1307 = VECTOR ( 'NONE', #3320, 1000.000000000000000 ) ;
#1308 = EDGE_LOOP ( 'NONE', ( #2783, #1372, #2939, #3961 ) ) ;
#1309 = CARTESIAN_POINT ( 'NONE',  ( -254.2476300497498869, 1523.451726138821186, 10.90000000000000391 ) ) ;
#1310 = CARTESIAN_POINT ( 'NONE',  ( -228.4293727074229707, 1524.022692017425470, 7.500000000000000000 ) ) ;
#1311 = CIRCLE ( 'NONE', #2729, 2.000000000000057288 ) ;
#1312 = LINE ( 'NONE', #3352, #2338 ) ;
#1313 = EDGE_CURVE ( 'NONE', #926, #5523, #4602, .T. ) ;
#1314 = CARTESIAN_POINT ( 'NONE',  ( -255.5246250234149556, 1523.140014704277291, 11.49999999999999645 ) ) ;
#1315 = VECTOR ( 'NONE', #981, 1000.000000000000000 ) ;
#1316 = VERTEX_POINT ( 'NONE', #2178 ) ;
#1317 = PLANE ( 'NONE',  #614 ) ;
#1318 = CARTESIAN_POINT ( 'NONE',  ( -371.4312958390563040, 1522.601106651571854, 5.749999999999905853 ) ) ;
#1319 = CARTESIAN_POINT ( 'NONE',  ( -250.1224016082874186, 1522.524183574649669, 11.50000000000000000 ) ) ;
#1320 = DIRECTION ( 'NONE',  ( 1.000000000000000000, 4.022547190670782203E-15, -0.000000000000000000 ) ) ;
#1321 = VERTEX_POINT ( 'NONE', #3493 ) ;
#1322 = VECTOR ( 'NONE', #3922, 1000.000000000000000 ) ;
#1323 = VERTEX_POINT ( 'NONE', #4481 ) ;
#1324 = CARTESIAN_POINT ( 'NONE',  ( -366.9312958390565313, 1517.601106651571854, 0.4999999999999449329 ) ) ;
#1325 = EDGE_CURVE ( 'NONE', #1939, #860, #133, .T. ) ;
#1326 = EDGE_LOOP ( 'NONE', ( #5578, #586, #5525, #2175 ) ) ;
#1327 = CARTESIAN_POINT ( 'NONE',  ( -252.1236035313643811, 1521.317452805418725, 10.90000000000000036 ) ) ;
#1328 = CARTESIAN_POINT ( 'NONE',  ( -254.6639015886699156, 1525.579212306175805, 11.50000000000000178 ) ) ;
#1329 = CARTESIAN_POINT ( 'NONE',  ( -236.0293727074229935, 1525.022692017425697, 7.500000000000000000 ) ) ;
#1330 = ORIENTED_EDGE ( 'NONE', *, *, #55, .T. ) ;
#1331 = VECTOR ( 'NONE', #3131, 1000.000000000000000 ) ;
#1332 = EDGE_CURVE ( 'NONE', #649, #5989, #4250, .T. ) ;
#1333 = CARTESIAN_POINT ( 'NONE',  ( -249.0448833587743422, 1519.822350398386334, 10.90000000000000036 ) ) ;
#1334 = DIRECTION ( 'NONE',  ( 0.000000000000000000, 0.000000000000000000, -1.000000000000000000 ) ) ;
#1335 = CC_DESIGN_APPROVAL ( #2564, ( #898 ) ) ;
#1336 = CARTESIAN_POINT ( 'NONE',  ( -249.1794010448328152, 1523.392337169005486, 11.50000000000000000 ) ) ;
#1337 = ORIENTED_EDGE ( 'NONE', *, *, #2849, .T. ) ;
#1338 = ORIENTED_EDGE ( 'NONE', *, *, #2174, .T. ) ;
#1339 = DIRECTION ( 'NONE',  ( -0.5773502691896258421, -0.5773502691896899019, -0.5773502691895617822 ) ) ;
#1340 = ORIENTED_EDGE ( 'NONE', *, *, #869, .F. ) ;
#1341 = EDGE_CURVE ( 'NONE', #1987, #4730, #832, .T. ) ;
#1342 = CARTESIAN_POINT ( 'NONE',  ( -254.1288842279537619, 1523.764493847205358, 10.89999999999999858 ) ) ;
#1343 = CARTESIAN_POINT ( 'NONE',  ( -256.6620650698259283, 1519.601106651572081, 10.90000000000000036 ) ) ;
#1344 = DIRECTION ( 'NONE',  ( 0.000000000000000000, 0.000000000000000000, 1.000000000000000000 ) ) ;
#1345 = CARTESIAN_POINT ( 'NONE',  ( -254.4978676940818900, 1523.249996259454292, 10.90000000000000036 ) ) ;
#1346 = ORIENTED_EDGE ( 'NONE', *, *, #5736, .F. ) ;
#1347 = CARTESIAN_POINT ( 'NONE',  ( -236.0293727074229935, 1525.022692017425697, 10.90000000000000036 ) ) ;
#1348 = CARTESIAN_POINT ( 'NONE',  ( -254.1422332085857079, 1522.048467476461610, 11.50000000000000711 ) ) ;
#1349 = PLANE ( 'NONE',  #1994 ) ;
#1350 = CARTESIAN_POINT ( 'NONE',  ( -257.8159112236720603, 1525.601106651572081, 11.50000000000000000 ) ) ;
#1351 = EDGE_CURVE ( 'NONE', #2266, #1260, #764, .T. ) ;
#1352 = LINE ( 'NONE', #1878, #3354 ) ;
#1353 = ORIENTED_EDGE ( 'NONE', *, *, #213, .F. ) ;
#1354 = EDGE_LOOP ( 'NONE', ( #2582, #1218, #4029 ) ) ;
#1355 = CARTESIAN_POINT ( 'NONE',  ( -249.3349427430201786, 1521.977179494535221, 10.90000000000000036 ) ) ;
#1356 = CARTESIAN_POINT ( 'NONE',  ( -250.6799397060030969, 1520.660684704933374, 10.90000000000000036 ) ) ;
#1357 = CARTESIAN_POINT ( 'NONE',  ( -249.0294640088481799, 1523.315002440706166, 10.89999999999999858 ) ) ;
#1358 = EDGE_CURVE ( 'NONE', #4823, #3661, #4513, .T. ) ;
#1359 = ORIENTED_EDGE ( 'NONE', *, *, #630, .F. ) ;
#1360 = DIRECTION ( 'NONE',  ( 0.8660254037844379305, 0.5000000000000014433, 0.000000000000000000 ) ) ;
#1361 = ORIENTED_EDGE ( 'NONE', *, *, #4458, .T. ) ;
#1362 = LINE ( 'NONE', #889, #5052 ) ;
#1363 = CARTESIAN_POINT ( 'NONE',  ( -226.0293727074229935, 1528.101106651571627, 11.00000000000005507 ) ) ;
#1364 = CARTESIAN_POINT ( 'NONE',  ( -198.9312958390565598, 1395.301106651571672, 11.50000000000000000 ) ) ;
#1365 = ADVANCED_FACE ( 'NONE', ( #2211 ), #3712, .T. ) ;
#1366 = EDGE_CURVE ( 'NONE', #5664, #2993, #6177, .T. ) ;
#1367 = ORIENTED_EDGE ( 'NONE', *, *, #2452, .F. ) ;
#1368 = CALENDAR_DATE ( 2023, 8, 6 ) ;
#1369 = DIRECTION ( 'NONE',  ( 0.000000000000000000, -0.000000000000000000, 1.000000000000000000 ) ) ;
#1370 = ORIENTED_EDGE ( 'NONE', *, *, #2050, .T. ) ;
#1371 = DIRECTION ( 'NONE',  ( -2.992019012672608321E-16, 1.000000000000000000, 0.000000000000000000 ) ) ;
#1372 = ORIENTED_EDGE ( 'NONE', *, *, #751, .F. ) ;
#1373 = DIRECTION ( 'NONE',  ( -0.000000000000000000, -0.000000000000000000, 1.000000000000000000 ) ) ;
#1374 = DIRECTION ( 'NONE',  ( -0.8877035373385522288, -0.4604154969118891549, 0.000000000000000000 ) ) ;
#1375 = CARTESIAN_POINT ( 'NONE',  ( -254.4014377988519300, 1523.303124344044136, 10.90000000000000213 ) ) ;
#1376 = ORIENTED_EDGE ( 'NONE', *, *, #3894, .F. ) ;
#1377 = LINE ( 'NONE', #3861, #4054 ) ;
#1378 = CARTESIAN_POINT ( 'NONE',  ( -368.3312958390562244, 1525.451106651571990, 7.000000000000000000 ) ) ;
#1379 = DIRECTION ( 'NONE',  ( 0.8660254037844370423, 0.5000000000000027756, -0.000000000000000000 ) ) ;
#1380 = DIRECTION ( 'NONE',  ( 1.000000000000000000, 0.000000000000000000, 0.000000000000000000 ) ) ;
#1381 = EDGE_LOOP ( 'NONE', ( #893, #1765, #2938, #3179 ) ) ;
#1382 = CARTESIAN_POINT ( 'NONE',  ( -250.1224016082874186, 1522.524183574649669, 10.90000000000000036 ) ) ;
#1383 = CARTESIAN_POINT ( 'NONE',  ( -250.8146492651816573, 1520.770677017298340, 10.90000000000000213 ) ) ;
#1384 = DIRECTION ( 'NONE',  ( 1.000000000000000000, 0.000000000000000000, 0.000000000000000000 ) ) ;
#1385 = CARTESIAN_POINT ( 'NONE',  ( -249.5464173812363526, 1520.779331711722079, 10.90000000000000568 ) ) ;
#1386 = ORIENTED_EDGE ( 'NONE', *, *, #1089, .F. ) ;
#1387 = CARTESIAN_POINT ( 'NONE',  ( -254.3830966905470916, 1524.440437911506478, 11.50000000000000178 ) ) ;
#1388 = DIRECTION ( 'NONE',  ( 1.000000000000000000, 0.000000000000000000, 0.000000000000000000 ) ) ;
#1389 = EDGE_CURVE ( 'NONE', #5409, #3065, #4701, .T. ) ;
#1390 = VECTOR ( 'NONE', #2347, 1000.000000000000000 ) ;
#1391 = EDGE_LOOP ( 'NONE', ( #4849, #5513, #5809, #1139 ) ) ;
#1392 = CARTESIAN_POINT ( 'NONE',  ( -254.3190215536767482, 1523.372045876981701, 11.49999999999999822 ) ) ;
#1393 = CARTESIAN_POINT ( 'NONE',  ( 597.3599054062574396, 597.3599054062574396, 9.000000000000001776 ) ) ;
#1394 = CARTESIAN_POINT ( 'NONE',  ( -250.5875458390566735, 1523.299423959264914, 10.90000000000000036 ) ) ;
#1395 = ORIENTED_EDGE ( 'NONE', *, *, #5164, .F. ) ;
#1396 = APPROVAL_DATE_TIME ( #429, #4934 ) ;
#1397 = CARTESIAN_POINT ( 'NONE',  ( -252.1236035313643811, 1521.317452805418725, 10.90000000000000036 ) ) ;
#1398 = EDGE_CURVE ( 'NONE', #209, #484, #4668, .T. ) ;
#1399 = ADVANCED_FACE ( 'NONE', ( #3303 ), #1670, .T. ) ;
#1400 = VECTOR ( 'NONE', #3015, 1000.000000000000000 ) ;
#1401 = CARTESIAN_POINT ( 'NONE',  ( -224.3824570950413886, 1521.851106651572309, 11.50000000000000000 ) ) ;
#1402 = ORIENTED_EDGE ( 'NONE', *, *, #1941, .T. ) ;
#1403 = LINE ( 'NONE', #873, #1898 ) ;
#1404 = ORIENTED_EDGE ( 'NONE', *, *, #2058, .T. ) ;
#1405 =( BOUNDED_CURVE ( )  B_SPLINE_CURVE ( 3, ( #5559, #1247, #4714, #5652 ),
 .UNSPECIFIED., .F., .T. ) 
 B_SPLINE_CURVE_WITH_KNOTS ( ( 4, 4 ),
 ( 5.526728922511227715, 5.670630568840265617 ),
 .UNSPECIFIED. ) 
 CURVE ( )  GEOMETRIC_REPRESENTATION_ITEM ( )  RATIONAL_B_SPLINE_CURVE ( ( 1.000000000000000000, 0.9982751040121545794, 0.9982751040121545794, 1.000000000000000000 ) ) 
 REPRESENTATION_ITEM ( '' )  );
#1406 = VECTOR ( 'NONE', #434, 1000.000000000000000 ) ;
#1407 = CYLINDRICAL_SURFACE ( 'NONE', #1522, 1.999999999998863798 ) ;
#1408 = LINE ( 'NONE', #4716, #26 ) ;
#1409 = LINE ( 'NONE', #2390, #95 ) ;
#1410 = CARTESIAN_POINT ( 'NONE',  ( -254.8241584897602081, 1521.121548508297792, 10.90000000000000213 ) ) ;
#1411 = DIRECTION ( 'NONE',  ( -0.5000000000000027756, 0.8660254037844370423, 0.000000000000000000 ) ) ;
#1412 = DIRECTION ( 'NONE',  ( 0.000000000000000000, -0.7071067811865868746, -0.7071067811865082708 ) ) ;
#1413 = VECTOR ( 'NONE', #3458, 1000.000000000000000 ) ;
#1414 = EDGE_LOOP ( 'NONE', ( #1277, #5569, #2903 ) ) ;
#1415 = CARTESIAN_POINT ( 'NONE',  ( -198.4312958390566450, 1495.366478455931883, 11.50000000000000000 ) ) ;
#1416 = CARTESIAN_POINT ( 'NONE',  ( -254.1295907470889119, 1524.021429655609154, 10.90000000000000036 ) ) ;
#1417 = DIRECTION ( 'NONE',  ( -1.000000000000000000, 5.551115123126393596E-14, 0.000000000000000000 ) ) ;
#1418 = AXIS2_PLACEMENT_3D ( 'NONE', #4791, #5666, #2881 ) ;
#1419 = CARTESIAN_POINT ( 'NONE',  ( -254.7642285313643811, 1524.581875882341365, 10.90000000000000036 ) ) ;
#1420 = ORIENTED_EDGE ( 'NONE', *, *, #4223, .F. ) ;
#1421 = CARTESIAN_POINT ( 'NONE',  ( -249.5105767268461534, 1522.282214490542628, 11.49999999999999467 ) ) ;
#1422 = CARTESIAN_POINT ( 'NONE',  ( -238.4293727074229707, 1530.901106651571808, 7.499999999999969802 ) ) ;
#1423 = CARTESIAN_POINT ( 'NONE',  ( -211.2080216973944005, 1507.687828808946733, 10.50000000000000000 ) ) ;
#1424 = CARTESIAN_POINT ( 'NONE',  ( -250.1596612236720603, 1519.524183574649669, 10.90000000000000036 ) ) ;
#1425 = CARTESIAN_POINT ( 'NONE',  ( -250.1596612236720603, 1519.524183574649669, 10.90000000000000036 ) ) ;
#1426 = VECTOR ( 'NONE', #1451, 1000.000000000000000 ) ;
#1427 = ADVANCED_FACE ( 'NONE', ( #952 ), #2983, .F. ) ;
#1428 = ORIENTED_EDGE ( 'NONE', *, *, #3505, .F. ) ;
#1429 = CARTESIAN_POINT ( 'NONE',  ( -255.5643305077271350, 1521.980528199538639, 10.90000000000000213 ) ) ;
#1430 = CARTESIAN_POINT ( 'NONE',  ( -216.1552157590892875, 1526.601106651572309, 11.50000000000000000 ) ) ;
#1431 = ORIENTED_EDGE ( 'NONE', *, *, #2139, .F. ) ;
#1432 = DIRECTION ( 'NONE',  ( -0.000000000000000000, -0.000000000000000000, -1.000000000000000000 ) ) ;
#1433 = EDGE_LOOP ( 'NONE', ( #3834, #1623, #4957, #5554 ) ) ;
#1434 = VERTEX_POINT ( 'NONE', #3899 ) ;
#1435 = EDGE_CURVE ( 'NONE', #3502, #1564, #3801, .T. ) ;
#1436 = DIRECTION ( 'NONE',  ( 0.4604154969117498220, 0.8877035373386242822, 0.000000000000000000 ) ) ;
#1437 = DIRECTION ( 'NONE',  ( -0.000000000000000000, -0.000000000000000000, 1.000000000000000000 ) ) ;
#1438 = DIRECTION ( 'NONE',  ( 0.000000000000000000, 0.000000000000000000, -1.000000000000000000 ) ) ;
#1439 = DIRECTION ( 'NONE',  ( -2.992019012672608321E-16, 1.000000000000000000, 0.000000000000000000 ) ) ;
#1440 = DIRECTION ( 'NONE',  ( -0.7071067811865868746, -0.7071067811865081598, -1.837086636568573197E-16 ) ) ;
#1441 = EDGE_CURVE ( 'NONE', #6022, #1583, #2195, .T. ) ;
#1442 = EDGE_CURVE ( 'NONE', #3251, #1316, #6233, .T. ) ;
#1443 = DIRECTION ( 'NONE',  ( 0.7071067811865868746, -0.7071067811865081598, -9.185433182840967787E-17 ) ) ;
#1444 = ORIENTED_EDGE ( 'NONE', *, *, #4311, .F. ) ;
#1445 = CARTESIAN_POINT ( 'NONE',  ( -216.5882284609816111, 1526.351106651572536, 11.50000000000000000 ) ) ;
#1446 = LINE ( 'NONE', #883, #3032 ) ;
#1447 = CARTESIAN_POINT ( 'NONE',  ( -252.9714495025036740, 1524.067317878700578, 11.49999999999998934 ) ) ;
#1448 = DIRECTION ( 'NONE',  ( -0.000000000000000000, -0.000000000000000000, 1.000000000000000000 ) ) ;
#1449 = ORIENTED_EDGE ( 'NONE', *, *, #4786, .T. ) ;
#1450 = CARTESIAN_POINT ( 'NONE',  ( -374.7312958390564859, 1527.601106651571854, 11.00000000000000000 ) ) ;
#1451 = DIRECTION ( 'NONE',  ( 0.000000000000000000, 0.000000000000000000, 1.000000000000000000 ) ) ;
#1452 = ORIENTED_EDGE ( 'NONE', *, *, #5233, .T. ) ;
#1453 = CARTESIAN_POINT ( 'NONE',  ( -237.3293727074230048, 1522.722692017425970, 10.90000000000000036 ) ) ;
#1454 = DIRECTION ( 'NONE',  ( -0.000000000000000000, -1.000000000000000000, 0.000000000000000000 ) ) ;
#1455 = FACE_OUTER_BOUND ( 'NONE', #1626, .T. ) ;
#1456 = ORIENTED_EDGE ( 'NONE', *, *, #2475, .F. ) ;
#1457 = PERSON_AND_ORGANIZATION ( #1977, #5688 ) ;
#1458 = LINE ( 'NONE', #3405, #118 ) ;
#1459 = ADVANCED_FACE ( 'NONE', ( #4795 ), #2952, .F. ) ;
#1460 = DIRECTION ( 'NONE',  ( 1.000000000000000000, -2.220446049250249467E-13, 0.000000000000000000 ) ) ;
#1461 = VERTEX_POINT ( 'NONE', #3453 ) ;
#1462 = CARTESIAN_POINT ( 'NONE',  ( -209.5080216973944687, 1507.687828808946733, 0.4999999999999206191 ) ) ;
#1463 = ORIENTED_EDGE ( 'NONE', *, *, #4544, .T. ) ;
#1464 = ORIENTED_EDGE ( 'NONE', *, *, #2969, .T. ) ;
#1465 = DIRECTION ( 'NONE',  ( 0.000000000000000000, 0.000000000000000000, 1.000000000000000000 ) ) ;
#1466 = EDGE_CURVE ( 'NONE', #3575, #4004, #5262, .T. ) ;
#1467 = LINE ( 'NONE', #910, #2008 ) ;
#1468 = DIRECTION ( 'NONE',  ( 0.7071067811865082708, 0.7071067811865868746, 2.516173811993089150E-15 ) ) ;
#1469 = FACE_OUTER_BOUND ( 'NONE', #3234, .T. ) ;
#1470 = EDGE_CURVE ( 'NONE', #5000, #3567, #3365, .T. ) ;
#1471 = ORIENTED_EDGE ( 'NONE', *, *, #207, .F. ) ;
#1472 = CARTESIAN_POINT ( 'NONE',  ( -254.1256474109638361, 1523.932207408515296, 10.90000000000000036 ) ) ;
#1473 = CARTESIAN_POINT ( 'NONE',  ( -207.9312958390566735, 1402.601106651571854, 11.50000000000000000 ) ) ;
#1474 = CARTESIAN_POINT ( 'NONE',  ( -236.3293727074230048, 1525.601106651572081, 7.500000000000000000 ) ) ;
#1475 = DIRECTION ( 'NONE',  ( -0.000000000000000000, -0.000000000000000000, -1.000000000000000000 ) ) ;
#1476 = EDGE_LOOP ( 'NONE', ( #2039, #4977, #4265, #2535, #529, #4941, #1346, #5357, #5234, #35, #3690, #4490 ) ) ;
#1477 = CARTESIAN_POINT ( 'NONE',  ( -250.7734368023928937, 1522.264322486008268, 11.50000000000000000 ) ) ;
#1478 = LINE ( 'NONE', #2440, #5781 ) ;
#1479 = ORIENTED_EDGE ( 'NONE', *, *, #4313, .F. ) ;
#1480 = CARTESIAN_POINT ( 'NONE',  ( -374.7312958390564859, 1527.601106651571854, 6.249999999999906741 ) ) ;
#1481 = CARTESIAN_POINT ( 'NONE',  ( -375.2312958390564859, 1519.751106651571945, 9.000000000000001776 ) ) ;
#1482 = LINE ( 'NONE', #1893, #2404 ) ;
#1483 = VERTEX_POINT ( 'NONE', #4821 ) ;
#1484 = CARTESIAN_POINT ( 'NONE',  ( -375.2312958390564859, 1517.601106651571854, 11.00000000000000000 ) ) ;
#1485 = LINE ( 'NONE', #2419, #5871 ) ;
#1486 = VECTOR ( 'NONE', #601, 1000.000000000000000 ) ;
#1487 = ORIENTED_EDGE ( 'NONE', *, *, #6094, .T. ) ;
#1488 = ORIENTED_EDGE ( 'NONE', *, *, #2670, .T. ) ;
#1489 = VERTEX_POINT ( 'NONE', #478 ) ;
#1490 = CARTESIAN_POINT ( 'NONE',  ( -249.0448833587743422, 1519.822350398386334, 11.49999999999999822 ) ) ;
#1491 = VECTOR ( 'NONE', #1981, 1000.000000000000000 ) ;
#1492 = VECTOR ( 'NONE', #4192, 1000.000000000000000 ) ;
#1493 = CARTESIAN_POINT ( 'NONE',  ( -250.1596612236720603, 1519.524183574649669, 11.49999999999999822 ) ) ;
#1494 = PLANE ( 'NONE',  #1688 ) ;
#1495 = AXIS2_PLACEMENT_3D ( 'NONE', #3821, #5382, #1032 ) ;
#1496 = AXIS2_PLACEMENT_3D ( 'NONE', #2407, #4829, #458 ) ;
#1497 = ADVANCED_FACE ( 'NONE', ( #2398 ), #3484, .T. ) ;
#1498 = CARTESIAN_POINT ( 'NONE',  ( -249.0448833587743422, 1519.822350398386334, 11.50000000000000000 ) ) ;
#1499 = VECTOR ( 'NONE', #4257, 1000.000000000000114 ) ;
#1500 = ORIENTED_EDGE ( 'NONE', *, *, #1398, .F. ) ;
#1501 = DIRECTION ( 'NONE',  ( 0.000000000000000000, 0.000000000000000000, 1.000000000000000000 ) ) ;
#1502 = DIRECTION ( 'NONE',  ( -0.2588190451026787242, -0.9659258262890260127, 0.000000000000000000 ) ) ;
#1503 = DIRECTION ( 'NONE',  ( -5.551115123126393596E-14, -1.000000000000000000, 0.000000000000000000 ) ) ;
#1504 = DIRECTION ( 'NONE',  ( 1.000000000000000000, 0.000000000000000000, 0.000000000000000000 ) ) ;
#1505 = VECTOR ( 'NONE', #3265, 1000.000000000000114 ) ;
#1506 = ADVANCED_FACE ( 'NONE', ( #2148, #4028 ), #1189, .F. ) ;
#1507 = CARTESIAN_POINT ( 'NONE',  ( -250.3514545358848125, 1522.497622843059162, 11.49999999999999645 ) ) ;
#1508 = CARTESIAN_POINT ( 'NONE',  ( -198.6812958390566450, 1403.101106651571627, 0.2499999999999493183 ) ) ;
#1509 = ORIENTED_EDGE ( 'NONE', *, *, #3107, .T. ) ;
#1510 = EDGE_CURVE ( 'NONE', #2468, #217, #4567, .T. ) ;
#1511 = ORIENTED_EDGE ( 'NONE', *, *, #5017, .T. ) ;
#1512 = APPLICATION_CONTEXT ( 'configuration controlled 3d designs of mechanical parts and assemblies' ) ;
#1513 = AXIS2_PLACEMENT_3D ( 'NONE', #4183, #6107, #3706 ) ;
#1514 = DIRECTION ( 'NONE',  ( 0.000000000000000000, 0.000000000000000000, -1.000000000000000000 ) ) ;
#1515 = CARTESIAN_POINT ( 'NONE',  ( -366.9312958390565313, 1527.601106651571854, 6.249999999999906741 ) ) ;
#1516 = LINE ( 'NONE', #3466, #5141 ) ;
#1517 = EDGE_CURVE ( 'NONE', #2993, #5806, #1098, .T. ) ;
#1518 = ORIENTED_EDGE ( 'NONE', *, *, #1286, .F. ) ;
#1519 = VECTOR ( 'NONE', #2143, 1000.000000000000000 ) ;
#1520 = CARTESIAN_POINT ( 'NONE',  ( -205.8278845952029883, 1508.713644369131771, 10.99999999999999822 ) ) ;
#1521 = CARTESIAN_POINT ( 'NONE',  ( -248.2878456874005906, 1520.740324272446742, 10.90000000000000568 ) ) ;
#1522 = AXIS2_PLACEMENT_3D ( 'NONE', #2258, #5187, #6223 ) ;
#1523 = LINE ( 'NONE', #3474, #503 ) ;
#1524 = ORIENTED_EDGE ( 'NONE', *, *, #6078, .F. ) ;
#1525 = VERTEX_POINT ( 'NONE', #4090 ) ;
#1526 = CARTESIAN_POINT ( 'NONE',  ( -368.3312958390562244, 1525.451106651571990, 7.000000000000000000 ) ) ;
#1527 = AXIS2_PLACEMENT_3D ( 'NONE', #4437, #96, #244 ) ;
#1528 = CARTESIAN_POINT ( 'NONE',  ( -254.1236035313643811, 1523.885962420802798, 11.50000000000000000 ) ) ;
#1529 = EDGE_CURVE ( 'NONE', #1296, #180, #125, .T. ) ;
#1530 = CARTESIAN_POINT ( 'NONE',  ( -251.1236035313643811, 1521.447260497726575, 10.90000000000000036 ) ) ;
#1531 = CARTESIAN_POINT ( 'NONE',  ( -255.6812958390567019, 1524.601106651571854, 10.90000000000000036 ) ) ;
#1532 = DIRECTION ( 'NONE',  ( -0.9902311015725216992, 0.1394358830375820035, 0.000000000000000000 ) ) ;
#1533 = ORIENTED_EDGE ( 'NONE', *, *, #3496, .F. ) ;
#1534 = DIRECTION ( 'NONE',  ( -0.000000000000000000, -0.000000000000000000, 1.000000000000000000 ) ) ;
#1535 = CARTESIAN_POINT ( 'NONE',  ( -373.1312958390562926, 1522.601106651571854, 5.749999999999905853 ) ) ;
#1536 = EDGE_CURVE ( 'NONE', #1545, #1489, #634, .T. ) ;
#1537 = CARTESIAN_POINT ( 'NONE',  ( -254.4745650698259567, 1522.288606651572081, 11.50000000000000178 ) ) ;
#1538 = CARTESIAN_POINT ( 'NONE',  ( -253.0604420874299478, 1523.329678575828211, 10.90000000000000213 ) ) ;
#1539 = DIRECTION ( 'NONE',  ( -0.000000000000000000, -0.000000000000000000, 1.000000000000000000 ) ) ;
#1540 = EDGE_LOOP ( 'NONE', ( #1376, #5933, #1644, #5087, #2350, #1228 ) ) ;
#1541 = LINE ( 'NONE', #1040, #3548 ) ;
#1542 = DIRECTION ( 'NONE',  ( -0.000000000000000000, 1.000000000000000000, -0.000000000000000000 ) ) ;
#1543 = ORIENTED_EDGE ( 'NONE', *, *, #4984, .F. ) ;
#1544 = FACE_OUTER_BOUND ( 'NONE', #4051, .T. ) ;
#1545 = VERTEX_POINT ( 'NONE', #5038 ) ;
#1546 = EDGE_CURVE ( 'NONE', #302, #3703, #3137, .T. ) ;
#1547 = FACE_OUTER_BOUND ( 'NONE', #235, .T. ) ;
#1548 = CARTESIAN_POINT ( 'NONE',  ( -208.4312958390566450, 1492.686986531620050, 0.4999999999999449329 ) ) ;
#1549 = CARTESIAN_POINT ( 'NONE',  ( -253.8183727441750079, 1522.478817921641621, 10.90000000000000213 ) ) ;
#1550 = ORIENTED_EDGE ( 'NONE', *, *, #3540, .F. ) ;
#1551 = CARTESIAN_POINT ( 'NONE',  ( -254.8852210823555708, 1524.590484346234462, 11.49999999999999467 ) ) ;
#1552 = EDGE_CURVE ( 'NONE', #5806, #3367, #992, .T. ) ;
#1553 = CARTESIAN_POINT ( 'NONE',  ( -217.8872665666571322, 1525.601106651572991, 11.00000000000000000 ) ) ;
#1554 = EDGE_CURVE ( 'NONE', #5832, #993, #3513, .T. ) ;
#1555 = DIRECTION ( 'NONE',  ( -0.000000000000000000, -0.000000000000000000, 1.000000000000000000 ) ) ;
#1556 = CARTESIAN_POINT ( 'NONE',  ( -255.1179990271159568, 1521.518601667989515, 11.49999999999999822 ) ) ;
#1557 = CARTESIAN_POINT ( 'NONE',  ( -250.1224016082874186, 1522.524183574649669, 10.90000000000000036 ) ) ;
#1558 = ORIENTED_EDGE ( 'NONE', *, *, #3926, .F. ) ;
#1559 = ORIENTED_EDGE ( 'NONE', *, *, #1435, .F. ) ;
#1560 = CARTESIAN_POINT ( 'NONE',  ( -250.2077381467489658, 1520.524183574649669, 11.50000000000000000 ) ) ;
#1561 = FACE_OUTER_BOUND ( 'NONE', #4419, .T. ) ;
#1562 = DIRECTION ( 'NONE',  ( -0.000000000000000000, -0.000000000000000000, 1.000000000000000000 ) ) ;
#1563 = CARTESIAN_POINT ( 'NONE',  ( -374.7312958390564859, 1525.451106651571990, 9.000000000000001776 ) ) ;
#1564 = VERTEX_POINT ( 'NONE', #3580 ) ;
#1565 = CARTESIAN_POINT ( 'NONE',  ( -255.6207983502483785, 1524.601244434068121, 10.90000000000000036 ) ) ;
#1566 = CARTESIAN_POINT ( 'NONE',  ( -254.1249971690208724, 1522.362582236680055, 11.50000000000000355 ) ) ;
#1567 = CARTESIAN_POINT ( 'NONE',  ( -220.9583196370402050, 1522.530053581189350, 11.50000000000000000 ) ) ;
#1568 = CARTESIAN_POINT ( 'NONE',  ( -205.9545775183617025, 1507.933082949002028, 9.500000000000000000 ) ) ;
#1569 = DIRECTION ( 'NONE',  ( 1.000000000000000000, -0.000000000000000000, 0.000000000000000000 ) ) ;
#1570 = VERTEX_POINT ( 'NONE', #6009 ) ;
#1571 = ORIENTED_EDGE ( 'NONE', *, *, #3609, .T. ) ;
#1572 = FACE_OUTER_BOUND ( 'NONE', #5070, .T. ) ;
#1573 = CARTESIAN_POINT ( 'NONE',  ( -248.3607314957608025, 1520.586497843259167, 11.49999999999999822 ) ) ;
#1574 = CARTESIAN_POINT ( 'NONE',  ( -254.1249971690208724, 1522.362582236680055, 10.90000000000000391 ) ) ;
#1575 = ORIENTED_EDGE ( 'NONE', *, *, #4387, .F. ) ;
#1576 = ADVANCED_FACE ( 'NONE', ( #4502 ), #221, .T. ) ;
#1577 = DIRECTION ( 'NONE',  ( -0.000000000000000000, 0.000000000000000000, -1.000000000000000000 ) ) ;
#1578 = DIRECTION ( 'NONE',  ( -0.7071067811865474617, 0.7071067811865474617, -0.000000000000000000 ) ) ;
#1579 = DIRECTION ( 'NONE',  ( 0.000000000000000000, 0.000000000000000000, 1.000000000000000000 ) ) ;
#1580 = DIRECTION ( 'NONE',  ( -0.5773502691896684746, 0.5773502691896044148, 0.5773502691896044148 ) ) ;
#1581 = VERTEX_POINT ( 'NONE', #2049 ) ;
#1582 = CARTESIAN_POINT ( 'NONE',  ( -248.1288821386443715, 1521.787137396539265, 11.49999999999999645 ) ) ;
#1583 = VERTEX_POINT ( 'NONE', #92 ) ;
#1584 = ORIENTED_EDGE ( 'NONE', *, *, #2, .F. ) ;
#1585 = EDGE_CURVE ( 'NONE', #4058, #1434, #1661, .T. ) ;
#1586 = EDGE_CURVE ( 'NONE', #5681, #298, #1066, .T. ) ;
#1587 = CARTESIAN_POINT ( 'NONE',  ( -227.1293727074230162, 1522.722692017425970, 7.500000000000000000 ) ) ;
#1588 = AXIS2_PLACEMENT_3D ( 'NONE', #1672, #1580, #1114 ) ;
#1589 = DIRECTION ( 'NONE',  ( 0.7071067811865867636, 0.000000000000000000, -0.7071067811865082708 ) ) ;
#1590 = ORIENTED_EDGE ( 'NONE', *, *, #5822, .F. ) ;
#1591 = LINE ( 'NONE', #116, #1805 ) ;
#1592 = CARTESIAN_POINT ( 'NONE',  ( -221.9287184509853432, 1516.601106651571854, 11.50000000000000000 ) ) ;
#1593 = VECTOR ( 'NONE', #1373, 1000.000000000000000 ) ;
#1594 = EDGE_CURVE ( 'NONE', #2571, #2431, #4277, .T. ) ;
#1595 = CARTESIAN_POINT ( 'NONE',  ( 362.3476934259241489, 1352.300001872366693, 7.000000000000000000 ) ) ;
#1596 = ORIENTED_EDGE ( 'NONE', *, *, #1050, .T. ) ;
#1597 = DIRECTION ( 'NONE',  ( 0.8660254037844379305, 0.5000000000000014433, 0.000000000000000000 ) ) ;
#1598 = CARTESIAN_POINT ( 'NONE',  ( -255.1179990271159568, 1521.518601667989515, 11.49999999999999822 ) ) ;
#1599 = AXIS2_PLACEMENT_3D ( 'NONE', #1415, #3362, #6266 ) ;
#1600 = CARTESIAN_POINT ( 'NONE',  ( -226.5293727074229366, 1531.401106651571808, 11.00000000000005507 ) ) ;
#1601 = VECTOR ( 'NONE', #3267, 1000.000000000000114 ) ;
#1602 = CARTESIAN_POINT ( 'NONE',  ( -198.6992450314876351, 1496.366478455931428, 0.4999999999999432121 ) ) ;
#1603 = EDGE_LOOP ( 'NONE', ( #2423, #544, #1743, #1271 ) ) ;
#1604 = CARTESIAN_POINT ( 'NONE',  ( -203.4312958390566450, 1398.601106651571854, 5.749999999999905853 ) ) ;
#1605 = AXIS2_PLACEMENT_3D ( 'NONE', #4021, #176, #2552 ) ;
#1606 = ORIENTED_EDGE ( 'NONE', *, *, #3795, .T. ) ;
#1607 = CARTESIAN_POINT ( 'NONE',  ( -249.4284818933155066, 1520.925544882666372, 11.49999999999999822 ) ) ;
#1608 = VERTEX_POINT ( 'NONE', #5568 ) ;
#1609 = LINE ( 'NONE', #131, #5750 ) ;
#1610 = DIRECTION ( 'NONE',  ( 0.000000000000000000, -0.000000000000000000, -1.000000000000000000 ) ) ;
#1611 = DIRECTION ( 'NONE',  ( -0.000000000000000000, -0.000000000000000000, 1.000000000000000000 ) ) ;
#1612 = VECTOR ( 'NONE', #5869, 1000.000000000000000 ) ;
#1613 = ORIENTED_EDGE ( 'NONE', *, *, #2100, .T. ) ;
#1614 = DIRECTION ( 'NONE',  ( -3.081012879330941349E-16, 1.000000000000000000, 0.000000000000000000 ) ) ;
#1615 = VECTOR ( 'NONE', #3424, 1000.000000000000000 ) ;
#1616 = DIRECTION ( 'NONE',  ( 0.000000000000000000, 0.000000000000000000, -1.000000000000000000 ) ) ;
#1617 = CARTESIAN_POINT ( 'NONE',  ( -371.4312958390563040, 1522.601106651571854, 5.749999999999905853 ) ) ;
#1618 = CARTESIAN_POINT ( 'NONE',  ( -255.7329785313643526, 1523.139568190033515, 10.89999999999511360 ) ) ;
#1619 = ADVANCED_FACE ( 'NONE', ( #785 ), #5069, .F. ) ;
#1620 = CARTESIAN_POINT ( 'NONE',  ( -201.7312958390566564, 1398.601106651571854, 6.249999999999939604 ) ) ;
#1621 = VECTOR ( 'NONE', #974, 1000.000000000000000 ) ;
#1622 = ORIENTED_EDGE ( 'NONE', *, *, #3351, .T. ) ;
#1623 = ORIENTED_EDGE ( 'NONE', *, *, #2382, .F. ) ;
#1624 = DIRECTION ( 'NONE',  ( -1.000000000000000000, 0.000000000000000000, -0.000000000000000000 ) ) ;
#1625 = VECTOR ( 'NONE', #5772, 1000.000000000000114 ) ;
#1626 = EDGE_LOOP ( 'NONE', ( #4758, #264, #5026 ) ) ;
#1627 = CARTESIAN_POINT ( 'NONE',  ( -248.5490843005950978, 1520.295818190034197, 11.50000000000000000 ) ) ;
#1628 = EDGE_CURVE ( 'NONE', #2832, #786, #313, .T. ) ;
#1629 = LINE ( 'NONE', #5383, #892 ) ;
#1630 = VECTOR ( 'NONE', #1173, 1000.000000000000000 ) ;
#1631 = DIRECTION ( 'NONE',  ( 0.5000000000000013323, -0.8660254037844380415, 0.000000000000000000 ) ) ;
#1632 = EDGE_LOOP ( 'NONE', ( #1092, #4721, #5702, #5925 ) ) ;
#1633 = CARTESIAN_POINT ( 'NONE',  ( -248.3543727621335790, 1524.370337420803480, 11.50000000000000000 ) ) ;
#1634 = EDGE_CURVE ( 'NONE', #1246, #3973, #6034, .T. ) ;
#1635 = CARTESIAN_POINT ( 'NONE',  ( -249.2792789593013651, 1521.669467462598277, 11.49999999999999645 ) ) ;
#1636 = ADVANCED_FACE ( 'NONE', ( #5098 ), #3172, .F. ) ;
#1637 = DIRECTION ( 'NONE',  ( 0.000000000000000000, 0.7071067811865475727, -0.7071067811865475727 ) ) ;
#1638 = ORIENTED_EDGE ( 'NONE', *, *, #780, .T. ) ;
#1639 = CARTESIAN_POINT ( 'NONE',  ( -251.0251067433949572, 1521.066534338960764, 10.89999999999999680 ) ) ;
#1640 = ORIENTED_EDGE ( 'NONE', *, *, #5489, .F. ) ;
#1641 = ORIENTED_EDGE ( 'NONE', *, *, #3786, .T. ) ;
#1642 = DIRECTION ( 'NONE',  ( 7.845687760445228818E-14, 0.7071067811865474617, -0.7071067811865474617 ) ) ;
#1643 = CARTESIAN_POINT ( 'NONE',  ( -252.9697573775181922, 1523.938847036187326, 11.50000000000000000 ) ) ;
#1644 = ORIENTED_EDGE ( 'NONE', *, *, #3919, .F. ) ;
#1645 = LINE ( 'NONE', #5926, #224 ) ;
#1646 = CARTESIAN_POINT ( 'NONE',  ( -209.5080216973944687, 1507.687828808946733, 10.50000000000000000 ) ) ;
#1647 = DIRECTION ( 'NONE',  ( -0.000000000000000000, -0.000000000000000000, 1.000000000000000000 ) ) ;
#1648 = CARTESIAN_POINT ( 'NONE',  ( -255.3258257609885504, 1521.771714772439054, 10.90000000000000213 ) ) ;
#1649 = CARTESIAN_POINT ( 'NONE',  ( -249.4821736319833576, 1520.847303881582548, 10.89999999999999680 ) ) ;
#1650 = ORIENTED_EDGE ( 'NONE', *, *, #2841, .T. ) ;
#1651 = ORIENTED_EDGE ( 'NONE', *, *, #1325, .F. ) ;
#1652 = CARTESIAN_POINT ( 'NONE',  ( -226.5293727074229650, 1527.601106651571854, 3.492893218813448275 ) ) ;
#1653 = ORIENTED_EDGE ( 'NONE', *, *, #3226, .F. ) ;
#1654 = CARTESIAN_POINT ( 'NONE',  ( -203.4312958390566450, 1398.601106651571854, 7.000000000000000000 ) ) ;
#1655 = CARTESIAN_POINT ( 'NONE',  ( -252.1236035313643811, 1521.317452805418725, 11.50000000000000355 ) ) ;
#1656 = DIRECTION ( 'NONE',  ( 0.000000000000000000, 0.000000000000000000, -1.000000000000000000 ) ) ;
#1657 = ADVANCED_FACE ( 'NONE', ( #375 ), #2686, .F. ) ;
#1658 = ORIENTED_EDGE ( 'NONE', *, *, #2248, .F. ) ;
#1659 = CARTESIAN_POINT ( 'NONE',  ( -254.9709200249363334, 1524.594601482290500, 10.90000000000000391 ) ) ;
#1660 = CARTESIAN_POINT ( 'NONE',  ( -226.5293727074229650, 1527.601106651571854, 3.699999999999997513 ) ) ;
#1661 = LINE ( 'NONE', #1567, #5544 ) ;
#1662 = ORIENTED_EDGE ( 'NONE', *, *, #1008, .F. ) ;
#1663 = FACE_OUTER_BOUND ( 'NONE', #4997, .T. ) ;
#1664 = EDGE_CURVE ( 'NONE', #882, #356, #2657, .T. ) ;
#1665 = ORIENTED_EDGE ( 'NONE', *, *, #5153, .F. ) ;
#1666 = CARTESIAN_POINT ( 'NONE',  ( -213.2889817412365119, 1501.636643706269069, 11.50000000000000000 ) ) ;
#1667 = CARTESIAN_POINT ( 'NONE',  ( -253.1158248215704134, 1523.195595196857766, 11.49999999999999645 ) ) ;
#1668 = ORIENTED_EDGE ( 'NONE', *, *, #2960, .F. ) ;
#1669 = CARTESIAN_POINT ( 'NONE',  ( -208.6992450314877487, 1493.686986531620278, 11.00000000000000000 ) ) ;
#1670 = B_SPLINE_SURFACE_WITH_KNOTS ( 'NONE', 3, 1, ( 
 ( #5229, #5135 ),
 ( #795, #4762 ),
 ( #417, #2244 ),
 ( #3745, #6042 ),
 ( #3646, #1697 ),
 ( #1231, #2760 ),
 ( #2725, #3178 ),
 ( #324, #1295 ),
 ( #355, #2272 ),
 ( #4217, #6142 ),
 ( #4284, #2435 ),
 ( #5390, #33 ),
 ( #511, #5356 ),
 ( #1855, #1920 ),
 ( #6267, #2369 ),
 ( #4890, #5327 ),
 ( #3420, #978 ),
 ( #61, #2340 ),
 ( #2914, #5294 ),
 ( #4855, #1038 ),
 ( #2856, #453 ),
 ( #3870, #1007 ),
 ( #4916, #5758 ),
 ( #5856, #6205 ),
 ( #1983, #1447 ),
 ( #4375, #3393 ),
 ( #1883, #5791 ) ),
 .UNSPECIFIED., .F., .F., .F.,
 ( 4, 1, 1, 1, 1, 1, 1, 1, 1, 1, 1, 1, 1, 1, 1, 1, 1, 1, 1, 1, 1, 1, 1, 1, 4 ),
 ( 2, 2 ),
 ( 0.000000000000000000, 0.06982616849899367373, 0.1345678064441840904, 0.1946546787309086368, 0.2497272936950578059, 0.3002886274677314393, 0.3460321053681161274, 0.3874375487315046551, 0.4243158513751464356, 0.4590730889188599506, 0.4932448260598503165, 0.5271141003553392324, 0.5610385684762971836, 0.5952220357179269783, 0.6298753074370289085, 0.6649863903354825689, 0.7012857943233299363, 0.7379678957382367344, 0.7742617770843007730, 0.8108508622066183946, 0.8472697177897999810, 0.8845086264751309546, 0.9223102820010358194, 0.9605040759056684418, 1.000000000000000000 ),
 ( 0.000000000000000000, 1.000000000000000000 ),
 .UNSPECIFIED. ) ;
#1671 = CARTESIAN_POINT ( 'NONE',  ( -250.1224016082874186, 1522.524183574649669, 10.90000000000000036 ) ) ;
#1672 = CARTESIAN_POINT ( 'NONE',  ( -237.9293727074230276, 1530.901106651571808, 11.50000000000000000 ) ) ;
#1673 = CARTESIAN_POINT ( 'NONE',  ( -249.9318219422155209, 1520.558732672576753, 10.90000000000000213 ) ) ;
#1674 = VERTEX_POINT ( 'NONE', #3671 ) ;
#1675 = ORIENTED_EDGE ( 'NONE', *, *, #5657, .F. ) ;
#1676 = FACE_OUTER_BOUND ( 'NONE', #2734, .T. ) ;
#1677 = EDGE_LOOP ( 'NONE', ( #637, #2566, #4536 ) ) ;
#1678 = CARTESIAN_POINT ( 'NONE',  ( -254.7642285313644379, 1524.581875882341592, 10.90000000000000213 ) ) ;
#1679 = CARTESIAN_POINT ( 'NONE',  ( -227.1293727074229878, 1518.101106651571627, 7.500000000000000000 ) ) ;
#1680 = CARTESIAN_POINT ( 'NONE',  ( -228.4293727074229992, 1525.022692017425470, 7.500000000000000000 ) ) ;
#1681 = VECTOR ( 'NONE', #3277, 1000.000000000000000 ) ;
#1682 = FACE_OUTER_BOUND ( 'NONE', #5311, .T. ) ;
#1683 = VERTEX_POINT ( 'NONE', #4114 ) ;
#1684 = LINE ( 'NONE', #5189, #5065 ) ;
#1685 = DIRECTION ( 'NONE',  ( 0.000000000000000000, 0.000000000000000000, -1.000000000000000000 ) ) ;
#1686 = CARTESIAN_POINT ( 'NONE',  ( -250.2239662438721552, 1523.470946480243356, 11.49999999999999822 ) ) ;
#1687 = EDGE_CURVE ( 'NONE', #5878, #2883, #729, .T. ) ;
#1688 = AXIS2_PLACEMENT_3D ( 'NONE', #2138, #147, #3993 ) ;
#1689 = VECTOR ( 'NONE', #2961, 1000.000000000000000 ) ;
#1690 = VERTEX_POINT ( 'NONE', #6134 ) ;
#1691 = CARTESIAN_POINT ( 'NONE',  ( -251.0912378049617359, 1521.248851337421456, 11.50000000000000000 ) ) ;
#1692 = AXIS2_PLACEMENT_3D ( 'NONE', #74, #5908, #5876 ) ;
#1693 = VERTEX_POINT ( 'NONE', #4597 ) ;
#1694 = VECTOR ( 'NONE', #1642, 1000.000000000000114 ) ;
#1695 = VERTEX_POINT ( 'NONE', #1350 ) ;
#1696 = DIRECTION ( 'NONE',  ( -0.5773502691895617822, 0.5773502691896899019, 0.5773502691896258421 ) ) ;
#1697 = CARTESIAN_POINT ( 'NONE',  ( -254.6639015886699156, 1525.579212306175805, 11.49999999999999289 ) ) ;
#1698 = ADVANCED_FACE ( 'NONE', ( #251 ), #2171, .T. ) ;
#1699 = CIRCLE ( 'NONE', #506, 2.199999999999979750 ) ;
#1700 = VERTEX_POINT ( 'NONE', #3231 ) ;
#1701 = CARTESIAN_POINT ( 'NONE',  ( -198.9312958390565598, 1395.051106651571672, 11.25000000000000000 ) ) ;
#1702 = AXIS2_PLACEMENT_3D ( 'NONE', #294, #801, #4161 ) ;
#1703 = LINE ( 'NONE', #2695, #1298 ) ;
#1704 = FACE_OUTER_BOUND ( 'NONE', #3901, .T. ) ;
#1705 = FACE_OUTER_BOUND ( 'NONE', #4182, .T. ) ;
#1706 = EDGE_CURVE ( 'NONE', #1742, #274, #5159, .T. ) ;
#1707 = ADVANCED_FACE ( 'NONE', ( #6104 ), #5743, .F. ) ;
#1708 = CARTESIAN_POINT ( 'NONE',  ( -250.2077381467489658, 1520.524183574649669, 10.90000000000000036 ) ) ;
#1709 = ORIENTED_EDGE ( 'NONE', *, *, #4087, .F. ) ;
#1710 = ORIENTED_EDGE ( 'NONE', *, *, #2588, .F. ) ;
#1711 = AXIS2_PLACEMENT_3D ( 'NONE', #1604, #5445, #5359 ) ;
#1712 = CARTESIAN_POINT ( 'NONE',  ( -238.9293727074229707, 1527.101106651571854, 11.50000000000000000 ) ) ;
#1713 = CARTESIAN_POINT ( 'NONE',  ( -249.5464173812363526, 1520.779331711722079, 11.50000000000000533 ) ) ;
#1714 = ORIENTED_EDGE ( 'NONE', *, *, #5042, .F. ) ;
#1715 = CARTESIAN_POINT ( 'NONE',  ( -255.5062122187193836, 1524.601505402970361, 11.49999999999999822 ) ) ;
#1716 = CIRCLE ( 'NONE', #1820, 4.099999999999992539 ) ;
#1717 = CARTESIAN_POINT ( 'NONE',  ( -252.1143615284176462, 1521.250730173294414, 11.50000000000000355 ) ) ;
#1718 = ADVANCED_FACE ( 'NONE', ( #822 ), #5192, .F. ) ;
#1719 = CARTESIAN_POINT ( 'NONE',  ( -200.4312958390555082, 1495.366478455931883, 11.50000000000000000 ) ) ;
#1720 = VECTOR ( 'NONE', #3597, 1000.000000000000000 ) ;
#1721 = FACE_OUTER_BOUND ( 'NONE', #2476, .T. ) ;
#1722 = EDGE_LOOP ( 'NONE', ( #5160, #565, #4018, #547 ) ) ;
#1723 = DIRECTION ( 'NONE',  ( -0.000000000000000000, 0.000000000000000000, 1.000000000000000000 ) ) ;
#1724 = CARTESIAN_POINT ( 'NONE',  ( -253.9996204556317423, 1521.917015443929358, 10.89999999999999858 ) ) ;
#1725 = CARTESIAN_POINT ( 'NONE',  ( -257.8159112236720603, 1519.601106651572081, 11.50000000000000000 ) ) ;
#1726 = DIRECTION ( 'NONE',  ( 0.000000000000000000, -0.000000000000000000, 1.000000000000000000 ) ) ;
#1727 = VECTOR ( 'NONE', #702, 1000.000000000000000 ) ;
#1728 = ORIENTED_EDGE ( 'NONE', *, *, #1902, .F. ) ;
#1729 = FACE_OUTER_BOUND ( 'NONE', #2384, .T. ) ;
#1730 = CIRCLE ( 'NONE', #538, 1.699999999999979305 ) ;
#1731 = EDGE_CURVE ( 'NONE', #1830, #3910, #347, .T. ) ;
#1732 = ORIENTED_EDGE ( 'NONE', *, *, #3886, .F. ) ;
#1733 = CARTESIAN_POINT ( 'NONE',  ( -249.2904633241947181, 1521.779494484515908, 11.49999999999999822 ) ) ;
#1734 = CARTESIAN_POINT ( 'NONE',  ( -253.6179433471702396, 1525.287297385391639, 11.49999999999999822 ) ) ;
#1735 = CARTESIAN_POINT ( 'NONE',  ( -249.3368845168708674, 1523.451338025250379, 10.90000000000000391 ) ) ;
#1736 = VERTEX_POINT ( 'NONE', #851 ) ;
#1737 = CARTESIAN_POINT ( 'NONE',  ( -248.6962191408190677, 1520.113991238432163, 10.89999999999999858 ) ) ;
#1738 = EDGE_CURVE ( 'NONE', #3014, #1963, #4238, .T. ) ;
#1739 = UNCERTAINTY_MEASURE_WITH_UNIT (LENGTH_MEASURE( 1.000000000000000082E-05 ), #1973, 'distance_accuracy_value', 'NONE');
#1740 = LINE ( 'NONE', #3182, #5372 ) ;
#1741 = CARTESIAN_POINT ( 'NONE',  ( -249.6716649385949154, 1523.519460903718254, 11.49999999999999822 ) ) ;
#1742 = VERTEX_POINT ( 'NONE', #1913 ) ;
#1743 = ORIENTED_EDGE ( 'NONE', *, *, #5503, .T. ) ;
#1744 = DIRECTION ( 'NONE',  ( -1.000000000000000000, 0.000000000000000000, 0.000000000000000000 ) ) ;
#1745 = CARTESIAN_POINT ( 'NONE',  ( -227.1293727074229878, 1517.601106651571854, 7.500000000000000000 ) ) ;
#1746 = EDGE_CURVE ( 'NONE', #1683, #3549, #2945, .T. ) ;
#1747 = ORIENTED_EDGE ( 'NONE', *, *, #4711, .F. ) ;
#1748 = DIRECTION ( 'NONE',  ( -0.8528120785503950918, -0.5222179225941548930, 0.000000000000000000 ) ) ;
#1749 = ORIENTED_EDGE ( 'NONE', *, *, #693, .T. ) ;
#1750 = CARTESIAN_POINT ( 'NONE',  ( -252.0961810585835678, 1521.119476287358566, 11.50000000000000178 ) ) ;
#1751 = DIRECTION ( 'NONE',  ( -1.000000000000000000, 0.000000000000000000, 0.000000000000000000 ) ) ;
#1752 = DIRECTION ( 'NONE',  ( -0.5310069659022299549, 0.8473674540382749587, 0.000000000000000000 ) ) ;
#1753 = VERTEX_POINT ( 'NONE', #5785 ) ;
#1754 = CARTESIAN_POINT ( 'NONE',  ( -200.5812958390566223, 1395.301106651571672, 9.000000000000001776 ) ) ;
#1755 = CARTESIAN_POINT ( 'NONE',  ( -254.4159007589224473, 1522.249752726667793, 11.50000000000000888 ) ) ;
#1756 = CARTESIAN_POINT ( 'NONE',  ( -253.5931950906043539, 1521.386856935828064, 10.89999999999999325 ) ) ;
#1757 = DIRECTION ( 'NONE',  ( 0.7071067811865868746, -0.7071067811865081598, -1.837086636568572457E-16 ) ) ;
#1758 = ORIENTED_EDGE ( 'NONE', *, *, #5489, .T. ) ;
#1759 = EDGE_LOOP ( 'NONE', ( #6090, #2418, #1104, #3409 ) ) ;
#1760 = CARTESIAN_POINT ( 'NONE',  ( -250.8146492651816573, 1520.770677017298340, 11.50000000000000355 ) ) ;
#1761 = ORIENTED_EDGE ( 'NONE', *, *, #4370, .T. ) ;
#1762 = DIRECTION ( 'NONE',  ( -0.000000000000000000, -0.000000000000000000, 1.000000000000000000 ) ) ;
#1763 = CARTESIAN_POINT ( 'NONE',  ( -250.3519689159797110, 1524.370337420803480, 10.90000000000000036 ) ) ;
#1764 = CARTESIAN_POINT ( 'NONE',  ( -666.4649980561970324, 935.0674044344831373, -461.7837022171895569 ) ) ;
#1765 = ORIENTED_EDGE ( 'NONE', *, *, #1398, .T. ) ;
#1766 = CARTESIAN_POINT ( 'NONE',  ( -248.5490843005950978, 1520.295818190034197, 10.90000000000000036 ) ) ;
#1767 = FACE_OUTER_BOUND ( 'NONE', #2136, .T. ) ;
#1768 = CARTESIAN_POINT ( 'NONE',  ( -248.4035972965697567, 1522.693629692526883, 11.49999999999999822 ) ) ;
#1769 = EDGE_CURVE ( 'NONE', #1939, #4610, #445, .T. ) ;
#1770 = VERTEX_POINT ( 'NONE', #5748 ) ;
#1771 = ORIENTED_EDGE ( 'NONE', *, *, #4394, .T. ) ;
#1772 = PLANE ( 'NONE',  #3450 ) ;
#1773 = DIRECTION ( 'NONE',  ( 0.000000000000000000, 0.000000000000000000, 1.000000000000000000 ) ) ;
#1774 = ORIENTED_EDGE ( 'NONE', *, *, #1442, .T. ) ;
#1775 = CARTESIAN_POINT ( 'NONE',  ( -254.4978676940818900, 1523.249996259454292, 10.90000000000000036 ) ) ;
#1776 = ORIENTED_EDGE ( 'NONE', *, *, #5111, .F. ) ;
#1777 = CARTESIAN_POINT ( 'NONE',  ( -251.5055485370810118, 1520.008023259536230, 10.89999999999999858 ) ) ;
#1778 = ADVANCED_FACE ( 'NONE', ( #1849, #4789 ), #2813, .F. ) ;
#1779 = DIRECTION ( 'NONE',  ( -0.000000000000000000, -0.000000000000000000, -1.000000000000000000 ) ) ;
#1780 = DIRECTION ( 'NONE',  ( -0.000000000000000000, -0.000000000000000000, 1.000000000000000000 ) ) ;
#1781 = CARTESIAN_POINT ( 'NONE',  ( -238.9293727074229707, 1527.601106651571854, 3.700000000000000178 ) ) ;
#1782 = CARTESIAN_POINT ( 'NONE',  ( -253.5931950906043539, 1521.386856935828064, 11.50000000000000000 ) ) ;
#1783 = LINE ( 'NONE', #5191, #404 ) ;
#1784 = DIRECTION ( 'NONE',  ( -0.7071067811865776598, -0.7071067811865173747, -0.000000000000000000 ) ) ;
#1785 = ADVANCED_FACE ( 'NONE', ( #3794 ), #3415, .F. ) ;
#1786 = ORIENTED_EDGE ( 'NONE', *, *, #2328, .T. ) ;
#1787 = CIRCLE ( 'NONE', #493, 1.999999999998863798 ) ;
#1788 = VERTEX_POINT ( 'NONE', #4883 ) ;
#1789 = PLANE ( 'NONE',  #1418 ) ;
#1790 = ORIENTED_EDGE ( 'NONE', *, *, #4938, .T. ) ;
#1791 = VECTOR ( 'NONE', #2782, 1000.000000000000000 ) ;
#1792 = PLANE ( 'NONE',  #2313 ) ;
#1793 = DIRECTION ( 'NONE',  ( 0.000000000000000000, 0.000000000000000000, 1.000000000000000000 ) ) ;
#1794 = VERTEX_POINT ( 'NONE', #5349 ) ;
#1795 = VECTOR ( 'NONE', #3854, 1000.000000000000000 ) ;
#1796 = VECTOR ( 'NONE', #5108, 1000.000000000000000 ) ;
#1797 = EDGE_CURVE ( 'NONE', #320, #4004, #3863, .T. ) ;
#1798 = CARTESIAN_POINT ( 'NONE',  ( -249.9128435569760995, 1519.530676044723577, 10.89999999999999858 ) ) ;
#1799 = CARTESIAN_POINT ( 'NONE',  ( -200.4763243712475571, 1507.444470161476374, 9.500000000000000000 ) ) ;
#1800 = CARTESIAN_POINT ( 'NONE',  ( -248.5047791917650954, 1522.845371748667276, 10.89999999999999680 ) ) ;
#1801 = VECTOR ( 'NONE', #4713, 1000.000000000000000 ) ;
#1802 = AXIS2_PLACEMENT_3D ( 'NONE', #2847, #3356, #2293 ) ;
#1803 = ORIENTED_EDGE ( 'NONE', *, *, #6218, .F. ) ;
#1804 = DIRECTION ( 'NONE',  ( 1.000000000000000000, 0.000000000000000000, -0.000000000000000000 ) ) ;
#1805 = VECTOR ( 'NONE', #5912, 1000.000000000000000 ) ;
#1806 = EDGE_CURVE ( 'NONE', #4390, #2449, #4206, .T. ) ;
#1807 = ORIENTED_EDGE ( 'NONE', *, *, #560, .F. ) ;
#1808 = CARTESIAN_POINT ( 'NONE',  ( -255.7329785313643526, 1523.139568190033515, 10.89999999999511360 ) ) ;
#1809 = DIRECTION ( 'NONE',  ( -0.6123724356958045734, -0.3535533905933959109, 0.7071067811864777397 ) ) ;
#1810 = AXIS2_PLACEMENT_3D ( 'NONE', #4606, #2182, #3152 ) ;
#1811 = CARTESIAN_POINT ( 'NONE',  ( -200.5812958390566223, 1394.801106651571672, 9.000000000000001776 ) ) ;
#1812 = CARTESIAN_POINT ( 'NONE',  ( -254.7642285313643811, 1524.581875882341365, 10.90000000000000036 ) ) ;
#1813 = VECTOR ( 'NONE', #321, 1000.000000000000000 ) ;
#1814 = EDGE_CURVE ( 'NONE', #5523, #1979, #3823, .T. ) ;
#1815 = FACE_OUTER_BOUND ( 'NONE', #922, .T. ) ;
#1816 = CARTESIAN_POINT ( 'NONE',  ( -253.8916412729468846, 1521.800120119269877, 11.50000000000000888 ) ) ;
#1817 = FACE_OUTER_BOUND ( 'NONE', #1044, .T. ) ;
#1818 = EDGE_CURVE ( 'NONE', #4696, #1232, #3387, .T. ) ;
#1819 = CARTESIAN_POINT ( 'NONE',  ( -208.4312958390566166, 1395.301106651571672, 11.50000000000000000 ) ) ;
#1820 = AXIS2_PLACEMENT_3D ( 'NONE', #2297, #4243, #1851 ) ;
#1821 = VERTEX_POINT ( 'NONE', #5319 ) ;
#1822 = CARTESIAN_POINT ( 'NONE',  ( -374.7312958390564859, 1525.451106651571990, 7.000000000000000000 ) ) ;
#1823 = ADVANCED_FACE ( 'NONE', ( #973 ), #2361, .F. ) ;
#1824 = VERTEX_POINT ( 'NONE', #4369 ) ;
#1825 = ADVANCED_FACE ( 'NONE', ( #946 ), #2880, .T. ) ;
#1826 = CARTESIAN_POINT ( 'NONE',  ( -249.2904633241947181, 1521.779494484515908, 10.90000000000000391 ) ) ;
#1827 = VECTOR ( 'NONE', #2228, 1000.000000000000000 ) ;
#1828 = DIRECTION ( 'NONE',  ( -1.000000000000000000, 0.000000000000000000, 0.000000000000000000 ) ) ;
#1829 = DIRECTION ( 'NONE',  ( 0.6123724356957449544, 0.3535533905933841980, 0.7071067811865352493 ) ) ;
#1830 = VERTEX_POINT ( 'NONE', #2331 ) ;
#1831 = VECTOR ( 'NONE', #3714, 1000.000000000000000 ) ;
#1832 = CARTESIAN_POINT ( 'NONE',  ( -249.2792789593013651, 1521.669467462598277, 10.89999999999999680 ) ) ;
#1833 = ORIENTED_EDGE ( 'NONE', *, *, #3036, .F. ) ;
#1834 = CARTESIAN_POINT ( 'NONE',  ( -226.0293727074229935, 1530.901106651571808, 11.00000000000005507 ) ) ;
#1835 = DIRECTION ( 'NONE',  ( 4.022547190670782203E-15, -1.000000000000000000, -0.000000000000000000 ) ) ;
#1836 = LINE ( 'NONE', #5642, #2707 ) ;
#1837 = ORIENTED_EDGE ( 'NONE', *, *, #1074, .T. ) ;
#1838 = COORDINATED_UNIVERSAL_TIME_OFFSET ( 1, 0, .AHEAD. ) ;
#1839 = PLANE ( 'NONE',  #830 ) ;
#1840 = ORIENTED_EDGE ( 'NONE', *, *, #4591, .T. ) ;
#1841 = DIRECTION ( 'NONE',  ( -1.000000000000000000, -4.022547190670782203E-15, 0.000000000000000000 ) ) ;
#1842 = ORIENTED_EDGE ( 'NONE', *, *, #1341, .T. ) ;
#1843 = DIRECTION ( 'NONE',  ( 0.000000000000000000, 0.000000000000000000, -1.000000000000000000 ) ) ;
#1844 = LINE ( 'NONE', #874, #925 ) ;
#1845 = DIRECTION ( 'NONE',  ( 1.000000000000000000, -3.700743415417219181E-14, 0.000000000000000000 ) ) ;
#1846 = DIRECTION ( 'NONE',  ( -0.000000000000000000, -0.000000000000000000, 1.000000000000000000 ) ) ;
#1847 = CARTESIAN_POINT ( 'NONE',  ( -255.6622148325674004, 1522.035376669385869, 11.50000000000000000 ) ) ;
#1848 = CARTESIAN_POINT ( 'NONE',  ( -198.9312958390565598, 1394.801106651571672, 5.749999999999905853 ) ) ;
#1849 = FACE_OUTER_BOUND ( 'NONE', #3816, .T. ) ;
#1850 = EDGE_CURVE ( 'NONE', #1483, #842, #4754, .T. ) ;
#1851 = DIRECTION ( 'NONE',  ( -1.000000000000000000, 0.000000000000000000, 0.000000000000000000 ) ) ;
#1852 = EDGE_LOOP ( 'NONE', ( #5143, #4085, #4421, #4441 ) ) ;
#1853 = CARTESIAN_POINT ( 'NONE',  ( -254.3830966905470916, 1524.440437911506478, 10.90000000000000213 ) ) ;
#1854 = CARTESIAN_POINT ( 'NONE',  ( -254.1256474109638361, 1523.932207408515296, 11.50000000000000178 ) ) ;
#1855 = CARTESIAN_POINT ( 'NONE',  ( -253.5287838156955331, 1525.219773783716164, 10.89999999999999858 ) ) ;
#1856 = DIRECTION ( 'NONE',  ( 0.4604154969118890994, -0.8877035373385521178, -0.000000000000000000 ) ) ;
#1857 = EDGE_CURVE ( 'NONE', #2471, #2571, #4485, .T. ) ;
#1858 = VERTEX_POINT ( 'NONE', #2072 ) ;
#1859 = EDGE_CURVE ( 'NONE', #3462, #484, #1060, .T. ) ;
#1860 = DIRECTION ( 'NONE',  ( -1.000000000000000000, 0.000000000000000000, 0.000000000000000000 ) ) ;
#1861 = ORIENTED_EDGE ( 'NONE', *, *, #5816, .T. ) ;
#1862 = DIRECTION ( 'NONE',  ( 0.000000000000000000, 0.000000000000000000, 1.000000000000000000 ) ) ;
#1863 = CARTESIAN_POINT ( 'NONE',  ( -251.5055485370810118, 1520.008023259536230, 10.89999999999999858 ) ) ;
#1864 = CARTESIAN_POINT ( 'NONE',  ( -248.5047791917650954, 1522.845371748667276, 11.49999999999999467 ) ) ;
#1865 = VERTEX_POINT ( 'NONE', #3957 ) ;
#1866 = DATE_TIME_ROLE ( 'creation_date' ) ;
#1867 = DIRECTION ( 'NONE',  ( 1.000000000000000000, 5.419332810632535429E-15, 0.000000000000000000 ) ) ;
#1868 = ORIENTED_EDGE ( 'NONE', *, *, #1466, .T. ) ;
#1869 = FACE_OUTER_BOUND ( 'NONE', #1171, .T. ) ;
#1870 = ORIENTED_EDGE ( 'NONE', *, *, #2099, .F. ) ;
#1871 = CARTESIAN_POINT ( 'NONE',  ( -248.1252132770972594, 1521.520539295324625, 10.90000000000000036 ) ) ;
#1872 = LINE ( 'NONE', #439, #5981 ) ;
#1873 = FACE_OUTER_BOUND ( 'NONE', #5005, .T. ) ;
#1874 = FACE_OUTER_BOUND ( 'NONE', #4966, .T. ) ;
#1875 = CARTESIAN_POINT ( 'NONE',  ( -250.2077381467489658, 1520.524183574649669, 10.90000000000000036 ) ) ;
#1876 = CARTESIAN_POINT ( 'NONE',  ( -208.4312958390566166, 1402.601106651571854, 0.4999999999999449329 ) ) ;
#1877 = B_SPLINE_CURVE_WITH_KNOTS ( 'NONE', 1,
 ( #5885, #4428 ),
 .UNSPECIFIED., .F., .F.,
 ( 2, 2 ),
 ( 0.000000000000000000, 0.001732050807568664454 ),
 .UNSPECIFIED. ) ;
#1878 = CARTESIAN_POINT ( 'NONE',  ( -366.9312958390565313, 1527.601106651571854, 0.5000000000000003331 ) ) ;
#1879 = ORIENTED_EDGE ( 'NONE', *, *, #3377, .F. ) ;
#1880 = CARTESIAN_POINT ( 'NONE',  ( -375.2312958390564859, 1518.101106651571627, 5.749999999999905853 ) ) ;
#1881 = ADVANCED_FACE ( 'NONE', ( #2007, #2044 ), #1494, .F. ) ;
#1882 = CARTESIAN_POINT ( 'NONE',  ( -250.5875458390566735, 1523.299423959264914, 10.90000000000000036 ) ) ;
#1883 = CARTESIAN_POINT ( 'NONE',  ( -252.9697573775181922, 1523.938847036187326, 10.90000000000000036 ) ) ;
#1884 = DIRECTION ( 'NONE',  ( 0.6123724356957533921, 0.3535533905932518040, 0.7071067811865940911 ) ) ;
#1885 = ORIENTED_EDGE ( 'NONE', *, *, #4626, .F. ) ;
#1886 = LINE ( 'NONE', #2736, #2323 ) ;
#1887 = DIRECTION ( 'NONE',  ( -0.7071067811865803243, 1.278770186445022505E-14, -0.7071067811865148212 ) ) ;
#1888 = VECTOR ( 'NONE', #295, 1000.000000000000000 ) ;
#1889 = ORIENTED_EDGE ( 'NONE', *, *, #706, .F. ) ;
#1890 = EDGE_CURVE ( 'NONE', #4892, #1525, #3037, .T. ) ;
#1891 = LINE ( 'NONE', #5365, #900 ) ;
#1892 = DIRECTION ( 'NONE',  ( 0.000000000000000000, 0.000000000000000000, -1.000000000000000000 ) ) ;
#1893 = CARTESIAN_POINT ( 'NONE',  ( -228.4293727074229707, 1524.022692017425470, 10.90000000000000036 ) ) ;
#1894 = EDGE_CURVE ( 'NONE', #2468, #1788, #4427, .T. ) ;
#1895 = ORIENTED_EDGE ( 'NONE', *, *, #5901, .F. ) ;
#1896 = PERSON_AND_ORGANIZATION ( #1977, #5688 ) ;
#1897 = LINE ( 'NONE', #1484, #836 ) ;
#1898 = VECTOR ( 'NONE', #6194, 1000.000000000000000 ) ;
#1899 = EDGE_CURVE ( 'NONE', #2624, #1153, #2610, .T. ) ;
#1900 = CIRCLE ( 'NONE', #2722, 1.699999999999979305 ) ;
#1901 = LINE ( 'NONE', #2453, #6242 ) ;
#1902 = EDGE_CURVE ( 'NONE', #2675, #1794, #4937, .T. ) ;
#1903 = DIRECTION ( 'NONE',  ( -0.6123724356957669368, -0.3535533905932604082, 0.7071067811865781039 ) ) ;
#1904 = EDGE_LOOP ( 'NONE', ( #474, #5921, #4092, #738 ) ) ;
#1905 = CARTESIAN_POINT ( 'NONE',  ( -251.9697573775181922, 1522.204472036188008, 11.50000000000000000 ) ) ;
#1906 = ORIENTED_EDGE ( 'NONE', *, *, #207, .T. ) ;
#1907 = AXIS2_PLACEMENT_3D ( 'NONE', #3439, #4359, #3314 ) ;
#1908 = CARTESIAN_POINT ( 'NONE',  ( -249.2406748809267754, 1519.713020834706640, 10.90000000000000036 ) ) ;
#1909 = CARTESIAN_POINT ( 'NONE',  ( -254.1288842279537619, 1523.764493847205358, 10.89999999999999858 ) ) ;
#1910 = CARTESIAN_POINT ( 'NONE',  ( -200.5812958390566507, 1401.701106651571990, 9.000000000000001776 ) ) ;
#1911 = VECTOR ( 'NONE', #5166, 1000.000000000000000 ) ;
#1912 = CARTESIAN_POINT ( 'NONE',  ( -254.9321728138055789, 1521.269513158272048, 11.49999999999999822 ) ) ;
#1913 = CARTESIAN_POINT ( 'NONE',  ( -236.0293727074230219, 1524.022692017425697, 10.90000000000000036 ) ) ;
#1914 = EDGE_CURVE ( 'NONE', #5865, #5181, #3448, .T. ) ;
#1915 = LINE ( 'NONE', #4816, #111 ) ;
#1916 = VECTOR ( 'NONE', #5133, 1000.000000000000000 ) ;
#1917 = EDGE_LOOP ( 'NONE', ( #3244, #655, #6012, #5100 ) ) ;
#1918 = FACE_BOUND ( 'NONE', #3782, .T. ) ;
#1919 = CARTESIAN_POINT ( 'NONE',  ( -216.5882284609815542, 1526.351106651572309, 0.000000000000000000 ) ) ;
#1920 = CARTESIAN_POINT ( 'NONE',  ( -253.5287838156955331, 1525.219773783716164, 11.49999999999998934 ) ) ;
#1921 = AXIS2_PLACEMENT_3D ( 'NONE', #1719, #1656, #4056 ) ;
#1922 = CARTESIAN_POINT ( 'NONE',  ( -233.1293727074229594, 1530.601106651571854, 7.500000000000000000 ) ) ;
#1923 = ORIENTED_EDGE ( 'NONE', *, *, #5205, .F. ) ;
#1924 = CARTESIAN_POINT ( 'NONE',  ( -249.9443663690449000, 1522.509569849238233, 10.90000000000000391 ) ) ;
#1925 = EDGE_CURVE ( 'NONE', #5872, #4454, #1629, .T. ) ;
#1926 = CARTESIAN_POINT ( 'NONE',  ( -250.2378923670900406, 1522.520043061487740, 11.50000000000000178 ) ) ;
#1927 = VECTOR ( 'NONE', #3312, 1000.000000000000000 ) ;
#1928 = CARTESIAN_POINT ( 'NONE',  ( -250.1128277323683733, 1520.525851047420474, 10.90000000000000213 ) ) ;
#1929 = CARTESIAN_POINT ( 'NONE',  ( -217.8872665666571606, 1527.601106651571854, 0.4999999999999449329 ) ) ;
#1930 = DIRECTION ( 'NONE',  ( 0.000000000000000000, -0.7071067811865475727, 0.7071067811865475727 ) ) ;
#1931 = DIRECTION ( 'NONE',  ( -0.000000000000000000, -0.000000000000000000, 1.000000000000000000 ) ) ;
#1932 = VECTOR ( 'NONE', #1542, 1000.000000000000000 ) ;
#1933 = EDGE_LOOP ( 'NONE', ( #326, #5741 ) ) ;
#1934 = EDGE_CURVE ( 'NONE', #870, #5084, #4022, .T. ) ;
#1935 = DIRECTION ( 'NONE',  ( 1.000000000000000000, 0.000000000000000000, 0.000000000000000000 ) ) ;
#1936 = DIRECTION ( 'NONE',  ( -0.7071067811865234809, 0.000000000000000000, -0.7071067811865716646 ) ) ;
#1937 = ORIENTED_EDGE ( 'NONE', *, *, #4426, .T. ) ;
#1938 = CARTESIAN_POINT ( 'NONE',  ( -248.1284083006975720, 1521.403569581390457, 10.90000000000000391 ) ) ;
#1939 = VERTEX_POINT ( 'NONE', #5940 ) ;
#1940 = ORIENTED_EDGE ( 'NONE', *, *, #1050, .F. ) ;
#1941 = EDGE_CURVE ( 'NONE', #1987, #5066, #2518, .T. ) ;
#1942 = EDGE_CURVE ( 'NONE', #5604, #3973, #1126, .T. ) ;
#1943 = CARTESIAN_POINT ( 'NONE',  ( -249.4504000994049306, 1519.627227069186347, 11.50000000000000355 ) ) ;
#1944 = B_SPLINE_CURVE_WITH_KNOTS ( 'NONE', 3,
 ( #2587, #3996, #3510, #4499, #5442, #1598, #1132, #3076, #5006, #4529, #2109, #3700, #1847, #783, #6131, #2711, #4273, #5190, #4141 ),
 .UNSPECIFIED., .F., .F.,
 ( 4, 1, 1, 1, 1, 1, 1, 1, 1, 1, 1, 1, 1, 1, 1, 1, 4 ),
 ( 0.000000000000000000, 0.09159048609354962511, 0.1748650680095225896, 0.2498291386197812880, 0.3161601287445989783, 0.3740999210226380600, 0.4237697149570856525, 0.4648394052542459409, 0.4980745876098778280, 0.5541607459857285090, 0.6073875402327956197, 0.6580157587679656972, 0.7068185003504697805, 0.7608855792435127441, 0.8276472363467698434, 0.9071004225686370992, 1.000000000000000000 ),
 .UNSPECIFIED. ) ;
#1945 = CARTESIAN_POINT ( 'NONE',  ( -254.1288842279537619, 1523.764493847205358, 11.49999999999999822 ) ) ;
#1946 = DIRECTION ( 'NONE',  ( 1.000000000000000000, 0.000000000000000000, 0.000000000000000000 ) ) ;
#1947 = DIRECTION ( 'NONE',  ( -1.000000000000000000, 0.000000000000000000, 0.000000000000000000 ) ) ;
#1948 = CARTESIAN_POINT ( 'NONE',  ( -254.6639015886699156, 1525.579212306175805, 10.90000000000000213 ) ) ;
#1949 = DIRECTION ( 'NONE',  ( 0.000000000000000000, 0.000000000000000000, 1.000000000000000000 ) ) ;
#1950 = ORIENTED_EDGE ( 'NONE', *, *, #3129, .F. ) ;
#1951 = DIRECTION ( 'NONE',  ( 0.000000000000000000, 0.7071067811865527908, 0.7071067811865422437 ) ) ;
#1952 = LINE ( 'NONE', #2397, #2305 ) ;
#1953 = CARTESIAN_POINT ( 'NONE',  ( -254.1256474109638361, 1523.932207408515296, 10.90000000000000036 ) ) ;
#1954 = DIRECTION ( 'NONE',  ( 1.000000000000000000, 0.000000000000000000, 0.000000000000000000 ) ) ;
#1955 = LINE ( 'NONE', #4376, #5452 ) ;
#1956 = ORIENTED_EDGE ( 'NONE', *, *, #3926, .T. ) ;
#1957 = CARTESIAN_POINT ( 'NONE',  ( -251.2261629892063013, 1519.794311034313296, 11.50000000000000355 ) ) ;
#1958 = FACE_BOUND ( 'NONE', #1933, .T. ) ;
#1959 = VERTEX_POINT ( 'NONE', #3572 ) ;
#1960 = LINE ( 'NONE', #958, #5957 ) ;
#1961 = CARTESIAN_POINT ( 'NONE',  ( -252.1143615284176462, 1521.250730173294414, 10.90000000000000036 ) ) ;
#1962 = FACE_OUTER_BOUND ( 'NONE', #3888, .T. ) ;
#1963 = VERTEX_POINT ( 'NONE', #2978 ) ;
#1964 = CARTESIAN_POINT ( 'NONE',  ( -207.9312958390566166, 1394.801106651571672, 11.00000000000005507 ) ) ;
#1965 = EDGE_LOOP ( 'NONE', ( #4903, #1386, #4497, #1889 ) ) ;
#1966 = DIRECTION ( 'NONE',  ( -0.000000000000000000, -0.000000000000000000, -1.000000000000000000 ) ) ;
#1967 = EDGE_CURVE ( 'NONE', #5136, #3643, #4909, .T. ) ;
#1968 = ORIENTED_EDGE ( 'NONE', *, *, #1982, .F. ) ;
#1969 = CARTESIAN_POINT ( 'NONE',  ( -248.6219448837311461, 1522.984527280187876, 11.50000000000000533 ) ) ;
#1970 = ORIENTED_EDGE ( 'NONE', *, *, #4819, .F. ) ;
#1971 = ORIENTED_EDGE ( 'NONE', *, *, #2769, .T. ) ;
#1972 = CARTESIAN_POINT ( 'NONE',  ( -249.7657541280251223, 1520.622687277550085, 11.50000000000000178 ) ) ;
#1973 =( LENGTH_UNIT ( ) NAMED_UNIT ( * ) SI_UNIT ( .MILLI., .METRE. ) );
#1974 = DIRECTION ( 'NONE',  ( -3.558407130208834256E-15, 0.000000000000000000, 1.000000000000000000 ) ) ;
#1975 = ADVANCED_FACE ( 'NONE', ( #1155 ), #177, .F. ) ;
#1976 = DIRECTION ( 'NONE',  ( 0.5222179225941548930, -0.8528120785503950918, 0.000000000000000000 ) ) ;
#1977 = PERSON ( 'UNSPECIFIED', 'UNSPECIFIED', 'UNSPECIFIED', ('UNSPECIFIED'), ('UNSPECIFIED'), ('UNSPECIFIED') ) ;
#1978 = CARTESIAN_POINT ( 'NONE',  ( -250.1596612236720603, 1519.524183574649669, 11.49999999999999822 ) ) ;
#1979 = VERTEX_POINT ( 'NONE', #1278 ) ;
#1980 = CARTESIAN_POINT ( 'NONE',  ( -216.3889817412364494, 1507.006001209732403, 9.000000000000001776 ) ) ;
#1981 = DIRECTION ( 'NONE',  ( 1.000000000000000000, 0.000000000000000000, 0.000000000000000000 ) ) ;
#1982 = EDGE_CURVE ( 'NONE', #5273, #4150, #4106, .T. ) ;
#1983 = CARTESIAN_POINT ( 'NONE',  ( -252.9714495025036740, 1524.067317878700578, 10.89999999999999858 ) ) ;
#1984 = DIRECTION ( 'NONE',  ( 7.845687760444648216E-14, -0.7071067811865474617, -0.7071067811865474617 ) ) ;
#1985 = CARTESIAN_POINT ( 'NONE',  ( -250.5693816094880617, 1522.410311653054350, 11.50000000000000355 ) ) ;
#1986 = CARTESIAN_POINT ( 'NONE',  ( -256.6620650698259283, 1523.139568190033515, 11.49999999999507949 ) ) ;
#1987 = VERTEX_POINT ( 'NONE', #3726 ) ;
#1988 = CARTESIAN_POINT ( 'NONE',  ( -249.6159446430217486, 1520.719797536351280, 11.49999999999999112 ) ) ;
#1989 = ORIENTED_EDGE ( 'NONE', *, *, #3271, .F. ) ;
#1990 = CARTESIAN_POINT ( 'NONE',  ( -206.2812958390566394, 1401.701106651571990, 9.000000000000001776 ) ) ;
#1991 = CARTESIAN_POINT ( 'NONE',  ( -248.2878456874005906, 1520.740324272446742, 11.50000000000000533 ) ) ;
#1992 = DIRECTION ( 'NONE',  ( 0.7071067811865082708, 0.000000000000000000, -0.7071067811865867636 ) ) ;
#1993 = ORIENTED_EDGE ( 'NONE', *, *, #6209, .F. ) ;
#1994 = AXIS2_PLACEMENT_3D ( 'NONE', #2997, #2391, #4787 ) ;
#1995 = CARTESIAN_POINT ( 'NONE',  ( -198.4312958390566166, 1395.301106651571672, 11.00000000000000000 ) ) ;
#1996 = CARTESIAN_POINT ( 'NONE',  ( -248.1470967421234661, 1521.230478401103710, 10.89999999999999858 ) ) ;
#1997 = AXIS2_PLACEMENT_3D ( 'NONE', #2104, #5150, #6027 ) ;
#1998 = DIRECTION ( 'NONE',  ( 0.7071067811865434649, 8.659560562354884787E-17, -0.7071067811865516806 ) ) ;
#1999 = ORIENTED_EDGE ( 'NONE', *, *, #49, .T. ) ;
#2000 = EDGE_LOOP ( 'NONE', ( #1675, #454, #494, #3 ) ) ;
#2001 = DIRECTION ( 'NONE',  ( -2.992019012672608321E-16, 1.000000000000000000, 0.000000000000000000 ) ) ;
#2002 = EDGE_CURVE ( 'NONE', #5517, #4921, #1405, .T. ) ;
#2003 = VECTOR ( 'NONE', #1448, 1000.000000000000000 ) ;
#2004 = AXIS2_PLACEMENT_3D ( 'NONE', #6013, #3975, #3614 ) ;
#2005 = DIRECTION ( 'NONE',  ( 0.000000000000000000, 0.000000000000000000, 1.000000000000000000 ) ) ;
#2006 = DIRECTION ( 'NONE',  ( -0.000000000000000000, -0.000000000000000000, 1.000000000000000000 ) ) ;
#2007 = FACE_BOUND ( 'NONE', #289, .T. ) ;
#2008 = VECTOR ( 'NONE', #2908, 1000.000000000000000 ) ;
#2009 = DIRECTION ( 'NONE',  ( 1.000000000000000000, 0.000000000000000000, 0.000000000000000000 ) ) ;
#2010 = EDGE_CURVE ( 'NONE', #484, #3251, #2164, .T. ) ;
#2011 = CIRCLE ( 'NONE', #1202, 1.699999999999923794 ) ;
#2012 = ORIENTED_EDGE ( 'NONE', *, *, #3849, .F. ) ;
#2013 = DIRECTION ( 'NONE',  ( 1.000000000000000000, 0.000000000000000000, 0.000000000000000000 ) ) ;
#2014 = EDGE_CURVE ( 'NONE', #1581, #2681, #5061, .T. ) ;
#2015 = CARTESIAN_POINT ( 'NONE',  ( -256.6620650698259283, 1524.601106651571854, 10.90000000000000036 ) ) ;
#2016 = LINE ( 'NONE', #5505, #5058 ) ;
#2017 = CARTESIAN_POINT ( 'NONE',  ( -253.0201631393773596, 1523.472195048498406, 10.90000000000000036 ) ) ;
#2018 = B_SPLINE_CURVE_WITH_KNOTS ( 'NONE', 3,
 ( #1766, #1234, #1737, #5610, #1333, #4673, #4219, #5206, #1798, #1266, #6144 ),
 .UNSPECIFIED., .F., .F.,
 ( 4, 1, 1, 1, 1, 1, 1, 1, 4 ),
 ( 0.000000000000000000, 0.1272652138347262762, 0.2504727448330550388, 0.3709183694476671511, 0.4903519675537421629, 0.6120391628631896008, 0.7361283332358898868, 0.8651603406623447068, 1.000000000000000000 ),
 .UNSPECIFIED. ) ;
#2019 = VECTOR ( 'NONE', #3582, 1000.000000000000000 ) ;
#2020 = ORIENTED_EDGE ( 'NONE', *, *, #5127, .F. ) ;
#2021 = CARTESIAN_POINT ( 'NONE',  ( -250.3585925975173154, 1519.527776799257481, 11.50000000000000000 ) ) ;
#2022 = EDGE_CURVE ( 'NONE', #3429, #4024, #304, .T. ) ;
#2023 = ADVANCED_FACE ( 'NONE', ( #5119 ), #1226, .T. ) ;
#2024 = DIRECTION ( 'NONE',  ( 0.000000000000000000, 0.000000000000000000, 1.000000000000000000 ) ) ;
#2025 = EDGE_LOOP ( 'NONE', ( #4119, #1840, #3347 ) ) ;
#2026 = ORIENTED_EDGE ( 'NONE', *, *, #4076, .T. ) ;
#2027 = VECTOR ( 'NONE', #1532, 1000.000000000000114 ) ;
#2028 = FACE_OUTER_BOUND ( 'NONE', #5453, .T. ) ;
#2029 = CARTESIAN_POINT ( 'NONE',  ( -248.1236035313643526, 1521.579472036188236, 11.50000000000000000 ) ) ;
#2030 = CARTESIAN_POINT ( 'NONE',  ( -250.2239662438721552, 1523.470946480243356, 10.89999999999999858 ) ) ;
#2031 = ORIENTED_EDGE ( 'NONE', *, *, #5211, .T. ) ;
#2032 = VECTOR ( 'NONE', #4522, 1000.000000000000114 ) ;
#2033 = CARTESIAN_POINT ( 'NONE',  ( -256.3355086980570263, 1522.139270240594215, 10.90000000000000036 ) ) ;
#2034 = DIRECTION ( 'NONE',  ( 0.000000000000000000, 0.000000000000000000, 1.000000000000000000 ) ) ;
#2035 = CARTESIAN_POINT ( 'NONE',  ( -248.2264263861137579, 1520.898642570922902, 11.50000000000000178 ) ) ;
#2036 = AXIS2_PLACEMENT_3D ( 'NONE', #5919, #1569, #5446 ) ;
#2037 = CARTESIAN_POINT ( 'NONE',  ( -255.0309963344313360, 1521.401228272507296, 11.50000000000000178 ) ) ;
#2038 = CARTESIAN_POINT ( 'NONE',  ( -203.4312958390566450, 1398.601106651571854, 5.749999999999905853 ) ) ;
#2039 = ORIENTED_EDGE ( 'NONE', *, *, #4191, .F. ) ;
#2040 = ORIENTED_EDGE ( 'NONE', *, *, #3002, .T. ) ;
#2041 = LINE ( 'NONE', #6254, #528 ) ;
#2042 = VECTOR ( 'NONE', #3383, 1000.000000000000114 ) ;
#2043 = CARTESIAN_POINT ( 'NONE',  ( -209.5080216973944687, 1507.687828808946733, 7.000000000000000000 ) ) ;
#2044 = FACE_OUTER_BOUND ( 'NONE', #5374, .T. ) ;
#2045 = CARTESIAN_POINT ( 'NONE',  ( -249.8471612236720603, 1523.524183574649896, 10.90000000000000213 ) ) ;
#2046 = ORIENTED_EDGE ( 'NONE', *, *, #4925, .T. ) ;
#2047 = LINE ( 'NONE', #5978, #2531 ) ;
#2048 = DIRECTION ( 'NONE',  ( 1.000000000000000000, 0.000000000000000000, 0.000000000000000000 ) ) ;
#2049 = CARTESIAN_POINT ( 'NONE',  ( -205.1312958390566337, 1398.601106651571854, 6.249999999999939604 ) ) ;
#2050 = EDGE_CURVE ( 'NONE', #993, #4454, #3193, .T. ) ;
#2051 = LINE ( 'NONE', #2563, #1615 ) ;
#2052 = LINE ( 'NONE', #4002, #2342 ) ;
#2053 = VERTEX_POINT ( 'NONE', #241 ) ;
#2054 = ORIENTED_EDGE ( 'NONE', *, *, #5929, .F. ) ;
#2055 = CARTESIAN_POINT ( 'NONE',  ( -257.8159112236720603, 1525.601106651572081, 10.90000000000000036 ) ) ;
#2056 = DIRECTION ( 'NONE',  ( 3.081012879330941349E-16, -1.000000000000000000, 0.000000000000000000 ) ) ;
#2057 = CARTESIAN_POINT ( 'NONE',  ( -253.0201631393773596, 1523.472195048498406, 11.50000000000000000 ) ) ;
#2058 = EDGE_CURVE ( 'NONE', #4679, #6054, #3759, .T. ) ;
#2059 = ADVANCED_FACE ( 'NONE', ( #4268 ), #994, .T. ) ;
#2060 = ORIENTED_EDGE ( 'NONE', *, *, #4699, .T. ) ;
#2061 = CARTESIAN_POINT ( 'NONE',  ( -200.0812958390566791, 1394.801106651571672, 5.749999999999905853 ) ) ;
#2062 = B_SPLINE_CURVE_WITH_KNOTS ( 'NONE', 1,
 ( #6086, #5208 ),
 .UNSPECIFIED., .F., .F.,
 ( 2, 2 ),
 ( 0.000000000000000000, 0.001224744871391313539 ),
 .UNSPECIFIED. ) ;
#2063 = CARTESIAN_POINT ( 'NONE',  ( -203.4312958390566450, 1398.601106651571854, 7.000000000000000000 ) ) ;
#2064 = CARTESIAN_POINT ( 'NONE',  ( -251.2774496852104846, 1525.524183574649669, 10.90000000000000036 ) ) ;
#2065 = CARTESIAN_POINT ( 'NONE',  ( -198.9312958390565598, 1394.801106651571672, 5.749999999999905853 ) ) ;
#2066 = CARTESIAN_POINT ( 'NONE',  ( -250.6733475018937440, 1522.344784060968323, 10.89999999999999858 ) ) ;
#2067 = VERTEX_POINT ( 'NONE', #3789 ) ;
#2068 = ORIENTED_EDGE ( 'NONE', *, *, #4395, .T. ) ;
#2069 = FACE_OUTER_BOUND ( 'NONE', #1209, .T. ) ;
#2070 = ORIENTED_EDGE ( 'NONE', *, *, #3307, .T. ) ;
#2071 = LINE ( 'NONE', #5882, #3844 ) ;
#2072 = CARTESIAN_POINT ( 'NONE',  ( -373.1312958390562926, 1522.601106651571854, 6.249999999999966249 ) ) ;
#2073 = DIRECTION ( 'NONE',  ( 0.5773502691896470473, 0.5773502691896471584, 0.5773502691895829875 ) ) ;
#2074 = ORIENTED_EDGE ( 'NONE', *, *, #3616, .F. ) ;
#2075 = FACE_OUTER_BOUND ( 'NONE', #5341, .T. ) ;
#2076 = CARTESIAN_POINT ( 'NONE',  ( -255.3439581509265395, 1524.599775069161069, 10.90000000000000213 ) ) ;
#2077 = CARTESIAN_POINT ( 'NONE',  ( -253.5582351284124627, 1522.636843190070294, 11.50000000000000178 ) ) ;
#2078 = CARTESIAN_POINT ( 'NONE',  ( -252.9708152153909850, 1523.884301839610544, 10.90000000000000036 ) ) ;
#2079 = ORIENTED_EDGE ( 'NONE', *, *, #4089, .F. ) ;
#2080 = DIRECTION ( 'NONE',  ( 0.000000000000000000, -1.000000000000000000, 0.000000000000000000 ) ) ;
#2081 = B_SPLINE_SURFACE_WITH_KNOTS ( 'NONE', 3, 1, ( 
 ( #1394, #2963 ),
 ( #1047, #3977 ),
 ( #6244, #487 ),
 ( #2030, #3340 ),
 ( #5271, #5768 ),
 ( #41, #929 ),
 ( #4899, #3879 ) ),
 .UNSPECIFIED., .F., .F., .F.,
 ( 4, 1, 1, 1, 4 ),
 ( 2, 2 ),
 ( 0.000000000000000000, 0.2650129960900846071, 0.5160880842204744745, 0.7599173304198870715, 1.000000000000000000 ),
 ( 0.000000000000000000, 1.000000000000000000 ),
 .UNSPECIFIED. ) ;
#2082 = EDGE_CURVE ( 'NONE', #1581, #67, #3736, .T. ) ;
#2083 = ORIENTED_EDGE ( 'NONE', *, *, #805, .T. ) ;
#2084 = EDGE_LOOP ( 'NONE', ( #4020, #2456, #4323, #3740, #5215, #2153, #156, #245, #4405, #3826, #1488, #2115 ) ) ;
#2085 = DIRECTION ( 'NONE',  ( 0.1287276896580893393, -0.9916799795878157298, 0.000000000000000000 ) ) ;
#2086 = PLANE ( 'NONE',  #911 ) ;
#2087 = LINE ( 'NONE', #5954, #5738 ) ;
#2088 = ORIENTED_EDGE ( 'NONE', *, *, #3618, .T. ) ;
#2089 = CARTESIAN_POINT ( 'NONE',  ( -255.0763310856082455, 1524.596284064100928, 11.50000000000000000 ) ) ;
#2090 = ADVANCED_FACE ( 'NONE', ( #401, #436 ), #4839, .T. ) ;
#2091 = FACE_OUTER_BOUND ( 'NONE', #3074, .T. ) ;
#2092 = CARTESIAN_POINT ( 'NONE',  ( -248.1252132770972594, 1521.520539295324625, 10.90000000000000036 ) ) ;
#2093 = PLANE ( 'NONE',  #5539 ) ;
#2094 = CARTESIAN_POINT ( 'NONE',  ( -250.9625458390566450, 1522.062645113111103, 10.90000000000000036 ) ) ;
#2095 = VECTOR ( 'NONE', #3554, 1000.000000000000000 ) ;
#2096 = VERTEX_POINT ( 'NONE', #5713 ) ;
#2097 = ORIENTED_EDGE ( 'NONE', *, *, #4544, .F. ) ;
#2098 = DIRECTION ( 'NONE',  ( 1.000000000000000000, 0.000000000000000000, 0.000000000000000000 ) ) ;
#2099 = EDGE_CURVE ( 'NONE', #5343, #3629, #3379, .T. ) ;
#2100 = EDGE_CURVE ( 'NONE', #135, #1690, #530, .T. ) ;
#2101 = AXIS2_PLACEMENT_3D ( 'NONE', #3183, #4162, #5110 ) ;
#2102 = VERTEX_POINT ( 'NONE', #966 ) ;
#2103 = DIRECTION ( 'NONE',  ( -0.000000000000000000, -0.000000000000000000, 1.000000000000000000 ) ) ;
#2104 = CARTESIAN_POINT ( 'NONE',  ( -203.4312958390566450, 1398.601106651571854, 5.749999999999905853 ) ) ;
#2105 = VECTOR ( 'NONE', #5776, 1000.000000000000000 ) ;
#2106 = VECTOR ( 'NONE', #6183, 1000.000000000000000 ) ;
#2107 = DIRECTION ( 'NONE',  ( 0.4604154969117498220, 0.8877035373386242822, 0.000000000000000000 ) ) ;
#2108 = ORIENTED_EDGE ( 'NONE', *, *, #2554, .T. ) ;
#2109 = CARTESIAN_POINT ( 'NONE',  ( -255.4690109669522826, 1521.911725896244661, 11.50000000000000178 ) ) ;
#2110 = VECTOR ( 'NONE', #1539, 1000.000000000000000 ) ;
#2111 = DIRECTION ( 'NONE',  ( -0.7071067811865868746, 0.000000000000000000, 0.7071067811865081598 ) ) ;
#2112 = VECTOR ( 'NONE', #3499, 1000.000000000000000 ) ;
#2113 = EDGE_CURVE ( 'NONE', #3192, #2640, #4229, .T. ) ;
#2114 = CARTESIAN_POINT ( 'NONE',  ( -253.6822174498232130, 1522.552657201847751, 10.89999999999999680 ) ) ;
#2115 = ORIENTED_EDGE ( 'NONE', *, *, #4013, .T. ) ;
#2116 = FACE_BOUND ( 'NONE', #3570, .T. ) ;
#2117 = AXIS2_PLACEMENT_3D ( 'NONE', #5348, #999, #4882 ) ;
#2118 = ORIENTED_EDGE ( 'NONE', *, *, #5542, .F. ) ;
#2119 = CARTESIAN_POINT ( 'NONE',  ( -207.9312958390566450, 1402.851106651571627, 0.2500000000000002220 ) ) ;
#2120 = DIRECTION ( 'NONE',  ( 0.000000000000000000, 0.7071067811865081598, 0.7071067811865868746 ) ) ;
#2121 = DIRECTION ( 'NONE',  ( 0.000000000000000000, 0.000000000000000000, 1.000000000000000000 ) ) ;
#2122 = CIRCLE ( 'NONE', #5464, 2.199999999999979750 ) ;
#2123 = EDGE_CURVE ( 'NONE', #5832, #5872, #6159, .T. ) ;
#2124 = ORIENTED_EDGE ( 'NONE', *, *, #1925, .F. ) ;
#2125 = CARTESIAN_POINT ( 'NONE',  ( -227.1293727074230162, 1522.722692017425970, 7.500000000000000000 ) ) ;
#2126 = VECTOR ( 'NONE', #1951, 1000.000000000000000 ) ;
#2127 = CARTESIAN_POINT ( 'NONE',  ( -200.0812958390566791, 1394.801106651571672, 7.000000000000000000 ) ) ;
#2128 = CARTESIAN_POINT ( 'NONE',  ( -253.9996204556317423, 1521.917015443929358, 11.49999999999999822 ) ) ;
#2129 = CARTESIAN_POINT ( 'NONE',  ( -255.6622148325674004, 1522.035376669385869, 11.50000000000000000 ) ) ;
#2130 = LINE ( 'NONE', #3594, #3031 ) ;
#2131 = EDGE_CURVE ( 'NONE', #5712, #1824, #3316, .T. ) ;
#2132 = ORIENTED_EDGE ( 'NONE', *, *, #5404, .T. ) ;
#2133 = EDGE_LOOP ( 'NONE', ( #4077, #6207, #4684, #5909 ) ) ;
#2134 = CARTESIAN_POINT ( 'NONE',  ( -374.7312958390564859, 1525.451106651571990, 7.000000000000000000 ) ) ;
#2135 = VECTOR ( 'NONE', #1242, 1000.000000000000000 ) ;
#2136 = EDGE_LOOP ( 'NONE', ( #648, #3625, #4036, #578 ) ) ;
#2137 = CARTESIAN_POINT ( 'NONE',  ( -250.3519689159797110, 1524.370337420803480, 10.90000000000000036 ) ) ;
#2138 = CARTESIAN_POINT ( 'NONE',  ( 0.000000000000000000, 0.000000000000000000, 7.000000000000000000 ) ) ;
#2139 = EDGE_CURVE ( 'NONE', #2431, #2985, #1403, .T. ) ;
#2140 = ADVANCED_FACE ( 'NONE', ( #904 ), #495, .F. ) ;
#2141 = B_SPLINE_SURFACE_WITH_KNOTS ( 'NONE', 3, 1, ( 
 ( #1678, #2225 ),
 ( #776, #340 ),
 ( #1275, #2739 ),
 ( #4171, #6060 ),
 ( #2676, #1213 ),
 ( #5218, #3162 ),
 ( #3757, #368 ),
 ( #843, #5117 ),
 ( #5591, #1715 ),
 ( #4743, #2284 ),
 ( #3221, #3662 ) ),
 .UNSPECIFIED., .F., .F., .F.,
 ( 4, 1, 1, 1, 1, 1, 1, 1, 4 ),
 ( 2, 2 ),
 ( 0.000000000000000000, 0.05265892874549680386, 0.1248127157245952357, 0.2192102179564334730, 0.3332050912219307048, 0.4694640205394202681, 0.6253523620738657973, 0.8021990883184395571, 0.9999999999999998890 ),
 ( 0.000000000000000000, 1.000000000000000000 ),
 .UNSPECIFIED. ) ;
#2142 = AXIS2_PLACEMENT_3D ( 'NONE', #2125, #4514, #4959 ) ;
#2143 = DIRECTION ( 'NONE',  ( 0.000000000000000000, 0.000000000000000000, -1.000000000000000000 ) ) ;
#2144 = ORIENTED_EDGE ( 'NONE', *, *, #5581, .F. ) ;
#2145 = CARTESIAN_POINT ( 'NONE',  ( -248.3543727621335790, 1525.524183574649669, 10.90000000000000036 ) ) ;
#2146 = DIRECTION ( 'NONE',  ( -0.5000000000000027756, 0.8660254037844370423, 0.000000000000000000 ) ) ;
#2147 = CARTESIAN_POINT ( 'NONE',  ( -221.4957057490930765, 1516.851106651572081, 0.000000000000000000 ) ) ;
#2148 = FACE_BOUND ( 'NONE', #5148, .T. ) ;
#2149 = CYLINDRICAL_SURFACE ( 'NONE', #2740, 1.699999999999979305 ) ;
#2150 = ORIENTED_EDGE ( 'NONE', *, *, #5535, .F. ) ;
#2151 = CARTESIAN_POINT ( 'NONE',  ( -226.0293727074229935, 1527.601106651571854, 11.00000000000005507 ) ) ;
#2152 = CARTESIAN_POINT ( 'NONE',  ( -253.0604420874299478, 1523.329678575828211, 10.90000000000000213 ) ) ;
#2153 = ORIENTED_EDGE ( 'NONE', *, *, #432, .T. ) ;
#2154 = CARTESIAN_POINT ( 'NONE',  ( -253.2353823775181922, 1520.788606651571854, 10.90000000000000036 ) ) ;
#2155 = CARTESIAN_POINT ( 'NONE',  ( -211.2080216973944005, 1507.687828808946733, 0.4999999999999206191 ) ) ;
#2156 = DIRECTION ( 'NONE',  ( 0.000000000000000000, 0.000000000000000000, -1.000000000000000000 ) ) ;
#2157 = DIRECTION ( 'NONE',  ( 0.000000000000000000, 1.000000000000000000, 0.000000000000000000 ) ) ;
#2158 = VERTEX_POINT ( 'NONE', #465 ) ;
#2159 = VERTEX_POINT ( 'NONE', #6221 ) ;
#2160 = CARTESIAN_POINT ( 'NONE',  ( -248.3543727621335790, 1525.524183574649669, 10.90000000000000036 ) ) ;
#2161 = EDGE_CURVE ( 'NONE', #3661, #4139, #6121, .T. ) ;
#2162 = EDGE_LOOP ( 'NONE', ( #4364, #28, #4065, #4737 ) ) ;
#2163 = CARTESIAN_POINT ( 'NONE',  ( -255.6612603251093958, 1523.139721886512916, 10.90000000000000036 ) ) ;
#2164 = LINE ( 'NONE', #1679, #3728 ) ;
#2165 = CARTESIAN_POINT ( 'NONE',  ( -202.7922998581934735, 1502.455857373950494, 9.500000000000000000 ) ) ;
#2166 = LINE ( 'NONE', #5064, #5082 ) ;
#2167 = EDGE_CURVE ( 'NONE', #4985, #558, #2385, .T. ) ;
#2168 = EDGE_LOOP ( 'NONE', ( #5426, #4353, #1885, #1747 ) ) ;
#2169 = CARTESIAN_POINT ( 'NONE',  ( -226.0293727074229650, 1528.101106651571627, 4.907106781186302058 ) ) ;
#2170 = DIRECTION ( 'NONE',  ( -1.000000000000000000, 0.000000000000000000, 0.000000000000000000 ) ) ;
#2171 = PLANE ( 'NONE',  #3829 ) ;
#2172 = EDGE_CURVE ( 'NONE', #19, #1959, #5955, .T. ) ;
#2173 = CARTESIAN_POINT ( 'NONE',  ( -250.2077381467489658, 1520.524183574649669, 10.90000000000000036 ) ) ;
#2174 = EDGE_CURVE ( 'NONE', #2883, #5543, #5818, .T. ) ;
#2175 = ORIENTED_EDGE ( 'NONE', *, *, #4037, .T. ) ;
#2176 = EDGE_CURVE ( 'NONE', #2296, #594, #4453, .T. ) ;
#2177 = CARTESIAN_POINT ( 'NONE',  ( -255.2213569920376983, 1525.600635027371936, 11.50000000000000178 ) ) ;
#2178 = CARTESIAN_POINT ( 'NONE',  ( -227.1293727074229878, 1518.101106651571627, 10.90000000000000036 ) ) ;
#2179 = EDGE_LOOP ( 'NONE', ( #3418, #2298, #129, #2482 ) ) ;
#2180 = CARTESIAN_POINT ( 'NONE',  ( -198.4312958390566166, 1402.601106651571854, 5.749999999999905853 ) ) ;
#2181 = B_SPLINE_SURFACE_WITH_KNOTS ( 'NONE', 3, 1, ( 
 ( #6050, #4677 ),
 ( #865, #6089 ),
 ( #2799, #1741 ),
 ( #6214, #769 ),
 ( #332, #802 ),
 ( #5612, #1336 ),
 ( #391, #2219 ),
 ( #1302, #3309 ),
 ( #2311, #3684 ),
 ( #4736, #3808 ),
 ( #1800, #1864 ),
 ( #6148, #1768 ),
 ( #2278, #4222 ),
 ( #1268, #6116 ),
 ( #5237, #891 ),
 ( #3214, #2829 ),
 ( #4258, #5140 ),
 ( #6185, #5730 ),
 ( #2767, #4770 ) ),
 .UNSPECIFIED., .F., .F., .F.,
 ( 4, 1, 1, 1, 1, 1, 1, 1, 1, 1, 1, 1, 1, 1, 1, 1, 4 ),
 ( 2, 2 ),
 ( 0.000000000000000000, 0.06090062072362623091, 0.1203023179599449766, 0.1780151448309867657, 0.2355064872928654407, 0.2936199844226783373, 0.3519276448357113729, 0.4122277714920010161, 0.4742650492986230093, 0.5374225968626484828, 0.5997449214297748687, 0.6623304766619473316, 0.7259634480849957994, 0.7907697220612694977, 0.8579694646333775321, 0.9275234101077084459, 1.000000000000000000 ),
 ( 0.000000000000000000, 1.000000000000000000 ),
 .UNSPECIFIED. ) ;
#2182 = DIRECTION ( 'NONE',  ( 0.000000000000000000, 0.000000000000000000, 1.000000000000000000 ) ) ;
#2183 = DIRECTION ( 'NONE',  ( -0.000000000000000000, -0.000000000000000000, 1.000000000000000000 ) ) ;
#2184 = EDGE_CURVE ( 'NONE', #4170, #1939, #3915, .T. ) ;
#2185 = CARTESIAN_POINT ( 'NONE',  ( -249.2806895844696555, 1521.431802488171115, 10.89999999999999680 ) ) ;
#2186 = ORIENTED_EDGE ( 'NONE', *, *, #3425, .F. ) ;
#2187 = ORIENTED_EDGE ( 'NONE', *, *, #3386, .T. ) ;
#2188 = LINE ( 'NONE', #4167, #2840 ) ;
#2189 = CARTESIAN_POINT ( 'NONE',  ( -249.3421702499471166, 1521.103133995756480, 11.50000000000000178 ) ) ;
#2190 = ORIENTED_EDGE ( 'NONE', *, *, #441, .F. ) ;
#2191 = PLANE ( 'NONE',  #2425 ) ;
#2192 = CARTESIAN_POINT ( 'NONE',  ( -251.7389921660574998, 1520.273133704831025, 10.89999999999999680 ) ) ;
#2193 = EDGE_CURVE ( 'NONE', #2989, #2449, #3529, .T. ) ;
#2194 = DIRECTION ( 'NONE',  ( -0.000000000000000000, 1.000000000000000000, -0.000000000000000000 ) ) ;
#2195 = CIRCLE ( 'NONE', #5043, 4.099999999999992539 ) ;
#2196 = DIRECTION ( 'NONE',  ( -0.7071067811865868746, -0.7071067811865081598, -0.000000000000000000 ) ) ;
#2197 = VERTEX_POINT ( 'NONE', #3441 ) ;
#2198 = LINE ( 'NONE', #1754, #5971 ) ;
#2199 = DIRECTION ( 'NONE',  ( -0.000000000000000000, -0.000000000000000000, 1.000000000000000000 ) ) ;
#2200 = CARTESIAN_POINT ( 'NONE',  ( -249.5718587578852521, 1522.338400022091264, 11.50000000000000000 ) ) ;
#2201 = CARTESIAN_POINT ( 'NONE',  ( -250.5875458390566735, 1523.299423959264914, 11.50000000000000000 ) ) ;
#2202 = AXIS2_PLACEMENT_3D ( 'NONE', #4720, #727, #3767 ) ;
#2203 = ORIENTED_EDGE ( 'NONE', *, *, #1269, .T. ) ;
#2204 = ADVANCED_FACE ( 'NONE', ( #647 ), #170, .F. ) ;
#2205 = CARTESIAN_POINT ( 'NONE',  ( -251.1125408401040886, 1521.379443719682968, 11.50000000000000000 ) ) ;
#2206 = VECTOR ( 'NONE', #4996, 1000.000000000000000 ) ;
#2207 = VERTEX_POINT ( 'NONE', #4420 ) ;
#2208 = AXIS2_PLACEMENT_3D ( 'NONE', #4479, #607, #227 ) ;
#2209 = CARTESIAN_POINT ( 'NONE',  ( -249.2774496852105131, 1521.554231651572763, 10.90000000000000036 ) ) ;
#2210 = CARTESIAN_POINT ( 'NONE',  ( -253.7119232098131647, 1525.348019185420981, 11.50000000000000000 ) ) ;
#2211 = FACE_OUTER_BOUND ( 'NONE', #4003, .T. ) ;
#2212 = AXIS2_PLACEMENT_3D ( 'NONE', #5598, #5223, #1220 ) ;
#2213 = EDGE_CURVE ( 'NONE', #67, #3333, #1027, .T. ) ;
#2214 = ORIENTED_EDGE ( 'NONE', *, *, #2002, .T. ) ;
#2215 = CARTESIAN_POINT ( 'NONE',  ( -249.2780734435269494, 1521.593525541887630, 10.90000000000000036 ) ) ;
#2216 = VECTOR ( 'NONE', #5175, 1000.000000000000000 ) ;
#2217 = CARTESIAN_POINT ( 'NONE',  ( -229.1583196370384599, 1536.872159721955541, 11.50000000000000000 ) ) ;
#2218 = PLANE ( 'NONE',  #1702 ) ;
#2219 = CARTESIAN_POINT ( 'NONE',  ( -249.0294640088481799, 1523.315002440706166, 11.49999999999999645 ) ) ;
#2220 = ORIENTED_EDGE ( 'NONE', *, *, #4426, .F. ) ;
#2221 = VECTOR ( 'NONE', #4235, 1000.000000000000000 ) ;
#2222 = CARTESIAN_POINT ( 'NONE',  ( -249.7071048268703350, 1522.430230981192381, 11.49999999999999645 ) ) ;
#2223 = DIRECTION ( 'NONE',  ( -7.862141829747215893E-14, 0.7071067811865082708, -0.7071067811865867636 ) ) ;
#2224 = ORIENTED_EDGE ( 'NONE', *, *, #3301, .F. ) ;
#2225 = CARTESIAN_POINT ( 'NONE',  ( -254.7642285313644379, 1524.581875882341592, 11.50000000000000000 ) ) ;
#2226 = VECTOR ( 'NONE', #27, 1000.000000000000000 ) ;
#2227 = CARTESIAN_POINT ( 'NONE',  ( -251.3711799852452202, 1519.893488754557666, 10.90000000000000391 ) ) ;
#2228 = DIRECTION ( 'NONE',  ( 0.000000000000000000, 0.000000000000000000, 1.000000000000000000 ) ) ;
#2229 = AXIS2_PLACEMENT_3D ( 'NONE', #5248, #1779, #1751 ) ;
#2230 = CYLINDRICAL_SURFACE ( 'NONE', #2448, 4.099999999999992539 ) ;
#2231 = ORIENTED_EDGE ( 'NONE', *, *, #3425, .T. ) ;
#2232 = DIRECTION ( 'NONE',  ( 0.5000000000000018874, -0.8660254037844374864, 0.000000000000000000 ) ) ;
#2233 = CYLINDRICAL_SURFACE ( 'NONE', #5157, 5.499999999999976907 ) ;
#2234 = DIRECTION ( 'NONE',  ( 0.7071067811865868746, -9.614813431916754120E-17, 0.7071067811865081598 ) ) ;
#2235 = CARTESIAN_POINT ( 'NONE',  ( -210.4312958390566450, 1492.686986531620050, 11.50000000000000000 ) ) ;
#2236 = VECTOR ( 'NONE', #1360, 999.9999999999998863 ) ;
#2237 = ORIENTED_EDGE ( 'NONE', *, *, #1859, .T. ) ;
#2238 = VERTEX_POINT ( 'NONE', #2973 ) ;
#2239 = DIRECTION ( 'NONE',  ( 0.000000000000000000, -0.7071067811865527908, -0.7071067811865422437 ) ) ;
#2240 = ORIENTED_EDGE ( 'NONE', *, *, #2642, .T. ) ;
#2241 = FACE_OUTER_BOUND ( 'NONE', #6182, .T. ) ;
#2242 = EDGE_CURVE ( 'NONE', #842, #4892, #2577, .T. ) ;
#2243 = FACE_OUTER_BOUND ( 'NONE', #1381, .T. ) ;
#2244 = CARTESIAN_POINT ( 'NONE',  ( -255.0738785683638810, 1525.599726121219874, 11.49999999999999289 ) ) ;
#2245 = ORIENTED_EDGE ( 'NONE', *, *, #151, .F. ) ;
#2246 = CARTESIAN_POINT ( 'NONE',  ( -249.9443663690449000, 1522.509569849238233, 10.90000000000000391 ) ) ;
#2247 = EDGE_CURVE ( 'NONE', #356, #4004, #4046, .T. ) ;
#2248 = EDGE_CURVE ( 'NONE', #1153, #2624, #5749, .T. ) ;
#2249 = DIRECTION ( 'NONE',  ( 1.000000000000000000, 0.000000000000000000, 0.000000000000000000 ) ) ;
#2250 = DIRECTION ( 'NONE',  ( 0.5000000000000018874, -0.8660254037844374864, -0.000000000000000000 ) ) ;
#2251 = ORIENTED_EDGE ( 'NONE', *, *, #4089, .T. ) ;
#2252 = ORIENTED_EDGE ( 'NONE', *, *, #4311, .T. ) ;
#2253 = DIRECTION ( 'NONE',  ( 0.000000000000000000, 0.000000000000000000, -1.000000000000000000 ) ) ;
#2254 = CARTESIAN_POINT ( 'NONE',  ( -254.9321728138055789, 1521.269513158272048, 10.89999999999999858 ) ) ;
#2255 = EDGE_LOOP ( 'NONE', ( #5850, #394, #464, #5996 ) ) ;
#2256 = CARTESIAN_POINT ( 'NONE',  ( -253.2353823775181922, 1520.788606651571854, 10.90000000000000036 ) ) ;
#2257 = DIRECTION ( 'NONE',  ( 1.000000000000000000, 0.000000000000000000, 0.000000000000000000 ) ) ;
#2258 = CARTESIAN_POINT ( 'NONE',  ( -217.8872665666571322, 1525.601106651572991, 11.50000000000000000 ) ) ;
#2259 = LINE ( 'NONE', #468, #4482 ) ;
#2260 = PLANE ( 'NONE',  #4669 ) ;
#2261 = LINE ( 'NONE', #4655, #3243 ) ;
#2262 = CARTESIAN_POINT ( 'NONE',  ( -253.2676720243115938, 1520.845591393532459, 10.90000000000000213 ) ) ;
#2263 = DIRECTION ( 'NONE',  ( 0.000000000000000000, 1.000000000000000000, 0.000000000000000000 ) ) ;
#2264 = ORIENTED_EDGE ( 'NONE', *, *, #1664, .T. ) ;
#2265 = EDGE_CURVE ( 'NONE', #4009, #5012, #1523, .T. ) ;
#2266 = VERTEX_POINT ( 'NONE', #2998 ) ;
#2267 = DIRECTION ( 'NONE',  ( -0.7071067811865867636, -0.7071067811865082708, -7.863404596321222800E-14 ) ) ;
#2268 = ORIENTED_EDGE ( 'NONE', *, *, #3271, .T. ) ;
#2269 = CARTESIAN_POINT ( 'NONE',  ( -256.4036516082874186, 1522.139568190033515, 10.90000000000000036 ) ) ;
#2270 = DIRECTION ( 'NONE',  ( -1.000000000000000000, 0.000000000000000000, 0.000000000000000000 ) ) ;
#2271 = DIRECTION ( 'NONE',  ( -0.000000000000000000, -0.000000000000000000, 1.000000000000000000 ) ) ;
#2272 = CARTESIAN_POINT ( 'NONE',  ( -254.0377957403164828, 1525.481431448703688, 11.49999999999998934 ) ) ;
#2273 = EDGE_LOOP ( 'NONE', ( #3942, #1640, #5614, #6110 ) ) ;
#2274 = EDGE_CURVE ( 'NONE', #3472, #1321, #3705, .T. ) ;
#2275 = CARTESIAN_POINT ( 'NONE',  ( -199.1322577333799018, 1496.116478455931428, 0.000000000000000000 ) ) ;
#2276 = LINE ( 'NONE', #259, #5649 ) ;
#2277 = DIRECTION ( 'NONE',  ( -0.000000000000000000, 0.000000000000000000, 1.000000000000000000 ) ) ;
#2278 = CARTESIAN_POINT ( 'NONE',  ( -248.3162054354907582, 1522.533080455037862, 10.89999999999999858 ) ) ;
#2279 = ORIENTED_EDGE ( 'NONE', *, *, #2522, .T. ) ;
#2280 = CALENDAR_DATE ( 2023, 8, 6 ) ;
#2281 = ADVANCED_FACE ( 'NONE', ( #5963 ), #673, .F. ) ;
#2282 = CARTESIAN_POINT ( 'NONE',  ( -255.1179990271159568, 1521.518601667989515, 10.89999999999999858 ) ) ;
#2283 = ORIENTED_EDGE ( 'NONE', *, *, #714, .F. ) ;
#2284 = CARTESIAN_POINT ( 'NONE',  ( -255.6207983502483785, 1524.601244434068121, 11.49999999999999822 ) ) ;
#2285 = CARTESIAN_POINT ( 'NONE',  ( -251.6289359896448730, 1520.134617101014555, 10.90000000000000568 ) ) ;
#2286 = EDGE_CURVE ( 'NONE', #5397, #760, #3565, .T. ) ;
#2287 = EDGE_CURVE ( 'NONE', #967, #916, #3852, .T. ) ;
#2288 = CARTESIAN_POINT ( 'NONE',  ( -236.3293727074230048, 1525.601106651572081, 7.500000000000000000 ) ) ;
#2289 = CARTESIAN_POINT ( 'NONE',  ( -255.1567532628603487, 1523.147855928211584, 11.50000000000000178 ) ) ;
#2290 = CARTESIAN_POINT ( 'NONE',  ( -375.2312958390564859, 1527.601106651571854, 6.249999999999906741 ) ) ;
#2291 = AXIS2_PLACEMENT_3D ( 'NONE', #3814, #4486, #200 ) ;
#2292 = CARTESIAN_POINT ( 'NONE',  ( -248.3543727621335790, 1524.370337420803480, 11.50000000000000000 ) ) ;
#2293 = DIRECTION ( 'NONE',  ( 0.000000000000000000, 0.000000000000000000, -1.000000000000000000 ) ) ;
#2294 = DIRECTION ( 'NONE',  ( 0.000000000000000000, 1.000000000000000000, 0.000000000000000000 ) ) ;
#2295 = EDGE_LOOP ( 'NONE', ( #252, #4766, #4965, #2070 ) ) ;
#2296 = VERTEX_POINT ( 'NONE', #3184 ) ;
#2297 = CARTESIAN_POINT ( 'NONE',  ( -232.2293727074229821, 1526.601106651571854, 10.90000000000000036 ) ) ;
#2298 = ORIENTED_EDGE ( 'NONE', *, *, #4473, .F. ) ;
#2299 = DIRECTION ( 'NONE',  ( 0.000000000000000000, 0.000000000000000000, 1.000000000000000000 ) ) ;
#2300 = VECTOR ( 'NONE', #3322, 1000.000000000000000 ) ;
#2301 = CARTESIAN_POINT ( 'NONE',  ( -252.9697573775181922, 1523.938847036187326, 11.50000000000000000 ) ) ;
#2302 = CARTESIAN_POINT ( 'NONE',  ( -248.5047791917650954, 1522.845371748667276, 10.89999999999999680 ) ) ;
#2303 = DIRECTION ( 'NONE',  ( 0.000000000000000000, 0.000000000000000000, 1.000000000000000000 ) ) ;
#2304 = ORIENTED_EDGE ( 'NONE', *, *, #715, .F. ) ;
#2305 = VECTOR ( 'NONE', #5415, 1000.000000000000000 ) ;
#2306 = AXIS2_PLACEMENT_3D ( 'NONE', #5303, #1862, #3464 ) ;
#2307 = LINE ( 'NONE', #3748, #2236 ) ;
#2308 = ORIENTED_EDGE ( 'NONE', *, *, #630, .T. ) ;
#2309 = DIRECTION ( 'NONE',  ( -0.7071067811865868746, 0.000000000000000000, 0.7071067811865081598 ) ) ;
#2310 = CARTESIAN_POINT ( 'NONE',  ( -251.3711799852452202, 1519.893488754557666, 10.90000000000000391 ) ) ;
#2311 = CARTESIAN_POINT ( 'NONE',  ( -248.7504259223293843, 1523.110302842464307, 10.90000000000000391 ) ) ;
#2312 = VECTOR ( 'NONE', #972, 1000.000000000000000 ) ;
#2313 = AXIS2_PLACEMENT_3D ( 'NONE', #3177, #4601, #4153 ) ;
#2314 = ORIENTED_EDGE ( 'NONE', *, *, #4704, .T. ) ;
#2315 = PERSON_AND_ORGANIZATION_ROLE ( 'creator' ) ;
#2316 = VERTEX_POINT ( 'NONE', #5112 ) ;
#2317 = DIRECTION ( 'NONE',  ( -0.000000000000000000, -0.000000000000000000, 1.000000000000000000 ) ) ;
#2318 = VECTOR ( 'NONE', #2866, 1000.000000000000000 ) ;
#2319 = ORIENTED_EDGE ( 'NONE', *, *, #2601, .T. ) ;
#2320 = DIRECTION ( 'NONE',  ( 1.000000000000000000, 0.000000000000000000, 0.000000000000000000 ) ) ;
#2321 = EDGE_CURVE ( 'NONE', #3429, #2420, #2130, .T. ) ;
#2322 = CARTESIAN_POINT ( 'NONE',  ( -256.6620650698259283, 1523.139568190033515, 10.90000000000000036 ) ) ;
#2323 = VECTOR ( 'NONE', #5794, 1000.000000000000000 ) ;
#2324 = CARTESIAN_POINT ( 'NONE',  ( -221.9287184509853432, 1516.601106651571854, 0.4999999999999449329 ) ) ;
#2325 = CARTESIAN_POINT ( 'NONE',  ( -254.6766691096509874, 1523.191285703656376, 10.89999999999999858 ) ) ;
#2326 = VECTOR ( 'NONE', #5161, 1000.000000000000000 ) ;
#2327 = CARTESIAN_POINT ( 'NONE',  ( -253.2676720243115938, 1520.845591393532459, 10.90000000000000213 ) ) ;
#2328 = EDGE_CURVE ( 'NONE', #1461, #5878, #2792, .T. ) ;
#2329 = CARTESIAN_POINT ( 'NONE',  ( -248.3543727621335790, 1524.370337420803480, 10.90000000000000036 ) ) ;
#2330 = EDGE_CURVE ( 'NONE', #2238, #4679, #4956, .T. ) ;
#2331 = CARTESIAN_POINT ( 'NONE',  ( -375.2312958390564859, 1518.101106651571627, 6.249999999999906741 ) ) ;
#2332 = VECTOR ( 'NONE', #3261, 1000.000000000000000 ) ;
#2333 = FACE_OUTER_BOUND ( 'NONE', #4639, .T. ) ;
#2334 = ORIENTED_EDGE ( 'NONE', *, *, #4626, .T. ) ;
#2335 = CARTESIAN_POINT ( 'NONE',  ( -249.3142386642072097, 1521.205104200252435, 11.49999999999999467 ) ) ;
#2336 = ORIENTED_EDGE ( 'NONE', *, *, #5405, .T. ) ;
#2337 = CARTESIAN_POINT ( 'NONE',  ( -209.5080216973944687, 1507.687828808946733, 0.000000000000000000 ) ) ;
#2338 = VECTOR ( 'NONE', #4269, 1000.000000000000000 ) ;
#2339 = CARTESIAN_POINT ( 'NONE',  ( -251.1125408401040886, 1521.379443719682968, 10.89999999999999858 ) ) ;
#2340 = CARTESIAN_POINT ( 'NONE',  ( -253.2264925335242367, 1524.873283168985836, 11.49999999999999112 ) ) ;
#2341 = EDGE_LOOP ( 'NONE', ( #3536, #625, #5777, #621 ) ) ;
#2342 = VECTOR ( 'NONE', #779, 1000.000000000000000 ) ;
#2343 = CARTESIAN_POINT ( 'NONE',  ( -250.6733475018937440, 1522.344784060968323, 11.49999999999999822 ) ) ;
#2344 = ORIENTED_EDGE ( 'NONE', *, *, #2459, .F. ) ;
#2345 = CARTESIAN_POINT ( 'NONE',  ( -254.1288842279537619, 1523.764493847205358, 11.49999999999999822 ) ) ;
#2346 = CARTESIAN_POINT ( 'NONE',  ( -250.2270372428124290, 1519.525400563027461, 10.90000000000000036 ) ) ;
#2347 = DIRECTION ( 'NONE',  ( 1.000000000000000000, 0.000000000000000000, 0.000000000000000000 ) ) ;
#2348 = ORIENTED_EDGE ( 'NONE', *, *, #2014, .F. ) ;
#2349 = DIRECTION ( 'NONE',  ( -1.000000000000000000, 0.000000000000000000, 0.000000000000000000 ) ) ;
#2350 = ORIENTED_EDGE ( 'NONE', *, *, #4856, .F. ) ;
#2351 = CARTESIAN_POINT ( 'NONE',  ( -371.4312958390563040, 1522.601106651571854, 5.749999999999905853 ) ) ;
#2352 = B_SPLINE_CURVE_WITH_KNOTS ( 'NONE', 3,
 ( #5416, #4060, #4431, #3511, #90, #4500, #4979, #2559, #5916, #152, #2527, #2077, #3545, #3043, #5945, #1566, #1096, #5889, #1537 ),
 .UNSPECIFIED., .F., .F.,
 ( 4, 1, 1, 1, 1, 1, 1, 1, 1, 1, 1, 1, 1, 1, 1, 1, 4 ),
 ( 0.000000000000000000, 0.06619453496947665105, 0.1293623663899941822, 0.1907947674848660125, 0.2505245028235364435, 0.3087824708553092434, 0.3666451887979906843, 0.4237216304414958556, 0.4819105218696304593, 0.5400444998771962712, 0.5990830269688223186, 0.6596564083095092235, 0.7216885753940254222, 0.7868329515474055125, 0.8540489251572781493, 0.9253021916125967472, 1.000000000000000000 ),
 .UNSPECIFIED. ) ;
#2353 = ORIENTED_EDGE ( 'NONE', *, *, #2213, .F. ) ;
#2354 = CARTESIAN_POINT ( 'NONE',  ( -248.1236035313643526, 1521.579472036188236, 10.90000000000000036 ) ) ;
#2355 = ORIENTED_EDGE ( 'NONE', *, *, #5695, .T. ) ;
#2356 = LINE ( 'NONE', #1811, #2332 ) ;
#2357 = EDGE_CURVE ( 'NONE', #786, #649, #6178, .T. ) ;
#2358 = LINE ( 'NONE', #343, #3978 ) ;
#2359 = CARTESIAN_POINT ( 'NONE',  ( -236.3293727074229764, 1526.601106651571854, 7.500000000000000000 ) ) ;
#2360 = CARTESIAN_POINT ( 'NONE',  ( -207.9312958390566735, 1402.601106651571854, 5.749999999999905853 ) ) ;
#2361 = PLANE ( 'NONE',  #3934 ) ;
#2362 = DIRECTION ( 'NONE',  ( -0.5773502691896258421, 0.5773502691896900130, 0.5773502691895616712 ) ) ;
#2363 = ADVANCED_FACE ( 'NONE', ( #4822 ), #3836, .F. ) ;
#2364 = ORIENTED_EDGE ( 'NONE', *, *, #3323, .F. ) ;
#2365 = CARTESIAN_POINT ( 'NONE',  ( -254.1606884572446461, 1524.148393763378408, 10.89999999999999858 ) ) ;
#2366 = EDGE_CURVE ( 'NONE', #457, #6022, #4857, .T. ) ;
#2367 = DIRECTION ( 'NONE',  ( 0.7071067811865475727, 0.7071067811865475727, 0.000000000000000000 ) ) ;
#2368 = LINE ( 'NONE', #1919, #1097 ) ;
#2369 = CARTESIAN_POINT ( 'NONE',  ( -253.4440670617732394, 1525.145344627852410, 11.49999999999999467 ) ) ;
#2370 = CARTESIAN_POINT ( 'NONE',  ( -200.4312958390555082, 1495.366478455931883, 11.50000000000000000 ) ) ;
#2371 = ORIENTED_EDGE ( 'NONE', *, *, #3810, .F. ) ;
#2372 = CARTESIAN_POINT ( 'NONE',  ( -254.1256474109638361, 1523.932207408515296, 11.50000000000000000 ) ) ;
#2373 = EDGE_CURVE ( 'NONE', #4632, #3203, #5825, .T. ) ;
#2374 = EDGE_CURVE ( 'NONE', #916, #5440, #5328, .T. ) ;
#2375 = CARTESIAN_POINT ( 'NONE',  ( -250.3514545358848125, 1522.497622843059162, 11.49999999999999645 ) ) ;
#2376 = ORIENTED_EDGE ( 'NONE', *, *, #5118, .T. ) ;
#2377 = CARTESIAN_POINT ( 'NONE',  ( -255.0049428010179327, 1523.156900771903338, 11.50000000000000000 ) ) ;
#2378 = CARTESIAN_POINT ( 'NONE',  ( -223.6607692585541827, 1515.601106651571854, 0.4999999999999449329 ) ) ;
#2379 = CARTESIAN_POINT ( 'NONE',  ( -253.8567766082874186, 1519.601106651572081, 11.50000000000000000 ) ) ;
#2380 = ORIENTED_EDGE ( 'NONE', *, *, #1850, .F. ) ;
#2381 = CARTESIAN_POINT ( 'NONE',  ( -255.3920112163367548, 1521.840763271581181, 10.89999999999999680 ) ) ;
#2382 = EDGE_CURVE ( 'NONE', #2571, #5631, #2984, .T. ) ;
#2383 = DIRECTION ( 'NONE',  ( -0.000000000000000000, -0.000000000000000000, 1.000000000000000000 ) ) ;
#2384 = EDGE_LOOP ( 'NONE', ( #1452, #4000, #3198, #185 ) ) ;
#2385 = LINE ( 'NONE', #1905, #1795 ) ;
#2386 = ORIENTED_EDGE ( 'NONE', *, *, #3903, .F. ) ;
#2387 = CARTESIAN_POINT ( 'NONE',  ( -249.4504000994049306, 1519.627227069186347, 10.90000000000000568 ) ) ;
#2388 = CARTESIAN_POINT ( 'NONE',  ( -254.8742163079747343, 1523.165865064376021, 11.49999999999999645 ) ) ;
#2389 = LINE ( 'NONE', #4300, #5765 ) ;
#2390 = CARTESIAN_POINT ( 'NONE',  ( -223.6607692585541827, 1517.601106651571854, 0.4999999999999449329 ) ) ;
#2391 = DIRECTION ( 'NONE',  ( -0.7071067811865082708, 0.7071067811865868746, 0.000000000000000000 ) ) ;
#2392 = CARTESIAN_POINT ( 'NONE',  ( -254.8605959958221661, 1525.593098195746279, 10.89999999999999858 ) ) ;
#2393 = ADVANCED_FACE ( 'NONE', ( #979 ), #512, .T. ) ;
#2394 = CARTESIAN_POINT ( 'NONE',  ( -236.0293727074230219, 1524.022692017425697, 7.500000000000000000 ) ) ;
#2395 = ORIENTED_EDGE ( 'NONE', *, *, #3307, .F. ) ;
#2396 = CARTESIAN_POINT ( 'NONE',  ( -209.5080216973944687, 1507.687828808946733, 0.4999999999999206191 ) ) ;
#2397 = CARTESIAN_POINT ( 'NONE',  ( -251.9697573775181922, 1522.204472036188008, 10.90000000000000036 ) ) ;
#2398 = FACE_OUTER_BOUND ( 'NONE', #1166, .T. ) ;
#2399 = EDGE_CURVE ( 'NONE', #1489, #5495, #3931, .T. ) ;
#2400 = DIRECTION ( 'NONE',  ( -1.000000000000000000, 0.000000000000000000, 0.000000000000000000 ) ) ;
#2401 = ORIENTED_EDGE ( 'NONE', *, *, #3919, .T. ) ;
#2402 = CARTESIAN_POINT ( 'NONE',  ( -249.5718587578852521, 1522.338400022091264, 11.49999999999999467 ) ) ;
#2403 = CARTESIAN_POINT ( 'NONE',  ( 0.000000000000000000, 0.000000000000000000, 7.000000000000000000 ) ) ;
#2404 = VECTOR ( 'NONE', #4866, 1000.000000000000000 ) ;
#2405 = ORIENTED_EDGE ( 'NONE', *, *, #5964, .F. ) ;
#2406 = CARTESIAN_POINT ( 'NONE',  ( -250.0202546653442823, 1520.538379050340154, 11.49999999999999289 ) ) ;
#2407 = CARTESIAN_POINT ( 'NONE',  ( 1.311534886071160048E-15, 1531.401106651571808, 7.499999999999928058 ) ) ;
#2408 = FACE_OUTER_BOUND ( 'NONE', #4132, .T. ) ;
#2409 = CARTESIAN_POINT ( 'NONE',  ( -198.9312958390565598, 1394.801106651571672, 5.749999999999905853 ) ) ;
#2410 = EDGE_CURVE ( 'NONE', #1260, #3756, #1955, .T. ) ;
#2411 = ADVANCED_FACE ( 'NONE', ( #5263 ), #3967, .T. ) ;
#2412 = VECTOR ( 'NONE', #2263, 1000.000000000000000 ) ;
#2413 = ORIENTED_EDGE ( 'NONE', *, *, #2718, .T. ) ;
#2414 = AXIS2_PLACEMENT_3D ( 'NONE', #5960, #3560, #5491 ) ;
#2415 = CARTESIAN_POINT ( 'NONE',  ( -206.0050144352769905, 1508.687711970029113, 11.16636514082377829 ) ) ;
#2416 = AXIS2_PLACEMENT_3D ( 'NONE', #4780, #5740, #2807 ) ;
#2417 = VECTOR ( 'NONE', #1439, 1000.000000000000000 ) ;
#2418 = ORIENTED_EDGE ( 'NONE', *, *, #5389, .F. ) ;
#2419 = CARTESIAN_POINT ( 'NONE',  ( -373.1312958390562926, 1522.601106651571854, 6.249999999999966249 ) ) ;
#2420 = VERTEX_POINT ( 'NONE', #34 ) ;
#2421 = CARTESIAN_POINT ( 'NONE',  ( -226.5293727074229650, 1527.601106651571854, 3.492893218813448275 ) ) ;
#2422 = CARTESIAN_POINT ( 'NONE',  ( -248.1819844739962946, 1521.062484856606716, 10.90000000000000391 ) ) ;
#2423 = ORIENTED_EDGE ( 'NONE', *, *, #4108, .F. ) ;
#2424 = VERTEX_POINT ( 'NONE', #1419 ) ;
#2425 = AXIS2_PLACEMENT_3D ( 'NONE', #5558, #749, #4614 ) ;
#2426 = CARTESIAN_POINT ( 'NONE',  ( -249.9128435569760995, 1519.530676044723577, 10.89999999999999858 ) ) ;
#2427 = DIRECTION ( 'NONE',  ( 0.000000000000000000, -0.000000000000000000, 1.000000000000000000 ) ) ;
#2428 = CARTESIAN_POINT ( 'NONE',  ( -248.1236035313643526, 1521.579472036188236, 10.90000000000000036 ) ) ;
#2429 = AXIS2_PLACEMENT_3D ( 'NONE', #1799, #6018, #2249 ) ;
#2430 = DIRECTION ( 'NONE',  ( 0.000000000000000000, 0.000000000000000000, 1.000000000000000000 ) ) ;
#2431 = VERTEX_POINT ( 'NONE', #2857 ) ;
#2432 = LINE ( 'NONE', #29, #2126 ) ;
#2433 = CARTESIAN_POINT ( 'NONE',  ( 0.000000000000000000, 0.000000000000000000, 9.000000000000001776 ) ) ;
#2434 = CARTESIAN_POINT ( 'NONE',  ( -254.1236035313643811, 1523.885962420802798, 10.90000000000000036 ) ) ;
#2435 = CARTESIAN_POINT ( 'NONE',  ( -253.8121668437431424, 1525.399846271211345, 11.49999999999999289 ) ) ;
#2436 = VECTOR ( 'NONE', #5594, 1000.000000000000227 ) ;
#2437 = CARTESIAN_POINT ( 'NONE',  ( -252.9697573775181922, 1523.938847036187326, 10.90000000000000036 ) ) ;
#2438 = EDGE_LOOP ( 'NONE', ( #3552, #3095, #4911, #5259 ) ) ;
#2439 = CARTESIAN_POINT ( 'NONE',  ( -250.1596612236720603, 1519.524183574649669, 11.49999999999999822 ) ) ;
#2440 = CARTESIAN_POINT ( 'NONE',  ( -367.4312958390565313, 1517.601106651571854, 6.249999999999906741 ) ) ;
#2441 = VECTOR ( 'NONE', #1436, 1000.000000000000227 ) ;
#2442 = EDGE_CURVE ( 'NONE', #5029, #2733, #5255, .T. ) ;
#2443 = EDGE_LOOP ( 'NONE', ( #514, #1158, #1550, #1054 ) ) ;
#2444 = CARTESIAN_POINT ( 'NONE',  ( -249.6889337463703953, 1520.667146862726668, 11.50000000000000178 ) ) ;
#2445 = DIRECTION ( 'NONE',  ( -0.7071067811865434649, 0.000000000000000000, -0.7071067811865516806 ) ) ;
#2446 = CARTESIAN_POINT ( 'NONE',  ( -252.0961810585835678, 1521.119476287358566, 10.89999999999999858 ) ) ;
#2447 = DIRECTION ( 'NONE',  ( 0.7071067811865081598, 0.000000000000000000, -0.7071067811865868746 ) ) ;
#2448 = AXIS2_PLACEMENT_3D ( 'NONE', #5121, #4593, #5595 ) ;
#2449 = VERTEX_POINT ( 'NONE', #570 ) ;
#2450 = DIRECTION ( 'NONE',  ( 0.000000000000000000, 0.000000000000000000, -1.000000000000000000 ) ) ;
#2451 = ADVANCED_FACE ( 'NONE', ( #4796 ), #1009, .F. ) ;
#2452 = EDGE_CURVE ( 'NONE', #1005, #4694, #2496, .T. ) ;
#2453 = CARTESIAN_POINT ( 'NONE',  ( -238.4293727074229707, 1528.101106651571627, 11.00000000000000000 ) ) ;
#2454 = CARTESIAN_POINT ( 'NONE',  ( -250.3519689159797110, 1524.370337420803480, 10.90000000000000036 ) ) ;
#2455 = CARTESIAN_POINT ( 'NONE',  ( -248.7504259223293843, 1523.110302842464307, 11.50000000000000355 ) ) ;
#2456 = ORIENTED_EDGE ( 'NONE', *, *, #4731, .T. ) ;
#2457 = ORIENTED_EDGE ( 'NONE', *, *, #3001, .T. ) ;
#2458 = CARTESIAN_POINT ( 'NONE',  ( -250.1756468801827396, 1520.524747383305566, 11.50000000000000000 ) ) ;
#2459 = EDGE_CURVE ( 'NONE', #5986, #4985, #4310, .T. ) ;
#2460 = FACE_OUTER_BOUND ( 'NONE', #71, .T. ) ;
#2461 = CARTESIAN_POINT ( 'NONE',  ( -217.8872665666571322, 1527.101106651571854, 0.000000000000000000 ) ) ;
#2462 = ORIENTED_EDGE ( 'NONE', *, *, #3185, .T. ) ;
#2463 = CARTESIAN_POINT ( 'NONE',  ( -254.2149682433795306, 1524.260549072006597, 10.89999999999999680 ) ) ;
#2464 = CARTESIAN_POINT ( 'NONE',  ( -374.7312958390565427, 1518.101106651571627, 5.749999999999905853 ) ) ;
#2465 = CARTESIAN_POINT ( 'NONE',  ( -254.2149682433795306, 1524.260549072006597, 11.49999999999999822 ) ) ;
#2466 = ADVANCED_FACE ( 'NONE', ( #93 ), #5892, .T. ) ;
#2467 = CARTESIAN_POINT ( 'NONE',  ( -375.2312958390564859, 1527.101106651571854, 6.249999999999906741 ) ) ;
#2468 = VERTEX_POINT ( 'NONE', #3366 ) ;
#2469 = LINE ( 'NONE', #4001, #1413 ) ;
#2470 = LINE ( 'NONE', #3838, #1426 ) ;
#2471 = VERTEX_POINT ( 'NONE', #5295 ) ;
#2472 = FACE_OUTER_BOUND ( 'NONE', #5966, .T. ) ;
#2473 = LINE ( 'NONE', #1106, #2631 ) ;
#2474 = CARTESIAN_POINT ( 'NONE',  ( -209.5080216973944687, 1507.687828808946733, 10.50000000000000000 ) ) ;
#2475 = EDGE_CURVE ( 'NONE', #3490, #1674, #953, .T. ) ;
#2476 = EDGE_LOOP ( 'NONE', ( #3288, #1086, #1989, #1596 ) ) ;
#2477 = CARTESIAN_POINT ( 'NONE',  ( -368.3312958390562244, 1525.451106651571990, 9.000000000000001776 ) ) ;
#2478 = CARTESIAN_POINT ( 'NONE',  ( -253.5931950906043539, 1521.386856935828064, 11.49999999999999289 ) ) ;
#2479 = VERTEX_POINT ( 'NONE', #4373 ) ;
#2480 = DIRECTION ( 'NONE',  ( -0.000000000000000000, -0.000000000000000000, 1.000000000000000000 ) ) ;
#2481 = EDGE_CURVE ( 'NONE', #4477, #2511, #4851, .T. ) ;
#2482 = ORIENTED_EDGE ( 'NONE', *, *, #2176, .F. ) ;
#2483 = CC_DESIGN_PERSON_AND_ORGANIZATION_ASSIGNMENT ( #1457, #2315, ( #898 ) ) ;
#2484 = PLANE ( 'NONE',  #3057 ) ;
#2485 = DIRECTION ( 'NONE',  ( 1.000000000000000000, 0.000000000000000000, 0.000000000000000000 ) ) ;
#2486 = LINE ( 'NONE', #2428, #2519 ) ;
#2487 = CARTESIAN_POINT ( 'NONE',  ( -253.2935712148909317, 1524.971100794918357, 10.90000000000000036 ) ) ;
#2488 = EDGE_CURVE ( 'NONE', #1830, #882, #5852, .T. ) ;
#2489 = ADVANCED_FACE ( 'NONE', ( #6232 ), #977, .F. ) ;
#2490 = CARTESIAN_POINT ( 'NONE',  ( -221.4957057490931902, 1516.851106651572081, 11.50000000000000000 ) ) ;
#2491 = ORIENTED_EDGE ( 'NONE', *, *, #1008, .T. ) ;
#2492 = FACE_BOUND ( 'NONE', #437, .T. ) ;
#2493 = CARTESIAN_POINT ( 'NONE',  ( -202.3891252049790239, 1501.757538390259469, 11.50000000000000000 ) ) ;
#2494 = DIRECTION ( 'NONE',  ( 0.6785983445458811936, 0.6785983445458811936, -0.2810846377146554720 ) ) ;
#2495 = DIRECTION ( 'NONE',  ( -0.000000000000000000, -0.000000000000000000, 1.000000000000000000 ) ) ;
#2496 = LINE ( 'NONE', #3871, #4344 ) ;
#2497 = CARTESIAN_POINT ( 'NONE',  ( -250.1609625946495328, 1522.522801106708584, 11.50000000000000178 ) ) ;
#2498 = DIRECTION ( 'NONE',  ( 1.000000000000000000, 0.000000000000000000, 0.000000000000000000 ) ) ;
#2499 = ORIENTED_EDGE ( 'NONE', *, *, #4939, .F. ) ;
#2500 = ORIENTED_EDGE ( 'NONE', *, *, #2677, .F. ) ;
#2501 = DIRECTION ( 'NONE',  ( -0.9659258262890260127, 0.2588190451026787242, 0.000000000000000000 ) ) ;
#2502 = CARTESIAN_POINT ( 'NONE',  ( -366.9312958390565313, 1527.601106651571854, 0.5000000000000004441 ) ) ;
#2503 = CARTESIAN_POINT ( 'NONE',  ( -252.9697573775181922, 1523.938847036187326, 10.90000000000000036 ) ) ;
#2504 = VERTEX_POINT ( 'NONE', #3419 ) ;
#2505 = VECTOR ( 'NONE', #919, 1000.000000000000000 ) ;
#2506 = DIRECTION ( 'NONE',  ( 0.000000000000000000, 0.000000000000000000, -1.000000000000000000 ) ) ;
#2507 = CARTESIAN_POINT ( 'NONE',  ( -248.1470967421234661, 1521.230478401103710, 11.49999999999999822 ) ) ;
#2508 = DIRECTION ( 'NONE',  ( -1.000000000000000000, 0.000000000000000000, 0.000000000000000000 ) ) ;
#2509 = AXIS2_PLACEMENT_3D ( 'NONE', #3078, #2495, #5008 ) ;
#2510 = CARTESIAN_POINT ( 'NONE',  ( -249.0294640088481799, 1523.315002440706166, 11.49999999999999822 ) ) ;
#2511 = VERTEX_POINT ( 'NONE', #4307 ) ;
#2512 = ORIENTED_EDGE ( 'NONE', *, *, #2841, .F. ) ;
#2513 = LINE ( 'NONE', #1029, #4884 ) ;
#2514 = VECTOR ( 'NONE', #1080, 1000.000000000000000 ) ;
#2515 = AXIS2_PLACEMENT_3D ( 'NONE', #4943, #3077, #2048 ) ;
#2516 = EDGE_CURVE ( 'NONE', #1690, #6211, #508, .T. ) ;
#2517 = LINE ( 'NONE', #5060, #5368 ) ;
#2518 = LINE ( 'NONE', #1592, #4643 ) ;
#2519 = VECTOR ( 'NONE', #2006, 1000.000000000000000 ) ;
#2520 = CARTESIAN_POINT ( 'NONE',  ( -256.6620650698259283, 1523.139568190033515, 10.90000000000000036 ) ) ;
#2521 = VECTOR ( 'NONE', #5899, 1000.000000000000000 ) ;
#2522 = EDGE_CURVE ( 'NONE', #1270, #1545, #2932, .T. ) ;
#2523 = ORIENTED_EDGE ( 'NONE', *, *, #715, .T. ) ;
#2524 = DIRECTION ( 'NONE',  ( 0.8660254037844379305, 0.5000000000000014433, 0.000000000000000000 ) ) ;
#2525 = ADVANCED_FACE ( 'NONE', ( #2913 ), #1006, .F. ) ;
#2526 = DIRECTION ( 'NONE',  ( -3.081012879330941349E-16, 1.000000000000000000, 0.000000000000000000 ) ) ;
#2527 = CARTESIAN_POINT ( 'NONE',  ( -253.4456757621492784, 1522.730890418301669, 11.50000000000000355 ) ) ;
#2528 = ORIENTED_EDGE ( 'NONE', *, *, #2287, .T. ) ;
#2529 = CARTESIAN_POINT ( 'NONE',  ( -227.9599494811513409, 1532.831683425300071, 6.907435698306206184 ) ) ;
#2530 = ORIENTED_EDGE ( 'NONE', *, *, #4358, .T. ) ;
#2531 = VECTOR ( 'NONE', #2524, 999.9999999999998863 ) ;
#2532 = CARTESIAN_POINT ( 'NONE',  ( -251.8369133346100455, 1520.421256414426125, 11.50000000000000000 ) ) ;
#2533 = CARTESIAN_POINT ( 'NONE',  ( -371.4312958390563040, 1522.601106651571854, 9.000000000000001776 ) ) ;
#2534 = VERTEX_POINT ( 'NONE', #5325 ) ;
#2535 = ORIENTED_EDGE ( 'NONE', *, *, #5477, .F. ) ;
#2536 = VECTOR ( 'NONE', #3738, 1000.000000000000000 ) ;
#2537 = PLANE ( 'NONE',  #701 ) ;
#2538 = CARTESIAN_POINT ( 'NONE',  ( -248.5490843005950978, 1520.295818190034197, 11.50000000000000000 ) ) ;
#2539 = LINE ( 'NONE', #2630, #3224 ) ;
#2540 = ORIENTED_EDGE ( 'NONE', *, *, #5127, .T. ) ;
#2541 = AXIS2_PLACEMENT_3D ( 'NONE', #4553, #5968, #1152 ) ;
#2542 = LINE ( 'NONE', #2634, #3061 ) ;
#2543 = CARTESIAN_POINT ( 'NONE',  ( -198.9312958390566166, 1402.601106651571854, 0.4999999999999448219 ) ) ;
#2544 = CARTESIAN_POINT ( 'NONE',  ( -250.1596612236720603, 1519.524183574649669, 10.90000000000000036 ) ) ;
#2545 = VECTOR ( 'NONE', #4652, 1000.000000000000114 ) ;
#2546 = DIRECTION ( 'NONE',  ( 0.7071067811865070496, -0.000000000000000000, 0.7071067811865879849 ) ) ;
#2547 = CARTESIAN_POINT ( 'NONE',  ( -250.4619892458673291, 1522.461122571620535, 10.90000000000000213 ) ) ;
#2548 = ORIENTED_EDGE ( 'NONE', *, *, #1205, .F. ) ;
#2549 = EDGE_LOOP ( 'NONE', ( #1479, #3342, #5769, #4970 ) ) ;
#2550 = CARTESIAN_POINT ( 'NONE',  ( -208.3349454860411072, 1511.656001209732494, 7.000000000000000000 ) ) ;
#2551 = ORIENTED_EDGE ( 'NONE', *, *, #2942, .T. ) ;
#2552 = DIRECTION ( 'NONE',  ( 0.000000000000000000, 1.000000000000000000, 0.000000000000000000 ) ) ;
#2553 = CARTESIAN_POINT ( 'NONE',  ( -253.0331466599050714, 1524.434738263990312, 10.90000000000000036 ) ) ;
#2554 = EDGE_CURVE ( 'NONE', #2733, #2624, #5292, .T. ) ;
#2555 = DIRECTION ( 'NONE',  ( -0.7071067811865795472, -2.178605099898097275E-16, 0.7071067811865154873 ) ) ;
#2556 = VERTEX_POINT ( 'NONE', #2885 ) ;
#2557 = CARTESIAN_POINT ( 'NONE',  ( -202.0529673775675974, 1502.175295953820978, 11.00000000000005507 ) ) ;
#2558 = CARTESIAN_POINT ( 'NONE',  ( -255.5062122187193836, 1524.601505402970361, 10.90000000000000036 ) ) ;
#2559 = CARTESIAN_POINT ( 'NONE',  ( -253.1801174061045288, 1523.068066595427126, 11.50000000000000000 ) ) ;
#2560 = DIRECTION ( 'NONE',  ( -0.000000000000000000, -0.000000000000000000, 1.000000000000000000 ) ) ;
#2561 = EDGE_CURVE ( 'NONE', #1736, #2067, #4336, .T. ) ;
#2562 = ORIENTED_EDGE ( 'NONE', *, *, #788, .F. ) ;
#2563 = CARTESIAN_POINT ( 'NONE',  ( -198.4312958390566450, 1495.366478455931883, 11.50000000000000000 ) ) ;
#2564 = APPROVAL ( #4354, 'UNSPECIFIED' ) ;
#2565 = ORIENTED_EDGE ( 'NONE', *, *, #84, .T. ) ;
#2566 = ORIENTED_EDGE ( 'NONE', *, *, #5733, .T. ) ;
#2567 = DIRECTION ( 'NONE',  ( 0.000000000000000000, 0.000000000000000000, 1.000000000000000000 ) ) ;
#2568 = CARTESIAN_POINT ( 'NONE',  ( -249.9099030694369503, 1523.521307639042561, 10.90000000000000036 ) ) ;
#2569 = CARTESIAN_POINT ( 'NONE',  ( -252.9728825221639852, 1523.777705491320830, 11.49999999999999467 ) ) ;
#2570 = ADVANCED_FACE ( 'NONE', ( #1918, #4820 ), #3452, .F. ) ;
#2571 = VERTEX_POINT ( 'NONE', #4887 ) ;
#2572 = EDGE_CURVE ( 'NONE', #5986, #2868, #1952, .T. ) ;
#2573 = DIRECTION ( 'NONE',  ( -1.000000000000000000, 0.000000000000000000, 0.000000000000000000 ) ) ;
#2574 = DIRECTION ( 'NONE',  ( 0.7071067811865868746, -0.7071067811865081598, 1.837086636568573197E-16 ) ) ;
#2575 = DIRECTION ( 'NONE',  ( -1.000000000000000000, 0.000000000000000000, 0.000000000000000000 ) ) ;
#2576 = DIRECTION ( 'NONE',  ( -0.5000000000000018874, 0.8660254037844374864, 0.000000000000000000 ) ) ;
#2577 = LINE ( 'NONE', #3987, #2614 ) ;
#2578 = ORIENTED_EDGE ( 'NONE', *, *, #480, .F. ) ;
#2579 = ORIENTED_EDGE ( 'NONE', *, *, #4788, .F. ) ;
#2580 = CARTESIAN_POINT ( 'NONE',  ( -249.4284818933155066, 1520.925544882666372, 11.50000000000000178 ) ) ;
#2581 = EDGE_CURVE ( 'NONE', #3840, #5832, #4794, .T. ) ;
#2582 = ORIENTED_EDGE ( 'NONE', *, *, #4087, .T. ) ;
#2583 = DIRECTION ( 'NONE',  ( -1.000000000000000000, 0.000000000000000000, 0.000000000000000000 ) ) ;
#2584 = CARTESIAN_POINT ( 'NONE',  ( -254.1236035313643811, 1523.885962420802798, 10.90000000000000036 ) ) ;
#2585 = CARTESIAN_POINT ( 'NONE',  ( -208.3349454860411072, 1511.656001209732494, 9.000000000000001776 ) ) ;
#2586 = ORIENTED_EDGE ( 'NONE', *, *, #5404, .F. ) ;
#2587 = CARTESIAN_POINT ( 'NONE',  ( -254.7101419929028054, 1520.962885497725665, 11.50000000000000000 ) ) ;
#2588 = EDGE_CURVE ( 'NONE', #19, #995, #3897, .T. ) ;
#2589 = CARTESIAN_POINT ( 'NONE',  ( -249.2774496852105131, 1521.554231651572763, 11.50000000000000000 ) ) ;
#2590 = CARTESIAN_POINT ( 'NONE',  ( -253.3453429898192439, 1522.835166445754794, 10.89999999999999680 ) ) ;
#2591 = ORIENTED_EDGE ( 'NONE', *, *, #2247, .F. ) ;
#2592 = CARTESIAN_POINT ( 'NONE',  ( -251.1125408401040886, 1521.379443719682968, 10.89999999999999858 ) ) ;
#2593 = ORIENTED_EDGE ( 'NONE', *, *, #4925, .F. ) ;
#2594 = ORIENTED_EDGE ( 'NONE', *, *, #3850, .F. ) ;
#2595 = EDGE_CURVE ( 'NONE', #361, #3910, #541, .T. ) ;
#2596 = DIRECTION ( 'NONE',  ( -0.000000000000000000, 0.000000000000000000, 1.000000000000000000 ) ) ;
#2597 = CARTESIAN_POINT ( 'NONE',  ( -250.4106078396210364, 1523.401511625878356, 10.90000000000000213 ) ) ;
#2598 = CARTESIAN_POINT ( 'NONE',  ( -253.5582351284124627, 1522.636843190070294, 11.50000000000000178 ) ) ;
#2599 = ORIENTED_EDGE ( 'NONE', *, *, #1065, .T. ) ;
#2600 = CARTESIAN_POINT ( 'NONE',  ( -255.2005125272085593, 1524.599233481619194, 11.50000000000000178 ) ) ;
#2601 = EDGE_CURVE ( 'NONE', #558, #2504, #4402, .T. ) ;
#2602 = LINE ( 'NONE', #2127, #5147 ) ;
#2603 = ADVANCED_FACE ( 'NONE', ( #3927 ), #6051, .F. ) ;
#2604 = LINE ( 'NONE', #2544, #610 ) ;
#2605 = PLANE ( 'NONE',  #2606 ) ;
#2606 = AXIS2_PLACEMENT_3D ( 'NONE', #5459, #3062, #4100 ) ;
#2607 = ORIENTED_EDGE ( 'NONE', *, *, #5511, .T. ) ;
#2608 = ORIENTED_EDGE ( 'NONE', *, *, #1284, .T. ) ;
#2609 = DIRECTION ( 'NONE',  ( -0.000000000000000000, -0.000000000000000000, -1.000000000000000000 ) ) ;
#2610 = CIRCLE ( 'NONE', #5847, 1.700000000000034817 ) ;
#2611 = ORIENTED_EDGE ( 'NONE', *, *, #2970, .T. ) ;
#2612 = DIRECTION ( 'NONE',  ( 0.7071067811865382469, 0.7071067811865567876, 2.516173811993195646E-15 ) ) ;
#2613 = DIRECTION ( 'NONE',  ( 1.000000000000000000, 0.000000000000000000, 0.000000000000000000 ) ) ;
#2614 = VECTOR ( 'NONE', #4904, 1000.000000000000000 ) ;
#2615 = VECTOR ( 'NONE', #3247, 1000.000000000000000 ) ;
#2616 = CARTESIAN_POINT ( 'NONE',  ( -232.2293727074229821, 1526.601106651571854, 7.500000000000000000 ) ) ;
#2617 = ORIENTED_EDGE ( 'NONE', *, *, #4357, .F. ) ;
#2618 = DIRECTION ( 'NONE',  ( 0.000000000000000000, 0.000000000000000000, 1.000000000000000000 ) ) ;
#2619 = VECTOR ( 'NONE', #1254, 1000.000000000000000 ) ;
#2620 = B_SPLINE_CURVE_WITH_KNOTS ( 'NONE', 1,
 ( #15, #935 ),
 .UNSPECIFIED., .F., .F.,
 ( 2, 2 ),
 ( 0.000000000000000000, 0.001732050807568681801 ),
 .UNSPECIFIED. ) ;
#2621 = CARTESIAN_POINT ( 'NONE',  ( -254.6230853320383005, 1524.554499156498196, 10.90000000000000036 ) ) ;
#2622 = VECTOR ( 'NONE', #443, 1000.000000000000000 ) ;
#2623 = CARTESIAN_POINT ( 'NONE',  ( -254.1249971690208724, 1522.362582236680055, 10.90000000000000391 ) ) ;
#2624 = VERTEX_POINT ( 'NONE', #567 ) ;
#2625 = FACE_OUTER_BOUND ( 'NONE', #3290, .T. ) ;
#2626 = AXIS2_PLACEMENT_3D ( 'NONE', #4186, #4246, #6109 ) ;
#2627 = ORIENTED_EDGE ( 'NONE', *, *, #5324, .T. ) ;
#2628 = ORIENTED_EDGE ( 'NONE', *, *, #3593, .T. ) ;
#2629 = CARTESIAN_POINT ( 'NONE',  ( -228.1293727074229878, 1525.601106651572081, 10.90000000000000036 ) ) ;
#2630 = CARTESIAN_POINT ( 'NONE',  ( -206.7812958390566394, 1394.801106651571672, 5.749999999999905853 ) ) ;
#2631 = VECTOR ( 'NONE', #101, 1000.000000000000000 ) ;
#2632 = VERTEX_POINT ( 'NONE', #2493 ) ;
#2633 = ADVANCED_FACE ( 'NONE', ( #4430 ), #5887, .F. ) ;
#2634 = CARTESIAN_POINT ( 'NONE',  ( -198.9312958390566166, 1402.601106651571854, 0.4999999999999449329 ) ) ;
#2635 = AXIS2_PLACEMENT_3D ( 'NONE', #1130, #687, #1186 ) ;
#2636 = CARTESIAN_POINT ( 'NONE',  ( -236.3293727074230048, 1525.601106651572081, 10.90000000000000036 ) ) ;
#2637 = CARTESIAN_POINT ( 'NONE',  ( -215.9559690393440690, 1507.256001209732403, 9.000000000000001776 ) ) ;
#2638 = CARTESIAN_POINT ( 'NONE',  ( -255.2673323364107887, 1521.702077360725070, 11.50000000000000000 ) ) ;
#2639 = CIRCLE ( 'NONE', #3860, 4.099999999999992539 ) ;
#2640 = VERTEX_POINT ( 'NONE', #1187 ) ;
#2641 = ORIENTED_EDGE ( 'NONE', *, *, #2113, .F. ) ;
#2642 = EDGE_CURVE ( 'NONE', #2424, #870, #6192, .T. ) ;
#2643 = FACE_OUTER_BOUND ( 'NONE', #852, .T. ) ;
#2644 = AXIS2_PLACEMENT_3D ( 'NONE', #5056, #2609, #5588 ) ;
#2645 = ORIENTED_EDGE ( 'NONE', *, *, #1941, .F. ) ;
#2646 = LINE ( 'NONE', #4459, #603 ) ;
#2647 = CARTESIAN_POINT ( 'NONE',  ( -251.2261629892063013, 1519.794311034313296, 11.50000000000000711 ) ) ;
#2648 = PRODUCT_DEFINITION_SHAPE ( 'NONE', 'NONE',  #898 ) ;
#2649 = AXIS2_PLACEMENT_3D ( 'NONE', #2061, #5079, #1577 ) ;
#2650 = EDGE_CURVE ( 'NONE', #2993, #5836, #5474, .T. ) ;
#2651 = DIRECTION ( 'NONE',  ( 0.000000000000000000, 0.000000000000000000, 1.000000000000000000 ) ) ;
#2652 = CARTESIAN_POINT ( 'NONE',  ( -228.1293727074229878, 1526.601106651571854, 10.90000000000000036 ) ) ;
#2653 = ORIENTED_EDGE ( 'NONE', *, *, #3903, .T. ) ;
#2654 = DIRECTION ( 'NONE',  ( -1.000000000000000000, 0.000000000000000000, 0.000000000000000000 ) ) ;
#2655 = DIRECTION ( 'NONE',  ( 1.000000000000000000, 3.081012879330941349E-16, -0.000000000000000000 ) ) ;
#2656 = CARTESIAN_POINT ( 'NONE',  ( -249.6371239106703115, 1522.388460407417824, 11.49999999999999822 ) ) ;
#2657 = LINE ( 'NONE', #3202, #2412 ) ;
#2658 = ORIENTED_EDGE ( 'NONE', *, *, #5211, .F. ) ;
#2659 = ORIENTED_EDGE ( 'NONE', *, *, #3618, .F. ) ;
#2660 = DIRECTION ( 'NONE',  ( 0.7071067811865474617, 0.7071067811865474617, 7.845033729955923065E-14 ) ) ;
#2661 = EDGE_LOOP ( 'NONE', ( #4122, #5867, #3380, #559 ) ) ;
#2662 = ADVANCED_FACE ( 'NONE', ( #1094 ), #1159, .F. ) ;
#2663 = CARTESIAN_POINT ( 'NONE',  ( -208.4312958390566166, 1394.801106651571672, 6.249999999999906741 ) ) ;
#2664 = CARTESIAN_POINT ( 'NONE',  ( -253.2353823775181922, 1520.788606651571854, 10.90000000000000036 ) ) ;
#2665 = ORIENTED_EDGE ( 'NONE', *, *, #5550, .F. ) ;
#2666 = PLANE ( 'NONE',  #3563 ) ;
#2667 = FACE_BOUND ( 'NONE', #2874, .T. ) ;
#2668 = CARTESIAN_POINT ( 'NONE',  ( -238.4293727074229707, 1531.401106651571808, 7.499999999999969802 ) ) ;
#2669 = DIRECTION ( 'NONE',  ( 0.000000000000000000, -1.000000000000000000, 0.000000000000000000 ) ) ;
#2670 = EDGE_CURVE ( 'NONE', #320, #4312, #4468, .T. ) ;
#2671 = CARTESIAN_POINT ( 'NONE',  ( -249.6159446430217486, 1520.719797536351280, 10.89999999999999503 ) ) ;
#2672 = ORIENTED_EDGE ( 'NONE', *, *, #4254, .F. ) ;
#2673 = ORIENTED_EDGE ( 'NONE', *, *, #3455, .F. ) ;
#2674 = DIRECTION ( 'NONE',  ( 0.000000000000000000, -1.000000000000000000, 0.000000000000000000 ) ) ;
#2675 = VERTEX_POINT ( 'NONE', #4565 ) ;
#2676 = CARTESIAN_POINT ( 'NONE',  ( -254.9709200249363334, 1524.594601482290500, 10.90000000000000391 ) ) ;
#2677 = EDGE_CURVE ( 'NONE', #4742, #1987, #4978, .T. ) ;
#2678 = CARTESIAN_POINT ( 'NONE',  ( -251.3711799852452202, 1519.893488754557666, 11.50000000000000711 ) ) ;
#2679 = FACE_OUTER_BOUND ( 'NONE', #6108, .T. ) ;
#2680 = DIRECTION ( 'NONE',  ( 1.000000000000000000, 0.000000000000000000, -0.000000000000000000 ) ) ;
#2681 = VERTEX_POINT ( 'NONE', #6007 ) ;
#2682 = LINE ( 'NONE', #1781, #5874 ) ;
#2683 = CARTESIAN_POINT ( 'NONE',  ( -253.2676720243115938, 1520.845591393532459, 11.50000000000000888 ) ) ;
#2684 = EDGE_CURVE ( 'NONE', #2053, #172, #1944, .T. ) ;
#2685 = DIRECTION ( 'NONE',  ( 1.000000000000000000, -0.000000000000000000, 0.000000000000000000 ) ) ;
#2686 = PLANE ( 'NONE',  #3330 ) ;
#2687 = ORIENTED_EDGE ( 'NONE', *, *, #1366, .F. ) ;
#2688 = CARTESIAN_POINT ( 'NONE',  ( -251.1236035313643811, 1521.447260497726575, 10.90000000000000036 ) ) ;
#2689 = ORIENTED_EDGE ( 'NONE', *, *, #2861, .T. ) ;
#2690 = LINE ( 'NONE', #3741, #513 ) ;
#2691 = CARTESIAN_POINT ( 'NONE',  ( -255.2978823775182207, 1525.601106651572081, 11.50000000000000000 ) ) ;
#2692 = DIRECTION ( 'NONE',  ( -0.7071067811865868746, 9.614813431917467792E-17, 0.7071067811865081598 ) ) ;
#2693 = ORIENTED_EDGE ( 'NONE', *, *, #4557, .F. ) ;
#2694 = CARTESIAN_POINT ( 'NONE',  ( -256.6620650698259283, 1523.139568190033515, 10.90000000000000036 ) ) ;
#2695 = CARTESIAN_POINT ( 'NONE',  ( -225.5293727074229935, 1527.101106651571854, 11.50000000000000000 ) ) ;
#2696 = LINE ( 'NONE', #5050, #5667 ) ;
#2697 = CARTESIAN_POINT ( 'NONE',  ( 0.000000000000000000, 1531.401106651571808, 11.00000000000005507 ) ) ;
#2698 = ORIENTED_EDGE ( 'NONE', *, *, #1243, .T. ) ;
#2699 = CARTESIAN_POINT ( 'NONE',  ( -254.2149682433795306, 1524.260549072006597, 11.49999999999999645 ) ) ;
#2700 = CLOSED_SHELL ( 'NONE', ( #2363, #5974, #1138, #1636, #4240, #4503, #3151, #4526, #1975, #3024, #2204, #87, #1427, #14, #4510, #982, #1778, #4304, #351, #5289, #5434, #2662, #2525, #2393, #2633, #5036, #1506, #56, #774, #3991, #4464, #2140, #3958, #906, #4969, #3858, #1881, #78, #1195, #4511, #5510, #4868, #5398, #553, #3056, #6126, #5009, #1459, #3968, #2451, #6011, #6085, #4083, #3426, #5722, #240, #6119, #282, #1718, #4184, #3141, #3974, #5460, #3732, #2884, #1657, #2570, #5937, #4629, #3569, #1365, #2727, #5049, #447, #6149, #5241, #4055, #636, #5103, #676, #5751, #242, #2706, #358, #3488, #2059, #2489, #3775, #1823, #3650, #4534, #1576, #472, #703, #3042, #488, #5212, #119, #1619, #3583, #1122, #1698, #3979, #3997, #1019, #1172, #3601, #4811, #6035, #4915, #1233, #1707, #2882, #1042, #3680, #5936, #3194, #4590, #3644, #4836, #5288, #5475, #880, #2466, #3343, #197, #1058, #13, #2603, #134, #5321, #1497, #3577, #1785, #2917, #3512, #583, #5779, #975, #4157, #990, #2964, #5701, #4741, #2950, #6028, #4555, #1825, #392, #3839, #945, #5358, #2281, #3912, #2023, #402, #4474, #3802, #4231, #5863, #943, #2910, #411, #5193, #4637, #3044, #1162, #1057, #3278, #5182, #3219, #590, #5589, #2411, #1399, #1249, #2768, #3082, #5380, #3159, #970, #4447, #3521, #2090, #5280, #6246, #3073, #659, #6229, #4705, #4895 ) ) ;
#2701 = PLANE ( 'NONE',  #3358 ) ;
#2702 = EDGE_LOOP ( 'NONE', ( #2858, #1833 ) ) ;
#2703 = FACE_OUTER_BOUND ( 'NONE', #3785, .T. ) ;
#2704 = DIRECTION ( 'NONE',  ( -0.8660254037844379305, -0.5000000000000014433, -0.000000000000000000 ) ) ;
#2705 = DIRECTION ( 'NONE',  ( -0.000000000000000000, 0.7071067811865474617, -0.7071067811865474617 ) ) ;
#2706 = ADVANCED_FACE ( 'NONE', ( #4718 ), #4207, .F. ) ;
#2707 = VECTOR ( 'NONE', #2250, 1000.000000000000114 ) ;
#2708 = CARTESIAN_POINT ( 'NONE',  ( -375.2312958390564859, 1525.951106651571763, 9.000000000000001776 ) ) ;
#2709 = ORIENTED_EDGE ( 'NONE', *, *, #3496, .T. ) ;
#2710 = DIRECTION ( 'NONE',  ( 0.4604154969117498220, 0.8877035373386242822, 0.000000000000000000 ) ) ;
#2711 = CARTESIAN_POINT ( 'NONE',  ( -256.0341789355646256, 1522.125000461396439, 11.49999999999999645 ) ) ;
#2712 = CARTESIAN_POINT ( 'NONE',  ( -375.2312958390564859, 1517.601106651571854, 5.749999999999905853 ) ) ;
#2713 = CARTESIAN_POINT ( 'NONE',  ( -198.4312958390566166, 1395.301106651571672, 11.50000000000000000 ) ) ;
#2714 = AXIS2_PLACEMENT_3D ( 'NONE', #5219, #4875, #5807 ) ;
#2715 = ORIENTED_EDGE ( 'NONE', *, *, #3351, .F. ) ;
#2716 = CARTESIAN_POINT ( 'NONE',  ( -238.4293727074229707, 1531.401106651571808, 3.700000000000000178 ) ) ;
#2717 = EDGE_CURVE ( 'NONE', #4730, #1270, #2261, .T. ) ;
#2718 = EDGE_CURVE ( 'NONE', #3584, #965, #1699, .T. ) ;
#2719 = AXIS2_PLACEMENT_3D ( 'NONE', #543, #921, #3422 ) ;
#2720 = EDGE_LOOP ( 'NONE', ( #2966, #3098, #1340, #3220 ) ) ;
#2721 = CARTESIAN_POINT ( 'NONE',  ( -249.2920170759355756, 1521.314221234808201, 11.49999999999999645 ) ) ;
#2722 = AXIS2_PLACEMENT_3D ( 'NONE', #5599, #1285, #2170 ) ;
#2723 = CARTESIAN_POINT ( 'NONE',  ( -223.6607692585541827, 1518.101106651571627, 0.000000000000000000 ) ) ;
#2724 = CARTESIAN_POINT ( 'NONE',  ( -253.0331466599050714, 1524.434738263990312, 11.50000000000000000 ) ) ;
#2725 = CARTESIAN_POINT ( 'NONE',  ( -254.3185289072303306, 1525.540606274064658, 10.90000000000000213 ) ) ;
#2726 = VERTEX_POINT ( 'NONE', #849 ) ;
#2727 = ADVANCED_FACE ( 'NONE', ( #373 ), #2233, .F. ) ;
#2728 = CARTESIAN_POINT ( 'NONE',  ( -250.0919019593532084, 1522.523654242781049, 10.90000000000000036 ) ) ;
#2729 = AXIS2_PLACEMENT_3D ( 'NONE', #2837, #2871, #1460 ) ;
#2730 = CARTESIAN_POINT ( 'NONE',  ( -250.1224016082874186, 1522.524183574649669, 11.50000000000000000 ) ) ;
#2731 = CARTESIAN_POINT ( 'NONE',  ( -256.6620650698259283, 1522.139568190033515, 10.90000000000000036 ) ) ;
#2732 = PLANE ( 'NONE',  #5948 ) ;
#2733 = VERTEX_POINT ( 'NONE', #2780 ) ;
#2734 = EDGE_LOOP ( 'NONE', ( #1842, #1444, #121, #2548 ) ) ;
#2735 = VECTOR ( 'NONE', #2654, 1000.000000000000000 ) ;
#2736 = CARTESIAN_POINT ( 'NONE',  ( -236.0293727074230219, 1524.022692017425697, 10.90000000000000036 ) ) ;
#2737 = CARTESIAN_POINT ( 'NONE',  ( 0.000000000000000000, 0.000000000000000000, 7.000000000000000000 ) ) ;
#2738 = ORIENTED_EDGE ( 'NONE', *, *, #4739, .F. ) ;
#2739 = CARTESIAN_POINT ( 'NONE',  ( -254.8181969570007652, 1524.587805852858310, 11.50000000000000355 ) ) ;
#2740 = AXIS2_PLACEMENT_3D ( 'NONE', #6073, #4091, #6010 ) ;
#2741 = EDGE_LOOP ( 'NONE', ( #4408, #4523, #5879, #3845 ) ) ;
#2742 = CARTESIAN_POINT ( 'NONE',  ( -250.5512524665504088, 1519.551276000466260, 11.50000000000000178 ) ) ;
#2743 = LINE ( 'NONE', #370, #5177 ) ;
#2744 = VECTOR ( 'NONE', #3857, 1000.000000000000000 ) ;
#2745 = DIRECTION ( 'NONE',  ( -1.000000000000000000, 0.000000000000000000, 0.000000000000000000 ) ) ;
#2746 = VERTEX_POINT ( 'NONE', #2292 ) ;
#2747 = FACE_BOUND ( 'NONE', #4576, .T. ) ;
#2748 = CARTESIAN_POINT ( 'NONE',  ( -254.4745650698258999, 1522.288606651571854, 11.50000000000000711 ) ) ;
#2749 = CARTESIAN_POINT ( 'NONE',  ( -253.3299751545650622, 1520.955543906284220, 10.90000000000000213 ) ) ;
#2750 = CARTESIAN_POINT ( 'NONE',  ( -250.4106078396210364, 1523.401511625878356, 11.50000000000000178 ) ) ;
#2751 = AXIS2_PLACEMENT_3D ( 'NONE', #4689, #4751, #2745 ) ;
#2752 = EDGE_CURVE ( 'NONE', #274, #209, #3229, .T. ) ;
#2753 = ORIENTED_EDGE ( 'NONE', *, *, #3734, .T. ) ;
#2754 = ORIENTED_EDGE ( 'NONE', *, *, #1089, .T. ) ;
#2755 = LINE ( 'NONE', #3235, #2326 ) ;
#2756 = APPROVAL_PERSON_ORGANIZATION ( #3783, #4934, #5732 ) ;
#2757 = ORIENTED_EDGE ( 'NONE', *, *, #4647, .T. ) ;
#2758 = CARTESIAN_POINT ( 'NONE',  ( -375.2312958390564859, 1519.251106651571945, 7.000000000000000000 ) ) ;
#2759 = DIRECTION ( 'NONE',  ( -0.7071067811865147101, -2.115676933299781852E-16, 0.7071067811865804353 ) ) ;
#2760 = CARTESIAN_POINT ( 'NONE',  ( -254.4829228072379408, 1525.563486421980087, 11.49999999999998934 ) ) ;
#2761 = EDGE_CURVE ( 'NONE', #2534, #4632, #1283, .T. ) ;
#2762 = ORIENTED_EDGE ( 'NONE', *, *, #4358, .F. ) ;
#2763 = CC_DESIGN_PERSON_AND_ORGANIZATION_ASSIGNMENT ( #2801, #6248, ( #1227 ) ) ;
#2764 = CARTESIAN_POINT ( 'NONE',  ( -249.3349427430201786, 1521.977179494535221, 10.90000000000000036 ) ) ;
#2765 = DIRECTION ( 'NONE',  ( 0.000000000000000000, 0.000000000000000000, 1.000000000000000000 ) ) ;
#2766 = DIRECTION ( 'NONE',  ( 1.000000000000000000, 0.000000000000000000, 0.000000000000000000 ) ) ;
#2767 = CARTESIAN_POINT ( 'NONE',  ( -248.1236035313643526, 1521.579472036188236, 10.90000000000000036 ) ) ;
#2768 = ADVANCED_FACE ( 'NONE', ( #5096 ), #3561, .T. ) ;
#2769 = EDGE_CURVE ( 'NONE', #4610, #2158, #1409, .T. ) ;
#2770 = ORIENTED_EDGE ( 'NONE', *, *, #4661, .F. ) ;
#2771 = DATE_AND_TIME ( #10, #438 ) ;
#2772 = FACE_OUTER_BOUND ( 'NONE', #4342, .T. ) ;
#2773 = EDGE_LOOP ( 'NONE', ( #5178, #4933, #5725 ) ) ;
#2774 = CARTESIAN_POINT ( 'NONE',  ( -254.1236035313643811, 1523.885962420802798, 10.90000000000000036 ) ) ;
#2775 = CARTESIAN_POINT ( 'NONE',  ( -251.0711653403055550, 1519.711239352406210, 10.89999999999999858 ) ) ;
#2776 = EDGE_CURVE ( 'NONE', #3661, #5543, #2486, .T. ) ;
#2777 = DIRECTION ( 'NONE',  ( -1.000000000000000000, 0.000000000000000000, 0.000000000000000000 ) ) ;
#2778 = DIRECTION ( 'NONE',  ( -0.000000000000000000, -0.000000000000000000, -1.000000000000000000 ) ) ;
#2779 = DIRECTION ( 'NONE',  ( 0.8877035373386243933, -0.4604154969117498775, 0.000000000000000000 ) ) ;
#2780 = CARTESIAN_POINT ( 'NONE',  ( -201.7312958390566564, 1398.601106651571854, 9.000000000000001776 ) ) ;
#2781 = LINE ( 'NONE', #5661, #3336 ) ;
#2782 = DIRECTION ( 'NONE',  ( -5.551115123126394227E-14, -1.000000000000000000, -0.000000000000000000 ) ) ;
#2783 = ORIENTED_EDGE ( 'NONE', *, *, #3786, .F. ) ;
#2784 = ORIENTED_EDGE ( 'NONE', *, *, #22, .F. ) ;
#2785 = CARTESIAN_POINT ( 'NONE',  ( -237.3293727074230048, 1522.722692017425970, 7.500000000000000000 ) ) ;
#2786 = EDGE_CURVE ( 'NONE', #5397, #2238, #942, .T. ) ;
#2787 = ORIENTED_EDGE ( 'NONE', *, *, #2677, .T. ) ;
#2788 = CARTESIAN_POINT ( 'NONE',  ( -249.3421702499471166, 1521.103133995756480, 11.49999999999999822 ) ) ;
#2789 = CARTESIAN_POINT ( 'NONE',  ( -237.9293727074229992, 1527.747553260978520, 3.846446609406767525 ) ) ;
#2790 = CARTESIAN_POINT ( 'NONE',  ( -256.6620650698259283, 1519.601106651572081, 10.90000000000000036 ) ) ;
#2791 = CARTESIAN_POINT ( 'NONE',  ( -249.1794010448328152, 1523.392337169005486, 10.90000000000000213 ) ) ;
#2792 = LINE ( 'NONE', #384, #899 ) ;
#2793 = ORIENTED_EDGE ( 'NONE', *, *, #2248, .T. ) ;
#2794 = DIRECTION ( 'NONE',  ( 0.9659258262891364799, -0.2588190451022659988, 0.000000000000000000 ) ) ;
#2795 = EDGE_CURVE ( 'NONE', #4004, #1830, #6226, .T. ) ;
#2796 = ORIENTED_EDGE ( 'NONE', *, *, #6237, .F. ) ;
#2797 = CARTESIAN_POINT ( 'NONE',  ( -237.9293727074230276, 1528.101106651571627, 11.50000000000000000 ) ) ;
#2798 = LINE ( 'NONE', #1393, #1499 ) ;
#2799 = CARTESIAN_POINT ( 'NONE',  ( -249.6716649385949154, 1523.519460903718254, 10.90000000000000036 ) ) ;
#2800 = EDGE_LOOP ( 'NONE', ( #2565, #4297, #976, #663 ) ) ;
#2801 = PERSON_AND_ORGANIZATION ( #1977, #5688 ) ;
#2802 = PLANE ( 'NONE',  #4165 ) ;
#2803 = EDGE_CURVE ( 'NONE', #931, #3853, #24, .T. ) ;
#2804 = EDGE_CURVE ( 'NONE', #361, #3575, #5783, .T. ) ;
#2805 = VERTEX_POINT ( 'NONE', #4844 ) ;
#2806 = CARTESIAN_POINT ( 'NONE',  ( -254.7650981945935769, 1523.177515391945462, 10.90000000000000391 ) ) ;
#2807 = DIRECTION ( 'NONE',  ( -1.000000000000000000, 0.000000000000000000, 0.000000000000000000 ) ) ;
#2808 = DIRECTION ( 'NONE',  ( 0.000000000000000000, 1.000000000000000000, 0.000000000000000000 ) ) ;
#2809 = CARTESIAN_POINT ( 'NONE',  ( -216.3889817412364494, 1507.006001209732403, 7.000000000000000000 ) ) ;
#2810 = CARTESIAN_POINT ( 'NONE',  ( -215.9559690393440690, 1507.256001209732403, 7.000000000000000000 ) ) ;
#2811 = CARTESIAN_POINT ( 'NONE',  ( -253.5097732462168665, 1521.257184816814743, 10.90000000000000746 ) ) ;
#2812 = LINE ( 'NONE', #1378, #2622 ) ;
#2813 = PLANE ( 'NONE',  #290 ) ;
#2814 = VECTOR ( 'NONE', #460, 1000.000000000000000 ) ;
#2815 = CARTESIAN_POINT ( 'NONE',  ( -366.9312958390565313, 1527.101106651571854, 0.000000000000000000 ) ) ;
#2816 = VERTEX_POINT ( 'NONE', #5812 ) ;
#2817 = CARTESIAN_POINT ( 'NONE',  ( -371.4312958390563040, 1522.601106651571854, 6.249999999999966249 ) ) ;
#2818 = CIRCLE ( 'NONE', #1194, 5.499999999999976907 ) ;
#2819 = CARTESIAN_POINT ( 'NONE',  ( -200.4763243712475571, 1507.444470161476374, 9.500000000000000000 ) ) ;
#2820 = APPLICATION_CONTEXT ( 'configuration controlled 3d designs of mechanical parts and assemblies' ) ;
#2821 = DIRECTION ( 'NONE',  ( -0.2148408721547227229, -0.9766490667848908291, 0.000000000000000000 ) ) ;
#2822 = ORIENTED_EDGE ( 'NONE', *, *, #6158, .F. ) ;
#2823 = VECTOR ( 'NONE', #88, 1000.000000000000000 ) ;
#2824 = AXIS2_PLACEMENT_3D ( 'NONE', #1666, #2501, #2567 ) ;
#2825 = CARTESIAN_POINT ( 'NONE',  ( -249.5105767268461534, 1522.282214490542628, 10.90000000000000036 ) ) ;
#2826 = ORIENTED_EDGE ( 'NONE', *, *, #3149, .T. ) ;
#2827 = DIRECTION ( 'NONE',  ( 1.000000000000000000, 0.000000000000000000, 0.000000000000000000 ) ) ;
#2828 = CARTESIAN_POINT ( 'NONE',  ( -200.5812958390566507, 1401.701106651571990, 7.000000000000000000 ) ) ;
#2829 = CARTESIAN_POINT ( 'NONE',  ( -248.1513588887894457, 1521.988798957946301, 11.50000000000000000 ) ) ;
#2830 = AXIS2_PLACEMENT_3D ( 'NONE', #1654, #626, #3571 ) ;
#2831 = EDGE_CURVE ( 'NONE', #5012, #4392, #5746, .T. ) ;
#2832 = VERTEX_POINT ( 'NONE', #2359 ) ;
#2833 = COORDINATED_UNIVERSAL_TIME_OFFSET ( 1, 0, .AHEAD. ) ;
#2834 = DIRECTION ( 'NONE',  ( 1.000000000000000000, 0.000000000000000000, 0.000000000000000000 ) ) ;
#2835 = AXIS2_PLACEMENT_3D ( 'NONE', #2637, #4676, #707 ) ;
#2836 = ORIENTED_EDGE ( 'NONE', *, *, #5324, .F. ) ;
#2837 = CARTESIAN_POINT ( 'NONE',  ( -210.4312958390566450, 1492.686986531620050, 0.4999999999999449329 ) ) ;
#2838 = ORIENTED_EDGE ( 'NONE', *, *, #1284, .F. ) ;
#2839 = CARTESIAN_POINT ( 'NONE',  ( -374.7312958390564859, 1518.101106651571627, 11.50000000000000000 ) ) ;
#2840 = VECTOR ( 'NONE', #6120, 1000.000000000000000 ) ;
#2841 = EDGE_CURVE ( 'NONE', #6172, #3407, #1467, .T. ) ;
#2842 = EDGE_LOOP ( 'NONE', ( #4594, #2395, #1571, #1638 ) ) ;
#2843 = CARTESIAN_POINT ( 'NONE',  ( -248.3543727621335790, 1524.370337420803480, 10.90000000000000036 ) ) ;
#2844 = CARTESIAN_POINT ( 'NONE',  ( -200.4763243712475571, 1507.444470161476374, 11.50000000000000000 ) ) ;
#2845 = AXIS2_PLACEMENT_3D ( 'NONE', #3819, #1374, #4232 ) ;
#2846 = CARTESIAN_POINT ( 'NONE',  ( -371.4312958390563040, 1522.601106651571854, 6.249999999999966249 ) ) ;
#2847 = CARTESIAN_POINT ( 'NONE',  ( -367.4312958390565313, 1527.101106651571854, 11.50000000000000000 ) ) ;
#2848 = DIRECTION ( 'NONE',  ( -0.7071067811866064146, -0.7071067811864886199, 0.000000000000000000 ) ) ;
#2849 = EDGE_CURVE ( 'NONE', #5136, #2640, #1377, .T. ) ;
#2850 = EDGE_CURVE ( 'NONE', #2159, #1858, #4656, .T. ) ;
#2851 = AXIS2_PLACEMENT_3D ( 'NONE', #5802, #4388, #3344 ) ;
#2852 = FACE_OUTER_BOUND ( 'NONE', #2438, .T. ) ;
#2853 = VERTEX_POINT ( 'NONE', #4330 ) ;
#2854 = CARTESIAN_POINT ( 'NONE',  ( -249.2780734435269494, 1521.593525541887630, 11.49999999999999467 ) ) ;
#2855 = CIRCLE ( 'NONE', #2965, 1.699999999999979305 ) ;
#2856 = CARTESIAN_POINT ( 'NONE',  ( -253.0694520234562219, 1524.550055129629982, 10.90000000000000213 ) ) ;
#2857 = CARTESIAN_POINT ( 'NONE',  ( -254.4745650698259567, 1522.288606651572081, 10.90000000000000213 ) ) ;
#2858 = ORIENTED_EDGE ( 'NONE', *, *, #32, .F. ) ;
#2859 = CARTESIAN_POINT ( 'NONE',  ( -249.6371239106703115, 1522.388460407417824, 11.49999999999999289 ) ) ;
#2860 = AXIS2_PLACEMENT_3D ( 'NONE', #971, #2976, #2485 ) ;
#2861 = EDGE_CURVE ( 'NONE', #1011, #3596, #6258, .T. ) ;
#2862 = CARTESIAN_POINT ( 'NONE',  ( -254.7101419929028054, 1520.962885497725665, 10.90000000000000036 ) ) ;
#2863 = ORIENTED_EDGE ( 'NONE', *, *, #1552, .F. ) ;
#2864 = CARTESIAN_POINT ( 'NONE',  ( -250.1756468801827396, 1520.524747383305566, 11.49999999999999645 ) ) ;
#2865 = CARTESIAN_POINT ( 'NONE',  ( -216.5882284609814690, 1526.351106651572309, 11.50000000000000000 ) ) ;
#2866 = DIRECTION ( 'NONE',  ( 0.7071067811866064146, 0.7071067811864886199, -0.000000000000000000 ) ) ;
#2867 = LINE ( 'NONE', #102, #3725 ) ;
#2868 = VERTEX_POINT ( 'NONE', #3384 ) ;
#2869 = LINE ( 'NONE', #933, #4888 ) ;
#2870 = EDGE_CURVE ( 'NONE', #3367, #2479, #5317, .T. ) ;
#2871 = DIRECTION ( 'NONE',  ( 0.000000000000000000, 0.000000000000000000, -1.000000000000000000 ) ) ;
#2872 = ORIENTED_EDGE ( 'NONE', *, *, #3886, .T. ) ;
#2873 = DIRECTION ( 'NONE',  ( -1.922962686383778288E-16, 0.7071067811865081598, 0.7071067811865868746 ) ) ;
#2874 = EDGE_LOOP ( 'NONE', ( #1622, #2413 ) ) ;
#2875 = CARTESIAN_POINT ( 'NONE',  ( -213.1059690393441599, 1502.319656408161336, 9.000000000000001776 ) ) ;
#2876 = CARTESIAN_POINT ( 'NONE',  ( -254.7650981945935769, 1523.177515391945462, 11.50000000000000355 ) ) ;
#2877 = EDGE_CURVE ( 'NONE', #497, #6074, #501, .T. ) ;
#2878 = CARTESIAN_POINT ( 'NONE',  ( -207.9312958390566450, 1525.601106651572991, 0.000000000000000000 ) ) ;
#2879 = CARTESIAN_POINT ( 'NONE',  ( -227.1293727074230162, 1522.722692017425970, 7.500000000000000000 ) ) ;
#2880 = PLANE ( 'NONE',  #4542 ) ;
#2881 = DIRECTION ( 'NONE',  ( 1.000000000000000000, 0.000000000000000000, -0.000000000000000000 ) ) ;
#2882 = ADVANCED_FACE ( 'NONE', ( #4368 ), #3891, .F. ) ;
#2883 = VERTEX_POINT ( 'NONE', #536 ) ;
#2884 = ADVANCED_FACE ( 'NONE', ( #2460 ), #4397, .F. ) ;
#2885 = CARTESIAN_POINT ( 'NONE',  ( -374.7312958390564859, 1519.751106651571945, 9.000000000000001776 ) ) ;
#2886 = DIRECTION ( 'NONE',  ( -1.922962686383778288E-16, -0.7071067811865081598, -0.7071067811865868746 ) ) ;
#2887 = DIRECTION ( 'NONE',  ( 0.000000000000000000, 0.000000000000000000, -1.000000000000000000 ) ) ;
#2888 = DIRECTION ( 'NONE',  ( -1.000000000000000000, 0.000000000000000000, 0.000000000000000000 ) ) ;
#2889 = ORIENTED_EDGE ( 'NONE', *, *, #1914, .F. ) ;
#2890 = DIRECTION ( 'NONE',  ( 0.7071067811865426878, 8.659560562354873694E-17, -0.7071067811865522357 ) ) ;
#2891 = FACE_OUTER_BOUND ( 'NONE', #5897, .T. ) ;
#2892 = ORIENTED_EDGE ( 'NONE', *, *, #5841, .F. ) ;
#2893 = DIRECTION ( 'NONE',  ( 0.7071067811865082708, -0.7071067811865868746, 0.000000000000000000 ) ) ;
#2894 = CARTESIAN_POINT ( 'NONE',  ( -251.9923492969724634, 1520.749693632604021, 10.90000000000000213 ) ) ;
#2895 = DIRECTION ( 'NONE',  ( 0.000000000000000000, 0.000000000000000000, -1.000000000000000000 ) ) ;
#2896 = VERTEX_POINT ( 'NONE', #1493 ) ;
#2897 = DATE_AND_TIME ( #1368, #3983 ) ;
#2898 = DIRECTION ( 'NONE',  ( -0.000000000000000000, -0.000000000000000000, 1.000000000000000000 ) ) ;
#2899 = FACE_OUTER_BOUND ( 'NONE', #4327, .T. ) ;
#2900 = ORIENTED_EDGE ( 'NONE', *, *, #1982, .T. ) ;
#2901 = LINE ( 'NONE', #2421, #3345 ) ;
#2902 = DIRECTION ( 'NONE',  ( -1.000000000000000000, 0.000000000000000000, 0.000000000000000000 ) ) ;
#2903 = ORIENTED_EDGE ( 'NONE', *, *, #2399, .F. ) ;
#2904 = ORIENTED_EDGE ( 'NONE', *, *, #214, .F. ) ;
#2905 = CARTESIAN_POINT ( 'NONE',  ( -248.8632341153067387, 1519.955475727837893, 11.50000000000000178 ) ) ;
#2906 = CARTESIAN_POINT ( 'NONE',  ( -254.1254006456450441, 1523.844624520666457, 10.89999999999999858 ) ) ;
#2907 = CARTESIAN_POINT ( 'NONE',  ( -207.9312958390566166, 1394.801106651571672, 6.249999999999906741 ) ) ;
#2908 = DIRECTION ( 'NONE',  ( -1.000000000000000000, 0.000000000000000000, 0.000000000000000000 ) ) ;
#2909 = CARTESIAN_POINT ( 'NONE',  ( -374.7312958390564859, 1527.601106651571854, 11.50000000000000000 ) ) ;
#2910 = ADVANCED_FACE ( 'NONE', ( #1874 ), #3446, .T. ) ;
#2911 = CARTESIAN_POINT ( 'NONE',  ( -208.6992450314876919, 1493.686986531620278, 10.99999999999999822 ) ) ;
#2912 = ORIENTED_EDGE ( 'NONE', *, *, #936, .F. ) ;
#2913 = FACE_OUTER_BOUND ( 'NONE', #4439, .T. ) ;
#2914 = CARTESIAN_POINT ( 'NONE',  ( -253.1674004143041827, 1524.769019200982939, 10.90000000000000036 ) ) ;
#2915 = AXIS2_PLACEMENT_3D ( 'NONE', #4517, #4043, #2669 ) ;
#2916 = DIRECTION ( 'NONE',  ( 0.000000000000000000, 1.000000000000000000, 0.000000000000000000 ) ) ;
#2917 = ADVANCED_FACE ( 'NONE', ( #2977 ), #5860, .T. ) ;
#2918 = VERTEX_POINT ( 'NONE', #1627 ) ;
#2919 = EDGE_CURVE ( 'NONE', #1858, #238, #1181, .T. ) ;
#2920 = CARTESIAN_POINT ( 'NONE',  ( -207.3080216973946222, 1507.687828808946733, 0.000000000000000000 ) ) ;
#2921 = CARTESIAN_POINT ( 'NONE',  ( -250.7734368023928937, 1522.264322486008268, 10.90000000000000036 ) ) ;
#2922 = CONICAL_SURFACE ( 'NONE', #4038, 1.999999999998863798, 0.7853981633974924659 ) ;
#2923 = EDGE_LOOP ( 'NONE', ( #5291, #3482, #1790 ) ) ;
#2924 = DIRECTION ( 'NONE',  ( -0.000000000000000000, -0.000000000000000000, 1.000000000000000000 ) ) ;
#2925 = CARTESIAN_POINT ( 'NONE',  ( -374.7312958390565427, 1527.101106651571854, 5.749999999999905853 ) ) ;
#2926 = LINE ( 'NONE', #577, #793 ) ;
#2927 = AXIS2_PLACEMENT_3D ( 'NONE', #153, #4470, #1637 ) ;
#2928 = EDGE_CURVE ( 'NONE', #4295, #420, #3134, .T. ) ;
#2929 = VERTEX_POINT ( 'NONE', #5526 ) ;
#2930 = AXIS2_PLACEMENT_3D ( 'NONE', #3181, #5174, #2765 ) ;
#2931 = CARTESIAN_POINT ( 'NONE',  ( -256.0341789355646256, 1522.125000461396439, 10.89999999999999680 ) ) ;
#2932 = CIRCLE ( 'NONE', #5549, 2.500000000000002220 ) ;
#2933 = VECTOR ( 'NONE', #6199, 1000.000000000000000 ) ;
#2934 = ORIENTED_EDGE ( 'NONE', *, *, #597, .T. ) ;
#2935 = FACE_OUTER_BOUND ( 'NONE', #230, .T. ) ;
#2936 = ORIENTED_EDGE ( 'NONE', *, *, #4788, .T. ) ;
#2937 = CARTESIAN_POINT ( 'NONE',  ( -208.2662323295955105, 1493.936986531620278, 0.000000000000000000 ) ) ;
#2938 = ORIENTED_EDGE ( 'NONE', *, *, #1859, .F. ) ;
#2939 = ORIENTED_EDGE ( 'NONE', *, *, #3250, .T. ) ;
#2940 = VECTOR ( 'NONE', #5716, 1000.000000000000000 ) ;
#2941 = CARTESIAN_POINT ( 'NONE',  ( -238.4293727074229707, 1528.101106651571627, 4.907106781186303834 ) ) ;
#2942 = EDGE_CURVE ( 'NONE', #5066, #6054, #1059, .T. ) ;
#2943 = DIRECTION ( 'NONE',  ( -0.000000000000000000, 0.3826834323651462921, 0.9238795325112633128 ) ) ;
#2944 = CIRCLE ( 'NONE', #6166, 2.499999999999946709 ) ;
#2945 = LINE ( 'NONE', #4303, #82 ) ;
#2946 = CARTESIAN_POINT ( 'NONE',  ( -248.5490843005950978, 1520.295818190034197, 11.50000000000000000 ) ) ;
#2947 = VECTOR ( 'NONE', #2270, 1000.000000000000000 ) ;
#2948 = ORIENTED_EDGE ( 'NONE', *, *, #2022, .F. ) ;
#2949 = DIRECTION ( 'NONE',  ( -0.5000000000000019984, 0.8660254037844375974, 0.000000000000000000 ) ) ;
#2950 = ADVANCED_FACE ( 'NONE', ( #4588 ), #4052, .T. ) ;
#2951 = CARTESIAN_POINT ( 'NONE',  ( -250.2629773455456927, 1520.527102304958589, 10.90000000000000036 ) ) ;
#2952 = PLANE ( 'NONE',  #3824 ) ;
#2953 = CONICAL_SURFACE ( 'NONE', #1117, 1.999999999998863798, 0.7853981633975246623 ) ;
#2954 = DIRECTION ( 'NONE',  ( 0.000000000000000000, 0.000000000000000000, -1.000000000000000000 ) ) ;
#2955 = ORIENTED_EDGE ( 'NONE', *, *, #165, .T. ) ;
#2956 = DIRECTION ( 'NONE',  ( 0.000000000000000000, 1.000000000000000000, 0.000000000000000000 ) ) ;
#2957 = DIRECTION ( 'NONE',  ( -0.000000000000000000, 0.000000000000000000, 1.000000000000000000 ) ) ;
#2958 = VECTOR ( 'NONE', #208, 1000.000000000000000 ) ;
#2959 = ORIENTED_EDGE ( 'NONE', *, *, #1934, .F. ) ;
#2960 = EDGE_CURVE ( 'NONE', #2420, #5408, #3955, .T. ) ;
#2961 = DIRECTION ( 'NONE',  ( 0.000000000000000000, 0.000000000000000000, -1.000000000000000000 ) ) ;
#2962 = CARTESIAN_POINT ( 'NONE',  ( -198.4312958390566166, 1403.101106651571627, 0.4999999999999449329 ) ) ;
#2963 = CARTESIAN_POINT ( 'NONE',  ( -250.5875458390566735, 1523.299423959264914, 11.50000000000000000 ) ) ;
#2964 = ADVANCED_FACE ( 'NONE', ( #3004 ), #4936, .T. ) ;
#2965 = AXIS2_PLACEMENT_3D ( 'NONE', #12, #1022, #1935 ) ;
#2966 = ORIENTED_EDGE ( 'NONE', *, *, #509, .F. ) ;
#2967 = DIRECTION ( 'NONE',  ( -0.7071067811865081598, 9.614813431918176535E-17, -0.7071067811865868746 ) ) ;
#2968 = SECURITY_CLASSIFICATION ( '', '', #5239 ) ;
#2969 = EDGE_CURVE ( 'NONE', #4312, #746, #2517, .T. ) ;
#2970 = EDGE_CURVE ( 'NONE', #361, #1830, #6002, .T. ) ;
#2971 = CARTESIAN_POINT ( 'NONE',  ( -248.1236035313643526, 1521.579472036188236, 10.90000000000000036 ) ) ;
#2972 = EDGE_LOOP ( 'NONE', ( #1761, #5363, #4609, #2118 ) ) ;
#2973 = CARTESIAN_POINT ( 'NONE',  ( -207.9312958390566450, 1492.686986531620050, 0.000000000000000000 ) ) ;
#2974 = ORIENTED_EDGE ( 'NONE', *, *, #5028, .T. ) ;
#2975 = DIRECTION ( 'NONE',  ( 1.000000000000000000, 0.000000000000000000, 0.000000000000000000 ) ) ;
#2976 = DIRECTION ( 'NONE',  ( 0.000000000000000000, 0.000000000000000000, 1.000000000000000000 ) ) ;
#2977 = FACE_OUTER_BOUND ( 'NONE', #4874, .T. ) ;
#2978 = CARTESIAN_POINT ( 'NONE',  ( -251.1236035313643811, 1521.447260497726575, 11.50000000000000000 ) ) ;
#2979 = CARTESIAN_POINT ( 'NONE',  ( -369.7312958390563153, 1522.601106651571854, 9.000000000000001776 ) ) ;
#2980 = EDGE_LOOP ( 'NONE', ( #435, #4048, #954, #5018, #155, #4858, #5448, #5106, #6175, #2319, #51, #1288, #1786, #4400, #1338, #5920 ) ) ;
#2981 = CARTESIAN_POINT ( 'NONE',  ( -200.4763243712475571, 1507.444470161476374, 11.00000000000005507 ) ) ;
#2982 = CARTESIAN_POINT ( 'NONE',  ( -254.7157840513766871, 1524.572479388188185, 11.50000000000000178 ) ) ;
#2983 = CYLINDRICAL_SURFACE ( 'NONE', #3930, 1.699999999999979305 ) ;
#2984 = LINE ( 'NONE', #2437, #5653 ) ;
#2985 = VERTEX_POINT ( 'NONE', #3992 ) ;
#2986 = LINE ( 'NONE', #635, #413 ) ;
#2987 = DIRECTION ( 'NONE',  ( -1.000000000000000000, 0.000000000000000000, 0.000000000000000000 ) ) ;
#2988 = ORIENTED_EDGE ( 'NONE', *, *, #6167, .F. ) ;
#2989 = VERTEX_POINT ( 'NONE', #146 ) ;
#2990 = LINE ( 'NONE', #2055, #4958 ) ;
#2991 = CARTESIAN_POINT ( 'NONE',  ( -367.4312958390565313, 1527.101106651571854, 5.749999999999905853 ) ) ;
#2992 = DIRECTION ( 'NONE',  ( -4.022547190670782203E-15, 1.000000000000000000, 0.000000000000000000 ) ) ;
#2993 = VERTEX_POINT ( 'NONE', #5500 ) ;
#2994 = EDGE_CURVE ( 'NONE', #4241, #746, #2646, .T. ) ;
#2995 = DIRECTION ( 'NONE',  ( 0.000000000000000000, -1.000000000000000000, 0.000000000000000000 ) ) ;
#2996 = DIRECTION ( 'NONE',  ( -1.000000000000000000, 0.000000000000000000, 0.000000000000000000 ) ) ;
#2997 = CARTESIAN_POINT ( 'NONE',  ( -238.4293727074229707, 1528.101106651571627, 3.700000000000000178 ) ) ;
#2998 = CARTESIAN_POINT ( 'NONE',  ( -198.9312958390566166, 1402.601106651571854, 5.749999999999905853 ) ) ;
#2999 = ORIENTED_EDGE ( 'NONE', *, *, #1248, .T. ) ;
#3000 = ORIENTED_EDGE ( 'NONE', *, *, #3404, .F. ) ;
#3001 = EDGE_CURVE ( 'NONE', #870, #3840, #1591, .T. ) ;
#3002 = EDGE_CURVE ( 'NONE', #6138, #1274, #2071, .T. ) ;
#3003 = FACE_OUTER_BOUND ( 'NONE', #2295, .T. ) ;
#3004 = FACE_OUTER_BOUND ( 'NONE', #142, .T. ) ;
#3005 = DIRECTION ( 'NONE',  ( 0.000000000000000000, 1.000000000000000000, 0.000000000000000000 ) ) ;
#3006 = PLANE ( 'NONE',  #3960 ) ;
#3007 = ORIENTED_EDGE ( 'NONE', *, *, #3880, .T. ) ;
#3008 = CARTESIAN_POINT ( 'NONE',  ( 6.726331887529466557E-16, 1527.747553260978520, 3.846446609406725781 ) ) ;
#3009 = DIRECTION ( 'NONE',  ( 0.7071067811865868746, -0.7071067811865081598, 0.000000000000000000 ) ) ;
#3010 = CARTESIAN_POINT ( 'NONE',  ( -216.5882284609815258, 1526.351106651572309, 11.50000000000000000 ) ) ;
#3011 = CARTESIAN_POINT ( 'NONE',  ( -251.0711653403055550, 1519.711239352406210, 11.49999999999999822 ) ) ;
#3012 = DIRECTION ( 'NONE',  ( -0.7071067811865475727, 0.7071067811865475727, 0.000000000000000000 ) ) ;
#3013 = ORIENTED_EDGE ( 'NONE', *, *, #5657, .T. ) ;
#3014 = VERTEX_POINT ( 'NONE', #1530 ) ;
#3015 = DIRECTION ( 'NONE',  ( -0.000000000000000000, -0.000000000000000000, -1.000000000000000000 ) ) ;
#3016 = CARTESIAN_POINT ( 'NONE',  ( -248.1470967421234661, 1521.230478401103710, 11.49999999999999822 ) ) ;
#3017 = CARTESIAN_POINT ( 'NONE',  ( -252.9728825221639852, 1523.777705491320830, 10.89999999999999503 ) ) ;
#3018 = ORIENTED_EDGE ( 'NONE', *, *, #1934, .T. ) ;
#3019 = VECTOR ( 'NONE', #2692, 1000.000000000000000 ) ;
#3020 = CARTESIAN_POINT ( 'NONE',  ( -255.3439581509265395, 1524.599775069161069, 11.50000000000000178 ) ) ;
#3021 = DIRECTION ( 'NONE',  ( 1.000000000000000000, 0.000000000000000000, -0.000000000000000000 ) ) ;
#3022 = CARTESIAN_POINT ( 'NONE',  ( -248.1284083006975720, 1521.403569581390457, 10.90000000000000391 ) ) ;
#3023 = LINE ( 'NONE', #5907, #2933 ) ;
#3024 = ADVANCED_FACE ( 'NONE', ( #5970, #1561, #3537 ), #1087, .T. ) ;
#3025 = VECTOR ( 'NONE', #569, 1000.000000000000000 ) ;
#3026 = ORIENTED_EDGE ( 'NONE', *, *, #886, .T. ) ;
#3027 = CARTESIAN_POINT ( 'NONE',  ( -217.8872665666571322, 1518.101106651571627, 0.000000000000000000 ) ) ;
#3028 = ORIENTED_EDGE ( 'NONE', *, *, #2761, .T. ) ;
#3029 = EDGE_LOOP ( 'NONE', ( #2936, #3319, #3881, #1062 ) ) ;
#3030 = CARTESIAN_POINT ( 'NONE',  ( -236.0293727074230219, 1524.022692017425697, 7.500000000000000000 ) ) ;
#3031 = VECTOR ( 'NONE', #770, 1000.000000000000000 ) ;
#3032 = VECTOR ( 'NONE', #2886, 1000.000000000000000 ) ;
#3033 = CARTESIAN_POINT ( 'NONE',  ( -226.5293727074229935, 1530.901106651571808, 11.50000000000000000 ) ) ;
#3034 = ORIENTED_EDGE ( 'NONE', *, *, #3687, .T. ) ;
#3035 = CARTESIAN_POINT ( 'NONE',  ( -217.8872665666571322, 1525.601106651572991, 11.50000000000000000 ) ) ;
#3036 = EDGE_CURVE ( 'NONE', #2681, #3205, #1198, .T. ) ;
#3037 = LINE ( 'NONE', #1088, #5351 ) ;
#3038 = CARTESIAN_POINT ( 'NONE',  ( -250.9625458390566450, 1522.062645113111103, 11.50000000000000000 ) ) ;
#3039 = AXIS2_PLACEMENT_3D ( 'NONE', #4508, #1142, #4988 ) ;
#3040 = VERTEX_POINT ( 'NONE', #1125 ) ;
#3041 = DIRECTION ( 'NONE',  ( 0.5000000000000018874, -0.8660254037844374864, 0.000000000000000000 ) ) ;
#3042 = ADVANCED_FACE ( 'NONE', ( #5001 ), #1154, .F. ) ;
#3043 = CARTESIAN_POINT ( 'NONE',  ( -253.8183727441750079, 1522.478817921641621, 11.50000000000000178 ) ) ;
#3044 = ADVANCED_FACE ( 'NONE', ( #4559 ), #210, .T. ) ;
#3045 = DIRECTION ( 'NONE',  ( 0.5000000000000018874, -0.8660254037844374864, 0.000000000000000000 ) ) ;
#3046 = AXIS2_PLACEMENT_3D ( 'NONE', #515, #2956, #4893 ) ;
#3047 = CARTESIAN_POINT ( 'NONE',  ( -250.1224016082874186, 1522.524183574649669, 11.50000000000000000 ) ) ;
#3048 = ORIENTED_EDGE ( 'NONE', *, *, #5927, .T. ) ;
#3049 = CARTESIAN_POINT ( 'NONE',  ( -249.4284818933155066, 1520.925544882666372, 10.90000000000000213 ) ) ;
#3050 = ORIENTED_EDGE ( 'NONE', *, *, #272, .T. ) ;
#3051 = VECTOR ( 'NONE', #3665, 1000.000000000000000 ) ;
#3052 = FACE_OUTER_BOUND ( 'NONE', #1603, .T. ) ;
#3053 = FACE_OUTER_BOUND ( 'NONE', #540, .T. ) ;
#3054 = CARTESIAN_POINT ( 'NONE',  ( -253.8183727441750079, 1522.478817921641621, 11.50000000000000178 ) ) ;
#3055 = ORIENTED_EDGE ( 'NONE', *, *, #2642, .F. ) ;
#3056 = ADVANCED_FACE ( 'NONE', ( #5088 ), #2191, .F. ) ;
#3057 = AXIS2_PLACEMENT_3D ( 'NONE', #3445, #5410, #20 ) ;
#3058 = CARTESIAN_POINT ( 'NONE',  ( -375.2312958390564859, 1519.251106651571945, 9.000000000000001776 ) ) ;
#3059 = DIRECTION ( 'NONE',  ( 1.000000000000000000, 0.000000000000000000, 0.000000000000000000 ) ) ;
#3060 = CARTESIAN_POINT ( 'NONE',  ( -236.3293727074229764, 1526.601106651571854, 7.500000000000000000 ) ) ;
#3061 = VECTOR ( 'NONE', #3589, 1000.000000000000114 ) ;
#3062 = DIRECTION ( 'NONE',  ( 0.000000000000000000, -1.000000000000000000, 0.000000000000000000 ) ) ;
#3063 = CARTESIAN_POINT ( 'NONE',  ( -248.1513588887894457, 1521.988798957946301, 11.50000000000000178 ) ) ;
#3064 = ORIENTED_EDGE ( 'NONE', *, *, #3694, .F. ) ;
#3065 = VERTEX_POINT ( 'NONE', #4227 ) ;
#3066 = CARTESIAN_POINT ( 'NONE',  ( -256.6620650698259283, 1519.601106651572081, 10.90000000000000036 ) ) ;
#3067 = AXIS2_PLACEMENT_3D ( 'NONE', #5811, #4424, #2427 ) ;
#3068 = EDGE_CURVE ( 'NONE', #4696, #748, #268, .T. ) ;
#3069 = ORIENTED_EDGE ( 'NONE', *, *, #5369, .T. ) ;
#3070 = DIRECTION ( 'NONE',  ( 0.000000000000000000, 0.000000000000000000, -1.000000000000000000 ) ) ;
#3071 = CARTESIAN_POINT ( 'NONE',  ( -198.4312958390566166, 1395.301106651571672, 6.249999999999906741 ) ) ;
#3072 = CARTESIAN_POINT ( 'NONE',  ( 0.000000000000000000, 1531.401106651571808, 0.000000000000000000 ) ) ;
#3073 = ADVANCED_FACE ( 'NONE', ( #4645 ), #2141, .T. ) ;
#3074 = EDGE_LOOP ( 'NONE', ( #428, #1613, #4541 ) ) ;
#3075 = CARTESIAN_POINT ( 'NONE',  ( -202.1639904140087651, 1502.034863212100163, 11.16636514082377651 ) ) ;
#3076 = CARTESIAN_POINT ( 'NONE',  ( -255.2673323364107887, 1521.702077360725070, 11.50000000000000000 ) ) ;
#3077 = DIRECTION ( 'NONE',  ( -0.000000000000000000, -0.000000000000000000, 1.000000000000000000 ) ) ;
#3078 = CARTESIAN_POINT ( 'NONE',  ( -217.8872665666571322, 1525.601106651572991, 0.4999999999999449329 ) ) ;
#3079 = ORIENTED_EDGE ( 'NONE', *, *, #4931, .F. ) ;
#3080 = CARTESIAN_POINT ( 'NONE',  ( -250.2629773455456927, 1520.527102304958589, 10.90000000000000036 ) ) ;
#3081 = EDGE_CURVE ( 'NONE', #4009, #3703, #6096, .T. ) ;
#3082 = ADVANCED_FACE ( 'NONE', ( #2703 ), #303, .T. ) ;
#3083 = ORIENTED_EDGE ( 'NONE', *, *, #2330, .T. ) ;
#3084 = ORIENTED_EDGE ( 'NONE', *, *, #509, .T. ) ;
#3085 = DIRECTION ( 'NONE',  ( 2.516173811993209846E-15, -0.7071067811865527908, -0.7071067811865422437 ) ) ;
#3086 = B_SPLINE_CURVE_WITH_KNOTS ( 'NONE', 3,
 ( #2029, #3976, #5923, #3016, #5830, #5450, #1991, #1573, #5953, #4954, #2538 ),
 .UNSPECIFIED., .F., .F.,
 ( 4, 1, 1, 1, 1, 1, 1, 1, 4 ),
 ( 0.000000000000000000, 0.1284406196239842590, 0.2549289633384986820, 0.3787161337322943466, 0.5019943023286317363, 0.6244069801950045129, 0.7481941505886505750, 0.8726200048729257919, 1.000000000000000000 ),
 .UNSPECIFIED. ) ;
#3087 = DIRECTION ( 'NONE',  ( -0.5773502691895615602, 0.5773502691896900130, -0.5773502691896257311 ) ) ;
#3088 = CARTESIAN_POINT ( 'NONE',  ( -252.9708152153909850, 1523.884301839610544, 10.90000000000000036 ) ) ;
#3089 = ORIENTED_EDGE ( 'NONE', *, *, #1818, .F. ) ;
#3090 = DIRECTION ( 'NONE',  ( 0.000000000000000000, 0.7071067811865868746, 0.7071067811865082708 ) ) ;
#3091 = CARTESIAN_POINT ( 'NONE',  ( -374.7312958390564859, 1517.601106651571854, 11.00000000000000000 ) ) ;
#3092 = FACE_OUTER_BOUND ( 'NONE', #3866, .T. ) ;
#3093 = CARTESIAN_POINT ( 'NONE',  ( -226.0293727074229935, 1531.401106651571808, 11.00000000000005684 ) ) ;
#3094 = CARTESIAN_POINT ( 'NONE',  ( -248.8857808525254711, 1523.221531656713978, 11.50000000000000000 ) ) ;
#3095 = ORIENTED_EDGE ( 'NONE', *, *, #3260, .F. ) ;
#3096 = ORIENTED_EDGE ( 'NONE', *, *, #49, .F. ) ;
#3097 = CARTESIAN_POINT ( 'NONE',  ( -226.5293727074229650, 1527.747553260978520, 3.846446609406765749 ) ) ;
#3098 = ORIENTED_EDGE ( 'NONE', *, *, #2213, .T. ) ;
#3099 = CARTESIAN_POINT ( 'NONE',  ( -208.6992450314876919, 1493.686986531620278, 0.4999999999999449329 ) ) ;
#3100 = CARTESIAN_POINT ( 'NONE',  ( -253.1674004143041827, 1524.769019200982939, 10.90000000000000036 ) ) ;
#3101 = CARTESIAN_POINT ( 'NONE',  ( -207.8080216973945369, 1507.687828808946733, 10.50000000000000000 ) ) ;
#3102 = EDGE_LOOP ( 'NONE', ( #4809, #2591, #5512, #4320 ) ) ;
#3103 = FACE_OUTER_BOUND ( 'NONE', #4900, .T. ) ;
#3104 = CARTESIAN_POINT ( 'NONE',  ( -374.7312958390564859, 1527.601106651571854, 11.50000000000000000 ) ) ;
#3105 = DIRECTION ( 'NONE',  ( 0.000000000000000000, -0.7071067811865081598, 0.7071067811865868746 ) ) ;
#3106 = DIRECTION ( 'NONE',  ( -0.5000000000000018874, 0.8660254037844374864, 0.000000000000000000 ) ) ;
#3107 = EDGE_CURVE ( 'NONE', #993, #2675, #4834, .T. ) ;
#3108 = ORIENTED_EDGE ( 'NONE', *, *, #5929, .T. ) ;
#3109 = CARTESIAN_POINT ( 'NONE',  ( -255.7329785313643526, 1523.139568190033515, 11.50000000000000000 ) ) ;
#3110 = B_SPLINE_SURFACE_WITH_KNOTS ( 'NONE', 3, 1, ( 
 ( #3648, #4255 ),
 ( #5232, #5580 ),
 ( #5107, #1926 ),
 ( #1, #2375 ),
 ( #4894, #5331 ),
 ( #3427, #983 ),
 ( #65, #2343 ),
 ( #2921, #5299 ),
 ( #483, #5394 ),
 ( #1041, #3933 ),
 ( #3875, #1013 ) ),
 .UNSPECIFIED., .F., .F., .F.,
 ( 4, 1, 1, 1, 1, 1, 1, 1, 4 ),
 ( 2, 2 ),
 ( 0.000000000000000000, 0.1164608859992130457, 0.2323412937112581123, 0.3483544577234556350, 0.4675094081317514583, 0.5904608793733967520, 0.7188540747903811035, 0.8550053441080346373, 1.000000000000000000 ),
 ( 0.000000000000000000, 1.000000000000000000 ),
 .UNSPECIFIED. ) ;
#3111 = ORIENTED_EDGE ( 'NONE', *, *, #1899, .F. ) ;
#3112 = ORIENTED_EDGE ( 'NONE', *, *, #2831, .F. ) ;
#3113 = PLANE ( 'NONE',  #91 ) ;
#3114 = CARTESIAN_POINT ( 'NONE',  ( -254.1249971690208724, 1522.362582236680055, 11.50000000000000355 ) ) ;
#3115 = ORIENTED_EDGE ( 'NONE', *, *, #5163, .F. ) ;
#3116 = CARTESIAN_POINT ( 'NONE',  ( -255.6207983502483785, 1524.601244434068121, 11.50000000000000000 ) ) ;
#3117 = CARTESIAN_POINT ( 'NONE',  ( -237.3293727074230048, 1522.722692017425970, 7.500000000000000000 ) ) ;
#3118 = CARTESIAN_POINT ( 'NONE',  ( -256.3355086980570263, 1522.139270240594215, 11.50000000000000000 ) ) ;
#3119 = VECTOR ( 'NONE', #2895, 1000.000000000000000 ) ;
#3120 = ORIENTED_EDGE ( 'NONE', *, *, #3158, .T. ) ;
#3121 = VERTEX_POINT ( 'NONE', #3291 ) ;
#3122 = DIRECTION ( 'NONE',  ( 1.000000000000000000, 0.000000000000000000, 0.000000000000000000 ) ) ;
#3123 = VECTOR ( 'NONE', #3507, 1000.000000000000000 ) ;
#3124 = ORIENTED_EDGE ( 'NONE', *, *, #4672, .T. ) ;
#3125 = CARTESIAN_POINT ( 'NONE',  ( -228.4293727074229992, 1525.022692017425470, 7.500000000000000000 ) ) ;
#3126 = CARTESIAN_POINT ( 'NONE',  ( -252.0492949115464398, 1520.929758691688221, 11.50000000000000355 ) ) ;
#3127 = VECTOR ( 'NONE', #1984, 1000.000000000000114 ) ;
#3128 = AXIS2_PLACEMENT_3D ( 'NONE', #4579, #4515, #5928 ) ;
#3129 = EDGE_CURVE ( 'NONE', #1321, #5986, #4105, .T. ) ;
#3130 = CARTESIAN_POINT ( 'NONE',  ( -251.9697573775181922, 1522.204472036188008, 11.50000000000000000 ) ) ;
#3131 = DIRECTION ( 'NONE',  ( -1.000000000000000000, 0.000000000000000000, 0.000000000000000000 ) ) ;
#3132 = EDGE_LOOP ( 'NONE', ( #367, #1653, #3451, #3948 ) ) ;
#3133 = FACE_OUTER_BOUND ( 'NONE', #1414, .T. ) ;
#3134 = CIRCLE ( 'NONE', #4561, 1.699999999999923794 ) ;
#3135 = LINE ( 'NONE', #4596, #1601 ) ;
#3136 = AXIS2_PLACEMENT_3D ( 'NONE', #689, #3964, #3009 ) ;
#3137 = LINE ( 'NONE', #2529, #3025 ) ;
#3138 = ORIENTED_EDGE ( 'NONE', *, *, #3695, .T. ) ;
#3139 = FACE_OUTER_BOUND ( 'NONE', #3722, .T. ) ;
#3140 = VECTOR ( 'NONE', #991, 1000.000000000000000 ) ;
#3141 = ADVANCED_FACE ( 'NONE', ( #1869 ), #5773, .F. ) ;
#3142 = ORIENTED_EDGE ( 'NONE', *, *, #3709, .T. ) ;
#3143 = CARTESIAN_POINT ( 'NONE',  ( -254.8605959958221661, 1525.593098195746279, 11.49999999999999822 ) ) ;
#3144 = CARTESIAN_POINT ( 'NONE',  ( -253.9657529539376526, 1522.415693337907442, 10.89999999999999680 ) ) ;
#3145 = VECTOR ( 'NONE', #4436, 1000.000000000000000 ) ;
#3146 = ORIENTED_EDGE ( 'NONE', *, *, #3810, .T. ) ;
#3147 = PLANE ( 'NONE',  #2649 ) ;
#3148 = VECTOR ( 'NONE', #3573, 1000.000000000000114 ) ;
#3149 = EDGE_CURVE ( 'NONE', #2868, #558, #463, .T. ) ;
#3150 = PLANE ( 'NONE',  #798 ) ;
#3151 = ADVANCED_FACE ( 'NONE', ( #4266 ), #4389, .F. ) ;
#3152 = DIRECTION ( 'NONE',  ( 1.000000000000000000, 0.000000000000000000, 0.000000000000000000 ) ) ;
#3153 = FACE_OUTER_BOUND ( 'NONE', #988, .T. ) ;
#3154 = CIRCLE ( 'NONE', #423, 2.199999999999841194 ) ;
#3155 = ORIENTED_EDGE ( 'NONE', *, *, #5771, .T. ) ;
#3156 = ORIENTED_EDGE ( 'NONE', *, *, #4670, .T. ) ;
#3157 = CARTESIAN_POINT ( 'NONE',  ( -249.2785528388749015, 1521.512545731909086, 11.50000000000000000 ) ) ;
#3158 = EDGE_CURVE ( 'NONE', #746, #1690, #4294, .T. ) ;
#3159 = ADVANCED_FACE ( 'NONE', ( #4873 ), #3815, .T. ) ;
#3160 = AXIS2_PLACEMENT_3D ( 'NONE', #6099, #3012, #5093 ) ;
#3161 = VERTEX_POINT ( 'NONE', #3787 ) ;
#3162 = CARTESIAN_POINT ( 'NONE',  ( -255.0763310856082455, 1524.596284064100928, 11.49999999999999822 ) ) ;
#3163 = CARTESIAN_POINT ( 'NONE',  ( -251.8369133346100455, 1520.421256414426125, 10.90000000000000036 ) ) ;
#3164 = VECTOR ( 'NONE', #2506, 1000.000000000000000 ) ;
#3165 = CARTESIAN_POINT ( 'NONE',  ( -237.9293727074230276, 1531.401106651571808, 11.50000000000000000 ) ) ;
#3166 = CARTESIAN_POINT ( 'NONE',  ( -232.2293727074229821, 1526.601106651571854, 10.90000000000000036 ) ) ;
#3167 = ORIENTED_EDGE ( 'NONE', *, *, #5581, .T. ) ;
#3168 = DIRECTION ( 'NONE',  ( 0.9916799795878157298, 0.1287276896580893393, 0.000000000000000000 ) ) ;
#3169 = CARTESIAN_POINT ( 'NONE',  ( -253.8916412729468846, 1521.800120119269877, 10.90000000000000213 ) ) ;
#3170 = AXIS2_PLACEMENT_3D ( 'NONE', #2844, #2778, #1845 ) ;
#3171 = CARTESIAN_POINT ( 'NONE',  ( -253.8086703991257025, 1521.697323238354102, 10.90000000000000036 ) ) ;
#3172 = CYLINDRICAL_SURFACE ( 'NONE', #2202, 1.699999999999923794 ) ;
#3173 = ORIENTED_EDGE ( 'NONE', *, *, #869, .T. ) ;
#3174 = EDGE_LOOP ( 'NONE', ( #2074, #937, #2784, #5131 ) ) ;
#3175 = CARTESIAN_POINT ( 'NONE',  ( -250.5311195453685968, 1520.582269718335283, 11.50000000000000000 ) ) ;
#3176 = EDGE_LOOP ( 'NONE', ( #2579, #4445 ) ) ;
#3177 = CARTESIAN_POINT ( 'NONE',  ( -237.3293727074229764, 1517.601106651571854, 7.500000000000000000 ) ) ;
#3178 = CARTESIAN_POINT ( 'NONE',  ( -254.3185289072303306, 1525.540606274064658, 11.49999999999999289 ) ) ;
#3179 = ORIENTED_EDGE ( 'NONE', *, *, #4583, .T. ) ;
#3180 = CARTESIAN_POINT ( 'NONE',  ( -236.3293727074228343, 1519.101106651571627, 8.500000000000147438 ) ) ;
#3181 = CARTESIAN_POINT ( 'NONE',  ( -375.2312958390564859, 1518.101106651571627, 5.749999999999905853 ) ) ;
#3182 = CARTESIAN_POINT ( 'NONE',  ( -375.2312958390564859, 1519.751106651571945, 9.000000000000001776 ) ) ;
#3183 = CARTESIAN_POINT ( 'NONE',  ( -200.4312958390555082, 1495.366478455931883, 0.000000000000000000 ) ) ;
#3184 = CARTESIAN_POINT ( 'NONE',  ( -208.4312958390566166, 1395.301106651571672, 6.249999999999906741 ) ) ;
#3185 = EDGE_CURVE ( 'NONE', #3973, #1260, #6219, .T. ) ;
#3186 = ORIENTED_EDGE ( 'NONE', *, *, #4458, .F. ) ;
#3187 = VERTEX_POINT ( 'NONE', #4324 ) ;
#3188 = FACE_OUTER_BOUND ( 'NONE', #279, .T. ) ;
#3189 = CYLINDRICAL_SURFACE ( 'NONE', #5479, 2.000000000000057288 ) ;
#3190 = ORIENTED_EDGE ( 'NONE', *, *, #6020, .F. ) ;
#3191 = DIRECTION ( 'NONE',  ( -2.516173811993209846E-15, 0.7071067811865527908, 0.7071067811865422437 ) ) ;
#3192 = VERTEX_POINT ( 'NONE', #5737 ) ;
#3193 = LINE ( 'NONE', #341, #4233 ) ;
#3194 = ADVANCED_FACE ( 'NONE', ( #3883 ), #46, .T. ) ;
#3195 = EDGE_CURVE ( 'NONE', #1115, #5806, #3376, .T. ) ;
#3196 = LINE ( 'NONE', #5471, #4880 ) ;
#3197 = FACE_OUTER_BOUND ( 'NONE', #1852, .T. ) ;
#3198 = ORIENTED_EDGE ( 'NONE', *, *, #5973, .T. ) ;
#3199 = DIRECTION ( 'NONE',  ( 1.000000000000000000, -0.000000000000000000, 0.000000000000000000 ) ) ;
#3200 = CARTESIAN_POINT ( 'NONE',  ( -254.4159007589224473, 1522.249752726667793, 10.90000000000000213 ) ) ;
#3201 = CARTESIAN_POINT ( 'NONE',  ( -250.0318560120197162, 1522.522612124769694, 11.49999999999999645 ) ) ;
#3202 = CARTESIAN_POINT ( 'NONE',  ( -375.2312958390564859, 1527.601106651571854, 11.00000000000005507 ) ) ;
#3203 = VERTEX_POINT ( 'NONE', #527 ) ;
#3204 = FACE_BOUND ( 'NONE', #4952, .T. ) ;
#3205 = VERTEX_POINT ( 'NONE', #964 ) ;
#3206 = B_SPLINE_CURVE_WITH_KNOTS ( 'NONE', 3,
 ( #300, #5734, #3289, #6154, #3784, #5240, #4774, #5145, #809, #430, #6216 ),
 .UNSPECIFIED., .F., .F.,
 ( 4, 1, 1, 1, 1, 1, 1, 1, 4 ),
 ( 0.000000000000000000, 0.1443560809042529480, 0.2779814235234992492, 0.4056762364658566544, 0.5317913282467703340, 0.6541207714660118855, 0.7695338371881084161, 0.8839695423837495847, 1.000000000000000000 ),
 .UNSPECIFIED. ) ;
#3207 = FACE_OUTER_BOUND ( 'NONE', #2741, .T. ) ;
#3208 = CARTESIAN_POINT ( 'NONE',  ( -253.4440670617732394, 1525.145344627852410, 11.50000000000000355 ) ) ;
#3209 = CARTESIAN_POINT ( 'NONE',  ( -248.1914821199283665, 1522.180000761073870, 10.89999999999999858 ) ) ;
#3210 = EDGE_LOOP ( 'NONE', ( #5793, #5420, #5085, #4665 ) ) ;
#3211 = CARTESIAN_POINT ( 'NONE',  ( -249.4081890946906697, 1522.145182220542438, 10.90000000000000036 ) ) ;
#3212 = CARTESIAN_POINT ( 'NONE',  ( -256.4036516082874186, 1522.139568190033515, 11.50000000000000000 ) ) ;
#3213 = DIRECTION ( 'NONE',  ( -2.775557561563196798E-14, 1.000000000000000000, 0.000000000000000000 ) ) ;
#3214 = CARTESIAN_POINT ( 'NONE',  ( -248.1513588887894457, 1521.988798957946301, 10.90000000000000213 ) ) ;
#3215 = ORIENTED_EDGE ( 'NONE', *, *, #1358, .T. ) ;
#3216 = ORIENTED_EDGE ( 'NONE', *, *, #5670, .T. ) ;
#3217 = CARTESIAN_POINT ( 'NONE',  ( -249.4543335920107836, 1522.218624839219956, 11.49999999999999645 ) ) ;
#3218 = DIRECTION ( 'NONE',  ( 0.000000000000000000, 1.000000000000000000, 0.000000000000000000 ) ) ;
#3219 = ADVANCED_FACE ( 'NONE', ( #2899 ), #3406, .T. ) ;
#3220 = ORIENTED_EDGE ( 'NONE', *, *, #334, .F. ) ;
#3221 = CARTESIAN_POINT ( 'NONE',  ( -255.6812958390567019, 1524.601106651571854, 10.90000000000000036 ) ) ;
#3222 = CARTESIAN_POINT ( 'NONE',  ( -216.3889817412364494, 1507.006001209732403, 7.000000000000000000 ) ) ;
#3223 = DIRECTION ( 'NONE',  ( -1.000000000000000000, 0.000000000000000000, 0.000000000000000000 ) ) ;
#3224 = VECTOR ( 'NONE', #2121, 1000.000000000000000 ) ;
#3225 = LINE ( 'NONE', #5622, #1331 ) ;
#3226 = EDGE_CURVE ( 'NONE', #523, #1461, #4837, .T. ) ;
#3227 = ORIENTED_EDGE ( 'NONE', *, *, #5469, .F. ) ;
#3228 = DIRECTION ( 'NONE',  ( -0.5773502691896471584, -0.5773502691896471584, 0.5773502691895830985 ) ) ;
#3229 = LINE ( 'NONE', #4179, #5258 ) ;
#3230 = CARTESIAN_POINT ( 'NONE',  ( -253.7418646693006679, 1521.607416095710278, 10.89999999999999858 ) ) ;
#3231 = CARTESIAN_POINT ( 'NONE',  ( -200.5812958390566223, 1395.301106651571672, 7.000000000000000000 ) ) ;
#3232 = AXIS2_PLACEMENT_3D ( 'NONE', #2235, #5128, #5600 ) ;
#3233 = AXIS2_PLACEMENT_3D ( 'NONE', #3620, #5546, #1146 ) ;
#3234 = EDGE_LOOP ( 'NONE', ( #2124, #532, #263, #1370 ) ) ;
#3235 = CARTESIAN_POINT ( 'NONE',  ( -217.8872665666571322, 1530.901106651571808, 11.50000000000000000 ) ) ;
#3236 = VECTOR ( 'NONE', #1998, 1000.000000000000000 ) ;
#3237 = EDGE_CURVE ( 'NONE', #3643, #5012, #2620, .T. ) ;
#3238 = ORIENTED_EDGE ( 'NONE', *, *, #2184, .F. ) ;
#3239 = VECTOR ( 'NONE', #2234, 1000.000000000000000 ) ;
#3240 = EDGE_CURVE ( 'NONE', #2296, #3407, #492, .T. ) ;
#3241 = CARTESIAN_POINT ( 'NONE',  ( -252.9714495025036740, 1524.067317878700578, 11.49999999999999822 ) ) ;
#3242 = CARTESIAN_POINT ( 'NONE',  ( -221.9287184509853148, 1516.601106651571854, 10.99999999999999822 ) ) ;
#3243 = VECTOR ( 'NONE', #311, 1000.000000000000000 ) ;
#3244 = ORIENTED_EDGE ( 'NONE', *, *, #2399, .T. ) ;
#3245 = CARTESIAN_POINT ( 'NONE',  ( -249.7811046896902667, 1522.466082365810280, 10.90000000000000036 ) ) ;
#3246 = VECTOR ( 'NONE', #6080, 1000.000000000000000 ) ;
#3247 = DIRECTION ( 'NONE',  ( 0.7071067811865868746, 0.7071067811865081598, 0.000000000000000000 ) ) ;
#3248 = CARTESIAN_POINT ( 'NONE',  ( -253.8567766082874186, 1519.601106651572081, 10.90000000000000036 ) ) ;
#3249 = LINE ( 'NONE', #2697, #1085 ) ;
#3250 = EDGE_CURVE ( 'NONE', #1858, #965, #1485, .T. ) ;
#3251 = VERTEX_POINT ( 'NONE', #902 ) ;
#3252 = ORIENTED_EDGE ( 'NONE', *, *, #4254, .T. ) ;
#3253 = CIRCLE ( 'NONE', #4256, 1.699999999999979305 ) ;
#3254 = CARTESIAN_POINT ( 'NONE',  ( -228.4293727074229992, 1525.022692017425470, 10.90000000000000036 ) ) ;
#3255 = VERTEX_POINT ( 'NONE', #5804 ) ;
#3256 = CARTESIAN_POINT ( 'NONE',  ( -254.1931683337814718, 1523.545397533937376, 10.90000000000000036 ) ) ;
#3257 = AXIS2_PLACEMENT_3D ( 'NONE', #5502, #2651, #1157 ) ;
#3258 = ORIENTED_EDGE ( 'NONE', *, *, #4011, .T. ) ;
#3259 = CARTESIAN_POINT ( 'NONE',  ( -250.1596612236720603, 1519.524183574649669, 10.90000000000000036 ) ) ;
#3260 = EDGE_CURVE ( 'NONE', #6054, #2853, #1311, .T. ) ;
#3261 = DIRECTION ( 'NONE',  ( 4.022547190670782203E-15, -1.000000000000000000, -0.000000000000000000 ) ) ;
#3262 = CONICAL_SURFACE ( 'NONE', #2229, 2.199999999999841194, 0.7853981633974415066 ) ;
#3263 = B_SPLINE_CURVE_WITH_KNOTS ( 'NONE', 3,
 ( #5616, #2372, #5330, #4196, #2699, #4641, #1387, #299, #4681, #6238, #4129 ),
 .UNSPECIFIED., .F., .F.,
 ( 4, 1, 1, 1, 1, 1, 1, 1, 4 ),
 ( 0.000000000000000000, 0.1328722450794039833, 0.2563555721123786935, 0.3727875326200247308, 0.4886711986942872121, 0.6070021845127647753, 0.7288902972539181846, 0.8583176913027358301, 1.000000000000000000 ),
 .UNSPECIFIED. ) ;
#3264 = LINE ( 'NONE', #5715, #5487 ) ;
#3265 = DIRECTION ( 'NONE',  ( -7.845687760445228818E-14, -0.7071067811865474617, 0.7071067811865474617 ) ) ;
#3266 = CARTESIAN_POINT ( 'NONE',  ( -254.3010867101953068, 1522.173710302262407, 11.50000000000000888 ) ) ;
#3267 = DIRECTION ( 'NONE',  ( 0.6123724356956724568, 0.3535533905934103438, -0.7071067811865849873 ) ) ;
#3268 = CARTESIAN_POINT ( 'NONE',  ( -374.9812958390564859, 1517.851106651571627, 6.249999999999906741 ) ) ;
#3269 = VECTOR ( 'NONE', #613, 1000.000000000000114 ) ;
#3270 = ORIENTED_EDGE ( 'NONE', *, *, #3880, .F. ) ;
#3271 = EDGE_CURVE ( 'NONE', #823, #3969, #5340, .T. ) ;
#3272 = ORIENTED_EDGE ( 'NONE', *, *, #5891, .T. ) ;
#3273 = DIRECTION ( 'NONE',  ( -1.000000000000000000, 0.000000000000000000, 0.000000000000000000 ) ) ;
#3274 = ORIENTED_EDGE ( 'NONE', *, *, #3240, .F. ) ;
#3275 = CARTESIAN_POINT ( 'NONE',  ( -207.8080216973945369, 1507.687828808946733, 9.000000000000001776 ) ) ;
#3276 = CARTESIAN_POINT ( 'NONE',  ( -254.0377957403164828, 1525.481431448703688, 11.49999999999999822 ) ) ;
#3277 = DIRECTION ( 'NONE',  ( -0.000000000000000000, -0.000000000000000000, 1.000000000000000000 ) ) ;
#3278 = ADVANCED_FACE ( 'NONE', ( #2935 ), #4625, .T. ) ;
#3279 = VERTEX_POINT ( 'NONE', #108 ) ;
#3280 = EDGE_CURVE ( 'NONE', #2868, #2197, #3985, .T. ) ;
#3281 = DIRECTION ( 'NONE',  ( -1.000000000000000000, 0.000000000000000000, 0.000000000000000000 ) ) ;
#3282 = VERTEX_POINT ( 'NONE', #5520 ) ;
#3283 = DIRECTION ( 'NONE',  ( -0.7071067811865081598, 0.000000000000000000, -0.7071067811865868746 ) ) ;
#3284 = DIRECTION ( 'NONE',  ( 0.7071067811865867636, -0.7071067811865082708, -7.863404596321222800E-14 ) ) ;
#3285 = DIRECTION ( 'NONE',  ( 1.000000000000000000, 0.000000000000000000, 0.000000000000000000 ) ) ;
#3286 = ORIENTED_EDGE ( 'NONE', *, *, #333, .T. ) ;
#3287 = PERSON_AND_ORGANIZATION ( #1977, #5688 ) ;
#3288 = ORIENTED_EDGE ( 'NONE', *, *, #2366, .T. ) ;
#3289 = CARTESIAN_POINT ( 'NONE',  ( -251.0912378049617359, 1521.248851337421456, 11.49999999999999822 ) ) ;
#3290 = EDGE_LOOP ( 'NONE', ( #3084, #112, #3509, #3463 ) ) ;
#3291 = CARTESIAN_POINT ( 'NONE',  ( -254.7642285313643811, 1524.581875882341365, 11.50000000000000000 ) ) ;
#3292 = DIRECTION ( 'NONE',  ( 0.000000000000000000, 0.000000000000000000, -1.000000000000000000 ) ) ;
#3293 = LINE ( 'NONE', #2875, #1827 ) ;
#3294 = CARTESIAN_POINT ( 'NONE',  ( -254.4014377988519300, 1523.303124344044136, 11.50000000000000178 ) ) ;
#3295 = CARTESIAN_POINT ( 'NONE',  ( -213.1059690393441599, 1502.319656408161336, 7.000000000000000000 ) ) ;
#3296 = CARTESIAN_POINT ( 'NONE',  ( -253.8086703991257025, 1521.697323238354102, 11.50000000000000711 ) ) ;
#3297 = DIRECTION ( 'NONE',  ( 1.000000000000000000, -0.000000000000000000, -0.000000000000000000 ) ) ;
#3298 = CARTESIAN_POINT ( 'NONE',  ( -254.1700699045500471, 1525.513196082276409, 10.90000000000000036 ) ) ;
#3299 = CARTESIAN_POINT ( 'NONE',  ( -237.8293727074230048, 1517.601106651571854, 11.50000000000000000 ) ) ;
#3300 = EDGE_LOOP ( 'NONE', ( #939, #3692, #3647, #2026 ) ) ;
#3301 = EDGE_CURVE ( 'NONE', #320, #3575, #1078, .T. ) ;
#3302 = CARTESIAN_POINT ( 'NONE',  ( -250.2077381467489658, 1520.524183574649669, 10.90000000000000036 ) ) ;
#3303 = FACE_OUTER_BOUND ( 'NONE', #2273, .T. ) ;
#3304 = CARTESIAN_POINT ( 'NONE',  ( -249.2920170759355756, 1521.314221234808201, 10.90000000000000036 ) ) ;
#3305 = ORIENTED_EDGE ( 'NONE', *, *, #4337, .F. ) ;
#3306 = CARTESIAN_POINT ( 'NONE',  ( -250.1224016082874186, 1522.524183574649669, 10.90000000000000036 ) ) ;
#3307 = EDGE_CURVE ( 'NONE', #1212, #2896, #2604, .T. ) ;
#3308 = CARTESIAN_POINT ( 'NONE',  ( -251.2261629892063013, 1519.794311034313296, 10.90000000000000391 ) ) ;
#3309 = CARTESIAN_POINT ( 'NONE',  ( -248.8857808525254711, 1523.221531656713978, 11.49999999999999822 ) ) ;
#3310 = ORIENTED_EDGE ( 'NONE', *, *, #2994, .F. ) ;
#3311 = DATE_AND_TIME ( #4260, #331 ) ;
#3312 = DIRECTION ( 'NONE',  ( -1.000000000000000000, 0.000000000000000000, 0.000000000000000000 ) ) ;
#3313 = ORIENTED_EDGE ( 'NONE', *, *, #136, .T. ) ;
#3314 = DIRECTION ( 'NONE',  ( -0.5310069659022299549, 0.8473674540382749587, 0.000000000000000000 ) ) ;
#3315 = ORIENTED_EDGE ( 'NONE', *, *, #5019, .T. ) ;
#3316 = LINE ( 'NONE', #5246, #3941 ) ;
#3317 = CARTESIAN_POINT ( 'NONE',  ( -205.1312958390566337, 1398.601106651571854, 9.000000000000001776 ) ) ;
#3318 = CARTESIAN_POINT ( 'NONE',  ( -254.4978676940818900, 1523.249996259454292, 11.50000000000000000 ) ) ;
#3319 = ORIENTED_EDGE ( 'NONE', *, *, #4976, .T. ) ;
#3320 = DIRECTION ( 'NONE',  ( -0.000000000000000000, -0.000000000000000000, -1.000000000000000000 ) ) ;
#3321 = DIRECTION ( 'NONE',  ( -0.000000000000000000, -0.000000000000000000, -1.000000000000000000 ) ) ;
#3322 = DIRECTION ( 'NONE',  ( -0.000000000000000000, -0.000000000000000000, 1.000000000000000000 ) ) ;
#3323 = EDGE_CURVE ( 'NONE', #2832, #3282, #616, .T. ) ;
#3324 = AXIS2_PLACEMENT_3D ( 'NONE', #3010, #3546, #3045 ) ;
#3325 = LINE ( 'NONE', #1289, #5976 ) ;
#3326 = EDGE_LOOP ( 'NONE', ( #6039, #4551, #1906, #5433, #6082, #678 ) ) ;
#3327 = CARTESIAN_POINT ( 'NONE',  ( -227.1293727074230162, 1522.722692017425970, 10.90000000000000036 ) ) ;
#3328 = EDGE_LOOP ( 'NONE', ( #885, #5116, #4102, #3146 ) ) ;
#3329 = LINE ( 'NONE', #3743, #4767 ) ;
#3330 = AXIS2_PLACEMENT_3D ( 'NONE', #3735, #2294, #4209 ) ;
#3331 = DIRECTION ( 'NONE',  ( 0.000000000000000000, 0.000000000000000000, 1.000000000000000000 ) ) ;
#3332 = CARTESIAN_POINT ( 'NONE',  ( -249.4284818933155066, 1520.925544882666372, 10.90000000000000213 ) ) ;
#3333 = VERTEX_POINT ( 'NONE', #3591 ) ;
#3334 = CARTESIAN_POINT ( 'NONE',  ( -249.5718587578852521, 1522.338400022091264, 10.90000000000000036 ) ) ;
#3335 = AXIS2_PLACEMENT_3D ( 'NONE', #2981, #1501, #4913 ) ;
#3336 = VECTOR ( 'NONE', #5533, 1000.000000000000000 ) ;
#3337 = FACE_OUTER_BOUND ( 'NONE', #5644, .T. ) ;
#3338 = PLANE ( 'NONE',  #5855 ) ;
#3339 = CARTESIAN_POINT ( 'NONE',  ( -226.5293727074229650, 1527.601106651571854, 3.492893218813448275 ) ) ;
#3340 = CARTESIAN_POINT ( 'NONE',  ( -250.2239662438721552, 1523.470946480243356, 11.49999999999999822 ) ) ;
#3341 = VECTOR ( 'NONE', #2618, 1000.000000000000000 ) ;
#3342 = ORIENTED_EDGE ( 'NONE', *, *, #4199, .F. ) ;
#3343 = ADVANCED_FACE ( 'NONE', ( #3092 ), #4962, .T. ) ;
#3344 = DIRECTION ( 'NONE',  ( -3.558407130208834256E-15, 0.000000000000000000, 1.000000000000000000 ) ) ;
#3345 = VECTOR ( 'NONE', #4316, 1000.000000000000114 ) ;
#3346 = CARTESIAN_POINT ( 'NONE',  ( -374.7312958390564859, 1517.601106651571854, 11.50000000000000000 ) ) ;
#3347 = ORIENTED_EDGE ( 'NONE', *, *, #1942, .F. ) ;
#3348 = CARTESIAN_POINT ( 'NONE',  ( -248.2264263861137579, 1520.898642570922902, 10.90000000000000213 ) ) ;
#3349 = AXIS2_PLACEMENT_3D ( 'NONE', #955, #482, #6271 ) ;
#3350 = ORIENTED_EDGE ( 'NONE', *, *, #450, .T. ) ;
#3351 = EDGE_CURVE ( 'NONE', #965, #3584, #2122, .T. ) ;
#3352 = CARTESIAN_POINT ( 'NONE',  ( -252.5082189159797394, 1519.601106651572081, 10.90000000000000036 ) ) ;
#3353 = CARTESIAN_POINT ( 'NONE',  ( -255.7329785313643526, 1523.139568190033515, 11.50000000000000000 ) ) ;
#3354 = VECTOR ( 'NONE', #2267, 1000.000000000000114 ) ;
#3355 = CARTESIAN_POINT ( 'NONE',  ( -374.7312958390565427, 1527.601106651571854, 5.749999999999905853 ) ) ;
#3356 = DIRECTION ( 'NONE',  ( 0.7071067811865082708, -0.7071067811865868746, 0.000000000000000000 ) ) ;
#3357 = DIRECTION ( 'NONE',  ( 1.000000000000000000, 0.000000000000000000, 0.000000000000000000 ) ) ;
#3358 = AXIS2_PLACEMENT_3D ( 'NONE', #2737, #5646, #1804 ) ;
#3359 = CARTESIAN_POINT ( 'NONE',  ( -238.4293727074229707, 1528.101106651571627, 11.00000000000000000 ) ) ;
#3360 = ORIENTED_EDGE ( 'NONE', *, *, #2752, .F. ) ;
#3361 = CARTESIAN_POINT ( 'NONE',  ( -254.4945628419804677, 1524.505811569013986, 10.89999999999999858 ) ) ;
#3362 = DIRECTION ( 'NONE',  ( -1.000000000000000000, -2.992019012672608321E-16, 0.000000000000000000 ) ) ;
#3363 = VECTOR ( 'NONE', #5563, 1000.000000000000000 ) ;
#3364 = CARTESIAN_POINT ( 'NONE',  ( -254.1606884572446461, 1524.148393763378408, 11.50000000000000000 ) ) ;
#3365 = LINE ( 'NONE', #4403, #4847 ) ;
#3366 = CARTESIAN_POINT ( 'NONE',  ( -257.8159112236720603, 1519.601106651572081, 10.90000000000000036 ) ) ;
#3367 = VERTEX_POINT ( 'NONE', #4902 ) ;
#3368 = DIRECTION ( 'NONE',  ( 0.000000000000000000, -0.000000000000000000, 1.000000000000000000 ) ) ;
#3369 = DIRECTION ( 'NONE',  ( 0.000000000000000000, 0.000000000000000000, -1.000000000000000000 ) ) ;
#3370 = ORIENTED_EDGE ( 'NONE', *, *, #2366, .F. ) ;
#3371 = LINE ( 'NONE', #1929, #5551 ) ;
#3372 = CARTESIAN_POINT ( 'NONE',  ( -250.5512524665504088, 1519.551276000466260, 10.89999999999999858 ) ) ;
#3373 = DIRECTION ( 'NONE',  ( 0.5773502691896684746, -0.5773502691896044148, 0.5773502691896044148 ) ) ;
#3374 = ORIENTED_EDGE ( 'NONE', *, *, #2572, .T. ) ;
#3375 = CARTESIAN_POINT ( 'NONE',  ( -208.4312958390566166, 1403.101106651571627, 0.4999999999999449329 ) ) ;
#3376 = LINE ( 'NONE', #1430, #3539 ) ;
#3377 = EDGE_CURVE ( 'NONE', #2316, #2805, #3562, .T. ) ;
#3378 = ORIENTED_EDGE ( 'NONE', *, *, #2123, .T. ) ;
#3379 = LINE ( 'NONE', #1343, #1593 ) ;
#3380 = ORIENTED_EDGE ( 'NONE', *, *, #5125, .T. ) ;
#3381 = ORIENTED_EDGE ( 'NONE', *, *, #2247, .T. ) ;
#3382 = CARTESIAN_POINT ( 'NONE',  ( -250.1128277323683733, 1520.525851047420474, 11.50000000000000178 ) ) ;
#3383 = DIRECTION ( 'NONE',  ( -0.2148408721547227229, -0.9766490667848908291, 0.000000000000000000 ) ) ;
#3384 = CARTESIAN_POINT ( 'NONE',  ( -251.2774496852104846, 1525.524183574649669, 10.90000000000000036 ) ) ;
#3385 = FACE_OUTER_BOUND ( 'NONE', #5432, .T. ) ;
#3386 = EDGE_CURVE ( 'NONE', #2985, #5523, #5423, .T. ) ;
#3387 = LINE ( 'NONE', #2461, #184 ) ;
#3388 = CARTESIAN_POINT ( 'NONE',  ( -207.8080216973945369, 1507.687828808946733, 10.50000000000000000 ) ) ;
#3389 = ORIENTED_EDGE ( 'NONE', *, *, #4984, .T. ) ;
#3390 = DIRECTION ( 'NONE',  ( 1.000000000000000000, 0.000000000000000000, 0.000000000000000000 ) ) ;
#3391 = EDGE_CURVE ( 'NONE', #2853, #760, #1051, .T. ) ;
#3392 = CARTESIAN_POINT ( 'NONE',  ( -254.3830966905470916, 1524.440437911506478, 11.50000000000000355 ) ) ;
#3393 = CARTESIAN_POINT ( 'NONE',  ( -252.9703276866344765, 1523.982146492960055, 11.49999999999998934 ) ) ;
#3394 = DIRECTION ( 'NONE',  ( -0.000000000000000000, -0.000000000000000000, 1.000000000000000000 ) ) ;
#3395 = VERTEX_POINT ( 'NONE', #4706 ) ;
#3396 = CARTESIAN_POINT ( 'NONE',  ( -249.8604062826993299, 1522.492196340268265, 10.89999999999999680 ) ) ;
#3397 = DIRECTION ( 'NONE',  ( 0.000000000000000000, 0.000000000000000000, -1.000000000000000000 ) ) ;
#3398 = ORIENTED_EDGE ( 'NONE', *, *, #1894, .T. ) ;
#3399 = CARTESIAN_POINT ( 'NONE',  ( -250.1128277323683733, 1520.525851047420474, 11.49999999999999822 ) ) ;
#3400 = DIRECTION ( 'NONE',  ( 0.6123724356957449544, 0.3535533905933841980, -0.7071067811865352493 ) ) ;
#3401 = CARTESIAN_POINT ( 'NONE',  ( -230.5293727074224535, 1524.901106651571126, 10.90000000000000036 ) ) ;
#3402 = CARTESIAN_POINT ( 'NONE',  ( -209.5080216973944687, 1507.687828808946733, 0.000000000000000000 ) ) ;
#3403 = EDGE_LOOP ( 'NONE', ( #781, #4047, #4804, #2500 ) ) ;
#3404 = EDGE_CURVE ( 'NONE', #3567, #4210, #2011, .T. ) ;
#3405 = CARTESIAN_POINT ( 'NONE',  ( -237.9293727074230276, 1530.901106651571808, 11.50000000000000000 ) ) ;
#3406 = PLANE ( 'NONE',  #810 ) ;
#3407 = VERTEX_POINT ( 'NONE', #232 ) ;
#3408 = CARTESIAN_POINT ( 'NONE',  ( -249.8471612236720603, 1523.524183574649896, 11.50000000000000178 ) ) ;
#3409 = ORIENTED_EDGE ( 'NONE', *, *, #1890, .F. ) ;
#3410 = ORIENTED_EDGE ( 'NONE', *, *, #4076, .F. ) ;
#3411 = CARTESIAN_POINT ( 'NONE',  ( -248.5986560909697971, 1520.234558140982926, 11.49999999999999822 ) ) ;
#3412 = EDGE_CURVE ( 'NONE', #4312, #356, #768, .T. ) ;
#3413 = FACE_OUTER_BOUND ( 'NONE', #5761, .T. ) ;
#3414 = CARTESIAN_POINT ( 'NONE',  ( -217.8872665666571606, 1527.601106651571854, 0.5000000000000004441 ) ) ;
#3415 = PLANE ( 'NONE',  #5447 ) ;
#3416 = DIRECTION ( 'NONE',  ( 1.000000000000000000, 0.000000000000000000, 0.000000000000000000 ) ) ;
#3417 = EDGE_CURVE ( 'NONE', #302, #339, #6049, .T. ) ;
#3418 = ORIENTED_EDGE ( 'NONE', *, *, #126, .T. ) ;
#3419 = CARTESIAN_POINT ( 'NONE',  ( -248.3543727621335790, 1525.524183574649669, 11.50000000000000000 ) ) ;
#3420 = CARTESIAN_POINT ( 'NONE',  ( -253.2935712148909317, 1524.971100794918357, 10.90000000000000036 ) ) ;
#3421 = VECTOR ( 'NONE', #4188, 1000.000000000000000 ) ;
#3422 = DIRECTION ( 'NONE',  ( 0.000000000000000000, -0.000000000000000000, -1.000000000000000000 ) ) ;
#3423 = ORIENTED_EDGE ( 'NONE', *, *, #441, .T. ) ;
#3424 = DIRECTION ( 'NONE',  ( -0.000000000000000000, -0.000000000000000000, -1.000000000000000000 ) ) ;
#3425 = EDGE_CURVE ( 'NONE', #3969, #6203, #3952, .T. ) ;
#3426 = ADVANCED_FACE ( 'NONE', ( #1704 ), #5583, .F. ) ;
#3427 = CARTESIAN_POINT ( 'NONE',  ( -250.5693816094880617, 1522.410311653054350, 10.90000000000000391 ) ) ;
#3428 = VECTOR ( 'NONE', #1757, 1000.000000000000000 ) ;
#3429 = VERTEX_POINT ( 'NONE', #1301 ) ;
#3430 = CARTESIAN_POINT ( 'NONE',  ( -249.8466928721859404, 1520.586356319026436, 10.90000000000000036 ) ) ;
#3431 = FACE_OUTER_BOUND ( 'NONE', #5344, .T. ) ;
#3432 = DIRECTION ( 'NONE',  ( 0.000000000000000000, -1.000000000000000000, 0.000000000000000000 ) ) ;
#3433 = CYLINDRICAL_SURFACE ( 'NONE', #4126, 1.699999999999923794 ) ;
#3434 = AXIS2_PLACEMENT_3D ( 'NONE', #1473, #2367, #5387 ) ;
#3435 = ORIENTED_EDGE ( 'NONE', *, *, #1664, .F. ) ;
#3436 = DIRECTION ( 'NONE',  ( 0.2588190451026787242, 0.9659258262890260127, 0.000000000000000000 ) ) ;
#3437 = VECTOR ( 'NONE', #3506, 1000.000000000000000 ) ;
#3438 = AXIS2_PLACEMENT_3D ( 'NONE', #5449, #1105, #5484 ) ;
#3439 = CARTESIAN_POINT ( 'NONE',  ( -253.8567766082874186, 1519.601106651572081, 10.90000000000000036 ) ) ;
#3440 = ORIENTED_EDGE ( 'NONE', *, *, #5999, .F. ) ;
#3441 = CARTESIAN_POINT ( 'NONE',  ( -248.3543727621335790, 1525.524183574649669, 10.90000000000000036 ) ) ;
#3442 = ORIENTED_EDGE ( 'NONE', *, *, #1510, .T. ) ;
#3443 = ORIENTED_EDGE ( 'NONE', *, *, #6202, .T. ) ;
#3444 = VECTOR ( 'NONE', #3827, 1000.000000000000000 ) ;
#3445 = CARTESIAN_POINT ( 'NONE',  ( -248.3543727621335790, 1525.524183574649669, 10.90000000000000036 ) ) ;
#3446 = PLANE ( 'NONE',  #1495 ) ;
#3447 = VECTOR ( 'NONE', #5691, 1000.000000000000000 ) ;
#3448 = LINE ( 'NONE', #591, #3123 ) ;
#3449 = LINE ( 'NONE', #5787, #3454 ) ;
#3450 = AXIS2_PLACEMENT_3D ( 'NONE', #3720, #3835, #3368 ) ;
#3451 = ORIENTED_EDGE ( 'NONE', *, *, #6237, .T. ) ;
#3452 = PLANE ( 'NONE',  #694 ) ;
#3453 = CARTESIAN_POINT ( 'NONE',  ( -250.3519689159797110, 1524.370337420803480, 11.50000000000000000 ) ) ;
#3454 = VECTOR ( 'NONE', #1003, 1000.000000000000000 ) ;
#3455 = EDGE_CURVE ( 'NONE', #4390, #4921, #1108, .T. ) ;
#3456 = CARTESIAN_POINT ( 'NONE',  ( -375.2312958390564859, 1519.751106651571945, 7.000000000000000000 ) ) ;
#3457 = VERTEX_POINT ( 'NONE', #3751 ) ;
#3458 = DIRECTION ( 'NONE',  ( -0.000000000000000000, -0.000000000000000000, -1.000000000000000000 ) ) ;
#3459 = PRODUCT ( '0PB_mk4_doors_right_p5_v1', '0PB_mk4_doors_right_p5_v1', '', ( #5338 ) ) ;
#3460 = LINE ( 'NONE', #1422, #6083 ) ;
#3461 = CIRCLE ( 'NONE', #728, 1.699999999999923794 ) ;
#3462 = VERTEX_POINT ( 'NONE', #3117 ) ;
#3463 = ORIENTED_EDGE ( 'NONE', *, *, #4163, .F. ) ;
#3464 = DIRECTION ( 'NONE',  ( 1.000000000000000000, 0.000000000000000000, -0.000000000000000000 ) ) ;
#3465 = PLANE ( 'NONE',  #3039 ) ;
#3466 = CARTESIAN_POINT ( 'NONE',  ( -206.2812958390566109, 1394.801106651571672, 7.000000000000000000 ) ) ;
#3467 = EDGE_CURVE ( 'NONE', #2534, #2556, #1740, .T. ) ;
#3468 = EDGE_CURVE ( 'NONE', #5301, #1434, #2696, .T. ) ;
#3469 = VECTOR ( 'NONE', #37, 1000.000000000000000 ) ;
#3470 = ORIENTED_EDGE ( 'NONE', *, *, #5091, .F. ) ;
#3471 = DIRECTION ( 'NONE',  ( 0.7071067811865474617, 0.7071067811865474617, -7.845033729955923065E-14 ) ) ;
#3472 = VERTEX_POINT ( 'NONE', #1671 ) ;
#3473 = CARTESIAN_POINT ( 'NONE',  ( -374.7312958390564859, 1527.351106651571627, 5.999999999999906741 ) ) ;
#3474 = CARTESIAN_POINT ( 'NONE',  ( -226.0293727074229650, 1528.101106651571627, 4.907106781186302058 ) ) ;
#3475 = ORIENTED_EDGE ( 'NONE', *, *, #2776, .T. ) ;
#3476 = ORIENTED_EDGE ( 'NONE', *, *, #5695, .F. ) ;
#3477 = CARTESIAN_POINT ( 'NONE',  ( -250.1596612236720603, 1519.524183574649669, 11.49999999999999822 ) ) ;
#3478 = DIRECTION ( 'NONE',  ( 1.000000000000000000, 0.000000000000000000, 0.000000000000000000 ) ) ;
#3479 = DIRECTION ( 'NONE',  ( -0.000000000000000000, -0.000000000000000000, 1.000000000000000000 ) ) ;
#3480 = CARTESIAN_POINT ( 'NONE',  ( -253.7119232098131647, 1525.348019185420981, 10.90000000000000036 ) ) ;
#3481 = LINE ( 'NONE', #593, #5472 ) ;
#3482 = ORIENTED_EDGE ( 'NONE', *, *, #5561, .F. ) ;
#3483 = CARTESIAN_POINT ( 'NONE',  ( -201.7312958390566564, 1398.601106651571854, 5.749999999999905853 ) ) ;
#3484 = PLANE ( 'NONE',  #3324 ) ;
#3485 = ORIENTED_EDGE ( 'NONE', *, *, #1165, .F. ) ;
#3486 = CARTESIAN_POINT ( 'NONE',  ( -250.8713675967087511, 1522.170311265277860, 11.50000000000000178 ) ) ;
#3487 = FACE_OUTER_BOUND ( 'NONE', #3585, .T. ) ;
#3488 = ADVANCED_FACE ( 'NONE', ( #260 ), #3621, .T. ) ;
#3489 = ORIENTED_EDGE ( 'NONE', *, *, #4473, .T. ) ;
#3490 = VERTEX_POINT ( 'NONE', #838 ) ;
#3491 = CARTESIAN_POINT ( 'NONE',  ( -251.2774496852104846, 1525.524183574649669, 10.90000000000000036 ) ) ;
#3492 = CARTESIAN_POINT ( 'NONE',  ( -250.2239662438721552, 1523.470946480243356, 10.89999999999999858 ) ) ;
#3493 = CARTESIAN_POINT ( 'NONE',  ( -250.9625458390566450, 1522.062645113111103, 10.90000000000000036 ) ) ;
#3494 = EDGE_LOOP ( 'NONE', ( #5938, #4680, #4659, #4841 ) ) ;
#3495 = CARTESIAN_POINT ( 'NONE',  ( -198.4312958390566166, 1395.301106651571672, 11.50000000000000000 ) ) ;
#3496 = EDGE_CURVE ( 'NONE', #2929, #2632, #4635, .T. ) ;
#3497 = PLANE ( 'NONE',  #4750 ) ;
#3498 = CARTESIAN_POINT ( 'NONE',  ( -248.1819844739962946, 1521.062484856606716, 11.50000000000000355 ) ) ;
#3499 = DIRECTION ( 'NONE',  ( 2.992019012672608321E-16, -1.000000000000000000, 0.000000000000000000 ) ) ;
#3500 = CARTESIAN_POINT ( 'NONE',  ( -250.1609625946495328, 1522.522801106708584, 10.90000000000000213 ) ) ;
#3501 = EDGE_LOOP ( 'NONE', ( #336, #2364, #2499, #4158 ) ) ;
#3502 = VERTEX_POINT ( 'NONE', #6147 ) ;
#3503 = DIRECTION ( 'NONE',  ( -0.000000000000000000, -0.000000000000000000, -1.000000000000000000 ) ) ;
#3504 = EDGE_CURVE ( 'NONE', #135, #3910, #4099, .T. ) ;
#3505 = EDGE_CURVE ( 'NONE', #5414, #4170, #2944, .T. ) ;
#3506 = DIRECTION ( 'NONE',  ( -0.7071067811865081598, -2.200518442539639959E-16, 0.7071067811865868746 ) ) ;
#3507 = DIRECTION ( 'NONE',  ( -0.000000000000000000, -0.000000000000000000, -1.000000000000000000 ) ) ;
#3508 = LINE ( 'NONE', #83, #5173 ) ;
#3509 = ORIENTED_EDGE ( 'NONE', *, *, #3036, .T. ) ;
#3510 = CARTESIAN_POINT ( 'NONE',  ( -254.8241584897602081, 1521.121548508297792, 11.50000000000000178 ) ) ;
#3511 = CARTESIAN_POINT ( 'NONE',  ( -252.9919069720864968, 1523.621468418606355, 11.50000000000000533 ) ) ;
#3512 = ADVANCED_FACE ( 'NONE', ( #5139 ), #2218, .F. ) ;
#3513 = LINE ( 'NONE', #5417, #4950 ) ;
#3514 = CARTESIAN_POINT ( 'NONE',  ( -250.2378923670900406, 1522.520043061487740, 11.50000000000000178 ) ) ;
#3515 = DIRECTION ( 'NONE',  ( -0.000000000000000000, -0.000000000000000000, 1.000000000000000000 ) ) ;
#3516 = ORIENTED_EDGE ( 'NONE', *, *, #2131, .T. ) ;
#3517 = ORIENTED_EDGE ( 'NONE', *, *, #2595, .T. ) ;
#3518 = DIRECTION ( 'NONE',  ( -0.000000000000000000, -0.000000000000000000, 1.000000000000000000 ) ) ;
#3519 = CARTESIAN_POINT ( 'NONE',  ( -256.6620650698259283, 1524.601106651571854, 11.50000000000000000 ) ) ;
#3520 = DIRECTION ( 'NONE',  ( 0.000000000000000000, 0.000000000000000000, -1.000000000000000000 ) ) ;
#3521 = ADVANCED_FACE ( 'NONE', ( #1767 ), #6088, .T. ) ;
#3522 = ORIENTED_EDGE ( 'NONE', *, *, #1366, .T. ) ;
#3523 = VECTOR ( 'NONE', #5168, 1000.000000000000000 ) ;
#3524 = PLANE ( 'NONE',  #2142 ) ;
#3525 = FACE_OUTER_BOUND ( 'NONE', #3617, .T. ) ;
#3526 = CARTESIAN_POINT ( 'NONE',  ( -248.2878456874005906, 1520.740324272446742, 11.50000000000000533 ) ) ;
#3527 = CARTESIAN_POINT ( 'NONE',  ( -211.7080216973943152, 1507.687828808946733, 0.000000000000000000 ) ) ;
#3528 = VECTOR ( 'NONE', #3106, 1000.000000000000114 ) ;
#3529 = LINE ( 'NONE', #110, #2206 ) ;
#3530 = EDGE_CURVE ( 'NONE', #3685, #1208, #3716, .T. ) ;
#3531 = ORIENTED_EDGE ( 'NONE', *, *, #3250, .F. ) ;
#3532 = ORIENTED_EDGE ( 'NONE', *, *, #2870, .F. ) ;
#3533 = CARTESIAN_POINT ( 'NONE',  ( -249.6889337463703953, 1520.667146862726668, 11.50000000000000533 ) ) ;
#3534 = VECTOR ( 'NONE', #476, 1000.000000000000000 ) ;
#3535 = AXIS2_PLACEMENT_3D ( 'NONE', #2712, #2685, #1685 ) ;
#3536 = ORIENTED_EDGE ( 'NONE', *, *, #1081, .T. ) ;
#3537 = FACE_BOUND ( 'NONE', #5041, .T. ) ;
#3538 = DIRECTION ( 'NONE',  ( -0.000000000000000000, -0.000000000000000000, -1.000000000000000000 ) ) ;
#3539 = VECTOR ( 'NONE', #1966, 1000.000000000000000 ) ;
#3540 = EDGE_CURVE ( 'NONE', #882, #135, #359, .T. ) ;
#3541 = EDGE_CURVE ( 'NONE', #3251, #931, #5335, .T. ) ;
#3542 = LINE ( 'NONE', #1595, #2436 ) ;
#3543 = VECTOR ( 'NONE', #4994, 1000.000000000000000 ) ;
#3544 = ORIENTED_EDGE ( 'NONE', *, *, #6209, .T. ) ;
#3545 = CARTESIAN_POINT ( 'NONE',  ( -253.6822174498232130, 1522.552657201847751, 11.49999999999999645 ) ) ;
#3546 = DIRECTION ( 'NONE',  ( 0.6123724356957533921, 0.3535533905932518040, 0.7071067811865940911 ) ) ;
#3547 = VERTEX_POINT ( 'NONE', #4289 ) ;
#3548 = VECTOR ( 'NONE', #5918, 1000.000000000000000 ) ;
#3549 = VERTEX_POINT ( 'NONE', #4384 ) ;
#3550 = CARTESIAN_POINT ( 'NONE',  ( -250.9074784337655331, 1519.642432432831583, 11.50000000000000178 ) ) ;
#3551 = VERTEX_POINT ( 'NONE', #459 ) ;
#3552 = ORIENTED_EDGE ( 'NONE', *, *, #683, .T. ) ;
#3553 = VECTOR ( 'NONE', #5696, 1000.000000000000000 ) ;
#3554 = DIRECTION ( 'NONE',  ( 0.000000000000000000, -1.000000000000000000, 0.000000000000000000 ) ) ;
#3555 = FACE_OUTER_BOUND ( 'NONE', #5796, .T. ) ;
#3556 = CARTESIAN_POINT ( 'NONE',  ( -252.9919069720864968, 1523.621468418606355, 11.50000000000000533 ) ) ;
#3557 = VERTEX_POINT ( 'NONE', #1363 ) ;
#3558 = AXIS2_PLACEMENT_3D ( 'NONE', #5689, #1344, #940 ) ;
#3559 = CARTESIAN_POINT ( 'NONE',  ( -227.1293727074230162, 1522.722692017425970, 10.90000000000000036 ) ) ;
#3560 = DIRECTION ( 'NONE',  ( -0.5773502691895615602, -0.5773502691896900130, 0.5773502691896257311 ) ) ;
#3561 = B_SPLINE_SURFACE_WITH_KNOTS ( 'NONE', 3, 1, ( 
 ( #4236, #2748 ),
 ( #3200, #1755 ),
 ( #3792, #3266 ),
 ( #6165, #1348 ),
 ( #1724, #3669 ),
 ( #3169, #1816 ),
 ( #5659, #3296 ),
 ( #757, #4691 ),
 ( #345, #5124 ),
 ( #877, #1782 ),
 ( #2811, #3731 ),
 ( #4752, #407 ),
 ( #5626, #6068 ),
 ( #2327, #2683 ),
 ( #4620, #276 ) ),
 .UNSPECIFIED., .F., .F., .F.,
 ( 4, 1, 1, 1, 1, 1, 1, 1, 1, 1, 1, 1, 4 ),
 ( 2, 2 ),
 ( 0.000000000000000000, 0.1071204224457845133, 0.2096492605632299666, 0.3076581845860456577, 0.4022185694841847181, 0.4516719944287004296, 0.5087791500987026705, 0.5727572083871290687, 0.6436596162108980668, 0.7218523466714384940, 0.8075494665000545469, 0.9002592690507927875, 1.000000000000000000 ),
 ( 0.000000000000000000, 1.000000000000000000 ),
 .UNSPECIFIED. ) ;
#3562 = LINE ( 'NONE', #5406, #3543 ) ;
#3563 = AXIS2_PLACEMENT_3D ( 'NONE', #5490, #3090, #422 ) ;
#3564 = CARTESIAN_POINT ( 'NONE',  ( -255.1975831917781647, 1521.618305533251714, 11.50000000000000000 ) ) ;
#3565 = LINE ( 'NONE', #6021, #1303 ) ;
#3566 = ORIENTED_EDGE ( 'NONE', *, *, #2761, .F. ) ;
#3567 = VERTEX_POINT ( 'NONE', #986 ) ;
#3568 = DIRECTION ( 'NONE',  ( 0.000000000000000000, -1.000000000000000000, 0.000000000000000000 ) ) ;
#3569 = ADVANCED_FACE ( 'NONE', ( #5270 ), #6213, .F. ) ;
#3570 = EDGE_LOOP ( 'NONE', ( #1151, #99, #2054, #4512 ) ) ;
#3571 = DIRECTION ( 'NONE',  ( 1.000000000000000000, 0.000000000000000000, 0.000000000000000000 ) ) ;
#3572 = CARTESIAN_POINT ( 'NONE',  ( -207.8080216973945369, 1507.687828808946733, 0.4999999999999206191 ) ) ;
#3573 = DIRECTION ( 'NONE',  ( 0.5000000000000012212, -0.8660254037844379305, 0.000000000000000000 ) ) ;
#3574 = EDGE_CURVE ( 'NONE', #2726, #3395, #5798, .T. ) ;
#3575 = VERTEX_POINT ( 'NONE', #2925 ) ;
#3576 = CARTESIAN_POINT ( 'NONE',  ( -202.3891252049790239, 1501.757538390259469, 11.50000000000000000 ) ) ;
#3577 = ADVANCED_FACE ( 'NONE', ( #486 ), #390, .T. ) ;
#3578 = CARTESIAN_POINT ( 'NONE',  ( -255.6812958390567019, 1524.601106651571854, 10.90000000000000036 ) ) ;
#3579 = CARTESIAN_POINT ( 'NONE',  ( -249.3349427430201786, 1521.977179494535221, 11.50000000000000000 ) ) ;
#3580 = CARTESIAN_POINT ( 'NONE',  ( -238.4293727074229707, 1530.901106651571808, 11.00000000000000000 ) ) ;
#3581 = ORIENTED_EDGE ( 'NONE', *, *, #5350, .T. ) ;
#3582 = DIRECTION ( 'NONE',  ( 0.000000000000000000, 0.000000000000000000, -1.000000000000000000 ) ) ;
#3583 = ADVANCED_FACE ( 'NONE', ( #2408 ), #4356, .F. ) ;
#3584 = VERTEX_POINT ( 'NONE', #4318 ) ;
#3585 = EDGE_LOOP ( 'NONE', ( #2060, #1224, #4017, #3917 ) ) ;
#3586 = CARTESIAN_POINT ( 'NONE',  ( -237.3293727074229764, 1518.101106651571627, 7.500000000000000000 ) ) ;
#3587 = CARTESIAN_POINT ( 'NONE',  ( -253.0201631393773596, 1523.472195048498406, 10.90000000000000036 ) ) ;
#3588 = ORIENTED_EDGE ( 'NONE', *, *, #1806, .T. ) ;
#3589 = DIRECTION ( 'NONE',  ( -0.000000000000000000, 0.7071067811865474617, -0.7071067811865474617 ) ) ;
#3590 = DIRECTION ( 'NONE',  ( 1.000000000000000000, 0.000000000000000000, 0.000000000000000000 ) ) ;
#3591 = CARTESIAN_POINT ( 'NONE',  ( -201.2312958390566280, 1398.601106651571854, 5.749999999999905853 ) ) ;
#3592 = CARTESIAN_POINT ( 'NONE',  ( -255.4690109669522826, 1521.911725896244661, 11.50000000000000178 ) ) ;
#3593 = EDGE_CURVE ( 'NONE', #3547, #209, #4349, .T. ) ;
#3594 = CARTESIAN_POINT ( 'NONE',  ( -228.4293727074229707, 1524.022692017425470, 7.500000000000000000 ) ) ;
#3595 = ORIENTED_EDGE ( 'NONE', *, *, #3107, .F. ) ;
#3596 = VERTEX_POINT ( 'NONE', #2828 ) ;
#3597 = DIRECTION ( 'NONE',  ( -0.5000000000000027756, 0.8660254037844370423, 0.000000000000000000 ) ) ;
#3598 = ORIENTED_EDGE ( 'NONE', *, *, #5647, .T. ) ;
#3599 = DIRECTION ( 'NONE',  ( -0.9766490667848908291, 0.2148408721547226952, 0.000000000000000000 ) ) ;
#3600 = CARTESIAN_POINT ( 'NONE',  ( -205.1312958390566337, 1398.601106651571854, 5.749999999999905853 ) ) ;
#3601 = ADVANCED_FACE ( 'NONE', ( #4735 ), #6243, .T. ) ;
#3602 = LINE ( 'NONE', #5529, #4262 ) ;
#3603 = ORIENTED_EDGE ( 'NONE', *, *, #3185, .F. ) ;
#3604 = LINE ( 'NONE', #2145, #818 ) ;
#3605 = CARTESIAN_POINT ( 'NONE',  ( -208.4312958390566450, 1492.686986531620050, 11.50000000000000000 ) ) ;
#3606 = CARTESIAN_POINT ( 'NONE',  ( -208.4312958390566166, 1403.101106651571627, 0.4999999999999449329 ) ) ;
#3607 = DIRECTION ( 'NONE',  ( -4.022547190670782203E-15, 1.000000000000000000, 0.000000000000000000 ) ) ;
#3608 = ORIENTED_EDGE ( 'NONE', *, *, #1899, .T. ) ;
#3609 = EDGE_CURVE ( 'NONE', #1212, #4185, #4211, .T. ) ;
#3610 = PLANE ( 'NONE',  #721 ) ;
#3611 = B_SPLINE_SURFACE_WITH_KNOTS ( 'NONE', 3, 1, ( 
 ( #3729, #3353 ),
 ( #5284, #4784 ),
 ( #5656, #1314 ),
 ( #5782, #941 ),
 ( #3859, #2289 ),
 ( #5221, #4234 ),
 ( #3791, #2388 ),
 ( #3763, #2876 ),
 ( #2325, #817 ),
 ( #6163, #4271 ),
 ( #1345, #3318 ),
 ( #1375, #3294 ),
 ( #909, #440 ),
 ( #4299, #6224 ),
 ( #5745, #4812 ),
 ( #4329, #6257 ),
 ( #1909, #1945 ),
 ( #2906, #998 ),
 ( #4843, #1528 ) ),
 .UNSPECIFIED., .F., .F., .F.,
 ( 4, 1, 1, 1, 1, 1, 1, 1, 1, 1, 1, 1, 1, 1, 1, 1, 4 ),
 ( 2, 2 ),
 ( 0.000000000000000000, 0.1061220641064884035, 0.2021804643870238893, 0.2875840018686660060, 0.3629904172440800436, 0.4271937923606469734, 0.4814680386188594508, 0.5253270264181311155, 0.5595484740348205532, 0.6156943539570917112, 0.6695949516456836115, 0.7218197463133755321, 0.7739097670927489458, 0.8270849392622940943, 0.8813591855205440417, 0.9387954458730635166, 1.000000000000000000 ),
 ( 0.000000000000000000, 1.000000000000000000 ),
 .UNSPECIFIED. ) ;
#3612 = CC_DESIGN_DATE_AND_TIME_ASSIGNMENT ( #2897, #3812, ( #2968 ) ) ;
#3613 = ORIENTED_EDGE ( 'NONE', *, *, #2861, .F. ) ;
#3614 = DIRECTION ( 'NONE',  ( 1.000000000000000000, 0.000000000000000000, 0.000000000000000000 ) ) ;
#3615 = CARTESIAN_POINT ( 'NONE',  ( -254.2953844897949409, 1522.319355717472945, 10.90000000000000036 ) ) ;
#3616 = EDGE_CURVE ( 'NONE', #903, #2726, #2798, .T. ) ;
#3617 = EDGE_LOOP ( 'NONE', ( #2348, #3937, #5184, #1119 ) ) ;
#3618 = EDGE_CURVE ( 'NONE', #3596, #1700, #5705, .T. ) ;
#3619 = DIRECTION ( 'NONE',  ( 1.000000000000000000, 0.000000000000000000, 0.000000000000000000 ) ) ;
#3620 = CARTESIAN_POINT ( 'NONE',  ( 0.000000000000000000, 0.000000000000000000, 5.749999999999905853 ) ) ;
#3621 = PLANE ( 'NONE',  #2835 ) ;
#3622 = CARTESIAN_POINT ( 'NONE',  ( -226.6293727074229594, 1517.601106651571854, 10.90000000000000036 ) ) ;
#3623 = AXIS2_PLACEMENT_3D ( 'NONE', #3093, #2546, #2157 ) ;
#3624 = ORIENTED_EDGE ( 'NONE', *, *, #2287, .F. ) ;
#3625 = ORIENTED_EDGE ( 'NONE', *, *, #3002, .F. ) ;
#3626 = CARTESIAN_POINT ( 'NONE',  ( -249.3809177986264842, 1521.010056287102771, 11.49999999999999822 ) ) ;
#3627 = VECTOR ( 'NONE', #6200, 1000.000000000000114 ) ;
#3628 = VECTOR ( 'NONE', #4675, 1000.000000000000000 ) ;
#3629 = VERTEX_POINT ( 'NONE', #5236 ) ;
#3630 = DIRECTION ( 'NONE',  ( -0.9902311015725216992, 0.1394358830375820035, 0.000000000000000000 ) ) ;
#3631 = CARTESIAN_POINT ( 'NONE',  ( -250.1596612236720603, 1519.524183574649669, 11.50000000000000355 ) ) ;
#3632 = AXIS2_PLACEMENT_3D ( 'NONE', #181, #247, #3041 ) ;
#3633 = CONICAL_SURFACE ( 'NONE', #5256, 1.699999999999979305, 0.7853981633974141952 ) ;
#3634 = CARTESIAN_POINT ( 'NONE',  ( -211.2080216973944005, 1507.687828808946733, 10.50000000000000000 ) ) ;
#3635 = PLANE ( 'NONE',  #628 ) ;
#3636 = ORIENTED_EDGE ( 'NONE', *, *, #1586, .F. ) ;
#3637 = CARTESIAN_POINT ( 'NONE',  ( -228.4293727074229992, 1525.022692017425470, 7.500000000000000000 ) ) ;
#3638 = CARTESIAN_POINT ( 'NONE',  ( -367.4312958390565313, 1527.101106651571854, 0.4999999999999449329 ) ) ;
#3639 = CARTESIAN_POINT ( 'NONE',  ( -249.8471612236720603, 1523.524183574649896, 11.50000000000000178 ) ) ;
#3640 = ORIENTED_EDGE ( 'NONE', *, *, #3001, .F. ) ;
#3641 = CARTESIAN_POINT ( 'NONE',  ( -198.4312958390566166, 1394.801106651571672, 5.749999999999905853 ) ) ;
#3642 = VECTOR ( 'NONE', #1334, 1000.000000000000000 ) ;
#3643 = VERTEX_POINT ( 'NONE', #3339 ) ;
#3644 = ADVANCED_FACE ( 'NONE', ( #550 ), #2086, .T. ) ;
#3645 = PLANE ( 'NONE',  #297 ) ;
#3646 = CARTESIAN_POINT ( 'NONE',  ( -254.6639015886699156, 1525.579212306175805, 10.90000000000000213 ) ) ;
#3647 = ORIENTED_EDGE ( 'NONE', *, *, #623, .T. ) ;
#3648 = CARTESIAN_POINT ( 'NONE',  ( -250.1224016082874186, 1522.524183574649669, 10.90000000000000036 ) ) ;
#3649 = VECTOR ( 'NONE', #4756, 1000.000000000000227 ) ;
#3650 = ADVANCED_FACE ( 'NONE', ( #3555 ), #3465, .T. ) ;
#3651 = LINE ( 'NONE', #6146, #3628 ) ;
#3652 = DIRECTION ( 'NONE',  ( -1.000000000000000000, 0.000000000000000000, 1.748713181428230095E-16 ) ) ;
#3653 = CARTESIAN_POINT ( 'NONE',  ( -256.0341789355646256, 1522.125000461396439, 11.49999999999999645 ) ) ;
#3654 = CARTESIAN_POINT ( 'NONE',  ( -249.2774496852105131, 1521.554231651572763, 10.90000000000000036 ) ) ;
#3655 = VECTOR ( 'NONE', #2808, 1000.000000000000000 ) ;
#3656 = ORIENTED_EDGE ( 'NONE', *, *, #6208, .F. ) ;
#3657 = EDGE_LOOP ( 'NONE', ( #2353, #700, #284, #1014 ) ) ;
#3658 = FACE_OUTER_BOUND ( 'NONE', #2000, .T. ) ;
#3659 = CARTESIAN_POINT ( 'NONE',  ( -198.4312958390566166, 1395.301106651571672, 11.00000000000000178 ) ) ;
#3660 = CONICAL_SURFACE ( 'NONE', #4683, 1.699999999999979305, 0.7853981633974141952 ) ;
#3661 = VERTEX_POINT ( 'NONE', #5424 ) ;
#3662 = CARTESIAN_POINT ( 'NONE',  ( -255.6812958390567019, 1524.601106651571854, 11.49999999999999822 ) ) ;
#3663 = CARTESIAN_POINT ( 'NONE',  ( -252.1236035313643811, 1521.317452805418725, 10.90000000000000036 ) ) ;
#3664 = LOCAL_TIME ( 9, 44, 2.000000000000000000, #2833 ) ;
#3665 = DIRECTION ( 'NONE',  ( -1.000000000000000000, 0.000000000000000000, 0.000000000000000000 ) ) ;
#3666 = DIRECTION ( 'NONE',  ( -2.775557561563196798E-14, -1.000000000000000000, 0.000000000000000000 ) ) ;
#3667 = ORIENTED_EDGE ( 'NONE', *, *, #5090, .T. ) ;
#3668 = DIRECTION ( 'NONE',  ( 0.000000000000000000, 0.7071067811865081598, -0.7071067811865868746 ) ) ;
#3669 = CARTESIAN_POINT ( 'NONE',  ( -253.9996204556317423, 1521.917015443929358, 11.50000000000000533 ) ) ;
#3670 = DIRECTION ( 'NONE',  ( -1.922962686383493065E-16, 0.7071067811865081598, -0.7071067811865868746 ) ) ;
#3671 = CARTESIAN_POINT ( 'NONE',  ( -233.1293727074229594, 1530.601106651571854, 10.90000000000000036 ) ) ;
#3672 = EDGE_LOOP ( 'NONE', ( #1193, #6055, #1353, #481 ) ) ;
#3673 = CARTESIAN_POINT ( 'NONE',  ( -238.4293727074229707, 1527.247553260978520, 4.053553390593195971 ) ) ;
#3674 = ORIENTED_EDGE ( 'NONE', *, *, #1769, .T. ) ;
#3675 = EDGE_LOOP ( 'NONE', ( #318, #2012, #3215, #3475 ) ) ;
#3676 = CARTESIAN_POINT ( 'NONE',  ( -249.3076312627094921, 1521.882315753193780, 10.89999999999999503 ) ) ;
#3677 = CARTESIAN_POINT ( 'NONE',  ( -253.5287838156955331, 1525.219773783716164, 11.49999999999999822 ) ) ;
#3678 = CARTESIAN_POINT ( 'NONE',  ( -248.2450581012202235, 1522.361950171046828, 10.90000000000000213 ) ) ;
#3679 = EDGE_LOOP ( 'NONE', ( #1361, #4115, #5197, #3238 ) ) ;
#3680 = ADVANCED_FACE ( 'NONE', ( #5015 ), #608, .F. ) ;
#3681 = DIRECTION ( 'NONE',  ( -0.000000000000000000, -0.000000000000000000, 1.000000000000000000 ) ) ;
#3682 = PLANE ( 'NONE',  #2930 ) ;
#3683 = DIRECTION ( 'NONE',  ( -1.000000000000000000, 0.000000000000000000, 0.000000000000000000 ) ) ;
#3684 = CARTESIAN_POINT ( 'NONE',  ( -248.7504259223293843, 1523.110302842464307, 11.50000000000000178 ) ) ;
#3685 = VERTEX_POINT ( 'NONE', #4007 ) ;
#3686 = EDGE_LOOP ( 'NONE', ( #6186, #4558, #680, #2405 ) ) ;
#3687 = EDGE_CURVE ( 'NONE', #349, #5872, #640, .T. ) ;
#3688 = CARTESIAN_POINT ( 'NONE',  ( -250.0919019593532084, 1522.523654242781049, 10.90000000000000036 ) ) ;
#3689 = CARTESIAN_POINT ( 'NONE',  ( -209.5080216973944687, 1507.687828808946733, 0.000000000000000000 ) ) ;
#3690 = ORIENTED_EDGE ( 'NONE', *, *, #234, .F. ) ;
#3691 = CARTESIAN_POINT ( 'NONE',  ( -255.1567532628603487, 1523.147855928211584, 10.90000000000000213 ) ) ;
#3692 = ORIENTED_EDGE ( 'NONE', *, *, #1738, .F. ) ;
#3693 = DIRECTION ( 'NONE',  ( -0.000000000000000000, -0.000000000000000000, 1.000000000000000000 ) ) ;
#3694 = EDGE_CURVE ( 'NONE', #2504, #2746, #2473, .T. ) ;
#3695 = EDGE_CURVE ( 'NONE', #1316, #1005, #5485, .T. ) ;
#3696 = CARTESIAN_POINT ( 'NONE',  ( -225.5293727074229650, 1527.601106651571854, 4.907106781186303834 ) ) ;
#3697 = CARTESIAN_POINT ( 'NONE',  ( -256.6620650698259283, 1522.139568190033515, 10.90000000000000036 ) ) ;
#3698 = VERTEX_POINT ( 'NONE', #1515 ) ;
#3699 = LINE ( 'NONE', #1347, #4362 ) ;
#3700 = CARTESIAN_POINT ( 'NONE',  ( -255.5643305077271350, 1521.980528199538639, 11.50000000000000178 ) ) ;
#3701 = DIRECTION ( 'NONE',  ( 2.516173811993209846E-15, -0.7071067811865527908, -0.7071067811865422437 ) ) ;
#3702 = CARTESIAN_POINT ( 'NONE',  ( -254.2953844897949409, 1522.319355717472945, 10.90000000000000036 ) ) ;
#3703 = VERTEX_POINT ( 'NONE', #159 ) ;
#3704 = EDGE_LOOP ( 'NONE', ( #2251, #5609, #2245, #651 ) ) ;
#3705 = B_SPLINE_CURVE_WITH_KNOTS ( 'NONE', 3,
 ( #1557, #3500, #4964, #618, #2547, #5494, #2066, #4489, #4016, #4519, #2094 ),
 .UNSPECIFIED., .F., .F.,
 ( 4, 1, 1, 1, 1, 1, 1, 1, 4 ),
 ( 0.000000000000000000, 0.1164608859992130457, 0.2323412937112581123, 0.3483544577234556350, 0.4675094081317514583, 0.5904608793733967520, 0.7188540747903811035, 0.8550053441080346373, 1.000000000000000000 ),
 .UNSPECIFIED. ) ;
#3706 = DIRECTION ( 'NONE',  ( 1.000000000000000000, 0.000000000000000000, 0.000000000000000000 ) ) ;
#3707 = ORIENTED_EDGE ( 'NONE', *, *, #1466, .F. ) ;
#3708 = LINE ( 'NONE', #5632, #1911 ) ;
#3709 = EDGE_CURVE ( 'NONE', #620, #4823, #5639, .T. ) ;
#3710 = DIRECTION ( 'NONE',  ( 1.000000000000000000, 0.000000000000000000, 0.000000000000000000 ) ) ;
#3711 = CARTESIAN_POINT ( 'NONE',  ( -254.4829228072379408, 1525.563486421980087, 11.49999999999999822 ) ) ;
#3712 = PLANE ( 'NONE',  #6145 ) ;
#3713 = ORIENTED_EDGE ( 'NONE', *, *, #5735, .F. ) ;
#3714 = DIRECTION ( 'NONE',  ( -0.6123724356958549775, -0.3535533905933797016, -0.7071067811864423236 ) ) ;
#3715 = CARTESIAN_POINT ( 'NONE',  ( -257.8159112236720603, 1519.601106651572081, 11.50000000000000000 ) ) ;
#3716 = LINE ( 'NONE', #3248, #2216 ) ;
#3717 = DIRECTION ( 'NONE',  ( -0.7071067811865868746, -0.000000000000000000, -0.7071067811865082708 ) ) ;
#3718 = ORIENTED_EDGE ( 'NONE', *, *, #5623, .F. ) ;
#3719 = VERTEX_POINT ( 'NONE', #192 ) ;
#3720 = CARTESIAN_POINT ( 'NONE',  ( -208.4312958390566166, 1402.601106651571854, 11.50000000000000000 ) ) ;
#3721 = FACE_OUTER_BOUND ( 'NONE', #1103, .T. ) ;
#3722 = EDGE_LOOP ( 'NONE', ( #2097, #5378, #4932, #9 ) ) ;
#3723 = CARTESIAN_POINT ( 'NONE',  ( -254.4014377988519300, 1523.303124344044136, 10.90000000000000213 ) ) ;
#3724 = EDGE_CURVE ( 'NONE', #5543, #2918, #3086, .T. ) ;
#3725 = VECTOR ( 'NONE', #4803, 1000.000000000000000 ) ;
#3726 = CARTESIAN_POINT ( 'NONE',  ( -221.9287184509853432, 1516.601106651571854, 11.00000000000000000 ) ) ;
#3727 = CARTESIAN_POINT ( 'NONE',  ( -255.6812958390567019, 1524.601106651571854, 11.50000000000000000 ) ) ;
#3728 = VECTOR ( 'NONE', #2257, 1000.000000000000000 ) ;
#3729 = CARTESIAN_POINT ( 'NONE',  ( -255.7329785313643526, 1523.139568190033515, 10.90000000000000036 ) ) ;
#3730 = CARTESIAN_POINT ( 'NONE',  ( -226.5293727074229935, 1528.101106651571627, 11.50000000000000000 ) ) ;
#3731 = CARTESIAN_POINT ( 'NONE',  ( -253.5097732462168665, 1521.257184816814743, 11.50000000000001421 ) ) ;
#3732 = ADVANCED_FACE ( 'NONE', ( #3053 ), #1046, .F. ) ;
#3733 = LINE ( 'NONE', #4088, #4861 ) ;
#3734 = EDGE_CURVE ( 'NONE', #3575, #5332, #1017, .T. ) ;
#3735 = CARTESIAN_POINT ( 'NONE',  ( -375.2312958390564859, 1525.451106651571990, 9.000000000000001776 ) ) ;
#3736 = CIRCLE ( 'NONE', #6255, 1.699999999999979305 ) ;
#3737 = EDGE_LOOP ( 'NONE', ( #723, #5072, #2698, #2599, #3522, #113, #4623, #6025 ) ) ;
#3738 = DIRECTION ( 'NONE',  ( -0.000000000000000000, -0.000000000000000000, 1.000000000000000000 ) ) ;
#3739 = AXIS2_PLACEMENT_3D ( 'NONE', #2038, #2480, #5461 ) ;
#3740 = ORIENTED_EDGE ( 'NONE', *, *, #3237, .T. ) ;
#3741 = CARTESIAN_POINT ( 'NONE',  ( -208.3349454860411072, 1511.656001209732494, 9.000000000000001776 ) ) ;
#3742 = VECTOR ( 'NONE', #4700, 1000.000000000000000 ) ;
#3743 = CARTESIAN_POINT ( 'NONE',  ( -374.7312958390564859, 1519.751106651571945, 9.000000000000001776 ) ) ;
#3744 = FACE_OUTER_BOUND ( 'NONE', #3884, .T. ) ;
#3745 = CARTESIAN_POINT ( 'NONE',  ( -254.8605959958221661, 1525.593098195746279, 10.89999999999999858 ) ) ;
#3746 = VECTOR ( 'NONE', #4806, 1000.000000000000000 ) ;
#3747 = ORIENTED_EDGE ( 'NONE', *, *, #3129, .T. ) ;
#3748 = CARTESIAN_POINT ( 'NONE',  ( -213.5389817412365403, 1502.069656408161336, 7.000000000000000000 ) ) ;
#3749 = VECTOR ( 'NONE', #5304, 1000.000000000000000 ) ;
#3750 = DIRECTION ( 'NONE',  ( 0.000000000000000000, 0.7071067811865081598, -0.7071067811865868746 ) ) ;
#3751 = CARTESIAN_POINT ( 'NONE',  ( -255.2978823775182207, 1525.601106651572081, 11.50000000000000000 ) ) ;
#3752 = FACE_OUTER_BOUND ( 'NONE', #5536, .T. ) ;
#3753 = ORIENTED_EDGE ( 'NONE', *, *, #5511, .F. ) ;
#3754 = VECTOR ( 'NONE', #2080, 1000.000000000000000 ) ;
#3755 = DIRECTION ( 'NONE',  ( -2.775557561563197114E-14, -1.000000000000000000, -0.000000000000000000 ) ) ;
#3756 = VERTEX_POINT ( 'NONE', #2962 ) ;
#3757 = CARTESIAN_POINT ( 'NONE',  ( -255.2005125272085593, 1524.599233481619194, 10.90000000000000213 ) ) ;
#3758 = VECTOR ( 'NONE', #2194, 1000.000000000000000 ) ;
#3759 = LINE ( 'NONE', #2937, #4131 ) ;
#3760 = CARTESIAN_POINT ( 'NONE',  ( -205.6312958390566621, 1398.601106651571854, 5.749999999999905853 ) ) ;
#3761 = VECTOR ( 'NONE', #5152, 1000.000000000000000 ) ;
#3762 = EDGE_CURVE ( 'NONE', #5942, #2053, #4898, .T. ) ;
#3763 = CARTESIAN_POINT ( 'NONE',  ( -254.7650981945935769, 1523.177515391945462, 10.90000000000000391 ) ) ;
#3764 = CARTESIAN_POINT ( 'NONE',  ( -223.6607692585541827, 1517.601106651571854, 0.4999999999999449329 ) ) ;
#3765 = CARTESIAN_POINT ( 'NONE',  ( -200.4763243712475571, 1507.444470161476374, 9.500000000000000000 ) ) ;
#3766 = PLANE ( 'NONE',  #888 ) ;
#3767 = DIRECTION ( 'NONE',  ( -1.000000000000000000, 0.000000000000000000, 0.000000000000000000 ) ) ;
#3768 = VECTOR ( 'NONE', #357, 1000.000000000000000 ) ;
#3769 = EDGE_LOOP ( 'NONE', ( #5010, #5094, #2186, #4478 ) ) ;
#3770 = CARTESIAN_POINT ( 'NONE',  ( -205.8278845952031588, 1508.713644369132226, 10.99999999999999822 ) ) ;
#3771 = ORIENTED_EDGE ( 'NONE', *, *, #1081, .F. ) ;
#3772 = PLANE ( 'NONE',  #4156 ) ;
#3773 = CARTESIAN_POINT ( 'NONE',  ( -205.4849454860411981, 1506.719656408161200, 9.000000000000001776 ) ) ;
#3774 = ORIENTED_EDGE ( 'NONE', *, *, #283, .F. ) ;
#3775 = ADVANCED_FACE ( 'NONE', ( #4923 ), #576, .F. ) ;
#3776 = LINE ( 'NONE', #1701, #5984 ) ;
#3777 = EDGE_LOOP ( 'NONE', ( #5421, #1728, #3007, #3914 ) ) ;
#3778 = CARTESIAN_POINT ( 'NONE',  ( -237.3293727074229764, 1518.101106651571627, 10.90000000000000036 ) ) ;
#3779 = CARTESIAN_POINT ( 'NONE',  ( -252.0492949115464398, 1520.929758691688221, 10.90000000000000036 ) ) ;
#3780 = LINE ( 'NONE', #426, #1888 ) ;
#3781 = B_SPLINE_CURVE_WITH_KNOTS ( 'NONE', 3,
 ( #2946, #3994, #4974, #5914, #1498, #4885, #5439, #3895, #4399, #57, #1978 ),
 .UNSPECIFIED., .F., .F.,
 ( 4, 1, 1, 1, 1, 1, 1, 1, 4 ),
 ( 0.000000000000000000, 0.1272652138347262762, 0.2504727448330550388, 0.3709183694476671511, 0.4903519675537421629, 0.6120391628631896008, 0.7361283332358898868, 0.8651603406623447068, 1.000000000000000000 ),
 .UNSPECIFIED. ) ;
#3782 = EDGE_LOOP ( 'NONE', ( #204, #1463 ) ) ;
#3783 = PERSON_AND_ORGANIZATION ( #1977, #5688 ) ;
#3784 = CARTESIAN_POINT ( 'NONE',  ( -250.9330101631768173, 1520.905920344247761, 11.50000000000000178 ) ) ;
#3785 = EDGE_LOOP ( 'NONE', ( #6038, #6143, #811, #4569 ) ) ;
#3786 = EDGE_CURVE ( 'NONE', #2159, #3584, #4154, .T. ) ;
#3787 = CARTESIAN_POINT ( 'NONE',  ( -198.9312958390566450, 1495.366478455931883, 0.000000000000000000 ) ) ;
#3788 = ORIENTED_EDGE ( 'NONE', *, *, #4939, .T. ) ;
#3789 = CARTESIAN_POINT ( 'NONE',  ( -216.5882284609814690, 1526.351106651572309, 11.50000000000000000 ) ) ;
#3790 = CARTESIAN_POINT ( 'NONE',  ( -256.4036516082874186, 1522.139568190033515, 11.50000000000000000 ) ) ;
#3791 = CARTESIAN_POINT ( 'NONE',  ( -254.8742163079747343, 1523.165865064376021, 10.89999999999999680 ) ) ;
#3792 = CARTESIAN_POINT ( 'NONE',  ( -254.3010867101953068, 1522.173710302262407, 10.90000000000000213 ) ) ;
#3793 = CARTESIAN_POINT ( 'NONE',  ( -200.5812958390566223, 1395.301106651571672, 9.000000000000001776 ) ) ;
#3794 = FACE_OUTER_BOUND ( 'NONE', #3102, .T. ) ;
#3795 = EDGE_CURVE ( 'NONE', #3192, #3643, #2901, .T. ) ;
#3796 = ORIENTED_EDGE ( 'NONE', *, *, #314, .T. ) ;
#3797 = FACE_OUTER_BOUND ( 'NONE', #1177, .T. ) ;
#3798 = ORIENTED_EDGE ( 'NONE', *, *, #3850, .T. ) ;
#3799 = FACE_OUTER_BOUND ( 'NONE', #225, .T. ) ;
#3800 = CARTESIAN_POINT ( 'NONE',  ( -254.2149682433795306, 1524.260549072006597, 10.89999999999999680 ) ) ;
#3801 = LINE ( 'NONE', #5723, #1184 ) ;
#3802 = ADVANCED_FACE ( 'NONE', ( #1544 ), #64, .T. ) ;
#3803 = EDGE_LOOP ( 'NONE', ( #1732, #3896, #195, #1710 ) ) ;
#3804 = CARTESIAN_POINT ( 'NONE',  ( -236.0293727074229935, 1525.022692017425697, 10.90000000000000036 ) ) ;
#3805 = EDGE_LOOP ( 'NONE', ( #762, #2190, #205, #1758 ) ) ;
#3806 = CARTESIAN_POINT ( 'NONE',  ( -375.2312958390564859, 1519.251106651571945, 5.749999999999905853 ) ) ;
#3807 = CARTESIAN_POINT ( 'NONE',  ( -251.6289359896448730, 1520.134617101014555, 10.90000000000000568 ) ) ;
#3808 = CARTESIAN_POINT ( 'NONE',  ( -248.6219448837311461, 1522.984527280187876, 11.50000000000000355 ) ) ;
#3809 = EDGE_CURVE ( 'NONE', #335, #172, #4697, .T. ) ;
#3810 = EDGE_CURVE ( 'NONE', #267, #5273, #2690, .T. ) ;
#3811 = EDGE_LOOP ( 'NONE', ( #1650, #1244, #3013, #3026 ) ) ;
#3812 = DATE_TIME_ROLE ( 'classification_date' ) ;
#3813 = CARTESIAN_POINT ( 'NONE',  ( -207.9312958390566166, 1403.101106651571627, 0.000000000000000000 ) ) ;
#3814 = CARTESIAN_POINT ( 'NONE',  ( 0.000000000000000000, 1527.101106651571854, 5.749999999999905853 ) ) ;
#3815 = PLANE ( 'NONE',  #1907 ) ;
#3816 = EDGE_LOOP ( 'NONE', ( #2912, #2787, #1402, #2551 ) ) ;
#3817 = CARTESIAN_POINT ( 'NONE',  ( -248.1470967421234661, 1521.230478401103710, 10.89999999999999858 ) ) ;
#3818 = VERTEX_POINT ( 'NONE', #4628 ) ;
#3819 = CARTESIAN_POINT ( 'NONE',  ( -236.0293727074229935, 1525.022692017425697, 7.500000000000000000 ) ) ;
#3820 = LINE ( 'NONE', #6197, #5786 ) ;
#3821 = CARTESIAN_POINT ( 'NONE',  ( -251.9697573775181922, 1522.204472036188008, 10.90000000000000036 ) ) ;
#3822 = CARTESIAN_POINT ( 'NONE',  ( -254.7493336187069985, 1521.017423757632514, 10.90000000000000036 ) ) ;
#3823 = LINE ( 'NONE', #4332, #1297 ) ;
#3824 = AXIS2_PLACEMENT_3D ( 'NONE', #1474, #1417, #1503 ) ;
#3825 = DIRECTION ( 'NONE',  ( 0.000000000000000000, 0.000000000000000000, 1.000000000000000000 ) ) ;
#3826 = ORIENTED_EDGE ( 'NONE', *, *, #4117, .T. ) ;
#3827 = DIRECTION ( 'NONE',  ( 0.7071067811865868746, 0.7071067811865081598, -0.000000000000000000 ) ) ;
#3828 = DIRECTION ( 'NONE',  ( 1.000000000000000000, -3.552713678800497900E-13, 0.000000000000000000 ) ) ;
#3829 = AXIS2_PLACEMENT_3D ( 'NONE', #759, #4144, #5663 ) ;
#3830 = DIRECTION ( 'NONE',  ( -1.000000000000000000, 0.000000000000000000, 0.000000000000000000 ) ) ;
#3831 = VECTOR ( 'NONE', #4545, 1000.000000000000000 ) ;
#3832 = CARTESIAN_POINT ( 'NONE',  ( -227.1293727074229878, 1518.101106651571627, 7.500000000000000000 ) ) ;
#3833 = DIRECTION ( 'NONE',  ( 0.5000000000000018874, -0.8660254037844374864, 0.000000000000000000 ) ) ;
#3834 = ORIENTED_EDGE ( 'NONE', *, *, #693, .F. ) ;
#3835 = DIRECTION ( 'NONE',  ( 0.000000000000000000, 1.000000000000000000, 0.000000000000000000 ) ) ;
#3836 = CONICAL_SURFACE ( 'NONE', #4648, 1.699999999999979305, 0.7853981633974425058 ) ;
#3837 = VECTOR ( 'NONE', #5699, 1000.000000000000000 ) ;
#3838 = CARTESIAN_POINT ( 'NONE',  ( -198.9312958390566166, 1402.601106651571854, 11.50000000000000000 ) ) ;
#3839 = ADVANCED_FACE ( 'NONE', ( #2241 ), #380, .T. ) ;
#3840 = VERTEX_POINT ( 'NONE', #6139 ) ;
#3841 = CARTESIAN_POINT ( 'NONE',  ( -255.1567532628603487, 1523.147855928211584, 11.50000000000000178 ) ) ;
#3842 = CARTESIAN_POINT ( 'NONE',  ( -250.9074784337655331, 1519.642432432831583, 10.90000000000000213 ) ) ;
#3843 = LINE ( 'NONE', #5336, #6251 ) ;
#3844 = VECTOR ( 'NONE', #5437, 1000.000000000000000 ) ;
#3845 = ORIENTED_EDGE ( 'NONE', *, *, #4199, .T. ) ;
#3846 = APPROVAL_ROLE ( '' ) ;
#3847 = CARTESIAN_POINT ( 'NONE',  ( -255.4690109669522826, 1521.911725896244661, 10.90000000000000213 ) ) ;
#3848 = AXIS2_PLACEMENT_3D ( 'NONE', #3878, #5729, #1454 ) ;
#3849 = EDGE_CURVE ( 'NONE', #4823, #2883, #3708, .T. ) ;
#3850 = EDGE_CURVE ( 'NONE', #1824, #3203, #829, .T. ) ;
#3851 = DIRECTION ( 'NONE',  ( 0.000000000000000000, -1.000000000000000000, 8.665274238377025378E-14 ) ) ;
#3852 = B_SPLINE_CURVE_WITH_KNOTS ( 'NONE', 3,
 ( #1708, #1238, #4608, #743, #1673, #5552, #709, #5995, #2671, #1385, #1649, #3332, #4285, #5230, #262, #3304, #2185, #203, #3654 ),
 .UNSPECIFIED., .F., .F.,
 ( 4, 1, 1, 1, 1, 1, 1, 1, 1, 1, 1, 1, 1, 1, 1, 1, 4 ),
 ( 0.000000000000000000, 0.06132925523309600696, 0.1200529602621721592, 0.1782193636432732042, 0.2346652732309092437, 0.2909028561819519410, 0.3475356045248474413, 0.4040853896319788197, 0.4627491010765146795, 0.5223753089003042582, 0.5823107553565731731, 0.6436973991754121327, 0.7075764816682458269, 0.7745019988245223086, 0.8455657277208135092, 0.9202690606734607037, 0.9999999999999998890 ),
 .UNSPECIFIED. ) ;
#3853 = VERTEX_POINT ( 'NONE', #3327 ) ;
#3854 = DIRECTION ( 'NONE',  ( 0.2041524011832676344, 0.9789391181739067749, 0.000000000000000000 ) ) ;
#3855 = AXIS2_PLACEMENT_3D ( 'NONE', #4760, #4215, #5228 ) ;
#3856 = EDGE_LOOP ( 'NONE', ( #1895, #552, #3216 ) ) ;
#3857 = DIRECTION ( 'NONE',  ( 0.000000000000000000, -1.000000000000000000, 0.000000000000000000 ) ) ;
#3858 = ADVANCED_FACE ( 'NONE', ( #2492, #59 ), #5323, .T. ) ;
#3859 = CARTESIAN_POINT ( 'NONE',  ( -255.1567532628603487, 1523.147855928211584, 10.90000000000000213 ) ) ;
#3860 = AXIS2_PLACEMENT_3D ( 'NONE', #2616, #5941, #4137 ) ;
#3861 = CARTESIAN_POINT ( 'NONE',  ( -237.9293727074229992, 1527.747553260978520, 3.846446609406767525 ) ) ;
#3862 = CARTESIAN_POINT ( 'NONE',  ( -254.7101419929028054, 1520.962885497725665, 10.90000000000000036 ) ) ;
#3863 = LINE ( 'NONE', #1000, #5249 ) ;
#3864 = AXIS2_PLACEMENT_3D ( 'NONE', #467, #3503, #2975 ) ;
#3865 = FACE_OUTER_BOUND ( 'NONE', #2661, .T. ) ;
#3866 = EDGE_LOOP ( 'NONE', ( #3315, #76, #5629, #3753 ) ) ;
#3867 = DIRECTION ( 'NONE',  ( 1.000000000000000000, 0.000000000000000000, 0.000000000000000000 ) ) ;
#3868 = VECTOR ( 'NONE', #4287, 1000.000000000000114 ) ;
#3869 = DIRECTION ( 'NONE',  ( 0.5000000000000019984, -0.8660254037844375974, 0.000000000000000000 ) ) ;
#3870 = CARTESIAN_POINT ( 'NONE',  ( -253.0331466599050714, 1524.434738263990312, 10.90000000000000036 ) ) ;
#3871 = CARTESIAN_POINT ( 'NONE',  ( -226.6293727074229594, 1517.601106651571854, 11.50000000000000000 ) ) ;
#3872 = ORIENTED_EDGE ( 'NONE', *, *, #2002, .F. ) ;
#3873 = CYLINDRICAL_SURFACE ( 'NONE', #5564, 1.699999999999923794 ) ;
#3874 = CIRCLE ( 'NONE', #5393, 1.699999999999979305 ) ;
#3875 = CARTESIAN_POINT ( 'NONE',  ( -250.9625458390566450, 1522.062645113111103, 10.90000000000000036 ) ) ;
#3876 = ORIENTED_EDGE ( 'NONE', *, *, #6196, .F. ) ;
#3877 = CARTESIAN_POINT ( 'NONE',  ( -208.3349454860411072, 1511.656001209732494, 9.000000000000001776 ) ) ;
#3878 = CARTESIAN_POINT ( 'NONE',  ( -375.2312958390564859, 1517.601106651571854, 11.00000000000005507 ) ) ;
#3879 = CARTESIAN_POINT ( 'NONE',  ( -249.8471612236720603, 1523.524183574649896, 11.50000000000000178 ) ) ;
#3880 = EDGE_CURVE ( 'NONE', #2675, #2424, #280, .T. ) ;
#3881 = ORIENTED_EDGE ( 'NONE', *, *, #5851, .T. ) ;
#3882 = CARTESIAN_POINT ( 'NONE',  ( -256.2090859604481352, 1522.138717467258630, 10.90000000000000391 ) ) ;
#3883 = FACE_OUTER_BOUND ( 'NONE', #3403, .T. ) ;
#3884 = EDGE_LOOP ( 'NONE', ( #4259, #1870, #5402, #3442 ) ) ;
#3885 = CARTESIAN_POINT ( 'NONE',  ( -248.4478593279889935, 1520.437439504576560, 10.90000000000000213 ) ) ;
#3886 = EDGE_CURVE ( 'NONE', #1959, #19, #4563, .T. ) ;
#3887 = ORIENTED_EDGE ( 'NONE', *, *, #3455, .T. ) ;
#3888 = EDGE_LOOP ( 'NONE', ( #4280, #5775, #466, #1662 ) ) ;
#3889 = LINE ( 'NONE', #996, #2441 ) ;
#3890 = DIRECTION ( 'NONE',  ( 1.000000000000000000, 0.000000000000000000, 0.000000000000000000 ) ) ;
#3891 = PLANE ( 'NONE',  #2117 ) ;
#3892 = CARTESIAN_POINT ( 'NONE',  ( -254.4829228072379408, 1525.563486421980087, 10.89999999999999858 ) ) ;
#3893 = EDGE_CURVE ( 'NONE', #2640, #339, #2432, .T. ) ;
#3894 = EDGE_CURVE ( 'NONE', #267, #4079, #4401, .T. ) ;
#3895 = CARTESIAN_POINT ( 'NONE',  ( -249.6750052702610105, 1519.567579295962787, 11.49999999999999645 ) ) ;
#3896 = ORIENTED_EDGE ( 'NONE', *, *, #4264, .T. ) ;
#3897 = LINE ( 'NONE', #3963, #398 ) ;
#3898 = CARTESIAN_POINT ( 'NONE',  ( -251.1236035313643811, 1521.447260497726575, 10.90000000000000036 ) ) ;
#3899 = CARTESIAN_POINT ( 'NONE',  ( -225.5293727074229935, 1527.101106651571854, 11.50000000000000000 ) ) ;
#3900 = CARTESIAN_POINT ( 'NONE',  ( -228.1293727074229878, 1525.601106651572081, 10.90000000000000036 ) ) ;
#3901 = EDGE_LOOP ( 'NONE', ( #5370, #1668, #5238, #5720 ) ) ;
#3902 = DIRECTION ( 'NONE',  ( -0.5000000000000019984, 0.8660254037844375974, 0.000000000000000000 ) ) ;
#3903 = EDGE_CURVE ( 'NONE', #2197, #2504, #3604, .T. ) ;
#3904 = PLANE ( 'NONE',  #5180 ) ;
#3905 = ORIENTED_EDGE ( 'NONE', *, *, #600, .T. ) ;
#3906 = CARTESIAN_POINT ( 'NONE',  ( -249.5464173812363526, 1520.779331711722079, 10.90000000000000568 ) ) ;
#3907 = CARTESIAN_POINT ( 'NONE',  ( -254.6766691096509874, 1523.191285703656376, 11.49999999999999822 ) ) ;
#3908 = CARTESIAN_POINT ( 'NONE',  ( -203.4312958390566450, 1398.601106651571854, 10.49999999999999822 ) ) ;
#3909 = PLANE ( 'NONE',  #387 ) ;
#3910 = VERTEX_POINT ( 'NONE', #150 ) ;
#3911 = LINE ( 'NONE', #1397, #4777 ) ;
#3912 = ADVANCED_FACE ( 'NONE', ( #724 ), #632, .F. ) ;
#3913 = CARTESIAN_POINT ( 'NONE',  ( -208.1812958390566450, 1395.301106651571672, 5.999999999999901412 ) ) ;
#3914 = ORIENTED_EDGE ( 'NONE', *, *, #6218, .T. ) ;
#3915 = LINE ( 'NONE', #3027, #2514 ) ;
#3916 = VERTEX_POINT ( 'NONE', #5943 ) ;
#3917 = ORIENTED_EDGE ( 'NONE', *, *, #526, .F. ) ;
#3918 = CARTESIAN_POINT ( 'NONE',  ( -248.5490843005950978, 1520.295818190034197, 10.90000000000000036 ) ) ;
#3919 = EDGE_CURVE ( 'NONE', #3187, #5409, #2047, .T. ) ;
#3920 = DIRECTION ( 'NONE',  ( -0.000000000000000000, 0.000000000000000000, -1.000000000000000000 ) ) ;
#3921 = CARTESIAN_POINT ( 'NONE',  ( -208.6992450314876919, 1493.686986531620278, 11.50000000000000000 ) ) ;
#3922 = DIRECTION ( 'NONE',  ( 0.000000000000000000, 0.000000000000000000, -1.000000000000000000 ) ) ;
#3923 = EDGE_CURVE ( 'NONE', #2746, #1461, #4086, .T. ) ;
#3924 = EDGE_LOOP ( 'NONE', ( #1543, #5601, #1511, #2889 ) ) ;
#3925 = DIRECTION ( 'NONE',  ( -0.8660254037844379305, -0.5000000000000014433, -0.000000000000000000 ) ) ;
#3926 = EDGE_CURVE ( 'NONE', #2632, #3040, #736, .T. ) ;
#3927 = FACE_OUTER_BOUND ( 'NONE', #4797, .T. ) ;
#3928 = CARTESIAN_POINT ( 'NONE',  ( -213.2889817412365119, 1501.636643706269069, 9.000000000000001776 ) ) ;
#3929 = CARTESIAN_POINT ( 'NONE',  ( -371.4312958390563040, 1522.601106651571854, 5.749999999999905853 ) ) ;
#3930 = AXIS2_PLACEMENT_3D ( 'NONE', #3929, #542, #1954 ) ;
#3931 = LINE ( 'NONE', #4404, #3127 ) ;
#3932 = CARTESIAN_POINT ( 'NONE',  ( -252.1236035313643811, 1521.317452805418725, 11.50000000000000000 ) ) ;
#3933 = CARTESIAN_POINT ( 'NONE',  ( -250.9315223729509796, 1522.099278603036737, 11.50000000000000355 ) ) ;
#3934 = AXIS2_PLACEMENT_3D ( 'NONE', #1876, #4398, #5287 ) ;
#3935 = ORIENTED_EDGE ( 'NONE', *, *, #4337, .T. ) ;
#3936 = CARTESIAN_POINT ( 'NONE',  ( -249.5464173812363526, 1520.779331711722079, 11.50000000000000178 ) ) ;
#3937 = ORIENTED_EDGE ( 'NONE', *, *, #2082, .T. ) ;
#3938 = CARTESIAN_POINT ( 'NONE',  ( -205.1312958390566337, 1398.601106651571854, 6.249999999999939604 ) ) ;
#3939 = DIRECTION ( 'NONE',  ( 0.000000000000000000, -1.000000000000000000, 0.000000000000000000 ) ) ;
#3940 = CARTESIAN_POINT ( 'NONE',  ( -198.4312958390566166, 1395.301106651571672, 11.00000000000000000 ) ) ;
#3941 = VECTOR ( 'NONE', #3292, 1000.000000000000000 ) ;
#3942 = ORIENTED_EDGE ( 'NONE', *, *, #597, .F. ) ;
#3943 = CIRCLE ( 'NONE', #6256, 1.999999999998863798 ) ;
#3944 = LINE ( 'NONE', #1995, #5481 ) ;
#3945 = AXIS2_PLACEMENT_3D ( 'NONE', #2846, #1438, #1947 ) ;
#3946 = VECTOR ( 'NONE', #3400, 1000.000000000000000 ) ;
#3947 = CARTESIAN_POINT ( 'NONE',  ( -248.1252132770972594, 1521.520539295324625, 11.50000000000000000 ) ) ;
#3948 = ORIENTED_EDGE ( 'NONE', *, *, #1276, .T. ) ;
#3949 = CARTESIAN_POINT ( 'NONE',  ( -249.1794010448328152, 1523.392337169005486, 11.50000000000000178 ) ) ;
#3950 = EDGE_LOOP ( 'NONE', ( #1464, #3310, #2304, #5195 ) ) ;
#3951 = ORIENTED_EDGE ( 'NONE', *, *, #1536, .T. ) ;
#3952 = CIRCLE ( 'NONE', #1810, 4.099999999999992539 ) ;
#3953 = CARTESIAN_POINT ( 'NONE',  ( -249.9128435569760995, 1519.530676044723577, 11.49999999999999645 ) ) ;
#3954 =( NAMED_UNIT ( * ) PLANE_ANGLE_UNIT ( ) SI_UNIT ( $, .RADIAN. ) );
#3955 = LINE ( 'NONE', #3125, #403 ) ;
#3956 = AXIS2_PLACEMENT_3D ( 'NONE', #3641, #5071, #222 ) ;
#3957 = CARTESIAN_POINT ( 'NONE',  ( -207.3080216973946222, 1507.687828808946733, 0.000000000000000000 ) ) ;
#3958 = ADVANCED_FACE ( 'NONE', ( #3103 ), #1093, .T. ) ;
#3959 = CARTESIAN_POINT ( 'NONE',  ( -198.4312958390566450, 1495.366478455931883, 0.4999999999999449329 ) ) ;
#3960 = AXIS2_PLACEMENT_3D ( 'NONE', #4940, #2555, #4462 ) ;
#3961 = ORIENTED_EDGE ( 'NONE', *, *, #2718, .F. ) ;
#3962 = PLANE ( 'NONE',  #2635 ) ;
#3963 = CARTESIAN_POINT ( 'NONE',  ( -211.7080216973943152, 1507.687828808946733, 0.000000000000000000 ) ) ;
#3964 = DIRECTION ( 'NONE',  ( -0.5773502691896257311, -0.5773502691896900130, -0.5773502691895615602 ) ) ;
#3965 = CARTESIAN_POINT ( 'NONE',  ( -253.1158248215704134, 1523.195595196857766, 10.89999999999999680 ) ) ;
#3966 = VECTOR ( 'NONE', #3755, 1000.000000000000000 ) ;
#3967 = PLANE ( 'NONE',  #2719 ) ;
#3968 = ADVANCED_FACE ( 'NONE', ( #4025 ), #86, .F. ) ;
#3969 = VERTEX_POINT ( 'NONE', #5532 ) ;
#3970 = CARTESIAN_POINT ( 'NONE',  ( -251.9208313306807838, 1520.580481944060239, 11.49999999999999822 ) ) ;
#3971 = CARTESIAN_POINT ( 'NONE',  ( -236.0293727074230219, 1524.022692017425697, 7.500000000000000000 ) ) ;
#3972 = CIRCLE ( 'NONE', #4783, 1.699999999999979305 ) ;
#3973 = VERTEX_POINT ( 'NONE', #122 ) ;
#3974 = ADVANCED_FACE ( 'NONE', ( #4498, #2075 ), #3962, .F. ) ;
#3975 = DIRECTION ( 'NONE',  ( 0.000000000000000000, 0.000000000000000000, -1.000000000000000000 ) ) ;
#3976 = CARTESIAN_POINT ( 'NONE',  ( -248.1252132770972594, 1521.520539295324625, 11.50000000000000000 ) ) ;
#3977 = CARTESIAN_POINT ( 'NONE',  ( -250.5275140831999465, 1523.334060396308814, 11.50000000000000000 ) ) ;
#3978 = VECTOR ( 'NONE', #371, 1000.000000000000000 ) ;
#3979 = ADVANCED_FACE ( 'NONE', ( #3133 ), #5222, .T. ) ;
#3980 = EDGE_LOOP ( 'NONE', ( #1606, #1124, #1337, #2641 ) ) ;
#3981 = EDGE_CURVE ( 'NONE', #1700, #903, #2198, .T. ) ;
#3982 = CARTESIAN_POINT ( 'NONE',  ( -255.8883751089155396, 1522.106408410986887, 10.90000000000000036 ) ) ;
#3983 = LOCAL_TIME ( 9, 44, 2.000000000000000000, #5770 ) ;
#3984 = DIRECTION ( 'NONE',  ( 1.000000000000000000, 0.000000000000000000, 0.000000000000000000 ) ) ;
#3985 = LINE ( 'NONE', #2064, #5162 ) ;
#3986 = CARTESIAN_POINT ( 'NONE',  ( -255.1179990271159568, 1521.518601667989515, 10.89999999999999858 ) ) ;
#3987 = CARTESIAN_POINT ( 'NONE',  ( -207.9312958390566735, 1402.601106651571854, 11.50000000000000000 ) ) ;
#3988 = ORIENTED_EDGE ( 'NONE', *, *, #1156, .F. ) ;
#3989 = ORIENTED_EDGE ( 'NONE', *, *, #4747, .F. ) ;
#3990 = CARTESIAN_POINT ( 'NONE',  ( -249.6750052702610105, 1519.567579295962787, 10.89999999999999680 ) ) ;
#3991 = ADVANCED_FACE ( 'NONE', ( #2747, #1282 ), #4717, .T. ) ;
#3992 = CARTESIAN_POINT ( 'NONE',  ( -254.4745650698259567, 1522.288606651572081, 11.50000000000000178 ) ) ;
#3993 = DIRECTION ( 'NONE',  ( -1.000000000000000000, 0.000000000000000000, -0.000000000000000000 ) ) ;
#3994 = CARTESIAN_POINT ( 'NONE',  ( -248.5986560909697971, 1520.234558140982926, 11.50000000000000000 ) ) ;
#3995 = VERTEX_POINT ( 'NONE', #3295 ) ;
#3996 = CARTESIAN_POINT ( 'NONE',  ( -254.7493336187069985, 1521.017423757632514, 11.50000000000000000 ) ) ;
#3997 = ADVANCED_FACE ( 'NONE', ( #4690 ), #1253, .F. ) ;
#3998 = CARTESIAN_POINT ( 'NONE',  ( -254.7157840513766871, 1524.572479388188185, 10.90000000000000036 ) ) ;
#3999 = DIRECTION ( 'NONE',  ( 0.7071067811865868746, -0.7071067811865081598, 0.000000000000000000 ) ) ;
#4000 = ORIENTED_EDGE ( 'NONE', *, *, #1435, .T. ) ;
#4001 = CARTESIAN_POINT ( 'NONE',  ( -217.8872665666571606, 1527.601106651571854, 11.50000000000000000 ) ) ;
#4002 = CARTESIAN_POINT ( 'NONE',  ( -367.4312958390565313, 1527.601106651571854, 5.749999999999905853 ) ) ;
#4003 = EDGE_LOOP ( 'NONE', ( #3887, #4572 ) ) ;
#4004 = VERTEX_POINT ( 'NONE', #5155 ) ;
#4005 = EDGE_CURVE ( 'NONE', #5596, #1608, #2682, .T. ) ;
#4006 = LINE ( 'NONE', #4574, #1200 ) ;
#4007 = CARTESIAN_POINT ( 'NONE',  ( -253.8567766082874186, 1519.601106651572081, 10.90000000000000036 ) ) ;
#4008 = CARTESIAN_POINT ( 'NONE',  ( -253.9657529539376526, 1522.415693337907442, 11.49999999999999645 ) ) ;
#4009 = VERTEX_POINT ( 'NONE', #2169 ) ;
#4010 = CARTESIAN_POINT ( 'NONE',  ( -254.9709200249363334, 1524.594601482290500, 11.50000000000000355 ) ) ;
#4011 = EDGE_CURVE ( 'NONE', #4947, #5989, #3699, .T. ) ;
#4012 = CYLINDRICAL_SURFACE ( 'NONE', #3128, 1.699999999999979305 ) ;
#4013 = EDGE_CURVE ( 'NONE', #4312, #5596, #5625, .T. ) ;
#4014 = DIRECTION ( 'NONE',  ( -7.862141829747215893E-14, -0.7071067811865082708, -0.7071067811865867636 ) ) ;
#4015 = FACE_OUTER_BOUND ( 'NONE', #6190, .T. ) ;
#4016 = CARTESIAN_POINT ( 'NONE',  ( -250.8713675967087511, 1522.170311265277860, 10.90000000000000213 ) ) ;
#4017 = ORIENTED_EDGE ( 'NONE', *, *, #5814, .F. ) ;
#4018 = ORIENTED_EDGE ( 'NONE', *, *, #519, .T. ) ;
#4019 = LINE ( 'NONE', #1587, #2135 ) ;
#4020 = ORIENTED_EDGE ( 'NONE', *, *, #4005, .T. ) ;
#4021 = CARTESIAN_POINT ( 'NONE',  ( -237.9293727074230276, 1525.601106651572991, 11.50000000000000000 ) ) ;
#4022 = LINE ( 'NONE', #1531, #393 ) ;
#4023 = FACE_OUTER_BOUND ( 'NONE', #4584, .T. ) ;
#4024 = VERTEX_POINT ( 'NONE', #310 ) ;
#4025 = FACE_OUTER_BOUND ( 'NONE', #3501, .T. ) ;
#4026 = DIRECTION ( 'NONE',  ( -0.6123724356957553905, -0.3535533905934128973, -0.7071067811865118236 ) ) ;
#4027 = DIRECTION ( 'NONE',  ( 0.000000000000000000, 0.000000000000000000, -1.000000000000000000 ) ) ;
#4028 = FACE_OUTER_BOUND ( 'NONE', #433, .T. ) ;
#4029 = ORIENTED_EDGE ( 'NONE', *, *, #4370, .F. ) ;
#4030 = FACE_OUTER_BOUND ( 'NONE', #38, .T. ) ;
#4031 = ORIENTED_EDGE ( 'NONE', *, *, #6140, .T. ) ;
#4032 = ORIENTED_EDGE ( 'NONE', *, *, #421, .F. ) ;
#4033 = FACE_OUTER_BOUND ( 'NONE', #3494, .T. ) ;
#4034 = CARTESIAN_POINT ( 'NONE',  ( -249.8471612236720603, 1523.524183574649896, 10.90000000000000213 ) ) ;
#4035 = CARTESIAN_POINT ( 'NONE',  ( -254.2953844897949409, 1522.319355717472945, 11.50000000000000000 ) ) ;
#4036 = ORIENTED_EDGE ( 'NONE', *, *, #5171, .T. ) ;
#4037 = EDGE_CURVE ( 'NONE', #3279, #238, #3253, .T. ) ;
#4038 = AXIS2_PLACEMENT_3D ( 'NONE', #839, #360, #3285 ) ;
#4039 = CARTESIAN_POINT ( 'NONE',  ( -255.6812958390567019, 1524.601106651571854, 11.50000000000000000 ) ) ;
#4040 = B_SPLINE_CURVE_WITH_KNOTS ( 'NONE', 3,
 ( #4897, #5728, #5269, #4317, #3841, #2377, #4768, #39, #3907, #4411, #1045, #5829, #1392, #6241, #6, #424, #2345, #4288, #6212 ),
 .UNSPECIFIED., .F., .F.,
 ( 4, 1, 1, 1, 1, 1, 1, 1, 1, 1, 1, 1, 1, 1, 1, 1, 4 ),
 ( 0.000000000000000000, 0.1061220641064884035, 0.2021804643870238893, 0.2875840018686660060, 0.3629904172440800436, 0.4271937923606469734, 0.4814680386188594508, 0.5253270264181311155, 0.5595484740348205532, 0.6156943539570917112, 0.6695949516456836115, 0.7218197463133755321, 0.7739097670927489458, 0.8270849392622940943, 0.8813591855205440417, 0.9387954458730635166, 1.000000000000000000 ),
 .UNSPECIFIED. ) ;
#4041 = PLANE ( 'NONE',  #2414 ) ;
#4042 = CARTESIAN_POINT ( 'NONE',  ( -253.5097732462168665, 1521.257184816814743, 11.50000000000000711 ) ) ;
#4043 = DIRECTION ( 'NONE',  ( 0.7071067811865082708, 0.000000000000000000, 0.7071067811865868746 ) ) ;
#4044 = VECTOR ( 'NONE', #5534, 1000.000000000000000 ) ;
#4045 = VECTOR ( 'NONE', #3283, 1000.000000000000000 ) ;
#4046 = LINE ( 'NONE', #1149, #1095 ) ;
#4047 = ORIENTED_EDGE ( 'NONE', *, *, #2717, .F. ) ;
#4048 = ORIENTED_EDGE ( 'NONE', *, *, #4379, .T. ) ;
#4049 = LINE ( 'NONE', #5555, #1121 ) ;
#4050 = AXIS2_PLACEMENT_3D ( 'NONE', #1052, #582, #2508 ) ;
#4051 = EDGE_LOOP ( 'NONE', ( #5839, #3410, #2528, #4095 ) ) ;
#4052 = PLANE ( 'NONE',  #4449 ) ;
#4053 = CARTESIAN_POINT ( 'NONE',  ( -252.9714495025036740, 1524.067317878700578, 10.89999999999999858 ) ) ;
#4054 = VECTOR ( 'NONE', #2943, 1000.000000000000114 ) ;
#4055 = ADVANCED_FACE ( 'NONE', ( #344 ), #2260, .T. ) ;
#4056 = DIRECTION ( 'NONE',  ( -1.000000000000000000, 0.000000000000000000, 0.000000000000000000 ) ) ;
#4057 = AXIS2_PLACEMENT_3D ( 'NONE', #5930, #5961, #2575 ) ;
#4058 = VERTEX_POINT ( 'NONE', #3730 ) ;
#4059 = DIRECTION ( 'NONE',  ( -1.000000000000000000, 0.000000000000000000, 1.748713181428229849E-16 ) ) ;
#4060 = CARTESIAN_POINT ( 'NONE',  ( -252.9708152153909850, 1523.884301839610544, 11.50000000000000000 ) ) ;
#4061 = CARTESIAN_POINT ( 'NONE',  ( -253.8183727441750079, 1522.478817921641621, 10.90000000000000213 ) ) ;
#4062 = VECTOR ( 'NONE', #1846, 1000.000000000000000 ) ;
#4063 = VERTEX_POINT ( 'NONE', #782 ) ;
#4064 = CARTESIAN_POINT ( 'NONE',  ( -250.9330101631768173, 1520.905920344247761, 10.90000000000000213 ) ) ;
#4065 = ORIENTED_EDGE ( 'NONE', *, *, #1746, .F. ) ;
#4066 = AXIS2_PLACEMENT_3D ( 'NONE', #5385, #2430, #2009 ) ;
#4067 = LINE ( 'NONE', #2119, #1694 ) ;
#4068 = DIRECTION ( 'NONE',  ( 0.000000000000000000, 1.000000000000000000, 0.000000000000000000 ) ) ;
#4069 = EDGE_LOOP ( 'NONE', ( #3155, #2948, #4483, #5956 ) ) ;
#4070 = CONICAL_SURFACE ( 'NONE', #5774, 1.699999999999979305, 0.7853981633974425058 ) ;
#4071 = CARTESIAN_POINT ( 'NONE',  ( -217.8872665666571606, 1527.601106651571854, 11.00000000000000000 ) ) ;
#4072 = CARTESIAN_POINT ( 'NONE',  ( -200.4763243712475571, 1507.444470161476374, 11.00000000000005507 ) ) ;
#4073 = CARTESIAN_POINT ( 'NONE',  ( -253.7418646693006679, 1521.607416095710278, 11.49999999999999822 ) ) ;
#4074 = AXIS2_PLACEMENT_3D ( 'NONE', #4827, #5726, #6239 ) ;
#4075 = CARTESIAN_POINT ( 'NONE',  ( -255.3920112163367548, 1521.840763271581181, 10.89999999999999680 ) ) ;
#4076 = EDGE_CURVE ( 'NONE', #967, #6097, #4178, .T. ) ;
#4077 = ORIENTED_EDGE ( 'NONE', *, *, #1585, .T. ) ;
#4078 = B_SPLINE_CURVE_WITH_KNOTS ( 'NONE', 3,
 ( #837, #2215, #1832, #4123, #887, #2764, #799, #3211, #4703, #2825, #4190, #4633, #4159, #3245, #766, #2246, #5172, #2728, #3306 ),
 .UNSPECIFIED., .F., .F.,
 ( 4, 1, 1, 1, 1, 1, 1, 1, 1, 1, 1, 1, 1, 1, 1, 1, 4 ),
 ( 0.000000000000000000, 0.08076351623406155533, 0.1560888091516533793, 0.2271878732431435732, 0.2947388902563665702, 0.3588525225472553593, 0.4200087027996712297, 0.4789558966409275254, 0.5367640192035209035, 0.5938932380464085892, 0.6497432151565705194, 0.7055445742142532062, 0.7611815336900811246, 0.8184886332503780171, 0.8766536536395392876, 0.9373476407922400888, 1.000000000000000000 ),
 .UNSPECIFIED. ) ;
#4079 = VERTEX_POINT ( 'NONE', #4595 ) ;
#4080 = DIRECTION ( 'NONE',  ( -0.000000000000000000, -0.000000000000000000, 1.000000000000000000 ) ) ;
#4081 = ORIENTED_EDGE ( 'NONE', *, *, #5203, .F. ) ;
#4082 = DIRECTION ( 'NONE',  ( -3.558407130208834256E-15, 0.000000000000000000, 1.000000000000000000 ) ) ;
#4083 = ADVANCED_FACE ( 'NONE', ( #1815 ), #1317, .F. ) ;
#4084 = PLANE ( 'NONE',  #316 ) ;
#4085 = ORIENTED_EDGE ( 'NONE', *, *, #4704, .F. ) ;
#4086 = LINE ( 'NONE', #1633, #2735 ) ;
#4087 = EDGE_CURVE ( 'NONE', #660, #1296, #246, .T. ) ;
#4088 = CARTESIAN_POINT ( 'NONE',  ( -198.9312958390565598, 1395.051106651571672, 5.999999999999934275 ) ) ;
#4089 = EDGE_CURVE ( 'NONE', #5301, #5682, #4111, .T. ) ;
#4090 = CARTESIAN_POINT ( 'NONE',  ( -198.9312958390566166, 1402.601106651571854, 0.4999999999999449329 ) ) ;
#4091 = DIRECTION ( 'NONE',  ( -0.000000000000000000, -0.000000000000000000, 1.000000000000000000 ) ) ;
#4092 = ORIENTED_EDGE ( 'NONE', *, *, #6167, .T. ) ;
#4093 = PLANE ( 'NONE',  #4759 ) ;
#4094 = CARTESIAN_POINT ( 'NONE',  ( -253.3453429898192439, 1522.835166445754794, 10.89999999999999680 ) ) ;
#4095 = ORIENTED_EDGE ( 'NONE', *, *, #2374, .T. ) ;
#4096 = MANIFOLD_SOLID_BREP ( 'Enlèv. mat.-Extru.5', #2700 ) ;
#4097 = DIRECTION ( 'NONE',  ( 0.5222179225941548930, -0.8528120785503950918, 0.000000000000000000 ) ) ;
#4098 = CARTESIAN_POINT ( 'NONE',  ( -203.4312958390566450, 1398.601106651571854, 5.749999999999905853 ) ) ;
#4099 = LINE ( 'NONE', #4124, #4149 ) ;
#4100 = DIRECTION ( 'NONE',  ( 0.000000000000000000, -0.000000000000000000, -1.000000000000000000 ) ) ;
#4101 = ORIENTED_EDGE ( 'NONE', *, *, #4164, .T. ) ;
#4102 = ORIENTED_EDGE ( 'NONE', *, *, #157, .T. ) ;
#4103 = CARTESIAN_POINT ( 'NONE',  ( -249.3142386642072097, 1521.205104200252435, 11.49999999999999822 ) ) ;
#4104 = ORIENTED_EDGE ( 'NONE', *, *, #1441, .F. ) ;
#4105 = LINE ( 'NONE', #6026, #4142 ) ;
#4106 = LINE ( 'NONE', #3222, #6150 ) ;
#4107 = LINE ( 'NONE', #5004, #5570 ) ;
#4108 = EDGE_CURVE ( 'NONE', #3818, #1963, #1684, .T. ) ;
#4109 = DIRECTION ( 'NONE',  ( -0.000000000000000000, 0.000000000000000000, 1.000000000000000000 ) ) ;
#4110 = ORIENTED_EDGE ( 'NONE', *, *, #2274, .F. ) ;
#4111 = LINE ( 'NONE', #6032, #4876 ) ;
#4112 = CARTESIAN_POINT ( 'NONE',  ( -254.7802419034643151, 1524.583635407902875, 10.90000000000000036 ) ) ;
#4113 = CARTESIAN_POINT ( 'NONE',  ( -254.3010867101953068, 1522.173710302262407, 10.90000000000000213 ) ) ;
#4114 = CARTESIAN_POINT ( 'NONE',  ( -206.2812958390566109, 1395.301106651571672, 7.000000000000000000 ) ) ;
#4115 = ORIENTED_EDGE ( 'NONE', *, *, #2769, .F. ) ;
#4116 = LINE ( 'NONE', #186, #2019 ) ;
#4117 = EDGE_CURVE ( 'NONE', #3698, #320, #5566, .T. ) ;
#4118 = EDGE_CURVE ( 'NONE', #4708, #2096, #275, .T. ) ;
#4119 = ORIENTED_EDGE ( 'NONE', *, *, #815, .T. ) ;
#4120 = CARTESIAN_POINT ( 'NONE',  ( -237.3293727074229764, 1517.601106651571854, 6.999999999999971578 ) ) ;
#4121 = CARTESIAN_POINT ( 'NONE',  ( -248.1288821386443715, 1521.787137396539265, 10.89999999999999680 ) ) ;
#4122 = ORIENTED_EDGE ( 'NONE', *, *, #3923, .F. ) ;
#4123 = CARTESIAN_POINT ( 'NONE',  ( -249.2904633241947181, 1521.779494484515908, 10.90000000000000391 ) ) ;
#4124 = CARTESIAN_POINT ( 'NONE',  ( -374.7312958390564859, 1517.601106651571854, 11.50000000000000000 ) ) ;
#4125 = FACE_OUTER_BOUND ( 'NONE', #3675, .T. ) ;
#4126 = AXIS2_PLACEMENT_3D ( 'NONE', #2474, #1018, #5305 ) ;
#4127 = ORIENTED_EDGE ( 'NONE', *, *, #2193, .F. ) ;
#4128 = VERTEX_POINT ( 'NONE', #2907 ) ;
#4129 = CARTESIAN_POINT ( 'NONE',  ( -254.7642285313643811, 1524.581875882341365, 11.50000000000000000 ) ) ;
#4130 = PLANE ( 'NONE',  #6077 ) ;
#4131 = VECTOR ( 'NONE', #1809, 1000.000000000000114 ) ;
#4132 = EDGE_LOOP ( 'NONE', ( #5731, #4032, #3186, #1428 ) ) ;
#4133 = CARTESIAN_POINT ( 'NONE',  ( -367.1812958390565313, 1527.101106651571854, 0.2499999999999724665 ) ) ;
#4134 = CARTESIAN_POINT ( 'NONE',  ( -250.3585925975173154, 1519.527776799257481, 11.50000000000000355 ) ) ;
#4135 = AXIS2_PLACEMENT_3D ( 'NONE', #3605, #2655, #2526 ) ;
#4136 = VECTOR ( 'NONE', #2271, 1000.000000000000000 ) ;
#4137 = DIRECTION ( 'NONE',  ( -1.000000000000000000, 0.000000000000000000, 0.000000000000000000 ) ) ;
#4138 = FACE_OUTER_BOUND ( 'NONE', #6118, .T. ) ;
#4139 = VERTEX_POINT ( 'NONE', #5844 ) ;
#4140 = CARTESIAN_POINT ( 'NONE',  ( -207.9312958390566166, 1394.801106651571672, 11.00000000000005507 ) ) ;
#4141 = CARTESIAN_POINT ( 'NONE',  ( -256.4036516082874186, 1522.139568190033515, 11.50000000000000000 ) ) ;
#4142 = VECTOR ( 'NONE', #3630, 1000.000000000000114 ) ;
#4143 = CARTESIAN_POINT ( 'NONE',  ( -374.7312958390564859, 1518.101106651571627, 11.50000000000000000 ) ) ;
#4144 = DIRECTION ( 'NONE',  ( 0.5773502691896471584, -0.5773502691896471584, -0.5773502691895830985 ) ) ;
#4145 = EDGE_CURVE ( 'NONE', #4128, #5604, #2389, .T. ) ;
#4146 = ORIENTED_EDGE ( 'NONE', *, *, #5028, .F. ) ;
#4147 = B_SPLINE_CURVE_WITH_KNOTS ( 'NONE', 3,
 ( #258, #5904, #1076, #1551, #4010, #2089, #2600, #3020, #231, #3116, #4039 ),
 .UNSPECIFIED., .F., .F.,
 ( 4, 1, 1, 1, 1, 1, 1, 1, 4 ),
 ( 0.000000000000000000, 0.05265892874549680386, 0.1248127157245952357, 0.2192102179564334730, 0.3332050912219307048, 0.4694640205394202681, 0.6253523620738657973, 0.8021990883184395571, 0.9999999999999998890 ),
 .UNSPECIFIED. ) ;
#4148 = CARTESIAN_POINT ( 'NONE',  ( -251.0251067433949572, 1521.066534338960764, 11.49999999999999822 ) ) ;
#4149 = VECTOR ( 'NONE', #741, 1000.000000000000000 ) ;
#4150 = VERTEX_POINT ( 'NONE', #2810 ) ;
#4151 = CARTESIAN_POINT ( 'NONE',  ( -249.2920170759355756, 1521.314221234808201, 10.90000000000000036 ) ) ;
#4152 = ORIENTED_EDGE ( 'NONE', *, *, #226, .F. ) ;
#4153 = DIRECTION ( 'NONE',  ( 5.419332810632535429E-15, -1.000000000000000000, 0.000000000000000000 ) ) ;
#4154 = LINE ( 'NONE', #5515, #3246 ) ;
#4155 = CARTESIAN_POINT ( 'NONE',  ( -248.1513588887894457, 1521.988798957946301, 10.90000000000000213 ) ) ;
#4156 = AXIS2_PLACEMENT_3D ( 'NONE', #5606, #416, #353 ) ;
#4157 = ADVANCED_FACE ( 'NONE', ( #4881 ), #6225, .T. ) ;
#4158 = ORIENTED_EDGE ( 'NONE', *, *, #2475, .T. ) ;
#4159 = CARTESIAN_POINT ( 'NONE',  ( -249.7071048268703350, 1522.430230981192381, 10.90000000000000213 ) ) ;
#4160 = VECTOR ( 'NONE', #3825, 1000.000000000000000 ) ;
#4161 = DIRECTION ( 'NONE',  ( 1.000000000000000000, 0.000000000000000000, 0.000000000000000000 ) ) ;
#4162 = DIRECTION ( 'NONE',  ( -0.000000000000000000, -0.000000000000000000, -1.000000000000000000 ) ) ;
#4163 = EDGE_CURVE ( 'NONE', #67, #3205, #1123, .T. ) ;
#4164 = EDGE_CURVE ( 'NONE', #420, #4295, #1015, .T. ) ;
#4165 = AXIS2_PLACEMENT_3D ( 'NONE', #4682, #1339, #5709 ) ;
#4166 = ORIENTED_EDGE ( 'NONE', *, *, #2684, .T. ) ;
#4167 = CARTESIAN_POINT ( 'NONE',  ( -208.4312958390566450, 1492.686986531620050, 11.00000000000000000 ) ) ;
#4168 = CARTESIAN_POINT ( 'NONE',  ( -210.4312958390566450, 1492.686986531620050, 11.50000000000000000 ) ) ;
#4169 = AXIS2_PLACEMENT_3D ( 'NONE', #3971, #6064, #3666 ) ;
#4170 = VERTEX_POINT ( 'NONE', #2723 ) ;
#4171 = CARTESIAN_POINT ( 'NONE',  ( -254.8852210823555708, 1524.590484346234462, 10.89999999999999503 ) ) ;
#4172 = CARTESIAN_POINT ( 'NONE',  ( -251.7389921660574998, 1520.273133704831025, 11.50000000000000000 ) ) ;
#4173 = VECTOR ( 'NONE', #5690, 1000.000000000000114 ) ;
#4174 = EDGE_CURVE ( 'NONE', #995, #1865, #5268, .T. ) ;
#4175 = LINE ( 'NONE', #6098, #1025 ) ;
#4176 = FACE_OUTER_BOUND ( 'NONE', #3769, .T. ) ;
#4177 = ORIENTED_EDGE ( 'NONE', *, *, #4699, .F. ) ;
#4178 = LINE ( 'NONE', #876, #211 ) ;
#4179 = CARTESIAN_POINT ( 'NONE',  ( -237.3293727074229764, 1517.601106651571854, 10.90000000000000036 ) ) ;
#4180 = CARTESIAN_POINT ( 'NONE',  ( -228.1293727074229878, 1525.601106651572081, 7.500000000000000000 ) ) ;
#4181 = DIRECTION ( 'NONE',  ( -4.022547190670782203E-15, 1.000000000000000000, 0.000000000000000000 ) ) ;
#4182 = EDGE_LOOP ( 'NONE', ( #75, #1714, #2904, #574 ) ) ;
#4183 = CARTESIAN_POINT ( 'NONE',  ( -371.4312958390563040, 1522.601106651571854, 5.749999999999905853 ) ) ;
#4184 = ADVANCED_FACE ( 'NONE', ( #3799 ), #3772, .F. ) ;
#4185 = VERTEX_POINT ( 'NONE', #1327 ) ;
#4186 = CARTESIAN_POINT ( 'NONE',  ( -238.4293727074229707, 1529.147553260978611, 5.953553390593203432 ) ) ;
#4187 = CARTESIAN_POINT ( 'NONE',  ( -253.2935712148909317, 1524.971100794918357, 11.50000000000000000 ) ) ;
#4188 = DIRECTION ( 'NONE',  ( 0.000000000000000000, 0.000000000000000000, -1.000000000000000000 ) ) ;
#4189 = EDGE_LOOP ( 'NONE', ( #379, #2974, #4465, #2753 ) ) ;
#4190 = CARTESIAN_POINT ( 'NONE',  ( -249.5718587578852521, 1522.338400022091264, 10.90000000000000036 ) ) ;
#4191 = EDGE_CURVE ( 'NONE', #5343, #2468, #4282, .T. ) ;
#4192 = DIRECTION ( 'NONE',  ( -1.000000000000000000, 0.000000000000000000, 0.000000000000000000 ) ) ;
#4193 = DIRECTION ( 'NONE',  ( -0.7071067811865868746, -0.7071067811865081598, 7.826662863589857189E-14 ) ) ;
#4194 = CARTESIAN_POINT ( 'NONE',  ( -374.7312958390565427, 0.000000000000000000, 5.749999999999905853 ) ) ;
#4195 = ORIENTED_EDGE ( 'NONE', *, *, #3417, .F. ) ;
#4196 = CARTESIAN_POINT ( 'NONE',  ( -254.1606884572446461, 1524.148393763378408, 11.49999999999999822 ) ) ;
#4197 = CARTESIAN_POINT ( 'NONE',  ( -255.0309963344313360, 1521.401228272507296, 10.90000000000000213 ) ) ;
#4198 = EDGE_CURVE ( 'NONE', #3203, #2556, #3329, .T. ) ;
#4199 = EDGE_CURVE ( 'NONE', #3472, #149, #5671, .T. ) ;
#4200 = ORIENTED_EDGE ( 'NONE', *, *, #5733, .F. ) ;
#4201 = CARTESIAN_POINT ( 'NONE',  ( -254.6766691096509874, 1523.191285703656376, 10.89999999999999858 ) ) ;
#4202 = CARTESIAN_POINT ( 'NONE',  ( -250.3585925975173154, 1519.527776799257481, 10.90000000000000036 ) ) ;
#4203 = FACE_OUTER_BOUND ( 'NONE', #3210, .T. ) ;
#4204 = LINE ( 'NONE', #2809, #4173 ) ;
#4205 = CARTESIAN_POINT ( 'NONE',  ( -204.3734386882775595, 1505.194470161476374, 9.500000000000000000 ) ) ;
#4206 =( BOUNDED_CURVE ( )  B_SPLINE_CURVE ( 3, ( #6228, #913, #537, #5254 ),
 .UNSPECIFIED., .F., .T. ) 
 B_SPLINE_CURVE_WITH_KNOTS ( ( 4, 4 ),
 ( 0.6125547383393092904, 0.7564563846683520776 ),
 .UNSPECIFIED. ) 
 CURVE ( )  GEOMETRIC_REPRESENTATION_ITEM ( )  RATIONAL_B_SPLINE_CURVE ( ( 1.000000000000000000, 0.9982751040121544683, 0.9982751040121544683, 1.000000000000000000 ) ) 
 REPRESENTATION_ITEM ( '' )  );
#4207 = PLANE ( 'NONE',  #2212 ) ;
#4208 = CARTESIAN_POINT ( 'NONE',  ( -253.2353823775181922, 1520.788606651571854, 10.90000000000000036 ) ) ;
#4209 = DIRECTION ( 'NONE',  ( 0.000000000000000000, -0.000000000000000000, 1.000000000000000000 ) ) ;
#4210 = VERTEX_POINT ( 'NONE', #3275 ) ;
#4211 = B_SPLINE_CURVE_WITH_KNOTS ( 'NONE', 3,
 ( #1424, #2346, #4865, #3372, #425, #3842, #521, #3308, #2310, #1863, #3807, #959, #5767, #40, #2894, #3779, #2446, #1961, #864 ),
 .UNSPECIFIED., .F., .F.,
 ( 4, 1, 1, 1, 1, 1, 1, 1, 1, 1, 1, 1, 1, 1, 1, 1, 4 ),
 ( 0.000000000000000000, 0.06868200889000863896, 0.1341053709709379427, 0.1975679288876397433, 0.2586952636031243924, 0.3189424287643881639, 0.3783525933343366843, 0.4377332491936547498, 0.4977361043058721735, 0.5581216416410359482, 0.6177169549676237992, 0.6778878797972838210, 0.7389318705068441684, 0.8010022243489125504, 0.8649586617602372796, 0.9313520245996934621, 1.000000000000000000 ),
 .UNSPECIFIED. ) ;
#4212 = DIRECTION ( 'NONE',  ( 0.000000000000000000, 1.000000000000000000, 0.000000000000000000 ) ) ;
#4213 = ORIENTED_EDGE ( 'NONE', *, *, #126, .F. ) ;
#4214 = DIRECTION ( 'NONE',  ( 0.000000000000000000, 0.000000000000000000, -1.000000000000000000 ) ) ;
#4215 = DIRECTION ( 'NONE',  ( 0.000000000000000000, 0.000000000000000000, -1.000000000000000000 ) ) ;
#4216 = DIRECTION ( 'NONE',  ( -1.000000000000000000, 0.000000000000000000, 0.000000000000000000 ) ) ;
#4217 = CARTESIAN_POINT ( 'NONE',  ( -253.9197764559779671, 1525.443388149177281, 10.90000000000000213 ) ) ;
#4218 = ORIENTED_EDGE ( 'NONE', *, *, #1510, .F. ) ;
#4219 = CARTESIAN_POINT ( 'NONE',  ( -249.4504000994049306, 1519.627227069186347, 10.90000000000000568 ) ) ;
#4220 = CARTESIAN_POINT ( 'NONE',  ( -248.5490843005950978, 1520.295818190034197, 10.90000000000000036 ) ) ;
#4221 = CARTESIAN_POINT ( 'NONE',  ( -374.9812958390565427, 1517.851106651571854, 11.00000000000002665 ) ) ;
#4222 = CARTESIAN_POINT ( 'NONE',  ( -248.3162054354907582, 1522.533080455037862, 11.49999999999999645 ) ) ;
#4223 = EDGE_CURVE ( 'NONE', #5227, #2640, #4650, .T. ) ;
#4224 = EDGE_LOOP ( 'NONE', ( #3156, #5482, #6153, #5618 ) ) ;
#4225 = CARTESIAN_POINT ( 'NONE',  ( -255.1975831917781647, 1521.618305533251714, 10.90000000000000036 ) ) ;
#4226 = ORIENTED_EDGE ( 'NONE', *, *, #5389, .T. ) ;
#4227 = CARTESIAN_POINT ( 'NONE',  ( -205.4849454860411981, 1506.719656408161200, 7.000000000000000000 ) ) ;
#4228 = VECTOR ( 'NONE', #1207, 1000.000000000000000 ) ;
#4229 = LINE ( 'NONE', #4296, #4852 ) ;
#4230 = EDGE_CURVE ( 'NONE', #5165, #3685, #4727, .T. ) ;
#4231 = ADVANCED_FACE ( 'NONE', ( #3207 ), #5983, .T. ) ;
#4232 = DIRECTION ( 'NONE',  ( 0.4604154969118890994, -0.8877035373385521178, 0.000000000000000000 ) ) ;
#4233 = VECTOR ( 'NONE', #3693, 1000.000000000000000 ) ;
#4234 = CARTESIAN_POINT ( 'NONE',  ( -255.0049428010179327, 1523.156900771903338, 11.50000000000000000 ) ) ;
#4235 = DIRECTION ( 'NONE',  ( -1.000000000000000000, 0.000000000000000000, 0.000000000000000000 ) ) ;
#4236 = CARTESIAN_POINT ( 'NONE',  ( -254.4745650698258999, 1522.288606651571854, 10.90000000000000036 ) ) ;
#4237 = PLANE ( 'NONE',  #5361 ) ;
#4238 = LINE ( 'NONE', #6170, #2300 ) ;
#4239 = VECTOR ( 'NONE', #451, 1000.000000000000000 ) ;
#4240 = ADVANCED_FACE ( 'NONE', ( #3188 ), #3873, .F. ) ;
#4241 = VERTEX_POINT ( 'NONE', #1712 ) ;
#4242 = EDGE_LOOP ( 'NONE', ( #605, #696, #6270, #2838 ) ) ;
#4243 = DIRECTION ( 'NONE',  ( 0.000000000000000000, 0.000000000000000000, 1.000000000000000000 ) ) ;
#4244 = VECTOR ( 'NONE', #2146, 1000.000000000000114 ) ;
#4245 = ORIENTED_EDGE ( 'NONE', *, *, #6234, .T. ) ;
#4246 = DIRECTION ( 'NONE',  ( -0.7071067811864805153, 0.5000000000000436318, -0.5000000000000510703 ) ) ;
#4247 = VECTOR ( 'NONE', #763, 1000.000000000000114 ) ;
#4248 = CARTESIAN_POINT ( 'NONE',  ( -249.2780734435269494, 1521.593525541887630, 10.90000000000000036 ) ) ;
#4249 = CARTESIAN_POINT ( 'NONE',  ( -375.2312958390564859, 1525.951106651571763, 7.000000000000000000 ) ) ;
#4250 = LINE ( 'NONE', #1329, #1681 ) ;
#4251 = DIRECTION ( 'NONE',  ( 1.000000000000000000, 0.000000000000000000, 0.000000000000000000 ) ) ;
#4252 = AXIS2_PLACEMENT_3D ( 'NONE', #2396, #4335, #4850 ) ;
#4253 = ORIENTED_EDGE ( 'NONE', *, *, #2850, .T. ) ;
#4254 = EDGE_CURVE ( 'NONE', #1316, #3853, #6056, .T. ) ;
#4255 = CARTESIAN_POINT ( 'NONE',  ( -250.1224016082874186, 1522.524183574649669, 11.50000000000000000 ) ) ;
#4256 = AXIS2_PLACEMENT_3D ( 'NONE', #1219, #1723, #4654 ) ;
#4257 = DIRECTION ( 'NONE',  ( 0.7071067811865474617, -0.7071067811865474617, -0.000000000000000000 ) ) ;
#4258 = CARTESIAN_POINT ( 'NONE',  ( -248.1288821386443715, 1521.787137396539265, 10.89999999999999680 ) ) ;
#4259 = ORIENTED_EDGE ( 'NONE', *, *, #4612, .F. ) ;
#4260 = CALENDAR_DATE ( 2023, 8, 6 ) ;
#4261 = ORIENTED_EDGE ( 'NONE', *, *, #1546, .T. ) ;
#4262 = VECTOR ( 'NONE', #1183, 1000.000000000000000 ) ;
#4263 = CARTESIAN_POINT ( 'NONE',  ( -205.4849454860411981, 1506.719656408161200, 9.000000000000001776 ) ) ;
#4264 = EDGE_CURVE ( 'NONE', #1959, #1865, #808, .T. ) ;
#4265 = ORIENTED_EDGE ( 'NONE', *, *, #5703, .F. ) ;
#4266 = FACE_OUTER_BOUND ( 'NONE', #1180, .T. ) ;
#4267 = AXIS2_PLACEMENT_3D ( 'NONE', #505, #1949, #3416 ) ;
#4268 = FACE_OUTER_BOUND ( 'NONE', #175, .T. ) ;
#4269 = DIRECTION ( 'NONE',  ( -0.000000000000000000, -0.000000000000000000, 1.000000000000000000 ) ) ;
#4270 = AXIS2_PLACEMENT_3D ( 'NONE', #5617, #3218, #1369 ) ;
#4271 = CARTESIAN_POINT ( 'NONE',  ( -254.5883433169619536, 1523.212694922669698, 11.50000000000000178 ) ) ;
#4272 = EDGE_CURVE ( 'NONE', #1794, #3121, #3263, .T. ) ;
#4273 = CARTESIAN_POINT ( 'NONE',  ( -256.2090859604481352, 1522.138717467258630, 11.50000000000000355 ) ) ;
#4274 = DIRECTION ( 'NONE',  ( -0.8660254037844379305, -0.5000000000000014433, 0.000000000000000000 ) ) ;
#4275 = CC_DESIGN_DATE_AND_TIME_ASSIGNMENT ( #4321, #1866, ( #898 ) ) ;
#4276 = CARTESIAN_POINT ( 'NONE',  ( -253.8121668437431424, 1525.399846271211345, 10.90000000000000213 ) ) ;
#4277 = B_SPLINE_CURVE_WITH_KNOTS ( 'NONE', 3,
 ( #5917, #2078, #5890, #5947, #2017, #1538, #3965, #658, #690, #2590, #1161, #183, #2114, #4061, #5980, #2623, #3702, #5628, #4622 ),
 .UNSPECIFIED., .F., .F.,
 ( 4, 1, 1, 1, 1, 1, 1, 1, 1, 1, 1, 1, 1, 1, 1, 1, 4 ),
 ( 0.000000000000000000, 0.06619453496947665105, 0.1293623663899941822, 0.1907947674848660125, 0.2505245028235364435, 0.3087824708553092434, 0.3666451887979906843, 0.4237216304414958556, 0.4819105218696304593, 0.5400444998771962712, 0.5990830269688223186, 0.6596564083095092235, 0.7216885753940254222, 0.7868329515474055125, 0.8540489251572781493, 0.9253021916125967472, 1.000000000000000000 ),
 .UNSPECIFIED. ) ;
#4278 = PLANE ( 'NONE',  #619 ) ;
#4279 = EDGE_CURVE ( 'NONE', #5989, #1742, #1886, .T. ) ;
#4280 = ORIENTED_EDGE ( 'NONE', *, *, #1942, .T. ) ;
#4281 = EDGE_CURVE ( 'NONE', #141, #1545, #2188, .T. ) ;
#4282 = LINE ( 'NONE', #5721, #2947 ) ;
#4283 = CARTESIAN_POINT ( 'NONE',  ( -251.0912378049617359, 1521.248851337421456, 10.89999999999999858 ) ) ;
#4284 = CARTESIAN_POINT ( 'NONE',  ( -253.8121668437431424, 1525.399846271211345, 10.90000000000000213 ) ) ;
#4285 = CARTESIAN_POINT ( 'NONE',  ( -249.3809177986264842, 1521.010056287102771, 10.89999999999999858 ) ) ;
#4286 = ORIENTED_EDGE ( 'NONE', *, *, #835, .F. ) ;
#4287 = DIRECTION ( 'NONE',  ( -0.7071067811865776598, -0.7071067811865173747, -0.000000000000000000 ) ) ;
#4288 = CARTESIAN_POINT ( 'NONE',  ( -254.1254006456450441, 1523.844624520666457, 11.49999999999999822 ) ) ;
#4289 = CARTESIAN_POINT ( 'NONE',  ( -237.8293727074230048, 1517.601106651571854, 10.90000000000000036 ) ) ;
#4290 = LINE ( 'NONE', #4319, #3119 ) ;
#4291 = ORIENTED_EDGE ( 'NONE', *, *, #2373, .T. ) ;
#4292 = FACE_BOUND ( 'NONE', #2702, .T. ) ;
#4293 = ORIENTED_EDGE ( 'NONE', *, *, #5561, .T. ) ;
#4294 = LINE ( 'NONE', #3346, #1101 ) ;
#4295 = VERTEX_POINT ( 'NONE', #1272 ) ;
#4296 = CARTESIAN_POINT ( 'NONE',  ( 6.726331887529466557E-16, 1527.747553260978520, 3.846446609406725781 ) ) ;
#4297 = ORIENTED_EDGE ( 'NONE', *, *, #5090, .F. ) ;
#4298 = FACE_OUTER_BOUND ( 'NONE', #3657, .T. ) ;
#4299 = CARTESIAN_POINT ( 'NONE',  ( -254.2476300497498869, 1523.451726138821186, 10.90000000000000391 ) ) ;
#4300 = CARTESIAN_POINT ( 'NONE',  ( -198.4312958390566166, 1394.801106651571672, 6.249999999999906741 ) ) ;
#4301 = DIRECTION ( 'NONE',  ( 0.000000000000000000, 0.000000000000000000, 1.000000000000000000 ) ) ;
#4302 = CARTESIAN_POINT ( 'NONE',  ( -254.7101419929028054, 1520.962885497725665, 11.50000000000000000 ) ) ;
#4303 = CARTESIAN_POINT ( 'NONE',  ( -206.2812958390566109, 1395.301106651571672, 7.000000000000000000 ) ) ;
#4304 = ADVANCED_FACE ( 'NONE', ( #3658 ), #1772, .F. ) ;
#4305 = LINE ( 'NONE', #3770, #824 ) ;
#4306 = ORIENTED_EDGE ( 'NONE', *, *, #6169, .T. ) ;
#4307 = CARTESIAN_POINT ( 'NONE',  ( -373.1312958390562926, 1522.601106651571854, 10.49999999999999822 ) ) ;
#4308 = DIRECTION ( 'NONE',  ( 0.000000000000000000, 0.000000000000000000, -1.000000000000000000 ) ) ;
#4309 = CARTESIAN_POINT ( 'NONE',  ( -232.2293727074229821, 1526.601106651571854, 10.90000000000000036 ) ) ;
#4310 = LINE ( 'NONE', #4434, #4548 ) ;
#4311 = EDGE_CURVE ( 'NONE', #6211, #4730, #5, .T. ) ;
#4312 = VERTEX_POINT ( 'NONE', #1450 ) ;
#4313 = EDGE_CURVE ( 'NONE', #149, #2816, #5137, .T. ) ;
#4314 = CARTESIAN_POINT ( 'NONE',  ( -249.3661346034851078, 1522.065849236264285, 11.49999999999999645 ) ) ;
#4315 = LINE ( 'NONE', #6210, #427 ) ;
#4316 = DIRECTION ( 'NONE',  ( -0.000000000000000000, -0.3826834323651459036, -0.9238795325112634238 ) ) ;
#4317 = CARTESIAN_POINT ( 'NONE',  ( -255.3303269064983283, 1523.144256051520415, 11.50000000000000000 ) ) ;
#4318 = CARTESIAN_POINT ( 'NONE',  ( -369.2312958390563153, 1522.601106651571854, 5.749999999999905853 ) ) ;
#4319 = CARTESIAN_POINT ( 'NONE',  ( -206.2812958390566109, 1395.301106651571672, 9.000000000000001776 ) ) ;
#4320 = ORIENTED_EDGE ( 'NONE', *, *, #2670, .F. ) ;
#4321 = DATE_AND_TIME ( #5307, #431 ) ;
#4322 = CARTESIAN_POINT ( 'NONE',  ( -255.2978823775182207, 1525.601106651572081, 10.90000000000000036 ) ) ;
#4323 = ORIENTED_EDGE ( 'NONE', *, *, #1967, .T. ) ;
#4324 = CARTESIAN_POINT ( 'NONE',  ( -213.1059690393441599, 1502.319656408161336, 9.000000000000001776 ) ) ;
#4325 = ORIENTED_EDGE ( 'NONE', *, *, #4117, .F. ) ;
#4326 = CARTESIAN_POINT ( 'NONE',  ( -248.2878456874005906, 1520.740324272446742, 10.90000000000000568 ) ) ;
#4327 = EDGE_LOOP ( 'NONE', ( #5322, #2892, #5313, #6171, #771, #2796, #6135, #6136, #1239, #6075, #1950, #4110, #4725, #3624, #1252, #4360 ) ) ;
#4328 = FACE_OUTER_BOUND ( 'NONE', #5488, .T. ) ;
#4329 = CARTESIAN_POINT ( 'NONE',  ( -254.1505119286674415, 1523.648886894685120, 10.90000000000000213 ) ) ;
#4330 = CARTESIAN_POINT ( 'NONE',  ( -208.4312958390565882, 1492.686986531620050, 0.4999999999999449329 ) ) ;
#4331 = CARTESIAN_POINT ( 'NONE',  ( -254.8241584897602081, 1521.121548508297792, 11.50000000000000178 ) ) ;
#4332 = CARTESIAN_POINT ( 'NONE',  ( -253.2353823775181922, 1520.788606651571854, 11.50000000000000000 ) ) ;
#4333 = LINE ( 'NONE', #2785, #2536 ) ;
#4334 = ORIENTED_EDGE ( 'NONE', *, *, #2265, .T. ) ;
#4335 = DIRECTION ( 'NONE',  ( -0.000000000000000000, -0.000000000000000000, -1.000000000000000000 ) ) ;
#4336 = LINE ( 'NONE', #1445, #194 ) ;
#4337 = EDGE_CURVE ( 'NONE', #5084, #349, #5392, .T. ) ;
#4338 = AXIS2_PLACEMENT_3D ( 'NONE', #4361, #18, #4745 ) ;
#4339 = VECTOR ( 'NONE', #2574, 1000.000000000000000 ) ;
#4340 = DIRECTION ( 'NONE',  ( 0.000000000000000000, 1.000000000000000000, 0.000000000000000000 ) ) ;
#4341 = DIRECTION ( 'NONE',  ( 0.000000000000000000, 1.000000000000000000, 0.000000000000000000 ) ) ;
#4342 = EDGE_LOOP ( 'NONE', ( #1471, #2132, #6100, #4381 ) ) ;
#4343 = CARTESIAN_POINT ( 'NONE',  ( -249.4081890946906697, 1522.145182220542438, 10.90000000000000036 ) ) ;
#4344 = VECTOR ( 'NONE', #5759, 1000.000000000000000 ) ;
#4345 = VECTOR ( 'NONE', #346, 1000.000000000000000 ) ;
#4346 = CARTESIAN_POINT ( 'NONE',  ( -208.4312958390566166, 1394.801106651571672, 11.00000000000005507 ) ) ;
#4347 = ORIENTED_EDGE ( 'NONE', *, *, #4230, .T. ) ;
#4348 = LINE ( 'NONE', #5399, #895 ) ;
#4349 = LINE ( 'NONE', #3401, #2318 ) ;
#4350 = DIRECTION ( 'NONE',  ( 1.000000000000000000, 0.000000000000000000, 0.000000000000000000 ) ) ;
#4351 = AXIS2_PLACEMENT_3D ( 'NONE', #6250, #1841, #5310 ) ;
#4352 = APPROVAL ( #4709, 'UNSPECIFIED' ) ;
#4353 = ORIENTED_EDGE ( 'NONE', *, *, #2877, .F. ) ;
#4354 = APPROVAL_STATUS ( 'not_yet_approved' ) ;
#4355 = CARTESIAN_POINT ( 'NONE',  ( -253.2353823775181922, 1520.788606651571854, 11.50000000000000000 ) ) ;
#4356 = CONICAL_SURFACE ( 'NONE', #4664, 2.000000000000057288, 0.7853981633974058685 ) ;
#4357 = EDGE_CURVE ( 'NONE', #5682, #3367, #2469, .T. ) ;
#4358 = EDGE_CURVE ( 'NONE', #860, #1043, #1541, .T. ) ;
#4359 = DIRECTION ( 'NONE',  ( 0.8473674540382749587, 0.5310069659022299549, 0.000000000000000000 ) ) ;
#4360 = ORIENTED_EDGE ( 'NONE', *, *, #5503, .F. ) ;
#4361 = CARTESIAN_POINT ( 'NONE',  ( -253.6934348794870289, 1525.334971565555634, 10.90000000000000036 ) ) ;
#4362 = VECTOR ( 'NONE', #4619, 1000.000000000000227 ) ;
#4363 = ORIENTED_EDGE ( 'NONE', *, *, #5164, .T. ) ;
#4364 = ORIENTED_EDGE ( 'NONE', *, *, #4395, .F. ) ;
#4365 = PLANE ( 'NONE',  #4471 ) ;
#4366 = B_SPLINE_CURVE_WITH_KNOTS ( 'NONE', 3,
 ( #6249, #490, #2415, #1520 ),
 .UNSPECIFIED., .F., .F.,
 ( 4, 4 ),
 ( 0.000000000000000000, 0.0007331599190099257141 ),
 .UNSPECIFIED. ) ;
#4367 = CIRCLE ( 'NONE', #4267, 1.499999999998946620 ) ;
#4368 = FACE_OUTER_BOUND ( 'NONE', #377, .T. ) ;
#4369 = CARTESIAN_POINT ( 'NONE',  ( -375.2312958390564859, 1519.251106651571945, 7.000000000000000000 ) ) ;
#4370 = EDGE_CURVE ( 'NONE', #660, #180, #2986, .T. ) ;
#4371 = CARTESIAN_POINT ( 'NONE',  ( -227.1293727074229878, 1517.601106651571854, 10.90000000000000036 ) ) ;
#4372 = EDGE_LOOP ( 'NONE', ( #669, #3112, #1257, #2988 ) ) ;
#4373 = CARTESIAN_POINT ( 'NONE',  ( -366.9312958390565313, 1527.601106651571854, 0.5000000000000004441 ) ) ;
#4374 = VECTOR ( 'NONE', #3619, 1000.000000000000000 ) ;
#4375 = CARTESIAN_POINT ( 'NONE',  ( -252.9703276866344765, 1523.982146492960055, 10.89999999999999858 ) ) ;
#4376 = CARTESIAN_POINT ( 'NONE',  ( -198.4312958390566166, 1403.101106651571627, 11.50000000000000000 ) ) ;
#4377 = ORIENTED_EDGE ( 'NONE', *, *, #5703, .T. ) ;
#4378 = CARTESIAN_POINT ( 'NONE',  ( -250.2270372428124290, 1519.525400563027461, 11.50000000000000000 ) ) ;
#4379 = EDGE_CURVE ( 'NONE', #2896, #3818, #5300, .T. ) ;
#4380 = FACE_OUTER_BOUND ( 'NONE', #3686, .T. ) ;
#4381 = ORIENTED_EDGE ( 'NONE', *, *, #3260, .T. ) ;
#4382 = CARTESIAN_POINT ( 'NONE',  ( -249.6159446430217486, 1520.719797536351280, 10.89999999999999503 ) ) ;
#4383 = CARTESIAN_POINT ( 'NONE',  ( -256.4036516082874186, 1522.139568190033515, 10.90000000000000036 ) ) ;
#4384 = CARTESIAN_POINT ( 'NONE',  ( -206.7812958390566394, 1394.801106651571672, 7.000000000000000000 ) ) ;
#4385 = CARTESIAN_POINT ( 'NONE',  ( -237.9293727074230276, 1527.601106651571854, 11.50000000000000000 ) ) ;
#4386 = ORIENTED_EDGE ( 'NONE', *, *, #163, .T. ) ;
#4387 = EDGE_CURVE ( 'NONE', #638, #385, #2051, .T. ) ;
#4388 = DIRECTION ( 'NONE',  ( -1.000000000000000000, 0.000000000000000000, -3.558407130208834256E-15 ) ) ;
#4389 = CYLINDRICAL_SURFACE ( 'NONE', #5660, 1.699999999999979305 ) ;
#4390 = VERTEX_POINT ( 'NONE', #1568 ) ;
#4391 = CARTESIAN_POINT ( 'NONE',  ( -248.5047791917650954, 1522.845371748667276, 11.49999999999999645 ) ) ;
#4392 = VERTEX_POINT ( 'NONE', #5859 ) ;
#4393 = ORIENTED_EDGE ( 'NONE', *, *, #3081, .F. ) ;
#4394 = EDGE_CURVE ( 'NONE', #3333, #5142, #915, .T. ) ;
#4395 = EDGE_CURVE ( 'NONE', #3916, #5681, #1100, .T. ) ;
#4396 = CARTESIAN_POINT ( 'NONE',  ( -248.6962191408190677, 1520.113991238432163, 11.49999999999999645 ) ) ;
#4397 = PLANE ( 'NONE',  #5959 ) ;
#4398 = DIRECTION ( 'NONE',  ( -0.000000000000000000, 0.7071067811865475727, 0.7071067811865475727 ) ) ;
#4399 = CARTESIAN_POINT ( 'NONE',  ( -249.9128435569760995, 1519.530676044723577, 11.49999999999999822 ) ) ;
#4400 = ORIENTED_EDGE ( 'NONE', *, *, #1687, .T. ) ;
#4401 = LINE ( 'NONE', #1980, #5169 ) ;
#4402 = LINE ( 'NONE', #60, #1491 ) ;
#4403 = CARTESIAN_POINT ( 'NONE',  ( -211.2080216973944005, 1507.687828808946733, 10.50000000000000000 ) ) ;
#4404 = CARTESIAN_POINT ( 'NONE',  ( -207.9312958390566166, 1394.801106651571672, 11.00000000000005507 ) ) ;
#4405 = ORIENTED_EDGE ( 'NONE', *, *, #4778, .T. ) ;
#4406 = CARTESIAN_POINT ( 'NONE',  ( -250.6733475018937440, 1522.344784060968323, 11.49999999999999822 ) ) ;
#4407 = CARTESIAN_POINT ( 'NONE',  ( -200.5812958390566223, 1394.801106651571672, 9.000000000000001776 ) ) ;
#4408 = ORIENTED_EDGE ( 'NONE', *, *, #744, .F. ) ;
#4409 = CARTESIAN_POINT ( 'NONE',  ( -249.6889337463703953, 1520.667146862726668, 10.90000000000000568 ) ) ;
#4410 = ORIENTED_EDGE ( 'NONE', *, *, #3795, .F. ) ;
#4411 = CARTESIAN_POINT ( 'NONE',  ( -254.5883433169619536, 1523.212694922669698, 11.50000000000000178 ) ) ;
#4412 = DIRECTION ( 'NONE',  ( -0.000000000000000000, -0.000000000000000000, 1.000000000000000000 ) ) ;
#4413 = CARTESIAN_POINT ( 'NONE',  ( -223.6607692585541827, 1515.601106651571854, 11.00000000000000000 ) ) ;
#4414 = ORIENTED_EDGE ( 'NONE', *, *, #2561, .F. ) ;
#4415 = CARTESIAN_POINT ( 'NONE',  ( -198.9312958390565598, 1394.801106651571672, 6.249999999999906741 ) ) ;
#4416 = B_SPLINE_SURFACE_WITH_KNOTS ( 'NONE', 3, 1, ( 
 ( #2688, #281 ),
 ( #2592, #2205 ),
 ( #1259, #1691 ),
 ( #1639, #4148 ),
 ( #4064, #5039 ),
 ( #5509, #1760 ),
 ( #787, #692 ),
 ( #5011, #3175 ),
 ( #253, #317 ),
 ( #3080, #4533 ),
 ( #2173, #1164 ) ),
 .UNSPECIFIED., .F., .F., .F.,
 ( 4, 1, 1, 1, 1, 1, 1, 1, 4 ),
 ( 2, 2 ),
 ( 0.000000000000000000, 0.1443560809042529480, 0.2779814235234992492, 0.4056762364658566544, 0.5317913282467703340, 0.6541207714660118855, 0.7695338371881084161, 0.8839695423837495847, 1.000000000000000000 ),
 ( 0.000000000000000000, 1.000000000000000000 ),
 .UNSPECIFIED. ) ;
#4417 = CARTESIAN_POINT ( 'NONE',  ( -253.2353823775181922, 1520.788606651571854, 11.50000000000000000 ) ) ;
#4418 = EDGE_CURVE ( 'NONE', #4921, #4390, #4859, .T. ) ;
#4419 = EDGE_LOOP ( 'NONE', ( #6156, #4886, #6215, #1055, #5462, #2757, #5934, #4152, #4587, #3120, #862, #2252, #6247, #2279, #3951, #3598, #5337, #2608, #2709, #3544 ) ) ;
#4420 = CARTESIAN_POINT ( 'NONE',  ( -366.9312958390565313, 1517.601106651571854, 6.249999999999906741 ) ) ;
#4421 = ORIENTED_EDGE ( 'NONE', *, *, #5435, .F. ) ;
#4422 = ORIENTED_EDGE ( 'NONE', *, *, #4583, .F. ) ;
#4423 = CARTESIAN_POINT ( 'NONE',  ( -248.8632341153067387, 1519.955475727837893, 10.90000000000000391 ) ) ;
#4424 = DIRECTION ( 'NONE',  ( 0.000000000000000000, 1.000000000000000000, 0.000000000000000000 ) ) ;
#4425 = DIRECTION ( 'NONE',  ( 0.000000000000000000, -1.000000000000000000, 0.000000000000000000 ) ) ;
#4426 = EDGE_CURVE ( 'NONE', #748, #860, #5827, .T. ) ;
#4427 = LINE ( 'NONE', #4973, #187 ) ;
#4428 = CARTESIAN_POINT ( 'NONE',  ( -237.9293727074229992, 1527.601106651571854, 3.492893218813450495 ) ) ;
#4429 = EDGE_LOOP ( 'NONE', ( #1937, #2530, #5122, #3905 ) ) ;
#4430 = FACE_OUTER_BOUND ( 'NONE', #3737, .T. ) ;
#4431 = CARTESIAN_POINT ( 'NONE',  ( -252.9728825221639852, 1523.777705491320830, 11.49999999999999467 ) ) ;
#4432 = DIRECTION ( 'NONE',  ( 1.000000000000000000, 0.000000000000000000, 0.000000000000000000 ) ) ;
#4433 = VECTOR ( 'NONE', #2183, 1000.000000000000000 ) ;
#4434 = CARTESIAN_POINT ( 'NONE',  ( -251.9697573775181922, 1522.204472036188008, 10.90000000000000036 ) ) ;
#4435 = ORIENTED_EDGE ( 'NONE', *, *, #2960, .T. ) ;
#4436 = DIRECTION ( 'NONE',  ( -1.000000000000000000, 0.000000000000000000, 0.000000000000000000 ) ) ;
#4437 = CARTESIAN_POINT ( 'NONE',  ( -367.4312958390565313, 1518.101106651571627, 0.4999999999999449329 ) ) ;
#4438 = AXIS2_PLACEMENT_3D ( 'NONE', #1819, #1287, #1726 ) ;
#4439 = EDGE_LOOP ( 'NONE', ( #1575, #731, #5102, #2462, #5915, #85 ) ) ;
#4440 = CARTESIAN_POINT ( 'NONE',  ( -250.1756468801827396, 1520.524747383305566, 10.90000000000000036 ) ) ;
#4441 = ORIENTED_EDGE ( 'NONE', *, *, #1332, .T. ) ;
#4442 = DIRECTION ( 'NONE',  ( 0.7071067811864886199, 0.7071067811866064146, 0.000000000000000000 ) ) ;
#4443 = DIRECTION ( 'NONE',  ( -1.000000000000000000, 0.000000000000000000, 0.000000000000000000 ) ) ;
#4444 = DIRECTION ( 'NONE',  ( -0.7071067811865475727, 0.7071067811865475727, 0.000000000000000000 ) ) ;
#4445 = ORIENTED_EDGE ( 'NONE', *, *, #5369, .F. ) ;
#4446 = AXIS2_PLACEMENT_3D ( 'NONE', #639, #4442, #2596 ) ;
#4447 = ADVANCED_FACE ( 'NONE', ( #4030 ), #5949, .T. ) ;
#4448 = CARTESIAN_POINT ( 'NONE',  ( -238.9293727074229707, 1527.601106651571854, 11.00000000000000000 ) ) ;
#4449 = AXIS2_PLACEMENT_3D ( 'NONE', #652, #2612, #4082 ) ;
#4450 = ORIENTED_EDGE ( 'NONE', *, *, #2459, .T. ) ;
#4451 = CARTESIAN_POINT ( 'NONE',  ( -248.3607314957608025, 1520.586497843259167, 10.89999999999999858 ) ) ;
#4452 = CARTESIAN_POINT ( 'NONE',  ( -255.6812958390567019, 1524.601106651571854, 10.90000000000000036 ) ) ;
#4453 = LINE ( 'NONE', #1116, #89 ) ;
#4454 = VERTEX_POINT ( 'NONE', #3109 ) ;
#4455 = ORIENTED_EDGE ( 'NONE', *, *, #314, .F. ) ;
#4456 = AXIS2_PLACEMENT_3D ( 'NONE', #1481, #3432, #1610 ) ;
#4457 = DIRECTION ( 'NONE',  ( 0.7071067811865843211, 2.115676933299990161E-16, -0.7071067811865107133 ) ) ;
#4458 = EDGE_CURVE ( 'NONE', #4170, #2158, #662, .T. ) ;
#4459 = CARTESIAN_POINT ( 'NONE',  ( -375.2312958390564859, 1527.101106651571854, 11.50000000000000000 ) ) ;
#4460 = VECTOR ( 'NONE', #2890, 1000.000000000000114 ) ;
#4461 = CARTESIAN_POINT ( 'NONE',  ( -253.0041453754595580, 1524.315957123900489, 10.90000000000000213 ) ) ;
#4462 = DIRECTION ( 'NONE',  ( -3.081012879330941349E-16, 1.000000000000000000, 0.000000000000000000 ) ) ;
#4463 = AXIS2_PLACEMENT_3D ( 'NONE', #2716, #5101, #1191 ) ;
#4464 = ADVANCED_FACE ( 'NONE', ( #761, #2116 ), #5630, .F. ) ;
#4465 = ORIENTED_EDGE ( 'NONE', *, *, #2804, .T. ) ;
#4466 = DIRECTION ( 'NONE',  ( 0.5000000000000014433, -0.8660254037844379305, 0.000000000000000000 ) ) ;
#4467 = EDGE_CURVE ( 'NONE', #1564, #3551, #5603, .T. ) ;
#4468 = LINE ( 'NONE', #3104, #3341 ) ;
#4469 = CARTESIAN_POINT ( 'NONE',  ( -254.7642285313643811, 1524.581875882341365, 10.90000000000000036 ) ) ;
#4470 = DIRECTION ( 'NONE',  ( 0.5773502691895830985, -0.5773502691896471584, -0.5773502691896471584 ) ) ;
#4471 = AXIS2_PLACEMENT_3D ( 'NONE', #4905, #4457, #2001 ) ;
#4472 = CARTESIAN_POINT ( 'NONE',  ( -251.9923492969724634, 1520.749693632604021, 11.50000000000000178 ) ) ;
#4473 = EDGE_CURVE ( 'NONE', #5495, #4128, #4116, .T. ) ;
#4474 = ADVANCED_FACE ( 'NONE', ( #4599 ), #4416, .T. ) ;
#4475 = CARTESIAN_POINT ( 'NONE',  ( -947.2412012452932686, 947.2412012453985426, 9.000000000000001776 ) ) ;
#4476 = VECTOR ( 'NONE', #3436, 1000.000000000000000 ) ;
#4477 = VERTEX_POINT ( 'NONE', #5571 ) ;
#4478 = ORIENTED_EDGE ( 'NONE', *, *, #6043, .T. ) ;
#4479 = CARTESIAN_POINT ( 'NONE',  ( -367.4312958390565313, 1517.601106651571854, 11.50000000000000000 ) ) ;
#4480 = CARTESIAN_POINT ( 'NONE',  ( -254.7101419929028054, 1520.962885497725665, 10.90000000000000036 ) ) ;
#4481 = CARTESIAN_POINT ( 'NONE',  ( -198.9312958390565598, 1394.801106651571672, 11.00000000000005507 ) ) ;
#4482 = VECTOR ( 'NONE', #5251, 1000.000000000000000 ) ;
#4483 = ORIENTED_EDGE ( 'NONE', *, *, #5298, .F. ) ;
#4484 = FACE_OUTER_BOUND ( 'NONE', #3174, .T. ) ;
#4485 = B_SPLINE_CURVE_WITH_KNOTS ( 'NONE', 3,
 ( #410, #471, #4845, #2392, #1948, #3892, #5846, #3298, #5225, #879, #4276, #3480, #81, #563, #5913, #4560, #2487, #212, #3100, #5972, #5438, #2553, #4461, #682, #4053, #117, #5031 ),
 .UNSPECIFIED., .F., .F.,
 ( 4, 1, 1, 1, 1, 1, 1, 1, 1, 1, 1, 1, 1, 1, 1, 1, 1, 1, 1, 1, 1, 1, 1, 1, 4 ),
 ( 0.000000000000000000, 0.06982616849899367373, 0.1345678064441840904, 0.1946546787309086368, 0.2497272936950578059, 0.3002886274677314393, 0.3460321053681161274, 0.3874375487315046551, 0.4243158513751464356, 0.4590730889188599506, 0.4932448260598503165, 0.5271141003553392324, 0.5610385684762971836, 0.5952220357179269783, 0.6298753074370289085, 0.6649863903354825689, 0.7012857943233299363, 0.7379678957382367344, 0.7742617770843007730, 0.8108508622066183946, 0.8472697177897999810, 0.8845086264751309546, 0.9223102820010358194, 0.9605040759056684418, 1.000000000000000000 ),
 .UNSPECIFIED. ) ;
#4486 = DIRECTION ( 'NONE',  ( 0.000000000000000000, 0.7071067811865868746, -0.7071067811865082708 ) ) ;
#4487 = CARTESIAN_POINT ( 'NONE',  ( -253.4226410559442400, 1521.112944827653791, 11.50000000000000000 ) ) ;
#4488 = CARTESIAN_POINT ( 'NONE',  ( -255.8883751089155396, 1522.106408410986887, 10.90000000000000036 ) ) ;
#4489 = CARTESIAN_POINT ( 'NONE',  ( -250.7734368023928937, 1522.264322486008268, 10.90000000000000036 ) ) ;
#4490 = ORIENTED_EDGE ( 'NONE', *, *, #1894, .F. ) ;
#4491 = ORIENTED_EDGE ( 'NONE', *, *, #5550, .T. ) ;
#4492 = FACE_OUTER_BOUND ( 'NONE', #254, .T. ) ;
#4493 = ORIENTED_EDGE ( 'NONE', *, *, #833, .T. ) ;
#4494 = DIRECTION ( 'NONE',  ( 0.5000000000000027756, -0.8660254037844370423, 0.000000000000000000 ) ) ;
#4495 = DIRECTION ( 'NONE',  ( 0.000000000000000000, 0.000000000000000000, 1.000000000000000000 ) ) ;
#4496 = DIRECTION ( 'NONE',  ( -0.000000000000000000, -0.000000000000000000, 1.000000000000000000 ) ) ;
#4497 = ORIENTED_EDGE ( 'NONE', *, *, #2650, .F. ) ;
#4498 = FACE_BOUND ( 'NONE', #5483, .T. ) ;
#4499 = CARTESIAN_POINT ( 'NONE',  ( -254.9321728138055789, 1521.269513158272048, 11.49999999999999822 ) ) ;
#4500 = CARTESIAN_POINT ( 'NONE',  ( -253.0604420874299478, 1523.329678575828211, 11.50000000000000178 ) ) ;
#4501 = ORIENTED_EDGE ( 'NONE', *, *, #2373, .F. ) ;
#4502 = FACE_OUTER_BOUND ( 'NONE', #3856, .T. ) ;
#4503 = ADVANCED_FACE ( 'NONE', ( #2625 ), #2149, .F. ) ;
#4504 = CARTESIAN_POINT ( 'NONE',  ( -206.2608972970953118, 1508.463644369131998, 9.500000000000000000 ) ) ;
#4505 = ORIENTED_EDGE ( 'NONE', *, *, #1351, .T. ) ;
#4506 = ORIENTED_EDGE ( 'NONE', *, *, #5153, .T. ) ;
#4507 = DIRECTION ( 'NONE',  ( 0.9916799795878157298, 0.1287276896580893393, 0.000000000000000000 ) ) ;
#4508 = CARTESIAN_POINT ( 'NONE',  ( -207.9312958390562187, -6.406390004961043874E-14, 5.749999999999905853 ) ) ;
#4509 = CARTESIAN_POINT ( 'NONE',  ( -198.4312958390566166, 1403.101106651571627, 6.249999999999906741 ) ) ;
#4510 = ADVANCED_FACE ( 'NONE', ( #1663, #3204 ), #3610, .F. ) ;
#4511 = ADVANCED_FACE ( 'NONE', ( #1729 ), #5130, .F. ) ;
#4512 = ORIENTED_EDGE ( 'NONE', *, *, #3574, .T. ) ;
#4513 = B_SPLINE_CURVE_WITH_KNOTS ( 'NONE', 3,
 ( #4631, #5700, #884, #5577, #1735, #2791, #1357, #5202, #6112, #5608, #2302, #5105, #288, #3678, #3209, #4155, #4121, #5673, #859 ),
 .UNSPECIFIED., .F., .F.,
 ( 4, 1, 1, 1, 1, 1, 1, 1, 1, 1, 1, 1, 1, 1, 1, 1, 4 ),
 ( 0.000000000000000000, 0.06090062072362623091, 0.1203023179599449766, 0.1780151448309867657, 0.2355064872928654407, 0.2936199844226783373, 0.3519276448357113729, 0.4122277714920010161, 0.4742650492986230093, 0.5374225968626484828, 0.5997449214297748687, 0.6623304766619473316, 0.7259634480849957994, 0.7907697220612694977, 0.8579694646333775321, 0.9275234101077084459, 1.000000000000000000 ),
 .UNSPECIFIED. ) ;
#4514 = DIRECTION ( 'NONE',  ( 0.7071067811864568675, 0.7071067811866382780, 0.000000000000000000 ) ) ;
#4515 = DIRECTION ( 'NONE',  ( -0.000000000000000000, -0.000000000000000000, 1.000000000000000000 ) ) ;
#4516 = CARTESIAN_POINT ( 'NONE',  ( -253.8916412729468846, 1521.800120119269877, 11.50000000000000178 ) ) ;
#4517 = CARTESIAN_POINT ( 'NONE',  ( -367.4312958390565313, 1517.601106651571854, 0.4999999999999449329 ) ) ;
#4518 = EDGE_CURVE ( 'NONE', #3255, #5227, #4663, .T. ) ;
#4519 = CARTESIAN_POINT ( 'NONE',  ( -250.9315223729509796, 1522.099278603036737, 10.90000000000000391 ) ) ;
#4520 = ORIENTED_EDGE ( 'NONE', *, *, #1332, .F. ) ;
#4521 = ORIENTED_EDGE ( 'NONE', *, *, #2442, .T. ) ;
#4522 = DIRECTION ( 'NONE',  ( 0.7071067811865018315, -1.278770186445117011E-14, -0.7071067811865932029 ) ) ;
#4523 = ORIENTED_EDGE ( 'NONE', *, *, #2374, .F. ) ;
#4524 = DIRECTION ( 'NONE',  ( 1.922962686383777795E-16, -0.7071067811865081598, 0.7071067811865868746 ) ) ;
#4525 = DIRECTION ( 'NONE',  ( 1.000000000000000000, 0.000000000000000000, -1.748713181428229849E-16 ) ) ;
#4526 = ADVANCED_FACE ( 'NONE', ( #3139 ), #732, .F. ) ;
#4527 = DIRECTION ( 'NONE',  ( 1.000000000000000000, 0.000000000000000000, 0.000000000000000000 ) ) ;
#4528 = ORIENTED_EDGE ( 'NONE', *, *, #5435, .T. ) ;
#4529 = CARTESIAN_POINT ( 'NONE',  ( -255.3920112163367548, 1521.840763271581181, 11.49999999999999645 ) ) ;
#4530 = CARTESIAN_POINT ( 'NONE',  ( -249.2780734435269494, 1521.593525541887630, 11.50000000000000000 ) ) ;
#4531 = CARTESIAN_POINT ( 'NONE',  ( -226.5293727074229935, 1530.901106651571808, 11.50000000000000000 ) ) ;
#4532 = ORIENTED_EDGE ( 'NONE', *, *, #4722, .F. ) ;
#4533 = CARTESIAN_POINT ( 'NONE',  ( -250.2629773455456927, 1520.527102304958589, 11.50000000000000178 ) ) ;
#4534 = ADVANCED_FACE ( 'NONE', ( #2852 ), #11, .F. ) ;
#4535 = EDGE_LOOP ( 'NONE', ( #4775, #2264, #3381, #4832 ) ) ;
#4536 = ORIENTED_EDGE ( 'NONE', *, *, #2969, .F. ) ;
#4537 = AXIS2_PLACEMENT_3D ( 'NONE', #3402, #4831, #5870 ) ;
#4538 = CARTESIAN_POINT ( 'NONE',  ( -375.2312958390564859, 1527.101106651571854, 11.00000000000005507 ) ) ;
#4539 = CARTESIAN_POINT ( 'NONE',  ( -233.9293727074234823, 1524.901106651571126, 10.90000000000000036 ) ) ;
#4540 = CARTESIAN_POINT ( 'NONE',  ( -253.6822174498232130, 1522.552657201847751, 11.49999999999999645 ) ) ;
#4541 = ORIENTED_EDGE ( 'NONE', *, *, #791, .F. ) ;
#4542 = AXIS2_PLACEMENT_3D ( 'NONE', #25, #1468, #6260 ) ;
#4543 = LINE ( 'NONE', #2180, #4581 ) ;
#4544 = EDGE_CURVE ( 'NONE', #4477, #4708, #4573, .T. ) ;
#4545 = DIRECTION ( 'NONE',  ( 0.7071067811865868746, 0.7071067811865081598, 9.185433182840967787E-17 ) ) ;
#4546 = CARTESIAN_POINT ( 'NONE',  ( -254.1422332085857079, 1522.048467476461610, 11.50000000000000000 ) ) ;
#4547 = CARTESIAN_POINT ( 'NONE',  ( -255.8883751089155396, 1522.106408410986887, 11.50000000000000000 ) ) ;
#4548 = VECTOR ( 'NONE', #3394, 1000.000000000000000 ) ;
#4549 = ORIENTED_EDGE ( 'NONE', *, *, #4272, .T. ) ;
#4550 = DIRECTION ( 'NONE',  ( -0.7071067811865939801, 1.442222014787726944E-14, 0.7071067811865010544 ) ) ;
#4551 = ORIENTED_EDGE ( 'NONE', *, *, #366, .T. ) ;
#4552 = ORIENTED_EDGE ( 'NONE', *, *, #6087, .T. ) ;
#4553 = CARTESIAN_POINT ( 'NONE',  ( -375.2312958390564859, 1527.101106651571854, 6.249999999999906741 ) ) ;
#4554 = VECTOR ( 'NONE', #1856, 1000.000000000000227 ) ;
#4555 = ADVANCED_FACE ( 'NONE', ( #2333 ), #4278, .T. ) ;
#4556 = VECTOR ( 'NONE', #3701, 1000.000000000000000 ) ;
#4557 = EDGE_CURVE ( 'NONE', #1674, #3282, #1716, .T. ) ;
#4558 = ORIENTED_EDGE ( 'NONE', *, *, #5078, .F. ) ;
#4559 = FACE_OUTER_BOUND ( 'NONE', #3132, .T. ) ;
#4560 = CARTESIAN_POINT ( 'NONE',  ( -253.3661155688288886, 1525.062040155093200, 10.90000000000000213 ) ) ;
#4561 = AXIS2_PLACEMENT_3D ( 'NONE', #2043, #3070, #589 ) ;
#4562 = DIRECTION ( 'NONE',  ( 0.000000000000000000, -0.000000000000000000, 1.000000000000000000 ) ) ;
#4563 = CIRCLE ( 'NONE', #4252, 1.699999999999923794 ) ;
#4564 = EDGE_LOOP ( 'NONE', ( #4877, #3069, #677, #1023 ) ) ;
#4565 = CARTESIAN_POINT ( 'NONE',  ( -254.1236035313643811, 1523.885962420802798, 10.90000000000000036 ) ) ;
#4566 = CARTESIAN_POINT ( 'NONE',  ( -254.4945628419804677, 1524.505811569013986, 10.89999999999999858 ) ) ;
#4567 = LINE ( 'NONE', #5506, #4638 ) ;
#4568 = AXIS2_PLACEMENT_3D ( 'NONE', #2337, #2299, #3710 ) ;
#4569 = ORIENTED_EDGE ( 'NONE', *, *, #5091, .T. ) ;
#4570 = DIRECTION ( 'NONE',  ( 0.000000000000000000, -0.7071067811865474617, 0.7071067811865474617 ) ) ;
#4571 = ORIENTED_EDGE ( 'NONE', *, *, #2581, .T. ) ;
#4572 = ORIENTED_EDGE ( 'NONE', *, *, #4418, .T. ) ;
#4573 = CIRCLE ( 'NONE', #6072, 1.699999999999979305 ) ;
#4574 = CARTESIAN_POINT ( 'NONE',  ( -208.4312958390566450, 1492.686986531620050, 11.00000000000000000 ) ) ;
#4575 = CARTESIAN_POINT ( 'NONE',  ( -200.4312958390555082, 1495.366478455931883, 11.50000000000000000 ) ) ;
#4576 = EDGE_LOOP ( 'NONE', ( #3173, #1771 ) ) ;
#4577 = CONICAL_SURFACE ( 'NONE', #5277, 2.500000000000002220, 0.7853981633974140841 ) ;
#4578 = LINE ( 'NONE', #5048, #1727 ) ;
#4579 = CARTESIAN_POINT ( 'NONE',  ( -371.4312958390563040, 1522.601106651571854, 5.749999999999905853 ) ) ;
#4580 = CARTESIAN_POINT ( 'NONE',  ( -202.4859800794598641, 1501.925295953820978, 11.50000000000000000 ) ) ;
#4581 = VECTOR ( 'NONE', #5455, 1000.000000000000000 ) ;
#4582 = PLANE ( 'NONE',  #3623 ) ;
#4583 = EDGE_CURVE ( 'NONE', #3462, #274, #4333, .T. ) ;
#4584 = EDGE_LOOP ( 'NONE', ( #4779, #2658, #4807, #2863 ) ) ;
#4585 = EDGE_LOOP ( 'NONE', ( #4031, #5557, #3389, #3167, #363, #765 ) ) ;
#4586 = PLANE ( 'NONE',  #4270 ) ;
#4587 = ORIENTED_EDGE ( 'NONE', *, *, #2994, .T. ) ;
#4588 = FACE_OUTER_BOUND ( 'NONE', #2972, .T. ) ;
#4589 = CARTESIAN_POINT ( 'NONE',  ( -252.0492949115464398, 1520.929758691688221, 10.90000000000000036 ) ) ;
#4590 = ADVANCED_FACE ( 'NONE', ( #3797 ), #4724, .T. ) ;
#4591 = EDGE_CURVE ( 'NONE', #6172, #3973, #3325, .T. ) ;
#4592 = CARTESIAN_POINT ( 'NONE',  ( -231.3293727074229764, 1530.601106651571854, 10.90000000000000036 ) ) ;
#4593 = DIRECTION ( 'NONE',  ( -0.000000000000000000, -0.000000000000000000, 1.000000000000000000 ) ) ;
#4594 = ORIENTED_EDGE ( 'NONE', *, *, #4379, .F. ) ;
#4595 = CARTESIAN_POINT ( 'NONE',  ( -215.9559690393440690, 1507.256001209732403, 9.000000000000001776 ) ) ;
#4596 = CARTESIAN_POINT ( 'NONE',  ( -199.1322577333797597, 1496.116478455931428, 11.50000000000000000 ) ) ;
#4597 = CARTESIAN_POINT ( 'NONE',  ( -237.8293727074230048, 1517.601106651571854, 6.999999999999971578 ) ) ;
#4598 = EDGE_LOOP ( 'NONE', ( #3443, #1178, #2224, #4325 ) ) ;
#4599 = FACE_OUTER_BOUND ( 'NONE', #3300, .T. ) ;
#4600 = ORIENTED_EDGE ( 'NONE', *, *, #5309, .T. ) ;
#4601 = DIRECTION ( 'NONE',  ( -1.000000000000000000, -5.419332810632535429E-15, 0.000000000000000000 ) ) ;
#4602 = LINE ( 'NONE', #2664, #6040 ) ;
#4603 = ORIENTED_EDGE ( 'NONE', *, *, #283, .T. ) ;
#4604 = FACE_OUTER_BOUND ( 'NONE', #3950, .T. ) ;
#4605 = PLANE ( 'NONE',  #3233 ) ;
#4606 = CARTESIAN_POINT ( 'NONE',  ( -232.2293727074229821, 1526.601106651571854, 7.500000000000000000 ) ) ;
#4607 = FACE_OUTER_BOUND ( 'NONE', #2923, .T. ) ;
#4608 = CARTESIAN_POINT ( 'NONE',  ( -250.1128277323683733, 1520.525851047420474, 10.90000000000000213 ) ) ;
#4609 = ORIENTED_EDGE ( 'NONE', *, *, #1546, .F. ) ;
#4610 = VERTEX_POINT ( 'NONE', #1324 ) ;
#4611 = CARTESIAN_POINT ( 'NONE',  ( -223.6607692585541827, 1515.601106651571854, 11.50000000000000000 ) ) ;
#4612 = EDGE_CURVE ( 'NONE', #3629, #217, #1915, .T. ) ;
#4613 = ORIENTED_EDGE ( 'NONE', *, *, #2242, .F. ) ;
#4614 = DIRECTION ( 'NONE',  ( -0.7071067811865776598, -0.7071067811865173747, 0.000000000000000000 ) ) ;
#4615 = CARTESIAN_POINT ( 'NONE',  ( -251.5055485370810118, 1520.008023259536230, 11.50000000000000178 ) ) ;
#4616 = PLANE ( 'NONE',  #2845 ) ;
#4617 = CARTESIAN_POINT ( 'NONE',  ( -208.6992450314876919, 1493.686986531620278, 0.4999999999999449329 ) ) ;
#4618 = ORIENTED_EDGE ( 'NONE', *, *, #5298, .T. ) ;
#4619 = DIRECTION ( 'NONE',  ( 0.4604154969118890994, -0.8877035373385521178, -0.000000000000000000 ) ) ;
#4620 = CARTESIAN_POINT ( 'NONE',  ( -253.2353823775181922, 1520.788606651571854, 10.90000000000000036 ) ) ;
#4621 = CARTESIAN_POINT ( 'NONE',  ( -236.3293727074230048, 1525.601106651572081, 7.500000000000000000 ) ) ;
#4622 = CARTESIAN_POINT ( 'NONE',  ( -254.4745650698259567, 1522.288606651572081, 10.90000000000000213 ) ) ;
#4623 = ORIENTED_EDGE ( 'NONE', *, *, #3195, .F. ) ;
#4624 = CARTESIAN_POINT ( 'NONE',  ( -238.1793727074229707, 1531.151106651572036, 11.00000000000002665 ) ) ;
#4625 = B_SPLINE_SURFACE_WITH_KNOTS ( 'NONE', 3, 1, ( 
 ( #2971, #400 ),
 ( #2092, #3947 ),
 ( #3022, #5022 ),
 ( #1996, #2507 ),
 ( #167, #3498 ),
 ( #1174, #2035 ),
 ( #1521, #3526 ),
 ( #4451, #5906 ),
 ( #5458, #5429 ),
 ( #1147, #5875 ),
 ( #73, #1113 ) ),
 .UNSPECIFIED., .F., .F., .F.,
 ( 4, 1, 1, 1, 1, 1, 1, 1, 4 ),
 ( 2, 2 ),
 ( 0.000000000000000000, 0.1284406196239842590, 0.2549289633384986820, 0.3787161337322943466, 0.5019943023286317363, 0.6244069801950045129, 0.7481941505886505750, 0.8726200048729257919, 1.000000000000000000 ),
 ( 0.000000000000000000, 1.000000000000000000 ),
 .UNSPECIFIED. ) ;
#4626 = EDGE_CURVE ( 'NONE', #5329, #497, #6137, .T. ) ;
#4627 = ORIENTED_EDGE ( 'NONE', *, *, #1818, .T. ) ;
#4628 = CARTESIAN_POINT ( 'NONE',  ( -252.1236035313643811, 1521.317452805418725, 11.50000000000000000 ) ) ;
#4629 = ADVANCED_FACE ( 'NONE', ( #914 ), #1789, .F. ) ;
#4630 = CARTESIAN_POINT ( 'NONE',  ( -254.1700699045500471, 1525.513196082276409, 11.50000000000000000 ) ) ;
#4631 = CARTESIAN_POINT ( 'NONE',  ( -249.8471612236720603, 1523.524183574649896, 10.90000000000000213 ) ) ;
#4632 = VERTEX_POINT ( 'NONE', #5226 ) ;
#4633 = CARTESIAN_POINT ( 'NONE',  ( -249.6371239106703115, 1522.388460407417824, 10.89999999999999858 ) ) ;
#4634 = CARTESIAN_POINT ( 'NONE',  ( -252.5082189159797394, 1519.601106651572081, 11.50000000000000000 ) ) ;
#4635 = LINE ( 'NONE', #4580, #4967 ) ;
#4636 = CARTESIAN_POINT ( 'NONE',  ( -257.8159112236720603, 1525.601106651572081, 11.50000000000000000 ) ) ;
#4637 = ADVANCED_FACE ( 'NONE', ( #3865 ), #4695, .T. ) ;
#4638 = VECTOR ( 'NONE', #2560, 1000.000000000000000 ) ;
#4639 = EDGE_LOOP ( 'NONE', ( #1075, #3313, #1584, #2523 ) ) ;
#4640 = ORIENTED_EDGE ( 'NONE', *, *, #5901, .T. ) ;
#4641 = CARTESIAN_POINT ( 'NONE',  ( -254.2895149915187005, 1524.358080753386275, 11.50000000000000178 ) ) ;
#4642 = LINE ( 'NONE', #868, #624 ) ;
#4643 = VECTOR ( 'NONE', #3538, 1000.000000000000000 ) ;
#4644 = ORIENTED_EDGE ( 'NONE', *, *, #2050, .F. ) ;
#4645 = FACE_OUTER_BOUND ( 'NONE', #6151, .T. ) ;
#4646 = CARTESIAN_POINT ( 'NONE',  ( -250.9074784337655331, 1519.642432432831583, 11.50000000000000533 ) ) ;
#4647 = EDGE_CURVE ( 'NONE', #1296, #2102, #2755, .T. ) ;
#4648 = AXIS2_PLACEMENT_3D ( 'NONE', #62, #2954, #2888 ) ;
#4649 = VECTOR ( 'NONE', #2111, 1000.000000000000000 ) ;
#4650 = B_SPLINE_CURVE_WITH_KNOTS ( 'NONE', 1,
 ( #5200, #2789 ),
 .UNSPECIFIED., .F., .F.,
 ( 2, 2 ),
 ( 0.000000000000000000, 0.001224744871391302264 ),
 .UNSPECIFIED. ) ;
#4651 = PLANE ( 'NONE',  #3257 ) ;
#4652 = DIRECTION ( 'NONE',  ( 0.7071067811865154873, -1.442222014787620290E-14, 0.7071067811865795472 ) ) ;
#4653 = ORIENTED_EDGE ( 'NONE', *, *, #2786, .T. ) ;
#4654 = DIRECTION ( 'NONE',  ( 1.000000000000000000, 0.000000000000000000, 0.000000000000000000 ) ) ;
#4655 = CARTESIAN_POINT ( 'NONE',  ( -208.2662323295953399, 1493.936986531620050, 11.50000000000000000 ) ) ;
#4656 = CIRCLE ( 'NONE', #3945, 1.699999999999979305 ) ;
#4657 = CARTESIAN_POINT ( 'NONE',  ( -253.9996204556317423, 1521.917015443929358, 10.89999999999999858 ) ) ;
#4658 = CARTESIAN_POINT ( 'NONE',  ( -236.3293727074230048, 1525.601106651572081, 7.500000000000000000 ) ) ;
#4659 = ORIENTED_EDGE ( 'NONE', *, *, #1351, .F. ) ;
#4660 = ORIENTED_EDGE ( 'NONE', *, *, #1248, .F. ) ;
#4661 = EDGE_CURVE ( 'NONE', #1115, #2989, #4305, .T. ) ;
#4662 = EDGE_LOOP ( 'NONE', ( #1404, #4702, #2562, #6123 ) ) ;
#4663 = LINE ( 'NONE', #3673, #1214 ) ;
#4664 = AXIS2_PLACEMENT_3D ( 'NONE', #2378, #1892, #928 ) ;
#4665 = ORIENTED_EDGE ( 'NONE', *, *, #5405, .F. ) ;
#4666 = CARTESIAN_POINT ( 'NONE',  ( -249.2806895844696555, 1521.431802488171115, 10.89999999999999680 ) ) ;
#4667 = CARTESIAN_POINT ( 'NONE',  ( -253.0041453754595580, 1524.315957123900489, 11.50000000000000178 ) ) ;
#4668 = LINE ( 'NONE', #1264, #685 ) ;
#4669 = AXIS2_PLACEMENT_3D ( 'NONE', #4205, #6130, #2232 ) ;
#4670 = EDGE_CURVE ( 'NONE', #2479, #748, #1352, .T. ) ;
#4671 = ORIENTED_EDGE ( 'NONE', *, *, #4731, .F. ) ;
#4672 = EDGE_CURVE ( 'NONE', #1693, #3547, #881, .T. ) ;
#4673 = CARTESIAN_POINT ( 'NONE',  ( -249.2406748809267754, 1519.713020834706640, 10.90000000000000036 ) ) ;
#4674 = CIRCLE ( 'NONE', #4066, 1.699999999999923794 ) ;
#4675 = DIRECTION ( 'NONE',  ( 0.7071067811865868746, 0.7071067811865081598, 0.000000000000000000 ) ) ;
#4676 = DIRECTION ( 'NONE',  ( -0.2588190451022660543, -0.9659258262891365909, 0.000000000000000000 ) ) ;
#4677 = CARTESIAN_POINT ( 'NONE',  ( -249.8471612236720318, 1523.524183574649669, 11.49999999999999822 ) ) ;
#4678 = VECTOR ( 'NONE', #2674, 1000.000000000000000 ) ;
#4679 = VERTEX_POINT ( 'NONE', #5752 ) ;
#4680 = ORIENTED_EDGE ( 'NONE', *, *, #2410, .F. ) ;
#4681 = CARTESIAN_POINT ( 'NONE',  ( -254.6230853320383005, 1524.554499156498196, 11.50000000000000000 ) ) ;
#4682 = CARTESIAN_POINT ( 'NONE',  ( -374.7312958390565427, 1518.101106651571627, 5.749999999999905853 ) ) ;
#4683 = AXIS2_PLACEMENT_3D ( 'NONE', #924, #3369, #1860 ) ;
#4684 = ORIENTED_EDGE ( 'NONE', *, *, #896, .F. ) ;
#4685 = CARTESIAN_POINT ( 'NONE',  ( -254.8742163079747343, 1523.165865064376021, 10.89999999999999680 ) ) ;
#4686 = CARTESIAN_POINT ( 'NONE',  ( -250.7338304580811723, 1519.589453497937711, 11.50000000000000355 ) ) ;
#4687 = APPROVAL_PERSON_ORGANIZATION ( #3287, #4352, #6187 ) ;
#4688 = FACE_OUTER_BOUND ( 'NONE', #6091, .T. ) ;
#4689 = CARTESIAN_POINT ( 'NONE',  ( -232.2293727074229821, 1518.101106651571627, 7.500000000000000000 ) ) ;
#4690 = FACE_OUTER_BOUND ( 'NONE', #3679, .T. ) ;
#4691 = CARTESIAN_POINT ( 'NONE',  ( -253.7418646693006679, 1521.607416095710278, 11.50000000000000533 ) ) ;
#4692 = CARTESIAN_POINT ( 'NONE',  ( -254.1422332085857079, 1522.048467476461610, 10.90000000000000036 ) ) ;
#4693 = CARTESIAN_POINT ( 'NONE',  ( -249.9099030694369503, 1523.521307639042561, 11.50000000000000000 ) ) ;
#4694 = VERTEX_POINT ( 'NONE', #5290 ) ;
#4695 = PLANE ( 'NONE',  #4773 ) ;
#4696 = VERTEX_POINT ( 'NONE', #2815 ) ;
#4697 = LINE ( 'NONE', #2269, #6174 ) ;
#4698 = EDGE_LOOP ( 'NONE', ( #664, #5054, #5113, #2653 ) ) ;
#4699 = EDGE_CURVE ( 'NONE', #4694, #3251, #350, .T. ) ;
#4700 = DIRECTION ( 'NONE',  ( 3.081012879330941349E-16, -1.000000000000000000, 0.000000000000000000 ) ) ;
#4701 = LINE ( 'NONE', #3773, #3421 ) ;
#4702 = ORIENTED_EDGE ( 'NONE', *, *, #2942, .F. ) ;
#4703 = CARTESIAN_POINT ( 'NONE',  ( -249.4543335920107836, 1522.218624839219956, 10.90000000000000213 ) ) ;
#4704 = EDGE_CURVE ( 'NONE', #5194, #1742, #473, .T. ) ;
#4705 = ADVANCED_FACE ( 'NONE', ( #1469 ), #564, .T. ) ;
#4706 = CARTESIAN_POINT ( 'NONE',  ( -200.0812958390566791, 1394.801106651571672, 7.000000000000000000 ) ) ;
#4707 = FACE_OUTER_BOUND ( 'NONE', #1965, .T. ) ;
#4708 = VERTEX_POINT ( 'NONE', #2979 ) ;
#4709 = APPROVAL_STATUS ( 'not_yet_approved' ) ;
#4710 = LINE ( 'NONE', #773, #3966 ) ;
#4711 = EDGE_CURVE ( 'NONE', #3719, #5329, #1091, .T. ) ;
#4712 = ORIENTED_EDGE ( 'NONE', *, *, #5816, .F. ) ;
#4713 = DIRECTION ( 'NONE',  ( -0.7071067811865868746, -9.614813431916754120E-17, 0.7071067811865081598 ) ) ;
#4714 = CARTESIAN_POINT ( 'NONE',  ( -202.5528032978793362, 1502.344670519704778, 9.348183321771923460 ) ) ;
#4715 = LINE ( 'NONE', #5714, #5575 ) ;
#4716 = CARTESIAN_POINT ( 'NONE',  ( -208.3349454860411072, 1511.656001209732494, 7.000000000000000000 ) ) ;
#4717 = PLANE ( 'NONE',  #4972 ) ;
#4718 = FACE_OUTER_BOUND ( 'NONE', #2168, .T. ) ;
#4719 = CARTESIAN_POINT ( 'NONE',  ( -374.7312958390564859, 1527.101106651571854, 11.50000000000000000 ) ) ;
#4720 = CARTESIAN_POINT ( 'NONE',  ( -209.5080216973944687, 1507.687828808946733, 10.50000000000000000 ) ) ;
#4721 = ORIENTED_EDGE ( 'NONE', *, *, #5003, .F. ) ;
#4722 = EDGE_CURVE ( 'NONE', #385, #3161, #5817, .T. ) ;
#4723 = ORIENTED_EDGE ( 'NONE', *, *, #4846, .T. ) ;
#4724 = PLANE ( 'NONE',  #5274 ) ;
#4725 = ORIENTED_EDGE ( 'NONE', *, *, #5805, .F. ) ;
#4726 = CARTESIAN_POINT ( 'NONE',  ( -249.2785528388749015, 1521.512545731909086, 10.90000000000000036 ) ) ;
#4727 = LINE ( 'NONE', #917, #1813 ) ;
#4728 = CARTESIAN_POINT ( 'NONE',  ( -253.1134057317522945, 1524.661657351569829, 11.50000000000000000 ) ) ;
#4729 = CARTESIAN_POINT ( 'NONE',  ( -198.6992450314876351, 1496.366478455931428, 11.50000000000000000 ) ) ;
#4730 = VERTEX_POINT ( 'NONE', #2490 ) ;
#4731 = EDGE_CURVE ( 'NONE', #1608, #5136, #1877, .T. ) ;
#4732 = FACE_OUTER_BOUND ( 'NONE', #2549, .T. ) ;
#4733 = ORIENTED_EDGE ( 'NONE', *, *, #1586, .T. ) ;
#4734 = FACE_OUTER_BOUND ( 'NONE', #2443, .T. ) ;
#4735 = FACE_OUTER_BOUND ( 'NONE', #1917, .T. ) ;
#4736 = CARTESIAN_POINT ( 'NONE',  ( -248.6219448837311461, 1522.984527280187876, 10.90000000000000568 ) ) ;
#4737 = ORIENTED_EDGE ( 'NONE', *, *, #1131, .F. ) ;
#4738 = PERSON_AND_ORGANIZATION_ROLE ( 'classification_officer' ) ;
#4739 = EDGE_CURVE ( 'NONE', #2067, #5301, #4367, .T. ) ;
#4740 = DIRECTION ( 'NONE',  ( -5.419332810632535429E-15, 1.000000000000000000, 0.000000000000000000 ) ) ;
#4741 = ADVANCED_FACE ( 'NONE', ( #539 ), #5848, .T. ) ;
#4742 = VERTEX_POINT ( 'NONE', #2911 ) ;
#4743 = CARTESIAN_POINT ( 'NONE',  ( -255.6207983502483785, 1524.601244434068121, 10.90000000000000036 ) ) ;
#4744 = CIRCLE ( 'NONE', #5843, 2.000000000000057288 ) ;
#4745 = DIRECTION ( 'NONE',  ( 0.000000000000000000, -1.000000000000000000, -2.192050497848971768E-12 ) ) ;
#4746 = EDGE_CURVE ( 'NONE', #2816, #4985, #4848, .T. ) ;
#4747 = EDGE_CURVE ( 'NONE', #3840, #349, #3449, .T. ) ;
#4748 = DIRECTION ( 'NONE',  ( 2.992019012672608321E-16, -1.000000000000000000, -0.000000000000000000 ) ) ;
#4749 = VECTOR ( 'NONE', #1033, 999.9999999999998863 ) ;
#4750 = AXIS2_PLACEMENT_3D ( 'NONE', #1646, #1077, #3021 ) ;
#4751 = DIRECTION ( 'NONE',  ( 0.000000000000000000, -0.7071067811866064146, 0.7071067811864886199 ) ) ;
#4752 = CARTESIAN_POINT ( 'NONE',  ( -253.4226410559442400, 1521.112944827653791, 10.90000000000000036 ) ) ;
#4753 = CARTESIAN_POINT ( 'NONE',  ( -367.4312958390565313, 1518.101106651571627, 0.4999999999999449329 ) ) ;
#4754 = LINE ( 'NONE', #54, #1190 ) ;
#4755 = AXIS2_PLACEMENT_3D ( 'NONE', #5514, #2085, #4507 ) ;
#4756 = DIRECTION ( 'NONE',  ( -0.5773502691896578165, 0.5773502691895615602, 0.5773502691896578165 ) ) ;
#4757 = VECTOR ( 'NONE', #80, 1000.000000000000000 ) ;
#4758 = ORIENTED_EDGE ( 'NONE', *, *, #5833, .T. ) ;
#4759 = AXIS2_PLACEMENT_3D ( 'NONE', #3491, #5922, #697 ) ;
#4760 = CARTESIAN_POINT ( 'NONE',  ( -209.5080216973944687, 1507.687828808946733, 7.000000000000000000 ) ) ;
#4761 = CARTESIAN_POINT ( 'NONE',  ( -254.1295907470889119, 1524.021429655609154, 11.50000000000000178 ) ) ;
#4762 = CARTESIAN_POINT ( 'NONE',  ( -255.2213569920376983, 1525.600635027371936, 11.49999999999999289 ) ) ;
#4763 = VECTOR ( 'NONE', #4014, 1000.000000000000114 ) ;
#4764 = EDGE_LOOP ( 'NONE', ( #6113, #2512, #5808, #352 ) ) ;
#4765 = CARTESIAN_POINT ( 'NONE',  ( -250.9625458390566450, 1522.062645113111103, 10.90000000000000036 ) ) ;
#4766 = ORIENTED_EDGE ( 'NONE', *, *, #163, .F. ) ;
#4767 = VECTOR ( 'NONE', #5260, 1000.000000000000000 ) ;
#4768 = CARTESIAN_POINT ( 'NONE',  ( -254.8742163079747343, 1523.165865064376021, 11.49999999999999645 ) ) ;
#4769 = DIRECTION ( 'NONE',  ( 0.000000000000000000, 0.000000000000000000, 1.000000000000000000 ) ) ;
#4770 = CARTESIAN_POINT ( 'NONE',  ( -248.1236035313643526, 1521.579472036188236, 11.49999999999999822 ) ) ;
#4771 = ORIENTED_EDGE ( 'NONE', *, *, #1128, .T. ) ;
#4772 = COORDINATED_UNIVERSAL_TIME_OFFSET ( 1, 0, .AHEAD. ) ;
#4773 = AXIS2_PLACEMENT_3D ( 'NONE', #5196, #4212, #446 ) ;
#4774 = CARTESIAN_POINT ( 'NONE',  ( -250.6799397060030969, 1520.660684704933374, 11.50000000000000000 ) ) ;
#4775 = ORIENTED_EDGE ( 'NONE', *, *, #2488, .T. ) ;
#4776 = CARTESIAN_POINT ( 'NONE',  ( -198.4312958390566166, 1402.601106651571854, 6.249999999999906741 ) ) ;
#4777 = VECTOR ( 'NONE', #5308, 1000.000000000000000 ) ;
#4778 = EDGE_CURVE ( 'NONE', #2479, #3698, #3481, .T. ) ;
#4779 = ORIENTED_EDGE ( 'NONE', *, *, #5822, .T. ) ;
#4780 = CARTESIAN_POINT ( 'NONE',  ( -209.5080216973944687, 1507.687828808946733, 10.50000000000000000 ) ) ;
#4781 = ORIENTED_EDGE ( 'NONE', *, *, #6020, .T. ) ;
#4782 = DIRECTION ( 'NONE',  ( 0.000000000000000000, 0.000000000000000000, -1.000000000000000000 ) ) ;
#4783 = AXIS2_PLACEMENT_3D ( 'NONE', #2533, #4109, #2498 ) ;
#4784 = CARTESIAN_POINT ( 'NONE',  ( -255.6612603251093958, 1523.139721886512916, 11.50000000000000000 ) ) ;
#4785 = DIRECTION ( 'NONE',  ( 1.000000000000000000, 0.000000000000000000, 0.000000000000000000 ) ) ;
#4786 = EDGE_CURVE ( 'NONE', #860, #4610, #3508, .T. ) ;
#4787 = DIRECTION ( 'NONE',  ( 0.000000000000000000, 0.000000000000000000, -1.000000000000000000 ) ) ;
#4788 = EDGE_CURVE ( 'NONE', #5000, #4063, #4674, .T. ) ;
#4789 = FACE_BOUND ( 'NONE', #5707, .T. ) ;
#4790 = CC_DESIGN_APPROVAL ( #4352, ( #1227 ) ) ;
#4791 = CARTESIAN_POINT ( 'NONE',  ( -371.4312958390563040, 1522.601106651571854, 10.49999999999999822 ) ) ;
#4792 = EDGE_LOOP ( 'NONE', ( #5675, #2665, #2108, #3608 ) ) ;
#4793 = CARTESIAN_POINT ( 'NONE',  ( -254.1295907470889119, 1524.021429655609154, 10.90000000000000036 ) ) ;
#4794 = LINE ( 'NONE', #2015, #5853 ) ;
#4795 = FACE_OUTER_BOUND ( 'NONE', #2800, .T. ) ;
#4796 = FACE_OUTER_BOUND ( 'NONE', #1144, .T. ) ;
#4797 = EDGE_LOOP ( 'NONE', ( #1956, #3096, #2150, #1993 ) ) ;
#4798 = CARTESIAN_POINT ( 'NONE',  ( -250.1224016082874186, 1522.524183574649669, 10.90000000000000036 ) ) ;
#4799 = LINE ( 'NONE', #4475, #930 ) ;
#4800 = EDGE_LOOP ( 'NONE', ( #5217, #968, #1558, #1533 ) ) ;
#4801 = PLANE ( 'NONE',  #2306 ) ;
#4802 = CARTESIAN_POINT ( 'NONE',  ( -227.1293727074229878, 1517.601106651571854, 7.500000000000000000 ) ) ;
#4803 = DIRECTION ( 'NONE',  ( 0.7071067811865868746, -0.7071067811865081598, 0.000000000000000000 ) ) ;
#4804 = ORIENTED_EDGE ( 'NONE', *, *, #1341, .F. ) ;
#4805 = DIRECTION ( 'NONE',  ( 3.558407130208834256E-15, 0.000000000000000000, -1.000000000000000000 ) ) ;
#4806 = DIRECTION ( 'NONE',  ( -0.000000000000000000, -0.000000000000000000, 1.000000000000000000 ) ) ;
#4807 = ORIENTED_EDGE ( 'NONE', *, *, #333, .F. ) ;
#4808 = DIRECTION ( 'NONE',  ( -1.000000000000000000, 0.000000000000000000, 1.748713181428229849E-16 ) ) ;
#4809 = ORIENTED_EDGE ( 'NONE', *, *, #1797, .T. ) ;
#4810 = CARTESIAN_POINT ( 'NONE',  ( -237.9293727074229992, 1527.601106651571854, 3.492893218813450495 ) ) ;
#4811 = ADVANCED_FACE ( 'NONE', ( #5413 ), #3006, .T. ) ;
#4812 = CARTESIAN_POINT ( 'NONE',  ( -254.1931683337814718, 1523.545397533937376, 11.50000000000000000 ) ) ;
#4813 = CARTESIAN_POINT ( 'NONE',  ( -375.2312958390564859, 1517.601106651571854, 6.249999999999906741 ) ) ;
#4814 = CARTESIAN_POINT ( 'NONE',  ( -253.2353823775181922, 1520.788606651571854, 10.90000000000000036 ) ) ;
#4815 = DIRECTION ( 'NONE',  ( 0.5773502691896090777, -0.5773502691896090777, -0.5773502691896591488 ) ) ;
#4816 = CARTESIAN_POINT ( 'NONE',  ( -256.6620650698259283, 1519.601106651572081, 11.50000000000000000 ) ) ;
#4817 = ORIENTED_EDGE ( 'NONE', *, *, #4846, .F. ) ;
#4818 = CARTESIAN_POINT ( 'NONE',  ( -254.7157840513766871, 1524.572479388188185, 10.90000000000000036 ) ) ;
#4819 = EDGE_CURVE ( 'NONE', #3547, #1005, #120, .T. ) ;
#4820 = FACE_OUTER_BOUND ( 'NONE', #4585, .T. ) ;
#4821 = CARTESIAN_POINT ( 'NONE',  ( -208.4312958390566166, 1403.101106651571627, 6.249999999999906741 ) ) ;
#4822 = FACE_OUTER_BOUND ( 'NONE', #2720, .T. ) ;
#4823 = VERTEX_POINT ( 'NONE', #2045 ) ;
#4824 = CARTESIAN_POINT ( 'NONE',  ( -249.9443663690449000, 1522.509569849238233, 11.49999999999999822 ) ) ;
#4825 = EDGE_CURVE ( 'NONE', #2918, #2896, #3781, .T. ) ;
#4826 = EDGE_CURVE ( 'NONE', #420, #1959, #629, .T. ) ;
#4827 = CARTESIAN_POINT ( 'NONE',  ( -198.9312958390565882, 1525.601106651572991, 11.50000000000000000 ) ) ;
#4828 = EDGE_LOOP ( 'NONE', ( #3640, #3055, #3270, #3595, #6193, #1020 ) ) ;
#4829 = DIRECTION ( 'NONE',  ( -1.236526948938212012E-16, 0.7071067811865422437, -0.7071067811865527908 ) ) ;
#4830 = DIRECTION ( 'NONE',  ( 1.000000000000000000, 0.000000000000000000, 0.000000000000000000 ) ) ;
#4831 = DIRECTION ( 'NONE',  ( -0.000000000000000000, -0.000000000000000000, -1.000000000000000000 ) ) ;
#4832 = ORIENTED_EDGE ( 'NONE', *, *, #2795, .T. ) ;
#4833 = SHAPE_DEFINITION_REPRESENTATION ( #2648, #6132 ) ;
#4834 = B_SPLINE_CURVE_WITH_KNOTS ( 'NONE', 3,
 ( #1808, #2163, #871, #812, #3691, #5619, #4685, #2806, #4201, #6124, #1775, #3723, #5651, #1309, #3256, #5183, #1342, #5686, #2774 ),
 .UNSPECIFIED., .F., .F.,
 ( 4, 1, 1, 1, 1, 1, 1, 1, 1, 1, 1, 1, 1, 1, 1, 1, 4 ),
 ( 0.000000000000000000, 0.1061220641064884035, 0.2021804643870238893, 0.2875840018686660060, 0.3629904172440800436, 0.4271937923606469734, 0.4814680386188594508, 0.5253270264181311155, 0.5595484740348205532, 0.6156943539570917112, 0.6695949516456836115, 0.7218197463133755321, 0.7739097670927489458, 0.8270849392622940943, 0.8813591855205440417, 0.9387954458730635166, 1.000000000000000000 ),
 .UNSPECIFIED. ) ;
#4835 = PLANE ( 'NONE',  #2851 ) ;
#4836 = ADVANCED_FACE ( 'NONE', ( #1250 ), #5381, .T. ) ;
#4837 = LINE ( 'NONE', #2454, #3746 ) ;
#4838 = ORIENTED_EDGE ( 'NONE', *, *, #1205, .T. ) ;
#4839 = PLANE ( 'NONE',  #4338 ) ;
#4840 = ORIENTED_EDGE ( 'NONE', *, *, #4279, .F. ) ;
#4841 = ORIENTED_EDGE ( 'NONE', *, *, #5946, .F. ) ;
#4842 = CARTESIAN_POINT ( 'NONE',  ( -249.6750052702610105, 1519.567579295962787, 11.49999999999999467 ) ) ;
#4843 = CARTESIAN_POINT ( 'NONE',  ( -254.1236035313643811, 1523.885962420802798, 10.90000000000000036 ) ) ;
#4844 = CARTESIAN_POINT ( 'NONE',  ( -213.2889817412365119, 1501.636643706269069, 7.000000000000000000 ) ) ;
#4845 = CARTESIAN_POINT ( 'NONE',  ( -255.0738785683638810, 1525.599726121219874, 10.90000000000000213 ) ) ;
#4846 = EDGE_CURVE ( 'NONE', #1583, #1674, #306, .T. ) ;
#4847 = VECTOR ( 'NONE', #2887, 1000.000000000000000 ) ;
#4848 = LINE ( 'NONE', #3038, #2027 ) ;
#4849 = ORIENTED_EDGE ( 'NONE', *, *, #2286, .T. ) ;
#4850 = DIRECTION ( 'NONE',  ( 1.000000000000000000, 0.000000000000000000, 0.000000000000000000 ) ) ;
#4851 = LINE ( 'NONE', #1535, #3534 ) ;
#4852 = VECTOR ( 'NONE', #4808, 1000.000000000000000 ) ;
#4853 = CARTESIAN_POINT ( 'NONE',  ( -250.5311195453685968, 1520.582269718335283, 10.89999999999999858 ) ) ;
#4854 = VECTOR ( 'NONE', #4961, 1000.000000000000000 ) ;
#4855 = CARTESIAN_POINT ( 'NONE',  ( -253.1134057317522945, 1524.661657351569829, 10.90000000000000036 ) ) ;
#4856 = EDGE_CURVE ( 'NONE', #1770, #2316, #6063, .T. ) ;
#4857 = LINE ( 'NONE', #3900, #1001 ) ;
#4858 = ORIENTED_EDGE ( 'NONE', *, *, #744, .T. ) ;
#4859 = LINE ( 'NONE', #4504, #106 ) ;
#4860 = VECTOR ( 'NONE', #6268, 1000.000000000000000 ) ;
#4861 = VECTOR ( 'NONE', #3670, 1000.000000000000000 ) ;
#4862 = CARTESIAN_POINT ( 'NONE',  ( -368.3312958390562244, 1525.451106651571990, 9.000000000000001776 ) ) ;
#4863 = CARTESIAN_POINT ( 'NONE',  ( -249.7657541280251223, 1520.622687277550085, 11.49999999999999822 ) ) ;
#4864 = DIRECTION ( 'NONE',  ( 0.000000000000000000, -0.7071067811865474617, -0.7071067811865474617 ) ) ;
#4865 = CARTESIAN_POINT ( 'NONE',  ( -250.3585925975173154, 1519.527776799257481, 10.90000000000000036 ) ) ;
#4866 = DIRECTION ( 'NONE',  ( -2.775557561563197114E-14, 1.000000000000000000, 0.000000000000000000 ) ) ;
#4867 = VECTOR ( 'NONE', #4301, 1000.000000000000000 ) ;
#4868 = ADVANCED_FACE ( 'NONE', ( #654 ), #4084, .T. ) ;
#4869 = EDGE_CURVE ( 'NONE', #4150, #1753, #3542, .T. ) ;
#4870 = ORIENTED_EDGE ( 'NONE', *, *, #165, .F. ) ;
#4871 = CARTESIAN_POINT ( 'NONE',  ( -257.8159112236720603, 1519.601106651572081, 10.90000000000000036 ) ) ;
#4872 = VECTOR ( 'NONE', #3284, 1000.000000000000114 ) ;
#4873 = FACE_OUTER_BOUND ( 'NONE', #1722, .T. ) ;
#4874 = EDGE_LOOP ( 'NONE', ( #3796, #5893, #2079, #2738 ) ) ;
#4875 = DIRECTION ( 'NONE',  ( -0.5773502691896044148, -0.5773502691896044148, -0.5773502691896684746 ) ) ;
#4876 = VECTOR ( 'NONE', #3668, 1000.000000000000000 ) ;
#4877 = ORIENTED_EDGE ( 'NONE', *, *, #4976, .F. ) ;
#4878 = CARTESIAN_POINT ( 'NONE',  ( -252.5082189159797394, 1519.601106651572081, 10.90000000000000036 ) ) ;
#4879 = PLANE ( 'NONE',  #3067 ) ;
#4880 = VECTOR ( 'NONE', #1216, 1000.000000000000000 ) ;
#4881 = FACE_OUTER_BOUND ( 'NONE', #1354, .T. ) ;
#4882 = DIRECTION ( 'NONE',  ( 0.000000000000000000, -0.000000000000000000, -1.000000000000000000 ) ) ;
#4883 = CARTESIAN_POINT ( 'NONE',  ( -257.8159112236720603, 1525.601106651572081, 10.90000000000000036 ) ) ;
#4884 = VECTOR ( 'NONE', #5436, 1000.000000000000114 ) ;
#4885 = CARTESIAN_POINT ( 'NONE',  ( -249.2406748809267754, 1519.713020834706640, 11.50000000000000000 ) ) ;
#4886 = ORIENTED_EDGE ( 'NONE', *, *, #4739, .T. ) ;
#4887 = CARTESIAN_POINT ( 'NONE',  ( -252.9697573775181922, 1523.938847036187326, 10.90000000000000036 ) ) ;
#4888 = VECTOR ( 'NONE', #4805, 1000.000000000000000 ) ;
#4889 = CARTESIAN_POINT ( 'NONE',  ( -254.1236035313643811, 1523.885962420802798, 11.50000000000000178 ) ) ;
#4890 = CARTESIAN_POINT ( 'NONE',  ( -253.3661155688288886, 1525.062040155093200, 10.90000000000000213 ) ) ;
#4891 = DIRECTION ( 'NONE',  ( -0.000000000000000000, -0.000000000000000000, 1.000000000000000000 ) ) ;
#4892 = VERTEX_POINT ( 'NONE', #271 ) ;
#4893 = DIRECTION ( 'NONE',  ( 0.000000000000000000, -0.000000000000000000, 1.000000000000000000 ) ) ;
#4894 = CARTESIAN_POINT ( 'NONE',  ( -250.4619892458673291, 1522.461122571620535, 10.90000000000000213 ) ) ;
#4895 = ADVANCED_FACE ( 'NONE', ( #684 ), #4651, .T. ) ;
#4896 = ORIENTED_EDGE ( 'NONE', *, *, #4164, .F. ) ;
#4897 = CARTESIAN_POINT ( 'NONE',  ( -255.7329785313643526, 1523.139568190033515, 11.50000000000000000 ) ) ;
#4898 = LINE ( 'NONE', #4480, #6062 ) ;
#4899 = CARTESIAN_POINT ( 'NONE',  ( -249.8471612236720603, 1523.524183574649896, 10.90000000000000213 ) ) ;
#4900 = EDGE_LOOP ( 'NONE', ( #188, #2540, #1968, #2371 ) ) ;
#4901 = LINE ( 'NONE', #5834, #4476 ) ;
#4902 = CARTESIAN_POINT ( 'NONE',  ( -217.8872665666571606, 1527.601106651571854, 0.5000000000000004441 ) ) ;
#4903 = ORIENTED_EDGE ( 'NONE', *, *, #4722, .T. ) ;
#4904 = DIRECTION ( 'NONE',  ( 0.000000000000000000, 0.000000000000000000, -1.000000000000000000 ) ) ;
#4905 = CARTESIAN_POINT ( 'NONE',  ( -198.9312958390561334, -5.952062193660553159E-14, 5.749999999999905853 ) ) ;
#4906 = EDGE_CURVE ( 'NONE', #3703, #180, #3196, .T. ) ;
#4907 = CARTESIAN_POINT ( 'NONE',  ( -371.4312958390563040, 1522.601106651571854, 7.000000000000000000 ) ) ;
#4908 = CARTESIAN_POINT ( 'NONE',  ( -217.8872665666571322, 1525.601106651572991, 11.50000000000000000 ) ) ;
#4909 = LINE ( 'NONE', #5002, #499 ) ;
#4910 = DIRECTION ( 'NONE',  ( 0.000000000000000000, 0.000000000000000000, 1.000000000000000000 ) ) ;
#4911 = ORIENTED_EDGE ( 'NONE', *, *, #2058, .F. ) ;
#4912 = CARTESIAN_POINT ( 'NONE',  ( 0.000000000000000000, 0.000000000000000000, 9.000000000000001776 ) ) ;
#4913 = DIRECTION ( 'NONE',  ( 1.000000000000000000, 0.000000000000000000, 0.000000000000000000 ) ) ;
#4914 = PLANE ( 'NONE',  #6262 ) ;
#4915 = ADVANCED_FACE ( 'NONE', ( #4023 ), #2953, .T. ) ;
#4916 = CARTESIAN_POINT ( 'NONE',  ( -253.0041453754595580, 1524.315957123900489, 10.90000000000000213 ) ) ;
#4917 = DIRECTION ( 'NONE',  ( 0.000000000000000000, 0.000000000000000000, -1.000000000000000000 ) ) ;
#4918 = CARTESIAN_POINT ( 'NONE',  ( -251.3711799852452202, 1519.893488754557666, 11.50000000000000355 ) ) ;
#4919 = LINE ( 'NONE', #1508, #6189 ) ;
#4920 = ORIENTED_EDGE ( 'NONE', *, *, #1914, .T. ) ;
#4921 = VERTEX_POINT ( 'NONE', #2165 ) ;
#4922 = PLANE ( 'NONE',  #2208 ) ;
#4923 = FACE_OUTER_BOUND ( 'NONE', #1391, .T. ) ;
#4924 = FACE_OUTER_BOUND ( 'NONE', #1433, .T. ) ;
#4925 = EDGE_CURVE ( 'NONE', #2420, #823, #5092, .T. ) ;
#4926 = EDGE_LOOP ( 'NONE', ( #5754, #257, #4200, #3435 ) ) ;
#4927 = PLANE ( 'NONE',  #534 ) ;
#4928 = CARTESIAN_POINT ( 'NONE',  ( -253.8086703991257025, 1521.697323238354102, 11.50000000000000000 ) ) ;
#4929 = CARTESIAN_POINT ( 'NONE',  ( -255.0309963344313360, 1521.401228272507296, 10.90000000000000213 ) ) ;
#4930 = CARTESIAN_POINT ( 'NONE',  ( -248.3162054354907582, 1522.533080455037862, 11.49999999999999822 ) ) ;
#4931 = EDGE_CURVE ( 'NONE', #1824, #497, #215, .T. ) ;
#4932 = ORIENTED_EDGE ( 'NONE', *, *, #6245, .T. ) ;
#4933 = ORIENTED_EDGE ( 'NONE', *, *, #3068, .T. ) ;
#4934 = APPROVAL ( #5708, 'UNSPECIFIED' ) ;
#4935 = CARTESIAN_POINT ( 'NONE',  ( -249.0448833587743422, 1519.822350398386334, 10.90000000000000036 ) ) ;
#4936 = PLANE ( 'NONE',  #1605 ) ;
#4937 = LINE ( 'NONE', #2584, #6046 ) ;
#4938 = EDGE_CURVE ( 'NONE', #2102, #3551, #4107, .T. ) ;
#4939 = EDGE_CURVE ( 'NONE', #3490, #2832, #2639, .T. ) ;
#4940 = CARTESIAN_POINT ( 'NONE',  ( -207.9312958390567019, 1525.601106651572991, 11.50000000000000000 ) ) ;
#4941 = ORIENTED_EDGE ( 'NONE', *, *, #4230, .F. ) ;
#4942 = CARTESIAN_POINT ( 'NONE',  ( -254.7642285313643811, 1524.581875882341365, 10.90000000000000036 ) ) ;
#4943 = CARTESIAN_POINT ( 'NONE',  ( -200.4312958390555082, 1495.366478455931883, 0.4999999999999449329 ) ) ;
#4944 = CARTESIAN_POINT ( 'NONE',  ( -217.8872665666571322, 1525.601106651572991, 0.000000000000000000 ) ) ;
#4945 = VECTOR ( 'NONE', #1829, 1000.000000000000000 ) ;
#4946 = ORIENTED_EDGE ( 'NONE', *, *, #805, .F. ) ;
#4947 = VERTEX_POINT ( 'NONE', #1127 ) ;
#4948 = CARTESIAN_POINT ( 'NONE',  ( -251.5055485370810118, 1520.008023259536230, 11.49999999999999822 ) ) ;
#4949 = CARTESIAN_POINT ( 'NONE',  ( -223.6607692585541827, 1517.601106651571854, 11.00000000000000000 ) ) ;
#4950 = VECTOR ( 'NONE', #4432, 1000.000000000000000 ) ;
#4951 = ORIENTED_EDGE ( 'NONE', *, *, #3301, .T. ) ;
#4952 = EDGE_LOOP ( 'NONE', ( #3124, #5838, #661, #866 ) ) ;
#4953 = CARTESIAN_POINT ( 'NONE',  ( -374.7312958390565427, 1518.101106651571627, 5.749999999999905853 ) ) ;
#4954 = CARTESIAN_POINT ( 'NONE',  ( -248.5150797703548449, 1520.343393073474545, 11.50000000000000000 ) ) ;
#4955 = CARTESIAN_POINT ( 'NONE',  ( -253.2567971139958445, 1522.947525351583408, 11.50000000000000178 ) ) ;
#4956 = CIRCLE ( 'NONE', #296, 2.500000000000085265 ) ;
#4957 = ORIENTED_EDGE ( 'NONE', *, *, #1594, .T. ) ;
#4958 = VECTOR ( 'NONE', #3518, 1000.000000000000000 ) ;
#4959 = DIRECTION ( 'NONE',  ( -0.7071067811866382780, 0.7071067811864568675, 0.000000000000000000 ) ) ;
#4960 = VECTOR ( 'NONE', #4425, 1000.000000000000000 ) ;
#4961 = DIRECTION ( 'NONE',  ( -5.551115123126394227E-14, -1.000000000000000000, -0.000000000000000000 ) ) ;
#4962 = PLANE ( 'NONE',  #4057 ) ;
#4963 = FACE_OUTER_BOUND ( 'NONE', #2084, .T. ) ;
#4964 = CARTESIAN_POINT ( 'NONE',  ( -250.2378923670900406, 1522.520043061487740, 10.90000000000000213 ) ) ;
#4965 = ORIENTED_EDGE ( 'NONE', *, *, #5841, .T. ) ;
#4966 = EDGE_LOOP ( 'NONE', ( #1185, #2344, #3374, #2826 ) ) ;
#4967 = VECTOR ( 'NONE', #5611, 999.9999999999998863 ) ;
#4968 = LINE ( 'NONE', #5027, #1720 ) ;
#4969 = ADVANCED_FACE ( 'NONE', ( #5033 ), #6004, .T. ) ;
#4970 = ORIENTED_EDGE ( 'NONE', *, *, #5813, .T. ) ;
#4971 = DIRECTION ( 'NONE',  ( 1.000000000000000000, 0.000000000000000000, -0.000000000000000000 ) ) ;
#4972 = AXIS2_PLACEMENT_3D ( 'NONE', #372, #5095, #756 ) ;
#4973 = CARTESIAN_POINT ( 'NONE',  ( -257.8159112236720603, 1519.601106651572081, 10.90000000000000036 ) ) ;
#4974 = CARTESIAN_POINT ( 'NONE',  ( -248.6962191408190677, 1520.113991238432163, 11.49999999999999822 ) ) ;
#4975 = AXIS2_PLACEMENT_3D ( 'NONE', #2520, #5352, #1034 ) ;
#4976 = EDGE_CURVE ( 'NONE', #4063, #4210, #243, .T. ) ;
#4977 = ORIENTED_EDGE ( 'NONE', *, *, #5171, .F. ) ;
#4978 = LINE ( 'NONE', #219, #4244 ) ;
#4979 = CARTESIAN_POINT ( 'NONE',  ( -253.1158248215704134, 1523.195595196857766, 11.49999999999999645 ) ) ;
#4980 = DIRECTION ( 'NONE',  ( 0.000000000000000000, 0.000000000000000000, 1.000000000000000000 ) ) ;
#4981 = VECTOR ( 'NONE', #3223, 1000.000000000000000 ) ;
#4982 = CARTESIAN_POINT ( 'NONE',  ( -255.6812958390567019, 1524.601106651571854, 11.50000000000000000 ) ) ;
#4983 = VECTOR ( 'NONE', #1752, 1000.000000000000114 ) ;
#4984 = EDGE_CURVE ( 'NONE', #3719, #5865, #3602, .T. ) ;
#4985 = VERTEX_POINT ( 'NONE', #3130 ) ;
#4986 = EDGE_LOOP ( 'NONE', ( #1665, #840 ) ) ;
#4987 = CARTESIAN_POINT ( 'NONE',  ( -226.0293727074229650, 1529.147553260978611, 5.953553390593204320 ) ) ;
#4988 = DIRECTION ( 'NONE',  ( 3.081012879330941349E-16, -1.000000000000000000, 0.000000000000000000 ) ) ;
#4989 = CARTESIAN_POINT ( 'NONE',  ( -253.4456757621492784, 1522.730890418301669, 11.50000000000000355 ) ) ;
#4990 = VECTOR ( 'NONE', #1780, 1000.000000000000000 ) ;
#4991 = VERTEX_POINT ( 'NONE', #6029 ) ;
#4992 = LINE ( 'NONE', #3559, #733 ) ;
#4993 = LINE ( 'NONE', #644, #4339 ) ;
#4994 = DIRECTION ( 'NONE',  ( 0.000000000000000000, -0.000000000000000000, -1.000000000000000000 ) ) ;
#4995 = CARTESIAN_POINT ( 'NONE',  ( -255.7670900678519672, 1522.077227342184869, 10.90000000000000036 ) ) ;
#4996 = DIRECTION ( 'NONE',  ( 0.000000000000000000, 0.000000000000000000, -1.000000000000000000 ) ) ;
#4997 = EDGE_LOOP ( 'NONE', ( #6095, #1971, #1136, #2607, #448, #3048 ) ) ;
#4998 = ORIENTED_EDGE ( 'NONE', *, *, #3695, .F. ) ;
#4999 = CARTESIAN_POINT ( 'NONE',  ( -367.4312958390565313, 1527.101106651571854, 5.749999999999905853 ) ) ;
#5000 = VERTEX_POINT ( 'NONE', #3634 ) ;
#5001 = FACE_OUTER_BOUND ( 'NONE', #4662, .T. ) ;
#5002 = CARTESIAN_POINT ( 'NONE',  ( -217.8872665666571606, 1527.601106651571854, 3.492893218813446943 ) ) ;
#5003 = EDGE_CURVE ( 'NONE', #339, #3551, #5562, .T. ) ;
#5004 = CARTESIAN_POINT ( 'NONE',  ( -237.9293727074230276, 1530.901106651571808, 11.50000000000000000 ) ) ;
#5005 = EDGE_LOOP ( 'NONE', ( #3774, #4644, #1509, #5977 ) ) ;
#5006 = CARTESIAN_POINT ( 'NONE',  ( -255.3258257609885504, 1521.771714772439054, 11.50000000000000178 ) ) ;
#5007 = LINE ( 'NONE', #657, #1002 ) ;
#5008 = DIRECTION ( 'NONE',  ( 1.000000000000000000, 0.000000000000000000, 0.000000000000000000 ) ) ;
#5009 = ADVANCED_FACE ( 'NONE', ( #2679 ), #4616, .F. ) ;
#5010 = ORIENTED_EDGE ( 'NONE', *, *, #1441, .T. ) ;
#5011 = CARTESIAN_POINT ( 'NONE',  ( -250.5311195453685968, 1520.582269718335283, 10.89999999999999858 ) ) ;
#5012 = VERTEX_POINT ( 'NONE', #3696 ) ;
#5013 = ORIENTED_EDGE ( 'NONE', *, *, #144, .T. ) ;
#5014 = DIRECTION ( 'NONE',  ( -3.081012879330941349E-16, 1.000000000000000000, 0.000000000000000000 ) ) ;
#5015 = FACE_OUTER_BOUND ( 'NONE', #1265, .T. ) ;
#5016 = CARTESIAN_POINT ( 'NONE',  ( -253.0604420874299478, 1523.329678575828211, 11.50000000000000178 ) ) ;
#5017 = EDGE_CURVE ( 'NONE', #5329, #5181, #4715, .T. ) ;
#5018 = ORIENTED_EDGE ( 'NONE', *, *, #5427, .T. ) ;
#5019 = EDGE_CURVE ( 'NONE', #6106, #6211, #342, .T. ) ;
#5020 = DIRECTION ( 'NONE',  ( 0.000000000000000000, 0.7071067811865868746, 0.7071067811865082708 ) ) ;
#5021 = CYLINDRICAL_SURFACE ( 'NONE', #291, 1.699999999999979305 ) ;
#5022 = CARTESIAN_POINT ( 'NONE',  ( -248.1284083006975720, 1521.403569581390457, 11.50000000000000355 ) ) ;
#5023 = CARTESIAN_POINT ( 'NONE',  ( -256.2090859604481352, 1522.138717467258630, 11.50000000000000355 ) ) ;
#5024 = CARTESIAN_POINT ( 'NONE',  ( -249.6716649385949154, 1523.519460903718254, 11.50000000000000000 ) ) ;
#5025 = ORIENTED_EDGE ( 'NONE', *, *, #4869, .F. ) ;
#5026 = ORIENTED_EDGE ( 'NONE', *, *, #5272, .F. ) ;
#5027 = CARTESIAN_POINT ( 'NONE',  ( -224.3824570950413602, 1521.851106651572309, 0.000000000000000000 ) ) ;
#5028 = EDGE_CURVE ( 'NONE', #1043, #361, #2743, .T. ) ;
#5029 = VERTEX_POINT ( 'NONE', #3317 ) ;
#5030 = DIRECTION ( 'NONE',  ( 0.6123724356957180870, 0.3535533905932322085, 0.7071067811866346142 ) ) ;
#5031 = CARTESIAN_POINT ( 'NONE',  ( -252.9697573775181922, 1523.938847036187326, 10.90000000000000036 ) ) ;
#5032 = B_SPLINE_SURFACE_WITH_KNOTS ( 'NONE', 3, 1, ( 
 ( #3918, #5880 ),
 ( #5780, #3411 ),
 ( #561, #4396 ),
 ( #4423, #2905 ),
 ( #4935, #1490 ),
 ( #1908, #5379 ),
 ( #2387, #1943 ),
 ( #3990, #4842 ),
 ( #2426, #3953 ),
 ( #587, #533 ),
 ( #77, #3477 ) ),
 .UNSPECIFIED., .F., .F., .F.,
 ( 4, 1, 1, 1, 1, 1, 1, 1, 4 ),
 ( 2, 2 ),
 ( 0.000000000000000000, 0.1272652138347262762, 0.2504727448330550388, 0.3709183694476671511, 0.4903519675537421629, 0.6120391628631896008, 0.7361283332358898868, 0.8651603406623447068, 1.000000000000000000 ),
 ( 0.000000000000000000, 1.000000000000000000 ),
 .UNSPECIFIED. ) ;
#5033 = FACE_OUTER_BOUND ( 'NONE', #3328, .T. ) ;
#5034 = ORIENTED_EDGE ( 'NONE', *, *, #3593, .F. ) ;
#5035 = DIRECTION ( 'NONE',  ( -0.000000000000000000, -0.000000000000000000, 1.000000000000000000 ) ) ;
#5036 = ADVANCED_FACE ( 'NONE', ( #4688 ), #1407, .T. ) ;
#5037 = CARTESIAN_POINT ( 'NONE',  ( -249.3661346034851078, 1522.065849236264285, 11.50000000000000178 ) ) ;
#5038 = CARTESIAN_POINT ( 'NONE',  ( -207.9312958390566450, 1492.686986531620050, 11.50000000000000000 ) ) ;
#5039 = CARTESIAN_POINT ( 'NONE',  ( -250.9330101631768173, 1520.905920344247761, 11.50000000000000355 ) ) ;
#5040 = ORIENTED_EDGE ( 'NONE', *, *, #3687, .F. ) ;
#5041 = EDGE_LOOP ( 'NONE', ( #4600, #5204, #2083, #4771, #2934, #1749, #2187, #50, #5013, #66, #4166, #2376 ) ) ;
#5042 = EDGE_CURVE ( 'NONE', #4058, #1296, #6195, .T. ) ;
#5043 = AXIS2_PLACEMENT_3D ( 'NONE', #4309, #5824, #1384 ) ;
#5044 = CARTESIAN_POINT ( 'NONE',  ( -198.4312958390566450, 1495.366478455931883, 0.4999999999999449329 ) ) ;
#5045 = CARTESIAN_POINT ( 'NONE',  ( -252.9708152153909850, 1523.884301839610544, 11.50000000000000000 ) ) ;
#5046 = ORIENTED_EDGE ( 'NONE', *, *, #907, .T. ) ;
#5047 = VECTOR ( 'NONE', #1784, 1000.000000000000114 ) ;
#5048 = CARTESIAN_POINT ( 'NONE',  ( -207.9312958390566166, 1394.801106651571672, 11.00000000000005507 ) ) ;
#5049 = ADVANCED_FACE ( 'NONE', ( #4203 ), #3262, .F. ) ;
#5050 = CARTESIAN_POINT ( 'NONE',  ( -226.0293727074229935, 1527.101106651571854, 11.50000000000000000 ) ) ;
#5051 = CARTESIAN_POINT ( 'NONE',  ( -255.4690109669522826, 1521.911725896244661, 10.90000000000000213 ) ) ;
#5052 = VECTOR ( 'NONE', #2827, 1000.000000000000000 ) ;
#5053 = CARTESIAN_POINT ( 'NONE',  ( -237.9293727074229992, 1527.601106651571854, 3.492893218813450495 ) ) ;
#5054 = ORIENTED_EDGE ( 'NONE', *, *, #3149, .F. ) ;
#5055 = ORIENTED_EDGE ( 'NONE', *, *, #4869, .T. ) ;
#5056 = CARTESIAN_POINT ( 'NONE',  ( -223.6607692585541827, 1515.601106651571854, 11.50000000000000000 ) ) ;
#5057 = VECTOR ( 'NONE', #3191, 1000.000000000000000 ) ;
#5058 = VECTOR ( 'NONE', #2494, 1000.000000000000114 ) ;
#5059 = ORIENTED_EDGE ( 'NONE', *, *, #857, .F. ) ;
#5060 = CARTESIAN_POINT ( 'NONE',  ( -374.7312958390564859, 1527.351106651571854, 11.25000000000000000 ) ) ;
#5061 = LINE ( 'NONE', #3600, #592 ) ;
#5062 = AXIS2_PLACEMENT_3D ( 'NONE', #666, #69, #4443 ) ;
#5063 = CARTESIAN_POINT ( 'NONE',  ( -217.8872665666571322, 1525.601106651572991, 0.4999999999999449329 ) ) ;
#5064 = CARTESIAN_POINT ( 'NONE',  ( -228.1293727074229878, 1526.601106651571854, 7.500000000000000000 ) ) ;
#5065 = VECTOR ( 'NONE', #3168, 1000.000000000000000 ) ;
#5066 = VERTEX_POINT ( 'NONE', #2324 ) ;
#5067 = DIRECTION ( 'NONE',  ( 6.692035624911299564E-17, -0.9238795325112634238, 0.3826834323651464032 ) ) ;
#5068 = CARTESIAN_POINT ( 'NONE',  ( -249.8604062826993299, 1522.492196340268265, 11.49999999999999645 ) ) ;
#5069 = PLANE ( 'NONE',  #4438 ) ;
#5070 = EDGE_LOOP ( 'NONE', ( #2283, #3115, #1140, #1879 ) ) ;
#5071 = DIRECTION ( 'NONE',  ( 0.000000000000000000, 1.000000000000000000, 0.000000000000000000 ) ) ;
#5072 = ORIENTED_EDGE ( 'NONE', *, *, #5205, .T. ) ;
#5073 = AXIS2_PLACEMENT_3D ( 'NONE', #5911, #5810, #1465 ) ;
#5074 = CARTESIAN_POINT ( 'NONE',  ( -254.3185289072303306, 1525.540606274064658, 11.50000000000000178 ) ) ;
#5075 = DIRECTION ( 'NONE',  ( 1.000000000000000000, 0.000000000000000000, 0.000000000000000000 ) ) ;
#5076 = ORIENTED_EDGE ( 'NONE', *, *, #1850, .T. ) ;
#5077 = AXIS2_PLACEMENT_3D ( 'NONE', #397, #2317, #2834 ) ;
#5078 = EDGE_CURVE ( 'NONE', #638, #1246, #1844, .T. ) ;
#5079 = DIRECTION ( 'NONE',  ( 0.7071067811865475727, 0.7071067811865475727, 0.000000000000000000 ) ) ;
#5080 = CARTESIAN_POINT ( 'NONE',  ( 0.000000000000000000, 1395.301106651571672, 5.749999999999905853 ) ) ;
#5081 = DIRECTION ( 'NONE',  ( -1.000000000000000000, 0.000000000000000000, -0.000000000000000000 ) ) ;
#5082 = VECTOR ( 'NONE', #3515, 1000.000000000000000 ) ;
#5083 = CARTESIAN_POINT ( 'NONE',  ( -198.6992450314876351, 1496.366478455931428, 0.4999999999999449329 ) ) ;
#5084 = VERTEX_POINT ( 'NONE', #3727 ) ;
#5085 = ORIENTED_EDGE ( 'NONE', *, *, #2588, .T. ) ;
#5086 = LINE ( 'NONE', #237, #2958 ) ;
#5087 = ORIENTED_EDGE ( 'NONE', *, *, #714, .T. ) ;
#5088 = FACE_OUTER_BOUND ( 'NONE', #6179, .T. ) ;
#5089 = CARTESIAN_POINT ( 'NONE',  ( -251.9923492969724634, 1520.749693632604021, 10.90000000000000213 ) ) ;
#5090 = EDGE_CURVE ( 'NONE', #786, #4947, #5655, .T. ) ;
#5091 = EDGE_CURVE ( 'NONE', #5165, #1979, #1312, .T. ) ;
#5092 = LINE ( 'NONE', #1680, #216 ) ;
#5093 = DIRECTION ( 'NONE',  ( 0.000000000000000000, 0.000000000000000000, -1.000000000000000000 ) ) ;
#5094 = ORIENTED_EDGE ( 'NONE', *, *, #525, .F. ) ;
#5095 = DIRECTION ( 'NONE',  ( -0.000000000000000000, 0.000000000000000000, -1.000000000000000000 ) ) ;
#5096 = FACE_OUTER_BOUND ( 'NONE', #6240, .T. ) ;
#5097 = CARTESIAN_POINT ( 'NONE',  ( -250.0919019593532084, 1522.523654242781049, 11.50000000000000000 ) ) ;
#5098 = FACE_OUTER_BOUND ( 'NONE', #3029, .T. ) ;
#5099 = ORIENTED_EDGE ( 'NONE', *, *, #6208, .T. ) ;
#5100 = ORIENTED_EDGE ( 'NONE', *, *, #5647, .F. ) ;
#5101 = DIRECTION ( 'NONE',  ( 1.000000000000000000, 0.000000000000000000, 0.000000000000000000 ) ) ;
#5102 = ORIENTED_EDGE ( 'NONE', *, *, #1634, .T. ) ;
#5103 = ADVANCED_FACE ( 'NONE', ( #4298 ), #4070, .F. ) ;
#5104 = LINE ( 'NONE', #2663, #3742 ) ;
#5105 = CARTESIAN_POINT ( 'NONE',  ( -248.4035972965697567, 1522.693629692526883, 10.90000000000000036 ) ) ;
#5106 = ORIENTED_EDGE ( 'NONE', *, *, #4746, .T. ) ;
#5107 = CARTESIAN_POINT ( 'NONE',  ( -250.2378923670900406, 1522.520043061487740, 10.90000000000000213 ) ) ;
#5108 = DIRECTION ( 'NONE',  ( -0.000000000000000000, -0.000000000000000000, -1.000000000000000000 ) ) ;
#5109 = DIRECTION ( 'NONE',  ( -1.000000000000000000, -0.000000000000000000, -0.000000000000000000 ) ) ;
#5110 = DIRECTION ( 'NONE',  ( 1.000000000000000000, 4.440892098503991127E-13, 0.000000000000000000 ) ) ;
#5111 = EDGE_CURVE ( 'NONE', #1011, #903, #2356, .T. ) ;
#5112 = CARTESIAN_POINT ( 'NONE',  ( -213.2889817412365687, 1501.636643706269069, 9.000000000000001776 ) ) ;
#5113 = ORIENTED_EDGE ( 'NONE', *, *, #3280, .T. ) ;
#5114 = CARTESIAN_POINT ( 'NONE',  ( -249.7811046896902667, 1522.466082365810280, 10.90000000000000036 ) ) ;
#5115 = DIRECTION ( 'NONE',  ( -0.000000000000000000, -0.000000000000000000, -1.000000000000000000 ) ) ;
#5116 = ORIENTED_EDGE ( 'NONE', *, *, #1389, .F. ) ;
#5117 = CARTESIAN_POINT ( 'NONE',  ( -255.3439581509265395, 1524.599775069161069, 11.50000000000000000 ) ) ;
#5118 = EDGE_CURVE ( 'NONE', #172, #1274, #846, .T. ) ;
#5119 = FACE_OUTER_BOUND ( 'NONE', #2842, .T. ) ;
#5120 = DIRECTION ( 'NONE',  ( -0.000000000000000000, -0.000000000000000000, 1.000000000000000000 ) ) ;
#5121 = CARTESIAN_POINT ( 'NONE',  ( -232.2293727074229821, 1526.601106651571854, 7.500000000000000000 ) ) ;
#5122 = ORIENTED_EDGE ( 'NONE', *, *, #6045, .F. ) ;
#5123 = CARTESIAN_POINT ( 'NONE',  ( -238.4293727074229707, 1527.601106651571854, 11.00000000000000000 ) ) ;
#5124 = CARTESIAN_POINT ( 'NONE',  ( -253.6698039807168072, 1521.503946015365273, 11.50000000000001066 ) ) ;
#5125 = EDGE_CURVE ( 'NONE', #872, #523, #908, .T. ) ;
#5126 = LINE ( 'NONE', #4143, #3239 ) ;
#5127 = EDGE_CURVE ( 'NONE', #4079, #4150, #1872, .T. ) ;
#5128 = DIRECTION ( 'NONE',  ( -0.000000000000000000, -0.000000000000000000, 1.000000000000000000 ) ) ;
#5129 = ORIENTED_EDGE ( 'NONE', *, *, #1552, .T. ) ;
#5130 = PLANE ( 'NONE',  #4463 ) ;
#5131 = ORIENTED_EDGE ( 'NONE', *, *, #3574, .F. ) ;
#5132 = CARTESIAN_POINT ( 'NONE',  ( -249.3809177986264842, 1521.010056287102771, 11.49999999999999467 ) ) ;
#5133 = DIRECTION ( 'NONE',  ( -0.000000000000000000, -0.000000000000000000, 1.000000000000000000 ) ) ;
#5134 = CARTESIAN_POINT ( 'NONE',  ( -253.0694520234562219, 1524.550055129629982, 11.50000000000000178 ) ) ;
#5135 = CARTESIAN_POINT ( 'NONE',  ( -255.2978823775182207, 1525.601106651572081, 11.49999999999999112 ) ) ;
#5136 = VERTEX_POINT ( 'NONE', #4810 ) ;
#5137 = B_SPLINE_CURVE_WITH_KNOTS ( 'NONE', 3,
 ( #3047, #2497, #3514, #1507, #1137, #1985, #4406, #1477, #3486, #5418, #63 ),
 .UNSPECIFIED., .F., .F.,
 ( 4, 1, 1, 1, 1, 1, 1, 1, 4 ),
 ( 0.000000000000000000, 0.1164608859992130457, 0.2323412937112581123, 0.3483544577234556350, 0.4675094081317514583, 0.5904608793733967520, 0.7188540747903811035, 0.8550053441080346373, 1.000000000000000000 ),
 .UNSPECIFIED. ) ;
#5138 = CARTESIAN_POINT ( 'NONE',  ( -209.5080216973944687, 1507.687828808946733, 9.000000000000001776 ) ) ;
#5139 = FACE_OUTER_BOUND ( 'NONE', #5602, .T. ) ;
#5140 = CARTESIAN_POINT ( 'NONE',  ( -248.1288821386443715, 1521.787137396539265, 11.49999999999999467 ) ) ;
#5141 = VECTOR ( 'NONE', #2992, 1000.000000000000000 ) ;
#5142 = VERTEX_POINT ( 'NONE', #3760 ) ;
#5143 = ORIENTED_EDGE ( 'NONE', *, *, #4279, .T. ) ;
#5144 = CARTESIAN_POINT ( 'NONE',  ( -250.0318560120197162, 1522.522612124769694, 11.49999999999999112 ) ) ;
#5145 = CARTESIAN_POINT ( 'NONE',  ( -250.5311195453685968, 1520.582269718335283, 11.49999999999999822 ) ) ;
#5146 = VECTOR ( 'NONE', #2873, 1000.000000000000000 ) ;
#5147 = VECTOR ( 'NONE', #1578, 1000.000000000000114 ) ;
#5148 = EDGE_LOOP ( 'NONE', ( #980, #2336 ) ) ;
#5149 = DIRECTION ( 'NONE',  ( -0.2148408721547226952, -0.9766490667848908291, 0.000000000000000000 ) ) ;
#5150 = DIRECTION ( 'NONE',  ( -0.000000000000000000, -0.000000000000000000, 1.000000000000000000 ) ) ;
#5151 = AXIS2_PLACEMENT_3D ( 'NONE', #5391, #5857, #1504 ) ;
#5152 = DIRECTION ( 'NONE',  ( 0.000000000000000000, 0.7071067811865081598, 0.7071067811865868746 ) ) ;
#5153 = EDGE_CURVE ( 'NONE', #2096, #2511, #322, .T. ) ;
#5154 = DIRECTION ( 'NONE',  ( 3.558407130208834256E-15, 0.000000000000000000, -1.000000000000000000 ) ) ;
#5155 = CARTESIAN_POINT ( 'NONE',  ( -375.2312958390564859, 1527.101106651571854, 6.249999999999906741 ) ) ;
#5156 = DIRECTION ( 'NONE',  ( 0.000000000000000000, 0.000000000000000000, 1.000000000000000000 ) ) ;
#5157 = AXIS2_PLACEMENT_3D ( 'NONE', #3765, #2199, #820 ) ;
#5158 = CARTESIAN_POINT ( 'NONE',  ( -253.5097732462168665, 1521.257184816814743, 10.90000000000000746 ) ) ;
#5159 = LINE ( 'NONE', #6070, #5047 ) ;
#5160 = ORIENTED_EDGE ( 'NONE', *, *, #6127, .F. ) ;
#5161 = DIRECTION ( 'NONE',  ( -1.000000000000000000, 0.000000000000000000, 0.000000000000000000 ) ) ;
#5162 = VECTOR ( 'NONE', #201, 1000.000000000000000 ) ;
#5163 = EDGE_CURVE ( 'NONE', #3995, #3187, #3293, .T. ) ;
#5164 = EDGE_CURVE ( 'NONE', #1043, #2207, #4175, .T. ) ;
#5165 = VERTEX_POINT ( 'NONE', #4878 ) ;
#5166 = DIRECTION ( 'NONE',  ( -0.000000000000000000, -0.000000000000000000, 1.000000000000000000 ) ) ;
#5167 = CARTESIAN_POINT ( 'NONE',  ( -208.4312958390566166, 1395.301106651571672, 11.00000000000000000 ) ) ;
#5168 = DIRECTION ( 'NONE',  ( 0.5773502691896270633, 0.5773502691895628924, 0.5773502691896873484 ) ) ;
#5169 = VECTOR ( 'NONE', #3925, 999.9999999999998863 ) ;
#5170 = ORIENTED_EDGE ( 'NONE', *, *, #1706, .F. ) ;
#5171 = EDGE_CURVE ( 'NONE', #6138, #5343, #498, .T. ) ;
#5172 = CARTESIAN_POINT ( 'NONE',  ( -250.0318560120197162, 1522.522612124769694, 10.89999999999999680 ) ) ;
#5173 = VECTOR ( 'NONE', #1443, 1000.000000000000000 ) ;
#5174 = DIRECTION ( 'NONE',  ( 0.7071067811865082708, 0.7071067811865868746, -0.000000000000000000 ) ) ;
#5175 = DIRECTION ( 'NONE',  ( -0.000000000000000000, -0.000000000000000000, 1.000000000000000000 ) ) ;
#5176 = CARTESIAN_POINT ( 'NONE',  ( -216.1552157590892875, 1526.601106651572309, 11.00000000000000000 ) ) ;
#5177 = VECTOR ( 'NONE', #816, 1000.000000000000000 ) ;
#5178 = ORIENTED_EDGE ( 'NONE', *, *, #612, .T. ) ;
#5179 = LINE ( 'NONE', #6122, #1927 ) ;
#5180 = AXIS2_PLACEMENT_3D ( 'NONE', #2403, #2957, #546 ) ;
#5181 = VERTEX_POINT ( 'NONE', #1526 ) ;
#5182 = ADVANCED_FACE ( 'NONE', ( #3003 ), #5032, .T. ) ;
#5183 = CARTESIAN_POINT ( 'NONE',  ( -254.1505119286674415, 1523.648886894685120, 10.90000000000000213 ) ) ;
#5184 = ORIENTED_EDGE ( 'NONE', *, *, #4163, .T. ) ;
#5185 = CARTESIAN_POINT ( 'NONE',  ( -251.6289359896448730, 1520.134617101014555, 11.50000000000000888 ) ) ;
#5186 =( GEOMETRIC_REPRESENTATION_CONTEXT ( 3 ) GLOBAL_UNCERTAINTY_ASSIGNED_CONTEXT ( ( #1739 ) ) GLOBAL_UNIT_ASSIGNED_CONTEXT ( ( #1973, #3954, #23 ) ) REPRESENTATION_CONTEXT ( 'NONE', 'WORKASPACE' ) );
#5187 = DIRECTION ( 'NONE',  ( -0.000000000000000000, -0.000000000000000000, -1.000000000000000000 ) ) ;
#5188 = CARTESIAN_POINT ( 'NONE',  ( -198.9312958390565598, 1395.301106651571672, 5.749999999999905853 ) ) ;
#5189 = CARTESIAN_POINT ( 'NONE',  ( -252.1236035313643811, 1521.317452805418725, 11.50000000000000000 ) ) ;
#5190 = CARTESIAN_POINT ( 'NONE',  ( -256.3355086980570263, 1522.139270240594215, 11.50000000000000000 ) ) ;
#5191 = CARTESIAN_POINT ( 'NONE',  ( -200.5812958390566507, 1401.701106651571990, 9.000000000000001776 ) ) ;
#5192 = PLANE ( 'NONE',  #1090 ) ;
#5193 = ADVANCED_FACE ( 'NONE', ( #4328 ), #2484, .T. ) ;
#5194 = VERTEX_POINT ( 'NONE', #3030 ) ;
#5195 = ORIENTED_EDGE ( 'NONE', *, *, #4013, .F. ) ;
#5196 = CARTESIAN_POINT ( 'NONE',  ( -248.3543727621335790, 1524.370337420803480, 10.90000000000000036 ) ) ;
#5197 = ORIENTED_EDGE ( 'NONE', *, *, #1769, .F. ) ;
#5198 = DIRECTION ( 'NONE',  ( -0.000000000000000000, -0.000000000000000000, 1.000000000000000000 ) ) ;
#5199 = ORIENTED_EDGE ( 'NONE', *, *, #5902, .F. ) ;
#5200 = CARTESIAN_POINT ( 'NONE',  ( -238.4293727074229707, 1528.101106651571627, 4.907106781186303834 ) ) ;
#5201 = CARTESIAN_POINT ( 'NONE',  ( -253.2264925335242367, 1524.873283168985836, 11.50000000000000000 ) ) ;
#5202 = CARTESIAN_POINT ( 'NONE',  ( -248.8857808525254711, 1523.221531656713978, 10.90000000000000036 ) ) ;
#5203 = EDGE_CURVE ( 'NONE', #5408, #457, #3889, .T. ) ;
#5204 = ORIENTED_EDGE ( 'NONE', *, *, #4612, .T. ) ;
#5205 = EDGE_CURVE ( 'NONE', #2449, #5517, #2513, .T. ) ;
#5206 = CARTESIAN_POINT ( 'NONE',  ( -249.6750052702610105, 1519.567579295962787, 10.89999999999999680 ) ) ;
#5207 = ORIENTED_EDGE ( 'NONE', *, *, #2286, .F. ) ;
#5208 = CARTESIAN_POINT ( 'NONE',  ( -226.0293727074229650, 1528.101106651571627, 4.907106781186302058 ) ) ;
#5209 = CARTESIAN_POINT ( 'NONE',  ( -198.4312958390566166, 1394.801106651571672, 11.00000000000005507 ) ) ;
#5210 = LINE ( 'NONE', #4636, #1390 ) ;
#5211 = EDGE_CURVE ( 'NONE', #1232, #853, #5384, .T. ) ;
#5212 = ADVANCED_FACE ( 'NONE', ( #1084 ), #4365, .T. ) ;
#5213 = ORIENTED_EDGE ( 'NONE', *, *, #84, .F. ) ;
#5214 = APPROVAL_DATE_TIME ( #2771, #4352 ) ;
#5215 = ORIENTED_EDGE ( 'NONE', *, *, #2831, .T. ) ;
#5216 = CARTESIAN_POINT ( 'NONE',  ( -255.2673323364107887, 1521.702077360725070, 10.90000000000000036 ) ) ;
#5217 = ORIENTED_EDGE ( 'NONE', *, *, #825, .T. ) ;
#5218 = CARTESIAN_POINT ( 'NONE',  ( -255.0763310856082455, 1524.596284064100928, 10.90000000000000036 ) ) ;
#5219 = CARTESIAN_POINT ( 'NONE',  ( -208.4312958390566166, 1403.101106651571627, 0.4999999999999449329 ) ) ;
#5220 = CARTESIAN_POINT ( 'NONE',  ( -226.5293727074229935, 1531.401106651571808, 11.50000000000000000 ) ) ;
#5221 = CARTESIAN_POINT ( 'NONE',  ( -255.0049428010179327, 1523.156900771903338, 10.90000000000000036 ) ) ;
#5222 = PLANE ( 'NONE',  #5468 ) ;
#5223 = DIRECTION ( 'NONE',  ( 0.7071067811865082708, 0.7071067811865868746, 0.000000000000000000 ) ) ;
#5224 = FACE_OUTER_BOUND ( 'NONE', #4224, .T. ) ;
#5225 = CARTESIAN_POINT ( 'NONE',  ( -254.0377957403164828, 1525.481431448703688, 10.89999999999999858 ) ) ;
#5226 = CARTESIAN_POINT ( 'NONE',  ( -368.3312958390562244, 1519.751106651571945, 7.000000000000000000 ) ) ;
#5227 = VERTEX_POINT ( 'NONE', #2941 ) ;
#5228 = DIRECTION ( 'NONE',  ( -1.000000000000000000, 0.000000000000000000, 0.000000000000000000 ) ) ;
#5229 = CARTESIAN_POINT ( 'NONE',  ( -255.2978823775182207, 1525.601106651572081, 10.90000000000000036 ) ) ;
#5230 = CARTESIAN_POINT ( 'NONE',  ( -249.3421702499471166, 1521.103133995756480, 10.90000000000000213 ) ) ;
#5231 = ORIENTED_EDGE ( 'NONE', *, *, #5849, .T. ) ;
#5232 = CARTESIAN_POINT ( 'NONE',  ( -250.1609625946495328, 1522.522801106708584, 10.90000000000000213 ) ) ;
#5233 = EDGE_CURVE ( 'NONE', #5227, #3502, #2041, .T. ) ;
#5234 = ORIENTED_EDGE ( 'NONE', *, *, #1594, .F. ) ;
#5235 = LINE ( 'NONE', #389, #1796 ) ;
#5236 = CARTESIAN_POINT ( 'NONE',  ( -256.6620650698259283, 1519.601106651572081, 11.50000000000000000 ) ) ;
#5237 = CARTESIAN_POINT ( 'NONE',  ( -248.1914821199283665, 1522.180000761073870, 10.89999999999999858 ) ) ;
#5238 = ORIENTED_EDGE ( 'NONE', *, *, #2321, .F. ) ;
#5239 = SECURITY_CLASSIFICATION_LEVEL ( 'unclassified' ) ;
#5240 = CARTESIAN_POINT ( 'NONE',  ( -250.8146492651816573, 1520.770677017298340, 11.50000000000000178 ) ) ;
#5241 = ADVANCED_FACE ( 'NONE', ( #114 ), #1056, .F. ) ;
#5242 = ORIENTED_EDGE ( 'NONE', *, *, #4418, .F. ) ;
#5243 = DIRECTION ( 'NONE',  ( 1.565176775585304335E-15, 8.665274238377025378E-14, 1.000000000000000000 ) ) ;
#5244 = VECTOR ( 'NONE', #383, 1000.000000000000000 ) ;
#5245 = ORIENTED_EDGE ( 'NONE', *, *, #2321, .T. ) ;
#5246 = CARTESIAN_POINT ( 'NONE',  ( -375.2312958390564859, 1519.251106651571945, 5.749999999999905853 ) ) ;
#5247 = EDGE_CURVE ( 'NONE', #6097, #5440, #5990, .T. ) ;
#5248 = CARTESIAN_POINT ( 'NONE',  ( -209.5080216973944687, 1507.687828808946733, 0.000000000000000000 ) ) ;
#5249 = VECTOR ( 'NONE', #1440, 1000.000000000000000 ) ;
#5250 = AXIS2_PLACEMENT_3D ( 'NONE', #2063, #2034, #3590 ) ;
#5251 = DIRECTION ( 'NONE',  ( -0.5773502691896471584, -0.5773502691895829875, -0.5773502691896471584 ) ) ;
#5252 = CARTESIAN_POINT ( 'NONE',  ( -225.5293727074229935, 1527.601106651571854, 11.50000000000000355 ) ) ;
#5253 = CARTESIAN_POINT ( 'NONE',  ( -250.9625458390566450, 1522.062645113111103, 10.90000000000000036 ) ) ;
#5254 = CARTESIAN_POINT ( 'NONE',  ( -205.8278845952029315, 1508.713644369131771, 9.000000000000000000 ) ) ;
#5255 = CIRCLE ( 'NONE', #5151, 1.699999999999979305 ) ;
#5256 = AXIS2_PLACEMENT_3D ( 'NONE', #2817, #4308, #3830 ) ;
#5257 = DIRECTION ( 'NONE',  ( 0.7071067811865106023, 4.711258581639556100E-15, 0.7071067811865843211 ) ) ;
#5258 = VECTOR ( 'NONE', #5692, 1000.000000000000000 ) ;
#5259 = ORIENTED_EDGE ( 'NONE', *, *, #2330, .F. ) ;
#5260 = DIRECTION ( 'NONE',  ( 0.000000000000000000, 0.000000000000000000, 1.000000000000000000 ) ) ;
#5261 = CARTESIAN_POINT ( 'NONE',  ( -251.0251067433949572, 1521.066534338960764, 10.89999999999999680 ) ) ;
#5262 = LINE ( 'NONE', #2467, #2505 ) ;
#5263 = FACE_OUTER_BOUND ( 'NONE', #3805, .T. ) ;
#5264 = AXIS2_PLACEMENT_3D ( 'NONE', #3908, #4769, #890 ) ;
#5265 = EDGE_LOOP ( 'NONE', ( #2687, #2203, #6236, #173 ) ) ;
#5266 = CARTESIAN_POINT ( 'NONE',  ( -249.4543335920107836, 1522.218624839219956, 10.90000000000000213 ) ) ;
#5267 = CARTESIAN_POINT ( 'NONE',  ( -251.9697573775181922, 1522.204472036188008, 10.90000000000000036 ) ) ;
#5268 = CIRCLE ( 'NONE', #4568, 2.199999999999841194 ) ;
#5269 = CARTESIAN_POINT ( 'NONE',  ( -255.5246250234149556, 1523.140014704277291, 11.49999999999999645 ) ) ;
#5270 = FACE_OUTER_BOUND ( 'NONE', #631, .T. ) ;
#5271 = CARTESIAN_POINT ( 'NONE',  ( -250.0363658700910321, 1523.515510887816617, 10.90000000000000036 ) ) ;
#5272 = EDGE_CURVE ( 'NONE', #1118, #1246, #6024, .T. ) ;
#5273 = VERTEX_POINT ( 'NONE', #2550 ) ;
#5274 = AXIS2_PLACEMENT_3D ( 'NONE', #378, #1412, #6173 ) ;
#5275 = LINE ( 'NONE', #4322, #16 ) ;
#5276 = CARTESIAN_POINT ( 'NONE',  ( -251.2774496852104846, 1525.524183574649669, 10.90000000000000036 ) ) ;
#5277 = AXIS2_PLACEMENT_3D ( 'NONE', #4611, #4080, #2098 ) ;
#5278 = ORIENTED_EDGE ( 'NONE', *, *, #2442, .F. ) ;
#5279 = CARTESIAN_POINT ( 'NONE',  ( -248.3607314957608025, 1520.586497843259167, 10.89999999999999858 ) ) ;
#5280 = ADVANCED_FACE ( 'NONE', ( #4492 ), #4130, .T. ) ;
#5281 = ORIENTED_EDGE ( 'NONE', *, *, #366, .F. ) ;
#5282 = DIRECTION ( 'NONE',  ( 0.000000000000000000, 0.000000000000000000, -1.000000000000000000 ) ) ;
#5283 = AXIS2_PLACEMENT_3D ( 'NONE', #5138, #5637, #3281 ) ;
#5284 = CARTESIAN_POINT ( 'NONE',  ( -255.6612603251093958, 1523.139721886512916, 10.90000000000000036 ) ) ;
#5285 = CARTESIAN_POINT ( 'NONE',  ( -227.1293727074230162, 1522.722692017425970, 7.500000000000000000 ) ) ;
#5286 = CARTESIAN_POINT ( 'NONE',  ( -216.5882284609814690, 1526.351106651572309, 0.000000000000000000 ) ) ;
#5287 = DIRECTION ( 'NONE',  ( 1.000000000000000000, 0.000000000000000000, 0.000000000000000000 ) ) ;
#5288 = ADVANCED_FACE ( 'NONE', ( #1676 ), #4577, .F. ) ;
#5289 = ADVANCED_FACE ( 'NONE', ( #2069 ), #5497, .F. ) ;
#5290 = CARTESIAN_POINT ( 'NONE',  ( -226.6293727074229594, 1517.601106651571854, 6.999999999999971578 ) ) ;
#5291 = ORIENTED_EDGE ( 'NONE', *, *, #4467, .F. ) ;
#5292 = LINE ( 'NONE', #3483, #6155 ) ;
#5293 = CARTESIAN_POINT ( 'NONE',  ( -254.2895149915187005, 1524.358080753386275, 10.90000000000000213 ) ) ;
#5294 = CARTESIAN_POINT ( 'NONE',  ( -253.1674004143041827, 1524.769019200982939, 11.49999999999999112 ) ) ;
#5295 = CARTESIAN_POINT ( 'NONE',  ( -255.2978823775182207, 1525.601106651572081, 10.90000000000000036 ) ) ;
#5296 = ORIENTED_EDGE ( 'NONE', *, *, #4145, .T. ) ;
#5297 = CARTESIAN_POINT ( 'NONE',  ( -250.0318560120197162, 1522.522612124769694, 10.89999999999999680 ) ) ;
#5298 = EDGE_CURVE ( 'NONE', #931, #3429, #4019, .T. ) ;
#5299 = CARTESIAN_POINT ( 'NONE',  ( -250.7734368023928937, 1522.264322486008268, 11.50000000000000000 ) ) ;
#5300 = B_SPLINE_CURVE_WITH_KNOTS ( 'NONE', 3,
 ( #2439, #4378, #2021, #36, #1067, #3550, #3011, #1957, #4918, #4948, #571, #602, #2532, #3970, #4472, #5894, #127, #545, #3932 ),
 .UNSPECIFIED., .F., .F.,
 ( 4, 1, 1, 1, 1, 1, 1, 1, 1, 1, 1, 1, 1, 1, 1, 1, 4 ),
 ( 0.000000000000000000, 0.06868200889000863896, 0.1341053709709379427, 0.1975679288876397433, 0.2586952636031243924, 0.3189424287643881639, 0.3783525933343366843, 0.4377332491936547498, 0.4977361043058721735, 0.5581216416410359482, 0.6177169549676237992, 0.6778878797972838210, 0.7389318705068441684, 0.8010022243489125504, 0.8649586617602372796, 0.9313520245996934621, 1.000000000000000000 ),
 .UNSPECIFIED. ) ;
#5301 = VERTEX_POINT ( 'NONE', #5465 ) ;
#5302 = CARTESIAN_POINT ( 'NONE',  ( -250.2077381467489658, 1520.524183574649669, 10.90000000000000036 ) ) ;
#5303 = CARTESIAN_POINT ( 'NONE',  ( -232.2293727074229821, 1526.601106651571854, 7.500000000000000000 ) ) ;
#5304 = DIRECTION ( 'NONE',  ( -5.419332810632536218E-15, 1.000000000000000000, 0.000000000000000000 ) ) ;
#5305 = DIRECTION ( 'NONE',  ( -1.000000000000000000, 0.000000000000000000, 0.000000000000000000 ) ) ;
#5306 = ORIENTED_EDGE ( 'NONE', *, *, #5813, .F. ) ;
#5307 = CALENDAR_DATE ( 2023, 8, 6 ) ;
#5308 = DIRECTION ( 'NONE',  ( 0.9916799795878157298, 0.1287276896580893393, 0.000000000000000000 ) ) ;
#5309 = EDGE_CURVE ( 'NONE', #1274, #3629, #4049, .T. ) ;
#5310 = DIRECTION ( 'NONE',  ( 4.022547190670782203E-15, -1.000000000000000000, 0.000000000000000000 ) ) ;
#5311 = EDGE_LOOP ( 'NONE', ( #2672, #3138, #1970, #2628, #3360, #5170, #4840, #161, #5213, #2693, #4817, #4104, #3370, #4081, #3485, #17 ) ) ;
#5312 = DIRECTION ( 'NONE',  ( 1.000000000000000000, 0.000000000000000000, 0.000000000000000000 ) ) ;
#5313 = ORIENTED_EDGE ( 'NONE', *, *, #2161, .F. ) ;
#5314 = ORIENTED_EDGE ( 'NONE', *, *, #4826, .T. ) ;
#5315 = CARTESIAN_POINT ( 'NONE',  ( -250.0202546653442823, 1520.538379050340154, 11.49999999999999645 ) ) ;
#5316 = EDGE_CURVE ( 'NONE', #4679, #5414, #4968, .T. ) ;
#5317 = LINE ( 'NONE', #3414, #2312 ) ;
#5318 = LINE ( 'NONE', #5784, #2417 ) ;
#5319 = CARTESIAN_POINT ( 'NONE',  ( -206.2812958390566394, 1401.701106651571990, 7.000000000000000000 ) ) ;
#5320 = DIRECTION ( 'NONE',  ( -0.7071067811865475727, 0.7071067811865474617, 0.000000000000000000 ) ) ;
#5321 = ADVANCED_FACE ( 'NONE', ( #1120 ), #5524, .T. ) ;
#5322 = ORIENTED_EDGE ( 'NONE', *, *, #3609, .F. ) ;
#5323 = PLANE ( 'NONE',  #1010 ) ;
#5324 = EDGE_CURVE ( 'NONE', #298, #1821, #5086, .T. ) ;
#5325 = CARTESIAN_POINT ( 'NONE',  ( -368.3312958390562244, 1519.751106651571945, 9.000000000000001776 ) ) ;
#5326 = CARTESIAN_POINT ( 'NONE',  ( -254.2895149915187005, 1524.358080753386275, 11.50000000000000355 ) ) ;
#5327 = CARTESIAN_POINT ( 'NONE',  ( -253.3661155688288886, 1525.062040155093200, 11.49999999999999289 ) ) ;
#5328 = LINE ( 'NONE', #479, #2110 ) ;
#5329 = VERTEX_POINT ( 'NONE', #2134 ) ;
#5330 = CARTESIAN_POINT ( 'NONE',  ( -254.1295907470889119, 1524.021429655609154, 11.50000000000000000 ) ) ;
#5331 = CARTESIAN_POINT ( 'NONE',  ( -250.4619892458673291, 1522.461122571620535, 11.50000000000000178 ) ) ;
#5332 = VERTEX_POINT ( 'NONE', #4999 ) ;
#5333 = CARTESIAN_POINT ( 'NONE',  ( -250.0202546653442823, 1520.538379050340154, 10.89999999999999680 ) ) ;
#5334 = DIRECTION ( 'NONE',  ( 0.000000000000000000, 0.000000000000000000, 1.000000000000000000 ) ) ;
#5335 = LINE ( 'NONE', #4802, #3749 ) ;
#5336 = CARTESIAN_POINT ( 'NONE',  ( -198.9312958390565882, 1495.366478455931883, 11.50000000000000000 ) ) ;
#5337 = ORIENTED_EDGE ( 'NONE', *, *, #5964, .T. ) ;
#5338 = MECHANICAL_CONTEXT ( 'NONE', #2820, 'mechanical' ) ;
#5339 = LINE ( 'NONE', #2477, #5579 ) ;
#5340 = LINE ( 'NONE', #1024, #3140 ) ;
#5341 = EDGE_LOOP ( 'NONE', ( #716, #686, #3108, #2068, #4733, #1258 ) ) ;
#5342 = CARTESIAN_POINT ( 'NONE',  ( -249.7881785560976198, 1523.522596328916734, 11.50000000000000000 ) ) ;
#5343 = VERTEX_POINT ( 'NONE', #3066 ) ;
#5344 = EDGE_LOOP ( 'NONE', ( #4195, #5553, #236, #5353 ) ) ;
#5345 = DIRECTION ( 'NONE',  ( 0.000000000000000000, 0.000000000000000000, 1.000000000000000000 ) ) ;
#5346 = CARTESIAN_POINT ( 'NONE',  ( -371.4312958390563040, 1522.601106651571854, 10.49999999999999822 ) ) ;
#5347 = VECTOR ( 'NONE', #3321, 1000.000000000000000 ) ;
#5348 = CARTESIAN_POINT ( 'NONE',  ( -366.9312958390565313, 1517.601106651571854, 11.50000000000000000 ) ) ;
#5349 = CARTESIAN_POINT ( 'NONE',  ( -254.1236035313643811, 1523.885962420802798, 11.50000000000000000 ) ) ;
#5350 = EDGE_CURVE ( 'NONE', #2197, #872, #747, .T. ) ;
#5351 = VECTOR ( 'NONE', #5501, 1000.000000000000000 ) ;
#5352 = DIRECTION ( 'NONE',  ( 0.000000000000000000, -1.000000000000000000, 0.000000000000000000 ) ) ;
#5353 = ORIENTED_EDGE ( 'NONE', *, *, #3893, .T. ) ;
#5354 = AXIS2_PLACEMENT_3D ( 'NONE', #6235, #1884, #3833 ) ;
#5355 = VECTOR ( 'NONE', #2309, 1000.000000000000000 ) ;
#5356 = CARTESIAN_POINT ( 'NONE',  ( -253.6179433471702396, 1525.287297385391639, 11.49999999999998934 ) ) ;
#5357 = ORIENTED_EDGE ( 'NONE', *, *, #833, .F. ) ;
#5358 = ADVANCED_FACE ( 'NONE', ( #713 ), #270, .F. ) ;
#5359 = DIRECTION ( 'NONE',  ( -1.000000000000000000, 0.000000000000000000, 0.000000000000000000 ) ) ;
#5360 = AXIS2_PLACEMENT_3D ( 'NONE', #3035, #5467, #4971 ) ;
#5361 = AXIS2_PLACEMENT_3D ( 'NONE', #6168, #5717, #4274 ) ;
#5362 = PLANE ( 'NONE',  #4074 ) ;
#5363 = ORIENTED_EDGE ( 'NONE', *, *, #4906, .F. ) ;
#5364 = CARTESIAN_POINT ( 'NONE',  ( -249.8466928721859404, 1520.586356319026436, 11.49999999999999645 ) ) ;
#5365 = CARTESIAN_POINT ( 'NONE',  ( -248.3543727621335790, 1524.370337420803480, 10.90000000000000036 ) ) ;
#5366 = CARTESIAN_POINT ( 'NONE',  ( -250.5875458390566735, 1523.299423959264914, 10.90000000000000036 ) ) ;
#5367 = DIRECTION ( 'NONE',  ( 0.000000000000000000, 0.000000000000000000, 1.000000000000000000 ) ) ;
#5368 = VECTOR ( 'NONE', #4524, 1000.000000000000000 ) ;
#5369 = EDGE_CURVE ( 'NONE', #4063, #5000, #3461, .T. ) ;
#5370 = ORIENTED_EDGE ( 'NONE', *, *, #1165, .T. ) ;
#5371 = CARTESIAN_POINT ( 'NONE',  ( -202.0529673775675974, 1502.175295953820978, 9.000000000000000000 ) ) ;
#5372 = VECTOR ( 'NONE', #5109, 1000.000000000000000 ) ;
#5373 = CARTESIAN_POINT ( 'NONE',  ( -251.5082702050808052, 1520.014320312944392, 10.90000000000000036 ) ) ;
#5374 = EDGE_LOOP ( 'NONE', ( #2900, #5055, #5099, #58, #5231, #4306 ) ) ;
#5375 = CARTESIAN_POINT ( 'NONE',  ( -249.3368845168708674, 1523.451338025250379, 11.50000000000000355 ) ) ;
#5376 = VECTOR ( 'NONE', #2660, 1000.000000000000114 ) ;
#5377 = ORIENTED_EDGE ( 'NONE', *, *, #5535, .T. ) ;
#5378 = ORIENTED_EDGE ( 'NONE', *, *, #2481, .T. ) ;
#5379 = CARTESIAN_POINT ( 'NONE',  ( -249.2406748809267754, 1519.713020834706640, 11.49999999999999822 ) ) ;
#5380 = ADVANCED_FACE ( 'NONE', ( #2643 ), #4586, .T. ) ;
#5381 = CONICAL_SURFACE ( 'NONE', #1921, 1.499999999998891109, 0.7853981633974070897 ) ;
#5382 = DIRECTION ( 'NONE',  ( 0.9789391181739067749, -0.2041524011832676899, 0.000000000000000000 ) ) ;
#5383 = CARTESIAN_POINT ( 'NONE',  ( -256.6620650698259283, 1523.139568190033515, 11.50000000000000000 ) ) ;
#5384 = CIRCLE ( 'NONE', #3864, 1.499999999998863354 ) ;
#5385 = CARTESIAN_POINT ( 'NONE',  ( -209.5080216973944687, 1507.687828808946733, 10.50000000000000000 ) ) ;
#5386 = ORIENTED_EDGE ( 'NONE', *, *, #1797, .F. ) ;
#5387 = DIRECTION ( 'NONE',  ( -0.000000000000000000, 0.000000000000000000, -1.000000000000000000 ) ) ;
#5388 = VECTOR ( 'NONE', #2987, 1000.000000000000000 ) ;
#5389 = EDGE_CURVE ( 'NONE', #4991, #5397, #5179, .T. ) ;
#5390 = CARTESIAN_POINT ( 'NONE',  ( -253.7119232098131647, 1525.348019185420981, 10.90000000000000036 ) ) ;
#5391 = CARTESIAN_POINT ( 'NONE',  ( -203.4312958390566450, 1398.601106651571854, 9.000000000000001776 ) ) ;
#5392 = LINE ( 'NONE', #4982, #3145 ) ;
#5393 = AXIS2_PLACEMENT_3D ( 'NONE', #4907, #500, #3478 ) ;
#5394 = CARTESIAN_POINT ( 'NONE',  ( -250.8713675967087511, 1522.170311265277860, 11.50000000000000178 ) ) ;
#5395 = B_SPLINE_CURVE_WITH_KNOTS ( 'NONE', 3,
 ( #5683, #1306, #338, #2254, #4197, #2282, #4225, #5216, #6188, #2381, #3847, #1429, #5873, #44, #3982, #2931, #3882, #2033, #963 ),
 .UNSPECIFIED., .F., .F.,
 ( 4, 1, 1, 1, 1, 1, 1, 1, 1, 1, 1, 1, 1, 1, 1, 1, 4 ),
 ( 0.000000000000000000, 0.09159048609354962511, 0.1748650680095225896, 0.2498291386197812880, 0.3161601287445989783, 0.3740999210226380600, 0.4237697149570856525, 0.4648394052542459409, 0.4980745876098778280, 0.5541607459857285090, 0.6073875402327956197, 0.6580157587679656972, 0.7068185003504697805, 0.7608855792435127441, 0.8276472363467698434, 0.9071004225686370992, 1.000000000000000000 ),
 .UNSPECIFIED. ) ;
#5396 = EDGE_LOOP ( 'NONE', ( #2659, #4712, #4660, #1048, #3876, #6071 ) ) ;
#5397 = VERTEX_POINT ( 'NONE', #3813 ) ;
#5398 = ADVANCED_FACE ( 'NONE', ( #1273 ), #1839, .F. ) ;
#5399 = CARTESIAN_POINT ( 'NONE',  ( -208.4312958390566166, 1403.101106651571627, 11.50000000000000000 ) ) ;
#5400 = CARTESIAN_POINT ( 'NONE',  ( -250.0363658700910321, 1523.515510887816617, 10.90000000000000036 ) ) ;
#5401 = PLANE ( 'NONE',  #5643 ) ;
#5402 = ORIENTED_EDGE ( 'NONE', *, *, #4191, .T. ) ;
#5403 = DIRECTION ( 'NONE',  ( -1.000000000000000000, 0.000000000000000000, 0.000000000000000000 ) ) ;
#5404 = EDGE_CURVE ( 'NONE', #141, #4742, #5881, .T. ) ;
#5405 = EDGE_CURVE ( 'NONE', #1865, #995, #3154, .T. ) ;
#5406 = CARTESIAN_POINT ( 'NONE',  ( -213.2889817412365119, 1501.636643706269069, 7.000000000000000000 ) ) ;
#5407 = DIRECTION ( 'NONE',  ( 0.000000000000000000, 0.000000000000000000, 1.000000000000000000 ) ) ;
#5408 = VERTEX_POINT ( 'NONE', #3254 ) ;
#5409 = VERTEX_POINT ( 'NONE', #4263 ) ;
#5410 = DIRECTION ( 'NONE',  ( -1.000000000000000000, 0.000000000000000000, -0.000000000000000000 ) ) ;
#5411 = DIRECTION ( 'NONE',  ( -1.000000000000000000, 0.000000000000000000, 0.000000000000000000 ) ) ;
#5412 = CARTESIAN_POINT ( 'NONE',  ( -237.3293727074229764, 1517.601106651571854, 7.500000000000000000 ) ) ;
#5413 = FACE_OUTER_BOUND ( 'NONE', #606, .T. ) ;
#5414 = VERTEX_POINT ( 'NONE', #841 ) ;
#5415 = DIRECTION ( 'NONE',  ( 0.2041524011832676344, 0.9789391181739067749, 0.000000000000000000 ) ) ;
#5416 = CARTESIAN_POINT ( 'NONE',  ( -252.9697573775181922, 1523.938847036187326, 11.50000000000000000 ) ) ;
#5417 = CARTESIAN_POINT ( 'NONE',  ( -256.6620650698259283, 1523.139568190033515, 10.90000000000000036 ) ) ;
#5418 = CARTESIAN_POINT ( 'NONE',  ( -250.9315223729509796, 1522.099278603036737, 11.50000000000000355 ) ) ;
#5419 = CARTESIAN_POINT ( 'NONE',  ( -216.6389817412363072, 1507.439013911624443, 9.000000000000001776 ) ) ;
#5420 = ORIENTED_EDGE ( 'NONE', *, *, #2172, .F. ) ;
#5421 = ORIENTED_EDGE ( 'NONE', *, *, #4272, .F. ) ;
#5422 = CARTESIAN_POINT ( 'NONE',  ( -198.4312958390566450, 1495.366478455931883, 0.4999999999999449329 ) ) ;
#5423 = B_SPLINE_CURVE_WITH_KNOTS ( 'NONE', 3,
 ( #5492, #674, #645, #4546, #2128, #4516, #4928, #4073, #555, #2478, #4042, #4487, #138, #5993, #4417 ),
 .UNSPECIFIED., .F., .F.,
 ( 4, 1, 1, 1, 1, 1, 1, 1, 1, 1, 1, 1, 4 ),
 ( 0.000000000000000000, 0.1071204224457845133, 0.2096492605632299666, 0.3076581845860456577, 0.4022185694841847181, 0.4516719944287004296, 0.5087791500987026705, 0.5727572083871290687, 0.6436596162108980668, 0.7218523466714384940, 0.8075494665000545469, 0.9002592690507927875, 1.000000000000000000 ),
 .UNSPECIFIED. ) ;
#5424 = CARTESIAN_POINT ( 'NONE',  ( -248.1236035313643526, 1521.579472036188236, 10.90000000000000036 ) ) ;
#5425 = CARTESIAN_POINT ( 'NONE',  ( -254.4745650698259567, 1522.288606651572081, 10.90000000000000213 ) ) ;
#5426 = ORIENTED_EDGE ( 'NONE', *, *, #1203, .F. ) ;
#5427 = EDGE_CURVE ( 'NONE', #1963, #6097, #3206, .T. ) ;
#5428 = LINE ( 'NONE', #3495, #4374 ) ;
#5429 = CARTESIAN_POINT ( 'NONE',  ( -248.4478593279889935, 1520.437439504576560, 11.50000000000000178 ) ) ;
#5430 = CARTESIAN_POINT ( 'NONE',  ( -375.2312958390564859, 1518.101106651571627, 11.00000000000005507 ) ) ;
#5431 = CARTESIAN_POINT ( 'NONE',  ( -248.2450581012202235, 1522.361950171046828, 11.50000000000000178 ) ) ;
#5432 = EDGE_LOOP ( 'NONE', ( #734, #5910, #1035, #711 ) ) ;
#5433 = ORIENTED_EDGE ( 'NONE', *, *, #3391, .T. ) ;
#5434 = ADVANCED_FACE ( 'NONE', ( #2772 ), #3189, .F. ) ;
#5435 = EDGE_CURVE ( 'NONE', #649, #5194, #4710, .T. ) ;
#5436 = DIRECTION ( 'NONE',  ( 0.5000000000000018874, -0.8660254037844374864, -0.000000000000000000 ) ) ;
#5437 = DIRECTION ( 'NONE',  ( -0.000000000000000000, -0.000000000000000000, 1.000000000000000000 ) ) ;
#5438 = CARTESIAN_POINT ( 'NONE',  ( -253.0694520234562219, 1524.550055129629982, 10.90000000000000213 ) ) ;
#5439 = CARTESIAN_POINT ( 'NONE',  ( -249.4504000994049306, 1519.627227069186347, 11.50000000000000533 ) ) ;
#5440 = VERTEX_POINT ( 'NONE', #6093 ) ;
#5441 = CARTESIAN_POINT ( 'NONE',  ( -202.2760942986737973, 1501.895658832987465, 11.33305214236287206 ) ) ;
#5442 = CARTESIAN_POINT ( 'NONE',  ( -255.0309963344313360, 1521.401228272507296, 11.50000000000000178 ) ) ;
#5443 = CARTESIAN_POINT ( 'NONE',  ( -206.2812958390566109, 1394.801106651571672, 9.000000000000001776 ) ) ;
#5444 = CONICAL_SURFACE ( 'NONE', #4537, 2.199999999999841194, 0.7853981633974415066 ) ;
#5445 = DIRECTION ( 'NONE',  ( 0.000000000000000000, 0.000000000000000000, 1.000000000000000000 ) ) ;
#5446 = DIRECTION ( 'NONE',  ( 0.000000000000000000, 0.000000000000000000, -1.000000000000000000 ) ) ;
#5447 = AXIS2_PLACEMENT_3D ( 'NONE', #2909, #502, #5718 ) ;
#5448 = ORIENTED_EDGE ( 'NONE', *, *, #4313, .T. ) ;
#5449 = CARTESIAN_POINT ( 'NONE',  ( -198.4312958390566166, 1403.101106651571627, 11.50000000000000000 ) ) ;
#5450 = CARTESIAN_POINT ( 'NONE',  ( -248.2264263861137579, 1520.898642570922902, 11.50000000000000178 ) ) ;
#5451 = CARTESIAN_POINT ( 'NONE',  ( -253.1801174061045288, 1523.068066595427126, 10.90000000000000036 ) ) ;
#5452 = VECTOR ( 'NONE', #4917, 1000.000000000000000 ) ;
#5453 = EDGE_LOOP ( 'NONE', ( #4261, #4393, #4870, #1026 ) ) ;
#5454 = CIRCLE ( 'NONE', #2004, 2.000000000000057288 ) ;
#5455 = DIRECTION ( 'NONE',  ( 1.000000000000000000, -0.000000000000000000, -0.000000000000000000 ) ) ;
#5456 = VECTOR ( 'NONE', #1371, 1000.000000000000000 ) ;
#5457 = FACE_OUTER_BOUND ( 'NONE', #4764, .T. ) ;
#5458 = CARTESIAN_POINT ( 'NONE',  ( -248.4478593279889935, 1520.437439504576560, 10.90000000000000213 ) ) ;
#5459 = CARTESIAN_POINT ( 'NONE',  ( -217.8872665666571606, 1527.601106651571854, 11.50000000000000000 ) ) ;
#5460 = ADVANCED_FACE ( 'NONE', ( #4292, #364 ), #2701, .T. ) ;
#5461 = DIRECTION ( 'NONE',  ( 1.000000000000000000, 0.000000000000000000, 0.000000000000000000 ) ) ;
#5462 = ORIENTED_EDGE ( 'NONE', *, *, #5042, .T. ) ;
#5463 = ORIENTED_EDGE ( 'NONE', *, *, #2776, .F. ) ;
#5464 = AXIS2_PLACEMENT_3D ( 'NONE', #1617, #1579, #2996 ) ;
#5465 = CARTESIAN_POINT ( 'NONE',  ( -217.8872665666571606, 1527.101106651571854, 11.50000000000000000 ) ) ;
#5466 = ORIENTED_EDGE ( 'NONE', *, *, #1325, .T. ) ;
#5467 = DIRECTION ( 'NONE',  ( 0.000000000000000000, 0.000000000000000000, 1.000000000000000000 ) ) ;
#5468 = AXIS2_PLACEMENT_3D ( 'NONE', #4140, #3228, #6067 ) ;
#5469 = EDGE_CURVE ( 'NONE', #4128, #3407, #4642, .T. ) ;
#5470 = DIRECTION ( 'NONE',  ( -0.000000000000000000, -0.000000000000000000, 1.000000000000000000 ) ) ;
#5471 = CARTESIAN_POINT ( 'NONE',  ( -226.0293727074229935, 1530.901106651571808, 11.49999999999999822 ) ) ;
#5472 = VECTOR ( 'NONE', #4910, 1000.000000000000000 ) ;
#5473 = EDGE_LOOP ( 'NONE', ( #4640, #5615, #4532, #5059 ) ) ;
#5474 = LINE ( 'NONE', #688, #596 ) ;
#5475 = ADVANCED_FACE ( 'NONE', ( #3721 ), #2802, .T. ) ;
#5476 = LINE ( 'NONE', #1134, #4649 ) ;
#5477 = EDGE_CURVE ( 'NONE', #5942, #335, #5395, .T. ) ;
#5478 = DIRECTION ( 'NONE',  ( 1.000000000000000000, 0.000000000000000000, -0.000000000000000000 ) ) ;
#5479 = AXIS2_PLACEMENT_3D ( 'NONE', #4168, #5115, #2349 ) ;
#5480 = CARTESIAN_POINT ( 'NONE',  ( -800.7912012452969748, 800.7912012454303294, 9.000000000000001776 ) ) ;
#5481 = VECTOR ( 'NONE', #3471, 1000.000000000000114 ) ;
#5482 = ORIENTED_EDGE ( 'NONE', *, *, #600, .F. ) ;
#5483 = EDGE_LOOP ( 'NONE', ( #4491, #4521 ) ) ;
#5484 = DIRECTION ( 'NONE',  ( 0.000000000000000000, 0.000000000000000000, -1.000000000000000000 ) ) ;
#5485 = LINE ( 'NONE', #4539, #1612 ) ;
#5486 = LINE ( 'NONE', #1143, #179 ) ;
#5487 = VECTOR ( 'NONE', #5154, 1000.000000000000000 ) ;
#5488 = EDGE_LOOP ( 'NONE', ( #3064, #2386, #3581, #5788 ) ) ;
#5489 = EDGE_CURVE ( 'NONE', #2471, #3457, #5275, .T. ) ;
#5490 = CARTESIAN_POINT ( 'NONE',  ( -217.8872665666571322, 1527.101106651571854, 11.50000000000000000 ) ) ;
#5491 = DIRECTION ( 'NONE',  ( 0.000000000000000000, -0.7071067811865081598, -0.7071067811865868746 ) ) ;
#5492 = CARTESIAN_POINT ( 'NONE',  ( -254.4745650698259567, 1522.288606651572081, 11.50000000000000178 ) ) ;
#5493 = CARTESIAN_POINT ( 'NONE',  ( -255.3258257609885504, 1521.771714772439054, 11.50000000000000178 ) ) ;
#5494 = CARTESIAN_POINT ( 'NONE',  ( -250.5693816094880617, 1522.410311653054350, 10.90000000000000391 ) ) ;
#5495 = VERTEX_POINT ( 'NONE', #1964 ) ;
#5496 = EDGE_LOOP ( 'NONE', ( #1150, #6265, #5531, #4671 ) ) ;
#5497 = CYLINDRICAL_SURFACE ( 'NONE', #2644, 2.000000000000057288 ) ;
#5498 = EDGE_CURVE ( 'NONE', #760, #4892, #72, .T. ) ;
#5499 = ORIENTED_EDGE ( 'NONE', *, *, #4746, .F. ) ;
#5500 = CARTESIAN_POINT ( 'NONE',  ( -198.6992450314876351, 1496.366478455931428, 0.4999999999999432121 ) ) ;
#5501 = DIRECTION ( 'NONE',  ( 1.000000000000000000, 0.000000000000000000, 0.000000000000000000 ) ) ;
#5502 = CARTESIAN_POINT ( 'NONE',  ( -217.8872665666571322, 1525.601106651572991, 11.50000000000000000 ) ) ;
#5503 = EDGE_CURVE ( 'NONE', #4185, #3014, #3911, .T. ) ;
#5504 = ORIENTED_EDGE ( 'NONE', *, *, #136, .F. ) ;
#5505 = CARTESIAN_POINT ( 'NONE',  ( -238.9023974930842655, 1530.428081865910599, 7.903040062745822603 ) ) ;
#5506 = CARTESIAN_POINT ( 'NONE',  ( -257.8159112236720603, 1519.601106651572081, 10.90000000000000036 ) ) ;
#5507 = EDGE_LOOP ( 'NONE', ( #4946, #4218, #3398, #3423 ) ) ;
#5508 = ORIENTED_EDGE ( 'NONE', *, *, #5498, .F. ) ;
#5509 = CARTESIAN_POINT ( 'NONE',  ( -250.8146492651816573, 1520.770677017298340, 10.90000000000000213 ) ) ;
#5510 = ADVANCED_FACE ( 'NONE', ( #554 ), #4835, .F. ) ;
#5511 = EDGE_CURVE ( 'NONE', #6106, #135, #1897, .T. ) ;
#5512 = ORIENTED_EDGE ( 'NONE', *, *, #3412, .F. ) ;
#5513 = ORIENTED_EDGE ( 'NONE', *, *, #3391, .F. ) ;
#5514 = CARTESIAN_POINT ( 'NONE',  ( -252.1236035313643811, 1521.317452805418725, 10.90000000000000036 ) ) ;
#5515 = CARTESIAN_POINT ( 'NONE',  ( -369.7312958390563153, 1522.601106651571854, 6.249999999999966249 ) ) ;
#5516 = CARTESIAN_POINT ( 'NONE',  ( -254.4139058159109936, 1522.299016347733414, 10.90000000000000036 ) ) ;
#5517 = VERTEX_POINT ( 'NONE', #5371 ) ;
#5518 = CARTESIAN_POINT ( 'NONE',  ( -217.8872665666571322, 1527.101106651571854, 11.50000000000000000 ) ) ;
#5519 = LINE ( 'NONE', #2636, #4854 ) ;
#5520 = CARTESIAN_POINT ( 'NONE',  ( -236.3293727074229764, 1526.601106651571854, 10.90000000000000036 ) ) ;
#5521 = CARTESIAN_POINT ( 'NONE',  ( -256.0341789355646256, 1522.125000461396439, 10.89999999999999680 ) ) ;
#5522 = ORIENTED_EDGE ( 'NONE', *, *, #4672, .F. ) ;
#5523 = VERTEX_POINT ( 'NONE', #4355 ) ;
#5524 = PLANE ( 'NONE',  #2541 ) ;
#5525 = ORIENTED_EDGE ( 'NONE', *, *, #6158, .T. ) ;
#5526 = CARTESIAN_POINT ( 'NONE',  ( -199.1322577333797597, 1496.116478455931428, 11.50000000000000000 ) ) ;
#5527 = CARTESIAN_POINT ( 'NONE',  ( -250.7338304580811723, 1519.589453497937711, 10.90000000000000036 ) ) ;
#5528 = B_SPLINE_SURFACE_WITH_KNOTS ( 'NONE', 3, 1, ( 
 ( #3862, #4302 ),
 ( #3822, #5747 ),
 ( #1410, #4331 ),
 ( #6259, #1912 ),
 ( #4929, #2037 ),
 ( #3986, #1556 ),
 ( #233, #3564 ),
 ( #6019, #2638 ),
 ( #1648, #5493 ),
 ( #4075, #5994 ),
 ( #5051, #3592 ),
 ( #675, #617 ),
 ( #168, #2129 ),
 ( #4995, #1237 ),
 ( #4488, #4547 ),
 ( #5521, #3653 ),
 ( #139, #5023 ),
 ( #1148, #3118 ),
 ( #1175, #708 ) ),
 .UNSPECIFIED., .F., .F., .F.,
 ( 4, 1, 1, 1, 1, 1, 1, 1, 1, 1, 1, 1, 1, 1, 1, 1, 4 ),
 ( 2, 2 ),
 ( 0.000000000000000000, 0.09159048609354962511, 0.1748650680095225896, 0.2498291386197812880, 0.3161601287445989783, 0.3740999210226380600, 0.4237697149570856525, 0.4648394052542459409, 0.4980745876098778280, 0.5541607459857285090, 0.6073875402327956197, 0.6580157587679656972, 0.7068185003504697805, 0.7608855792435127441, 0.8276472363467698434, 0.9071004225686370992, 1.000000000000000000 ),
 ( 0.000000000000000000, 1.000000000000000000 ),
 .UNSPECIFIED. ) ;
#5529 = CARTESIAN_POINT ( 'NONE',  ( -375.2312958390564859, 1525.451106651571990, 9.000000000000001776 ) ) ;
#5530 = B_SPLINE_CURVE_WITH_KNOTS ( 'NONE', 3,
 ( #3898, #2339, #4283, #5261, #452, #1383, #1356, #4853, #510, #2951, #3302 ),
 .UNSPECIFIED., .F., .F.,
 ( 4, 1, 1, 1, 1, 1, 1, 1, 4 ),
 ( 0.000000000000000000, 0.1443560809042529480, 0.2779814235234992492, 0.4056762364658566544, 0.5317913282467703340, 0.6541207714660118855, 0.7695338371881084161, 0.8839695423837495847, 1.000000000000000000 ),
 .UNSPECIFIED. ) ;
#5531 = ORIENTED_EDGE ( 'NONE', *, *, #2849, .F. ) ;
#5532 = CARTESIAN_POINT ( 'NONE',  ( -228.1293727074229878, 1526.601106651571854, 7.500000000000000000 ) ) ;
#5533 = DIRECTION ( 'NONE',  ( -0.000000000000000000, -0.000000000000000000, 1.000000000000000000 ) ) ;
#5534 = DIRECTION ( 'NONE',  ( 3.081012879330941349E-16, -1.000000000000000000, 0.000000000000000000 ) ) ;
#5535 = EDGE_CURVE ( 'NONE', #1736, #2989, #4366, .T. ) ;
#5536 = EDGE_LOOP ( 'NONE', ( #2611, #1069, #3707, #5573 ) ) ;
#5537 = DIRECTION ( 'NONE',  ( 0.000000000000000000, 1.000000000000000000, -0.000000000000000000 ) ) ;
#5538 = ORIENTED_EDGE ( 'NONE', *, *, #2184, .T. ) ;
#5539 = AXIS2_PLACEMENT_3D ( 'NONE', #5083, #5931, #2576 ) ;
#5540 = DIRECTION ( 'NONE',  ( 1.000000000000000000, 0.000000000000000000, -0.000000000000000000 ) ) ;
#5541 = DIRECTION ( 'NONE',  ( 1.000000000000000000, 0.000000000000000000, 0.000000000000000000 ) ) ;
#5542 = EDGE_CURVE ( 'NONE', #660, #302, #2869, .T. ) ;
#5543 = VERTEX_POINT ( 'NONE', #462 ) ;
#5544 = VECTOR ( 'NONE', #3999, 1000.000000000000000 ) ;
#5545 = CARTESIAN_POINT ( 'NONE',  ( -256.4036516082874186, 1522.139568190033515, 10.90000000000000036 ) ) ;
#5546 = DIRECTION ( 'NONE',  ( -0.000000000000000000, 0.000000000000000000, -1.000000000000000000 ) ) ;
#5547 = CARTESIAN_POINT ( 'NONE',  ( -223.6607692585541827, 1515.601106651571854, 0.000000000000000000 ) ) ;
#5548 = LINE ( 'NONE', #2065, #4228 ) ;
#5549 = AXIS2_PLACEMENT_3D ( 'NONE', #5756, #30, #3828 ) ;
#5550 = EDGE_CURVE ( 'NONE', #2733, #5029, #2855, .T. ) ;
#5551 = VECTOR ( 'NONE', #4864, 1000.000000000000114 ) ;
#5552 = CARTESIAN_POINT ( 'NONE',  ( -249.8466928721859404, 1520.586356319026436, 10.90000000000000036 ) ) ;
#5553 = ORIENTED_EDGE ( 'NONE', *, *, #752, .T. ) ;
#5554 = ORIENTED_EDGE ( 'NONE', *, *, #2139, .T. ) ;
#5555 = CARTESIAN_POINT ( 'NONE',  ( -256.6620650698259283, 1522.139568190033515, 11.50000000000000000 ) ) ;
#5556 = VECTOR ( 'NONE', #4494, 1000.000000000000114 ) ;
#5557 = ORIENTED_EDGE ( 'NONE', *, *, #1203, .T. ) ;
#5558 = CARTESIAN_POINT ( 'NONE',  ( -237.3293727074230048, 1522.722692017425970, 7.500000000000000000 ) ) ;
#5559 = CARTESIAN_POINT ( 'NONE',  ( -202.0529673775675974, 1502.175295953820978, 9.000000000000000000 ) ) ;
#5560 = AXIS2_PLACEMENT_3D ( 'NONE', #6115, #1236, #3213 ) ;
#5561 = EDGE_CURVE ( 'NONE', #2102, #1564, #1458, .T. ) ;
#5562 = LINE ( 'NONE', #3165, #418 ) ;
#5563 = DIRECTION ( 'NONE',  ( 0.000000000000000000, 0.000000000000000000, 1.000000000000000000 ) ) ;
#5564 = AXIS2_PLACEMENT_3D ( 'NONE', #5762, #2253, #1744 ) ;
#5565 = ORIENTED_EDGE ( 'NONE', *, *, #4118, .T. ) ;
#5566 = LINE ( 'NONE', #2290, #2221 ) ;
#5567 = CARTESIAN_POINT ( 'NONE',  ( -253.8916412729468846, 1521.800120119269877, 10.90000000000000213 ) ) ;
#5568 = CARTESIAN_POINT ( 'NONE',  ( -238.9293727074229707, 1527.601106651571854, 4.907106781186303834 ) ) ;
#5569 = ORIENTED_EDGE ( 'NONE', *, *, #5668, .T. ) ;
#5570 = VECTOR ( 'NONE', #2705, 1000.000000000000114 ) ;
#5571 = CARTESIAN_POINT ( 'NONE',  ( -373.1312958390562926, 1522.601106651571854, 9.000000000000001776 ) ) ;
#5572 = EDGE_CURVE ( 'NONE', #2805, #3995, #4901, .T. ) ;
#5573 = ORIENTED_EDGE ( 'NONE', *, *, #2804, .F. ) ;
#5574 = CARTESIAN_POINT ( 'NONE',  ( -249.2806895844696555, 1521.431802488171115, 11.49999999999999289 ) ) ;
#5575 = VECTOR ( 'NONE', #6128, 1000.000000000000000 ) ;
#5576 = PLANE ( 'NONE',  #5862 ) ;
#5577 = CARTESIAN_POINT ( 'NONE',  ( -249.5007879938469273, 1523.493735738624764, 10.89999999999999858 ) ) ;
#5578 = ORIENTED_EDGE ( 'NONE', *, *, #2919, .F. ) ;
#5579 = VECTOR ( 'NONE', #2995, 1000.000000000000000 ) ;
#5580 = CARTESIAN_POINT ( 'NONE',  ( -250.1609625946495328, 1522.522801106708584, 11.50000000000000178 ) ) ;
#5581 = EDGE_CURVE ( 'NONE', #5865, #2534, #5339, .T. ) ;
#5582 = LINE ( 'NONE', #2217, #2615 ) ;
#5583 = PLANE ( 'NONE',  #5560 ) ;
#5584 = PLANE ( 'NONE',  #1588 ) ;
#5585 = CARTESIAN_POINT ( 'NONE',  ( -238.4293727074229707, 1528.101106651571627, 4.907106781186303834 ) ) ;
#5586 = ORIENTED_EDGE ( 'NONE', *, *, #4856, .T. ) ;
#5587 = CARTESIAN_POINT ( 'NONE',  ( -249.7811046896902667, 1522.466082365810280, 11.49999999999999467 ) ) ;
#5588 = DIRECTION ( 'NONE',  ( -1.000000000000000000, 0.000000000000000000, 0.000000000000000000 ) ) ;
#5589 = ADVANCED_FACE ( 'NONE', ( #989 ), #4927, .T. ) ;
#5590 = ORIENTED_EDGE ( 'NONE', *, *, #6094, .F. ) ;
#5591 = CARTESIAN_POINT ( 'NONE',  ( -255.5062122187193836, 1524.601505402970361, 10.90000000000000036 ) ) ;
#5592 = ORIENTED_EDGE ( 'NONE', *, *, #886, .F. ) ;
#5593 = CARTESIAN_POINT ( 'NONE',  ( -251.9208313306807838, 1520.580481944060239, 10.89999999999999858 ) ) ;
#5594 = DIRECTION ( 'NONE',  ( -0.9659258262891364799, 0.2588190451022659988, 0.000000000000000000 ) ) ;
#5595 = DIRECTION ( 'NONE',  ( 1.000000000000000000, 0.000000000000000000, 0.000000000000000000 ) ) ;
#5596 = VERTEX_POINT ( 'NONE', #4448 ) ;
#5597 = CARTESIAN_POINT ( 'NONE',  ( -369.7312958390563153, 1522.601106651571854, 5.749999999999905853 ) ) ;
#5598 = CARTESIAN_POINT ( 'NONE',  ( -374.7312958390564859, 1525.451106651571990, 9.000000000000001776 ) ) ;
#5599 = CARTESIAN_POINT ( 'NONE',  ( -371.4312958390563040, 1522.601106651571854, 6.249999999999966249 ) ) ;
#5600 = DIRECTION ( 'NONE',  ( 1.000000000000000000, 0.000000000000000000, 0.000000000000000000 ) ) ;
#5601 = ORIENTED_EDGE ( 'NONE', *, *, #4711, .T. ) ;
#5602 = EDGE_LOOP ( 'NONE', ( #396, #5803, #1709, #3771 ) ) ;
#5603 = LINE ( 'NONE', #4624, #5376 ) ;
#5604 = VERTEX_POINT ( 'NONE', #4415 ) ;
#5605 = ORIENTED_EDGE ( 'NONE', *, *, #3068, .F. ) ;
#5606 = CARTESIAN_POINT ( 'NONE',  ( -200.5812958390566507, 1401.701106651571990, 9.000000000000001776 ) ) ;
#5607 = DIRECTION ( 'NONE',  ( 0.000000000000000000, -0.7071067811865082708, 0.7071067811865867636 ) ) ;
#5608 = CARTESIAN_POINT ( 'NONE',  ( -248.6219448837311461, 1522.984527280187876, 10.90000000000000568 ) ) ;
#5609 = ORIENTED_EDGE ( 'NONE', *, *, #432, .F. ) ;
#5610 = CARTESIAN_POINT ( 'NONE',  ( -248.8632341153067387, 1519.955475727837893, 10.90000000000000391 ) ) ;
#5611 = DIRECTION ( 'NONE',  ( -0.5000000000000019984, 0.8660254037844375974, 0.000000000000000000 ) ) ;
#5612 = CARTESIAN_POINT ( 'NONE',  ( -249.1794010448328152, 1523.392337169005486, 10.90000000000000213 ) ) ;
#5613 = EDGE_CURVE ( 'NONE', #1323, #1246, #3944, .T. ) ;
#5614 = ORIENTED_EDGE ( 'NONE', *, *, #1857, .T. ) ;
#5615 = ORIENTED_EDGE ( 'NONE', *, *, #1074, .F. ) ;
#5616 = CARTESIAN_POINT ( 'NONE',  ( -254.1236035313643811, 1523.885962420802798, 11.50000000000000000 ) ) ;
#5617 = CARTESIAN_POINT ( 'NONE',  ( -252.5082189159797394, 1519.601106651572081, 10.90000000000000036 ) ) ;
#5618 = ORIENTED_EDGE ( 'NONE', *, *, #4778, .F. ) ;
#5619 = CARTESIAN_POINT ( 'NONE',  ( -255.0049428010179327, 1523.156900771903338, 10.90000000000000036 ) ) ;
#5620 = CARTESIAN_POINT ( 'NONE',  ( -250.5512524665504088, 1519.551276000466260, 10.89999999999999858 ) ) ;
#5621 = DIRECTION ( 'NONE',  ( 0.5773502691896471584, -0.5773502691895829875, 0.5773502691896471584 ) ) ;
#5622 = CARTESIAN_POINT ( 'NONE',  ( -231.3293727074229764, 1530.601106651571854, 7.500000000000000000 ) ) ;
#5623 = EDGE_CURVE ( 'NONE', #2207, #4610, #1049, .T. ) ;
#5624 = ORIENTED_EDGE ( 'NONE', *, *, #2522, .F. ) ;
#5625 = LINE ( 'NONE', #5123, #3447 ) ;
#5626 = CARTESIAN_POINT ( 'NONE',  ( -253.3299751545650622, 1520.955543906284220, 10.90000000000000213 ) ) ;
#5627 = CARTESIAN_POINT ( 'NONE',  ( -254.4159007589224473, 1522.249752726667793, 10.90000000000000213 ) ) ;
#5628 = CARTESIAN_POINT ( 'NONE',  ( -254.4139058159109936, 1522.299016347733414, 10.90000000000000036 ) ) ;
#5629 = ORIENTED_EDGE ( 'NONE', *, *, #2100, .F. ) ;
#5630 = PLANE ( 'NONE',  #3956 ) ;
#5631 = VERTEX_POINT ( 'NONE', #105 ) ;
#5632 = CARTESIAN_POINT ( 'NONE',  ( -249.8471612236720603, 1523.524183574649896, 10.90000000000000213 ) ) ;
#5633 = ORIENTED_EDGE ( 'NONE', *, *, #4281, .T. ) ;
#5634 = DIRECTION ( 'NONE',  ( 0.000000000000000000, 0.000000000000000000, -1.000000000000000000 ) ) ;
#5635 = DIRECTION ( 'NONE',  ( 0.000000000000000000, 0.000000000000000000, -1.000000000000000000 ) ) ;
#5636 = EDGE_LOOP ( 'NONE', ( #844, #47, #3142, #145 ) ) ;
#5637 = DIRECTION ( 'NONE',  ( 0.000000000000000000, 0.000000000000000000, -1.000000000000000000 ) ) ;
#5638 = CIRCLE ( 'NONE', #1293, 1.499999999998918865 ) ;
#5639 = B_SPLINE_CURVE_WITH_KNOTS ( 'NONE', 3,
 ( #5366, #1072, #2597, #3492, #5400, #2568, #4034 ),
 .UNSPECIFIED., .F., .F.,
 ( 4, 1, 1, 1, 4 ),
 ( 0.000000000000000000, 0.2650129960900846071, 0.5160880842204744745, 0.7599173304198870715, 1.000000000000000000 ),
 .UNSPECIFIED. ) ;
#5640 = LINE ( 'NONE', #4634, #1492 ) ;
#5641 = DIRECTION ( 'NONE',  ( -1.000000000000000000, 0.000000000000000000, 0.000000000000000000 ) ) ;
#5642 = CARTESIAN_POINT ( 'NONE',  ( -198.6992450314877487, 1496.366478455931656, 10.99999999999999645 ) ) ;
#5643 = AXIS2_PLACEMENT_3D ( 'NONE', #987, #3373, #1992 ) ;
#5644 = EDGE_LOOP ( 'NONE', ( #5896, #1641, #2715, #3531 ) ) ;
#5645 = CARTESIAN_POINT ( 'NONE',  ( -249.6371239106703115, 1522.388460407417824, 10.89999999999999858 ) ) ;
#5646 = DIRECTION ( 'NONE',  ( 0.000000000000000000, 0.000000000000000000, 1.000000000000000000 ) ) ;
#5647 = EDGE_CURVE ( 'NONE', #1489, #1118, #5428, .T. ) ;
#5648 = VECTOR ( 'NONE', #278, 1000.000000000000000 ) ;
#5649 = VECTOR ( 'NONE', #1300, 1000.000000000000114 ) ;
#5650 = ORIENTED_EDGE ( 'NONE', *, *, #2928, .T. ) ;
#5651 = CARTESIAN_POINT ( 'NONE',  ( -254.3190215536767482, 1523.372045876981701, 10.89999999999999858 ) ) ;
#5652 = CARTESIAN_POINT ( 'NONE',  ( -202.7922998581934735, 1502.455857373950494, 9.500000000000000000 ) ) ;
#5653 = VECTOR ( 'NONE', #4891, 1000.000000000000000 ) ;
#5654 = CIRCLE ( 'NONE', #599, 1.699999999999979305 ) ;
#5655 = LINE ( 'NONE', #2288, #5680 ) ;
#5656 = CARTESIAN_POINT ( 'NONE',  ( -255.5246250234149556, 1523.140014704277291, 10.89999999999999680 ) ) ;
#5657 = EDGE_CURVE ( 'NONE', #842, #2266, #4543, .T. ) ;
#5658 = DIRECTION ( 'NONE',  ( -0.000000000000000000, -0.000000000000000000, 1.000000000000000000 ) ) ;
#5659 = CARTESIAN_POINT ( 'NONE',  ( -253.8086703991257025, 1521.697323238354102, 10.90000000000000036 ) ) ;
#5660 = AXIS2_PLACEMENT_3D ( 'NONE', #2351, #2383, #2320 ) ;
#5661 = CARTESIAN_POINT ( 'NONE',  ( -252.1236035313643811, 1521.317452805418725, 10.90000000000000036 ) ) ;
#5662 = CC_DESIGN_PERSON_AND_ORGANIZATION_ASSIGNMENT ( #5801, #867, ( #3459 ) ) ;
#5663 = DIRECTION ( 'NONE',  ( 0.7071067811865475727, 0.7071067811865475727, 0.000000000000000000 ) ) ;
#5664 = VERTEX_POINT ( 'NONE', #1145 ) ;
#5665 = ORIENTED_EDGE ( 'NONE', *, *, #525, .T. ) ;
#5666 = DIRECTION ( 'NONE',  ( 0.000000000000000000, 0.000000000000000000, 1.000000000000000000 ) ) ;
#5667 = VECTOR ( 'NONE', #3683, 1000.000000000000000 ) ;
#5668 = EDGE_CURVE ( 'NONE', #594, #5495, #4578, .T. ) ;
#5669 = ORIENTED_EDGE ( 'NONE', *, *, #250, .F. ) ;
#5670 = EDGE_CURVE ( 'NONE', #1525, #4991, #2542, .T. ) ;
#5671 = LINE ( 'NONE', #1382, #1916 ) ;
#5672 = CARTESIAN_POINT ( 'NONE',  ( -255.0738785683638810, 1525.599726121219874, 11.50000000000000178 ) ) ;
#5673 = CARTESIAN_POINT ( 'NONE',  ( -248.1253870406747524, 1521.649636964923502, 10.90000000000000036 ) ) ;
#5674 = AXIS2_PLACEMENT_3D ( 'NONE', #3033, #6000, #1589 ) ;
#5675 = ORIENTED_EDGE ( 'NONE', *, *, #272, .F. ) ;
#5676 = CARTESIAN_POINT ( 'NONE',  ( -216.1552157590892875, 1526.601106651572309, 0.4999999999999427680 ) ) ;
#5677 = VECTOR ( 'NONE', #1061, 1000.000000000000000 ) ;
#5678 = DIRECTION ( 'NONE',  ( 3.081012879330941349E-16, -1.000000000000000000, 0.000000000000000000 ) ) ;
#5679 = DIRECTION ( 'NONE',  ( 0.000000000000000000, -1.000000000000000000, 0.000000000000000000 ) ) ;
#5680 = VECTOR ( 'NONE', #405, 1000.000000000000000 ) ;
#5681 = VERTEX_POINT ( 'NONE', #5958 ) ;
#5682 = VERTEX_POINT ( 'NONE', #4071 ) ;
#5683 = CARTESIAN_POINT ( 'NONE',  ( -254.7101419929028054, 1520.962885497725665, 10.90000000000000036 ) ) ;
#5684 = AXIS2_PLACEMENT_3D ( 'NONE', #5518, #5020, #198 ) ;
#5685 = ORIENTED_EDGE ( 'NONE', *, *, #3505, .T. ) ;
#5686 = CARTESIAN_POINT ( 'NONE',  ( -254.1254006456450441, 1523.844624520666457, 10.89999999999999858 ) ) ;
#5687 = CARTESIAN_POINT ( 'NONE',  ( -203.4312958390566450, 1398.601106651571854, 6.249999999999939604 ) ) ;
#5688 = ORGANIZATION ( 'UNSPECIFIED', 'UNSPECIFIED', '' ) ;
#5689 = CARTESIAN_POINT ( 'NONE',  ( -371.4312958390563040, 1522.601106651571854, 10.49999999999999822 ) ) ;
#5690 = DIRECTION ( 'NONE',  ( 0.5000000000000012212, -0.8660254037844379305, 0.000000000000000000 ) ) ;
#5691 = DIRECTION ( 'NONE',  ( 1.000000000000000000, 0.000000000000000000, -0.000000000000000000 ) ) ;
#5692 = DIRECTION ( 'NONE',  ( 5.419332810632536218E-15, -1.000000000000000000, -0.000000000000000000 ) ) ;
#5693 = FACE_OUTER_BOUND ( 'NONE', #3672, .T. ) ;
#5694 = CARTESIAN_POINT ( 'NONE',  ( -250.5275140831999465, 1523.334060396308814, 11.50000000000000000 ) ) ;
#5695 = EDGE_CURVE ( 'NONE', #3121, #5084, #4147, .T. ) ;
#5696 = DIRECTION ( 'NONE',  ( -0.7071067811865868746, 0.7071067811865081598, -0.000000000000000000 ) ) ;
#5697 = EDGE_LOOP ( 'NONE', ( #5633, #5624, #3713, #2586 ) ) ;
#5698 = CARTESIAN_POINT ( 'NONE',  ( -249.3076312627094921, 1521.882315753193780, 11.49999999999998934 ) ) ;
#5699 = DIRECTION ( 'NONE',  ( 0.000000000000000000, 0.000000000000000000, -1.000000000000000000 ) ) ;
#5700 = CARTESIAN_POINT ( 'NONE',  ( -249.7881785560976198, 1523.522596328916734, 10.90000000000000036 ) ) ;
#5701 = ADVANCED_FACE ( 'NONE', ( #4604 ), #5991, .T. ) ;
#5702 = ORIENTED_EDGE ( 'NONE', *, *, #668, .F. ) ;
#5703 = EDGE_CURVE ( 'NONE', #335, #6138, #1110, .T. ) ;
#5704 = CARTESIAN_POINT ( 'NONE',  ( -216.1552157590892875, 1526.601106651572309, 0.4999999999999449329 ) ) ;
#5705 = LINE ( 'NONE', #6184, #5760 ) ;
#5706 = DIRECTION ( 'NONE',  ( 1.000000000000000000, 0.000000000000000000, 0.000000000000000000 ) ) ;
#5707 = EDGE_LOOP ( 'NONE', ( #496, #3656, #1487, #5586 ) ) ;
#5708 = APPROVAL_STATUS ( 'not_yet_approved' ) ;
#5709 = DIRECTION ( 'NONE',  ( 0.7071067811865867636, -0.7071067811865082708, 0.000000000000000000 ) ) ;
#5710 = ORIENTED_EDGE ( 'NONE', *, *, #668, .T. ) ;
#5711 = DIRECTION ( 'NONE',  ( 0.000000000000000000, -1.000000000000000000, 0.000000000000000000 ) ) ;
#5712 = VERTEX_POINT ( 'NONE', #3058 ) ;
#5713 = CARTESIAN_POINT ( 'NONE',  ( -369.7312958390563153, 1522.601106651571854, 10.49999999999999822 ) ) ;
#5714 = CARTESIAN_POINT ( 'NONE',  ( -375.2312958390564859, 1525.451106651571990, 7.000000000000000000 ) ) ;
#5715 = CARTESIAN_POINT ( 'NONE',  ( -226.0293727074229650, 1528.101106651571627, 3.699999999999997957 ) ) ;
#5716 = DIRECTION ( 'NONE',  ( 0.000000000000000000, 1.000000000000000000, 0.000000000000000000 ) ) ;
#5717 = DIRECTION ( 'NONE',  ( -0.5000000000000014433, 0.8660254037844379305, 0.000000000000000000 ) ) ;
#5718 = DIRECTION ( 'NONE',  ( 0.000000000000000000, 0.000000000000000000, 1.000000000000000000 ) ) ;
#5719 = DIRECTION ( 'NONE',  ( 0.000000000000000000, 0.000000000000000000, -1.000000000000000000 ) ) ;
#5720 = ORIENTED_EDGE ( 'NONE', *, *, #2022, .T. ) ;
#5721 = CARTESIAN_POINT ( 'NONE',  ( -256.6620650698259283, 1519.601106651572081, 10.90000000000000036 ) ) ;
#5722 = ADVANCED_FACE ( 'NONE', ( #137 ), #3524, .F. ) ;
#5723 = CARTESIAN_POINT ( 'NONE',  ( -238.4293727074229707, 1531.401106651571808, 11.00000000000000000 ) ) ;
#5724 = CARTESIAN_POINT ( 'NONE',  ( -237.9293727074229992, 1527.747553260978520, 3.846446609406767525 ) ) ;
#5725 = ORIENTED_EDGE ( 'NONE', *, *, #4670, .F. ) ;
#5726 = DIRECTION ( 'NONE',  ( 0.7071067811865932029, 2.115676933300016785E-16, 0.7071067811865018315 ) ) ;
#5727 = EDGE_CURVE ( 'NONE', #3407, #842, #1645, .T. ) ;
#5728 = CARTESIAN_POINT ( 'NONE',  ( -255.6612603251093958, 1523.139721886512916, 11.50000000000000000 ) ) ;
#5729 = DIRECTION ( 'NONE',  ( -0.7071067811865082708, 0.000000000000000000, 0.7071067811865868746 ) ) ;
#5730 = CARTESIAN_POINT ( 'NONE',  ( -248.1253870406747524, 1521.649636964923502, 11.49999999999999822 ) ) ;
#5731 = ORIENTED_EDGE ( 'NONE', *, *, #788, .T. ) ;
#5732 = APPROVAL_ROLE ( '' ) ;
#5733 = EDGE_CURVE ( 'NONE', #356, #746, #670, .T. ) ;
#5734 = CARTESIAN_POINT ( 'NONE',  ( -251.1125408401040886, 1521.379443719682968, 11.49999999999999822 ) ) ;
#5735 = EDGE_CURVE ( 'NONE', #4742, #1270, #1201, .T. ) ;
#5736 = EDGE_CURVE ( 'NONE', #926, #5165, #6016, .T. ) ;
#5737 = CARTESIAN_POINT ( 'NONE',  ( -226.5293727074229650, 1527.747553260978520, 3.846446609406765749 ) ) ;
#5738 = VECTOR ( 'NONE', #1611, 1000.000000000000000 ) ;
#5739 = ORIENTED_EDGE ( 'NONE', *, *, #1628, .T. ) ;
#5740 = DIRECTION ( 'NONE',  ( 0.000000000000000000, 0.000000000000000000, -1.000000000000000000 ) ) ;
#5741 = ORIENTED_EDGE ( 'NONE', *, *, #6234, .F. ) ;
#5742 = CARTESIAN_POINT ( 'NONE',  ( -223.6607692585541827, 1517.601106651571854, 11.00000000000000000 ) ) ;
#5743 = CONICAL_SURFACE ( 'NONE', #3232, 2.500000000000002220, 0.7853981633973815546 ) ;
#5744 = CIRCLE ( 'NONE', #5250, 1.699999999999979305 ) ;
#5745 = CARTESIAN_POINT ( 'NONE',  ( -254.1931683337814718, 1523.545397533937376, 10.90000000000000036 ) ) ;
#5746 = LINE ( 'NONE', #5252, #6058 ) ;
#5747 = CARTESIAN_POINT ( 'NONE',  ( -254.7493336187069985, 1521.017423757632514, 11.50000000000000000 ) ) ;
#5748 = CARTESIAN_POINT ( 'NONE',  ( -216.6389817412363641, 1507.439013911624443, 9.000000000000001776 ) ) ;
#5749 = CIRCLE ( 'NONE', #1692, 1.700000000000034817 ) ;
#5750 = VECTOR ( 'NONE', #5540, 1000.000000000000000 ) ;
#5751 = ADVANCED_FACE ( 'NONE', ( #4484 ), #3147, .F. ) ;
#5752 = CARTESIAN_POINT ( 'NONE',  ( -208.2662323295955105, 1493.936986531620278, 0.000000000000000000 ) ) ;
#5753 = AXIS2_PLACEMENT_3D ( 'NONE', #3099, #5030, #681 ) ;
#5754 = ORIENTED_EDGE ( 'NONE', *, *, #791, .T. ) ;
#5755 = DIRECTION ( 'NONE',  ( -1.000000000000000000, 0.000000000000000000, -0.000000000000000000 ) ) ;
#5756 = CARTESIAN_POINT ( 'NONE',  ( -210.4312958390566450, 1492.686986531620050, 11.50000000000000000 ) ) ;
#5757 = CARTESIAN_POINT ( 'NONE',  ( -236.0293727074229935, 1525.022692017425697, 7.500000000000000000 ) ) ;
#5758 = CARTESIAN_POINT ( 'NONE',  ( -253.0041453754595580, 1524.315957123900489, 11.49999999999999289 ) ) ;
#5759 = DIRECTION ( 'NONE',  ( 0.000000000000000000, 0.000000000000000000, -1.000000000000000000 ) ) ;
#5760 = VECTOR ( 'NONE', #1835, 1000.000000000000000 ) ;
#5761 = EDGE_LOOP ( 'NONE', ( #3305, #2959, #2457, #6217 ) ) ;
#5762 = CARTESIAN_POINT ( 'NONE',  ( -209.5080216973944687, 1507.687828808946733, 10.50000000000000000 ) ) ;
#5763 = LINE ( 'NONE', #5828, #3868 ) ;
#5764 = CARTESIAN_POINT ( 'NONE',  ( -249.9318219422155209, 1520.558732672576753, 10.90000000000000213 ) ) ;
#5765 = VECTOR ( 'NONE', #1946, 1000.000000000000000 ) ;
#5766 = CARTESIAN_POINT ( 'NONE',  ( -226.5293727074229366, 1531.401106651571808, 7.499999999999968026 ) ) ;
#5767 = CARTESIAN_POINT ( 'NONE',  ( -251.8369133346100455, 1520.421256414426125, 10.90000000000000036 ) ) ;
#5768 = CARTESIAN_POINT ( 'NONE',  ( -250.0363658700910321, 1523.515510887816617, 11.50000000000000000 ) ) ;
#5769 = ORIENTED_EDGE ( 'NONE', *, *, #2274, .T. ) ;
#5770 = COORDINATED_UNIVERSAL_TIME_OFFSET ( 1, 0, .AHEAD. ) ;
#5771 = EDGE_CURVE ( 'NONE', #3853, #4024, #4992, .T. ) ;
#5772 = DIRECTION ( 'NONE',  ( 0.7071067811865474617, -0.7071067811865474617, 0.000000000000000000 ) ) ;
#5773 = PLANE ( 'NONE',  #4351 ) ;
#5774 = AXIS2_PLACEMENT_3D ( 'NONE', #1279, #4782, #6162 ) ;
#5775 = ORIENTED_EDGE ( 'NONE', *, *, #1634, .F. ) ;
#5776 = DIRECTION ( 'NONE',  ( -0.000000000000000000, -0.000000000000000000, 1.000000000000000000 ) ) ;
#5777 = ORIENTED_EDGE ( 'NONE', *, *, #3417, .T. ) ;
#5778 = ORIENTED_EDGE ( 'NONE', *, *, #1806, .F. ) ;
#5779 = ADVANCED_FACE ( 'NONE', ( #643 ), #2666, .T. ) ;
#5780 = CARTESIAN_POINT ( 'NONE',  ( -248.5986560909697971, 1520.234558140982926, 10.90000000000000036 ) ) ;
#5781 = VECTOR ( 'NONE', #1388, 1000.000000000000000 ) ;
#5782 = CARTESIAN_POINT ( 'NONE',  ( -255.3303269064983283, 1523.144256051520415, 10.90000000000000036 ) ) ;
#5783 = LINE ( 'NONE', #3355, #2940 ) ;
#5784 = CARTESIAN_POINT ( 'NONE',  ( -198.4312958390566450, 1495.366478455931883, 0.4999999999999449329 ) ) ;
#5785 = CARTESIAN_POINT ( 'NONE',  ( -216.6389817412363072, 1507.439013911624443, 7.000000000000000000 ) ) ;
#5786 = VECTOR ( 'NONE', #1437, 1000.000000000000000 ) ;
#5787 = CARTESIAN_POINT ( 'NONE',  ( -256.6620650698259283, 1524.601106651571854, 10.90000000000000036 ) ) ;
#5788 = ORIENTED_EDGE ( 'NONE', *, *, #325, .T. ) ;
#5789 = DIRECTION ( 'NONE',  ( 0.000000000000000000, -1.000000000000000000, 0.000000000000000000 ) ) ;
#5790 = CARTESIAN_POINT ( 'NONE',  ( -254.1606884572446461, 1524.148393763378408, 10.89999999999999858 ) ) ;
#5791 = CARTESIAN_POINT ( 'NONE',  ( -252.9697573775181922, 1523.938847036187326, 11.49999999999999112 ) ) ;
#5792 = CARTESIAN_POINT ( 'NONE',  ( -231.3293727074229764, 1530.601106651571854, 7.500000000000000000 ) ) ;
#5793 = ORIENTED_EDGE ( 'NONE', *, *, #4264, .F. ) ;
#5794 = DIRECTION ( 'NONE',  ( -2.775557561563197114E-14, -1.000000000000000000, -0.000000000000000000 ) ) ;
#5795 = CARTESIAN_POINT ( 'NONE',  ( -198.9312958390565882, 1495.366478455931883, 11.50000000000000000 ) ) ;
#5796 = EDGE_LOOP ( 'NONE', ( #5076, #573, #3274, #1807 ) ) ;
#5797 = FACE_OUTER_BOUND ( 'NONE', #1167, .T. ) ;
#5798 = LINE ( 'NONE', #7, #3642 ) ;
#5799 = CARTESIAN_POINT ( 'NONE',  ( -205.1312958390566905, 1398.601106651571854, 10.49999999999999822 ) ) ;
#5800 = EDGE_LOOP ( 'NONE', ( #2491, #3272, #3489, #5296 ) ) ;
#5801 = PERSON_AND_ORGANIZATION ( #1977, #5688 ) ;
#5802 = CARTESIAN_POINT ( 'NONE',  ( -226.0293727074229650, 1531.401106651571808, 3.699999999999997957 ) ) ;
#5803 = ORIENTED_EDGE ( 'NONE', *, *, #4647, .F. ) ;
#5804 = CARTESIAN_POINT ( 'NONE',  ( -238.4293727074229707, 1530.901106651571808, 7.707106781186397804 ) ) ;
#5805 = EDGE_CURVE ( 'NONE', #916, #3472, #4078, .T. ) ;
#5806 = VERTEX_POINT ( 'NONE', #5704 ) ;
#5807 = DIRECTION ( 'NONE',  ( -0.7071067811865867636, 0.000000000000000000, 0.7071067811865082708 ) ) ;
#5808 = ORIENTED_EDGE ( 'NONE', *, *, #815, .F. ) ;
#5809 = ORIENTED_EDGE ( 'NONE', *, *, #683, .F. ) ;
#5810 = DIRECTION ( 'NONE',  ( -0.7071067811864886199, 0.7071067811866064146, 0.000000000000000000 ) ) ;
#5811 = CARTESIAN_POINT ( 'NONE',  ( -255.6812958390567019, 1524.601106651571854, 10.90000000000000036 ) ) ;
#5812 = CARTESIAN_POINT ( 'NONE',  ( -250.9625458390566450, 1522.062645113111103, 11.50000000000000000 ) ) ;
#5813 = EDGE_CURVE ( 'NONE', #1321, #2816, #6180, .T. ) ;
#5814 = EDGE_CURVE ( 'NONE', #1693, #484, #329, .T. ) ;
#5815 = CARTESIAN_POINT ( 'NONE',  ( -366.9312958390565313, 1517.851106651571854, 0.2499999999999725220 ) ) ;
#5816 = EDGE_CURVE ( 'NONE', #1821, #3596, #6084, .T. ) ;
#5817 = LINE ( 'NONE', #3959, #5677 ) ;
#5818 = B_SPLINE_CURVE_WITH_KNOTS ( 'NONE', 3,
 ( #3408, #5342, #5024, #5932, #5375, #3949, #2510, #3094, #2455, #1969, #4391, #557, #4930, #5431, #48, #3063, #1582, #584, #5837 ),
 .UNSPECIFIED., .F., .F.,
 ( 4, 1, 1, 1, 1, 1, 1, 1, 1, 1, 1, 1, 1, 1, 1, 1, 4 ),
 ( 0.000000000000000000, 0.06090062072362623091, 0.1203023179599449766, 0.1780151448309867657, 0.2355064872928654407, 0.2936199844226783373, 0.3519276448357113729, 0.4122277714920010161, 0.4742650492986230093, 0.5374225968626484828, 0.5997449214297748687, 0.6623304766619473316, 0.7259634480849957994, 0.7907697220612694977, 0.8579694646333775321, 0.9275234101077084459, 1.000000000000000000 ),
 .UNSPECIFIED. ) ;
#5819 = ORIENTED_EDGE ( 'NONE', *, *, #3386, .F. ) ;
#5820 = DIRECTION ( 'NONE',  ( 0.000000000000000000, 0.000000000000000000, -1.000000000000000000 ) ) ;
#5821 = DIRECTION ( 'NONE',  ( -0.7071067811865426878, 0.000000000000000000, -0.7071067811865522357 ) ) ;
#5822 = EDGE_CURVE ( 'NONE', #5806, #853, #386, .T. ) ;
#5823 = FACE_OUTER_BOUND ( 'NONE', #3777, .T. ) ;
#5824 = DIRECTION ( 'NONE',  ( 0.000000000000000000, 0.000000000000000000, 1.000000000000000000 ) ) ;
#5825 = LINE ( 'NONE', #3456, #4860 ) ;
#5826 = ORIENTED_EDGE ( 'NONE', *, *, #2970, .F. ) ;
#5827 = LINE ( 'NONE', #154, #3754 ) ;
#5828 = CARTESIAN_POINT ( 'NONE',  ( -237.3293727074230048, 1522.722692017425970, 7.500000000000000000 ) ) ;
#5829 = CARTESIAN_POINT ( 'NONE',  ( -254.4014377988519300, 1523.303124344044136, 11.50000000000000178 ) ) ;
#5830 = CARTESIAN_POINT ( 'NONE',  ( -248.1819844739962946, 1521.062484856606716, 11.50000000000000355 ) ) ;
#5831 = FACE_OUTER_BOUND ( 'NONE', #5636, .T. ) ;
#5832 = VERTEX_POINT ( 'NONE', #2694 ) ;
#5833 = EDGE_CURVE ( 'NONE', #1118, #1323, #3776, .T. ) ;
#5834 = CARTESIAN_POINT ( 'NONE',  ( -574.4104900649937235, 153.9128269369811619, 7.000000000000000000 ) ) ;
#5835 = DIRECTION ( 'NONE',  ( 0.7071067811865167085, -1.689431606455785873E-14, -0.7071067811865784369 ) ) ;
#5836 = VERTEX_POINT ( 'NONE', #2275 ) ;
#5837 = CARTESIAN_POINT ( 'NONE',  ( -248.1236035313643526, 1521.579472036188236, 11.50000000000000000 ) ) ;
#5838 = ORIENTED_EDGE ( 'NONE', *, *, #4819, .T. ) ;
#5839 = ORIENTED_EDGE ( 'NONE', *, *, #5247, .F. ) ;
#5840 = CARTESIAN_POINT ( 'NONE',  ( -256.6620650698259283, 1522.139568190033515, 10.90000000000000036 ) ) ;
#5841 = EDGE_CURVE ( 'NONE', #4139, #1212, #2018, .T. ) ;
#5842 = APPLICATION_PROTOCOL_DEFINITION ( 'international standard', 'config_control_design', 1994, #2820 ) ;
#5843 = AXIS2_PLACEMENT_3D ( 'NONE', #4413, #1931, #4350 ) ;
#5844 = CARTESIAN_POINT ( 'NONE',  ( -248.5490843005950978, 1520.295818190034197, 10.90000000000000036 ) ) ;
#5845 = CARTESIAN_POINT ( 'NONE',  ( -368.3312958390562244, 1525.451106651571990, 9.000000000000001776 ) ) ;
#5846 = CARTESIAN_POINT ( 'NONE',  ( -254.3185289072303306, 1525.540606274064658, 10.90000000000000213 ) ) ;
#5847 = AXIS2_PLACEMENT_3D ( 'NONE', #627, #4495, #2613 ) ;
#5848 = PLANE ( 'NONE',  #920 ) ;
#5849 = EDGE_CURVE ( 'NONE', #3995, #3065, #2307, .T. ) ;
#5850 = ORIENTED_EDGE ( 'NONE', *, *, #4826, .F. ) ;
#5851 = EDGE_CURVE ( 'NONE', #4210, #3567, #5888, .T. ) ;
#5852 = LINE ( 'NONE', #1880, #4239 ) ;
#5853 = VECTOR ( 'NONE', #5789, 1000.000000000000000 ) ;
#5854 = CARTESIAN_POINT ( 'NONE',  ( -249.2904633241947181, 1521.779494484515908, 11.50000000000000355 ) ) ;
#5855 = AXIS2_PLACEMENT_3D ( 'NONE', #3806, #2893, #1514 ) ;
#5856 = CARTESIAN_POINT ( 'NONE',  ( -252.9840160336529493, 1524.193409723859986, 10.90000000000000213 ) ) ;
#5857 = DIRECTION ( 'NONE',  ( 0.000000000000000000, 0.000000000000000000, 1.000000000000000000 ) ) ;
#5858 = ORIENTED_EDGE ( 'NONE', *, *, #1925, .T. ) ;
#5859 = CARTESIAN_POINT ( 'NONE',  ( -225.5293727074229935, 1527.601106651571854, 11.00000000000000000 ) ) ;
#5860 = CONICAL_SURFACE ( 'NONE', #905, 1.499999999998946620, 0.7853981633973676768 ) ;
#5861 = EDGE_CURVE ( 'NONE', #1770, #4079, #861, .T. ) ;
#5862 = AXIS2_PLACEMENT_3D ( 'NONE', #323, #1696, #5607 ) ;
#5863 = ADVANCED_FACE ( 'NONE', ( #4732 ), #3110, .T. ) ;
#5864 = DIRECTION ( 'NONE',  ( -2.992019012672608321E-16, 1.000000000000000000, 0.000000000000000000 ) ) ;
#5865 = VERTEX_POINT ( 'NONE', #4862 ) ;
#5866 = CARTESIAN_POINT ( 'NONE',  ( -249.4821736319833576, 1520.847303881582548, 10.89999999999999680 ) ) ;
#5867 = ORIENTED_EDGE ( 'NONE', *, *, #325, .F. ) ;
#5868 = FACE_OUTER_BOUND ( 'NONE', #4429, .T. ) ;
#5869 = DIRECTION ( 'NONE',  ( 0.7071067811866064146, -0.7071067811864886199, -0.000000000000000000 ) ) ;
#5870 = DIRECTION ( 'NONE',  ( -1.000000000000000000, 0.000000000000000000, 0.000000000000000000 ) ) ;
#5871 = VECTOR ( 'NONE', #1936, 1000.000000000000000 ) ;
#5872 = VERTEX_POINT ( 'NONE', #1986 ) ;
#5873 = CARTESIAN_POINT ( 'NONE',  ( -255.6622148325674004, 1522.035376669385869, 10.90000000000000036 ) ) ;
#5874 = VECTOR ( 'NONE', #819, 1000.000000000000000 ) ;
#5875 = CARTESIAN_POINT ( 'NONE',  ( -248.5150797703548449, 1520.343393073474545, 11.50000000000000000 ) ) ;
#5876 = DIRECTION ( 'NONE',  ( 1.000000000000000000, 0.000000000000000000, 0.000000000000000000 ) ) ;
#5877 = VECTOR ( 'NONE', #4496, 1000.000000000000000 ) ;
#5878 = VERTEX_POINT ( 'NONE', #516 ) ;
#5879 = ORIENTED_EDGE ( 'NONE', *, *, #5805, .T. ) ;
#5880 = CARTESIAN_POINT ( 'NONE',  ( -248.5490843005950978, 1520.295818190034197, 11.49999999999999822 ) ) ;
#5881 = CIRCLE ( 'NONE', #5077, 2.000000000000057288 ) ;
#5882 = CARTESIAN_POINT ( 'NONE',  ( -256.6620650698259283, 1522.139568190033515, 10.90000000000000036 ) ) ;
#5883 = DIRECTION ( 'NONE',  ( 1.000000000000000000, 0.000000000000000000, 0.000000000000000000 ) ) ;
#5884 = VECTOR ( 'NONE', #2794, 1000.000000000000227 ) ;
#5885 = CARTESIAN_POINT ( 'NONE',  ( -238.9293727074229707, 1527.601106651571854, 4.907106781186303834 ) ) ;
#5886 = ORIENTED_EDGE ( 'NONE', *, *, #6140, .F. ) ;
#5887 = PLANE ( 'NONE',  #3632 ) ;
#5888 = CIRCLE ( 'NONE', #5283, 1.699999999999923794 ) ;
#5889 = CARTESIAN_POINT ( 'NONE',  ( -254.4139058159109936, 1522.299016347733414, 11.50000000000000000 ) ) ;
#5890 = CARTESIAN_POINT ( 'NONE',  ( -252.9728825221639852, 1523.777705491320830, 10.89999999999999503 ) ) ;
#5891 = EDGE_CURVE ( 'NONE', #1323, #5495, #456, .T. ) ;
#5892 = PLANE ( 'NONE',  #5354 ) ;
#5893 = ORIENTED_EDGE ( 'NONE', *, *, #55, .F. ) ;
#5894 = CARTESIAN_POINT ( 'NONE',  ( -252.0492949115464398, 1520.929758691688221, 11.50000000000000000 ) ) ;
#5895 = CARTESIAN_POINT ( 'NONE',  ( -375.2312958390564859, 1525.451106651571990, 9.000000000000001776 ) ) ;
#5896 = ORIENTED_EDGE ( 'NONE', *, *, #2850, .F. ) ;
#5897 = EDGE_LOOP ( 'NONE', ( #3079, #3798, #4501, #642, #6222, #2334 ) ) ;
#5898 = LINE ( 'NONE', #2151, #2095 ) ;
#5899 = DIRECTION ( 'NONE',  ( 1.000000000000000000, 0.000000000000000000, 0.000000000000000000 ) ) ;
#5900 = CARTESIAN_POINT ( 'NONE',  ( -367.4312958390565313, 1518.101106651571627, 0.4999999999999449329 ) ) ;
#5901 = EDGE_CURVE ( 'NONE', #3756, #4991, #4919, .T. ) ;
#5902 = EDGE_CURVE ( 'NONE', #5194, #3462, #5763, .T. ) ;
#5903 = EDGE_LOOP ( 'NONE', ( #130, #5590, #5025, #2020 ) ) ;
#5904 = CARTESIAN_POINT ( 'NONE',  ( -254.7802419034643151, 1524.583635407902875, 11.50000000000000000 ) ) ;
#5905 = DIRECTION ( 'NONE',  ( 0.000000000000000000, 0.000000000000000000, 1.000000000000000000 ) ) ;
#5906 = CARTESIAN_POINT ( 'NONE',  ( -248.3607314957608025, 1520.586497843259167, 11.49999999999999822 ) ) ;
#5907 = CARTESIAN_POINT ( 'NONE',  ( -226.0293727074229650, 1528.101106651571627, 10.99999999999999822 ) ) ;
#5908 = DIRECTION ( 'NONE',  ( 0.000000000000000000, 0.000000000000000000, 1.000000000000000000 ) ) ;
#5909 = ORIENTED_EDGE ( 'NONE', *, *, #214, .T. ) ;
#5910 = ORIENTED_EDGE ( 'NONE', *, *, #3762, .F. ) ;
#5911 = CARTESIAN_POINT ( 'NONE',  ( -237.8293727074230048, 1517.601106651571854, 11.50000000000000000 ) ) ;
#5912 = DIRECTION ( 'NONE',  ( -1.000000000000000000, 0.000000000000000000, 0.000000000000000000 ) ) ;
#5913 = CARTESIAN_POINT ( 'NONE',  ( -253.4440670617732394, 1525.145344627852410, 10.90000000000000391 ) ) ;
#5914 = CARTESIAN_POINT ( 'NONE',  ( -248.8632341153067387, 1519.955475727837893, 11.50000000000000355 ) ) ;
#5915 = ORIENTED_EDGE ( 'NONE', *, *, #2410, .T. ) ;
#5916 = CARTESIAN_POINT ( 'NONE',  ( -253.2567971139958445, 1522.947525351583408, 11.50000000000000178 ) ) ;
#5917 = CARTESIAN_POINT ( 'NONE',  ( -252.9697573775181922, 1523.938847036187326, 10.90000000000000036 ) ) ;
#5918 = DIRECTION ( 'NONE',  ( 0.000000000000000000, 0.000000000000000000, 1.000000000000000000 ) ) ;
#5919 = CARTESIAN_POINT ( 'NONE',  ( -228.1293727074229878, 1525.601106651572081, 7.500000000000000000 ) ) ;
#5920 = ORIENTED_EDGE ( 'NONE', *, *, #3724, .T. ) ;
#5921 = ORIENTED_EDGE ( 'NONE', *, *, #365, .T. ) ;
#5922 = DIRECTION ( 'NONE',  ( 0.000000000000000000, -1.000000000000000000, 0.000000000000000000 ) ) ;
#5923 = CARTESIAN_POINT ( 'NONE',  ( -248.1284083006975720, 1521.403569581390457, 11.50000000000000355 ) ) ;
#5924 = CARTESIAN_POINT ( 'NONE',  ( -253.2567971139958445, 1522.947525351583408, 10.90000000000000213 ) ) ;
#5925 = ORIENTED_EDGE ( 'NONE', *, *, #5973, .F. ) ;
#5926 = CARTESIAN_POINT ( 'NONE',  ( -207.9312958390566735, 1402.601106651571854, 5.749999999999905853 ) ) ;
#5927 = EDGE_CURVE ( 'NONE', #3910, #2207, #1478, .T. ) ;
#5928 = DIRECTION ( 'NONE',  ( 1.000000000000000000, 0.000000000000000000, 0.000000000000000000 ) ) ;
#5929 = EDGE_CURVE ( 'NONE', #2726, #3916, #956, .T. ) ;
#5930 = CARTESIAN_POINT ( 'NONE',  ( -217.8872665666571322, 1518.101106651571627, 11.50000000000000000 ) ) ;
#5931 = DIRECTION ( 'NONE',  ( -0.6123724356957046533, -0.3535533905932236598, 0.7071067811866504904 ) ) ;
#5932 = CARTESIAN_POINT ( 'NONE',  ( -249.5007879938469273, 1523.493735738624764, 11.49999999999999822 ) ) ;
#5933 = ORIENTED_EDGE ( 'NONE', *, *, #157, .F. ) ;
#5934 = ORIENTED_EDGE ( 'NONE', *, *, #1156, .T. ) ;
#5935 = CARTESIAN_POINT ( 'NONE',  ( -249.2774496852105131, 1521.554231651572763, 11.50000000000000000 ) ) ;
#5936 = ADVANCED_FACE ( 'NONE', ( #4380 ), #5362, .T. ) ;
#5937 = ADVANCED_FACE ( 'NONE', ( #1958, #2891 ), #3904, .T. ) ;
#5938 = ORIENTED_EDGE ( 'NONE', *, *, #42, .T. ) ;
#5939 = CARTESIAN_POINT ( 'NONE',  ( -208.6992450314876919, 1493.686986531620278, 0.4999999999999449329 ) ) ;
#5940 = CARTESIAN_POINT ( 'NONE',  ( -366.9312958390565313, 1518.101106651571627, 0.000000000000000000 ) ) ;
#5941 = DIRECTION ( 'NONE',  ( 0.000000000000000000, 0.000000000000000000, 1.000000000000000000 ) ) ;
#5942 = VERTEX_POINT ( 'NONE', #2862 ) ;
#5943 = CARTESIAN_POINT ( 'NONE',  ( -206.7812958390566394, 1394.801106651571672, 9.000000000000001776 ) ) ;
#5944 = CARTESIAN_POINT ( 'NONE',  ( -255.0763310856082455, 1524.596284064100928, 10.90000000000000036 ) ) ;
#5945 = CARTESIAN_POINT ( 'NONE',  ( -253.9657529539376526, 1522.415693337907442, 11.49999999999999645 ) ) ;
#5946 = EDGE_CURVE ( 'NONE', #1525, #2266, #2470, .T. ) ;
#5947 = CARTESIAN_POINT ( 'NONE',  ( -252.9919069720864968, 1523.621468418606355, 10.90000000000000568 ) ) ;
#5948 = AXIS2_PLACEMENT_3D ( 'NONE', #4194, #3717, #5679 ) ;
#5949 = PLANE ( 'NONE',  #3046 ) ;
#5950 = VECTOR ( 'NONE', #3607, 1000.000000000000000 ) ;
#5951 = EDGE_LOOP ( 'NONE', ( #4127, #1999, #414, #2214, #2673, #3588 ) ) ;
#5952 = PLANE ( 'NONE',  #3438 ) ;
#5953 = CARTESIAN_POINT ( 'NONE',  ( -248.4478593279889935, 1520.437439504576560, 11.50000000000000178 ) ) ;
#5954 = CARTESIAN_POINT ( 'NONE',  ( -250.5875458390566735, 1523.299423959264914, 10.90000000000000036 ) ) ;
#5955 = CIRCLE ( 'NONE', #1192, 1.699999999999923794 ) ;
#5956 = ORIENTED_EDGE ( 'NONE', *, *, #2803, .T. ) ;
#5957 = VECTOR ( 'NONE', #1016, 1000.000000000000000 ) ;
#5958 = CARTESIAN_POINT ( 'NONE',  ( -206.2812958390566109, 1395.301106651571672, 9.000000000000001776 ) ) ;
#5959 = AXIS2_PLACEMENT_3D ( 'NONE', #5845, #53, #3920 ) ;
#5960 = CARTESIAN_POINT ( 'NONE',  ( -374.7312958390564859, 1518.101106651571627, 11.50000000000000000 ) ) ;
#5961 = DIRECTION ( 'NONE',  ( 0.000000000000000000, -0.7071067811865868746, 0.7071067811865082708 ) ) ;
#5962 = CARTESIAN_POINT ( 'NONE',  ( -228.1293727074229878, 1525.601106651572081, 7.500000000000000000 ) ) ;
#5963 = FACE_OUTER_BOUND ( 'NONE', #5496, .T. ) ;
#5964 = EDGE_CURVE ( 'NONE', #1118, #5965, #4315, .T. ) ;
#5965 = VERTEX_POINT ( 'NONE', #5795 ) ;
#5966 = EDGE_LOOP ( 'NONE', ( #3440, #828, #2594, #6023 ) ) ;
#5967 = AXIS2_PLACEMENT_3D ( 'NONE', #1548, #132, #2056 ) ;
#5968 = DIRECTION ( 'NONE',  ( -0.5773502691896257311, 0.5773502691896900130, -0.5773502691895615602 ) ) ;
#5969 = EDGE_LOOP ( 'NONE', ( #3872, #1923, #5778, #5242 ) ) ;
#5970 = FACE_BOUND ( 'NONE', #2980, .T. ) ;
#5971 = VECTOR ( 'NONE', #6164, 1000.000000000000000 ) ;
#5972 = CARTESIAN_POINT ( 'NONE',  ( -253.1134057317522945, 1524.661657351569829, 10.90000000000000036 ) ) ;
#5973 = EDGE_CURVE ( 'NONE', #1564, #3255, #3460, .T. ) ;
#5974 = ADVANCED_FACE ( 'NONE', ( #3337 ), #3660, .F. ) ;
#5975 = DIRECTION ( 'NONE',  ( 0.000000000000000000, 1.000000000000000000, 0.000000000000000000 ) ) ;
#5976 = VECTOR ( 'NONE', #5257, 1000.000000000000114 ) ;
#5977 = ORIENTED_EDGE ( 'NONE', *, *, #1902, .T. ) ;
#5978 = CARTESIAN_POINT ( 'NONE',  ( -213.5389817412365403, 1502.069656408161336, 9.000000000000001776 ) ) ;
#5979 = CARTESIAN_POINT ( 'NONE',  ( -249.3076312627094921, 1521.882315753193780, 11.49999999999999467 ) ) ;
#5980 = CARTESIAN_POINT ( 'NONE',  ( -253.9657529539376526, 1522.415693337907442, 10.89999999999999680 ) ) ;
#5981 = VECTOR ( 'NONE', #5282, 1000.000000000000000 ) ;
#5982 = CARTESIAN_POINT ( 'NONE',  ( -223.6607692585541827, 1518.101106651571627, 0.000000000000000000 ) ) ;
#5983 = B_SPLINE_SURFACE_WITH_KNOTS ( 'NONE', 3, 1, ( 
 ( #2209, #381 ),
 ( #4248, #2854 ),
 ( #285, #6076 ),
 ( #1826, #1733 ),
 ( #3676, #5698 ),
 ( #1355, #1262 ),
 ( #1292, #4314 ),
 ( #4343, #265 ),
 ( #5266, #3217 ),
 ( #923, #1421 ),
 ( #3334, #2402 ),
 ( #5645, #2859 ),
 ( #337, #2222 ),
 ( #5114, #5587 ),
 ( #3396, #1241 ),
 ( #1924, #4824 ),
 ( #5297, #5144 ),
 ( #3688, #6092 ),
 ( #4798, #455 ) ),
 .UNSPECIFIED., .F., .F., .F.,
 ( 4, 1, 1, 1, 1, 1, 1, 1, 1, 1, 1, 1, 1, 1, 1, 1, 4 ),
 ( 2, 2 ),
 ( 0.000000000000000000, 0.08076351623406155533, 0.1560888091516533793, 0.2271878732431435732, 0.2947388902563665702, 0.3588525225472553593, 0.4200087027996712297, 0.4789558966409275254, 0.5367640192035209035, 0.5938932380464085892, 0.6497432151565705194, 0.7055445742142532062, 0.7611815336900811246, 0.8184886332503780171, 0.8766536536395392876, 0.9373476407922400888, 1.000000000000000000 ),
 ( 0.000000000000000000, 1.000000000000000000 ),
 .UNSPECIFIED. ) ;
#5984 = VECTOR ( 'NONE', #292, 1000.000000000000114 ) ;
#5985 = ORIENTED_EDGE ( 'NONE', *, *, #421, .T. ) ;
#5986 = VERTEX_POINT ( 'NONE', #5267 ) ;
#5987 = PLANE ( 'NONE',  #2824 ) ;
#5988 = CARTESIAN_POINT ( 'NONE',  ( -252.9919069720864968, 1523.621468418606355, 10.90000000000000568 ) ) ;
#5989 = VERTEX_POINT ( 'NONE', #3804 ) ;
#5990 = B_SPLINE_CURVE_WITH_KNOTS ( 'NONE', 3,
 ( #1560, #2458, #3382, #5315, #969, #52, #1972, #3533, #266, #1713, #143, #2580, #3626, #2189, #4103, #679, #174, #3157, #5935 ),
 .UNSPECIFIED., .F., .F.,
 ( 4, 1, 1, 1, 1, 1, 1, 1, 1, 1, 1, 1, 1, 1, 1, 1, 4 ),
 ( 0.000000000000000000, 0.06132925523309600696, 0.1200529602621721592, 0.1782193636432732042, 0.2346652732309092437, 0.2909028561819519410, 0.3475356045248474413, 0.4040853896319788197, 0.4627491010765146795, 0.5223753089003042582, 0.5823107553565731731, 0.6436973991754121327, 0.7075764816682458269, 0.7745019988245223086, 0.8455657277208135092, 0.9202690606734607037, 0.9999999999999998890 ),
 .UNSPECIFIED. ) ;
#5991 = PLANE ( 'NONE',  #5684 ) ;
#5992 = CARTESIAN_POINT ( 'NONE',  ( -201.7312958390566564, 1398.601106651571854, 6.249999999999939604 ) ) ;
#5993 = CARTESIAN_POINT ( 'NONE',  ( -253.2676720243115938, 1520.845591393532459, 11.50000000000000178 ) ) ;
#5994 = CARTESIAN_POINT ( 'NONE',  ( -255.3920112163367548, 1521.840763271581181, 11.49999999999999645 ) ) ;
#5995 = CARTESIAN_POINT ( 'NONE',  ( -249.6889337463703953, 1520.667146862726668, 10.90000000000000568 ) ) ;
#5996 = ORIENTED_EDGE ( 'NONE', *, *, #2172, .T. ) ;
#5997 = ORIENTED_EDGE ( 'NONE', *, *, #144, .F. ) ;
#5998 = CARTESIAN_POINT ( 'NONE',  ( -226.0293727074229650, 1528.101106651571627, 4.907106781186302058 ) ) ;
#5999 = EDGE_CURVE ( 'NONE', #2556, #5712, #4799, .T. ) ;
#6000 = DIRECTION ( 'NONE',  ( 0.5773502691896044148, 0.5773502691896044148, 0.5773502691896684746 ) ) ;
#6001 = ORIENTED_EDGE ( 'NONE', *, *, #2357, .F. ) ;
#6002 = LINE ( 'NONE', #717, #3437 ) ;
#6003 = CARTESIAN_POINT ( 'NONE',  ( -252.1143615284176462, 1521.250730173294414, 10.90000000000000036 ) ) ;
#6004 = PLANE ( 'NONE',  #6181 ) ;
#6005 = ORIENTED_EDGE ( 'NONE', *, *, #5498, .T. ) ;
#6006 = CARTESIAN_POINT ( 'NONE',  ( -232.2293727074229821, 1526.601106651571854, 7.500000000000000000 ) ) ;
#6007 = CARTESIAN_POINT ( 'NONE',  ( -205.1312958390566337, 1398.601106651571854, 7.000000000000000000 ) ) ;
#6008 = DIRECTION ( 'NONE',  ( -0.6123724356958045734, -0.3535533905933959109, 0.7071067811864777397 ) ) ;
#6009 = CARTESIAN_POINT ( 'NONE',  ( -237.9293727074230276, 1528.101106651571627, 11.50000000000000000 ) ) ;
#6010 = DIRECTION ( 'NONE',  ( 1.000000000000000000, 0.000000000000000000, 0.000000000000000000 ) ) ;
#6011 = ADVANCED_FACE ( 'NONE', ( #4176 ), #2230, .F. ) ;
#6012 = ORIENTED_EDGE ( 'NONE', *, *, #5833, .F. ) ;
#6013 = CARTESIAN_POINT ( 'NONE',  ( -223.6607692585541827, 1515.601106651571854, 0.4999999999999449329 ) ) ;
#6014 = CARTESIAN_POINT ( 'NONE',  ( -253.5582351284124627, 1522.636843190070294, 10.90000000000000213 ) ) ;
#6015 = ORIENTED_EDGE ( 'NONE', *, *, #3240, .T. ) ;
#6016 = LINE ( 'NONE', #2154, #328 ) ;
#6017 = DIRECTION ( 'NONE',  ( 1.000000000000000000, 0.000000000000000000, 0.000000000000000000 ) ) ;
#6018 = DIRECTION ( 'NONE',  ( 0.000000000000000000, 0.000000000000000000, 1.000000000000000000 ) ) ;
#6019 = CARTESIAN_POINT ( 'NONE',  ( -255.2673323364107887, 1521.702077360725070, 10.90000000000000036 ) ) ;
#6020 = EDGE_CURVE ( 'NONE', #6203, #3490, #3225, .T. ) ;
#6021 = CARTESIAN_POINT ( 'NONE',  ( -208.4312958390566166, 1403.101106651571627, 0.4999999999999448219 ) ) ;
#6022 = VERTEX_POINT ( 'NONE', #2652 ) ;
#6023 = ORIENTED_EDGE ( 'NONE', *, *, #2131, .F. ) ;
#6024 = LINE ( 'NONE', #3659, #2032 ) ;
#6025 = ORIENTED_EDGE ( 'NONE', *, *, #4661, .T. ) ;
#6026 = CARTESIAN_POINT ( 'NONE',  ( -250.9625458390566450, 1522.062645113111103, 10.90000000000000036 ) ) ;
#6027 = DIRECTION ( 'NONE',  ( 1.000000000000000000, 0.000000000000000000, 0.000000000000000000 ) ) ;
#6028 = ADVANCED_FACE ( 'NONE', ( #604 ), #128, .T. ) ;
#6029 = CARTESIAN_POINT ( 'NONE',  ( -198.9312958390566166, 1403.101106651571627, 0.000000000000000000 ) ) ;
#6030 = LINE ( 'NONE', #5419, #3363 ) ;
#6031 = ORIENTED_EDGE ( 'NONE', *, *, #3724, .F. ) ;
#6032 = CARTESIAN_POINT ( 'NONE',  ( -217.8872665666571606, 1527.101106651571854, 11.50000000000000000 ) ) ;
#6033 = LINE ( 'NONE', #1660, #4556 ) ;
#6034 = LINE ( 'NONE', #2713, #5648 ) ;
#6035 = ADVANCED_FACE ( 'NONE', ( #4138 ), #572, .T. ) ;
#6036 = CARTESIAN_POINT ( 'NONE',  ( -223.6607692585541827, 1517.601106651571854, 11.50000000000000000 ) ) ;
#6037 = CC_DESIGN_PERSON_AND_ORGANIZATION_ASSIGNMENT ( #362, #894, ( #1227 ) ) ;
#6038 = ORIENTED_EDGE ( 'NONE', *, *, #1814, .F. ) ;
#6039 = ORIENTED_EDGE ( 'NONE', *, *, #2176, .T. ) ;
#6040 = VECTOR ( 'NONE', #256, 1000.000000000000000 ) ;
#6041 = CARTESIAN_POINT ( 'NONE',  ( -251.2774496852104846, 1525.524183574649669, 11.50000000000000000 ) ) ;
#6042 = CARTESIAN_POINT ( 'NONE',  ( -254.8605959958221661, 1525.593098195746279, 11.49999999999998934 ) ) ;
#6043 = EDGE_CURVE ( 'NONE', #3969, #6022, #2166, .T. ) ;
#6044 = ORIENTED_EDGE ( 'NONE', *, *, #3541, .T. ) ;
#6045 = EDGE_CURVE ( 'NONE', #5332, #1043, #2052, .T. ) ;
#6046 = VECTOR ( 'NONE', #1562, 1000.000000000000000 ) ;
#6047 = DIRECTION ( 'NONE',  ( 0.5773502691896578165, 0.5773502691895615602, 0.5773502691896578165 ) ) ;
#6048 = CARTESIAN_POINT ( 'NONE',  ( -208.4312958390565882, 1492.686986531620050, 11.00000000000000000 ) ) ;
#6049 = LINE ( 'NONE', #2668, #6269 ) ;
#6050 = CARTESIAN_POINT ( 'NONE',  ( -249.8471612236720318, 1523.524183574649669, 10.90000000000000036 ) ) ;
#6051 = CONICAL_SURFACE ( 'NONE', #3335, 5.499999999999976907, 0.7853981633974621568 ) ;
#6052 = VECTOR ( 'NONE', #1502, 1000.000000000000000 ) ;
#6053 = B_SPLINE_CURVE_WITH_KNOTS ( 'NONE', 3,
 ( #726, #5627, #4113, #4692, #4657, #5567, #3171, #3230, #6103, #1756, #5158, #821, #2749, #2262, #4208 ),
 .UNSPECIFIED., .F., .F.,
 ( 4, 1, 1, 1, 1, 1, 1, 1, 1, 1, 1, 1, 4 ),
 ( 0.000000000000000000, 0.1071204224457845133, 0.2096492605632299666, 0.3076581845860456577, 0.4022185694841847181, 0.4516719944287004296, 0.5087791500987026705, 0.5727572083871290687, 0.6436596162108980668, 0.7218523466714384940, 0.8075494665000545469, 0.9002592690507927875, 1.000000000000000000 ),
 .UNSPECIFIED. ) ;
#6054 = VERTEX_POINT ( 'NONE', #4617 ) ;
#6055 = ORIENTED_EDGE ( 'NONE', *, *, #5233, .F. ) ;
#6056 = LINE ( 'NONE', #772, #1315 ) ;
#6057 = DIRECTION ( 'NONE',  ( -0.000000000000000000, 0.000000000000000000, 1.000000000000000000 ) ) ;
#6058 = VECTOR ( 'NONE', #1974, 1000.000000000000000 ) ;
#6059 = ORIENTED_EDGE ( 'NONE', *, *, #248, .F. ) ;
#6060 = CARTESIAN_POINT ( 'NONE',  ( -254.8852210823555708, 1524.590484346234462, 11.49999999999999289 ) ) ;
#6061 = DIRECTION ( 'NONE',  ( -0.000000000000000000, -0.000000000000000000, 1.000000000000000000 ) ) ;
#6062 = VECTOR ( 'NONE', #4412, 1000.000000000000000 ) ;
#6063 = LINE ( 'NONE', #778, #3148 ) ;
#6064 = DIRECTION ( 'NONE',  ( -1.000000000000000000, 2.775557561563196798E-14, 0.000000000000000000 ) ) ;
#6065 = AXIS2_PLACEMENT_3D ( 'NONE', #6006, #5035, #2013 ) ;
#6066 = ORIENTED_EDGE ( 'NONE', *, *, #5927, .F. ) ;
#6067 = DIRECTION ( 'NONE',  ( 0.7071067811865475727, -0.7071067811865475727, 0.000000000000000000 ) ) ;
#6068 = CARTESIAN_POINT ( 'NONE',  ( -253.3299751545650622, 1520.955543906284220, 11.50000000000000888 ) ) ;
#6069 = LINE ( 'NONE', #1725, #4345 ) ;
#6070 = CARTESIAN_POINT ( 'NONE',  ( -237.3293727074230048, 1522.722692017425970, 10.90000000000000036 ) ) ;
#6071 = ORIENTED_EDGE ( 'NONE', *, *, #22, .T. ) ;
#6072 = AXIS2_PLACEMENT_3D ( 'NONE', #412, #854, #1380 ) ;
#6073 = CARTESIAN_POINT ( 'NONE',  ( -203.4312958390566450, 1398.601106651571854, 5.749999999999905853 ) ) ;
#6074 = VERTEX_POINT ( 'NONE', #2708 ) ;
#6075 = ORIENTED_EDGE ( 'NONE', *, *, #2572, .F. ) ;
#6076 = CARTESIAN_POINT ( 'NONE',  ( -249.2792789593013651, 1521.669467462598277, 11.49999999999999112 ) ) ;
#6077 = AXIS2_PLACEMENT_3D ( 'NONE', #1211, #1624, #6057 ) ;
#6078 = EDGE_CURVE ( 'NONE', #4708, #4477, #3972, .T. ) ;
#6079 = DIRECTION ( 'NONE',  ( -2.992019012672608321E-16, 1.000000000000000000, 0.000000000000000000 ) ) ;
#6080 = DIRECTION ( 'NONE',  ( 0.7071067811865234809, 8.659560562354638268E-17, -0.7071067811865716646 ) ) ;
#6081 = DIRECTION ( 'NONE',  ( 1.000000000000000000, 0.000000000000000000, -0.000000000000000000 ) ) ;
#6082 = ORIENTED_EDGE ( 'NONE', *, *, #248, .T. ) ;
#6083 = VECTOR ( 'NONE', #3397, 1000.000000000000000 ) ;
#6084 = LINE ( 'NONE', #6114, #3768 ) ;
#6085 = ADVANCED_FACE ( 'NONE', ( #1721 ), #1217, .F. ) ;
#6086 = CARTESIAN_POINT ( 'NONE',  ( -226.5293727074229650, 1527.747553260978520, 3.846446609406765749 ) ) ;
#6087 = EDGE_CURVE ( 'NONE', #594, #1489, #1102, .T. ) ;
#6088 = PLANE ( 'NONE',  #814 ) ;
#6089 = CARTESIAN_POINT ( 'NONE',  ( -249.7881785560976198, 1523.522596328916734, 11.49999999999999822 ) ) ;
#6090 = ORIENTED_EDGE ( 'NONE', *, *, #480, .T. ) ;
#6091 = EDGE_LOOP ( 'NONE', ( #2617, #1330, #957, #5129 ) ) ;
#6092 = CARTESIAN_POINT ( 'NONE',  ( -250.0919019593532084, 1522.523654242781049, 11.49999999999999467 ) ) ;
#6093 = CARTESIAN_POINT ( 'NONE',  ( -249.2774496852105131, 1521.554231651572763, 11.50000000000000000 ) ) ;
#6094 = EDGE_CURVE ( 'NONE', #1753, #1770, #6030, .T. ) ;
#6095 = ORIENTED_EDGE ( 'NONE', *, *, #5623, .T. ) ;
#6096 = LINE ( 'NONE', #1245, #5057 ) ;
#6097 = VERTEX_POINT ( 'NONE', #754 ) ;
#6098 = CARTESIAN_POINT ( 'NONE',  ( -365.1812958390564177, 1515.851106651571854, 8.000000000000067502 ) ) ;
#6099 = CARTESIAN_POINT ( 'NONE',  ( -237.9293727074230276, 1531.401106651571808, 0.000000000000000000 ) ) ;
#6100 = ORIENTED_EDGE ( 'NONE', *, *, #936, .T. ) ;
#6101 = CARTESIAN_POINT ( 'NONE',  ( -226.5293727074229935, 1530.901106651571808, 11.50000000000000000 ) ) ;
#6102 = CARTESIAN_POINT ( 'NONE',  ( -368.3312958390562244, 1519.751106651571945, 9.000000000000001776 ) ) ;
#6103 = CARTESIAN_POINT ( 'NONE',  ( -253.6698039807168072, 1521.503946015365273, 10.90000000000000391 ) ) ;
#6104 = FACE_OUTER_BOUND ( 'NONE', #5697, .T. ) ;
#6105 = ORIENTED_EDGE ( 'NONE', *, *, #4281, .F. ) ;
#6106 = VERTEX_POINT ( 'NONE', #4949 ) ;
#6107 = DIRECTION ( 'NONE',  ( -0.000000000000000000, -0.000000000000000000, 1.000000000000000000 ) ) ;
#6108 = EDGE_LOOP ( 'NONE', ( #3258, #4520, #6001, #3667 ) ) ;
#6109 = DIRECTION ( 'NONE',  ( 0.000000000000000000, 0.7071067811865527908, 0.7071067811865422437 ) ) ;
#6110 = ORIENTED_EDGE ( 'NONE', *, *, #2382, .T. ) ;
#6111 = LINE ( 'NONE', #1196, #4247 ) ;
#6112 = CARTESIAN_POINT ( 'NONE',  ( -248.7504259223293843, 1523.110302842464307, 10.90000000000000391 ) ) ;
#6113 = ORIENTED_EDGE ( 'NONE', *, *, #5469, .T. ) ;
#6114 = CARTESIAN_POINT ( 'NONE',  ( -200.5812958390566507, 1401.701106651571990, 7.000000000000000000 ) ) ;
#6115 = CARTESIAN_POINT ( 'NONE',  ( -228.4293727074229707, 1524.022692017425470, 7.500000000000000000 ) ) ;
#6116 = CARTESIAN_POINT ( 'NONE',  ( -248.2450581012202235, 1522.361950171046828, 11.50000000000000000 ) ) ;
#6117 = ORIENTED_EDGE ( 'NONE', *, *, #612, .F. ) ;
#6118 = EDGE_LOOP ( 'NONE', ( #1651, #3674, #104 ) ) ;
#6119 = ADVANCED_FACE ( 'NONE', ( #1682 ), #3635, .F. ) ;
#6120 = DIRECTION ( 'NONE',  ( 0.7071067811865081598, 0.000000000000000000, 0.7071067811865868746 ) ) ;
#6121 = B_SPLINE_CURVE_WITH_KNOTS ( 'NONE', 3,
 ( #2354, #1871, #1938, #3817, #2422, #3348, #4326, #5279, #3885, #6253, #938 ),
 .UNSPECIFIED., .F., .F.,
 ( 4, 1, 1, 1, 1, 1, 1, 1, 4 ),
 ( 0.000000000000000000, 0.1284406196239842590, 0.2549289633384986820, 0.3787161337322943466, 0.5019943023286317363, 0.6244069801950045129, 0.7481941505886505750, 0.8726200048729257919, 1.000000000000000000 ),
 .UNSPECIFIED. ) ;
#6122 = CARTESIAN_POINT ( 'NONE',  ( -217.8872665666571322, 1403.101106651571627, 0.000000000000000000 ) ) ;
#6123 = ORIENTED_EDGE ( 'NONE', *, *, #5316, .F. ) ;
#6124 = CARTESIAN_POINT ( 'NONE',  ( -254.5883433169619536, 1523.212694922669698, 10.90000000000000213 ) ) ;
#6125 = CARTESIAN_POINT ( 'NONE',  ( -250.9074784337655331, 1519.642432432831583, 10.90000000000000213 ) ) ;
#6126 = ADVANCED_FACE ( 'NONE', ( #3197 ), #273, .F. ) ;
#6127 = EDGE_CURVE ( 'NONE', #1208, #2053, #1251, .T. ) ;
#6128 = DIRECTION ( 'NONE',  ( 1.000000000000000000, 0.000000000000000000, 0.000000000000000000 ) ) ;
#6129 = CARTESIAN_POINT ( 'NONE',  ( -223.6607692585541827, 1518.101106651571627, 11.50000000000000000 ) ) ;
#6130 = DIRECTION ( 'NONE',  ( 0.6123724356957316317, 0.3535533905932392584, 0.7071067811866194042 ) ) ;
#6131 = CARTESIAN_POINT ( 'NONE',  ( -255.8883751089155396, 1522.106408410986887, 11.50000000000000000 ) ) ;
#6132 = ADVANCED_BREP_SHAPE_REPRESENTATION ( '0PB_mk4_doors_right_p5_v1', ( #4096, #2860 ), #5186 ) ;
#6133 = FACE_BOUND ( 'NONE', #710, .T. ) ;
#6134 = CARTESIAN_POINT ( 'NONE',  ( -374.7312958390564859, 1518.101106651571627, 11.50000000000000000 ) ) ;
#6135 = ORIENTED_EDGE ( 'NONE', *, *, #5125, .F. ) ;
#6136 = ORIENTED_EDGE ( 'NONE', *, *, #5350, .F. ) ;
#6137 = LINE ( 'NONE', #1822, #3553 ) ;
#6138 = VERTEX_POINT ( 'NONE', #3697 ) ;
#6139 = CARTESIAN_POINT ( 'NONE',  ( -256.6620650698259283, 1524.601106651571854, 10.90000000000000036 ) ) ;
#6140 = EDGE_CURVE ( 'NONE', #5712, #6074, #1280, .T. ) ;
#6141 = LINE ( 'NONE', #354, #4136 ) ;
#6142 = CARTESIAN_POINT ( 'NONE',  ( -253.9197764559779671, 1525.443388149177281, 11.49999999999999289 ) ) ;
#6143 = ORIENTED_EDGE ( 'NONE', *, *, #1313, .F. ) ;
#6144 = CARTESIAN_POINT ( 'NONE',  ( -250.1596612236720603, 1519.524183574649669, 10.90000000000000036 ) ) ;
#6145 = AXIS2_PLACEMENT_3D ( 'NONE', #2819, #1793, #6081 ) ;
#6146 = CARTESIAN_POINT ( 'NONE',  ( -238.9293727074229707, 1527.601106651571854, 4.907106781186303834 ) ) ;
#6147 = CARTESIAN_POINT ( 'NONE',  ( -238.4293727074229707, 1528.101106651571627, 11.00000000000000000 ) ) ;
#6148 = CARTESIAN_POINT ( 'NONE',  ( -248.4035972965697567, 1522.693629692526883, 10.90000000000000036 ) ) ;
#6149 = ADVANCED_FACE ( 'NONE', ( #3487 ), #1068, .T. ) ;
#6150 = VECTOR ( 'NONE', #2704, 999.9999999999998863 ) ;
#6151 = EDGE_LOOP ( 'NONE', ( #3476, #1803, #2240, #3018 ) ) ;
#6152 = PERSON_AND_ORGANIZATION ( #1977, #5688 ) ;
#6153 = ORIENTED_EDGE ( 'NONE', *, *, #6202, .F. ) ;
#6154 = CARTESIAN_POINT ( 'NONE',  ( -251.0251067433949572, 1521.066534338960764, 11.49999999999999645 ) ) ;
#6155 = VECTOR ( 'NONE', #950, 1000.000000000000000 ) ;
#6156 = ORIENTED_EDGE ( 'NONE', *, *, #2561, .T. ) ;
#6157 = DIRECTION ( 'NONE',  ( 0.5222179225941548930, -0.8528120785503950918, 0.000000000000000000 ) ) ;
#6158 = EDGE_CURVE ( 'NONE', #2159, #3279, #3820, .T. ) ;
#6159 = LINE ( 'NONE', #2322, #2105 ) ;
#6160 = VECTOR ( 'NONE', #2103, 1000.000000000000000 ) ;
#6161 = VECTOR ( 'NONE', #2445, 1000.000000000000000 ) ;
#6162 = DIRECTION ( 'NONE',  ( -1.000000000000000000, 0.000000000000000000, 0.000000000000000000 ) ) ;
#6163 = CARTESIAN_POINT ( 'NONE',  ( -254.5883433169619536, 1523.212694922669698, 10.90000000000000213 ) ) ;
#6164 = DIRECTION ( 'NONE',  ( 0.000000000000000000, 0.000000000000000000, 1.000000000000000000 ) ) ;
#6165 = CARTESIAN_POINT ( 'NONE',  ( -254.1422332085857079, 1522.048467476461610, 10.90000000000000036 ) ) ;
#6166 = AXIS2_PLACEMENT_3D ( 'NONE', #5547, #1206, #2766 ) ;
#6167 = EDGE_CURVE ( 'NONE', #3557, #4009, #3264, .T. ) ;
#6168 = CARTESIAN_POINT ( 'NONE',  ( -213.5389817412365403, 1502.069656408161336, 9.000000000000001776 ) ) ;
#6169 = EDGE_CURVE ( 'NONE', #3065, #5273, #1408, .T. ) ;
#6170 = CARTESIAN_POINT ( 'NONE',  ( -251.1236035313643811, 1521.447260497726575, 10.90000000000000036 ) ) ;
#6171 = ORIENTED_EDGE ( 'NONE', *, *, #1358, .F. ) ;
#6172 = VERTEX_POINT ( 'NONE', #5188 ) ;
#6173 = DIRECTION ( 'NONE',  ( 1.000000000000000000, 0.000000000000000000, 0.000000000000000000 ) ) ;
#6174 = VECTOR ( 'NONE', #5198, 1000.000000000000000 ) ;
#6175 = ORIENTED_EDGE ( 'NONE', *, *, #2167, .T. ) ;
#6176 = DIRECTION ( 'NONE',  ( 0.000000000000000000, 1.000000000000000000, 0.000000000000000000 ) ) ;
#6177 = LINE ( 'NONE', #4729, #5244 ) ;
#6178 = LINE ( 'NONE', #6206, #4554 ) ;
#6179 = EDGE_LOOP ( 'NONE', ( #948, #4422, #5199, #2314 ) ) ;
#6180 = LINE ( 'NONE', #4765, #1223 ) ;
#6181 = AXIS2_PLACEMENT_3D ( 'NONE', #2585, #178, #1631 ) ;
#6182 = EDGE_LOOP ( 'NONE', ( #5710, #901, #1420, #834 ) ) ;
#6183 = DIRECTION ( 'NONE',  ( -0.000000000000000000, -0.000000000000000000, 1.000000000000000000 ) ) ;
#6184 = CARTESIAN_POINT ( 'NONE',  ( -200.5812958390566223, 1394.801106651571672, 7.000000000000000000 ) ) ;
#6185 = CARTESIAN_POINT ( 'NONE',  ( -248.1253870406747524, 1521.649636964923502, 10.90000000000000036 ) ) ;
#6186 = ORIENTED_EDGE ( 'NONE', *, *, #5272, .T. ) ;
#6187 = APPROVAL_ROLE ( '' ) ;
#6188 = CARTESIAN_POINT ( 'NONE',  ( -255.3258257609885504, 1521.771714772439054, 10.90000000000000213 ) ) ;
#6189 = VECTOR ( 'NONE', #1887, 999.9999999999998863 ) ;
#6190 = EDGE_LOOP ( 'NONE', ( #5466, #2220, #5605, #1518 ) ) ;
#6191 = DIRECTION ( 'NONE',  ( -0.5000000000000027756, 0.8660254037844370423, 0.000000000000000000 ) ) ;
#6192 = B_SPLINE_CURVE_WITH_KNOTS ( 'NONE', 3,
 ( #4942, #4112, #725, #656, #1659, #5944, #595, #2076, #2558, #1565, #3578 ),
 .UNSPECIFIED., .F., .F.,
 ( 4, 1, 1, 1, 1, 1, 1, 1, 4 ),
 ( 0.000000000000000000, 0.05265892874549680386, 0.1248127157245952357, 0.2192102179564334730, 0.3332050912219307048, 0.4694640205394202681, 0.6253523620738657973, 0.8021990883184395571, 0.9999999999999998890 ),
 .UNSPECIFIED. ) ;
#6193 = ORIENTED_EDGE ( 'NONE', *, *, #1554, .F. ) ;
#6194 = DIRECTION ( 'NONE',  ( -0.000000000000000000, -0.000000000000000000, 1.000000000000000000 ) ) ;
#6195 = LINE ( 'NONE', #5220, #3655 ) ;
#6196 = EDGE_CURVE ( 'NONE', #3395, #3549, #2358, .T. ) ;
#6197 = CARTESIAN_POINT ( 'NONE',  ( -369.7312958390563153, 1522.601106651571854, 5.749999999999905853 ) ) ;
#6198 = DIRECTION ( 'NONE',  ( -1.000000000000000000, 0.000000000000000000, 0.000000000000000000 ) ) ;
#6199 = DIRECTION ( 'NONE',  ( 0.7071067811865868746, -0.7071067811865081598, 1.972152263052529951E-31 ) ) ;
#6200 = DIRECTION ( 'NONE',  ( -0.000000000000000000, -0.7071067811865474617, 0.7071067811865474617 ) ) ;
#6201 = DIRECTION ( 'NONE',  ( -0.7071067811865867636, -0.7071067811865081598, 0.000000000000000000 ) ) ;
#6202 = EDGE_CURVE ( 'NONE', #3698, #5332, #2259, .T. ) ;
#6203 = VERTEX_POINT ( 'NONE', #875 ) ;
#6204 = CARTESIAN_POINT ( 'NONE',  ( -198.4312958390566450, 1495.366478455931883, 11.00000000000000000 ) ) ;
#6205 = CARTESIAN_POINT ( 'NONE',  ( -252.9840160336529493, 1524.193409723859986, 11.49999999999999289 ) ) ;
#6206 = CARTESIAN_POINT ( 'NONE',  ( -236.0293727074229935, 1525.022692017425697, 7.500000000000000000 ) ) ;
#6207 = ORIENTED_EDGE ( 'NONE', *, *, #151, .T. ) ;
#6208 = EDGE_CURVE ( 'NONE', #1753, #2805, #4204, .T. ) ;
#6209 = EDGE_CURVE ( 'NONE', #2632, #1736, #229, .T. ) ;
#6210 = CARTESIAN_POINT ( 'NONE',  ( -198.9312958390565882, 1495.366478455931883, 11.50000000000000000 ) ) ;
#6211 = VERTEX_POINT ( 'NONE', #6129 ) ;
#6212 = CARTESIAN_POINT ( 'NONE',  ( -254.1236035313643811, 1523.885962420802798, 11.50000000000000000 ) ) ;
#6213 = PLANE ( 'NONE',  #5264 ) ;
#6214 = CARTESIAN_POINT ( 'NONE',  ( -249.5007879938469273, 1523.493735738624764, 10.89999999999999858 ) ) ;
#6215 = ORIENTED_EDGE ( 'NONE', *, *, #3468, .T. ) ;
#6216 = CARTESIAN_POINT ( 'NONE',  ( -250.2077381467489658, 1520.524183574649669, 11.50000000000000000 ) ) ;
#6217 = ORIENTED_EDGE ( 'NONE', *, *, #4747, .T. ) ;
#6218 = EDGE_CURVE ( 'NONE', #2424, #3121, #847, .T. ) ;
#6219 = LINE ( 'NONE', #4776, #5456 ) ;
#6220 = ORIENTED_EDGE ( 'NONE', *, *, #1389, .T. ) ;
#6221 = CARTESIAN_POINT ( 'NONE',  ( -369.7312958390563153, 1522.601106651571854, 6.249999999999966249 ) ) ;
#6222 = ORIENTED_EDGE ( 'NONE', *, *, #5017, .F. ) ;
#6223 = DIRECTION ( 'NONE',  ( -1.000000000000000000, 0.000000000000000000, 0.000000000000000000 ) ) ;
#6224 = CARTESIAN_POINT ( 'NONE',  ( -254.2476300497498869, 1523.451726138821186, 11.50000000000000355 ) ) ;
#6225 = PLANE ( 'NONE',  #5674 ) ;
#6226 = LINE ( 'NONE', #4813, #4960 ) ;
#6227 = CARTESIAN_POINT ( 'NONE',  ( -373.6312958390562926, 1522.601106651571854, 5.749999999999905853 ) ) ;
#6228 = CARTESIAN_POINT ( 'NONE',  ( -205.9545775183617025, 1507.933082949002028, 9.500000000000000000 ) ) ;
#6229 = ADVANCED_FACE ( 'NONE', ( #1873 ), #3611, .T. ) ;
#6230 = DIRECTION ( 'NONE',  ( 0.5000000000000018874, -0.8660254037844374864, -0.000000000000000000 ) ) ;
#6231 = ORIENTED_EDGE ( 'NONE', *, *, #1731, .F. ) ;
#6232 = FACE_OUTER_BOUND ( 'NONE', #855, .T. ) ;
#6233 = LINE ( 'NONE', #3832, #286 ) ;
#6234 = EDGE_CURVE ( 'NONE', #238, #3279, #3874, .T. ) ;
#6235 = CARTESIAN_POINT ( 'NONE',  ( -216.5882284609815258, 1526.351106651572309, 11.50000000000000000 ) ) ;
#6236 = ORIENTED_EDGE ( 'NONE', *, *, #4387, .T. ) ;
#6237 = EDGE_CURVE ( 'NONE', #523, #620, #1031, .T. ) ;
#6238 = CARTESIAN_POINT ( 'NONE',  ( -254.7157840513766871, 1524.572479388188185, 11.50000000000000000 ) ) ;
#6239 = DIRECTION ( 'NONE',  ( 2.992019012672608321E-16, -1.000000000000000000, 0.000000000000000000 ) ) ;
#6240 = EDGE_LOOP ( 'NONE', ( #5819, #1431, #4493, #755 ) ) ;
#6241 = CARTESIAN_POINT ( 'NONE',  ( -254.2476300497498869, 1523.451726138821186, 11.50000000000000355 ) ) ;
#6242 = VECTOR ( 'NONE', #45, 1000.000000000000000 ) ;
#6243 = PLANE ( 'NONE',  #206 ) ;
#6244 = CARTESIAN_POINT ( 'NONE',  ( -250.4106078396210364, 1523.401511625878356, 10.90000000000000213 ) ) ;
#6245 = EDGE_CURVE ( 'NONE', #2511, #2096, #1730, .T. ) ;
#6246 = ADVANCED_FACE ( 'NONE', ( #3413 ), #4879, .T. ) ;
#6247 = ORIENTED_EDGE ( 'NONE', *, *, #2717, .T. ) ;
#6248 = PERSON_AND_ORGANIZATION_ROLE ( 'creator' ) ;
#6249 = CARTESIAN_POINT ( 'NONE',  ( -206.3577521715758962, 1508.631401932693507, 11.50000000000000000 ) ) ;
#6250 = CARTESIAN_POINT ( 'NONE',  ( -206.2812958390566109, 1394.801106651571672, 9.000000000000001776 ) ) ;
#6251 = VECTOR ( 'NONE', #2447, 1000.000000000000000 ) ;
#6252 = EDGE_LOOP ( 'NONE', ( #3935, #3034, #5858, #4603, #4549, #2355 ) ) ;
#6253 = CARTESIAN_POINT ( 'NONE',  ( -248.5150797703548449, 1520.343393073474545, 10.90000000000000036 ) ) ;
#6254 = CARTESIAN_POINT ( 'NONE',  ( -238.4293727074229707, 1528.101106651571627, 11.50000000000000000 ) ) ;
#6255 = AXIS2_PLACEMENT_3D ( 'NONE', #5687, #1843, #2902 ) ;
#6256 = AXIS2_PLACEMENT_3D ( 'NONE', #1553, #1616, #6017 ) ;
#6257 = CARTESIAN_POINT ( 'NONE',  ( -254.1505119286674415, 1523.648886894685120, 11.50000000000000178 ) ) ;
#6258 = LINE ( 'NONE', #1910, #1307 ) ;
#6259 = CARTESIAN_POINT ( 'NONE',  ( -254.9321728138055789, 1521.269513158272048, 10.89999999999999858 ) ) ;
#6260 = DIRECTION ( 'NONE',  ( -3.558407130208834256E-15, 0.000000000000000000, 1.000000000000000000 ) ) ;
#6261 = AXIS2_PLACEMENT_3D ( 'NONE', #5792, #4341, #1039 ) ;
#6262 = AXIS2_PLACEMENT_3D ( 'NONE', #598, #124, #4027 ) ;
#6263 = CARTESIAN_POINT ( 'NONE',  ( -210.4312958390566450, 1492.686986531620050, 0.4999999999999449329 ) ) ;
#6264 = AXIS2_PLACEMENT_3D ( 'NONE', #2256, #1748, #6157 ) ;
#6265 = ORIENTED_EDGE ( 'NONE', *, *, #4223, .T. ) ;
#6266 = DIRECTION ( 'NONE',  ( 2.992019012672608321E-16, -1.000000000000000000, 0.000000000000000000 ) ) ;
#6267 = CARTESIAN_POINT ( 'NONE',  ( -253.4440670617732394, 1525.145344627852410, 10.90000000000000391 ) ) ;
#6268 = DIRECTION ( 'NONE',  ( -1.000000000000000000, -0.000000000000000000, -0.000000000000000000 ) ) ;
#6269 = VECTOR ( 'NONE', #3652, 1000.000000000000000 ) ;
#6270 = ORIENTED_EDGE ( 'NONE', *, *, #825, .F. ) ;
#6271 = DIRECTION ( 'NONE',  ( 1.000000000000000000, 0.000000000000000000, 0.000000000000000000 ) ) ;
ENDSEC;
END-ISO-10303-21;
