ISO-10303-21;
HEADER;
FILE_DESCRIPTION (( 'STEP AP203' ),
    '1' );
FILE_NAME ('0PB_mk4_door_front_handle_right_v1.step',
    '2023-12-20T08:10:57',
    ( '' ),
    ( '' ),
    'SwSTEP 2.0',
    'SolidWorks 2024',
    '' );
FILE_SCHEMA (( 'CONFIG_CONTROL_DESIGN' ));
ENDSEC;

DATA;
#1 = ORIENTED_EDGE ( 'NONE', *, *, #3209, .F. ) ;
#2 = ORIENTED_EDGE ( 'NONE', *, *, #141, .F. ) ;
#3 = CARTESIAN_POINT ( 'NONE',  ( -21.00000000000000000, 0.000000000000000000, -0.5000000000000029976 ) ) ;
#4 = VECTOR ( 'NONE', #709, 1000.000000000000000 ) ;
#5 = DIRECTION ( 'NONE',  ( 0.7071067811865474617, -0.000000000000000000, 0.7071067811865474617 ) ) ;
#6 = AXIS2_PLACEMENT_3D ( 'NONE', #1761, #1999, #2818 ) ;
#7 = ORIENTED_EDGE ( 'NONE', *, *, #390, .T. ) ;
#8 = DIRECTION ( 'NONE',  ( -1.000000000000000000, 0.000000000000000000, 0.000000000000000000 ) ) ;
#9 = EDGE_CURVE ( 'NONE', #659, #2943, #2682, .T. ) ;
#10 = ORIENTED_EDGE ( 'NONE', *, *, #355, .T. ) ;
#11 = DIRECTION ( 'NONE',  ( 0.5773502691896258421, -0.5773502691896258421, 0.5773502691896258421 ) ) ;
#12 = DIRECTION ( 'NONE',  ( 0.000000000000000000, 1.000000000000000000, 0.000000000000000000 ) ) ;
#13 = VECTOR ( 'NONE', #306, 1000.000000000000114 ) ;
#14 = PERSON_AND_ORGANIZATION ( #935, #99 ) ;
#15 = ORIENTED_EDGE ( 'NONE', *, *, #3046, .F. ) ;
#16 = VECTOR ( 'NONE', #1698, 1000.000000000000000 ) ;
#17 = EDGE_CURVE ( 'NONE', #1101, #2187, #1696, .T. ) ;
#18 = LINE ( 'NONE', #2408, #3200 ) ;
#19 = VECTOR ( 'NONE', #1606, 1000.000000000000114 ) ;
#20 = LINE ( 'NONE', #2518, #131 ) ;
#21 = EDGE_LOOP ( 'NONE', ( #211, #728, #1543, #2545 ) ) ;
#22 = ORIENTED_EDGE ( 'NONE', *, *, #25, .T. ) ;
#23 = DIRECTION ( 'NONE',  ( 0.000000000000000000, -1.000000000000000000, 0.000000000000000000 ) ) ;
#24 = LINE ( 'NONE', #1583, #798 ) ;
#25 = EDGE_CURVE ( 'NONE', #1982, #3136, #2170, .T. ) ;
#26 = ORIENTED_EDGE ( 'NONE', *, *, #1800, .F. ) ;
#27 = CARTESIAN_POINT ( 'NONE',  ( 21.00000000000000000, 0.000000000000000000, -0.5000000000000029976 ) ) ;
#28 = VECTOR ( 'NONE', #2015, 1000.000000000000000 ) ;
#29 = B_SPLINE_SURFACE_WITH_KNOTS ( 'NONE', 1, 1, ( 
 ( #1741, #2776 ),
 ( #2529, #1172 ) ),
 .UNSPECIFIED., .F., .F., .F.,
 ( 2, 2 ),
 ( 2, 2 ),
 ( 0.000000000000000000, 1.000000000000000000 ),
 ( 0.000000000000000000, 1.000000000000000000 ),
 .UNSPECIFIED. ) ;
#30 = FACE_OUTER_BOUND ( 'NONE', #1702, .T. ) ;
#31 = CARTESIAN_POINT ( 'NONE',  ( -18.50000000000001421, 1.000000000000000000, -8.511186350715970406 ) ) ;
#32 = PERSON_AND_ORGANIZATION ( #935, #99 ) ;
#33 = VERTEX_POINT ( 'NONE', #933 ) ;
#34 = AXIS2_PLACEMENT_3D ( 'NONE', #1274, #227, #2806 ) ;
#35 = ADVANCED_FACE ( 'NONE', ( #381 ), #2473, .F. ) ;
#36 = DIRECTION ( 'NONE',  ( 0.000000000000000000, 0.000000000000000000, -1.000000000000000000 ) ) ;
#37 = AXIS2_PLACEMENT_3D ( 'NONE', #1026, #1816, #2855 ) ;
#38 = LINE ( 'NONE', #102, #1783 ) ;
#39 = ORIENTED_EDGE ( 'NONE', *, *, #1673, .F. ) ;
#40 = ADVANCED_FACE ( 'NONE', ( #2027 ), #157, .F. ) ;
#41 = VECTOR ( 'NONE', #1827, 1000.000000000000000 ) ;
#42 = VERTEX_POINT ( 'NONE', #104 ) ;
#43 = FACE_OUTER_BOUND ( 'NONE', #2805, .T. ) ;
#44 = ORIENTED_EDGE ( 'NONE', *, *, #2153, .F. ) ;
#45 = DIRECTION ( 'NONE',  ( -1.000000000000000000, 0.000000000000000000, 0.000000000000000000 ) ) ;
#46 = EDGE_LOOP ( 'NONE', ( #1895, #1869, #1913, #890, #2377, #331 ) ) ;
#47 = EDGE_LOOP ( 'NONE', ( #3155, #56, #1104, #3170 ) ) ;
#48 = DIRECTION ( 'NONE',  ( -0.5773502691896263972, -0.5773502691896263972, 0.5773502691896245098 ) ) ;
#49 = CARTESIAN_POINT ( 'NONE',  ( 25.00000000000000711, -3.349999999999968114, -3.199999999999999734 ) ) ;
#50 = CARTESIAN_POINT ( 'NONE',  ( -25.00000000000000000, 3.349999999999991651, -3.199999999999999734 ) ) ;
#51 = APPROVAL_ROLE ( '' ) ;
#52 = ORIENTED_EDGE ( 'NONE', *, *, #2009, .T. ) ;
#53 = CARTESIAN_POINT ( 'NONE',  ( 22.99999999999999645, 6.000000000000000000, -16.00000000000000000 ) ) ;
#54 = EDGE_CURVE ( 'NONE', #2675, #1953, #1131, .T. ) ;
#55 = LINE ( 'NONE', #2889, #2361 ) ;
#56 = ORIENTED_EDGE ( 'NONE', *, *, #1404, .F. ) ;
#57 = ORIENTED_EDGE ( 'NONE', *, *, #213, .T. ) ;
#58 = DIRECTION ( 'NONE',  ( 1.000000000000000000, 0.000000000000000000, 0.000000000000000000 ) ) ;
#59 = ORIENTED_EDGE ( 'NONE', *, *, #2615, .T. ) ;
#60 = DIRECTION ( 'NONE',  ( -1.000000000000000000, 0.000000000000000000, 0.000000000000000000 ) ) ;
#61 = VECTOR ( 'NONE', #1898, 1000.000000000000000 ) ;
#62 = ORIENTED_EDGE ( 'NONE', *, *, #2284, .T. ) ;
#63 = DIRECTION ( 'NONE',  ( 1.000000000000000000, 0.000000000000000000, 0.000000000000000000 ) ) ;
#64 = VERTEX_POINT ( 'NONE', #2490 ) ;
#65 = ORIENTED_EDGE ( 'NONE', *, *, #3341, .F. ) ;
#66 = CARTESIAN_POINT ( 'NONE',  ( -25.00000000000000355, 2.849999999999998757, -1.199999999999999956 ) ) ;
#67 = LINE ( 'NONE', #1330, #312 ) ;
#68 = ORIENTED_EDGE ( 'NONE', *, *, #515, .F. ) ;
#69 = EDGE_CURVE ( 'NONE', #2988, #1683, #215, .T. ) ;
#70 = VECTOR ( 'NONE', #3280, 1000.000000000000000 ) ;
#71 = CARTESIAN_POINT ( 'NONE',  ( -25.00000000000000000, -2.850000000000003197, -3.199999999999999734 ) ) ;
#72 = LINE ( 'NONE', #1876, #2781 ) ;
#73 = EDGE_CURVE ( 'NONE', #2617, #2351, #1399, .T. ) ;
#74 = ORIENTED_EDGE ( 'NONE', *, *, #1181, .F. ) ;
#75 = VECTOR ( 'NONE', #1333, 1000.000000000000000 ) ;
#76 = VERTEX_POINT ( 'NONE', #249 ) ;
#77 = LINE ( 'NONE', #1100, #1746 ) ;
#78 = VERTEX_POINT ( 'NONE', #2366 ) ;
#79 = DIRECTION ( 'NONE',  ( 0.000000000000000000, 0.000000000000000000, -1.000000000000000000 ) ) ;
#80 = ORIENTED_EDGE ( 'NONE', *, *, #1060, .T. ) ;
#81 = VERTEX_POINT ( 'NONE', #2849 ) ;
#82 = CARTESIAN_POINT ( 'NONE',  ( -17.00000000000000000, -4.511186350715931326, -5.000000000000000000 ) ) ;
#83 = ADVANCED_FACE ( 'NONE', ( #2814 ), #2586, .T. ) ;
#84 = DIRECTION ( 'NONE',  ( 0.000000000000000000, -0.000000000000000000, -1.000000000000000000 ) ) ;
#85 = MANIFOLD_SOLID_BREP ( 'Chanfrein5', #2294 ) ;
#86 = CIRCLE ( 'NONE', #190, 1.700000000000000178 ) ;
#87 = CARTESIAN_POINT ( 'NONE',  ( 19.00000000000000000, 5.499999999999985789, -13.13397459621553232 ) ) ;
#88 = LINE ( 'NONE', #3182, #2407 ) ;
#89 = VERTEX_POINT ( 'NONE', #266 ) ;
#90 = ORIENTED_EDGE ( 'NONE', *, *, #285, .T. ) ;
#91 = DIRECTION ( 'NONE',  ( 0.000000000000000000, 0.000000000000000000, -1.000000000000000000 ) ) ;
#92 = EDGE_LOOP ( 'NONE', ( #1376, #862, #2477, #1072 ) ) ;
#93 = DIRECTION ( 'NONE',  ( 0.000000000000000000, 0.000000000000000000, 1.000000000000000000 ) ) ;
#94 = ADVANCED_FACE ( 'NONE', ( #496 ), #283, .T. ) ;
#95 = ORIENTED_EDGE ( 'NONE', *, *, #2081, .F. ) ;
#96 = FACE_OUTER_BOUND ( 'NONE', #953, .T. ) ;
#97 = EDGE_CURVE ( 'NONE', #2913, #244, #2865, .T. ) ;
#98 = DIRECTION ( 'NONE',  ( 0.000000000000000000, 0.000000000000000000, 1.000000000000000000 ) ) ;
#99 = ORGANIZATION ( 'UNSPECIFIED', 'UNSPECIFIED', '' ) ;
#100 = DIRECTION ( 'NONE',  ( 0.000000000000000000, 0.000000000000000000, -1.000000000000000000 ) ) ;
#101 = ADVANCED_FACE ( 'NONE', ( #3345 ), #1278, .F. ) ;
#102 = CARTESIAN_POINT ( 'NONE',  ( -22.99999999999999289, 6.000000000000000000, 0.000000000000000000 ) ) ;
#103 = VERTEX_POINT ( 'NONE', #2083 ) ;
#104 = CARTESIAN_POINT ( 'NONE',  ( 23.20000000000000284, 0.000000000000000000, 0.000000000000000000 ) ) ;
#105 = LOCAL_TIME ( 9, 10, 57.00000000000000000, #2120 ) ;
#106 = LINE ( 'NONE', #1133, #456 ) ;
#107 = ORIENTED_EDGE ( 'NONE', *, *, #1149, .F. ) ;
#108 = CARTESIAN_POINT ( 'NONE',  ( 25.00000000000000355, 3.349999999999992983, -3.199999999999999734 ) ) ;
#109 = ORIENTED_EDGE ( 'NONE', *, *, #1628, .F. ) ;
#110 = ADVANCED_FACE ( 'NONE', ( #30 ), #2601, .T. ) ;
#111 = VERTEX_POINT ( 'NONE', #49 ) ;
#112 = PLANE ( 'NONE',  #2639 ) ;
#113 = AXIS2_PLACEMENT_3D ( 'NONE', #2939, #45, #3188 ) ;
#114 = EDGE_CURVE ( 'NONE', #239, #1275, #799, .T. ) ;
#115 = CARTESIAN_POINT ( 'NONE',  ( -19.30000000000000071, 0.000000000000000000, -1.199999999999999734 ) ) ;
#116 = CARTESIAN_POINT ( 'NONE',  ( 18.49999999999998579, 4.511186350715931326, -5.000000000000000000 ) ) ;
#117 = DIRECTION ( 'NONE',  ( 0.000000000000000000, -1.000000000000000000, 0.000000000000000000 ) ) ;
#118 = CARTESIAN_POINT ( 'NONE',  ( -24.50000000000000000, -2.850000000000002753, -3.199999999999999734 ) ) ;
#119 = ADVANCED_FACE ( 'NONE', ( #546 ), #2884, .F. ) ;
#120 = EDGE_LOOP ( 'NONE', ( #587, #226, #3190, #1314, #1335, #1405 ) ) ;
#121 = FACE_OUTER_BOUND ( 'NONE', #1231, .T. ) ;
#122 = VERTEX_POINT ( 'NONE', #1312 ) ;
#123 = PLANE ( 'NONE',  #2907 ) ;
#124 = ORIENTED_EDGE ( 'NONE', *, *, #1363, .F. ) ;
#125 = LINE ( 'NONE', #2702, #1055 ) ;
#126 = VECTOR ( 'NONE', #473, 1000.000000000000114 ) ;
#127 = LINE ( 'NONE', #2902, #3079 ) ;
#128 = CARTESIAN_POINT ( 'NONE',  ( -17.00000000000000000, 5.499999999999985789, -5.000000000000000000 ) ) ;
#129 = CARTESIAN_POINT ( 'NONE',  ( -17.00000000000000000, -4.511186350715931326, -5.000000000000000000 ) ) ;
#130 = AXIS2_PLACEMENT_3D ( 'NONE', #1977, #1191, #169 ) ;
#131 = VECTOR ( 'NONE', #3072, 1000.000000000000000 ) ;
#132 = CARTESIAN_POINT ( 'NONE',  ( -25.00000000000000000, 3.999999999999991562, -6.999999999999997335 ) ) ;
#133 = LINE ( 'NONE', #1211, #1442 ) ;
#134 = FACE_OUTER_BOUND ( 'NONE', #2128, .T. ) ;
#135 = EDGE_CURVE ( 'NONE', #401, #1061, #1057, .T. ) ;
#136 = VECTOR ( 'NONE', #968, 1000.000000000000000 ) ;
#137 = VERTEX_POINT ( 'NONE', #3132 ) ;
#138 = LINE ( 'NONE', #1453, #238 ) ;
#139 = EDGE_LOOP ( 'NONE', ( #270, #1456 ) ) ;
#140 = PLANE ( 'NONE',  #3206 ) ;
#141 = EDGE_CURVE ( 'NONE', #3286, #1814, #299, .T. ) ;
#142 = AXIS2_PLACEMENT_3D ( 'NONE', #3125, #2859, #2596 ) ;
#143 = ORIENTED_EDGE ( 'NONE', *, *, #857, .T. ) ;
#144 = DIRECTION ( 'NONE',  ( 0.7071067811865475727, -0.7071067811865475727, 0.000000000000000000 ) ) ;
#145 = LINE ( 'NONE', #2259, #2926 ) ;
#146 = ADVANCED_FACE ( 'NONE', ( #2297 ), #1329, .F. ) ;
#147 = CARTESIAN_POINT ( 'NONE',  ( -18.50000000000001421, 5.750000000000012434, -13.85566243270260145 ) ) ;
#148 = DIRECTION ( 'NONE',  ( 0.000000000000000000, 0.000000000000000000, 1.000000000000000000 ) ) ;
#149 = VECTOR ( 'NONE', #3315, 1000.000000000000000 ) ;
#150 = AXIS2_PLACEMENT_3D ( 'NONE', #2078, #3113, #2345 ) ;
#151 = AXIS2_PLACEMENT_3D ( 'NONE', #2588, #975, #2779 ) ;
#152 = DIRECTION ( 'NONE',  ( 0.000000000000000000, 0.000000000000000000, -1.000000000000000000 ) ) ;
#153 = CARTESIAN_POINT ( 'NONE',  ( 18.49999999999998579, 1.000000000000000000, -8.511186350715970406 ) ) ;
#154 = AXIS2_PLACEMENT_3D ( 'NONE', #1174, #2184, #1730 ) ;
#155 = LINE ( 'NONE', #932, #1854 ) ;
#156 = ADVANCED_FACE ( 'NONE', ( #2618 ), #751, .F. ) ;
#157 = PLANE ( 'NONE',  #2628 ) ;
#158 = CARTESIAN_POINT ( 'NONE',  ( -18.49999999999999289, -6.000000000000000000, -14.28867513459482197 ) ) ;
#159 = EDGE_LOOP ( 'NONE', ( #466, #404, #2383, #352, #2397, #3031, #3080, #1114, #687, #1085, #2713, #2275, #1182, #2873, #3142, #776 ) ) ;
#160 = FACE_OUTER_BOUND ( 'NONE', #1801, .T. ) ;
#161 = VERTEX_POINT ( 'NONE', #1774 ) ;
#162 = DIRECTION ( 'NONE',  ( 0.000000000000000000, 0.000000000000000000, 1.000000000000000000 ) ) ;
#163 = DIRECTION ( 'NONE',  ( 0.5773502691896258421, 0.5773502691896258421, 0.5773502691896258421 ) ) ;
#164 = DIRECTION ( 'NONE',  ( 0.000000000000000000, 1.000000000000000000, -0.000000000000000000 ) ) ;
#165 = EDGE_CURVE ( 'NONE', #2222, #606, #2042, .T. ) ;
#166 = LINE ( 'NONE', #426, #2522 ) ;
#167 = VECTOR ( 'NONE', #2173, 1000.000000000000114 ) ;
#168 = ORIENTED_EDGE ( 'NONE', *, *, #1141, .F. ) ;
#169 = DIRECTION ( 'NONE',  ( -0.000000000000000000, 0.7071067811865439090, 0.7071067811865511255 ) ) ;
#170 = DIRECTION ( 'NONE',  ( -0.6785983445458474428, -0.6785983445458474428, 0.2810846377148181197 ) ) ;
#171 = DIRECTION ( 'NONE',  ( 0.000000000000000000, 0.8660254037844362651, 0.5000000000000042188 ) ) ;
#172 = CARTESIAN_POINT ( 'NONE',  ( -18.00000000000000000, -2.850000000000000089, -3.199999999999999734 ) ) ;
#173 = DIRECTION ( 'NONE',  ( 0.000000000000000000, 0.8660254037844362651, 0.5000000000000042188 ) ) ;
#174 = EDGE_CURVE ( 'NONE', #239, #3144, #3085, .T. ) ;
#175 = ORIENTED_EDGE ( 'NONE', *, *, #640, .T. ) ;
#176 = FACE_OUTER_BOUND ( 'NONE', #1681, .T. ) ;
#177 = DIRECTION ( 'NONE',  ( 0.000000000000000000, 0.000000000000000000, 1.000000000000000000 ) ) ;
#178 = DIRECTION ( 'NONE',  ( 1.000000000000000000, 0.000000000000000000, 0.000000000000000000 ) ) ;
#179 = CARTESIAN_POINT ( 'NONE',  ( -10.82499999999999574, -10.82500000000000462, -1.199999999999999956 ) ) ;
#180 = AXIS2_PLACEMENT_3D ( 'NONE', #852, #3150, #2676 ) ;
#181 = ADVANCED_FACE ( 'NONE', ( #1534 ), #2567, .F. ) ;
#182 = VERTEX_POINT ( 'NONE', #608 ) ;
#183 = AXIS2_PLACEMENT_3D ( 'NONE', #118, #1732, #901 ) ;
#184 = VERTEX_POINT ( 'NONE', #1124 ) ;
#185 = CARTESIAN_POINT ( 'NONE',  ( -23.75900389847527450, 7.832397505593100107, -2.332397505593113873 ) ) ;
#186 = CARTESIAN_POINT ( 'NONE',  ( -24.49999999999998579, 0.000000000000000000, 0.000000000000000000 ) ) ;
#187 = DIRECTION ( 'NONE',  ( 0.000000000000000000, -1.000000000000000000, 0.000000000000000000 ) ) ;
#188 = DIRECTION ( 'NONE',  ( 0.000000000000000000, 0.000000000000000000, -1.000000000000000000 ) ) ;
#189 = CARTESIAN_POINT ( 'NONE',  ( 17.99999999999999645, 2.850000000000021849, -1.199999999999999956 ) ) ;
#190 = AXIS2_PLACEMENT_3D ( 'NONE', #2163, #2688, #63 ) ;
#191 = VECTOR ( 'NONE', #393, 1000.000000000000000 ) ;
#192 = VERTEX_POINT ( 'NONE', #2137 ) ;
#193 = CARTESIAN_POINT ( 'NONE',  ( -19.00000000000000000, -5.499999999999992895, -13.13397459621554475 ) ) ;
#194 = DIRECTION ( 'NONE',  ( 0.000000000000000000, 0.000000000000000000, 1.000000000000000000 ) ) ;
#195 = CARTESIAN_POINT ( 'NONE',  ( -21.00000000000000000, 0.000000000000000000, -0.5000000000000029976 ) ) ;
#196 = LINE ( 'NONE', #2212, #1778 ) ;
#197 = EDGE_CURVE ( 'NONE', #588, #2671, #1639, .T. ) ;
#198 = AXIS2_PLACEMENT_3D ( 'NONE', #1299, #1552, #1038 ) ;
#199 = VERTEX_POINT ( 'NONE', #356 ) ;
#200 = PLANE ( 'NONE',  #1455 ) ;
#201 = CARTESIAN_POINT ( 'NONE',  ( -25.00000000000000000, 3.999999999999991562, -0.5000000000000143219 ) ) ;
#202 = DIRECTION ( 'NONE',  ( -0.000000000000000000, 1.000000000000000000, 0.000000000000000000 ) ) ;
#203 = EDGE_CURVE ( 'NONE', #1510, #2308, #3167, .T. ) ;
#204 = LINE ( 'NONE', #1747, #1481 ) ;
#205 = CARTESIAN_POINT ( 'NONE',  ( 24.50000000000000355, 2.850000000000000533, -1.199999999999999734 ) ) ;
#206 = VERTEX_POINT ( 'NONE', #579 ) ;
#207 = EDGE_LOOP ( 'NONE', ( #2672, #565, #3048 ) ) ;
#208 = DIRECTION ( 'NONE',  ( 0.6785983445458467767, 0.6785983445458467767, 0.2810846377148213948 ) ) ;
#209 = PLANE ( 'NONE',  #2101 ) ;
#210 = EDGE_CURVE ( 'NONE', #659, #2206, #2404, .T. ) ;
#211 = ORIENTED_EDGE ( 'NONE', *, *, #624, .T. ) ;
#212 = CARTESIAN_POINT ( 'NONE',  ( -18.89456644841406785, 4.674621124906423120, -5.394566448414060744 ) ) ;
#213 = EDGE_CURVE ( 'NONE', #1275, #199, #643, .T. ) ;
#214 = ORIENTED_EDGE ( 'NONE', *, *, #566, .T. ) ;
#215 = LINE ( 'NONE', #3198, #1872 ) ;
#216 = DIRECTION ( 'NONE',  ( 0.000000000000000000, 0.000000000000000000, -1.000000000000000000 ) ) ;
#217 = CARTESIAN_POINT ( 'NONE',  ( -14.14644660940671450, 14.14644660940671450, 0.000000000000000000 ) ) ;
#218 = EDGE_CURVE ( 'NONE', #76, #572, #2340, .T. ) ;
#219 = CARTESIAN_POINT ( 'NONE',  ( -19.50000000000000711, -6.000000000000000000, 0.000000000000000000 ) ) ;
#220 = LINE ( 'NONE', #1230, #2406 ) ;
#221 = ADVANCED_FACE ( 'NONE', ( #2660 ), #1156, .T. ) ;
#222 = ORIENTED_EDGE ( 'NONE', *, *, #748, .T. ) ;
#223 = ORIENTED_EDGE ( 'NONE', *, *, #319, .F. ) ;
#224 = FACE_OUTER_BOUND ( 'NONE', #2668, .T. ) ;
#225 = PLANE ( 'NONE',  #2571 ) ;
#226 = ORIENTED_EDGE ( 'NONE', *, *, #2980, .T. ) ;
#227 = DIRECTION ( 'NONE',  ( -0.5773502691896258421, 0.5773502691896258421, -0.5773502691896258421 ) ) ;
#228 = EDGE_CURVE ( 'NONE', #1885, #846, #2387, .T. ) ;
#229 = VERTEX_POINT ( 'NONE', #1091 ) ;
#230 = DIRECTION ( 'NONE',  ( 0.000000000000000000, -0.000000000000000000, 1.000000000000000000 ) ) ;
#231 = DIRECTION ( 'NONE',  ( -0.7071067811865482389, 0.000000000000000000, -0.7071067811865469066 ) ) ;
#232 =( NAMED_UNIT ( * ) SI_UNIT ( $, .STERADIAN. ) SOLID_ANGLE_UNIT ( ) );
#233 = LINE ( 'NONE', #217, #561 ) ;
#234 = VECTOR ( 'NONE', #1400, 999.9999999999998863 ) ;
#235 = DIRECTION ( 'NONE',  ( -1.000000000000000000, 3.283583722384666289E-15, 0.000000000000000000 ) ) ;
#236 = EDGE_CURVE ( 'NONE', #111, #2312, #374, .T. ) ;
#237 = DIRECTION ( 'NONE',  ( 0.7071067811865474617, -0.7071067811865474617, 0.000000000000000000 ) ) ;
#238 = VECTOR ( 'NONE', #889, 1000.000000000000000 ) ;
#239 = VERTEX_POINT ( 'NONE', #1857 ) ;
#240 = VERTEX_POINT ( 'NONE', #115 ) ;
#241 = CARTESIAN_POINT ( 'NONE',  ( -19.97357502197334256, -2.473575021973350552, -9.121561109991567662 ) ) ;
#242 = PRODUCT_RELATED_PRODUCT_CATEGORY ( 'detail', '', ( #1891 ) ) ;
#243 = DIRECTION ( 'NONE',  ( 1.000000000000000000, 0.000000000000000000, -0.000000000000000000 ) ) ;
#244 = VERTEX_POINT ( 'NONE', #1139 ) ;
#245 = ADVANCED_BREP_SHAPE_REPRESENTATION ( '0PB_mk4_door_front_handle_right_v1', ( #85, #2373 ), #265 ) ;
#246 = EDGE_LOOP ( 'NONE', ( #3337, #2127, #2616, #830 ) ) ;
#247 = DIRECTION ( 'NONE',  ( 0.000000000000000000, -1.000000000000000000, 0.000000000000000000 ) ) ;
#248 = ORIENTED_EDGE ( 'NONE', *, *, #929, .T. ) ;
#249 = CARTESIAN_POINT ( 'NONE',  ( -22.70000000000000284, 2.081899558550499047E-16, -0.5000000000000029976 ) ) ;
#250 = CARTESIAN_POINT ( 'NONE',  ( 24.49999999999998934, 3.792893218813436551, 0.000000000000000000 ) ) ;
#251 = FACE_OUTER_BOUND ( 'NONE', #1887, .T. ) ;
#252 = EDGE_LOOP ( 'NONE', ( #783, #2954, #2650, #453, #52, #3060 ) ) ;
#253 = LINE ( 'NONE', #2517, #1485 ) ;
#254 = DIRECTION ( 'NONE',  ( 1.000000000000000000, 0.000000000000000000, 0.000000000000000000 ) ) ;
#255 = VERTEX_POINT ( 'NONE', #2638 ) ;
#256 = ADVANCED_FACE ( 'NONE', ( #2707 ), #1570, .T. ) ;
#257 = ORIENTED_EDGE ( 'NONE', *, *, #1168, .T. ) ;
#258 = VERTEX_POINT ( 'NONE', #898 ) ;
#259 = CARTESIAN_POINT ( 'NONE',  ( 20.99205923830620435, -1.152402180677057020, 4.347597819322928991 ) ) ;
#260 = DIRECTION ( 'NONE',  ( 0.7071067811865474617, -0.7071067811865474617, 0.000000000000000000 ) ) ;
#261 = ORIENTED_EDGE ( 'NONE', *, *, #1634, .F. ) ;
#262 = CARTESIAN_POINT ( 'NONE',  ( -18.49999999999999289, -1.000000000000000444, -8.511186350715970406 ) ) ;
#263 = EDGE_CURVE ( 'NONE', #2896, #1683, #389, .T. ) ;
#264 = ORIENTED_EDGE ( 'NONE', *, *, #3217, .T. ) ;
#265 =( GEOMETRIC_REPRESENTATION_CONTEXT ( 3 ) GLOBAL_UNCERTAINTY_ASSIGNED_CONTEXT ( ( #1290 ) ) GLOBAL_UNIT_ASSIGNED_CONTEXT ( ( #2534, #1522, #232 ) ) REPRESENTATION_CONTEXT ( 'NONE', 'WORKASPACE' ) );
#266 = CARTESIAN_POINT ( 'NONE',  ( 22.70000000000000284, 0.000000000000000000, -5.000000000000000000 ) ) ;
#267 = CARTESIAN_POINT ( 'NONE',  ( 19.50000000000001421, 6.000000000000000000, -5.500000000000014211 ) ) ;
#268 = CARTESIAN_POINT ( 'NONE',  ( 0.000000000000000000, 5.499999999999985789, 0.000000000000000000 ) ) ;
#269 = ORIENTED_EDGE ( 'NONE', *, *, #213, .F. ) ;
#270 = ORIENTED_EDGE ( 'NONE', *, *, #3082, .T. ) ;
#271 = PLANE ( 'NONE',  #2772 ) ;
#272 = DIRECTION ( 'NONE',  ( 0.7071067811865474617, 0.7071067811865474617, -0.000000000000000000 ) ) ;
#273 = ORIENTED_EDGE ( 'NONE', *, *, #1933, .T. ) ;
#274 = DIRECTION ( 'NONE',  ( 0.7071067811865487940, -0.5000000000000017764, -0.4999999999999966138 ) ) ;
#275 = LINE ( 'NONE', #3077, #1822 ) ;
#276 = ADVANCED_FACE ( 'NONE', ( #1347 ), #1920, .T. ) ;
#277 = ORIENTED_EDGE ( 'NONE', *, *, #1109, .T. ) ;
#278 = ORIENTED_EDGE ( 'NONE', *, *, #2023, .T. ) ;
#279 = CARTESIAN_POINT ( 'NONE',  ( 0.000000000000000000, 5.499999999999985789, 0.000000000000000000 ) ) ;
#280 = ADVANCED_FACE ( 'NONE', ( #2963 ), #2933, .F. ) ;
#281 = VECTOR ( 'NONE', #981, 1000.000000000000114 ) ;
#282 = ORIENTED_EDGE ( 'NONE', *, *, #3042, .F. ) ;
#283 = PLANE ( 'NONE',  #2250 ) ;
#284 = LINE ( 'NONE', #1843, #1012 ) ;
#285 = EDGE_CURVE ( 'NONE', #1257, #492, #880, .T. ) ;
#286 = APPROVAL_ROLE ( '' ) ;
#287 = ORIENTED_EDGE ( 'NONE', *, *, #1416, .T. ) ;
#288 = DIRECTION ( 'NONE',  ( -0.7071067811865475727, 0.000000000000000000, -0.7071067811865475727 ) ) ;
#289 = FACE_OUTER_BOUND ( 'NONE', #3328, .T. ) ;
#290 = AXIS2_PLACEMENT_3D ( 'NONE', #1810, #527, #2830 ) ;
#291 = VECTOR ( 'NONE', #344, 1000.000000000000114 ) ;
#292 = VERTEX_POINT ( 'NONE', #2948 ) ;
#293 = LINE ( 'NONE', #1321, #407 ) ;
#294 = FACE_BOUND ( 'NONE', #139, .T. ) ;
#295 = EDGE_LOOP ( 'NONE', ( #2400, #80, #1863, #2411, #1110 ) ) ;
#296 = DIRECTION ( 'NONE',  ( 1.000000000000000000, 0.000000000000000000, 0.000000000000000000 ) ) ;
#297 = B_SPLINE_SURFACE_WITH_KNOTS ( 'NONE', 1, 1, ( 
 ( #1339, #2379 ),
 ( #1069, #2426 ) ),
 .UNSPECIFIED., .F., .F., .F.,
 ( 2, 2 ),
 ( 2, 2 ),
 ( 0.000000000000000000, 1.000000000000000000 ),
 ( 0.000000000000000000, 1.000000000000000000 ),
 .UNSPECIFIED. ) ;
#298 = EDGE_CURVE ( 'NONE', #2305, #33, #625, .T. ) ;
#299 = LINE ( 'NONE', #1074, #2519 ) ;
#300 = CARTESIAN_POINT ( 'NONE',  ( -17.00000000000000000, 5.499999999999985789, -0.5000000000000143219 ) ) ;
#301 = PERSON_AND_ORGANIZATION ( #935, #99 ) ;
#302 = AXIS2_PLACEMENT_3D ( 'NONE', #2258, #162, #2495 ) ;
#303 = EDGE_LOOP ( 'NONE', ( #937, #2769 ) ) ;
#304 = EDGE_LOOP ( 'NONE', ( #1, #2890, #777, #1340 ) ) ;
#305 = FACE_OUTER_BOUND ( 'NONE', #1791, .T. ) ;
#306 = DIRECTION ( 'NONE',  ( -0.7071067811865474617, -0.7071067811865474617, 0.000000000000000000 ) ) ;
#307 = VERTEX_POINT ( 'NONE', #3014 ) ;
#308 = ORIENTED_EDGE ( 'NONE', *, *, #1103, .F. ) ;
#309 = ORIENTED_EDGE ( 'NONE', *, *, #1127, .F. ) ;
#310 = CARTESIAN_POINT ( 'NONE',  ( -25.00000000000000355, -6.000000000000000000, -15.99999999999999289 ) ) ;
#311 = AXIS2_PLACEMENT_3D ( 'NONE', #2196, #2761, #911 ) ;
#312 = VECTOR ( 'NONE', #1039, 1000.000000000000000 ) ;
#313 = ORIENTED_EDGE ( 'NONE', *, *, #1189, .F. ) ;
#314 = DIRECTION ( 'NONE',  ( 0.7071067811865474617, 0.000000000000000000, -0.7071067811865474617 ) ) ;
#315 = ORIENTED_EDGE ( 'NONE', *, *, #1115, .F. ) ;
#316 = LINE ( 'NONE', #1391, #370 ) ;
#317 = VECTOR ( 'NONE', #1676, 1000.000000000000000 ) ;
#318 = ORIENTED_EDGE ( 'NONE', *, *, #640, .F. ) ;
#319 = EDGE_CURVE ( 'NONE', #1865, #2910, #3292, .T. ) ;
#320 = ORIENTED_EDGE ( 'NONE', *, *, #1734, .F. ) ;
#321 = VECTOR ( 'NONE', #1908, 1000.000000000000114 ) ;
#322 = DIRECTION ( 'NONE',  ( 0.000000000000000000, 1.000000000000000000, 0.000000000000000000 ) ) ;
#323 = CYLINDRICAL_SURFACE ( 'NONE', #1503, 1.700000000000000178 ) ;
#324 = APPROVAL_STATUS ( 'not_yet_approved' ) ;
#325 = EDGE_CURVE ( 'NONE', #307, #1089, #2006, .T. ) ;
#326 = ORIENTED_EDGE ( 'NONE', *, *, #1776, .F. ) ;
#327 = VECTOR ( 'NONE', #2242, 1000.000000000000000 ) ;
#328 = PLANE ( 'NONE',  #2607 ) ;
#329 = CARTESIAN_POINT ( 'NONE',  ( 0.000000000000000000, -5.499999999999992895, -5.000000000000000000 ) ) ;
#330 = EDGE_CURVE ( 'NONE', #3164, #2671, #680, .T. ) ;
#331 = ORIENTED_EDGE ( 'NONE', *, *, #2656, .F. ) ;
#332 = ORIENTED_EDGE ( 'NONE', *, *, #1121, .F. ) ;
#333 = LINE ( 'NONE', #2876, #609 ) ;
#334 = EDGE_LOOP ( 'NONE', ( #601, #59, #2777, #1487 ) ) ;
#335 = FACE_OUTER_BOUND ( 'NONE', #2887, .T. ) ;
#336 = EDGE_CURVE ( 'NONE', #1649, #2324, #1478, .T. ) ;
#337 = ORIENTED_EDGE ( 'NONE', *, *, #2908, .T. ) ;
#338 = DIRECTION ( 'NONE',  ( -6.086749038515112058E-16, 1.000000000000000000, 0.000000000000000000 ) ) ;
#339 = CARTESIAN_POINT ( 'NONE',  ( 25.00000000000000711, -2.849999999999972999, -3.199999999999999734 ) ) ;
#340 = VECTOR ( 'NONE', #23, 1000.000000000000000 ) ;
#341 = AXIS2_PLACEMENT_3D ( 'NONE', #448, #2797, #3347 ) ;
#342 = EDGE_CURVE ( 'NONE', #244, #192, #166, .T. ) ;
#343 = DIRECTION ( 'NONE',  ( 0.000000000000000000, -0.7071067811865511255, 0.7071067811865439090 ) ) ;
#344 = DIRECTION ( 'NONE',  ( -0.6785983445458476648, 0.2810846377148170649, -0.6785983445458476648 ) ) ;
#345 = ORIENTED_EDGE ( 'NONE', *, *, #2722, .T. ) ;
#346 = ADVANCED_FACE ( 'NONE', ( #477 ), #1207, .F. ) ;
#347 = EDGE_LOOP ( 'NONE', ( #3287, #2637, #3270, #2930 ) ) ;
#348 = DIRECTION ( 'NONE',  ( -0.7071067811865475727, -0.7071067811865475727, -0.000000000000000000 ) ) ;
#349 = ORIENTED_EDGE ( 'NONE', *, *, #2789, .F. ) ;
#350 = FACE_OUTER_BOUND ( 'NONE', #648, .T. ) ;
#351 = ORIENTED_EDGE ( 'NONE', *, *, #725, .T. ) ;
#352 = ORIENTED_EDGE ( 'NONE', *, *, #2048, .T. ) ;
#353 = CARTESIAN_POINT ( 'NONE',  ( -18.00000000000000355, 2.850000000000000089, -1.199999999999999956 ) ) ;
#354 = ORIENTED_EDGE ( 'NONE', *, *, #857, .F. ) ;
#355 = EDGE_CURVE ( 'NONE', #2904, #2135, #2512, .T. ) ;
#356 = CARTESIAN_POINT ( 'NONE',  ( -17.50000000000001421, 6.000000000000000000, -0.5000000000000143219 ) ) ;
#357 = VECTOR ( 'NONE', #3023, 1000.000000000000000 ) ;
#358 = VECTOR ( 'NONE', #1073, 1000.000000000000000 ) ;
#359 = COORDINATED_UNIVERSAL_TIME_OFFSET ( 1, 0, .AHEAD. ) ;
#360 = EDGE_CURVE ( 'NONE', #89, #182, #1426, .T. ) ;
#361 = VECTOR ( 'NONE', #1944, 1000.000000000000000 ) ;
#362 = CARTESIAN_POINT ( 'NONE',  ( -19.00000000000000000, 5.750000000000012434, -13.85566243270260145 ) ) ;
#363 = VECTOR ( 'NONE', #2444, 1000.000000000000000 ) ;
#364 = LINE ( 'NONE', #2624, #13 ) ;
#365 = CARTESIAN_POINT ( 'NONE',  ( -17.00000000000000000, -4.511186350715931326, -5.000000000000000000 ) ) ;
#366 = DIRECTION ( 'NONE',  ( 0.7071067811865477948, -0.3535533905932766174, 0.6123724356957925830 ) ) ;
#367 = ORIENTED_EDGE ( 'NONE', *, *, #2470, .T. ) ;
#368 = DIRECTION ( 'NONE',  ( 0.000000000000000000, -0.000000000000000000, 1.000000000000000000 ) ) ;
#369 = EDGE_CURVE ( 'NONE', #229, #1878, #2262, .T. ) ;
#370 = VECTOR ( 'NONE', #2658, 1000.000000000000114 ) ;
#371 = ORIENTED_EDGE ( 'NONE', *, *, #2450, .T. ) ;
#372 = CARTESIAN_POINT ( 'NONE',  ( 22.70000000000000284, 0.000000000000000000, -0.5000000000000029976 ) ) ;
#373 = AXIS2_PLACEMENT_3D ( 'NONE', #2764, #2215, #1192 ) ;
#374 = LINE ( 'NONE', #339, #2079 ) ;
#375 = AXIS2_PLACEMENT_3D ( 'NONE', #946, #3194, #1906 ) ;
#376 = ADVANCED_FACE ( 'NONE', ( #2484 ), #1688, .F. ) ;
#377 = DIRECTION ( 'NONE',  ( 0.000000000000000000, -0.7071067811865439090, -0.7071067811865511255 ) ) ;
#378 = CARTESIAN_POINT ( 'NONE',  ( -17.00000000000000000, -5.999999999999998224, -0.5000000000000143219 ) ) ;
#379 = FACE_OUTER_BOUND ( 'NONE', #1095, .T. ) ;
#380 = AXIS2_PLACEMENT_3D ( 'NONE', #2247, #961, #2832 ) ;
#381 = FACE_OUTER_BOUND ( 'NONE', #1046, .T. ) ;
#382 = PLANE ( 'NONE',  #3314 ) ;
#383 = DIRECTION ( 'NONE',  ( -6.086749038515112058E-16, 1.000000000000000000, 0.000000000000000000 ) ) ;
#384 = ORIENTED_EDGE ( 'NONE', *, *, #902, .F. ) ;
#385 = PLANE ( 'NONE',  #2468 ) ;
#386 = CARTESIAN_POINT ( 'NONE',  ( 18.49999999999999289, -5.750000000000004441, -13.85566243270259612 ) ) ;
#387 = VECTOR ( 'NONE', #3009, 999.9999999999998863 ) ;
#388 = DIRECTION ( 'NONE',  ( 0.000000000000000000, 0.000000000000000000, 1.000000000000000000 ) ) ;
#389 = LINE ( 'NONE', #1873, #3160 ) ;
#390 = EDGE_CURVE ( 'NONE', #2007, #2305, #3226, .T. ) ;
#391 = VECTOR ( 'NONE', #2050, 1000.000000000000000 ) ;
#392 = ADVANCED_FACE ( 'NONE', ( #928 ), #2726, .T. ) ;
#393 = DIRECTION ( 'NONE',  ( 0.000000000000000000, -1.000000000000000000, 0.000000000000000000 ) ) ;
#394 = CARTESIAN_POINT ( 'NONE',  ( -17.00000000000000000, -5.499999999999985789, -0.5000000000000143219 ) ) ;
#395 = CARTESIAN_POINT ( 'NONE',  ( -17.00000000000000000, -5.499999999999985789, 0.000000000000000000 ) ) ;
#396 = AXIS2_PLACEMENT_3D ( 'NONE', #2472, #2712, #647 ) ;
#397 = ADVANCED_FACE ( 'NONE', ( #2243, #3275 ), #3242, .T. ) ;
#398 = EDGE_LOOP ( 'NONE', ( #1373, #421, #384, #1719 ) ) ;
#399 = DIRECTION ( 'NONE',  ( 1.000000000000000000, 3.903127820947810440E-15, -0.000000000000000000 ) ) ;
#400 = FACE_OUTER_BOUND ( 'NONE', #47, .T. ) ;
#401 = VERTEX_POINT ( 'NONE', #695 ) ;
#402 = CARTESIAN_POINT ( 'NONE',  ( -18.50000000000001421, 4.511186350715931326, -5.000000000000002665 ) ) ;
#403 = DIRECTION ( 'NONE',  ( 0.000000000000000000, -0.7071067811865439090, -0.7071067811865511255 ) ) ;
#404 = ORIENTED_EDGE ( 'NONE', *, *, #2332, .T. ) ;
#405 = CARTESIAN_POINT ( 'NONE',  ( -18.49999999999999289, -1.000000000000000000, -11.11324865405183893 ) ) ;
#406 = DIRECTION ( 'NONE',  ( 0.000000000000000000, -0.000000000000000000, 1.000000000000000000 ) ) ;
#407 = VECTOR ( 'NONE', #2358, 1000.000000000000000 ) ;
#408 = ADVANCED_FACE ( 'NONE', ( #1724 ), #29, .T. ) ;
#409 = VECTOR ( 'NONE', #676, 1000.000000000000114 ) ;
#410 = LINE ( 'NONE', #2233, #1213 ) ;
#411 = DIRECTION ( 'NONE',  ( -1.000000000000000000, 0.000000000000000000, 0.000000000000000000 ) ) ;
#412 = DIRECTION ( 'NONE',  ( 6.086749038515089379E-16, -1.000000000000000000, -0.000000000000000000 ) ) ;
#413 = VECTOR ( 'NONE', #506, 1000.000000000000000 ) ;
#414 = AXIS2_PLACEMENT_3D ( 'NONE', #2573, #3319, #790 ) ;
#415 = VECTOR ( 'NONE', #3038, 1000.000000000000000 ) ;
#416 = CARTESIAN_POINT ( 'NONE',  ( -18.49999999999999289, -6.000000000000000000, -14.28867513459482197 ) ) ;
#417 = CARTESIAN_POINT ( 'NONE',  ( 0.000000000000000000, 5.499999999999985789, 0.000000000000000000 ) ) ;
#418 = ORIENTED_EDGE ( 'NONE', *, *, #3025, .F. ) ;
#419 = DIRECTION ( 'NONE',  ( 1.000000000000000000, -0.000000000000000000, 0.000000000000000000 ) ) ;
#420 = EDGE_CURVE ( 'NONE', #33, #1089, #196, .T. ) ;
#421 = ORIENTED_EDGE ( 'NONE', *, *, #1586, .F. ) ;
#422 = DIRECTION ( 'NONE',  ( 0.000000000000000000, 0.000000000000000000, -1.000000000000000000 ) ) ;
#423 = CARTESIAN_POINT ( 'NONE',  ( 17.50000000000001421, 6.000000000000000000, 0.000000000000000000 ) ) ;
#424 = VECTOR ( 'NONE', #3111, 1000.000000000000114 ) ;
#425 = FACE_OUTER_BOUND ( 'NONE', #2856, .T. ) ;
#426 = CARTESIAN_POINT ( 'NONE',  ( -19.00000000000001421, -7.499999999999997335, -2.999999999999994227 ) ) ;
#427 = VECTOR ( 'NONE', #178, 1000.000000000000000 ) ;
#428 = ADVANCED_FACE ( 'NONE', ( #1956 ), #710, .F. ) ;
#429 = ORIENTED_EDGE ( 'NONE', *, *, #3159, .T. ) ;
#430 = CARTESIAN_POINT ( 'NONE',  ( -19.00000000000000000, 1.499999999999993561, 0.000000000000000000 ) ) ;
#431 = EDGE_CURVE ( 'NONE', #3140, #1190, #1533, .T. ) ;
#432 = CARTESIAN_POINT ( 'NONE',  ( 21.00000000000000000, 0.000000000000000000, -5.000000000000000000 ) ) ;
#433 = DIRECTION ( 'NONE',  ( 1.000000000000000000, 0.000000000000000000, 0.000000000000000000 ) ) ;
#434 = ORIENTED_EDGE ( 'NONE', *, *, #576, .T. ) ;
#435 = DIRECTION ( 'NONE',  ( 0.000000000000000000, 1.000000000000000000, 0.000000000000000000 ) ) ;
#436 = CARTESIAN_POINT ( 'NONE',  ( -17.50000000000001421, -5.499999999999985789, 0.000000000000000000 ) ) ;
#437 = EDGE_LOOP ( 'NONE', ( #2363, #2410, #1259, #1036 ) ) ;
#438 = ORIENTED_EDGE ( 'NONE', *, *, #812, .F. ) ;
#439 = CARTESIAN_POINT ( 'NONE',  ( 21.00000000000000355, 2.000000000000026201, -19.99999999999998934 ) ) ;
#440 = EDGE_CURVE ( 'NONE', #1645, #2617, #2810, .T. ) ;
#441 = LINE ( 'NONE', #1440, #2295 ) ;
#442 = ORIENTED_EDGE ( 'NONE', *, *, #1725, .F. ) ;
#443 = CARTESIAN_POINT ( 'NONE',  ( 0.000000000000000000, 6.000000000000000000, -0.5000000000000143219 ) ) ;
#444 = DIRECTION ( 'NONE',  ( 0.000000000000000000, 0.000000000000000000, 1.000000000000000000 ) ) ;
#445 = ORIENTED_EDGE ( 'NONE', *, *, #596, .T. ) ;
#446 = LINE ( 'NONE', #2763, #2323 ) ;
#447 = FACE_OUTER_BOUND ( 'NONE', #2841, .T. ) ;
#448 = CARTESIAN_POINT ( 'NONE',  ( 0.000000000000000000, -6.000000000000000000, -4.499999999999992895 ) ) ;
#449 = LINE ( 'NONE', #1469, #2182 ) ;
#450 = CARTESIAN_POINT ( 'NONE',  ( 17.00000000000000000, 5.499999999999985789, -0.5000000000000143219 ) ) ;
#451 = ADVANCED_FACE ( 'NONE', ( #2099 ), #746, .T. ) ;
#452 = DESIGN_CONTEXT ( 'detailed design', #2223, 'design' ) ;
#453 = ORIENTED_EDGE ( 'NONE', *, *, #966, .T. ) ;
#454 = DIRECTION ( 'NONE',  ( -0.5000000000000008882, 0.5000000000000008882, 0.7071067811865462405 ) ) ;
#455 = DIRECTION ( 'NONE',  ( 1.000000000000000000, 0.000000000000000000, 0.000000000000000000 ) ) ;
#456 = VECTOR ( 'NONE', #2171, 1000.000000000000114 ) ;
#457 = CARTESIAN_POINT ( 'NONE',  ( -19.49999999999998579, 6.000000000000000000, -5.499999999999993783 ) ) ;
#458 = VECTOR ( 'NONE', #464, 1000.000000000000000 ) ;
#459 = DIRECTION ( 'NONE',  ( 0.000000000000000000, 0.7071067811865474617, 0.7071067811865474617 ) ) ;
#460 = VECTOR ( 'NONE', #1904, 1000.000000000000000 ) ;
#461 = EDGE_CURVE ( 'NONE', #3052, #2187, #811, .T. ) ;
#462 = ORIENTED_EDGE ( 'NONE', *, *, #3265, .F. ) ;
#463 = DIRECTION ( 'NONE',  ( -0.2810846377148249475, -0.6785983445458461105, 0.6785983445458461105 ) ) ;
#464 = DIRECTION ( 'NONE',  ( 0.000000000000000000, 0.000000000000000000, -1.000000000000000000 ) ) ;
#465 = CARTESIAN_POINT ( 'NONE',  ( -19.00000000000000000, 4.718293131902480120, -5.499999999999993783 ) ) ;
#466 = ORIENTED_EDGE ( 'NONE', *, *, #431, .T. ) ;
#467 = VERTEX_POINT ( 'NONE', #1585 ) ;
#468 = CYLINDRICAL_SURFACE ( 'NONE', #6, 1.700000000000000178 ) ;
#469 = CARTESIAN_POINT ( 'NONE',  ( -18.00000000000000355, 2.850000000000000089, -3.199999999999999734 ) ) ;
#470 = EDGE_CURVE ( 'NONE', #2671, #630, #1840, .T. ) ;
#471 = ORIENTED_EDGE ( 'NONE', *, *, #1612, .F. ) ;
#472 = ORIENTED_EDGE ( 'NONE', *, *, #3203, .T. ) ;
#473 = DIRECTION ( 'NONE',  ( -0.7071067811865474617, 0.000000000000000000, -0.7071067811865474617 ) ) ;
#474 = LINE ( 'NONE', #2721, #1780 ) ;
#475 = ADVANCED_FACE ( 'NONE', ( #2862 ), #1790, .F. ) ;
#476 = EDGE_LOOP ( 'NONE', ( #2434, #2238, #1974, #552, #3215, #2392 ) ) ;
#477 = FACE_OUTER_BOUND ( 'NONE', #2633, .T. ) ;
#478 = ORIENTED_EDGE ( 'NONE', *, *, #1964, .F. ) ;
#479 = ORIENTED_EDGE ( 'NONE', *, *, #2117, .F. ) ;
#480 = DIRECTION ( 'NONE',  ( 0.000000000000000000, 0.000000000000000000, 1.000000000000000000 ) ) ;
#481 = EDGE_CURVE ( 'NONE', #1892, #122, #1808, .T. ) ;
#482 = LINE ( 'NONE', #3295, #1279 ) ;
#483 = LINE ( 'NONE', #1243, #2076 ) ;
#484 = VECTOR ( 'NONE', #3088, 1000.000000000000000 ) ;
#485 = VECTOR ( 'NONE', #3151, 999.9999999999998863 ) ;
#486 = FACE_OUTER_BOUND ( 'NONE', #334, .T. ) ;
#487 = CARTESIAN_POINT ( 'NONE',  ( -25.00000000000000000, -2.850000000000003197, -1.199999999999999956 ) ) ;
#488 = ORIENTED_EDGE ( 'NONE', *, *, #2169, .F. ) ;
#489 = ORIENTED_EDGE ( 'NONE', *, *, #2362, .F. ) ;
#490 = CARTESIAN_POINT ( 'NONE',  ( 0.000000000000000000, 0.000000000000000000, -1.199999999999999956 ) ) ;
#491 = CARTESIAN_POINT ( 'NONE',  ( -19.00000000000000000, -5.999999999999998224, -5.500000000000007105 ) ) ;
#492 = VERTEX_POINT ( 'NONE', #1256 ) ;
#493 = DIRECTION ( 'NONE',  ( -0.5773502691896258421, -0.5773502691896258421, 0.5773502691896258421 ) ) ;
#494 = ORIENTED_EDGE ( 'NONE', *, *, #114, .T. ) ;
#495 = EDGE_CURVE ( 'NONE', #2790, #184, #2039, .T. ) ;
#496 = FACE_OUTER_BOUND ( 'NONE', #1249, .T. ) ;
#497 = CARTESIAN_POINT ( 'NONE',  ( -19.00000000000000000, 1.000000000000000000, -11.11324865405183893 ) ) ;
#498 = DIRECTION ( 'NONE',  ( -0.7071067811865475727, 0.000000000000000000, -0.7071067811865475727 ) ) ;
#499 = ADVANCED_FACE ( 'NONE', ( #2881 ), #3081, .T. ) ;
#500 = CARTESIAN_POINT ( 'NONE',  ( 22.70000000000000284, 0.000000000000000000, -1.199999999999999734 ) ) ;
#501 = LINE ( 'NONE', #1762, #28 ) ;
#502 = ORIENTED_EDGE ( 'NONE', *, *, #3318, .T. ) ;
#503 = ORIENTED_EDGE ( 'NONE', *, *, #1295, .F. ) ;
#504 = ORIENTED_EDGE ( 'NONE', *, *, #966, .F. ) ;
#505 = CARTESIAN_POINT ( 'NONE',  ( -19.00000000000000000, 5.109146565951261820, -5.109146565951209418 ) ) ;
#506 = DIRECTION ( 'NONE',  ( 1.000000000000000000, 0.000000000000000000, 0.000000000000000000 ) ) ;
#507 = ORIENTED_EDGE ( 'NONE', *, *, #2356, .T. ) ;
#508 = DIRECTION ( 'NONE',  ( 0.000000000000000000, -0.8660254037844362651, -0.5000000000000042188 ) ) ;
#509 = VERTEX_POINT ( 'NONE', #1052 ) ;
#510 = ORIENTED_EDGE ( 'NONE', *, *, #1159, .F. ) ;
#511 = DIRECTION ( 'NONE',  ( 0.5773502691896257311, 0.5773502691896257311, -0.5773502691896257311 ) ) ;
#512 = LINE ( 'NONE', #185, #3233 ) ;
#513 = FACE_OUTER_BOUND ( 'NONE', #3185, .T. ) ;
#514 = DIRECTION ( 'NONE',  ( 1.000000000000000000, 0.000000000000000000, -0.000000000000000000 ) ) ;
#515 = EDGE_CURVE ( 'NONE', #2651, #2177, #2828, .T. ) ;
#516 = ORIENTED_EDGE ( 'NONE', *, *, #2186, .T. ) ;
#517 = LINE ( 'NONE', #1540, #881 ) ;
#518 = CARTESIAN_POINT ( 'NONE',  ( 21.00000000000000000, 0.000000000000000000, -5.000000000000000000 ) ) ;
#519 = VERTEX_POINT ( 'NONE', #782 ) ;
#520 = ORIENTED_EDGE ( 'NONE', *, *, #1125, .T. ) ;
#521 = LINE ( 'NONE', #2542, #1034 ) ;
#522 = DIRECTION ( 'NONE',  ( -1.000000000000000000, 0.000000000000000000, 1.508455196501571183E-16 ) ) ;
#523 = ADVANCED_FACE ( 'NONE', ( #2309 ), #1018, .T. ) ;
#524 = AXIS2_PLACEMENT_3D ( 'NONE', #2539, #3335, #272 ) ;
#525 = VERTEX_POINT ( 'NONE', #2846 ) ;
#526 = CARTESIAN_POINT ( 'NONE',  ( -21.00000000000000000, 0.000000000000000000, -0.5000000000000029976 ) ) ;
#527 = DIRECTION ( 'NONE',  ( -0.000000000000000000, -0.7071067811865475727, -0.7071067811865475727 ) ) ;
#528 = LINE ( 'NONE', #639, #1223 ) ;
#529 = CIRCLE ( 'NONE', #3224, 1.700000000000000178 ) ;
#530 = APPLICATION_PROTOCOL_DEFINITION ( 'international standard', 'config_control_design', 1994, #2223 ) ;
#531 = EDGE_LOOP ( 'NONE', ( #2160, #124, #1005, #1056 ) ) ;
#532 = EDGE_CURVE ( 'NONE', #572, #76, #529, .T. ) ;
#533 = CARTESIAN_POINT ( 'NONE',  ( 17.00000000000000000, 4.511186350715931326, -0.5000000000000143219 ) ) ;
#534 = DIRECTION ( 'NONE',  ( 0.000000000000000000, 0.000000000000000000, 1.000000000000000000 ) ) ;
#535 = VECTOR ( 'NONE', #3207, 1000.000000000000000 ) ;
#536 = VECTOR ( 'NONE', #1740, 1000.000000000000000 ) ;
#537 = ADVANCED_FACE ( 'NONE', ( #1297 ), #2328, .F. ) ;
#538 = ORIENTED_EDGE ( 'NONE', *, *, #325, .T. ) ;
#539 = CARTESIAN_POINT ( 'NONE',  ( 0.000000000000000000, -5.499999999999985789, 0.000000000000000000 ) ) ;
#540 = DIRECTION ( 'NONE',  ( 0.000000000000000000, -0.000000000000000000, 1.000000000000000000 ) ) ;
#541 = ORIENTED_EDGE ( 'NONE', *, *, #1788, .F. ) ;
#542 = ORIENTED_EDGE ( 'NONE', *, *, #1697, .F. ) ;
#543 = ADVANCED_FACE ( 'NONE', ( #1516 ), #2277, .F. ) ;
#544 = CARTESIAN_POINT ( 'NONE',  ( 23.00000000000000000, -6.000000000000000000, -18.00000000000000355 ) ) ;
#545 = ORIENTED_EDGE ( 'NONE', *, *, #892, .T. ) ;
#546 = FACE_OUTER_BOUND ( 'NONE', #796, .T. ) ;
#547 = FACE_OUTER_BOUND ( 'NONE', #246, .T. ) ;
#548 = ORIENTED_EDGE ( 'NONE', *, *, #481, .T. ) ;
#549 = DIRECTION ( 'NONE',  ( 0.000000000000000000, 0.000000000000000000, -1.000000000000000000 ) ) ;
#550 = AXIS2_PLACEMENT_3D ( 'NONE', #2894, #2381, #2699 ) ;
#551 = CARTESIAN_POINT ( 'NONE',  ( -25.00000000000000000, -2.850000000000003197, -3.199999999999999734 ) ) ;
#552 = ORIENTED_EDGE ( 'NONE', *, *, #1768, .T. ) ;
#553 = VERTEX_POINT ( 'NONE', #1824 ) ;
#554 = FACE_OUTER_BOUND ( 'NONE', #1926, .T. ) ;
#555 = DIRECTION ( 'NONE',  ( -0.7071067811865475727, 0.000000000000000000, -0.7071067811865475727 ) ) ;
#556 = VECTOR ( 'NONE', #2318, 1000.000000000000000 ) ;
#557 = EDGE_CURVE ( 'NONE', #2317, #1510, #1569, .T. ) ;
#558 = ORIENTED_EDGE ( 'NONE', *, *, #2165, .T. ) ;
#559 = DIRECTION ( 'NONE',  ( 0.7071067811865475727, 0.000000000000000000, 0.7071067811865475727 ) ) ;
#560 = DIRECTION ( 'NONE',  ( 0.7071067811865420216, 0.3535533905932795595, -0.6123724356957976900 ) ) ;
#561 = VECTOR ( 'NONE', #1263, 1000.000000000000114 ) ;
#562 = DIRECTION ( 'NONE',  ( 0.000000000000000000, -1.000000000000000000, 0.000000000000000000 ) ) ;
#563 = DATE_TIME_ROLE ( 'classification_date' ) ;
#564 = EDGE_LOOP ( 'NONE', ( #2047, #3251, #1288, #3096 ) ) ;
#565 = ORIENTED_EDGE ( 'NONE', *, *, #336, .T. ) ;
#566 = EDGE_CURVE ( 'NONE', #525, #952, #2024, .T. ) ;
#567 = DIRECTION ( 'NONE',  ( 0.000000000000000000, -0.000000000000000000, 1.000000000000000000 ) ) ;
#568 = PLANE ( 'NONE',  #621 ) ;
#569 = ORIENTED_EDGE ( 'NONE', *, *, #2807, .F. ) ;
#570 = ORIENTED_EDGE ( 'NONE', *, *, #566, .F. ) ;
#571 = DIRECTION ( 'NONE',  ( -0.000000000000000000, -0.7071067811865474617, -0.7071067811865474617 ) ) ;
#572 = VERTEX_POINT ( 'NONE', #2959 ) ;
#573 = PLANE ( 'NONE',  #550 ) ;
#574 = ORIENTED_EDGE ( 'NONE', *, *, #3281, .F. ) ;
#575 = CYLINDRICAL_SURFACE ( 'NONE', #1757, 1.700000000000000178 ) ;
#576 = EDGE_CURVE ( 'NONE', #229, #1190, #2916, .T. ) ;
#577 = CIRCLE ( 'NONE', #2352, 1.700000000000000178 ) ;
#578 = AXIS2_PLACEMENT_3D ( 'NONE', #2474, #2219, #2767 ) ;
#579 = CARTESIAN_POINT ( 'NONE',  ( 19.50000000000001421, 6.000000000000000000, -13.13397459621553232 ) ) ;
#580 = EDGE_CURVE ( 'NONE', #1645, #42, #878, .T. ) ;
#581 = CARTESIAN_POINT ( 'NONE',  ( 25.00000000000000355, -3.349999999999968114, -1.199999999999999956 ) ) ;
#582 = ORIENTED_EDGE ( 'NONE', *, *, #203, .T. ) ;
#583 = VECTOR ( 'NONE', #1805, 1000.000000000000000 ) ;
#584 = EDGE_CURVE ( 'NONE', #3057, #258, #1902, .T. ) ;
#585 = DIRECTION ( 'NONE',  ( -1.000000000000000000, 3.283583722384666289E-15, 0.000000000000000000 ) ) ;
#586 = LINE ( 'NONE', #2409, #1098 ) ;
#587 = ORIENTED_EDGE ( 'NONE', *, *, #995, .T. ) ;
#588 = VERTEX_POINT ( 'NONE', #353 ) ;
#589 = FACE_OUTER_BOUND ( 'NONE', #2609, .T. ) ;
#590 = ORIENTED_EDGE ( 'NONE', *, *, #2521, .F. ) ;
#591 = PLANE ( 'NONE',  #1132 ) ;
#592 = AXIS2_PLACEMENT_3D ( 'NONE', #1184, #3238, #2757 ) ;
#593 = ORIENTED_EDGE ( 'NONE', *, *, #1634, .T. ) ;
#594 = PLANE ( 'NONE',  #2251 ) ;
#595 = DIRECTION ( 'NONE',  ( 0.000000000000000000, -1.000000000000000000, 0.000000000000000000 ) ) ;
#596 = EDGE_CURVE ( 'NONE', #1080, #1945, #1619, .T. ) ;
#597 = ORIENTED_EDGE ( 'NONE', *, *, #2321, .F. ) ;
#598 = FACE_OUTER_BOUND ( 'NONE', #46, .T. ) ;
#599 = APPROVAL_PERSON_ORGANIZATION ( #2867, #853, #286 ) ;
#600 = CARTESIAN_POINT ( 'NONE',  ( -23.00000000000000000, 4.000000000000005329, -17.99999999999999645 ) ) ;
#601 = ORIENTED_EDGE ( 'NONE', *, *, #1254, .T. ) ;
#602 = ORIENTED_EDGE ( 'NONE', *, *, #2597, .F. ) ;
#603 = PRODUCT_DEFINITION_SHAPE ( 'NONE', 'NONE',  #2092 ) ;
#604 = PLANE ( 'NONE',  #2945 ) ;
#605 = DIRECTION ( 'NONE',  ( -0.000000000000000000, -0.7071067811865475727, -0.7071067811865475727 ) ) ;
#606 = VERTEX_POINT ( 'NONE', #3163 ) ;
#607 = CARTESIAN_POINT ( 'NONE',  ( -19.49999999999998579, 6.000000000000000000, -13.13397459621556962 ) ) ;
#608 = CARTESIAN_POINT ( 'NONE',  ( 22.70000000000000284, 0.000000000000000000, -3.199999999999999734 ) ) ;
#609 = VECTOR ( 'NONE', #1896, 1000.000000000000000 ) ;
#610 = AXIS2_PLACEMENT_3D ( 'NONE', #3, #2858, #2035 ) ;
#611 = AXIS2_PLACEMENT_3D ( 'NONE', #1008, #514, #1484 ) ;
#612 = CARTESIAN_POINT ( 'NONE',  ( 17.50000000000001421, 4.011186350715917115, 0.000000000000000000 ) ) ;
#613 = ADVANCED_FACE ( 'NONE', ( #2944 ), #112, .F. ) ;
#614 = AXIS2_PLACEMENT_3D ( 'NONE', #186, #1922, #117 ) ;
#615 = CARTESIAN_POINT ( 'NONE',  ( 23.00000000000001066, -6.000000000000000000, 0.000000000000000000 ) ) ;
#616 = ORIENTED_EDGE ( 'NONE', *, *, #2231, .T. ) ;
#617 = CONICAL_SURFACE ( 'NONE', #1905, 1.700000000000000178, 0.7853981633974463916 ) ;
#618 = ORIENTED_EDGE ( 'NONE', *, *, #2863, .T. ) ;
#619 = CARTESIAN_POINT ( 'NONE',  ( 22.99999999999999645, 6.000000000000000000, 0.000000000000000000 ) ) ;
#620 = LINE ( 'NONE', #1881, #1947 ) ;
#621 = AXIS2_PLACEMENT_3D ( 'NONE', #869, #2665, #2606 ) ;
#622 = ORIENTED_EDGE ( 'NONE', *, *, #2821, .F. ) ;
#623 = DIRECTION ( 'NONE',  ( 1.000000000000000000, 6.086749038515112058E-16, 0.000000000000000000 ) ) ;
#624 = EDGE_CURVE ( 'NONE', #2110, #2896, #1916, .T. ) ;
#625 = LINE ( 'NONE', #1656, #2021 ) ;
#626 = ADVANCED_FACE ( 'NONE', ( #96 ), #594, .T. ) ;
#627 = DIRECTION ( 'NONE',  ( -0.5773502691896257311, -0.5773502691896257311, -0.5773502691896257311 ) ) ;
#628 = CARTESIAN_POINT ( 'NONE',  ( -18.49999999999999289, -5.499999999999992895, -5.000000000000000000 ) ) ;
#629 = DIRECTION ( 'NONE',  ( 0.000000000000000000, -0.000000000000000000, 1.000000000000000000 ) ) ;
#630 = VERTEX_POINT ( 'NONE', #895 ) ;
#631 = EDGE_CURVE ( 'NONE', #1275, #1830, #316, .T. ) ;
#632 = DIRECTION ( 'NONE',  ( -0.7071067811865462405, 8.659560562354915602E-17, 0.7071067811865489050 ) ) ;
#633 = DIRECTION ( 'NONE',  ( -1.000000000000000000, 0.000000000000000000, 0.000000000000000000 ) ) ;
#634 = ORIENTED_EDGE ( 'NONE', *, *, #263, .T. ) ;
#635 = CARTESIAN_POINT ( 'NONE',  ( -19.50000000000000711, -6.000000000000000000, -5.500000000000007105 ) ) ;
#636 = EDGE_CURVE ( 'NONE', #2351, #42, #747, .T. ) ;
#637 = ORIENTED_EDGE ( 'NONE', *, *, #1768, .F. ) ;
#638 = CARTESIAN_POINT ( 'NONE',  ( 21.70710678118653902, -2.636038969321071512, 2.792893218813449874 ) ) ;
#639 = CARTESIAN_POINT ( 'NONE',  ( 17.00000000000000000, -6.000000000000000000, -0.5000000000000143219 ) ) ;
#640 = EDGE_CURVE ( 'NONE', #2135, #858, #3205, .T. ) ;
#641 = DIRECTION ( 'NONE',  ( -0.000000000000000000, 0.7071067811865474617, -0.7071067811865474617 ) ) ;
#642 = ORIENTED_EDGE ( 'NONE', *, *, #1800, .T. ) ;
#643 = LINE ( 'NONE', #2448, #2608 ) ;
#644 = EDGE_LOOP ( 'NONE', ( #2121, #2069, #860, #168 ) ) ;
#645 = FACE_OUTER_BOUND ( 'NONE', #1013, .T. ) ;
#646 = CARTESIAN_POINT ( 'NONE',  ( 21.00000000000000000, 0.000000000000000000, -3.199999999999999734 ) ) ;
#647 = DIRECTION ( 'NONE',  ( 1.000000000000000000, 0.000000000000000000, -1.284980352575412699E-16 ) ) ;
#648 = EDGE_LOOP ( 'NONE', ( #57, #1563, #2659, #2823 ) ) ;
#649 = CIRCLE ( 'NONE', #2979, 1.700000000000000178 ) ;
#650 = LINE ( 'NONE', #2753, #3165 ) ;
#651 = FACE_OUTER_BOUND ( 'NONE', #2580, .T. ) ;
#652 = ORIENTED_EDGE ( 'NONE', *, *, #1228, .F. ) ;
#653 = CARTESIAN_POINT ( 'NONE',  ( 17.00000000000000000, 5.999999999999998224, -5.000000000000000000 ) ) ;
#654 = CARTESIAN_POINT ( 'NONE',  ( 17.00000000000000000, -5.499999999999985789, -0.5000000000000143219 ) ) ;
#655 = ADVANCED_FACE ( 'NONE', ( #831 ), #575, .F. ) ;
#656 = CARTESIAN_POINT ( 'NONE',  ( -21.00000000000000000, 0.000000000000000000, 0.000000000000000000 ) ) ;
#657 = DIRECTION ( 'NONE',  ( 0.000000000000000000, 0.000000000000000000, 1.000000000000000000 ) ) ;
#658 = ORIENTED_EDGE ( 'NONE', *, *, #197, .T. ) ;
#659 = VERTEX_POINT ( 'NONE', #82 ) ;
#660 = ORIENTED_EDGE ( 'NONE', *, *, #2610, .T. ) ;
#661 = DIRECTION ( 'NONE',  ( 0.000000000000000000, 0.000000000000000000, 1.000000000000000000 ) ) ;
#662 = EDGE_CURVE ( 'NONE', #240, #572, #2673, .T. ) ;
#663 = PLANE ( 'NONE',  #614 ) ;
#664 = PLANE ( 'NONE',  #2343 ) ;
#665 = AXIS2_PLACEMENT_3D ( 'NONE', #539, #760, #740 ) ;
#666 = ORIENTED_EDGE ( 'NONE', *, *, #1431, .F. ) ;
#667 = ORIENTED_EDGE ( 'NONE', *, *, #3344, .T. ) ;
#668 = CARTESIAN_POINT ( 'NONE',  ( -22.70000000000000284, 2.081899558550499787E-16, -5.000000000000000000 ) ) ;
#669 = CARTESIAN_POINT ( 'NONE',  ( 18.49999999999998579, 5.499999999999985789, -5.000000000000000000 ) ) ;
#670 = VECTOR ( 'NONE', #3035, 1000.000000000000114 ) ;
#671 = VECTOR ( 'NONE', #1398, 1000.000000000000114 ) ;
#672 = ORIENTED_EDGE ( 'NONE', *, *, #210, .T. ) ;
#673 = VERTEX_POINT ( 'NONE', #864 ) ;
#674 = CARTESIAN_POINT ( 'NONE',  ( 17.00000000000000000, -5.499999999999985789, -5.000000000000000000 ) ) ;
#675 = VECTOR ( 'NONE', #3248, 1000.000000000000000 ) ;
#676 = DIRECTION ( 'NONE',  ( -0.5773502691896257311, 0.5773502691896267303, -0.5773502691896247319 ) ) ;
#677 = EDGE_CURVE ( 'NONE', #759, #1236, #1603, .T. ) ;
#678 = B_SPLINE_CURVE_WITH_KNOTS ( 'NONE', 1,
 ( #2602, #386 ),
 .UNSPECIFIED., .F., .F.,
 ( 2, 2 ),
 ( 0.000000000000000000, 0.0009128709291752857375 ),
 .UNSPECIFIED. ) ;
#679 = FACE_BOUND ( 'NONE', #2057, .T. ) ;
#680 = LINE ( 'NONE', #179, #3127 ) ;
#681 = CARTESIAN_POINT ( 'NONE',  ( -17.50000000000001421, -6.000000000000000000, 0.000000000000000000 ) ) ;
#682 = CARTESIAN_POINT ( 'NONE',  ( 19.00000000000000000, 5.499999999999985789, -5.000000000000000000 ) ) ;
#683 = LINE ( 'NONE', #1465, #2131 ) ;
#684 = ADVANCED_FACE ( 'NONE', ( #1884 ), #1380, .F. ) ;
#685 = DIRECTION ( 'NONE',  ( 1.000000000000000000, 0.000000000000000000, -0.000000000000000000 ) ) ;
#686 = PLANE ( 'NONE',  #1318 ) ;
#687 = ORIENTED_EDGE ( 'NONE', *, *, #2081, .T. ) ;
#688 = CARTESIAN_POINT ( 'NONE',  ( -19.00000000000000000, -1.000000000000000000, -11.11324865405183893 ) ) ;
#689 = ORIENTED_EDGE ( 'NONE', *, *, #3212, .T. ) ;
#690 = VERTEX_POINT ( 'NONE', #2385 ) ;
#691 = CYLINDRICAL_SURFACE ( 'NONE', #302, 1.700000000000000178 ) ;
#692 = CARTESIAN_POINT ( 'NONE',  ( -18.50000000000001421, 1.000000000000000000, -11.11324865405183893 ) ) ;
#693 = LINE ( 'NONE', #2723, #750 ) ;
#694 = VECTOR ( 'NONE', #3351, 1000.000000000000000 ) ;
#695 = CARTESIAN_POINT ( 'NONE',  ( 18.49999999999998579, 5.750000000000012434, -13.85566243270260145 ) ) ;
#696 = VECTOR ( 'NONE', #3030, 1000.000000000000114 ) ;
#697 = EDGE_CURVE ( 'NONE', #1679, #1272, #86, .T. ) ;
#698 = ORIENTED_EDGE ( 'NONE', *, *, #2704, .F. ) ;
#699 = CARTESIAN_POINT ( 'NONE',  ( 17.50000000000001421, 5.499999999999985789, 0.000000000000000000 ) ) ;
#700 = DIRECTION ( 'NONE',  ( 0.000000000000000000, -0.7071067811865439090, 0.7071067811865511255 ) ) ;
#701 = DIRECTION ( 'NONE',  ( 0.000000000000000000, 0.000000000000000000, 1.000000000000000000 ) ) ;
#702 = ADVANCED_FACE ( 'NONE', ( #1652 ), #2430, .T. ) ;
#703 = DIRECTION ( 'NONE',  ( 0.7071067811865474617, -0.7071067811865474617, 0.000000000000000000 ) ) ;
#704 = ORIENTED_EDGE ( 'NONE', *, *, #1273, .T. ) ;
#705 = CARTESIAN_POINT ( 'NONE',  ( 19.50000000000000711, -6.000000000000000000, 0.000000000000000000 ) ) ;
#706 = ORIENTED_EDGE ( 'NONE', *, *, #2835, .T. ) ;
#707 = CARTESIAN_POINT ( 'NONE',  ( -17.50000000000001421, 0.000000000000000000, 0.000000000000000000 ) ) ;
#708 = PLANE ( 'NONE',  #1968 ) ;
#709 = DIRECTION ( 'NONE',  ( 0.000000000000000000, 0.000000000000000000, 1.000000000000000000 ) ) ;
#710 = PLANE ( 'NONE',  #810 ) ;
#711 = ORIENTED_EDGE ( 'NONE', *, *, #1976, .T. ) ;
#712 = PLANE ( 'NONE',  #913 ) ;
#713 = AXIS2_PLACEMENT_3D ( 'NONE', #757, #2301, #2031 ) ;
#714 = CARTESIAN_POINT ( 'NONE',  ( -18.49999999999999289, -6.000000000000000000, -4.499999999999992895 ) ) ;
#715 = CARTESIAN_POINT ( 'NONE',  ( -17.50000000000001421, 0.000000000000000000, 0.000000000000000000 ) ) ;
#716 = ORIENTED_EDGE ( 'NONE', *, *, #2704, .T. ) ;
#717 = ADVANCED_FACE ( 'NONE', ( #176 ), #691, .F. ) ;
#718 = DIRECTION ( 'NONE',  ( 0.000000000000000000, -1.000000000000000000, 0.000000000000000000 ) ) ;
#719 = DIRECTION ( 'NONE',  ( -1.000000000000000000, -1.858632295689435609E-16, -0.000000000000000000 ) ) ;
#720 = ORIENTED_EDGE ( 'NONE', *, *, #1550, .F. ) ;
#721 = ORIENTED_EDGE ( 'NONE', *, *, #3149, .T. ) ;
#722 = DIRECTION ( 'NONE',  ( 1.000000000000000000, 0.000000000000000000, 0.000000000000000000 ) ) ;
#723 = DIRECTION ( 'NONE',  ( -0.000000000000000000, 0.000000000000000000, -1.000000000000000000 ) ) ;
#724 = VERTEX_POINT ( 'NONE', #3041 ) ;
#725 = EDGE_CURVE ( 'NONE', #3140, #1849, #1721, .T. ) ;
#726 = DIRECTION ( 'NONE',  ( 0.000000000000000000, -1.000000000000000000, 0.000000000000000000 ) ) ;
#727 = VECTOR ( 'NONE', #1093, 1000.000000000000000 ) ;
#728 = ORIENTED_EDGE ( 'NONE', *, *, #1514, .F. ) ;
#729 = ORIENTED_EDGE ( 'NONE', *, *, #3042, .T. ) ;
#730 = PLANE ( 'NONE',  #1185 ) ;
#731 = CARTESIAN_POINT ( 'NONE',  ( -18.00000000000000000, -2.850000000000000089, -1.199999999999999956 ) ) ;
#732 = VECTOR ( 'NONE', #1246, 1000.000000000000000 ) ;
#733 = CARTESIAN_POINT ( 'NONE',  ( -19.00000000000000000, 0.000000000000000000, -5.500000000000007105 ) ) ;
#734 = VECTOR ( 'NONE', #703, 1000.000000000000114 ) ;
#735 = FACE_OUTER_BOUND ( 'NONE', #2847, .T. ) ;
#736 = CARTESIAN_POINT ( 'NONE',  ( 22.99999999999999645, 6.000000000000000000, 0.000000000000000000 ) ) ;
#737 = EDGE_LOOP ( 'NONE', ( #574, #2025, #3336, #1613, #504 ) ) ;
#738 = ORIENTED_EDGE ( 'NONE', *, *, #69, .F. ) ;
#739 = ORIENTED_EDGE ( 'NONE', *, *, #2766, .T. ) ;
#740 = DIRECTION ( 'NONE',  ( -1.000000000000000000, 0.000000000000000000, 0.000000000000000000 ) ) ;
#741 = PLANE ( 'NONE',  #2917 ) ;
#742 = ADVANCED_FACE ( 'NONE', ( #3271 ), #2576, .F. ) ;
#743 = ORIENTED_EDGE ( 'NONE', *, *, #1697, .T. ) ;
#744 = ORIENTED_EDGE ( 'NONE', *, *, #2313, .T. ) ;
#745 = VECTOR ( 'NONE', #2965, 1000.000000000000000 ) ;
#746 = PLANE ( 'NONE',  #2049 ) ;
#747 = CIRCLE ( 'NONE', #906, 2.200000000000000622 ) ;
#748 = EDGE_CURVE ( 'NONE', #3112, #1624, #125, .T. ) ;
#749 = ORIENTED_EDGE ( 'NONE', *, *, #285, .F. ) ;
#750 = VECTOR ( 'NONE', #2760, 1000.000000000000000 ) ;
#751 = PLANE ( 'NONE',  #290 ) ;
#752 = DIRECTION ( 'NONE',  ( 0.7071067811865469066, 0.000000000000000000, -0.7071067811865482389 ) ) ;
#753 = CARTESIAN_POINT ( 'NONE',  ( -19.00000000000000000, 1.000000000000000000, -8.511186350715970406 ) ) ;
#754 = PLANE ( 'NONE',  #2181 ) ;
#755 = ADVANCED_FACE ( 'NONE', ( #954 ), #2875, .T. ) ;
#756 = VECTOR ( 'NONE', #1188, 1000.000000000000227 ) ;
#757 = CARTESIAN_POINT ( 'NONE',  ( -14.14644660940666654, -14.14644660940671450, 0.000000000000000000 ) ) ;
#758 = CARTESIAN_POINT ( 'NONE',  ( -18.50000000000001421, 6.000000000000000000, -4.500000000000006217 ) ) ;
#759 = VERTEX_POINT ( 'NONE', #1151 ) ;
#760 = DIRECTION ( 'NONE',  ( 0.000000000000000000, -0.7071067811865475727, 0.7071067811865475727 ) ) ;
#761 = LINE ( 'NONE', #2826, #413 ) ;
#762 = CIRCLE ( 'NONE', #2652, 1.700000000000000178 ) ;
#763 = ORIENTED_EDGE ( 'NONE', *, *, #1315, .F. ) ;
#764 = ORIENTED_EDGE ( 'NONE', *, *, #2872, .F. ) ;
#765 = DIRECTION ( 'NONE',  ( 0.000000000000000000, 0.000000000000000000, -1.000000000000000000 ) ) ;
#766 = EDGE_CURVE ( 'NONE', #1236, #2324, #1457, .T. ) ;
#767 = CARTESIAN_POINT ( 'NONE',  ( -18.83706211690531873, 2.674124233810611262, 1.337062116905305631 ) ) ;
#768 = CARTESIAN_POINT ( 'NONE',  ( 22.79289321881345742, -5.499999999999985789, 0.000000000000000000 ) ) ;
#769 = DIRECTION ( 'NONE',  ( -0.7071067811865524577, 0.000000000000000000, 0.7071067811865426878 ) ) ;
#770 = ORIENTED_EDGE ( 'NONE', *, *, #420, .F. ) ;
#771 = B_SPLINE_CURVE_WITH_KNOTS ( 'NONE', 1,
 ( #2010, #1240 ),
 .UNSPECIFIED., .F., .F.,
 ( 2, 2 ),
 ( 0.000000000000000000, 0.001527525231651964818 ),
 .UNSPECIFIED. ) ;
#772 = EDGE_CURVE ( 'NONE', #184, #2651, #1931, .T. ) ;
#773 = CARTESIAN_POINT ( 'NONE',  ( -18.50000000000001421, 0.000000000000000000, -5.000000000000000000 ) ) ;
#774 = DIRECTION ( 'NONE',  ( 0.000000000000000000, 0.000000000000000000, 1.000000000000000000 ) ) ;
#775 = ORIENTED_EDGE ( 'NONE', *, *, #3254, .F. ) ;
#776 = ORIENTED_EDGE ( 'NONE', *, *, #725, .F. ) ;
#777 = ORIENTED_EDGE ( 'NONE', *, *, #1980, .T. ) ;
#778 = DIRECTION ( 'NONE',  ( 0.000000000000000000, -0.7071067811865440200, -0.7071067811865511255 ) ) ;
#779 = LINE ( 'NONE', #1252, #583 ) ;
#780 = ORIENTED_EDGE ( 'NONE', *, *, #2674, .T. ) ;
#781 = ORIENTED_EDGE ( 'NONE', *, *, #1813, .T. ) ;
#782 = CARTESIAN_POINT ( 'NONE',  ( -24.49999999999998579, 3.792893218813440992, 0.000000000000000000 ) ) ;
#783 = ORIENTED_EDGE ( 'NONE', *, *, #772, .T. ) ;
#784 = ADVANCED_FACE ( 'NONE', ( #1684 ), #1183, .T. ) ;
#785 = ORIENTED_EDGE ( 'NONE', *, *, #2037, .F. ) ;
#786 = DIRECTION ( 'NONE',  ( 0.5773502691896231775, 0.5773502691896311712, -0.5773502691896230665 ) ) ;
#787 = FACE_OUTER_BOUND ( 'NONE', #2073, .T. ) ;
#788 = PERSON_AND_ORGANIZATION ( #935, #99 ) ;
#789 = ORIENTED_EDGE ( 'NONE', *, *, #73, .T. ) ;
#790 = DIRECTION ( 'NONE',  ( 0.000000000000000000, 0.000000000000000000, -1.000000000000000000 ) ) ;
#791 = DIRECTION ( 'NONE',  ( 0.000000000000000000, 0.000000000000000000, 1.000000000000000000 ) ) ;
#792 = EDGE_CURVE ( 'NONE', #1257, #1865, #1200, .T. ) ;
#793 = EDGE_LOOP ( 'NONE', ( #222, #39, #1374, #2732 ) ) ;
#794 = PLANE ( 'NONE',  #665 ) ;
#795 = PLANE ( 'NONE',  #142 ) ;
#796 = EDGE_LOOP ( 'NONE', ( #1515, #806, #838, #3204, #3026, #1551, #1501, #2232, #582, #2394, #1835, #1785, #1358, #1765, #2984, #3187 ) ) ;
#797 = CARTESIAN_POINT ( 'NONE',  ( 28.33333333333333925, 0.6666666666666574148, -12.66666666666667140 ) ) ;
#798 = VECTOR ( 'NONE', #1531, 1000.000000000000114 ) ;
#799 = LINE ( 'NONE', #2314, #41 ) ;
#800 = CARTESIAN_POINT ( 'NONE',  ( 24.50000000000000355, 2.850000000000000533, -3.199999999999999734 ) ) ;
#801 = SECURITY_CLASSIFICATION_LEVEL ( 'unclassified' ) ;
#802 = ORIENTED_EDGE ( 'NONE', *, *, #1127, .T. ) ;
#803 = DIRECTION ( 'NONE',  ( 0.000000000000000000, 0.000000000000000000, -1.000000000000000000 ) ) ;
#804 = ADVANCED_FACE ( 'NONE', ( #1219, #3252 ), #385, .T. ) ;
#805 = CARTESIAN_POINT ( 'NONE',  ( -23.00000000000000000, -3.999999999999991562, -17.99999999999999645 ) ) ;
#806 = ORIENTED_EDGE ( 'NONE', *, *, #1725, .T. ) ;
#807 = PLANE ( 'NONE',  #1466 ) ;
#808 = DIRECTION ( 'NONE',  ( 0.000000000000000000, 1.000000000000000000, 0.000000000000000000 ) ) ;
#809 = ORIENTED_EDGE ( 'NONE', *, *, #2999, .F. ) ;
#810 = AXIS2_PLACEMENT_3D ( 'NONE', #1222, #971, #3045 ) ;
#811 = LINE ( 'NONE', #3308, #2976 ) ;
#812 = EDGE_CURVE ( 'NONE', #64, #759, #1439, .T. ) ;
#813 = ORIENTED_EDGE ( 'NONE', *, *, #342, .T. ) ;
#814 = VECTOR ( 'NONE', #641, 1000.000000000000114 ) ;
#815 = ADVANCED_FACE ( 'NONE', ( #908 ), #2720, .T. ) ;
#816 = CARTESIAN_POINT ( 'NONE',  ( 18.49999999999999289, -1.000000000000000000, -11.11324865405183893 ) ) ;
#817 = CARTESIAN_POINT ( 'NONE',  ( -18.50000000000001421, 4.511186350715931326, -5.000000000000002665 ) ) ;
#818 = APPROVAL_DATE_TIME ( #2405, #853 ) ;
#819 = ORIENTED_EDGE ( 'NONE', *, *, #1718, .F. ) ;
#820 = VECTOR ( 'NONE', #208, 1000.000000000000227 ) ;
#821 = EDGE_CURVE ( 'NONE', #1986, #467, #1167, .T. ) ;
#822 = DIRECTION ( 'NONE',  ( -1.000000000000000000, 0.000000000000000000, 0.000000000000000000 ) ) ;
#823 = LINE ( 'NONE', #1846, #2246 ) ;
#824 = EDGE_CURVE ( 'NONE', #2177, #2988, #1950, .T. ) ;
#825 = ORIENTED_EDGE ( 'NONE', *, *, #885, .T. ) ;
#826 = VERTEX_POINT ( 'NONE', #674 ) ;
#827 = PLANE ( 'NONE',  #3309 ) ;
#828 = CARTESIAN_POINT ( 'NONE',  ( 19.00000000000000000, 5.499999999999985789, -5.500000000000014211 ) ) ;
#829 = EDGE_CURVE ( 'NONE', #2317, #2700, #2479, .T. ) ;
#830 = ORIENTED_EDGE ( 'NONE', *, *, #1834, .F. ) ;
#831 = FACE_OUTER_BOUND ( 'NONE', #644, .T. ) ;
#832 = VERTEX_POINT ( 'NONE', #2771 ) ;
#833 = ADVANCED_FACE ( 'NONE', ( #2842 ), #1251, .T. ) ;
#834 = CARTESIAN_POINT ( 'NONE',  ( -22.99999999999999289, 6.000000000000000000, 0.000000000000000000 ) ) ;
#835 = LINE ( 'NONE', #1553, #1066 ) ;
#836 = VERTEX_POINT ( 'NONE', #2524 ) ;
#837 = APPROVAL_DATE_TIME ( #1040, #1479 ) ;
#838 = ORIENTED_EDGE ( 'NONE', *, *, #2270, .T. ) ;
#839 = CARTESIAN_POINT ( 'NONE',  ( -19.00000000000000000, -5.499999999999992895, -13.13397459621554475 ) ) ;
#840 = LINE ( 'NONE', #1596, #2054 ) ;
#841 = EDGE_CURVE ( 'NONE', #2675, #122, #3303, .T. ) ;
#842 = ORIENTED_EDGE ( 'NONE', *, *, #73, .F. ) ;
#843 = DIRECTION ( 'NONE',  ( 1.000000000000000000, -0.000000000000000000, -0.000000000000000000 ) ) ;
#844 = ORIENTED_EDGE ( 'NONE', *, *, #2470, .F. ) ;
#845 = CARTESIAN_POINT ( 'NONE',  ( -21.70710678118662074, -2.636038969321035097, 2.792893218813367717 ) ) ;
#846 = VERTEX_POINT ( 'NONE', #1751 ) ;
#847 = CARTESIAN_POINT ( 'NONE',  ( 21.33333333333334991, -7.666666666666659857, -14.33333333333334636 ) ) ;
#848 = ORIENTED_EDGE ( 'NONE', *, *, #2450, .F. ) ;
#849 = ADVANCED_FACE ( 'NONE', ( #1014 ), #1635, .F. ) ;
#850 = EDGE_LOOP ( 'NONE', ( #923, #3183, #844, #1647 ) ) ;
#851 = VECTOR ( 'NONE', #1433, 1000.000000000000000 ) ;
#852 = CARTESIAN_POINT ( 'NONE',  ( 17.00000000000000000, 5.499999999999985789, -0.5000000000000143219 ) ) ;
#853 = APPROVAL ( #324, 'UNSPECIFIED' ) ;
#854 = LINE ( 'NONE', #1063, #75 ) ;
#855 = DIRECTION ( 'NONE',  ( 1.000000000000000000, 0.000000000000000000, 0.000000000000000000 ) ) ;
#856 = ORIENTED_EDGE ( 'NONE', *, *, #2165, .F. ) ;
#857 = EDGE_CURVE ( 'NONE', #2910, #492, #1270, .T. ) ;
#858 = VERTEX_POINT ( 'NONE', #2825 ) ;
#859 = DIRECTION ( 'NONE',  ( 0.000000000000000000, 1.000000000000000000, 0.000000000000000000 ) ) ;
#860 = ORIENTED_EDGE ( 'NONE', *, *, #360, .T. ) ;
#861 = CARTESIAN_POINT ( 'NONE',  ( -18.49999999999999289, -5.750000000000004441, -13.85566243270259612 ) ) ;
#862 = ORIENTED_EDGE ( 'NONE', *, *, #3141, .F. ) ;
#863 = ORIENTED_EDGE ( 'NONE', *, *, #1189, .T. ) ;
#864 = CARTESIAN_POINT ( 'NONE',  ( -19.30000000000000071, 0.000000000000000000, -5.000000000000000000 ) ) ;
#865 = EDGE_CURVE ( 'NONE', #724, #2675, #2095, .T. ) ;
#866 = CARTESIAN_POINT ( 'NONE',  ( -17.33937776385970508, -0.1606222361403269461, -11.78333421451491958 ) ) ;
#867 = COORDINATED_UNIVERSAL_TIME_OFFSET ( 1, 0, .AHEAD. ) ;
#868 = DIRECTION ( 'NONE',  ( 1.000000000000000000, 0.000000000000000000, 0.000000000000000000 ) ) ;
#869 = CARTESIAN_POINT ( 'NONE',  ( -17.00000000000000000, -5.999999999999998224, -5.000000000000000000 ) ) ;
#870 = ORIENTED_EDGE ( 'NONE', *, *, #3221, .F. ) ;
#871 = EDGE_CURVE ( 'NONE', #3291, #3174, #2595, .T. ) ;
#872 = ORIENTED_EDGE ( 'NONE', *, *, #1372, .F. ) ;
#873 = ORIENTED_EDGE ( 'NONE', *, *, #1315, .T. ) ;
#874 = LINE ( 'NONE', #2938, #2843 ) ;
#875 = VERTEX_POINT ( 'NONE', #2306 ) ;
#876 = CARTESIAN_POINT ( 'NONE',  ( -19.00000000000000000, -5.499999999999992895, -5.500000000000007105 ) ) ;
#877 = ORIENTED_EDGE ( 'NONE', *, *, #636, .F. ) ;
#878 = LINE ( 'NONE', #372, #2692 ) ;
#879 = ADVANCED_FACE ( 'NONE', ( #2560, #1804 ), #1030, .F. ) ;
#880 = LINE ( 'NONE', #1395, #460 ) ;
#881 = VECTOR ( 'NONE', #36, 1000.000000000000000 ) ;
#882 = LINE ( 'NONE', #362, #1728 ) ;
#883 = CARTESIAN_POINT ( 'NONE',  ( -22.99999999999999289, 6.000000000000000000, -0.5000000000000134337 ) ) ;
#884 = CARTESIAN_POINT ( 'NONE',  ( 0.000000000000000000, 6.000000000000000000, -4.500000000000006217 ) ) ;
#885 = EDGE_CURVE ( 'NONE', #519, #1982, #3338, .T. ) ;
#886 = AXIS2_PLACEMENT_3D ( 'NONE', #688, #2458, #173 ) ;
#887 = CARTESIAN_POINT ( 'NONE',  ( 19.30000000000000071, 2.081899558550499787E-16, -0.5000000000000029976 ) ) ;
#888 = VECTOR ( 'NONE', #2282, 1000.000000000000000 ) ;
#889 = DIRECTION ( 'NONE',  ( 1.000000000000000000, 3.903127820947810440E-15, -0.000000000000000000 ) ) ;
#890 = ORIENTED_EDGE ( 'NONE', *, *, #792, .T. ) ;
#891 = CARTESIAN_POINT ( 'NONE',  ( 17.00000000000000000, -5.499999999999985789, 0.000000000000000000 ) ) ;
#892 = EDGE_CURVE ( 'NONE', #2147, #2988, #2787, .T. ) ;
#893 = CIRCLE ( 'NONE', #2784, 1.700000000000000178 ) ;
#894 = EDGE_LOOP ( 'NONE', ( #3201, #1915, #2066, #2928 ) ) ;
#895 = CARTESIAN_POINT ( 'NONE',  ( -24.50000000000000711, 2.849999999999998757, -3.199999999999999734 ) ) ;
#896 = DIRECTION ( 'NONE',  ( -0.7071067811865474617, 0.7071067811865474617, 0.000000000000000000 ) ) ;
#897 = VECTOR ( 'NONE', #194, 1000.000000000000000 ) ;
#898 = CARTESIAN_POINT ( 'NONE',  ( 19.00000000000000000, -5.500000000000000000, -5.500000000000000888 ) ) ;
#899 = CARTESIAN_POINT ( 'NONE',  ( -17.50000000000001421, -6.000000000000000000, -0.5000000000000143219 ) ) ;
#900 = CARTESIAN_POINT ( 'NONE',  ( 17.00000000000000000, 4.511186350715931326, -0.5000000000000143219 ) ) ;
#901 = DIRECTION ( 'NONE',  ( 0.000000000000000000, 0.000000000000000000, -1.000000000000000000 ) ) ;
#902 = EDGE_CURVE ( 'NONE', #3010, #1324, #521, .T. ) ;
#903 = EDGE_LOOP ( 'NONE', ( #2086, #538, #1844 ) ) ;
#904 = CARTESIAN_POINT ( 'NONE',  ( 19.00000000000000000, 0.000000000000000000, -5.500000000000000888 ) ) ;
#905 = DIRECTION ( 'NONE',  ( 1.000000000000000000, 0.000000000000000000, 0.000000000000000000 ) ) ;
#906 = AXIS2_PLACEMENT_3D ( 'NONE', #2418, #1105, #296 ) ;
#907 = ORIENTED_EDGE ( 'NONE', *, *, #1268, .F. ) ;
#908 = FACE_OUTER_BOUND ( 'NONE', #737, .T. ) ;
#909 = CARTESIAN_POINT ( 'NONE',  ( -21.00000000000000000, 0.000000000000000000, 0.000000000000000000 ) ) ;
#910 = FACE_OUTER_BOUND ( 'NONE', #347, .T. ) ;
#911 = DIRECTION ( 'NONE',  ( 1.000000000000000000, 4.336808689942016257E-16, 0.000000000000000000 ) ) ;
#912 = LOCAL_TIME ( 9, 10, 57.00000000000000000, #359 ) ;
#913 = AXIS2_PLACEMENT_3D ( 'NONE', #1743, #3103, #2062 ) ;
#914 = FACE_OUTER_BOUND ( 'NONE', #1568, .T. ) ;
#915 = DIRECTION ( 'NONE',  ( 0.000000000000000000, 0.000000000000000000, 1.000000000000000000 ) ) ;
#916 = CARTESIAN_POINT ( 'NONE',  ( 19.00000000000000000, 1.500000000000014433, -8.511186350715970406 ) ) ;
#917 = VECTOR ( 'NONE', #915, 1000.000000000000000 ) ;
#918 = ORIENTED_EDGE ( 'NONE', *, *, #1476, .T. ) ;
#919 = CARTESIAN_POINT ( 'NONE',  ( 19.00000000000000000, 5.999999999999998224, -5.500000000000014211 ) ) ;
#920 = PLANE ( 'NONE',  #3004 ) ;
#921 = EDGE_CURVE ( 'NONE', #1528, #2324, #1530, .T. ) ;
#922 = ORIENTED_EDGE ( 'NONE', *, *, #3033, .T. ) ;
#923 = ORIENTED_EDGE ( 'NONE', *, *, #2227, .T. ) ;
#924 = CARTESIAN_POINT ( 'NONE',  ( 17.63952021129358982, 4.154763952085807510, -4.139520211293604035 ) ) ;
#925 = DIRECTION ( 'NONE',  ( 0.6785983445458458885, 0.2810846377148253361, 0.6785983445458459995 ) ) ;
#926 = ADVANCED_FACE ( 'NONE', ( #1492 ), #2272, .T. ) ;
#927 = CARTESIAN_POINT ( 'NONE',  ( 17.99999999999999645, 2.850000000000021849, -3.199999999999999734 ) ) ;
#928 = FACE_OUTER_BOUND ( 'NONE', #159, .T. ) ;
#929 = EDGE_CURVE ( 'NONE', #1830, #3144, #1545, .T. ) ;
#930 = CARTESIAN_POINT ( 'NONE',  ( -19.00000000000000000, -5.499999999999992895, 0.000000000000000000 ) ) ;
#931 = CARTESIAN_POINT ( 'NONE',  ( 25.00000000000000355, -6.000000000000000000, -16.00000000000000000 ) ) ;
#932 = CARTESIAN_POINT ( 'NONE',  ( 17.00000000000000000, -4.511186350715931326, -5.000000000000000000 ) ) ;
#933 = CARTESIAN_POINT ( 'NONE',  ( 17.50000000000001421, -4.011186350715917115, 0.000000000000000000 ) ) ;
#934 = CARTESIAN_POINT ( 'NONE',  ( 21.00000000000000000, 0.000000000000000000, -3.199999999999999734 ) ) ;
#935 = PERSON ( 'UNSPECIFIED', 'UNSPECIFIED', 'UNSPECIFIED', ('UNSPECIFIED'), ('UNSPECIFIED'), ('UNSPECIFIED') ) ;
#936 = CARTESIAN_POINT ( 'NONE',  ( -21.67838732942345104, -4.178387329423459029, -9.278205873820317251 ) ) ;
#937 = ORIENTED_EDGE ( 'NONE', *, *, #1936, .T. ) ;
#938 = DIRECTION ( 'NONE',  ( -0.7071067811865462405, -0.7071067811865487940, -0.000000000000000000 ) ) ;
#939 = ADVANCED_FACE ( 'NONE', ( #224 ), #794, .T. ) ;
#940 = PLANE ( 'NONE',  #592 ) ;
#941 = LINE ( 'NONE', #3257, #814 ) ;
#942 = DIRECTION ( 'NONE',  ( 0.7071067811865479058, -0.7071067811865472397, 0.000000000000000000 ) ) ;
#943 = EDGE_CURVE ( 'NONE', #1044, #1686, #1766, .T. ) ;
#944 = ORIENTED_EDGE ( 'NONE', *, *, #2869, .T. ) ;
#945 = VECTOR ( 'NONE', #1178, 1000.000000000000000 ) ;
#946 = CARTESIAN_POINT ( 'NONE',  ( -21.00000000000000000, 0.000000000000000000, -3.199999999999999734 ) ) ;
#947 = LINE ( 'NONE', #1978, #458 ) ;
#948 = LINE ( 'NONE', #395, #1642 ) ;
#949 = ORIENTED_EDGE ( 'NONE', *, *, #1839, .T. ) ;
#950 = CARTESIAN_POINT ( 'NONE',  ( 18.49999999999999289, -4.511186350715931326, -5.000000000000002665 ) ) ;
#951 = CARTESIAN_POINT ( 'NONE',  ( -19.49999999999998579, 6.000000000000000000, -13.13397459621556962 ) ) ;
#952 = VERTEX_POINT ( 'NONE', #2578 ) ;
#953 = EDGE_LOOP ( 'NONE', ( #1417, #3166, #2915, #471 ) ) ;
#954 = FACE_OUTER_BOUND ( 'NONE', #2812, .T. ) ;
#955 = LINE ( 'NONE', #1988, #409 ) ;
#956 = VECTOR ( 'NONE', #1535, 1000.000000000000114 ) ;
#957 = CARTESIAN_POINT ( 'NONE',  ( 0.000000000000000000, 0.000000000000000000, -1.199999999999999956 ) ) ;
#958 = CARTESIAN_POINT ( 'NONE',  ( 17.00000000000000000, -4.511186350715931326, -0.5000000000000143219 ) ) ;
#959 = ADVANCED_FACE ( 'NONE', ( #1818 ), #3076, .T. ) ;
#960 = EDGE_LOOP ( 'NONE', ( #10, #3123, #541, #1306 ) ) ;
#961 = DIRECTION ( 'NONE',  ( 1.000000000000000000, 0.000000000000000000, 0.000000000000000000 ) ) ;
#962 = LINE ( 'NONE', #268, #1912 ) ;
#963 = CARTESIAN_POINT ( 'NONE',  ( 18.49999999999998579, 6.000000000000000888, -14.00000000000000178 ) ) ;
#964 = CARTESIAN_POINT ( 'NONE',  ( 25.00000000000000355, 2.849999999999998757, -1.199999999999999956 ) ) ;
#965 = CARTESIAN_POINT ( 'NONE',  ( 17.50000000000001421, -6.000000000000000000, -4.499999999999992895 ) ) ;
#966 = EDGE_CURVE ( 'NONE', #2975, #1080, #333, .T. ) ;
#967 = VERTEX_POINT ( 'NONE', #1357 ) ;
#968 = DIRECTION ( 'NONE',  ( 0.000000000000000000, 1.000000000000000000, 0.000000000000000000 ) ) ;
#969 = DIRECTION ( 'NONE',  ( 0.000000000000000000, 0.000000000000000000, -1.000000000000000000 ) ) ;
#970 = DIRECTION ( 'NONE',  ( 0.000000000000000000, 0.000000000000000000, 1.000000000000000000 ) ) ;
#971 = DIRECTION ( 'NONE',  ( 1.000000000000000000, 0.000000000000000000, 0.000000000000000000 ) ) ;
#972 = ADVANCED_FACE ( 'NONE', ( #554 ), #807, .T. ) ;
#973 = ORIENTED_EDGE ( 'NONE', *, *, #1889, .F. ) ;
#974 = CARTESIAN_POINT ( 'NONE',  ( 23.75900389847527805, 7.832397505593037934, -2.332397505593052145 ) ) ;
#975 = DIRECTION ( 'NONE',  ( 0.000000000000000000, 0.000000000000000000, 1.000000000000000000 ) ) ;
#976 = DIRECTION ( 'NONE',  ( 1.000000000000000000, 0.000000000000000000, -1.284980352575412699E-16 ) ) ;
#977 = CARTESIAN_POINT ( 'NONE',  ( -23.00000000000000000, -6.000000000000000000, -17.99999999999999645 ) ) ;
#978 = PLANE ( 'NONE',  #1319 ) ;
#979 = VECTOR ( 'NONE', #803, 1000.000000000000000 ) ;
#980 = ORIENTED_EDGE ( 'NONE', *, *, #2597, .T. ) ;
#981 = DIRECTION ( 'NONE',  ( 0.7071067811865474617, -0.7071067811865474617, -0.000000000000000000 ) ) ;
#982 = CC_DESIGN_PERSON_AND_ORGANIZATION_ASSIGNMENT ( #301, #2661, ( #2813 ) ) ;
#983 = DIRECTION ( 'NONE',  ( 0.000000000000000000, 0.000000000000000000, 1.000000000000000000 ) ) ;
#984 = ORIENTED_EDGE ( 'NONE', *, *, #1352, .F. ) ;
#985 = CARTESIAN_POINT ( 'NONE',  ( -17.50000000000001421, -5.749999999999992895, -0.2500000000000071609 ) ) ;
#986 = EDGE_CURVE ( 'NONE', #3119, #81, #2892, .T. ) ;
#987 = EDGE_LOOP ( 'NONE', ( #1710, #1572, #2245, #2226 ) ) ;
#988 = ORIENTED_EDGE ( 'NONE', *, *, #3297, .T. ) ;
#989 = ORIENTED_EDGE ( 'NONE', *, *, #1476, .F. ) ;
#990 = FACE_OUTER_BOUND ( 'NONE', #2811, .T. ) ;
#991 = CARTESIAN_POINT ( 'NONE',  ( 15.33333333333334991, 13.66666666666665009, -8.333333333333321491 ) ) ;
#992 = CARTESIAN_POINT ( 'NONE',  ( 18.49999999999999289, -6.000000000000000000, -4.499999999999992006 ) ) ;
#993 = CARTESIAN_POINT ( 'NONE',  ( 0.000000000000000000, -4.011186350715917115, 0.000000000000000000 ) ) ;
#994 = DIRECTION ( 'NONE',  ( -0.000000000000000000, -0.000000000000000000, 1.000000000000000000 ) ) ;
#995 = EDGE_CURVE ( 'NONE', #1651, #2993, #2398, .T. ) ;
#996 = VERTEX_POINT ( 'NONE', #1599 ) ;
#997 = ORIENTED_EDGE ( 'NONE', *, *, #3311, .F. ) ;
#998 = VECTOR ( 'NONE', #3005, 999.9999999999998863 ) ;
#999 = CARTESIAN_POINT ( 'NONE',  ( 0.000000000000000000, 6.000000000000000000, -4.499999999999985789 ) ) ;
#1000 = FACE_OUTER_BOUND ( 'NONE', #1610, .T. ) ;
#1001 = VECTOR ( 'NONE', #2003, 1000.000000000000114 ) ;
#1002 = CIRCLE ( 'NONE', #2201, 1.700000000000000178 ) ;
#1003 = ORIENTED_EDGE ( 'NONE', *, *, #885, .F. ) ;
#1004 = CARTESIAN_POINT ( 'NONE',  ( -24.50000000000000711, 2.849999999999998757, -3.199999999999999734 ) ) ;
#1005 = ORIENTED_EDGE ( 'NONE', *, *, #336, .F. ) ;
#1006 = DIRECTION ( 'NONE',  ( 0.000000000000000000, 0.000000000000000000, -1.000000000000000000 ) ) ;
#1007 = DIRECTION ( 'NONE',  ( 0.000000000000000000, 1.000000000000000000, 0.000000000000000000 ) ) ;
#1008 = CARTESIAN_POINT ( 'NONE',  ( -17.00000000000000000, 5.999999999999998224, -5.000000000000000000 ) ) ;
#1009 = CARTESIAN_POINT ( 'NONE',  ( -17.50000000000001421, 6.000000000000000000, -4.500000000000006217 ) ) ;
#1010 = CARTESIAN_POINT ( 'NONE',  ( 0.000000000000000000, 0.000000000000000000, -5.000000000000000000 ) ) ;
#1011 = ADVANCED_FACE ( 'NONE', ( #2630 ), #297, .T. ) ;
#1012 = VECTOR ( 'NONE', #896, 1000.000000000000114 ) ;
#1013 = EDGE_LOOP ( 'NONE', ( #3255, #478, #1821, #1664 ) ) ;
#1014 = FACE_OUTER_BOUND ( 'NONE', #1727, .T. ) ;
#1015 = LINE ( 'NONE', #2342, #2193 ) ;
#1016 = EDGE_CURVE ( 'NONE', #1089, #1686, #1083, .T. ) ;
#1017 = VERTEX_POINT ( 'NONE', #2129 ) ;
#1018 = PLANE ( 'NONE',  #2960 ) ;
#1019 = EDGE_CURVE ( 'NONE', #2913, #1510, #106, .T. ) ;
#1020 = DIRECTION ( 'NONE',  ( 0.000000000000000000, 1.000000000000000000, 0.000000000000000000 ) ) ;
#1021 = CARTESIAN_POINT ( 'NONE',  ( 18.49999999999999289, 0.000000000000000000, -5.000000000000000000 ) ) ;
#1022 = EDGE_CURVE ( 'NONE', #509, #3144, #77, .T. ) ;
#1023 = CARTESIAN_POINT ( 'NONE',  ( -28.33333333333333925, 0.6666666666666548613, -12.66666666666666607 ) ) ;
#1024 = VERTEX_POINT ( 'NONE', #2413 ) ;
#1025 = LINE ( 'NONE', #964, #2681 ) ;
#1026 = CARTESIAN_POINT ( 'NONE',  ( -21.00000000000000000, 0.000000000000000000, -5.000000000000000000 ) ) ;
#1027 = ORIENTED_EDGE ( 'NONE', *, *, #677, .T. ) ;
#1028 = ORIENTED_EDGE ( 'NONE', *, *, #3149, .F. ) ;
#1029 = ORIENTED_EDGE ( 'NONE', *, *, #3240, .T. ) ;
#1030 = PLANE ( 'NONE',  #2990 ) ;
#1031 = FACE_OUTER_BOUND ( 'NONE', #2594, .T. ) ;
#1032 = ORIENTED_EDGE ( 'NONE', *, *, #3273, .T. ) ;
#1033 = DIRECTION ( 'NONE',  ( 0.000000000000000000, 0.000000000000000000, -1.000000000000000000 ) ) ;
#1034 = VECTOR ( 'NONE', #3323, 1000.000000000000114 ) ;
#1035 = VECTOR ( 'NONE', #2623, 1000.000000000000000 ) ;
#1036 = ORIENTED_EDGE ( 'NONE', *, *, #2932, .F. ) ;
#1037 = ADVANCED_FACE ( 'NONE', ( #3156 ), #1631, .F. ) ;
#1038 = DIRECTION ( 'NONE',  ( 0.000000000000000000, -0.000000000000000000, 1.000000000000000000 ) ) ;
#1039 = DIRECTION ( 'NONE',  ( 0.000000000000000000, 0.000000000000000000, -1.000000000000000000 ) ) ;
#1040 = DATE_AND_TIME ( #3116, #105 ) ;
#1041 = ORIENTED_EDGE ( 'NONE', *, *, #3078, .T. ) ;
#1042 = LINE ( 'NONE', #2354, #1853 ) ;
#1043 = DIRECTION ( 'NONE',  ( -0.2810846377148301656, -0.6785983445458450003, -0.6785983445458448893 ) ) ;
#1044 = VERTEX_POINT ( 'NONE', #2927 ) ;
#1045 = EDGE_CURVE ( 'NONE', #1865, #509, #2912, .T. ) ;
#1046 = EDGE_LOOP ( 'NONE', ( #90, #354, #223, #1608 ) ) ;
#1047 = VERTEX_POINT ( 'NONE', #1836 ) ;
#1048 = CARTESIAN_POINT ( 'NONE',  ( 22.99999999999999645, 6.000000000000000000, -0.5000000000000140998 ) ) ;
#1049 = FACE_OUTER_BOUND ( 'NONE', #2868, .T. ) ;
#1050 = ADVANCED_FACE ( 'NONE', ( #589 ), #2611, .T. ) ;
#1051 = EDGE_LOOP ( 'NONE', ( #842, #1284, #2460, #877 ) ) ;
#1052 = CARTESIAN_POINT ( 'NONE',  ( -17.00000000000000000, 4.511186350715931326, -5.000000000000000000 ) ) ;
#1053 = ADVANCED_FACE ( 'NONE', ( #43 ), #604, .F. ) ;
#1054 = AXIS2_PLACEMENT_3D ( 'NONE', #2239, #144, #2224 ) ;
#1055 = VECTOR ( 'NONE', #2756, 1000.000000000000114 ) ;
#1056 = ORIENTED_EDGE ( 'NONE', *, *, #2017, .F. ) ;
#1057 = LINE ( 'NONE', #2061, #2256 ) ;
#1058 = DIRECTION ( 'NONE',  ( -0.7071067811865474617, -0.7071067811865474617, 0.000000000000000000 ) ) ;
#1059 = SHAPE_DEFINITION_REPRESENTATION ( #603, #245 ) ;
#1060 = EDGE_CURVE ( 'NONE', #2308, #1047, #874, .T. ) ;
#1061 = VERTEX_POINT ( 'NONE', #1582 ) ;
#1062 = ORIENTED_EDGE ( 'NONE', *, *, #2727, .T. ) ;
#1063 = CARTESIAN_POINT ( 'NONE',  ( 24.50000000000001066, -2.849999999999974332, -3.199999999999999734 ) ) ;
#1064 = LINE ( 'NONE', #1370, #1701 ) ;
#1065 = EDGE_CURVE ( 'NONE', #3119, #1949, #293, .T. ) ;
#1066 = VECTOR ( 'NONE', #1858, 1000.000000000000000 ) ;
#1067 = VERTEX_POINT ( 'NONE', #2112 ) ;
#1068 = EDGE_LOOP ( 'NONE', ( #989, #2191, #1255, #2454 ) ) ;
#1069 = CARTESIAN_POINT ( 'NONE',  ( 18.49999999999999289, -6.000000000000000000, -14.28867513459482197 ) ) ;
#1070 = CARTESIAN_POINT ( 'NONE',  ( 7.000000000000000000, 6.000000000000000000, 7.000000000000000000 ) ) ;
#1071 = ADVANCED_FACE ( 'NONE', ( #3143 ), #827, .F. ) ;
#1072 = ORIENTED_EDGE ( 'NONE', *, *, #165, .F. ) ;
#1073 = DIRECTION ( 'NONE',  ( 0.000000000000000000, 0.000000000000000000, 1.000000000000000000 ) ) ;
#1074 = CARTESIAN_POINT ( 'NONE',  ( -21.00000000000000711, 2.000000000000022649, -19.99999999999998224 ) ) ;
#1075 = DIRECTION ( 'NONE',  ( -1.000000000000000000, 0.000000000000000000, 1.508455196501571183E-16 ) ) ;
#1076 = PERSON_AND_ORGANIZATION_ROLE ( 'design_supplier' ) ;
#1077 = ORIENTED_EDGE ( 'NONE', *, *, #2040, .F. ) ;
#1078 = CARTESIAN_POINT ( 'NONE',  ( -19.00000000000000000, -5.499999999999992895, -5.500000000000007105 ) ) ;
#1079 = LINE ( 'NONE', #600, #3333 ) ;
#1080 = VERTEX_POINT ( 'NONE', #1981 ) ;
#1081 = EDGE_CURVE ( 'NONE', #2308, #1555, #650, .T. ) ;
#1082 = ORIENTED_EDGE ( 'NONE', *, *, #2999, .T. ) ;
#1083 = LINE ( 'NONE', #2653, #2941 ) ;
#1084 = LINE ( 'NONE', #635, #167 ) ;
#1085 = ORIENTED_EDGE ( 'NONE', *, *, #2521, .T. ) ;
#1086 = EDGE_CURVE ( 'NONE', #1047, #3291, #2491, .T. ) ;
#1087 = CARTESIAN_POINT ( 'NONE',  ( -19.30000000000000071, 0.000000000000000000, -5.000000000000000000 ) ) ;
#1088 = EDGE_LOOP ( 'NONE', ( #2802, #1332, #2378, #261 ) ) ;
#1089 = VERTEX_POINT ( 'NONE', #1680 ) ;
#1090 = ADVANCED_FACE ( 'NONE', ( #1927 ), #382, .F. ) ;
#1091 = CARTESIAN_POINT ( 'NONE',  ( -19.00000000000000000, 5.500000000000006217, -13.13397459621556962 ) ) ;
#1092 = DATE_AND_TIME ( #2333, #912 ) ;
#1093 = DIRECTION ( 'NONE',  ( 1.000000000000000000, 4.336808689942016257E-16, 0.000000000000000000 ) ) ;
#1094 = CARTESIAN_POINT ( 'NONE',  ( 17.00000000000000000, 4.511186350715931326, -5.000000000000000000 ) ) ;
#1095 = EDGE_LOOP ( 'NONE', ( #1802, #984, #763, #2082 ) ) ;
#1096 = ORIENTED_EDGE ( 'NONE', *, *, #3212, .F. ) ;
#1097 = ORIENTED_EDGE ( 'NONE', *, *, #2376, .T. ) ;
#1098 = VECTOR ( 'NONE', #1129, 1000.000000000000000 ) ;
#1099 = VERTEX_POINT ( 'NONE', #2971 ) ;
#1100 = CARTESIAN_POINT ( 'NONE',  ( -17.00000000000000000, 4.511186350715931326, -5.000000000000000000 ) ) ;
#1101 = VERTEX_POINT ( 'NONE', #158 ) ;
#1102 = FACE_OUTER_BOUND ( 'NONE', #1305, .T. ) ;
#1103 = EDGE_CURVE ( 'NONE', #1491, #76, #1418, .T. ) ;
#1104 = ORIENTED_EDGE ( 'NONE', *, *, #17, .F. ) ;
#1105 = DIRECTION ( 'NONE',  ( -0.000000000000000000, -0.000000000000000000, -1.000000000000000000 ) ) ;
#1106 = ORIENTED_EDGE ( 'NONE', *, *, #2581, .F. ) ;
#1107 = AXIS2_PLACEMENT_3D ( 'NONE', #1229, #3107, #2283 ) ;
#1108 = DIRECTION ( 'NONE',  ( -6.086749038515142627E-16, 1.000000000000000000, 0.000000000000000000 ) ) ;
#1109 = EDGE_CURVE ( 'NONE', #258, #1823, #2204, .T. ) ;
#1110 = ORIENTED_EDGE ( 'NONE', *, *, #2974, .T. ) ;
#1111 = FACE_OUTER_BOUND ( 'NONE', #120, .T. ) ;
#1112 = DIRECTION ( 'NONE',  ( -1.000000000000000000, -0.000000000000000000, 1.508455196501571183E-16 ) ) ;
#1113 = ORIENTED_EDGE ( 'NONE', *, *, #2872, .T. ) ;
#1114 = ORIENTED_EDGE ( 'NONE', *, *, #2017, .T. ) ;
#1115 = EDGE_CURVE ( 'NONE', #952, #292, #449, .T. ) ;
#1116 = CARTESIAN_POINT ( 'NONE',  ( -19.00000000000000000, 1.499999999999993561, 0.000000000000000000 ) ) ;
#1117 = ORIENTED_EDGE ( 'NONE', *, *, #1718, .T. ) ;
#1118 = PLANE ( 'NONE',  #113 ) ;
#1119 = EDGE_LOOP ( 'NONE', ( #721, #2126, #3128, #1367 ) ) ;
#1120 = DIRECTION ( 'NONE',  ( -1.000000000000000000, -1.858632295689435609E-16, 0.000000000000000000 ) ) ;
#1121 = EDGE_CURVE ( 'NONE', #996, #1445, #2455, .T. ) ;
#1122 = CIRCLE ( 'NONE', #375, 1.700000000000000178 ) ;
#1123 = EDGE_LOOP ( 'NONE', ( #507, #863, #1644, #2918, #618 ) ) ;
#1124 = CARTESIAN_POINT ( 'NONE',  ( 23.00000000000000000, 4.000000000000005329, -18.00000000000000355 ) ) ;
#1125 = EDGE_CURVE ( 'NONE', #2649, #258, #3268, .T. ) ;
#1126 = ORIENTED_EDGE ( 'NONE', *, *, #1826, .F. ) ;
#1127 = EDGE_CURVE ( 'NONE', #3146, #78, #2733, .T. ) ;
#1128 = LINE ( 'NONE', #681, #3135 ) ;
#1129 = DIRECTION ( 'NONE',  ( -0.5773502691896251759, -0.5773502691896250649, -0.5773502691896270633 ) ) ;
#1130 = AXIS2_PLACEMENT_3D ( 'NONE', #3294, #2795, #1993 ) ;
#1131 = LINE ( 'NONE', #2752, #3329 ) ;
#1132 = AXIS2_PLACEMENT_3D ( 'NONE', #2632, #605, #60 ) ;
#1133 = CARTESIAN_POINT ( 'NONE',  ( -17.00000000000000000, -5.499999999999985789, -0.5000000000000143219 ) ) ;
#1134 = LINE ( 'NONE', #2929, #1403 ) ;
#1135 = VECTOR ( 'NONE', #1221, 1000.000000000000000 ) ;
#1136 = ORIENTED_EDGE ( 'NONE', *, *, #69, .T. ) ;
#1137 = CARTESIAN_POINT ( 'NONE',  ( 18.00000000000000000, -2.850000000000000089, -3.199999999999999734 ) ) ;
#1138 = DIRECTION ( 'NONE',  ( 1.000000000000000000, 0.000000000000000000, 0.000000000000000000 ) ) ;
#1139 = CARTESIAN_POINT ( 'NONE',  ( -17.00000000000000000, -5.499999999999985789, -5.000000000000000000 ) ) ;
#1140 = VECTOR ( 'NONE', #2005, 1000.000000000000000 ) ;
#1141 = EDGE_CURVE ( 'NONE', #3197, #182, #893, .T. ) ;
#1142 = CARTESIAN_POINT ( 'NONE',  ( 17.00000000000000000, 5.999999999999998224, -5.000000000000000000 ) ) ;
#1143 = CARTESIAN_POINT ( 'NONE',  ( 19.00000000000000000, 1.500000000000014877, -10.82457351945702051 ) ) ;
#1144 = LINE ( 'NONE', #1713, #2337 ) ;
#1145 = EDGE_LOOP ( 'NONE', ( #1224, #318, #3285, #1356 ) ) ;
#1146 = VECTOR ( 'NONE', #2871, 1000.000000000000000 ) ;
#1147 = LINE ( 'NONE', #417, #945 ) ;
#1148 = FACE_OUTER_BOUND ( 'NONE', #1600, .T. ) ;
#1149 = EDGE_CURVE ( 'NONE', #1360, #1017, #138, .T. ) ;
#1150 = ORIENTED_EDGE ( 'NONE', *, *, #2500, .F. ) ;
#1151 = CARTESIAN_POINT ( 'NONE',  ( 17.00000000000000000, 4.511186350715931326, -5.000000000000000000 ) ) ;
#1152 = FACE_OUTER_BOUND ( 'NONE', #1708, .T. ) ;
#1153 = VECTOR ( 'NONE', #1043, 1000.000000000000114 ) ;
#1154 = ORIENTED_EDGE ( 'NONE', *, *, #824, .F. ) ;
#1155 = LINE ( 'NONE', #1671, #4 ) ;
#1156 = PLANE ( 'NONE',  #180 ) ;
#1157 = ADVANCED_FACE ( 'NONE', ( #121 ), #686, .F. ) ;
#1158 = LINE ( 'NONE', #2422, #2949 ) ;
#1159 = EDGE_CURVE ( 'NONE', #3065, #1528, #1147, .T. ) ;
#1160 = DIRECTION ( 'NONE',  ( 1.000000000000000000, 0.000000000000000000, 0.000000000000000000 ) ) ;
#1161 = DIRECTION ( 'NONE',  ( -0.6785983445458519947, 0.6785983445458424468, 0.2810846377148190078 ) ) ;
#1162 = EDGE_LOOP ( 'NONE', ( #278, #2613 ) ) ;
#1163 = LINE ( 'NONE', #1195, #734 ) ;
#1164 = ORIENTED_EDGE ( 'NONE', *, *, #1871, .T. ) ;
#1165 = CARTESIAN_POINT ( 'NONE',  ( 25.00000000000000711, -2.849999999999972999, -3.199999999999999734 ) ) ;
#1166 = ORIENTED_EDGE ( 'NONE', *, *, #2059, .F. ) ;
#1167 = LINE ( 'NONE', #924, #1657 ) ;
#1168 = EDGE_CURVE ( 'NONE', #2429, #3302, #2188, .T. ) ;
#1169 = DIRECTION ( 'NONE',  ( 0.7071067811865475727, 0.000000000000000000, -0.7071067811865475727 ) ) ;
#1170 = DIRECTION ( 'NONE',  ( -0.000000000000000000, -0.000000000000000000, -1.000000000000000000 ) ) ;
#1171 = ORIENTED_EDGE ( 'NONE', *, *, #174, .F. ) ;
#1172 = CARTESIAN_POINT ( 'NONE',  ( -19.49999999999998579, 6.000000000000000000, -13.13397459621556962 ) ) ;
#1173 = LINE ( 'NONE', #2214, #2149 ) ;
#1174 = CARTESIAN_POINT ( 'NONE',  ( 18.00000000000000000, -2.850000000000000089, -3.199999999999999734 ) ) ;
#1175 = DIRECTION ( 'NONE',  ( 1.000000000000000000, 0.000000000000000000, -0.000000000000000000 ) ) ;
#1176 = VECTOR ( 'NONE', #1235, 999.9999999999998863 ) ;
#1177 = CARTESIAN_POINT ( 'NONE',  ( 0.000000000000000000, -4.011186350715917115, 0.000000000000000000 ) ) ;
#1178 = DIRECTION ( 'NONE',  ( -1.000000000000000000, 0.000000000000000000, 0.000000000000000000 ) ) ;
#1179 = CARTESIAN_POINT ( 'NONE',  ( -21.00000000000000000, 0.000000000000000000, -5.000000000000000000 ) ) ;
#1180 = AXIS2_PLACEMENT_3D ( 'NONE', #884, #1384, #855 ) ;
#1181 = EDGE_CURVE ( 'NONE', #292, #111, #1163, .T. ) ;
#1182 = ORIENTED_EDGE ( 'NONE', *, *, #3117, .T. ) ;
#1183 = PLANE ( 'NONE',  #2793 ) ;
#1184 = CARTESIAN_POINT ( 'NONE',  ( -19.00000000000000000, 5.500000000000006217, 0.000000000000000000 ) ) ;
#1185 = AXIS2_PLACEMENT_3D ( 'NONE', #2043, #752, #231 ) ;
#1186 = AXIS2_PLACEMENT_3D ( 'NONE', #195, #1971, #1954 ) ;
#1187 = PLANE ( 'NONE',  #2200 ) ;
#1188 = DIRECTION ( 'NONE',  ( -0.6546536707079831929, 0.6546536707079740891, -0.3779644730092219795 ) ) ;
#1189 = EDGE_CURVE ( 'NONE', #1986, #2222, #3231, .T. ) ;
#1190 = VERTEX_POINT ( 'NONE', #2989 ) ;
#1191 = DIRECTION ( 'NONE',  ( -0.7071067811865474617, 0.5000000000000025535, -0.4999999999999975020 ) ) ;
#1192 = DIRECTION ( 'NONE',  ( 1.000000000000000000, 0.000000000000000000, 0.000000000000000000 ) ) ;
#1193 = FACE_OUTER_BOUND ( 'NONE', #1556, .T. ) ;
#1194 = ORIENTED_EDGE ( 'NONE', *, *, #3281, .T. ) ;
#1195 = CARTESIAN_POINT ( 'NONE',  ( 25.00000000000000355, -3.349999999999968114, -3.199999999999999734 ) ) ;
#1196 = DIRECTION ( 'NONE',  ( 3.903127820947810440E-15, -1.000000000000000000, 0.000000000000000000 ) ) ;
#1197 = AXIS2_PLACEMENT_3D ( 'NONE', #715, #498, #202 ) ;
#1198 = AXIS2_PLACEMENT_3D ( 'NONE', #2205, #1735, #2189 ) ;
#1199 = EDGE_LOOP ( 'NONE', ( #2625, #326, #2457, #1581 ) ) ;
#1200 = LINE ( 'NONE', #402, #1001 ) ;
#1201 = CARTESIAN_POINT ( 'NONE',  ( 23.00000000000001066, -6.000000000000000000, -16.00000000000000000 ) ) ;
#1202 = ADVANCED_FACE ( 'NONE', ( #1733 ), #1434, .F. ) ;
#1203 = VECTOR ( 'NONE', #2375, 1000.000000000000000 ) ;
#1204 = B_SPLINE_CURVE_WITH_KNOTS ( 'NONE', 1,
 ( #1594, #87 ),
 .UNSPECIFIED., .F., .F.,
 ( 2, 2 ),
 ( 0.000000000000000000, 0.0009128709291753196731 ),
 .UNSPECIFIED. ) ;
#1205 = AXIS2_PLACEMENT_3D ( 'NONE', #1625, #343, #377 ) ;
#1206 = CARTESIAN_POINT ( 'NONE',  ( 18.49999999999998579, 6.000000000000000000, -4.499999999999985789 ) ) ;
#1207 = PLANE ( 'NONE',  #311 ) ;
#1208 = ORIENTED_EDGE ( 'NONE', *, *, #2635, .F. ) ;
#1209 = CARTESIAN_POINT ( 'NONE',  ( -21.00000000000000000, 0.000000000000000000, -5.000000000000000000 ) ) ;
#1210 = EDGE_CURVE ( 'NONE', #1784, #2264, #204, .T. ) ;
#1211 = CARTESIAN_POINT ( 'NONE',  ( 19.44715004394667801, 1.947150043946695552, -8.903508744520959084 ) ) ;
#1212 = LINE ( 'NONE', #1695, #70 ) ;
#1213 = VECTOR ( 'NONE', #627, 999.9999999999998863 ) ;
#1214 = CARTESIAN_POINT ( 'NONE',  ( -25.00000000000000000, -6.000000000000000000, -0.5000000000000143219 ) ) ;
#1215 = EDGE_LOOP ( 'NONE', ( #3171, #2357, #3008, #1509 ) ) ;
#1216 = DIRECTION ( 'NONE',  ( 1.000000000000000000, 0.000000000000000000, -0.000000000000000000 ) ) ;
#1217 = ORIENTED_EDGE ( 'NONE', *, *, #2132, .F. ) ;
#1218 = ORIENTED_EDGE ( 'NONE', *, *, #2136, .F. ) ;
#1219 = FACE_OUTER_BOUND ( 'NONE', #2142, .T. ) ;
#1220 = LINE ( 'NONE', #692, #2093 ) ;
#1221 = DIRECTION ( 'NONE',  ( 0.5773502691896230665, -0.5773502691896230665, 0.5773502691896311712 ) ) ;
#1222 = CARTESIAN_POINT ( 'NONE',  ( 19.00000000000000000, 0.000000000000000000, 0.000000000000000000 ) ) ;
#1223 = VECTOR ( 'NONE', #2368, 1000.000000000000000 ) ;
#1224 = ORIENTED_EDGE ( 'NONE', *, *, #2775, .T. ) ;
#1225 = DIRECTION ( 'NONE',  ( 0.000000000000000000, -0.000000000000000000, 1.000000000000000000 ) ) ;
#1226 = DIRECTION ( 'NONE',  ( 1.000000000000000000, 0.000000000000000000, 0.000000000000000000 ) ) ;
#1227 = DIRECTION ( 'NONE',  ( 0.5773502691896278405, -0.5773502691896256200, 0.5773502691896237327 ) ) ;
#1228 = EDGE_CURVE ( 'NONE', #3146, #2401, #1025, .T. ) ;
#1229 = CARTESIAN_POINT ( 'NONE',  ( 25.00000000000000355, 2.849999999999998757, -3.199999999999999734 ) ) ;
#1230 = CARTESIAN_POINT ( 'NONE',  ( -11.66666666666667673, -9.844519684049254593, -5.833333333333338366 ) ) ;
#1231 = EDGE_LOOP ( 'NONE', ( #2162, #1753, #666, #622 ) ) ;
#1232 = ORIENTED_EDGE ( 'NONE', *, *, #624, .F. ) ;
#1233 = DIRECTION ( 'NONE',  ( 1.000000000000000000, 0.000000000000000000, -0.000000000000000000 ) ) ;
#1234 = ORIENTED_EDGE ( 'NONE', *, *, #2108, .T. ) ;
#1235 = DIRECTION ( 'NONE',  ( 0.000000000000000000, 0.7071067811865440200, -0.7071067811865511255 ) ) ;
#1236 = VERTEX_POINT ( 'NONE', #533 ) ;
#1237 = DIRECTION ( 'NONE',  ( -0.000000000000000000, -0.7071067811865475727, -0.7071067811865475727 ) ) ;
#1238 = ORIENTED_EDGE ( 'NONE', *, *, #3203, .F. ) ;
#1239 = DIRECTION ( 'NONE',  ( 1.000000000000000000, 0.000000000000000000, 0.000000000000000000 ) ) ;
#1240 = CARTESIAN_POINT ( 'NONE',  ( 18.49999999999999289, -6.000000000000000000, -14.28867513459482197 ) ) ;
#1241 = AXIS2_PLACEMENT_3D ( 'NONE', #1507, #3349, #718 ) ;
#1242 = DIRECTION ( 'NONE',  ( 1.000000000000000000, 0.000000000000000000, 0.000000000000000000 ) ) ;
#1243 = CARTESIAN_POINT ( 'NONE',  ( -24.33333333333332860, -4.666666666666660745, -17.33333333333332860 ) ) ;
#1244 = ADVANCED_FACE ( 'NONE', ( #2782 ), #2070, .T. ) ;
#1245 = DIRECTION ( 'NONE',  ( 0.7071067811865474617, 0.7071067811865474617, 0.000000000000000000 ) ) ;
#1246 = DIRECTION ( 'NONE',  ( 6.086749038515111072E-16, -1.000000000000000000, -0.000000000000000000 ) ) ;
#1247 = VECTOR ( 'NONE', #1621, 1000.000000000000000 ) ;
#1248 = ORIENTED_EDGE ( 'NONE', *, *, #263, .F. ) ;
#1249 = EDGE_LOOP ( 'NONE', ( #2911, #351, #2384, #1900 ) ) ;
#1250 = AXIS2_PLACEMENT_3D ( 'NONE', #733, #2030, #3316 ) ;
#1251 = PLANE ( 'NONE',  #1494 ) ;
#1252 = CARTESIAN_POINT ( 'NONE',  ( 0.000000000000000000, -6.000000000000000000, -4.499999999999992895 ) ) ;
#1253 = VECTOR ( 'NONE', #859, 1000.000000000000000 ) ;
#1254 = EDGE_CURVE ( 'NONE', #996, #1814, #253, .T. ) ;
#1255 = ORIENTED_EDGE ( 'NONE', *, *, #1228, .T. ) ;
#1256 = CARTESIAN_POINT ( 'NONE',  ( -19.00000000000000000, 1.499999999999993561, -8.718293131902512982 ) ) ;
#1257 = VERTEX_POINT ( 'NONE', #2014 ) ;
#1258 = DIRECTION ( 'NONE',  ( 0.5773502691896272854, -0.5773502691896239547, -0.5773502691896260641 ) ) ;
#1259 = ORIENTED_EDGE ( 'NONE', *, *, #1451, .F. ) ;
#1260 = LINE ( 'NONE', #1280, #956 ) ;
#1261 = DIRECTION ( 'NONE',  ( 0.000000000000000000, 0.000000000000000000, 1.000000000000000000 ) ) ;
#1262 = AXIS2_PLACEMENT_3D ( 'NONE', #1010, #1782, #2051 ) ;
#1263 = DIRECTION ( 'NONE',  ( -0.7071067811865474617, -0.7071067811865474617, 0.000000000000000000 ) ) ;
#1264 = ADVANCED_FACE ( 'NONE', ( #3053 ), #2553, .F. ) ;
#1265 = DIRECTION ( 'NONE',  ( -0.000000000000000000, -0.000000000000000000, -1.000000000000000000 ) ) ;
#1266 = DIRECTION ( 'NONE',  ( -0.000000000000000000, 0.7071067811865426878, 0.7071067811865524577 ) ) ;
#1267 = EDGE_LOOP ( 'NONE', ( #1992, #3322, #1547, #872 ) ) ;
#1268 = EDGE_CURVE ( 'NONE', #2700, #33, #2590, .T. ) ;
#1269 = ORIENTED_EDGE ( 'NONE', *, *, #218, .F. ) ;
#1270 = LINE ( 'NONE', #505, #2273 ) ;
#1271 = LINE ( 'NONE', #3339, #1626 ) ;
#1272 = VERTEX_POINT ( 'NONE', #500 ) ;
#1273 = EDGE_CURVE ( 'NONE', #42, #2351, #2547, .T. ) ;
#1274 = CARTESIAN_POINT ( 'NONE',  ( 19.00000000000000000, 5.499999999999985789, -5.500000000000014211 ) ) ;
#1275 = VERTEX_POINT ( 'NONE', #1524 ) ;
#1276 = VECTOR ( 'NONE', #5, 1000.000000000000114 ) ;
#1277 = VECTOR ( 'NONE', #925, 1000.000000000000114 ) ;
#1278 = PLANE ( 'NONE',  #198 ) ;
#1279 = VECTOR ( 'NONE', #2816, 1000.000000000000000 ) ;
#1280 = CARTESIAN_POINT ( 'NONE',  ( 19.00000000000000000, 1.250000000000009326, -10.68023595215960952 ) ) ;
#1281 = DIRECTION ( 'NONE',  ( 0.000000000000000000, 0.000000000000000000, 1.000000000000000000 ) ) ;
#1282 = LINE ( 'NONE', #3051, #3259 ) ;
#1283 = ORIENTED_EDGE ( 'NONE', *, *, #929, .F. ) ;
#1284 = ORIENTED_EDGE ( 'NONE', *, *, #440, .F. ) ;
#1285 = DIRECTION ( 'NONE',  ( 1.000000000000000000, 0.000000000000000000, 0.000000000000000000 ) ) ;
#1286 = LINE ( 'NONE', #2319, #694 ) ;
#1287 = ADVANCED_FACE ( 'NONE', ( #2800 ), #468, .F. ) ;
#1288 = ORIENTED_EDGE ( 'NONE', *, *, #576, .F. ) ;
#1289 = EDGE_LOOP ( 'NONE', ( #2501, #2022, #3093, #2725, #1029 ) ) ;
#1290 = UNCERTAINTY_MEASURE_WITH_UNIT (LENGTH_MEASURE( 1.000000000000000082E-05 ), #2534, 'distance_accuracy_value', 'NONE');
#1291 = ORIENTED_EDGE ( 'NONE', *, *, #3305, .T. ) ;
#1292 = DIRECTION ( 'NONE',  ( 1.000000000000000000, 0.000000000000000000, 0.000000000000000000 ) ) ;
#1293 = CARTESIAN_POINT ( 'NONE',  ( -2.413528314402513498E-15, 6.000000000000000000, -15.99999999999999645 ) ) ;
#1294 = ORIENTED_EDGE ( 'NONE', *, *, #766, .T. ) ;
#1295 = EDGE_CURVE ( 'NONE', #1877, #78, #2853, .T. ) ;
#1296 = ORIENTED_EDGE ( 'NONE', *, *, #369, .F. ) ;
#1297 = FACE_OUTER_BOUND ( 'NONE', #1361, .T. ) ;
#1298 = LOCAL_TIME ( 9, 10, 57.00000000000000000, #3134 ) ;
#1299 = CARTESIAN_POINT ( 'NONE',  ( 17.50000000000001421, 6.000000000000000000, 0.000000000000000000 ) ) ;
#1300 = CARTESIAN_POINT ( 'NONE',  ( 18.49999999999999289, -6.000000000000000000, -4.499999999999992895 ) ) ;
#1301 = CARTESIAN_POINT ( 'NONE',  ( -22.70000000000000284, 2.081899558550499787E-16, -5.000000000000000000 ) ) ;
#1302 = ADVANCED_FACE ( 'NONE', ( #1797 ), #3037, .F. ) ;
#1303 = CARTESIAN_POINT ( 'NONE',  ( -23.99999999999999645, -4.999999999999990230, -17.00000000000000000 ) ) ;
#1304 = DIRECTION ( 'NONE',  ( 0.000000000000000000, 0.000000000000000000, -1.000000000000000000 ) ) ;
#1305 = EDGE_LOOP ( 'NONE', ( #781, #3040, #7, #569 ) ) ;
#1306 = ORIENTED_EDGE ( 'NONE', *, *, #2883, .F. ) ;
#1307 = CARTESIAN_POINT ( 'NONE',  ( -22.99999999999999289, 6.000000000000000000, -0.5000000000000134337 ) ) ;
#1308 = PLANE ( 'NONE',  #1435 ) ;
#1309 = EDGE_LOOP ( 'NONE', ( #785, #2755, #1097, #2507 ) ) ;
#1310 = DIRECTION ( 'NONE',  ( -0.7071067811865477948, 0.3535533905932766174, 0.6123724356957925830 ) ) ;
#1311 = ADVANCED_FACE ( 'NONE', ( #486 ), #271, .T. ) ;
#1312 = CARTESIAN_POINT ( 'NONE',  ( -18.49999999999999289, -1.000000000000000000, -8.511186350715970406 ) ) ;
#1313 = LINE ( 'NONE', #2084, #2750 ) ;
#1314 = ORIENTED_EDGE ( 'NONE', *, *, #1254, .F. ) ;
#1315 = EDGE_CURVE ( 'NONE', #2091, #2414, #3071, .T. ) ;
#1316 = LINE ( 'NONE', #1369, #1690 ) ;
#1317 = CARTESIAN_POINT ( 'NONE',  ( -17.50000000000001421, -4.011186350715917115, 0.000000000000000000 ) ) ;
#1318 = AXIS2_PLACEMENT_3D ( 'NONE', #950, #2955, #1715 ) ;
#1319 = AXIS2_PLACEMENT_3D ( 'NONE', #805, #1560, #3121 ) ;
#1320 = ORIENTED_EDGE ( 'NONE', *, *, #319, .T. ) ;
#1321 = CARTESIAN_POINT ( 'NONE',  ( 17.00000000000000000, 6.000000000000000000, -4.499999999999985789 ) ) ;
#1322 = DIRECTION ( 'NONE',  ( 1.066638898562345067E-16, -0.7071067811865489050, 0.7071067811865462405 ) ) ;
#1323 = VECTOR ( 'NONE', #1454, 1000.000000000000114 ) ;
#1324 = VERTEX_POINT ( 'NONE', #1009 ) ;
#1325 = ORIENTED_EDGE ( 'NONE', *, *, #2883, .T. ) ;
#1326 = CARTESIAN_POINT ( 'NONE',  ( 21.00000000000000000, 0.000000000000000000, -5.000000000000000000 ) ) ;
#1327 = ORIENTED_EDGE ( 'NONE', *, *, #829, .F. ) ;
#1328 = AXIS2_PLACEMENT_3D ( 'NONE', #1812, #1261, #1242 ) ;
#1329 = PLANE ( 'NONE',  #1497 ) ;
#1330 = CARTESIAN_POINT ( 'NONE',  ( -17.50000000000001421, 6.000000000000000000, 0.000000000000000000 ) ) ;
#1331 = DATE_AND_TIME ( #3179, #1298 ) ;
#1332 = ORIENTED_EDGE ( 'NONE', *, *, #2125, .F. ) ;
#1333 = DIRECTION ( 'NONE',  ( 0.000000000000000000, 0.000000000000000000, -1.000000000000000000 ) ) ;
#1334 = CARTESIAN_POINT ( 'NONE',  ( 19.30000000000000071, 2.081899558550499047E-16, -0.5000000000000029976 ) ) ;
#1335 = ORIENTED_EDGE ( 'NONE', *, *, #1121, .T. ) ;
#1336 = ORIENTED_EDGE ( 'NONE', *, *, #1605, .F. ) ;
#1337 = ADVANCED_FACE ( 'NONE', ( #735 ), #1489, .F. ) ;
#1338 = ORIENTED_EDGE ( 'NONE', *, *, #2643, .T. ) ;
#1339 = CARTESIAN_POINT ( 'NONE',  ( 18.49999999999999289, -5.750000000000004441, -13.85566243270259612 ) ) ;
#1340 = ORIENTED_EDGE ( 'NONE', *, *, #440, .T. ) ;
#1341 = CARTESIAN_POINT ( 'NONE',  ( -19.00000000000000000, -4.312177826491081056, -7.468911086754396855 ) ) ;
#1342 = EDGE_CURVE ( 'NONE', #3112, #1784, #2538, .T. ) ;
#1343 = ORIENTED_EDGE ( 'NONE', *, *, #390, .F. ) ;
#1344 = CARTESIAN_POINT ( 'NONE',  ( -25.00000000000000355, 2.849999999999998757, -3.199999999999999734 ) ) ;
#1345 = EDGE_CURVE ( 'NONE', #1865, #2786, #3091, .T. ) ;
#1346 = EDGE_LOOP ( 'NONE', ( #590, #545, #1154, #68, #997 ) ) ;
#1347 = FACE_OUTER_BOUND ( 'NONE', #1215, .T. ) ;
#1348 = DIRECTION ( 'NONE',  ( 0.000000000000000000, 0.7071067811865425767, -0.7071067811865525687 ) ) ;
#1349 = EDGE_LOOP ( 'NONE', ( #870, #345, #462, #3325 ) ) ;
#1350 = ORIENTED_EDGE ( 'NONE', *, *, #3341, .T. ) ;
#1351 = LINE ( 'NONE', #71, #727 ) ;
#1352 = EDGE_CURVE ( 'NONE', #2414, #3122, #517, .T. ) ;
#1353 = CARTESIAN_POINT ( 'NONE',  ( -23.77653000745744905, 3.493222135932362526, 0.7234699925425390754 ) ) ;
#1354 = VERTEX_POINT ( 'NONE', #2935 ) ;
#1355 = ORIENTED_EDGE ( 'NONE', *, *, #1907, .F. ) ;
#1356 = ORIENTED_EDGE ( 'NONE', *, *, #3101, .F. ) ;
#1357 = CARTESIAN_POINT ( 'NONE',  ( 18.49999999999999289, -6.000000000000000000, -14.28867513459482197 ) ) ;
#1358 = ORIENTED_EDGE ( 'NONE', *, *, #1834, .T. ) ;
#1359 = CARTESIAN_POINT ( 'NONE',  ( -22.99999999999999289, 6.000000000000000000, -15.99999999999999289 ) ) ;
#1360 = VERTEX_POINT ( 'NONE', #2605 ) ;
#1361 = EDGE_LOOP ( 'NONE', ( #2878, #510, #819, #95 ) ) ;
#1362 = DIRECTION ( 'NONE',  ( 0.7071067811865462405, 0.000000000000000000, 0.7071067811865489050 ) ) ;
#1363 = EDGE_CURVE ( 'NONE', #2324, #64, #2123, .T. ) ;
#1364 = VECTOR ( 'NONE', #1886, 1000.000000000000000 ) ;
#1365 = DIRECTION ( 'NONE',  ( 0.7071067811865475727, -0.7071067811865475727, -0.000000000000000000 ) ) ;
#1366 = APPROVAL_STATUS ( 'not_yet_approved' ) ;
#1367 = ORIENTED_EDGE ( 'NONE', *, *, #1980, .F. ) ;
#1368 = EDGE_CURVE ( 'NONE', #1649, #1528, #18, .T. ) ;
#1369 = CARTESIAN_POINT ( 'NONE',  ( -17.00000000000000000, -4.511186350715931326, -0.5000000000000143219 ) ) ;
#1370 = CARTESIAN_POINT ( 'NONE',  ( 25.00000000000000355, 3.349999999999993427, -3.199999999999999734 ) ) ;
#1371 = VERTEX_POINT ( 'NONE', #53 ) ;
#1372 = EDGE_CURVE ( 'NONE', #3057, #1587, #3181, .T. ) ;
#1373 = ORIENTED_EDGE ( 'NONE', *, *, #2493, .T. ) ;
#1374 = ORIENTED_EDGE ( 'NONE', *, *, #1210, .F. ) ;
#1375 = DIRECTION ( 'NONE',  ( 0.000000000000000000, 0.000000000000000000, -1.000000000000000000 ) ) ;
#1376 = ORIENTED_EDGE ( 'NONE', *, *, #1917, .F. ) ;
#1377 = LINE ( 'NONE', #1070, #1517 ) ;
#1378 = EDGE_CURVE ( 'NONE', #2786, #3010, #2922, .T. ) ;
#1379 = ORIENTED_EDGE ( 'NONE', *, *, #631, .T. ) ;
#1380 = PLANE ( 'NONE',  #2737 ) ;
#1381 = EDGE_CURVE ( 'NONE', #2305, #2206, #1316, .T. ) ;
#1382 = DIRECTION ( 'NONE',  ( 0.000000000000000000, -1.000000000000000000, -0.000000000000000000 ) ) ;
#1383 = DIRECTION ( 'NONE',  ( -0.7071067811865475727, 0.7071067811865475727, 0.000000000000000000 ) ) ;
#1384 = DIRECTION ( 'NONE',  ( 0.000000000000000000, 0.7071067811865524577, -0.7071067811865426878 ) ) ;
#1385 = ORIENTED_EDGE ( 'NONE', *, *, #1820, .T. ) ;
#1386 = VECTOR ( 'NONE', #2178, 1000.000000000000000 ) ;
#1387 = CARTESIAN_POINT ( 'NONE',  ( -19.00000000000000000, 5.109146565951260932, -5.109146565951208530 ) ) ;
#1388 = DIRECTION ( 'NONE',  ( -0.7071067811865487940, 0.7071067811865463515, 0.000000000000000000 ) ) ;
#1389 = CARTESIAN_POINT ( 'NONE',  ( 17.00000000000000000, -4.511186350715931326, -0.5000000000000143219 ) ) ;
#1390 = EDGE_LOOP ( 'NONE', ( #667, #743, #2642, #1394 ) ) ;
#1391 = CARTESIAN_POINT ( 'NONE',  ( -17.50000000000001421, 5.499999999999985789, 0.000000000000000000 ) ) ;
#1392 = VECTOR ( 'NONE', #2791, 1000.000000000000000 ) ;
#1393 = EDGE_CURVE ( 'NONE', #3306, #192, #1845, .T. ) ;
#1394 = ORIENTED_EDGE ( 'NONE', *, *, #1899, .T. ) ;
#1395 = CARTESIAN_POINT ( 'NONE',  ( -17.33704164519179614, -0.1629583548082332856, -8.029473227679304159 ) ) ;
#1396 = CARTESIAN_POINT ( 'NONE',  ( 17.50000000000001421, 6.000000000000000000, -0.5000000000000143219 ) ) ;
#1397 = LINE ( 'NONE', #2951, #1726 ) ;
#1398 = DIRECTION ( 'NONE',  ( 0.000000000000000000, -0.7071067811865439090, 0.7071067811865511255 ) ) ;
#1399 = LINE ( 'NONE', #887, #2799 ) ;
#1400 = DIRECTION ( 'NONE',  ( 0.7071067811865525687, 0.000000000000000000, -0.7071067811865425767 ) ) ;
#1401 = FACE_BOUND ( 'NONE', #2002, .T. ) ;
#1402 = VERTEX_POINT ( 'NONE', #612 ) ;
#1403 = VECTOR ( 'NONE', #2655, 1000.000000000000114 ) ;
#1404 = EDGE_CURVE ( 'NONE', #2187, #1838, #1042, .T. ) ;
#1405 = ORIENTED_EDGE ( 'NONE', *, *, #1738, .T. ) ;
#1406 = DIRECTION ( 'NONE',  ( 1.000000000000000000, -0.000000000000000000, 0.000000000000000000 ) ) ;
#1407 = CARTESIAN_POINT ( 'NONE',  ( -23.00000000000000000, 4.000000000000005329, -17.99999999999999645 ) ) ;
#1408 = ORIENTED_EDGE ( 'NONE', *, *, #2953, .T. ) ;
#1409 = EDGE_CURVE ( 'NONE', #1651, #1047, #1893, .T. ) ;
#1410 = DIRECTION ( 'NONE',  ( -0.000000000000000000, 0.000000000000000000, -1.000000000000000000 ) ) ;
#1411 = DIRECTION ( 'NONE',  ( 0.000000000000000000, -0.000000000000000000, 1.000000000000000000 ) ) ;
#1412 = EDGE_CURVE ( 'NONE', #1017, #292, #854, .T. ) ;
#1413 = CARTESIAN_POINT ( 'NONE',  ( -19.00000000000000000, 6.000000000000000000, -4.500000000000006217 ) ) ;
#1414 = LINE ( 'NONE', #2248, #1567 ) ;
#1415 = PLANE ( 'NONE',  #396 ) ;
#1416 = EDGE_CURVE ( 'NONE', #2187, #1624, #1772, .T. ) ;
#1417 = ORIENTED_EDGE ( 'NONE', *, *, #841, .F. ) ;
#1418 = LINE ( 'NONE', #668, #16 ) ;
#1419 = ORIENTED_EDGE ( 'NONE', *, *, #1352, .T. ) ;
#1420 = ORIENTED_EDGE ( 'NONE', *, *, #1623, .F. ) ;
#1421 = CARTESIAN_POINT ( 'NONE',  ( -19.00000000000000000, -5.750000000000005329, -13.85566243270259790 ) ) ;
#1422 = ORIENTED_EDGE ( 'NONE', *, *, #135, .F. ) ;
#1423 = CARTESIAN_POINT ( 'NONE',  ( -19.50000000000000711, -6.000000000000000000, -13.13397459621554475 ) ) ;
#1424 = DIRECTION ( 'NONE',  ( -1.000000000000000000, 0.000000000000000000, 0.000000000000000000 ) ) ;
#1425 = LINE ( 'NONE', #927, #327 ) ;
#1426 = LINE ( 'NONE', #3258, #2310 ) ;
#1427 = ORIENTED_EDGE ( 'NONE', *, *, #470, .F. ) ;
#1428 = LINE ( 'NONE', #1413, #745 ) ;
#1429 = DIRECTION ( 'NONE',  ( 1.000000000000000000, 0.000000000000000000, 0.000000000000000000 ) ) ;
#1430 = DIRECTION ( 'NONE',  ( 0.7071067811865475727, 0.000000000000000000, -0.7071067811865475727 ) ) ;
#1431 = EDGE_CURVE ( 'NONE', #1067, #1823, #1640, .T. ) ;
#1432 = VECTOR ( 'NONE', #1668, 1000.000000000000000 ) ;
#1433 = DIRECTION ( 'NONE',  ( 0.7071067811865487940, -0.7071067811865463515, 0.000000000000000000 ) ) ;
#1434 = PLANE ( 'NONE',  #578 ) ;
#1435 = AXIS2_PLACEMENT_3D ( 'NONE', #2579, #555, #808 ) ;
#1436 = FACE_OUTER_BOUND ( 'NONE', #2751, .T. ) ;
#1437 = CC_DESIGN_DATE_AND_TIME_ASSIGNMENT ( #2085, #1592, ( #2092 ) ) ;
#1438 = EDGE_LOOP ( 'NONE', ( #516, #2344, #637, #257 ) ) ;
#1439 = LINE ( 'NONE', #653, #2575 ) ;
#1440 = CARTESIAN_POINT ( 'NONE',  ( -22.70000000000000284, 2.081899558550499787E-16, -0.5000000000000029976 ) ) ;
#1441 = CARTESIAN_POINT ( 'NONE',  ( 17.00000000000000000, 4.511186350715931326, -5.000000000000000000 ) ) ;
#1442 = VECTOR ( 'NONE', #170, 1000.000000000000000 ) ;
#1443 = DIRECTION ( 'NONE',  ( 0.000000000000000000, 0.000000000000000000, 1.000000000000000000 ) ) ;
#1444 = VECTOR ( 'NONE', #463, 1000.000000000000000 ) ;
#1445 = VERTEX_POINT ( 'NONE', #1303 ) ;
#1446 = CONICAL_SURFACE ( 'NONE', #1186, 1.700000000000000178, 0.7853981633974463916 ) ;
#1447 = DIRECTION ( 'NONE',  ( 0.000000000000000000, 0.000000000000000000, -1.000000000000000000 ) ) ;
#1448 = CIRCLE ( 'NONE', #1994, 1.700000000000000178 ) ;
#1449 = LINE ( 'NONE', #2966, #917 ) ;
#1450 = CARTESIAN_POINT ( 'NONE',  ( 19.00000000000000000, 4.312177826491078392, -7.468911086754391526 ) ) ;
#1451 = EDGE_CURVE ( 'NONE', #401, #606, #1204, .T. ) ;
#1452 = DIRECTION ( 'NONE',  ( 0.000000000000000000, -0.7071067811865440200, 0.7071067811865511255 ) ) ;
#1453 = CARTESIAN_POINT ( 'NONE',  ( 25.00000000000000711, -2.849999999999972999, -1.199999999999999956 ) ) ;
#1454 = DIRECTION ( 'NONE',  ( -0.7071067811865474617, 0.000000000000000000, 0.7071067811865474617 ) ) ;
#1455 = AXIS2_PLACEMENT_3D ( 'NONE', #2514, #1007, #1225 ) ;
#1456 = ORIENTED_EDGE ( 'NONE', *, *, #1958, .T. ) ;
#1457 = LINE ( 'NONE', #3288, #136 ) ;
#1458 = CARTESIAN_POINT ( 'NONE',  ( -18.89456644841406785, -4.674621124906432001, -5.394566448414077620 ) ) ;
#1459 = LINE ( 'NONE', #443, #427 ) ;
#1460 = ADVANCED_FACE ( 'NONE', ( #1111 ), #328, .T. ) ;
#1461 = CARTESIAN_POINT ( 'NONE',  ( -25.00000000000000000, -6.000000000000000000, -6.999999999999997335 ) ) ;
#1462 = ORIENTED_EDGE ( 'NONE', *, *, #1499, .F. ) ;
#1463 = CARTESIAN_POINT ( 'NONE',  ( 19.30000000000000071, 2.081899558550499047E-16, -1.199999999999999734 ) ) ;
#1464 = LINE ( 'NONE', #931, #2864 ) ;
#1465 = CARTESIAN_POINT ( 'NONE',  ( 25.00000000000000355, -6.000000000000000000, -0.5000000000000143219 ) ) ;
#1466 = AXIS2_PLACEMENT_3D ( 'NONE', #2143, #366, #1615 ) ;
#1467 = EDGE_CURVE ( 'NONE', #759, #467, #2870, .T. ) ;
#1468 = ORIENTED_EDGE ( 'NONE', *, *, #1045, .F. ) ;
#1469 = CARTESIAN_POINT ( 'NONE',  ( 25.00000000000000711, -2.849999999999972999, -3.199999999999999734 ) ) ;
#1470 = VECTOR ( 'NONE', #868, 1000.000000000000000 ) ;
#1471 = PLANE ( 'NONE',  #1867 ) ;
#1472 = ADVANCED_FACE ( 'NONE', ( #305 ), #2374, .T. ) ;
#1473 = EDGE_LOOP ( 'NONE', ( #2486, #1419, #2833, #2544 ) ) ;
#1474 = DIRECTION ( 'NONE',  ( 0.000000000000000000, 0.000000000000000000, -1.000000000000000000 ) ) ;
#1475 = DIRECTION ( 'NONE',  ( 0.000000000000000000, -0.8660254037844362651, 0.5000000000000042188 ) ) ;
#1476 = EDGE_CURVE ( 'NONE', #875, #525, #1861, .T. ) ;
#1477 = LINE ( 'NONE', #3290, #1929 ) ;
#1478 = LINE ( 'NONE', #1707, #696 ) ;
#1479 = APPROVAL ( #1366, 'UNSPECIFIED' ) ;
#1480 = ORIENTED_EDGE ( 'NONE', *, *, #2932, .T. ) ;
#1481 = VECTOR ( 'NONE', #1245, 1000.000000000000114 ) ;
#1482 = FACE_OUTER_BOUND ( 'NONE', #1691, .T. ) ;
#1483 = LINE ( 'NONE', #1301, #2456 ) ;
#1484 = DIRECTION ( 'NONE',  ( -0.000000000000000000, 0.000000000000000000, -1.000000000000000000 ) ) ;
#1485 = VECTOR ( 'NONE', #3300, 1000.000000000000000 ) ;
#1486 = B_SPLINE_CURVE_WITH_KNOTS ( 'NONE', 1,
 ( #2465, #147 ),
 .UNSPECIFIED., .F., .F.,
 ( 2, 2 ),
 ( 0.000000000000000000, 0.0009128709291752702334 ),
 .UNSPECIFIED. ) ;
#1487 = ORIENTED_EDGE ( 'NONE', *, *, #2635, .T. ) ;
#1488 = VECTOR ( 'NONE', #2461, 1000.000000000000114 ) ;
#1489 = PLANE ( 'NONE',  #1241 ) ;
#1490 = LINE ( 'NONE', #487, #732 ) ;
#1491 = VERTEX_POINT ( 'NONE', #2644 ) ;
#1492 = FACE_OUTER_BOUND ( 'NONE', #987, .T. ) ;
#1493 = CARTESIAN_POINT ( 'NONE',  ( 19.00000000000000000, -5.109146565951267149, -5.109146565951214747 ) ) ;
#1494 = AXIS2_PLACEMENT_3D ( 'NONE', #2055, #274, #3094 ) ;
#1495 = ORIENTED_EDGE ( 'NONE', *, *, #1181, .T. ) ;
#1496 = EDGE_LOOP ( 'NONE', ( #1028, #3299 ) ) ;
#1497 = AXIS2_PLACEMENT_3D ( 'NONE', #816, #560, #1588 ) ;
#1498 = CARTESIAN_POINT ( 'NONE',  ( -19.00000000000000000, 5.500000000000006217, 0.000000000000000000 ) ) ;
#1499 = EDGE_CURVE ( 'NONE', #3310, #2429, #1351, .T. ) ;
#1500 = VECTOR ( 'NONE', #2195, 1000.000000000000000 ) ;
#1501 = ORIENTED_EDGE ( 'NONE', *, *, #1393, .T. ) ;
#1502 = LINE ( 'NONE', #2533, #2646 ) ;
#1503 = AXIS2_PLACEMENT_3D ( 'NONE', #2445, #2388, #1138 ) ;
#1504 = LINE ( 'NONE', #1759, #2584 ) ;
#1505 = CARTESIAN_POINT ( 'NONE',  ( 19.00000000000000000, -1.500000000000000444, -10.82457351945702939 ) ) ;
#1506 = ADVANCED_FACE ( 'NONE', ( #598 ), #1875, .F. ) ;
#1507 = CARTESIAN_POINT ( 'NONE',  ( 17.50000000000001421, 0.000000000000000000, 0.000000000000000000 ) ) ;
#1508 = PLANE ( 'NONE',  #524 ) ;
#1509 = ORIENTED_EDGE ( 'NONE', *, *, #9, .T. ) ;
#1510 = VERTEX_POINT ( 'NONE', #899 ) ;
#1511 = ORIENTED_EDGE ( 'NONE', *, *, #1550, .T. ) ;
#1512 = DIRECTION ( 'NONE',  ( -0.7071067811865475727, 0.7071067811865475727, 0.000000000000000000 ) ) ;
#1513 = CARTESIAN_POINT ( 'NONE',  ( 0.000000000000000000, 0.000000000000000000, 0.000000000000000000 ) ) ;
#1514 = EDGE_CURVE ( 'NONE', #1686, #2896, #1158, .T. ) ;
#1515 = ORIENTED_EDGE ( 'NONE', *, *, #1372, .T. ) ;
#1516 = FACE_OUTER_BOUND ( 'NONE', #1199, .T. ) ;
#1517 = VECTOR ( 'NONE', #314, 1000.000000000000114 ) ;
#1518 = ADVANCED_FACE ( 'NONE', ( #645 ), #2197, .T. ) ;
#1519 = EDGE_LOOP ( 'NONE', ( #1379, #1703, #269 ) ) ;
#1520 = DIRECTION ( 'NONE',  ( -0.5773502691896177375, -0.5773502691896338357, -0.5773502691896257311 ) ) ;
#1521 = DIRECTION ( 'NONE',  ( 0.000000000000000000, -0.5000000000000042188, -0.8660254037844362651 ) ) ;
#1522 =( NAMED_UNIT ( * ) PLANE_ANGLE_UNIT ( ) SI_UNIT ( $, .RADIAN. ) );
#1523 = DIRECTION ( 'NONE',  ( 1.284980352575412699E-16, -0.000000000000000000, 1.000000000000000000 ) ) ;
#1524 = CARTESIAN_POINT ( 'NONE',  ( -17.50000000000001421, 5.499999999999985789, 0.000000000000000000 ) ) ;
#1525 = LINE ( 'NONE', #736, #2900 ) ;
#1526 = ADVANCED_FACE ( 'NONE', ( #914 ), #2950, .T. ) ;
#1527 = VECTOR ( 'NONE', #2747, 1000.000000000000000 ) ;
#1528 = VERTEX_POINT ( 'NONE', #699 ) ;
#1529 = AXIS2_PLACEMENT_3D ( 'NONE', #2901, #98, #2691 ) ;
#1530 = LINE ( 'NONE', #2325, #126 ) ;
#1531 = DIRECTION ( 'NONE',  ( -0.7071067811865474617, 0.7071067811865474617, 0.000000000000000000 ) ) ;
#1532 = ORIENTED_EDGE ( 'NONE', *, *, #829, .T. ) ;
#1533 = LINE ( 'NONE', #2058, #2973 ) ;
#1534 = FACE_OUTER_BOUND ( 'NONE', #2476, .T. ) ;
#1535 = DIRECTION ( 'NONE',  ( 0.000000000000000000, -0.8660254037844361541, 0.5000000000000042188 ) ) ;
#1536 = CARTESIAN_POINT ( 'NONE',  ( 0.000000000000000000, 0.000000000000000000, 0.000000000000000000 ) ) ;
#1537 = CARTESIAN_POINT ( 'NONE',  ( 17.00000000000000000, -4.511186350715931326, -5.000000000000000000 ) ) ;
#1538 = EDGE_LOOP ( 'NONE', ( #2464, #789, #1941, #3184 ) ) ;
#1539 = AXIS2_PLACEMENT_3D ( 'NONE', #1179, #534, #2269 ) ;
#1540 = CARTESIAN_POINT ( 'NONE',  ( -25.00000000000000000, -3.350000000000003197, -3.199999999999999734 ) ) ;
#1541 = EDGE_CURVE ( 'NONE', #553, #3247, #1938, .T. ) ;
#1542 = LINE ( 'NONE', #758, #2353 ) ;
#1543 = ORIENTED_EDGE ( 'NONE', *, *, #943, .F. ) ;
#1544 = ORIENTED_EDGE ( 'NONE', *, *, #3016, .T. ) ;
#1545 = LINE ( 'NONE', #2803, #2604 ) ;
#1546 = LINE ( 'NONE', #1566, #3061 ) ;
#1547 = ORIENTED_EDGE ( 'NONE', *, *, #2068, .F. ) ;
#1548 = ORIENTED_EDGE ( 'NONE', *, *, #470, .T. ) ;
#1549 = DIRECTION ( 'NONE',  ( 0.000000000000000000, 0.000000000000000000, 1.000000000000000000 ) ) ;
#1550 = EDGE_CURVE ( 'NONE', #81, #467, #3244, .T. ) ;
#1551 = ORIENTED_EDGE ( 'NONE', *, *, #2217, .F. ) ;
#1552 = DIRECTION ( 'NONE',  ( 0.7071067811865475727, -0.7071067811865475727, -0.000000000000000000 ) ) ;
#1553 = CARTESIAN_POINT ( 'NONE',  ( -19.00000000000000000, 0.000000000000000000, -5.499999999999993783 ) ) ;
#1554 = DIRECTION ( 'NONE',  ( -1.000000000000000000, 0.000000000000000000, 0.000000000000000000 ) ) ;
#1555 = VERTEX_POINT ( 'NONE', #2167 ) ;
#1556 = EDGE_LOOP ( 'NONE', ( #62, #770, #2880, #1343 ) ) ;
#1557 = VECTOR ( 'NONE', #562, 1000.000000000000000 ) ;
#1558 = VECTOR ( 'NONE', #3001, 1000.000000000000227 ) ;
#1559 = CARTESIAN_POINT ( 'NONE',  ( 25.00000000000000711, -2.849999999999972999, -1.199999999999999956 ) ) ;
#1560 = DIRECTION ( 'NONE',  ( -1.066638898562349011E-16, -0.7071067811865463515, -0.7071067811865487940 ) ) ;
#1561 = EDGE_CURVE ( 'NONE', #1402, #1236, #2183, .T. ) ;
#1562 = ORIENTED_EDGE ( 'NONE', *, *, #2540, .F. ) ;
#1563 = ORIENTED_EDGE ( 'NONE', *, *, #3117, .F. ) ;
#1564 = ORIENTED_EDGE ( 'NONE', *, *, #1871, .F. ) ;
#1565 = DIRECTION ( 'NONE',  ( -0.2810846377148203956, 0.6785983445458469987, 0.6785983445458469987 ) ) ;
#1566 = CARTESIAN_POINT ( 'NONE',  ( 19.50000000000000711, -6.000000000000000000, -13.13397459621555896 ) ) ;
#1567 = VECTOR ( 'NONE', #3002, 1000.000000000000114 ) ;
#1568 = EDGE_LOOP ( 'NONE', ( #1027, #1294, #2852, #2065 ) ) ;
#1569 = LINE ( 'NONE', #985, #2152 ) ;
#1570 = B_SPLINE_SURFACE_WITH_KNOTS ( 'NONE', 1, 1, ( 
 ( #2151, #2166 ),
 ( #3192, #2180 ) ),
 .UNSPECIFIED., .F., .F., .F.,
 ( 2, 2 ),
 ( 2, 2 ),
 ( 0.000000000000000000, 1.000000000000000000 ),
 ( 0.000000000000000000, 1.000000000000000000 ),
 .UNSPECIFIED. ) ;
#1571 = EDGE_CURVE ( 'NONE', #1949, #64, #410, .T. ) ;
#1572 = ORIENTED_EDGE ( 'NONE', *, *, #3273, .F. ) ;
#1573 = ORIENTED_EDGE ( 'NONE', *, *, #3025, .T. ) ;
#1574 = CARTESIAN_POINT ( 'NONE',  ( 0.000000000000000000, -6.000000000000000000, 0.000000000000000000 ) ) ;
#1575 = DIRECTION ( 'NONE',  ( 0.000000000000000000, 0.000000000000000000, -1.000000000000000000 ) ) ;
#1576 = ORIENTED_EDGE ( 'NONE', *, *, #2980, .F. ) ;
#1577 = DIRECTION ( 'NONE',  ( 0.5773502691896258421, -0.5773502691896258421, -0.5773502691896258421 ) ) ;
#1578 = DIRECTION ( 'NONE',  ( 0.000000000000000000, 0.000000000000000000, 1.000000000000000000 ) ) ;
#1579 = AXIS2_PLACEMENT_3D ( 'NONE', #1815, #1265, #1285 ) ;
#1580 = VERTEX_POINT ( 'NONE', #1674 ) ;
#1581 = ORIENTED_EDGE ( 'NONE', *, *, #3033, .F. ) ;
#1582 = CARTESIAN_POINT ( 'NONE',  ( 18.49999999999998579, 6.000000000000000000, -14.28867513459481131 ) ) ;
#1583 = CARTESIAN_POINT ( 'NONE',  ( 10.82500000000002061, 10.82500000000002061, -1.199999999999999956 ) ) ;
#1584 = ORIENTED_EDGE ( 'NONE', *, *, #1541, .F. ) ;
#1585 = CARTESIAN_POINT ( 'NONE',  ( 18.49999999999998579, 4.511186350715931326, -5.000000000000002665 ) ) ;
#1586 = EDGE_CURVE ( 'NONE', #1324, #1849, #1428, .T. ) ;
#1587 = VERTEX_POINT ( 'NONE', #3211 ) ;
#1588 = DIRECTION ( 'NONE',  ( 0.000000000000000000, 0.8660254037844362651, 0.5000000000000042188 ) ) ;
#1589 = AXIS2_PLACEMENT_3D ( 'NONE', #497, #1521, #2550 ) ;
#1590 = PLANE ( 'NONE',  #2208 ) ;
#1591 = CC_DESIGN_PERSON_AND_ORGANIZATION_ASSIGNMENT ( #14, #2641, ( #2092 ) ) ;
#1592 = DATE_TIME_ROLE ( 'creation_date' ) ;
#1593 = ORIENTED_EDGE ( 'NONE', *, *, #2643, .F. ) ;
#1594 = CARTESIAN_POINT ( 'NONE',  ( 18.49999999999998579, 5.750000000000012434, -13.85566243270260145 ) ) ;
#1595 = ADVANCED_FACE ( 'NONE', ( #2451 ), #2469, .F. ) ;
#1596 = CARTESIAN_POINT ( 'NONE',  ( -23.00000000000000000, -3.999999999999991562, -17.99999999999999645 ) ) ;
#1597 = ORIENTED_EDGE ( 'NONE', *, *, #662, .T. ) ;
#1598 = ORIENTED_EDGE ( 'NONE', *, *, #1788, .T. ) ;
#1599 = CARTESIAN_POINT ( 'NONE',  ( -23.00000000000000000, -3.999999999999991562, -17.99999999999999645 ) ) ;
#1600 = EDGE_LOOP ( 'NONE', ( #1136, #1248, #1232, #2925 ) ) ;
#1601 = DIRECTION ( 'NONE',  ( 1.000000000000000000, -0.000000000000000000, -0.000000000000000000 ) ) ;
#1602 = EDGE_LOOP ( 'NONE', ( #2327, #558, #2311, #949, #143 ) ) ;
#1603 = LINE ( 'NONE', #2634, #1654 ) ;
#1604 = ORIENTED_EDGE ( 'NONE', *, *, #1125, .F. ) ;
#1605 = EDGE_CURVE ( 'NONE', #3291, #2993, #2709, .T. ) ;
#1606 = DIRECTION ( 'NONE',  ( -0.6546536707079722017, 0.6546536707079810835, 0.3779644730092286409 ) ) ;
#1607 = LINE ( 'NONE', #31, #1924 ) ;
#1608 = ORIENTED_EDGE ( 'NONE', *, *, #792, .F. ) ;
#1609 = CARTESIAN_POINT ( 'NONE',  ( -19.00000000000000000, 4.511186350715931326, -5.000000000000002665 ) ) ;
#1610 = EDGE_LOOP ( 'NONE', ( #2438, #2, #3219, #1700, #1616, #2218 ) ) ;
#1611 = DIRECTION ( 'NONE',  ( 0.7071067811865474617, 0.7071067811865474617, 0.000000000000000000 ) ) ;
#1612 = EDGE_CURVE ( 'NONE', #122, #3052, #1173, .T. ) ;
#1613 = ORIENTED_EDGE ( 'NONE', *, *, #596, .F. ) ;
#1614 = ORIENTED_EDGE ( 'NONE', *, *, #1378, .T. ) ;
#1615 = DIRECTION ( 'NONE',  ( 0.000000000000000000, -0.8660254037844362651, -0.5000000000000042188 ) ) ;
#1616 = ORIENTED_EDGE ( 'NONE', *, *, #3311, .T. ) ;
#1617 = PLANE ( 'NONE',  #3036 ) ;
#1618 = ORIENTED_EDGE ( 'NONE', *, *, #986, .F. ) ;
#1619 = LINE ( 'NONE', #847, #2367 ) ;
#1620 = EDGE_CURVE ( 'NONE', #836, #3105, #3264, .T. ) ;
#1621 = DIRECTION ( 'NONE',  ( -1.000000000000000000, 0.000000000000000000, 0.000000000000000000 ) ) ;
#1622 = PERSON_AND_ORGANIZATION ( #935, #99 ) ;
#1623 = EDGE_CURVE ( 'NONE', #192, #1510, #1128, .T. ) ;
#1624 = VERTEX_POINT ( 'NONE', #1729 ) ;
#1625 = CARTESIAN_POINT ( 'NONE',  ( -19.00000000000000000, 4.511186350715931326, -5.000000000000002665 ) ) ;
#1626 = VECTOR ( 'NONE', #383, 1000.000000000000000 ) ;
#1627 = DIRECTION ( 'NONE',  ( -1.000000000000000000, 0.000000000000000000, 0.000000000000000000 ) ) ;
#1628 = EDGE_CURVE ( 'NONE', #492, #846, #2746, .T. ) ;
#1629 = ORIENTED_EDGE ( 'NONE', *, *, #2515, .T. ) ;
#1630 = ORIENTED_EDGE ( 'NONE', *, *, #1109, .F. ) ;
#1631 = PLANE ( 'NONE',  #2839 ) ;
#1632 = ORIENTED_EDGE ( 'NONE', *, *, #236, .T. ) ;
#1633 = CARTESIAN_POINT ( 'NONE',  ( 19.50000000000001421, 6.000000000000000000, 0.000000000000000000 ) ) ;
#1634 = EDGE_CURVE ( 'NONE', #401, #836, #882, .T. ) ;
#1635 = CONICAL_SURFACE ( 'NONE', #610, 1.700000000000000178, 0.7853981633974463916 ) ;
#1636 = VECTOR ( 'NONE', #2679, 1000.000000000000000 ) ;
#1637 = ORIENTED_EDGE ( 'NONE', *, *, #1393, .F. ) ;
#1638 = DIRECTION ( 'NONE',  ( 0.000000000000000000, 0.000000000000000000, -1.000000000000000000 ) ) ;
#1639 = LINE ( 'NONE', #66, #1364 ) ;
#1640 = LINE ( 'NONE', #2888, #1636 ) ;
#1641 = DIRECTION ( 'NONE',  ( -0.7071067811865526798, -0.7071067811865423547, 0.000000000000000000 ) ) ;
#1642 = VECTOR ( 'NONE', #433, 1000.000000000000000 ) ;
#1643 = VECTOR ( 'NONE', #3148, 1000.000000000000000 ) ;
#1644 = ORIENTED_EDGE ( 'NONE', *, *, #165, .T. ) ;
#1645 = VERTEX_POINT ( 'NONE', #3019 ) ;
#1646 = EDGE_CURVE ( 'NONE', #690, #1580, #1122, .T. ) ;
#1647 = ORIENTED_EDGE ( 'NONE', *, *, #25, .F. ) ;
#1648 = DIRECTION ( 'NONE',  ( -0.7071067811865475727, -0.7071067811865475727, -0.000000000000000000 ) ) ;
#1649 = VERTEX_POINT ( 'NONE', #1396 ) ;
#1650 = FACE_OUTER_BOUND ( 'NONE', #1088, .T. ) ;
#1651 = VERTEX_POINT ( 'NONE', #2693 ) ;
#1652 = FACE_OUTER_BOUND ( 'NONE', #2176, .T. ) ;
#1653 = ORIENTED_EDGE ( 'NONE', *, *, #461, .F. ) ;
#1654 = VECTOR ( 'NONE', #2148, 1000.000000000000000 ) ;
#1655 = ADVANCED_FACE ( 'NONE', ( #787 ), #712, .F. ) ;
#1656 = CARTESIAN_POINT ( 'NONE',  ( 18.83706211690531873, -2.674124233810611262, 1.337062116905305631 ) ) ;
#1657 = VECTOR ( 'NONE', #1966, 1000.000000000000114 ) ;
#1658 = DIRECTION ( 'NONE',  ( 0.000000000000000000, 0.000000000000000000, -1.000000000000000000 ) ) ;
#1659 = LINE ( 'NONE', #394, #321 ) ;
#1660 = LINE ( 'NONE', #1450, #2558 ) ;
#1661 = EDGE_CURVE ( 'NONE', #1742, #3174, #512, .T. ) ;
#1662 = EDGE_LOOP ( 'NONE', ( #2677, #1630, #1604, #320 ) ) ;
#1663 = DIRECTION ( 'NONE',  ( 0.000000000000000000, 0.000000000000000000, 1.000000000000000000 ) ) ;
#1664 = ORIENTED_EDGE ( 'NONE', *, *, #2356, .F. ) ;
#1665 = CARTESIAN_POINT ( 'NONE',  ( 17.25000000000000711, -5.499999999999985789, -0.2500000000000071609 ) ) ;
#1666 = ADVANCED_FACE ( 'NONE', ( #1758 ), #3346, .T. ) ;
#1667 = ORIENTED_EDGE ( 'NONE', *, *, #298, .T. ) ;
#1668 = DIRECTION ( 'NONE',  ( -0.6785983445458469987, 0.2810846377148203956, 0.6785983445458469987 ) ) ;
#1669 = CARTESIAN_POINT ( 'NONE',  ( -18.50000000000001421, 6.000000000000000000, -4.500000000000006217 ) ) ;
#1670 = ADVANCED_FACE ( 'NONE', ( #1482 ), #200, .F. ) ;
#1671 = CARTESIAN_POINT ( 'NONE',  ( -17.00000000000000000, 5.499999999999985789, -5.000000000000000000 ) ) ;
#1672 = DIRECTION ( 'NONE',  ( 0.000000000000000000, 0.7071067811865474617, -0.7071067811865474617 ) ) ;
#1673 = EDGE_CURVE ( 'NONE', #2264, #1624, #446, .T. ) ;
#1674 = CARTESIAN_POINT ( 'NONE',  ( -19.30000000000000071, 0.000000000000000000, -3.199999999999999734 ) ) ;
#1675 = CC_DESIGN_APPROVAL ( #853, ( #1998 ) ) ;
#1676 = DIRECTION ( 'NONE',  ( 0.000000000000000000, -1.000000000000000000, 0.000000000000000000 ) ) ;
#1677 = CARTESIAN_POINT ( 'NONE',  ( 18.49999999999999289, -1.000000000000000000, -11.11324865405183893 ) ) ;
#1678 = ORIENTED_EDGE ( 'NONE', *, *, #2153, .T. ) ;
#1679 = VERTEX_POINT ( 'NONE', #1463 ) ;
#1680 = CARTESIAN_POINT ( 'NONE',  ( 17.50000000000001421, -5.499999999999985789, 0.000000000000000000 ) ) ;
#1681 = EDGE_LOOP ( 'NONE', ( #3157, #602, #1955, #3348 ) ) ;
#1682 = PLANE ( 'NONE',  #886 ) ;
#1683 = VERTEX_POINT ( 'NONE', #250 ) ;
#1684 = FACE_OUTER_BOUND ( 'NONE', #295, .T. ) ;
#1685 = CARTESIAN_POINT ( 'NONE',  ( -17.50000000000001421, -6.000000000000000000, 0.000000000000000000 ) ) ;
#1686 = VERTEX_POINT ( 'NONE', #768 ) ;
#1687 = LINE ( 'NONE', #2483, #1140 ) ;
#1688 = PLANE ( 'NONE',  #2583 ) ;
#1689 = ADVANCED_FACE ( 'NONE', ( #3067 ), #730, .T. ) ;
#1690 = VECTOR ( 'NONE', #822, 1000.000000000000000 ) ;
#1691 = EDGE_LOOP ( 'NONE', ( #2848, #2523, #1731, #175 ) ) ;
#1692 = ADVANCED_FACE ( 'NONE', ( #1775 ), #2265, .T. ) ;
#1693 = CARTESIAN_POINT ( 'NONE',  ( 19.14384344483389810, 1.643843444833915868, -10.74152546786100260 ) ) ;
#1694 = PLANE ( 'NONE',  #154 ) ;
#1695 = CARTESIAN_POINT ( 'NONE',  ( -19.00000000000000000, 5.500000000000013323, -5.499999999999993783 ) ) ;
#1696 = LINE ( 'NONE', #416, #998 ) ;
#1697 = EDGE_CURVE ( 'NONE', #3152, #553, #3086, .T. ) ;
#1698 = DIRECTION ( 'NONE',  ( 0.000000000000000000, 0.000000000000000000, 1.000000000000000000 ) ) ;
#1699 = DIRECTION ( 'NONE',  ( 0.000000000000000000, 0.8660254037844457020, -0.4999999999999877320 ) ) ;
#1700 = ORIENTED_EDGE ( 'NONE', *, *, #1792, .F. ) ;
#1701 = VECTOR ( 'NONE', #2109, 1000.000000000000000 ) ;
#1702 = EDGE_LOOP ( 'NONE', ( #1385, #520, #3039, #3277 ) ) ;
#1703 = ORIENTED_EDGE ( 'NONE', *, *, #2968, .T. ) ;
#1704 = DIRECTION ( 'NONE',  ( 0.7071067811865474617, 0.7071067811865474617, 0.000000000000000000 ) ) ;
#1705 = DIRECTION ( 'NONE',  ( 0.7071067811865475727, -0.7071067811865475727, 0.000000000000000000 ) ) ;
#1706 = CARTESIAN_POINT ( 'NONE',  ( -21.00000000000000000, 0.000000000000000000, -1.199999999999999734 ) ) ;
#1707 = CARTESIAN_POINT ( 'NONE',  ( 17.00000000000000000, 5.499999999999985789, -0.5000000000000143219 ) ) ;
#1708 = EDGE_LOOP ( 'NONE', ( #1593, #2827, #309, #1150 ) ) ;
#1709 = ADVANCED_FACE ( 'NONE', ( #990 ), #2298, .F. ) ;
#1710 = ORIENTED_EDGE ( 'NONE', *, *, #986, .T. ) ;
#1711 = DIRECTION ( 'NONE',  ( 0.000000000000000000, 0.000000000000000000, 1.000000000000000000 ) ) ;
#1712 = DIRECTION ( 'NONE',  ( 0.000000000000000000, 0.7071067811865511255, 0.7071067811865439090 ) ) ;
#1713 = CARTESIAN_POINT ( 'NONE',  ( 18.49999999999999289, -1.000000000000000000, -8.511186350715970406 ) ) ;
#1714 = ORIENTED_EDGE ( 'NONE', *, *, #892, .F. ) ;
#1715 = DIRECTION ( 'NONE',  ( 0.000000000000000000, -0.7071067811865439090, 0.7071067811865511255 ) ) ;
#1716 = LINE ( 'NONE', #669, #1323 ) ;
#1717 = VECTOR ( 'NONE', #2994, 1000.000000000000000 ) ;
#1718 = EDGE_CURVE ( 'NONE', #2147, #3065, #3032, .T. ) ;
#1719 = ORIENTED_EDGE ( 'NONE', *, *, #1378, .F. ) ;
#1720 = ORIENTED_EDGE ( 'NONE', *, *, #1022, .F. ) ;
#1721 = LINE ( 'NONE', #3237, #363 ) ;
#1722 = FACE_OUTER_BOUND ( 'NONE', #2105, .T. ) ;
#1723 = PLANE ( 'NONE',  #2372 ) ;
#1724 = FACE_OUTER_BOUND ( 'NONE', #564, .T. ) ;
#1725 = EDGE_CURVE ( 'NONE', #1587, #967, #771, .T. ) ;
#1726 = VECTOR ( 'NONE', #2488, 1000.000000000000000 ) ;
#1727 = EDGE_LOOP ( 'NONE', ( #1269, #3293, #2287, #2654 ) ) ;
#1728 = VECTOR ( 'NONE', #2487, 1000.000000000000000 ) ;
#1729 = CARTESIAN_POINT ( 'NONE',  ( -19.00000000000000000, -5.499999999999992895, -13.13397459621554475 ) ) ;
#1730 = DIRECTION ( 'NONE',  ( 6.086749038515089379E-16, -1.000000000000000000, 0.000000000000000000 ) ) ;
#1731 = ORIENTED_EDGE ( 'NONE', *, *, #2648, .T. ) ;
#1732 = DIRECTION ( 'NONE',  ( -0.7071067811865475727, 0.7071067811865475727, 0.000000000000000000 ) ) ;
#1733 = FACE_OUTER_BOUND ( 'NONE', #2970, .T. ) ;
#1734 = EDGE_CURVE ( 'NONE', #1067, #2649, #2778, .T. ) ;
#1735 = DIRECTION ( 'NONE',  ( -0.7071067811865475727, 0.000000000000000000, -0.7071067811865475727 ) ) ;
#1736 = ORIENTED_EDGE ( 'NONE', *, *, #662, .F. ) ;
#1737 = DIRECTION ( 'NONE',  ( 0.000000000000000000, 1.000000000000000000, 0.000000000000000000 ) ) ;
#1738 = EDGE_CURVE ( 'NONE', #1445, #1651, #1502, .T. ) ;
#1739 = DIRECTION ( 'NONE',  ( 1.000000000000000000, 0.000000000000000000, 0.000000000000000000 ) ) ;
#1740 = DIRECTION ( 'NONE',  ( 1.000000000000000000, 0.000000000000000000, -1.508455196501571183E-16 ) ) ;
#1741 = CARTESIAN_POINT ( 'NONE',  ( -18.50000000000001421, 5.750000000000012434, -13.85566243270260145 ) ) ;
#1742 = VERTEX_POINT ( 'NONE', #2815 ) ;
#1743 = CARTESIAN_POINT ( 'NONE',  ( 0.000000000000000000, 0.000000000000000000, -5.000000000000000000 ) ) ;
#1744 = FACE_OUTER_BOUND ( 'NONE', #1349, .T. ) ;
#1745 = FACE_OUTER_BOUND ( 'NONE', #2718, .T. ) ;
#1746 = VECTOR ( 'NONE', #1879, 1000.000000000000000 ) ;
#1747 = CARTESIAN_POINT ( 'NONE',  ( -19.50000000000000711, -6.000000000000000000, -5.500000000000007105 ) ) ;
#1748 = LINE ( 'NONE', #2991, #3298 ) ;
#1749 = ADVANCED_FACE ( 'NONE', ( #3313 ), #2028, .F. ) ;
#1750 = EDGE_LOOP ( 'NONE', ( #418, #764, #1882, #1218 ) ) ;
#1751 = CARTESIAN_POINT ( 'NONE',  ( -19.00000000000000000, 1.499999999999993561, -10.82457351945703117 ) ) ;
#1752 = CARTESIAN_POINT ( 'NONE',  ( 19.00000000000000000, 1.500000000000014433, -8.718293131902521864 ) ) ;
#1753 = ORIENTED_EDGE ( 'NONE', *, *, #1976, .F. ) ;
#1754 = DIRECTION ( 'NONE',  ( -0.6785983445458416696, 0.2810846377148233377, -0.6785983445458511065 ) ) ;
#1755 = ORIENTED_EDGE ( 'NONE', *, *, #1381, .F. ) ;
#1756 = EDGE_LOOP ( 'NONE', ( #438, #1032, #1511, #1847 ) ) ;
#1757 = AXIS2_PLACEMENT_3D ( 'NONE', #1326, #2403, #2364 ) ;
#1758 = FACE_OUTER_BOUND ( 'NONE', #1602, .T. ) ;
#1759 = CARTESIAN_POINT ( 'NONE',  ( -19.00000000000000000, -4.511186350715931326, -5.000000000000002665 ) ) ;
#1760 = PLANE ( 'NONE',  #1803 ) ;
#1761 = CARTESIAN_POINT ( 'NONE',  ( 21.00000000000000000, 0.000000000000000000, -5.000000000000000000 ) ) ;
#1762 = CARTESIAN_POINT ( 'NONE',  ( -19.00000000000000000, 5.500000000000006217, -5.499999999999993783 ) ) ;
#1763 = EDGE_CURVE ( 'NONE', #606, #3247, #1260, .T. ) ;
#1764 = ORIENTED_EDGE ( 'NONE', *, *, #2048, .F. ) ;
#1765 = ORIENTED_EDGE ( 'NONE', *, *, #1907, .T. ) ;
#1766 = LINE ( 'NONE', #259, #1798 ) ;
#1767 = FACE_BOUND ( 'NONE', #2338, .T. ) ;
#1768 = EDGE_CURVE ( 'NONE', #2429, #1099, #2568, .T. ) ;
#1769 = ORIENTED_EDGE ( 'NONE', *, *, #2068, .T. ) ;
#1770 = CARTESIAN_POINT ( 'NONE',  ( 18.49999999999998579, 1.000000000000000000, -11.11324865405183893 ) ) ;
#1771 = VECTOR ( 'NONE', #1856, 1000.000000000000000 ) ;
#1772 = B_SPLINE_CURVE_WITH_KNOTS ( 'NONE', 1,
 ( #3168, #839 ),
 .UNSPECIFIED., .F., .F.,
 ( 2, 2 ),
 ( 0.000000000000000000, 0.0009128709291752983143 ),
 .UNSPECIFIED. ) ;
#1773 = ORIENTED_EDGE ( 'NONE', *, *, #2040, .T. ) ;
#1774 = CARTESIAN_POINT ( 'NONE',  ( -23.20000000000000284, 2.694222958124177993E-16, 0.000000000000000000 ) ) ;
#1775 = FACE_OUTER_BOUND ( 'NONE', #3056, .T. ) ;
#1776 = EDGE_CURVE ( 'NONE', #199, #1324, #67, .T. ) ;
#1777 = DIRECTION ( 'NONE',  ( -0.000000000000000000, 1.000000000000000000, -0.000000000000000000 ) ) ;
#1778 = VECTOR ( 'NONE', #726, 1000.000000000000000 ) ;
#1779 = DIRECTION ( 'NONE',  ( -1.000000000000000000, 0.000000000000000000, 1.508455196501571183E-16 ) ) ;
#1780 = VECTOR ( 'NONE', #403, 1000.000000000000114 ) ;
#1781 = APPROVAL_PERSON_ORGANIZATION ( #32, #1479, #2934 ) ;
#1782 = DIRECTION ( 'NONE',  ( 0.000000000000000000, 0.000000000000000000, 1.000000000000000000 ) ) ;
#1783 = VECTOR ( 'NONE', #2124, 1000.000000000000000 ) ;
#1784 = VERTEX_POINT ( 'NONE', #2703 ) ;
#1785 = ORIENTED_EDGE ( 'NONE', *, *, #2731, .T. ) ;
#1786 = CARTESIAN_POINT ( 'NONE',  ( 18.49999999999998579, 1.000000000000000000, -8.511186350715970406 ) ) ;
#1787 = CARTESIAN_POINT ( 'NONE',  ( 25.00000000000000355, -4.000000000000005329, -0.5000000000000143219 ) ) ;
#1788 = EDGE_CURVE ( 'NONE', #2808, #1838, #678, .T. ) ;
#1789 = ORIENTED_EDGE ( 'NONE', *, *, #1970, .F. ) ;
#1790 = PLANE ( 'NONE',  #2705 ) ;
#1791 = EDGE_LOOP ( 'NONE', ( #2861, #1678, #809, #3098 ) ) ;
#1792 = EDGE_CURVE ( 'NONE', #1371, #2278, #1313, .T. ) ;
#1793 = CARTESIAN_POINT ( 'NONE',  ( -17.00000000000000000, -5.499999999999985789, -0.5000000000000143219 ) ) ;
#1794 = DIRECTION ( 'NONE',  ( 1.000000000000000000, 0.000000000000000000, 0.000000000000000000 ) ) ;
#1795 = DIRECTION ( 'NONE',  ( 0.000000000000000000, -1.000000000000000000, 0.000000000000000000 ) ) ;
#1796 = ORIENTED_EDGE ( 'NONE', *, *, #748, .F. ) ;
#1797 = FACE_OUTER_BOUND ( 'NONE', #850, .T. ) ;
#1798 = VECTOR ( 'NONE', #1565, 1000.000000000000000 ) ;
#1799 = FACE_OUTER_BOUND ( 'NONE', #2172, .T. ) ;
#1800 = EDGE_CURVE ( 'NONE', #1528, #1402, #2620, .T. ) ;
#1801 = EDGE_LOOP ( 'NONE', ( #2599, #2115, #2592, #1868 ) ) ;
#1802 = ORIENTED_EDGE ( 'NONE', *, *, #2190, .F. ) ;
#1803 = AXIS2_PLACEMENT_3D ( 'NONE', #2535, #1523, #976 ) ;
#1804 = FACE_BOUND ( 'NONE', #1496, .T. ) ;
#1805 = DIRECTION ( 'NONE',  ( 1.000000000000000000, 0.000000000000000000, 0.000000000000000000 ) ) ;
#1806 = EDGE_LOOP ( 'NONE', ( #716, #2154, #2937, #1003 ) ) ;
#1807 = AXIS2_PLACEMENT_3D ( 'NONE', #2667, #1648, #1375 ) ;
#1808 = LINE ( 'NONE', #262, #2052 ) ;
#1809 = AXIS2_PLACEMENT_3D ( 'NONE', #3003, #629, #1175 ) ;
#1810 = CARTESIAN_POINT ( 'NONE',  ( 0.000000000000000000, 4.011186350715917115, 0.000000000000000000 ) ) ;
#1811 = DIRECTION ( 'NONE',  ( 0.7071067811865423547, -0.7071067811865526798, 0.000000000000000000 ) ) ;
#1812 = CARTESIAN_POINT ( 'NONE',  ( 21.00000000000000000, 0.000000000000000000, -5.000000000000000000 ) ) ;
#1813 = EDGE_CURVE ( 'NONE', #2943, #826, #2119, .T. ) ;
#1814 = VERTEX_POINT ( 'NONE', #1407 ) ;
#1815 = CARTESIAN_POINT ( 'NONE',  ( 21.00000000000000000, 0.000000000000000000, 0.000000000000000000 ) ) ;
#1816 = DIRECTION ( 'NONE',  ( 0.000000000000000000, 0.000000000000000000, 1.000000000000000000 ) ) ;
#1817 = ORIENTED_EDGE ( 'NONE', *, *, #2674, .F. ) ;
#1818 = FACE_OUTER_BOUND ( 'NONE', #2662, .T. ) ;
#1819 = DIRECTION ( 'NONE',  ( 0.000000000000000000, -1.000000000000000000, 0.000000000000000000 ) ) ;
#1820 = EDGE_CURVE ( 'NONE', #832, #2649, #2640, .T. ) ;
#1821 = ORIENTED_EDGE ( 'NONE', *, *, #821, .F. ) ;
#1822 = VECTOR ( 'NONE', #260, 1000.000000000000114 ) ;
#1823 = VERTEX_POINT ( 'NONE', #2103 ) ;
#1824 = CARTESIAN_POINT ( 'NONE',  ( 18.49999999999998579, 1.000000000000000000, -11.11324865405183893 ) ) ;
#1825 = AXIS2_PLACEMENT_3D ( 'NONE', #518, #2574, #254 ) ;
#1826 = EDGE_CURVE ( 'NONE', #630, #1354, #3133, .T. ) ;
#1827 = DIRECTION ( 'NONE',  ( -0.000000000000000000, 1.000000000000000000, 0.000000000000000000 ) ) ;
#1828 = CARTESIAN_POINT ( 'NONE',  ( 17.50000000000001421, -6.000000000000000000, -5.000000000000000000 ) ) ;
#1829 = PERSON_AND_ORGANIZATION ( #935, #99 ) ;
#1830 = VERTEX_POINT ( 'NONE', #300 ) ;
#1831 = CARTESIAN_POINT ( 'NONE',  ( 0.000000000000000000, -6.000000000000000000, -4.499999999999992895 ) ) ;
#1832 = CARTESIAN_POINT ( 'NONE',  ( -20.99205923830604803, -1.152402180676925125, 4.347597819323060442 ) ) ;
#1833 = ORIENTED_EDGE ( 'NONE', *, *, #54, .F. ) ;
#1834 = EDGE_CURVE ( 'NONE', #1044, #307, #528, .T. ) ;
#1835 = ORIENTED_EDGE ( 'NONE', *, *, #3126, .T. ) ;
#1836 = CARTESIAN_POINT ( 'NONE',  ( -25.00000000000000000, -3.999999999999991562, -0.5000000000000142109 ) ) ;
#1837 = DIRECTION ( 'NONE',  ( 1.000000000000000000, 0.000000000000000000, 0.000000000000000000 ) ) ;
#1838 = VERTEX_POINT ( 'NONE', #2179 ) ;
#1839 = EDGE_CURVE ( 'NONE', #1878, #2910, #835, .T. ) ;
#1840 = LINE ( 'NONE', #1004, #1883 ) ;
#1841 = VECTOR ( 'NONE', #1963, 1000.000000000000114 ) ;
#1842 = CARTESIAN_POINT ( 'NONE',  ( -17.00000000000000000, -5.499999999999985789, -5.000000000000000000 ) ) ;
#1843 = CARTESIAN_POINT ( 'NONE',  ( 14.14644660940671450, 14.14644660940671450, 0.000000000000000000 ) ) ;
#1844 = ORIENTED_EDGE ( 'NONE', *, *, #2284, .F. ) ;
#1845 = LINE ( 'NONE', #1831, #1470 ) ;
#1846 = CARTESIAN_POINT ( 'NONE',  ( 19.00000000000000000, 5.499999999999985789, -13.13397459621553232 ) ) ;
#1847 = ORIENTED_EDGE ( 'NONE', *, *, #1467, .F. ) ;
#1848 = CARTESIAN_POINT ( 'NONE',  ( 18.49999999999999289, -1.000000000000000000, -8.511186350715970406 ) ) ;
#1849 = VERTEX_POINT ( 'NONE', #1669 ) ;
#1850 = CARTESIAN_POINT ( 'NONE',  ( 0.000000000000000000, -6.000000000000000000, -14.28867513459482197 ) ) ;
#1851 = ADVANCED_FACE ( 'NONE', ( #2331 ), #323, .F. ) ;
#1852 = ORIENTED_EDGE ( 'NONE', *, *, #2531, .T. ) ;
#1853 = VECTOR ( 'NONE', #2107, 1000.000000000000000 ) ;
#1854 = VECTOR ( 'NONE', #701, 1000.000000000000000 ) ;
#1855 = EDGE_LOOP ( 'NONE', ( #1667, #907, #1942, #1755 ) ) ;
#1856 = DIRECTION ( 'NONE',  ( -0.7071067811865426878, 0.7071067811865524577, -0.000000000000000000 ) ) ;
#1857 = CARTESIAN_POINT ( 'NONE',  ( -17.50000000000001421, 4.011186350715917115, 0.000000000000000000 ) ) ;
#1858 = DIRECTION ( 'NONE',  ( 0.000000000000000000, -1.000000000000000000, 0.000000000000000000 ) ) ;
#1859 = PERSON_AND_ORGANIZATION ( #935, #99 ) ;
#1860 = ORIENTED_EDGE ( 'NONE', *, *, #1345, .T. ) ;
#1861 = LINE ( 'NONE', #2905, #2449 ) ;
#1862 = LINE ( 'NONE', #329, #1203 ) ;
#1863 = ORIENTED_EDGE ( 'NONE', *, *, #1409, .F. ) ;
#1864 = CARTESIAN_POINT ( 'NONE',  ( -19.00000000000000000, 4.511186350715931326, -5.000000000000002665 ) ) ;
#1865 = VERTEX_POINT ( 'NONE', #817 ) ;
#1866 = DIRECTION ( 'NONE',  ( -0.7071067811865475727, 0.7071067811865475727, 0.000000000000000000 ) ) ;
#1867 = AXIS2_PLACEMENT_3D ( 'NONE', #3218, #2237, #1216 ) ;
#1868 = ORIENTED_EDGE ( 'NONE', *, *, #2792, .T. ) ;
#1869 = ORIENTED_EDGE ( 'NONE', *, *, #1964, .T. ) ;
#1870 = DIRECTION ( 'NONE',  ( 0.7071067811865475727, -0.7071067811865475727, 0.000000000000000000 ) ) ;
#1871 = EDGE_CURVE ( 'NONE', #3230, #1892, #127, .T. ) ;
#1872 = VECTOR ( 'NONE', #1910, 1000.000000000000000 ) ;
#1873 = CARTESIAN_POINT ( 'NONE',  ( 24.49999999999998934, 0.000000000000000000, 0.000000000000000000 ) ) ;
#1874 = ADVANCED_FACE ( 'NONE', ( #1152 ), #1590, .T. ) ;
#1875 = PLANE ( 'NONE',  #1205 ) ;
#1876 = CARTESIAN_POINT ( 'NONE',  ( 24.50000000000000355, 2.850000000000000533, -3.199999999999999734 ) ) ;
#1877 = VERTEX_POINT ( 'NONE', #581 ) ;
#1878 = VERTEX_POINT ( 'NONE', #2850 ) ;
#1879 = DIRECTION ( 'NONE',  ( 0.000000000000000000, 0.000000000000000000, 1.000000000000000000 ) ) ;
#1880 = ORIENTED_EDGE ( 'NONE', *, *, #2953, .F. ) ;
#1881 = CARTESIAN_POINT ( 'NONE',  ( -19.00000000000000000, -1.000000000000000000, -8.511186350715970406 ) ) ;
#1882 = ORIENTED_EDGE ( 'NONE', *, *, #1820, .F. ) ;
#1883 = VECTOR ( 'NONE', #1033, 1000.000000000000000 ) ;
#1884 = FACE_OUTER_BOUND ( 'NONE', #2133, .T. ) ;
#1885 = VERTEX_POINT ( 'NONE', #2587 ) ;
#1886 = DIRECTION ( 'NONE',  ( -1.000000000000000000, -1.858632295689435609E-16, -0.000000000000000000 ) ) ;
#1887 = EDGE_LOOP ( 'NONE', ( #2745, #1283, #2598, #2060 ) ) ;
#1888 = APPROVAL_DATE_TIME ( #1092, #2289 ) ;
#1889 = EDGE_CURVE ( 'NONE', #1683, #3065, #284, .T. ) ;
#1890 = VECTOR ( 'NONE', #3145, 1000.000000000000000 ) ;
#1891 = PRODUCT ( '0PB_mk4_door_front_handle_right_v1', '0PB_mk4_door_front_handle_right_v1', '', ( #3034 ) ) ;
#1892 = VERTEX_POINT ( 'NONE', #2194 ) ;
#1893 = LINE ( 'NONE', #2088, #3100 ) ;
#1894 = LINE ( 'NONE', #615, #3104 ) ;
#1895 = ORIENTED_EDGE ( 'NONE', *, *, #1467, .T. ) ;
#1896 = DIRECTION ( 'NONE',  ( -0.5773502691896261751, -0.5773502691896261751, -0.5773502691896250649 ) ) ;
#1897 = VECTOR ( 'NONE', #3110, 1000.000000000000114 ) ;
#1898 = DIRECTION ( 'NONE',  ( -1.000000000000000000, 0.000000000000000000, 0.000000000000000000 ) ) ;
#1899 = EDGE_CURVE ( 'NONE', #1885, #1257, #1607, .T. ) ;
#1900 = ORIENTED_EDGE ( 'NONE', *, *, #2789, .T. ) ;
#1901 = VECTOR ( 'NONE', #511, 999.9999999999998863 ) ;
#1902 = LINE ( 'NONE', #3177, #1985 ) ;
#1903 = AXIS2_PLACEMENT_3D ( 'NONE', #646, #2711, #1429 ) ;
#1904 = DIRECTION ( 'NONE',  ( -0.6785983445458424468, 0.6785983445458518837, -0.2810846377148196740 ) ) ;
#1905 = AXIS2_PLACEMENT_3D ( 'NONE', #2254, #2220, #3283 ) ;
#1906 = DIRECTION ( 'NONE',  ( 1.000000000000000000, 0.000000000000000000, 0.000000000000000000 ) ) ;
#1907 = EDGE_CURVE ( 'NONE', #307, #2389, #3223, .T. ) ;
#1908 = DIRECTION ( 'NONE',  ( -0.7071067811865474617, -0.000000000000000000, 0.7071067811865474617 ) ) ;
#1909 = DIRECTION ( 'NONE',  ( -0.000000000000000000, 0.4999999999999875655, 0.8660254037844458130 ) ) ;
#1910 = DIRECTION ( 'NONE',  ( -0.6785983445458461105, -0.2810846377148249475, 0.6785983445458461105 ) ) ;
#1911 = DIRECTION ( 'NONE',  ( -0.000000000000000000, -0.000000000000000000, -1.000000000000000000 ) ) ;
#1912 = VECTOR ( 'NONE', #1554, 1000.000000000000000 ) ;
#1913 = ORIENTED_EDGE ( 'NONE', *, *, #3344, .F. ) ;
#1914 = CARTESIAN_POINT ( 'NONE',  ( -21.00000000000000000, 0.000000000000000000, -1.199999999999999734 ) ) ;
#1915 = ORIENTED_EDGE ( 'NONE', *, *, #1295, .T. ) ;
#1916 = LINE ( 'NONE', #638, #1432 ) ;
#1917 = EDGE_CURVE ( 'NONE', #137, #2222, #2348, .T. ) ;
#1918 = DIRECTION ( 'NONE',  ( 0.000000000000000000, 0.000000000000000000, 1.000000000000000000 ) ) ;
#1919 = VECTOR ( 'NONE', #2614, 1000.000000000000000 ) ;
#1920 = PLANE ( 'NONE',  #2555 ) ;
#1921 = DIRECTION ( 'NONE',  ( -1.000000000000000000, 0.000000000000000000, 0.000000000000000000 ) ) ;
#1922 = DIRECTION ( 'NONE',  ( 0.7071067811865475727, 0.000000000000000000, -0.7071067811865475727 ) ) ;
#1923 = FACE_OUTER_BOUND ( 'NONE', #1750, .T. ) ;
#1924 = VECTOR ( 'NONE', #1918, 1000.000000000000000 ) ;
#1925 = ADVANCED_FACE ( 'NONE', ( #547 ), #209, .T. ) ;
#1926 = EDGE_LOOP ( 'NONE', ( #3222, #2203, #2144, #1653 ) ) ;
#1927 = FACE_OUTER_BOUND ( 'NONE', #1289, .T. ) ;
#1928 = LINE ( 'NONE', #936, #1841 ) ;
#1929 = VECTOR ( 'NONE', #970, 1000.000000000000000 ) ;
#1930 = ORIENTED_EDGE ( 'NONE', *, *, #2023, .F. ) ;
#1931 = LINE ( 'NONE', #439, #1488 ) ;
#1932 = CARTESIAN_POINT ( 'NONE',  ( 19.00000000000000000, 4.718293131902489002, -5.500000000000014211 ) ) ;
#1933 = EDGE_CURVE ( 'NONE', #1953, #1892, #2995, .T. ) ;
#1934 = CARTESIAN_POINT ( 'NONE',  ( 19.50000000000000711, -6.000000000000000000, -5.500000000000000888 ) ) ;
#1935 = DIRECTION ( 'NONE',  ( -0.5773502691896257311, -0.5773502691896257311, 0.5773502691896257311 ) ) ;
#1936 = EDGE_CURVE ( 'NONE', #89, #103, #649, .T. ) ;
#1937 = CIRCLE ( 'NONE', #3235, 2.200000000000000622 ) ;
#1938 = LINE ( 'NONE', #1693, #2735 ) ;
#1939 = LINE ( 'NONE', #378, #317 ) ;
#1940 = CARTESIAN_POINT ( 'NONE',  ( 24.49999999999998934, -3.792893218813453871, 0.000000000000000000 ) ) ;
#1941 = ORIENTED_EDGE ( 'NONE', *, *, #1273, .F. ) ;
#1942 = ORIENTED_EDGE ( 'NONE', *, *, #2515, .F. ) ;
#1943 = VECTOR ( 'NONE', #368, 1000.000000000000000 ) ;
#1944 = DIRECTION ( 'NONE',  ( 0.000000000000000000, 1.000000000000000000, 0.000000000000000000 ) ) ;
#1945 = VERTEX_POINT ( 'NONE', #1201 ) ;
#1946 = CARTESIAN_POINT ( 'NONE',  ( -18.50000000000001421, 6.000000000000000000, -14.28867513459481131 ) ) ;
#1947 = VECTOR ( 'NONE', #1601, 1000.000000000000000 ) ;
#1948 = ORIENTED_EDGE ( 'NONE', *, *, #2186, .F. ) ;
#1949 = VERTEX_POINT ( 'NONE', #2496 ) ;
#1950 = LINE ( 'NONE', #3011, #1717 ) ;
#1951 = DIRECTION ( 'NONE',  ( -0.000000000000000000, -0.000000000000000000, -1.000000000000000000 ) ) ;
#1952 = ADVANCED_FACE ( 'NONE', ( #2004 ), #2241, .T. ) ;
#1953 = VERTEX_POINT ( 'NONE', #2462 ) ;
#1954 = DIRECTION ( 'NONE',  ( 1.000000000000000000, 0.000000000000000000, 0.000000000000000000 ) ) ;
#1955 = ORIENTED_EDGE ( 'NONE', *, *, #2581, .T. ) ;
#1956 = FACE_OUTER_BOUND ( 'NONE', #1123, .T. ) ;
#1957 = CARTESIAN_POINT ( 'NONE',  ( -18.50000000000001421, 5.750000000000012434, -13.85566243270260145 ) ) ;
#1958 = EDGE_CURVE ( 'NONE', #161, #2485, #1937, .T. ) ;
#1959 = CARTESIAN_POINT ( 'NONE',  ( -25.00000000000000000, 3.349999999999991651, -1.199999999999999956 ) ) ;
#1960 = LINE ( 'NONE', #2952, #2838 ) ;
#1961 = DIRECTION ( 'NONE',  ( -0.000000000000000000, 0.7071067811865475727, -0.7071067811865475727 ) ) ;
#1962 = CARTESIAN_POINT ( 'NONE',  ( -19.00000000000000000, 0.000000000000000000, 0.000000000000000000 ) ) ;
#1963 = DIRECTION ( 'NONE',  ( -0.6546536707079774198, -0.6546536707079775308, 0.3779644730092258098 ) ) ;
#1964 = EDGE_CURVE ( 'NONE', #467, #3152, #474, .T. ) ;
#1965 = ORIENTED_EDGE ( 'NONE', *, *, #2303, .F. ) ;
#1966 = DIRECTION ( 'NONE',  ( -0.6785983445458466656, -0.2810846377148218389, 0.6785983445458466656 ) ) ;
#1967 = LINE ( 'NONE', #423, #897 ) ;
#1968 = AXIS2_PLACEMENT_3D ( 'NONE', #1685, #1705, #969 ) ;
#1969 = VECTOR ( 'NONE', #1239, 1000.000000000000000 ) ;
#1970 = EDGE_CURVE ( 'NONE', #1024, #673, #762, .T. ) ;
#1971 = DIRECTION ( 'NONE',  ( 0.000000000000000000, 0.000000000000000000, 1.000000000000000000 ) ) ;
#1972 = DIRECTION ( 'NONE',  ( 1.000000000000000000, 0.000000000000000000, -0.000000000000000000 ) ) ;
#1973 = AXIS2_PLACEMENT_3D ( 'NONE', #1387, #2425, #3312 ) ;
#1974 = ORIENTED_EDGE ( 'NONE', *, *, #1499, .T. ) ;
#1975 = ORIENTED_EDGE ( 'NONE', *, *, #3126, .F. ) ;
#1976 = EDGE_CURVE ( 'NONE', #1823, #255, #3028, .T. ) ;
#1977 = CARTESIAN_POINT ( 'NONE',  ( 18.49999999999998579, 4.511186350715931326, -5.000000000000002665 ) ) ;
#1978 = CARTESIAN_POINT ( 'NONE',  ( 25.00000000000000355, -4.000000000000005329, -16.00000000000000000 ) ) ;
#1979 = DIRECTION ( 'NONE',  ( 0.000000000000000000, -0.8660254037844361541, -0.5000000000000042188 ) ) ;
#1980 = EDGE_CURVE ( 'NONE', #1272, #1645, #145, .T. ) ;
#1981 = CARTESIAN_POINT ( 'NONE',  ( 24.00000000000000711, -5.000000000000001776, -16.99999999999999289 ) ) ;
#1982 = VERTEX_POINT ( 'NONE', #2210 ) ;
#1983 = DIRECTION ( 'NONE',  ( -0.000000000000000000, 0.000000000000000000, -1.000000000000000000 ) ) ;
#1984 = VECTOR ( 'NONE', #1737, 1000.000000000000000 ) ;
#1985 = VECTOR ( 'NONE', #2897, 999.9999999999998863 ) ;
#1986 = VERTEX_POINT ( 'NONE', #1932 ) ;
#1987 = CARTESIAN_POINT ( 'NONE',  ( -14.14644660940671450, 14.14644660940671450, 0.000000000000000000 ) ) ;
#1988 = CARTESIAN_POINT ( 'NONE',  ( 25.00000000000000355, -6.000000000000000000, -16.00000000000000000 ) ) ;
#1989 = VECTOR ( 'NONE', #2866, 1000.000000000000000 ) ;
#1990 = LINE ( 'NONE', #3029, #536 ) ;
#1991 = CARTESIAN_POINT ( 'NONE',  ( 0.000000000000000000, 6.000000000000000000, 0.000000000000000000 ) ) ;
#1992 = ORIENTED_EDGE ( 'NONE', *, *, #584, .T. ) ;
#1993 = DIRECTION ( 'NONE',  ( 0.000000000000000000, 0.000000000000000000, -1.000000000000000000 ) ) ;
#1994 = AXIS2_PLACEMENT_3D ( 'NONE', #432, #2503, #411 ) ;
#1995 = APPLICATION_PROTOCOL_DEFINITION ( 'international standard', 'config_control_design', 1994, #2701 ) ;
#1996 = LINE ( 'NONE', #963, #670 ) ;
#1997 = ADVANCED_FACE ( 'NONE', ( #2741 ), #940, .F. ) ;
#1998 = SECURITY_CLASSIFICATION ( '', '', #801 ) ;
#1999 = DIRECTION ( 'NONE',  ( 0.000000000000000000, 0.000000000000000000, 1.000000000000000000 ) ) ;
#2000 = CARTESIAN_POINT ( 'NONE',  ( -25.00000000000000000, -3.350000000000003197, -1.199999999999999956 ) ) ;
#2001 = VECTOR ( 'NONE', #2399, 1000.000000000000114 ) ;
#2002 = EDGE_LOOP ( 'NONE', ( #2140, #2393 ) ) ;
#2003 = DIRECTION ( 'NONE',  ( 0.000000000000000000, 0.7071067811865439090, 0.7071067811865511255 ) ) ;
#2004 = FACE_OUTER_BOUND ( 'NONE', #1519, .T. ) ;
#2005 = DIRECTION ( 'NONE',  ( 0.000000000000000000, 1.000000000000000000, 0.000000000000000000 ) ) ;
#2006 = LINE ( 'NONE', #2998, #2349 ) ;
#2007 = VERTEX_POINT ( 'NONE', #654 ) ;
#2008 = AXIS2_PLACEMENT_3D ( 'NONE', #1786, #1512, #2683 ) ;
#2009 = EDGE_CURVE ( 'NONE', #1080, #2790, #955, .T. ) ;
#2010 = CARTESIAN_POINT ( 'NONE',  ( 19.50000000000000711, -6.000000000000000000, -13.13397459621555896 ) ) ;
#2011 = DIRECTION ( 'NONE',  ( 1.000000000000000000, -0.000000000000000000, -0.000000000000000000 ) ) ;
#2012 = PLANE ( 'NONE',  #1197 ) ;
#2013 = ADVANCED_FACE ( 'NONE', ( #1722 ), #708, .T. ) ;
#2014 = CARTESIAN_POINT ( 'NONE',  ( -18.50000000000001421, 1.000000000000000000, -8.511186350715970406 ) ) ;
#2015 = DIRECTION ( 'NONE',  ( -0.7071067811865426878, 0.7071067811865524577, 0.000000000000000000 ) ) ;
#2016 = VECTOR ( 'NONE', #435, 1000.000000000000000 ) ;
#2017 = EDGE_CURVE ( 'NONE', #1949, #1649, #1967, .T. ) ;
#2018 = ORIENTED_EDGE ( 'NONE', *, *, #2202, .T. ) ;
#2019 = DIRECTION ( 'NONE',  ( 0.000000000000000000, 0.7071067811865475727, -0.7071067811865475727 ) ) ;
#2020 = CARTESIAN_POINT ( 'NONE',  ( 18.49999999999999289, -1.000000000000000000, -11.11324865405183893 ) ) ;
#2021 = VECTOR ( 'NONE', #2743, 999.9999999999998863 ) ;
#2022 = ORIENTED_EDGE ( 'NONE', *, *, #54, .T. ) ;
#2023 = EDGE_CURVE ( 'NONE', #1580, #690, #577, .T. ) ;
#2024 = LINE ( 'NONE', #1137, #1386 ) ;
#2025 = ORIENTED_EDGE ( 'NONE', *, *, #2749, .T. ) ;
#2026 = ORIENTED_EDGE ( 'NONE', *, *, #3234, .F. ) ;
#2027 = FACE_OUTER_BOUND ( 'NONE', #1855, .T. ) ;
#2028 = PLANE ( 'NONE',  #1589 ) ;
#2029 = LINE ( 'NONE', #991, #3064 ) ;
#2030 = DIRECTION ( 'NONE',  ( 0.7071067811865475727, -0.000000000000000000, -0.7071067811865475727 ) ) ;
#2031 = DIRECTION ( 'NONE',  ( 0.7071067811865487940, -0.7071067811865463515, 0.000000000000000000 ) ) ;
#2032 = CARTESIAN_POINT ( 'NONE',  ( 14.14644660940671272, 14.14644660940671272, 0.000000000000000000 ) ) ;
#2033 = AXIS2_PLACEMENT_3D ( 'NONE', #1793, #11, #2118 ) ;
#2034 = ORIENTED_EDGE ( 'NONE', *, *, #824, .T. ) ;
#2035 = DIRECTION ( 'NONE',  ( 1.000000000000000000, 0.000000000000000000, 0.000000000000000000 ) ) ;
#2036 = CARTESIAN_POINT ( 'NONE',  ( -19.00000000000000000, -4.312177826491081056, -7.468911086754395967 ) ) ;
#2037 = EDGE_CURVE ( 'NONE', #76, #161, #441, .T. ) ;
#2038 = EDGE_LOOP ( 'NONE', ( #2770, #775, #1171, #848 ) ) ;
#2039 = LINE ( 'NONE', #544, #2164 ) ;
#2040 = EDGE_CURVE ( 'NONE', #836, #1885, #1220, .T. ) ;
#2041 = ORIENTED_EDGE ( 'NONE', *, *, #2562, .T. ) ;
#2042 = LINE ( 'NONE', #3330, #2895 ) ;
#2043 = CARTESIAN_POINT ( 'NONE',  ( 25.00000000000000355, -6.000000000000000000, -16.00000000000000000 ) ) ;
#2044 = CARTESIAN_POINT ( 'NONE',  ( -23.99999999999999645, 4.999999999999995559, -16.99999999999999645 ) ) ;
#2045 = CARTESIAN_POINT ( 'NONE',  ( -17.00000000000000000, -5.499999999999985789, -0.5000000000000143219 ) ) ;
#2046 = AXIS2_PLACEMENT_3D ( 'NONE', #27, #2582, #2564 ) ;
#2047 = ORIENTED_EDGE ( 'NONE', *, *, #1620, .T. ) ;
#2048 = EDGE_CURVE ( 'NONE', #1061, #206, #2744, .T. ) ;
#2049 = AXIS2_PLACEMENT_3D ( 'NONE', #1770, #1310, #3062 ) ;
#2050 = DIRECTION ( 'NONE',  ( 0.000000000000000000, 0.000000000000000000, 1.000000000000000000 ) ) ;
#2051 = DIRECTION ( 'NONE',  ( 1.000000000000000000, 0.000000000000000000, -0.000000000000000000 ) ) ;
#2052 = VECTOR ( 'NONE', #3327, 1000.000000000000114 ) ;
#2053 = VERTEX_POINT ( 'NONE', #1752 ) ;
#2054 = VECTOR ( 'NONE', #1112, 1000.000000000000000 ) ;
#2055 = CARTESIAN_POINT ( 'NONE',  ( -19.00000000000000000, -5.109146565951272478, -5.109146565951220076 ) ) ;
#2056 = DIRECTION ( 'NONE',  ( -0.7071067811865525687, 0.7071067811865425767, 0.000000000000000000 ) ) ;
#2057 = EDGE_LOOP ( 'NONE', ( #2111, #3342 ) ) ;
#2058 = CARTESIAN_POINT ( 'NONE',  ( -19.49999999999998579, 6.000000000000000000, 0.000000000000000000 ) ) ;
#2059 = EDGE_CURVE ( 'NONE', #1354, #3164, #1015, .T. ) ;
#2060 = ORIENTED_EDGE ( 'NONE', *, *, #114, .F. ) ;
#2061 = CARTESIAN_POINT ( 'NONE',  ( 18.49999999999998579, 6.000000000000000000, -14.28867513459481131 ) ) ;
#2062 = DIRECTION ( 'NONE',  ( 1.000000000000000000, 0.000000000000000000, -0.000000000000000000 ) ) ;
#2063 = PLANE ( 'NONE',  #151 ) ;
#2064 = LINE ( 'NONE', #992, #2286 ) ;
#2065 = ORIENTED_EDGE ( 'NONE', *, *, #812, .T. ) ;
#2066 = ORIENTED_EDGE ( 'NONE', *, *, #2710, .T. ) ;
#2067 = EDGE_LOOP ( 'NONE', ( #308, #744, #1597, #2098 ) ) ;
#2068 = EDGE_CURVE ( 'NONE', #1587, #2808, #1546, .T. ) ;
#2069 = ORIENTED_EDGE ( 'NONE', *, *, #1936, .F. ) ;
#2070 = PLANE ( 'NONE',  #414 ) ;
#2071 = LINE ( 'NONE', #3108, #2629 ) ;
#2072 = VECTOR ( 'NONE', #2437, 1000.000000000000000 ) ;
#2073 = EDGE_LOOP ( 'NONE', ( #2334, #1113, #3084, #689 ) ) ;
#2074 = DIRECTION ( 'NONE',  ( 0.000000000000000000, 0.000000000000000000, 1.000000000000000000 ) ) ;
#2075 = LINE ( 'NONE', #2036, #424 ) ;
#2076 = VECTOR ( 'NONE', #1227, 1000.000000000000114 ) ;
#2077 = ORIENTED_EDGE ( 'NONE', *, *, #2974, .F. ) ;
#2078 = CARTESIAN_POINT ( 'NONE',  ( -17.00000000000000000, 5.499999999999985789, -5.000000000000000000 ) ) ;
#2079 = VECTOR ( 'NONE', #1108, 1000.000000000000000 ) ;
#2080 = EDGE_LOOP ( 'NONE', ( #1062, #1764, #1422, #2441 ) ) ;
#2081 = EDGE_CURVE ( 'NONE', #1649, #2147, #761, .T. ) ;
#2082 = ORIENTED_EDGE ( 'NONE', *, *, #2562, .F. ) ;
#2083 = CARTESIAN_POINT ( 'NONE',  ( 19.30000000000000071, 2.081899558550499047E-16, -5.000000000000000000 ) ) ;
#2084 = CARTESIAN_POINT ( 'NONE',  ( -2.413528314402513498E-15, 6.000000000000000000, -15.99999999999999645 ) ) ;
#2085 = DATE_AND_TIME ( #2104, #2482 ) ;
#2086 = ORIENTED_EDGE ( 'NONE', *, *, #2132, .T. ) ;
#2087 = ADVANCED_FACE ( 'NONE', ( #1049 ), #795, .T. ) ;
#2088 = CARTESIAN_POINT ( 'NONE',  ( -25.00000000000000000, -3.999999999999991562, 0.000000000000000000 ) ) ;
#2089 = AXIS2_PLACEMENT_3D ( 'NONE', #1987, #454, #1704 ) ;
#2090 = CARTESIAN_POINT ( 'NONE',  ( -18.80000000000000071, 0.000000000000000000, 0.000000000000000000 ) ) ;
#2091 = VERTEX_POINT ( 'NONE', #3304 ) ;
#2092 = PRODUCT_DEFINITION ( 'UNKNOWN', '', #2813, #452 ) ;
#2093 = VECTOR ( 'NONE', #1475, 1000.000000000000114 ) ;
#2094 = ORIENTED_EDGE ( 'NONE', *, *, #1899, .F. ) ;
#2095 = LINE ( 'NONE', #2288, #2670 ) ;
#2096 = VECTOR ( 'NONE', #2326, 1000.000000000000000 ) ;
#2097 = CARTESIAN_POINT ( 'NONE',  ( 22.99999999999999645, 6.000000000000000000, -0.5000000000000140998 ) ) ;
#2098 = ORIENTED_EDGE ( 'NONE', *, *, #532, .T. ) ;
#2099 = FACE_OUTER_BOUND ( 'NONE', #437, .T. ) ;
#2100 = AXIS2_PLACEMENT_3D ( 'NONE', #3114, #1520, #3102 ) ;
#2101 = AXIS2_PLACEMENT_3D ( 'NONE', #2481, #2274, #2788 ) ;
#2102 = DIRECTION ( 'NONE',  ( -0.000000000000000000, 0.4999999999999892308, -0.8660254037844448138 ) ) ;
#2103 = CARTESIAN_POINT ( 'NONE',  ( 19.00000000000000000, -4.718293131902485449, -5.500000000000000888 ) ) ;
#2104 = CALENDAR_DATE ( 2023, 20, 12 ) ;
#2105 = EDGE_LOOP ( 'NONE', ( #2603, #1420, #2146, #3263 ) ) ;
#2106 = CIRCLE ( 'NONE', #2964, 2.200000000000000622 ) ;
#2107 = DIRECTION ( 'NONE',  ( 1.000000000000000000, 0.000000000000000000, 0.000000000000000000 ) ) ;
#2108 = EDGE_CURVE ( 'NONE', #1877, #1017, #24, .T. ) ;
#2109 = DIRECTION ( 'NONE',  ( 0.000000000000000000, 0.000000000000000000, -1.000000000000000000 ) ) ;
#2110 = VERTEX_POINT ( 'NONE', #1787 ) ;
#2111 = ORIENTED_EDGE ( 'NONE', *, *, #3078, .F. ) ;
#2112 = CARTESIAN_POINT ( 'NONE',  ( 18.49999999999999289, -4.511186350715931326, -5.000000000000002665 ) ) ;
#2113 = ORIENTED_EDGE ( 'NONE', *, *, #1103, .T. ) ;
#2114 = LINE ( 'NONE', #1850, #61 ) ;
#2115 = ORIENTED_EDGE ( 'NONE', *, *, #461, .T. ) ;
#2116 = CARTESIAN_POINT ( 'NONE',  ( 18.49999999999999289, -1.000000000000000000, -8.511186350715970406 ) ) ;
#2117 = EDGE_CURVE ( 'NONE', #1101, #3112, #2822, .T. ) ;
#2118 = DIRECTION ( 'NONE',  ( 0.7071067811865475727, 0.000000000000000000, -0.7071067811865475727 ) ) ;
#2119 = LINE ( 'NONE', #2961, #1989 ) ;
#2120 = COORDINATED_UNIVERSAL_TIME_OFFSET ( 1, 0, .AHEAD. ) ;
#2121 = ORIENTED_EDGE ( 'NONE', *, *, #2722, .F. ) ;
#2122 = ADVANCED_FACE ( 'NONE', ( #1000 ), #225, .F. ) ;
#2123 = LINE ( 'NONE', #2155, #3250 ) ;
#2124 = DIRECTION ( 'NONE',  ( 0.000000000000000000, 0.000000000000000000, 1.000000000000000000 ) ) ;
#2125 = EDGE_CURVE ( 'NONE', #3105, #1061, #3059, .T. ) ;
#2126 = ORIENTED_EDGE ( 'NONE', *, *, #3209, .T. ) ;
#2127 = ORIENTED_EDGE ( 'NONE', *, *, #1016, .F. ) ;
#2128 = EDGE_LOOP ( 'NONE', ( #980, #2687 ) ) ;
#2129 = CARTESIAN_POINT ( 'NONE',  ( 24.50000000000001066, -2.849999999999974332, -1.199999999999999956 ) ) ;
#2130 = LINE ( 'NONE', #845, #1890 ) ;
#2131 = VECTOR ( 'NONE', #187, 1000.000000000000000 ) ;
#2132 = EDGE_CURVE ( 'NONE', #2007, #307, #275, .T. ) ;
#2133 = EDGE_LOOP ( 'NONE', ( #658, #1548, #597, #1852 ) ) ;
#2134 = CARTESIAN_POINT ( 'NONE',  ( -19.00000000000000000, -1.500000000000007327, 0.000000000000000000 ) ) ;
#2135 = VERTEX_POINT ( 'NONE', #2020 ) ;
#2136 = EDGE_CURVE ( 'NONE', #2389, #832, #779, .T. ) ;
#2137 = CARTESIAN_POINT ( 'NONE',  ( -17.50000000000001421, -6.000000000000000000, -4.499999999999992895 ) ) ;
#2138 = DIRECTION ( 'NONE',  ( 1.000000000000000000, 0.000000000000000000, 0.000000000000000000 ) ) ;
#2139 = DIRECTION ( 'NONE',  ( 6.086749038515111072E-16, -1.000000000000000000, -0.000000000000000000 ) ) ;
#2140 = ORIENTED_EDGE ( 'NONE', *, *, #3265, .T. ) ;
#2141 = ORIENTED_EDGE ( 'NONE', *, *, #2619, .F. ) ;
#2142 = EDGE_LOOP ( 'NONE', ( #2034, #739, #1194, #264 ) ) ;
#2143 = CARTESIAN_POINT ( 'NONE',  ( -19.00000000000000000, 4.312177826491073951, -7.468911086754385309 ) ) ;
#2144 = ORIENTED_EDGE ( 'NONE', *, *, #1416, .F. ) ;
#2145 = PLANE ( 'NONE',  #2819 ) ;
#2146 = ORIENTED_EDGE ( 'NONE', *, *, #342, .F. ) ;
#2147 = VERTEX_POINT ( 'NONE', #2097 ) ;
#2148 = DIRECTION ( 'NONE',  ( 0.000000000000000000, 0.000000000000000000, 1.000000000000000000 ) ) ;
#2149 = VECTOR ( 'NONE', #1658, 1000.000000000000000 ) ;
#2150 = EDGE_CURVE ( 'NONE', #2617, #1645, #1002, .T. ) ;
#2151 = CARTESIAN_POINT ( 'NONE',  ( 19.00000000000000000, 5.499999999999985789, -13.13397459621553232 ) ) ;
#2152 = VECTOR ( 'NONE', #2600, 1000.000000000000114 ) ;
#2153 = EDGE_CURVE ( 'NONE', #2264, #3230, #2844, .T. ) ;
#2154 = ORIENTED_EDGE ( 'NONE', *, *, #1086, .F. ) ;
#2155 = CARTESIAN_POINT ( 'NONE',  ( 17.00000000000000000, 5.499999999999985789, -5.000000000000000000 ) ) ;
#2156 = ADVANCED_FACE ( 'NONE', ( #1031 ), #1308, .F. ) ;
#2157 = LINE ( 'NONE', #551, #2557 ) ;
#2158 = EDGE_LOOP ( 'NONE', ( #434, #2919, #2857, #1296 ) ) ;
#2159 = DIRECTION ( 'NONE',  ( -0.7071067811865524577, -0.7071067811865426878, -0.000000000000000000 ) ) ;
#2160 = ORIENTED_EDGE ( 'NONE', *, *, #1571, .T. ) ;
#2161 = FACE_OUTER_BOUND ( 'NONE', #92, .T. ) ;
#2162 = ORIENTED_EDGE ( 'NONE', *, *, #2775, .F. ) ;
#2163 = CARTESIAN_POINT ( 'NONE',  ( 21.00000000000000000, 0.000000000000000000, -1.199999999999999734 ) ) ;
#2164 = VECTOR ( 'NONE', #2546, 1000.000000000000000 ) ;
#2165 = EDGE_CURVE ( 'NONE', #846, #229, #2075, .T. ) ;
#2166 = CARTESIAN_POINT ( 'NONE',  ( 18.49999999999998579, 5.750000000000012434, -13.85566243270260145 ) ) ;
#2167 = CARTESIAN_POINT ( 'NONE',  ( -22.99999999999998579, -6.000000000000000000, -15.99999999999999289 ) ) ;
#2168 = FACE_OUTER_BOUND ( 'NONE', #398, .T. ) ;
#2169 = EDGE_CURVE ( 'NONE', #1953, #2264, #2612, .T. ) ;
#2170 = LINE ( 'NONE', #2279, #851 ) ;
#2171 = DIRECTION ( 'NONE',  ( -0.7071067811865474617, -0.7071067811865474617, -0.000000000000000000 ) ) ;
#2172 = EDGE_LOOP ( 'NONE', ( #1117, #973, #738, #1714 ) ) ;
#2173 = DIRECTION ( 'NONE',  ( -0.7071067811865474617, 0.000000000000000000, -0.7071067811865474617 ) ) ;
#2174 = ADVANCED_FACE ( 'NONE', ( #294, #1767, #2307 ), #741, .T. ) ;
#2175 = ORIENTED_EDGE ( 'NONE', *, *, #3159, .F. ) ;
#2176 = EDGE_LOOP ( 'NONE', ( #2794, #3236, #698, #1880 ) ) ;
#2177 = VERTEX_POINT ( 'NONE', #3324 ) ;
#2178 = DIRECTION ( 'NONE',  ( 6.086749038515089379E-16, -1.000000000000000000, -0.000000000000000000 ) ) ;
#2179 = CARTESIAN_POINT ( 'NONE',  ( 18.49999999999999289, -5.750000000000004441, -13.85566243270259612 ) ) ;
#2180 = CARTESIAN_POINT ( 'NONE',  ( 18.49999999999998579, 6.000000000000000000, -14.28867513459481131 ) ) ;
#2181 = AXIS2_PLACEMENT_3D ( 'NONE', #3332, #769, #1795 ) ;
#2182 = VECTOR ( 'NONE', #399, 1000.000000000000000 ) ;
#2183 = LINE ( 'NONE', #3227, #2463 ) ;
#2184 = DIRECTION ( 'NONE',  ( -1.000000000000000000, -6.086749038515089379E-16, 0.000000000000000000 ) ) ;
#2185 = PLANE ( 'NONE',  #1809 ) ;
#2186 = EDGE_CURVE ( 'NONE', #3302, #588, #1271, .T. ) ;
#2187 = VERTEX_POINT ( 'NONE', #861 ) ;
#2188 = LINE ( 'NONE', #172, #357 ) ;
#2189 = DIRECTION ( 'NONE',  ( 0.000000000000000000, 1.000000000000000000, -0.000000000000000000 ) ) ;
#2190 = EDGE_CURVE ( 'NONE', #3122, #3310, #1134, .T. ) ;
#2191 = ORIENTED_EDGE ( 'NONE', *, *, #2500, .T. ) ;
#2192 = DIRECTION ( 'NONE',  ( 0.000000000000000000, -1.000000000000000000, 0.000000000000000000 ) ) ;
#2193 = VECTOR ( 'NONE', #540, 1000.000000000000000 ) ;
#2194 = CARTESIAN_POINT ( 'NONE',  ( -18.49999999999999289, -4.511186350715931326, -5.000000000000002665 ) ) ;
#2195 = DIRECTION ( 'NONE',  ( 1.000000000000000000, 4.336808689942016257E-16, 0.000000000000000000 ) ) ;
#2196 = CARTESIAN_POINT ( 'NONE',  ( -25.00000000000000000, -2.850000000000003197, -3.199999999999999734 ) ) ;
#2197 = PLANE ( 'NONE',  #130 ) ;
#2198 = CARTESIAN_POINT ( 'NONE',  ( 19.30000000000000071, 2.081899558550499787E-16, -5.000000000000000000 ) ) ;
#2199 = LINE ( 'NONE', #1677, #2446 ) ;
#2200 = AXIS2_PLACEMENT_3D ( 'NONE', #957, #2228, #3241 ) ;
#2201 = AXIS2_PLACEMENT_3D ( 'NONE', #2877, #983, #1837 ) ;
#2202 = EDGE_CURVE ( 'NONE', #122, #858, #620, .T. ) ;
#2203 = ORIENTED_EDGE ( 'NONE', *, *, #3240, .F. ) ;
#2204 = LINE ( 'NONE', #904, #675 ) ;
#2205 = CARTESIAN_POINT ( 'NONE',  ( 24.49999999999998934, 0.000000000000000000, 0.000000000000000000 ) ) ;
#2206 = VERTEX_POINT ( 'NONE', #2669 ) ;
#2207 = CARTESIAN_POINT ( 'NONE',  ( 21.00000000000000000, 0.000000000000000000, -0.5000000000000029976 ) ) ;
#2208 = AXIS2_PLACEMENT_3D ( 'NONE', #800, #1811, #1575 ) ;
#2209 = VECTOR ( 'NONE', #2729, 1000.000000000000000 ) ;
#2210 = CARTESIAN_POINT ( 'NONE',  ( -24.49999999999998579, -3.792893218813429446, 0.000000000000000000 ) ) ;
#2211 = DIRECTION ( 'NONE',  ( 1.000000000000000000, 0.000000000000000000, 0.000000000000000000 ) ) ;
#2212 = CARTESIAN_POINT ( 'NONE',  ( 17.50000000000001421, 0.000000000000000000, 0.000000000000000000 ) ) ;
#2213 = CC_DESIGN_APPROVAL ( #1479, ( #2813 ) ) ;
#2214 = CARTESIAN_POINT ( 'NONE',  ( -18.49999999999999289, -1.000000000000000000, -11.11324865405183893 ) ) ;
#2215 = DIRECTION ( 'NONE',  ( -0.000000000000000000, -0.000000000000000000, -1.000000000000000000 ) ) ;
#2216 = CARTESIAN_POINT ( 'NONE',  ( 23.00000000000000000, -3.999999999999991562, -18.00000000000000355 ) ) ;
#2217 = EDGE_CURVE ( 'NONE', #3306, #1784, #1084, .T. ) ;
#2218 = ORIENTED_EDGE ( 'NONE', *, *, #772, .F. ) ;
#2219 = DIRECTION ( 'NONE',  ( -0.000000000000000000, 0.7071067811865475727, 0.7071067811865475727 ) ) ;
#2220 = DIRECTION ( 'NONE',  ( 0.000000000000000000, 0.000000000000000000, 1.000000000000000000 ) ) ;
#2221 = ADVANCED_FACE ( 'NONE', ( #350 ), #591, .F. ) ;
#2222 = VERTEX_POINT ( 'NONE', #828 ) ;
#2223 = APPLICATION_CONTEXT ( 'configuration controlled 3d designs of mechanical parts and assemblies' ) ;
#2224 = DIRECTION ( 'NONE',  ( -0.000000000000000000, 0.000000000000000000, 1.000000000000000000 ) ) ;
#2225 = CARTESIAN_POINT ( 'NONE',  ( -17.50000000000001421, 5.499999999999985789, 0.000000000000000000 ) ) ;
#2226 = ORIENTED_EDGE ( 'NONE', *, *, #1065, .F. ) ;
#2227 = EDGE_CURVE ( 'NONE', #1982, #1047, #2130, .T. ) ;
#2228 = DIRECTION ( 'NONE',  ( 0.000000000000000000, -0.000000000000000000, 1.000000000000000000 ) ) ;
#2229 = CARTESIAN_POINT ( 'NONE',  ( 0.000000000000000000, 0.000000000000000000, -5.000000000000000000 ) ) ;
#2230 = VECTOR ( 'NONE', #2431, 1000.000000000000000 ) ;
#2231 = EDGE_CURVE ( 'NONE', #3119, #137, #1377, .T. ) ;
#2232 = ORIENTED_EDGE ( 'NONE', *, *, #1623, .T. ) ;
#2233 = CARTESIAN_POINT ( 'NONE',  ( 19.00000000000001066, 7.499999999999995559, -2.999999999999990230 ) ) ;
#2234 = LINE ( 'NONE', #682, #1527 ) ;
#2235 = CARTESIAN_POINT ( 'NONE',  ( 17.50000000000001421, 0.000000000000000000, 0.000000000000000000 ) ) ;
#2236 = CARTESIAN_POINT ( 'NONE',  ( -25.00000000000000355, -6.000000000000000000, -15.99999999999999289 ) ) ;
#2237 = DIRECTION ( 'NONE',  ( 0.000000000000000000, 0.000000000000000000, 1.000000000000000000 ) ) ;
#2238 = ORIENTED_EDGE ( 'NONE', *, *, #2190, .T. ) ;
#2239 = CARTESIAN_POINT ( 'NONE',  ( 25.00000000000000355, -4.000000000000005329, -7.000000000000011546 ) ) ;
#2240 = VECTOR ( 'NONE', #1754, 1000.000000000000114 ) ;
#2241 = PLANE ( 'NONE',  #2536 ) ;
#2242 = DIRECTION ( 'NONE',  ( -0.000000000000000000, -0.000000000000000000, 1.000000000000000000 ) ) ;
#2243 = FACE_OUTER_BOUND ( 'NONE', #3118, .T. ) ;
#2244 = ADVANCED_FACE ( 'NONE', ( #2161 ), #1617, .T. ) ;
#2245 = ORIENTED_EDGE ( 'NONE', *, *, #1571, .F. ) ;
#2246 = VECTOR ( 'NONE', #1611, 1000.000000000000114 ) ;
#2247 = CARTESIAN_POINT ( 'NONE',  ( -19.00000000000000000, 0.000000000000000000, 0.000000000000000000 ) ) ;
#2248 = CARTESIAN_POINT ( 'NONE',  ( -19.00000000000000000, -1.250000000000005773, -10.68023595215961485 ) ) ;
#2249 = LINE ( 'NONE', #2730, #671 ) ;
#2250 = AXIS2_PLACEMENT_3D ( 'NONE', #2347, #786, #2330 ) ;
#2251 = AXIS2_PLACEMENT_3D ( 'NONE', #2134, #1870, #1638 ) ;
#2252 = ADVANCED_FACE ( 'NONE', ( #335 ), #2914, .T. ) ;
#2253 = DIRECTION ( 'NONE',  ( -1.508455196501571183E-16, 0.000000000000000000, -1.000000000000000000 ) ) ;
#2254 = CARTESIAN_POINT ( 'NONE',  ( 21.00000000000000000, 0.000000000000000000, -0.5000000000000029976 ) ) ;
#2255 = EDGE_LOOP ( 'NONE', ( #660, #1480, #593, #1773 ) ) ;
#2256 = VECTOR ( 'NONE', #2102, 1000.000000000000227 ) ;
#2257 = EDGE_LOOP ( 'NONE', ( #922, #248, #1720, #337 ) ) ;
#2258 = CARTESIAN_POINT ( 'NONE',  ( -21.00000000000000000, 0.000000000000000000, -5.000000000000000000 ) ) ;
#2259 = CARTESIAN_POINT ( 'NONE',  ( 22.70000000000000284, 0.000000000000000000, -5.000000000000000000 ) ) ;
#2260 = ADVANCED_FACE ( 'NONE', ( #1102 ), #1118, .T. ) ;
#2261 = CARTESIAN_POINT ( 'NONE',  ( -18.50000000000001421, 6.000000000000000000, -14.28867513459481131 ) ) ;
#2262 = LINE ( 'NONE', #1498, #2526 ) ;
#2263 = ADVANCED_FACE ( 'NONE', ( #3202 ), #2145, .F. ) ;
#2264 = VERTEX_POINT ( 'NONE', #876 ) ;
#2265 = PLANE ( 'NONE',  #1130 ) ;
#2266 = PERSON_AND_ORGANIZATION_ROLE ( 'design_owner' ) ;
#2267 = PLANE ( 'NONE',  #611 ) ;
#2268 = DIRECTION ( 'NONE',  ( 1.000000000000000000, 0.000000000000000000, 0.000000000000000000 ) ) ;
#2269 = DIRECTION ( 'NONE',  ( 1.000000000000000000, 0.000000000000000000, 0.000000000000000000 ) ) ;
#2270 = EDGE_CURVE ( 'NONE', #967, #1101, #2114, .T. ) ;
#2271 = ORIENTED_EDGE ( 'NONE', *, *, #1889, .T. ) ;
#2272 = PLANE ( 'NONE',  #3099 ) ;
#2273 = VECTOR ( 'NONE', #778, 999.9999999999998863 ) ;
#2274 = DIRECTION ( 'NONE',  ( 0.000000000000000000, -0.7071067811865475727, 0.7071067811865475727 ) ) ;
#2275 = ORIENTED_EDGE ( 'NONE', *, *, #2619, .T. ) ;
#2276 = ORIENTED_EDGE ( 'NONE', *, *, #481, .F. ) ;
#2277 = PLANE ( 'NONE',  #150 ) ;
#2278 = VERTEX_POINT ( 'NONE', #1359 ) ;
#2279 = CARTESIAN_POINT ( 'NONE',  ( -14.14644660940666654, -14.14644660940671450, 0.000000000000000000 ) ) ;
#2280 = DIRECTION ( 'NONE',  ( -0.5773502691896267303, 0.5773502691896248429, 0.5773502691896256200 ) ) ;
#2281 = DIRECTION ( 'NONE',  ( 0.5773502691896250649, -0.5773502691896250649, -0.5773502691896272854 ) ) ;
#2282 = DIRECTION ( 'NONE',  ( 0.5773502691896261751, 0.5773502691896261751, -0.5773502691896250649 ) ) ;
#2283 = DIRECTION ( 'NONE',  ( -1.000000000000000000, 3.283583722384666289E-15, 0.000000000000000000 ) ) ;
#2284 = EDGE_CURVE ( 'NONE', #2007, #1089, #2957, .T. ) ;
#2285 = FACE_OUTER_BOUND ( 'NONE', #1756, .T. ) ;
#2286 = VECTOR ( 'NONE', #2817, 999.9999999999998863 ) ;
#2287 = ORIENTED_EDGE ( 'NONE', *, *, #3082, .F. ) ;
#2288 = CARTESIAN_POINT ( 'NONE',  ( -19.00000000000000000, -1.500000000000007327, -8.511186350715970406 ) ) ;
#2289 = APPROVAL ( #2678, 'UNSPECIFIED' ) ;
#2290 = CARTESIAN_POINT ( 'NONE',  ( -19.00000000000000000, -5.499999999999992895, -5.500000000000007105 ) ) ;
#2291 = ORIENTED_EDGE ( 'NONE', *, *, #557, .F. ) ;
#2292 = CARTESIAN_POINT ( 'NONE',  ( 17.50000000000001421, -6.000000000000000000, -0.5000000000000143219 ) ) ;
#2293 = ADVANCED_FACE ( 'NONE', ( #1650 ), #573, .T. ) ;
#2294 = CLOSED_SHELL ( 'NONE', ( #2382, #849, #2442, #3307, #2572, #1709, #392, #119, #397, #804, #1460, #1311, #1689, #1749, #280, #1506, #1666, #428, #3193, #1670, #2396, #1090, #2252, #1655, #2552, #3326, #2906, #3055, #1526, #2260, #276, #2686, #376, #2174, #1851, #1287, #2370, #879, #2416, #3172, #1264, #2940, #655, #2854, #3087, #346, #684, #613, #2758, #717, #1037, #2122, #181, #815, #2467, #784, #959, #1518, #451, #2087, #2244, #256, #499, #2293, #2263, #1053, #926, #408, #35, #101, #1997, #2983, #221, #94, #1337, #537, #2622, #156, #2566, #543, #2962, #1157, #2421, #1952, #2510, #475, #2903, #1071, #110, #2221, #1925, #1050, #146, #2365, #702, #523, #1011, #3243, #2840, #626, #972, #2432, #1302, #40, #833, #755, #939, #2156, #2924, #1595, #83, #1472, #2013, #1202, #3006, #742, #1244, #1874, #2898, #1692 ) ) ;
#2295 = VECTOR ( 'NONE', #3012, 1000.000000000000000 ) ;
#2296 = ORIENTED_EDGE ( 'NONE', *, *, #2717, .T. ) ;
#2297 = FACE_OUTER_BOUND ( 'NONE', #960, .T. ) ;
#2298 = CYLINDRICAL_SURFACE ( 'NONE', #2697, 1.700000000000000178 ) ;
#2299 = DIRECTION ( 'NONE',  ( 0.000000000000000000, 0.000000000000000000, 1.000000000000000000 ) ) ;
#2300 = CARTESIAN_POINT ( 'NONE',  ( 25.00000000000000355, -4.000000000000005329, -16.00000000000000000 ) ) ;
#2301 = DIRECTION ( 'NONE',  ( 0.4999999999999961697, 0.4999999999999978906, -0.7071067811865516806 ) ) ;
#2302 = LINE ( 'NONE', #205, #2738 ) ;
#2303 = EDGE_CURVE ( 'NONE', #826, #2007, #2685, .T. ) ;
#2304 = ORIENTED_EDGE ( 'NONE', *, *, #636, .T. ) ;
#2305 = VERTEX_POINT ( 'NONE', #1389 ) ;
#2306 = CARTESIAN_POINT ( 'NONE',  ( 24.50000000000000355, 2.850000000000000533, -3.199999999999999734 ) ) ;
#2307 = FACE_OUTER_BOUND ( 'NONE', #2992, .T. ) ;
#2308 = VERTEX_POINT ( 'NONE', #2427 ) ;
#2309 = FACE_OUTER_BOUND ( 'NONE', #903, .T. ) ;
#2310 = VECTOR ( 'NONE', #657, 1000.000000000000000 ) ;
#2311 = ORIENTED_EDGE ( 'NONE', *, *, #369, .T. ) ;
#2312 = VERTEX_POINT ( 'NONE', #108 ) ;
#2313 = EDGE_CURVE ( 'NONE', #1491, #240, #2879, .T. ) ;
#2314 = CARTESIAN_POINT ( 'NONE',  ( -17.50000000000001421, 0.000000000000000000, 0.000000000000000000 ) ) ;
#2315 = CARTESIAN_POINT ( 'NONE',  ( -18.00000000000000000, -2.850000000000000089, -3.199999999999999734 ) ) ;
#2316 = DIRECTION ( 'NONE',  ( -0.7071067811865474617, 0.7071067811865474617, -0.000000000000000000 ) ) ;
#2317 = VERTEX_POINT ( 'NONE', #436 ) ;
#2318 = DIRECTION ( 'NONE',  ( -6.086749038515142627E-16, 1.000000000000000000, 0.000000000000000000 ) ) ;
#2319 = CARTESIAN_POINT ( 'NONE',  ( -19.30000000000000071, 0.000000000000000000, -5.000000000000000000 ) ) ;
#2320 = B_SPLINE_CURVE_WITH_KNOTS ( 'NONE', 1,
 ( #951, #1946 ),
 .UNSPECIFIED., .F., .F.,
 ( 2, 2 ),
 ( 0.000000000000000000, 0.001527525231651921667 ),
 .UNSPECIFIED. ) ;
#2321 = EDGE_CURVE ( 'NONE', #1099, #630, #1748, .T. ) ;
#2322 = ORIENTED_EDGE ( 'NONE', *, *, #1115, .T. ) ;
#2323 = VECTOR ( 'NONE', #216, 1000.000000000000000 ) ;
#2324 = VERTEX_POINT ( 'NONE', #450 ) ;
#2325 = CARTESIAN_POINT ( 'NONE',  ( 17.00000000000000000, 5.499999999999985789, -0.5000000000000143219 ) ) ;
#2326 = DIRECTION ( 'NONE',  ( 1.000000000000000000, 0.000000000000000000, 0.000000000000000000 ) ) ;
#2327 = ORIENTED_EDGE ( 'NONE', *, *, #1628, .T. ) ;
#2328 = PLANE ( 'NONE',  #3018 ) ;
#2329 = VECTOR ( 'NONE', #3331, 1000.000000000000000 ) ;
#2330 = DIRECTION ( 'NONE',  ( 0.000000000000000000, 0.7071067811865425767, 0.7071067811865525687 ) ) ;
#2331 = FACE_OUTER_BOUND ( 'NONE', #2067, .T. ) ;
#2332 = EDGE_CURVE ( 'NONE', #1190, #3105, #2320, .T. ) ;
#2333 = CALENDAR_DATE ( 2023, 20, 12 ) ;
#2334 = ORIENTED_EDGE ( 'NONE', *, *, #1734, .T. ) ;
#2335 = DIRECTION ( 'NONE',  ( -0.7071067811865482389, 0.000000000000000000, 0.7071067811865469066 ) ) ;
#2336 = LINE ( 'NONE', #469, #2785 ) ;
#2337 = VECTOR ( 'NONE', #1161, 1000.000000000000114 ) ;
#2338 = EDGE_LOOP ( 'NONE', ( #704, #2304 ) ) ;
#2339 = EDGE_LOOP ( 'NONE', ( #472, #2419, #2762 ) ) ;
#2340 = CIRCLE ( 'NONE', #1529, 1.700000000000000178 ) ;
#2341 = CARTESIAN_POINT ( 'NONE',  ( -24.49999999999998579, 0.000000000000000000, 0.000000000000000000 ) ) ;
#2342 = CARTESIAN_POINT ( 'NONE',  ( -25.00000000000000000, 3.349999999999991651, -1.199999999999999956 ) ) ;
#2343 = AXIS2_PLACEMENT_3D ( 'NONE', #2235, #1430, #3229 ) ;
#2344 = ORIENTED_EDGE ( 'NONE', *, *, #2531, .F. ) ;
#2345 = DIRECTION ( 'NONE',  ( 0.000000000000000000, -0.000000000000000000, 1.000000000000000000 ) ) ;
#2346 = EDGE_CURVE ( 'NONE', #3052, #724, #1928, .T. ) ;
#2347 = CARTESIAN_POINT ( 'NONE',  ( -18.50000000000001421, 5.500000000000013323, -5.000000000000000000 ) ) ;
#2348 = LINE ( 'NONE', #267, #3074 ) ;
#2349 = VECTOR ( 'NONE', #459, 1000.000000000000114 ) ;
#2350 = PERSON_AND_ORGANIZATION_ROLE ( 'classification_officer' ) ;
#2351 = VERTEX_POINT ( 'NONE', #3024 ) ;
#2352 = AXIS2_PLACEMENT_3D ( 'NONE', #2773, #723, #455 ) ;
#2353 = VECTOR ( 'NONE', #1266, 1000.000000000000000 ) ;
#2354 = CARTESIAN_POINT ( 'NONE',  ( -19.00000000000000000, -5.750000000000005329, -13.85566243270259790 ) ) ;
#2355 = CARTESIAN_POINT ( 'NONE',  ( -24.50000000000000711, 2.849999999999998757, -1.199999999999999956 ) ) ;
#2356 = EDGE_CURVE ( 'NONE', #2053, #1986, #2754, .T. ) ;
#2357 = ORIENTED_EDGE ( 'NONE', *, *, #1381, .T. ) ;
#2358 = DIRECTION ( 'NONE',  ( -1.000000000000000000, 0.000000000000000000, 0.000000000000000000 ) ) ;
#2359 = EDGE_LOOP ( 'NONE', ( #2845, #2276, #2577, #1833 ) ) ;
#2360 = DIRECTION ( 'NONE',  ( -0.7071067811865530128, -0.3535533905932740084, -0.6123724356957880310 ) ) ;
#2361 = VECTOR ( 'NONE', #2391, 1000.000000000000000 ) ;
#2362 = EDGE_CURVE ( 'NONE', #2222, #81, #1716, .T. ) ;
#2363 = ORIENTED_EDGE ( 'NONE', *, *, #1541, .T. ) ;
#2364 = DIRECTION ( 'NONE',  ( 1.000000000000000000, 0.000000000000000000, 0.000000000000000000 ) ) ;
#2365 = ADVANCED_FACE ( 'NONE', ( #3249 ), #123, .T. ) ;
#2366 = CARTESIAN_POINT ( 'NONE',  ( 25.00000000000000355, 3.349999999999993427, -1.199999999999999956 ) ) ;
#2367 = VECTOR ( 'NONE', #48, 1000.000000000000000 ) ;
#2368 = DIRECTION ( 'NONE',  ( -1.000000000000000000, 0.000000000000000000, 0.000000000000000000 ) ) ;
#2369 = CALENDAR_DATE ( 2023, 20, 12 ) ;
#2370 = ADVANCED_FACE ( 'NONE', ( #2506, #1401 ), #1471, .T. ) ;
#2371 = EDGE_LOOP ( 'NONE', ( #1320, #2593, #349, #2565 ) ) ;
#2372 = AXIS2_PLACEMENT_3D ( 'NONE', #1441, #164, #388 ) ;
#2373 = AXIS2_PLACEMENT_3D ( 'NONE', #1536, #1281, #1226 ) ;
#2374 = PLANE ( 'NONE',  #2946 ) ;
#2375 = DIRECTION ( 'NONE',  ( -1.000000000000000000, 0.000000000000000000, 0.000000000000000000 ) ) ;
#2376 = EDGE_CURVE ( 'NONE', #572, #2485, #2492, .T. ) ;
#2377 = ORIENTED_EDGE ( 'NONE', *, *, #1045, .T. ) ;
#2378 = ORIENTED_EDGE ( 'NONE', *, *, #1620, .F. ) ;
#2379 = CARTESIAN_POINT ( 'NONE',  ( 19.00000000000000000, -5.500000000000000000, -13.13397459621555896 ) ) ;
#2380 = ORIENTED_EDGE ( 'NONE', *, *, #218, .T. ) ;
#2381 = DIRECTION ( 'NONE',  ( 0.000000000000000000, 0.8660254037844449249, 0.4999999999999892863 ) ) ;
#2382 = ADVANCED_FACE ( 'NONE', ( #2783 ), #617, .F. ) ;
#2383 = ORIENTED_EDGE ( 'NONE', *, *, #2125, .T. ) ;
#2384 = ORIENTED_EDGE ( 'NONE', *, *, #2493, .F. ) ;
#2385 = CARTESIAN_POINT ( 'NONE',  ( -22.70000000000000284, 2.081899558550499047E-16, -3.199999999999999734 ) ) ;
#2386 = EDGE_LOOP ( 'NONE', ( #445, #1975, #2077, #332, #1208, #3162 ) ) ;
#2387 = LINE ( 'NONE', #866, #19 ) ;
#2388 = DIRECTION ( 'NONE',  ( 0.000000000000000000, 0.000000000000000000, 1.000000000000000000 ) ) ;
#2389 = VERTEX_POINT ( 'NONE', #965 ) ;
#2390 = CARTESIAN_POINT ( 'NONE',  ( -25.00000000000000355, -6.000000000000000000, -15.99999999999999289 ) ) ;
#2391 = DIRECTION ( 'NONE',  ( 1.000000000000000000, -0.000000000000000000, -0.000000000000000000 ) ) ;
#2392 = ORIENTED_EDGE ( 'NONE', *, *, #1826, .T. ) ;
#2393 = ORIENTED_EDGE ( 'NONE', *, *, #1141, .T. ) ;
#2394 = ORIENTED_EDGE ( 'NONE', *, *, #1081, .T. ) ;
#2395 = ORIENTED_EDGE ( 'NONE', *, *, #2863, .F. ) ;
#2396 = ADVANCED_FACE ( 'NONE', ( #160 ), #1682, .F. ) ;
#2397 = ORIENTED_EDGE ( 'NONE', *, *, #3141, .T. ) ;
#2398 = LINE ( 'NONE', #310, #1253 ) ;
#2399 = DIRECTION ( 'NONE',  ( 0.7071067811865474617, 0.000000000000000000, 0.7071067811865474617 ) ) ;
#2400 = ORIENTED_EDGE ( 'NONE', *, *, #1081, .F. ) ;
#2401 = VERTEX_POINT ( 'NONE', #189 ) ;
#2402 = ORIENTED_EDGE ( 'NONE', *, *, #1149, .T. ) ;
#2403 = DIRECTION ( 'NONE',  ( 0.000000000000000000, 0.000000000000000000, 1.000000000000000000 ) ) ;
#2404 = LINE ( 'NONE', #129, #2230 ) ;
#2405 = DATE_AND_TIME ( #2369, #3189 ) ;
#2406 = VECTOR ( 'NONE', #2801, 999.9999999999998863 ) ;
#2407 = VECTOR ( 'NONE', #1578, 1000.000000000000000 ) ;
#2408 = CARTESIAN_POINT ( 'NONE',  ( 17.50000000000001421, 5.749999999999992895, -0.2500000000000071609 ) ) ;
#2409 = CARTESIAN_POINT ( 'NONE',  ( -17.66666666666665719, 11.33333333333333748, -10.66666666666663943 ) ) ;
#2410 = ORIENTED_EDGE ( 'NONE', *, *, #1763, .F. ) ;
#2411 = ORIENTED_EDGE ( 'NONE', *, *, #1738, .F. ) ;
#2412 = ORIENTED_EDGE ( 'NONE', *, *, #228, .F. ) ;
#2413 = CARTESIAN_POINT ( 'NONE',  ( -22.70000000000000284, 2.081899558550499047E-16, -5.000000000000000000 ) ) ;
#2414 = VERTEX_POINT ( 'NONE', #2000 ) ;
#2415 = CARTESIAN_POINT ( 'NONE',  ( 19.00000000000000000, 0.000000000000000000, 0.000000000000000000 ) ) ;
#2416 = ADVANCED_FACE ( 'NONE', ( #651 ), #140, .F. ) ;
#2417 = ORIENTED_EDGE ( 'NONE', *, *, #97, .T. ) ;
#2418 = CARTESIAN_POINT ( 'NONE',  ( 21.00000000000000000, 0.000000000000000000, 0.000000000000000000 ) ) ;
#2419 = ORIENTED_EDGE ( 'NONE', *, *, #557, .T. ) ;
#2420 = DIRECTION ( 'NONE',  ( 0.000000000000000000, 0.000000000000000000, -1.000000000000000000 ) ) ;
#2421 = ADVANCED_FACE ( 'NONE', ( #1148 ), #3269, .F. ) ;
#2422 = CARTESIAN_POINT ( 'NONE',  ( 14.14644660940672161, -14.14644660940672161, 0.000000000000000000 ) ) ;
#2423 = CIRCLE ( 'NONE', #373, 1.700000000000000178 ) ;
#2424 = CARTESIAN_POINT ( 'NONE',  ( -19.00000000000000000, -1.500000000000007327, -8.718293131902520088 ) ) ;
#2425 = DIRECTION ( 'NONE',  ( -0.7071067811865522357, -0.4999999999999992228, 0.4999999999999941158 ) ) ;
#2426 = CARTESIAN_POINT ( 'NONE',  ( 19.50000000000000711, -6.000000000000000000, -13.13397459621555896 ) ) ;
#2427 = CARTESIAN_POINT ( 'NONE',  ( -22.99999999999998579, -6.000000000000000000, -0.5000000000000143219 ) ) ;
#2428 = VECTOR ( 'NONE', #3049, 1000.000000000000000 ) ;
#2429 = VERTEX_POINT ( 'NONE', #2716 ) ;
#2430 = PLANE ( 'NONE',  #2089 ) ;
#2431 = DIRECTION ( 'NONE',  ( 0.000000000000000000, 0.000000000000000000, 1.000000000000000000 ) ) ;
#2432 = ADVANCED_FACE ( 'NONE', ( #400 ), #920, .F. ) ;
#2433 = CC_DESIGN_PERSON_AND_ORGANIZATION_ASSIGNMENT ( #1859, #1076, ( #2813 ) ) ;
#2434 = ORIENTED_EDGE ( 'NONE', *, *, #2664, .T. ) ;
#2435 = DIRECTION ( 'NONE',  ( 0.6546536707079775308, 0.6546536707079774198, 0.3779644730092257543 ) ) ;
#2436 = FACE_OUTER_BOUND ( 'NONE', #2548, .T. ) ;
#2437 = DIRECTION ( 'NONE',  ( -1.000000000000000000, 0.000000000000000000, 0.000000000000000000 ) ) ;
#2438 = ORIENTED_EDGE ( 'NONE', *, *, #2615, .F. ) ;
#2439 = DIRECTION ( 'NONE',  ( 0.7071067811865526798, 0.7071067811865423547, -0.000000000000000000 ) ) ;
#2440 = DIRECTION ( 'NONE',  ( 1.000000000000000000, 3.903127820947810440E-15, 0.000000000000000000 ) ) ;
#2441 = ORIENTED_EDGE ( 'NONE', *, *, #1451, .T. ) ;
#2442 = ADVANCED_FACE ( 'NONE', ( #1436 ), #2475, .F. ) ;
#2443 = ORIENTED_EDGE ( 'NONE', *, *, #197, .F. ) ;
#2444 = DIRECTION ( 'NONE',  ( 0.7071067811865426878, 0.000000000000000000, 0.7071067811865524577 ) ) ;
#2445 = CARTESIAN_POINT ( 'NONE',  ( -21.00000000000000000, 0.000000000000000000, -5.000000000000000000 ) ) ;
#2446 = VECTOR ( 'NONE', #171, 1000.000000000000114 ) ;
#2447 = FACE_OUTER_BOUND ( 'NONE', #1309, .T. ) ;
#2448 = CARTESIAN_POINT ( 'NONE',  ( -17.50000000000001421, 5.499999999999985789, 0.000000000000000000 ) ) ;
#2449 = VECTOR ( 'NONE', #585, 1000.000000000000000 ) ;
#2450 = EDGE_CURVE ( 'NONE', #1402, #239, #20, .T. ) ;
#2451 = FACE_OUTER_BOUND ( 'NONE', #793, .T. ) ;
#2452 = FACE_OUTER_BOUND ( 'NONE', #1806, .T. ) ;
#2453 = CARTESIAN_POINT ( 'NONE',  ( -18.50000000000001421, 5.500000000000013323, -5.000000000000000000 ) ) ;
#2454 = ORIENTED_EDGE ( 'NONE', *, *, #3016, .F. ) ;
#2455 = LINE ( 'NONE', #2236, #3260 ) ;
#2456 = VECTOR ( 'NONE', #2299, 1000.000000000000000 ) ;
#2457 = ORIENTED_EDGE ( 'NONE', *, *, #2968, .F. ) ;
#2458 = DIRECTION ( 'NONE',  ( 0.000000000000000000, 0.5000000000000042188, -0.8660254037844362651 ) ) ;
#2459 = ORIENTED_EDGE ( 'NONE', *, *, #2821, .T. ) ;
#2460 = ORIENTED_EDGE ( 'NONE', *, *, #580, .T. ) ;
#2461 = DIRECTION ( 'NONE',  ( 0.5773502691896271743, 0.5773502691896241767, 0.5773502691896259531 ) ) ;
#2462 = CARTESIAN_POINT ( 'NONE',  ( -19.00000000000000000, -4.718293131902488113, -5.500000000000007105 ) ) ;
#2463 = VECTOR ( 'NONE', #2728, 999.9999999999998863 ) ;
#2464 = ORIENTED_EDGE ( 'NONE', *, *, #2150, .F. ) ;
#2465 = CARTESIAN_POINT ( 'NONE',  ( -19.00000000000000000, 5.500000000000006217, -13.13397459621556962 ) ) ;
#2466 = DIRECTION ( 'NONE',  ( -1.000000000000000000, 0.000000000000000000, 0.000000000000000000 ) ) ;
#2467 = ADVANCED_FACE ( 'NONE', ( #3301 ), #978, .T. ) ;
#2468 = AXIS2_PLACEMENT_3D ( 'NONE', #2977, #1406, #422 ) ;
#2469 = PLANE ( 'NONE',  #2689 ) ;
#2470 = EDGE_CURVE ( 'NONE', #3136, #2308, #2591, .T. ) ;
#2471 = CARTESIAN_POINT ( 'NONE',  ( 24.50000000000000355, 2.850000000000000533, -1.199999999999999956 ) ) ;
#2472 = CARTESIAN_POINT ( 'NONE',  ( -2.750000000000000444, -6.000000000000000000, -5.000000000000000000 ) ) ;
#2473 = PLANE ( 'NONE',  #1973 ) ;
#2474 = CARTESIAN_POINT ( 'NONE',  ( 0.000000000000000000, -6.000000000000000000, -4.499999999999992895 ) ) ;
#2475 = CYLINDRICAL_SURFACE ( 'NONE', #1539, 1.700000000000000178 ) ;
#2476 = EDGE_LOOP ( 'NONE', ( #1336, #2696, #2141, #2296, #1576 ) ) ;
#2477 = ORIENTED_EDGE ( 'NONE', *, *, #2727, .F. ) ;
#2478 = ORIENTED_EDGE ( 'NONE', *, *, #766, .F. ) ;
#2479 = LINE ( 'NONE', #707, #1984 ) ;
#2480 = EDGE_CURVE ( 'NONE', #1878, #3140, #501, .T. ) ;
#2481 = CARTESIAN_POINT ( 'NONE',  ( 0.000000000000000000, -5.499999999999985789, 0.000000000000000000 ) ) ;
#2482 = LOCAL_TIME ( 9, 10, 57.00000000000000000, #2886 ) ;
#2483 = CARTESIAN_POINT ( 'NONE',  ( -17.00000000000000000, -5.999999999999998224, -5.000000000000000000 ) ) ;
#2484 = FACE_OUTER_BOUND ( 'NONE', #3131, .T. ) ;
#2485 = VERTEX_POINT ( 'NONE', #2090 ) ;
#2486 = ORIENTED_EDGE ( 'NONE', *, *, #2540, .T. ) ;
#2487 = DIRECTION ( 'NONE',  ( -1.000000000000000000, 0.000000000000000000, 0.000000000000000000 ) ) ;
#2488 = DIRECTION ( 'NONE',  ( 1.000000000000000000, -0.000000000000000000, -0.000000000000000000 ) ) ;
#2489 = CARTESIAN_POINT ( 'NONE',  ( 18.49999999999999289, -5.750000000000004441, -13.85566243270259612 ) ) ;
#2490 = CARTESIAN_POINT ( 'NONE',  ( 17.00000000000000000, 5.499999999999985789, -5.000000000000000000 ) ) ;
#2491 = LINE ( 'NONE', #1214, #2016 ) ;
#2492 = LINE ( 'NONE', #2768, #415 ) ;
#2493 = EDGE_CURVE ( 'NONE', #2786, #1849, #1542, .T. ) ;
#2494 = EDGE_LOOP ( 'NONE', ( #1632, #1338, #918, #214, #2322, #1495 ) ) ;
#2495 = DIRECTION ( 'NONE',  ( 1.000000000000000000, 0.000000000000000000, 0.000000000000000000 ) ) ;
#2496 = CARTESIAN_POINT ( 'NONE',  ( 17.50000000000001421, 6.000000000000000000, -4.499999999999985789 ) ) ;
#2497 = VECTOR ( 'NONE', #2836, 1000.000000000000000 ) ;
#2498 = CARTESIAN_POINT ( 'NONE',  ( -19.50000000000000711, -6.000000000000000000, -13.13397459621554475 ) ) ;
#2499 = CARTESIAN_POINT ( 'NONE',  ( 18.49999999999999289, -1.000000000000000000, -11.11324865405183893 ) ) ;
#2500 = EDGE_CURVE ( 'NONE', #875, #3146, #2302, .T. ) ;
#2501 = ORIENTED_EDGE ( 'NONE', *, *, #865, .T. ) ;
#2502 = CARTESIAN_POINT ( 'NONE',  ( 18.49999999999998579, 1.000000000000000000, -11.11324865405183893 ) ) ;
#2503 = DIRECTION ( 'NONE',  ( 0.000000000000000000, 0.000000000000000000, 1.000000000000000000 ) ) ;
#2504 = LINE ( 'NONE', #3214, #2072 ) ;
#2505 = DIRECTION ( 'NONE',  ( -0.5773502691896258421, -0.5773502691896265082, 0.5773502691896248429 ) ) ;
#2506 = FACE_OUTER_BOUND ( 'NONE', #2494, .T. ) ;
#2507 = ORIENTED_EDGE ( 'NONE', *, *, #1958, .F. ) ;
#2508 = CARTESIAN_POINT ( 'NONE',  ( -25.00000000000000000, -3.999999999999991562, -6.999999999999997335 ) ) ;
#2509 = CARTESIAN_POINT ( 'NONE',  ( -21.00000000000000000, 0.000000000000000000, -5.000000000000000000 ) ) ;
#2510 = ADVANCED_FACE ( 'NONE', ( #3054 ), #1508, .F. ) ;
#2511 = CARTESIAN_POINT ( 'NONE',  ( -25.00000000000000355, 3.999999999999991562, -15.99999999999999289 ) ) ;
#2512 = LINE ( 'NONE', #2499, #756 ) ;
#2513 = ORIENTED_EDGE ( 'NONE', *, *, #2108, .F. ) ;
#2514 = CARTESIAN_POINT ( 'NONE',  ( -19.00000000000000000, -1.000000000000000000, -8.511186350715970406 ) ) ;
#2515 = EDGE_CURVE ( 'NONE', #2206, #2700, #220, .T. ) ;
#2516 = CARTESIAN_POINT ( 'NONE',  ( -17.00000000000000000, 5.999999999999998224, -5.000000000000000000 ) ) ;
#2517 = CARTESIAN_POINT ( 'NONE',  ( -23.00000000000000000, -6.000000000000000000, -17.99999999999999645 ) ) ;
#2518 = CARTESIAN_POINT ( 'NONE',  ( 0.000000000000000000, 4.011186350715917115, 0.000000000000000000 ) ) ;
#2519 = VECTOR ( 'NONE', #1258, 1000.000000000000000 ) ;
#2520 = ORIENTED_EDGE ( 'NONE', *, *, #228, .T. ) ;
#2521 = EDGE_CURVE ( 'NONE', #2147, #1371, #1525, .T. ) ;
#2522 = VECTOR ( 'NONE', #1935, 1000.000000000000114 ) ;
#2523 = ORIENTED_EDGE ( 'NONE', *, *, #1612, .T. ) ;
#2524 = CARTESIAN_POINT ( 'NONE',  ( -18.50000000000001421, 5.750000000000012434, -13.85566243270260145 ) ) ;
#2525 = DIRECTION ( 'NONE',  ( 1.000000000000000000, 0.000000000000000000, 0.000000000000000000 ) ) ;
#2526 = VECTOR ( 'NONE', #1443, 1000.000000000000000 ) ;
#2527 = VECTOR ( 'NONE', #1348, 999.9999999999998863 ) ;
#2528 = ORIENTED_EDGE ( 'NONE', *, *, #1159, .T. ) ;
#2529 = CARTESIAN_POINT ( 'NONE',  ( -18.50000000000001421, 6.000000000000000000, -14.28867513459481131 ) ) ;
#2530 = ORIENTED_EDGE ( 'NONE', *, *, #17, .T. ) ;
#2531 = EDGE_CURVE ( 'NONE', #1099, #588, #2336, .T. ) ;
#2532 = APPROVAL_PERSON_ORGANIZATION ( #1622, #2289, #51 ) ;
#2533 = CARTESIAN_POINT ( 'NONE',  ( -24.33333333333333570, -4.666666666666656305, -16.66666666666666430 ) ) ;
#2534 =( LENGTH_UNIT ( ) NAMED_UNIT ( * ) SI_UNIT ( .MILLI., .METRE. ) );
#2535 = CARTESIAN_POINT ( 'NONE',  ( -2.750000000000000444, -6.000000000000000000, -5.000000000000000000 ) ) ;
#2536 = AXIS2_PLACEMENT_3D ( 'NONE', #2225, #163, #1169 ) ;
#2537 = CC_DESIGN_DATE_AND_TIME_ASSIGNMENT ( #1331, #563, ( #1998 ) ) ;
#2538 = LINE ( 'NONE', #219, #391 ) ;
#2539 = CARTESIAN_POINT ( 'NONE',  ( 14.14644660940672161, -14.14644660940672161, 0.000000000000000000 ) ) ;
#2540 = EDGE_CURVE ( 'NONE', #3164, #2414, #1490, .T. ) ;
#2541 = ORIENTED_EDGE ( 'NONE', *, *, #1561, .F. ) ;
#2542 = CARTESIAN_POINT ( 'NONE',  ( -17.00000000000000000, 5.499999999999985789, -5.000000000000000000 ) ) ;
#2543 = CARTESIAN_POINT ( 'NONE',  ( -18.49999999999999289, -6.000000000000000000, -14.28867513459482197 ) ) ;
#2544 = ORIENTED_EDGE ( 'NONE', *, *, #2059, .T. ) ;
#2545 = ORIENTED_EDGE ( 'NONE', *, *, #2749, .F. ) ;
#2546 = DIRECTION ( 'NONE',  ( 0.000000000000000000, 1.000000000000000000, 0.000000000000000000 ) ) ;
#2547 = CIRCLE ( 'NONE', #1579, 2.200000000000000622 ) ;
#2548 = EDGE_LOOP ( 'NONE', ( #706, #3063, #570, #1544 ) ) ;
#2549 = DIRECTION ( 'NONE',  ( 0.000000000000000000, 0.000000000000000000, -1.000000000000000000 ) ) ;
#2550 = DIRECTION ( 'NONE',  ( 0.000000000000000000, 0.8660254037844362651, -0.5000000000000042188 ) ) ;
#2551 = FACE_OUTER_BOUND ( 'NONE', #2257, .T. ) ;
#2552 = ADVANCED_FACE ( 'NONE', ( #2285 ), #2554, .F. ) ;
#2553 = PLANE ( 'NONE',  #1107 ) ;
#2554 = PLANE ( 'NONE',  #1262 ) ;
#2555 = AXIS2_PLACEMENT_3D ( 'NONE', #2921, #595, #84 ) ;
#2556 = ORIENTED_EDGE ( 'NONE', *, *, #1086, .T. ) ;
#2557 = VECTOR ( 'NONE', #2139, 1000.000000000000000 ) ;
#2558 = VECTOR ( 'NONE', #1979, 1000.000000000000114 ) ;
#2559 = EDGE_LOOP ( 'NONE', ( #1769, #1598, #3075, #442 ) ) ;
#2560 = FACE_OUTER_BOUND ( 'NONE', #2684, .T. ) ;
#2561 = DIRECTION ( 'NONE',  ( 0.000000000000000000, 0.000000000000000000, 1.000000000000000000 ) ) ;
#2562 = EDGE_CURVE ( 'NONE', #3310, #2091, #2071, .T. ) ;
#2563 = ORIENTED_EDGE ( 'NONE', *, *, #3101, .T. ) ;
#2564 = DIRECTION ( 'NONE',  ( 1.000000000000000000, 0.000000000000000000, 0.000000000000000000 ) ) ;
#2565 = ORIENTED_EDGE ( 'NONE', *, *, #1345, .F. ) ;
#2566 = ADVANCED_FACE ( 'NONE', ( #1799 ), #3320, .T. ) ;
#2567 = PLANE ( 'NONE',  #3196 ) ;
#2568 = LINE ( 'NONE', #2315, #535 ) ;
#2569 = PLANE ( 'NONE',  #1250 ) ;
#2570 = ORIENTED_EDGE ( 'NONE', *, *, #921, .T. ) ;
#2571 = AXIS2_PLACEMENT_3D ( 'NONE', #1293, #1322, #522 ) ;
#2572 = ADVANCED_FACE ( 'NONE', ( #3092 ), #2837, .F. ) ;
#2573 = CARTESIAN_POINT ( 'NONE',  ( 25.00000000000000355, -3.349999999999968114, -7.000000000000011546 ) ) ;
#2574 = DIRECTION ( 'NONE',  ( 0.000000000000000000, 0.000000000000000000, 1.000000000000000000 ) ) ;
#2575 = VECTOR ( 'NONE', #2192, 1000.000000000000000 ) ;
#2576 = CONICAL_SURFACE ( 'NONE', #3276, 1.700000000000000178, 0.7853981633974463916 ) ;
#2577 = ORIENTED_EDGE ( 'NONE', *, *, #1933, .F. ) ;
#2578 = CARTESIAN_POINT ( 'NONE',  ( 18.00000000000000000, -2.850000000000000089, -3.199999999999999734 ) ) ;
#2579 = CARTESIAN_POINT ( 'NONE',  ( -17.50000000000001421, 0.000000000000000000, 0.000000000000000000 ) ) ;
#2580 = EDGE_LOOP ( 'NONE', ( #2402, #3262, #315, #502 ) ) ;
#2581 = EDGE_CURVE ( 'NONE', #673, #1580, #1286, .T. ) ;
#2582 = DIRECTION ( 'NONE',  ( 0.000000000000000000, 0.000000000000000000, 1.000000000000000000 ) ) ;
#2583 = AXIS2_PLACEMENT_3D ( 'NONE', #2229, #444, #1972 ) ;
#2584 = VECTOR ( 'NONE', #2011, 1000.000000000000000 ) ;
#2585 = EDGE_LOOP ( 'NONE', ( #3044, #856, #2412, #1077 ) ) ;
#2586 = PLANE ( 'NONE',  #2033 ) ;
#2587 = CARTESIAN_POINT ( 'NONE',  ( -18.50000000000001421, 1.000000000000000000, -11.11324865405183893 ) ) ;
#2588 = CARTESIAN_POINT ( 'NONE',  ( 0.000000000000000000, 0.000000000000000000, -5.000000000000000000 ) ) ;
#2589 = ORIENTED_EDGE ( 'NONE', *, *, #420, .T. ) ;
#2590 = LINE ( 'NONE', #993, #2715 ) ;
#2591 = LINE ( 'NONE', #1832, #1153 ) ;
#2592 = ORIENTED_EDGE ( 'NONE', *, *, #1404, .T. ) ;
#2593 = ORIENTED_EDGE ( 'NONE', *, *, #1839, .F. ) ;
#2594 = EDGE_LOOP ( 'NONE', ( #1629, #1327, #1238, #2175 ) ) ;
#2595 = LINE ( 'NONE', #1307, #1897 ) ;
#2596 = DIRECTION ( 'NONE',  ( 0.000000000000000000, 1.000000000000000000, 0.000000000000000000 ) ) ;
#2597 = EDGE_CURVE ( 'NONE', #673, #1024, #2798, .T. ) ;
#2598 = ORIENTED_EDGE ( 'NONE', *, *, #631, .F. ) ;
#2599 = ORIENTED_EDGE ( 'NONE', *, *, #2648, .F. ) ;
#2600 = DIRECTION ( 'NONE',  ( 0.000000000000000000, -0.7071067811865474617, -0.7071067811865474617 ) ) ;
#2601 = PLANE ( 'NONE',  #2100 ) ;
#2602 = CARTESIAN_POINT ( 'NONE',  ( 19.00000000000000000, -5.500000000000000000, -13.13397459621555896 ) ) ;
#2603 = ORIENTED_EDGE ( 'NONE', *, *, #1019, .T. ) ;
#2604 = VECTOR ( 'NONE', #3058, 1000.000000000000000 ) ;
#2605 = CARTESIAN_POINT ( 'NONE',  ( 18.00000000000000000, -2.850000000000000089, -1.199999999999999956 ) ) ;
#2606 = DIRECTION ( 'NONE',  ( 0.000000000000000000, 0.000000000000000000, -1.000000000000000000 ) ) ;
#2607 = AXIS2_PLACEMENT_3D ( 'NONE', #2390, #2663, #2335 ) ;
#2608 = VECTOR ( 'NONE', #1672, 1000.000000000000114 ) ;
#2609 = EDGE_LOOP ( 'NONE', ( #1573, #1355, #1217, #1965 ) ) ;
#2610 = EDGE_CURVE ( 'NONE', #1885, #553, #55, .T. ) ;
#2611 = PLANE ( 'NONE',  #1807 ) ;
#2612 = LINE ( 'NONE', #491, #3070 ) ;
#2613 = ORIENTED_EDGE ( 'NONE', *, *, #1646, .T. ) ;
#2614 = DIRECTION ( 'NONE',  ( 0.5773502691896261751, -0.5773502691896261751, 0.5773502691896250649 ) ) ;
#2615 = EDGE_CURVE ( 'NONE', #1814, #184, #1079, .T. ) ;
#2616 = ORIENTED_EDGE ( 'NONE', *, *, #325, .F. ) ;
#2617 = VERTEX_POINT ( 'NONE', #1334 ) ;
#2618 = FACE_OUTER_BOUND ( 'NONE', #2038, .T. ) ;
#2619 = EDGE_CURVE ( 'NONE', #2278, #3174, #38, .T. ) ;
#2620 = LINE ( 'NONE', #3115, #1557 ) ;
#2621 = ORIENTED_EDGE ( 'NONE', *, *, #1168, .F. ) ;
#2622 = ADVANCED_FACE ( 'NONE', ( #2168 ), #3154, .T. ) ;
#2623 = DIRECTION ( 'NONE',  ( 1.000000000000000000, -0.000000000000000000, -0.000000000000000000 ) ) ;
#2624 = CARTESIAN_POINT ( 'NONE',  ( 25.00000000000000355, -4.000000000000005329, -0.5000000000000134337 ) ) ;
#2625 = ORIENTED_EDGE ( 'NONE', *, *, #902, .T. ) ;
#2626 = VECTOR ( 'NONE', #100, 1000.000000000000000 ) ;
#2627 = ORIENTED_EDGE ( 'NONE', *, *, #9, .F. ) ;
#2628 = AXIS2_PLACEMENT_3D ( 'NONE', #1177, #1961, #685 ) ;
#2629 = VECTOR ( 'NONE', #791, 1000.000000000000000 ) ;
#2630 = FACE_OUTER_BOUND ( 'NONE', #2559, .T. ) ;
#2631 = ORIENTED_EDGE ( 'NONE', *, *, #203, .F. ) ;
#2632 = CARTESIAN_POINT ( 'NONE',  ( 0.000000000000000000, 5.499999999999985789, 0.000000000000000000 ) ) ;
#2633 = EDGE_LOOP ( 'NONE', ( #1462, #2041, #3017, #2621 ) ) ;
#2634 = CARTESIAN_POINT ( 'NONE',  ( 17.00000000000000000, 4.511186350715931326, -5.000000000000000000 ) ) ;
#2635 = EDGE_CURVE ( 'NONE', #2790, #996, #840, .T. ) ;
#2636 = AXIS2_PLACEMENT_3D ( 'NONE', #2032, #2820, #237 ) ;
#2637 = ORIENTED_EDGE ( 'NONE', *, *, #3254, .T. ) ;
#2638 = CARTESIAN_POINT ( 'NONE',  ( 19.00000000000000000, -1.500000000000000222, -8.718293131902518311 ) ) ;
#2639 = AXIS2_PLACEMENT_3D ( 'NONE', #3191, #623, #338 ) ;
#2640 = LINE ( 'NONE', #1300, #2527 ) ;
#2641 = PERSON_AND_ORGANIZATION_ROLE ( 'creator' ) ;
#2642 = ORIENTED_EDGE ( 'NONE', *, *, #2610, .F. ) ;
#2643 = EDGE_CURVE ( 'NONE', #2312, #875, #72, .T. ) ;
#2644 = CARTESIAN_POINT ( 'NONE',  ( -22.70000000000000284, 2.081899558550499047E-16, -1.199999999999999734 ) ) ;
#2645 = ORIENTED_EDGE ( 'NONE', *, *, #1409, .T. ) ;
#2646 = VECTOR ( 'NONE', #2280, 1000.000000000000114 ) ;
#2647 = CARTESIAN_POINT ( 'NONE',  ( -19.00000000000000000, -1.000000000000000000, -11.11324865405183893 ) ) ;
#2648 = EDGE_CURVE ( 'NONE', #3052, #2135, #3195, .T. ) ;
#2649 = VERTEX_POINT ( 'NONE', #3169 ) ;
#2650 = ORIENTED_EDGE ( 'NONE', *, *, #3217, .F. ) ;
#2651 = VERTEX_POINT ( 'NONE', #2936 ) ;
#2652 = AXIS2_PLACEMENT_3D ( 'NONE', #2509, #3272, #1739 ) ;
#2653 = CARTESIAN_POINT ( 'NONE',  ( 23.00000000000001066, -5.499999999999985789, 0.000000000000000000 ) ) ;
#2654 = ORIENTED_EDGE ( 'NONE', *, *, #2376, .F. ) ;
#2655 = DIRECTION ( 'NONE',  ( 0.7071067811865474617, 0.7071067811865474617, 0.000000000000000000 ) ) ;
#2656 = EDGE_CURVE ( 'NONE', #759, #509, #2923, .T. ) ;
#2657 = ORIENTED_EDGE ( 'NONE', *, *, #1412, .F. ) ;
#2658 = DIRECTION ( 'NONE',  ( 0.7071067811865474617, -0.000000000000000000, -0.7071067811865474617 ) ) ;
#2659 = ORIENTED_EDGE ( 'NONE', *, *, #1661, .F. ) ;
#2660 = FACE_OUTER_BOUND ( 'NONE', #207, .T. ) ;
#2661 = PERSON_AND_ORGANIZATION_ROLE ( 'creator' ) ;
#2662 = EDGE_LOOP ( 'NONE', ( #1584, #542, #2739, #2395 ) ) ;
#2663 = DIRECTION ( 'NONE',  ( -0.7071067811865469066, 0.000000000000000000, -0.7071067811865482389 ) ) ;
#2664 = EDGE_CURVE ( 'NONE', #1354, #3122, #2157, .T. ) ;
#2665 = DIRECTION ( 'NONE',  ( 1.000000000000000000, 0.000000000000000000, 0.000000000000000000 ) ) ;
#2666 = ORIENTED_EDGE ( 'NONE', *, *, #3321, .T. ) ;
#2667 = CARTESIAN_POINT ( 'NONE',  ( 17.00000000000000000, -5.499999999999985789, -5.000000000000000000 ) ) ;
#2668 = EDGE_LOOP ( 'NONE', ( #367, #2631, #2291, #2899 ) ) ;
#2669 = CARTESIAN_POINT ( 'NONE',  ( -17.00000000000000000, -4.511186350715931326, -0.5000000000000143219 ) ) ;
#2670 = VECTOR ( 'NONE', #3124, 1000.000000000000000 ) ;
#2671 = VERTEX_POINT ( 'NONE', #2355 ) ;
#2672 = ORIENTED_EDGE ( 'NONE', *, *, #1368, .F. ) ;
#2673 = LINE ( 'NONE', #1087, #358 ) ;
#2674 = EDGE_CURVE ( 'NONE', #244, #3230, #1862, .T. ) ;
#2675 = VERTEX_POINT ( 'NONE', #2424 ) ;
#2676 = DIRECTION ( 'NONE',  ( 0.7071067811865475727, 0.000000000000000000, 0.7071067811865475727 ) ) ;
#2677 = ORIENTED_EDGE ( 'NONE', *, *, #1431, .T. ) ;
#2678 = APPROVAL_STATUS ( 'not_yet_approved' ) ;
#2679 = DIRECTION ( 'NONE',  ( 0.6785983445458512175, -0.2810846377148228381, -0.6785983445458417807 ) ) ;
#2680 = DIRECTION ( 'NONE',  ( 0.000000000000000000, 0.000000000000000000, 1.000000000000000000 ) ) ;
#2681 = VECTOR ( 'NONE', #235, 1000.000000000000000 ) ;
#2682 = LINE ( 'NONE', #365, #1969 ) ;
#2683 = DIRECTION ( 'NONE',  ( 0.000000000000000000, 0.000000000000000000, 1.000000000000000000 ) ) ;
#2684 = EDGE_LOOP ( 'NONE', ( #503, #1234, #107, #3066, #652, #802 ) ) ;
#2685 = LINE ( 'NONE', #891, #1943 ) ;
#2686 = ADVANCED_FACE ( 'NONE', ( #289 ), #568, .T. ) ;
#2687 = ORIENTED_EDGE ( 'NONE', *, *, #1970, .T. ) ;
#2688 = DIRECTION ( 'NONE',  ( -0.000000000000000000, -0.000000000000000000, -1.000000000000000000 ) ) ;
#2689 = AXIS2_PLACEMENT_3D ( 'NONE', #930, #1383, #152 ) ;
#2690 = CC_DESIGN_PERSON_AND_ORGANIZATION_ASSIGNMENT ( #788, #2266, ( #1891 ) ) ;
#2691 = DIRECTION ( 'NONE',  ( 1.000000000000000000, 0.000000000000000000, 0.000000000000000000 ) ) ;
#2692 = VECTOR ( 'NONE', #1362, 1000.000000000000000 ) ;
#2693 = CARTESIAN_POINT ( 'NONE',  ( -25.00000000000000355, -3.999999999999991562, -15.99999999999999289 ) ) ;
#2694 = CARTESIAN_POINT ( 'NONE',  ( -19.00000000000000000, -4.511186350715931326, -5.000000000000002665 ) ) ;
#2695 = FACE_OUTER_BOUND ( 'NONE', #476, .T. ) ;
#2696 = ORIENTED_EDGE ( 'NONE', *, *, #871, .T. ) ;
#2697 = AXIS2_PLACEMENT_3D ( 'NONE', #1209, #480, #1794 ) ;
#2698 = DIRECTION ( 'NONE',  ( 0.7071067811865425767, 0.7071067811865524577, 0.000000000000000000 ) ) ;
#2699 = DIRECTION ( 'NONE',  ( -1.000000000000000000, 0.000000000000000000, 0.000000000000000000 ) ) ;
#2700 = VERTEX_POINT ( 'NONE', #1317 ) ;
#2701 = APPLICATION_CONTEXT ( 'configuration controlled 3d designs of mechanical parts and assemblies' ) ;
#2702 = CARTESIAN_POINT ( 'NONE',  ( -19.00000000000000000, -5.499999999999992895, -13.13397459621554475 ) ) ;
#2703 = CARTESIAN_POINT ( 'NONE',  ( -19.50000000000000711, -6.000000000000000000, -5.500000000000007105 ) ) ;
#2704 = EDGE_CURVE ( 'NONE', #519, #3291, #2909, .T. ) ;
#2705 = AXIS2_PLACEMENT_3D ( 'NONE', #3343, #3097, #247 ) ;
#2706 = LINE ( 'NONE', #3225, #1500 ) ;
#2707 = FACE_OUTER_BOUND ( 'NONE', #2080, .T. ) ;
#2708 = AXIS2_PLACEMENT_3D ( 'NONE', #1914, #1983, #905 ) ;
#2709 = LINE ( 'NONE', #132, #2626 ) ;
#2710 = EDGE_CURVE ( 'NONE', #78, #2312, #1064, .T. ) ;
#2711 = DIRECTION ( 'NONE',  ( -0.000000000000000000, -0.000000000000000000, -1.000000000000000000 ) ) ;
#2712 = DIRECTION ( 'NONE',  ( 1.284980352575412699E-16, -0.000000000000000000, 1.000000000000000000 ) ) ;
#2713 = ORIENTED_EDGE ( 'NONE', *, *, #1792, .T. ) ;
#2714 = DIRECTION ( 'NONE',  ( 0.000000000000000000, -0.000000000000000000, 1.000000000000000000 ) ) ;
#2715 = VECTOR ( 'NONE', #2268, 1000.000000000000000 ) ;
#2716 = CARTESIAN_POINT ( 'NONE',  ( -18.00000000000000000, -2.850000000000000089, -3.199999999999999734 ) ) ;
#2717 = EDGE_CURVE ( 'NONE', #2278, #3286, #586, .T. ) ;
#2718 = EDGE_LOOP ( 'NONE', ( #273, #1564, #44, #488 ) ) ;
#2719 = EDGE_LOOP ( 'NONE', ( #2824, #2958, #1618, #616 ) ) ;
#2720 = PLANE ( 'NONE',  #1054 ) ;
#2721 = CARTESIAN_POINT ( 'NONE',  ( 18.49999999999998579, 1.000000000000000000, -8.511186350715970406 ) ) ;
#2722 = EDGE_CURVE ( 'NONE', #103, #3197, #88, .T. ) ;
#2723 = CARTESIAN_POINT ( 'NONE',  ( 19.00000000000000000, -1.500000000000000444, -0.000000000000000000 ) ) ;
#2724 = VECTOR ( 'NONE', #1160, 1000.000000000000000 ) ;
#2725 = ORIENTED_EDGE ( 'NONE', *, *, #1673, .T. ) ;
#2726 = PLANE ( 'NONE',  #3130 ) ;
#2727 = EDGE_CURVE ( 'NONE', #606, #206, #823, .T. ) ;
#2728 = DIRECTION ( 'NONE',  ( -0.5773502691896257311, 0.5773502691896257311, -0.5773502691896257311 ) ) ;
#2729 = DIRECTION ( 'NONE',  ( 0.000000000000000000, 0.000000000000000000, 1.000000000000000000 ) ) ;
#2730 = CARTESIAN_POINT ( 'NONE',  ( 18.49999999999999289, -4.511186350715931326, -5.000000000000002665 ) ) ;
#2731 = EDGE_CURVE ( 'NONE', #1945, #1044, #1894, .T. ) ;
#2732 = ORIENTED_EDGE ( 'NONE', *, *, #1342, .F. ) ;
#2733 = LINE ( 'NONE', #3199, #3000 ) ;
#2734 = DIRECTION ( 'NONE',  ( 0.000000000000000000, -0.000000000000000000, 1.000000000000000000 ) ) ;
#2735 = VECTOR ( 'NONE', #2435, 1000.000000000000114 ) ;
#2736 = EDGE_LOOP ( 'NONE', ( #74, #2657, #2513, #2026 ) ) ;
#2737 = AXIS2_PLACEMENT_3D ( 'NONE', #1344, #2931, #1120 ) ;
#2738 = VECTOR ( 'NONE', #774, 1000.000000000000000 ) ;
#2739 = ORIENTED_EDGE ( 'NONE', *, *, #3180, .F. ) ;
#2740 = CARTESIAN_POINT ( 'NONE',  ( -18.49999999999999289, -5.750000000000004441, -13.85566243270259612 ) ) ;
#2741 = FACE_OUTER_BOUND ( 'NONE', #2158, .T. ) ;
#2742 = CARTESIAN_POINT ( 'NONE',  ( 22.79289321881343966, 5.499999999999985789, 0.000000000000000000 ) ) ;
#2743 = DIRECTION ( 'NONE',  ( 0.5773502691896257311, 0.5773502691896257311, 0.5773502691896257311 ) ) ;
#2744 = B_SPLINE_CURVE_WITH_KNOTS ( 'NONE', 1,
 ( #3289, #3043 ),
 .UNSPECIFIED., .F., .F.,
 ( 2, 2 ),
 ( 0.000000000000000000, 0.001527525231651985851 ),
 .UNSPECIFIED. ) ;
#2745 = ORIENTED_EDGE ( 'NONE', *, *, #174, .T. ) ;
#2746 = LINE ( 'NONE', #430, #2759 ) ;
#2747 = DIRECTION ( 'NONE',  ( 1.000000000000000000, 0.000000000000000000, 0.000000000000000000 ) ) ;
#2748 = LINE ( 'NONE', #916, #2831 ) ;
#2749 = EDGE_CURVE ( 'NONE', #2110, #1044, #364, .T. ) ;
#2750 = VECTOR ( 'NONE', #1075, 1000.000000000000000 ) ;
#2751 = EDGE_LOOP ( 'NONE', ( #1789, #988, #1930, #1106 ) ) ;
#2752 = CARTESIAN_POINT ( 'NONE',  ( -19.00000000000000000, -4.864739741309213272, -5.353553390593280170 ) ) ;
#2753 = CARTESIAN_POINT ( 'NONE',  ( -22.99999999999998579, -6.000000000000000000, -15.99999999999999289 ) ) ;
#2754 = LINE ( 'NONE', #2972, #387 ) ;
#2755 = ORIENTED_EDGE ( 'NONE', *, *, #532, .F. ) ;
#2756 = DIRECTION ( 'NONE',  ( 0.7071067811865474617, 0.7071067811865474617, -0.000000000000000000 ) ) ;
#2757 = DIRECTION ( 'NONE',  ( 0.000000000000000000, 0.000000000000000000, 1.000000000000000000 ) ) ;
#2758 = ADVANCED_FACE ( 'NONE', ( #134 ), #1415, .T. ) ;
#2759 = VECTOR ( 'NONE', #1447, 1000.000000000000000 ) ;
#2760 = DIRECTION ( 'NONE',  ( 0.000000000000000000, 0.000000000000000000, -1.000000000000000000 ) ) ;
#2761 = DIRECTION ( 'NONE',  ( 4.336808689942016257E-16, -1.000000000000000000, 0.000000000000000000 ) ) ;
#2762 = ORIENTED_EDGE ( 'NONE', *, *, #1019, .F. ) ;
#2763 = CARTESIAN_POINT ( 'NONE',  ( -19.00000000000000000, -5.499999999999992895, 0.000000000000000000 ) ) ;
#2764 = CARTESIAN_POINT ( 'NONE',  ( 21.00000000000000000, 0.000000000000000000, -1.199999999999999734 ) ) ;
#2765 = PLANE ( 'NONE',  #341 ) ;
#2766 = EDGE_CURVE ( 'NONE', #2988, #2110, #683, .T. ) ;
#2767 = DIRECTION ( 'NONE',  ( 1.000000000000000000, 0.000000000000000000, 0.000000000000000000 ) ) ;
#2768 = CARTESIAN_POINT ( 'NONE',  ( -19.30000000000000071, 0.000000000000000000, -0.5000000000000029976 ) ) ;
#2769 = ORIENTED_EDGE ( 'NONE', *, *, #3221, .T. ) ;
#2770 = ORIENTED_EDGE ( 'NONE', *, *, #1561, .T. ) ;
#2771 = CARTESIAN_POINT ( 'NONE',  ( 18.49999999999999289, -6.000000000000000000, -4.499999999999992895 ) ) ;
#2772 = AXIS2_PLACEMENT_3D ( 'NONE', #977, #2253, #1779 ) ;
#2773 = CARTESIAN_POINT ( 'NONE',  ( -21.00000000000000000, 0.000000000000000000, -3.199999999999999734 ) ) ;
#2774 = CARTESIAN_POINT ( 'NONE',  ( -22.79289321881342545, -5.499999999999985789, 0.000000000000000000 ) ) ;
#2775 = EDGE_CURVE ( 'NONE', #255, #858, #1144, .T. ) ;
#2776 = CARTESIAN_POINT ( 'NONE',  ( -19.00000000000000000, 5.500000000000006217, -13.13397459621556962 ) ) ;
#2777 = ORIENTED_EDGE ( 'NONE', *, *, #495, .F. ) ;
#2778 = LINE ( 'NONE', #1021, #2428 ) ;
#2779 = DIRECTION ( 'NONE',  ( 1.000000000000000000, 0.000000000000000000, -0.000000000000000000 ) ) ;
#2780 = FACE_OUTER_BOUND ( 'NONE', #303, .T. ) ;
#2781 = VECTOR ( 'NONE', #1641, 1000.000000000000000 ) ;
#2782 = FACE_OUTER_BOUND ( 'NONE', #2736, .T. ) ;
#2783 = FACE_OUTER_BOUND ( 'NONE', #1538, .T. ) ;
#2784 = AXIS2_PLACEMENT_3D ( 'NONE', #934, #1911, #3007 ) ;
#2785 = VECTOR ( 'NONE', #994, 1000.000000000000000 ) ;
#2786 = VERTEX_POINT ( 'NONE', #2453 ) ;
#2787 = LINE ( 'NONE', #1048, #281 ) ;
#2788 = DIRECTION ( 'NONE',  ( -1.000000000000000000, 0.000000000000000000, 0.000000000000000000 ) ) ;
#2789 = EDGE_CURVE ( 'NONE', #2786, #1878, #1212, .T. ) ;
#2790 = VERTEX_POINT ( 'NONE', #2216 ) ;
#2791 = DIRECTION ( 'NONE',  ( 0.000000000000000000, 1.000000000000000000, 0.000000000000000000 ) ) ;
#2792 = EDGE_CURVE ( 'NONE', #1838, #2135, #2199, .T. ) ;
#2793 = AXIS2_PLACEMENT_3D ( 'NONE', #2508, #938, #1474 ) ;
#2794 = ORIENTED_EDGE ( 'NONE', *, *, #1661, .T. ) ;
#2795 = DIRECTION ( 'NONE',  ( -0.7071067811865472397, -0.7071067811865477948, -0.000000000000000000 ) ) ;
#2796 = CARTESIAN_POINT ( 'NONE',  ( -24.50000000000000000, -2.850000000000002753, -3.199999999999999734 ) ) ;
#2797 = DIRECTION ( 'NONE',  ( -0.000000000000000000, 0.7071067811865524577, 0.7071067811865425767 ) ) ;
#2798 = CIRCLE ( 'NONE', #37, 1.700000000000000178 ) ;
#2799 = VECTOR ( 'NONE', #632, 1000.000000000000000 ) ;
#2800 = FACE_OUTER_BOUND ( 'NONE', #304, .T. ) ;
#2801 = DIRECTION ( 'NONE',  ( -0.5773502691896257311, 0.5773502691896257311, 0.5773502691896257311 ) ) ;
#2802 = ORIENTED_EDGE ( 'NONE', *, *, #135, .T. ) ;
#2803 = CARTESIAN_POINT ( 'NONE',  ( -17.00000000000000000, 5.999999999999998224, -0.5000000000000143219 ) ) ;
#2804 = CARTESIAN_POINT ( 'NONE',  ( -19.50000000000000711, -6.000000000000000000, -13.13397459621554475 ) ) ;
#2805 = EDGE_LOOP ( 'NONE', ( #2520, #109, #749, #2094 ) ) ;
#2806 = DIRECTION ( 'NONE',  ( -0.7071067811865475727, 0.000000000000000000, 0.7071067811865475727 ) ) ;
#2807 = EDGE_CURVE ( 'NONE', #2943, #2305, #155, .T. ) ;
#2808 = VERTEX_POINT ( 'NONE', #3246 ) ;
#2809 = AXIS2_PLACEMENT_3D ( 'NONE', #2694, #1712, #700 ) ;
#2810 = CIRCLE ( 'NONE', #2046, 1.700000000000000178 ) ;
#2811 = EDGE_LOOP ( 'NONE', ( #1041, #2113, #2380, #1736 ) ) ;
#2812 = EDGE_LOOP ( 'NONE', ( #2530, #287, #1796, #479 ) ) ;
#2813 = PRODUCT_DEFINITION_FORMATION_WITH_SPECIFIED_SOURCE ( 'ANY', '', #1891, .NOT_KNOWN. ) ;
#2814 = FACE_OUTER_BOUND ( 'NONE', #2339, .T. ) ;
#2815 = CARTESIAN_POINT ( 'NONE',  ( -22.79289321881343966, 5.499999999999986677, 0.000000000000000000 ) ) ;
#2816 = DIRECTION ( 'NONE',  ( -0.000000000000000000, -0.000000000000000000, 1.000000000000000000 ) ) ;
#2817 = DIRECTION ( 'NONE',  ( -0.7071067811865525687, 0.000000000000000000, 0.7071067811865425767 ) ) ;
#2818 = DIRECTION ( 'NONE',  ( 1.000000000000000000, 0.000000000000000000, 0.000000000000000000 ) ) ;
#2819 = AXIS2_PLACEMENT_3D ( 'NONE', #1341, #2360, #3158 ) ;
#2820 = DIRECTION ( 'NONE',  ( 0.4999999999999987232, 0.4999999999999987232, 0.7071067811865494601 ) ) ;
#2821 = EDGE_CURVE ( 'NONE', #858, #1067, #2249, .T. ) ;
#2822 = B_SPLINE_CURVE_WITH_KNOTS ( 'NONE', 1,
 ( #2543, #2804 ),
 .UNSPECIFIED., .F., .F.,
 ( 2, 2 ),
 ( 0.000000000000000000, 0.001527525231651975443 ),
 .UNSPECIFIED. ) ;
#2823 = ORIENTED_EDGE ( 'NONE', *, *, #3305, .F. ) ;
#2824 = ORIENTED_EDGE ( 'NONE', *, *, #1917, .T. ) ;
#2825 = CARTESIAN_POINT ( 'NONE',  ( 18.49999999999999289, -1.000000000000000000, -8.511186350715970406 ) ) ;
#2826 = CARTESIAN_POINT ( 'NONE',  ( 0.000000000000000000, 6.000000000000000000, -0.5000000000000143219 ) ) ;
#2827 = ORIENTED_EDGE ( 'NONE', *, *, #2710, .F. ) ;
#2828 = LINE ( 'NONE', #797, #1919 ) ;
#2829 = EDGE_CURVE ( 'NONE', #967, #1838, #2987, .T. ) ;
#2830 = DIRECTION ( 'NONE',  ( -1.000000000000000000, 0.000000000000000000, 0.000000000000000000 ) ) ;
#2831 = VECTOR ( 'NONE', #3267, 1000.000000000000000 ) ;
#2832 = DIRECTION ( 'NONE',  ( 0.000000000000000000, 0.000000000000000000, -1.000000000000000000 ) ) ;
#2833 = ORIENTED_EDGE ( 'NONE', *, *, #2664, .F. ) ;
#2834 = CARTESIAN_POINT ( 'NONE',  ( 25.00000000000000355, 3.999999999999991562, -0.5000000000000143219 ) ) ;
#2835 = EDGE_CURVE ( 'NONE', #2401, #1360, #1960, .T. ) ;
#2836 = DIRECTION ( 'NONE',  ( 0.000000000000000000, 1.000000000000000000, 0.000000000000000000 ) ) ;
#2837 = CYLINDRICAL_SURFACE ( 'NONE', #1825, 1.700000000000000178 ) ;
#2838 = VECTOR ( 'NONE', #412, 1000.000000000000000 ) ;
#2839 = AXIS2_PLACEMENT_3D ( 'NONE', #619, #348, #91 ) ;
#2840 = ADVANCED_FACE ( 'NONE', ( #1193 ), #664, .F. ) ;
#2841 = EDGE_LOOP ( 'NONE', ( #65, #548, #2018, #2459, #1096, #2627 ) ) ;
#2842 = FACE_OUTER_BOUND ( 'NONE', #2359, .T. ) ;
#2843 = VECTOR ( 'NONE', #1388, 1000.000000000000000 ) ;
#2844 = LINE ( 'NONE', #2290, #1276 ) ;
#2845 = ORIENTED_EDGE ( 'NONE', *, *, #841, .T. ) ;
#2846 = CARTESIAN_POINT ( 'NONE',  ( 17.99999999999999645, 2.850000000000021849, -3.199999999999999734 ) ) ;
#2847 = EDGE_LOOP ( 'NONE', ( #2570, #2478, #2541, #26 ) ) ;
#2848 = ORIENTED_EDGE ( 'NONE', *, *, #2202, .F. ) ;
#2849 = CARTESIAN_POINT ( 'NONE',  ( 18.49999999999998579, 5.499999999999985789, -5.000000000000000000 ) ) ;
#2850 = CARTESIAN_POINT ( 'NONE',  ( -19.00000000000000000, 5.500000000000006217, -5.499999999999993783 ) ) ;
#2851 = LINE ( 'NONE', #3050, #484 ) ;
#2852 = ORIENTED_EDGE ( 'NONE', *, *, #1363, .T. ) ;
#2853 = LINE ( 'NONE', #1559, #556 ) ;
#2854 = ADVANCED_FACE ( 'NONE', ( #2695, #2967 ), #2185, .T. ) ;
#2855 = DIRECTION ( 'NONE',  ( 1.000000000000000000, 0.000000000000000000, 0.000000000000000000 ) ) ;
#2856 = EDGE_LOOP ( 'NONE', ( #15, #873, #1562, #2893, #2443, #1948 ) ) ;
#2857 = ORIENTED_EDGE ( 'NONE', *, *, #2480, .F. ) ;
#2858 = DIRECTION ( 'NONE',  ( 0.000000000000000000, 0.000000000000000000, 1.000000000000000000 ) ) ;
#2859 = DIRECTION ( 'NONE',  ( -0.7071067811865475727, 0.000000000000000000, -0.7071067811865475727 ) ) ;
#2860 = VECTOR ( 'NONE', #2885, 1000.000000000000000 ) ;
#2861 = ORIENTED_EDGE ( 'NONE', *, *, #1210, .T. ) ;
#2862 = FACE_OUTER_BOUND ( 'NONE', #1662, .T. ) ;
#2863 = EDGE_CURVE ( 'NONE', #3247, #2053, #2748, .T. ) ;
#2864 = VECTOR ( 'NONE', #3228, 1000.000000000000000 ) ;
#2865 = LINE ( 'NONE', #1842, #3015 ) ;
#2866 = DIRECTION ( 'NONE',  ( 0.000000000000000000, -1.000000000000000000, 0.000000000000000000 ) ) ;
#2867 = PERSON_AND_ORGANIZATION ( #935, #99 ) ;
#2868 = EDGE_LOOP ( 'NONE', ( #2874, #720, #489, #313 ) ) ;
#2869 = EDGE_CURVE ( 'NONE', #3136, #2317, #948, .T. ) ;
#2870 = LINE ( 'NONE', #1609, #1035 ) ;
#2871 = DIRECTION ( 'NONE',  ( 1.000000000000000000, -0.000000000000000000, -0.000000000000000000 ) ) ;
#2872 = EDGE_CURVE ( 'NONE', #2649, #826, #2504, .T. ) ;
#2873 = ORIENTED_EDGE ( 'NONE', *, *, #1776, .T. ) ;
#2874 = ORIENTED_EDGE ( 'NONE', *, *, #821, .T. ) ;
#2875 = B_SPLINE_SURFACE_WITH_KNOTS ( 'NONE', 1, 1, ( 
 ( #193, #2740 ),
 ( #1423, #3027 ) ),
 .UNSPECIFIED., .F., .F., .F.,
 ( 2, 2 ),
 ( 2, 2 ),
 ( 0.000000000000000000, 1.000000000000000000 ),
 ( 0.000000000000000000, 1.000000000000000000 ),
 .UNSPECIFIED. ) ;
#2876 = CARTESIAN_POINT ( 'NONE',  ( 24.33333333333333925, -4.666666666666671404, -16.66666666666666785 ) ) ;
#2877 = CARTESIAN_POINT ( 'NONE',  ( 21.00000000000000000, 0.000000000000000000, -0.5000000000000029976 ) ) ;
#2878 = ORIENTED_EDGE ( 'NONE', *, *, #1368, .T. ) ;
#2879 = CIRCLE ( 'NONE', #2708, 1.700000000000000178 ) ;
#2880 = ORIENTED_EDGE ( 'NONE', *, *, #298, .F. ) ;
#2881 = FACE_OUTER_BOUND ( 'NONE', #2719, .T. ) ;
#2882 = VECTOR ( 'NONE', #3282, 1000.000000000000114 ) ;
#2883 = EDGE_CURVE ( 'NONE', #2904, #2808, #1660, .T. ) ;
#2884 = PLANE ( 'NONE',  #3020 ) ;
#2885 = DIRECTION ( 'NONE',  ( 0.000000000000000000, 0.000000000000000000, -1.000000000000000000 ) ) ;
#2886 = COORDINATED_UNIVERSAL_TIME_OFFSET ( 1, 0, .AHEAD. ) ;
#2887 = EDGE_LOOP ( 'NONE', ( #1325, #2666, #277, #711, #2563 ) ) ;
#2888 = CARTESIAN_POINT ( 'NONE',  ( 18.49999999999999289, -4.511186350715931326, -5.000000000000002665 ) ) ;
#2889 = CARTESIAN_POINT ( 'NONE',  ( -19.00000000000000000, 1.000000000000000000, -11.11324865405183893 ) ) ;
#2890 = ORIENTED_EDGE ( 'NONE', *, *, #697, .T. ) ;
#2891 = ORIENTED_EDGE ( 'NONE', *, *, #995, .F. ) ;
#2892 = LINE ( 'NONE', #3173, #3106 ) ;
#2893 = ORIENTED_EDGE ( 'NONE', *, *, #330, .T. ) ;
#2894 = CARTESIAN_POINT ( 'NONE',  ( 0.000000000000000000, 6.000000000000000000, -14.28867513459481131 ) ) ;
#2895 = VECTOR ( 'NONE', #1006, 1000.000000000000000 ) ;
#2896 = VERTEX_POINT ( 'NONE', #1940 ) ;
#2897 = DIRECTION ( 'NONE',  ( -0.7071067811865525687, 0.7071067811865425767, -0.000000000000000000 ) ) ;
#2898 = ADVANCED_FACE ( 'NONE', ( #379 ), #3022, .T. ) ;
#2899 = ORIENTED_EDGE ( 'NONE', *, *, #2869, .F. ) ;
#2900 = VECTOR ( 'NONE', #1304, 1000.000000000000000 ) ;
#2901 = CARTESIAN_POINT ( 'NONE',  ( -21.00000000000000000, 0.000000000000000000, -0.5000000000000029976 ) ) ;
#2902 = CARTESIAN_POINT ( 'NONE',  ( -18.49999999999999289, -4.511186350715931326, -5.000000000000000000 ) ) ;
#2903 = ADVANCED_FACE ( 'NONE', ( #1923 ), #2765, .F. ) ;
#2904 = VERTEX_POINT ( 'NONE', #1505 ) ;
#2905 = CARTESIAN_POINT ( 'NONE',  ( 25.00000000000000355, 2.849999999999998757, -3.199999999999999734 ) ) ;
#2906 = ADVANCED_FACE ( 'NONE', ( #2551 ), #2267, .T. ) ;
#2907 = AXIS2_PLACEMENT_3D ( 'NONE', #705, #3232, #2734 ) ;
#2908 = EDGE_CURVE ( 'NONE', #509, #3010, #3296, .T. ) ;
#2909 = LINE ( 'NONE', #1353, #291 ) ;
#2910 = VERTEX_POINT ( 'NONE', #465 ) ;
#2911 = ORIENTED_EDGE ( 'NONE', *, *, #2480, .T. ) ;
#2912 = LINE ( 'NONE', #1864, #3261 ) ;
#2913 = VERTEX_POINT ( 'NONE', #2045 ) ;
#2914 = PLANE ( 'NONE',  #3350 ) ;
#2915 = ORIENTED_EDGE ( 'NONE', *, *, #2346, .F. ) ;
#2916 = LINE ( 'NONE', #607, #1771 ) ;
#2917 = AXIS2_PLACEMENT_3D ( 'NONE', #1513, #2561, #243 ) ;
#2918 = ORIENTED_EDGE ( 'NONE', *, *, #1763, .T. ) ;
#2919 = ORIENTED_EDGE ( 'NONE', *, *, #431, .F. ) ;
#2920 = EDGE_CURVE ( 'NONE', #3057, #832, #2064, .T. ) ;
#2921 = CARTESIAN_POINT ( 'NONE',  ( -17.00000000000000000, -4.511186350715931326, -5.000000000000000000 ) ) ;
#2922 = LINE ( 'NONE', #3137, #2942 ) ;
#2923 = LINE ( 'NONE', #1094, #3161 ) ;
#2924 = ADVANCED_FACE ( 'NONE', ( #1745 ), #2569, .T. ) ;
#2925 = ORIENTED_EDGE ( 'NONE', *, *, #2766, .F. ) ;
#2926 = VECTOR ( 'NONE', #177, 1000.000000000000000 ) ;
#2927 = CARTESIAN_POINT ( 'NONE',  ( 23.00000000000001066, -6.000000000000000000, -0.5000000000000143219 ) ) ;
#2928 = ORIENTED_EDGE ( 'NONE', *, *, #236, .F. ) ;
#2929 = CARTESIAN_POINT ( 'NONE',  ( -24.50000000000000000, -2.850000000000002753, -3.199999999999999734 ) ) ;
#2930 = ORIENTED_EDGE ( 'NONE', *, *, #2656, .T. ) ;
#2931 = DIRECTION ( 'NONE',  ( -1.858632295689435609E-16, 1.000000000000000000, 0.000000000000000000 ) ) ;
#2932 = EDGE_CURVE ( 'NONE', #553, #401, #1996, .T. ) ;
#2933 = PLANE ( 'NONE',  #2947 ) ;
#2934 = APPROVAL_ROLE ( '' ) ;
#2935 = CARTESIAN_POINT ( 'NONE',  ( -25.00000000000000355, 3.349999999999990763, -3.199999999999999734 ) ) ;
#2936 = CARTESIAN_POINT ( 'NONE',  ( 23.99999999999999645, 5.000000000000002665, -17.00000000000000355 ) ) ;
#2937 = ORIENTED_EDGE ( 'NONE', *, *, #2227, .F. ) ;
#2938 = CARTESIAN_POINT ( 'NONE',  ( -25.00000000000000000, -3.999999999999991562, -0.5000000000000143219 ) ) ;
#2939 = CARTESIAN_POINT ( 'NONE',  ( 17.00000000000000000, -4.511186350715931326, -5.000000000000000000 ) ) ;
#2940 = ADVANCED_FACE ( 'NONE', ( #2780 ), #1760, .T. ) ;
#2941 = VECTOR ( 'NONE', #58, 1000.000000000000000 ) ;
#2942 = VECTOR ( 'NONE', #2138, 1000.000000000000000 ) ;
#2943 = VERTEX_POINT ( 'NONE', #1537 ) ;
#2944 = FACE_OUTER_BOUND ( 'NONE', #1438, .T. ) ;
#2945 = AXIS2_PLACEMENT_3D ( 'NONE', #1116, #2159, #3186 ) ;
#2946 = AXIS2_PLACEMENT_3D ( 'NONE', #1078, #1577, #288 ) ;
#2947 = AXIS2_PLACEMENT_3D ( 'NONE', #3178, #1382, #2420 ) ;
#2948 = CARTESIAN_POINT ( 'NONE',  ( 24.50000000000001066, -2.849999999999974332, -3.199999999999999734 ) ) ;
#2949 = VECTOR ( 'NONE', #2985, 1000.000000000000114 ) ;
#2950 = PLANE ( 'NONE',  #3210 ) ;
#2951 = CARTESIAN_POINT ( 'NONE',  ( -19.00000000000000000, -4.511186350715931326, -5.000000000000002665 ) ) ;
#2952 = CARTESIAN_POINT ( 'NONE',  ( 18.00000000000000000, -2.850000000000000089, -1.199999999999999956 ) ) ;
#2953 = EDGE_CURVE ( 'NONE', #1742, #519, #233, .T. ) ;
#2954 = ORIENTED_EDGE ( 'NONE', *, *, #515, .T. ) ;
#2955 = DIRECTION ( 'NONE',  ( 0.7071067811865435759, 0.5000000000000054401, 0.5000000000000003331 ) ) ;
#2956 = ORIENTED_EDGE ( 'NONE', *, *, #330, .F. ) ;
#2957 = LINE ( 'NONE', #1665, #2001 ) ;
#2958 = ORIENTED_EDGE ( 'NONE', *, *, #2362, .T. ) ;
#2959 = CARTESIAN_POINT ( 'NONE',  ( -19.30000000000000071, 0.000000000000000000, -0.5000000000000029976 ) ) ;
#2960 = AXIS2_PLACEMENT_3D ( 'NONE', #2292, #493, #559 ) ;
#2961 = CARTESIAN_POINT ( 'NONE',  ( 17.00000000000000000, -4.511186350715931326, -5.000000000000000000 ) ) ;
#2962 = ADVANCED_FACE ( 'NONE', ( #251 ), #2012, .F. ) ;
#2963 = FACE_OUTER_BOUND ( 'NONE', #1390, .T. ) ;
#2964 = AXIS2_PLACEMENT_3D ( 'NONE', #656, #1170, #2211 ) ;
#2965 = DIRECTION ( 'NONE',  ( -1.000000000000000000, 0.000000000000000000, 0.000000000000000000 ) ) ;
#2966 = CARTESIAN_POINT ( 'NONE',  ( 25.00000000000000355, -3.349999999999968114, -1.199999999999999956 ) ) ;
#2967 = FACE_BOUND ( 'NONE', #1162, .T. ) ;
#2968 = EDGE_CURVE ( 'NONE', #1830, #199, #1282, .T. ) ;
#2969 = AXIS2_PLACEMENT_3D ( 'NONE', #1461, #2466, #148 ) ;
#2970 = EDGE_LOOP ( 'NONE', ( #1082, #1817, #813, #1637 ) ) ;
#2971 = CARTESIAN_POINT ( 'NONE',  ( -18.00000000000000355, 2.850000000000000089, -3.199999999999999734 ) ) ;
#2972 = CARTESIAN_POINT ( 'NONE',  ( 19.00000000000000000, 4.864739741309216825, -5.353553390593284611 ) ) ;
#2973 = VECTOR ( 'NONE', #765, 1000.000000000000000 ) ;
#2974 = EDGE_CURVE ( 'NONE', #1445, #1555, #483, .T. ) ;
#2975 = VERTEX_POINT ( 'NONE', #2300 ) ;
#2976 = VECTOR ( 'NONE', #508, 1000.000000000000114 ) ;
#2977 = CARTESIAN_POINT ( 'NONE',  ( 25.00000000000000355, -6.000000000000000000, -7.000000000000011546 ) ) ;
#2978 = CARTESIAN_POINT ( 'NONE',  ( 21.00000000000000000, 0.000000000000000000, -5.000000000000000000 ) ) ;
#2979 = AXIS2_PLACEMENT_3D ( 'NONE', #2978, #3253, #1424 ) ;
#2980 = EDGE_CURVE ( 'NONE', #2993, #3286, #3089, .T. ) ;
#2981 = DIRECTION ( 'NONE',  ( 1.000000000000000000, 0.000000000000000000, 0.000000000000000000 ) ) ;
#2982 = DIRECTION ( 'NONE',  ( 0.000000000000000000, 1.000000000000000000, 0.000000000000000000 ) ) ;
#2983 = ADVANCED_FACE ( 'NONE', ( #3069 ), #754, .F. ) ;
#2984 = ORIENTED_EDGE ( 'NONE', *, *, #2136, .T. ) ;
#2985 = DIRECTION ( 'NONE',  ( 0.7071067811865474617, 0.7071067811865474617, 0.000000000000000000 ) ) ;
#2986 = LINE ( 'NONE', #2198, #2209 ) ;
#2987 = LINE ( 'NONE', #2489, #3256 ) ;
#2988 = VERTEX_POINT ( 'NONE', #2834 ) ;
#2989 = CARTESIAN_POINT ( 'NONE',  ( -19.49999999999998579, 6.000000000000000000, -13.13397459621556962 ) ) ;
#2990 = AXIS2_PLACEMENT_3D ( 'NONE', #490, #2074, #1233 ) ;
#2991 = CARTESIAN_POINT ( 'NONE',  ( -25.00000000000000355, 2.849999999999998757, -3.199999999999999734 ) ) ;
#2992 = EDGE_LOOP ( 'NONE', ( #371, #494, #1291, #1408, #825, #22, #944, #1532, #3109, #2589, #3176, #3090, #634, #2271, #2528, #642 ) ) ;
#2993 = VERTEX_POINT ( 'NONE', #2511 ) ;
#2994 = DIRECTION ( 'NONE',  ( 0.000000000000000000, 0.000000000000000000, 1.000000000000000000 ) ) ;
#2995 = LINE ( 'NONE', #1458, #1277 ) ;
#2996 = CIRCLE ( 'NONE', #1903, 1.700000000000000178 ) ;
#2997 = LINE ( 'NONE', #3013, #1135 ) ;
#2998 = CARTESIAN_POINT ( 'NONE',  ( 17.50000000000001421, -6.000000000000000000, -0.5000000000000143219 ) ) ;
#2999 = EDGE_CURVE ( 'NONE', #3306, #3230, #941, .T. ) ;
#3000 = VECTOR ( 'NONE', #2439, 1000.000000000000000 ) ;
#3001 = DIRECTION ( 'NONE',  ( 0.000000000000000000, 0.4999999999999892308, -0.8660254037844448138 ) ) ;
#3002 = DIRECTION ( 'NONE',  ( 0.000000000000000000, 0.8660254037844361541, 0.5000000000000042188 ) ) ;
#3003 = CARTESIAN_POINT ( 'NONE',  ( 0.000000000000000000, 0.000000000000000000, -3.199999999999999734 ) ) ;
#3004 = AXIS2_PLACEMENT_3D ( 'NONE', #1421, #1699, #419 ) ;
#3005 = DIRECTION ( 'NONE',  ( 0.000000000000000000, 0.4999999999999875655, 0.8660254037844458130 ) ) ;
#3006 = ADVANCED_FACE ( 'NONE', ( #2447 ), #1446, .F. ) ;
#3007 = DIRECTION ( 'NONE',  ( 1.000000000000000000, 0.000000000000000000, 0.000000000000000000 ) ) ;
#3008 = ORIENTED_EDGE ( 'NONE', *, *, #210, .F. ) ;
#3009 = DIRECTION ( 'NONE',  ( 0.000000000000000000, 0.7071067811865440200, 0.7071067811865511255 ) ) ;
#3010 = VERTEX_POINT ( 'NONE', #128 ) ;
#3011 = CARTESIAN_POINT ( 'NONE',  ( 25.00000000000000355, 3.999999999999991562, -7.000000000000011546 ) ) ;
#3012 = DIRECTION ( 'NONE',  ( -0.7071067811865462405, 8.659560562354915602E-17, 0.7071067811865489050 ) ) ;
#3013 = CARTESIAN_POINT ( 'NONE',  ( 17.00000000000000000, -5.499999999999985789, -5.000000000000000000 ) ) ;
#3014 = CARTESIAN_POINT ( 'NONE',  ( 17.50000000000001421, -6.000000000000000000, -0.5000000000000143219 ) ) ;
#3015 = VECTOR ( 'NONE', #2549, 1000.000000000000000 ) ;
#3016 = EDGE_CURVE ( 'NONE', #525, #2401, #1425, .T. ) ;
#3017 = ORIENTED_EDGE ( 'NONE', *, *, #3046, .T. ) ;
#3018 = AXIS2_PLACEMENT_3D ( 'NONE', #279, #1237, #8 ) ;
#3019 = CARTESIAN_POINT ( 'NONE',  ( 22.70000000000000284, 0.000000000000000000, -0.5000000000000029976 ) ) ;
#3020 = AXIS2_PLACEMENT_3D ( 'NONE', #1574, #1020, #230 ) ;
#3021 = CARTESIAN_POINT ( 'NONE',  ( -17.00000000000000000, 4.511186350715931326, -0.5000000000000143219 ) ) ;
#3022 = PLANE ( 'NONE',  #183 ) ;
#3023 = DIRECTION ( 'NONE',  ( -0.000000000000000000, -0.000000000000000000, 1.000000000000000000 ) ) ;
#3024 = CARTESIAN_POINT ( 'NONE',  ( 18.80000000000000071, 2.694222958124177993E-16, 0.000000000000000000 ) ) ;
#3025 = EDGE_CURVE ( 'NONE', #826, #2389, #2997, .T. ) ;
#3026 = ORIENTED_EDGE ( 'NONE', *, *, #1342, .T. ) ;
#3027 = CARTESIAN_POINT ( 'NONE',  ( -18.49999999999999289, -6.000000000000000000, -14.28867513459482197 ) ) ;
#3028 = LINE ( 'NONE', #1493, #1176 ) ;
#3029 = CARTESIAN_POINT ( 'NONE',  ( 23.00000000000000000, -6.000000000000000000, -16.00000000000000000 ) ) ;
#3030 = DIRECTION ( 'NONE',  ( -0.7071067811865474617, -0.7071067811865474617, -0.000000000000000000 ) ) ;
#3031 = ORIENTED_EDGE ( 'NONE', *, *, #2231, .F. ) ;
#3032 = LINE ( 'NONE', #974, #1444 ) ;
#3033 = EDGE_CURVE ( 'NONE', #3010, #1830, #1155, .T. ) ;
#3034 = MECHANICAL_CONTEXT ( 'NONE', #2701, 'mechanical' ) ;
#3035 = DIRECTION ( 'NONE',  ( 0.000000000000000000, 0.8660254037844362651, -0.5000000000000042188 ) ) ;
#3036 = AXIS2_PLACEMENT_3D ( 'NONE', #1633, #1866, #79 ) ;
#3037 = PLANE ( 'NONE',  #713 ) ;
#3038 = DIRECTION ( 'NONE',  ( 0.7071067811865462405, 0.000000000000000000, 0.7071067811865489050 ) ) ;
#3039 = ORIENTED_EDGE ( 'NONE', *, *, #584, .F. ) ;
#3040 = ORIENTED_EDGE ( 'NONE', *, *, #2303, .T. ) ;
#3041 = CARTESIAN_POINT ( 'NONE',  ( -19.00000000000000000, -1.500000000000007105, -10.82457351945702229 ) ) ;
#3042 = EDGE_CURVE ( 'NONE', #244, #659, #1687, .T. ) ;
#3043 = CARTESIAN_POINT ( 'NONE',  ( 19.50000000000001421, 6.000000000000000000, -13.13397459621553232 ) ) ;
#3044 = ORIENTED_EDGE ( 'NONE', *, *, #3073, .F. ) ;
#3045 = DIRECTION ( 'NONE',  ( 0.000000000000000000, 0.000000000000000000, -1.000000000000000000 ) ) ;
#3046 = EDGE_CURVE ( 'NONE', #2091, #3302, #2706, .T. ) ;
#3047 = ORIENTED_EDGE ( 'NONE', *, *, #1605, .T. ) ;
#3048 = ORIENTED_EDGE ( 'NONE', *, *, #921, .F. ) ;
#3049 = DIRECTION ( 'NONE',  ( 0.000000000000000000, -1.000000000000000000, 0.000000000000000000 ) ) ;
#3050 = CARTESIAN_POINT ( 'NONE',  ( 19.00000000000000000, -5.500000000000000000, -5.000000000000000000 ) ) ;
#3051 = CARTESIAN_POINT ( 'NONE',  ( -17.25000000000000711, 5.749999999999992895, -0.5000000000000143219 ) ) ;
#3052 = VERTEX_POINT ( 'NONE', #405 ) ;
#3053 = FACE_OUTER_BOUND ( 'NONE', #1068, .T. ) ;
#3054 = FACE_OUTER_BOUND ( 'NONE', #21, .T. ) ;
#3055 = ADVANCED_FACE ( 'NONE', ( #910 ), #1723, .T. ) ;
#3056 = EDGE_LOOP ( 'NONE', ( #1126, #1427, #2956, #1166 ) ) ;
#3057 = VERTEX_POINT ( 'NONE', #1934 ) ;
#3058 = DIRECTION ( 'NONE',  ( 0.000000000000000000, -1.000000000000000000, 0.000000000000000000 ) ) ;
#3059 = LINE ( 'NONE', #3095, #2096 ) ;
#3060 = ORIENTED_EDGE ( 'NONE', *, *, #495, .T. ) ;
#3061 = VECTOR ( 'NONE', #2056, 999.9999999999998863 ) ;
#3062 = DIRECTION ( 'NONE',  ( 0.000000000000000000, -0.8660254037844362651, 0.5000000000000042188 ) ) ;
#3063 = ORIENTED_EDGE ( 'NONE', *, *, #3318, .F. ) ;
#3064 = VECTOR ( 'NONE', #2281, 999.9999999999998863 ) ;
#3065 = VERTEX_POINT ( 'NONE', #2742 ) ;
#3066 = ORIENTED_EDGE ( 'NONE', *, *, #2835, .F. ) ;
#3067 = FACE_OUTER_BOUND ( 'NONE', #252, .T. ) ;
#3068 = LINE ( 'NONE', #753, #149 ) ;
#3069 = FACE_OUTER_BOUND ( 'NONE', #2371, .T. ) ;
#3070 = VECTOR ( 'NONE', #1819, 1000.000000000000000 ) ;
#3071 = LINE ( 'NONE', #3334, #2882 ) ;
#3072 = DIRECTION ( 'NONE',  ( -1.000000000000000000, 0.000000000000000000, 0.000000000000000000 ) ) ;
#3073 = EDGE_CURVE ( 'NONE', #229, #836, #1486, .T. ) ;
#3074 = VECTOR ( 'NONE', #1058, 1000.000000000000114 ) ;
#3075 = ORIENTED_EDGE ( 'NONE', *, *, #2829, .F. ) ;
#3076 = PLANE ( 'NONE',  #2008 ) ;
#3077 = CARTESIAN_POINT ( 'NONE',  ( 17.50000000000001421, -6.000000000000000000, -0.5000000000000143219 ) ) ;
#3078 = EDGE_CURVE ( 'NONE', #240, #1491, #3340, .T. ) ;
#3079 = VECTOR ( 'NONE', #12, 1000.000000000000000 ) ;
#3080 = ORIENTED_EDGE ( 'NONE', *, *, #1065, .T. ) ;
#3081 = PLANE ( 'NONE',  #34 ) ;
#3082 = EDGE_CURVE ( 'NONE', #2485, #161, #2106, .T. ) ;
#3083 = CC_DESIGN_APPROVAL ( #2289, ( #2092 ) ) ;
#3084 = ORIENTED_EDGE ( 'NONE', *, *, #1813, .F. ) ;
#3085 = LINE ( 'NONE', #767, #1901 ) ;
#3086 = LINE ( 'NONE', #2502, #2329 ) ;
#3087 = ADVANCED_FACE ( 'NONE', ( #425, #679 ), #1187, .F. ) ;
#3088 = DIRECTION ( 'NONE',  ( 0.000000000000000000, -0.000000000000000000, 1.000000000000000000 ) ) ;
#3089 = LINE ( 'NONE', #1023, #888 ) ;
#3090 = ORIENTED_EDGE ( 'NONE', *, *, #1514, .T. ) ;
#3091 = LINE ( 'NONE', #773, #2497 ) ;
#3092 = FACE_OUTER_BOUND ( 'NONE', #1119, .T. ) ;
#3093 = ORIENTED_EDGE ( 'NONE', *, *, #2169, .T. ) ;
#3094 = DIRECTION ( 'NONE',  ( 0.000000000000000000, 0.7071067811865439090, -0.7071067811865511255 ) ) ;
#3095 = CARTESIAN_POINT ( 'NONE',  ( 19.00000000000000000, 6.000000000000000000, -14.28867513459481131 ) ) ;
#3096 = ORIENTED_EDGE ( 'NONE', *, *, #3073, .T. ) ;
#3097 = DIRECTION ( 'NONE',  ( 0.7071067811865425767, 0.000000000000000000, 0.7071067811865524577 ) ) ;
#3098 = ORIENTED_EDGE ( 'NONE', *, *, #2217, .T. ) ;
#3099 = AXIS2_PLACEMENT_3D ( 'NONE', #999, #2019, #1292 ) ;
#3100 = VECTOR ( 'NONE', #567, 1000.000000000000000 ) ;
#3101 = EDGE_CURVE ( 'NONE', #255, #2904, #693, .T. ) ;
#3102 = DIRECTION ( 'NONE',  ( 0.000000000000000000, 0.7071067811865425767, -0.7071067811865524577 ) ) ;
#3103 = DIRECTION ( 'NONE',  ( 0.000000000000000000, 0.000000000000000000, 1.000000000000000000 ) ) ;
#3104 = VECTOR ( 'NONE', #2680, 1000.000000000000000 ) ;
#3105 = VERTEX_POINT ( 'NONE', #2261 ) ;
#3106 = VECTOR ( 'NONE', #571, 1000.000000000000114 ) ;
#3107 = DIRECTION ( 'NONE',  ( 3.283583722384666289E-15, 1.000000000000000000, 0.000000000000000000 ) ) ;
#3108 = CARTESIAN_POINT ( 'NONE',  ( -24.50000000000000000, -2.850000000000002753, -1.199999999999999734 ) ) ;
#3109 = ORIENTED_EDGE ( 'NONE', *, *, #1268, .T. ) ;
#3110 = DIRECTION ( 'NONE',  ( 0.7071067811865474617, 0.7071067811865474617, -0.000000000000000000 ) ) ;
#3111 = DIRECTION ( 'NONE',  ( 0.000000000000000000, 0.8660254037844361541, -0.5000000000000042188 ) ) ;
#3112 = VERTEX_POINT ( 'NONE', #2498 ) ;
#3113 = DIRECTION ( 'NONE',  ( -0.7071067811865475727, -0.7071067811865475727, 0.000000000000000000 ) ) ;
#3114 = CARTESIAN_POINT ( 'NONE',  ( 18.49999999999999289, -5.500000000000000000, -5.000000000000000000 ) ) ;
#3115 = CARTESIAN_POINT ( 'NONE',  ( 17.50000000000001421, 0.000000000000000000, 0.000000000000000000 ) ) ;
#3116 = CALENDAR_DATE ( 2023, 20, 12 ) ;
#3117 = EDGE_CURVE ( 'NONE', #3174, #199, #1459, .T. ) ;
#3118 = EDGE_LOOP ( 'NONE', ( #2645, #2556, #3047, #2891 ) ) ;
#3119 = VERTEX_POINT ( 'NONE', #1206 ) ;
#3120 = CARTESIAN_POINT ( 'NONE',  ( 19.50000000000000711, -6.000000000000000000, -14.00000000000000178 ) ) ;
#3121 = DIRECTION ( 'NONE',  ( 1.000000000000000000, 0.000000000000000000, -1.508455196501571183E-16 ) ) ;
#3122 = VERTEX_POINT ( 'NONE', #3274 ) ;
#3123 = ORIENTED_EDGE ( 'NONE', *, *, #2792, .F. ) ;
#3124 = DIRECTION ( 'NONE',  ( 0.000000000000000000, -0.000000000000000000, 1.000000000000000000 ) ) ;
#3125 = CARTESIAN_POINT ( 'NONE',  ( 18.49999999999998579, 0.000000000000000000, -5.000000000000000000 ) ) ;
#3126 = EDGE_CURVE ( 'NONE', #1555, #1945, #1990, .T. ) ;
#3127 = VECTOR ( 'NONE', #942, 999.9999999999998863 ) ;
#3128 = ORIENTED_EDGE ( 'NONE', *, *, #2150, .T. ) ;
#3129 = DIRECTION ( 'NONE',  ( 1.000000000000000000, 0.000000000000000000, 0.000000000000000000 ) ) ;
#3130 = AXIS2_PLACEMENT_3D ( 'NONE', #1991, #2982, #406 ) ;
#3131 = EDGE_LOOP ( 'NONE', ( #1860, #1614, #3139, #1468 ) ) ;
#3132 = CARTESIAN_POINT ( 'NONE',  ( 19.50000000000001421, 6.000000000000000000, -5.500000000000014211 ) ) ;
#3133 = LINE ( 'NONE', #50, #485 ) ;
#3134 = COORDINATED_UNIVERSAL_TIME_OFFSET ( 1, 0, .AHEAD. ) ;
#3135 = VECTOR ( 'NONE', #1711, 1000.000000000000000 ) ;
#3136 = VERTEX_POINT ( 'NONE', #2774 ) ;
#3137 = CARTESIAN_POINT ( 'NONE',  ( -17.00000000000000000, 5.500000000000013323, -5.000000000000000000 ) ) ;
#3138 = DIRECTION ( 'NONE',  ( 1.000000000000000000, 0.000000000000000000, -1.508455196501571183E-16 ) ) ;
#3139 = ORIENTED_EDGE ( 'NONE', *, *, #2908, .F. ) ;
#3140 = VERTEX_POINT ( 'NONE', #457 ) ;
#3141 = EDGE_CURVE ( 'NONE', #206, #137, #1477, .T. ) ;
#3142 = ORIENTED_EDGE ( 'NONE', *, *, #1586, .T. ) ;
#3143 = FACE_OUTER_BOUND ( 'NONE', #1145, .T. ) ;
#3144 = VERTEX_POINT ( 'NONE', #3021 ) ;
#3145 = DIRECTION ( 'NONE',  ( -0.6785983445458447783, -0.2810846377148314423, -0.6785983445458447783 ) ) ;
#3146 = VERTEX_POINT ( 'NONE', #2471 ) ;
#3147 = CC_DESIGN_PERSON_AND_ORGANIZATION_ASSIGNMENT ( #1829, #2350, ( #1998 ) ) ;
#3148 = DIRECTION ( 'NONE',  ( 0.000000000000000000, 0.000000000000000000, 1.000000000000000000 ) ) ;
#3149 = EDGE_CURVE ( 'NONE', #1272, #1679, #2423, .T. ) ;
#3150 = DIRECTION ( 'NONE',  ( -0.5773502691896258421, 0.5773502691896258421, 0.5773502691896258421 ) ) ;
#3151 = DIRECTION ( 'NONE',  ( -0.7071067811865479058, 0.7071067811865472397, 0.000000000000000000 ) ) ;
#3152 = VERTEX_POINT ( 'NONE', #153 ) ;
#3153 = DIRECTION ( 'NONE',  ( 0.000000000000000000, -0.7071067811865474617, 0.7071067811865474617 ) ) ;
#3154 = PLANE ( 'NONE',  #1180 ) ;
#3155 = ORIENTED_EDGE ( 'NONE', *, *, #2829, .T. ) ;
#3156 = FACE_OUTER_BOUND ( 'NONE', #1346, .T. ) ;
#3157 = ORIENTED_EDGE ( 'NONE', *, *, #3297, .F. ) ;
#3158 = DIRECTION ( 'NONE',  ( 0.000000000000000000, 0.8660254037844362651, -0.5000000000000042188 ) ) ;
#3159 = EDGE_CURVE ( 'NONE', #2206, #2913, #1939, .T. ) ;
#3160 = VECTOR ( 'NONE', #322, 1000.000000000000000 ) ;
#3161 = VECTOR ( 'NONE', #1627, 1000.000000000000000 ) ;
#3162 = ORIENTED_EDGE ( 'NONE', *, *, #2009, .F. ) ;
#3163 = CARTESIAN_POINT ( 'NONE',  ( 19.00000000000000000, 5.499999999999985789, -13.13397459621553232 ) ) ;
#3164 = VERTEX_POINT ( 'NONE', #1959 ) ;
#3165 = VECTOR ( 'NONE', #188, 1000.000000000000000 ) ;
#3166 = ORIENTED_EDGE ( 'NONE', *, *, #865, .F. ) ;
#3167 = LINE ( 'NONE', #3208, #1247 ) ;
#3168 = CARTESIAN_POINT ( 'NONE',  ( -18.49999999999999289, -5.750000000000004441, -13.85566243270259612 ) ) ;
#3169 = CARTESIAN_POINT ( 'NONE',  ( 18.49999999999999289, -5.500000000000000000, -5.000000000000000000 ) ) ;
#3170 = ORIENTED_EDGE ( 'NONE', *, *, #2270, .F. ) ;
#3171 = ORIENTED_EDGE ( 'NONE', *, *, #2807, .T. ) ;
#3172 = ADVANCED_FACE ( 'NONE', ( #2436 ), #1694, .F. ) ;
#3173 = CARTESIAN_POINT ( 'NONE',  ( 18.49999999999998579, 5.499999999999985789, -5.000000000000000000 ) ) ;
#3174 = VERTEX_POINT ( 'NONE', #883 ) ;
#3175 = DIRECTION ( 'NONE',  ( -1.000000000000000000, 0.000000000000000000, 0.000000000000000000 ) ) ;
#3176 = ORIENTED_EDGE ( 'NONE', *, *, #1016, .T. ) ;
#3177 = CARTESIAN_POINT ( 'NONE',  ( 19.00000000000000000, -5.500000000000000000, -5.500000000000000888 ) ) ;
#3178 = CARTESIAN_POINT ( 'NONE',  ( -19.00000000000000000, 1.000000000000000000, -8.511186350715970406 ) ) ;
#3179 = CALENDAR_DATE ( 2023, 20, 12 ) ;
#3180 = EDGE_CURVE ( 'NONE', #2053, #3152, #133, .T. ) ;
#3181 = LINE ( 'NONE', #3120, #979 ) ;
#3182 = CARTESIAN_POINT ( 'NONE',  ( 19.30000000000000071, 2.081899558550499787E-16, -5.000000000000000000 ) ) ;
#3183 = ORIENTED_EDGE ( 'NONE', *, *, #1060, .F. ) ;
#3184 = ORIENTED_EDGE ( 'NONE', *, *, #580, .F. ) ;
#3185 = EDGE_LOOP ( 'NONE', ( #282, #780, #1164, #1350 ) ) ;
#3186 = DIRECTION ( 'NONE',  ( 0.000000000000000000, 0.000000000000000000, -1.000000000000000000 ) ) ;
#3187 = ORIENTED_EDGE ( 'NONE', *, *, #2920, .F. ) ;
#3188 = DIRECTION ( 'NONE',  ( 0.000000000000000000, 0.000000000000000000, 1.000000000000000000 ) ) ;
#3189 = LOCAL_TIME ( 9, 10, 57.00000000000000000, #867 ) ;
#3190 = ORIENTED_EDGE ( 'NONE', *, *, #141, .T. ) ;
#3191 = CARTESIAN_POINT ( 'NONE',  ( -18.00000000000000000, -2.850000000000000089, -3.199999999999999734 ) ) ;
#3192 = CARTESIAN_POINT ( 'NONE',  ( 19.50000000000001421, 6.000000000000000000, -13.13397459621553232 ) ) ;
#3193 = ADVANCED_FACE ( 'NONE', ( #447 ), #3266, .F. ) ;
#3194 = DIRECTION ( 'NONE',  ( -0.000000000000000000, 0.000000000000000000, -1.000000000000000000 ) ) ;
#3195 = LINE ( 'NONE', #2647, #1146 ) ;
#3196 = AXIS2_PLACEMENT_3D ( 'NONE', #834, #1365, #1411 ) ;
#3197 = VERTEX_POINT ( 'NONE', #3245 ) ;
#3198 = CARTESIAN_POINT ( 'NONE',  ( 23.77653000745743483, 3.493222135932340322, 0.7234699925425563949 ) ) ;
#3199 = CARTESIAN_POINT ( 'NONE',  ( 10.82499999999982343, -10.82499999999997975, -1.199999999999999956 ) ) ;
#3200 = VECTOR ( 'NONE', #3153, 1000.000000000000114 ) ;
#3201 = ORIENTED_EDGE ( 'NONE', *, *, #3234, .T. ) ;
#3202 = FACE_OUTER_BOUND ( 'NONE', #2585, .T. ) ;
#3203 = EDGE_CURVE ( 'NONE', #2913, #2317, #1659, .T. ) ;
#3204 = ORIENTED_EDGE ( 'NONE', *, *, #2117, .T. ) ;
#3205 = LINE ( 'NONE', #2116, #1643 ) ;
#3206 = AXIS2_PLACEMENT_3D ( 'NONE', #1165, #1196, #2440 ) ;
#3207 = DIRECTION ( 'NONE',  ( -6.086749038515112058E-16, 1.000000000000000000, 0.000000000000000000 ) ) ;
#3208 = CARTESIAN_POINT ( 'NONE',  ( -22.99999999999998579, -6.000000000000000000, -0.5000000000000143219 ) ) ;
#3209 = EDGE_CURVE ( 'NONE', #1679, #2617, #2986, .T. ) ;
#3210 = AXIS2_PLACEMENT_3D ( 'NONE', #1142, #1921, #661 ) ;
#3211 = CARTESIAN_POINT ( 'NONE',  ( 19.50000000000000711, -6.000000000000000000, -13.13397459621555896 ) ) ;
#3212 = EDGE_CURVE ( 'NONE', #2943, #1067, #1397, .T. ) ;
#3213 = LINE ( 'NONE', #900, #2724 ) ;
#3214 = CARTESIAN_POINT ( 'NONE',  ( 0.000000000000000000, -5.500000000000000000, -5.000000000000000000 ) ) ;
#3215 = ORIENTED_EDGE ( 'NONE', *, *, #2321, .T. ) ;
#3216 = CARTESIAN_POINT ( 'NONE',  ( 18.49999999999999289, -5.500000000000000000, -4.999999999999999112 ) ) ;
#3217 = EDGE_CURVE ( 'NONE', #2975, #2177, #1464, .T. ) ;
#3218 = CARTESIAN_POINT ( 'NONE',  ( 0.000000000000000000, 0.000000000000000000, -3.199999999999999734 ) ) ;
#3219 = ORIENTED_EDGE ( 'NONE', *, *, #2717, .F. ) ;
#3220 = DIRECTION ( 'NONE',  ( 0.000000000000000000, 0.000000000000000000, 1.000000000000000000 ) ) ;
#3221 = EDGE_CURVE ( 'NONE', #103, #89, #1448, .T. ) ;
#3222 = ORIENTED_EDGE ( 'NONE', *, *, #2346, .T. ) ;
#3223 = LINE ( 'NONE', #1828, #2860 ) ;
#3224 = AXIS2_PLACEMENT_3D ( 'NONE', #526, #1549, #3129 ) ;
#3225 = CARTESIAN_POINT ( 'NONE',  ( -25.00000000000000000, -2.850000000000003197, -1.199999999999999956 ) ) ;
#3226 = LINE ( 'NONE', #958, #1392 ) ;
#3227 = CARTESIAN_POINT ( 'NONE',  ( 11.66666666666667673, 9.844519684049254593, -5.833333333333338366 ) ) ;
#3228 = DIRECTION ( 'NONE',  ( 0.000000000000000000, 1.000000000000000000, 0.000000000000000000 ) ) ;
#3229 = DIRECTION ( 'NONE',  ( 0.000000000000000000, -1.000000000000000000, 0.000000000000000000 ) ) ;
#3230 = VERTEX_POINT ( 'NONE', #628 ) ;
#3231 = LINE ( 'NONE', #919, #361 ) ;
#3232 = DIRECTION ( 'NONE',  ( -0.7071067811865425767, -0.7071067811865524577, 0.000000000000000000 ) ) ;
#3233 = VECTOR ( 'NONE', #3278, 1000.000000000000114 ) ;
#3234 = EDGE_CURVE ( 'NONE', #111, #1877, #1449, .T. ) ;
#3235 = AXIS2_PLACEMENT_3D ( 'NONE', #909, #1951, #2525 ) ;
#3236 = ORIENTED_EDGE ( 'NONE', *, *, #871, .F. ) ;
#3237 = CARTESIAN_POINT ( 'NONE',  ( -7.000000000000131450, 6.000000000000000000, 7.000000000000033751 ) ) ;
#3238 = DIRECTION ( 'NONE',  ( -0.7071067811865524577, -0.7071067811865426878, 0.000000000000000000 ) ) ;
#3239 = CC_DESIGN_SECURITY_CLASSIFICATION ( #1998, ( #2813 ) ) ;
#3240 = EDGE_CURVE ( 'NONE', #1624, #724, #1414, .T. ) ;
#3241 = DIRECTION ( 'NONE',  ( 1.000000000000000000, 0.000000000000000000, -0.000000000000000000 ) ) ;
#3242 = PLANE ( 'NONE',  #2969 ) ;
#3243 = ADVANCED_FACE ( 'NONE', ( #2452 ), #663, .F. ) ;
#3244 = LINE ( 'NONE', #116, #191 ) ;
#3245 = CARTESIAN_POINT ( 'NONE',  ( 19.30000000000000071, 2.081899558550499047E-16, -3.199999999999999734 ) ) ;
#3246 = CARTESIAN_POINT ( 'NONE',  ( 19.00000000000000000, -5.500000000000000000, -13.13397459621555896 ) ) ;
#3247 = VERTEX_POINT ( 'NONE', #1143 ) ;
#3248 = DIRECTION ( 'NONE',  ( 0.000000000000000000, 1.000000000000000000, 0.000000000000000000 ) ) ;
#3249 = FACE_OUTER_BOUND ( 'NONE', #1267, .T. ) ;
#3250 = VECTOR ( 'NONE', #549, 1000.000000000000000 ) ;
#3251 = ORIENTED_EDGE ( 'NONE', *, *, #2332, .F. ) ;
#3252 = FACE_BOUND ( 'NONE', #894, .T. ) ;
#3253 = DIRECTION ( 'NONE',  ( 0.000000000000000000, 0.000000000000000000, 1.000000000000000000 ) ) ;
#3254 = EDGE_CURVE ( 'NONE', #3144, #1236, #3213, .T. ) ;
#3255 = ORIENTED_EDGE ( 'NONE', *, *, #3180, .T. ) ;
#3256 = VECTOR ( 'NONE', #1909, 999.9999999999998863 ) ;
#3257 = CARTESIAN_POINT ( 'NONE',  ( -18.49999999999999289, -5.499999999999992895, -5.000000000000000000 ) ) ;
#3258 = CARTESIAN_POINT ( 'NONE',  ( 22.70000000000000284, 0.000000000000000000, -5.000000000000000000 ) ) ;
#3259 = VECTOR ( 'NONE', #2316, 1000.000000000000114 ) ;
#3260 = VECTOR ( 'NONE', #2505, 1000.000000000000114 ) ;
#3261 = VECTOR ( 'NONE', #843, 1000.000000000000000 ) ;
#3262 = ORIENTED_EDGE ( 'NONE', *, *, #1412, .T. ) ;
#3263 = ORIENTED_EDGE ( 'NONE', *, *, #97, .F. ) ;
#3264 = LINE ( 'NONE', #1957, #1558 ) ;
#3265 = EDGE_CURVE ( 'NONE', #182, #3197, #2996, .T. ) ;
#3266 = PLANE ( 'NONE',  #2809 ) ;
#3267 = DIRECTION ( 'NONE',  ( 0.000000000000000000, 0.000000000000000000, 1.000000000000000000 ) ) ;
#3268 = LINE ( 'NONE', #3216, #234 ) ;
#3269 = PLANE ( 'NONE',  #1198 ) ;
#3270 = ORIENTED_EDGE ( 'NONE', *, *, #677, .F. ) ;
#3271 = FACE_OUTER_BOUND ( 'NONE', #1051, .T. ) ;
#3272 = DIRECTION ( 'NONE',  ( 0.000000000000000000, 0.000000000000000000, 1.000000000000000000 ) ) ;
#3273 = EDGE_CURVE ( 'NONE', #64, #81, #2234, .T. ) ;
#3274 = CARTESIAN_POINT ( 'NONE',  ( -25.00000000000000000, -3.350000000000003197, -3.199999999999999734 ) ) ;
#3275 = FACE_BOUND ( 'NONE', #1473, .T. ) ;
#3276 = AXIS2_PLACEMENT_3D ( 'NONE', #2207, #3220, #722 ) ;
#3277 = ORIENTED_EDGE ( 'NONE', *, *, #2920, .T. ) ;
#3278 = DIRECTION ( 'NONE',  ( -0.2810846377148170649, 0.6785983445458476648, -0.6785983445458476648 ) ) ;
#3279 = CYLINDRICAL_SURFACE ( 'NONE', #1328, 1.700000000000000178 ) ;
#3280 = DIRECTION ( 'NONE',  ( -0.7071067811865426878, 0.000000000000000000, -0.7071067811865524577 ) ) ;
#3281 = EDGE_CURVE ( 'NONE', #2110, #2975, #947, .T. ) ;
#3282 = DIRECTION ( 'NONE',  ( -0.7071067811865474617, -0.7071067811865474617, 0.000000000000000000 ) ) ;
#3283 = DIRECTION ( 'NONE',  ( 1.000000000000000000, 0.000000000000000000, 0.000000000000000000 ) ) ;
#3284 = AXIS2_PLACEMENT_3D ( 'NONE', #1706, #1410, #2981 ) ;
#3285 = ORIENTED_EDGE ( 'NONE', *, *, #355, .F. ) ;
#3286 = VERTEX_POINT ( 'NONE', #2044 ) ;
#3287 = ORIENTED_EDGE ( 'NONE', *, *, #1022, .T. ) ;
#3288 = CARTESIAN_POINT ( 'NONE',  ( 17.00000000000000000, 5.999999999999998224, -0.5000000000000143219 ) ) ;
#3289 = CARTESIAN_POINT ( 'NONE',  ( 18.49999999999998579, 6.000000000000000000, -14.28867513459481131 ) ) ;
#3290 = CARTESIAN_POINT ( 'NONE',  ( 19.50000000000001421, 6.000000000000000000, -5.000000000000000000 ) ) ;
#3291 = VERTEX_POINT ( 'NONE', #201 ) ;
#3292 = LINE ( 'NONE', #212, #2240 ) ;
#3293 = ORIENTED_EDGE ( 'NONE', *, *, #2037, .T. ) ;
#3294 = CARTESIAN_POINT ( 'NONE',  ( -25.00000000000000000, 3.349999999999991651, -6.999999999999997335 ) ) ;
#3295 = CARTESIAN_POINT ( 'NONE',  ( 18.00000000000000000, -2.850000000000000089, -3.199999999999999734 ) ) ;
#3296 = LINE ( 'NONE', #2516, #3317 ) ;
#3297 = EDGE_CURVE ( 'NONE', #1024, #690, #1483, .T. ) ;
#3298 = VECTOR ( 'NONE', #719, 1000.000000000000000 ) ;
#3299 = ORIENTED_EDGE ( 'NONE', *, *, #697, .F. ) ;
#3300 = DIRECTION ( 'NONE',  ( 0.000000000000000000, 1.000000000000000000, 0.000000000000000000 ) ) ;
#3301 = FACE_OUTER_BOUND ( 'NONE', #2386, .T. ) ;
#3302 = VERTEX_POINT ( 'NONE', #731 ) ;
#3303 = LINE ( 'NONE', #241, #820 ) ;
#3304 = CARTESIAN_POINT ( 'NONE',  ( -24.50000000000000000, -2.850000000000002753, -1.199999999999999956 ) ) ;
#3305 = EDGE_CURVE ( 'NONE', #1275, #1742, #962, .T. ) ;
#3306 = VERTEX_POINT ( 'NONE', #714 ) ;
#3307 = ADVANCED_FACE ( 'NONE', ( #1744 ), #3279, .F. ) ;
#3308 = CARTESIAN_POINT ( 'NONE',  ( -18.49999999999999289, -6.000000000000000888, -14.00000000000000178 ) ) ;
#3309 = AXIS2_PLACEMENT_3D ( 'NONE', #1848, #2698, #2714 ) ;
#3310 = VERTEX_POINT ( 'NONE', #2796 ) ;
#3311 = EDGE_CURVE ( 'NONE', #1371, #2651, #2029, .T. ) ;
#3312 = DIRECTION ( 'NONE',  ( 0.000000000000000000, -0.7071067811865439090, -0.7071067811865511255 ) ) ;
#3313 = FACE_OUTER_BOUND ( 'NONE', #2255, .T. ) ;
#3314 = AXIS2_PLACEMENT_3D ( 'NONE', #1962, #633, #1663 ) ;
#3315 = DIRECTION ( 'NONE',  ( 1.000000000000000000, -0.000000000000000000, -0.000000000000000000 ) ) ;
#3316 = DIRECTION ( 'NONE',  ( 0.000000000000000000, 1.000000000000000000, -0.000000000000000000 ) ) ;
#3317 = VECTOR ( 'NONE', #1777, 1000.000000000000000 ) ;
#3318 = EDGE_CURVE ( 'NONE', #952, #1360, #482, .T. ) ;
#3319 = DIRECTION ( 'NONE',  ( 0.7071067811865475727, 0.7071067811865475727, 0.000000000000000000 ) ) ;
#3320 = PLANE ( 'NONE',  #2636 ) ;
#3321 = EDGE_CURVE ( 'NONE', #2808, #258, #2851, .T. ) ;
#3322 = ORIENTED_EDGE ( 'NONE', *, *, #3321, .F. ) ;
#3323 = DIRECTION ( 'NONE',  ( -0.5773502691896231775, 0.5773502691896231775, 0.5773502691896310601 ) ) ;
#3324 = CARTESIAN_POINT ( 'NONE',  ( 25.00000000000000355, 3.999999999999991562, -16.00000000000000000 ) ) ;
#3325 = ORIENTED_EDGE ( 'NONE', *, *, #360, .F. ) ;
#3326 = ADVANCED_FACE ( 'NONE', ( #513 ), #2063, .F. ) ;
#3327 = DIRECTION ( 'NONE',  ( 0.000000000000000000, 0.7071067811865439090, -0.7071067811865511255 ) ) ;
#3328 = EDGE_LOOP ( 'NONE', ( #672, #429, #2417, #729 ) ) ;
#3329 = VECTOR ( 'NONE', #1452, 999.9999999999998863 ) ;
#3330 = CARTESIAN_POINT ( 'NONE',  ( 19.00000000000000000, 5.499999999999985789, -14.00000000000000178 ) ) ;
#3331 = DIRECTION ( 'NONE',  ( 0.000000000000000000, 0.000000000000000000, -1.000000000000000000 ) ) ;
#3332 = CARTESIAN_POINT ( 'NONE',  ( -19.00000000000000000, 0.000000000000000000, -5.499999999999993783 ) ) ;
#3333 = VECTOR ( 'NONE', #3138, 1000.000000000000000 ) ;
#3334 = CARTESIAN_POINT ( 'NONE',  ( -10.82499999999999751, 10.82499999999999751, -1.199999999999999956 ) ) ;
#3335 = DIRECTION ( 'NONE',  ( -0.4999999999999999445, 0.4999999999999999445, -0.7071067811865476838 ) ) ;
#3336 = ORIENTED_EDGE ( 'NONE', *, *, #2731, .F. ) ;
#3337 = ORIENTED_EDGE ( 'NONE', *, *, #943, .T. ) ;
#3338 = LINE ( 'NONE', #2341, #340 ) ;
#3339 = CARTESIAN_POINT ( 'NONE',  ( -18.00000000000000000, -2.850000000000000089, -1.199999999999999956 ) ) ;
#3340 = CIRCLE ( 'NONE', #3284, 1.700000000000000178 ) ;
#3341 = EDGE_CURVE ( 'NONE', #1892, #659, #1504, .T. ) ;
#3342 = ORIENTED_EDGE ( 'NONE', *, *, #2313, .F. ) ;
#3343 = CARTESIAN_POINT ( 'NONE',  ( 18.49999999999999289, 0.000000000000000000, -5.000000000000000000 ) ) ;
#3344 = EDGE_CURVE ( 'NONE', #1257, #3152, #3068, .T. ) ;
#3345 = FACE_OUTER_BOUND ( 'NONE', #531, .T. ) ;
#3346 = PLANE ( 'NONE',  #380 ) ;
#3347 = DIRECTION ( 'NONE',  ( 1.000000000000000000, 0.000000000000000000, 0.000000000000000000 ) ) ;
#3348 = ORIENTED_EDGE ( 'NONE', *, *, #1646, .F. ) ;
#3349 = DIRECTION ( 'NONE',  ( 0.7071067811865475727, 0.000000000000000000, -0.7071067811865475727 ) ) ;
#3350 = AXIS2_PLACEMENT_3D ( 'NONE', #2415, #3175, #93 ) ;
#3351 = DIRECTION ( 'NONE',  ( 0.000000000000000000, 0.000000000000000000, 1.000000000000000000 ) ) ;
ENDSEC;
END-ISO-10303-21;
