ISO-10303-21;
HEADER;
FILE_DESCRIPTION (( 'STEP AP203' ),
    '1' );
FILE_NAME ('0PB_mk4_doors_right_p4_v1.step',
    '2023-06-08T07:43:22',
    ( '' ),
    ( '' ),
    'SwSTEP 2.0',
    'SolidWorks 2023',
    '' );
FILE_SCHEMA (( 'CONFIG_CONTROL_DESIGN' ));
ENDSEC;

DATA;
#1 = CARTESIAN_POINT ( 'NONE',  ( -9.500000000000000000, 101.5499999999999829, 11.25000000000000000 ) ) ;
#2 = VERTEX_POINT ( 'NONE', #2544 ) ;
#3 = DIRECTION ( 'NONE',  ( -1.257045997084639653E-16, -1.000000000000000000, 0.000000000000000000 ) ) ;
#4 = PRODUCT_RELATED_PRODUCT_CATEGORY ( 'detail', '', ( #3304 ) ) ;
#5 = LINE ( 'NONE', #2536, #2229 ) ;
#6 = PLANE ( 'NONE',  #2100 ) ;
#7 = LINE ( 'NONE', #2212, #44 ) ;
#8 = VERTEX_POINT ( 'NONE', #724 ) ;
#9 = ADVANCED_FACE ( 'NONE', ( #2497 ), #2571, .T. ) ;
#10 = CARTESIAN_POINT ( 'NONE',  ( -41.30497887864891737, 7.912089430704495108, 10.89999999999999858 ) ) ;
#11 = CARTESIAN_POINT ( 'NONE',  ( -22.15000000000000213, 9.499999999999966249, 7.000000000000000000 ) ) ;
#12 = CARTESIAN_POINT ( 'NONE',  ( -27.85000000000000142, 9.499999999999966249, 7.000000000000000000 ) ) ;
#13 = EDGE_LOOP ( 'NONE', ( #2950, #1117, #1518, #3277 ) ) ;
#14 = EDGE_CURVE ( 'NONE', #1586, #2035, #30, .T. ) ;
#15 = DIRECTION ( 'NONE',  ( -1.000000000000000000, 0.000000000000000000, 0.000000000000000000 ) ) ;
#16 = PLANE ( 'NONE',  #2393 ) ;
#17 = CARTESIAN_POINT ( 'NONE',  ( -43.79697404392472038, 1.999999999999994893, 10.90000000000000036 ) ) ;
#18 = CARTESIAN_POINT ( 'NONE',  ( -42.52692019043565352, 4.239656620009797372, 10.90000000000000213 ) ) ;
#19 = EDGE_LOOP ( 'NONE', ( #2050, #4396, #1096, #4487 ) ) ;
#20 = ADVANCED_FACE ( 'NONE', ( #411 ), #4017, .T. ) ;
#21 = ORIENTED_EDGE ( 'NONE', *, *, #3202, .T. ) ;
#22 = LINE ( 'NONE', #2180, #3506 ) ;
#23 = CARTESIAN_POINT ( 'NONE',  ( -9.750000000000000000, 101.2999999999999829, 6.000000000000000000 ) ) ;
#24 = ORIENTED_EDGE ( 'NONE', *, *, #764, .F. ) ;
#25 = CARTESIAN_POINT ( 'NONE',  ( -40.81712642392213297, 4.951550550276138551, 10.90000000000000036 ) ) ;
#26 = CARTESIAN_POINT ( 'NONE',  ( -37.02774327469393967, 6.228365384615379696, 11.50000000000000000 ) ) ;
#27 = CARTESIAN_POINT ( 'NONE',  ( -37.02774327469393967, 4.230769230769225508, 11.50000000000000000 ) ) ;
#28 = CARTESIAN_POINT ( 'NONE',  ( -38.19999999999999574, 6.599999999999913491, 7.299999999999998934 ) ) ;
#29 = VERTEX_POINT ( 'NONE', #3728 ) ;
#30 = LINE ( 'NONE', #1853, #3652 ) ;
#31 = LINE ( 'NONE', #441, #1106 ) ;
#32 = ADVANCED_FACE ( 'NONE', ( #3663 ), #4113, .F. ) ;
#33 = CARTESIAN_POINT ( 'NONE',  ( -10.00000000000000000, 101.7999999999999829, 11.00000000000000000 ) ) ;
#34 = ORIENTED_EDGE ( 'NONE', *, *, #358, .F. ) ;
#35 = CARTESIAN_POINT ( 'NONE',  ( -12.00000000000000178, 11.99999999999999645, 0.5000000000000004441 ) ) ;
#36 = AXIS2_PLACEMENT_3D ( 'NONE', #1181, #2936, #1534 ) ;
#37 = ADVANCED_FACE ( 'NONE', ( #1191 ), #3331, .T. ) ;
#38 = CARTESIAN_POINT ( 'NONE',  ( -41.25851250546318028, 6.284855769230763833, 11.50000000000000000 ) ) ;
#39 = DIRECTION ( 'NONE',  ( 0.7071067811865473507, -1.495896016276462574E-17, 0.7071067811865476838 ) ) ;
#40 = VERTEX_POINT ( 'NONE', #4069 ) ;
#41 = ORIENTED_EDGE ( 'NONE', *, *, #4076, .T. ) ;
#42 = CARTESIAN_POINT ( 'NONE',  ( -41.60947404392472038, 4.687499999999995559, 10.90000000000000036 ) ) ;
#43 = EDGE_CURVE ( 'NONE', #2035, #2155, #861, .T. ) ;
#44 = VECTOR ( 'NONE', #3996, 1000.000000000000114 ) ;
#45 = VECTOR ( 'NONE', #1911, 1000.000000000000000 ) ;
#46 = LINE ( 'NONE', #3256, #2996 ) ;
#47 = ORIENTED_EDGE ( 'NONE', *, *, #1925, .F. ) ;
#48 = CARTESIAN_POINT ( 'NONE',  ( -41.26449972118764009, 6.420323004037208570, 11.50000000000000000 ) ) ;
#49 = LINE ( 'NONE', #746, #1924 ) ;
#50 = VECTOR ( 'NONE', #1515, 1000.000000000000000 ) ;
#51 = CARTESIAN_POINT ( 'NONE',  ( -30.20000000000000995, 7.599999999999912603, 7.299999999999998934 ) ) ;
#52 = VECTOR ( 'NONE', #3132, 1000.000000000000000 ) ;
#53 = VECTOR ( 'NONE', #491, 1000.000000000000000 ) ;
#54 = DIRECTION ( 'NONE',  ( -1.000000000000000000, 7.709882115452594129E-15, 0.000000000000000000 ) ) ;
#55 = EDGE_LOOP ( 'NONE', ( #1501, #1593, #1494, #2678 ) ) ;
#56 = ORIENTED_EDGE ( 'NONE', *, *, #4076, .F. ) ;
#57 = CARTESIAN_POINT ( 'NONE',  ( -5.374357006740319231E-14, 93.49999999999998579, 0.5000000000000004441 ) ) ;
#58 = VECTOR ( 'NONE', #927, 1000.000000000000000 ) ;
#59 = CARTESIAN_POINT ( 'NONE',  ( -28.80000000000002913, 9.999999999999996447, 7.299999999999998934 ) ) ;
#60 = VECTOR ( 'NONE', #4247, 1000.000000000000000 ) ;
#61 = ORIENTED_EDGE ( 'NONE', *, *, #471, .T. ) ;
#62 = LINE ( 'NONE', #757, #2988 ) ;
#63 = ADVANCED_FACE ( 'NONE', ( #3027, #4402 ), #4471, .T. ) ;
#64 = CARTESIAN_POINT ( 'NONE',  ( -41.45343788132913687, 7.939499622492438569, 11.49999999999999645 ) ) ;
#65 = CYLINDRICAL_SURFACE ( 'NONE', #133, 1.700000000000006173 ) ;
#66 = CARTESIAN_POINT ( 'NONE',  ( -9.500000000000000000, 93.49999999999998579, 0.000000000000000000 ) ) ;
#67 = ORIENTED_EDGE ( 'NONE', *, *, #3994, .F. ) ;
#68 = ORIENTED_EDGE ( 'NONE', *, *, #1188, .F. ) ;
#69 = CARTESIAN_POINT ( 'NONE',  ( -6.700000000000011724, 97.99999999999998579, 6.249999999999999112 ) ) ;
#70 = EDGE_CURVE ( 'NONE', #3204, #2458, #3755, .T. ) ;
#71 = DIRECTION ( 'NONE',  ( 1.000000000000000000, -0.000000000000000000, 0.000000000000000000 ) ) ;
#72 = EDGE_LOOP ( 'NONE', ( #3760, #2820, #4085, #2830 ) ) ;
#73 = CARTESIAN_POINT ( 'NONE',  ( -43.02328408301442408, 4.505301759415036855, 11.50000000000000355 ) ) ;
#74 = LINE ( 'NONE', #93, #419 ) ;
#75 = ADVANCED_FACE ( 'NONE', ( #4043 ), #533, .T. ) ;
#76 = LINE ( 'NONE', #3002, #517 ) ;
#77 = LINE ( 'NONE', #1587, #2611 ) ;
#78 = ORIENTED_EDGE ( 'NONE', *, *, #2846, .T. ) ;
#79 = CARTESIAN_POINT ( 'NONE',  ( -40.50102454292777310, 7.460933503521105514, 10.90000000000000391 ) ) ;
#80 = CARTESIAN_POINT ( 'NONE',  ( -38.20000000000000995, 4.799999999999941203, 7.299999999999998934 ) ) ;
#81 = CARTESIAN_POINT ( 'NONE',  ( -5.374357006740319231E-14, 93.49999999999998579, 0.5000000000000004441 ) ) ;
#82 = VERTEX_POINT ( 'NONE', #2280 ) ;
#83 = ORIENTED_EDGE ( 'NONE', *, *, #3966, .T. ) ;
#84 = CARTESIAN_POINT ( 'NONE',  ( -10.00000000000000178, 101.7999999999999829, 5.750000000000000000 ) ) ;
#85 = CARTESIAN_POINT ( 'NONE',  ( -9.500000000000000000, 93.99999999999998579, 11.50000000000000000 ) ) ;
#86 = CC_DESIGN_PERSON_AND_ORGANIZATION_ASSIGNMENT ( #3976, #1078, ( #2418 ) ) ;
#87 = LINE ( 'NONE', #2335, #1936 ) ;
#88 = ORIENTED_EDGE ( 'NONE', *, *, #2786, .F. ) ;
#89 = LINE ( 'NONE', #4393, #3583 ) ;
#90 = DIRECTION ( 'NONE',  ( 0.7592566023652688179, -0.6507913734560009100, 0.000000000000000000 ) ) ;
#91 = EDGE_CURVE ( 'NONE', #4602, #3956, #1922, .T. ) ;
#92 = ORIENTED_EDGE ( 'NONE', *, *, #173, .T. ) ;
#93 = CARTESIAN_POINT ( 'NONE',  ( -35.87389712084779347, 4.230769230769225508, 11.50000000000000000 ) ) ;
#94 = CARTESIAN_POINT ( 'NONE',  ( -40.94357937322453722, 4.096216586781729951, 10.89999999999999858 ) ) ;
#95 = EDGE_CURVE ( 'NONE', #1064, #1283, #2258, .T. ) ;
#96 = VERTEX_POINT ( 'NONE', #3350 ) ;
#97 = CARTESIAN_POINT ( 'NONE',  ( -12.00000000000000178, 11.99999999999999645, 11.50000000000000000 ) ) ;
#98 = EDGE_LOOP ( 'NONE', ( #3539, #1367, #995, #3497 ) ) ;
#99 = DIRECTION ( 'NONE',  ( -2.115516434118058079E-17, -1.000000000000000000, 0.000000000000000000 ) ) ;
#100 = FACE_BOUND ( 'NONE', #1668, .T. ) ;
#101 = EDGE_CURVE ( 'NONE', #1618, #2083, #2682, .T. ) ;
#102 = FACE_OUTER_BOUND ( 'NONE', #3888, .T. ) ;
#103 = ORIENTED_EDGE ( 'NONE', *, *, #3505, .F. ) ;
#104 = VERTEX_POINT ( 'NONE', #1003 ) ;
#105 = LINE ( 'NONE', #3386, #444 ) ;
#106 = CARTESIAN_POINT ( 'NONE',  ( -10.00000000000000178, 12.00000000000001066, 11.50000000000000000 ) ) ;
#107 = ORIENTED_EDGE ( 'NONE', *, *, #3361, .F. ) ;
#108 = CARTESIAN_POINT ( 'NONE',  ( -2.000000000000014211, 0.000000000000000000, 0.5000000000000004441 ) ) ;
#109 = LINE ( 'NONE', #3038, #1267 ) ;
#110 = CARTESIAN_POINT ( 'NONE',  ( -42.46523588059716303, 5.543149399948235967, 10.89999999999999680 ) ) ;
#111 = AXIS2_PLACEMENT_3D ( 'NONE', #1530, #1223, #4441 ) ;
#112 = ORIENTED_EDGE ( 'NONE', *, *, #3379, .F. ) ;
#113 = CARTESIAN_POINT ( 'NONE',  ( -8.350000000000004974, 101.7999999999999829, 9.000000000000001776 ) ) ;
#114 = EDGE_CURVE ( 'NONE', #2712, #3263, #943, .T. ) ;
#115 = VECTOR ( 'NONE', #2849, 1000.000000000000000 ) ;
#116 = FACE_OUTER_BOUND ( 'NONE', #2607, .T. ) ;
#117 = ORIENTED_EDGE ( 'NONE', *, *, #2947, .F. ) ;
#118 = CARTESIAN_POINT ( 'NONE',  ( -37.80000000000001847, 8.799999999999911893, 7.299999999999998934 ) ) ;
#119 = CONICAL_SURFACE ( 'NONE', #2771, 2.000000000000000000, 0.7853981633974482790 ) ;
#120 = ORIENTED_EDGE ( 'NONE', *, *, #2724, .T. ) ;
#121 = VECTOR ( 'NONE', #1655, 1000.000000000000000 ) ;
#122 = DIRECTION ( 'NONE',  ( -0.000000000000000000, -0.000000000000000000, 1.000000000000000000 ) ) ;
#123 = CARTESIAN_POINT ( 'NONE',  ( -41.99550496992103632, 7.991991544174686268, 10.89999999999999858 ) ) ;
#124 = EDGE_CURVE ( 'NONE', #3748, #230, #555, .T. ) ;
#125 = VECTOR ( 'NONE', #256, 1000.000000000000000 ) ;
#126 = VECTOR ( 'NONE', #540, 1000.000000000000000 ) ;
#127 = CARTESIAN_POINT ( 'NONE',  ( -42.21124005970704474, 6.995177412529286265, 10.89999999999999858 ) ) ;
#128 = ORIENTED_EDGE ( 'NONE', *, *, #3389, .T. ) ;
#129 = VERTEX_POINT ( 'NONE', #4545 ) ;
#130 = VECTOR ( 'NONE', #3020, 1000.000000000000000 ) ;
#131 = VECTOR ( 'NONE', #1024, 1000.000000000000000 ) ;
#132 = EDGE_CURVE ( 'NONE', #762, #4494, #3096, .T. ) ;
#133 = AXIS2_PLACEMENT_3D ( 'NONE', #1240, #490, #3694 ) ;
#134 = LINE ( 'NONE', #421, #4133 ) ;
#135 = PLANE ( 'NONE',  #3140 ) ;
#136 = VERTEX_POINT ( 'NONE', #909 ) ;
#137 = LINE ( 'NONE', #452, #501 ) ;
#138 = B_SPLINE_SURFACE_WITH_KNOTS ( 'NONE', 3, 1, ( 
 ( #191, #2443 ),
 ( #1662, #2348 ),
 ( #2421, #3775 ),
 ( #4236, #1736 ),
 ( #1705, #3871 ),
 ( #4140, #3828 ),
 ( #243, #3850 ),
 ( #954, #3450 ),
 ( #2063, #650 ),
 ( #3520, #1330 ),
 ( #3145, #2729 ),
 ( #2395, #607 ),
 ( #629, #3169 ),
 ( #1683, #221 ),
 ( #2042, #4597 ),
 ( #297, #1383 ),
 ( #931, #1637 ),
 ( #3118, #3075 ),
 ( #2016, #4525 ) ),
 .UNSPECIFIED., .F., .F., .F.,
 ( 4, 1, 1, 1, 1, 1, 1, 1, 1, 1, 1, 1, 1, 1, 1, 1, 4 ),
 ( 2, 2 ),
 ( 0.000000000000000000, 0.1061220641064847675, 0.2021804643870342699, 0.2875840018686676158, 0.3629904172440856502, 0.4271937923606596854, 0.4814680386188571193, 0.5253270264181545413, 0.5595484740348281028, 0.6156943539570878254, 0.6695949516456966011, 0.7218197463133871894, 0.7739097670927386208, 0.8270849392623426111, 0.8813591855205388237, 0.9387954458730686236, 1.000000000000000000 ),
 ( 0.000000000000000000, 1.000000000000000000 ),
 .UNSPECIFIED. ) ;
#139 = DIRECTION ( 'NONE',  ( -0.3713906763540854028, -0.9284766908852666312, 0.000000000000000000 ) ) ;
#140 = CARTESIAN_POINT ( 'NONE',  ( -12.00000000000001954, 9.499999999999996447, 0.000000000000000000 ) ) ;
#141 = EDGE_LOOP ( 'NONE', ( #1479, #2534, #4218, #2451 ) ) ;
#142 = DIRECTION ( 'NONE',  ( 1.000000000000000000, 0.000000000000000000, 0.000000000000000000 ) ) ;
#143 = CARTESIAN_POINT ( 'NONE',  ( -41.02655024704558429, 4.199013467697794155, 10.90000000000000213 ) ) ;
#144 = ORIENTED_EDGE ( 'NONE', *, *, #124, .F. ) ;
#145 = ADVANCED_FACE ( 'NONE', ( #2751, #2777 ), #4621, .F. ) ;
#146 = CARTESIAN_POINT ( 'NONE',  ( -0.2500000000000585643, 101.2999999999999829, 11.25000000000000000 ) ) ;
#147 = ORIENTED_EDGE ( 'NONE', *, *, #856, .T. ) ;
#148 = CARTESIAN_POINT ( 'NONE',  ( -40.20436099755492165, 6.948948478057865863, 11.49999999999999112 ) ) ;
#149 = CARTESIAN_POINT ( 'NONE',  ( -40.11892500775169879, 6.592303072287543309, 10.90000000000000213 ) ) ;
#150 = EDGE_CURVE ( 'NONE', #3167, #4656, #1362, .T. ) ;
#151 = CARTESIAN_POINT ( 'NONE',  ( -41.89913750546318028, 6.980769230769226397, 11.50000000000000178 ) ) ;
#152 = ORIENTED_EDGE ( 'NONE', *, *, #1164, .T. ) ;
#153 = EDGE_LOOP ( 'NONE', ( #504, #3914, #2892, #4510, #1604, #21, #766, #2198, #2637, #1565, #205 ) ) ;
#154 = CARTESIAN_POINT ( 'NONE',  ( -35.87389712084779347, 7.923076923076918021, 10.90000000000000036 ) ) ;
#155 = ADVANCED_FACE ( 'NONE', ( #981 ), #138, .T. ) ;
#156 = EDGE_CURVE ( 'NONE', #3173, #4323, #1286, .T. ) ;
#157 = DIRECTION ( 'NONE',  ( 2.115516434118058079E-17, 1.000000000000000000, 0.000000000000000000 ) ) ;
#158 = ORIENTED_EDGE ( 'NONE', *, *, #3805, .T. ) ;
#159 = CARTESIAN_POINT ( 'NONE',  ( -42.90199904195073799, 4.476120690612711783, 11.49999999999999822 ) ) ;
#160 = FACE_OUTER_BOUND ( 'NONE', #1053, .T. ) ;
#161 = CARTESIAN_POINT ( 'NONE',  ( -39.19999999999999574, 9.499999999999994671, 7.299999999999998934 ) ) ;
#162 = CARTESIAN_POINT ( 'NONE',  ( -42.81620481315548687, 6.999999999999994671, 11.50000000000000000 ) ) ;
#163 = ORIENTED_EDGE ( 'NONE', *, *, #561, .T. ) ;
#164 = PLANE ( 'NONE',  #1547 ) ;
#165 = CARTESIAN_POINT ( 'NONE',  ( -176.8000000000000114, 0.4999999999999600875, 5.750000000000000000 ) ) ;
#166 = ORIENTED_EDGE ( 'NONE', *, *, #4462, .T. ) ;
#167 = PLANE ( 'NONE',  #4276 ) ;
#168 = CARTESIAN_POINT ( 'NONE',  ( -40.13905434955831453, 6.714850472328486752, 10.90000000000000036 ) ) ;
#169 = CARTESIAN_POINT ( 'NONE',  ( -40.57897603587203150, 7.544237976279946523, 10.89999999999999680 ) ) ;
#170 = CARTESIAN_POINT ( 'NONE',  ( -40.10466635161702698, 6.337740384615378808, 10.90000000000000036 ) ) ;
#171 = ORIENTED_EDGE ( 'NONE', *, *, #1405, .T. ) ;
#172 = ORIENTED_EDGE ( 'NONE', *, *, #2974, .F. ) ;
#173 = EDGE_CURVE ( 'NONE', #4023, #634, #5, .T. ) ;
#174 =( NAMED_UNIT ( * ) SI_UNIT ( $, .STERADIAN. ) SOLID_ANGLE_UNIT ( ) );
#175 = DIRECTION ( 'NONE',  ( -1.000000000000000000, 0.000000000000000000, 0.000000000000000000 ) ) ;
#176 = ORIENTED_EDGE ( 'NONE', *, *, #4253, .F. ) ;
#177 = CARTESIAN_POINT ( 'NONE',  ( -176.3000000000000114, 9.999999999999978684, 6.250000000000000000 ) ) ;
#178 = LINE ( 'NONE', #2312, #1553 ) ;
#179 = ADVANCED_FACE ( 'NONE', ( #363 ), #2514, .T. ) ;
#180 = DIRECTION ( 'NONE',  ( -1.000000000000000000, -1.104919411450195664E-16, 0.000000000000000000 ) ) ;
#181 = LINE ( 'NONE', #2743, #215 ) ;
#182 = FACE_OUTER_BOUND ( 'NONE', #1689, .T. ) ;
#183 = ORIENTED_EDGE ( 'NONE', *, *, #2288, .T. ) ;
#184 = AXIS2_PLACEMENT_3D ( 'NONE', #1757, #3545, #319 ) ;
#185 = DIRECTION ( 'NONE',  ( 1.000000000000000000, 0.000000000000000000, 0.000000000000000000 ) ) ;
#186 = ADVANCED_FACE ( 'NONE', ( #1050 ), #1120, .F. ) ;
#187 = CARTESIAN_POINT ( 'NONE',  ( -40.81712642392213297, 4.951550550276138551, 11.50000000000000000 ) ) ;
#188 = ORIENTED_EDGE ( 'NONE', *, *, #1343, .T. ) ;
#189 = LINE ( 'NONE', #3045, #811 ) ;
#190 = VERTEX_POINT ( 'NONE', #3279 ) ;
#191 = CARTESIAN_POINT ( 'NONE',  ( -42.86788750546318028, 5.538461538461533884, 10.90000000000000036 ) ) ;
#192 = CARTESIAN_POINT ( 'NONE',  ( -40.16805563400401269, 6.833631612418437307, 10.90000000000000036 ) ) ;
#193 = AXIS2_PLACEMENT_3D ( 'NONE', #2415, #2438, #2723 ) ;
#194 = FACE_BOUND ( 'NONE', #4029, .T. ) ;
#195 = VECTOR ( 'NONE', #1538, 1000.000000000000000 ) ;
#196 = VECTOR ( 'NONE', #2580, 1000.000000000000000 ) ;
#197 = LINE ( 'NONE', #1642, #3207 ) ;
#198 = EDGE_LOOP ( 'NONE', ( #389, #3915, #1783, #1457 ) ) ;
#199 = VERTEX_POINT ( 'NONE', #1827 ) ;
#200 = VECTOR ( 'NONE', #3143, 1000.000000000000000 ) ;
#201 =( NAMED_UNIT ( * ) PLANE_ANGLE_UNIT ( ) SI_UNIT ( $, .RADIAN. ) );
#202 = CARTESIAN_POINT ( 'NONE',  ( -7.850000000000004974, 101.2999999999999829, 7.000000000000000000 ) ) ;
#203 = VECTOR ( 'NONE', #3087, 1000.000000000000000 ) ;
#204 = VECTOR ( 'NONE', #2854, 1000.000000000000000 ) ;
#205 = ORIENTED_EDGE ( 'NONE', *, *, #1169, .T. ) ;
#206 = EDGE_CURVE ( 'NONE', #3752, #2155, #49, .T. ) ;
#207 = CARTESIAN_POINT ( 'NONE',  ( -41.95906746385899311, 3.520441856725748941, 11.49999999999999645 ) ) ;
#208 = DIRECTION ( 'NONE',  ( 1.000000000000000000, 1.104919411450195664E-16, -0.000000000000000000 ) ) ;
#209 = VECTOR ( 'NONE', #1532, 1000.000000000000000 ) ;
#210 = DIRECTION ( 'NONE',  ( -0.3713906763540854028, -0.9284766908852666312, 0.000000000000000000 ) ) ;
#211 = DIRECTION ( 'NONE',  ( 0.000000000000000000, 0.000000000000000000, 1.000000000000000000 ) ) ;
#212 = CARTESIAN_POINT ( 'NONE',  ( -42.64112119281824675, 7.000398751398806851, 11.49999999999999645 ) ) ;
#213 = ORIENTED_EDGE ( 'NONE', *, *, #1394, .T. ) ;
#214 = ADVANCED_FACE ( 'NONE', ( #3965 ), #3588, .T. ) ;
#215 = VECTOR ( 'NONE', #211, 1000.000000000000000 ) ;
#216 = DIRECTION ( 'NONE',  ( 0.7071067811865475727, -0.7071067811865475727, 0.000000000000000000 ) ) ;
#217 = CARTESIAN_POINT ( 'NONE',  ( -41.25990614311965032, 4.761475585107854513, 11.50000000000000178 ) ) ;
#218 = ORIENTED_EDGE ( 'NONE', *, *, #4315, .T. ) ;
#219 = ADVANCED_FACE ( 'NONE', ( #385 ), #3213, .T. ) ;
#220 = DIRECTION ( 'NONE',  ( 0.000000000000000000, 0.000000000000000000, -1.000000000000000000 ) ) ;
#221 = CARTESIAN_POINT ( 'NONE',  ( -41.38253902384855110, 5.850619487248704509, 11.49999999999998224 ) ) ;
#222 = DIRECTION ( 'NONE',  ( -0.5773502691896258421, 0.5773502691896258421, -0.5773502691896258421 ) ) ;
#223 = LINE ( 'NONE', #1664, #744 ) ;
#224 = DIRECTION ( 'NONE',  ( 0.000000000000000000, 1.000000000000000000, 0.000000000000000000 ) ) ;
#225 = ORIENTED_EDGE ( 'NONE', *, *, #1943, .T. ) ;
#226 = ORIENTED_EDGE ( 'NONE', *, *, #1665, .F. ) ;
#227 = CC_DESIGN_APPROVAL ( #4072, ( #1364 ) ) ;
#228 = CARTESIAN_POINT ( 'NONE',  ( -42.64112119281824675, 7.000398751398806851, 10.89999999999999680 ) ) ;
#229 = CARTESIAN_POINT ( 'NONE',  ( -43.79697404392472038, 5.538461538461533884, 10.90000000000000036 ) ) ;
#230 = VERTEX_POINT ( 'NONE', #1447 ) ;
#231 = CARTESIAN_POINT ( 'NONE',  ( -40.94357937322453722, 4.096216586781729951, 11.49999999999999822 ) ) ;
#232 = DIRECTION ( 'NONE',  ( -0.000000000000000000, -0.000000000000000000, 1.000000000000000000 ) ) ;
#233 = APPROVAL ( #1669, 'UNSPECIFIED' ) ;
#234 = CARTESIAN_POINT ( 'NONE',  ( -27.85000000000000142, 1.999999999999996669, 9.000000000000001776 ) ) ;
#235 = LINE ( 'NONE', #3840, #1951 ) ;
#236 = CARTESIAN_POINT ( 'NONE',  ( -169.0000000000000000, -3.859759734048395785E-14, 5.750000000000000000 ) ) ;
#237 = ORIENTED_EDGE ( 'NONE', *, *, #3959, .T. ) ;
#238 = DIRECTION ( 'NONE',  ( 0.000000000000000000, 0.000000000000000000, -1.000000000000000000 ) ) ;
#239 = EDGE_CURVE ( 'NONE', #648, #1432, #2889, .T. ) ;
#240 = CARTESIAN_POINT ( 'NONE',  ( -41.60947404392472038, 4.687499999999995559, 10.90000000000000036 ) ) ;
#241 = EDGE_LOOP ( 'NONE', ( #737, #1442, #2685, #3759 ) ) ;
#242 = FACE_BOUND ( 'NONE', #4615, .T. ) ;
#243 = CARTESIAN_POINT ( 'NONE',  ( -42.00912528207362584, 5.564758412804429177, 10.90000000000000036 ) ) ;
#244 = CARTESIAN_POINT ( 'NONE',  ( -5.000000000000004441, 97.99999999999998579, 10.49999999999999822 ) ) ;
#245 = EDGE_CURVE ( 'NONE', #1401, #1573, #3048, .T. ) ;
#246 = CARTESIAN_POINT ( 'NONE',  ( -40.30230938840300325, 7.167912549411119549, 11.50000000000000178 ) ) ;
#247 = CARTESIAN_POINT ( 'NONE',  ( -41.27714218268448576, 4.447360824889935671, 10.90000000000000391 ) ) ;
#248 = ORIENTED_EDGE ( 'NONE', *, *, #4147, .F. ) ;
#249 = ORIENTED_EDGE ( 'NONE', *, *, #386, .T. ) ;
#250 = EDGE_CURVE ( 'NONE', #2430, #711, #4329, .T. ) ;
#251 = CARTESIAN_POINT ( 'NONE',  ( -40.10466635161702698, 6.337740384615378808, 10.90000000000000036 ) ) ;
#252 = LINE ( 'NONE', #1647, #4282 ) ;
#253 = ORIENTED_EDGE ( 'NONE', *, *, #1400, .F. ) ;
#254 = CARTESIAN_POINT ( 'NONE',  ( -40.55755003004311021, 3.511838176082229257, 11.50000000000000178 ) ) ;
#255 = CARTESIAN_POINT ( 'NONE',  ( -0.5000000000000538458, 93.74999999999998579, 0.2499999999999998335 ) ) ;
#256 = DIRECTION ( 'NONE',  ( -0.000000000000000000, -0.000000000000000000, 1.000000000000000000 ) ) ;
#257 = CARTESIAN_POINT ( 'NONE',  ( -35.87389712084779347, 3.230769230769225508, 10.90000000000000036 ) ) ;
#258 = CARTESIAN_POINT ( 'NONE',  ( -41.26030961974384326, 6.243517869094246109, 10.90000000000000036 ) ) ;
#259 = ORIENTED_EDGE ( 'NONE', *, *, #4377, .T. ) ;
#260 = B_SPLINE_CURVE_WITH_KNOTS ( 'NONE', 3,
 ( #611, #2067, #4529, #247, #3100, #270, #2711, #585, #4217, #301, #1264, #2045, #2022, #633, #1310 ),
 .UNSPECIFIED., .F., .F.,
 ( 4, 1, 1, 1, 1, 1, 1, 1, 1, 1, 1, 1, 4 ),
 ( 0.000000000000000000, 0.1071204224458243703, 0.2096492605632112316, 0.3076581845860461017, 0.4022185694841727832, 0.4516719944287477251, 0.5087791500987497439, 0.5727572083871670383, 0.6436596162109158303, 0.7218523466714367176, 0.8075494665000571004, 0.9002592690507912332, 1.000000000000000000 ),
 .UNSPECIFIED. ) ;
#261 = DIRECTION ( 'NONE',  ( 0.000000000000000000, 0.000000000000000000, 1.000000000000000000 ) ) ;
#262 = CARTESIAN_POINT ( 'NONE',  ( -41.10066192803653706, 4.814586686335741383, 10.89999999999999858 ) ) ;
#263 = AXIS2_PLACEMENT_3D ( 'NONE', #4092, #2301, #440 ) ;
#264 = ORIENTED_EDGE ( 'NONE', *, *, #3128, .T. ) ;
#265 = FACE_OUTER_BOUND ( 'NONE', #1233, .T. ) ;
#266 = EDGE_CURVE ( 'NONE', #695, #445, #2135, .T. ) ;
#267 = DIRECTION ( 'NONE',  ( -1.000000000000000000, 0.000000000000000000, 0.000000000000000000 ) ) ;
#268 = CARTESIAN_POINT ( 'NONE',  ( -9.500000000000000000, 93.99999999999998579, 0.5000000000000004441 ) ) ;
#269 = DIRECTION ( 'NONE',  ( -0.7071067811865475727, 0.7071067811865475727, 0.000000000000000000 ) ) ;
#270 = CARTESIAN_POINT ( 'NONE',  ( -41.02655024704558429, 4.199013467697794155, 10.90000000000000213 ) ) ;
#271 = ORIENTED_EDGE ( 'NONE', *, *, #4039, .F. ) ;
#272 = VECTOR ( 'NONE', #2863, 1000.000000000000000 ) ;
#273 = EDGE_CURVE ( 'NONE', #2904, #3254, #1469, .T. ) ;
#274 = EDGE_LOOP ( 'NONE', ( #3797, #4502, #2509, #4241, #4206, #1148 ) ) ;
#275 = VECTOR ( 'NONE', #3566, 1000.000000000000000 ) ;
#276 = VECTOR ( 'NONE', #2520, 1000.000000000000114 ) ;
#277 = MECHANICAL_CONTEXT ( 'NONE', #2140, 'mechanical' ) ;
#278 = CARTESIAN_POINT ( 'NONE',  ( -176.8000000000000114, 2.149999999999977263, 7.000000000000000000 ) ) ;
#279 = ORIENTED_EDGE ( 'NONE', *, *, #114, .F. ) ;
#280 = ADVANCED_FACE ( 'NONE', ( #2209 ), #2910, .F. ) ;
#281 = DIRECTION ( 'NONE',  ( 0.000000000000000000, 0.000000000000000000, -1.000000000000000000 ) ) ;
#282 = VECTOR ( 'NONE', #2156, 1000.000000000000000 ) ;
#283 = CIRCLE ( 'NONE', #507, 2.500000000000000444 ) ;
#284 = LINE ( 'NONE', #80, #2011 ) ;
#285 = DIRECTION ( 'NONE',  ( -0.7071067811865474617, -0.7071067811865474617, 0.000000000000000000 ) ) ;
#286 = AXIS2_PLACEMENT_3D ( 'NONE', #4024, #2240, #2550 ) ;
#287 = CARTESIAN_POINT ( 'NONE',  ( -5.000000000000004441, 97.99999999999998579, 9.000000000000001776 ) ) ;
#288 = CARTESIAN_POINT ( 'NONE',  ( -25.00000000000000000, 4.999999999999996447, 0.000000000000000000 ) ) ;
#289 = ORIENTED_EDGE ( 'NONE', *, *, #1017, .T. ) ;
#290 = EDGE_LOOP ( 'NONE', ( #3334, #3205, #1958, #3030 ) ) ;
#291 = CARTESIAN_POINT ( 'NONE',  ( -43.02328408301442408, 4.505301759415036855, 10.90000000000000391 ) ) ;
#292 = AXIS2_PLACEMENT_3D ( 'NONE', #1872, #1823, #382 ) ;
#293 = CARTESIAN_POINT ( 'NONE',  ( -37.02774327469393967, 6.228365384615379696, 10.90000000000000036 ) ) ;
#294 = VECTOR ( 'NONE', #1749, 1000.000000000000000 ) ;
#295 = EDGE_LOOP ( 'NONE', ( #1255, #892, #2658, #2233 ) ) ;
#296 = CARTESIAN_POINT ( 'NONE',  ( -40.10572418948983398, 6.283195188038152246, 10.90000000000000036 ) ) ;
#297 = CARTESIAN_POINT ( 'NONE',  ( -41.28542090276620513, 6.047780243113226817, 10.89999999999999858 ) ) ;
#298 = CARTESIAN_POINT ( 'NONE',  ( -0.5000000000000536238, 93.49999999999998579, 0.000000000000000000 ) ) ;
#300 = EDGE_CURVE ( 'NONE', #2284, #4624, #3992, .T. ) ;
#299 = PLANE ( 'NONE',  #1115 ) ;
#301 = CARTESIAN_POINT ( 'NONE',  ( -40.72810406470320999, 3.785750284256754306, 10.89999999999999858 ) ) ;
#302 = EDGE_LOOP ( 'NONE', ( #645, #3358, #2279, #2635 ) ) ;
#303 = EDGE_LOOP ( 'NONE', ( #317, #3193, #2486, #1921 ) ) ;
#304 = EDGE_CURVE ( 'NONE', #2449, #3195, #3564, .T. ) ;
#305 = CARTESIAN_POINT ( 'NONE',  ( -176.3000000000000114, -3.859759734048395785E-14, 11.50000000000000000 ) ) ;
#306 = ORIENTED_EDGE ( 'NONE', *, *, #3266, .T. ) ;
#307 = CARTESIAN_POINT ( 'NONE',  ( 0.000000000000000000, 101.2999999999999829, 5.750000000000000000 ) ) ;
#308 = EDGE_CURVE ( 'NONE', #881, #4219, #3899, .T. ) ;
#309 = DIRECTION ( 'NONE',  ( 0.000000000000000000, 0.000000000000000000, -1.000000000000000000 ) ) ;
#310 = DIRECTION ( 'NONE',  ( 1.000000000000000000, 1.104919411450195664E-16, 0.000000000000000000 ) ) ;
#311 = CARTESIAN_POINT ( 'NONE',  ( -35.10466635161701987, 3.230769230769225508, 10.90000000000000036 ) ) ;
#312 = ORIENTED_EDGE ( 'NONE', *, *, #4014, .F. ) ;
#313 = VERTEX_POINT ( 'NONE', #3940 ) ;
#314 = LINE ( 'NONE', #4635, #950 ) ;
#315 = EDGE_CURVE ( 'NONE', #3486, #3681, #2153, .T. ) ;
#316 = CARTESIAN_POINT ( 'NONE',  ( -41.32807730788029232, 5.944290882365486972, 11.50000000000000178 ) ) ;
#317 = ORIENTED_EDGE ( 'NONE', *, *, #3609, .F. ) ;
#318 = DIRECTION ( 'NONE',  ( -0.5773502691896246208, 0.5773502691896263972, -0.5773502691896263972 ) ) ;
#319 = DIRECTION ( 'NONE',  ( 1.000000000000000000, 0.000000000000000000, 0.000000000000000000 ) ) ;
#320 = CARTESIAN_POINT ( 'NONE',  ( -22.15000000000000213, 9.499999999999966249, 9.000000000000001776 ) ) ;
#321 = LINE ( 'NONE', #1759, #745 ) ;
#322 = ORIENTED_EDGE ( 'NONE', *, *, #825, .F. ) ;
#323 = CARTESIAN_POINT ( 'NONE',  ( -42.35626596613648331, 7.999528375799661362, 11.49999999999998934 ) ) ;
#324 = APPROVAL_STATUS ( 'not_yet_approved' ) ;
#325 = CARTESIAN_POINT ( 'NONE',  ( -9.500000000000000000, 101.7999999999999829, 5.750000000000000000 ) ) ;
#326 = ORIENTED_EDGE ( 'NONE', *, *, #3345, .T. ) ;
#327 = DIRECTION ( 'NONE',  ( 1.000000000000000000, 0.000000000000000000, 0.000000000000000000 ) ) ;
#328 = ADVANCED_FACE ( 'NONE', ( #338 ), #718, .T. ) ;
#329 = CARTESIAN_POINT ( 'NONE',  ( -28.80000000000002913, 9.999999999999996447, 10.69999999999999929 ) ) ;
#330 = DIRECTION ( 'NONE',  ( -0.000000000000000000, -0.000000000000000000, 1.000000000000000000 ) ) ;
#331 = DIRECTION ( 'NONE',  ( 1.000000000000000000, 0.000000000000000000, 0.000000000000000000 ) ) ;
#332 = ORIENTED_EDGE ( 'NONE', *, *, #588, .T. ) ;
#333 = FACE_OUTER_BOUND ( 'NONE', #1612, .T. ) ;
#334 = ADVANCED_FACE ( 'NONE', ( #2253 ), #456, .F. ) ;
#335 = DIRECTION ( 'NONE',  ( -0.6363636363636033799, 0.5454545454545642880, -0.5454545454545651761 ) ) ;
#336 = EDGE_LOOP ( 'NONE', ( #2305, #455, #1042, #2614 ) ) ;
#337 = CARTESIAN_POINT ( 'NONE',  ( 0.000000000000000000, 2.000000000000013767, 11.50000000000000000 ) ) ;
#338 = FACE_OUTER_BOUND ( 'NONE', #3394, .T. ) ;
#339 = VECTOR ( 'NONE', #3634, 1000.000000000000114 ) ;
#340 = CARTESIAN_POINT ( 'NONE',  ( 0.000000000000000000, 0.000000000000000000, 5.750000000000000000 ) ) ;
#341 = FACE_OUTER_BOUND ( 'NONE', #425, .T. ) ;
#342 = EDGE_LOOP ( 'NONE', ( #4058, #322, #1190, #1356 ) ) ;
#343 = CARTESIAN_POINT ( 'NONE',  ( -40.94707581784197004, 7.798739619639598608, 10.89999999999999858 ) ) ;
#344 = VECTOR ( 'NONE', #261, 1000.000000000000000 ) ;
#345 = CARTESIAN_POINT ( 'NONE',  ( -41.62947181607936642, 6.904704917441982559, 10.89999999999999858 ) ) ;
#346 = ORIENTED_EDGE ( 'NONE', *, *, #2947, .T. ) ;
#347 = LINE ( 'NONE', #1128, #1263 ) ;
#348 = AXIS2_PLACEMENT_3D ( 'NONE', #1430, #4287, #3262 ) ;
#349 = CARTESIAN_POINT ( 'NONE',  ( -169.9000000000000057, 2.149999999999976374, 7.000000000000000000 ) ) ;
#350 = FACE_OUTER_BOUND ( 'NONE', #2994, .T. ) ;
#351 = CARTESIAN_POINT ( 'NONE',  ( -42.69923948182587736, 4.379421547966360073, 10.90000000000000213 ) ) ;
#352 = VECTOR ( 'NONE', #1348, 1000.000000000000000 ) ;
#353 = ORIENTED_EDGE ( 'NONE', *, *, #707, .F. ) ;
#354 = ORIENTED_EDGE ( 'NONE', *, *, #1483, .F. ) ;
#355 = LINE ( 'NONE', #1043, #272 ) ;
#356 = VECTOR ( 'NONE', #4538, 1000.000000000000000 ) ;
#357 = LINE ( 'NONE', #2907, #4513 ) ;
#358 = EDGE_CURVE ( 'NONE', #466, #2574, #4445, .T. ) ;
#359 = ORIENTED_EDGE ( 'NONE', *, *, #239, .F. ) ;
#360 = FACE_OUTER_BOUND ( 'NONE', #3677, .T. ) ;
#361 = AXIS2_PLACEMENT_3D ( 'NONE', #3962, #3209, #4661 ) ;
#362 = AXIS2_PLACEMENT_3D ( 'NONE', #3479, #3458, #1031 ) ;
#363 = FACE_OUTER_BOUND ( 'NONE', #4518, .T. ) ;
#364 = VECTOR ( 'NONE', #4678, 1000.000000000000000 ) ;
#365 = CARTESIAN_POINT ( 'NONE',  ( -0.5000000000000580647, 101.2999999999999829, 11.50000000000000000 ) ) ;
#366 = EDGE_CURVE ( 'NONE', #4311, #4656, #2318, .T. ) ;
#367 = DIRECTION ( 'NONE',  ( 0.000000000000000000, -0.000000000000000000, 1.000000000000000000 ) ) ;
#368 = ORIENTED_EDGE ( 'NONE', *, *, #561, .F. ) ;
#369 = CARTESIAN_POINT ( 'NONE',  ( -42.20878754246267306, 7.998619469647866076, 10.90000000000000391 ) ) ;
#370 = CARTESIAN_POINT ( 'NONE',  ( -43.79697404392472038, 1.999999999999994893, 11.50000000000000000 ) ) ;
#371 = EDGE_CURVE ( 'NONE', #3263, #2712, #2533, .T. ) ;
#372 = DIRECTION ( 'NONE',  ( -1.000000000000000000, 0.000000000000000000, 0.000000000000000000 ) ) ;
#373 = ORIENTED_EDGE ( 'NONE', *, *, #2040, .T. ) ;
#374 = PLANE ( 'NONE',  #4051 ) ;
#375 = LINE ( 'NONE', #1107, #963 ) ;
#376 = DIRECTION ( 'NONE',  ( -2.115516434118058079E-17, -1.000000000000000000, 0.000000000000000000 ) ) ;
#377 = FACE_OUTER_BOUND ( 'NONE', #19, .T. ) ;
#378 = ORIENTED_EDGE ( 'NONE', *, *, #101, .F. ) ;
#379 = ORIENTED_EDGE ( 'NONE', *, *, #1121, .T. ) ;
#380 = LINE ( 'NONE', #1016, #1174 ) ;
#381 = APPROVAL_PERSON_ORGANIZATION ( #562, #4072, #3500 ) ;
#382 = DIRECTION ( 'NONE',  ( -0.000000000000000000, 0.000000000000000000, 1.000000000000000000 ) ) ;
#383 = ORIENTED_EDGE ( 'NONE', *, *, #719, .T. ) ;
#384 = DIRECTION ( 'NONE',  ( 1.000000000000000000, 0.000000000000000000, 0.000000000000000000 ) ) ;
#385 = FACE_OUTER_BOUND ( 'NONE', #13, .T. ) ;
#386 = EDGE_CURVE ( 'NONE', #1339, #4414, #1964, .T. ) ;
#387 = CARTESIAN_POINT ( 'NONE',  ( -36.87509904392471327, 7.923076923076918021, 11.50000000000000000 ) ) ;
#388 = FACE_OUTER_BOUND ( 'NONE', #1304, .T. ) ;
#389 = ORIENTED_EDGE ( 'NONE', *, *, #266, .F. ) ;
#390 = ORIENTED_EDGE ( 'NONE', *, *, #1975, .F. ) ;
#391 = CARTESIAN_POINT ( 'NONE',  ( -37.80000000000001847, 7.599999999999912603, 7.299999999999998934 ) ) ;
#392 = ADVANCED_FACE ( 'NONE', ( #836 ), #3395, .F. ) ;
#393 = CARTESIAN_POINT ( 'NONE',  ( -176.3000000000000114, 9.499999999999978684, 11.50000000000000000 ) ) ;
#394 = ORIENTED_EDGE ( 'NONE', *, *, #2494, .F. ) ;
#395 = DIRECTION ( 'NONE',  ( -0.7071067811865475727, 0.000000000000000000, 0.7071067811865475727 ) ) ;
#396 = EDGE_CURVE ( 'NONE', #3247, #190, #4490, .T. ) ;
#397 = LINE ( 'NONE', #1036, #3519 ) ;
#398 = DIRECTION ( 'NONE',  ( -1.000000000000000000, 0.000000000000000000, 0.000000000000000000 ) ) ;
#399 = FACE_OUTER_BOUND ( 'NONE', #1762, .T. ) ;
#400 = ORIENTED_EDGE ( 'NONE', *, *, #3537, .T. ) ;
#401 = ORIENTED_EDGE ( 'NONE', *, *, #1358, .T. ) ;
#402 = FACE_OUTER_BOUND ( 'NONE', #1954, .T. ) ;
#403 = DIRECTION ( 'NONE',  ( -0.7071067811865479058, -3.161999785731636585E-16, 0.7071067811865472397 ) ) ;
#404 = ORIENTED_EDGE ( 'NONE', *, *, #3210, .F. ) ;
#405 = LINE ( 'NONE', #4101, #1258 ) ;
#406 = CARTESIAN_POINT ( 'NONE',  ( -39.41235865930932647, 4.227163461538455458, 10.90000000000000036 ) ) ;
#407 = CARTESIAN_POINT ( 'NONE',  ( 0.000000000000000000, 0.000000000000000000, 7.000000000000000000 ) ) ;
#408 = EDGE_CURVE ( 'NONE', #4011, #601, #74, .T. ) ;
#409 = LINE ( 'NONE', #4331, #4037 ) ;
#410 = ORIENTED_EDGE ( 'NONE', *, *, #1886, .F. ) ;
#411 = FACE_OUTER_BOUND ( 'NONE', #303, .T. ) ;
#412 = CYLINDRICAL_SURFACE ( 'NONE', #3961, 1.700000000000006173 ) ;
#413 = ADVANCED_FACE ( 'NONE', ( #4379 ), #2973, .T. ) ;
#414 = CARTESIAN_POINT ( 'NONE',  ( -41.26449972118764009, 6.420323004037208570, 11.50000000000000178 ) ) ;
#415 = VERTEX_POINT ( 'NONE', #2274 ) ;
#416 = AXIS2_PLACEMENT_3D ( 'NONE', #4214, #3421, #4182 ) ;
#417 = CARTESIAN_POINT ( 'NONE',  ( -28.35000000000002629, 9.999999999999994671, 7.000000000000000000 ) ) ;
#418 = B_SPLINE_CURVE_WITH_KNOTS ( 'NONE', 3,
 ( #1641, #3077, #3295, #3801, #4527, #1839, #64, #631, #3524, #2803, #3546, #2021, #2090, #3148, #3191, #610, #4286, #3901, #246, #3171, #4239, #4548, #1385, #1309, #4599, #1686, #1005 ),
 .UNSPECIFIED., .F., .F.,
 ( 4, 1, 1, 1, 1, 1, 1, 1, 1, 1, 1, 1, 1, 1, 1, 1, 1, 1, 1, 1, 1, 1, 1, 1, 4 ),
 ( 0.000000000000000000, 0.06982616849899446476, 0.1345678064441841737, 0.1946546787308970350, 0.2497272936950495903, 0.3002886274677145084, 0.3460321053681098546, 0.3874375487314905553, 0.4243158513751301708, 0.4590730889188450181, 0.4932448260598499834, 0.5271141003553342363, 0.5610385684762988490, 0.5952220357179325294, 0.6298753074370248006, 0.6649863903354743533, 0.7012857943233479219, 0.7379678957382058702, 0.7742617770842663560, 0.8108508622066069593, 0.8472697177897883236, 0.8845086264750888772, 0.9223102820010338210, 0.9605040759056857613, 1.000000000000000000 ),
 .UNSPECIFIED. ) ;
#419 = VECTOR ( 'NONE', #3325, 1000.000000000000000 ) ;
#420 = DIRECTION ( 'NONE',  ( -0.7071067811865486830, 0.000000000000000000, -0.7071067811865464625 ) ) ;
#421 = CARTESIAN_POINT ( 'NONE',  ( -176.5500000000000114, 0.4999999999999604205, 11.25000000000000000 ) ) ;
#422 = EDGE_CURVE ( 'NONE', #4219, #531, #3654, .T. ) ;
#423 = DIRECTION ( 'NONE',  ( -1.000000000000000000, 0.000000000000000000, 0.000000000000000000 ) ) ;
#424 = ORIENTED_EDGE ( 'NONE', *, *, #2899, .T. ) ;
#425 = EDGE_LOOP ( 'NONE', ( #571, #962, #3187 ) ) ;
#426 = VECTOR ( 'NONE', #3442, 999.9999999999998863 ) ;
#427 = CARTESIAN_POINT ( 'NONE',  ( -169.0000000000000000, -3.851745570696757619E-14, 0.5000000000000004441 ) ) ;
#428 = VECTOR ( 'NONE', #3286, 1000.000000000000000 ) ;
#429 = CARTESIAN_POINT ( 'NONE',  ( -5.374357006740319231E-14, 93.49999999999998579, 6.250000000000000000 ) ) ;
#430 = ORIENTED_EDGE ( 'NONE', *, *, #422, .T. ) ;
#431 = DIRECTION ( 'NONE',  ( 0.000000000000000000, 0.000000000000000000, 1.000000000000000000 ) ) ;
#432 = DIRECTION ( 'NONE',  ( 0.000000000000000000, 0.000000000000000000, 1.000000000000000000 ) ) ;
#433 = AXIS2_PLACEMENT_3D ( 'NONE', #4628, #2431, #2051 ) ;
#434 = CIRCLE ( 'NONE', #2547, 4.199999999999999289 ) ;
#435 = DIRECTION ( 'NONE',  ( 0.000000000000000000, 1.000000000000000000, 0.000000000000000000 ) ) ;
#436 = VECTOR ( 'NONE', #2858, 1000.000000000000000 ) ;
#437 = VECTOR ( 'NONE', #1294, 1000.000000000000000 ) ;
#438 = DIRECTION ( 'NONE',  ( -0.000000000000000000, -0.000000000000000000, 1.000000000000000000 ) ) ;
#439 = ORIENTED_EDGE ( 'NONE', *, *, #2625, .F. ) ;
#440 = DIRECTION ( 'NONE',  ( 0.7071067811865479058, 0.000000000000000000, 0.7071067811865470176 ) ) ;
#441 = CARTESIAN_POINT ( 'NONE',  ( -2.150000000000003908, 101.7999999999999829, 7.000000000000000000 ) ) ;
#442 = VECTOR ( 'NONE', #335, 999.9999999999998863 ) ;
#443 = FACE_OUTER_BOUND ( 'NONE', #4180, .T. ) ;
#444 = VECTOR ( 'NONE', #3713, 1000.000000000000000 ) ;
#445 = VERTEX_POINT ( 'NONE', #4466 ) ;
#446 = CARTESIAN_POINT ( 'NONE',  ( 0.000000000000000000, 0.000000000000000000, 9.000000000000001776 ) ) ;
#447 = ADVANCED_FACE ( 'NONE', ( #4415 ), #2295, .F. ) ;
#448 = DIRECTION ( 'NONE',  ( 0.000000000000000000, 0.000000000000000000, -1.000000000000000000 ) ) ;
#449 = CARTESIAN_POINT ( 'NONE',  ( -42.02013005645454058, 6.989377694663172491, 10.90000000000000391 ) ) ;
#450 = CARTESIAN_POINT ( 'NONE',  ( -169.9000000000000057, 7.849999999999976552, 9.000000000000001776 ) ) ;
#451 = ORIENTED_EDGE ( 'NONE', *, *, #2962, .F. ) ;
#452 = CARTESIAN_POINT ( 'NONE',  ( -5.374357006740319231E-14, 93.49999999999998579, 0.5000000000000004441 ) ) ;
#453 = EDGE_CURVE ( 'NONE', #3167, #762, #1208, .T. ) ;
#454 = PLANE ( 'NONE',  #822 ) ;
#455 = ORIENTED_EDGE ( 'NONE', *, *, #1373, .F. ) ;
#456 = PLANE ( 'NONE',  #4033 ) ;
#457 = EDGE_CURVE ( 'NONE', #3254, #3155, #788, .T. ) ;
#458 = CARTESIAN_POINT ( 'NONE',  ( -40.39170608809464369, 5.346418700010806546, 10.90000000000000036 ) ) ;
#459 = EDGE_LOOP ( 'NONE', ( #2734, #3163, #2324, #3923, #3383, #326 ) ) ;
#460 = DIRECTION ( 'NONE',  ( 0.000000000000000000, -0.000000000000000000, -1.000000000000000000 ) ) ;
#461 = VERTEX_POINT ( 'NONE', #2228 ) ;
#462 = CARTESIAN_POINT ( 'NONE',  ( -40.16805563400401269, 6.833631612418437307, 10.90000000000000036 ) ) ;
#463 = DIRECTION ( 'NONE',  ( 0.000000000000000000, -1.000000000000000000, 0.000000000000000000 ) ) ;
#464 = CARTESIAN_POINT ( 'NONE',  ( -41.91515087756312141, 6.982528756330794728, 10.90000000000000036 ) ) ;
#465 = ORIENTED_EDGE ( 'NONE', *, *, #1780, .T. ) ;
#466 = VERTEX_POINT ( 'NONE', #499 ) ;
#467 = FACE_BOUND ( 'NONE', #985, .T. ) ;
#468 = CARTESIAN_POINT ( 'NONE',  ( -41.91515087756312141, 6.982528756330794728, 10.90000000000000036 ) ) ;
#469 = CARTESIAN_POINT ( 'NONE',  ( -43.47041767215583974, 4.538163589022227384, 10.90000000000000036 ) ) ;
#470 = ORIENTED_EDGE ( 'NONE', *, *, #2878, .F. ) ;
#471 = EDGE_CURVE ( 'NONE', #1196, #129, #3657, .T. ) ;
#472 = DIRECTION ( 'NONE',  ( -1.000000000000000000, -2.306434473471112695E-16, 0.000000000000000000 ) ) ;
#473 = CARTESIAN_POINT ( 'NONE',  ( -41.60947404392472038, 4.687499999999995559, 10.90000000000000036 ) ) ;
#474 = CARTESIAN_POINT ( 'NONE',  ( -40.48025196391812131, 5.234059794183349545, 11.50000000000000178 ) ) ;
#475 = ORIENTED_EDGE ( 'NONE', *, *, #1205, .T. ) ;
#476 = EDGE_CURVE ( 'NONE', #2672, #1751, #2673, .T. ) ;
#477 = DIRECTION ( 'NONE',  ( 0.000000000000000000, -1.000000000000000000, 0.000000000000000000 ) ) ;
#478 = B_SPLINE_CURVE_WITH_KNOTS ( 'NONE', 3,
 ( #3765, #3390, #207, #2227, #4534, #2717, #3656, #1978, #3035, #4480, #1495, #4150, #2935, #159, #73, #1244, #3409, #1649, #920 ),
 .UNSPECIFIED., .F., .F.,
 ( 4, 1, 1, 1, 1, 1, 1, 1, 1, 1, 1, 1, 1, 1, 1, 1, 4 ),
 ( 0.000000000000000000, 0.09159048609353184767, 0.1748650680095214238, 0.2498291386197520059, 0.3161601287445531816, 0.3740999210226527705, 0.4237697149570359700, 0.4648394052542228483, 0.4980745876098449099, 0.5541607459856843221, 0.6073875402327884032, 0.6580157587679736908, 0.7068185003504509067, 0.7608855792435086363, 0.8276472363467611837, 0.9071004225686321032, 1.000000000000000000 ),
 .UNSPECIFIED. ) ;
#479 = CARTESIAN_POINT ( 'NONE',  ( -40.58058473624794260, 5.129783766728841954, 10.89999999999999858 ) ) ;
#480 = ORIENTED_EDGE ( 'NONE', *, *, #1059, .T. ) ;
#481 = EDGE_CURVE ( 'NONE', #1846, #969, #1559, .T. ) ;
#482 = DIRECTION ( 'NONE',  ( 1.000000000000000000, 0.000000000000000000, 0.000000000000000000 ) ) ;
#483 = ORIENTED_EDGE ( 'NONE', *, *, #769, .F. ) ;
#484 = CARTESIAN_POINT ( 'NONE',  ( -40.20436099755492165, 6.948948478057865863, 10.90000000000000213 ) ) ;
#485 = CARTESIAN_POINT ( 'NONE',  ( -5.832498915511625888E-14, 101.2999999999999829, 6.250000000000000000 ) ) ;
#486 = LINE ( 'NONE', #821, #3283 ) ;
#487 = ORIENTED_EDGE ( 'NONE', *, *, #3427, .T. ) ;
#488 = VERTEX_POINT ( 'NONE', #855 ) ;
#489 = VECTOR ( 'NONE', #2465, 1000.000000000000000 ) ;
#490 = DIRECTION ( 'NONE',  ( -0.000000000000000000, -0.000000000000000000, 1.000000000000000000 ) ) ;
#491 = DIRECTION ( 'NONE',  ( -1.000000000000000000, 0.000000000000000000, 0.000000000000000000 ) ) ;
#492 = ORIENTED_EDGE ( 'NONE', *, *, #2001, .F. ) ;
#493 = CARTESIAN_POINT ( 'NONE',  ( -29.80000000000003268, 6.599999999999913491, 7.299999999999998934 ) ) ;
#494 = EDGE_CURVE ( 'NONE', #1277, #3877, #949, .T. ) ;
#495 = DIRECTION ( 'NONE',  ( 1.000000000000000000, 0.000000000000000000, 0.000000000000000000 ) ) ;
#496 = DIRECTION ( 'NONE',  ( -0.7071067811865475727, -0.000000000000000000, -0.7071067811865475727 ) ) ;
#497 = VECTOR ( 'NONE', #1916, 1000.000000000000000 ) ;
#498 = ORIENTED_EDGE ( 'NONE', *, *, #1719, .F. ) ;
#499 = CARTESIAN_POINT ( 'NONE',  ( -26.70000000000000284, 4.999999999999996447, 0.4999999999999466538 ) ) ;
#500 = VECTOR ( 'NONE', #1809, 1000.000000000000000 ) ;
#501 = VECTOR ( 'NONE', #3275, 1000.000000000000114 ) ;
#502 = ADVANCED_FACE ( 'NONE', ( #1605 ), #997, .F. ) ;
#503 = CARTESIAN_POINT ( 'NONE',  ( -41.43599568429416991, 4.572603650689663901, 11.49999999999999645 ) ) ;
#504 = ORIENTED_EDGE ( 'NONE', *, *, #2816, .T. ) ;
#505 = LINE ( 'NONE', #1232, #4416 ) ;
#506 = VECTOR ( 'NONE', #1959, 1000.000000000000000 ) ;
#507 = AXIS2_PLACEMENT_3D ( 'NONE', #3521, #3799, #580 ) ;
#508 = CARTESIAN_POINT ( 'NONE',  ( -5.403725077815402335E-14, 93.99999999999998579, 0.5000000000000004441 ) ) ;
#509 = DIRECTION ( 'NONE',  ( 5.873614215016744198E-16, -1.000000000000000000, 0.000000000000000000 ) ) ;
#510 = EDGE_CURVE ( 'NONE', #2096, #854, #1100, .T. ) ;
#511 = ADVANCED_FACE ( 'NONE', ( #602 ), #4177, .T. ) ;
#512 = VECTOR ( 'NONE', #1548, 1000.000000000000000 ) ;
#513 = VECTOR ( 'NONE', #2261, 1000.000000000000000 ) ;
#514 = CARTESIAN_POINT ( 'NONE',  ( -9.500000000000000000, 101.7999999999999829, 6.250000000000000000 ) ) ;
#515 = ORIENTED_EDGE ( 'NONE', *, *, #2758, .F. ) ;
#516 = ORIENTED_EDGE ( 'NONE', *, *, #2460, .T. ) ;
#517 = VECTOR ( 'NONE', #4038, 1000.000000000000000 ) ;
#518 = ADVANCED_FACE ( 'NONE', ( #4231 ), #4134, .F. ) ;
#519 = AXIS2_PLACEMENT_3D ( 'NONE', #2455, #2361, #3884 ) ;
#520 = DIRECTION ( 'NONE',  ( 0.000000000000000000, -1.000000000000000000, 0.000000000000000000 ) ) ;
#521 = ORIENTED_EDGE ( 'NONE', *, *, #4161, .F. ) ;
#522 = CARTESIAN_POINT ( 'NONE',  ( -41.75799430613712815, 6.953392504926580564, 11.50000000000000178 ) ) ;
#523 = DIRECTION ( 'NONE',  ( -7.812960085010824835E-17, 0.7071067811865475727, 0.7071067811865475727 ) ) ;
#524 = LINE ( 'NONE', #4485, #2026 ) ;
#525 = CARTESIAN_POINT ( 'NONE',  ( -41.45393052777566822, 5.770939225410215201, 10.90000000000000036 ) ) ;
#526 = ORIENTED_EDGE ( 'NONE', *, *, #1591, .T. ) ;
#527 = DIRECTION ( 'NONE',  ( -0.000000000000000000, 0.000000000000000000, 1.000000000000000000 ) ) ;
#528 = CARTESIAN_POINT ( 'NONE',  ( -41.13452942973061255, 4.315908792357554091, 11.49999999999999467 ) ) ;
#529 = ORIENTED_EDGE ( 'NONE', *, *, #3904, .F. ) ;
#530 = DIRECTION ( 'NONE',  ( 1.000000000000000000, 2.306434473471112695E-16, 0.000000000000000000 ) ) ;
#531 = VERTEX_POINT ( 'NONE', #2008 ) ;
#532 = EDGE_CURVE ( 'NONE', #3022, #4602, #1278, .T. ) ;
#533 = PLANE ( 'NONE',  #2972 ) ;
#534 = CARTESIAN_POINT ( 'NONE',  ( -40.30230938840300325, 7.167912549411119549, 10.90000000000000213 ) ) ;
#535 = DIRECTION ( 'NONE',  ( 0.7071067811865474617, -0.7071067811865474617, 0.000000000000000000 ) ) ;
#536 = ORIENTED_EDGE ( 'NONE', *, *, #1256, .T. ) ;
#537 = ADVANCED_FACE ( 'NONE', ( #4156 ), #164, .F. ) ;
#538 = EDGE_LOOP ( 'NONE', ( #2865, #1987, #4042, #4254 ) ) ;
#539 = CALENDAR_DATE ( 2023, 8, 6 ) ;
#540 = DIRECTION ( 'NONE',  ( -0.000000000000000000, -0.000000000000000000, 1.000000000000000000 ) ) ;
#541 = ORIENTED_EDGE ( 'NONE', *, *, #4237, .F. ) ;
#542 = EDGE_CURVE ( 'NONE', #3748, #3079, #573, .T. ) ;
#543 = CARTESIAN_POINT ( 'NONE',  ( -41.89913750546318028, 6.980769230769226397, 11.50000000000000000 ) ) ;
#544 = FACE_OUTER_BOUND ( 'NONE', #1156, .T. ) ;
#545 = MANIFOLD_SOLID_BREP ( 'Enlèv. mat.-Extru.5', #3800 ) ;
#546 = CARTESIAN_POINT ( 'NONE',  ( -168.5000000000000000, -3.840213398329402751E-14, 6.250000000000000000 ) ) ;
#547 = LINE ( 'NONE', #1178, #1563 ) ;
#548 = CARTESIAN_POINT ( 'NONE',  ( -41.10066192803653706, 4.814586686335741383, 11.49999999999999822 ) ) ;
#549 = VERTEX_POINT ( 'NONE', #3844 ) ;
#550 = FACE_OUTER_BOUND ( 'NONE', #3642, .T. ) ;
#551 = CARTESIAN_POINT ( 'NONE',  ( -40.69314410251130454, 5.035736538498418291, 11.50000000000000000 ) ) ;
#552 = ORIENTED_EDGE ( 'NONE', *, *, #1802, .F. ) ;
#553 = PLANE ( 'NONE',  #1710 ) ;
#554 = ORIENTED_EDGE ( 'NONE', *, *, #4462, .F. ) ;
#555 = LINE ( 'NONE', #2801, #1165 ) ;
#556 = CARTESIAN_POINT ( 'NONE',  ( -35.10466635161701987, 3.230769230769225508, 11.50000000000000000 ) ) ;
#557 = EDGE_CURVE ( 'NONE', #3155, #1910, #1252, .T. ) ;
#558 = DIRECTION ( 'NONE',  ( -0.000000000000000000, 0.000000000000000000, 1.000000000000000000 ) ) ;
#559 = ORIENTED_EDGE ( 'NONE', *, *, #2124, .T. ) ;
#560 = EDGE_LOOP ( 'NONE', ( #4188, #4050 ) ) ;
#561 = EDGE_CURVE ( 'NONE', #4250, #2449, #3467, .T. ) ;
#562 = PERSON_AND_ORGANIZATION ( #581, #4303 ) ;
#563 = CARTESIAN_POINT ( 'NONE',  ( -9.500000000000001776, 2.009740612412155390E-16, 5.750000000000000000 ) ) ;
#564 = VERTEX_POINT ( 'NONE', #1657 ) ;
#565 = LINE ( 'NONE', #1138, #50 ) ;
#566 = CARTESIAN_POINT ( 'NONE',  ( -10.00000000000000000, 101.2999999999999829, 11.00000000000000000 ) ) ;
#567 = EDGE_CURVE ( 'NONE', #190, #3247, #2538, .T. ) ;
#568 = DIRECTION ( 'NONE',  ( 1.000000000000000000, 0.000000000000000000, 0.000000000000000000 ) ) ;
#569 = CARTESIAN_POINT ( 'NONE',  ( -44.95082019777087368, 1.999999999999994893, 10.90000000000000036 ) ) ;
#570 = CARTESIAN_POINT ( 'NONE',  ( -41.53634677295072208, 5.702017692471817334, 10.90000000000000568 ) ) ;
#571 = ORIENTED_EDGE ( 'NONE', *, *, #542, .F. ) ;
#572 = VECTOR ( 'NONE', #1569, 1000.000000000000000 ) ;
#573 = LINE ( 'NONE', #4561, #1249 ) ;
#574 = CARTESIAN_POINT ( 'NONE',  ( -41.10066192803653706, 4.814586686335741383, 11.49999999999999822 ) ) ;
#575 = EDGE_LOOP ( 'NONE', ( #4447, #2356, #1124, #1811, #1998, #1102 ) ) ;
#576 = DIRECTION ( 'NONE',  ( -1.000000000000000000, 0.000000000000000000, 0.000000000000000000 ) ) ;
#577 = EDGE_LOOP ( 'NONE', ( #1127, #865, #1900, #4137 ) ) ;
#578 = DIRECTION ( 'NONE',  ( -1.000000000000000000, 0.000000000000000000, 0.000000000000000000 ) ) ;
#579 = AXIS2_PLACEMENT_3D ( 'NONE', #514, #3010, #1971 ) ;
#580 = DIRECTION ( 'NONE',  ( 1.000000000000000000, 0.000000000000000000, 0.000000000000000000 ) ) ;
#581 = PERSON ( 'UNSPECIFIED', 'UNSPECIFIED', 'UNSPECIFIED', ('UNSPECIFIED'), ('UNSPECIFIED'), ('UNSPECIFIED') ) ;
#582 = DIRECTION ( 'NONE',  ( -0.7071067811865481278, 0.7071067811865470176, 2.775557561562891967E-17 ) ) ;
#583 = AXIS2_PLACEMENT_3D ( 'NONE', #1756, #1048, #2134 ) ;
#584 = VECTOR ( 'NONE', #2681, 1000.000000000000000 ) ;
#585 = CARTESIAN_POINT ( 'NONE',  ( -40.87677364339947417, 4.006309444138675957, 10.90000000000000213 ) ) ;
#586 = ORIENTED_EDGE ( 'NONE', *, *, #3692, .T. ) ;
#587 = ORIENTED_EDGE ( 'NONE', *, *, #4603, .F. ) ;
#588 = EDGE_CURVE ( 'NONE', #531, #4219, #3131, .T. ) ;
#589 = VECTOR ( 'NONE', #3603, 1000.000000000000000 ) ;
#590 = CIRCLE ( 'NONE', #3738, 1.700000000000007061 ) ;
#591 = CARTESIAN_POINT ( 'NONE',  ( -42.21124005970704474, 6.995177412529286265, 11.49999999999999822 ) ) ;
#592 = FACE_OUTER_BOUND ( 'NONE', #4419, .T. ) ;
#593 = ORIENTED_EDGE ( 'NONE', *, *, #2422, .T. ) ;
#594 = DIRECTION ( 'NONE',  ( 0.000000000000000000, 0.000000000000000000, -1.000000000000000000 ) ) ;
#595 = CARTESIAN_POINT ( 'NONE',  ( -9.500000000000000000, 93.99999999999998579, 0.5000000000000004441 ) ) ;
#596 = EDGE_CURVE ( 'NONE', #4063, #3072, #2770, .T. ) ;
#597 = AXIS2_PLACEMENT_3D ( 'NONE', #1727, #3064, #2412 ) ;
#598 = CARTESIAN_POINT ( 'NONE',  ( -42.81620481315548687, 6.999999999999994671, 10.90000000000000036 ) ) ;
#599 = DIRECTION ( 'NONE',  ( 5.873614215016744198E-16, -1.000000000000000000, 0.000000000000000000 ) ) ;
#600 = CARTESIAN_POINT ( 'NONE',  ( -37.02774327469393967, 4.230769230769225508, 10.90000000000000036 ) ) ;
#601 = VERTEX_POINT ( 'NONE', #3487 ) ;
#602 = FACE_OUTER_BOUND ( 'NONE', #809, .T. ) ;
#603 = EDGE_CURVE ( 'NONE', #952, #2594, #3730, .T. ) ;
#604 = CARTESIAN_POINT ( 'NONE',  ( -41.54881479000979994, 4.697909696161336690, 11.49999999999999822 ) ) ;
#605 = EDGE_LOOP ( 'NONE', ( #4049, #2940, #2841, #2915 ) ) ;
#606 = CARTESIAN_POINT ( 'NONE',  ( -39.64312789007856708, 1.999999999999994893, 10.90000000000000036 ) ) ;
#607 = CARTESIAN_POINT ( 'NONE',  ( -41.53634677295072208, 5.702017692471817334, 11.49999999999998934 ) ) ;
#608 = EDGE_CURVE ( 'NONE', #415, #2414, #2746, .T. ) ;
#609 = DIRECTION ( 'NONE',  ( 1.000000000000000000, 0.000000000000000000, 0.000000000000000000 ) ) ;
#610 = CARTESIAN_POINT ( 'NONE',  ( -40.50102454292777310, 7.460933503521105514, 11.50000000000000355 ) ) ;
#611 = CARTESIAN_POINT ( 'NONE',  ( -41.60947404392472038, 4.687499999999995559, 10.90000000000000036 ) ) ;
#612 = ORIENTED_EDGE ( 'NONE', *, *, #4284, .T. ) ;
#613 = ORIENTED_EDGE ( 'NONE', *, *, #797, .F. ) ;
#614 = CARTESIAN_POINT ( 'NONE',  ( -42.47886712502527473, 6.998668417588999269, 11.50000000000000178 ) ) ;
#615 = CYLINDRICAL_SURFACE ( 'NONE', #2476, 1.700000000000000178 ) ;
#616 = ORIENTED_EDGE ( 'NONE', *, *, #764, .T. ) ;
#617 = CYLINDRICAL_SURFACE ( 'NONE', #3665, 4.199999999999999289 ) ;
#618 = FACE_OUTER_BOUND ( 'NONE', #3691, .T. ) ;
#619 = LINE ( 'NONE', #1697, #52 ) ;
#620 = LINE ( 'NONE', #4515, #4290 ) ;
#621 = EDGE_CURVE ( 'NONE', #1291, #2414, #4591, .T. ) ;
#622 = LINE ( 'NONE', #3913, #4121 ) ;
#623 = EDGE_LOOP ( 'NONE', ( #849, #4124, #1760, #586, #3385, #4099, #516, #2861 ) ) ;
#624 = DIRECTION ( 'NONE',  ( -1.000000000000000000, 0.000000000000000000, 0.000000000000000000 ) ) ;
#625 = DIRECTION ( 'NONE',  ( -1.000000000000000000, 0.000000000000000000, -0.000000000000000000 ) ) ;
#626 = ADVANCED_FACE ( 'NONE', ( #550 ), #1985, .T. ) ;
#627 = ORIENTED_EDGE ( 'NONE', *, *, #2625, .T. ) ;
#628 = DIRECTION ( 'NONE',  ( 0.000000000000000000, -0.000000000000000000, -1.000000000000000000 ) ) ;
#629 = CARTESIAN_POINT ( 'NONE',  ( -41.45393052777566822, 5.770939225410215201, 10.90000000000000036 ) ) ;
#630 = LINE ( 'NONE', #2017, #1561 ) ;
#631 = CARTESIAN_POINT ( 'NONE',  ( -41.30497887864891737, 7.912089430704495108, 11.49999999999999822 ) ) ;
#632 = EDGE_CURVE ( 'NONE', #3562, #881, #4345, .T. ) ;
#633 = CARTESIAN_POINT ( 'NONE',  ( -40.40258099841037875, 3.244484741960109275, 10.90000000000000036 ) ) ;
#634 = VERTEX_POINT ( 'NONE', #4657 ) ;
#635 = ORIENTED_EDGE ( 'NONE', *, *, #3698, .F. ) ;
#636 = APPLICATION_CONTEXT ( 'configuration controlled 3d designs of mechanical parts and assemblies' ) ;
#637 = DATE_AND_TIME ( #3762, #2943 ) ;
#638 = DIRECTION ( 'NONE',  ( 0.000000000000000000, 0.000000000000000000, -1.000000000000000000 ) ) ;
#639 = ORIENTED_EDGE ( 'NONE', *, *, #1886, .T. ) ;
#640 = CARTESIAN_POINT ( 'NONE',  ( -176.8000000000000114, 0.4999999999999601985, 6.250000000000000000 ) ) ;
#641 = DIRECTION ( 'NONE',  ( 0.000000000000000000, 0.000000000000000000, 1.000000000000000000 ) ) ;
#642 = FACE_OUTER_BOUND ( 'NONE', #915, .T. ) ;
#643 = DIRECTION ( 'NONE',  ( -0.000000000000000000, -0.000000000000000000, 1.000000000000000000 ) ) ;
#644 = CARTESIAN_POINT ( 'NONE',  ( -169.0000000000000000, 9.499999999999978684, 5.750000000000000000 ) ) ;
#645 = ORIENTED_EDGE ( 'NONE', *, *, #632, .F. ) ;
#646 = CARTESIAN_POINT ( 'NONE',  ( -12.00000000000001599, 9.999999999999996447, 11.00000000000000000 ) ) ;
#647 = CARTESIAN_POINT ( 'NONE',  ( -42.43279135161702698, 7.999999999999994671, 11.50000000000000000 ) ) ;
#648 = VERTEX_POINT ( 'NONE', #2110 ) ;
#649 = CARTESIAN_POINT ( 'NONE',  ( -40.48025196391812131, 5.234059794183349545, 10.90000000000000213 ) ) ;
#650 = CARTESIAN_POINT ( 'NONE',  ( -41.81157808374981499, 5.590179052084507383, 11.49999999999998224 ) ) ;
#651 = CARTESIAN_POINT ( 'NONE',  ( -37.02774327469393967, 1.999999999999994893, 10.90000000000000036 ) ) ;
#652 = EDGE_CURVE ( 'NONE', #1751, #1799, #1772, .T. ) ;
#653 = FACE_OUTER_BOUND ( 'NONE', #3880, .T. ) ;
#654 = DIRECTION ( 'NONE',  ( 0.7071067811865475727, 0.7071067811865475727, -0.000000000000000000 ) ) ;
#655 = ORIENTED_EDGE ( 'NONE', *, *, #2357, .F. ) ;
#656 = AXIS2_PLACEMENT_3D ( 'NONE', #4520, #2037, #1678 ) ;
#657 = ORIENTED_EDGE ( 'NONE', *, *, #4201, .F. ) ;
#658 = ADVANCED_FACE ( 'NONE', ( #693, #333, #1066 ), #4325, .T. ) ;
#659 = VECTOR ( 'NONE', #2939, 1000.000000000000000 ) ;
#660 = VECTOR ( 'NONE', #4411, 1000.000000000000000 ) ;
#661 = DIRECTION ( 'NONE',  ( -0.7071067811865475727, 0.000000000000000000, 0.7071067811865475727 ) ) ;
#662 = ORIENTED_EDGE ( 'NONE', *, *, #494, .T. ) ;
#663 = FACE_OUTER_BOUND ( 'NONE', #3426, .T. ) ;
#664 = AXIS2_PLACEMENT_3D ( 'NONE', #3491, #2750, #220 ) ;
#665 = AXIS2_PLACEMENT_3D ( 'NONE', #3626, #39, #1151 ) ;
#666 = CARTESIAN_POINT ( 'NONE',  ( -8.350000000000004974, 101.7999999999999829, 5.750000000000000000 ) ) ;
#667 = AXIS2_PLACEMENT_3D ( 'NONE', #1061, #3952, #730 ) ;
#668 = LINE ( 'NONE', #2484, #1801 ) ;
#669 = DIRECTION ( 'NONE',  ( 0.000000000000000000, 0.000000000000000000, 1.000000000000000000 ) ) ;
#670 = ORIENTED_EDGE ( 'NONE', *, *, #1659, .F. ) ;
#671 = LINE ( 'NONE', #3916, #3807 ) ;
#672 = VECTOR ( 'NONE', #435, 1000.000000000000000 ) ;
#673 = CARTESIAN_POINT ( 'NONE',  ( -42.65953399751381880, 5.538908052705451723, 11.50000000000000000 ) ) ;
#674 = AXIS2_PLACEMENT_3D ( 'NONE', #3088, #4537, #2384 ) ;
#675 = ORIENTED_EDGE ( 'NONE', *, *, #1982, .T. ) ;
#676 = CARTESIAN_POINT ( 'NONE',  ( -41.60947404392472038, 4.687499999999995559, 10.90000000000000036 ) ) ;
#677 = DIRECTION ( 'NONE',  ( -0.5773502691896255090, -0.5773502691896256200, -0.5773502691896262862 ) ) ;
#678 = DIRECTION ( 'NONE',  ( -0.000000000000000000, 0.000000000000000000, 1.000000000000000000 ) ) ;
#679 = EDGE_CURVE ( 'NONE', #1197, #136, #3535, .T. ) ;
#680 = CARTESIAN_POINT ( 'NONE',  ( -9.750000000000000000, 93.49999999999998579, 0.2500000000000002220 ) ) ;
#681 = VERTEX_POINT ( 'NONE', #1822 ) ;
#682 = ORIENTED_EDGE ( 'NONE', *, *, #2059, .F. ) ;
#683 = EDGE_CURVE ( 'NONE', #1047, #2522, #4251, .T. ) ;
#684 = DIRECTION ( 'NONE',  ( 0.7071067811865475727, -0.7071067811865475727, 0.000000000000000000 ) ) ;
#685 = ORIENTED_EDGE ( 'NONE', *, *, #3909, .F. ) ;
#686 = CARTESIAN_POINT ( 'NONE',  ( -176.3000000000000114, 9.999999999999978684, 11.50000000000000000 ) ) ;
#687 = DIRECTION ( 'NONE',  ( 0.7071067811865480168, 4.153272441512042921E-16, 0.7071067811865470176 ) ) ;
#688 = DIRECTION ( 'NONE',  ( -0.000000000000000000, -0.000000000000000000, 1.000000000000000000 ) ) ;
#689 = EDGE_CURVE ( 'NONE', #1112, #3486, #355, .T. ) ;
#690 = FACE_OUTER_BOUND ( 'NONE', #4430, .T. ) ;
#691 = EDGE_LOOP ( 'NONE', ( #1489, #4401, #3003, #2251 ) ) ;
#692 = ORIENTED_EDGE ( 'NONE', *, *, #1455, .T. ) ;
#693 = FACE_BOUND ( 'NONE', #153, .T. ) ;
#694 = DIRECTION ( 'NONE',  ( 0.5773502691896256200, -0.5773502691896256200, 0.5773502691896261751 ) ) ;
#695 = VERTEX_POINT ( 'NONE', #1732 ) ;
#696 = CARTESIAN_POINT ( 'NONE',  ( -41.25990614311965032, 4.761475585107854513, 10.90000000000000213 ) ) ;
#697 = DIRECTION ( 'NONE',  ( -1.521687259628779001E-16, 1.000000000000000000, 0.000000000000000000 ) ) ;
#698 = FACE_OUTER_BOUND ( 'NONE', #1904, .T. ) ;
#699 = FACE_OUTER_BOUND ( 'NONE', #4222, .T. ) ;
#700 = ORIENTED_EDGE ( 'NONE', *, *, #70, .T. ) ;
#701 = CARTESIAN_POINT ( 'NONE',  ( -40.75285232126903168, 7.686190733819787013, 10.90000000000000213 ) ) ;
#702 = EDGE_CURVE ( 'NONE', #711, #4550, #314, .T. ) ;
#703 = PERSON_AND_ORGANIZATION ( #581, #4303 ) ;
#704 = CARTESIAN_POINT ( 'NONE',  ( -41.51800566464575581, 6.839331259934207985, 10.90000000000000213 ) ) ;
#705 = ORIENTED_EDGE ( 'NONE', *, *, #2145, .T. ) ;
#706 = CARTESIAN_POINT ( 'NONE',  ( -2.150000000000004796, 94.89999999999997726, 9.000000000000001776 ) ) ;
#707 = EDGE_CURVE ( 'NONE', #3477, #1539, #3255, .T. ) ;
#708 = CARTESIAN_POINT ( 'NONE',  ( -43.53856058238625337, 4.538461538461532996, 10.90000000000000036 ) ) ;
#709 = FACE_OUTER_BOUND ( 'NONE', #4662, .T. ) ;
#710 = CARTESIAN_POINT ( 'NONE',  ( -42.60391994105118130, 4.310619244672401429, 10.90000000000000036 ) ) ;
#711 = VERTEX_POINT ( 'NONE', #2885 ) ;
#712 = EDGE_LOOP ( 'NONE', ( #705, #163, #3927, #3661, #188, #249 ) ) ;
#713 = CARTESIAN_POINT ( 'NONE',  ( -43.34399493454693442, 4.537610815686618615, 10.90000000000000036 ) ) ;
#714 = EDGE_CURVE ( 'NONE', #3418, #4096, #22, .T. ) ;
#715 = LINE ( 'NONE', #1, #3071 ) ;
#716 = ORIENTED_EDGE ( 'NONE', *, *, #1279, .F. ) ;
#717 = CARTESIAN_POINT ( 'NONE',  ( -23.30000000000000071, 4.999999999999996447, 0.4999999999999466538 ) ) ;
#718 = PLANE ( 'NONE',  #799 ) ;
#719 = EDGE_CURVE ( 'NONE', #791, #104, #1378, .T. ) ;
#720 = VECTOR ( 'NONE', #99, 1000.000000000000000 ) ;
#721 = FACE_OUTER_BOUND ( 'NONE', #1810, .T. ) ;
#722 = PLANE ( 'NONE',  #348 ) ;
#723 = ORIENTED_EDGE ( 'NONE', *, *, #2120, .T. ) ;
#724 = CARTESIAN_POINT ( 'NONE',  ( -30.20000000000000995, 8.799999999999911893, 7.299999999999998934 ) ) ;
#725 = CARTESIAN_POINT ( 'NONE',  ( -28.80000000000002913, 9.999999999999996447, 10.69999999999999929 ) ) ;
#726 = ORIENTED_EDGE ( 'NONE', *, *, #1982, .F. ) ;
#727 = DIRECTION ( 'NONE',  ( -0.000000000000000000, -0.7071067811865474617, -0.7071067811865474617 ) ) ;
#728 = AXIS2_PLACEMENT_3D ( 'NONE', #1572, #843, #3029 ) ;
#729 = AXIS2_PLACEMENT_3D ( 'NONE', #1273, #3391, #1673 ) ;
#730 = DIRECTION ( 'NONE',  ( 1.000000000000000000, 0.000000000000000000, 0.000000000000000000 ) ) ;
#731 = CARTESIAN_POINT ( 'NONE',  ( -35.87389712084779347, 7.923076923076918021, 11.50000000000000000 ) ) ;
#732 = CARTESIAN_POINT ( 'NONE',  ( -42.90199904195073799, 4.476120690612711783, 11.49999999999999467 ) ) ;
#733 = AXIS2_PLACEMENT_3D ( 'NONE', #3587, #3, #2491 ) ;
#734 = VECTOR ( 'NONE', #873, 1000.000000000000000 ) ;
#735 = ORIENTED_EDGE ( 'NONE', *, *, #1279, .T. ) ;
#736 = EDGE_CURVE ( 'NONE', #1161, #3963, #380, .T. ) ;
#737 = ORIENTED_EDGE ( 'NONE', *, *, #2422, .F. ) ;
#738 = CARTESIAN_POINT ( 'NONE',  ( -42.90199904195073799, 4.476120690612711783, 10.89999999999999858 ) ) ;
#739 = VECTOR ( 'NONE', #420, 1000.000000000000000 ) ;
#740 = CARTESIAN_POINT ( 'NONE',  ( 0.000000000000000000, 2.000000000000013767, 0.5000000000000004441 ) ) ;
#741 = ORIENTED_EDGE ( 'NONE', *, *, #2036, .F. ) ;
#742 = EDGE_CURVE ( 'NONE', #2877, #1846, #671, .T. ) ;
#743 = LINE ( 'NONE', #337, #4041 ) ;
#744 = VECTOR ( 'NONE', #2400, 1000.000000000000000 ) ;
#745 = VECTOR ( 'NONE', #3192, 1000.000000000000000 ) ;
#746 = CARTESIAN_POINT ( 'NONE',  ( -30.20000000000000995, 7.599999999999912603, 7.299999999999998934 ) ) ;
#747 = AXIS2_PLACEMENT_3D ( 'NONE', #2555, #688, #1084 ) ;
#748 = FACE_OUTER_BOUND ( 'NONE', #274, .T. ) ;
#749 = EDGE_CURVE ( 'NONE', #2806, #1714, #2130, .T. ) ;
#750 = CARTESIAN_POINT ( 'NONE',  ( -38.19999999999999574, 6.599999999999913491, 10.69999999999999929 ) ) ;
#751 = ORIENTED_EDGE ( 'NONE', *, *, #1950, .T. ) ;
#752 = ORIENTED_EDGE ( 'NONE', *, *, #652, .F. ) ;
#753 = DIRECTION ( 'NONE',  ( 0.000000000000000000, 0.000000000000000000, -1.000000000000000000 ) ) ;
#754 = PERSON_AND_ORGANIZATION ( #581, #4303 ) ;
#755 = DIRECTION ( 'NONE',  ( -0.7071067811865474617, -0.000000000000000000, -0.7071067811865474617 ) ) ;
#756 = ORIENTED_EDGE ( 'NONE', *, *, #1595, .F. ) ;
#757 = CARTESIAN_POINT ( 'NONE',  ( -168.5000000000000000, 9.999999999999978684, 0.5000000000000004441 ) ) ;
#758 = DIRECTION ( 'NONE',  ( -7.709882115452594129E-15, -1.000000000000000000, 0.000000000000000000 ) ) ;
#759 = DIRECTION ( 'NONE',  ( 0.000000000000000000, 0.000000000000000000, -1.000000000000000000 ) ) ;
#760 = CARTESIAN_POINT ( 'NONE',  ( -42.33249216587681474, 4.017198881680050349, 10.89999999999999858 ) ) ;
#761 = ORIENTED_EDGE ( 'NONE', *, *, #2329, .T. ) ;
#762 = VERTEX_POINT ( 'NONE', #3716 ) ;
#763 = CARTESIAN_POINT ( 'NONE',  ( -41.95906746385899311, 3.520441856725748941, 10.89999999999999680 ) ) ;
#764 = EDGE_CURVE ( 'NONE', #1030, #791, #1934, .T. ) ;
#765 = CARTESIAN_POINT ( 'NONE',  ( -35.87389712084779347, 1.999999999999994893, 10.90000000000000036 ) ) ;
#766 = ORIENTED_EDGE ( 'NONE', *, *, #2749, .T. ) ;
#767 = LINE ( 'NONE', #3084, #506 ) ;
#768 = CARTESIAN_POINT ( 'NONE',  ( -11.99999999999999822, 0.4999999999999987232, 0.000000000000000000 ) ) ;
#769 = EDGE_CURVE ( 'NONE', #1573, #96, #1490, .T. ) ;
#770 = LINE ( 'NONE', #3615, #2925 ) ;
#771 = CARTESIAN_POINT ( 'NONE',  ( -1.999999999999999556, 1.999999999999999556, 0.5000000000000004441 ) ) ;
#772 = EDGE_LOOP ( 'NONE', ( #61, #3376, #78, #4244, #840, #379 ) ) ;
#773 = CARTESIAN_POINT ( 'NONE',  ( -42.43279135161702698, 7.999999999999994671, 10.90000000000000036 ) ) ;
#774 = DIRECTION ( 'NONE',  ( -0.3713906763540854028, -0.9284766908852666312, 0.000000000000000000 ) ) ;
#775 = ADVANCED_FACE ( 'NONE', ( #3629, #402 ), #4030, .T. ) ;
#776 = LINE ( 'NONE', #3947, #1942 ) ;
#777 = EDGE_LOOP ( 'NONE', ( #4034, #1041, #2850, #4680 ) ) ;
#778 = DIRECTION ( 'NONE',  ( 0.5773502691896256200, 0.5773502691896262862, -0.5773502691896255090 ) ) ;
#779 = CARTESIAN_POINT ( 'NONE',  ( -38.20000000000000995, 4.799999999999941203, 7.299999999999998934 ) ) ;
#780 = CARTESIAN_POINT ( 'NONE',  ( -42.06708178790442076, 3.668406506700225389, 10.90000000000000213 ) ) ;
#781 = ORIENTED_EDGE ( 'NONE', *, *, #3405, .F. ) ;
#782 = ORIENTED_EDGE ( 'NONE', *, *, #1089, .F. ) ;
#783 = CARTESIAN_POINT ( 'NONE',  ( -39.64312789007856708, 1.999999999999994893, 11.50000000000000000 ) ) ;
#784 = CARTESIAN_POINT ( 'NONE',  ( -39.41235865930932647, 4.227163461538455458, 11.50000000000000000 ) ) ;
#785 = ORIENTED_EDGE ( 'NONE', *, *, #1653, .T. ) ;
#786 = CARTESIAN_POINT ( 'NONE',  ( -41.26055638506259982, 6.331100756943373931, 11.50000000000000178 ) ) ;
#787 = DESIGN_CONTEXT ( 'detailed design', #636, 'design' ) ;
#788 = LINE ( 'NONE', #4064, #497 ) ;
#789 = CARTESIAN_POINT ( 'NONE',  ( -35.28062484748659244, 0.7999999999999127809, 10.69999999999999929 ) ) ;
#790 = CARTESIAN_POINT ( 'NONE',  ( -8.350000000000004974, 101.7999999999999829, 5.750000000000000000 ) ) ;
#791 = VERTEX_POINT ( 'NONE', #2969 ) ;
#792 = EDGE_CURVE ( 'NONE', #3752, #8, #2668, .T. ) ;
#793 = CARTESIAN_POINT ( 'NONE',  ( -40.36140150762312118, 7.272176517413830865, 11.49999999999999112 ) ) ;
#794 = LINE ( 'NONE', #1991, #3662 ) ;
#795 = CARTESIAN_POINT ( 'NONE',  ( -176.3000000000000114, 9.749999999999980460, 6.000000000000001776 ) ) ;
#796 = EDGE_LOOP ( 'NONE', ( #4444, #1111 ) ) ;
#797 = EDGE_CURVE ( 'NONE', #2287, #82, #4102, .T. ) ;
#798 = DIRECTION ( 'NONE',  ( 1.000000000000000000, 0.000000000000000000, -0.000000000000000000 ) ) ;
#799 = AXIS2_PLACEMENT_3D ( 'NONE', #3721, #3749, #4036 ) ;
#800 = DIRECTION ( 'NONE',  ( 0.7071067811865474617, 0.7071067811865474617, -0.000000000000000000 ) ) ;
#801 = DIRECTION ( 'NONE',  ( -1.000000000000000000, 0.000000000000000000, -0.000000000000000000 ) ) ;
#802 = DIRECTION ( 'NONE',  ( -0.000000000000000000, 0.000000000000000000, -1.000000000000000000 ) ) ;
#803 = ORIENTED_EDGE ( 'NONE', *, *, #1358, .F. ) ;
#804 = EDGE_CURVE ( 'NONE', #4323, #4602, #1844, .T. ) ;
#805 = LINE ( 'NONE', #783, #1708 ) ;
#806 = VECTOR ( 'NONE', #3518, 1000.000000000000000 ) ;
#807 = VECTOR ( 'NONE', #4512, 1000.000000000000114 ) ;
#808 = LINE ( 'NONE', #3680, #130 ) ;
#809 = EDGE_LOOP ( 'NONE', ( #613, #68, #67, #657 ) ) ;
#810 = CARTESIAN_POINT ( 'NONE',  ( -5.000000000000004441, 97.99999999999998579, 7.000000000000000000 ) ) ;
#811 = VECTOR ( 'NONE', #3870, 1000.000000000000000 ) ;
#812 = AXIS2_PLACEMENT_3D ( 'NONE', #4631, #3885, #2413 ) ;
#813 = CARTESIAN_POINT ( 'NONE',  ( -40.64468222031550226, 3.656078165241866795, 10.90000000000000036 ) ) ;
#814 = VECTOR ( 'NONE', #800, 1000.000000000000114 ) ;
#815 = LINE ( 'NONE', #146, #1409 ) ;
#816 = VERTEX_POINT ( 'NONE', #1580 ) ;
#817 = DIRECTION ( 'NONE',  ( 0.7071067811865475727, 0.000000000000000000, 0.7071067811865475727 ) ) ;
#818 = PLANE ( 'NONE',  #1630 ) ;
#819 = VECTOR ( 'NONE', #3305, 1000.000000000000114 ) ;
#820 = EDGE_CURVE ( 'NONE', #1161, #488, #137, .T. ) ;
#821 = CARTESIAN_POINT ( 'NONE',  ( -43.79697404392472038, 5.538461538461533884, 10.90000000000000036 ) ) ;
#822 = AXIS2_PLACEMENT_3D ( 'NONE', #4061, #2670, #2997 ) ;
#823 = ORIENTED_EDGE ( 'NONE', *, *, #1461, .T. ) ;
#824 = VERTEX_POINT ( 'NONE', #3678 ) ;
#825 = EDGE_CURVE ( 'NONE', #4160, #816, #830, .T. ) ;
#826 = FACE_OUTER_BOUND ( 'NONE', #459, .T. ) ;
#827 = DIRECTION ( 'NONE',  ( -1.000000000000000000, 0.000000000000000000, 0.000000000000000000 ) ) ;
#828 = DIRECTION ( 'NONE',  ( 0.000000000000000000, 1.000000000000000000, 0.000000000000000000 ) ) ;
#829 = ORIENTED_EDGE ( 'NONE', *, *, #3411, .T. ) ;
#830 = LINE ( 'NONE', #42, #45 ) ;
#831 = ADVANCED_FACE ( 'NONE', ( #2930 ), #1203, .T. ) ;
#832 = LINE ( 'NONE', #161, #1424 ) ;
#833 = DIRECTION ( 'NONE',  ( -0.3713906763540881784, 0.9284766908852655209, -0.000000000000000000 ) ) ;
#834 = EDGE_LOOP ( 'NONE', ( #4317, #541, #103, #3284 ) ) ;
#835 = APPROVAL_PERSON_ORGANIZATION ( #895, #233, #2048 ) ;
#836 = FACE_OUTER_BOUND ( 'NONE', #560, .T. ) ;
#837 = CARTESIAN_POINT ( 'NONE',  ( -40.37029135161701987, 3.187499999999995115, 11.50000000000000000 ) ) ;
#838 = VERTEX_POINT ( 'NONE', #108 ) ;
#839 = CARTESIAN_POINT ( 'NONE',  ( -38.19999999999999574, 6.599999999999913491, 7.299999999999998934 ) ) ;
#840 = ORIENTED_EDGE ( 'NONE', *, *, #736, .T. ) ;
#841 = CARTESIAN_POINT ( 'NONE',  ( -10.00000000000000000, 101.2999999999999829, 11.00000000000000000 ) ) ;
#842 = CARTESIAN_POINT ( 'NONE',  ( -40.82834385358588491, 7.733864913983267364, 10.90000000000000036 ) ) ;
#843 = DIRECTION ( 'NONE',  ( -0.000000000000000000, -0.000000000000000000, -1.000000000000000000 ) ) ;
#844 = ORIENTED_EDGE ( 'NONE', *, *, #2145, .F. ) ;
#845 = ORIENTED_EDGE ( 'NONE', *, *, #1712, .F. ) ;
#846 = EDGE_CURVE ( 'NONE', #1080, #4266, #4374, .T. ) ;
#847 = CARTESIAN_POINT ( 'NONE',  ( -39.19999999999999574, 9.999999999999992895, 6.799999999999998934 ) ) ;
#848 = CARTESIAN_POINT ( 'NONE',  ( -39.41235865930932647, 3.230769230769225508, 10.90000000000000036 ) ) ;
#849 = ORIENTED_EDGE ( 'NONE', *, *, #1802, .T. ) ;
#850 = DIRECTION ( 'NONE',  ( -1.000000000000000000, 1.257045997084639653E-16, -0.000000000000000000 ) ) ;
#851 = EDGE_CURVE ( 'NONE', #3711, #2284, #89, .T. ) ;
#852 = CARTESIAN_POINT ( 'NONE',  ( -37.02774327469393967, 4.230769230769225508, 11.50000000000000000 ) ) ;
#853 = CARTESIAN_POINT ( 'NONE',  ( -41.54881479000979994, 4.697909696161336690, 11.49999999999999822 ) ) ;
#854 = VERTEX_POINT ( 'NONE', #4009 ) ;
#855 = CARTESIAN_POINT ( 'NONE',  ( -0.5000000000000541789, 93.99999999999998579, 0.5000000000000004441 ) ) ;
#856 = EDGE_CURVE ( 'NONE', #4007, #1648, #805, .T. ) ;
#857 = CARTESIAN_POINT ( 'NONE',  ( -40.80471295481552119, 3.902839363792479865, 11.50000000000000000 ) ) ;
#858 = VERTEX_POINT ( 'NONE', #2224 ) ;
#859 = DIRECTION ( 'NONE',  ( 0.000000000000000000, -1.000000000000000000, 0.000000000000000000 ) ) ;
#860 = VERTEX_POINT ( 'NONE', #1554 ) ;
#861 = LINE ( 'NONE', #3312, #4031 ) ;
#862 = PLANE ( 'NONE',  #2618 ) ;
#863 = CARTESIAN_POINT ( 'NONE',  ( -41.42442396561754236, 6.756974101814036793, 11.50000000000000533 ) ) ;
#864 = VERTEX_POINT ( 'NONE', #2289 ) ;
#865 = ORIENTED_EDGE ( 'NONE', *, *, #2237, .F. ) ;
#866 = CARTESIAN_POINT ( 'NONE',  ( -168.5000000000000000, -3.840213398329402751E-14, 11.50000000000000000 ) ) ;
#867 = CARTESIAN_POINT ( 'NONE',  ( -43.47041767215583974, 4.538163589022227384, 11.49999999999999645 ) ) ;
#868 = VERTEX_POINT ( 'NONE', #493 ) ;
#869 = CARTESIAN_POINT ( 'NONE',  ( -41.42442396561754236, 6.756974101814036793, 11.50000000000000355 ) ) ;
#870 = DIRECTION ( 'NONE',  ( 1.000000000000000000, 0.000000000000000000, 0.000000000000000000 ) ) ;
#871 = CARTESIAN_POINT ( 'NONE',  ( -6.700000000000011724, 97.99999999999998579, 7.000000000000000000 ) ) ;
#872 = EDGE_CURVE ( 'NONE', #1087, #1790, #3367, .T. ) ;
#873 = DIRECTION ( 'NONE',  ( -1.000000000000000000, 0.000000000000000000, 0.000000000000000000 ) ) ;
#874 = AXIS2_PLACEMENT_3D ( 'NONE', #4540, #1701, #1302 ) ;
#875 = VERTEX_POINT ( 'NONE', #3019 ) ;
#876 = DIRECTION ( 'NONE',  ( -1.000000000000000000, -5.873614215016744198E-16, 0.000000000000000000 ) ) ;
#877 = VECTOR ( 'NONE', #2278, 1000.000000000000000 ) ;
#878 = AXIS2_PLACEMENT_3D ( 'NONE', #1882, #641, #4385 ) ;
#879 = CARTESIAN_POINT ( 'NONE',  ( -40.87677364339947417, 4.006309444138675957, 11.50000000000000178 ) ) ;
#880 = EDGE_CURVE ( 'NONE', #4383, #1473, #4461, .T. ) ;
#881 = VERTEX_POINT ( 'NONE', #69 ) ;
#882 = LINE ( 'NONE', #3005, #195 ) ;
#883 = VECTOR ( 'NONE', #2084, 999.9999999999998863 ) ;
#884 = ORIENTED_EDGE ( 'NONE', *, *, #3951, .F. ) ;
#885 = AXIS2_PLACEMENT_3D ( 'NONE', #268, #222, #4238 ) ;
#886 = CARTESIAN_POINT ( 'NONE',  ( -40.42848018898967410, 7.369994143346014326, 10.89999999999999680 ) ) ;
#887 = DIRECTION ( 'NONE',  ( 0.000000000000000000, -0.000000000000000000, -1.000000000000000000 ) ) ;
#888 = VECTOR ( 'NONE', #3534, 1000.000000000000114 ) ;
#889 = EDGE_CURVE ( 'NONE', #4096, #3080, #1511, .T. ) ;
#890 = CARTESIAN_POINT ( 'NONE',  ( -44.95082019777087368, 7.999999999999994671, 10.90000000000000036 ) ) ;
#891 = ORIENTED_EDGE ( 'NONE', *, *, #3909, .T. ) ;
#892 = ORIENTED_EDGE ( 'NONE', *, *, #2697, .T. ) ;
#893 = AXIS2_PLACEMENT_3D ( 'NONE', #901, #4395, #3392 ) ;
#894 = AXIS2_PLACEMENT_3D ( 'NONE', #3362, #801, #2664 ) ;
#895 = PERSON_AND_ORGANIZATION ( #581, #4303 ) ;
#896 = CARTESIAN_POINT ( 'NONE',  ( -43.53856058238625337, 4.538461538461532996, 10.90000000000000036 ) ) ;
#897 = ORIENTED_EDGE ( 'NONE', *, *, #2838, .F. ) ;
#898 = DIRECTION ( 'NONE',  ( 0.000000000000000000, 1.000000000000000000, 0.000000000000000000 ) ) ;
#899 = FACE_OUTER_BOUND ( 'NONE', #141, .T. ) ;
#900 = CARTESIAN_POINT ( 'NONE',  ( -173.0000000000000284, 4.999999999999976907, 6.250000000000000000 ) ) ;
#901 = CARTESIAN_POINT ( 'NONE',  ( -2.150000000000003908, 101.7999999999999829, 9.000000000000001776 ) ) ;
#902 = CARTESIAN_POINT ( 'NONE',  ( -40.12681594618525338, 6.020361767034141387, 11.50000000000000000 ) ) ;
#903 = EDGE_LOOP ( 'NONE', ( #635, #515, #3311, #4595 ) ) ;
#904 = DIRECTION ( 'NONE',  ( 0.000000000000000000, 0.000000000000000000, 1.000000000000000000 ) ) ;
#905 = EDGE_CURVE ( 'NONE', #488, #1271, #2248, .T. ) ;
#906 = CARTESIAN_POINT ( 'NONE',  ( -41.55080973302126068, 4.648646075095651753, 11.50000000000000000 ) ) ;
#907 = ORIENTED_EDGE ( 'NONE', *, *, #3389, .F. ) ;
#908 = DIRECTION ( 'NONE',  ( 0.6507913734560001329, -0.7592566023652695950, 0.000000000000000000 ) ) ;
#909 = CARTESIAN_POINT ( 'NONE',  ( -43.53856058238625337, 4.538461538461532996, 10.90000000000000036 ) ) ;
#910 = CARTESIAN_POINT ( 'NONE',  ( -40.36140150762312118, 7.272176517413830865, 10.90000000000000213 ) ) ;
#911 = EDGE_CURVE ( 'NONE', #564, #40, #4349, .T. ) ;
#912 = DIRECTION ( 'NONE',  ( 0.000000000000000000, -1.000000000000000000, 0.000000000000000000 ) ) ;
#913 = CARTESIAN_POINT ( 'NONE',  ( -22.15000000000000213, 1.999999999999997335, 9.000000000000001776 ) ) ;
#914 = ORIENTED_EDGE ( 'NONE', *, *, #3249, .F. ) ;
#915 = EDGE_LOOP ( 'NONE', ( #1026, #2149, #1324, #4273 ) ) ;
#916 = EDGE_CURVE ( 'NONE', #4410, #1667, #2741, .T. ) ;
#917 = DIRECTION ( 'NONE',  ( 1.000000000000000000, 0.000000000000000000, 0.000000000000000000 ) ) ;
#918 = CARTESIAN_POINT ( 'NONE',  ( -7.200000000000011724, 97.99999999999998579, 5.750000000000000000 ) ) ;
#919 = EDGE_LOOP ( 'NONE', ( #3810, #3112, #1202, #4351 ) ) ;
#920 = CARTESIAN_POINT ( 'NONE',  ( -43.53856058238625337, 4.538461538461532996, 11.50000000000000000 ) ) ;
#921 = DIRECTION ( 'NONE',  ( -1.000000000000000000, 0.000000000000000000, -0.000000000000000000 ) ) ;
#922 = CARTESIAN_POINT ( 'NONE',  ( -37.02774327469393967, 3.230769230769225508, 10.90000000000000036 ) ) ;
#923 = CARTESIAN_POINT ( 'NONE',  ( -1.650000000000003908, 101.7999999999999829, 7.000000000000000000 ) ) ;
#924 = CARTESIAN_POINT ( 'NONE',  ( -41.89913750546318028, 6.980769230769226397, 11.50000000000000000 ) ) ;
#925 = ORIENTED_EDGE ( 'NONE', *, *, #3469, .T. ) ;
#926 = DIRECTION ( 'NONE',  ( 7.812960085010828533E-17, -0.7071067811865479058, 0.7071067811865472397 ) ) ;
#927 = DIRECTION ( 'NONE',  ( -0.000000000000000000, -0.000000000000000000, 1.000000000000000000 ) ) ;
#928 = ORIENTED_EDGE ( 'NONE', *, *, #1728, .T. ) ;
#929 = CARTESIAN_POINT ( 'NONE',  ( -2.150000000000003908, 101.2999999999999829, 9.000000000000001776 ) ) ;
#930 = ORIENTED_EDGE ( 'NONE', *, *, #4225, .F. ) ;
#931 = CARTESIAN_POINT ( 'NONE',  ( -41.26379320205258239, 6.163387195633307947, 10.89999999999999858 ) ) ;
#932 = CARTESIAN_POINT ( 'NONE',  ( -7.850000000000004974, 101.2999999999999829, 9.000000000000001776 ) ) ;
#933 = CARTESIAN_POINT ( 'NONE',  ( -3.299999999999998046, 97.99999999999998579, 6.249999999999999112 ) ) ;
#934 = EDGE_CURVE ( 'NONE', #4624, #3517, #178, .T. ) ;
#935 = DIRECTION ( 'NONE',  ( -0.000000000000000000, -0.000000000000000000, 1.000000000000000000 ) ) ;
#936 = ORIENTED_EDGE ( 'NONE', *, *, #2816, .F. ) ;
#937 = EDGE_LOOP ( 'NONE', ( #2179, #1058, #961, #3528 ) ) ;
#938 = EDGE_CURVE ( 'NONE', #3736, #3231, #1349, .T. ) ;
#939 = CARTESIAN_POINT ( 'NONE',  ( -32.71937515251344308, 0.7999999999999162226, 7.299999999999998934 ) ) ;
#940 = ORIENTED_EDGE ( 'NONE', *, *, #2131, .T. ) ;
#941 = CARTESIAN_POINT ( 'NONE',  ( -176.8000000000000114, 9.499999999999980460, 11.00000000000000000 ) ) ;
#942 = LINE ( 'NONE', #566, #2983 ) ;
#943 = CIRCLE ( 'NONE', #3199, 1.700000000000000178 ) ;
#944 = PLANE ( 'NONE',  #2622 ) ;
#945 = DIRECTION ( 'NONE',  ( -1.000000000000000000, 0.000000000000000000, 0.000000000000000000 ) ) ;
#946 = ADVANCED_FACE ( 'NONE', ( #899 ), #3744, .T. ) ;
#947 = CARTESIAN_POINT ( 'NONE',  ( -41.28542090276620513, 6.047780243113226817, 10.89999999999999858 ) ) ;
#948 = VERTEX_POINT ( 'NONE', #4481 ) ;
#949 = LINE ( 'NONE', #3792, #2461 ) ;
#950 = VECTOR ( 'NONE', #1398, 1000.000000000000000 ) ;
#951 = CARTESIAN_POINT ( 'NONE',  ( -173.0000000000000284, 4.999999999999976907, 10.49999999999999822 ) ) ;
#952 = VERTEX_POINT ( 'NONE', #1620 ) ;
#953 = CARTESIAN_POINT ( 'NONE',  ( -176.3000000000000114, 9.749999999999978684, 11.24999999999999822 ) ) ;
#954 = CARTESIAN_POINT ( 'NONE',  ( -41.90000716869234765, 5.576408740373473449, 10.90000000000000036 ) ) ;
#955 = VECTOR ( 'NONE', #3310, 1000.000000000000000 ) ;
#956 = CARTESIAN_POINT ( 'NONE',  ( -42.43279135161702698, 7.999999999999994671, 10.90000000000000036 ) ) ;
#957 = VECTOR ( 'NONE', #1319, 1000.000000000000000 ) ;
#958 = CARTESIAN_POINT ( 'NONE',  ( -44.95082019777087368, 7.999999999999994671, 11.50000000000000000 ) ) ;
#959 = AXIS2_PLACEMENT_3D ( 'NONE', #3410, #523, #208 ) ;
#960 = FACE_OUTER_BOUND ( 'NONE', #4234, .T. ) ;
#961 = ORIENTED_EDGE ( 'NONE', *, *, #1433, .F. ) ;
#962 = ORIENTED_EDGE ( 'NONE', *, *, #124, .T. ) ;
#963 = VECTOR ( 'NONE', #3911, 1000.000000000000000 ) ;
#964 = EDGE_CURVE ( 'NONE', #3204, #1087, #942, .T. ) ;
#965 = CARTESIAN_POINT ( 'NONE',  ( -42.81620481315548687, 6.999999999999994671, 11.50000000000000000 ) ) ;
#966 = DIRECTION ( 'NONE',  ( 1.000000000000000000, 0.000000000000000000, 0.000000000000000000 ) ) ;
#967 = VECTOR ( 'NONE', #3768, 1000.000000000000000 ) ;
#968 = AXIS2_PLACEMENT_3D ( 'NONE', #4478, #1241, #4098 ) ;
#969 = VERTEX_POINT ( 'NONE', #1960 ) ;
#970 = LINE ( 'NONE', #3129, #2167 ) ;
#971 = DIRECTION ( 'NONE',  ( -0.000000000000000000, 0.000000000000000000, 1.000000000000000000 ) ) ;
#972 = EDGE_CURVE ( 'NONE', #190, #2594, #4198, .T. ) ;
#973 = LINE ( 'NONE', #2053, #2475 ) ;
#974 = DIRECTION ( 'NONE',  ( 1.000000000000000000, 0.000000000000000000, 0.000000000000000000 ) ) ;
#975 = CARTESIAN_POINT ( 'NONE',  ( -12.00000000000000178, 11.99999999999999645, 0.000000000000000000 ) ) ;
#976 = ORIENTED_EDGE ( 'NONE', *, *, #1747, .F. ) ;
#977 = DIRECTION ( 'NONE',  ( -1.000000000000000000, -1.104919411450195664E-16, 0.000000000000000000 ) ) ;
#978 = CARTESIAN_POINT ( 'NONE',  ( -41.28542090276620513, 6.047780243113226817, 11.49999999999999822 ) ) ;
#979 = ORIENTED_EDGE ( 'NONE', *, *, #2216, .T. ) ;
#980 = PLANE ( 'NONE',  #2313 ) ;
#981 = FACE_OUTER_BOUND ( 'NONE', #3226, .T. ) ;
#982 = DIRECTION ( 'NONE',  ( 0.000000000000000000, 1.000000000000000000, 0.000000000000000000 ) ) ;
#983 = FACE_BOUND ( 'NONE', #2828, .T. ) ;
#984 = CARTESIAN_POINT ( 'NONE',  ( -37.02774327469393967, 4.230769230769225508, 10.90000000000000036 ) ) ;
#985 = EDGE_LOOP ( 'NONE', ( #3115, #986, #2218, #829 ) ) ;
#986 = ORIENTED_EDGE ( 'NONE', *, *, #1188, .T. ) ;
#987 = APPROVAL_DATE_TIME ( #4220, #233 ) ;
#988 = FACE_OUTER_BOUND ( 'NONE', #538, .T. ) ;
#989 = ORIENTED_EDGE ( 'NONE', *, *, #3401, .F. ) ;
#990 = DIRECTION ( 'NONE',  ( 0.7071067811865474617, -0.7071067811865474617, -0.000000000000000000 ) ) ;
#991 = CARTESIAN_POINT ( 'NONE',  ( -10.00000000000000178, 12.00000000000001066, 11.00000000000000000 ) ) ;
#992 = LINE ( 'NONE', #922, #3970 ) ;
#993 = CARTESIAN_POINT ( 'NONE',  ( -43.79697404392472038, 4.538461538461532996, 11.50000000000000000 ) ) ;
#994 = LINE ( 'NONE', #4559, #2772 ) ;
#995 = ORIENTED_EDGE ( 'NONE', *, *, #3245, .F. ) ;
#996 = ADVANCED_FACE ( 'NONE', ( #4556 ), #2718, .T. ) ;
#997 = PLANE ( 'NONE',  #1625 ) ;
#998 = LINE ( 'NONE', #4593, #1945 ) ;
#999 = ORIENTED_EDGE ( 'NONE', *, *, #1918, .T. ) ;
#1000 = ADVANCED_FACE ( 'NONE', ( #160 ), #1695, .T. ) ;
#1001 = ADVANCED_FACE ( 'NONE', ( #3036 ), #2762, .F. ) ;
#1002 = CARTESIAN_POINT ( 'NONE',  ( -35.10466635161701987, 3.230769230769225508, 10.90000000000000036 ) ) ;
#1003 = CARTESIAN_POINT ( 'NONE',  ( -9.500000000000000000, 101.7999999999999829, 6.250000000000000000 ) ) ;
#1004 = DIRECTION ( 'NONE',  ( -0.000000000000000000, 1.000000000000000000, -0.000000000000000000 ) ) ;
#1005 = CARTESIAN_POINT ( 'NONE',  ( -40.10466635161702698, 6.337740384615378808, 11.50000000000000000 ) ) ;
#1006 = CARTESIAN_POINT ( 'NONE',  ( -10.00000000000000000, 93.49999999999998579, 6.250000000000000000 ) ) ;
#1007 = EDGE_LOOP ( 'NONE', ( #3725, #4019, #56 ) ) ;
#1008 = VERTEX_POINT ( 'NONE', #1245 ) ;
#1009 = DIRECTION ( 'NONE',  ( -0.5773502691896258421, 0.5773502691896258421, -0.5773502691896258421 ) ) ;
#1010 = ORIENTED_EDGE ( 'NONE', *, *, #2531, .T. ) ;
#1011 = DIRECTION ( 'NONE',  ( 0.000000000000000000, -0.7071067811865474617, 0.7071067811865475727 ) ) ;
#1012 = CARTESIAN_POINT ( 'NONE',  ( -169.9000000000000057, 7.849999999999976552, 9.000000000000001776 ) ) ;
#1013 = LINE ( 'NONE', #3484, #2328 ) ;
#1014 = LINE ( 'NONE', #311, #1865 ) ;
#1015 = ORIENTED_EDGE ( 'NONE', *, *, #1194, .T. ) ;
#1016 = CARTESIAN_POINT ( 'NONE',  ( -5.374357006740319231E-14, 93.49999999999998579, 11.50000000000000000 ) ) ;
#1017 = EDGE_CURVE ( 'NONE', #860, #3681, #2693, .T. ) ;
#1018 = CARTESIAN_POINT ( 'NONE',  ( -42.00912528207362584, 5.564758412804429177, 11.50000000000000000 ) ) ;
#1019 = EDGE_LOOP ( 'NONE', ( #332, #430 ) ) ;
#1020 = CARTESIAN_POINT ( 'NONE',  ( -5.000000000000004441, 97.99999999999998579, 5.750000000000000000 ) ) ;
#1021 = DIRECTION ( 'NONE',  ( -1.257045997084642365E-16, -1.000000000000000000, 0.000000000000000000 ) ) ;
#1022 = EDGE_CURVE ( 'NONE', #2336, #4554, #2359, .T. ) ;
#1023 = CARTESIAN_POINT ( 'NONE',  ( -23.30000000000000071, 4.999999999999996447, 10.50000000000000000 ) ) ;
#1024 = DIRECTION ( 'NONE',  ( 1.000000000000000000, 2.306434473471112695E-16, 0.000000000000000000 ) ) ;
#1025 = EDGE_LOOP ( 'NONE', ( #4406, #3040 ) ) ;
#1026 = ORIENTED_EDGE ( 'NONE', *, *, #2195, .F. ) ;
#1027 = ADVANCED_FACE ( 'NONE', ( #544 ), #2000, .T. ) ;
#1028 = AXIS2_PLACEMENT_3D ( 'NONE', #1095, #2569, #1406 ) ;
#1029 = CIRCLE ( 'NONE', #878, 2.199999999999924238 ) ;
#1030 = VERTEX_POINT ( 'NONE', #3786 ) ;
#1031 = DIRECTION ( 'NONE',  ( 1.000000000000000000, 0.000000000000000000, -0.000000000000000000 ) ) ;
#1032 = ORIENTED_EDGE ( 'NONE', *, *, #1483, .T. ) ;
#1033 = CARTESIAN_POINT ( 'NONE',  ( -37.02774327469393967, 3.230769230769225508, 11.50000000000000000 ) ) ;
#1034 = VECTOR ( 'NONE', #431, 1000.000000000000000 ) ;
#1035 = VECTOR ( 'NONE', #1663, 1000.000000000000000 ) ;
#1036 = CARTESIAN_POINT ( 'NONE',  ( -38.19999999999999574, 6.599999999999913491, 10.69999999999999929 ) ) ;
#1037 = AXIS2_PLACEMENT_3D ( 'NONE', #900, #4173, #2719 ) ;
#1038 = VECTOR ( 'NONE', #3105, 1000.000000000000114 ) ;
#1039 = CARTESIAN_POINT ( 'NONE',  ( -22.15000000000000213, 1.999999999999997335, 7.000000000000000000 ) ) ;
#1040 = PLANE ( 'NONE',  #812 ) ;
#1041 = ORIENTED_EDGE ( 'NONE', *, *, #3724, .T. ) ;
#1042 = ORIENTED_EDGE ( 'NONE', *, *, #889, .F. ) ;
#1043 = CARTESIAN_POINT ( 'NONE',  ( -174.7000000000000171, 4.999999999999976907, 5.750000000000000000 ) ) ;
#1044 = CONICAL_SURFACE ( 'NONE', #3523, 1.700000000000006173, 0.7853981633974498333 ) ;
#1045 = FACE_OUTER_BOUND ( 'NONE', #2653, .T. ) ;
#1046 = AXIS2_PLACEMENT_3D ( 'NONE', #1150, #4408, #827 ) ;
#1047 = VERTEX_POINT ( 'NONE', #3435 ) ;
#1048 = DIRECTION ( 'NONE',  ( 0.5773502691896260641, 0.5773502691896260641, -0.5773502691896252870 ) ) ;
#1049 = ADVANCED_FACE ( 'NONE', ( #2381 ), #3085, .T. ) ;
#1050 = FACE_OUTER_BOUND ( 'NONE', #4002, .T. ) ;
#1051 = DIRECTION ( 'NONE',  ( 1.630895456553848133E-16, -0.7071067811865475727, -0.7071067811865475727 ) ) ;
#1052 = CARTESIAN_POINT ( 'NONE',  ( -21.64999999999997371, 9.999999999999994671, 9.500000000000028422 ) ) ;
#1053 = EDGE_LOOP ( 'NONE', ( #218, #4079, #4300, #4468, #4332, #4186 ) ) ;
#1054 = ADVANCED_FACE ( 'NONE', ( #618 ), #2052, .F. ) ;
#1055 = CARTESIAN_POINT ( 'NONE',  ( -40.94707581784197004, 7.798739619639598608, 11.49999999999998757 ) ) ;
#1056 = PERSON_AND_ORGANIZATION_ROLE ( 'creator' ) ;
#1057 = EDGE_LOOP ( 'NONE', ( #1613, #1390, #439, #312 ) ) ;
#1058 = ORIENTED_EDGE ( 'NONE', *, *, #206, .F. ) ;
#1059 = EDGE_CURVE ( 'NONE', #1714, #2574, #1029, .T. ) ;
#1060 = DIRECTION ( 'NONE',  ( -0.000000000000000000, -0.000000000000000000, 1.000000000000000000 ) ) ;
#1061 = CARTESIAN_POINT ( 'NONE',  ( -34.00000000000001421, 4.799999999999912781, 7.299999999999998934 ) ) ;
#1062 = CARTESIAN_POINT ( 'NONE',  ( -40.10466635161702698, 6.337740384615378808, 11.50000000000000000 ) ) ;
#1063 = DIRECTION ( 'NONE',  ( -7.812960085010828533E-17, 0.7071067811865479058, -0.7071067811865472397 ) ) ;
#1064 = VERTEX_POINT ( 'NONE', #991 ) ;
#1065 = ORIENTED_EDGE ( 'NONE', *, *, #1535, .T. ) ;
#1066 = FACE_BOUND ( 'NONE', #2472, .T. ) ;
#1067 = FACE_OUTER_BOUND ( 'NONE', #3456, .T. ) ;
#1068 = ORIENTED_EDGE ( 'NONE', *, *, #825, .T. ) ;
#1069 = DIRECTION ( 'NONE',  ( 0.000000000000000000, 0.7071067811865474617, 0.7071067811865475727 ) ) ;
#1070 = DIRECTION ( 'NONE',  ( 1.000000000000000000, 0.000000000000000000, 0.000000000000000000 ) ) ;
#1072 = EDGE_CURVE ( 'NONE', #1539, #4383, #4363, .T. ) ;
#1071 = DIRECTION ( 'NONE',  ( 0.000000000000000000, 0.000000000000000000, -1.000000000000000000 ) ) ;
#1073 = CARTESIAN_POINT ( 'NONE',  ( -37.02774327469393967, 4.230769230769225508, 10.90000000000000036 ) ) ;
#1074 = ORIENTED_EDGE ( 'NONE', *, *, #2264, .F. ) ;
#1075 = CARTESIAN_POINT ( 'NONE',  ( -41.79881056276875029, 7.978105654603521835, 11.49999999999998757 ) ) ;
#1076 = DIRECTION ( 'NONE',  ( -0.5310069659021967592, 0.8473674540382958309, 0.000000000000000000 ) ) ;
#1077 = EDGE_CURVE ( 'NONE', #1578, #3404, #2591, .T. ) ;
#1078 = PERSON_AND_ORGANIZATION_ROLE ( 'classification_officer' ) ;
#1079 = CARTESIAN_POINT ( 'NONE',  ( -26.70000000000000284, 4.999999999999996447, 10.50000000000000000 ) ) ;
#1080 = VERTEX_POINT ( 'NONE', #2235 ) ;
#1081 = PLANE ( 'NONE',  #3589 ) ;
#1082 = EDGE_CURVE ( 'NONE', #4554, #864, #284, .T. ) ;
#1083 = CARTESIAN_POINT ( 'NONE',  ( -174.7000000000000171, 4.999999999999976907, 7.000000000000000000 ) ) ;
#1084 = DIRECTION ( 'NONE',  ( 1.000000000000000000, 0.000000000000000000, 0.000000000000000000 ) ) ;
#1085 = PLANE ( 'NONE',  #2314 ) ;
#1086 = ORIENTED_EDGE ( 'NONE', *, *, #905, .T. ) ;
#1087 = VERTEX_POINT ( 'NONE', #3664 ) ;
#1088 = CARTESIAN_POINT ( 'NONE',  ( -42.06708178790442076, 3.668406506700225389, 10.90000000000000213 ) ) ;
#1089 = EDGE_CURVE ( 'NONE', #2165, #1197, #3999, .T. ) ;
#1090 = DIRECTION ( 'NONE',  ( 0.000000000000000000, 0.000000000000000000, -1.000000000000000000 ) ) ;
#1091 = EDGE_LOOP ( 'NONE', ( #248, #2726, #166, #2929 ) ) ;
#1092 = DIRECTION ( 'NONE',  ( 0.000000000000000000, -1.000000000000000000, 0.000000000000000000 ) ) ;
#1093 = DIRECTION ( 'NONE',  ( 0.5659711471271425820, 0.8244250485153796770, 0.000000000000000000 ) ) ;
#1094 = FACE_OUTER_BOUND ( 'NONE', #3826, .T. ) ;
#1095 = CARTESIAN_POINT ( 'NONE',  ( -173.0000000000000284, 4.999999999999976907, 6.250000000000000000 ) ) ;
#1096 = ORIENTED_EDGE ( 'NONE', *, *, #4025, .F. ) ;
#1097 = DIRECTION ( 'NONE',  ( 1.630895456553847147E-16, -0.7071067811865471286, 0.7071067811865479058 ) ) ;
#1098 = DIRECTION ( 'NONE',  ( -0.9284766908852666312, 0.3713906763540854028, 0.000000000000000000 ) ) ;
#1099 = AXIS2_PLACEMENT_3D ( 'NONE', #1516, #527, #142 ) ;
#1100 = CIRCLE ( 'NONE', #193, 1.700000000000008393 ) ;
#1101 = CARTESIAN_POINT ( 'NONE',  ( -22.15000000000000213, 9.999999999999996447, 9.000000000000001776 ) ) ;
#1102 = ORIENTED_EDGE ( 'NONE', *, *, #2506, .T. ) ;
#1103 = CARTESIAN_POINT ( 'NONE',  ( -3.299999999999998046, 97.99999999999998579, 5.750000000000000000 ) ) ;
#1104 = ADVANCED_FACE ( 'NONE', ( #4334 ), #412, .F. ) ;
#1105 = AXIS2_PLACEMENT_3D ( 'NONE', #771, #2517, #2137 ) ;
#1106 = VECTOR ( 'NONE', #2215, 1000.000000000000000 ) ;
#1107 = CARTESIAN_POINT ( 'NONE',  ( -35.87389712084779347, 3.230769230769225508, 10.90000000000000036 ) ) ;
#1108 = CARTESIAN_POINT ( 'NONE',  ( -168.5000000000000000, 9.999999999999978684, 11.50000000000000000 ) ) ;
#1109 = DIRECTION ( 'NONE',  ( 1.000000000000000000, 0.000000000000000000, -0.000000000000000000 ) ) ;
#1110 = AXIS2_PLACEMENT_3D ( 'NONE', #1988, #4138, #576 ) ;
#1111 = ORIENTED_EDGE ( 'NONE', *, *, #396, .T. ) ;
#1112 = VERTEX_POINT ( 'NONE', #2572 ) ;
#1113 = CARTESIAN_POINT ( 'NONE',  ( -42.79712380666626359, 4.434270017814045062, 10.89999999999999858 ) ) ;
#1114 = ADVANCED_FACE ( 'NONE', ( #3244 ), #1145, .F. ) ;
#1115 = AXIS2_PLACEMENT_3D ( 'NONE', #4622, #2424, #4568 ) ;
#1116 = CARTESIAN_POINT ( 'NONE',  ( -176.8000000000000114, 1.649999999999977041, 5.750000000000000000 ) ) ;
#1117 = ORIENTED_EDGE ( 'NONE', *, *, #3266, .F. ) ;
#1118 = CARTESIAN_POINT ( 'NONE',  ( -40.15507211347620142, 5.871088396926343655, 10.90000000000000391 ) ) ;
#1119 = AXIS2_PLACEMENT_3D ( 'NONE', #2773, #4252, #4211 ) ;
#1120 = PLANE ( 'NONE',  #3949 ) ;
#1121 = EDGE_CURVE ( 'NONE', #3963, #1196, #1724, .T. ) ;
#1122 = DIRECTION ( 'NONE',  ( -0.000000000000000000, 0.000000000000000000, 1.000000000000000000 ) ) ;
#1123 = CARTESIAN_POINT ( 'NONE',  ( -5.832498915511625888E-14, 101.2999999999999829, 11.50000000000000000 ) ) ;
#1124 = ORIENTED_EDGE ( 'NONE', *, *, #2537, .T. ) ;
#1125 = LINE ( 'NONE', #1854, #3059 ) ;
#1126 = DIRECTION ( 'NONE',  ( 0.000000000000000000, -1.000000000000000000, 0.000000000000000000 ) ) ;
#1127 = ORIENTED_EDGE ( 'NONE', *, *, #1379, .T. ) ;
#1128 = CARTESIAN_POINT ( 'NONE',  ( -0.5000000000000005551, 2.000000000000013323, 11.50000000000000000 ) ) ;
#1129 = PLANE ( 'NONE',  #3144 ) ;
#1130 = LINE ( 'NONE', #3251, #3373 ) ;
#1131 = CARTESIAN_POINT ( 'NONE',  ( -41.88424259280579776, 3.416317106060871023, 11.49999999999999467 ) ) ;
#1132 = ORIENTED_EDGE ( 'NONE', *, *, #1229, .T. ) ;
#1133 = EDGE_LOOP ( 'NONE', ( #3052, #2656, #1212, #1635 ) ) ;
#1134 = DIRECTION ( 'NONE',  ( -0.6363636363636042681, -0.5454545454545639549, 0.5454545454545645100 ) ) ;
#1135 = DIRECTION ( 'NONE',  ( -0.7071067811865474617, -0.7071067811865474617, 0.000000000000000000 ) ) ;
#1136 = EDGE_CURVE ( 'NONE', #3342, #3846, #31, .T. ) ;
#1137 = ORIENTED_EDGE ( 'NONE', *, *, #4232, .T. ) ;
#1138 = CARTESIAN_POINT ( 'NONE',  ( -6.700000000000010836, 97.99999999999998579, 5.750000000000000000 ) ) ;
#1139 = DIRECTION ( 'NONE',  ( 0.000000000000000000, 1.000000000000000000, 0.000000000000000000 ) ) ;
#1140 = DIRECTION ( 'NONE',  ( -0.7071067811865475727, 1.495896016276463190E-17, 0.7071067811865475727 ) ) ;
#1141 = ADVANCED_FACE ( 'NONE', ( #3157 ), #1523, .T. ) ;
#1142 = DIRECTION ( 'NONE',  ( 0.000000000000000000, 0.000000000000000000, -1.000000000000000000 ) ) ;
#1143 = ORIENTED_EDGE ( 'NONE', *, *, #1568, .F. ) ;
#1144 = VERTEX_POINT ( 'NONE', #370 ) ;
#1145 = PLANE ( 'NONE',  #2543 ) ;
#1146 = EDGE_CURVE ( 'NONE', #2333, #1919, #3945, .T. ) ;
#1147 = FACE_OUTER_BOUND ( 'NONE', #1388, .T. ) ;
#1148 = ORIENTED_EDGE ( 'NONE', *, *, #1394, .F. ) ;
#1149 = DIRECTION ( 'NONE',  ( 0.7071067811865475727, -1.495896016276463190E-17, 0.7071067811865475727 ) ) ;
#1150 = CARTESIAN_POINT ( 'NONE',  ( -12.00000000000000178, 11.99999999999999645, 11.50000000000000000 ) ) ;
#1151 = DIRECTION ( 'NONE',  ( 2.115516434118058079E-17, 1.000000000000000000, 0.000000000000000000 ) ) ;
#1152 = VERTEX_POINT ( 'NONE', #4224 ) ;
#1153 = ORIENTED_EDGE ( 'NONE', *, *, #1022, .T. ) ;
#1154 = DIRECTION ( 'NONE',  ( -0.7071067811865474617, 0.7071067811865474617, -0.000000000000000000 ) ) ;
#1155 = CARTESIAN_POINT ( 'NONE',  ( -37.02774327469393967, 1.999999999999994893, 10.90000000000000036 ) ) ;
#1156 = EDGE_LOOP ( 'NONE', ( #845, #1972, #3306, #2893 ) ) ;
#1157 = DIRECTION ( 'NONE',  ( -0.000000000000000000, -0.000000000000000000, 1.000000000000000000 ) ) ;
#1158 = ADVANCED_FACE ( 'NONE', ( #3597 ), #2918, .F. ) ;
#1159 = CARTESIAN_POINT ( 'NONE',  ( -5.000000000000004441, 97.99999999999998579, 6.249999999999999112 ) ) ;
#1160 = LINE ( 'NONE', #2606, #3438 ) ;
#1161 = VERTEX_POINT ( 'NONE', #57 ) ;
#1162 = DIRECTION ( 'NONE',  ( 1.000000000000000000, 0.000000000000000000, 0.000000000000000000 ) ) ;
#1163 = CARTESIAN_POINT ( 'NONE',  ( -41.61783178133675420, 7.962379770408407609, 10.90000000000000213 ) ) ;
#1164 = EDGE_CURVE ( 'NONE', #1291, #2971, #1812, .T. ) ;
#1165 = VECTOR ( 'NONE', #1990, 1000.000000000000114 ) ;
#1166 = CYLINDRICAL_SURFACE ( 'NONE', #728, 1.999999999999999556 ) ;
#1167 = ORIENTED_EDGE ( 'NONE', *, *, #2357, .T. ) ;
#1168 = ORIENTED_EDGE ( 'NONE', *, *, #4296, .T. ) ;
#1169 = EDGE_CURVE ( 'NONE', #1210, #3712, #2193, .T. ) ;
#1170 = CARTESIAN_POINT ( 'NONE',  ( -176.8000000000000114, 9.499999999999980460, 11.00000000000000000 ) ) ;
#1171 = CARTESIAN_POINT ( 'NONE',  ( -1.999999999999999556, 1.999999999999999556, 0.000000000000000000 ) ) ;
#1172 = ORIENTED_EDGE ( 'NONE', *, *, #702, .T. ) ;
#1173 = VECTOR ( 'NONE', #4382, 1000.000000000000000 ) ;
#1174 = VECTOR ( 'NONE', #2459, 1000.000000000000000 ) ;
#1175 = CARTESIAN_POINT ( 'NONE',  ( -39.41235865930932647, 3.230769230769225508, 10.90000000000000036 ) ) ;
#1176 = AXIS2_PLACEMENT_3D ( 'NONE', #686, #2761, #3910 ) ;
#1177 = VECTOR ( 'NONE', #3493, 1000.000000000000000 ) ;
#1178 = CARTESIAN_POINT ( 'NONE',  ( 0.000000000000000000, 2.000000000000014211, 0.5000000000000004441 ) ) ;
#1179 = CARTESIAN_POINT ( 'NONE',  ( -40.31502638020333507, 5.466959943854882376, 11.50000000000000000 ) ) ;
#1180 = ORIENTED_EDGE ( 'NONE', *, *, #2481, .T. ) ;
#1181 = CARTESIAN_POINT ( 'NONE',  ( -173.0000000000000284, 4.999999999999976907, 9.000000000000001776 ) ) ;
#1182 = VECTOR ( 'NONE', #1748, 1000.000000000000000 ) ;
#1183 = VECTOR ( 'NONE', #2370, 999.9999999999998863 ) ;
#1184 = CARTESIAN_POINT ( 'NONE',  ( -40.25073379566920551, 5.594488545286308678, 11.50000000000000000 ) ) ;
#1185 = VECTOR ( 'NONE', #2938, 1000.000000000000000 ) ;
#1186 = VECTOR ( 'NONE', #1834, 1000.000000000000114 ) ;
#1187 = EDGE_LOOP ( 'NONE', ( #1207, #2519, #4089, #2549 ) ) ;
#1188 = EDGE_CURVE ( 'NONE', #4632, #2287, #1125, .T. ) ;
#1189 = PLANE ( 'NONE',  #1481 ) ;
#1190 = ORIENTED_EDGE ( 'NONE', *, *, #2188, .T. ) ;
#1191 = FACE_OUTER_BOUND ( 'NONE', #1643, .T. ) ;
#1192 = PLANE ( 'NONE',  #2845 ) ;
#1193 = VECTOR ( 'NONE', #1818, 999.9999999999998863 ) ;
#1194 = EDGE_CURVE ( 'NONE', #1742, #875, #794, .T. ) ;
#1195 = CARTESIAN_POINT ( 'NONE',  ( -41.85069302547553605, 6.971372736616166854, 11.50000000000000178 ) ) ;
#1196 = VERTEX_POINT ( 'NONE', #485 ) ;
#1197 = VERTEX_POINT ( 'NONE', #3400 ) ;
#1198 = CARTESIAN_POINT ( 'NONE',  ( -12.00000000000001599, 9.999999999999996447, 11.50000000000000000 ) ) ;
#1199 = CARTESIAN_POINT ( 'NONE',  ( -176.8000000000000114, -3.859759734048395785E-14, 6.250000000000000000 ) ) ;
#1200 = EDGE_CURVE ( 'NONE', #1277, #4675, #2194, .T. ) ;
#1201 = LINE ( 'NONE', #2286, #53 ) ;
#1202 = ORIENTED_EDGE ( 'NONE', *, *, #3086, .F. ) ;
#1203 = PLANE ( 'NONE',  #2164 ) ;
#1204 = CARTESIAN_POINT ( 'NONE',  ( -1.999999999999999556, 1.999999999999999556, 11.50000000000000000 ) ) ;
#1205 = EDGE_CURVE ( 'NONE', #4624, #2, #2639, .T. ) ;
#1206 = CARTESIAN_POINT ( 'NONE',  ( 0.000000000000000000, 2.000000000000013767, 11.00000000000000000 ) ) ;
#1207 = ORIENTED_EDGE ( 'NONE', *, *, #2792, .F. ) ;
#1208 = LINE ( 'NONE', #3374, #1477 ) ;
#1209 = CARTESIAN_POINT ( 'NONE',  ( -40.40258099841037875, 3.244484741960109275, 11.50000000000000000 ) ) ;
#1210 = VERTEX_POINT ( 'NONE', #556 ) ;
#1211 = LINE ( 'NONE', #2657, #2767 ) ;
#1212 = ORIENTED_EDGE ( 'NONE', *, *, #1776, .T. ) ;
#1213 = CARTESIAN_POINT ( 'NONE',  ( -40.16805563400401269, 6.833631612418437307, 11.49999999999998934 ) ) ;
#1214 = DIRECTION ( 'NONE',  ( 0.000000000000000000, -1.000000000000000000, -3.264765817141942150E-13 ) ) ;
#1215 = CARTESIAN_POINT ( 'NONE',  ( -42.75570732434717769, 7.000137782496382854, 10.89999999999999858 ) ) ;
#1216 = ORIENTED_EDGE ( 'NONE', *, *, #3427, .F. ) ;
#1217 = ORIENTED_EDGE ( 'NONE', *, *, #4489, .F. ) ;
#1218 = ADVANCED_FACE ( 'NONE', ( #4044 ), #818, .T. ) ;
#1219 = CARTESIAN_POINT ( 'NONE',  ( -41.91515087756312141, 6.982528756330794728, 11.50000000000000000 ) ) ;
#1220 = CARTESIAN_POINT ( 'NONE',  ( -43.34399493454693442, 4.537610815686618615, 11.49999999999999645 ) ) ;
#1221 = ORIENTED_EDGE ( 'NONE', *, *, #2352, .T. ) ;
#1222 = CARTESIAN_POINT ( 'NONE',  ( -43.53856058238625337, 4.538461538461532996, 10.90000000000000036 ) ) ;
#1223 = DIRECTION ( 'NONE',  ( 0.000000000000000000, 0.000000000000000000, -1.000000000000000000 ) ) ;
#1224 = ADVANCED_FACE ( 'NONE', ( #2660 ), #3688, .F. ) ;
#1225 = LINE ( 'NONE', #1937, #3598 ) ;
#1226 = CARTESIAN_POINT ( 'NONE',  ( -41.90000716869234765, 5.576408740373473449, 10.90000000000000036 ) ) ;
#1227 = VERTEX_POINT ( 'NONE', #1570 ) ;
#1228 = DIRECTION ( 'NONE',  ( -0.7071067811865474617, 0.7071067811865474617, -0.000000000000000000 ) ) ;
#1229 = EDGE_CURVE ( 'NONE', #2712, #466, #2980, .T. ) ;
#1230 = CARTESIAN_POINT ( 'NONE',  ( -41.60947404392472748, 4.687499999999996447, 10.90000000000000213 ) ) ;
#1231 = ORIENTED_EDGE ( 'NONE', *, *, #1601, .T. ) ;
#1232 = CARTESIAN_POINT ( 'NONE',  ( -35.10466635161701987, 3.230769230769225508, 10.90000000000000036 ) ) ;
#1233 = EDGE_LOOP ( 'NONE', ( #4432, #1700, #1180, #2463 ) ) ;
#1234 = CARTESIAN_POINT ( 'NONE',  ( -40.24831470585107951, 7.060550699997794055, 10.89999999999999858 ) ) ;
#1235 = CARTESIAN_POINT ( 'NONE',  ( -41.30497887864891737, 7.912089430704495108, 10.89999999999999858 ) ) ;
#1236 = CARTESIAN_POINT ( 'NONE',  ( -42.64112119281824675, 7.000398751398806851, 10.89999999999999680 ) ) ;
#1237 = ORIENTED_EDGE ( 'NONE', *, *, #3320, .T. ) ;
#1238 = ORIENTED_EDGE ( 'NONE', *, *, #621, .T. ) ;
#1239 = AXIS2_PLACEMENT_3D ( 'NONE', #4450, #122, #267 ) ;
#1240 = CARTESIAN_POINT ( 'NONE',  ( -5.000000000000004441, 97.99999999999998579, 5.750000000000000000 ) ) ;
#1241 = DIRECTION ( 'NONE',  ( 0.000000000000000000, 0.000000000000000000, 1.000000000000000000 ) ) ;
#1242 = ORIENTED_EDGE ( 'NONE', *, *, #4394, .F. ) ;
#1243 = ADVANCED_FACE ( 'NONE', ( #100, #4114 ), #1192, .T. ) ;
#1244 = CARTESIAN_POINT ( 'NONE',  ( -43.16908790966348874, 4.523893809824398815, 11.49999999999999822 ) ) ;
#1245 = CARTESIAN_POINT ( 'NONE',  ( -40.37029135161701987, 3.187499999999995115, 10.90000000000000036 ) ) ;
#1246 = CARTESIAN_POINT ( 'NONE',  ( -37.02774327469393967, 6.228365384615379696, 10.90000000000000036 ) ) ;
#1247 = LINE ( 'NONE', #2271, #4285 ) ;
#1248 = LINE ( 'NONE', #3089, #121 ) ;
#1249 = VECTOR ( 'NONE', #2364, 1000.000000000000114 ) ;
#1250 = ORIENTED_EDGE ( 'NONE', *, *, #3405, .T. ) ;
#1251 = ADVANCED_FACE ( 'NONE', ( #4093 ), #862, .F. ) ;
#1252 = LINE ( 'NONE', #646, #4572 ) ;
#1253 = CONICAL_SURFACE ( 'NONE', #1028, 1.700000000000007061, 0.7853981633974419507 ) ;
#1254 = CARTESIAN_POINT ( 'NONE',  ( -40.10779149626291940, 6.176598839749073200, 10.89999999999999858 ) ) ;
#1255 = ORIENTED_EDGE ( 'NONE', *, *, #3633, .F. ) ;
#1256 = EDGE_CURVE ( 'NONE', #4096, #3696, #1262, .T. ) ;
#1257 = DIRECTION ( 'NONE',  ( -0.000000000000000000, 1.000000000000000000, -0.000000000000000000 ) ) ;
#1258 = VECTOR ( 'NONE', #3278, 1000.000000000000000 ) ;
#1259 = ORIENTED_EDGE ( 'NONE', *, *, #2749, .F. ) ;
#1260 = VECTOR ( 'NONE', #2948, 1000.000000000000114 ) ;
#1261 = CARTESIAN_POINT ( 'NONE',  ( -40.57897603587203150, 7.544237976279946523, 11.49999999999998579 ) ) ;
#1262 = LINE ( 'NONE', #2708, #584 ) ;
#1263 = VECTOR ( 'NONE', #2199, 1000.000000000000000 ) ;
#1264 = CARTESIAN_POINT ( 'NONE',  ( -40.64468222031550226, 3.656078165241866795, 10.90000000000000036 ) ) ;
#1265 = VERTEX_POINT ( 'NONE', #4141 ) ;
#1266 = EDGE_LOOP ( 'NONE', ( #3833, #1250, #1939 ) ) ;
#1267 = VECTOR ( 'NONE', #3370, 1000.000000000000000 ) ;
#1268 = VECTOR ( 'NONE', #2926, 1000.000000000000000 ) ;
#1269 = PERSON_AND_ORGANIZATION ( #581, #4303 ) ;
#1270 = DIRECTION ( 'NONE',  ( 0.000000000000000000, -1.000000000000000000, 0.000000000000000000 ) ) ;
#1271 = VERTEX_POINT ( 'NONE', #298 ) ;
#1272 = CARTESIAN_POINT ( 'NONE',  ( -176.8000000000000114, 9.999999999999980460, 11.00000000000000000 ) ) ;
#1273 = CARTESIAN_POINT ( 'NONE',  ( -43.79697404392472038, 6.999999999999994671, 10.90000000000000036 ) ) ;
#1274 = CARTESIAN_POINT ( 'NONE',  ( -41.25851250546318028, 6.284855769230763833, 10.90000000000000036 ) ) ;
#1275 = CARTESIAN_POINT ( 'NONE',  ( -176.3000000000000114, 9.499999999999978684, 5.750000000000000000 ) ) ;
#1276 = CARTESIAN_POINT ( 'NONE',  ( -42.47886712502527473, 6.998668417588999269, 11.50000000000000178 ) ) ;
#1277 = VERTEX_POINT ( 'NONE', #956 ) ;
#1278 = LINE ( 'NONE', #4488, #2236 ) ;
#1279 = EDGE_CURVE ( 'NONE', #3137, #3617, #4526, .T. ) ;
#1280 = CARTESIAN_POINT ( 'NONE',  ( -41.26030961974384326, 6.243517869094246109, 11.50000000000000000 ) ) ;
#1281 = LOCAL_TIME ( 9, 43, 22.00000000000000000, #3946 ) ;
#1282 = B_SPLINE_CURVE_WITH_KNOTS ( 'NONE', 3,
 ( #924, #1983, #3769, #4084, #2698, #3440, #2272, #1276, #212, #2316, #162 ),
 .UNSPECIFIED., .F., .F.,
 ( 4, 1, 1, 1, 1, 1, 1, 1, 4 ),
 ( 0.000000000000000000, 0.05265892874552966646, 0.1248127157246213259, 0.2192102179564827669, 0.3332050912219705618, 0.4694640205394735033, 0.6253523620739041000, 0.8021990883184628718, 1.000000000000000000 ),
 .UNSPECIFIED. ) ;
#1283 = VERTEX_POINT ( 'NONE', #1707 ) ;
#1284 = PLANE ( 'NONE',  #2546 ) ;
#1285 = ORIENTED_EDGE ( 'NONE', *, *, #4452, .F. ) ;
#1286 = LINE ( 'NONE', #4162, #1849 ) ;
#1287 = DIRECTION ( 'NONE',  ( 0.7071067811865475727, 0.7071067811865475727, 0.000000000000000000 ) ) ;
#1288 = EDGE_CURVE ( 'NONE', #3072, #2631, #2802, .T. ) ;
#1289 = DIRECTION ( 'NONE',  ( 0.000000000000000000, -1.000000000000000000, 0.000000000000000000 ) ) ;
#1290 = EDGE_LOOP ( 'NONE', ( #1259, #2578, #1137, #925 ) ) ;
#1291 = VERTEX_POINT ( 'NONE', #4183 ) ;
#1292 = ADVANCED_FACE ( 'NONE', ( #4163 ), #3452, .T. ) ;
#1293 = DIRECTION ( 'NONE',  ( 0.000000000000000000, 0.000000000000000000, 1.000000000000000000 ) ) ;
#1294 = DIRECTION ( 'NONE',  ( -0.000000000000000000, -0.000000000000000000, 1.000000000000000000 ) ) ;
#1295 = ORIENTED_EDGE ( 'NONE', *, *, #872, .F. ) ;
#1296 = LINE ( 'NONE', #2358, #3214 ) ;
#1297 = CARTESIAN_POINT ( 'NONE',  ( -39.41235865930932647, 3.230769230769225508, 10.90000000000000036 ) ) ;
#1298 = DIRECTION ( 'NONE',  ( 0.000000000000000000, 1.000000000000000000, 0.000000000000000000 ) ) ;
#1299 = LINE ( 'NONE', #2077, #60 ) ;
#1300 = DIRECTION ( 'NONE',  ( -0.3713906763540881784, 0.9284766908852655209, 0.000000000000000000 ) ) ;
#1301 = ORIENTED_EDGE ( 'NONE', *, *, #101, .T. ) ;
#1302 = DIRECTION ( 'NONE',  ( 1.000000000000000000, 0.000000000000000000, 0.000000000000000000 ) ) ;
#1303 = DIRECTION ( 'NONE',  ( 0.7071067811865475727, 0.7071067811865475727, 0.000000000000000000 ) ) ;
#1304 = EDGE_LOOP ( 'NONE', ( #3998, #3335, #2518, #2342 ) ) ;
#1305 = DIRECTION ( 'NONE',  ( 0.000000000000000000, 1.000000000000000000, 0.000000000000000000 ) ) ;
#1306 = ADVANCED_FACE ( 'NONE', ( #2730 ), #2088, .T. ) ;
#1307 = DIRECTION ( 'NONE',  ( 1.000000000000000000, 1.521687259628779001E-16, 0.000000000000000000 ) ) ;
#1308 = LINE ( 'NONE', #2752, #4277 ) ;
#1309 = CARTESIAN_POINT ( 'NONE',  ( -40.11892500775169879, 6.592303072287543309, 11.50000000000000178 ) ) ;
#1310 = CARTESIAN_POINT ( 'NONE',  ( -40.37029135161701987, 3.187499999999995115, 10.90000000000000036 ) ) ;
#1311 = VERTEX_POINT ( 'NONE', #3146 ) ;
#1312 = EDGE_CURVE ( 'NONE', #3532, #2239, #1363, .T. ) ;
#1313 = ORIENTED_EDGE ( 'NONE', *, *, #714, .T. ) ;
#1314 = APPLICATION_PROTOCOL_DEFINITION ( 'international standard', 'config_control_design', 1994, #2140 ) ;
#1315 = DIRECTION ( 'NONE',  ( -1.000000000000000000, 0.000000000000000000, -0.000000000000000000 ) ) ;
#1316 = ORIENTED_EDGE ( 'NONE', *, *, #1136, .T. ) ;
#1317 = ADVANCED_FACE ( 'NONE', ( #3097 ), #3170, .F. ) ;
#1318 = CARTESIAN_POINT ( 'NONE',  ( -40.64468222031550226, 3.656078165241866795, 11.50000000000000000 ) ) ;
#1319 = DIRECTION ( 'NONE',  ( -7.709882115452594129E-15, -1.000000000000000000, 0.000000000000000000 ) ) ;
#1320 = VECTOR ( 'NONE', #2369, 1000.000000000000000 ) ;
#1321 = FACE_OUTER_BOUND ( 'NONE', #1091, .T. ) ;
#1322 = FACE_OUTER_BOUND ( 'NONE', #1526, .T. ) ;
#1323 = LINE ( 'NONE', #2485, #356 ) ;
#1324 = ORIENTED_EDGE ( 'NONE', *, *, #4111, .T. ) ;
#1325 = AXIS2_PLACEMENT_3D ( 'NONE', #4283, #1427, #3920 ) ;
#1326 = CARTESIAN_POINT ( 'NONE',  ( -35.87389712084779347, 1.999999999999994893, 10.90000000000000036 ) ) ;
#1327 = PLANE ( 'NONE',  #2252 ) ;
#1328 = EDGE_LOOP ( 'NONE', ( #3905, #1065, #2374 ) ) ;
#1329 = FACE_OUTER_BOUND ( 'NONE', #3044, .T. ) ;
#1330 = CARTESIAN_POINT ( 'NONE',  ( -41.72325229106081679, 5.611588271097787128, 11.49999999999998224 ) ) ;
#1331 = CONICAL_SURFACE ( 'NONE', #1706, 2.199999999999924238, 0.7853981633974264076 ) ;
#1332 = DIRECTION ( 'NONE',  ( 0.7071067811865474617, -0.7071067811865474617, 0.000000000000000000 ) ) ;
#1333 = B_SPLINE_CURVE_WITH_KNOTS ( 'NONE', 3,
 ( #3196, #4646, #3551, #1763, #3570, #3926, #704, #345, #2501, #2142, #1410 ),
 .UNSPECIFIED., .F., .F.,
 ( 4, 1, 1, 1, 1, 1, 1, 1, 4 ),
 ( 0.000000000000000000, 0.1328722450794614929, 0.2563555721123005893, 0.3727875326200766892, 0.4886711986942797181, 0.6070021845128357185, 0.7288902972539073044, 0.8583176913027857902, 1.000000000000000000 ),
 .UNSPECIFIED. ) ;
#1335 = DIRECTION ( 'NONE',  ( -2.514091994169279306E-16, 1.000000000000000000, 0.000000000000000000 ) ) ;
#1334 = CC_DESIGN_PERSON_AND_ORGANIZATION_ASSIGNMENT ( #2428, #3857, ( #2260 ) ) ;
#1336 = VECTOR ( 'NONE', #3074, 1000.000000000000000 ) ;
#1337 = CIRCLE ( 'NONE', #3968, 1.700000000000000178 ) ;
#1338 = CARTESIAN_POINT ( 'NONE',  ( -168.5000000000000000, -3.840213398329402751E-14, 11.50000000000000000 ) ) ;
#1339 = VERTEX_POINT ( 'NONE', #932 ) ;
#1340 = ORIENTED_EDGE ( 'NONE', *, *, #1679, .T. ) ;
#1341 = AXIS2_PLACEMENT_3D ( 'NONE', #2483, #1438, #2200 ) ;
#1342 = AXIS2_PLACEMENT_3D ( 'NONE', #1389, #3175, #4606 ) ;
#1343 = EDGE_CURVE ( 'NONE', #4194, #1339, #2043, .T. ) ;
#1344 = LINE ( 'NONE', #229, #3445 ) ;
#1345 = AXIS2_PLACEMENT_3D ( 'NONE', #3120, #678, #4641 ) ;
#1346 = VECTOR ( 'NONE', #1142, 1000.000000000000000 ) ;
#1347 = ORIENTED_EDGE ( 'NONE', *, *, #2216, .F. ) ;
#1348 = DIRECTION ( 'NONE',  ( -0.000000000000000000, -0.000000000000000000, 1.000000000000000000 ) ) ;
#1349 = LINE ( 'NONE', #4535, #2768 ) ;
#1350 = VECTOR ( 'NONE', #4558, 1000.000000000000000 ) ;
#1351 = EDGE_CURVE ( 'NONE', #601, #1210, #3119, .T. ) ;
#1352 = LINE ( 'NONE', #4129, #203 ) ;
#1353 = EDGE_CURVE ( 'NONE', #2971, #415, #3076, .T. ) ;
#1354 = CARTESIAN_POINT ( 'NONE',  ( -1.650000000000003908, 101.7999999999999829, 9.000000000000001776 ) ) ;
#1355 = PLANE ( 'NONE',  #2470 ) ;
#1356 = ORIENTED_EDGE ( 'NONE', *, *, #2615, .T. ) ;
#1357 = DIRECTION ( 'NONE',  ( 0.5773502691896256200, 0.5773502691896255090, 0.5773502691896260641 ) ) ;
#1358 = EDGE_CURVE ( 'NONE', #2458, #1910, #283, .T. ) ;
#1359 = CARTESIAN_POINT ( 'NONE',  ( -35.10466635161701987, 4.230769230769225508, 10.90000000000000036 ) ) ;
#1360 = VERTEX_POINT ( 'NONE', #1684 ) ;
#1361 = CARTESIAN_POINT ( 'NONE',  ( -43.79697404392472038, 5.538461538461533884, 10.90000000000000036 ) ) ;
#1362 = LINE ( 'NONE', #2086, #1320 ) ;
#1363 = LINE ( 'NONE', #1737, #1035 ) ;
#1364 = PRODUCT_DEFINITION_FORMATION_WITH_SPECIFIED_SOURCE ( 'ANY', '', #3304, .NOT_KNOWN. ) ;
#1365 = DIRECTION ( 'NONE',  ( 0.000000000000000000, 0.000000000000000000, 1.000000000000000000 ) ) ;
#1366 = CARTESIAN_POINT ( 'NONE',  ( -37.80000000000001847, 7.599999999999912603, 7.299999999999998934 ) ) ;
#1367 = ORIENTED_EDGE ( 'NONE', *, *, #3633, .T. ) ;
#1368 = ORIENTED_EDGE ( 'NONE', *, *, #4056, .F. ) ;
#1369 = CARTESIAN_POINT ( 'NONE',  ( -42.86788750546318028, 5.538461538461533884, 10.90000000000000036 ) ) ;
#1370 = ORIENTED_EDGE ( 'NONE', *, *, #4372, .F. ) ;
#1371 = CARTESIAN_POINT ( 'NONE',  ( -35.28062484748659244, 0.7999999999999127809, 7.299999999999998934 ) ) ;
#1372 = CARTESIAN_POINT ( 'NONE',  ( -2.000000000000014211, 0.000000000000000000, 11.50000000000000000 ) ) ;
#1373 = EDGE_CURVE ( 'NONE', #3080, #2, #630, .T. ) ;
#1374 = PLANE ( 'NONE',  #3817 ) ;
#1375 = CARTESIAN_POINT ( 'NONE',  ( -25.00000000000000000, 4.999999999999996447, 0.000000000000000000 ) ) ;
#1376 = FACE_OUTER_BOUND ( 'NONE', #937, .T. ) ;
#1377 = ORIENTED_EDGE ( 'NONE', *, *, #3824, .T. ) ;
#1378 = LINE ( 'NONE', #4346, #3208 ) ;
#1379 = EDGE_CURVE ( 'NONE', #1473, #4550, #1308, .T. ) ;
#1380 = CARTESIAN_POINT ( 'NONE',  ( -41.38253902384855110, 5.850619487248704509, 11.49999999999999822 ) ) ;
#1381 = ORIENTED_EDGE ( 'NONE', *, *, #1601, .F. ) ;
#1382 = PLANE ( 'NONE',  #3062 ) ;
#1383 = CARTESIAN_POINT ( 'NONE',  ( -41.28542090276620513, 6.047780243113226817, 11.49999999999998224 ) ) ;
#1384 = ADVANCED_FACE ( 'NONE', ( #3829 ), #3473, .F. ) ;
#1385 = CARTESIAN_POINT ( 'NONE',  ( -40.13905434955831453, 6.714850472328486752, 11.50000000000000000 ) ) ;
#1386 = LINE ( 'NONE', #4670, #115 ) ;
#1387 = ORIENTED_EDGE ( 'NONE', *, *, #1747, .T. ) ;
#1388 = EDGE_LOOP ( 'NONE', ( #3025, #3012, #1984, #3357 ) ) ;
#1389 = CARTESIAN_POINT ( 'NONE',  ( -12.00000000000001599, 9.999999999999996447, 0.5000000000000004441 ) ) ;
#1390 = ORIENTED_EDGE ( 'NONE', *, *, #1743, .F. ) ;
#1391 = CARTESIAN_POINT ( 'NONE',  ( -41.60947404392472038, 4.687499999999995559, 11.50000000000000000 ) ) ;
#1392 = LINE ( 'NONE', #3555, #2776 ) ;
#1393 = DIRECTION ( 'NONE',  ( 1.000000000000000000, 1.104919411450195664E-16, 0.000000000000000000 ) ) ;
#1394 = EDGE_CURVE ( 'NONE', #3846, #3803, #3039, .T. ) ;
#1395 = CARTESIAN_POINT ( 'NONE',  ( -41.25851250546318028, 6.284855769230763833, 10.90000000000000036 ) ) ;
#1396 = ORIENTED_EDGE ( 'NONE', *, *, #4440, .F. ) ;
#1397 = EDGE_LOOP ( 'NONE', ( #1644, #884, #264, #3330 ) ) ;
#1398 = DIRECTION ( 'NONE',  ( 2.775557561562889810E-17, -0.7071067811865479058, 0.7071067811865472397 ) ) ;
#1399 = LINE ( 'NONE', #4010, #1795 ) ;
#1400 = EDGE_CURVE ( 'NONE', #4475, #4155, #1282, .T. ) ;
#1401 = VERTEX_POINT ( 'NONE', #1206 ) ;
#1402 = FACE_OUTER_BOUND ( 'NONE', #2976, .T. ) ;
#1403 = DIRECTION ( 'NONE',  ( -0.000000000000000000, -0.000000000000000000, 1.000000000000000000 ) ) ;
#1404 = DIRECTION ( 'NONE',  ( -0.000000000000000000, -0.000000000000000000, 1.000000000000000000 ) ) ;
#1405 = EDGE_CURVE ( 'NONE', #3707, #1586, #1248, .T. ) ;
#1406 = DIRECTION ( 'NONE',  ( -1.000000000000000000, 0.000000000000000000, 0.000000000000000000 ) ) ;
#1407 = ORIENTED_EDGE ( 'NONE', *, *, #3843, .F. ) ;
#1408 = DIRECTION ( 'NONE',  ( -1.000000000000000000, -2.306434473471112695E-16, 0.000000000000000000 ) ) ;
#1409 = VECTOR ( 'NONE', #3026, 1000.000000000000000 ) ;
#1410 = CARTESIAN_POINT ( 'NONE',  ( -41.89913750546318028, 6.980769230769226397, 10.90000000000000036 ) ) ;
#1411 = VERTEX_POINT ( 'NONE', #2004 ) ;
#1412 = CARTESIAN_POINT ( 'NONE',  ( -10.00000000000000178, 12.00000000000001066, 0.5000000000000004441 ) ) ;
#1413 = CIRCLE ( 'NONE', #2172, 1.700000000000007061 ) ;
#1414 = DIRECTION ( 'NONE',  ( 0.000000000000000000, 0.000000000000000000, -1.000000000000000000 ) ) ;
#1415 = CIRCLE ( 'NONE', #2701, 1.700000000000000178 ) ;
#1416 = VECTOR ( 'NONE', #1789, 1000.000000000000000 ) ;
#1417 = LINE ( 'NONE', #1108, #3000 ) ;
#1418 = CARTESIAN_POINT ( 'NONE',  ( -9.500000000000001776, 12.00000000000001421, 11.50000000000000000 ) ) ;
#1419 = ORIENTED_EDGE ( 'NONE', *, *, #3190, .T. ) ;
#1420 = ORIENTED_EDGE ( 'NONE', *, *, #4021, .F. ) ;
#1421 = CARTESIAN_POINT ( 'NONE',  ( -42.69923948182587736, 4.379421547966360073, 10.90000000000000213 ) ) ;
#1422 = AXIS2_PLACEMENT_3D ( 'NONE', #1155, #71, #3340 ) ;
#1423 = CARTESIAN_POINT ( 'NONE',  ( -35.87389712084779347, 4.230769230769225508, 11.50000000000000000 ) ) ;
#1424 = VECTOR ( 'NONE', #4442, 1000.000000000000000 ) ;
#1425 = EDGE_LOOP ( 'NONE', ( #3571, #2094, #2490, #1831 ) ) ;
#1426 = PLANE ( 'NONE',  #733 ) ;
#1427 = DIRECTION ( 'NONE',  ( 0.000000000000000000, 0.000000000000000000, 1.000000000000000000 ) ) ;
#1428 = EDGE_CURVE ( 'NONE', #4533, #816, #1448, .T. ) ;
#1429 = PLANE ( 'NONE',  #2019 ) ;
#1430 = CARTESIAN_POINT ( 'NONE',  ( -176.8000000000000114, 0.4999999999999601985, 6.250000000000000000 ) ) ;
#1431 = ORIENTED_EDGE ( 'NONE', *, *, #1712, .T. ) ;
#1432 = VERTEX_POINT ( 'NONE', #140 ) ;
#1433 = EDGE_CURVE ( 'NONE', #868, #3752, #1582, .T. ) ;
#1434 = LINE ( 'NONE', #59, #1186 ) ;
#1435 = ORIENTED_EDGE ( 'NONE', *, *, #4356, .F. ) ;
#1436 = CARTESIAN_POINT ( 'NONE',  ( -7.850000000000004974, 101.2999999999999829, 9.000000000000001776 ) ) ;
#1437 = ADVANCED_FACE ( 'NONE', ( #182 ), #2292, .T. ) ;
#1438 = DIRECTION ( 'NONE',  ( 0.000000000000000000, 0.000000000000000000, 1.000000000000000000 ) ) ;
#1439 = DIRECTION ( 'NONE',  ( 0.000000000000000000, 0.000000000000000000, 1.000000000000000000 ) ) ;
#1440 = CARTESIAN_POINT ( 'NONE',  ( -42.52692019043565352, 4.239656620009797372, 11.49999999999999822 ) ) ;
#1441 = ORIENTED_EDGE ( 'NONE', *, *, #2347, .F. ) ;
#1442 = ORIENTED_EDGE ( 'NONE', *, *, #245, .F. ) ;
#1443 = CARTESIAN_POINT ( 'NONE',  ( -42.46073473508729279, 4.170608120866741153, 10.89999999999999503 ) ) ;
#1444 = DIRECTION ( 'NONE',  ( 1.000000000000000000, 1.104919411450195664E-16, 0.000000000000000000 ) ) ;
#1445 = ORIENTED_EDGE ( 'NONE', *, *, #742, .F. ) ;
#1446 = LINE ( 'NONE', #2866, #3967 ) ;
#1447 = CARTESIAN_POINT ( 'NONE',  ( -176.3000000000000114, -4.020115287260149677E-14, 6.250000000000000000 ) ) ;
#1448 = B_SPLINE_CURVE_WITH_KNOTS ( 'NONE', 3,
 ( #2721, #1962, #4464, #902, #3414, #4486, #4131, #1179, #2341, #474, #3021, #2652, #4154, #2630, #548, #3747, #3790, #853, #4062 ),
 .UNSPECIFIED., .F., .F.,
 ( 4, 1, 1, 1, 1, 1, 1, 1, 1, 1, 1, 1, 1, 1, 1, 1, 4 ),
 ( 0.000000000000000000, 0.06619453496945949811, 0.1293623663900023424, 0.1907947674848320951, 0.2505245028235321691, 0.3087824708552874831, 0.3666451887979778612, 0.4237216304415279966, 0.4819105218696343451, 0.5400444998771939398, 0.5990830269688290910, 0.6596564083095184383, 0.7216885753940263104, 0.7868329515474189462, 0.8540489251572868090, 0.9253021916125997448, 1.000000000000000000 ),
 .UNSPECIFIED. ) ;
#1449 = DIRECTION ( 'NONE',  ( -1.630895456553847147E-16, 0.7071067811865471286, 0.7071067811865479058 ) ) ;
#1450 = EDGE_CURVE ( 'NONE', #3742, #3204, #3700, .T. ) ;
#1451 = PLANE ( 'NONE',  #2541 ) ;
#1452 = ORIENTED_EDGE ( 'NONE', *, *, #4100, .T. ) ;
#1453 = ORIENTED_EDGE ( 'NONE', *, *, #3620, .F. ) ;
#1454 = DIRECTION ( 'NONE',  ( -0.000000000000000000, -0.000000000000000000, 1.000000000000000000 ) ) ;
#1455 = EDGE_CURVE ( 'NONE', #3908, #1411, #4035, .T. ) ;
#1456 = CARTESIAN_POINT ( 'NONE',  ( -5.403725077815402335E-14, 93.99999999999998579, 0.5000000000000004441 ) ) ;
#1457 = ORIENTED_EDGE ( 'NONE', *, *, #2468, .T. ) ;
#1458 = DIRECTION ( 'NONE',  ( 0.000000000000000000, 0.000000000000000000, -1.000000000000000000 ) ) ;
#1459 = CARTESIAN_POINT ( 'NONE',  ( -43.79697404392472038, 5.538461538461533884, 10.90000000000000036 ) ) ;
#1460 = CARTESIAN_POINT ( 'NONE',  ( -169.0000000000000000, 9.499999999999978684, 0.5000000000000004441 ) ) ;
#1461 = EDGE_CURVE ( 'NONE', #2165, #1648, #1323, .T. ) ;
#1462 = CARTESIAN_POINT ( 'NONE',  ( -37.02774327469393967, 1.999999999999994893, 10.90000000000000036 ) ) ;
#1463 = ORIENTED_EDGE ( 'NONE', *, *, #4191, .T. ) ;
#1464 = ORIENTED_EDGE ( 'NONE', *, *, #95, .T. ) ;
#1465 = CARTESIAN_POINT ( 'NONE',  ( -41.88424259280579776, 3.416317106060871023, 10.89999999999999858 ) ) ;
#1466 = CARTESIAN_POINT ( 'NONE',  ( -35.87389712084779347, 1.999999999999994893, 10.90000000000000036 ) ) ;
#1467 = ORIENTED_EDGE ( 'NONE', *, *, #1860, .T. ) ;
#1468 = CARTESIAN_POINT ( 'NONE',  ( -40.95328171827372898, 4.877711270069171157, 10.89999999999999858 ) ) ;
#1469 = LINE ( 'NONE', #2492, #2832 ) ;
#1470 = AXIS2_PLACEMENT_3D ( 'NONE', #1806, #677, #4353 ) ;
#1471 = DIRECTION ( 'NONE',  ( -1.000000000000000000, 0.000000000000000000, 0.000000000000000000 ) ) ;
#1472 = CARTESIAN_POINT ( 'NONE',  ( -8.350000000000004974, 101.7999999999999829, 7.000000000000000000 ) ) ;
#1473 = VERTEX_POINT ( 'NONE', #1699 ) ;
#1474 = CARTESIAN_POINT ( 'NONE',  ( -42.35626596613648331, 7.999528375799661362, 10.90000000000000036 ) ) ;
#1475 = DIRECTION ( 'NONE',  ( -1.000000000000000000, 0.000000000000000000, 0.000000000000000000 ) ) ;
#1476 = VECTOR ( 'NONE', #3682, 999.9999999999998863 ) ;
#1477 = VECTOR ( 'NONE', #2604, 1000.000000000000000 ) ;
#1478 = CARTESIAN_POINT ( 'NONE',  ( -5.832498915511625888E-14, 101.2999999999999829, 6.250000000000000000 ) ) ;
#1479 = ORIENTED_EDGE ( 'NONE', *, *, #2736, .T. ) ;
#1480 = CARTESIAN_POINT ( 'NONE',  ( -44.95082019777087368, 1.999999999999994893, 11.50000000000000000 ) ) ;
#1481 = AXIS2_PLACEMENT_3D ( 'NONE', #839, #54, #1500 ) ;
#1482 = VECTOR ( 'NONE', #753, 1000.000000000000000 ) ;
#1483 = EDGE_CURVE ( 'NONE', #4279, #2247, #3134, .T. ) ;
#1484 = LINE ( 'NONE', #2241, #512 ) ;
#1485 = FACE_OUTER_BOUND ( 'NONE', #577, .T. ) ;
#1486 = CARTESIAN_POINT ( 'NONE',  ( -37.02774327469393967, 1.999999999999994893, 11.50000000000000000 ) ) ;
#1487 = AXIS2_PLACEMENT_3D ( 'NONE', #1002, #1305, #4235 ) ;
#1488 = EDGE_LOOP ( 'NONE', ( #4573, #480 ) ) ;
#1489 = ORIENTED_EDGE ( 'NONE', *, *, #2095, .T. ) ;
#1490 = LINE ( 'NONE', #3301, #2159 ) ;
#1491 = EDGE_CURVE ( 'NONE', #2574, #1714, #3063, .T. ) ;
#1492 = VECTOR ( 'NONE', #2553, 1000.000000000000000 ) ;
#1493 = CARTESIAN_POINT ( 'NONE',  ( -39.64312789007856708, 1.999999999999994893, 11.50000000000000000 ) ) ;
#1494 = ORIENTED_EDGE ( 'NONE', *, *, #4106, .F. ) ;
#1495 = CARTESIAN_POINT ( 'NONE',  ( -42.60391994105118130, 4.310619244672401429, 11.50000000000000000 ) ) ;
#1496 = VECTOR ( 'NONE', #1471, 1000.000000000000000 ) ;
#1497 = DIRECTION ( 'NONE',  ( 0.000000000000000000, 0.000000000000000000, 1.000000000000000000 ) ) ;
#1498 = AXIS2_PLACEMENT_3D ( 'NONE', #3575, #2859, #310 ) ;
#1499 = DIRECTION ( 'NONE',  ( -1.000000000000000000, 0.000000000000000000, 0.000000000000000000 ) ) ;
#1500 = DIRECTION ( 'NONE',  ( -7.709882115452594129E-15, -1.000000000000000000, 0.000000000000000000 ) ) ;
#1501 = ORIENTED_EDGE ( 'NONE', *, *, #3324, .T. ) ;
#1502 = ORIENTED_EDGE ( 'NONE', *, *, #1077, .F. ) ;
#1503 = CARTESIAN_POINT ( 'NONE',  ( -40.99168558238626048, 1.999999999999994893, 10.90000000000000036 ) ) ;
#1504 = CARTESIAN_POINT ( 'NONE',  ( -35.10466635161701987, 4.230769230769225508, 10.90000000000000036 ) ) ;
#1505 = EDGE_LOOP ( 'NONE', ( #554, #3938, #1216, #4405, #782, #4294, #117, #2757, #4376, #2579, #4344, #394 ) ) ;
#1506 = DIRECTION ( 'NONE',  ( -2.115516434118058079E-17, -1.000000000000000000, 0.000000000000000000 ) ) ;
#1507 = LOCAL_TIME ( 9, 43, 22.00000000000000000, #2334 ) ;
#1508 = CARTESIAN_POINT ( 'NONE',  ( -42.46073473508729279, 4.170608120866741153, 10.89999999999999503 ) ) ;
#1509 = EDGE_LOOP ( 'NONE', ( #1221, #3388, #1441, #3918 ) ) ;
#1510 = ADVANCED_FACE ( 'NONE', ( #1376 ), #1355, .F. ) ;
#1511 = LINE ( 'NONE', #2951, #4500 ) ;
#1512 = DIRECTION ( 'NONE',  ( 0.000000000000000000, 0.000000000000000000, 1.000000000000000000 ) ) ;
#1513 = ORIENTED_EDGE ( 'NONE', *, *, #3505, .T. ) ;
#1514 = EDGE_CURVE ( 'NONE', #864, #3791, #434, .T. ) ;
#1515 = DIRECTION ( 'NONE',  ( -0.000000000000000000, -0.000000000000000000, 1.000000000000000000 ) ) ;
#1516 = CARTESIAN_POINT ( 'NONE',  ( -25.00000000000000000, 4.999999999999996447, 7.000000000000000000 ) ) ;
#1517 = DIRECTION ( 'NONE',  ( 0.000000000000000000, 0.000000000000000000, 1.000000000000000000 ) ) ;
#1518 = ORIENTED_EDGE ( 'NONE', *, *, #1312, .T. ) ;
#1519 = ADVANCED_FACE ( 'NONE', ( #2794 ), #4229, .F. ) ;
#1520 = DIRECTION ( 'NONE',  ( -1.000000000000000000, 0.000000000000000000, 0.000000000000000000 ) ) ;
#1521 = ORIENTED_EDGE ( 'NONE', *, *, #2036, .T. ) ;
#1522 = CARTESIAN_POINT ( 'NONE',  ( -40.10523666073332549, 6.381039841388416178, 10.89999999999999858 ) ) ;
#1523 = PLANE ( 'NONE',  #3733 ) ;
#1524 = DIRECTION ( 'NONE',  ( -0.000000000000000000, -0.000000000000000000, -1.000000000000000000 ) ) ;
#1525 = ORIENTED_EDGE ( 'NONE', *, *, #1807, .F. ) ;
#1526 = EDGE_LOOP ( 'NONE', ( #1521, #1905, #4539, #2308, #1867, #1153, #1513, #3655, #1722, #2192, #2204, #3083 ) ) ;
#1527 = DIRECTION ( 'NONE',  ( 0.000000000000000000, 0.000000000000000000, -1.000000000000000000 ) ) ;
#1528 = CARTESIAN_POINT ( 'NONE',  ( -22.80000000000007887, 4.999999999999996447, 0.000000000000000000 ) ) ;
#1529 = ORIENTED_EDGE ( 'NONE', *, *, #3530, .F. ) ;
#1530 = CARTESIAN_POINT ( 'NONE',  ( 0.000000000000000000, 0.000000000000000000, 5.750000000000000000 ) ) ;
#1531 = EDGE_CURVE ( 'NONE', #3617, #3877, #994, .T. ) ;
#1532 = DIRECTION ( 'NONE',  ( -1.000000000000000000, 0.000000000000000000, 0.000000000000000000 ) ) ;
#1533 = ORIENTED_EDGE ( 'NONE', *, *, #4617, .T. ) ;
#1534 = DIRECTION ( 'NONE',  ( 1.000000000000000000, 0.000000000000000000, 0.000000000000000000 ) ) ;
#1535 = EDGE_CURVE ( 'NONE', #3273, #1087, #2744, .T. ) ;
#1536 = CARTESIAN_POINT ( 'NONE',  ( -40.40258099841037875, 3.244484741960109275, 10.90000000000000036 ) ) ;
#1537 = ORIENTED_EDGE ( 'NONE', *, *, #689, .F. ) ;
#1538 = DIRECTION ( 'NONE',  ( -0.000000000000000000, 1.000000000000000000, -0.000000000000000000 ) ) ;
#1539 = VERTEX_POINT ( 'NONE', #644 ) ;
#1540 = DIRECTION ( 'NONE',  ( -0.5773502691896258421, 0.5773502691896258421, 0.5773502691896258421 ) ) ;
#1541 = CARTESIAN_POINT ( 'NONE',  ( -42.35626596613648331, 7.999528375799661362, 10.90000000000000036 ) ) ;
#1542 = AXIS2_PLACEMENT_3D ( 'NONE', #508, #1589, #1901 ) ;
#1543 = EDGE_CURVE ( 'NONE', #4110, #1210, #1014, .T. ) ;
#1544 = CARTESIAN_POINT ( 'NONE',  ( -42.02013005645454058, 6.989377694663172491, 10.90000000000000391 ) ) ;
#1545 = ORIENTED_EDGE ( 'NONE', *, *, #173, .F. ) ;
#1546 = ORIENTED_EDGE ( 'NONE', *, *, #4039, .T. ) ;
#1547 = AXIS2_PLACEMENT_3D ( 'NONE', #2388, #926, #977 ) ;
#1548 = DIRECTION ( 'NONE',  ( -0.000000000000000000, -0.000000000000000000, 1.000000000000000000 ) ) ;
#1549 = FACE_OUTER_BOUND ( 'NONE', #3984, .T. ) ;
#1550 = DIRECTION ( 'NONE',  ( -2.775557561562889810E-17, 0.7071067811865479058, 0.7071067811865472397 ) ) ;
#1551 = VERTEX_POINT ( 'NONE', #1750 ) ;
#1552 = VECTOR ( 'NONE', #4420, 1000.000000000000000 ) ;
#1553 = VECTOR ( 'NONE', #3461, 1000.000000000000000 ) ;
#1554 = CARTESIAN_POINT ( 'NONE',  ( -171.3000000000000114, 4.999999999999976907, 6.250000000000000000 ) ) ;
#1555 = AXIS2_PLACEMENT_3D ( 'NONE', #2444, #1287, #2778 ) ;
#1556 = LINE ( 'NONE', #3322, #967 ) ;
#1557 = CARTESIAN_POINT ( 'NONE',  ( -42.13985177511678870, 5.555794120330876495, 10.90000000000000036 ) ) ;
#1558 = EDGE_LOOP ( 'NONE', ( #4543, #2317 ) ) ;
#1559 = LINE ( 'NONE', #3308, #3580 ) ;
#1560 = VECTOR ( 'NONE', #4677, 1000.000000000000000 ) ;
#1561 = VECTOR ( 'NONE', #4546, 1000.000000000000000 ) ;
#1562 = CARTESIAN_POINT ( 'NONE',  ( -40.64468222031550226, 3.656078165241866795, 11.50000000000000000 ) ) ;
#1563 = VECTOR ( 'NONE', #2601, 1000.000000000000000 ) ;
#1564 = AXIS2_PLACEMENT_3D ( 'NONE', #2072, #1720, #2807 ) ;
#1565 = ORIENTED_EDGE ( 'NONE', *, *, #1351, .T. ) ;
#1566 = CARTESIAN_POINT ( 'NONE',  ( -27.19999999999992468, 4.999999999999996447, 0.000000000000000000 ) ) ;
#1567 = ORIENTED_EDGE ( 'NONE', *, *, #2195, .T. ) ;
#1568 = EDGE_CURVE ( 'NONE', #1432, #4212, #2993, .T. ) ;
#1569 = DIRECTION ( 'NONE',  ( 0.000000000000000000, 1.000000000000000000, 0.000000000000000000 ) ) ;
#1570 = CARTESIAN_POINT ( 'NONE',  ( -41.84505096700164017, 3.361778846153840927, 11.50000000000000000 ) ) ;
#1571 = AXIS2_PLACEMENT_3D ( 'NONE', #1596, #1576, #1930 ) ;
#1572 = CARTESIAN_POINT ( 'NONE',  ( -1.999999999999999556, 1.999999999999999556, 11.50000000000000000 ) ) ;
#1573 = VERTEX_POINT ( 'NONE', #3841 ) ;
#1574 = ADVANCED_FACE ( 'NONE', ( #3181 ), #1040, .F. ) ;
#1575 = ORIENTED_EDGE ( 'NONE', *, *, #749, .T. ) ;
#1576 = DIRECTION ( 'NONE',  ( 0.000000000000000000, 0.000000000000000000, -1.000000000000000000 ) ) ;
#1577 = DIRECTION ( 'NONE',  ( 0.000000000000000000, 1.000000000000000000, 0.000000000000000000 ) ) ;
#1578 = VERTEX_POINT ( 'NONE', #3509 ) ;
#1579 = EDGE_CURVE ( 'NONE', #3176, #4132, #3820, .T. ) ;
#1580 = CARTESIAN_POINT ( 'NONE',  ( -41.60947404392472038, 4.687499999999995559, 11.50000000000000000 ) ) ;
#1581 = PLANE ( 'NONE',  #893 ) ;
#1582 = LINE ( 'NONE', #1938, #3666 ) ;
#1583 = EDGE_LOOP ( 'NONE', ( #2855, #4530, #3548, #2589 ) ) ;
#1584 = DIRECTION ( 'NONE',  ( 1.000000000000000000, 0.000000000000000000, -0.000000000000000000 ) ) ;
#1585 = CARTESIAN_POINT ( 'NONE',  ( -2.150000000000004796, 94.89999999999997726, 7.000000000000000000 ) ) ;
#1586 = VERTEX_POINT ( 'NONE', #2034 ) ;
#1587 = CARTESIAN_POINT ( 'NONE',  ( -43.79697404392472038, 1.999999999999994893, 10.90000000000000036 ) ) ;
#1588 = ORIENTED_EDGE ( 'NONE', *, *, #2564, .F. ) ;
#1589 = DIRECTION ( 'NONE',  ( 0.000000000000000000, -0.7071067811865475727, 0.7071067811865475727 ) ) ;
#1590 = DIRECTION ( 'NONE',  ( 0.000000000000000000, 0.7071067811865475727, 0.7071067811865475727 ) ) ;
#1591 = EDGE_CURVE ( 'NONE', #1539, #3736, #1729, .T. ) ;
#1592 = CARTESIAN_POINT ( 'NONE',  ( -41.34987721747835110, 6.659442420435225607, 11.49999999999999645 ) ) ;
#1593 = ORIENTED_EDGE ( 'NONE', *, *, #3959, .F. ) ;
#1594 = ORIENTED_EDGE ( 'NONE', *, *, #371, .T. ) ;
#1595 = EDGE_CURVE ( 'NONE', #2806, #466, #1337, .T. ) ;
#1596 = CARTESIAN_POINT ( 'NONE',  ( 0.000000000000000000, 0.000000000000000000, 9.000000000000001776 ) ) ;
#1597 = DIRECTION ( 'NONE',  ( 5.873614215016744198E-16, -1.000000000000000000, -0.000000000000000000 ) ) ;
#1598 = EDGE_LOOP ( 'NONE', ( #2795, #2934, #1829, #999 ) ) ;
#1599 = DIRECTION ( 'NONE',  ( 0.000000000000000000, -0.000000000000000000, 1.000000000000000000 ) ) ;
#1600 = CARTESIAN_POINT ( 'NONE',  ( -12.00000000000000178, 11.99999999999999645, 11.50000000000000000 ) ) ;
#1601 = EDGE_CURVE ( 'NONE', #8, #1578, #622, .T. ) ;
#1602 = LINE ( 'NONE', #2315, #4060 ) ;
#1603 = CARTESIAN_POINT ( 'NONE',  ( -41.63277666818063949, 5.648889607881967478, 10.90000000000000036 ) ) ;
#1604 = ORIENTED_EDGE ( 'NONE', *, *, #91, .T. ) ;
#1605 = FACE_OUTER_BOUND ( 'NONE', #3090, .T. ) ;
#1606 = CARTESIAN_POINT ( 'NONE',  ( -40.12681594618525338, 6.020361767034141387, 11.50000000000000000 ) ) ;
#1607 = EDGE_LOOP ( 'NONE', ( #1452, #451, #3720, #4075, #2624 ) ) ;
#1608 = DIRECTION ( 'NONE',  ( -0.000000000000000000, -0.000000000000000000, -1.000000000000000000 ) ) ;
#1609 = CARTESIAN_POINT ( 'NONE',  ( -40.10466635161702698, 6.337740384615378808, 10.90000000000000036 ) ) ;
#1610 = CARTESIAN_POINT ( 'NONE',  ( -40.20436099755492165, 6.948948478057865863, 10.90000000000000213 ) ) ;
#1611 = CARTESIAN_POINT ( 'NONE',  ( -41.89913750546318028, 6.980769230769226397, 10.90000000000000036 ) ) ;
#1612 = EDGE_LOOP ( 'NONE', ( #700, #401, #3631, #2716, #92, #3948, #3498, #1995 ) ) ;
#1613 = ORIENTED_EDGE ( 'NONE', *, *, #3117, .T. ) ;
#1614 = ADVANCED_FACE ( 'NONE', ( #690 ), #2127, .F. ) ;
#1615 = VECTOR ( 'NONE', #3708, 1000.000000000000000 ) ;
#1616 = CARTESIAN_POINT ( 'NONE',  ( 0.000000000000000000, 0.000000000000000000, 0.000000000000000000 ) ) ;
#1617 = CARTESIAN_POINT ( 'NONE',  ( -42.86788750546318028, 5.538461538461533884, 11.50000000000000000 ) ) ;
#1618 = VERTEX_POINT ( 'NONE', #2507 ) ;
#1619 = DIRECTION ( 'NONE',  ( 0.7592566023652688179, -0.6507913734560009100, 0.000000000000000000 ) ) ;
#1620 = CARTESIAN_POINT ( 'NONE',  ( -174.7000000000000171, 4.999999999999976907, 10.49999999999999822 ) ) ;
#1621 = ADVANCED_FACE ( 'NONE', ( #377 ), #2882, .F. ) ;
#1622 = CARTESIAN_POINT ( 'NONE',  ( -9.500000000000000000, 101.7999999999999829, 11.00000000000000000 ) ) ;
#1623 = DIRECTION ( 'NONE',  ( -1.000000000000000000, 0.000000000000000000, 0.000000000000000000 ) ) ;
#1624 = CARTESIAN_POINT ( 'NONE',  ( -42.29166223695921900, 5.546749276639537207, 10.90000000000000391 ) ) ;
#1625 = AXIS2_PLACEMENT_3D ( 'NONE', #2796, #4208, #1627 ) ;
#1626 = ORIENTED_EDGE ( 'NONE', *, *, #3873, .T. ) ;
#1627 = DIRECTION ( 'NONE',  ( -5.873614215016744198E-16, 1.000000000000000000, 0.000000000000000000 ) ) ;
#1628 = ADVANCED_FACE ( 'NONE', ( #399 ), #4299, .T. ) ;
#1629 = AXIS2_PLACEMENT_3D ( 'NONE', #3831, #935, #3802 ) ;
#1630 = AXIS2_PLACEMENT_3D ( 'NONE', #2259, #1590, #3028 ) ;
#1631 = CARTESIAN_POINT ( 'NONE',  ( -41.27714218268448576, 4.447360824889935671, 11.50000000000000355 ) ) ;
#1632 = EDGE_LOOP ( 'NONE', ( #47, #3727, #2109, #378 ) ) ;
#1633 = CARTESIAN_POINT ( 'NONE',  ( -28.80000000000002913, 9.999999999999996447, 7.299999999999998934 ) ) ;
#1634 = CIRCLE ( 'NONE', #4581, 1.700000000000000178 ) ;
#1635 = ORIENTED_EDGE ( 'NONE', *, *, #3530, .T. ) ;
#1636 = AXIS2_PLACEMENT_3D ( 'NONE', #4249, #2107, #4613 ) ;
#1637 = CARTESIAN_POINT ( 'NONE',  ( -41.26379320205258239, 6.163387195633307947, 11.49999999999998224 ) ) ;
#1638 = DIRECTION ( 'NONE',  ( -0.000000000000000000, -0.000000000000000000, 1.000000000000000000 ) ) ;
#1639 = CIRCLE ( 'NONE', #4123, 2.000000000000000000 ) ;
#1640 = VECTOR ( 'NONE', #1744, 1000.000000000000000 ) ;
#1641 = CARTESIAN_POINT ( 'NONE',  ( -42.43279135161702698, 7.999999999999994671, 11.50000000000000000 ) ) ;
#1642 = CARTESIAN_POINT ( 'NONE',  ( -9.500000000000000000, 101.7999999999999829, 5.750000000000000000 ) ) ;
#1643 = EDGE_LOOP ( 'NONE', ( #4391, #1681, #3323 ) ) ;
#1644 = ORIENTED_EDGE ( 'NONE', *, *, #1351, .F. ) ;
#1645 = AXIS2_PLACEMENT_3D ( 'NONE', #2445, #1335, #2493 ) ;
#1646 = VECTOR ( 'NONE', #3032, 1000.000000000000000 ) ;
#1647 = CARTESIAN_POINT ( 'NONE',  ( -171.3000000000000114, 4.999999999999976907, 6.250000000000000000 ) ) ;
#1648 = VERTEX_POINT ( 'NONE', #3272 ) ;
#1649 = CARTESIAN_POINT ( 'NONE',  ( -43.47041767215583974, 4.538163589022227384, 11.50000000000000000 ) ) ;
#1650 = DIRECTION ( 'NONE',  ( 1.057629477510959926E-15, -0.7071067811865474617, -0.7071067811865474617 ) ) ;
#1651 = CARTESIAN_POINT ( 'NONE',  ( -38.40033942854010007, 4.230769230769225508, 10.90000000000000036 ) ) ;
#1652 = CARTESIAN_POINT ( 'NONE',  ( -0.5000000000000056621, 12.00000000000000355, 0.000000000000000000 ) ) ;
#1653 = EDGE_CURVE ( 'NONE', #3072, #3173, #3983, .T. ) ;
#1654 = ADVANCED_BREP_SHAPE_REPRESENTATION ( '0PB_mk4_doors_right_p4_v1', ( #545, #3541 ), #2115 ) ;
#1655 = DIRECTION ( 'NONE',  ( -0.000000000000000000, -0.000000000000000000, 1.000000000000000000 ) ) ;
#1656 = ORIENTED_EDGE ( 'NONE', *, *, #1288, .F. ) ;
#1657 = CARTESIAN_POINT ( 'NONE',  ( -23.30000000000000071, 4.999999999999996447, 9.000000000000001776 ) ) ;
#1658 = PLANE ( 'NONE',  #1119 ) ;
#1659 = EDGE_CURVE ( 'NONE', #2631, #3022, #2177, .T. ) ;
#1660 = ORIENTED_EDGE ( 'NONE', *, *, #2680, .F. ) ;
#1661 = FACE_OUTER_BOUND ( 'NONE', #3686, .T. ) ;
#1662 = CARTESIAN_POINT ( 'NONE',  ( -42.79616929920825896, 5.538615234940928111, 10.90000000000000391 ) ) ;
#1663 = DIRECTION ( 'NONE',  ( 1.000000000000000000, 1.521687259628779001E-16, 0.000000000000000000 ) ) ;
#1664 = CARTESIAN_POINT ( 'NONE',  ( -12.00000000000000178, 9.499999999999996447, 0.000000000000000000 ) ) ;
#1665 = EDGE_CURVE ( 'NONE', #860, #1112, #590, .T. ) ;
#1666 = CARTESIAN_POINT ( 'NONE',  ( -38.40033942854010007, 4.230769230769225508, 11.50000000000000000 ) ) ;
#1667 = VERTEX_POINT ( 'NONE', #66 ) ;
#1668 = EDGE_LOOP ( 'NONE', ( #1873, #2745, #390, #1963, #3735, #1347 ) ) ;
#1669 = APPROVAL_STATUS ( 'not_yet_approved' ) ;
#1670 = PLANE ( 'NONE',  #1342 ) ;
#1671 = ORIENTED_EDGE ( 'NONE', *, *, #2152, .F. ) ;
#1672 = DIRECTION ( 'NONE',  ( 1.000000000000000000, 0.000000000000000000, 0.000000000000000000 ) ) ;
#1673 = DIRECTION ( 'NONE',  ( -0.000000000000000000, 0.000000000000000000, 1.000000000000000000 ) ) ;
#1674 = LINE ( 'NONE', #2411, #1869 ) ;
#1675 = LINE ( 'NONE', #3161, #3302 ) ;
#1676 = CARTESIAN_POINT ( 'NONE',  ( -25.00000000000000000, 4.999999999999996447, 0.4999999999999466538 ) ) ;
#1677 = ORIENTED_EDGE ( 'NONE', *, *, #1925, .T. ) ;
#1678 = DIRECTION ( 'NONE',  ( 1.000000000000000000, 1.104919411450195664E-16, -0.000000000000000000 ) ) ;
#1679 = EDGE_CURVE ( 'NONE', #2458, #1064, #3576, .T. ) ;
#1680 = CARTESIAN_POINT ( 'NONE',  ( -41.43029346389371881, 4.718249065901001238, 11.49999999999999822 ) ) ;
#1681 = ORIENTED_EDGE ( 'NONE', *, *, #1813, .T. ) ;
#1682 = CARTESIAN_POINT ( 'NONE',  ( -36.87509904392471327, 7.923076923076918021, 11.50000000000000000 ) ) ;
#1683 = CARTESIAN_POINT ( 'NONE',  ( -41.38253902384855110, 5.850619487248704509, 10.89999999999999858 ) ) ;
#1684 = CARTESIAN_POINT ( 'NONE',  ( -3.299999999999997602, 97.99999999999998579, 9.000000000000001776 ) ) ;
#1685 = ADVANCED_FACE ( 'NONE', ( #1819 ), #1085, .T. ) ;
#1686 = CARTESIAN_POINT ( 'NONE',  ( -40.10523666073332549, 6.381039841388416178, 11.49999999999999822 ) ) ;
#1687 = CARTESIAN_POINT ( 'NONE',  ( -169.0000000000000000, 9.499999999999978684, 11.50000000000000000 ) ) ;
#1688 = ORIENTED_EDGE ( 'NONE', *, *, #266, .T. ) ;
#1689 = EDGE_LOOP ( 'NONE', ( #1693, #2666, #354, #1525 ) ) ;
#1690 = ADVANCED_FACE ( 'NONE', ( #4370 ), #2018, .T. ) ;
#1691 = ADVANCED_FACE ( 'NONE', ( #1931 ), #3740, .F. ) ;
#1692 = DIRECTION ( 'NONE',  ( 0.7071067811865431318, 8.659560562354878624E-17, -0.7071067811865520136 ) ) ;
#1693 = ORIENTED_EDGE ( 'NONE', *, *, #542, .T. ) ;
#1694 = CARTESIAN_POINT ( 'NONE',  ( -40.46488412866383300, 3.354437254712048677, 11.50000000000000000 ) ) ;
#1695 = PLANE ( 'NONE',  #3355 ) ;
#1696 = ADVANCED_FACE ( 'NONE', ( #3387 ), #135, .F. ) ;
#1697 = CARTESIAN_POINT ( 'NONE',  ( -176.8000000000000114, 9.999999999999978684, 6.250000000000000000 ) ) ;
#1698 = PLANE ( 'NONE',  #2104 ) ;
#1699 = CARTESIAN_POINT ( 'NONE',  ( -169.0000000000000000, 0.4999999999999620859, 0.5000000000000004441 ) ) ;
#1700 = ORIENTED_EDGE ( 'NONE', *, *, #1543, .F. ) ;
#1701 = DIRECTION ( 'NONE',  ( 0.000000000000000000, 0.000000000000000000, 1.000000000000000000 ) ) ;
#1702 = CARTESIAN_POINT ( 'NONE',  ( -42.29166223695921900, 5.546749276639537207, 11.50000000000000355 ) ) ;
#1703 = ORIENTED_EDGE ( 'NONE', *, *, #2120, .F. ) ;
#1704 = CARTESIAN_POINT ( 'NONE',  ( -35.87389712084779347, 1.999999999999994893, 10.90000000000000036 ) ) ;
#1705 = CARTESIAN_POINT ( 'NONE',  ( -42.29166223695921900, 5.546749276639537207, 10.90000000000000391 ) ) ;
#1706 = AXIS2_PLACEMENT_3D ( 'NONE', #3710, #1524, #4404 ) ;
#1707 = CARTESIAN_POINT ( 'NONE',  ( -10.00000000000000178, 12.00000000000001066, 0.5000000000000004441 ) ) ;
#1708 = VECTOR ( 'NONE', #2626, 1000.000000000000000 ) ;
#1709 = CARTESIAN_POINT ( 'NONE',  ( -0.5000000000000593969, 101.7999999999999829, 11.00000000000000000 ) ) ;
#1710 = AXIS2_PLACEMENT_3D ( 'NONE', #1633, #908, #4544 ) ;
#1711 = VECTOR ( 'NONE', #1270, 1000.000000000000000 ) ;
#1712 = EDGE_CURVE ( 'NONE', #4266, #1144, #87, .T. ) ;
#1713 = CARTESIAN_POINT ( 'NONE',  ( -40.83333333333334991, 62.66666666666666430, 37.08333333333332860 ) ) ;
#1714 = VERTEX_POINT ( 'NONE', #1528 ) ;
#1715 = ORIENTED_EDGE ( 'NONE', *, *, #1753, .T. ) ;
#1716 = AXIS2_PLACEMENT_3D ( 'NONE', #598, #1298, #4152 ) ;
#1717 = VECTOR ( 'NONE', #828, 1000.000000000000000 ) ;
#1718 = CARTESIAN_POINT ( 'NONE',  ( -42.33542150130735848, 6.998126830046871305, 11.50000000000000178 ) ) ;
#1719 = EDGE_CURVE ( 'NONE', #2083, #1618, #4582, .T. ) ;
#1720 = DIRECTION ( 'NONE',  ( 1.000000000000000000, 0.000000000000000000, 0.000000000000000000 ) ) ;
#1721 = VECTOR ( 'NONE', #495, 1000.000000000000000 ) ;
#1722 = ORIENTED_EDGE ( 'NONE', *, *, #3436, .T. ) ;
#1723 = CARTESIAN_POINT ( 'NONE',  ( -1.999999999999999556, 1.999999999999999556, 11.50000000000000000 ) ) ;
#1724 = LINE ( 'NONE', #2545, #2311 ) ;
#1725 = VECTOR ( 'NONE', #2834, 1000.000000000000114 ) ;
#1726 = DIRECTION ( 'NONE',  ( 0.000000000000000000, -0.000000000000000000, -1.000000000000000000 ) ) ;
#1727 = CARTESIAN_POINT ( 'NONE',  ( -35.87389712084779347, 7.923076923076918021, 10.90000000000000036 ) ) ;
#1728 = EDGE_CURVE ( 'NONE', #4301, #4063, #1957, .T. ) ;
#1729 = LINE ( 'NONE', #236, #4505 ) ;
#1730 = EDGE_LOOP ( 'NONE', ( #3034, #4139, #979, #3174 ) ) ;
#1731 = ORIENTED_EDGE ( 'NONE', *, *, #3936, .T. ) ;
#1732 = CARTESIAN_POINT ( 'NONE',  ( -37.02774327469393967, 6.228365384615379696, 11.50000000000000000 ) ) ;
#1733 = CARTESIAN_POINT ( 'NONE',  ( -40.95328171827372898, 4.877711270069171157, 11.49999999999999822 ) ) ;
#1734 = ORIENTED_EDGE ( 'NONE', *, *, #2440, .F. ) ;
#1735 = CARTESIAN_POINT ( 'NONE',  ( -40.69314410251130454, 5.035736538498418291, 10.90000000000000036 ) ) ;
#1736 = CARTESIAN_POINT ( 'NONE',  ( -42.46523588059716303, 5.543149399948235967, 11.49999999999998046 ) ) ;
#1737 = CARTESIAN_POINT ( 'NONE',  ( -27.85000000000000142, 1.999999999999996669, 9.000000000000001776 ) ) ;
#1738 = APPROVAL_PERSON_ORGANIZATION ( #754, #4541, #2098 ) ;
#1739 = FACE_OUTER_BOUND ( 'NONE', #4531, .T. ) ;
#1740 = CARTESIAN_POINT ( 'NONE',  ( -28.80000000000002913, 9.999999999999996447, 6.799999999999998934 ) ) ;
#1741 = ORIENTED_EDGE ( 'NONE', *, *, #2758, .T. ) ;
#1742 = VERTEX_POINT ( 'NONE', #2665 ) ;
#1743 = EDGE_CURVE ( 'NONE', #129, #1401, #2688, .T. ) ;
#1744 = DIRECTION ( 'NONE',  ( 0.000000000000000000, -1.000000000000000000, 0.000000000000000000 ) ) ;
#1745 = ORIENTED_EDGE ( 'NONE', *, *, #719, .F. ) ;
#1746 = FACE_OUTER_BOUND ( 'NONE', #1607, .T. ) ;
#1747 = EDGE_CURVE ( 'NONE', #2207, #2689, #2967, .T. ) ;
#1748 = DIRECTION ( 'NONE',  ( 1.000000000000000000, 1.104919411450195664E-16, 0.000000000000000000 ) ) ;
#1749 = DIRECTION ( 'NONE',  ( 0.000000000000000000, -1.000000000000000000, 0.000000000000000000 ) ) ;
#1750 = CARTESIAN_POINT ( 'NONE',  ( -168.5000000000000000, 9.999999999999978684, 0.5000000000000004441 ) ) ;
#1751 = VERTEX_POINT ( 'NONE', #3033 ) ;
#1752 = CARTESIAN_POINT ( 'NONE',  ( -12.00000000000000178, 11.99999999999999645, 11.50000000000000000 ) ) ;
#1753 = EDGE_CURVE ( 'NONE', #854, #2096, #4359, .T. ) ;
#1754 = DIRECTION ( 'NONE',  ( -0.000000000000000000, 0.000000000000000000, 1.000000000000000000 ) ) ;
#1755 = EDGE_LOOP ( 'NONE', ( #3512, #4637, #3781, #237 ) ) ;
#1756 = CARTESIAN_POINT ( 'NONE',  ( -5.374357006740319231E-14, 93.49999999999998579, 0.5000000000000004441 ) ) ;
#1757 = CARTESIAN_POINT ( 'NONE',  ( -1.999999999999999556, 1.999999999999999556, 11.00000000000000000 ) ) ;
#1758 = LINE ( 'NONE', #3874, #2025 ) ;
#1759 = CARTESIAN_POINT ( 'NONE',  ( -12.00000000000000178, 93.49999999999998579, 0.000000000000000000 ) ) ;
#1760 = ORIENTED_EDGE ( 'NONE', *, *, #4528, .T. ) ;
#1761 = CARTESIAN_POINT ( 'NONE',  ( -41.17270471441529622, 7.880324797131960324, 11.49999999999998757 ) ) ;
#1762 = EDGE_LOOP ( 'NONE', ( #3567, #271, #1703, #4292 ) ) ;
#1763 = CARTESIAN_POINT ( 'NONE',  ( -41.29559743134355898, 6.547287111806465276, 10.90000000000000391 ) ) ;
#1764 = ORIENTED_EDGE ( 'NONE', *, *, #905, .F. ) ;
#1765 = PLANE ( 'NONE',  #433 ) ;
#1766 = DIRECTION ( 'NONE',  ( 1.000000000000000000, 0.000000000000000000, 0.000000000000000000 ) ) ;
#1767 = LINE ( 'NONE', #3931, #3977 ) ;
#1768 = CARTESIAN_POINT ( 'NONE',  ( -41.32807730788029232, 5.944290882365486972, 10.90000000000000213 ) ) ;
#1769 = EDGE_LOOP ( 'NONE', ( #670, #1656, #785, #3934 ) ) ;
#1770 = EDGE_CURVE ( 'NONE', #1742, #4155, #3363, .T. ) ;
#1771 = ORIENTED_EDGE ( 'NONE', *, *, #1813, .F. ) ;
#1772 = LINE ( 'NONE', #4275, #2006 ) ;
#1773 = AXIS2_PLACEMENT_3D ( 'NONE', #3189, #2566, #1070 ) ;
#1774 = FACE_OUTER_BOUND ( 'NONE', #903, .T. ) ;
#1775 = ORIENTED_EDGE ( 'NONE', *, *, #934, .T. ) ;
#1776 = EDGE_CURVE ( 'NONE', #4323, #1152, #2647, .T. ) ;
#1777 = CARTESIAN_POINT ( 'NONE',  ( -40.39170608809464369, 5.346418700010806546, 10.90000000000000036 ) ) ;
#1778 = DIRECTION ( 'NONE',  ( 1.000000000000000000, 2.306434473471112695E-16, 0.000000000000000000 ) ) ;
#1779 = DIRECTION ( 'NONE',  ( 1.000000000000000000, -0.000000000000000000, 0.000000000000000000 ) ) ;
#1780 = EDGE_CURVE ( 'NONE', #3418, #1821, #4409, .T. ) ;
#1781 = LINE ( 'NONE', #680, #2780 ) ;
#1782 = AXIS2_PLACEMENT_3D ( 'NONE', #3424, #654, #2093 ) ;
#1783 = ORIENTED_EDGE ( 'NONE', *, *, #4440, .T. ) ;
#1784 = VECTOR ( 'NONE', #2995, 999.9999999999998863 ) ;
#1785 = CARTESIAN_POINT ( 'NONE',  ( -40.66369278979443891, 7.618667132144579135, 11.49999999999999289 ) ) ;
#1786 = VECTOR ( 'NONE', #327, 1000.000000000000000 ) ;
#1787 = VECTOR ( 'NONE', #232, 1000.000000000000000 ) ;
#1788 = CALENDAR_DATE ( 2023, 8, 6 ) ;
#1789 = DIRECTION ( 'NONE',  ( -0.000000000000000000, 1.000000000000000000, -0.000000000000000000 ) ) ;
#1790 = VERTEX_POINT ( 'NONE', #1976 ) ;
#1791 = DIRECTION ( 'NONE',  ( 0.5659711471271425820, 0.8244250485153796770, 0.000000000000000000 ) ) ;
#1792 = VECTOR ( 'NONE', #309, 1000.000000000000000 ) ;
#1793 = AXIS2_PLACEMENT_3D ( 'NONE', #3714, #1909, #175 ) ;
#1794 = LINE ( 'NONE', #1012, #3671 ) ;
#1795 = VECTOR ( 'NONE', #694, 1000.000000000000000 ) ;
#1796 = LINE ( 'NONE', #3229, #4436 ) ;
#1797 = CARTESIAN_POINT ( 'NONE',  ( -42.16590530853014229, 3.800121620935609901, 11.49999999999999289 ) ) ;
#1798 = ORIENTED_EDGE ( 'NONE', *, *, #2352, .F. ) ;
#1799 = VERTEX_POINT ( 'NONE', #1617 ) ;
#1800 = CARTESIAN_POINT ( 'NONE',  ( -167.0833333333333428, 11.41666666666664653, 7.666666666666668739 ) ) ;
#1801 = VECTOR ( 'NONE', #2126, 1000.000000000000000 ) ;
#1802 = EDGE_CURVE ( 'NONE', #3611, #2430, #4052, .T. ) ;
#1803 = LINE ( 'NONE', #23, #2704 ) ;
#1804 = VERTEX_POINT ( 'NONE', #918 ) ;
#1805 = DIRECTION ( 'NONE',  ( 0.5222179225941254721, -0.8528120785504130774, 0.000000000000000000 ) ) ;
#1806 = CARTESIAN_POINT ( 'NONE',  ( -168.5000000000000000, 0.4999999999999625855, 0.000000000000000000 ) ) ;
#1807 = EDGE_CURVE ( 'NONE', #3748, #4279, #4507, .T. ) ;
#1808 = DIRECTION ( 'NONE',  ( 0.000000000000000000, 0.000000000000000000, -1.000000000000000000 ) ) ;
#1809 = DIRECTION ( 'NONE',  ( 0.000000000000000000, -1.000000000000000000, 0.000000000000000000 ) ) ;
#1810 = EDGE_LOOP ( 'NONE', ( #4387, #4149, #2705, #2616 ) ) ;
#1811 = ORIENTED_EDGE ( 'NONE', *, *, #2416, .T. ) ;
#1812 = LINE ( 'NONE', #11, #1482 ) ;
#1813 = EDGE_CURVE ( 'NONE', #96, #4023, #2267, .T. ) ;
#1814 = CARTESIAN_POINT ( 'NONE',  ( -41.25851250546318028, 6.284855769230763833, 10.90000000000000036 ) ) ;
#1815 = ORIENTED_EDGE ( 'NONE', *, *, #679, .T. ) ;
#1816 = CARTESIAN_POINT ( 'NONE',  ( -2.799999999999997158, 97.99999999999998579, 5.750000000000000000 ) ) ;
#1817 = LINE ( 'NONE', #3159, #1492 ) ;
#1818 = DIRECTION ( 'NONE',  ( 0.7071067811865472397, 0.7071067811865479058, -0.000000000000000000 ) ) ;
#1819 = FACE_OUTER_BOUND ( 'NONE', #2024, .T. ) ;
#1820 = ORIENTED_EDGE ( 'NONE', *, *, #1770, .T. ) ;
#1821 = VERTEX_POINT ( 'NONE', #2991 ) ;
#1822 = CARTESIAN_POINT ( 'NONE',  ( -38.61666666666671688, 9.499999999999996447, 7.299999999999998934 ) ) ;
#1823 = DIRECTION ( 'NONE',  ( -1.000000000000000000, 0.000000000000000000, -0.000000000000000000 ) ) ;
#1824 = ORIENTED_EDGE ( 'NONE', *, *, #2974, .T. ) ;
#1825 = CARTESIAN_POINT ( 'NONE',  ( -40.25073379566920551, 5.594488545286308678, 10.90000000000000036 ) ) ;
#1826 = EDGE_CURVE ( 'NONE', #3195, #4194, #1201, .T. ) ;
#1827 = CARTESIAN_POINT ( 'NONE',  ( -40.37029135161701987, 3.187499999999995115, 11.50000000000000000 ) ) ;
#1828 = CARTESIAN_POINT ( 'NONE',  ( -7.850000000000004974, 94.89999999999997726, 7.000000000000000000 ) ) ;
#1829 = ORIENTED_EDGE ( 'NONE', *, *, #481, .T. ) ;
#1830 = ADVANCED_FACE ( 'NONE', ( #4553, #592 ), #2028, .F. ) ;
#1831 = ORIENTED_EDGE ( 'NONE', *, *, #972, .F. ) ;
#1832 = CARTESIAN_POINT ( 'NONE',  ( -35.10466635161701987, 3.230769230769225508, 11.50000000000000000 ) ) ;
#1833 = CALENDAR_DATE ( 2023, 8, 6 ) ;
#1834 = DIRECTION ( 'NONE',  ( 0.7592566023652695950, 0.6507913734560000218, -0.000000000000000000 ) ) ;
#1835 = ORIENTED_EDGE ( 'NONE', *, *, #1838, .T. ) ;
#1836 = ADVANCED_FACE ( 'NONE', ( #2759, #2829 ), #2450, .F. ) ;
#1837 = FACE_OUTER_BOUND ( 'NONE', #3579, .T. ) ;
#1838 = EDGE_CURVE ( 'NONE', #4410, #2689, #3858, .T. ) ;
#1839 = CARTESIAN_POINT ( 'NONE',  ( -41.61783178133675420, 7.962379770408407609, 11.50000000000000178 ) ) ;
#1840 = CARTESIAN_POINT ( 'NONE',  ( -168.5000000000000000, -3.840213398329402751E-14, 0.5000000000000004441 ) ) ;
#1841 = CARTESIAN_POINT ( 'NONE',  ( -1.049673440877685585E-15, 9.499999999999998224, 5.750000000000000000 ) ) ;
#1842 = ORIENTED_EDGE ( 'NONE', *, *, #608, .F. ) ;
#1843 = ADVANCED_FACE ( 'NONE', ( #4532 ), #1670, .F. ) ;
#1844 = LINE ( 'NONE', #1175, #3511 ) ;
#1845 = LINE ( 'NONE', #3235, #2323 ) ;
#1846 = VERTEX_POINT ( 'NONE', #4626 ) ;
#1847 = DIRECTION ( 'NONE',  ( -0.000000000000000000, -0.000000000000000000, 1.000000000000000000 ) ) ;
#1848 = CARTESIAN_POINT ( 'NONE',  ( -2.150000000000003908, 101.7999999999999829, 9.000000000000001776 ) ) ;
#1849 = VECTOR ( 'NONE', #578, 1000.000000000000000 ) ;
#1850 = FACE_OUTER_BOUND ( 'NONE', #1598, .T. ) ;
#1851 = DIRECTION ( 'NONE',  ( 0.000000000000000000, 0.000000000000000000, -1.000000000000000000 ) ) ;
#1852 = ORIENTED_EDGE ( 'NONE', *, *, #3853, .F. ) ;
#1853 = CARTESIAN_POINT ( 'NONE',  ( -29.80000000000003268, 6.599999999999913491, 10.69999999999999929 ) ) ;
#1854 = CARTESIAN_POINT ( 'NONE',  ( -28.80000000000002913, 9.999999999999994671, 6.799999999999998934 ) ) ;
#1855 = EDGE_CURVE ( 'NONE', #3459, #29, #2429, .T. ) ;
#1856 = CARTESIAN_POINT ( 'NONE',  ( -41.29559743134355898, 6.547287111806465276, 10.90000000000000391 ) ) ;
#1857 = ORIENTED_EDGE ( 'NONE', *, *, #1892, .F. ) ;
#1858 = CARTESIAN_POINT ( 'NONE',  ( -39.41235865930932647, 4.227163461538455458, 10.90000000000000036 ) ) ;
#1859 = VECTOR ( 'NONE', #859, 1000.000000000000000 ) ;
#1860 = EDGE_CURVE ( 'NONE', #3420, #3908, #1344, .T. ) ;
#1861 = CARTESIAN_POINT ( 'NONE',  ( -35.28062484748659244, 0.7999999999999127809, 7.299999999999998934 ) ) ;
#1862 = PLANE ( 'NONE',  #1877 ) ;
#1863 = CARTESIAN_POINT ( 'NONE',  ( -41.84505096700164017, 3.361778846153840927, 10.90000000000000036 ) ) ;
#1864 = VECTOR ( 'NONE', #1672, 1000.000000000000000 ) ;
#1865 = VECTOR ( 'NONE', #4205, 1000.000000000000000 ) ;
#1866 = ORIENTED_EDGE ( 'NONE', *, *, #43, .F. ) ;
#1867 = ORIENTED_EDGE ( 'NONE', *, *, #4106, .T. ) ;
#1868 = DIRECTION ( 'NONE',  ( 0.000000000000000000, -1.000000000000000000, 0.000000000000000000 ) ) ;
#1869 = VECTOR ( 'NONE', #210, 1000.000000000000000 ) ;
#1870 = AXIS2_PLACEMENT_3D ( 'NONE', #3879, #638, #1315 ) ;
#1871 = ADVANCED_FACE ( 'NONE', ( #4265 ), #615, .F. ) ;
#1872 = CARTESIAN_POINT ( 'NONE',  ( -35.87389712084779347, 3.230769230769225508, 10.90000000000000036 ) ) ;
#1873 = ORIENTED_EDGE ( 'NONE', *, *, #1194, .F. ) ;
#1874 = CARTESIAN_POINT ( 'NONE',  ( -41.85069302547553605, 6.971372736616166854, 11.50000000000000000 ) ) ;
#1875 = CIRCLE ( 'NONE', #3823, 1.700000000000007061 ) ;
#1876 = CARTESIAN_POINT ( 'NONE',  ( -43.79697404392472038, 6.999999999999994671, 11.50000000000000000 ) ) ;
#1877 = AXIS2_PLACEMENT_3D ( 'NONE', #866, #4055, #1527 ) ;
#1878 = DIRECTION ( 'NONE',  ( 0.000000000000000000, 0.000000000000000000, -1.000000000000000000 ) ) ;
#1879 = DIRECTION ( 'NONE',  ( -0.000000000000000000, -0.000000000000000000, 1.000000000000000000 ) ) ;
#1880 = ORIENTED_EDGE ( 'NONE', *, *, #1428, .T. ) ;
#1881 = CARTESIAN_POINT ( 'NONE',  ( -40.10635847660253006, 6.466211227128699335, 10.89999999999999858 ) ) ;
#1882 = CARTESIAN_POINT ( 'NONE',  ( -25.00000000000000000, 4.999999999999996447, 0.000000000000000000 ) ) ;
#1883 = LINE ( 'NONE', #890, #513 ) ;
#1884 = EDGE_LOOP ( 'NONE', ( #2883, #2039 ) ) ;
#1885 = DIRECTION ( 'NONE',  ( 1.000000000000000000, 0.000000000000000000, 0.000000000000000000 ) ) ;
#1886 = EDGE_CURVE ( 'NONE', #3908, #1799, #4168, .T. ) ;
#1887 = FACE_OUTER_BOUND ( 'NONE', #3408, .T. ) ;
#1888 = CARTESIAN_POINT ( 'NONE',  ( -42.02013005645454058, 6.989377694663172491, 11.50000000000000355 ) ) ;
#1889 = CARTESIAN_POINT ( 'NONE',  ( -43.16908790966348874, 4.523893809824398815, 11.49999999999999467 ) ) ;
#1890 = ORIENTED_EDGE ( 'NONE', *, *, #2792, .T. ) ;
#1891 = CARTESIAN_POINT ( 'NONE',  ( -28.97355371900829368, 9.851239669421474332, 6.948760330578520161 ) ) ;
#1892 = EDGE_CURVE ( 'NONE', #2508, #4383, #2738, .T. ) ;
#1893 = CARTESIAN_POINT ( 'NONE',  ( -42.81620481315548687, 6.999999999999994671, 11.50000000000000000 ) ) ;
#1894 = ORIENTED_EDGE ( 'NONE', *, *, #3488, .T. ) ;
#1895 = CARTESIAN_POINT ( 'NONE',  ( -29.01666666666668348, 10.66666666666665186, 10.16666666666668739 ) ) ;
#1896 = ADVANCED_FACE ( 'NONE', ( #988 ), #3430, .F. ) ;
#1897 = CARTESIAN_POINT ( 'NONE',  ( -41.60947404392472748, 4.687499999999996447, 11.50000000000000178 ) ) ;
#1898 = VERTEX_POINT ( 'NONE', #939 ) ;
#1899 = CARTESIAN_POINT ( 'NONE',  ( -37.80000000000001847, 7.599999999999912603, 10.69999999999999929 ) ) ;
#1900 = ORIENTED_EDGE ( 'NONE', *, *, #938, .F. ) ;
#1901 = DIRECTION ( 'NONE',  ( -1.000000000000000000, 0.000000000000000000, 0.000000000000000000 ) ) ;
#1902 = CARTESIAN_POINT ( 'NONE',  ( -26.70000000000000284, 4.999999999999996447, 10.50000000000000000 ) ) ;
#1903 = CARTESIAN_POINT ( 'NONE',  ( -41.42442396561754236, 6.756974101814036793, 10.90000000000000391 ) ) ;
#1904 = EDGE_LOOP ( 'NONE', ( #1370, #2448, #3164, #2500 ) ) ;
#1905 = ORIENTED_EDGE ( 'NONE', *, *, #4201, .T. ) ;
#1906 = PLANE ( 'NONE',  #4585 ) ;
#1907 = CARTESIAN_POINT ( 'NONE',  ( -42.10582899903511134, 6.993494830717913224, 10.89999999999999680 ) ) ;
#1908 = ADVANCED_FACE ( 'NONE', ( #3835 ), #3082, .T. ) ;
#1909 = DIRECTION ( 'NONE',  ( -0.000000000000000000, -0.000000000000000000, 1.000000000000000000 ) ) ;
#1910 = VERTEX_POINT ( 'NONE', #2099 ) ;
#1911 = DIRECTION ( 'NONE',  ( -0.000000000000000000, -0.000000000000000000, 1.000000000000000000 ) ) ;
#1912 = LINE ( 'NONE', #4103, #2632 ) ;
#1913 = EDGE_CURVE ( 'NONE', #1994, #4023, #2049, .T. ) ;
#1914 = CARTESIAN_POINT ( 'NONE',  ( -10.00000000000000178, 101.2999999999999829, 11.50000000000000000 ) ) ;
#1915 = ORIENTED_EDGE ( 'NONE', *, *, #3037, .F. ) ;
#1916 = DIRECTION ( 'NONE',  ( 1.000000000000000000, 1.104919411450195664E-16, 0.000000000000000000 ) ) ;
#1917 = CARTESIAN_POINT ( 'NONE',  ( -40.48025196391812131, 5.234059794183349545, 11.50000000000000178 ) ) ;
#1918 = EDGE_CURVE ( 'NONE', #969, #3300, #2477, .T. ) ;
#1919 = VERTEX_POINT ( 'NONE', #202 ) ;
#1920 = CARTESIAN_POINT ( 'NONE',  ( -36.87509904392471327, 7.923076923076918021, 10.90000000000000036 ) ) ;
#1921 = ORIENTED_EDGE ( 'NONE', *, *, #2152, .T. ) ;
#1922 = LINE ( 'NONE', #1968, #572 ) ;
#1923 = CARTESIAN_POINT ( 'NONE',  ( -40.10523666073332549, 6.381039841388416178, 10.89999999999999858 ) ) ;
#1924 = VECTOR ( 'NONE', #2114, 1000.000000000000000 ) ;
#1925 = EDGE_CURVE ( 'NONE', #860, #1618, #252, .T. ) ;
#1926 = LINE ( 'NONE', #170, #3582 ) ;
#1927 = VERTEX_POINT ( 'NONE', #3809 ) ;
#1928 = VECTOR ( 'NONE', #2955, 1000.000000000000000 ) ;
#1929 = ORIENTED_EDGE ( 'NONE', *, *, #3073, .T. ) ;
#1930 = DIRECTION ( 'NONE',  ( -1.000000000000000000, 0.000000000000000000, 0.000000000000000000 ) ) ;
#1931 = FACE_OUTER_BOUND ( 'NONE', #2108, .T. ) ;
#1932 = ORIENTED_EDGE ( 'NONE', *, *, #4476, .T. ) ;
#1933 = VECTOR ( 'NONE', #3619, 1000.000000000000114 ) ;
#1934 = LINE ( 'NONE', #2269, #4417 ) ;
#1935 = CIRCLE ( 'NONE', #3139, 1.700000000000006173 ) ;
#1936 = VECTOR ( 'NONE', #520, 1000.000000000000000 ) ;
#1937 = CARTESIAN_POINT ( 'NONE',  ( -37.80000000000001847, 7.599999999999912603, 7.299999999999998934 ) ) ;
#1938 = CARTESIAN_POINT ( 'NONE',  ( -30.20000000000000995, 7.599999999999912603, 7.299999999999998934 ) ) ;
#1939 = ORIENTED_EDGE ( 'NONE', *, *, #2736, .F. ) ;
#1940 = DIRECTION ( 'NONE',  ( 5.873614215016744198E-16, -1.000000000000000000, 0.000000000000000000 ) ) ;
#1941 = VECTOR ( 'NONE', #1060, 1000.000000000000000 ) ;
#1942 = VECTOR ( 'NONE', #3246, 1000.000000000000114 ) ;
#1943 = EDGE_CURVE ( 'NONE', #711, #1473, #3126, .T. ) ;
#1944 = CARTESIAN_POINT ( 'NONE',  ( -40.94357937322453722, 4.096216586781729951, 11.49999999999999822 ) ) ;
#1945 = VECTOR ( 'NONE', #4233, 1000.000000000000000 ) ;
#1946 = ORIENTED_EDGE ( 'NONE', *, *, #4142, .T. ) ;
#1947 = FACE_OUTER_BOUND ( 'NONE', #4571, .T. ) ;
#1948 = CARTESIAN_POINT ( 'NONE',  ( 0.000000000000000000, 0.000000000000000000, 7.000000000000000000 ) ) ;
#1949 = CARTESIAN_POINT ( 'NONE',  ( -42.20878754246267306, 7.998619469647866076, 10.90000000000000391 ) ) ;
#1950 = EDGE_CURVE ( 'NONE', #1064, #1087, #2920, .T. ) ;
#1951 = VECTOR ( 'NONE', #1623, 1000.000000000000000 ) ;
#1952 = CARTESIAN_POINT ( 'NONE',  ( -41.62947181607936642, 6.904704917441982559, 10.89999999999999858 ) ) ;
#1953 = ORIENTED_EDGE ( 'NONE', *, *, #308, .F. ) ;
#1954 = EDGE_LOOP ( 'NONE', ( #4230, #1546, #526, #4422 ) ) ;
#1955 = ADVANCED_FACE ( 'NONE', ( #4001 ), #2197, .F. ) ;
#1956 = PLANE ( 'NONE',  #894 ) ;
#1957 = LINE ( 'NONE', #3016, #1711 ) ;
#1958 = ORIENTED_EDGE ( 'NONE', *, *, #315, .T. ) ;
#1959 = DIRECTION ( 'NONE',  ( 2.115516434118058079E-17, 1.000000000000000000, 0.000000000000000000 ) ) ;
#1960 = CARTESIAN_POINT ( 'NONE',  ( -9.500000000000000000, 93.99999999999998579, 5.750000000000000000 ) ) ;
#1961 = CARTESIAN_POINT ( 'NONE',  ( -7.850000000000004974, 94.89999999999997726, 9.000000000000001776 ) ) ;
#1962 = CARTESIAN_POINT ( 'NONE',  ( -40.10572418948983398, 6.283195188038152246, 11.50000000000000000 ) ) ;
#1963 = ORIENTED_EDGE ( 'NONE', *, *, #1455, .F. ) ;
#1964 = LINE ( 'NONE', #113, #3722 ) ;
#1965 = CARTESIAN_POINT ( 'NONE',  ( -40.10572418948983398, 6.283195188038152246, 11.50000000000000000 ) ) ;
#1966 = VERTEX_POINT ( 'NONE', #1079 ) ;
#1967 = FACE_OUTER_BOUND ( 'NONE', #2112, .T. ) ;
#1968 = CARTESIAN_POINT ( 'NONE',  ( -39.41235865930932647, 3.230769230769225508, 11.50000000000000000 ) ) ;
#1969 = CARTESIAN_POINT ( 'NONE',  ( -41.79881056276875029, 7.978105654603521835, 10.89999999999999858 ) ) ;
#1970 = EDGE_CURVE ( 'NONE', #1196, #2877, #2121, .T. ) ;
#1971 = DIRECTION ( 'NONE',  ( -0.7071067811865475727, 0.000000000000000000, 0.7071067811865475727 ) ) ;
#1972 = ORIENTED_EDGE ( 'NONE', *, *, #4522, .F. ) ;
#1973 = EDGE_LOOP ( 'NONE', ( #2223, #404, #3821, #2643 ) ) ;
#1974 = CARTESIAN_POINT ( 'NONE',  ( -42.64112119281824675, 7.000398751398806851, 11.49999999999999645 ) ) ;
#1975 = EDGE_CURVE ( 'NONE', #1411, #2769, #1333, .T. ) ;
#1976 = CARTESIAN_POINT ( 'NONE',  ( -10.00000000000000000, 101.2999999999999829, 6.250000000000000000 ) ) ;
#1977 = EDGE_LOOP ( 'NONE', ( #4260, #1285, #2784, #470 ) ) ;
#1978 = CARTESIAN_POINT ( 'NONE',  ( -42.40224131050975842, 4.100970709152984561, 11.50000000000000533 ) ) ;
#1979 = CARTESIAN_POINT ( 'NONE',  ( -43.79697404392472038, 4.538461538461532996, 10.90000000000000036 ) ) ;
#1980 = CARTESIAN_POINT ( 'NONE',  ( -174.7000000000000171, 4.999999999999976907, 9.000000000000001776 ) ) ;
#1981 = CARTESIAN_POINT ( 'NONE',  ( -28.35000000000002629, 9.999999999999994671, 9.500000000000028422 ) ) ;
#1982 = EDGE_CURVE ( 'NONE', #2971, #3167, #3290, .T. ) ;
#1983 = CARTESIAN_POINT ( 'NONE',  ( -41.91515087756312141, 6.982528756330794728, 11.50000000000000000 ) ) ;
#1984 = ORIENTED_EDGE ( 'NONE', *, *, #1595, .T. ) ;
#1985 = PLANE ( 'NONE',  #3882 ) ;
#1986 = CARTESIAN_POINT ( 'NONE',  ( -40.25073379566920551, 5.594488545286308678, 10.90000000000000036 ) ) ;
#1987 = ORIENTED_EDGE ( 'NONE', *, *, #1072, .T. ) ;
#1988 = CARTESIAN_POINT ( 'NONE',  ( -5.000000000000004441, 97.99999999999998579, 6.249999999999999112 ) ) ;
#1989 = ORIENTED_EDGE ( 'NONE', *, *, #2558, .T. ) ;
#1990 = DIRECTION ( 'NONE',  ( 0.000000000000000000, -0.7071067811865474617, 0.7071067811865474617 ) ) ;
#1991 = CARTESIAN_POINT ( 'NONE',  ( -42.81620481315548687, 6.999999999999994671, 10.90000000000000036 ) ) ;
#1992 = DIRECTION ( 'NONE',  ( -1.000000000000000000, 0.000000000000000000, 0.000000000000000000 ) ) ;
#1993 = DIRECTION ( 'NONE',  ( -0.5773502691896258421, -0.5773502691896258421, 0.5773502691896256200 ) ) ;
#1994 = VERTEX_POINT ( 'NONE', #393 ) ;
#1995 = ORIENTED_EDGE ( 'NONE', *, *, #1450, .T. ) ;
#1996 = EDGE_CURVE ( 'NONE', #1821, #3711, #4365, .T. ) ;
#1997 = DIRECTION ( 'NONE',  ( 2.115516434118058079E-17, 1.000000000000000000, 0.000000000000000000 ) ) ;
#1998 = ORIENTED_EDGE ( 'NONE', *, *, #2237, .T. ) ;
#1999 = FACE_OUTER_BOUND ( 'NONE', #3397, .T. ) ;
#2000 = PLANE ( 'NONE',  #4190 ) ;
#2001 = EDGE_CURVE ( 'NONE', #2239, #1291, #2896, .T. ) ;
#2002 = CARTESIAN_POINT ( 'NONE',  ( -9.500000000000000000, 101.2999999999999829, 5.750000000000000000 ) ) ;
#2003 = PLANE ( 'NONE',  #597 ) ;
#2004 = CARTESIAN_POINT ( 'NONE',  ( -41.25851250546318028, 6.284855769230763833, 10.90000000000000036 ) ) ;
#2005 = CONICAL_SURFACE ( 'NONE', #1105, 1.999999999999999556, 0.7853981633974482790 ) ;
#2006 = VECTOR ( 'NONE', #3165, 1000.000000000000000 ) ;
#2007 = EDGE_LOOP ( 'NONE', ( #593, #1545, #1771, #483 ) ) ;
#2008 = CARTESIAN_POINT ( 'NONE',  ( -3.299999999999997602, 97.99999999999998579, 7.000000000000000000 ) ) ;
#2009 = ADVANCED_FACE ( 'NONE', ( #1147 ), #3224, .F. ) ;
#2010 = VECTOR ( 'NONE', #2337, 1000.000000000000000 ) ;
#2011 = VECTOR ( 'NONE', #2075, 1000.000000000000000 ) ;
#2012 = LINE ( 'NONE', #2390, #3447 ) ;
#2013 = ORIENTED_EDGE ( 'NONE', *, *, #4347, .F. ) ;
#2014 = FACE_OUTER_BOUND ( 'NONE', #2836, .T. ) ;
#2015 = VECTOR ( 'NONE', #285, 1000.000000000000114 ) ;
#2016 = CARTESIAN_POINT ( 'NONE',  ( -41.25851250546318028, 6.284855769230763833, 10.90000000000000036 ) ) ;
#2017 = CARTESIAN_POINT ( 'NONE',  ( -176.8000000000000114, 8.349999999999919709, 5.750000000000000000 ) ) ;
#2018 = B_SPLINE_SURFACE_WITH_KNOTS ( 'NONE', 3, 1, ( 
 ( #1863, #2902 ),
 ( #3676, #1131 ),
 ( #2860, #3605 ),
 ( #780, #2221 ),
 ( #4028, #1797 ),
 ( #3932, #2148 ),
 ( #760, #3954 ),
 ( #3203, #3298 ),
 ( #1508, #4390 ),
 ( #18, #1440 ),
 ( #710, #3230 ),
 ( #351, #4679 ),
 ( #4342, #4322 ),
 ( #2527, #732 ),
 ( #3252, #2556 ),
 ( #3407, #1889 ),
 ( #2307, #1220 ),
 ( #469, #867 ),
 ( #896, #3318 ) ),
 .UNSPECIFIED., .F., .F., .F.,
 ( 4, 1, 1, 1, 1, 1, 1, 1, 1, 1, 1, 1, 1, 1, 1, 1, 4 ),
 ( 2, 2 ),
 ( 0.000000000000000000, 0.09159048609353184767, 0.1748650680095214238, 0.2498291386197520059, 0.3161601287445531816, 0.3740999210226527705, 0.4237697149570359700, 0.4648394052542228483, 0.4980745876098449099, 0.5541607459856843221, 0.6073875402327884032, 0.6580157587679736908, 0.7068185003504509067, 0.7608855792435086363, 0.8276472363467611837, 0.9071004225686321032, 1.000000000000000000 ),
 ( 0.000000000000000000, 1.000000000000000000 ),
 .UNSPECIFIED. ) ;
#2019 = AXIS2_PLACEMENT_3D ( 'NONE', #407, #1071, #3941 ) ;
#2020 = VECTOR ( 'NONE', #4193, 1000.000000000000000 ) ;
#2021 = CARTESIAN_POINT ( 'NONE',  ( -40.84683218391204917, 7.746912533848882454, 11.49999999999999822 ) ) ;
#2022 = CARTESIAN_POINT ( 'NONE',  ( -40.46488412866383300, 3.354437254712048677, 10.90000000000000036 ) ) ;
#2023 = ORIENTED_EDGE ( 'NONE', *, *, #4047, .F. ) ;
#2024 = EDGE_LOOP ( 'NONE', ( #4327, #3701, #346, #1946 ) ) ;
#2025 = VECTOR ( 'NONE', #1404, 1000.000000000000000 ) ;
#2026 = VECTOR ( 'NONE', #974, 1000.000000000000000 ) ;
#2027 = CARTESIAN_POINT ( 'NONE',  ( -42.75570732434717769, 7.000137782496382854, 11.49999999999999822 ) ) ;
#2028 = PLANE ( 'NONE',  #1870 ) ;
#2029 = ORIENTED_EDGE ( 'NONE', *, *, #4100, .F. ) ;
#2030 = DIRECTION ( 'NONE',  ( -1.000000000000000000, 0.000000000000000000, 0.000000000000000000 ) ) ;
#2031 = CARTESIAN_POINT ( 'NONE',  ( -173.0000000000000284, 4.999999999999976907, 10.49999999999999822 ) ) ;
#2032 = DIRECTION ( 'NONE',  ( -0.000000000000000000, 0.000000000000000000, 1.000000000000000000 ) ) ;
#2033 = CARTESIAN_POINT ( 'NONE',  ( -3.299999999999998046, 97.99999999999998579, 6.249999999999999112 ) ) ;
#2034 = CARTESIAN_POINT ( 'NONE',  ( -29.80000000000002203, 4.799999999999940314, 10.69999999999999929 ) ) ;
#2035 = VERTEX_POINT ( 'NONE', #4386 ) ;
#2036 = EDGE_CURVE ( 'NONE', #8, #82, #1434, .T. ) ;
#2037 = DIRECTION ( 'NONE',  ( -7.812960085010829765E-17, 0.7071067811865480168, 0.7071067811865470176 ) ) ;
#2038 = CARTESIAN_POINT ( 'NONE',  ( -41.54881479000979994, 4.697909696161336690, 10.89999999999999858 ) ) ;
#2039 = ORIENTED_EDGE ( 'NONE', *, *, #911, .T. ) ;
#2040 = EDGE_CURVE ( 'NONE', #791, #2877, #776, .T. ) ;
#2041 = CARTESIAN_POINT ( 'NONE',  ( -176.8000000000000114, 7.849999999999974776, 7.000000000000000000 ) ) ;
#2042 = CARTESIAN_POINT ( 'NONE',  ( -41.32807730788029232, 5.944290882365486972, 10.90000000000000213 ) ) ;
#2043 = LINE ( 'NONE', #2064, #3592 ) ;
#2044 = LINE ( 'NONE', #4380, #1496 ) ;
#2045 = CARTESIAN_POINT ( 'NONE',  ( -40.55755003004311021, 3.511838176082229257, 10.90000000000000213 ) ) ;
#2046 = VERTEX_POINT ( 'NONE', #1504 ) ;
#2047 = ORIENTED_EDGE ( 'NONE', *, *, #2895, .T. ) ;
#2048 = APPROVAL_ROLE ( '' ) ;
#2049 = LINE ( 'NONE', #305, #1640 ) ;
#2050 = ORIENTED_EDGE ( 'NONE', *, *, #2264, .T. ) ;
#2051 = DIRECTION ( 'NONE',  ( 0.7592566023652687068, -0.6507913734560009100, 0.000000000000000000 ) ) ;
#2052 = CYLINDRICAL_SURFACE ( 'NONE', #3136, 1.700000000000007061 ) ;
#2053 = CARTESIAN_POINT ( 'NONE',  ( -12.00000000000001599, 9.999999999999996447, 0.5000000000000004441 ) ) ;
#2054 = DIRECTION ( 'NONE',  ( 1.000000000000000000, 0.000000000000000000, 0.000000000000000000 ) ) ;
#2055 = DIRECTION ( 'NONE',  ( -0.000000000000000000, -0.000000000000000000, 1.000000000000000000 ) ) ;
#2056 = ORIENTED_EDGE ( 'NONE', *, *, #2131, .F. ) ;
#2057 = B_SPLINE_SURFACE_WITH_KNOTS ( 'NONE', 3, 1, ( 
 ( #2266, #4027 ),
 ( #468, #1219 ),
 ( #2242, #3675 ),
 ( #449, #1888 ),
 ( #1907, #3336 ),
 ( #4192, #591 ),
 ( #2714, #1718 ),
 ( #2354, #614 ),
 ( #228, #1974 ),
 ( #3406, #2027 ),
 ( #3104, #965 ) ),
 .UNSPECIFIED., .F., .F., .F.,
 ( 4, 1, 1, 1, 1, 1, 1, 1, 4 ),
 ( 2, 2 ),
 ( 0.000000000000000000, 0.05265892874552966646, 0.1248127157246213259, 0.2192102179564827669, 0.3332050912219705618, 0.4694640205394735033, 0.6253523620739041000, 0.8021990883184628718, 1.000000000000000000 ),
 ( 0.000000000000000000, 1.000000000000000000 ),
 .UNSPECIFIED. ) ;
#2058 = DIRECTION ( 'NONE',  ( -1.000000000000000000, 0.000000000000000000, 0.000000000000000000 ) ) ;
#2059 = EDGE_CURVE ( 'NONE', #488, #4410, #2548, .T. ) ;
#2060 = CARTESIAN_POINT ( 'NONE',  ( -41.43029346389371881, 4.718249065901001238, 10.89999999999999858 ) ) ;
#2061 = EDGE_LOOP ( 'NONE', ( #2441, #1172, #4634 ) ) ;
#2062 = LINE ( 'NONE', #1704, #200 ) ;
#2063 = CARTESIAN_POINT ( 'NONE',  ( -41.81157808374981499, 5.590179052084507383, 10.89999999999999858 ) ) ;
#2064 = CARTESIAN_POINT ( 'NONE',  ( -7.850000000000004974, 101.7999999999999829, 9.000000000000001776 ) ) ;
#2065 = ADVANCED_FACE ( 'NONE', ( #2169 ), #4207, .T. ) ;
#2066 = PLANE ( 'NONE',  #3900 ) ;
#2067 = CARTESIAN_POINT ( 'NONE',  ( -41.55080973302126068, 4.648646075095651753, 10.90000000000000036 ) ) ;
#2068 = ORIENTED_EDGE ( 'NONE', *, *, #4047, .T. ) ;
#2069 = ORIENTED_EDGE ( 'NONE', *, *, #596, .F. ) ;
#2070 = EDGE_CURVE ( 'NONE', #2257, #3617, #1883, .T. ) ;
#2071 = DATE_TIME_ROLE ( 'creation_date' ) ;
#2072 = CARTESIAN_POINT ( 'NONE',  ( -169.0000000000000000, -3.851745570696757619E-14, 11.50000000000000000 ) ) ;
#2073 = ORIENTED_EDGE ( 'NONE', *, *, #4456, .F. ) ;
#2074 = CARTESIAN_POINT ( 'NONE',  ( -176.8000000000000114, 8.349999999999919709, 7.000000000000000000 ) ) ;
#2075 = DIRECTION ( 'NONE',  ( -0.000000000000000000, -0.000000000000000000, 1.000000000000000000 ) ) ;
#2076 = CARTESIAN_POINT ( 'NONE',  ( -43.79697404392472038, 1.999999999999994893, 10.90000000000000036 ) ) ;
#2077 = CARTESIAN_POINT ( 'NONE',  ( -29.80000000000003268, 6.599999999999913491, 7.299999999999998934 ) ) ;
#2078 = DIRECTION ( 'NONE',  ( 0.9284766908852655209, 0.3713906763540881784, 0.000000000000000000 ) ) ;
#2079 = ORIENTED_EDGE ( 'NONE', *, *, #4147, .T. ) ;
#2080 = ORIENTED_EDGE ( 'NONE', *, *, #2608, .F. ) ;
#2081 = CARTESIAN_POINT ( 'NONE',  ( -173.0000000000000284, 4.999999999999976907, 9.000000000000001776 ) ) ;
#2082 = CARTESIAN_POINT ( 'NONE',  ( -42.86788750546318028, 5.538461538461533884, 11.50000000000000000 ) ) ;
#2083 = VERTEX_POINT ( 'NONE', #4073 ) ;
#2084 = DIRECTION ( 'NONE',  ( -0.7071067811865431318, 0.000000000000000000, -0.7071067811865520136 ) ) ;
#2085 = ADVANCED_FACE ( 'NONE', ( #102 ), #1166, .T. ) ;
#2086 = CARTESIAN_POINT ( 'NONE',  ( -27.85000000000000142, 9.499999999999966249, 9.000000000000001776 ) ) ;
#2087 = AXIS2_PLACEMENT_3D ( 'NONE', #1920, #2588, #460 ) ;
#2088 = PLANE ( 'NONE',  #885 ) ;
#2089 = AXIS2_PLACEMENT_3D ( 'NONE', #1297, #2409, #3838 ) ;
#2090 = CARTESIAN_POINT ( 'NONE',  ( -40.75285232126903168, 7.686190733819787013, 11.50000000000000178 ) ) ;
#2091 = AXIS2_PLACEMENT_3D ( 'NONE', #1222, #898, #1599 ) ;
#2092 = AXIS2_PLACEMENT_3D ( 'NONE', #450, #1109, #802 ) ;
#2093 = DIRECTION ( 'NONE',  ( 0.000000000000000000, 0.000000000000000000, 1.000000000000000000 ) ) ;
#2094 = ORIENTED_EDGE ( 'NONE', *, *, #4588, .T. ) ;
#2095 = EDGE_CURVE ( 'NONE', #3079, #230, #4473, .T. ) ;
#2096 = VERTEX_POINT ( 'NONE', #2683 ) ;
#2097 = AXIS2_PLACEMENT_3D ( 'NONE', #446, #2922, #798 ) ;
#2098 = APPROVAL_ROLE ( '' ) ;
#2099 = CARTESIAN_POINT ( 'NONE',  ( -12.00000000000001954, 9.499999999999996447, 11.50000000000000000 ) ) ;
#2100 = AXIS2_PLACEMENT_3D ( 'NONE', #2136, #1449, #2890 ) ;
#2101 = ORIENTED_EDGE ( 'NONE', *, *, #804, .T. ) ;
#2102 = ADVANCED_FACE ( 'NONE', ( #4022 ), #3314, .T. ) ;
#2103 = CARTESIAN_POINT ( 'NONE',  ( -34.00000000000001421, 4.799999999999912781, 7.299999999999998934 ) ) ;
#2104 = AXIS2_PLACEMENT_3D ( 'NONE', #3863, #3133, #4587 ) ;
#2105 = DIRECTION ( 'NONE',  ( 0.000000000000000000, 0.000000000000000000, -1.000000000000000000 ) ) ;
#2106 = CARTESIAN_POINT ( 'NONE',  ( -10.00000000000000178, 12.00000000000001066, 0.5000000000000004441 ) ) ;
#2107 = DIRECTION ( 'NONE',  ( 0.7071067811865475727, 0.000000000000000000, 0.7071067811865475727 ) ) ;
#2108 = EDGE_LOOP ( 'NONE', ( #1010, #2908, #2502, #3448 ) ) ;
#2109 = ORIENTED_EDGE ( 'NONE', *, *, #2838, .T. ) ;
#2110 = CARTESIAN_POINT ( 'NONE',  ( -12.00000000000001599, 9.999999999999996447, 0.5000000000000004441 ) ) ;
#2111 = CARTESIAN_POINT ( 'NONE',  ( -176.3000000000000682, 7.849999999999974776, 9.000000000000001776 ) ) ;
#2112 = EDGE_LOOP ( 'NONE', ( #2128, #3470, #3804, #741, #1231 ) ) ;
#2113 = FACE_OUTER_BOUND ( 'NONE', #3552, .T. ) ;
#2114 = DIRECTION ( 'NONE',  ( -0.000000000000000000, -0.000000000000000000, 1.000000000000000000 ) ) ;
#2115 =( GEOMETRIC_REPRESENTATION_CONTEXT ( 3 ) GLOBAL_UNCERTAINTY_ASSIGNED_CONTEXT ( ( #3991 ) ) GLOBAL_UNIT_ASSIGNED_CONTEXT ( ( #2405, #201, #174 ) ) REPRESENTATION_CONTEXT ( 'NONE', 'WORKASPACE' ) );
#2116 = FACE_OUTER_BOUND ( 'NONE', #3627, .T. ) ;
#2117 = DIRECTION ( 'NONE',  ( -0.7071067811865474617, -0.000000000000000000, 0.7071067811865474617 ) ) ;
#2118 = ORIENTED_EDGE ( 'NONE', *, *, #4237, .T. ) ;
#2119 = DIRECTION ( 'NONE',  ( -5.782411586589446386E-15, 1.000000000000000000, -0.000000000000000000 ) ) ;
#2120 = EDGE_CURVE ( 'NONE', #2904, #4279, #2963, .T. ) ;
#2121 = LINE ( 'NONE', #1478, #2173 ) ;
#2122 = ORIENTED_EDGE ( 'NONE', *, *, #4610, .T. ) ;
#2123 = LINE ( 'NONE', #3881, #3812 ) ;
#2124 = EDGE_CURVE ( 'NONE', #2769, #1742, #4483, .T. ) ;
#2125 = DIRECTION ( 'NONE',  ( 5.873614215016744198E-16, -1.000000000000000000, 0.000000000000000000 ) ) ;
#2126 = DIRECTION ( 'NONE',  ( -0.000000000000000000, -0.000000000000000000, 1.000000000000000000 ) ) ;
#2127 = PLANE ( 'NONE',  #2092 ) ;
#2128 = ORIENTED_EDGE ( 'NONE', *, *, #1077, .T. ) ;
#2129 = ORIENTED_EDGE ( 'NONE', *, *, #1855, .F. ) ;
#2130 = LINE ( 'NONE', #3560, #1784 ) ;
#2131 = EDGE_CURVE ( 'NONE', #1161, #1271, #4501, .T. ) ;
#2132 = DIRECTION ( 'NONE',  ( 0.000000000000000000, 0.000000000000000000, -1.000000000000000000 ) ) ;
#2133 = ORIENTED_EDGE ( 'NONE', *, *, #300, .T. ) ;
#2134 = DIRECTION ( 'NONE',  ( -0.7071067811865475727, 0.7071067811865475727, 0.000000000000000000 ) ) ;
#2135 = LINE ( 'NONE', #26, #489 ) ;
#2136 = CARTESIAN_POINT ( 'NONE',  ( -2.000000000000014211, 0.000000000000000000, 0.5000000000000004441 ) ) ;
#2137 = DIRECTION ( 'NONE',  ( 1.000000000000000000, 0.000000000000000000, 0.000000000000000000 ) ) ;
#2138 = ORIENTED_EDGE ( 'NONE', *, *, #4315, .F. ) ;
#2139 = CARTESIAN_POINT ( 'NONE',  ( -40.75285232126903168, 7.686190733819787013, 11.49999999999999112 ) ) ;
#2140 = APPLICATION_CONTEXT ( 'configuration controlled 3d designs of mechanical parts and assemblies' ) ;
#2141 = PERSON_AND_ORGANIZATION_ROLE ( 'design_supplier' ) ;
#2142 = CARTESIAN_POINT ( 'NONE',  ( -41.85069302547553605, 6.971372736616166854, 10.90000000000000036 ) ) ;
#2143 = ORIENTED_EDGE ( 'NONE', *, *, #1531, .T. ) ;
#2144 = CARTESIAN_POINT ( 'NONE',  ( -5.832498915511625888E-14, 101.2999999999999829, 6.250000000000000000 ) ) ;
#2145 = EDGE_CURVE ( 'NONE', #4414, #4250, #3382, .T. ) ;
#2146 = DIRECTION ( 'NONE',  ( 0.000000000000000000, -1.000000000000000000, 0.000000000000000000 ) ) ;
#2147 = LINE ( 'NONE', #3604, #1193 ) ;
#2148 = CARTESIAN_POINT ( 'NONE',  ( -42.25290800121496915, 3.917495016417334330, 11.50000000000000000 ) ) ;
#2149 = ORIENTED_EDGE ( 'NONE', *, *, #2468, .F. ) ;
#2150 = ORIENTED_EDGE ( 'NONE', *, *, #250, .F. ) ;
#2151 = DIRECTION ( 'NONE',  ( 0.000000000000000000, 0.000000000000000000, -1.000000000000000000 ) ) ;
#2152 = EDGE_CURVE ( 'NONE', #4675, #4533, #1926, .T. ) ;
#2153 = CIRCLE ( 'NONE', #1325, 1.700000000000007061 ) ;
#2154 = LINE ( 'NONE', #2864, #442 ) ;
#2155 = VERTEX_POINT ( 'NONE', #3668 ) ;
#2156 = DIRECTION ( 'NONE',  ( 0.000000000000000000, 0.000000000000000000, -1.000000000000000000 ) ) ;
#2157 = DIRECTION ( 'NONE',  ( 1.000000000000000000, 0.000000000000000000, 0.000000000000000000 ) ) ;
#2158 = ADVANCED_FACE ( 'NONE', ( #443 ), #1331, .F. ) ;
#2159 = VECTOR ( 'NONE', #472, 1000.000000000000000 ) ;
#2160 = LINE ( 'NONE', #2230, #4664 ) ;
#2161 = LINE ( 'NONE', #2871, #4189 ) ;
#2162 = AXIS2_PLACEMENT_3D ( 'NONE', #1687, #3779, #2804 ) ;
#2163 = ORIENTED_EDGE ( 'NONE', *, *, #2001, .T. ) ;
#2164 = AXIS2_PLACEMENT_3D ( 'NONE', #2649, #3339, #4081 ) ;
#2165 = VERTEX_POINT ( 'NONE', #2613 ) ;
#2166 = DIRECTION ( 'NONE',  ( -1.000000000000000000, -2.306434473471112695E-16, 0.000000000000000000 ) ) ;
#2167 = VECTOR ( 'NONE', #4608, 1000.000000000000000 ) ;
#2168 = VECTOR ( 'NONE', #4589, 1000.000000000000114 ) ;
#2169 = FACE_OUTER_BOUND ( 'NONE', #72, .T. ) ;
#2170 = EDGE_LOOP ( 'NONE', ( #3327, #2783, #492, #2473 ) ) ;
#2171 = CARTESIAN_POINT ( 'NONE',  ( -37.02774327469393967, 4.230769230769225508, 10.90000000000000036 ) ) ;
#2172 = AXIS2_PLACEMENT_3D ( 'NONE', #3602, #2595, #1885 ) ;
#2173 = VECTOR ( 'NONE', #755, 1000.000000000000114 ) ;
#2174 = CARTESIAN_POINT ( 'NONE',  ( -176.8000000000000114, 1.649999999999977041, 7.000000000000000000 ) ) ;
#2175 = AXIS2_PLACEMENT_3D ( 'NONE', #1204, #1512, #2970 ) ;
#2176 = CARTESIAN_POINT ( 'NONE',  ( -169.9000000000000057, 2.149999999999976374, 9.000000000000001776 ) ) ;
#2177 = LINE ( 'NONE', #1486, #4659 ) ;
#2178 = EDGE_LOOP ( 'NONE', ( #259, #2262, #3106, #3933 ) ) ;
#2179 = ORIENTED_EDGE ( 'NONE', *, *, #43, .T. ) ;
#2180 = CARTESIAN_POINT ( 'NONE',  ( -176.3000000000000682, 7.849999999999974776, 9.000000000000001776 ) ) ;
#2181 = VECTOR ( 'NONE', #2597, 1000.000000000000000 ) ;
#2182 = DIRECTION ( 'NONE',  ( -0.7071067811865474617, -4.906538933386793298E-15, -0.7071067811865474617 ) ) ;
#2183 = EDGE_CURVE ( 'NONE', #3420, #1751, #486, .T. ) ;
#2184 = EDGE_LOOP ( 'NONE', ( #3291, #2226, #2903, #2748 ) ) ;
#2185 = CARTESIAN_POINT ( 'NONE',  ( -40.10466635161702698, 6.337740384615378808, 10.90000000000000036 ) ) ;
#2186 = DIRECTION ( 'NONE',  ( -1.000000000000000000, -1.521687259628779001E-16, 0.000000000000000000 ) ) ;
#2187 = CARTESIAN_POINT ( 'NONE',  ( -22.15000000000000213, 1.999999999999997335, 9.000000000000001776 ) ) ;
#2188 = EDGE_CURVE ( 'NONE', #4160, #1008, #260, .T. ) ;
#2189 = EDGE_CURVE ( 'NONE', #3176, #3876, #3121, .T. ) ;
#2190 = PLANE ( 'NONE',  #3135 ) ;
#2191 = ORIENTED_EDGE ( 'NONE', *, *, #3475, .T. ) ;
#2192 = ORIENTED_EDGE ( 'NONE', *, *, #3815, .T. ) ;
#2193 = LINE ( 'NONE', #1832, #2467 ) ;
#2194 = B_SPLINE_CURVE_WITH_KNOTS ( 'NONE', 3,
 ( #3756, #1541, #1949, #123, #1969, #1163, #2281, #1235, #3422, #2961, #3729, #3709, #2327, #3008, #169, #4070, #3776, #910, #534, #4426, #1610, #192, #3047, #149, #2610, #1923, #4497 ),
 .UNSPECIFIED., .F., .F.,
 ( 4, 1, 1, 1, 1, 1, 1, 1, 1, 1, 1, 1, 1, 1, 1, 1, 1, 1, 1, 1, 1, 1, 1, 1, 4 ),
 ( 0.000000000000000000, 0.06982616849899446476, 0.1345678064441841737, 0.1946546787308970350, 0.2497272936950495903, 0.3002886274677145084, 0.3460321053681098546, 0.3874375487314905553, 0.4243158513751301708, 0.4590730889188450181, 0.4932448260598499834, 0.5271141003553342363, 0.5610385684762988490, 0.5952220357179325294, 0.6298753074370248006, 0.6649863903354743533, 0.7012857943233479219, 0.7379678957382058702, 0.7742617770842663560, 0.8108508622066069593, 0.8472697177897883236, 0.8845086264750888772, 0.9223102820010338210, 0.9605040759056857613, 1.000000000000000000 ),
 .UNSPECIFIED. ) ;
#2195 = EDGE_CURVE ( 'NONE', #445, #4132, #3854, .T. ) ;
#2196 = APPROVAL_DATE_TIME ( #2498, #4541 ) ;
#2197 = PLANE ( 'NONE',  #4203 ) ;
#2198 = ORIENTED_EDGE ( 'NONE', *, *, #4398, .T. ) ;
#2199 = DIRECTION ( 'NONE',  ( 0.7071067811865476838, 6.133173666733490636E-16, -0.7071067811865474617 ) ) ;
#2200 = DIRECTION ( 'NONE',  ( -1.000000000000000000, 0.000000000000000000, 0.000000000000000000 ) ) ;
#2201 = CARTESIAN_POINT ( 'NONE',  ( -39.19999999999999574, 9.999999999999996447, 7.299999999999998934 ) ) ;
#2202 = DIRECTION ( 'NONE',  ( 0.5222179225941254721, -0.8528120785504130774, 0.000000000000000000 ) ) ;
#2203 = ORIENTED_EDGE ( 'NONE', *, *, #792, .F. ) ;
#2204 = ORIENTED_EDGE ( 'NONE', *, *, #1433, .T. ) ;
#2205 = DIRECTION ( 'NONE',  ( 0.000000000000000000, 0.000000000000000000, -1.000000000000000000 ) ) ;
#2206 = DIRECTION ( 'NONE',  ( 0.000000000000000000, -0.000000000000000000, 1.000000000000000000 ) ) ;
#2207 = VERTEX_POINT ( 'NONE', #1006 ) ;
#2208 = DIRECTION ( 'NONE',  ( -0.000000000000000000, 0.000000000000000000, -1.000000000000000000 ) ) ;
#2209 = FACE_OUTER_BOUND ( 'NONE', #2648, .T. ) ;
#2210 = ADVANCED_FACE ( 'NONE', ( #960 ), #3476, .F. ) ;
#2211 = DIRECTION ( 'NONE',  ( -5.782411586589446386E-15, 1.000000000000000000, -0.000000000000000000 ) ) ;
#2212 = CARTESIAN_POINT ( 'NONE',  ( -2.000000000000014211, 0.000000000000000000, 11.00000000000000000 ) ) ;
#2213 = ORIENTED_EDGE ( 'NONE', *, *, #2825, .F. ) ;
#2214 = CARTESIAN_POINT ( 'NONE',  ( -41.45343788132913687, 7.939499622492438569, 10.89999999999999680 ) ) ;
#2215 = DIRECTION ( 'NONE',  ( -1.257045997084642365E-16, -1.000000000000000000, 0.000000000000000000 ) ) ;
#2216 = EDGE_CURVE ( 'NONE', #875, #3420, #4144, .T. ) ;
#2217 = CARTESIAN_POINT ( 'NONE',  ( -41.26055638506259982, 6.331100756943373931, 11.50000000000000355 ) ) ;
#2218 = ORIENTED_EDGE ( 'NONE', *, *, #4170, .T. ) ;
#2219 = CARTESIAN_POINT ( 'NONE',  ( -176.8000000000000114, 0.4999999999999601985, 11.00000000000000000 ) ) ;
#2220 = FACE_OUTER_BOUND ( 'NONE', #4167, .T. ) ;
#2221 = CARTESIAN_POINT ( 'NONE',  ( -42.06708178790442076, 3.668406506700225389, 11.49999999999999822 ) ) ;
#2222 = ORIENTED_EDGE ( 'NONE', *, *, #1353, .T. ) ;
#2223 = ORIENTED_EDGE ( 'NONE', *, *, #386, .F. ) ;
#2224 = CARTESIAN_POINT ( 'NONE',  ( -28.35000000000002629, 9.999999999999994671, 6.499999999999971578 ) ) ;
#2225 = CARTESIAN_POINT ( 'NONE',  ( -39.64312789007856708, 1.999999999999994893, 10.90000000000000036 ) ) ;
#2226 = ORIENTED_EDGE ( 'NONE', *, *, #2592, .F. ) ;
#2227 = CARTESIAN_POINT ( 'NONE',  ( -42.06708178790442076, 3.668406506700225389, 11.50000000000000178 ) ) ;
#2228 = CARTESIAN_POINT ( 'NONE',  ( -32.71937515251344308, 0.7999999999999162226, 10.69999999999999929 ) ) ;
#2229 = VECTOR ( 'NONE', #1778, 1000.000000000000000 ) ;
#2230 = CARTESIAN_POINT ( 'NONE',  ( -10.00000000000000178, 12.00000000000001066, 6.250000000000000000 ) ) ;
#2231 = EDGE_CURVE ( 'NONE', #2333, #4337, #4570, .T. ) ;
#2232 = FACE_OUTER_BOUND ( 'NONE', #1755, .T. ) ;
#2233 = ORIENTED_EDGE ( 'NONE', *, *, #911, .F. ) ;
#2234 = CARTESIAN_POINT ( 'NONE',  ( -40.10635847660253006, 6.466211227128699335, 11.49999999999998757 ) ) ;
#2235 = CARTESIAN_POINT ( 'NONE',  ( -43.53856058238625337, 4.538461538461532996, 11.50000000000000000 ) ) ;
#2236 = VECTOR ( 'NONE', #3866, 1000.000000000000000 ) ;
#2237 = EDGE_CURVE ( 'NONE', #3231, #4550, #2755, .T. ) ;
#2238 = DIRECTION ( 'NONE',  ( -0.000000000000000000, -0.000000000000000000, 1.000000000000000000 ) ) ;
#2239 = VERTEX_POINT ( 'NONE', #913 ) ;
#2240 = DIRECTION ( 'NONE',  ( 0.000000000000000000, 0.000000000000000000, -1.000000000000000000 ) ) ;
#2241 = CARTESIAN_POINT ( 'NONE',  ( -39.41235865930932647, 4.227163461538455458, 10.90000000000000036 ) ) ;
#2242 = CARTESIAN_POINT ( 'NONE',  ( -41.95310593109942943, 6.986699201285865968, 10.89999999999999680 ) ) ;
#2243 = EDGE_CURVE ( 'NONE', #3101, #1804, #3369, .T. ) ;
#2244 = DIRECTION ( 'NONE',  ( -0.8528120785504130774, -0.5222179225941254721, 0.000000000000000000 ) ) ;
#2245 = VECTOR ( 'NONE', #1257, 1000.000000000000000 ) ;
#2246 = AXIS2_PLACEMENT_3D ( 'NONE', #288, #3485, #4270 ) ;
#2247 = VERTEX_POINT ( 'NONE', #3172 ) ;
#2248 = LINE ( 'NONE', #255, #3434 ) ;
#2249 = VECTOR ( 'NONE', #4368, 1000.000000000000114 ) ;
#2250 = CARTESIAN_POINT ( 'NONE',  ( -38.40033942854010007, 4.230769230769225508, 10.90000000000000036 ) ) ;
#2251 = ORIENTED_EDGE ( 'NONE', *, *, #4296, .F. ) ;
#2252 = AXIS2_PLACEMENT_3D ( 'NONE', #1359, #625, #1754 ) ;
#2253 = FACE_OUTER_BOUND ( 'NONE', #772, .T. ) ;
#2254 = AXIS2_PLACEMENT_3D ( 'NONE', #3439, #643, #2054 ) ;
#2255 = CARTESIAN_POINT ( 'NONE',  ( -40.15507211347620142, 5.871088396926343655, 10.90000000000000391 ) ) ;
#2256 = LINE ( 'NONE', #118, #1859 ) ;
#2257 = VERTEX_POINT ( 'NONE', #2425 ) ;
#2258 = LINE ( 'NONE', #2979, #1615 ) ;
#2259 = CARTESIAN_POINT ( 'NONE',  ( -10.00000000000000178, 101.7999999999999829, 11.00000000000000000 ) ) ;
#2260 = PRODUCT_DEFINITION ( 'UNKNOWN', '', #1364, #787 ) ;
#2261 = DIRECTION ( 'NONE',  ( -0.000000000000000000, -0.000000000000000000, 1.000000000000000000 ) ) ;
#2262 = ORIENTED_EDGE ( 'NONE', *, *, #1405, .F. ) ;
#2263 = ORIENTED_EDGE ( 'NONE', *, *, #2853, .T. ) ;
#2264 = EDGE_CURVE ( 'NONE', #969, #2207, #2782, .T. ) ;
#2265 = DIRECTION ( 'NONE',  ( 1.000000000000000000, 0.000000000000000000, 0.000000000000000000 ) ) ;
#2266 = CARTESIAN_POINT ( 'NONE',  ( -41.89913750546318028, 6.980769230769226397, 10.90000000000000036 ) ) ;
#2267 = LINE ( 'NONE', #3695, #3897 ) ;
#2268 = EDGE_LOOP ( 'NONE', ( #213, #587, #3780, #3770 ) ) ;
#2269 = CARTESIAN_POINT ( 'NONE',  ( -0.5000000000000593969, 101.7999999999999829, 5.750000000000000000 ) ) ;
#2270 = EDGE_CURVE ( 'NONE', #948, #2522, #4600, .T. ) ;
#2271 = CARTESIAN_POINT ( 'NONE',  ( -39.19999999999999574, 9.999999999999996447, 10.69999999999999929 ) ) ;
#2272 = CARTESIAN_POINT ( 'NONE',  ( -42.33542150130735848, 6.998126830046871305, 11.50000000000000178 ) ) ;
#2273 = ORIENTED_EDGE ( 'NONE', *, *, #2416, .F. ) ;
#2274 = CARTESIAN_POINT ( 'NONE',  ( -21.64999999999997371, 9.999999999999994671, 6.499999999999971578 ) ) ;
#2275 = ADVANCED_FACE ( 'NONE', ( #4185 ), #2447, .F. ) ;
#2276 = CARTESIAN_POINT ( 'NONE',  ( -41.13452942973061255, 4.315908792357554091, 10.89999999999999503 ) ) ;
#2277 = VERTEX_POINT ( 'NONE', #3526 ) ;
#2278 = DIRECTION ( 'NONE',  ( -0.000000000000000000, -0.000000000000000000, 1.000000000000000000 ) ) ;
#2279 = ORIENTED_EDGE ( 'NONE', *, *, #3643, .F. ) ;
#2280 = CARTESIAN_POINT ( 'NONE',  ( -29.38333333333331865, 9.499999999999996447, 7.299999999999998934 ) ) ;
#2281 = CARTESIAN_POINT ( 'NONE',  ( -41.45343788132913687, 7.939499622492438569, 10.89999999999999680 ) ) ;
#2282 = CARTESIAN_POINT ( 'NONE',  ( -42.33542150130735848, 6.998126830046871305, 10.90000000000000213 ) ) ;
#2283 = EDGE_LOOP ( 'NONE', ( #1533, #2735, #781, #3006 ) ) ;
#2284 = VERTEX_POINT ( 'NONE', #2373 ) ;
#2285 = FACE_OUTER_BOUND ( 'NONE', #3832, .T. ) ;
#2286 = CARTESIAN_POINT ( 'NONE',  ( -2.150000000000004796, 94.89999999999997726, 9.000000000000001776 ) ) ;
#2287 = VERTEX_POINT ( 'NONE', #1740 ) ;
#2288 = EDGE_CURVE ( 'NONE', #104, #3273, #197, .T. ) ;
#2289 = CARTESIAN_POINT ( 'NONE',  ( -38.20000000000000995, 4.799999999999941203, 10.69999999999999929 ) ) ;
#2290 = B_SPLINE_SURFACE_WITH_KNOTS ( 'NONE', 3, 1, ( 
 ( #2975, #3375 ),
 ( #3751, #1965 ),
 ( #1254, #3396 ),
 ( #2605, #1606 ),
 ( #2255, #4088 ),
 ( #3043, #2702 ),
 ( #1986, #1184 ),
 ( #3683, #4418 ),
 ( #458, #4136 ),
 ( #3704, #1917 ),
 ( #479, #3772 ),
 ( #3346, #551 ),
 ( #3417, #187 ),
 ( #3825, #1733 ),
 ( #262, #574 ),
 ( #3793, #217 ),
 ( #2060, #1680 ),
 ( #2038, #604 ),
 ( #240, #2819 ) ),
 .UNSPECIFIED., .F., .F., .F.,
 ( 4, 1, 1, 1, 1, 1, 1, 1, 1, 1, 1, 1, 1, 1, 1, 1, 4 ),
 ( 2, 2 ),
 ( 0.000000000000000000, 0.06619453496945949811, 0.1293623663900023424, 0.1907947674848320951, 0.2505245028235321691, 0.3087824708552874831, 0.3666451887979778612, 0.4237216304415279966, 0.4819105218696343451, 0.5400444998771939398, 0.5990830269688290910, 0.6596564083095184383, 0.7216885753940263104, 0.7868329515474189462, 0.8540489251572868090, 0.9253021916125997448, 1.000000000000000000 ),
 ( 0.000000000000000000, 1.000000000000000000 ),
 .UNSPECIFIED. ) ;
#2291 = CARTESIAN_POINT ( 'NONE',  ( -176.3000000000000682, 7.849999999999974776, 7.000000000000000000 ) ) ;
#2292 = PLANE ( 'NONE',  #4197 ) ;
#2293 = ORIENTED_EDGE ( 'NONE', *, *, #1491, .F. ) ;
#2294 = ADVANCED_FACE ( 'NONE', ( #2401 ), #2733, .F. ) ;
#2295 = CYLINDRICAL_SURFACE ( 'NONE', #2386, 1.700000000000007061 ) ;
#2296 = FACE_OUTER_BOUND ( 'NONE', #342, .T. ) ;
#2297 = EDGE_LOOP ( 'NONE', ( #1377, #930, #1915, #2118 ) ) ;
#2298 = ADVANCED_FACE ( 'NONE', ( #341 ), #722, .T. ) ;
#2299 = LINE ( 'NONE', #790, #1346 ) ;
#2300 = ORIENTED_EDGE ( 'NONE', *, *, #1653, .F. ) ;
#2301 = DIRECTION ( 'NONE',  ( -0.5773502691896255090, -0.5773502691896256200, 0.5773502691896262862 ) ) ;
#2302 = CARTESIAN_POINT ( 'NONE',  ( -0.4999999999999992784, -2.936807107508368155E-16, 5.750000000000000000 ) ) ;
#2303 = CARTESIAN_POINT ( 'NONE',  ( -42.47886712502527473, 6.998668417588999269, 10.90000000000000213 ) ) ;
#2304 = ORIENTED_EDGE ( 'NONE', *, *, #3324, .F. ) ;
#2305 = ORIENTED_EDGE ( 'NONE', *, *, #4476, .F. ) ;
#2306 = DIRECTION ( 'NONE',  ( -0.5773502691896258421, 0.5773502691896258421, -0.5773502691896255090 ) ) ;
#2307 = CARTESIAN_POINT ( 'NONE',  ( -43.34399493454693442, 4.537610815686618615, 10.90000000000000036 ) ) ;
#2308 = ORIENTED_EDGE ( 'NONE', *, *, #2564, .T. ) ;
#2309 = CARTESIAN_POINT ( 'NONE',  ( -41.51800566464575581, 6.839331259934207985, 11.50000000000000178 ) ) ;
#2310 = VECTOR ( 'NONE', #4240, 1000.000000000000000 ) ;
#2311 = VECTOR ( 'NONE', #2432, 1000.000000000000000 ) ;
#2312 = CARTESIAN_POINT ( 'NONE',  ( -176.8000000000000114, 1.649999999999977041, 5.750000000000000000 ) ) ;
#2313 = AXIS2_PLACEMENT_3D ( 'NONE', #2420, #3849, #628 ) ;
#2314 = AXIS2_PLACEMENT_3D ( 'NONE', #3647, #2244, #2202 ) ;
#2315 = CARTESIAN_POINT ( 'NONE',  ( -32.71937515251344308, 0.7999999999999162226, 7.299999999999998934 ) ) ;
#2316 = CARTESIAN_POINT ( 'NONE',  ( -42.75570732434717769, 7.000137782496382854, 11.49999999999999822 ) ) ;
#2317 = ORIENTED_EDGE ( 'NONE', *, *, #603, .F. ) ;
#2318 = LINE ( 'NONE', #1895, #1928 ) ;
#2319 = CIRCLE ( 'NONE', #1037, 1.700000000000007061 ) ;
#2320 = VECTOR ( 'NONE', #4316, 1000.000000000000000 ) ;
#2321 = EDGE_CURVE ( 'NONE', #1473, #3736, #4360, .T. ) ;
#2322 = CARTESIAN_POINT ( 'NONE',  ( -40.72810406470320999, 3.785750284256754306, 11.49999999999999822 ) ) ;
#2323 = VECTOR ( 'NONE', #1444, 1000.000000000000000 ) ;
#2324 = ORIENTED_EDGE ( 'NONE', *, *, #3620, .T. ) ;
#2325 = CARTESIAN_POINT ( 'NONE',  ( -176.3000000000000114, -4.020115287260149677E-14, 11.50000000000000000 ) ) ;
#2326 = DIRECTION ( 'NONE',  ( -0.000000000000000000, 0.000000000000000000, 1.000000000000000000 ) ) ;
#2327 = CARTESIAN_POINT ( 'NONE',  ( -40.75285232126903168, 7.686190733819787013, 10.90000000000000213 ) ) ;
#2328 = VECTOR ( 'NONE', #4204, 1000.000000000000000 ) ;
#2329 = EDGE_CURVE ( 'NONE', #104, #3300, #2161, .T. ) ;
#2330 = ADVANCED_FACE ( 'NONE', ( #388 ), #1451, .T. ) ;
#2331 = DIRECTION ( 'NONE',  ( 4.529850959802631992E-16, -0.7071067811865472397, -0.7071067811865479058 ) ) ;
#2332 = ORIENTED_EDGE ( 'NONE', *, *, #3411, .F. ) ;
#2333 = VERTEX_POINT ( 'NONE', #1472 ) ;
#2334 = COORDINATED_UNIVERSAL_TIME_OFFSET ( 1, 0, .AHEAD. ) ;
#2335 = CARTESIAN_POINT ( 'NONE',  ( -43.79697404392472038, 4.538461538461532996, 11.50000000000000000 ) ) ;
#2336 = VERTEX_POINT ( 'NONE', #28 ) ;
#2337 = DIRECTION ( 'NONE',  ( 0.000000000000000000, 1.000000000000000000, 0.000000000000000000 ) ) ;
#2338 = DIRECTION ( 'NONE',  ( 1.000000000000000000, 0.000000000000000000, -0.000000000000000000 ) ) ;
#2339 = PLANE ( 'NONE',  #4427 ) ;
#2340 = FACE_OUTER_BOUND ( 'NONE', #3480, .T. ) ;
#2341 = CARTESIAN_POINT ( 'NONE',  ( -40.39170608809464369, 5.346418700010806546, 11.50000000000000000 ) ) ;
#2342 = ORIENTED_EDGE ( 'NONE', *, *, #3898, .T. ) ;
#2343 = CARTESIAN_POINT ( 'NONE',  ( -18.43333333333332291, 13.21666666666664725, 12.71666666666668277 ) ) ;
#2344 = DIRECTION ( 'NONE',  ( -1.000000000000000000, -2.306434473471112695E-16, 0.000000000000000000 ) ) ;
#2345 = ORIENTED_EDGE ( 'NONE', *, *, #1072, .F. ) ;
#2346 = LINE ( 'NONE', #953, #2617 ) ;
#2347 = EDGE_CURVE ( 'NONE', #3254, #4647, #2826, .T. ) ;
#2348 = CARTESIAN_POINT ( 'NONE',  ( -42.79616929920825896, 5.538615234940928111, 11.49999999999998757 ) ) ;
#2349 = CARTESIAN_POINT ( 'NONE',  ( -176.8000000000000114, 7.849999999999974776, 9.000000000000001776 ) ) ;
#2350 = DIRECTION ( 'NONE',  ( 1.000000000000000000, 0.000000000000000000, 0.000000000000000000 ) ) ;
#2351 = ORIENTED_EDGE ( 'NONE', *, *, #3761, .T. ) ;
#2352 = EDGE_CURVE ( 'NONE', #2904, #2247, #409, .T. ) ;
#2353 = ORIENTED_EDGE ( 'NONE', *, *, #4522, .T. ) ;
#2354 = CARTESIAN_POINT ( 'NONE',  ( -42.47886712502527473, 6.998668417588999269, 10.90000000000000213 ) ) ;
#2355 = DIRECTION ( 'NONE',  ( 1.000000000000000000, -2.115516434118058079E-17, 0.000000000000000000 ) ) ;
#2356 = ORIENTED_EDGE ( 'NONE', *, *, #769, .T. ) ;
#2357 = EDGE_CURVE ( 'NONE', #3696, #3459, #3942, .T. ) ;
#2358 = CARTESIAN_POINT ( 'NONE',  ( -37.80000000000001847, 8.799999999999911893, 7.299999999999998934 ) ) ;
#2359 = LINE ( 'NONE', #3108, #957 ) ;
#2360 = DIRECTION ( 'NONE',  ( -0.000000000000000000, -0.000000000000000000, 1.000000000000000000 ) ) ;
#2361 = DIRECTION ( 'NONE',  ( -0.000000000000000000, -0.000000000000000000, 1.000000000000000000 ) ) ;
#2362 = CARTESIAN_POINT ( 'NONE',  ( -41.38253902384855110, 5.850619487248704509, 10.89999999999999858 ) ) ;
#2363 = ORIENTED_EDGE ( 'NONE', *, *, #4516, .T. ) ;
#2364 = DIRECTION ( 'NONE',  ( -0.7071067811865474617, -0.000000000000000000, 0.7071067811865474617 ) ) ;
#2365 = CARTESIAN_POINT ( 'NONE',  ( -41.45393052777566822, 5.770939225410215201, 11.50000000000000000 ) ) ;
#2366 = ORIENTED_EDGE ( 'NONE', *, *, #2494, .T. ) ;
#2367 = FACE_OUTER_BOUND ( 'NONE', #4681, .T. ) ;
#2368 = EDGE_LOOP ( 'NONE', ( #2684, #907, #2965, #112 ) ) ;
#2369 = DIRECTION ( 'NONE',  ( 0.000000000000000000, 0.000000000000000000, 1.000000000000000000 ) ) ;
#2370 = DIRECTION ( 'NONE',  ( 0.5773502691896256200, 0.5773502691896255090, -0.5773502691896260641 ) ) ;
#2372 = ADVANCED_FACE ( 'NONE', ( #3241 ), #1253, .F. ) ;
#2371 = DIRECTION ( 'NONE',  ( 1.104919411450195664E-16, -1.000000000000000000, 0.000000000000000000 ) ) ;
#2373 = CARTESIAN_POINT ( 'NONE',  ( -176.3000000000000114, 2.149999999999977263, 9.000000000000001776 ) ) ;
#2374 = ORIENTED_EDGE ( 'NONE', *, *, #964, .F. ) ;
#2375 = ORIENTED_EDGE ( 'NONE', *, *, #3451, .F. ) ;
#2376 = AXIS2_PLACEMENT_3D ( 'NONE', #406, #2868, #1093 ) ;
#2377 = EDGE_CURVE ( 'NONE', #1196, #791, #1386, .T. ) ;
#2378 = CARTESIAN_POINT ( 'NONE',  ( -168.5000000000000000, 9.999999999999978684, 0.5000000000000004441 ) ) ;
#2379 = ORIENTED_EDGE ( 'NONE', *, *, #608, .T. ) ;
#2380 = CARTESIAN_POINT ( 'NONE',  ( -37.02774327469393967, 1.999999999999994893, 10.90000000000000036 ) ) ;
#2381 = FACE_OUTER_BOUND ( 'NONE', #1133, .T. ) ;
#2382 = AXIS2_PLACEMENT_3D ( 'NONE', #810, #3344, #4013 ) ;
#2383 = CARTESIAN_POINT ( 'NONE',  ( -37.80000000000001847, 8.799999999999911893, 7.299999999999998934 ) ) ;
#2384 = DIRECTION ( 'NONE',  ( -1.000000000000000000, 0.000000000000000000, 0.000000000000000000 ) ) ;
#2385 = DIRECTION ( 'NONE',  ( 1.000000000000000000, 0.000000000000000000, 0.000000000000000000 ) ) ;
#2386 = AXIS2_PLACEMENT_3D ( 'NONE', #4086, #1157, #3001 ) ;
#2387 = ORIENTED_EDGE ( 'NONE', *, *, #4135, .F. ) ;
#2388 = CARTESIAN_POINT ( 'NONE',  ( -12.00000000000001599, 9.999999999999996447, 9.500000000000028422 ) ) ;
#2389 = VECTOR ( 'NONE', #1134, 1000.000000000000000 ) ;
#2390 = CARTESIAN_POINT ( 'NONE',  ( -2.150000000000004796, 94.89999999999997726, 9.000000000000001776 ) ) ;
#2391 = ORIENTED_EDGE ( 'NONE', *, *, #2481, .F. ) ;
#2392 = DIRECTION ( 'NONE',  ( 0.000000000000000000, -0.000000000000000000, -1.000000000000000000 ) ) ;
#2393 = AXIS2_PLACEMENT_3D ( 'NONE', #666, #3980, #2105 ) ;
#2394 = VECTOR ( 'NONE', #3341, 1000.000000000000000 ) ;
#2395 = CARTESIAN_POINT ( 'NONE',  ( -41.53634677295072208, 5.702017692471817334, 10.90000000000000568 ) ) ;
#2396 = B_SPLINE_CURVE_WITH_KNOTS ( 'NONE', 3,
 ( #2584, #786, #48, #2667, #4378, #869, #2309, #3743, #522, #1874, #543 ),
 .UNSPECIFIED., .F., .F.,
 ( 4, 1, 1, 1, 1, 1, 1, 1, 4 ),
 ( 0.000000000000000000, 0.1328722450794614929, 0.2563555721123005893, 0.3727875326200766892, 0.4886711986942797181, 0.6070021845128357185, 0.7288902972539073044, 0.8583176913027857902, 1.000000000000000000 ),
 .UNSPECIFIED. ) ;
#2397 = CARTESIAN_POINT ( 'NONE',  ( -14.76666666666667105, 16.88333333333329733, -0.3833333333333379667 ) ) ;
#2398 = AXIS2_PLACEMENT_3D ( 'NONE', #2111, #1303, #2747 ) ;
#2399 = AXIS2_PLACEMENT_3D ( 'NONE', #1171, #2715, #3054 ) ;
#2400 = DIRECTION ( 'NONE',  ( 1.000000000000000000, 1.104919411450195664E-16, 0.000000000000000000 ) ) ;
#2401 = FACE_OUTER_BOUND ( 'NONE', #834, .T. ) ;
#2402 = ORIENTED_EDGE ( 'NONE', *, *, #1996, .T. ) ;
#2403 = ORIENTED_EDGE ( 'NONE', *, *, #3185, .F. ) ;
#2404 = AXIS2_PLACEMENT_3D ( 'NONE', #287, #2764, #3463 ) ;
#2405 =( LENGTH_UNIT ( ) NAMED_UNIT ( * ) SI_UNIT ( .MILLI., .METRE. ) );
#2406 = DIRECTION ( 'NONE',  ( -1.000000000000000000, 0.000000000000000000, 0.000000000000000000 ) ) ;
#2407 = ORIENTED_EDGE ( 'NONE', *, *, #4082, .F. ) ;
#2408 = FACE_OUTER_BOUND ( 'NONE', #241, .T. ) ;
#2409 = DIRECTION ( 'NONE',  ( 1.000000000000000000, -0.000000000000000000, 0.000000000000000000 ) ) ;
#2410 = ADVANCED_FACE ( 'NONE', ( #699 ), #2190, .F. ) ;
#2411 = CARTESIAN_POINT ( 'NONE',  ( -37.80000000000001847, 7.599999999999912603, 10.69999999999999929 ) ) ;
#2412 = DIRECTION ( 'NONE',  ( -0.000000000000000000, 0.000000000000000000, 1.000000000000000000 ) ) ;
#2413 = DIRECTION ( 'NONE',  ( -5.782411586589445597E-15, 1.000000000000000000, 0.000000000000000000 ) ) ;
#2414 = VERTEX_POINT ( 'NONE', #1052 ) ;
#2415 = CARTESIAN_POINT ( 'NONE',  ( -5.000000000000004441, 97.99999999999998579, 10.49999999999999822 ) ) ;
#2416 = EDGE_CURVE ( 'NONE', #230, #3231, #2495, .T. ) ;
#2417 = FACE_OUTER_BOUND ( 'NONE', #2268, .T. ) ;
#2418 = SECURITY_CLASSIFICATION ( '', '', #2875 ) ;
#2419 = ORIENTED_EDGE ( 'NONE', *, *, #851, .F. ) ;
#2420 = CARTESIAN_POINT ( 'NONE',  ( -44.95082019777087368, 7.999999999999994671, 10.90000000000000036 ) ) ;
#2421 = CARTESIAN_POINT ( 'NONE',  ( -42.65953399751381880, 5.538908052705451723, 10.90000000000000036 ) ) ;
#2422 = EDGE_CURVE ( 'NONE', #1573, #634, #7, .T. ) ;
#2423 = CARTESIAN_POINT ( 'NONE',  ( -173.0000000000000284, 4.999999999999976907, 5.750000000000000000 ) ) ;
#2424 = DIRECTION ( 'NONE',  ( 0.000000000000000000, 0.000000000000000000, 1.000000000000000000 ) ) ;
#2425 = CARTESIAN_POINT ( 'NONE',  ( -44.95082019777087368, 7.999999999999994671, 10.90000000000000036 ) ) ;
#2426 = ORIENTED_EDGE ( 'NONE', *, *, #308, .T. ) ;
#2427 = ORIENTED_EDGE ( 'NONE', *, *, #3815, .F. ) ;
#2428 = PERSON_AND_ORGANIZATION ( #581, #4303 ) ;
#2429 = LINE ( 'NONE', #278, #2020 ) ;
#2430 = VERTEX_POINT ( 'NONE', #3922 ) ;
#2431 = DIRECTION ( 'NONE',  ( -0.6507913734560010210, -0.7592566023652688179, 0.000000000000000000 ) ) ;
#2432 = DIRECTION ( 'NONE',  ( -5.873614215016744198E-16, 1.000000000000000000, -0.000000000000000000 ) ) ;
#2433 = FACE_OUTER_BOUND ( 'NONE', #3784, .T. ) ;
#2434 = DIRECTION ( 'NONE',  ( -0.000000000000000000, -0.000000000000000000, -1.000000000000000000 ) ) ;
#2435 = ADVANCED_FACE ( 'NONE', ( #2891 ), #2005, .T. ) ;
#2436 = DIRECTION ( 'NONE',  ( -0.000000000000000000, -1.000000000000000000, -0.000000000000000000 ) ) ;
#2437 = ORIENTED_EDGE ( 'NONE', *, *, #2568, .F. ) ;
#2438 = DIRECTION ( 'NONE',  ( 0.000000000000000000, 0.000000000000000000, 1.000000000000000000 ) ) ;
#2439 = CARTESIAN_POINT ( 'NONE',  ( -37.02774327469393967, 6.228365384615379696, 10.90000000000000036 ) ) ;
#2440 = EDGE_CURVE ( 'NONE', #2430, #838, #2471, .T. ) ;
#2441 = ORIENTED_EDGE ( 'NONE', *, *, #1943, .F. ) ;
#2442 = DIRECTION ( 'NONE',  ( 0.000000000000000000, 0.000000000000000000, 1.000000000000000000 ) ) ;
#2443 = CARTESIAN_POINT ( 'NONE',  ( -42.86788750546318028, 5.538461538461533884, 11.49999999999998401 ) ) ;
#2444 = CARTESIAN_POINT ( 'NONE',  ( -28.35000000000002629, 9.999999999999994671, 11.50000000000000000 ) ) ;
#2445 = CARTESIAN_POINT ( 'NONE',  ( -176.8000000000000114, 7.849999999999974776, 9.000000000000001776 ) ) ;
#2446 = EDGE_CURVE ( 'NONE', #1667, #2689, #1781, .T. ) ;
#2447 = PLANE ( 'NONE',  #1782 ) ;
#2448 = ORIENTED_EDGE ( 'NONE', *, *, #3190, .F. ) ;
#2449 = VERTEX_POINT ( 'NONE', #3616 ) ;
#2450 = PLANE ( 'NONE',  #362 ) ;
#2451 = ORIENTED_EDGE ( 'NONE', *, *, #457, .F. ) ;
#2452 = LINE ( 'NONE', #307, #1864 ) ;
#2453 = VECTOR ( 'NONE', #2823, 1000.000000000000114 ) ;
#2454 = LINE ( 'NONE', #3200, #436 ) ;
#2455 = CARTESIAN_POINT ( 'NONE',  ( -12.00000000000000178, 11.99999999999999645, 11.00000000000000000 ) ) ;
#2456 = CARTESIAN_POINT ( 'NONE',  ( -10.00000000000000000, 101.2999999999999829, 11.00000000000000000 ) ) ;
#2457 = VERTEX_POINT ( 'NONE', #750 ) ;
#2458 = VERTEX_POINT ( 'NONE', #3547 ) ;
#2459 = DIRECTION ( 'NONE',  ( 0.000000000000000000, 0.000000000000000000, 1.000000000000000000 ) ) ;
#2460 = EDGE_CURVE ( 'NONE', #1667, #1271, #321, .T. ) ;
#2461 = VECTOR ( 'NONE', #2700, 1000.000000000000000 ) ;
#2462 = LINE ( 'NONE', #293, #58 ) ;
#2463 = ORIENTED_EDGE ( 'NONE', *, *, #3451, .T. ) ;
#2464 = CARTESIAN_POINT ( 'NONE',  ( -35.87389712084779347, 3.230769230769225508, 11.50000000000000000 ) ) ;
#2465 = DIRECTION ( 'NONE',  ( -0.5663183426695792555, -0.8241865897695624943, 0.000000000000000000 ) ) ;
#2466 = VECTOR ( 'NONE', #4643, 999.9999999999998863 ) ;
#2467 = VECTOR ( 'NONE', #1475, 1000.000000000000000 ) ;
#2468 = EDGE_CURVE ( 'NONE', #3955, #445, #4090, .T. ) ;
#2469 = DIRECTION ( 'NONE',  ( 1.000000000000000000, 2.306434473471112695E-16, 0.000000000000000000 ) ) ;
#2470 = AXIS2_PLACEMENT_3D ( 'NONE', #3162, #2078, #1300 ) ;
#2471 = LINE ( 'NONE', #3902, #275 ) ;
#2472 = EDGE_LOOP ( 'NONE', ( #1431, #2079, #735, #2143, #3842, #1880, #1929, #2529, #147, #1890, #4564, #3543 ) ) ;
#2473 = ORIENTED_EDGE ( 'NONE', *, *, #1312, .F. ) ;
#2474 = ADVANCED_FACE ( 'NONE', ( #3282 ), #3753, .T. ) ;
#2475 = VECTOR ( 'NONE', #180, 1000.000000000000000 ) ;
#2476 = AXIS2_PLACEMENT_3D ( 'NONE', #3501, #2788, #2406 ) ;
#2477 = LINE ( 'NONE', #563, #3672 ) ;
#2478 = AXIS2_PLACEMENT_3D ( 'NONE', #765, #4304, #2206 ) ;
#2479 = ORIENTED_EDGE ( 'NONE', *, *, #2440, .T. ) ;
#2480 = PLANE ( 'NONE',  #2695 ) ;
#2481 = EDGE_CURVE ( 'NONE', #4110, #4301, #505, .T. ) ;
#2482 = VECTOR ( 'NONE', #2306, 1000.000000000000114 ) ;
#2483 = CARTESIAN_POINT ( 'NONE',  ( -34.00000000000001421, 4.799999999999912781, 7.299999999999998934 ) ) ;
#2484 = CARTESIAN_POINT ( 'NONE',  ( -43.79697404392472038, 6.999999999999994671, 10.90000000000000036 ) ) ;
#2485 = CARTESIAN_POINT ( 'NONE',  ( -40.99168558238626048, 1.999999999999994893, 10.90000000000000036 ) ) ;
#2486 = ORIENTED_EDGE ( 'NONE', *, *, #1200, .T. ) ;
#2487 = EDGE_LOOP ( 'NONE', ( #2583, #751, #3865, #2351, #1387, #2799 ) ) ;
#2488 = CARTESIAN_POINT ( 'NONE',  ( -43.53856058238625337, 4.538461538461532996, 10.90000000000000036 ) ) ;
#2489 = DIRECTION ( 'NONE',  ( 0.7071067811865475727, -0.7071067811865475727, 0.000000000000000000 ) ) ;
#2490 = ORIENTED_EDGE ( 'NONE', *, *, #603, .T. ) ;
#2491 = DIRECTION ( 'NONE',  ( 1.000000000000000000, -1.257045997084639653E-16, 0.000000000000000000 ) ) ;
#2492 = CARTESIAN_POINT ( 'NONE',  ( -176.3000000000000114, 9.999999999999978684, 11.50000000000000000 ) ) ;
#2493 = DIRECTION ( 'NONE',  ( -1.000000000000000000, -2.514091994169279306E-16, 0.000000000000000000 ) ) ;
#2494 = EDGE_CURVE ( 'NONE', #4373, #2257, #2977, .T. ) ;
#2495 = LINE ( 'NONE', #3636, #131 ) ;
#2496 = EDGE_LOOP ( 'NONE', ( #225, #3066, #1857, #3011 ) ) ;
#2497 = FACE_OUTER_BOUND ( 'NONE', #2007, .T. ) ;
#2498 = DATE_AND_TIME ( #1788, #1281 ) ;
#2499 = ADVANCED_FACE ( 'NONE', ( #2232 ), #1189, .F. ) ;
#2500 = ORIENTED_EDGE ( 'NONE', *, *, #2243, .F. ) ;
#2501 = CARTESIAN_POINT ( 'NONE',  ( -41.75799430613712815, 6.953392504926580564, 10.90000000000000213 ) ) ;
#2502 = ORIENTED_EDGE ( 'NONE', *, *, #1343, .F. ) ;
#2503 = FACE_OUTER_BOUND ( 'NONE', #1977, .T. ) ;
#2504 = LINE ( 'NONE', #3179, #1182 ) ;
#2505 = DIRECTION ( 'NONE',  ( 0.000000000000000000, 1.000000000000000000, 0.000000000000000000 ) ) ;
#2506 = EDGE_CURVE ( 'NONE', #4550, #838, #2636, .T. ) ;
#2507 = CARTESIAN_POINT ( 'NONE',  ( -170.8000000000000114, 4.999999999999976907, 5.750000000000000000 ) ) ;
#2508 = VERTEX_POINT ( 'NONE', #4112 ) ;
#2509 = ORIENTED_EDGE ( 'NONE', *, *, #2231, .F. ) ;
#2510 = DIRECTION ( 'NONE',  ( 1.000000000000000000, 0.000000000000000000, -0.000000000000000000 ) ) ;
#2511 = DIRECTION ( 'NONE',  ( -5.873614215016744198E-16, 1.000000000000000000, 0.000000000000000000 ) ) ;
#2512 = ORIENTED_EDGE ( 'NONE', *, *, #2937, .T. ) ;
#2513 = CARTESIAN_POINT ( 'NONE',  ( -40.99168558238626048, 1.999999999999994893, 11.50000000000000000 ) ) ;
#2514 = PLANE ( 'NONE',  #2376 ) ;
#2515 = B_SPLINE_CURVE_WITH_KNOTS ( 'NONE', 3,
 ( #2185, #296, #3919, #3612, #1118, #3895, #1825, #3258, #1777, #649, #3212, #1735, #25, #1468, #2565, #696, #4280, #4255, #676 ),
 .UNSPECIFIED., .F., .F.,
 ( 4, 1, 1, 1, 1, 1, 1, 1, 1, 1, 1, 1, 1, 1, 1, 1, 4 ),
 ( 0.000000000000000000, 0.06619453496945949811, 0.1293623663900023424, 0.1907947674848320951, 0.2505245028235321691, 0.3087824708552874831, 0.3666451887979778612, 0.4237216304415279966, 0.4819105218696343451, 0.5400444998771939398, 0.5990830269688290910, 0.6596564083095184383, 0.7216885753940263104, 0.7868329515474189462, 0.8540489251572868090, 0.9253021916125997448, 1.000000000000000000 ),
 .UNSPECIFIED. ) ;
#2516 = CARTESIAN_POINT ( 'NONE',  ( -176.3000000000000114, 0.4999999999999601985, 5.750000000000000000 ) ) ;
#2517 = DIRECTION ( 'NONE',  ( -0.000000000000000000, -0.000000000000000000, 1.000000000000000000 ) ) ;
#2518 = ORIENTED_EDGE ( 'NONE', *, *, #2189, .T. ) ;
#2519 = ORIENTED_EDGE ( 'NONE', *, *, #1461, .F. ) ;
#2520 = DIRECTION ( 'NONE',  ( 0.7071067811865474617, -0.7071067811865474617, -0.000000000000000000 ) ) ;
#2521 = DIRECTION ( 'NONE',  ( 0.000000000000000000, 0.000000000000000000, -1.000000000000000000 ) ) ;
#2522 = VERTEX_POINT ( 'NONE', #1899 ) ;
#2523 = FACE_BOUND ( 'NONE', #796, .T. ) ;
#2524 = EDGE_CURVE ( 'NONE', #1910, #1994, #3329, .T. ) ;
#2525 = CARTESIAN_POINT ( 'NONE',  ( -176.8000000000000114, 9.499999999999980460, 5.750000000000000000 ) ) ;
#2526 = CARTESIAN_POINT ( 'NONE',  ( -25.00000000000000000, 4.999999999999996447, 10.50000000000000000 ) ) ;
#2527 = CARTESIAN_POINT ( 'NONE',  ( -42.90199904195073799, 4.476120690612711783, 10.89999999999999858 ) ) ;
#2528 = ORIENTED_EDGE ( 'NONE', *, *, #2460, .F. ) ;
#2529 = ORIENTED_EDGE ( 'NONE', *, *, #2821, .T. ) ;
#2530 = CARTESIAN_POINT ( 'NONE',  ( -42.33249216587681474, 4.017198881680050349, 10.89999999999999858 ) ) ;
#2531 = EDGE_CURVE ( 'NONE', #3803, #1919, #882, .T. ) ;
#2532 = LINE ( 'NONE', #740, #3296 ) ;
#2533 = CIRCLE ( 'NONE', #1099, 1.700000000000000178 ) ;
#2534 = ORIENTED_EDGE ( 'NONE', *, *, #2524, .F. ) ;
#2535 = CARTESIAN_POINT ( 'NONE',  ( -23.30000000000000071, 4.999999999999996447, 10.50000000000000000 ) ) ;
#2536 = CARTESIAN_POINT ( 'NONE',  ( -2.000000000000014211, 0.5000000000000009992, 11.50000000000000000 ) ) ;
#2537 = EDGE_CURVE ( 'NONE', #96, #230, #3706, .T. ) ;
#2538 = CIRCLE ( 'NONE', #2839, 1.700000000000007061 ) ;
#2539 = PLANE ( 'NONE',  #3222 ) ;
#2540 = CARTESIAN_POINT ( 'NONE',  ( -176.8000000000000114, 9.499999999999980460, 11.00000000000000000 ) ) ;
#2541 = AXIS2_PLACEMENT_3D ( 'NONE', #1073, #4259, #1851 ) ;
#2542 = EDGE_LOOP ( 'NONE', ( #2663, #1313, #536, #989 ) ) ;
#2543 = AXIS2_PLACEMENT_3D ( 'NONE', #391, #1098, #774 ) ;
#2544 = CARTESIAN_POINT ( 'NONE',  ( -176.8000000000000114, 8.349999999999919709, 9.000000000000001776 ) ) ;
#2545 = CARTESIAN_POINT ( 'NONE',  ( 0.000000000000000000, 2.000000000000014211, 6.250000000000000000 ) ) ;
#2546 = AXIS2_PLACEMENT_3D ( 'NONE', #606, #2800, #3796 ) ;
#2547 = AXIS2_PLACEMENT_3D ( 'NONE', #3864, #669, #3111 ) ;
#2548 = LINE ( 'NONE', #1456, #4586 ) ;
#2549 = ORIENTED_EDGE ( 'NONE', *, *, #4673, .T. ) ;
#2550 = DIRECTION ( 'NONE',  ( 1.000000000000000000, 0.000000000000000000, 0.000000000000000000 ) ) ;
#2551 = VECTOR ( 'NONE', #3574, 1000.000000000000000 ) ;
#2552 = AXIS2_PLACEMENT_3D ( 'NONE', #4674, #2521, #372 ) ;
#2553 = DIRECTION ( 'NONE',  ( -0.000000000000000000, -0.000000000000000000, 1.000000000000000000 ) ) ;
#2554 = AXIS2_PLACEMENT_3D ( 'NONE', #340, #1122, #4669 ) ;
#2555 = CARTESIAN_POINT ( 'NONE',  ( -173.0000000000000284, 4.999999999999976907, 5.750000000000000000 ) ) ;
#2556 = CARTESIAN_POINT ( 'NONE',  ( -43.02328408301442408, 4.505301759415036855, 11.50000000000000000 ) ) ;
#2557 = ORIENTED_EDGE ( 'NONE', *, *, #4321, .F. ) ;
#2558 = EDGE_CURVE ( 'NONE', #4414, #2333, #2299, .T. ) ;
#2559 = EDGE_LOOP ( 'NONE', ( #2138, #3299, #1015, #2363 ) ) ;
#2560 = CARTESIAN_POINT ( 'NONE',  ( -5.000000000000004441, 97.99999999999998579, 6.249999999999999112 ) ) ;
#2561 = VECTOR ( 'NONE', #4389, 1000.000000000000000 ) ;
#2562 = PLANE ( 'NONE',  #2478 ) ;
#2563 = ORIENTED_EDGE ( 'NONE', *, *, #2377, .T. ) ;
#2564 = EDGE_CURVE ( 'NONE', #3338, #948, #2256, .T. ) ;
#2565 = CARTESIAN_POINT ( 'NONE',  ( -41.10066192803653706, 4.814586686335741383, 10.89999999999999858 ) ) ;
#2566 = DIRECTION ( 'NONE',  ( 0.000000000000000000, -0.7071067811865475727, 0.7071067811865475727 ) ) ;
#2567 = LINE ( 'NONE', #3993, #3975 ) ;
#2568 = EDGE_CURVE ( 'NONE', #838, #313, #3058, .T. ) ;
#2569 = DIRECTION ( 'NONE',  ( 0.000000000000000000, 0.000000000000000000, -1.000000000000000000 ) ) ;
#2570 = ORIENTED_EDGE ( 'NONE', *, *, #1838, .F. ) ;
#2571 = PLANE ( 'NONE',  #4262 ) ;
#2572 = CARTESIAN_POINT ( 'NONE',  ( -174.7000000000000171, 4.999999999999976907, 6.250000000000000000 ) ) ;
#2573 = CARTESIAN_POINT ( 'NONE',  ( -41.26055638506259982, 6.331100756943373931, 10.90000000000000213 ) ) ;
#2574 = VERTEX_POINT ( 'NONE', #1566 ) ;
#2575 = CARTESIAN_POINT ( 'NONE',  ( -27.85000000000000142, 9.499999999999966249, 7.000000000000000000 ) ) ;
#2576 = LINE ( 'NONE', #3201, #1268 ) ;
#2577 = DIRECTION ( 'NONE',  ( 0.000000000000000000, 1.000000000000000000, 0.000000000000000000 ) ) ;
#2578 = ORIENTED_EDGE ( 'NONE', *, *, #3014, .F. ) ;
#2579 = ORIENTED_EDGE ( 'NONE', *, *, #1200, .F. ) ;
#2580 = DIRECTION ( 'NONE',  ( -1.000000000000000000, 0.000000000000000000, 0.000000000000000000 ) ) ;
#2581 = ADVANCED_FACE ( 'NONE', ( #1947 ), #3806, .F. ) ;
#2582 = CARTESIAN_POINT ( 'NONE',  ( -38.19999999999999574, 6.599999999999913491, 7.299999999999998934 ) ) ;
#2583 = ORIENTED_EDGE ( 'NONE', *, *, #95, .F. ) ;
#2584 = CARTESIAN_POINT ( 'NONE',  ( -41.25851250546318028, 6.284855769230763833, 11.50000000000000000 ) ) ;
#2585 = DIRECTION ( 'NONE',  ( 0.000000000000000000, -0.000000000000000000, 1.000000000000000000 ) ) ;
#2586 = EDGE_CURVE ( 'NONE', #3855, #1144, #77, .T. ) ;
#2587 = CARTESIAN_POINT ( 'NONE',  ( -12.00000000000000178, 11.99999999999999645, 11.50000000000000000 ) ) ;
#2588 = DIRECTION ( 'NONE',  ( 0.000000000000000000, -1.000000000000000000, 0.000000000000000000 ) ) ;
#2589 = ORIENTED_EDGE ( 'NONE', *, *, #2592, .T. ) ;
#2590 = CARTESIAN_POINT ( 'NONE',  ( -11.99999999999999822, 0.4999999999999987232, 11.50000000000000000 ) ) ;
#2591 = LINE ( 'NONE', #725, #1933 ) ;
#2592 = EDGE_CURVE ( 'NONE', #3856, #4011, #4067, .T. ) ;
#2593 = CARTESIAN_POINT ( 'NONE',  ( -41.51800566464575581, 6.839331259934207985, 10.90000000000000213 ) ) ;
#2594 = VERTEX_POINT ( 'NONE', #4400 ) ;
#2595 = DIRECTION ( 'NONE',  ( 0.000000000000000000, 0.000000000000000000, 1.000000000000000000 ) ) ;
#2596 = CARTESIAN_POINT ( 'NONE',  ( -27.85000000000000142, 1.999999999999996669, 9.000000000000001776 ) ) ;
#2597 = DIRECTION ( 'NONE',  ( 0.000000000000000000, 0.000000000000000000, 1.000000000000000000 ) ) ;
#2598 = DIRECTION ( 'NONE',  ( 0.000000000000000000, 0.000000000000000000, -1.000000000000000000 ) ) ;
#2599 = EDGE_LOOP ( 'NONE', ( #4333, #2426, #4361, #3628 ) ) ;
#2600 = DIRECTION ( 'NONE',  ( 0.000000000000000000, 0.000000000000000000, -1.000000000000000000 ) ) ;
#2601 = DIRECTION ( 'NONE',  ( -5.873614215016744198E-16, 1.000000000000000000, 0.000000000000000000 ) ) ;
#2602 = ORIENTED_EDGE ( 'NONE', *, *, #4232, .F. ) ;
#2603 = CC_DESIGN_PERSON_AND_ORGANIZATION_ASSIGNMENT ( #1269, #1056, ( #1364 ) ) ;
#2604 = DIRECTION ( 'NONE',  ( 0.000000000000000000, -1.000000000000000000, 0.000000000000000000 ) ) ;
#2605 = CARTESIAN_POINT ( 'NONE',  ( -40.12681594618525338, 6.020361767034141387, 10.90000000000000036 ) ) ;
#2606 = CARTESIAN_POINT ( 'NONE',  ( -40.37029135161701987, 3.187499999999995115, 10.90000000000000036 ) ) ;
#2607 = EDGE_LOOP ( 'NONE', ( #2739, #1671, #2263, #1068 ) ) ;
#2608 = EDGE_CURVE ( 'NONE', #3742, #1030, #1211, .T. ) ;
#2609 = CARTESIAN_POINT ( 'NONE',  ( -9.500000000000001776, 12.00000000000001066, 11.50000000000000000 ) ) ;
#2610 = CARTESIAN_POINT ( 'NONE',  ( -40.10635847660253006, 6.466211227128699335, 10.89999999999999858 ) ) ;
#2611 = VECTOR ( 'NONE', #1879, 1000.000000000000000 ) ;
#2612 = VECTOR ( 'NONE', #4616, 1000.000000000000114 ) ;
#2613 = CARTESIAN_POINT ( 'NONE',  ( -40.99168558238626048, 1.999999999999994893, 10.90000000000000036 ) ) ;
#2614 = ORIENTED_EDGE ( 'NONE', *, *, #714, .F. ) ;
#2615 = EDGE_CURVE ( 'NONE', #1008, #199, #1160, .T. ) ;
#2616 = ORIENTED_EDGE ( 'NONE', *, *, #70, .F. ) ;
#2617 = VECTOR ( 'NONE', #3774, 1000.000000000000114 ) ;
#2618 = AXIS2_PLACEMENT_3D ( 'NONE', #2302, #4472, #509 ) ;
#2619 = PLANE ( 'NONE',  #2852 ) ;
#2620 = CYLINDRICAL_SURFACE ( 'NONE', #1046, 2.000000000000000000 ) ;
#2621 = CARTESIAN_POINT ( 'NONE',  ( 0.000000000000000000, 2.000000000000014211, 11.00000000000000000 ) ) ;
#2622 = AXIS2_PLACEMENT_3D ( 'NONE', #2076, #4536, #2763 ) ;
#2623 = AXIS2_PLACEMENT_3D ( 'NONE', #1841, #1063, #4652 ) ;
#2624 = ORIENTED_EDGE ( 'NONE', *, *, #4482, .T. ) ;
#2625 = EDGE_CURVE ( 'NONE', #3742, #129, #815, .T. ) ;
#2626 = DIRECTION ( 'NONE',  ( -1.000000000000000000, 0.000000000000000000, 0.000000000000000000 ) ) ;
#2627 = VECTOR ( 'NONE', #582, 1000.000000000000000 ) ;
#2628 = VECTOR ( 'NONE', #3763, 1000.000000000000000 ) ;
#2629 = FACE_OUTER_BOUND ( 'NONE', #3415, .T. ) ;
#2630 = CARTESIAN_POINT ( 'NONE',  ( -40.95328171827372898, 4.877711270069171157, 11.49999999999999822 ) ) ;
#2631 = VERTEX_POINT ( 'NONE', #4469 ) ;
#2632 = VECTOR ( 'NONE', #4463, 1000.000000000000000 ) ;
#2633 = CARTESIAN_POINT ( 'NONE',  ( -37.02774327469393967, 3.230769230769225508, 10.90000000000000036 ) ) ;
#2634 = CARTESIAN_POINT ( 'NONE',  ( -41.55080973302126068, 4.648646075095651753, 10.90000000000000036 ) ) ;
#2635 = ORIENTED_EDGE ( 'NONE', *, *, #3554, .F. ) ;
#2636 = LINE ( 'NONE', #2677, #4271 ) ;
#2637 = ORIENTED_EDGE ( 'NONE', *, *, #408, .T. ) ;
#2638 = CARTESIAN_POINT ( 'NONE',  ( -40.50102454292777310, 7.460933503521105514, 11.49999999999999289 ) ) ;
#2639 = LINE ( 'NONE', #2349, #4654 ) ;
#2640 = ADVANCED_FACE ( 'NONE', ( #1329 ), #3398, .T. ) ;
#2641 = CARTESIAN_POINT ( 'NONE',  ( -41.62947181607936642, 6.904704917441982559, 11.50000000000000000 ) ) ;
#2642 = EDGE_LOOP ( 'NONE', ( #936, #2375, #928, #1741 ) ) ;
#2643 = ORIENTED_EDGE ( 'NONE', *, *, #2558, .F. ) ;
#2644 = ADVANCED_FACE ( 'NONE', ( #1661 ), #167, .F. ) ;
#2645 = DIRECTION ( 'NONE',  ( 1.000000000000000000, 1.104919411450195664E-16, 0.000000000000000000 ) ) ;
#2646 = CARTESIAN_POINT ( 'NONE',  ( 1.416666666666612118, 92.08333333333332860, 7.666666666666664298 ) ) ;
#2647 = LINE ( 'NONE', #848, #3365 ) ;
#2648 = EDGE_LOOP ( 'NONE', ( #373, #3122, #4644, #1745 ) ) ;
#2649 = CARTESIAN_POINT ( 'NONE',  ( -40.99168558238626048, 1.999999999999994893, 10.90000000000000036 ) ) ;
#2650 = ADVANCED_FACE ( 'NONE', ( #2367 ), #1284, .T. ) ;
#2651 = CARTESIAN_POINT ( 'NONE',  ( -9.500000000000001776, 12.00000000000001066, 0.000000000000000000 ) ) ;
#2652 = CARTESIAN_POINT ( 'NONE',  ( -40.69314410251130454, 5.035736538498418291, 11.50000000000000000 ) ) ;
#2653 = EDGE_LOOP ( 'NONE', ( #3869, #4671, #2944, #4091 ) ) ;
#2654 = DIRECTION ( 'NONE',  ( -1.000000000000000000, -0.000000000000000000, -0.000000000000000000 ) ) ;
#2655 = CARTESIAN_POINT ( 'NONE',  ( -40.37029135161701987, 3.187499999999995115, 10.90000000000000036 ) ) ;
#2656 = ORIENTED_EDGE ( 'NONE', *, *, #804, .F. ) ;
#2657 = CARTESIAN_POINT ( 'NONE',  ( -0.5000000000000593969, 101.7999999999999829, 11.00000000000000000 ) ) ;
#2658 = ORIENTED_EDGE ( 'NONE', *, *, #3494, .T. ) ;
#2659 = CARTESIAN_POINT ( 'NONE',  ( -40.24831470585107951, 7.060550699997794055, 11.49999999999998757 ) ) ;
#2660 = FACE_OUTER_BOUND ( 'NONE', #777, .T. ) ;
#2661 = CARTESIAN_POINT ( 'NONE',  ( -42.81620481315548687, 6.999999999999994671, 10.90000000000000036 ) ) ;
#2662 = ORIENTED_EDGE ( 'NONE', *, *, #532, .F. ) ;
#2663 = ORIENTED_EDGE ( 'NONE', *, *, #1780, .F. ) ;
#2664 = DIRECTION ( 'NONE',  ( -0.000000000000000000, 0.000000000000000000, 1.000000000000000000 ) ) ;
#2665 = CARTESIAN_POINT ( 'NONE',  ( -42.81620481315548687, 6.999999999999994671, 10.90000000000000036 ) ) ;
#2666 = ORIENTED_EDGE ( 'NONE', *, *, #4610, .F. ) ;
#2667 = CARTESIAN_POINT ( 'NONE',  ( -41.29559743134355898, 6.547287111806465276, 11.50000000000000355 ) ) ;
#2668 = LINE ( 'NONE', #3697, #660 ) ;
#2669 = ADVANCED_FACE ( 'NONE', ( #4181 ), #4421, .F. ) ;
#2670 = DIRECTION ( 'NONE',  ( 0.000000000000000000, 0.000000000000000000, 1.000000000000000000 ) ) ;
#2671 = CARTESIAN_POINT ( 'NONE',  ( -41.81157808374981499, 5.590179052084507383, 10.89999999999999858 ) ) ;
#2672 = VERTEX_POINT ( 'NONE', #2775 ) ;
#2673 = LINE ( 'NONE', #1876, #3957 ) ;
#2674 = ADVANCED_FACE ( 'NONE', ( #2014, #242 ), #3449, .F. ) ;
#2675 = CARTESIAN_POINT ( 'NONE',  ( -40.46488412866383300, 3.354437254712048677, 11.50000000000000000 ) ) ;
#2676 = ORIENTED_EDGE ( 'NONE', *, *, #3014, .T. ) ;
#2677 = CARTESIAN_POINT ( 'NONE',  ( -2.000000000000014211, 0.000000000000000000, 0.5000000000000004441 ) ) ;
#2678 = ORIENTED_EDGE ( 'NONE', *, *, #2270, .T. ) ;
#2679 = CARTESIAN_POINT ( 'NONE',  ( -40.13905434955831453, 6.714850472328486752, 11.49999999999998934 ) ) ;
#2680 = EDGE_CURVE ( 'NONE', #466, #2806, #1634, .T. ) ;
#2681 = DIRECTION ( 'NONE',  ( 1.000000000000000000, 2.514091994169279306E-16, 0.000000000000000000 ) ) ;
#2682 = CIRCLE ( 'NONE', #1239, 2.200000000000007283 ) ;
#2683 = CARTESIAN_POINT ( 'NONE',  ( -6.700000000000013500, 97.99999999999998579, 10.49999999999999822 ) ) ;
#2684 = ORIENTED_EDGE ( 'NONE', *, *, #366, .F. ) ;
#2685 = ORIENTED_EDGE ( 'NONE', *, *, #3117, .F. ) ;
#2686 = VECTOR ( 'NONE', #1357, 999.9999999999998863 ) ;
#2687 = APPROVAL_STATUS ( 'not_yet_approved' ) ;
#2688 = LINE ( 'NONE', #2621, #4355 ) ;
#2689 = VERTEX_POINT ( 'NONE', #2727 ) ;
#2690 = CARTESIAN_POINT ( 'NONE',  ( -44.95082019777087368, 7.999999999999994671, 10.90000000000000036 ) ) ;
#2691 = VECTOR ( 'NONE', #224, 1000.000000000000000 ) ;
#2692 = VECTOR ( 'NONE', #1076, 1000.000000000000000 ) ;
#2693 = LINE ( 'NONE', #4126, #4575 ) ;
#2694 = DIRECTION ( 'NONE',  ( -0.5663183426695792555, -0.8241865897695623833, 0.000000000000000000 ) ) ;
#2695 = AXIS2_PLACEMENT_3D ( 'NONE', #3811, #3156, #594 ) ;
#2696 = FACE_OUTER_BOUND ( 'NONE', #1769, .T. ) ;
#2697 = EDGE_CURVE ( 'NONE', #1927, #1966, #2848, .T. ) ;
#2698 = CARTESIAN_POINT ( 'NONE',  ( -42.10582899903511134, 6.993494830717913224, 11.49999999999999645 ) ) ;
#2699 = ORIENTED_EDGE ( 'NONE', *, *, #2710, .T. ) ;
#2700 = DIRECTION ( 'NONE',  ( -0.000000000000000000, -0.000000000000000000, 1.000000000000000000 ) ) ;
#2701 = AXIS2_PLACEMENT_3D ( 'NONE', #4484, #2032, #568 ) ;
#2702 = CARTESIAN_POINT ( 'NONE',  ( -40.19535106152874704, 5.728571924255893677, 11.50000000000000000 ) ) ;
#2703 = ADVANCED_FACE ( 'NONE', ( #265 ), #4159, .T. ) ;
#2704 = VECTOR ( 'NONE', #403, 999.9999999999998863 ) ;
#2705 = ORIENTED_EDGE ( 'NONE', *, *, #1679, .F. ) ;
#2706 = DIRECTION ( 'NONE',  ( 0.7071067811865479058, -0.7071067811865472397, 0.000000000000000000 ) ) ;
#2707 = CARTESIAN_POINT ( 'NONE',  ( -40.11892500775169879, 6.592303072287543309, 11.49999999999999112 ) ) ;
#2708 = CARTESIAN_POINT ( 'NONE',  ( -176.8000000000000114, 7.849999999999974776, 7.000000000000000000 ) ) ;
#2709 = CONICAL_SURFACE ( 'NONE', #3225, 2.199999999999924238, 0.7853981633974264076 ) ;
#2710 = EDGE_CURVE ( 'NONE', #1573, #838, #189, .T. ) ;
#2711 = CARTESIAN_POINT ( 'NONE',  ( -40.94357937322453722, 4.096216586781729951, 10.89999999999999858 ) ) ;
#2712 = VERTEX_POINT ( 'NONE', #4493 ) ;
#2713 = ORIENTED_EDGE ( 'NONE', *, *, #1164, .F. ) ;
#2714 = CARTESIAN_POINT ( 'NONE',  ( -42.33542150130735848, 6.998126830046871305, 10.90000000000000213 ) ) ;
#2715 = DIRECTION ( 'NONE',  ( -0.000000000000000000, -0.000000000000000000, -1.000000000000000000 ) ) ;
#2716 = ORIENTED_EDGE ( 'NONE', *, *, #1913, .T. ) ;
#2717 = CARTESIAN_POINT ( 'NONE',  ( -42.25290800121496915, 3.917495016417334330, 11.50000000000000355 ) ) ;
#2718 = PLANE ( 'NONE',  #729 ) ;
#2719 = DIRECTION ( 'NONE',  ( -1.000000000000000000, 0.000000000000000000, 0.000000000000000000 ) ) ;
#2720 = FACE_OUTER_BOUND ( 'NONE', #1583, .T. ) ;
#2721 = CARTESIAN_POINT ( 'NONE',  ( -40.10466635161702698, 6.337740384615378808, 11.50000000000000000 ) ) ;
#2722 = ORIENTED_EDGE ( 'NONE', *, *, #1970, .F. ) ;
#2723 = DIRECTION ( 'NONE',  ( 1.000000000000000000, 0.000000000000000000, 0.000000000000000000 ) ) ;
#2724 = EDGE_CURVE ( 'NONE', #3517, #3080, #3095, .T. ) ;
#2725 = CARTESIAN_POINT ( 'NONE',  ( -42.79616929920825896, 5.538615234940928111, 11.50000000000000355 ) ) ;
#2726 = ORIENTED_EDGE ( 'NONE', *, *, #2586, .F. ) ;
#2727 = CARTESIAN_POINT ( 'NONE',  ( -10.00000000000000000, 93.49999999999998579, 0.5000000000000004441 ) ) ;
#2728 = EDGE_LOOP ( 'NONE', ( #2999, #4095, #2047, #662 ) ) ;
#2729 = CARTESIAN_POINT ( 'NONE',  ( -41.63277666818063949, 5.648889607881967478, 11.49999999999998401 ) ) ;
#2730 = FACE_OUTER_BOUND ( 'NONE', #3182, .T. ) ;
#2731 = ADVANCED_FACE ( 'NONE', ( #1967 ), #553, .F. ) ;
#2732 = FACE_OUTER_BOUND ( 'NONE', #2297, .T. ) ;
#2733 = CYLINDRICAL_SURFACE ( 'NONE', #1629, 4.199999999999999289 ) ;
#2734 = ORIENTED_EDGE ( 'NONE', *, *, #273, .T. ) ;
#2735 = ORIENTED_EDGE ( 'NONE', *, *, #1913, .F. ) ;
#2736 = EDGE_CURVE ( 'NONE', #3254, #1994, #2346, .T. ) ;
#2737 = PERSON_AND_ORGANIZATION_ROLE ( 'design_owner' ) ;
#2738 = LINE ( 'NONE', #3531, #1038 ) ;
#2739 = ORIENTED_EDGE ( 'NONE', *, *, #1428, .F. ) ;
#2740 = FACE_OUTER_BOUND ( 'NONE', #1266, .T. ) ;
#2741 = LINE ( 'NONE', #595, #807 ) ;
#2742 = LINE ( 'NONE', #4514, #2015 ) ;
#2743 = CARTESIAN_POINT ( 'NONE',  ( -176.8000000000000114, 0.4999999999999601985, 5.750000000000000000 ) ) ;
#2744 = LINE ( 'NONE', #2456, #3818 ) ;
#2745 = ORIENTED_EDGE ( 'NONE', *, *, #2124, .F. ) ;
#2746 = LINE ( 'NONE', #3138, #344 ) ;
#2747 = DIRECTION ( 'NONE',  ( 0.000000000000000000, 0.000000000000000000, -1.000000000000000000 ) ) ;
#2748 = ORIENTED_EDGE ( 'NONE', *, *, #3951, .T. ) ;
#2749 = EDGE_CURVE ( 'NONE', #3795, #1311, #3471, .T. ) ;
#2750 = DIRECTION ( 'NONE',  ( 1.000000000000000000, -0.000000000000000000, 0.000000000000000000 ) ) ;
#2751 = FACE_BOUND ( 'NONE', #1884, .T. ) ;
#2752 = CARTESIAN_POINT ( 'NONE',  ( -168.7500000000000000, 0.2499999999999621136, 0.5000000000000003331 ) ) ;
#2753 = FACE_OUTER_BOUND ( 'NONE', #2542, .T. ) ;
#2754 = ADVANCED_FACE ( 'NONE', ( #3116 ), #980, .T. ) ;
#2755 = LINE ( 'NONE', #1338, #2914 ) ;
#2756 = ORIENTED_EDGE ( 'NONE', *, *, #916, .F. ) ;
#2757 = ORIENTED_EDGE ( 'NONE', *, *, #2188, .F. ) ;
#2758 = EDGE_CURVE ( 'NONE', #4063, #2827, #2062, .T. ) ;
#2759 = FACE_BOUND ( 'NONE', #1488, .T. ) ;
#2760 = ORIENTED_EDGE ( 'NONE', *, *, #3202, .F. ) ;
#2761 = DIRECTION ( 'NONE',  ( 0.7071067811865462405, -0.7071067811865489050, 0.000000000000000000 ) ) ;
#2762 = PLANE ( 'NONE',  #3813 ) ;
#2763 = DIRECTION ( 'NONE',  ( 0.000000000000000000, -0.000000000000000000, 1.000000000000000000 ) ) ;
#2764 = DIRECTION ( 'NONE',  ( -0.000000000000000000, 0.000000000000000000, -1.000000000000000000 ) ) ;
#2765 = ADVANCED_FACE ( 'NONE', ( #1402 ), #1426, .F. ) ;
#2766 = DIRECTION ( 'NONE',  ( -0.7071067811865474617, -0.7071067811865474617, -0.000000000000000000 ) ) ;
#2767 = VECTOR ( 'NONE', #3377, 1000.000000000000114 ) ;
#2768 = VECTOR ( 'NONE', #2791, 999.9999999999998863 ) ;
#2769 = VERTEX_POINT ( 'NONE', #3168 ) ;
#2770 = LINE ( 'NONE', #1326, #4187 ) ;
#2771 = AXIS2_PLACEMENT_3D ( 'NONE', #35, #2856, #15 ) ;
#2772 = VECTOR ( 'NONE', #331, 1000.000000000000000 ) ;
#2773 = CARTESIAN_POINT ( 'NONE',  ( -2.150000000000004796, 94.89999999999997726, 9.000000000000001776 ) ) ;
#2774 = ORIENTED_EDGE ( 'NONE', *, *, #2183, .F. ) ;
#2775 = CARTESIAN_POINT ( 'NONE',  ( -43.79697404392472038, 6.999999999999994671, 11.50000000000000000 ) ) ;
#2776 = VECTOR ( 'NONE', #2146, 1000.000000000000000 ) ;
#2777 = FACE_OUTER_BOUND ( 'NONE', #2170, .T. ) ;
#2778 = DIRECTION ( 'NONE',  ( -0.000000000000000000, 0.000000000000000000, 1.000000000000000000 ) ) ;
#2779 = AXIS2_PLACEMENT_3D ( 'NONE', #3240, #1140, #2956 ) ;
#2780 = VECTOR ( 'NONE', #2117, 1000.000000000000114 ) ;
#2781 = LINE ( 'NONE', #1709, #2627 ) ;
#2782 = LINE ( 'NONE', #1713, #4348 ) ;
#2783 = ORIENTED_EDGE ( 'NONE', *, *, #3379, .T. ) ;
#2784 = ORIENTED_EDGE ( 'NONE', *, *, #2446, .F. ) ;
#2785 = VECTOR ( 'NONE', #3154, 1000.000000000000000 ) ;
#2786 = EDGE_CURVE ( 'NONE', #3273, #1030, #4620, .T. ) ;
#2787 = CALENDAR_DATE ( 2023, 8, 6 ) ;
#2788 = DIRECTION ( 'NONE',  ( 0.000000000000000000, 0.000000000000000000, -1.000000000000000000 ) ) ;
#2789 = ORIENTED_EDGE ( 'NONE', *, *, #132, .T. ) ;
#2790 = CARTESIAN_POINT ( 'NONE',  ( -40.40258099841037875, 3.244484741960109275, 11.50000000000000000 ) ) ;
#2791 = DIRECTION ( 'NONE',  ( 0.5773502691896257311, -0.5773502691896257311, 0.5773502691896258421 ) ) ;
#2792 = EDGE_CURVE ( 'NONE', #1648, #1227, #2888, .T. ) ;
#2793 = FACE_OUTER_BOUND ( 'NONE', #2599, .T. ) ;
#2794 = FACE_OUTER_BOUND ( 'NONE', #2496, .T. ) ;
#2795 = ORIENTED_EDGE ( 'NONE', *, *, #3015, .T. ) ;
#2796 = CARTESIAN_POINT ( 'NONE',  ( 0.000000000000000000, 2.000000000000014211, 0.5000000000000004441 ) ) ;
#2797 = ADVANCED_FACE ( 'NONE', ( #3939 ), #1382, .T. ) ;
#2798 = CARTESIAN_POINT ( 'NONE',  ( -41.63277666818063949, 5.648889607881967478, 11.50000000000000000 ) ) ;
#2799 = ORIENTED_EDGE ( 'NONE', *, *, #4452, .T. ) ;
#2800 = DIRECTION ( 'NONE',  ( 0.000000000000000000, 1.000000000000000000, 0.000000000000000000 ) ) ;
#2801 = CARTESIAN_POINT ( 'NONE',  ( -176.3000000000000114, 0.2499999999999599487, 6.000000000000000000 ) ) ;
#2802 = LINE ( 'NONE', #651, #1177 ) ;
#2803 = CARTESIAN_POINT ( 'NONE',  ( -41.05468543007678051, 7.842281497604965068, 11.50000000000000000 ) ) ;
#2804 = DIRECTION ( 'NONE',  ( 0.000000000000000000, 0.000000000000000000, -1.000000000000000000 ) ) ;
#2805 = ORIENTED_EDGE ( 'NONE', *, *, #2377, .F. ) ;
#2806 = VERTEX_POINT ( 'NONE', #717 ) ;
#2807 = DIRECTION ( 'NONE',  ( 0.000000000000000000, 0.000000000000000000, -1.000000000000000000 ) ) ;
#2808 = ORIENTED_EDGE ( 'NONE', *, *, #510, .T. ) ;
#2809 = ADVANCED_FACE ( 'NONE', ( #360 ), #2909, .F. ) ;
#2810 = DIRECTION ( 'NONE',  ( -0.000000000000000000, -0.000000000000000000, 1.000000000000000000 ) ) ;
#2811 = CARTESIAN_POINT ( 'NONE',  ( -5.000000000000004441, 97.99999999999998579, 5.750000000000000000 ) ) ;
#2812 = CARTESIAN_POINT ( 'NONE',  ( -0.5000000000000056621, 12.00000000000000355, 11.50000000000000000 ) ) ;
#2813 = LINE ( 'NONE', #1652, #2857 ) ;
#2814 = DIRECTION ( 'NONE',  ( -0.000000000000000000, -0.000000000000000000, -1.000000000000000000 ) ) ;
#2815 = EDGE_LOOP ( 'NONE', ( #172, #612, #4551, #1715 ) ) ;
#2816 = EDGE_CURVE ( 'NONE', #3712, #2827, #4306, .T. ) ;
#2817 = PRODUCT_DEFINITION_SHAPE ( 'NONE', 'NONE',  #2260 ) ;
#2818 = DIRECTION ( 'NONE',  ( -1.000000000000000000, 0.000000000000000000, 0.000000000000000000 ) ) ;
#2819 = CARTESIAN_POINT ( 'NONE',  ( -41.60947404392472038, 4.687499999999995559, 11.50000000000000000 ) ) ;
#2820 = ORIENTED_EDGE ( 'NONE', *, *, #3320, .F. ) ;
#2821 = EDGE_CURVE ( 'NONE', #199, #4007, #1446, .T. ) ;
#2822 = CARTESIAN_POINT ( 'NONE',  ( -35.87389712084779347, 1.999999999999994893, 11.50000000000000000 ) ) ;
#2823 = DIRECTION ( 'NONE',  ( -4.906538933386793298E-15, -0.7071067811865474617, -0.7071067811865474617 ) ) ;
#2824 = CARTESIAN_POINT ( 'NONE',  ( -12.00000000000001599, 9.999999999999996447, 11.50000000000000000 ) ) ;
#2825 = EDGE_CURVE ( 'NONE', #3263, #2806, #3237, .T. ) ;
#2826 = LINE ( 'NONE', #2540, #2466 ) ;
#2827 = VERTEX_POINT ( 'NONE', #2822 ) ;
#2828 = EDGE_LOOP ( 'NONE', ( #2403, #3017 ) ) ;
#2829 = FACE_OUTER_BOUND ( 'NONE', #623, .T. ) ;
#2830 = ORIENTED_EDGE ( 'NONE', *, *, #3667, .T. ) ;
#2831 = CARTESIAN_POINT ( 'NONE',  ( -41.13452942973061255, 4.315908792357554091, 11.49999999999999467 ) ) ;
#2832 = VECTOR ( 'NONE', #4666, 1000.000000000000000 ) ;
#2833 = LINE ( 'NONE', #4650, #1560 ) ;
#2834 = DIRECTION ( 'NONE',  ( 0.7071067811865474617, -0.7071067811865474617, -0.000000000000000000 ) ) ;
#2835 = DIRECTION ( 'NONE',  ( 1.000000000000000000, 0.000000000000000000, 0.000000000000000000 ) ) ;
#2836 = EDGE_LOOP ( 'NONE', ( #1168, #2512, #1894, #2122 ) ) ;
#2837 = DIRECTION ( 'NONE',  ( 5.873614215016744198E-16, -1.000000000000000000, 0.000000000000000000 ) ) ;
#2838 = EDGE_CURVE ( 'NONE', #1112, #2083, #3964, .T. ) ;
#2839 = AXIS2_PLACEMENT_3D ( 'NONE', #2081, #904, #3771 ) ;
#2840 = PLANE ( 'NONE',  #292 ) ;
#2841 = ORIENTED_EDGE ( 'NONE', *, *, #972, .T. ) ;
#2842 = DIRECTION ( 'NONE',  ( -0.000000000000000000, -0.000000000000000000, -1.000000000000000000 ) ) ;
#2843 = CARTESIAN_POINT ( 'NONE',  ( -89.22499999999999432, 89.22499999999999432, 9.000000000000001776 ) ) ;
#2844 = AXIS2_PLACEMENT_3D ( 'NONE', #3659, #438, #482 ) ;
#2845 = AXIS2_PLACEMENT_3D ( 'NONE', #842, #4451, #1214 ) ;
#2846 = EDGE_CURVE ( 'NONE', #1401, #313, #743, .T. ) ;
#2847 = PLANE ( 'NONE',  #1645 ) ;
#2848 = CIRCLE ( 'NONE', #4354, 1.700000000000000178 ) ;
#2849 = DIRECTION ( 'NONE',  ( -0.7071067811865480168, 0.7071067811865470176, -2.114642392724577849E-16 ) ) ;
#2850 = ORIENTED_EDGE ( 'NONE', *, *, #2059, .T. ) ;
#2851 = EDGE_LOOP ( 'NONE', ( #253, #3595, #559, #1820 ) ) ;
#2852 = AXIS2_PLACEMENT_3D ( 'NONE', #84, #2990, #4143 ) ;
#2853 = EDGE_CURVE ( 'NONE', #4675, #4160, #2515, .T. ) ;
#2854 = DIRECTION ( 'NONE',  ( -1.000000000000000000, -1.104919411450195664E-16, 0.000000000000000000 ) ) ;
#2855 = ORIENTED_EDGE ( 'NONE', *, *, #4398, .F. ) ;
#2856 = DIRECTION ( 'NONE',  ( 0.000000000000000000, 0.000000000000000000, -1.000000000000000000 ) ) ;
#2857 = VECTOR ( 'NONE', #599, 1000.000000000000000 ) ;
#2858 = DIRECTION ( 'NONE',  ( 0.000000000000000000, 0.000000000000000000, -1.000000000000000000 ) ) ;
#2859 = DIRECTION ( 'NONE',  ( -7.812960085010828533E-17, 0.7071067811865479058, 0.7071067811865472397 ) ) ;
#2860 = CARTESIAN_POINT ( 'NONE',  ( -41.95906746385899311, 3.520441856725748941, 10.89999999999999680 ) ) ;
#2861 = ORIENTED_EDGE ( 'NONE', *, *, #4347, .T. ) ;
#2862 = EDGE_LOOP ( 'NONE', ( #3903, #3606, #3705, #3690 ) ) ;
#2863 = DIRECTION ( 'NONE',  ( -0.000000000000000000, -0.000000000000000000, 1.000000000000000000 ) ) ;
#2864 = CARTESIAN_POINT ( 'NONE',  ( -39.02644628099173474, 9.851239669421472556, 6.948760330578520161 ) ) ;
#2865 = ORIENTED_EDGE ( 'NONE', *, *, #1591, .F. ) ;
#2866 = CARTESIAN_POINT ( 'NONE',  ( -40.37029135161701987, 3.187499999999995115, 11.50000000000000000 ) ) ;
#2867 = CC_DESIGN_DATE_AND_TIME_ASSIGNMENT ( #637, #2071, ( #2260 ) ) ;
#2868 = DIRECTION ( 'NONE',  ( 0.8244250485153797880, -0.5659711471271426930, 0.000000000000000000 ) ) ;
#2869 = LOCAL_TIME ( 9, 43, 22.00000000000000000, #4576 ) ;
#2870 = DIRECTION ( 'NONE',  ( 0.000000000000000000, 0.000000000000000000, -1.000000000000000000 ) ) ;
#2871 = CARTESIAN_POINT ( 'NONE',  ( -9.500000000000000000, 101.7999999999999829, 6.250000000000000000 ) ) ;
#2872 = ORIENTED_EDGE ( 'NONE', *, *, #3443, .F. ) ;
#2873 = ADVANCED_FACE ( 'NONE', ( #2113 ), #3544, .T. ) ;
#2874 = CARTESIAN_POINT ( 'NONE',  ( -41.99550496992103632, 7.991991544174686268, 10.89999999999999858 ) ) ;
#2875 = SECURITY_CLASSIFICATION_LEVEL ( 'unclassified' ) ;
#2876 = DIRECTION ( 'NONE',  ( 0.000000000000000000, 0.000000000000000000, 1.000000000000000000 ) ) ;
#2877 = VERTEX_POINT ( 'NONE', #3563 ) ;
#2878 = EDGE_CURVE ( 'NONE', #4212, #1667, #767, .T. ) ;
#2879 = DIRECTION ( 'NONE',  ( 0.000000000000000000, 0.000000000000000000, 1.000000000000000000 ) ) ;
#2880 = CARTESIAN_POINT ( 'NONE',  ( -39.19999999999999574, 9.999999999999996447, 10.69999999999999929 ) ) ;
#2881 = DIRECTION ( 'NONE',  ( -0.000000000000000000, -0.000000000000000000, -1.000000000000000000 ) ) ;
#2882 = PLANE ( 'NONE',  #665 ) ;
#2883 = ORIENTED_EDGE ( 'NONE', *, *, #3245, .T. ) ;
#2884 = ORIENTED_EDGE ( 'NONE', *, *, #453, .F. ) ;
#2885 = CARTESIAN_POINT ( 'NONE',  ( -168.5000000000000000, 0.4999999999999625855, 0.000000000000000000 ) ) ;
#2886 = LINE ( 'NONE', #4326, #3674 ) ;
#2887 = EDGE_LOOP ( 'NONE', ( #723, #1032, #1798 ) ) ;
#2888 = LINE ( 'NONE', #2513, #3433 ) ;
#2889 = LINE ( 'NONE', #4256, #2453 ) ;
#2890 = DIRECTION ( 'NONE',  ( 1.000000000000000000, 2.306434473471112695E-16, -0.000000000000000000 ) ) ;
#2891 = FACE_OUTER_BOUND ( 'NONE', #4627, .T. ) ;
#2892 = ORIENTED_EDGE ( 'NONE', *, *, #1659, .T. ) ;
#2893 = ORIENTED_EDGE ( 'NONE', *, *, #2586, .T. ) ;
#2894 = DIRECTION ( 'NONE',  ( 1.000000000000000000, 0.000000000000000000, 0.000000000000000000 ) ) ;
#2895 = EDGE_CURVE ( 'NONE', #2257, #1277, #3432, .T. ) ;
#2896 = LINE ( 'NONE', #1101, #1416 ) ;
#2897 = ORIENTED_EDGE ( 'NONE', *, *, #3185, .T. ) ;
#2898 = CARTESIAN_POINT ( 'NONE',  ( -12.00000000000001599, 9.999999999999996447, 11.00000000000000000 ) ) ;
#2899 = EDGE_CURVE ( 'NONE', #1360, #3050, #1935, .T. ) ;
#2900 = FACE_OUTER_BOUND ( 'NONE', #98, .T. ) ;
#2901 = CARTESIAN_POINT ( 'NONE',  ( -84.22500000000005116, -84.22500000000005116, 9.000000000000001776 ) ) ;
#2902 = CARTESIAN_POINT ( 'NONE',  ( -41.84505096700164017, 3.361778846153840927, 11.49999999999999645 ) ) ;
#2903 = ORIENTED_EDGE ( 'NONE', *, *, #4253, .T. ) ;
#2904 = VERTEX_POINT ( 'NONE', #177 ) ;
#2905 = CARTESIAN_POINT ( 'NONE',  ( -43.16908790966348874, 4.523893809824398815, 10.89999999999999858 ) ) ;
#2906 = EDGE_CURVE ( 'NONE', #681, #3338, #4460, .T. ) ;
#2907 = CARTESIAN_POINT ( 'NONE',  ( -35.10466635161701987, 4.230769230769225508, 10.90000000000000036 ) ) ;
#2908 = ORIENTED_EDGE ( 'NONE', *, *, #3210, .T. ) ;
#2909 = CYLINDRICAL_SURFACE ( 'NONE', #4653, 1.700000000000006173 ) ;
#2910 = PLANE ( 'NONE',  #1773 ) ;
#2911 = AXIS2_PLACEMENT_3D ( 'NONE', #3822, #3091, #624 ) ;
#2912 = FACE_BOUND ( 'NONE', #1019, .T. ) ;
#2913 = DIRECTION ( 'NONE',  ( -0.7071067811865489050, -0.7071067811865462405, 9.185433182841425080E-17 ) ) ;
#2914 = VECTOR ( 'NONE', #3149, 1000.000000000000000 ) ;
#2915 = ORIENTED_EDGE ( 'NONE', *, *, #3929, .T. ) ;
#2916 = AXIS2_PLACEMENT_3D ( 'NONE', #1372, #3974, #2166 ) ;
#2917 = CARTESIAN_POINT ( 'NONE',  ( -41.79881056276875029, 7.978105654603521835, 10.89999999999999858 ) ) ;
#2918 = PLANE ( 'NONE',  #2916 ) ;
#2919 = AXIS2_PLACEMENT_3D ( 'NONE', #244, #4567, #4215 ) ;
#2920 = LINE ( 'NONE', #33, #2320 ) ;
#2921 = ORIENTED_EDGE ( 'NONE', *, *, #2270, .F. ) ;
#2922 = DIRECTION ( 'NONE',  ( 0.000000000000000000, 0.000000000000000000, 1.000000000000000000 ) ) ;
#2923 = VECTOR ( 'NONE', #2879, 1000.000000000000000 ) ;
#2924 = ADVANCED_FACE ( 'NONE', ( #1999 ), #4511, .T. ) ;
#2925 = VECTOR ( 'NONE', #1878, 1000.000000000000000 ) ;
#2926 = DIRECTION ( 'NONE',  ( -0.5663183426695792555, -0.8241865897695624943, 0.000000000000000000 ) ) ;
#2927 = CARTESIAN_POINT ( 'NONE',  ( -173.0000000000000284, 4.999999999999976907, 6.250000000000000000 ) ) ;
#2928 = ORIENTED_EDGE ( 'NONE', *, *, #2786, .T. ) ;
#2929 = ORIENTED_EDGE ( 'NONE', *, *, #3249, .T. ) ;
#2930 = FACE_OUTER_BOUND ( 'NONE', #1187, .T. ) ;
#2931 = EDGE_CURVE ( 'NONE', #4337, #4250, #4012, .T. ) ;
#2932 = VECTOR ( 'NONE', #2881, 1000.000000000000000 ) ;
#2933 = LINE ( 'NONE', #4375, #3745 ) ;
#2934 = ORIENTED_EDGE ( 'NONE', *, *, #742, .T. ) ;
#2935 = CARTESIAN_POINT ( 'NONE',  ( -42.79712380666626359, 4.434270017814045062, 11.49999999999999822 ) ) ;
#2936 = DIRECTION ( 'NONE',  ( 0.000000000000000000, 0.000000000000000000, 1.000000000000000000 ) ) ;
#2937 = EDGE_CURVE ( 'NONE', #3150, #4647, #3632, .T. ) ;
#2938 = DIRECTION ( 'NONE',  ( 0.000000000000000000, 0.000000000000000000, -1.000000000000000000 ) ) ;
#2939 = DIRECTION ( 'NONE',  ( -1.000000000000000000, -1.104919411450195664E-16, 0.000000000000000000 ) ) ;
#2940 = ORIENTED_EDGE ( 'NONE', *, *, #567, .F. ) ;
#2941 = CARTESIAN_POINT ( 'NONE',  ( -41.17270471441529622, 7.880324797131960324, 10.89999999999999858 ) ) ;
#2942 = DIRECTION ( 'NONE',  ( 1.000000000000000000, 1.104919411450195664E-16, 0.000000000000000000 ) ) ;
#2943 = LOCAL_TIME ( 9, 43, 22.00000000000000000, #4604 ) ;
#2944 = ORIENTED_EDGE ( 'NONE', *, *, #3537, .F. ) ;
#2945 = PLANE ( 'NONE',  #2992 ) ;
#2946 = LINE ( 'NONE', #85, #2181 ) ;
#2947 = EDGE_CURVE ( 'NONE', #1008, #549, #405, .T. ) ;
#2948 = DIRECTION ( 'NONE',  ( -0.7071067811865474617, -4.906538933386793298E-15, -0.7071067811865474617 ) ) ;
#2949 = ORIENTED_EDGE ( 'NONE', *, *, #4191, .F. ) ;
#2950 = ORIENTED_EDGE ( 'NONE', *, *, #132, .F. ) ;
#2951 = CARTESIAN_POINT ( 'NONE',  ( -176.3000000000000682, 7.849999999999974776, 7.000000000000000000 ) ) ;
#2952 = CARTESIAN_POINT ( 'NONE',  ( -9.500000000000001776, 12.00000000000001066, 0.000000000000000000 ) ) ;
#2953 = EDGE_CURVE ( 'NONE', #4492, #4475, #2396, .T. ) ;
#2954 = ORIENTED_EDGE ( 'NONE', *, *, #2608, .T. ) ;
#2955 = DIRECTION ( 'NONE',  ( 0.5773502691896256200, -0.5773502691896256200, -0.5773502691896261751 ) ) ;
#2956 = DIRECTION ( 'NONE',  ( 2.115516434118058079E-17, 1.000000000000000000, -0.000000000000000000 ) ) ;
#2957 = EDGE_CURVE ( 'NONE', #1227, #1080, #478, .T. ) ;
#2958 = DIRECTION ( 'NONE',  ( -0.000000000000000000, -0.000000000000000000, 1.000000000000000000 ) ) ;
#2959 = ORIENTED_EDGE ( 'NONE', *, *, #702, .F. ) ;
#2960 = DIRECTION ( 'NONE',  ( -0.3713906763540881784, 0.9284766908852655209, -0.000000000000000000 ) ) ;
#2961 = CARTESIAN_POINT ( 'NONE',  ( -41.05468543007678051, 7.842281497604965068, 10.90000000000000036 ) ) ;
#2962 = EDGE_CURVE ( 'NONE', #3338, #1047, #1296, .T. ) ;
#2963 = LINE ( 'NONE', #795, #3354 ) ;
#2964 = EDGE_LOOP ( 'NONE', ( #761, #4274, #4607 ) ) ;
#2965 = ORIENTED_EDGE ( 'NONE', *, *, #621, .F. ) ;
#2966 = PLANE ( 'NONE',  #1571 ) ;
#2967 = LINE ( 'NONE', #4438, #2628 ) ;
#2968 = EDGE_LOOP ( 'NONE', ( #1463, #675, #3197, #2789 ) ) ;
#2969 = CARTESIAN_POINT ( 'NONE',  ( -0.5000000000000593969, 101.7999999999999829, 6.250000000000000000 ) ) ;
#2970 = DIRECTION ( 'NONE',  ( 1.000000000000000000, 0.000000000000000000, 0.000000000000000000 ) ) ;
#2971 = VERTEX_POINT ( 'NONE', #3785 ) ;
#2972 = AXIS2_PLACEMENT_3D ( 'NONE', #841, #1540, #817 ) ;
#2973 = PLANE ( 'NONE',  #3051 ) ;
#2974 = EDGE_CURVE ( 'NONE', #3050, #2096, #565, .T. ) ;
#2975 = CARTESIAN_POINT ( 'NONE',  ( -40.10466635161702698, 6.337740384615378808, 10.90000000000000036 ) ) ;
#2976 = EDGE_LOOP ( 'NONE', ( #3669, #3715, #2419, #3315 ) ) ;
#2977 = LINE ( 'NONE', #3348, #1552 ) ;
#2978 = ORIENTED_EDGE ( 'NONE', *, *, #156, .F. ) ;
#2979 = CARTESIAN_POINT ( 'NONE',  ( -10.00000000000000178, 12.00000000000001066, 11.50000000000000000 ) ) ;
#2980 = LINE ( 'NONE', #1902, #4272 ) ;
#2981 = ADVANCED_FACE ( 'NONE', ( #663 ), #2480, .F. ) ;
#2982 = AXIS2_PLACEMENT_3D ( 'NONE', #97, #2958, #3726 ) ;
#2983 = VECTOR ( 'NONE', #3060, 1000.000000000000114 ) ;
#2984 = DIRECTION ( 'NONE',  ( -0.7071067811865470176, 2.884444029575346464E-16, -0.7071067811865480168 ) ) ;
#2985 = ORIENTED_EDGE ( 'NONE', *, *, #3824, .F. ) ;
#2986 = ORIENTED_EDGE ( 'NONE', *, *, #3679, .T. ) ;
#2987 = ADVANCED_FACE ( 'NONE', ( #2408 ), #3288, .T. ) ;
#2988 = VECTOR ( 'NONE', #727, 1000.000000000000114 ) ;
#2989 = VECTOR ( 'NONE', #1868, 1000.000000000000000 ) ;
#2990 = DIRECTION ( 'NONE',  ( 0.000000000000000000, -1.000000000000000000, 0.000000000000000000 ) ) ;
#2991 = CARTESIAN_POINT ( 'NONE',  ( -169.9000000000000057, 7.849999999999976552, 9.000000000000001776 ) ) ;
#2992 = AXIS2_PLACEMENT_3D ( 'NONE', #1412, #1149, #1506 ) ;
#2993 = CIRCLE ( 'NONE', #3360, 2.500000000000000444 ) ;
#2994 = EDGE_LOOP ( 'NONE', ( #2222, #2073, #1731, #726 ) ) ;
#2995 = DIRECTION ( 'NONE',  ( 0.7071067811865320296, 8.659560562354744271E-17, -0.7071067811865631159 ) ) ;
#2996 = VECTOR ( 'NONE', #2511, 1000.000000000000000 ) ;
#2997 = DIRECTION ( 'NONE',  ( 1.000000000000000000, 0.000000000000000000, -0.000000000000000000 ) ) ;
#2998 = CARTESIAN_POINT ( 'NONE',  ( -42.00912528207362584, 5.564758412804429177, 10.90000000000000036 ) ) ;
#2999 = ORIENTED_EDGE ( 'NONE', *, *, #1531, .F. ) ;
#3000 = VECTOR ( 'NONE', #1439, 1000.000000000000000 ) ;
#3001 = DIRECTION ( 'NONE',  ( 1.000000000000000000, 0.000000000000000000, 0.000000000000000000 ) ) ;
#3002 = CARTESIAN_POINT ( 'NONE',  ( -35.28062484748659244, 0.7999999999999127809, 10.69999999999999929 ) ) ;
#3003 = ORIENTED_EDGE ( 'NONE', *, *, #3031, .F. ) ;
#3004 = ADVANCED_FACE ( 'NONE', ( #4171 ), #3177, .F. ) ;
#3005 = CARTESIAN_POINT ( 'NONE',  ( -7.850000000000004974, 101.7999999999999829, 7.000000000000000000 ) ) ;
#3006 = ORIENTED_EDGE ( 'NONE', *, *, #2937, .F. ) ;
#3007 = CARTESIAN_POINT ( 'NONE',  ( -40.36140150762312118, 7.272176517413830865, 10.90000000000000213 ) ) ;
#3008 = CARTESIAN_POINT ( 'NONE',  ( -40.66369278979443891, 7.618667132144579135, 10.90000000000000391 ) ) ;
#3009 = EDGE_CURVE ( 'NONE', #136, #1080, #4195, .T. ) ;
#3010 = DIRECTION ( 'NONE',  ( -0.5773502691896258421, 0.5773502691896258421, -0.5773502691896258421 ) ) ;
#3011 = ORIENTED_EDGE ( 'NONE', *, *, #4528, .F. ) ;
#3012 = ORIENTED_EDGE ( 'NONE', *, *, #2825, .T. ) ;
#3013 = DIRECTION ( 'NONE',  ( 0.7071067811865474617, 8.653332088726042844E-16, 0.7071067811865474617 ) ) ;
#3014 = EDGE_CURVE ( 'NONE', #4465, #3795, #970, .T. ) ;
#3015 = EDGE_CURVE ( 'NONE', #3300, #2877, #2452, .T. ) ;
#3016 = CARTESIAN_POINT ( 'NONE',  ( -35.87389712084779347, 3.230769230769225508, 10.90000000000000036 ) ) ;
#3017 = ORIENTED_EDGE ( 'NONE', *, *, #315, .F. ) ;
#3018 = DIRECTION ( 'NONE',  ( 1.000000000000000000, 0.000000000000000000, 0.000000000000000000 ) ) ;
#3019 = CARTESIAN_POINT ( 'NONE',  ( -43.79697404392472038, 6.999999999999994671, 10.90000000000000036 ) ) ;
#3020 = DIRECTION ( 'NONE',  ( -0.000000000000000000, -0.000000000000000000, 1.000000000000000000 ) ) ;
#3021 = CARTESIAN_POINT ( 'NONE',  ( -40.58058473624794260, 5.129783766728841954, 11.49999999999999822 ) ) ;
#3022 = VERTEX_POINT ( 'NONE', #1033 ) ;
#3023 = CARTESIAN_POINT ( 'NONE',  ( -27.19999999999992468, 4.999999999999996447, 0.000000000000000000 ) ) ;
#3024 = LINE ( 'NONE', #165, #4127 ) ;
#3025 = ORIENTED_EDGE ( 'NONE', *, *, #114, .T. ) ;
#3026 = DIRECTION ( 'NONE',  ( 0.7071067811865470176, -2.200518442539851965E-16, -0.7071067811865481278 ) ) ;
#3027 = FACE_BOUND ( 'NONE', #3577, .T. ) ;
#3028 = DIRECTION ( 'NONE',  ( -1.000000000000000000, 0.000000000000000000, 0.000000000000000000 ) ) ;
#3029 = DIRECTION ( 'NONE',  ( -1.000000000000000000, 0.000000000000000000, 0.000000000000000000 ) ) ;
#3030 = ORIENTED_EDGE ( 'NONE', *, *, #1017, .F. ) ;
#3031 = EDGE_CURVE ( 'NONE', #3150, #96, #2123, .T. ) ;
#3032 = DIRECTION ( 'NONE',  ( -0.000000000000000000, -0.000000000000000000, -1.000000000000000000 ) ) ;
#3033 = CARTESIAN_POINT ( 'NONE',  ( -43.79697404392472038, 5.538461538461533884, 11.49999999999927880 ) ) ;
#3034 = ORIENTED_EDGE ( 'NONE', *, *, #476, .F. ) ;
#3035 = CARTESIAN_POINT ( 'NONE',  ( -42.46073473508729279, 4.170608120866741153, 11.49999999999999467 ) ) ;
#3036 = FACE_OUTER_BOUND ( 'NONE', #1558, .T. ) ;
#3037 = EDGE_CURVE ( 'NONE', #1265, #1898, #3553, .T. ) ;
#3038 = CARTESIAN_POINT ( 'NONE',  ( -39.64312789007856708, 1.999999999999994893, 10.90000000000000036 ) ) ;
#3039 = LINE ( 'NONE', #3393, #734 ) ;
#3040 = ORIENTED_EDGE ( 'NONE', *, *, #4284, .F. ) ;
#3041 = CARTESIAN_POINT ( 'NONE',  ( -10.00000000000000000, 93.49999999999998579, 11.50000000000000000 ) ) ;
#3042 = ADVANCED_FACE ( 'NONE', ( #2740 ), #4580, .T. ) ;
#3043 = CARTESIAN_POINT ( 'NONE',  ( -40.19535106152874704, 5.728571924255893677, 10.90000000000000036 ) ) ;
#3044 = EDGE_LOOP ( 'NONE', ( #752, #2774, #1467, #639 ) ) ;
#3045 = CARTESIAN_POINT ( 'NONE',  ( -2.000000000000014211, 0.000000000000000000, 11.50000000000000000 ) ) ;
#3046 = CARTESIAN_POINT ( 'NONE',  ( -40.10466635161702698, 6.337740384615378808, 11.49999999999998934 ) ) ;
#3047 = CARTESIAN_POINT ( 'NONE',  ( -40.13905434955831453, 6.714850472328486752, 10.90000000000000036 ) ) ;
#3048 = CIRCLE ( 'NONE', #184, 1.999999999999999556 ) ;
#3049 = CARTESIAN_POINT ( 'NONE',  ( -176.8000000000000114, 0.4999999999999601985, 6.250000000000000000 ) ) ;
#3050 = VERTEX_POINT ( 'NONE', #3837 ) ;
#3051 = AXIS2_PLACEMENT_3D ( 'NONE', #2633, #1139, #2585 ) ;
#3052 = ORIENTED_EDGE ( 'NONE', *, *, #91, .F. ) ;
#3053 = DATE_AND_TIME ( #539, #1507 ) ;
#3054 = DIRECTION ( 'NONE',  ( 1.000000000000000000, 0.000000000000000000, 0.000000000000000000 ) ) ;
#3055 = ORIENTED_EDGE ( 'NONE', *, *, #150, .T. ) ;
#3056 = ADVANCED_FACE ( 'NONE', ( #4223 ), #617, .F. ) ;
#3057 = CARTESIAN_POINT ( 'NONE',  ( -5.000000000000004441, 97.99999999999998579, 9.000000000000001776 ) ) ;
#3058 = CIRCLE ( 'NONE', #2844, 1.999999999999999556 ) ;
#3059 = VECTOR ( 'NONE', #2942, 1000.000000000000000 ) ;
#3060 = DIRECTION ( 'NONE',  ( -0.7071067811865474617, -0.000000000000000000, -0.7071067811865474617 ) ) ;
#3061 = LINE ( 'NONE', #234, #3896 ) ;
#3062 = AXIS2_PLACEMENT_3D ( 'NONE', #4663, #318, #1069 ) ;
#3063 = CIRCLE ( 'NONE', #2246, 2.199999999999924238 ) ;
#3064 = DIRECTION ( 'NONE',  ( -1.000000000000000000, 0.000000000000000000, -0.000000000000000000 ) ) ;
#3065 = CARTESIAN_POINT ( 'NONE',  ( -42.86788750546318028, 5.538461538461533884, 10.89999999999928093 ) ) ;
#3066 = ORIENTED_EDGE ( 'NONE', *, *, #880, .F. ) ;
#3067 = ADVANCED_FACE ( 'NONE', ( #1746 ), #1765, .F. ) ;
#3068 = CARTESIAN_POINT ( 'NONE',  ( -2.150000000000003908, 101.2999999999999829, 9.000000000000001776 ) ) ;
#3069 = VECTOR ( 'NONE', #4257, 1000.000000000000000 ) ;
#3070 = CARTESIAN_POINT ( 'NONE',  ( -40.72810406470320999, 3.785750284256754306, 10.89999999999999858 ) ) ;
#3071 = VECTOR ( 'NONE', #3584, 1000.000000000000114 ) ;
#3072 = VERTEX_POINT ( 'NONE', #2380 ) ;
#3073 = EDGE_CURVE ( 'NONE', #816, #199, #4080, .T. ) ;
#3074 = DIRECTION ( 'NONE',  ( 1.000000000000000000, 0.000000000000000000, 0.000000000000000000 ) ) ;
#3075 = CARTESIAN_POINT ( 'NONE',  ( -41.26030961974384326, 6.243517869094246109, 11.49999999999998401 ) ) ;
#3076 = LINE ( 'NONE', #2397, #1183 ) ;
#3077 = CARTESIAN_POINT ( 'NONE',  ( -42.35626596613648331, 7.999528375799661362, 11.50000000000000000 ) ) ;
#3078 = DIRECTION ( 'NONE',  ( 0.000000000000000000, 0.000000000000000000, 1.000000000000000000 ) ) ;
#3079 = VERTEX_POINT ( 'NONE', #640 ) ;
#3080 = VERTEX_POINT ( 'NONE', #2074 ) ;
#3081 = LINE ( 'NONE', #3429, #2785 ) ;
#3082 = PLANE ( 'NONE',  #3223 ) ;
#3083 = ORIENTED_EDGE ( 'NONE', *, *, #792, .T. ) ;
#3084 = CARTESIAN_POINT ( 'NONE',  ( -9.500000000000001776, 11.99999999999999645, 0.000000000000000000 ) ) ;
#3085 = PLANE ( 'NONE',  #2089 ) ;
#3086 = EDGE_CURVE ( 'NONE', #1551, #2508, #62, .T. ) ;
#3087 = DIRECTION ( 'NONE',  ( -0.000000000000000000, -0.000000000000000000, 1.000000000000000000 ) ) ;
#3088 = CARTESIAN_POINT ( 'NONE',  ( -34.00000000000001421, 4.799999999999912781, 10.69999999999999929 ) ) ;
#3089 = CARTESIAN_POINT ( 'NONE',  ( -29.80000000000002203, 4.799999999999940314, 7.299999999999998934 ) ) ;
#3090 = EDGE_LOOP ( 'NONE', ( #4242, #2013, #2056, #2387 ) ) ;
#3091 = DIRECTION ( 'NONE',  ( -0.000000000000000000, 0.000000000000000000, -1.000000000000000000 ) ) ;
#3092 = ADVANCED_FACE ( 'NONE', ( #3316 ), #1081, .T. ) ;
#3093 = FACE_OUTER_BOUND ( 'NONE', #336, .T. ) ;
#3094 = ORIENTED_EDGE ( 'NONE', *, *, #358, .T. ) ;
#3095 = LINE ( 'NONE', #2041, #2245 ) ;
#3096 = LINE ( 'NONE', #3492, #3343 ) ;
#3097 = FACE_OUTER_BOUND ( 'NONE', #290, .T. ) ;
#3098 = ADVANCED_FACE ( 'NONE', ( #4318 ), #119, .F. ) ;
#3099 = LINE ( 'NONE', #1023, #3069 ) ;
#3100 = CARTESIAN_POINT ( 'NONE',  ( -41.13452942973061255, 4.315908792357554091, 10.89999999999999503 ) ) ;
#3101 = VERTEX_POINT ( 'NONE', #1816 ) ;
#3102 = ORIENTED_EDGE ( 'NONE', *, *, #4569, .F. ) ;
#3103 = EDGE_CURVE ( 'NONE', #4311, #858, #3248, .T. ) ;
#3104 = CARTESIAN_POINT ( 'NONE',  ( -42.81620481315548687, 6.999999999999994671, 10.90000000000000036 ) ) ;
#3105 = DIRECTION ( 'NONE',  ( -0.7071067811865474617, -0.000000000000000000, 0.7071067811865474617 ) ) ;
#3106 = ORIENTED_EDGE ( 'NONE', *, *, #3436, .F. ) ;
#3107 = CARTESIAN_POINT ( 'NONE',  ( -40.87677364339947417, 4.006309444138675957, 11.50000000000000178 ) ) ;
#3108 = CARTESIAN_POINT ( 'NONE',  ( -38.19999999999999574, 6.599999999999913491, 7.299999999999998934 ) ) ;
#3109 = DIRECTION ( 'NONE',  ( -1.000000000000000000, 0.000000000000000000, -0.000000000000000000 ) ) ;
#3110 = CARTESIAN_POINT ( 'NONE',  ( -176.3000000000000114, 2.149999999999977263, 9.000000000000001776 ) ) ;
#3111 = DIRECTION ( 'NONE',  ( 1.000000000000000000, 0.000000000000000000, 0.000000000000000000 ) ) ;
#3112 = ORIENTED_EDGE ( 'NONE', *, *, #3692, .F. ) ;
#3113 = DIRECTION ( 'NONE',  ( -4.906538933386793298E-15, -0.7071067811865474617, 0.7071067811865474617 ) ) ;
#3114 = CARTESIAN_POINT ( 'NONE',  ( -42.13985177511678870, 5.555794120330876495, 11.50000000000000000 ) ) ;
#3115 = ORIENTED_EDGE ( 'NONE', *, *, #4482, .F. ) ;
#3116 = FACE_OUTER_BOUND ( 'NONE', #2728, .T. ) ;
#3117 = EDGE_CURVE ( 'NONE', #3527, #1401, #347, .T. ) ;
#3118 = CARTESIAN_POINT ( 'NONE',  ( -41.26030961974384326, 6.243517869094246109, 10.90000000000000036 ) ) ;
#3119 = LINE ( 'NONE', #3851, #3515 ) ;
#3120 = CARTESIAN_POINT ( 'NONE',  ( -5.000000000000004441, 97.99999999999998579, 5.750000000000000000 ) ) ;
#3121 = LINE ( 'NONE', #984, #2691 ) ;
#3122 = ORIENTED_EDGE ( 'NONE', *, *, #3015, .F. ) ;
#3123 = ADVANCED_FACE ( 'NONE', ( #1837 ), #374, .T. ) ;
#3124 = ORIENTED_EDGE ( 'NONE', *, *, #471, .F. ) ;
#3125 = AXIS2_PLACEMENT_3D ( 'NONE', #1948, #2326, #1162 ) ;
#3126 = LINE ( 'NONE', #4578, #4210 ) ;
#3127 = ORIENTED_EDGE ( 'NONE', *, *, #889, .T. ) ;
#3128 = EDGE_CURVE ( 'NONE', #2046, #4110, #3670, .T. ) ;
#3129 = CARTESIAN_POINT ( 'NONE',  ( -36.87509904392471327, 7.923076923076918021, 10.90000000000000036 ) ) ;
#3130 = DIRECTION ( 'NONE',  ( 0.000000000000000000, 0.000000000000000000, 1.000000000000000000 ) ) ;
#3131 = CIRCLE ( 'NONE', #2911, 1.700000000000006173 ) ;
#3132 = DIRECTION ( 'NONE',  ( -1.000000000000000000, -1.104919411450195664E-16, 0.000000000000000000 ) ) ;
#3133 = DIRECTION ( 'NONE',  ( 0.000000000000000000, 0.000000000000000000, 1.000000000000000000 ) ) ;
#3134 = LINE ( 'NONE', #3538, #2168 ) ;
#3135 = AXIS2_PLACEMENT_3D ( 'NONE', #1123, #4310, #4623 ) ;
#3136 = AXIS2_PLACEMENT_3D ( 'NONE', #3504, #1454, #4313 ) ;
#3137 = VERTEX_POINT ( 'NONE', #1480 ) ;
#3138 = CARTESIAN_POINT ( 'NONE',  ( -21.64999999999997371, 9.999999999999994671, 9.000000000000001776 ) ) ;
#3139 = AXIS2_PLACEMENT_3D ( 'NONE', #3057, #2208, #3307 ) ;
#3140 = AXIS2_PLACEMENT_3D ( 'NONE', #106, #2355, #157 ) ;
#3141 = CARTESIAN_POINT ( 'NONE',  ( -42.46523588059716303, 5.543149399948235967, 11.49999999999999645 ) ) ;
#3142 = ORIENTED_EDGE ( 'NONE', *, *, #736, .F. ) ;
#3143 = DIRECTION ( 'NONE',  ( -0.000000000000000000, -0.000000000000000000, 1.000000000000000000 ) ) ;
#3144 = AXIS2_PLACEMENT_3D ( 'NONE', #1861, #912, #3777 ) ;
#3145 = CARTESIAN_POINT ( 'NONE',  ( -41.63277666818063949, 5.648889607881967478, 10.90000000000000036 ) ) ;
#3146 = CARTESIAN_POINT ( 'NONE',  ( -35.87389712084779347, 7.923076923076918021, 11.50000000000000000 ) ) ;
#3147 = CIRCLE ( 'NONE', #1345, 2.200000000000007283 ) ;
#3148 = CARTESIAN_POINT ( 'NONE',  ( -40.66369278979443891, 7.618667132144579135, 11.50000000000000355 ) ) ;
#3149 = DIRECTION ( 'NONE',  ( 0.000000000000000000, 0.000000000000000000, -1.000000000000000000 ) ) ;
#3150 = VERTEX_POINT ( 'NONE', #2219 ) ;
#3151 = EDGE_LOOP ( 'NONE', ( #3836, #1301 ) ) ;
#3152 = VECTOR ( 'NONE', #4174, 1000.000000000000000 ) ;
#3153 = ADVANCED_FACE ( 'NONE', ( #2523, #4388 ), #3950, .F. ) ;
#3154 = DIRECTION ( 'NONE',  ( -0.000000000000000000, -0.000000000000000000, 1.000000000000000000 ) ) ;
#3155 = VERTEX_POINT ( 'NONE', #2898 ) ;
#3156 = DIRECTION ( 'NONE',  ( -0.7071067811865475727, -0.7071067811865475727, -0.000000000000000000 ) ) ;
#3157 = FACE_OUTER_BOUND ( 'NONE', #2184, .T. ) ;
#3158 = EDGE_CURVE ( 'NONE', #1152, #4465, #4295, .T. ) ;
#3159 = CARTESIAN_POINT ( 'NONE',  ( -35.87389712084779347, 7.923076923076918021, 10.90000000000000036 ) ) ;
#3160 = EDGE_CURVE ( 'NONE', #1360, #854, #4338, .T. ) ;
#3161 = CARTESIAN_POINT ( 'NONE',  ( -43.79697404392472038, 4.538461538461532996, 10.90000000000000036 ) ) ;
#3162 = CARTESIAN_POINT ( 'NONE',  ( -30.20000000000000995, 7.599999999999912603, 7.299999999999998934 ) ) ;
#3163 = ORIENTED_EDGE ( 'NONE', *, *, #457, .T. ) ;
#3164 = ORIENTED_EDGE ( 'NONE', *, *, #3554, .T. ) ;
#3165 = DIRECTION ( 'NONE',  ( 1.000000000000000000, 0.000000000000000000, 0.000000000000000000 ) ) ;
#3166 = DIRECTION ( 'NONE',  ( -0.000000000000000000, -0.000000000000000000, -1.000000000000000000 ) ) ;
#3167 = VERTEX_POINT ( 'NONE', #2575 ) ;
#3168 = CARTESIAN_POINT ( 'NONE',  ( -41.89913750546318028, 6.980769230769226397, 10.90000000000000036 ) ) ;
#3169 = CARTESIAN_POINT ( 'NONE',  ( -41.45393052777566822, 5.770939225410215201, 11.49999999999998401 ) ) ;
#3170 = CYLINDRICAL_SURFACE ( 'NONE', #4428, 1.700000000000007061 ) ;
#3171 = CARTESIAN_POINT ( 'NONE',  ( -40.24831470585107951, 7.060550699997794055, 11.49999999999999822 ) ) ;
#3172 = CARTESIAN_POINT ( 'NONE',  ( -176.8000000000000114, 9.499999999999980460, 6.250000000000000000 ) ) ;
#3173 = VERTEX_POINT ( 'NONE', #3292 ) ;
#3174 = ORIENTED_EDGE ( 'NONE', *, *, #2183, .T. ) ;
#3175 = DIRECTION ( 'NONE',  ( 7.812960085010824835E-17, -0.7071067811865475727, 0.7071067811865475727 ) ) ;
#3176 = VERTEX_POINT ( 'NONE', #2171 ) ;
#3177 = PLANE ( 'NONE',  #1176 ) ;
#3178 = ADVANCED_FACE ( 'NONE', ( #2503 ), #2945, .F. ) ;
#3179 = CARTESIAN_POINT ( 'NONE',  ( -1.049673440877682430E-15, 9.499999999999969802, 9.000000000000001776 ) ) ;
#3180 = PLANE ( 'NONE',  #1498 ) ;
#3181 = FACE_OUTER_BOUND ( 'NONE', #3236, .T. ) ;
#3182 = EDGE_LOOP ( 'NONE', ( #4105, #3347, #2570 ) ) ;
#3183 = ORIENTED_EDGE ( 'NONE', *, *, #1728, .F. ) ;
#3184 = CARTESIAN_POINT ( 'NONE',  ( -42.40224131050975842, 4.100970709152984561, 10.90000000000000568 ) ) ;
#3185 = EDGE_CURVE ( 'NONE', #3681, #3486, #1413, .T. ) ;
#3186 = FACE_OUTER_BOUND ( 'NONE', #1397, .T. ) ;
#3187 = ORIENTED_EDGE ( 'NONE', *, *, #2095, .F. ) ;
#3188 = DIRECTION ( 'NONE',  ( -0.5310069659021967592, 0.8473674540382958309, 0.000000000000000000 ) ) ;
#3189 = CARTESIAN_POINT ( 'NONE',  ( 0.000000000000000000, 101.2999999999999829, 5.750000000000000000 ) ) ;
#3190 = EDGE_CURVE ( 'NONE', #881, #3562, #4508, .T. ) ;
#3191 = CARTESIAN_POINT ( 'NONE',  ( -40.57897603587203150, 7.544237976279946523, 11.49999999999999645 ) ) ;
#3192 = DIRECTION ( 'NONE',  ( 1.000000000000000000, 0.000000000000000000, 0.000000000000000000 ) ) ;
#3193 = ORIENTED_EDGE ( 'NONE', *, *, #494, .F. ) ;
#3194 = ORIENTED_EDGE ( 'NONE', *, *, #1535, .F. ) ;
#3195 = VERTEX_POINT ( 'NONE', #706 ) ;
#3196 = CARTESIAN_POINT ( 'NONE',  ( -41.25851250546318028, 6.284855769230763833, 10.90000000000000036 ) ) ;
#3197 = ORIENTED_EDGE ( 'NONE', *, *, #453, .T. ) ;
#3198 = CARTESIAN_POINT ( 'NONE',  ( -41.02655024704558429, 4.199013467697794155, 11.50000000000000178 ) ) ;
#3199 = AXIS2_PLACEMENT_3D ( 'NONE', #3472, #3798, #4566 ) ;
#3200 = CARTESIAN_POINT ( 'NONE',  ( -26.70000000000000284, 4.999999999999996447, 10.50000000000000000 ) ) ;
#3201 = CARTESIAN_POINT ( 'NONE',  ( -37.02774327469393967, 6.228365384615379696, 10.90000000000000036 ) ) ;
#3202 = EDGE_CURVE ( 'NONE', #3956, #3795, #3573, .T. ) ;
#3203 = CARTESIAN_POINT ( 'NONE',  ( -42.40224131050975842, 4.100970709152984561, 10.90000000000000568 ) ) ;
#3204 = VERTEX_POINT ( 'NONE', #3227 ) ;
#3205 = ORIENTED_EDGE ( 'NONE', *, *, #689, .T. ) ;
#3206 = DIRECTION ( 'NONE',  ( 0.000000000000000000, 0.000000000000000000, -1.000000000000000000 ) ) ;
#3207 = VECTOR ( 'NONE', #3078, 1000.000000000000000 ) ;
#3208 = VECTOR ( 'NONE', #2818, 1000.000000000000000 ) ;
#3209 = DIRECTION ( 'NONE',  ( 0.000000000000000000, 0.000000000000000000, -1.000000000000000000 ) ) ;
#3210 = EDGE_CURVE ( 'NONE', #1919, #1339, #4676, .T. ) ;
#3211 = EDGE_LOOP ( 'NONE', ( #2479, #4305, #2959, #2150 ) ) ;
#3212 = CARTESIAN_POINT ( 'NONE',  ( -40.58058473624794260, 5.129783766728841954, 10.89999999999999858 ) ) ;
#3213 = PLANE ( 'NONE',  #4563 ) ;
#3214 = VECTOR ( 'NONE', #1847, 1000.000000000000000 ) ;
#3215 = VECTOR ( 'NONE', #982, 1000.000000000000000 ) ;
#3216 = PLANE ( 'NONE',  #4668 ) ;
#3217 = ADVANCED_FACE ( 'NONE', ( #4200 ), #4227, .T. ) ;
#3218 = AXIS2_PLACEMENT_3D ( 'NONE', #1651, #3787, #1726 ) ;
#3219 = CARTESIAN_POINT ( 'NONE',  ( -169.0000000000000000, 0.4999999999999620859, 11.50000000000000000 ) ) ;
#3220 = EDGE_LOOP ( 'NONE', ( #3378, #4158 ) ) ;
#3221 = CARTESIAN_POINT ( 'NONE',  ( -40.57897603587203150, 7.544237976279946523, 10.89999999999999680 ) ) ;
#3222 = AXIS2_PLACEMENT_3D ( 'NONE', #2587, #1517, #4308 ) ;
#3223 = AXIS2_PLACEMENT_3D ( 'NONE', #2378, #1009, #661 ) ;
#3224 = CYLINDRICAL_SURFACE ( 'NONE', #2552, 1.700000000000000178 ) ;
#3225 = AXIS2_PLACEMENT_3D ( 'NONE', #1375, #2434, #945 ) ;
#3226 = EDGE_LOOP ( 'NONE', ( #1852, #410, #692, #1237 ) ) ;
#3227 = CARTESIAN_POINT ( 'NONE',  ( -9.500000000000000000, 101.2999999999999829, 11.50000000000000000 ) ) ;
#3228 = FACE_OUTER_BOUND ( 'NONE', #1057, .T. ) ;
#3229 = CARTESIAN_POINT ( 'NONE',  ( -43.79697404392472038, 4.538461538461532996, 10.90000000000000036 ) ) ;
#3230 = CARTESIAN_POINT ( 'NONE',  ( -42.60391994105118130, 4.310619244672401429, 11.49999999999999645 ) ) ;
#3231 = VERTEX_POINT ( 'NONE', #546 ) ;
#3232 = ORIENTED_EDGE ( 'NONE', *, *, #3009, .T. ) ;
#3233 = DIRECTION ( 'NONE',  ( 0.000000000000000000, 0.000000000000000000, 1.000000000000000000 ) ) ;
#3234 = CC_DESIGN_DATE_AND_TIME_ASSIGNMENT ( #3906, #4314, ( #2418 ) ) ;
#3235 = CARTESIAN_POINT ( 'NONE',  ( -169.0000000000000000, 9.499999999999978684, 5.750000000000000000 ) ) ;
#3236 = EDGE_LOOP ( 'NONE', ( #4074, #2557, #2427, #171 ) ) ;
#3237 = LINE ( 'NONE', #2535, #282 ) ;
#3238 = CARTESIAN_POINT ( 'NONE',  ( -30.20000000000000995, 8.799999999999911893, 7.299999999999998934 ) ) ;
#3239 = ADVANCED_FACE ( 'NONE', ( #3862 ), #2339, .T. ) ;
#3240 = CARTESIAN_POINT ( 'NONE',  ( -9.500000000000001776, 11.99999999999999645, 11.50000000000000000 ) ) ;
#3241 = FACE_OUTER_BOUND ( 'NONE', #1632, .T. ) ;
#3242 = ORIENTED_EDGE ( 'NONE', *, *, #851, .T. ) ;
#3243 = CARTESIAN_POINT ( 'NONE',  ( -41.61783178133675420, 7.962379770408407609, 10.90000000000000213 ) ) ;
#3244 = FACE_OUTER_BOUND ( 'NONE', #55, .T. ) ;
#3245 = EDGE_CURVE ( 'NONE', #40, #564, #1415, .T. ) ;
#3246 = DIRECTION ( 'NONE',  ( 8.653332088726042844E-16, -0.7071067811865474617, -0.7071067811865474617 ) ) ;
#3247 = VERTEX_POINT ( 'NONE', #1980 ) ;
#3248 = LINE ( 'NONE', #417, #4196 ) ;
#3249 = EDGE_CURVE ( 'NONE', #4373, #3137, #1352, .T. ) ;
#3250 = LINE ( 'NONE', #2525, #1792 ) ;
#3251 = CARTESIAN_POINT ( 'NONE',  ( -22.15000000000000213, 9.999999999999994671, 6.499999999999971578 ) ) ;
#3252 = CARTESIAN_POINT ( 'NONE',  ( -43.02328408301442408, 4.505301759415036855, 10.90000000000000391 ) ) ;
#3253 = ORIENTED_EDGE ( 'NONE', *, *, #4424, .F. ) ;
#3254 = VERTEX_POINT ( 'NONE', #3816 ) ;
#3255 = LINE ( 'NONE', #1800, #2612 ) ;
#3256 = CARTESIAN_POINT ( 'NONE',  ( -0.5000000000000582867, 101.7999999999999829, 11.50000000000000000 ) ) ;
#3257 = ORIENTED_EDGE ( 'NONE', *, *, #304, .F. ) ;
#3258 = CARTESIAN_POINT ( 'NONE',  ( -40.31502638020333507, 5.466959943854882376, 10.90000000000000036 ) ) ;
#3259 = DIRECTION ( 'NONE',  ( -1.000000000000000000, -2.306434473471112695E-16, 0.000000000000000000 ) ) ;
#3260 = FACE_BOUND ( 'NONE', #3754, .T. ) ;
#3261 = ADVANCED_FACE ( 'NONE', ( #2433 ), #3483, .F. ) ;
#3262 = DIRECTION ( 'NONE',  ( -0.7071067811865475727, 0.000000000000000000, 0.7071067811865475727 ) ) ;
#3263 = VERTEX_POINT ( 'NONE', #4557 ) ;
#3264 = ORIENTED_EDGE ( 'NONE', *, *, #4356, .T. ) ;
#3265 = DIRECTION ( 'NONE',  ( -0.000000000000000000, -0.000000000000000000, 1.000000000000000000 ) ) ;
#3266 = EDGE_CURVE ( 'NONE', #3532, #762, #3061, .T. ) ;
#3267 = ORIENTED_EDGE ( 'NONE', *, *, #422, .F. ) ;
#3268 = DIRECTION ( 'NONE',  ( 0.000000000000000000, 0.7071067811865470176, 0.7071067811865479058 ) ) ;
#3269 = CARTESIAN_POINT ( 'NONE',  ( -25.00000000000000000, 4.999999999999996447, 10.50000000000000000 ) ) ;
#3270 = CYLINDRICAL_SURFACE ( 'NONE', #3600, 1.700000000000000178 ) ;
#3271 = EDGE_CURVE ( 'NONE', #648, #1551, #973, .T. ) ;
#3272 = CARTESIAN_POINT ( 'NONE',  ( -40.99168558238626048, 1.999999999999994893, 11.50000000000000000 ) ) ;
#3273 = VERTEX_POINT ( 'NONE', #1622 ) ;
#3274 = ORIENTED_EDGE ( 'NONE', *, *, #683, .F. ) ;
#3275 = DIRECTION ( 'NONE',  ( -0.7071067811865474617, 0.7071067811865474617, 0.000000000000000000 ) ) ;
#3276 = LINE ( 'NONE', #2225, #4364 ) ;
#3277 = ORIENTED_EDGE ( 'NONE', *, *, #3789, .T. ) ;
#3278 = DIRECTION ( 'NONE',  ( 0.5222179225941254721, -0.8528120785504130774, 0.000000000000000000 ) ) ;
#3279 = CARTESIAN_POINT ( 'NONE',  ( -171.3000000000000114, 4.999999999999976907, 9.000000000000001776 ) ) ;
#3280 = AXIS2_PLACEMENT_3D ( 'NONE', #1752, #3233, #2510 ) ;
#3281 = CARTESIAN_POINT ( 'NONE',  ( -169.0000000000000000, 0.4999999999999620859, 5.750000000000000000 ) ) ;
#3282 = FACE_OUTER_BOUND ( 'NONE', #1290, .T. ) ;
#3283 = VECTOR ( 'NONE', #4048, 1000.000000000000000 ) ;
#3284 = ORIENTED_EDGE ( 'NONE', *, *, #1082, .T. ) ;
#3285 = CARTESIAN_POINT ( 'NONE',  ( -41.30497887864891737, 7.912089430704495108, 11.49999999999998757 ) ) ;
#3286 = DIRECTION ( 'NONE',  ( 0.000000000000000000, 0.000000000000000000, -1.000000000000000000 ) ) ;
#3287 = CC_DESIGN_PERSON_AND_ORGANIZATION_ASSIGNMENT ( #3834, #2737, ( #3304 ) ) ;
#3288 = CONICAL_SURFACE ( 'NONE', #3891, 1.499999999999999112, 0.7853981633974482790 ) ;
#3289 = VECTOR ( 'NONE', #2577, 1000.000000000000000 ) ;
#3290 = LINE ( 'NONE', #12, #204 ) ;
#3291 = ORIENTED_EDGE ( 'NONE', *, *, #408, .F. ) ;
#3292 = CARTESIAN_POINT ( 'NONE',  ( -37.02774327469393967, 3.230769230769225508, 10.90000000000000036 ) ) ;
#3293 = VECTOR ( 'NONE', #3852, 1000.000000000000000 ) ;
#3294 = EDGE_CURVE ( 'NONE', #104, #1790, #2742, .T. ) ;
#3295 = CARTESIAN_POINT ( 'NONE',  ( -42.20878754246267306, 7.998619469647866076, 11.50000000000000355 ) ) ;
#3296 = VECTOR ( 'NONE', #2182, 1000.000000000000114 ) ;
#3297 = CARTESIAN_POINT ( 'NONE',  ( -39.41235865930932647, 3.230769230769225508, 11.50000000000000000 ) ) ;
#3298 = CARTESIAN_POINT ( 'NONE',  ( -42.40224131050975842, 4.100970709152984561, 11.50000000000000178 ) ) ;
#3299 = ORIENTED_EDGE ( 'NONE', *, *, #1770, .F. ) ;
#3300 = VERTEX_POINT ( 'NONE', #2002 ) ;
#3301 = CARTESIAN_POINT ( 'NONE',  ( -176.8000000000000114, -4.031647459627505176E-14, 11.00000000000000000 ) ) ;
#3302 = VECTOR ( 'NONE', #4612, 1000.000000000000000 ) ;
#3303 = EDGE_CURVE ( 'NONE', #1112, #860, #2319, .T. ) ;
#3304 = PRODUCT ( '0PB_mk4_doors_right_p4_v1', '0PB_mk4_doors_right_p4_v1', '', ( #277 ) ) ;
#3305 = DIRECTION ( 'NONE',  ( -0.7071067811865474617, 0.000000000000000000, 0.7071067811865474617 ) ) ;
#3306 = ORIENTED_EDGE ( 'NONE', *, *, #4339, .T. ) ;
#3307 = DIRECTION ( 'NONE',  ( -1.000000000000000000, 0.000000000000000000, 0.000000000000000000 ) ) ;
#3308 = CARTESIAN_POINT ( 'NONE',  ( -10.00000000000000000, 93.99999999999998579, 5.750000000000000000 ) ) ;
#3309 = LINE ( 'NONE', #27, #672 ) ;
#3310 = DIRECTION ( 'NONE',  ( -0.000000000000000000, -0.000000000000000000, 1.000000000000000000 ) ) ;
#3311 = ORIENTED_EDGE ( 'NONE', *, *, #596, .T. ) ;
#3312 = CARTESIAN_POINT ( 'NONE',  ( -30.20000000000000995, 7.599999999999912603, 10.69999999999999929 ) ) ;
#3313 = CARTESIAN_POINT ( 'NONE',  ( -169.0000000000000000, 9.499999999999978684, 11.50000000000000000 ) ) ;
#3314 = PLANE ( 'NONE',  #579 ) ;
#3315 = ORIENTED_EDGE ( 'NONE', *, *, #4394, .T. ) ;
#3316 = FACE_OUTER_BOUND ( 'NONE', #2283, .T. ) ;
#3317 = FACE_OUTER_BOUND ( 'NONE', #712, .T. ) ;
#3318 = CARTESIAN_POINT ( 'NONE',  ( -43.53856058238625337, 4.538461538461532996, 11.49999999999999645 ) ) ;
#3319 = ORIENTED_EDGE ( 'NONE', *, *, #2846, .F. ) ;
#3320 = EDGE_CURVE ( 'NONE', #1411, #4492, #3839, .T. ) ;
#3321 = CARTESIAN_POINT ( 'NONE',  ( -43.53856058238625337, 4.538461538461532996, 11.50000000000000000 ) ) ;
#3322 = CARTESIAN_POINT ( 'NONE',  ( -35.87389712084779347, 7.923076923076918021, 10.90000000000000036 ) ) ;
#3323 = ORIENTED_EDGE ( 'NONE', *, *, #4617, .F. ) ;
#3324 = EDGE_CURVE ( 'NONE', #2522, #2457, #1674, .T. ) ;
#3325 = DIRECTION ( 'NONE',  ( 1.000000000000000000, 0.000000000000000000, 0.000000000000000000 ) ) ;
#3326 = CARTESIAN_POINT ( 'NONE',  ( -41.02655024704558429, 4.199013467697794155, 11.50000000000000178 ) ) ;
#3327 = ORIENTED_EDGE ( 'NONE', *, *, #3384, .F. ) ;
#3328 = ADVANCED_FACE ( 'NONE', ( #1321 ), #944, .T. ) ;
#3329 = LINE ( 'NONE', #3685, #659 ) ;
#3330 = ORIENTED_EDGE ( 'NONE', *, *, #1543, .T. ) ;
#3331 = PLANE ( 'NONE',  #263 ) ;
#3332 = DIRECTION ( 'NONE',  ( 0.000000000000000000, 0.000000000000000000, -1.000000000000000000 ) ) ;
#3333 = CARTESIAN_POINT ( 'NONE',  ( -41.89913750546318028, 6.980769230769226397, 10.90000000000000036 ) ) ;
#3334 = ORIENTED_EDGE ( 'NONE', *, *, #1665, .T. ) ;
#3335 = ORIENTED_EDGE ( 'NONE', *, *, #1579, .F. ) ;
#3336 = CARTESIAN_POINT ( 'NONE',  ( -42.10582899903511134, 6.993494830717913224, 11.49999999999999645 ) ) ;
#3337 = DIRECTION ( 'NONE',  ( 1.000000000000000000, 2.514091994169279306E-16, 0.000000000000000000 ) ) ;
#3338 = VERTEX_POINT ( 'NONE', #2383 ) ;
#3339 = DIRECTION ( 'NONE',  ( 0.8473674540382958309, 0.5310069659021967592, 0.000000000000000000 ) ) ;
#3340 = DIRECTION ( 'NONE',  ( 0.000000000000000000, 0.000000000000000000, -1.000000000000000000 ) ) ;
#3341 = DIRECTION ( 'NONE',  ( -1.000000000000000000, 0.000000000000000000, 0.000000000000000000 ) ) ;
#3342 = VERTEX_POINT ( 'NONE', #3507 ) ;
#3343 = VECTOR ( 'NONE', #1307, 1000.000000000000000 ) ;
#3344 = DIRECTION ( 'NONE',  ( -0.000000000000000000, 0.000000000000000000, -1.000000000000000000 ) ) ;
#3345 = EDGE_CURVE ( 'NONE', #3477, #2904, #619, .T. ) ;
#3346 = CARTESIAN_POINT ( 'NONE',  ( -40.69314410251130454, 5.035736538498418291, 10.90000000000000036 ) ) ;
#3347 = ORIENTED_EDGE ( 'NONE', *, *, #2446, .T. ) ;
#3348 = CARTESIAN_POINT ( 'NONE',  ( -44.95082019777087368, 1.999999999999994893, 10.90000000000000036 ) ) ;
#3349 = ORIENTED_EDGE ( 'NONE', *, *, #1514, .F. ) ;
#3350 = CARTESIAN_POINT ( 'NONE',  ( -176.3000000000000114, -4.020115287260149677E-14, 11.00000000000000000 ) ) ;
#3351 = CARTESIAN_POINT ( 'NONE',  ( -5.403725077815402335E-14, 93.99999999999998579, 11.50000000000000000 ) ) ;
#3352 = AXIS2_PLACEMENT_3D ( 'NONE', #3041, #216, #238 ) ;
#3353 = ADVANCED_FACE ( 'NONE', ( #642 ), #4584, .T. ) ;
#3354 = VECTOR ( 'NONE', #2331, 1000.000000000000000 ) ;
#3355 = AXIS2_PLACEMENT_3D ( 'NONE', #1600, #4172, #4151 ) ;
#3356 = CARTESIAN_POINT ( 'NONE',  ( -41.51800566464575581, 6.839331259934207985, 11.50000000000000355 ) ) ;
#3357 = ORIENTED_EDGE ( 'NONE', *, *, #1229, .F. ) ;
#3358 = ORIENTED_EDGE ( 'NONE', *, *, #4372, .T. ) ;
#3359 = VECTOR ( 'NONE', #1092, 1000.000000000000000 ) ;
#3360 = AXIS2_PLACEMENT_3D ( 'NONE', #975, #4175, #2385 ) ;
#3361 = EDGE_CURVE ( 'NONE', #3173, #3022, #992, .T. ) ;
#3362 = CARTESIAN_POINT ( 'NONE',  ( -22.15000000000000213, 9.999999999999996447, 9.000000000000001776 ) ) ;
#3363 = LINE ( 'NONE', #4078, #126 ) ;
#3364 = CIRCLE ( 'NONE', #4202, 1.700000000000000178 ) ;
#3365 = VECTOR ( 'NONE', #1577, 1000.000000000000000 ) ;
#3366 = ORIENTED_EDGE ( 'NONE', *, *, #3158, .F. ) ;
#3367 = LINE ( 'NONE', #3651, #3887 ) ;
#3368 = VECTOR ( 'NONE', #3446, 1000.000000000000000 ) ;
#3369 = CIRCLE ( 'NONE', #3960, 2.200000000000007283 ) ;
#3370 = DIRECTION ( 'NONE',  ( -0.000000000000000000, -0.000000000000000000, 1.000000000000000000 ) ) ;
#3371 = CARTESIAN_POINT ( 'NONE',  ( -42.65953399751381880, 5.538908052705451723, 10.90000000000000036 ) ) ;
#3372 = ORIENTED_EDGE ( 'NONE', *, *, #3384, .T. ) ;
#3373 = VECTOR ( 'NONE', #1393, 1000.000000000000000 ) ;
#3374 = CARTESIAN_POINT ( 'NONE',  ( -27.85000000000000142, 9.999999999999996447, 7.000000000000000000 ) ) ;
#3375 = CARTESIAN_POINT ( 'NONE',  ( -40.10466635161702698, 6.337740384615378808, 11.50000000000000000 ) ) ;
#3376 = ORIENTED_EDGE ( 'NONE', *, *, #1743, .T. ) ;
#3377 = DIRECTION ( 'NONE',  ( -2.046866396318370699E-15, 0.7071067811865474617, -0.7071067811865474617 ) ) ;
#3378 = ORIENTED_EDGE ( 'NONE', *, *, #1753, .F. ) ;
#3379 = EDGE_CURVE ( 'NONE', #4656, #1291, #2504, .T. ) ;
#3380 = CARTESIAN_POINT ( 'NONE',  ( -40.10523666073332549, 6.381039841388416178, 11.49999999999998757 ) ) ;
#3381 = DIRECTION ( 'NONE',  ( -0.000000000000000000, 1.000000000000000000, -0.000000000000000000 ) ) ;
#3382 = LINE ( 'NONE', #4094, #3660 ) ;
#3383 = ORIENTED_EDGE ( 'NONE', *, *, #4489, .T. ) ;
#3384 = EDGE_CURVE ( 'NONE', #4656, #3532, #1392, .T. ) ;
#3385 = ORIENTED_EDGE ( 'NONE', *, *, #1568, .T. ) ;
#3386 = CARTESIAN_POINT ( 'NONE',  ( -174.7000000000000171, 4.999999999999976907, 5.750000000000000000 ) ) ;
#3387 = FACE_OUTER_BOUND ( 'NONE', #2487, .T. ) ;
#3388 = ORIENTED_EDGE ( 'NONE', *, *, #3488, .F. ) ;
#3389 = EDGE_CURVE ( 'NONE', #2414, #4311, #2833, .T. ) ;
#3390 = CARTESIAN_POINT ( 'NONE',  ( -41.88424259280579776, 3.416317106060871023, 11.49999999999999822 ) ) ;
#3391 = DIRECTION ( 'NONE',  ( -1.000000000000000000, 0.000000000000000000, -0.000000000000000000 ) ) ;
#3392 = DIRECTION ( 'NONE',  ( 1.257045997084642365E-16, 1.000000000000000000, 0.000000000000000000 ) ) ;
#3393 = CARTESIAN_POINT ( 'NONE',  ( -2.150000000000004796, 94.89999999999997726, 7.000000000000000000 ) ) ;
#3394 = EDGE_LOOP ( 'NONE', ( #627, #2986, #2080 ) ) ;
#3395 = PLANE ( 'NONE',  #4108 ) ;
#3396 = CARTESIAN_POINT ( 'NONE',  ( -40.10779149626291940, 6.176598839749073200, 11.49999999999999822 ) ) ;
#3397 = EDGE_LOOP ( 'NONE', ( #4261, #3466, #487, #2353 ) ) ;
#3398 = PLANE ( 'NONE',  #3737 ) ;
#3399 = CARTESIAN_POINT ( 'NONE',  ( -40.30230938840300325, 7.167912549411119549, 11.49999999999999112 ) ) ;
#3400 = CARTESIAN_POINT ( 'NONE',  ( -41.84505096700164017, 3.361778846153840927, 10.90000000000000036 ) ) ;
#3401 = EDGE_CURVE ( 'NONE', #1821, #3696, #1794, .T. ) ;
#3402 = CARTESIAN_POINT ( 'NONE',  ( -41.75799430613712815, 6.953392504926580564, 11.50000000000000355 ) ) ;
#3403 = ORIENTED_EDGE ( 'NONE', *, *, #3724, .F. ) ;
#3404 = VERTEX_POINT ( 'NONE', #329 ) ;
#3405 = EDGE_CURVE ( 'NONE', #4647, #1994, #3883, .T. ) ;
#3406 = CARTESIAN_POINT ( 'NONE',  ( -42.75570732434717769, 7.000137782496382854, 10.89999999999999858 ) ) ;
#3407 = CARTESIAN_POINT ( 'NONE',  ( -43.16908790966348874, 4.523893809824398815, 10.89999999999999858 ) ) ;
#3408 = EDGE_LOOP ( 'NONE', ( #183, #2928, #616, #383 ) ) ;
#3409 = CARTESIAN_POINT ( 'NONE',  ( -43.34399493454693442, 4.537610815686618615, 11.50000000000000000 ) ) ;
#3410 = CARTESIAN_POINT ( 'NONE',  ( -12.00000000000000178, 9.499999999999996447, 11.50000000000000000 ) ) ;
#3411 = EDGE_CURVE ( 'NONE', #3404, #824, #3624, .T. ) ;
#3412 = DIRECTION ( 'NONE',  ( 0.000000000000000000, 0.000000000000000000, -1.000000000000000000 ) ) ;
#3413 = DIRECTION ( 'NONE',  ( 1.000000000000000000, 0.000000000000000000, 0.000000000000000000 ) ) ;
#3414 = CARTESIAN_POINT ( 'NONE',  ( -40.15507211347620142, 5.871088396926343655, 11.50000000000000355 ) ) ;
#3415 = EDGE_LOOP ( 'NONE', ( #2029, #2332, #1502, #685, #1866, #3637, #3972, #2985, #3349, #2872, #2304, #3274 ) ) ;
#3416 = CARTESIAN_POINT ( 'NONE',  ( -27.85000000000000142, 9.999999999999996447, 9.000000000000001776 ) ) ;
#3417 = CARTESIAN_POINT ( 'NONE',  ( -40.81712642392213297, 4.951550550276138551, 10.90000000000000036 ) ) ;
#3418 = VERTEX_POINT ( 'NONE', #4268 ) ;
#3419 = CARTESIAN_POINT ( 'NONE',  ( -25.00000000000000000, 4.999999999999996447, 0.4999999999999466538 ) ) ;
#3420 = VERTEX_POINT ( 'NONE', #1459 ) ;
#3421 = DIRECTION ( 'NONE',  ( -0.000000000000000000, 0.000000000000000000, 1.000000000000000000 ) ) ;
#3422 = CARTESIAN_POINT ( 'NONE',  ( -41.17270471441529622, 7.880324797131960324, 10.89999999999999858 ) ) ;
#3423 = LINE ( 'NONE', #3693, #739 ) ;
#3424 = CARTESIAN_POINT ( 'NONE',  ( -176.8000000000000114, 0.4999999999999601985, 5.750000000000000000 ) ) ;
#3425 = ORIENTED_EDGE ( 'NONE', *, *, #1373, .T. ) ;
#3426 = EDGE_LOOP ( 'NONE', ( #4560, #3403, #3102, #3142 ) ) ;
#3427 = EDGE_CURVE ( 'NONE', #136, #2277, #3930, .T. ) ;
#3428 = AXIS2_PLACEMENT_3D ( 'NONE', #2560, #2151, #4302 ) ;
#3429 = CARTESIAN_POINT ( 'NONE',  ( -41.84505096700164017, 3.361778846153840927, 10.90000000000000036 ) ) ;
#3430 = PLANE ( 'NONE',  #1564 ) ;
#3431 = ORIENTED_EDGE ( 'NONE', *, *, #2040, .F. ) ;
#3432 = LINE ( 'NONE', #2690, #3514 ) ;
#3433 = VECTOR ( 'NONE', #3188, 1000.000000000000000 ) ;
#3434 = VECTOR ( 'NONE', #1650, 1000.000000000000114 ) ;
#3435 = CARTESIAN_POINT ( 'NONE',  ( -37.80000000000001847, 8.799999999999911893, 10.69999999999999929 ) ) ;
#3436 = EDGE_CURVE ( 'NONE', #1898, #3707, #4658, .T. ) ;
#3437 = CARTESIAN_POINT ( 'NONE',  ( -37.80000000000001847, 8.799999999999911893, 7.299999999999998934 ) ) ;
#3438 = VECTOR ( 'NONE', #4040, 1000.000000000000000 ) ;
#3439 = CARTESIAN_POINT ( 'NONE',  ( -5.000000000000004441, 97.99999999999998579, 5.750000000000000000 ) ) ;
#3440 = CARTESIAN_POINT ( 'NONE',  ( -42.21124005970704474, 6.995177412529286265, 11.49999999999999822 ) ) ;
#3441 = ORIENTED_EDGE ( 'NONE', *, *, #1776, .F. ) ;
#3442 = DIRECTION ( 'NONE',  ( -0.7071067811865472397, -0.7071067811865479058, -0.000000000000000000 ) ) ;
#3443 = EDGE_CURVE ( 'NONE', #2457, #864, #397, .T. ) ;
#3444 = VECTOR ( 'NONE', #1791, 1000.000000000000114 ) ;
#3445 = VECTOR ( 'NONE', #966, 1000.000000000000000 ) ;
#3446 = DIRECTION ( 'NONE',  ( -0.000000000000000000, 1.000000000000000000, -0.000000000000000000 ) ) ;
#3447 = VECTOR ( 'NONE', #3166, 1000.000000000000000 ) ;
#3448 = ORIENTED_EDGE ( 'NONE', *, *, #4603, .T. ) ;
#3449 = PLANE ( 'NONE',  #664 ) ;
#3450 = CARTESIAN_POINT ( 'NONE',  ( -41.90000716869234765, 5.576408740373473449, 11.49999999999998401 ) ) ;
#3451 = EDGE_CURVE ( 'NONE', #4301, #3712, #375, .T. ) ;
#3452 = PLANE ( 'NONE',  #1555 ) ;
#3453 = CIRCLE ( 'NONE', #674, 4.199999999999995737 ) ;
#3454 = CARTESIAN_POINT ( 'NONE',  ( -171.3000000000000114, 4.999999999999976907, 7.000000000000000000 ) ) ;
#3455 = DIRECTION ( 'NONE',  ( 1.000000000000000000, -0.000000000000000000, -0.000000000000000000 ) ) ;
#3456 = EDGE_LOOP ( 'NONE', ( #226, #1677, #498, #897 ) ) ;
#3457 = ORIENTED_EDGE ( 'NONE', *, *, #206, .T. ) ;
#3458 = DIRECTION ( 'NONE',  ( 0.000000000000000000, 0.000000000000000000, 1.000000000000000000 ) ) ;
#3459 = VERTEX_POINT ( 'NONE', #349 ) ;
#3460 = CARTESIAN_POINT ( 'NONE',  ( -41.43599568429416991, 4.572603650689663901, 11.49999999999999645 ) ) ;
#3461 = DIRECTION ( 'NONE',  ( 0.000000000000000000, 0.000000000000000000, -1.000000000000000000 ) ) ;
#3462 = DIRECTION ( 'NONE',  ( -0.000000000000000000, 0.000000000000000000, 1.000000000000000000 ) ) ;
#3463 = DIRECTION ( 'NONE',  ( -1.000000000000000000, 0.000000000000000000, 0.000000000000000000 ) ) ;
#3464 = ADVANCED_FACE ( 'NONE', ( #3228 ), #1374, .T. ) ;
#3465 = CARTESIAN_POINT ( 'NONE',  ( -41.26379320205258239, 6.163387195633307947, 10.89999999999999858 ) ) ;
#3466 = ORIENTED_EDGE ( 'NONE', *, *, #3009, .F. ) ;
#3467 = LINE ( 'NONE', #3068, #426 ) ;
#3468 = CARTESIAN_POINT ( 'NONE',  ( -43.79697404392472038, 1.999999999999994893, 10.90000000000000036 ) ) ;
#3469 = EDGE_CURVE ( 'NONE', #4625, #1311, #1817, .T. ) ;
#3470 = ORIENTED_EDGE ( 'NONE', *, *, #4170, .F. ) ;
#3471 = LINE ( 'NONE', #1682, #1336 ) ;
#3472 = CARTESIAN_POINT ( 'NONE',  ( -25.00000000000000000, 4.999999999999996447, 7.000000000000000000 ) ) ;
#3473 = PLANE ( 'NONE',  #2919 ) ;
#3474 = CARTESIAN_POINT ( 'NONE',  ( -1.153217236735558320E-16, 0.5000000000000008882, 5.750000000000000000 ) ) ;
#3475 = EDGE_CURVE ( 'NONE', #1283, #648, #1639, .T. ) ;
#3476 = PLANE ( 'NONE',  #2162 ) ;
#3477 = VERTEX_POINT ( 'NONE', #4246 ) ;
#3478 = ORIENTED_EDGE ( 'NONE', *, *, #3303, .T. ) ;
#3479 = CARTESIAN_POINT ( 'NONE',  ( -12.00000000000000178, 11.99999999999999645, 0.000000000000000000 ) ) ;
#3480 = EDGE_LOOP ( 'NONE', ( #3257, #2068, #1316, #529 ) ) ;
#3481 = CARTESIAN_POINT ( 'NONE',  ( -41.27714218268448576, 4.447360824889935671, 11.50000000000000355 ) ) ;
#3482 = CARTESIAN_POINT ( 'NONE',  ( -171.3000000000000114, 4.999999999999976907, 5.750000000000000000 ) ) ;
#3483 = PLANE ( 'NONE',  #4358 ) ;
#3484 = CARTESIAN_POINT ( 'NONE',  ( -35.28062484748659244, 0.7999999999999127809, 7.299999999999998934 ) ) ;
#3485 = DIRECTION ( 'NONE',  ( 0.000000000000000000, 0.000000000000000000, 1.000000000000000000 ) ) ;
#3486 = VERTEX_POINT ( 'NONE', #1083 ) ;
#3487 = CARTESIAN_POINT ( 'NONE',  ( -35.10466635161701987, 4.230769230769225508, 11.50000000000000000 ) ) ;
#3488 = EDGE_CURVE ( 'NONE', #4647, #2247, #3250, .T. ) ;
#3489 = CARTESIAN_POINT ( 'NONE',  ( -41.26379320205258239, 6.163387195633307947, 11.49999999999999822 ) ) ;
#3490 = ORIENTED_EDGE ( 'NONE', *, *, #2962, .T. ) ;
#3491 = CARTESIAN_POINT ( 'NONE',  ( -176.8000000000000114, -3.859759734048395785E-14, 5.750000000000000000 ) ) ;
#3492 = CARTESIAN_POINT ( 'NONE',  ( -27.85000000000000142, 1.999999999999996669, 7.000000000000000000 ) ) ;
#3493 = DIRECTION ( 'NONE',  ( -0.000000000000000000, -0.000000000000000000, 1.000000000000000000 ) ) ;
#3494 = EDGE_CURVE ( 'NONE', #1966, #40, #2454, .T. ) ;
#3495 = PLANE ( 'NONE',  #4281 ) ;
#3496 = CARTESIAN_POINT ( 'NONE',  ( -43.79697404392472038, 6.999999999999994671, 10.90000000000000036 ) ) ;
#3497 = ORIENTED_EDGE ( 'NONE', *, *, #3494, .F. ) ;
#3498 = ORIENTED_EDGE ( 'NONE', *, *, #4014, .T. ) ;
#3499 = ADVANCED_FACE ( 'NONE', ( #4297 ), #16, .F. ) ;
#3500 = APPROVAL_ROLE ( '' ) ;
#3501 = CARTESIAN_POINT ( 'NONE',  ( -25.00000000000000000, 4.999999999999996447, 10.50000000000000000 ) ) ;
#3502 = ORIENTED_EDGE ( 'NONE', *, *, #1205, .F. ) ;
#3503 = DIRECTION ( 'NONE',  ( -0.5773502691896246208, 0.5773502691896263972, 0.5773502691896263972 ) ) ;
#3504 = CARTESIAN_POINT ( 'NONE',  ( -173.0000000000000284, 4.999999999999976907, 5.750000000000000000 ) ) ;
#3505 = EDGE_CURVE ( 'NONE', #4554, #1265, #3741, .T. ) ;
#3506 = VECTOR ( 'NONE', #3608, 1000.000000000000000 ) ;
#3507 = CARTESIAN_POINT ( 'NONE',  ( -2.150000000000003908, 101.2999999999999829, 7.000000000000000000 ) ) ;
#3508 = CARTESIAN_POINT ( 'NONE',  ( -39.41235865930932647, 3.230769230769225508, 10.90000000000000036 ) ) ;
#3509 = CARTESIAN_POINT ( 'NONE',  ( -30.20000000000000995, 8.799999999999911893, 10.69999999999999929 ) ) ;
#3510 = VECTOR ( 'NONE', #3455, 1000.000000000000000 ) ;
#3511 = VECTOR ( 'NONE', #4059, 1000.000000000000000 ) ;
#3512 = ORIENTED_EDGE ( 'NONE', *, *, #3443, .T. ) ;
#3513 = CARTESIAN_POINT ( 'NONE',  ( -42.60391994105118130, 4.310619244672401429, 10.90000000000000036 ) ) ;
#3514 = VECTOR ( 'NONE', #3018, 1000.000000000000000 ) ;
#3515 = VECTOR ( 'NONE', #3872, 1000.000000000000000 ) ;
#3516 = CARTESIAN_POINT ( 'NONE',  ( -41.90000716869234765, 5.576408740373473449, 11.50000000000000000 ) ) ;
#3517 = VERTEX_POINT ( 'NONE', #2174 ) ;
#3518 = DIRECTION ( 'NONE',  ( 1.000000000000000000, 0.000000000000000000, -0.000000000000000000 ) ) ;
#3519 = VECTOR ( 'NONE', #758, 1000.000000000000000 ) ;
#3520 = CARTESIAN_POINT ( 'NONE',  ( -41.72325229106081679, 5.611588271097787128, 10.89999999999999858 ) ) ;
#3521 = CARTESIAN_POINT ( 'NONE',  ( -12.00000000000000178, 11.99999999999999645, 11.50000000000000000 ) ) ;
#3522 = B_SPLINE_SURFACE_WITH_KNOTS ( 'NONE', 3, 1, ( 
 ( #1230, #1897 ),
 ( #2634, #906 ),
 ( #4109, #503 ),
 ( #4065, #1631 ),
 ( #2276, #528 ),
 ( #143, #3326 ),
 ( #94, #1944 ),
 ( #4467, #879 ),
 ( #4491, #857 ),
 ( #3070, #2322 ),
 ( #813, #1562 ),
 ( #4446, #3723 ),
 ( #4521, #2675 ),
 ( #1536, #1209 ),
 ( #2655, #837 ) ),
 .UNSPECIFIED., .F., .F., .F.,
 ( 4, 1, 1, 1, 1, 1, 1, 1, 1, 1, 1, 1, 4 ),
 ( 2, 2 ),
 ( 0.000000000000000000, 0.1071204224458243703, 0.2096492605632112316, 0.3076581845860461017, 0.4022185694841727832, 0.4516719944287477251, 0.5087791500987497439, 0.5727572083871670383, 0.6436596162109158303, 0.7218523466714367176, 0.8075494665000571004, 0.9002592690507912332, 1.000000000000000000 ),
 ( 0.000000000000000000, 1.000000000000000000 ),
 .UNSPECIFIED. ) ;
#3523 = AXIS2_PLACEMENT_3D ( 'NONE', #1159, #1808, #1499 ) ;
#3524 = CARTESIAN_POINT ( 'NONE',  ( -41.17270471441529622, 7.880324797131960324, 11.49999999999999822 ) ) ;
#3525 = ADVANCED_FACE ( 'NONE', ( #2900 ), #4340, .F. ) ;
#3526 = CARTESIAN_POINT ( 'NONE',  ( -43.79697404392472038, 4.538461538461532996, 10.90000000000000036 ) ) ;
#3527 = VERTEX_POINT ( 'NONE', #3645 ) ;
#3528 = ORIENTED_EDGE ( 'NONE', *, *, #4321, .T. ) ;
#3529 = CIRCLE ( 'NONE', #519, 2.000000000000000000 ) ;
#3530 = EDGE_CURVE ( 'NONE', #1152, #3956, #1484, .T. ) ;
#3531 = CARTESIAN_POINT ( 'NONE',  ( -168.7500000000000000, 9.499999999999978684, 0.2500000000000002220 ) ) ;
#3532 = VERTEX_POINT ( 'NONE', #2596 ) ;
#3533 = CARTESIAN_POINT ( 'NONE',  ( -43.53856058238625337, 4.538461538461532996, 10.90000000000000036 ) ) ;
#3534 = DIRECTION ( 'NONE',  ( 0.7071067811865474617, -2.307555223660273621E-15, 0.7071067811865474617 ) ) ;
#3535 = B_SPLINE_CURVE_WITH_KNOTS ( 'NONE', 3,
 ( #3985, #1465, #763, #1088, #3958, #4682, #2530, #3184, #1443, #3935, #3513, #1421, #1113, #738, #291, #2905, #713, #3581, #2488 ),
 .UNSPECIFIED., .F., .F.,
 ( 4, 1, 1, 1, 1, 1, 1, 1, 1, 1, 1, 1, 1, 1, 1, 1, 4 ),
 ( 0.000000000000000000, 0.09159048609353184767, 0.1748650680095214238, 0.2498291386197520059, 0.3161601287445531816, 0.3740999210226527705, 0.4237697149570359700, 0.4648394052542228483, 0.4980745876098449099, 0.5541607459856843221, 0.6073875402327884032, 0.6580157587679736908, 0.7068185003504509067, 0.7608855792435086363, 0.8276472363467611837, 0.9071004225686321032, 1.000000000000000000 ),
 .UNSPECIFIED. ) ;
#3536 = CARTESIAN_POINT ( 'NONE',  ( -9.500000000000000000, 93.99999999999998579, 0.5000000000000004441 ) ) ;
#3537 = EDGE_CURVE ( 'NONE', #3517, #29, #4026, .T. ) ;
#3538 = CARTESIAN_POINT ( 'NONE',  ( -176.8000000000000114, 9.499999999999980460, 6.250000000000000000 ) ) ;
#3539 = ORIENTED_EDGE ( 'NONE', *, *, #3550, .T. ) ;
#3540 = CARTESIAN_POINT ( 'NONE',  ( -37.80000000000001847, 8.799999999999911893, 10.69999999999999929 ) ) ;
#3541 = AXIS2_PLACEMENT_3D ( 'NONE', #1616, #1293, #917 ) ;
#3542 = CARTESIAN_POINT ( 'NONE',  ( -41.53634677295072208, 5.702017692471817334, 11.50000000000000533 ) ) ;
#3543 = ORIENTED_EDGE ( 'NONE', *, *, #846, .T. ) ;
#3544 = PLANE ( 'NONE',  #583 ) ;
#3545 = DIRECTION ( 'NONE',  ( 0.000000000000000000, 0.000000000000000000, -1.000000000000000000 ) ) ;
#3546 = CARTESIAN_POINT ( 'NONE',  ( -40.94707581784197004, 7.798739619639598608, 11.49999999999999822 ) ) ;
#3547 = CARTESIAN_POINT ( 'NONE',  ( -9.500000000000001776, 12.00000000000001421, 11.50000000000000000 ) ) ;
#3548 = ORIENTED_EDGE ( 'NONE', *, *, #4082, .T. ) ;
#3549 = CARTESIAN_POINT ( 'NONE',  ( -42.43279135161702698, 7.999999999999994671, 11.49999999999998934 ) ) ;
#3550 = EDGE_CURVE ( 'NONE', #1966, #1927, #3364, .T. ) ;
#3551 = CARTESIAN_POINT ( 'NONE',  ( -41.26449972118764009, 6.420323004037208570, 10.90000000000000036 ) ) ;
#3552 = EDGE_LOOP ( 'NONE', ( #3684, #940, #1764 ) ) ;
#3553 = LINE ( 'NONE', #1371, #1786 ) ;
#3554 = EDGE_CURVE ( 'NONE', #881, #1804, #3423, .T. ) ;
#3555 = CARTESIAN_POINT ( 'NONE',  ( -27.85000000000000142, 9.999999999999996447, 9.000000000000001776 ) ) ;
#3556 = LINE ( 'NONE', #2106, #4594 ) ;
#3557 = DIRECTION ( 'NONE',  ( -0.000000000000000000, -0.000000000000000000, 1.000000000000000000 ) ) ;
#3558 = ORIENTED_EDGE ( 'NONE', *, *, #4569, .T. ) ;
#3559 = ORIENTED_EDGE ( 'NONE', *, *, #3103, .T. ) ;
#3560 = CARTESIAN_POINT ( 'NONE',  ( -22.80000000000007887, 4.999999999999996447, 0.000000000000000000 ) ) ;
#3561 = DIRECTION ( 'NONE',  ( -1.000000000000000000, 0.000000000000000000, 0.000000000000000000 ) ) ;
#3562 = VERTEX_POINT ( 'NONE', #933 ) ;
#3563 = CARTESIAN_POINT ( 'NONE',  ( -0.5000000000000587308, 101.2999999999999829, 5.750000000000000000 ) ) ;
#3564 = LINE ( 'NONE', #1848, #3572 ) ;
#3565 = LINE ( 'NONE', #2187, #1185 ) ;
#3566 = DIRECTION ( 'NONE',  ( 0.000000000000000000, -0.7071067811865476838, 0.7071067811865474617 ) ) ;
#3567 = ORIENTED_EDGE ( 'NONE', *, *, #707, .T. ) ;
#3568 = CARTESIAN_POINT ( 'NONE',  ( -40.66369278979443891, 7.618667132144579135, 10.90000000000000391 ) ) ;
#3569 = SHAPE_DEFINITION_REPRESENTATION ( #2817, #1654 ) ;
#3570 = CARTESIAN_POINT ( 'NONE',  ( -41.34987721747835110, 6.659442420435225607, 10.89999999999999503 ) ) ;
#3571 = ORIENTED_EDGE ( 'NONE', *, *, #396, .F. ) ;
#3572 = VECTOR ( 'NONE', #1021, 1000.000000000000000 ) ;
#3573 = LINE ( 'NONE', #3979, #3444 ) ;
#3574 = DIRECTION ( 'NONE',  ( -1.000000000000000000, 0.000000000000000000, 0.000000000000000000 ) ) ;
#3575 = CARTESIAN_POINT ( 'NONE',  ( -1.049673440877682430E-15, 9.499999999999969802, 7.000000000000000000 ) ) ;
#3576 = LINE ( 'NONE', #1418, #1260 ) ;
#3577 = EDGE_LOOP ( 'NONE', ( #279, #4655 ) ) ;
#3578 = ADVANCED_FACE ( 'NONE', ( #1887, #194 ), #2619, .F. ) ;
#3579 = EDGE_LOOP ( 'NONE', ( #2805, #4119, #3431 ) ) ;
#3580 = VECTOR ( 'NONE', #2654, 1000.000000000000000 ) ;
#3581 = CARTESIAN_POINT ( 'NONE',  ( -43.47041767215583974, 4.538163589022227384, 10.90000000000000036 ) ) ;
#3582 = VECTOR ( 'NONE', #2238, 1000.000000000000000 ) ;
#3583 = VECTOR ( 'NONE', #850, 1000.000000000000000 ) ;
#3584 = DIRECTION ( 'NONE',  ( 0.000000000000000000, 0.7071067811865474617, -0.7071067811865474617 ) ) ;
#3585 = ORIENTED_EDGE ( 'NONE', *, *, #1256, .F. ) ;
#3586 = ADVANCED_FACE ( 'NONE', ( #4053, #826, #467 ), #1906, .F. ) ;
#3587 = CARTESIAN_POINT ( 'NONE',  ( -176.8000000000000114, 2.149999999999977263, 9.000000000000001776 ) ) ;
#3588 = PLANE ( 'NONE',  #1470 ) ;
#3589 = AXIS2_PLACEMENT_3D ( 'NONE', #4003, #395, #3623 ) ;
#3590 = CARTESIAN_POINT ( 'NONE',  ( -29.80000000000002203, 4.799999999999940314, 7.299999999999998934 ) ) ;
#3591 = AXIS2_PLACEMENT_3D ( 'NONE', #3269, #448, #1992 ) ;
#3592 = VECTOR ( 'NONE', #1004, 1000.000000000000000 ) ;
#3593 = ADVANCED_FACE ( 'NONE', ( #2732 ), #1129, .F. ) ;
#3594 = CARTESIAN_POINT ( 'NONE',  ( -169.9000000000000057, 7.849999999999976552, 7.000000000000000000 ) ) ;
#3595 = ORIENTED_EDGE ( 'NONE', *, *, #3667, .F. ) ;
#3596 = ORIENTED_EDGE ( 'NONE', *, *, #3401, .T. ) ;
#3597 = FACE_OUTER_BOUND ( 'NONE', #575, .T. ) ;
#3598 = VECTOR ( 'NONE', #139, 1000.000000000000000 ) ;
#3599 = DIRECTION ( 'NONE',  ( -1.000000000000000000, 0.000000000000000000, 0.000000000000000000 ) ) ;
#3600 = AXIS2_PLACEMENT_3D ( 'NONE', #2526, #759, #398 ) ;
#3601 = ORIENTED_EDGE ( 'NONE', *, *, #2231, .T. ) ;
#3602 = CARTESIAN_POINT ( 'NONE',  ( -173.0000000000000284, 4.999999999999976907, 7.000000000000000000 ) ) ;
#3603 = DIRECTION ( 'NONE',  ( -1.000000000000000000, -0.000000000000000000, -0.000000000000000000 ) ) ;
#3604 = CARTESIAN_POINT ( 'NONE',  ( -51.72499999999999432, 51.72499999999995879, 7.000000000000000000 ) ) ;
#3605 = CARTESIAN_POINT ( 'NONE',  ( -41.95906746385899311, 3.520441856725748941, 11.49999999999999289 ) ) ;
#3606 = ORIENTED_EDGE ( 'NONE', *, *, #150, .F. ) ;
#3607 = ORIENTED_EDGE ( 'NONE', *, *, #3128, .F. ) ;
#3608 = DIRECTION ( 'NONE',  ( 0.000000000000000000, 0.000000000000000000, -1.000000000000000000 ) ) ;
#3609 = EDGE_CURVE ( 'NONE', #3877, #4533, #418, .T. ) ;
#3610 = LINE ( 'NONE', #2582, #4433 ) ;
#3611 = VERTEX_POINT ( 'NONE', #4184 ) ;
#3612 = CARTESIAN_POINT ( 'NONE',  ( -40.12681594618525338, 6.020361767034141387, 10.90000000000000036 ) ) ;
#3613 = DIRECTION ( 'NONE',  ( 0.000000000000000000, 0.000000000000000000, -1.000000000000000000 ) ) ;
#3614 = ADVANCED_FACE ( 'NONE', ( #983, #653 ), #299, .T. ) ;
#3615 = CARTESIAN_POINT ( 'NONE',  ( -0.5000000000000541789, 93.99999999999998579, 11.50000000000000000 ) ) ;
#3616 = CARTESIAN_POINT ( 'NONE',  ( -2.150000000000003908, 101.2999999999999829, 9.000000000000001776 ) ) ;
#3617 = VERTEX_POINT ( 'NONE', #958 ) ;
#3618 = ORIENTED_EDGE ( 'NONE', *, *, #1121, .F. ) ;
#3619 = DIRECTION ( 'NONE',  ( 0.7592566023652695950, 0.6507913734560000218, -0.000000000000000000 ) ) ;
#3620 = EDGE_CURVE ( 'NONE', #3155, #648, #4216, .T. ) ;
#3621 = DIRECTION ( 'NONE',  ( -0.7071067811865474617, -8.653332088726042844E-16, 0.7071067811865474617 ) ) ;
#3622 = ORIENTED_EDGE ( 'NONE', *, *, #4660, .F. ) ;
#3623 = DIRECTION ( 'NONE',  ( -0.000000000000000000, -1.000000000000000000, 0.000000000000000000 ) ) ;
#3624 = LINE ( 'NONE', #2880, #589 ) ;
#3625 = FACE_OUTER_BOUND ( 'NONE', #1425, .T. ) ;
#3626 = CARTESIAN_POINT ( 'NONE',  ( -9.500000000000001776, 2.009740612412155390E-16, 5.750000000000000000 ) ) ;
#3627 = EDGE_LOOP ( 'NONE', ( #1238, #1842, #3978, #2713 ) ) ;
#3628 = ORIENTED_EDGE ( 'NONE', *, *, #3873, .F. ) ;
#3629 = FACE_BOUND ( 'NONE', #3151, .T. ) ;
#3630 = CARTESIAN_POINT ( 'NONE',  ( -176.3000000000000114, 0.4999999999999607536, 11.50000000000000000 ) ) ;
#3631 = ORIENTED_EDGE ( 'NONE', *, *, #2524, .T. ) ;
#3632 = LINE ( 'NONE', #1272, #2010 ) ;
#3633 = EDGE_CURVE ( 'NONE', #1927, #564, #3099, .T. ) ;
#3634 = DIRECTION ( 'NONE',  ( -0.7071067811865474617, -0.7071067811865474617, 0.000000000000000000 ) ) ;
#3635 = CARTESIAN_POINT ( 'NONE',  ( -44.95082019777087368, 1.999999999999994893, 10.90000000000000036 ) ) ;
#3636 = CARTESIAN_POINT ( 'NONE',  ( -169.0000000000000000, -3.851745570696758250E-14, 6.250000000000000000 ) ) ;
#3637 = ORIENTED_EDGE ( 'NONE', *, *, #14, .F. ) ;
#3638 = ADVANCED_FACE ( 'NONE', ( #1739 ), #3495, .T. ) ;
#3639 = CARTESIAN_POINT ( 'NONE',  ( -41.45343788132913687, 7.939499622492438569, 11.49999999999998579 ) ) ;
#3640 = CARTESIAN_POINT ( 'NONE',  ( -35.87389712084779347, 4.230769230769225508, 10.90000000000000036 ) ) ;
#3641 = CARTESIAN_POINT ( 'NONE',  ( -41.26449972118764009, 6.420323004037208570, 10.90000000000000036 ) ) ;
#3642 = EDGE_LOOP ( 'NONE', ( #2884, #3055, #3372, #306 ) ) ;
#3643 = EDGE_CURVE ( 'NONE', #1804, #3101, #3147, .T. ) ;
#3644 = DIRECTION ( 'NONE',  ( 0.000000000000000000, -1.000000000000000000, 0.000000000000000000 ) ) ;
#3645 = CARTESIAN_POINT ( 'NONE',  ( -0.5000000000000005551, 2.000000000000013323, 11.50000000000000000 ) ) ;
#3646 = LINE ( 'NONE', #4477, #1646 ) ;
#3647 = CARTESIAN_POINT ( 'NONE',  ( -40.37029135161701987, 3.187499999999995115, 10.90000000000000036 ) ) ;
#3648 = ORIENTED_EDGE ( 'NONE', *, *, #1059, .F. ) ;
#3649 = ADVANCED_FACE ( 'NONE', ( #2116 ), #2066, .T. ) ;
#3650 = ORIENTED_EDGE ( 'NONE', *, *, #2243, .T. ) ;
#3651 = CARTESIAN_POINT ( 'NONE',  ( -10.00000000000000000, 101.2999999999999829, 11.50000000000000000 ) ) ;
#3652 = VECTOR ( 'NONE', #2119, 1000.000000000000000 ) ;
#3653 = DIRECTION ( 'NONE',  ( 1.000000000000000000, 0.000000000000000000, 0.000000000000000000 ) ) ;
#3654 = CIRCLE ( 'NONE', #2382, 1.700000000000006173 ) ;
#3655 = ORIENTED_EDGE ( 'NONE', *, *, #3037, .T. ) ;
#3656 = CARTESIAN_POINT ( 'NONE',  ( -42.33249216587681474, 4.017198881680050349, 11.49999999999999822 ) ) ;
#3657 = LINE ( 'NONE', #3702, #4498 ) ;
#3658 = PLANE ( 'NONE',  #2554 ) ;
#3659 = CARTESIAN_POINT ( 'NONE',  ( -1.999999999999999556, 1.999999999999999556, 0.5000000000000004441 ) ) ;
#3660 = VECTOR ( 'NONE', #3734, 1000.000000000000000 ) ;
#3661 = ORIENTED_EDGE ( 'NONE', *, *, #1826, .T. ) ;
#3662 = VECTOR ( 'NONE', #4403, 1000.000000000000000 ) ;
#3663 = FACE_OUTER_BOUND ( 'NONE', #4008, .T. ) ;
#3664 = CARTESIAN_POINT ( 'NONE',  ( -10.00000000000000000, 101.2999999999999829, 11.00000000000000000 ) ) ;
#3665 = AXIS2_PLACEMENT_3D ( 'NONE', #2103, #2810, #4648 ) ;
#3666 = VECTOR ( 'NONE', #833, 1000.000000000000114 ) ;
#3667 = EDGE_CURVE ( 'NONE', #2769, #4475, #1758, .T. ) ;
#3668 = CARTESIAN_POINT ( 'NONE',  ( -30.20000000000000995, 7.599999999999912603, 10.69999999999999929 ) ) ;
#3669 = ORIENTED_EDGE ( 'NONE', *, *, #1855, .T. ) ;
#3670 = LINE ( 'NONE', #3928, #4045 ) ;
#3671 = VECTOR ( 'NONE', #4611, 1000.000000000000000 ) ;
#3672 = VECTOR ( 'NONE', #1997, 1000.000000000000000 ) ;
#3673 = ADVANCED_FACE ( 'NONE', ( #2753 ), #2847, .F. ) ;
#3674 = VECTOR ( 'NONE', #1090, 1000.000000000000000 ) ;
#3675 = CARTESIAN_POINT ( 'NONE',  ( -41.95310593109942943, 6.986699201285865968, 11.49999999999999645 ) ) ;
#3676 = CARTESIAN_POINT ( 'NONE',  ( -41.88424259280579776, 3.416317106060871023, 10.89999999999999858 ) ) ;
#3677 = EDGE_LOOP ( 'NONE', ( #1953, #1419, #1626, #3267 ) ) ;
#3678 = CARTESIAN_POINT ( 'NONE',  ( -39.19999999999999574, 9.999999999999992895, 10.69999999999999929 ) ) ;
#3679 = EDGE_CURVE ( 'NONE', #129, #1030, #2781, .T. ) ;
#3680 = CARTESIAN_POINT ( 'NONE',  ( -28.80000000000002913, 9.999999999999996447, 7.299999999999998934 ) ) ;
#3681 = VERTEX_POINT ( 'NONE', #3454 ) ;
#3682 = DIRECTION ( 'NONE',  ( -0.7071067811865320296, 0.000000000000000000, -0.7071067811865631159 ) ) ;
#3683 = CARTESIAN_POINT ( 'NONE',  ( -40.31502638020333507, 5.466959943854882376, 10.90000000000000036 ) ) ;
#3684 = ORIENTED_EDGE ( 'NONE', *, *, #820, .F. ) ;
#3685 = CARTESIAN_POINT ( 'NONE',  ( -176.8000000000000114, 9.499999999999978684, 11.50000000000000000 ) ) ;
#3686 = EDGE_LOOP ( 'NONE', ( #368, #4264, #3253, #2023 ) ) ;
#3687 = CARTESIAN_POINT ( 'NONE',  ( -40.11892500775169879, 6.592303072287543309, 10.90000000000000213 ) ) ;
#3688 = PLANE ( 'NONE',  #4423 ) ;
#3689 = CARTESIAN_POINT ( 'NONE',  ( -41.75799430613712815, 6.953392504926580564, 10.90000000000000213 ) ) ;
#3690 = ORIENTED_EDGE ( 'NONE', *, *, #3103, .F. ) ;
#3691 = EDGE_LOOP ( 'NONE', ( #1537, #3478, #289, #2897 ) ) ;
#3692 = EDGE_CURVE ( 'NONE', #2508, #1432, #223, .T. ) ;
#3693 = CARTESIAN_POINT ( 'NONE',  ( -6.700000000000010836, 97.99999999999998579, 6.249999999999999112 ) ) ;
#3694 = DIRECTION ( 'NONE',  ( 1.000000000000000000, 0.000000000000000000, 0.000000000000000000 ) ) ;
#3695 = CARTESIAN_POINT ( 'NONE',  ( -176.3000000000000114, -4.016282053718441304E-14, 11.00000000000000000 ) ) ;
#3696 = VERTEX_POINT ( 'NONE', #3830 ) ;
#3697 = CARTESIAN_POINT ( 'NONE',  ( -30.20000000000000995, 8.799999999999911893, 7.299999999999998934 ) ) ;
#3698 = EDGE_CURVE ( 'NONE', #2827, #2631, #2044, .T. ) ;
#3699 = CARTESIAN_POINT ( 'NONE',  ( -43.79697404392472038, 1.999999999999994893, 11.50000000000000000 ) ) ;
#3700 = LINE ( 'NONE', #1914, #2394 ) ;
#3701 = ORIENTED_EDGE ( 'NONE', *, *, #2615, .F. ) ;
#3702 = CARTESIAN_POINT ( 'NONE',  ( -5.832498915511625888E-14, 101.2999999999999829, 11.50000000000000000 ) ) ;
#3703 = ADVANCED_FACE ( 'NONE', ( #4330 ), #2539, .T. ) ;
#3704 = CARTESIAN_POINT ( 'NONE',  ( -40.48025196391812131, 5.234059794183349545, 10.90000000000000213 ) ) ;
#3705 = ORIENTED_EDGE ( 'NONE', *, *, #3936, .F. ) ;
#3706 = LINE ( 'NONE', #2325, #1173 ) ;
#3707 = VERTEX_POINT ( 'NONE', #3590 ) ;
#3708 = DIRECTION ( 'NONE',  ( -0.000000000000000000, -0.000000000000000000, -1.000000000000000000 ) ) ;
#3709 = CARTESIAN_POINT ( 'NONE',  ( -40.84683218391204917, 7.746912533848882454, 10.89999999999999858 ) ) ;
#3710 = CARTESIAN_POINT ( 'NONE',  ( -25.00000000000000000, 4.999999999999996447, 0.000000000000000000 ) ) ;
#3711 = VERTEX_POINT ( 'NONE', #4357 ) ;
#3712 = VERTEX_POINT ( 'NONE', #3969 ) ;
#3713 = DIRECTION ( 'NONE',  ( -0.000000000000000000, -0.000000000000000000, 1.000000000000000000 ) ) ;
#3714 = CARTESIAN_POINT ( 'NONE',  ( -173.0000000000000284, 4.999999999999976907, 5.750000000000000000 ) ) ;
#3715 = ORIENTED_EDGE ( 'NONE', *, *, #4381, .T. ) ;
#3716 = CARTESIAN_POINT ( 'NONE',  ( -27.85000000000000142, 1.999999999999996669, 7.000000000000000000 ) ) ;
#3717 = PLANE ( 'NONE',  #1422 ) ;
#3718 = ADVANCED_FACE ( 'NONE', ( #1094 ), #3216, .T. ) ;
#3719 = CARTESIAN_POINT ( 'NONE',  ( -176.3000000000000114, 0.000000000000000000, 5.750000000000000000 ) ) ;
#3720 = ORIENTED_EDGE ( 'NONE', *, *, #2906, .F. ) ;
#3721 = CARTESIAN_POINT ( 'NONE',  ( -0.5000000000000593969, 101.7999999999999829, 11.00000000000000000 ) ) ;
#3722 = VECTOR ( 'NONE', #1228, 1000.000000000000114 ) ;
#3723 = CARTESIAN_POINT ( 'NONE',  ( -40.55755003004311021, 3.511838176082229257, 11.50000000000000178 ) ) ;
#3724 = EDGE_CURVE ( 'NONE', #1846, #488, #770, .T. ) ;
#3725 = ORIENTED_EDGE ( 'NONE', *, *, #3086, .T. ) ;
#3726 = DIRECTION ( 'NONE',  ( 1.000000000000000000, 0.000000000000000000, 0.000000000000000000 ) ) ;
#3727 = ORIENTED_EDGE ( 'NONE', *, *, #3303, .F. ) ;
#3728 = CARTESIAN_POINT ( 'NONE',  ( -176.3000000000000114, 2.149999999999977263, 7.000000000000000000 ) ) ;
#3729 = CARTESIAN_POINT ( 'NONE',  ( -40.94707581784197004, 7.798739619639598608, 10.89999999999999858 ) ) ;
#3730 = CIRCLE ( 'NONE', #874, 1.700000000000007061 ) ;
#3731 = ADVANCED_FACE ( 'NONE', ( #3260, #1850 ), #3658, .F. ) ;
#3732 = VECTOR ( 'NONE', #535, 1000.000000000000114 ) ;
#3733 = AXIS2_PLACEMENT_3D ( 'NONE', #3640, #4609, #3861 ) ;
#3734 = DIRECTION ( 'NONE',  ( 1.000000000000000000, -0.000000000000000000, -0.000000000000000000 ) ) ;
#3735 = ORIENTED_EDGE ( 'NONE', *, *, #1860, .F. ) ;
#3736 = VERTEX_POINT ( 'NONE', #3281 ) ;
#3737 = AXIS2_PLACEMENT_3D ( 'NONE', #1361, #3827, #2392 ) ;
#3738 = AXIS2_PLACEMENT_3D ( 'NONE', #2927, #2598, #423 ) ;
#3739 = FACE_BOUND ( 'NONE', #1025, .T. ) ;
#3740 = PLANE ( 'NONE',  #3892 ) ;
#3741 = CIRCLE ( 'NONE', #667, 4.199999999999999289 ) ;
#3742 = VERTEX_POINT ( 'NONE', #365 ) ;
#3743 = CARTESIAN_POINT ( 'NONE',  ( -41.62947181607936642, 6.904704917441982559, 11.49999999999999822 ) ) ;
#3744 = PLANE ( 'NONE',  #959 ) ;
#3745 = VECTOR ( 'NONE', #1135, 1000.000000000000114 ) ;
#3746 = DIRECTION ( 'NONE',  ( -0.000000000000000000, -0.000000000000000000, 1.000000000000000000 ) ) ;
#3747 = CARTESIAN_POINT ( 'NONE',  ( -41.25990614311965032, 4.761475585107854513, 11.50000000000000178 ) ) ;
#3748 = VERTEX_POINT ( 'NONE', #2516 ) ;
#3749 = DIRECTION ( 'NONE',  ( 0.5773502691896258421, 0.5773502691896266192, 0.5773502691896249539 ) ) ;
#3750 = ADVANCED_FACE ( 'NONE', ( #2912, #748 ), #1429, .F. ) ;
#3751 = CARTESIAN_POINT ( 'NONE',  ( -40.10572418948983398, 6.283195188038152246, 10.90000000000000036 ) ) ;
#3752 = VERTEX_POINT ( 'NONE', #51 ) ;
#3753 = PLANE ( 'NONE',  #2087 ) ;
#3754 = EDGE_LOOP ( 'NONE', ( #4455, #3650 ) ) ;
#3755 = LINE ( 'NONE', #2609, #720 ) ;
#3756 = CARTESIAN_POINT ( 'NONE',  ( -42.43279135161702698, 7.999999999999994671, 10.90000000000000036 ) ) ;
#3757 = ADVANCED_FACE ( 'NONE', ( #721 ), #3921, .T. ) ;
#3758 = CARTESIAN_POINT ( 'NONE',  ( -42.10582899903511134, 6.993494830717913224, 10.89999999999999680 ) ) ;
#3759 = ORIENTED_EDGE ( 'NONE', *, *, #4166, .F. ) ;
#3760 = ORIENTED_EDGE ( 'NONE', *, *, #2953, .F. ) ;
#3761 = EDGE_CURVE ( 'NONE', #1790, #2207, #2160, .T. ) ;
#3762 = CALENDAR_DATE ( 2023, 8, 6 ) ;
#3763 = DIRECTION ( 'NONE',  ( 0.000000000000000000, 0.000000000000000000, -1.000000000000000000 ) ) ;
#3764 = ORIENTED_EDGE ( 'NONE', *, *, #557, .T. ) ;
#3765 = CARTESIAN_POINT ( 'NONE',  ( -41.84505096700164017, 3.361778846153840927, 11.50000000000000000 ) ) ;
#3766 = DIRECTION ( 'NONE',  ( -0.000000000000000000, -0.000000000000000000, 1.000000000000000000 ) ) ;
#3767 = DIRECTION ( 'NONE',  ( -0.8241865897695624943, 0.5663183426695793665, 0.000000000000000000 ) ) ;
#3768 = DIRECTION ( 'NONE',  ( 0.000000000000000000, -1.000000000000000000, 0.000000000000000000 ) ) ;
#3769 = CARTESIAN_POINT ( 'NONE',  ( -41.95310593109942943, 6.986699201285865968, 11.49999999999999645 ) ) ;
#3770 = ORIENTED_EDGE ( 'NONE', *, *, #3904, .T. ) ;
#3771 = DIRECTION ( 'NONE',  ( 1.000000000000000000, 0.000000000000000000, 0.000000000000000000 ) ) ;
#3772 = CARTESIAN_POINT ( 'NONE',  ( -40.58058473624794260, 5.129783766728841954, 11.49999999999999822 ) ) ;
#3773 = ORIENTED_EDGE ( 'NONE', *, *, #2680, .T. ) ;
#3774 = DIRECTION ( 'NONE',  ( -1.645406930227279612E-16, -0.7071067811865474617, 0.7071067811865474617 ) ) ;
#3775 = CARTESIAN_POINT ( 'NONE',  ( -42.65953399751381880, 5.538908052705451723, 11.49999999999998401 ) ) ;
#3776 = CARTESIAN_POINT ( 'NONE',  ( -40.42848018898967410, 7.369994143346014326, 10.89999999999999680 ) ) ;
#3777 = DIRECTION ( 'NONE',  ( 0.000000000000000000, -0.000000000000000000, -1.000000000000000000 ) ) ;
#3778 = ADVANCED_FACE ( 'NONE', ( #698 ), #1044, .F. ) ;
#3779 = DIRECTION ( 'NONE',  ( 0.7071067811865475727, -0.7071067811865475727, 0.000000000000000000 ) ) ;
#3780 = ORIENTED_EDGE ( 'NONE', *, *, #1826, .F. ) ;
#3781 = ORIENTED_EDGE ( 'NONE', *, *, #1022, .F. ) ;
#3782 = ADVANCED_FACE ( 'NONE', ( #4015 ), #6, .F. ) ;
#3783 = CARTESIAN_POINT ( 'NONE',  ( -7.850000000000004974, 101.7999999999999829, 9.000000000000001776 ) ) ;
#3784 = EDGE_LOOP ( 'NONE', ( #4454, #2921, #1588, #3490 ) ) ;
#3785 = CARTESIAN_POINT ( 'NONE',  ( -22.15000000000000213, 9.499999999999966249, 7.000000000000000000 ) ) ;
#3786 = CARTESIAN_POINT ( 'NONE',  ( -0.5000000000000593969, 101.7999999999999829, 11.00000000000000000 ) ) ;
#3787 = DIRECTION ( 'NONE',  ( 0.000000000000000000, -1.000000000000000000, 0.000000000000000000 ) ) ;
#3788 = LINE ( 'NONE', #2033, #3152 ) ;
#3789 = EDGE_CURVE ( 'NONE', #2239, #4494, #3565, .T. ) ;
#3790 = CARTESIAN_POINT ( 'NONE',  ( -41.43029346389371881, 4.718249065901001238, 11.49999999999999822 ) ) ;
#3791 = VERTEX_POINT ( 'NONE', #789 ) ;
#3792 = CARTESIAN_POINT ( 'NONE',  ( -42.43279135161702698, 7.999999999999994671, 10.90000000000000036 ) ) ;
#3793 = CARTESIAN_POINT ( 'NONE',  ( -41.25990614311965032, 4.761475585107854513, 10.90000000000000213 ) ) ;
#3794 = VECTOR ( 'NONE', #3259, 1000.000000000000000 ) ;
#3795 = VERTEX_POINT ( 'NONE', #387 ) ;
#3796 = DIRECTION ( 'NONE',  ( 0.000000000000000000, -0.000000000000000000, 1.000000000000000000 ) ) ;
#3797 = ORIENTED_EDGE ( 'NONE', *, *, #1136, .F. ) ;
#3798 = DIRECTION ( 'NONE',  ( -0.000000000000000000, 0.000000000000000000, 1.000000000000000000 ) ) ;
#3799 = DIRECTION ( 'NONE',  ( -0.000000000000000000, -0.000000000000000000, -1.000000000000000000 ) ) ;
#3800 = CLOSED_SHELL ( 'NONE', ( #4000, #2669, #2158, #3525, #4258, #2009, #1317, #4642, #4496, #658, #447, #1104, #1054, #3578, #3586, #4547, #1224, #1896, #1158, #2085, #334, #1696, #4633, #1836, #775, #2674, #3731, #2809, #626, #219, #4577, #145, #63, #392, #1871, #3067, #2731, #186, #1510, #1574, #3056, #3593, #2294, #2499, #1114, #3261, #4309, #4199, #4128, #1691, #3878, #4638, #3750, #2765, #1614, #3673, #3153, #3614, #1384, #1001, #4291, #511, #2644, #3499, #3778, #2372, #537, #3649, #1292, #4431, #3987, #3925, #2435, #502, #3782, #2873, #214, #3098, #3178, #32, #2981, #4552, #1519, #1843, #1306, #1251, #3638, #1908, #518, #3123, #2987, #2298, #2210, #1621, #280, #2410, #3464, #9, #2275, #1437, #1628, #2102, #328, #37, #2797, #1955, #1218, #3092, #3004, #75, #3042, #3757, #946, #2581, #3995, #4087, #413, #1049, #179, #2474, #4248, #1141, #3867, #2703, #3982, #1830, #3353, #3239, #2330, #3328, #3718, #2754, #20, #3848, #3847, #1685, #2650, #831, #1690, #2924, #1027, #1243, #996, #3217, #4667, #2065, #155, #2640, #3703, #1000 ) ) ;
#3801 = CARTESIAN_POINT ( 'NONE',  ( -41.99550496992103632, 7.991991544174686268, 11.49999999999999822 ) ) ;
#3802 = DIRECTION ( 'NONE',  ( 1.000000000000000000, 0.000000000000000000, 0.000000000000000000 ) ) ;
#3803 = VERTEX_POINT ( 'NONE', #1828 ) ;
#3804 = ORIENTED_EDGE ( 'NONE', *, *, #797, .T. ) ;
#3805 = EDGE_CURVE ( 'NONE', #4132, #695, #3309, .T. ) ;
#3806 = CONICAL_SURFACE ( 'NONE', #2982, 2.500000000000000444, 0.7853981633974482790 ) ;
#3807 = VECTOR ( 'NONE', #2837, 1000.000000000000000 ) ;
#3808 = APPLICATION_PROTOCOL_DEFINITION ( 'international standard', 'config_control_design', 1994, #636 ) ;
#3809 = CARTESIAN_POINT ( 'NONE',  ( -23.30000000000000071, 4.999999999999996447, 10.50000000000000000 ) ) ;
#3810 = ORIENTED_EDGE ( 'NONE', *, *, #239, .T. ) ;
#3811 = CARTESIAN_POINT ( 'NONE',  ( -0.5000000000000541789, 93.99999999999998579, 11.50000000000000000 ) ) ;
#3812 = VECTOR ( 'NONE', #990, 1000.000000000000114 ) ;
#3813 = AXIS2_PLACEMENT_3D ( 'NONE', #2031, #3130, #2338 ) ;
#3814 = CARTESIAN_POINT ( 'NONE',  ( -25.00000000000000000, 4.999999999999996447, 9.000000000000001776 ) ) ;
#3815 = EDGE_CURVE ( 'NONE', #3707, #868, #2567, .T. ) ;
#3816 = CARTESIAN_POINT ( 'NONE',  ( -176.3000000000000114, 9.999999999999978684, 11.00000000000000000 ) ) ;
#3817 = AXIS2_PLACEMENT_3D ( 'NONE', #2812, #687, #2125 ) ;
#3818 = VECTOR ( 'NONE', #2766, 1000.000000000000114 ) ;
#3819 = LINE ( 'NONE', #3110, #1350 ) ;
#3820 = LINE ( 'NONE', #600, #4046 ) ;
#3821 = ORIENTED_EDGE ( 'NONE', *, *, #1146, .F. ) ;
#3822 = CARTESIAN_POINT ( 'NONE',  ( -5.000000000000004441, 97.99999999999998579, 7.000000000000000000 ) ) ;
#3823 = AXIS2_PLACEMENT_3D ( 'NONE', #951, #3937, #3653 ) ;
#3824 = EDGE_CURVE ( 'NONE', #3791, #461, #76, .T. ) ;
#3825 = CARTESIAN_POINT ( 'NONE',  ( -40.95328171827372898, 4.877711270069171157, 10.89999999999999858 ) ) ;
#3826 = EDGE_LOOP ( 'NONE', ( #716, #914, #2366, #4146 ) ) ;
#3827 = DIRECTION ( 'NONE',  ( 0.000000000000000000, -1.000000000000000000, 0.000000000000000000 ) ) ;
#3828 = CARTESIAN_POINT ( 'NONE',  ( -42.13985177511678870, 5.555794120330876495, 11.49999999999998401 ) ) ;
#3829 = FACE_OUTER_BOUND ( 'NONE', #3220, .T. ) ;
#3830 = CARTESIAN_POINT ( 'NONE',  ( -169.9000000000000057, 7.849999999999976552, 7.000000000000000000 ) ) ;
#3831 = CARTESIAN_POINT ( 'NONE',  ( -34.00000000000001421, 4.799999999999912781, 7.299999999999998934 ) ) ;
#3832 = EDGE_LOOP ( 'NONE', ( #1453, #3264, #1464, #2191 ) ) ;
#3833 = ORIENTED_EDGE ( 'NONE', *, *, #2347, .T. ) ;
#3834 = PERSON_AND_ORGANIZATION ( #581, #4303 ) ;
#3835 = FACE_OUTER_BOUND ( 'NONE', #1007, .T. ) ;
#3836 = ORIENTED_EDGE ( 'NONE', *, *, #1719, .T. ) ;
#3837 = CARTESIAN_POINT ( 'NONE',  ( -6.700000000000011724, 97.99999999999998579, 9.000000000000001776 ) ) ;
#3838 = DIRECTION ( 'NONE',  ( 0.000000000000000000, 0.000000000000000000, -1.000000000000000000 ) ) ;
#3839 = LINE ( 'NONE', #1274, #125 ) ;
#3840 = CARTESIAN_POINT ( 'NONE',  ( -42.81620481315548687, 6.999999999999994671, 11.50000000000000000 ) ) ;
#3841 = CARTESIAN_POINT ( 'NONE',  ( -2.000000000000014211, 0.000000000000000000, 11.00000000000000000 ) ) ;
#3842 = ORIENTED_EDGE ( 'NONE', *, *, #3609, .T. ) ;
#3843 = EDGE_CURVE ( 'NONE', #3736, #3748, #3024, .T. ) ;
#3844 = CARTESIAN_POINT ( 'NONE',  ( -39.64312789007856708, 1.999999999999994893, 10.90000000000000036 ) ) ;
#3845 = CARTESIAN_POINT ( 'NONE',  ( -30.20000000000000995, 8.799999999999911893, 10.69999999999999929 ) ) ;
#3846 = VERTEX_POINT ( 'NONE', #1585 ) ;
#3847 = ADVANCED_FACE ( 'NONE', ( #2296 ), #3522, .T. ) ;
#3848 = ADVANCED_FACE ( 'NONE', ( #116 ), #2290, .T. ) ;
#3849 = DIRECTION ( 'NONE',  ( 0.000000000000000000, -1.000000000000000000, 0.000000000000000000 ) ) ;
#3850 = CARTESIAN_POINT ( 'NONE',  ( -42.00912528207362584, 5.564758412804429177, 11.49999999999998401 ) ) ;
#3851 = CARTESIAN_POINT ( 'NONE',  ( -35.10466635161701987, 4.230769230769225508, 11.50000000000000000 ) ) ;
#3852 = DIRECTION ( 'NONE',  ( -0.000000000000000000, -0.000000000000000000, -1.000000000000000000 ) ) ;
#3853 = EDGE_CURVE ( 'NONE', #1799, #4492, #4412, .T. ) ;
#3854 = LINE ( 'NONE', #1666, #4574 ) ;
#3855 = VERTEX_POINT ( 'NONE', #3468 ) ;
#3856 = VERTEX_POINT ( 'NONE', #4562 ) ;
#3857 = PERSON_AND_ORGANIZATION_ROLE ( 'creator' ) ;
#3858 = LINE ( 'NONE', #4243, #4509 ) ;
#3859 = ORIENTED_EDGE ( 'NONE', *, *, #1996, .F. ) ;
#3860 = CARTESIAN_POINT ( 'NONE',  ( -40.37029135161701987, 3.187499999999995115, 11.50000000000000000 ) ) ;
#3861 = DIRECTION ( 'NONE',  ( 0.000000000000000000, -0.000000000000000000, -1.000000000000000000 ) ) ;
#3862 = FACE_OUTER_BOUND ( 'NONE', #198, .T. ) ;
#3863 = CARTESIAN_POINT ( 'NONE',  ( -34.00000000000001421, 4.799999999999912781, 7.299999999999998934 ) ) ;
#3864 = CARTESIAN_POINT ( 'NONE',  ( -34.00000000000001421, 4.799999999999912781, 10.69999999999999929 ) ) ;
#3865 = ORIENTED_EDGE ( 'NONE', *, *, #872, .T. ) ;
#3866 = DIRECTION ( 'NONE',  ( -1.000000000000000000, 0.000000000000000000, 0.000000000000000000 ) ) ;
#3867 = ADVANCED_FACE ( 'NONE', ( #3186 ), #1327, .T. ) ;
#3868 = CARTESIAN_POINT ( 'NONE',  ( -41.81157808374981499, 5.590179052084507383, 11.49999999999999822 ) ) ;
#3869 = ORIENTED_EDGE ( 'NONE', *, *, #300, .F. ) ;
#3870 = DIRECTION ( 'NONE',  ( -0.000000000000000000, -0.000000000000000000, -1.000000000000000000 ) ) ;
#3871 = CARTESIAN_POINT ( 'NONE',  ( -42.29166223695921900, 5.546749276639537207, 11.49999999999998757 ) ) ;
#3872 = DIRECTION ( 'NONE',  ( 0.000000000000000000, -1.000000000000000000, 0.000000000000000000 ) ) ;
#3873 = EDGE_CURVE ( 'NONE', #3562, #531, #998, .T. ) ;
#3874 = CARTESIAN_POINT ( 'NONE',  ( -41.89913750546318028, 6.980769230769226397, 10.90000000000000036 ) ) ;
#3875 = DIRECTION ( 'NONE',  ( 1.000000000000000000, 0.000000000000000000, 0.000000000000000000 ) ) ;
#3876 = VERTEX_POINT ( 'NONE', #2439 ) ;
#3877 = VERTEX_POINT ( 'NONE', #647 ) ;
#3878 = ADVANCED_FACE ( 'NONE', ( #2417 ), #1658, .F. ) ;
#3879 = CARTESIAN_POINT ( 'NONE',  ( 0.000000000000000000, 0.000000000000000000, 10.90000000000000036 ) ) ;
#3880 = EDGE_LOOP ( 'NONE', ( #3944, #400, #2129, #655, #3585, #3127 ) ) ;
#3881 = CARTESIAN_POINT ( 'NONE',  ( -176.3000000000000114, -4.020115287260149677E-14, 11.00000000000000000 ) ) ;
#3882 = AXIS2_PLACEMENT_3D ( 'NONE', #3416, #185, #3206 ) ;
#3883 = LINE ( 'NONE', #4629, #888 ) ;
#3884 = DIRECTION ( 'NONE',  ( 1.000000000000000000, 0.000000000000000000, 0.000000000000000000 ) ) ;
#3885 = DIRECTION ( 'NONE',  ( 1.000000000000000000, 5.782411586589445597E-15, 0.000000000000000000 ) ) ;
#3886 = VECTOR ( 'NONE', #367, 1000.000000000000000 ) ;
#3887 = VECTOR ( 'NONE', #2600, 1000.000000000000000 ) ;
#3888 = EDGE_LOOP ( 'NONE', ( #3319, #4523, #2699, #4288 ) ) ;
#3889 = EDGE_LOOP ( 'NONE', ( #1835, #976, #1074, #3622 ) ) ;
#3890 = DIRECTION ( 'NONE',  ( 0.000000000000000000, -1.000000000000000000, 0.000000000000000000 ) ) ;
#3891 = AXIS2_PLACEMENT_3D ( 'NONE', #1723, #281, #2030 ) ;
#3892 = AXIS2_PLACEMENT_3D ( 'NONE', #3783, #4458, #4148 ) ;
#3893 = LINE ( 'NONE', #3845, #3368 ) ;
#3894 = EDGE_LOOP ( 'NONE', ( #475, #1932, #465, #2402, #3242, #2133 ) ) ;
#3895 = CARTESIAN_POINT ( 'NONE',  ( -40.19535106152874704, 5.728571924255893677, 10.90000000000000036 ) ) ;
#3896 = VECTOR ( 'NONE', #3412, 1000.000000000000000 ) ;
#3897 = VECTOR ( 'NONE', #1550, 1000.000000000000000 ) ;
#3898 = EDGE_CURVE ( 'NONE', #3876, #695, #2462, .T. ) ;
#3899 = LINE ( 'NONE', #4640, #4179 ) ;
#3900 = AXIS2_PLACEMENT_3D ( 'NONE', #320, #269, #1365 ) ;
#3901 = CARTESIAN_POINT ( 'NONE',  ( -40.36140150762312118, 7.272176517413830865, 11.50000000000000178 ) ) ;
#3902 = CARTESIAN_POINT ( 'NONE',  ( -2.000000000000014211, 0.5000000000000005551, 0.000000000000000000 ) ) ;
#3903 = ORIENTED_EDGE ( 'NONE', *, *, #366, .T. ) ;
#3904 = EDGE_CURVE ( 'NONE', #3195, #3846, #2012, .T. ) ;
#3905 = ORIENTED_EDGE ( 'NONE', *, *, #4021, .T. ) ;
#3906 = DATE_AND_TIME ( #1833, #3989 ) ;
#3907 = CARTESIAN_POINT ( 'NONE',  ( -41.29559743134355898, 6.547287111806465276, 11.50000000000000533 ) ) ;
#3908 = VERTEX_POINT ( 'NONE', #4618 ) ;
#3909 = EDGE_CURVE ( 'NONE', #2155, #1578, #3893, .T. ) ;
#3910 = DIRECTION ( 'NONE',  ( 0.000000000000000000, 0.000000000000000000, 1.000000000000000000 ) ) ;
#3911 = DIRECTION ( 'NONE',  ( -0.000000000000000000, -0.000000000000000000, 1.000000000000000000 ) ) ;
#3912 = LINE ( 'NONE', #731, #294 ) ;
#3913 = CARTESIAN_POINT ( 'NONE',  ( -30.20000000000000995, 8.799999999999911893, 7.299999999999998934 ) ) ;
#3914 = ORIENTED_EDGE ( 'NONE', *, *, #3698, .T. ) ;
#3915 = ORIENTED_EDGE ( 'NONE', *, *, #3898, .F. ) ;
#3916 = CARTESIAN_POINT ( 'NONE',  ( -0.4999999999999992784, -2.936807107508368155E-16, 5.750000000000000000 ) ) ;
#3917 = DIRECTION ( 'NONE',  ( -0.000000000000000000, -0.000000000000000000, 1.000000000000000000 ) ) ;
#3918 = ORIENTED_EDGE ( 'NONE', *, *, #273, .F. ) ;
#3919 = CARTESIAN_POINT ( 'NONE',  ( -40.10779149626291940, 6.176598839749073200, 10.89999999999999858 ) ) ;
#3920 = DIRECTION ( 'NONE',  ( 1.000000000000000000, 0.000000000000000000, 0.000000000000000000 ) ) ;
#3921 = PLANE ( 'NONE',  #2779 ) ;
#3922 = CARTESIAN_POINT ( 'NONE',  ( -2.000000000000014211, 0.5000000000000005551, 0.000000000000000000 ) ) ;
#3923 = ORIENTED_EDGE ( 'NONE', *, *, #3271, .T. ) ;
#3924 = CARTESIAN_POINT ( 'NONE',  ( -40.84683218391204917, 7.746912533848882454, 11.49999999999998757 ) ) ;
#3925 = ADVANCED_FACE ( 'NONE', ( #3093 ), #4542, .F. ) ;
#3926 = CARTESIAN_POINT ( 'NONE',  ( -41.42442396561754236, 6.756974101814036793, 10.90000000000000391 ) ) ;
#3927 = ORIENTED_EDGE ( 'NONE', *, *, #304, .T. ) ;
#3928 = CARTESIAN_POINT ( 'NONE',  ( -35.10466635161701987, 4.230769230769225508, 10.90000000000000036 ) ) ;
#3929 = EDGE_CURVE ( 'NONE', #2594, #952, #1875, .T. ) ;
#3930 = LINE ( 'NONE', #708, #2551 ) ;
#3931 = CARTESIAN_POINT ( 'NONE',  ( -168.5000000000000000, 11.99999999999999645, 0.000000000000000000 ) ) ;
#3932 = CARTESIAN_POINT ( 'NONE',  ( -42.25290800121496915, 3.917495016417334330, 10.90000000000000391 ) ) ;
#3933 = ORIENTED_EDGE ( 'NONE', *, *, #4225, .T. ) ;
#3934 = ORIENTED_EDGE ( 'NONE', *, *, #3361, .T. ) ;
#3935 = CARTESIAN_POINT ( 'NONE',  ( -42.52692019043565352, 4.239656620009797372, 10.90000000000000213 ) ) ;
#3936 = EDGE_CURVE ( 'NONE', #858, #3167, #1399, .T. ) ;
#3937 = DIRECTION ( 'NONE',  ( 0.000000000000000000, 0.000000000000000000, 1.000000000000000000 ) ) ;
#3938 = ORIENTED_EDGE ( 'NONE', *, *, #4339, .F. ) ;
#3939 = FACE_OUTER_BOUND ( 'NONE', #2887, .T. ) ;
#3940 = CARTESIAN_POINT ( 'NONE',  ( 0.000000000000000000, 2.000000000000013767, 0.5000000000000004441 ) ) ;
#3941 = DIRECTION ( 'NONE',  ( -1.000000000000000000, 0.000000000000000000, 0.000000000000000000 ) ) ;
#3942 = LINE ( 'NONE', #3594, #500 ) ;
#3943 = EDGE_LOOP ( 'NONE', ( #3988, #1295, #3194, #4165 ) ) ;
#3944 = ORIENTED_EDGE ( 'NONE', *, *, #2724, .F. ) ;
#3945 = LINE ( 'NONE', #4020, #276 ) ;
#3946 = COORDINATED_UNIVERSAL_TIME_OFFSET ( 1, 0, .AHEAD. ) ;
#3947 = CARTESIAN_POINT ( 'NONE',  ( -0.5000000000000589528, 101.5499999999999829, 6.000000000000000000 ) ) ;
#3948 = ORIENTED_EDGE ( 'NONE', *, *, #4166, .T. ) ;
#3949 = AXIS2_PLACEMENT_3D ( 'NONE', #3238, #2157, #3613 ) ;
#3950 = PLANE ( 'NONE',  #2097 ) ;
#3951 = EDGE_CURVE ( 'NONE', #2046, #601, #357, .T. ) ;
#3952 = DIRECTION ( 'NONE',  ( 0.000000000000000000, 0.000000000000000000, 1.000000000000000000 ) ) ;
#3953 = CARTESIAN_POINT ( 'NONE',  ( -41.89913750546318028, 6.980769230769226397, 11.50000000000000000 ) ) ;
#3954 = CARTESIAN_POINT ( 'NONE',  ( -42.33249216587681474, 4.017198881680050349, 11.49999999999999467 ) ) ;
#3955 = VERTEX_POINT ( 'NONE', #4278 ) ;
#3956 = VERTEX_POINT ( 'NONE', #784 ) ;
#3957 = VECTOR ( 'NONE', #477, 1000.000000000000000 ) ;
#3958 = CARTESIAN_POINT ( 'NONE',  ( -42.16590530853014229, 3.800121620935609901, 10.89999999999999680 ) ) ;
#3959 = EDGE_CURVE ( 'NONE', #2336, #2457, #3610, .T. ) ;
#3960 = AXIS2_PLACEMENT_3D ( 'NONE', #4549, #558, #2350 ) ;
#3961 = AXIS2_PLACEMENT_3D ( 'NONE', #2811, #3265, #2894 ) ;
#3962 = CARTESIAN_POINT ( 'NONE',  ( -173.0000000000000284, 4.999999999999976907, 6.250000000000000000 ) ) ;
#3963 = VERTEX_POINT ( 'NONE', #429 ) ;
#3964 = LINE ( 'NONE', #4352, #883 ) ;
#3965 = FACE_OUTER_BOUND ( 'NONE', #2061, .T. ) ;
#3966 = EDGE_CURVE ( 'NONE', #549, #2165, #3276, .T. ) ;
#3967 = VECTOR ( 'NONE', #1805, 1000.000000000000000 ) ;
#3968 = AXIS2_PLACEMENT_3D ( 'NONE', #1676, #2814, #2835 ) ;
#3969 = CARTESIAN_POINT ( 'NONE',  ( -35.87389712084779347, 3.230769230769225508, 11.50000000000000000 ) ) ;
#3970 = VECTOR ( 'NONE', #2360, 1000.000000000000000 ) ;
#3971 = DIRECTION ( 'NONE',  ( -0.000000000000000000, -0.7071067811865474617, -0.7071067811865474617 ) ) ;
#3972 = ORIENTED_EDGE ( 'NONE', *, *, #4377, .F. ) ;
#3973 = EDGE_LOOP ( 'NONE', ( #2662, #107, #4614, #2101 ) ) ;
#3974 = DIRECTION ( 'NONE',  ( -2.306434473471112695E-16, 1.000000000000000000, 0.000000000000000000 ) ) ;
#3975 = VECTOR ( 'NONE', #2211, 1000.000000000000000 ) ;
#3976 = PERSON_AND_ORGANIZATION ( #581, #4303 ) ;
#3977 = VECTOR ( 'NONE', #2505, 1000.000000000000000 ) ;
#3978 = ORIENTED_EDGE ( 'NONE', *, *, #1353, .F. ) ;
#3979 = CARTESIAN_POINT ( 'NONE',  ( -39.41235865930932647, 4.227163461538455458, 11.50000000000000000 ) ) ;
#3980 = DIRECTION ( 'NONE',  ( -0.7071067811865475727, -0.7071067811865475727, -0.000000000000000000 ) ) ;
#3981 = DIRECTION ( 'NONE',  ( -0.000000000000000000, -0.000000000000000000, 1.000000000000000000 ) ) ;
#3982 = ADVANCED_FACE ( 'NONE', ( #3986 ), #2840, .T. ) ;
#3983 = LINE ( 'NONE', #1462, #3289 ) ;
#3984 = EDGE_LOOP ( 'NONE', ( #424, #1824, #2808, #3997 ) ) ;
#3985 = CARTESIAN_POINT ( 'NONE',  ( -41.84505096700164017, 3.361778846153840927, 10.90000000000000036 ) ) ;
#3986 = FACE_OUTER_BOUND ( 'NONE', #2642, .T. ) ;
#3987 = ADVANCED_FACE ( 'NONE', ( #1045 ), #4636, .F. ) ;
#3988 = ORIENTED_EDGE ( 'NONE', *, *, #3294, .T. ) ;
#3989 = LOCAL_TIME ( 9, 43, 22.00000000000000000, #4263 ) ;
#3990 = CARTESIAN_POINT ( 'NONE',  ( -1.650000000000003908, 101.7999999999999829, 5.750000000000000000 ) ) ;
#3991 = UNCERTAINTY_MEASURE_WITH_UNIT (LENGTH_MEASURE( 1.000000000000000082E-05 ), #2405, 'distance_accuracy_value', 'NONE');
#3992 = LINE ( 'NONE', #2843, #339 ) ;
#3993 = CARTESIAN_POINT ( 'NONE',  ( -29.80000000000003268, 6.599999999999913491, 7.299999999999998934 ) ) ;
#3994 = EDGE_CURVE ( 'NONE', #681, #4632, #2154, .T. ) ;
#3995 = ADVANCED_FACE ( 'NONE', ( #1774 ), #2562, .T. ) ;
#3996 = DIRECTION ( 'NONE',  ( 5.519856300060142361E-15, 0.7071067811865474617, 0.7071067811865474617 ) ) ;
#3997 = ORIENTED_EDGE ( 'NONE', *, *, #3160, .F. ) ;
#3998 = ORIENTED_EDGE ( 'NONE', *, *, #3805, .F. ) ;
#3999 = LINE ( 'NONE', #1503, #2692 ) ;
#4000 = ADVANCED_FACE ( 'NONE', ( #1067 ), #4054, .F. ) ;
#4001 = FACE_OUTER_BOUND ( 'NONE', #3943, .T. ) ;
#4002 = EDGE_LOOP ( 'NONE', ( #891, #1381, #2203, #3457 ) ) ;
#4003 = CARTESIAN_POINT ( 'NONE',  ( -176.8000000000000114, -3.859759734048395785E-14, 11.00000000000000000 ) ) ;
#4004 = CARTESIAN_POINT ( 'NONE',  ( -25.00000000000000000, 4.999999999999996447, 10.50000000000000000 ) ) ;
#4005 = FACE_OUTER_BOUND ( 'NONE', #2851, .T. ) ;
#4006 = DIRECTION ( 'NONE',  ( 0.000000000000000000, 1.000000000000000000, 0.000000000000000000 ) ) ;
#4007 = VERTEX_POINT ( 'NONE', #1493 ) ;
#4008 = EDGE_LOOP ( 'NONE', ( #1086, #2528, #2756, #682 ) ) ;
#4009 = CARTESIAN_POINT ( 'NONE',  ( -3.299999999999996270, 97.99999999999998579, 10.49999999999999822 ) ) ;
#4010 = CARTESIAN_POINT ( 'NONE',  ( -18.56666666666667709, 0.2166666666666410834, 16.28333333333333854 ) ) ;
#4011 = VERTEX_POINT ( 'NONE', #1423 ) ;
#4012 = LINE ( 'NONE', #3990, #1034 ) ;
#4013 = DIRECTION ( 'NONE',  ( -1.000000000000000000, 0.000000000000000000, 0.000000000000000000 ) ) ;
#4014 = EDGE_CURVE ( 'NONE', #3527, #3742, #46, .T. ) ;
#4015 = FACE_OUTER_BOUND ( 'NONE', #3211, .T. ) ;
#4016 = CARTESIAN_POINT ( 'NONE',  ( -38.40033942854010007, 4.230769230769225508, 10.90000000000000036 ) ) ;
#4017 = B_SPLINE_SURFACE_WITH_KNOTS ( 'NONE', 3, 1, ( 
 ( #773, #3549 ),
 ( #1474, #323 ),
 ( #369, #4312 ),
 ( #2874, #4289 ),
 ( #2917, #1075 ),
 ( #3243, #4362 ),
 ( #2214, #3639 ),
 ( #10, #3285 ),
 ( #2941, #1761 ),
 ( #4384, #4645 ),
 ( #343, #1055 ),
 ( #4672, #3924 ),
 ( #701, #2139 ),
 ( #3568, #1785 ),
 ( #3221, #1261 ),
 ( #79, #2638 ),
 ( #886, #4495 ),
 ( #3007, #793 ),
 ( #4425, #3399 ),
 ( #1234, #2659 ),
 ( #484, #148 ),
 ( #462, #1213 ),
 ( #168, #2679 ),
 ( #3687, #2707 ),
 ( #1881, #2234 ),
 ( #1522, #3380 ),
 ( #1609, #3046 ) ),
 .UNSPECIFIED., .F., .F., .F.,
 ( 4, 1, 1, 1, 1, 1, 1, 1, 1, 1, 1, 1, 1, 1, 1, 1, 1, 1, 1, 1, 1, 1, 1, 1, 4 ),
 ( 2, 2 ),
 ( 0.000000000000000000, 0.06982616849899446476, 0.1345678064441841737, 0.1946546787308970350, 0.2497272936950495903, 0.3002886274677145084, 0.3460321053681098546, 0.3874375487314905553, 0.4243158513751301708, 0.4590730889188450181, 0.4932448260598499834, 0.5271141003553342363, 0.5610385684762988490, 0.5952220357179325294, 0.6298753074370248006, 0.6649863903354743533, 0.7012857943233479219, 0.7379678957382058702, 0.7742617770842663560, 0.8108508622066069593, 0.8472697177897883236, 0.8845086264750888772, 0.9223102820010338210, 0.9605040759056857613, 1.000000000000000000 ),
 ( 0.000000000000000000, 1.000000000000000000 ),
 .UNSPECIFIED. ) ;
#4018 = ORIENTED_EDGE ( 'NONE', *, *, #4142, .F. ) ;
#4019 = ORIENTED_EDGE ( 'NONE', *, *, #1892, .T. ) ;
#4020 = CARTESIAN_POINT ( 'NONE',  ( 46.72499999999998721, 46.72499999999998721, 7.000000000000000000 ) ) ;
#4021 = EDGE_CURVE ( 'NONE', #3204, #3273, #715, .T. ) ;
#4022 = FACE_OUTER_BOUND ( 'NONE', #2964, .T. ) ;
#4023 = VERTEX_POINT ( 'NONE', #3630 ) ;
#4024 = CARTESIAN_POINT ( 'NONE',  ( -5.000000000000004441, 97.99999999999998579, 6.249999999999999112 ) ) ;
#4025 = EDGE_CURVE ( 'NONE', #3300, #1790, #1803, .T. ) ;
#4026 = LINE ( 'NONE', #4407, #814 ) ;
#4027 = CARTESIAN_POINT ( 'NONE',  ( -41.89913750546318028, 6.980769230769226397, 11.50000000000000000 ) ) ;
#4028 = CARTESIAN_POINT ( 'NONE',  ( -42.16590530853014229, 3.800121620935609901, 10.89999999999999680 ) ) ;
#4029 = EDGE_LOOP ( 'NONE', ( #3601, #4392, #844, #1989 ) ) ;
#4030 = PLANE ( 'NONE',  #111 ) ;
#4031 = VECTOR ( 'NONE', #2960, 1000.000000000000114 ) ;
#4032 = LINE ( 'NONE', #2250, #1721 ) ;
#4033 = AXIS2_PLACEMENT_3D ( 'NONE', #4107, #876, #1940 ) ;
#4034 = ORIENTED_EDGE ( 'NONE', *, *, #481, .F. ) ;
#4035 = B_SPLINE_CURVE_WITH_KNOTS ( 'NONE', 3,
 ( #3065, #4104, #3371, #110, #1624, #1557, #2998, #1226, #2671, #4517, #1603, #570, #525, #2362, #1768, #947, #3465, #258, #1395 ),
 .UNSPECIFIED., .F., .F.,
 ( 4, 1, 1, 1, 1, 1, 1, 1, 1, 1, 1, 1, 1, 1, 1, 1, 4 ),
 ( 0.000000000000000000, 0.1061220641064847675, 0.2021804643870342699, 0.2875840018686676158, 0.3629904172440856502, 0.4271937923606596854, 0.4814680386188571193, 0.5253270264181545413, 0.5595484740348281028, 0.6156943539570878254, 0.6695949516456966011, 0.7218197463133871894, 0.7739097670927386208, 0.8270849392623426111, 0.8813591855205388237, 0.9387954458730686236, 1.000000000000000000 ),
 .UNSPECIFIED. ) ;
#4036 = DIRECTION ( 'NONE',  ( -0.7071067811865480168, 0.7071067811865470176, 0.000000000000000000 ) ) ;
#4037 = VECTOR ( 'NONE', #2913, 999.9999999999998863 ) ;
#4038 = DIRECTION ( 'NONE',  ( 1.000000000000000000, 0.000000000000000000, 0.000000000000000000 ) ) ;
#4039 = EDGE_CURVE ( 'NONE', #4279, #1539, #1845, .T. ) ;
#4040 = DIRECTION ( 'NONE',  ( -0.000000000000000000, -0.000000000000000000, 1.000000000000000000 ) ) ;
#4041 = VECTOR ( 'NONE', #2842, 1000.000000000000000 ) ;
#4042 = ORIENTED_EDGE ( 'NONE', *, *, #880, .T. ) ;
#4043 = FACE_OUTER_BOUND ( 'NONE', #1328, .T. ) ;
#4044 = FACE_OUTER_BOUND ( 'NONE', #4479, .T. ) ;
#4045 = VECTOR ( 'NONE', #3644, 1000.000000000000000 ) ;
#4046 = VECTOR ( 'NONE', #3557, 1000.000000000000000 ) ;
#4047 = EDGE_CURVE ( 'NONE', #2449, #3342, #2886, .T. ) ;
#4048 = DIRECTION ( 'NONE',  ( -0.000000000000000000, -0.000000000000000000, 1.000000000000000000 ) ) ;
#4049 = ORIENTED_EDGE ( 'NONE', *, *, #4588, .F. ) ;
#4050 = ORIENTED_EDGE ( 'NONE', *, *, #2697, .F. ) ;
#4051 = AXIS2_PLACEMENT_3D ( 'NONE', #2144, #778, #3268 ) ;
#4052 = CIRCLE ( 'NONE', #2399, 1.499999999999999112 ) ;
#4053 = FACE_BOUND ( 'NONE', #4118, .T. ) ;
#4054 = CONICAL_SURFACE ( 'NONE', #361, 1.700000000000007061, 0.7853981633974419507 ) ;
#4055 = DIRECTION ( 'NONE',  ( 0.7071067811865475727, 0.7071067811865475727, 0.000000000000000000 ) ) ;
#4056 = EDGE_CURVE ( 'NONE', #313, #3611, #2532, .T. ) ;
#4057 = CARTESIAN_POINT ( 'NONE',  ( -176.3000000000000114, 9.999999999999980460, 5.750000000000000000 ) ) ;
#4058 = ORIENTED_EDGE ( 'NONE', *, *, #3073, .F. ) ;
#4059 = DIRECTION ( 'NONE',  ( -0.000000000000000000, -0.000000000000000000, 1.000000000000000000 ) ) ;
#4060 = VECTOR ( 'NONE', #3746, 1000.000000000000000 ) ;
#4061 = CARTESIAN_POINT ( 'NONE',  ( -34.00000000000001421, 4.799999999999912781, 10.69999999999999929 ) ) ;
#4062 = CARTESIAN_POINT ( 'NONE',  ( -41.60947404392472038, 4.687499999999995559, 11.50000000000000000 ) ) ;
#4063 = VERTEX_POINT ( 'NONE', #1466 ) ;
#4064 = CARTESIAN_POINT ( 'NONE',  ( -12.00000000000001599, 9.999999999999996447, 11.00000000000000000 ) ) ;
#4065 = CARTESIAN_POINT ( 'NONE',  ( -41.27714218268448576, 4.447360824889935671, 10.90000000000000391 ) ) ;
#4066 = ORIENTED_EDGE ( 'NONE', *, *, #4111, .F. ) ;
#4067 = LINE ( 'NONE', #4448, #955 ) ;
#4068 = ORIENTED_EDGE ( 'NONE', *, *, #938, .T. ) ;
#4069 = CARTESIAN_POINT ( 'NONE',  ( -26.70000000000000284, 4.999999999999996447, 9.000000000000001776 ) ) ;
#4070 = CARTESIAN_POINT ( 'NONE',  ( -40.50102454292777310, 7.460933503521105514, 10.90000000000000391 ) ) ;
#4071 = CC_DESIGN_SECURITY_CLASSIFICATION ( #2418, ( #1364 ) ) ;
#4072 = APPROVAL ( #2687, 'UNSPECIFIED' ) ;
#4073 = CARTESIAN_POINT ( 'NONE',  ( -175.2000000000000171, 4.999999999999976907, 5.750000000000000000 ) ) ;
#4074 = ORIENTED_EDGE ( 'NONE', *, *, #14, .T. ) ;
#4075 = ORIENTED_EDGE ( 'NONE', *, *, #3994, .T. ) ;
#4076 = EDGE_CURVE ( 'NONE', #1551, #4383, #2933, .T. ) ;
#4077 = CARTESIAN_POINT ( 'NONE',  ( -176.8000000000000114, 1.649999999999977041, 9.000000000000001776 ) ) ;
#4078 = CARTESIAN_POINT ( 'NONE',  ( -42.81620481315548687, 6.999999999999994671, 10.90000000000000036 ) ) ;
#4079 = ORIENTED_EDGE ( 'NONE', *, *, #476, .T. ) ;
#4080 = B_SPLINE_CURVE_WITH_KNOTS ( 'NONE', 3,
 ( #1391, #4245, #3460, #3481, #2831, #3198, #231, #3107, #4267, #4555, #1318, #254, #1694, #2790, #3860 ),
 .UNSPECIFIED., .F., .F.,
 ( 4, 1, 1, 1, 1, 1, 1, 1, 1, 1, 1, 1, 4 ),
 ( 0.000000000000000000, 0.1071204224458243703, 0.2096492605632112316, 0.3076581845860461017, 0.4022185694841727832, 0.4516719944287477251, 0.5087791500987497439, 0.5727572083871670383, 0.6436596162109158303, 0.7218523466714367176, 0.8075494665000571004, 0.9002592690507912332, 1.000000000000000000 ),
 .UNSPECIFIED. ) ;
#4081 = DIRECTION ( 'NONE',  ( -0.5310069659021967592, 0.8473674540382958309, 0.000000000000000000 ) ) ;
#4082 = EDGE_CURVE ( 'NONE', #4625, #3856, #1556, .T. ) ;
#4083 = CARTESIAN_POINT ( 'NONE',  ( -35.10466635161701987, 3.230769230769225508, 10.90000000000000036 ) ) ;
#4084 = CARTESIAN_POINT ( 'NONE',  ( -42.02013005645454058, 6.989377694663172491, 11.50000000000000355 ) ) ;
#4085 = ORIENTED_EDGE ( 'NONE', *, *, #1975, .T. ) ;
#4086 = CARTESIAN_POINT ( 'NONE',  ( -173.0000000000000284, 4.999999999999976907, 5.750000000000000000 ) ) ;
#4087 = ADVANCED_FACE ( 'NONE', ( #2696 ), #3717, .T. ) ;
#4088 = CARTESIAN_POINT ( 'NONE',  ( -40.15507211347620142, 5.871088396926343655, 11.50000000000000355 ) ) ;
#4089 = ORIENTED_EDGE ( 'NONE', *, *, #1089, .T. ) ;
#4090 = LINE ( 'NONE', #4016, #877 ) ;
#4091 = ORIENTED_EDGE ( 'NONE', *, *, #934, .F. ) ;
#4092 = CARTESIAN_POINT ( 'NONE',  ( -176.3000000000000114, -4.020115287260149677E-14, 11.00000000000000000 ) ) ;
#4093 = FACE_OUTER_BOUND ( 'NONE', #4470, .T. ) ;
#4094 = CARTESIAN_POINT ( 'NONE',  ( -2.150000000000003908, 101.7999999999999829, 9.000000000000001776 ) ) ;
#4095 = ORIENTED_EDGE ( 'NONE', *, *, #2070, .F. ) ;
#4096 = VERTEX_POINT ( 'NONE', #2291 ) ;
#4097 = LINE ( 'NONE', #1199, #2561 ) ;
#4098 = DIRECTION ( 'NONE',  ( 1.000000000000000000, 0.000000000000000000, 0.000000000000000000 ) ) ;
#4099 = ORIENTED_EDGE ( 'NONE', *, *, #2878, .T. ) ;
#4100 = EDGE_CURVE ( 'NONE', #824, #1047, #1247, .T. ) ;
#4101 = CARTESIAN_POINT ( 'NONE',  ( -40.37029135161701987, 3.187499999999995115, 10.90000000000000036 ) ) ;
#4102 = LINE ( 'NONE', #1891, #2389 ) ;
#4103 = CARTESIAN_POINT ( 'NONE',  ( -22.15000000000000213, 9.999999999999996447, 7.000000000000000000 ) ) ;
#4104 = CARTESIAN_POINT ( 'NONE',  ( -42.79616929920825896, 5.538615234940928111, 10.90000000000000391 ) ) ;
#4105 = ORIENTED_EDGE ( 'NONE', *, *, #916, .T. ) ;
#4106 = EDGE_CURVE ( 'NONE', #948, #2336, #1225, .T. ) ;
#4107 = CARTESIAN_POINT ( 'NONE',  ( 0.000000000000000000, 2.000000000000014211, 11.50000000000000000 ) ) ;
#4108 = AXIS2_PLACEMENT_3D ( 'NONE', #4397, #1497, #1584 ) ;
#4109 = CARTESIAN_POINT ( 'NONE',  ( -41.43599568429416991, 4.572603650689663901, 10.89999999999999680 ) ) ;
#4110 = VERTEX_POINT ( 'NONE', #4083 ) ;
#4111 = EDGE_CURVE ( 'NONE', #3955, #3176, #4032, .T. ) ;
#4112 = CARTESIAN_POINT ( 'NONE',  ( -168.5000000000000000, 9.499999999999978684, 0.000000000000000000 ) ) ;
#4113 = PLANE ( 'NONE',  #1542 ) ;
#4114 = FACE_OUTER_BOUND ( 'NONE', #1505, .T. ) ;
#4115 = VECTOR ( 'NONE', #2984, 1000.000000000000000 ) ;
#4116 = AXIS2_PLACEMENT_3D ( 'NONE', #3814, #4583, #870 ) ;
#4117 = CARTESIAN_POINT ( 'NONE',  ( -41.85069302547553605, 6.971372736616166854, 10.90000000000000036 ) ) ;
#4118 = EDGE_LOOP ( 'NONE', ( #3559, #4590, #2379, #128 ) ) ;
#4119 = ORIENTED_EDGE ( 'NONE', *, *, #1970, .T. ) ;
#4120 = VECTOR ( 'NONE', #1619, 1000.000000000000114 ) ;
#4121 = VECTOR ( 'NONE', #2055, 1000.000000000000000 ) ;
#4122 = CARTESIAN_POINT ( 'NONE',  ( -176.8000000000000114, 7.849999999999974776, 9.000000000000001776 ) ) ;
#4123 = AXIS2_PLACEMENT_3D ( 'NONE', #4319, #1414, #1766 ) ;
#4124 = ORIENTED_EDGE ( 'NONE', *, *, #250, .T. ) ;
#4125 = CARTESIAN_POINT ( 'NONE',  ( -39.19999999999999574, 9.999999999999996447, 7.299999999999998934 ) ) ;
#4126 = CARTESIAN_POINT ( 'NONE',  ( -171.3000000000000114, 4.999999999999976907, 5.750000000000000000 ) ) ;
#4127 = VECTOR ( 'NONE', #2344, 1000.000000000000000 ) ;
#4128 = ADVANCED_FACE ( 'NONE', ( #2340 ), #1581, .F. ) ;
#4129 = CARTESIAN_POINT ( 'NONE',  ( -44.95082019777087368, 1.999999999999994893, 10.90000000000000036 ) ) ;
#4130 = LINE ( 'NONE', #3699, #209 ) ;
#4131 = CARTESIAN_POINT ( 'NONE',  ( -40.25073379566920551, 5.594488545286308678, 11.50000000000000000 ) ) ;
#4132 = VERTEX_POINT ( 'NONE', #852 ) ;
#4133 = VECTOR ( 'NONE', #3013, 1000.000000000000114 ) ;
#4134 = PLANE ( 'NONE',  #3352 ) ;
#4135 = EDGE_CURVE ( 'NONE', #313, #1161, #547, .T. ) ;
#4136 = CARTESIAN_POINT ( 'NONE',  ( -40.39170608809464369, 5.346418700010806546, 11.50000000000000000 ) ) ;
#4137 = ORIENTED_EDGE ( 'NONE', *, *, #2321, .F. ) ;
#4138 = DIRECTION ( 'NONE',  ( 0.000000000000000000, 0.000000000000000000, -1.000000000000000000 ) ) ;
#4139 = ORIENTED_EDGE ( 'NONE', *, *, #4516, .F. ) ;
#4140 = CARTESIAN_POINT ( 'NONE',  ( -42.13985177511678870, 5.555794120330876495, 10.90000000000000036 ) ) ;
#4141 = CARTESIAN_POINT ( 'NONE',  ( -35.28062484748659244, 0.7999999999999127809, 7.299999999999998934 ) ) ;
#4142 = EDGE_CURVE ( 'NONE', #549, #4007, #109, .T. ) ;
#4143 = DIRECTION ( 'NONE',  ( 0.000000000000000000, -0.000000000000000000, -1.000000000000000000 ) ) ;
#4144 = LINE ( 'NONE', #3496, #4499 ) ;
#4145 = ORIENTED_EDGE ( 'NONE', *, *, #1450, .F. ) ;
#4146 = ORIENTED_EDGE ( 'NONE', *, *, #2070, .T. ) ;
#4147 = EDGE_CURVE ( 'NONE', #1144, #3137, #4130, .T. ) ;
#4148 = DIRECTION ( 'NONE',  ( 0.000000000000000000, 0.000000000000000000, 1.000000000000000000 ) ) ;
#4149 = ORIENTED_EDGE ( 'NONE', *, *, #1950, .F. ) ;
#4150 = CARTESIAN_POINT ( 'NONE',  ( -42.69923948182587736, 4.379421547966360073, 11.50000000000000178 ) ) ;
#4151 = DIRECTION ( 'NONE',  ( 1.000000000000000000, 0.000000000000000000, -0.000000000000000000 ) ) ;
#4152 = DIRECTION ( 'NONE',  ( 0.000000000000000000, -0.000000000000000000, 1.000000000000000000 ) ) ;
#4153 = FACE_OUTER_BOUND ( 'NONE', #4371, .T. ) ;
#4154 = CARTESIAN_POINT ( 'NONE',  ( -40.81712642392213297, 4.951550550276138551, 11.50000000000000000 ) ) ;
#4155 = VERTEX_POINT ( 'NONE', #1893 ) ;
#4156 = FACE_OUTER_BOUND ( 'NONE', #2368, .T. ) ;
#4157 = CARTESIAN_POINT ( 'NONE',  ( -41.25851250546318028, 6.284855769230763833, 11.50000000000000000 ) ) ;
#4158 = ORIENTED_EDGE ( 'NONE', *, *, #510, .F. ) ;
#4159 = PLANE ( 'NONE',  #1487 ) ;
#4160 = VERTEX_POINT ( 'NONE', #473 ) ;
#4161 = EDGE_CURVE ( 'NONE', #4212, #1283, #4413, .T. ) ;
#4162 = CARTESIAN_POINT ( 'NONE',  ( -37.02774327469393967, 3.230769230769225508, 10.90000000000000036 ) ) ;
#4163 = FACE_OUTER_BOUND ( 'NONE', #2862, .T. ) ;
#4164 = CARTESIAN_POINT ( 'NONE',  ( -2.150000000000003908, 101.7999999999999829, 7.000000000000000000 ) ) ;
#4165 = ORIENTED_EDGE ( 'NONE', *, *, #2288, .F. ) ;
#4166 = EDGE_CURVE ( 'NONE', #634, #3527, #4209, .T. ) ;
#4167 = EDGE_LOOP ( 'NONE', ( #2163, #152, #2949, #4449 ) ) ;
#4168 = LINE ( 'NONE', #1369, #437 ) ;
#4169 = EDGE_LOOP ( 'NONE', ( #4066, #1396, #4474 ) ) ;
#4170 = EDGE_CURVE ( 'NONE', #2287, #3404, #808, .T. ) ;
#4171 = FACE_OUTER_BOUND ( 'NONE', #1509, .T. ) ;
#4172 = DIRECTION ( 'NONE',  ( 0.000000000000000000, 0.000000000000000000, 1.000000000000000000 ) ) ;
#4173 = DIRECTION ( 'NONE',  ( 0.000000000000000000, 0.000000000000000000, -1.000000000000000000 ) ) ;
#4174 = DIRECTION ( 'NONE',  ( 0.7071067811865486830, 8.659560562354948882E-17, -0.7071067811865464625 ) ) ;
#4175 = DIRECTION ( 'NONE',  ( 0.000000000000000000, 0.000000000000000000, 1.000000000000000000 ) ) ;
#4176 = ORIENTED_EDGE ( 'NONE', *, *, #4673, .F. ) ;
#4177 = PLANE ( 'NONE',  #656 ) ;
#4178 = CARTESIAN_POINT ( 'NONE',  ( -41.72325229106081679, 5.611588271097787128, 11.49999999999999822 ) ) ;
#4179 = VECTOR ( 'NONE', #1403, 1000.000000000000000 ) ;
#4180 = EDGE_LOOP ( 'NONE', ( #756, #1575, #2293, #34 ) ) ;
#4181 = FACE_OUTER_BOUND ( 'NONE', #302, .T. ) ;
#4182 = DIRECTION ( 'NONE',  ( 1.000000000000000000, 0.000000000000000000, 0.000000000000000000 ) ) ;
#4183 = CARTESIAN_POINT ( 'NONE',  ( -22.15000000000000213, 9.499999999999966249, 9.000000000000001776 ) ) ;
#4184 = CARTESIAN_POINT ( 'NONE',  ( -0.4999999999999997780, 2.000000000000010658, 0.000000000000000000 ) ) ;
#4185 = FACE_OUTER_BOUND ( 'NONE', #691, .T. ) ;
#4186 = ORIENTED_EDGE ( 'NONE', *, *, #1400, .T. ) ;
#4187 = VECTOR ( 'NONE', #2058, 1000.000000000000000 ) ;
#4188 = ORIENTED_EDGE ( 'NONE', *, *, #3550, .F. ) ;
#4189 = VECTOR ( 'NONE', #3971, 1000.000000000000114 ) ;
#4190 = AXIS2_PLACEMENT_3D ( 'NONE', #1979, #921, #971 ) ;
#4191 = EDGE_CURVE ( 'NONE', #4494, #2971, #1912, .T. ) ;
#4192 = CARTESIAN_POINT ( 'NONE',  ( -42.21124005970704474, 6.995177412529286265, 10.89999999999999858 ) ) ;
#4193 = DIRECTION ( 'NONE',  ( -1.000000000000000000, 1.257045997084639653E-16, -0.000000000000000000 ) ) ;
#4194 = VERTEX_POINT ( 'NONE', #1961 ) ;
#4195 = LINE ( 'NONE', #3533, #352 ) ;
#4196 = VECTOR ( 'NONE', #1458, 1000.000000000000000 ) ;
#4197 = AXIS2_PLACEMENT_3D ( 'NONE', #3719, #496, #4443 ) ;
#4198 = LINE ( 'NONE', #3482, #1787 ) ;
#4199 = ADVANCED_FACE ( 'NONE', ( #2629 ), #454, .F. ) ;
#4200 = FACE_OUTER_BOUND ( 'NONE', #2559, .T. ) ;
#4201 = EDGE_CURVE ( 'NONE', #82, #681, #832, .T. ) ;
#4202 = AXIS2_PLACEMENT_3D ( 'NONE', #4004, #4435, #2265 ) ;
#4203 = AXIS2_PLACEMENT_3D ( 'NONE', #325, #684, #2876 ) ;
#4204 = DIRECTION ( 'NONE',  ( -0.000000000000000000, -0.000000000000000000, 1.000000000000000000 ) ) ;
#4205 = DIRECTION ( 'NONE',  ( -0.000000000000000000, -0.000000000000000000, 1.000000000000000000 ) ) ;
#4206 = ORIENTED_EDGE ( 'NONE', *, *, #2531, .F. ) ;
#4207 = B_SPLINE_SURFACE_WITH_KNOTS ( 'NONE', 3, 1, ( 
 ( #1814, #4336 ),
 ( #2573, #2217 ),
 ( #3641, #414 ),
 ( #1856, #3907 ),
 ( #4429, #1592 ),
 ( #1903, #863 ),
 ( #2593, #3356 ),
 ( #1952, #2641 ),
 ( #3689, #3402 ),
 ( #4117, #1195 ),
 ( #1611, #151 ) ),
 .UNSPECIFIED., .F., .F., .F.,
 ( 4, 1, 1, 1, 1, 1, 1, 1, 4 ),
 ( 2, 2 ),
 ( 0.000000000000000000, 0.1328722450794614929, 0.2563555721123005893, 0.3727875326200766892, 0.4886711986942797181, 0.6070021845128357185, 0.7288902972539073044, 0.8583176913027857902, 1.000000000000000000 ),
 ( 0.000000000000000000, 1.000000000000000000 ),
 .UNSPECIFIED. ) ;
#4208 = DIRECTION ( 'NONE',  ( -0.7071067811865480168, -4.153272441512042921E-16, 0.7071067811865470176 ) ) ;
#4209 = CIRCLE ( 'NONE', #2175, 1.499999999999999112 ) ;
#4210 = VECTOR ( 'NONE', #3621, 1000.000000000000114 ) ;
#4211 = DIRECTION ( 'NONE',  ( 0.000000000000000000, -0.000000000000000000, -1.000000000000000000 ) ) ;
#4212 = VERTEX_POINT ( 'NONE', #2651 ) ;
#4213 = DIRECTION ( 'NONE',  ( 1.000000000000000000, 0.000000000000000000, 0.000000000000000000 ) ) ;
#4214 = CARTESIAN_POINT ( 'NONE',  ( 0.000000000000000000, 0.000000000000000000, 9.000000000000001776 ) ) ;
#4215 = DIRECTION ( 'NONE',  ( 1.000000000000000000, 0.000000000000000000, -0.000000000000000000 ) ) ;
#4216 = LINE ( 'NONE', #2824, #3293 ) ;
#4217 = CARTESIAN_POINT ( 'NONE',  ( -40.80471295481552119, 3.902839363792479865, 10.90000000000000036 ) ) ;
#4218 = ORIENTED_EDGE ( 'NONE', *, *, #557, .F. ) ;
#4219 = VERTEX_POINT ( 'NONE', #871 ) ;
#4220 = DATE_AND_TIME ( #2787, #2869 ) ;
#4221 = DIRECTION ( 'NONE',  ( -0.7071067811865474617, -0.7071067811865474617, 0.000000000000000000 ) ) ;
#4222 = EDGE_LOOP ( 'NONE', ( #2563, #24, #4439, #3124 ) ) ;
#4223 = FACE_OUTER_BOUND ( 'NONE', #2178, .T. ) ;
#4224 = CARTESIAN_POINT ( 'NONE',  ( -39.41235865930932647, 4.227163461538455458, 10.90000000000000036 ) ) ;
#4225 = EDGE_CURVE ( 'NONE', #1898, #461, #1602, .T. ) ;
#4226 = CC_DESIGN_APPROVAL ( #233, ( #2260 ) ) ;
#4227 = PLANE ( 'NONE',  #1716 ) ;
#4228 = CYLINDRICAL_SURFACE ( 'NONE', #2254, 1.700000000000006173 ) ;
#4229 = PLANE ( 'NONE',  #1636 ) ;
#4230 = ORIENTED_EDGE ( 'NONE', *, *, #1807, .T. ) ;
#4231 = FACE_OUTER_BOUND ( 'NONE', #3889, .T. ) ;
#4232 = EDGE_CURVE ( 'NONE', #4465, #4625, #524, .T. ) ;
#4233 = DIRECTION ( 'NONE',  ( -0.000000000000000000, -0.000000000000000000, 1.000000000000000000 ) ) ;
#4234 = EDGE_LOOP ( 'NONE', ( #41, #2345, #353, #1217 ) ) ;
#4235 = DIRECTION ( 'NONE',  ( 0.000000000000000000, -0.000000000000000000, 1.000000000000000000 ) ) ;
#4236 = CARTESIAN_POINT ( 'NONE',  ( -42.46523588059716303, 5.543149399948235967, 10.89999999999999680 ) ) ;
#4237 = EDGE_CURVE ( 'NONE', #1265, #3791, #1013, .T. ) ;
#4238 = DIRECTION ( 'NONE',  ( -0.7071067811865475727, 0.000000000000000000, 0.7071067811865475727 ) ) ;
#4239 = CARTESIAN_POINT ( 'NONE',  ( -40.20436099755492165, 6.948948478057865863, 11.50000000000000178 ) ) ;
#4240 = DIRECTION ( 'NONE',  ( -0.000000000000000000, -0.000000000000000000, 1.000000000000000000 ) ) ;
#4241 = ORIENTED_EDGE ( 'NONE', *, *, #1146, .T. ) ;
#4242 = ORIENTED_EDGE ( 'NONE', *, *, #4056, .T. ) ;
#4243 = CARTESIAN_POINT ( 'NONE',  ( -9.500000000000000000, 93.99999999999998579, 0.5000000000000004441 ) ) ;
#4244 = ORIENTED_EDGE ( 'NONE', *, *, #4135, .T. ) ;
#4245 = CARTESIAN_POINT ( 'NONE',  ( -41.55080973302126068, 4.648646075095651753, 11.50000000000000000 ) ) ;
#4246 = CARTESIAN_POINT ( 'NONE',  ( -168.5000000000000000, 9.999999999999978684, 6.250000000000000000 ) ) ;
#4247 = DIRECTION ( 'NONE',  ( -0.000000000000000000, -0.000000000000000000, 1.000000000000000000 ) ) ;
#4248 = ADVANCED_FACE ( 'NONE', ( #2720 ), #2003, .T. ) ;
#4249 = CARTESIAN_POINT ( 'NONE',  ( -169.0000000000000000, -3.851745570696757619E-14, 0.5000000000000004441 ) ) ;
#4250 = VERTEX_POINT ( 'NONE', #1354 ) ;
#4251 = LINE ( 'NONE', #3540, #4649 ) ;
#4252 = DIRECTION ( 'NONE',  ( 0.000000000000000000, -1.000000000000000000, 0.000000000000000000 ) ) ;
#4253 = EDGE_CURVE ( 'NONE', #3856, #2046, #620, .T. ) ;
#4254 = ORIENTED_EDGE ( 'NONE', *, *, #2321, .T. ) ;
#4255 = CARTESIAN_POINT ( 'NONE',  ( -41.54881479000979994, 4.697909696161336690, 10.89999999999999858 ) ) ;
#4256 = CARTESIAN_POINT ( 'NONE',  ( -12.00000000000001599, 9.999999999999996447, 0.5000000000000004441 ) ) ;
#4257 = DIRECTION ( 'NONE',  ( 0.000000000000000000, 0.000000000000000000, -1.000000000000000000 ) ) ;
#4258 = ADVANCED_FACE ( 'NONE', ( #2793 ), #4228, .F. ) ;
#4259 = DIRECTION ( 'NONE',  ( 1.000000000000000000, -0.000000000000000000, 0.000000000000000000 ) ) ;
#4260 = ORIENTED_EDGE ( 'NONE', *, *, #4161, .T. ) ;
#4261 = ORIENTED_EDGE ( 'NONE', *, *, #846, .F. ) ;
#4262 = AXIS2_PLACEMENT_3D ( 'NONE', #2590, #1097, #1408 ) ;
#4263 = COORDINATED_UNIVERSAL_TIME_OFFSET ( 1, 0, .AHEAD. ) ;
#4264 = ORIENTED_EDGE ( 'NONE', *, *, #2931, .F. ) ;
#4265 = FACE_OUTER_BOUND ( 'NONE', #295, .T. ) ;
#4266 = VERTEX_POINT ( 'NONE', #993 ) ;
#4267 = CARTESIAN_POINT ( 'NONE',  ( -40.80471295481552119, 3.902839363792479865, 11.50000000000000000 ) ) ;
#4268 = CARTESIAN_POINT ( 'NONE',  ( -176.3000000000000682, 7.849999999999974776, 9.000000000000001776 ) ) ;
#4269 = LINE ( 'NONE', #2901, #1725 ) ;
#4270 = DIRECTION ( 'NONE',  ( 1.000000000000000000, 0.000000000000000000, 0.000000000000000000 ) ) ;
#4271 = VECTOR ( 'NONE', #530, 1000.000000000000000 ) ;
#4272 = VECTOR ( 'NONE', #3332, 1000.000000000000000 ) ;
#4273 = ORIENTED_EDGE ( 'NONE', *, *, #1579, .T. ) ;
#4274 = ORIENTED_EDGE ( 'NONE', *, *, #4025, .T. ) ;
#4275 = CARTESIAN_POINT ( 'NONE',  ( -43.79697404392472038, 5.538461538461533884, 11.50000000000000000 ) ) ;
#4276 = AXIS2_PLACEMENT_3D ( 'NONE', #929, #2706, #4565 ) ;
#4277 = VECTOR ( 'NONE', #1332, 1000.000000000000114 ) ;
#4278 = CARTESIAN_POINT ( 'NONE',  ( -38.40033942854010007, 4.230769230769225508, 10.90000000000000036 ) ) ;
#4279 = VERTEX_POINT ( 'NONE', #1275 ) ;
#4280 = CARTESIAN_POINT ( 'NONE',  ( -41.43029346389371881, 4.718249065901001238, 10.89999999999999858 ) ) ;
#4281 = AXIS2_PLACEMENT_3D ( 'NONE', #3474, #1051, #2469 ) ;
#4282 = VECTOR ( 'NONE', #1692, 999.9999999999998863 ) ;
#4283 = CARTESIAN_POINT ( 'NONE',  ( -173.0000000000000284, 4.999999999999976907, 7.000000000000000000 ) ) ;
#4284 = EDGE_CURVE ( 'NONE', #3050, #1360, #4519, .T. ) ;
#4285 = VECTOR ( 'NONE', #90, 1000.000000000000114 ) ;
#4286 = CARTESIAN_POINT ( 'NONE',  ( -40.42848018898967410, 7.369994143346014326, 11.49999999999999645 ) ) ;
#4287 = DIRECTION ( 'NONE',  ( -0.5773502691896258421, -0.5773502691896258421, -0.5773502691896258421 ) ) ;
#4288 = ORIENTED_EDGE ( 'NONE', *, *, #2568, .T. ) ;
#4289 = CARTESIAN_POINT ( 'NONE',  ( -41.99550496992103632, 7.991991544174686268, 11.49999999999998757 ) ) ;
#4290 = VECTOR ( 'NONE', #3413, 1000.000000000000000 ) ;
#4291 = ADVANCED_FACE ( 'NONE', ( #4153 ), #2709, .F. ) ;
#4292 = ORIENTED_EDGE ( 'NONE', *, *, #3345, .F. ) ;
#4293 = CARTESIAN_POINT ( 'NONE',  ( -169.9000000000000057, 7.849999999999976552, 9.000000000000001776 ) ) ;
#4294 = ORIENTED_EDGE ( 'NONE', *, *, #3966, .F. ) ;
#4295 = LINE ( 'NONE', #1858, #2249 ) ;
#4296 = EDGE_CURVE ( 'NONE', #3079, #3150, #181, .T. ) ;
#4297 = FACE_OUTER_BOUND ( 'NONE', #1973, .T. ) ;
#4298 = CARTESIAN_POINT ( 'NONE',  ( -36.87509904392471327, 7.923076923076918021, 10.90000000000000036 ) ) ;
#4299 = PLANE ( 'NONE',  #2623 ) ;
#4300 = ORIENTED_EDGE ( 'NONE', *, *, #652, .T. ) ;
#4301 = VERTEX_POINT ( 'NONE', #257 ) ;
#4302 = DIRECTION ( 'NONE',  ( 1.000000000000000000, 0.000000000000000000, 0.000000000000000000 ) ) ;
#4303 = ORGANIZATION ( 'UNSPECIFIED', 'UNSPECIFIED', '' ) ;
#4304 = DIRECTION ( 'NONE',  ( 0.000000000000000000, 1.000000000000000000, 0.000000000000000000 ) ) ;
#4305 = ORIENTED_EDGE ( 'NONE', *, *, #2506, .F. ) ;
#4306 = LINE ( 'NONE', #2464, #3359 ) ;
#4307 = CARTESIAN_POINT ( 'NONE',  ( -27.85000000000000142, 1.999999999999996669, 9.000000000000001776 ) ) ;
#4308 = DIRECTION ( 'NONE',  ( 1.000000000000000000, 0.000000000000000000, -0.000000000000000000 ) ) ;
#4309 = ADVANCED_FACE ( 'NONE', ( #1322 ), #1698, .T. ) ;
#4310 = DIRECTION ( 'NONE',  ( -0.7071067811865470176, -0.7071067811865480168, 0.000000000000000000 ) ) ;
#4311 = VERTEX_POINT ( 'NONE', #1981 ) ;
#4312 = CARTESIAN_POINT ( 'NONE',  ( -42.20878754246267306, 7.998619469647866076, 11.49999999999999289 ) ) ;
#4313 = DIRECTION ( 'NONE',  ( 1.000000000000000000, 0.000000000000000000, 0.000000000000000000 ) ) ;
#4314 = DATE_TIME_ROLE ( 'classification_date' ) ;
#4315 = EDGE_CURVE ( 'NONE', #4155, #2672, #235, .T. ) ;
#4316 = DIRECTION ( 'NONE',  ( 2.115516434118058079E-17, 1.000000000000000000, 0.000000000000000000 ) ) ;
#4317 = ORIENTED_EDGE ( 'NONE', *, *, #1514, .T. ) ;
#4318 = FACE_OUTER_BOUND ( 'NONE', #4503, .T. ) ;
#4319 = CARTESIAN_POINT ( 'NONE',  ( -12.00000000000000178, 11.99999999999999645, 0.5000000000000004441 ) ) ;
#4320 = CYLINDRICAL_SURFACE ( 'NONE', #747, 1.700000000000007061 ) ;
#4321 = EDGE_CURVE ( 'NONE', #868, #2035, #1299, .T. ) ;
#4322 = CARTESIAN_POINT ( 'NONE',  ( -42.79712380666626359, 4.434270017814045062, 11.49999999999999467 ) ) ;
#4323 = VERTEX_POINT ( 'NONE', #3508 ) ;
#4324 = ORIENTED_EDGE ( 'NONE', *, *, #2957, .F. ) ;
#4325 = PLANE ( 'NONE',  #3280 ) ;
#4326 = CARTESIAN_POINT ( 'NONE',  ( -2.150000000000003908, 101.2999999999999829, 9.000000000000001776 ) ) ;
#4327 = ORIENTED_EDGE ( 'NONE', *, *, #2821, .F. ) ;
#4328 = DIRECTION ( 'NONE',  ( -0.000000000000000000, -0.000000000000000000, 1.000000000000000000 ) ) ;
#4329 = LINE ( 'NONE', #768, #3794 ) ;
#4330 = FACE_OUTER_BOUND ( 'NONE', #4601, .T. ) ;
#4331 = CARTESIAN_POINT ( 'NONE',  ( -176.8000000000000114, 9.499999999999980460, 6.250000000000000000 ) ) ;
#4332 = ORIENTED_EDGE ( 'NONE', *, *, #2953, .T. ) ;
#4333 = ORIENTED_EDGE ( 'NONE', *, *, #632, .T. ) ;
#4334 = FACE_OUTER_BOUND ( 'NONE', #2815, .T. ) ;
#4335 = CC_DESIGN_PERSON_AND_ORGANIZATION_ASSIGNMENT ( #703, #2141, ( #1364 ) ) ;
#4336 = CARTESIAN_POINT ( 'NONE',  ( -41.25851250546318028, 6.284855769230763833, 11.50000000000000178 ) ) ;
#4337 = VERTEX_POINT ( 'NONE', #923 ) ;
#4338 = LINE ( 'NONE', #1103, #1941 ) ;
#4339 = EDGE_CURVE ( 'NONE', #2277, #3855, #1675, .T. ) ;
#4340 = CYLINDRICAL_SURFACE ( 'NONE', #3591, 1.700000000000000178 ) ;
#4341 = LINE ( 'NONE', #2201, #4366 ) ;
#4342 = CARTESIAN_POINT ( 'NONE',  ( -42.79712380666626359, 4.434270017814045062, 10.89999999999999858 ) ) ;
#4343 = ORIENTED_EDGE ( 'NONE', *, *, #3158, .T. ) ;
#4344 = ORIENTED_EDGE ( 'NONE', *, *, #2895, .F. ) ;
#4345 = CIRCLE ( 'NONE', #3428, 1.700000000000006173 ) ;
#4346 = CARTESIAN_POINT ( 'NONE',  ( -10.00000000000000178, 101.7999999999999829, 6.250000000000000000 ) ) ;
#4347 = EDGE_CURVE ( 'NONE', #1271, #3611, #2813, .T. ) ;
#4348 = VECTOR ( 'NONE', #1993, 999.9999999999998863 ) ;
#4349 = CIRCLE ( 'NONE', #4116, 1.700000000000000178 ) ;
#4350 = DIRECTION ( 'NONE',  ( -0.000000000000000000, -0.000000000000000000, 1.000000000000000000 ) ) ;
#4351 = ORIENTED_EDGE ( 'NONE', *, *, #3271, .F. ) ;
#4352 = CARTESIAN_POINT ( 'NONE',  ( -174.7000000000000171, 4.999999999999976907, 6.250000000000000000 ) ) ;
#4353 = DIRECTION ( 'NONE',  ( -0.7071067811865479058, 0.000000000000000000, 0.7071067811865470176 ) ) ;
#4354 = AXIS2_PLACEMENT_3D ( 'NONE', #4596, #2442, #4213 ) ;
#4355 = VECTOR ( 'NONE', #1597, 1000.000000000000000 ) ;
#4356 = EDGE_CURVE ( 'NONE', #3155, #1064, #3529, .T. ) ;
#4357 = CARTESIAN_POINT ( 'NONE',  ( -169.9000000000000057, 2.149999999999976374, 9.000000000000001776 ) ) ;
#4358 = AXIS2_PLACEMENT_3D ( 'NONE', #3437, #3109, #3462 ) ;
#4359 = CIRCLE ( 'NONE', #968, 1.700000000000008393 ) ;
#4360 = LINE ( 'NONE', #3219, #3886 ) ;
#4361 = ORIENTED_EDGE ( 'NONE', *, *, #588, .F. ) ;
#4362 = CARTESIAN_POINT ( 'NONE',  ( -41.61783178133675420, 7.962379770408407609, 11.49999999999999112 ) ) ;
#4363 = LINE ( 'NONE', #3313, #428 ) ;
#4364 = VECTOR ( 'NONE', #3561, 1000.000000000000000 ) ;
#4365 = LINE ( 'NONE', #4293, #4665 ) ;
#4366 = VECTOR ( 'NONE', #3981, 1000.000000000000000 ) ;
#4367 = ORIENTED_EDGE ( 'NONE', *, *, #3475, .F. ) ;
#4368 = DIRECTION ( 'NONE',  ( 0.5659711471271425820, 0.8244250485153796770, 0.000000000000000000 ) ) ;
#4369 = LINE ( 'NONE', #2176, #2932 ) ;
#4370 = FACE_OUTER_BOUND ( 'NONE', #4459, .T. ) ;
#4371 = EDGE_LOOP ( 'NONE', ( #4619, #1660, #3094, #3648 ) ) ;
#4372 = EDGE_CURVE ( 'NONE', #3562, #3101, #3788, .T. ) ;
#4373 = VERTEX_POINT ( 'NONE', #569 ) ;
#4374 = LINE ( 'NONE', #3321, #196 ) ;
#4375 = CARTESIAN_POINT ( 'NONE',  ( -168.5000000000000000, 9.999999999999978684, 0.5000000000000004441 ) ) ;
#4376 = ORIENTED_EDGE ( 'NONE', *, *, #2853, .F. ) ;
#4377 = EDGE_CURVE ( 'NONE', #461, #1586, #3453, .T. ) ;
#4378 = CARTESIAN_POINT ( 'NONE',  ( -41.34987721747835110, 6.659442420435225607, 11.49999999999999467 ) ) ;
#4379 = FACE_OUTER_BOUND ( 'NONE', #3973, .T. ) ;
#4380 = CARTESIAN_POINT ( 'NONE',  ( -35.87389712084779347, 1.999999999999994893, 11.50000000000000000 ) ) ;
#4381 = EDGE_CURVE ( 'NONE', #29, #2284, #3819, .T. ) ;
#4382 = DIRECTION ( 'NONE',  ( 0.000000000000000000, 0.000000000000000000, -1.000000000000000000 ) ) ;
#4383 = VERTEX_POINT ( 'NONE', #1460 ) ;
#4384 = CARTESIAN_POINT ( 'NONE',  ( -41.05468543007678051, 7.842281497604965068, 10.90000000000000036 ) ) ;
#4385 = DIRECTION ( 'NONE',  ( 1.000000000000000000, 0.000000000000000000, 0.000000000000000000 ) ) ;
#4386 = CARTESIAN_POINT ( 'NONE',  ( -29.80000000000003268, 6.599999999999913491, 10.69999999999999929 ) ) ;
#4387 = ORIENTED_EDGE ( 'NONE', *, *, #964, .T. ) ;
#4388 = FACE_OUTER_BOUND ( 'NONE', #3894, .T. ) ;
#4389 = DIRECTION ( 'NONE',  ( -0.000000000000000000, -1.000000000000000000, 0.000000000000000000 ) ) ;
#4390 = CARTESIAN_POINT ( 'NONE',  ( -42.46073473508729279, 4.170608120866741153, 11.49999999999999112 ) ) ;
#4391 = ORIENTED_EDGE ( 'NONE', *, *, #3031, .T. ) ;
#4392 = ORIENTED_EDGE ( 'NONE', *, *, #2931, .T. ) ;
#4393 = CARTESIAN_POINT ( 'NONE',  ( -176.8000000000000114, 2.149999999999977263, 9.000000000000001776 ) ) ;
#4394 = EDGE_CURVE ( 'NONE', #3711, #3459, #4369, .T. ) ;
#4395 = DIRECTION ( 'NONE',  ( 1.000000000000000000, -1.257045997084642365E-16, 0.000000000000000000 ) ) ;
#4396 = ORIENTED_EDGE ( 'NONE', *, *, #3761, .F. ) ;
#4397 = CARTESIAN_POINT ( 'NONE',  ( -25.00000000000000000, 4.999999999999996447, 10.50000000000000000 ) ) ;
#4398 = EDGE_CURVE ( 'NONE', #1311, #4011, #3912, .T. ) ;
#4399 = DIRECTION ( 'NONE',  ( -2.115516434118058079E-17, -1.000000000000000000, 0.000000000000000000 ) ) ;
#4400 = CARTESIAN_POINT ( 'NONE',  ( -171.3000000000000114, 4.999999999999976907, 10.49999999999999822 ) ) ;
#4401 = ORIENTED_EDGE ( 'NONE', *, *, #2537, .F. ) ;
#4402 = FACE_OUTER_BOUND ( 'NONE', #2968, .T. ) ;
#4403 = DIRECTION ( 'NONE',  ( -1.000000000000000000, 0.000000000000000000, 0.000000000000000000 ) ) ;
#4404 = DIRECTION ( 'NONE',  ( -1.000000000000000000, 0.000000000000000000, 0.000000000000000000 ) ) ;
#4405 = ORIENTED_EDGE ( 'NONE', *, *, #679, .F. ) ;
#4406 = ORIENTED_EDGE ( 'NONE', *, *, #2899, .F. ) ;
#4407 = CARTESIAN_POINT ( 'NONE',  ( -176.8000000000000114, 1.649999999999977041, 7.000000000000000000 ) ) ;
#4408 = DIRECTION ( 'NONE',  ( -0.000000000000000000, -0.000000000000000000, -1.000000000000000000 ) ) ;
#4409 = LINE ( 'NONE', #4122, #4434 ) ;
#4410 = VERTEX_POINT ( 'NONE', #3536 ) ;
#4411 = DIRECTION ( 'NONE',  ( -0.000000000000000000, 1.000000000000000000, -0.000000000000000000 ) ) ;
#4412 = B_SPLINE_CURVE_WITH_KNOTS ( 'NONE', 3,
 ( #2082, #2725, #673, #3141, #1702, #3114, #1018, #3516, #3868, #4178, #2798, #3542, #2365, #1380, #316, #978, #3489, #1280, #4157 ),
 .UNSPECIFIED., .F., .F.,
 ( 4, 1, 1, 1, 1, 1, 1, 1, 1, 1, 1, 1, 1, 1, 1, 1, 4 ),
 ( 0.000000000000000000, 0.1061220641064847675, 0.2021804643870342699, 0.2875840018686676158, 0.3629904172440856502, 0.4271937923606596854, 0.4814680386188571193, 0.5253270264181545413, 0.5595484740348281028, 0.6156943539570878254, 0.6695949516456966011, 0.7218197463133871894, 0.7739097670927386208, 0.8270849392623426111, 0.8813591855205388237, 0.9387954458730686236, 1.000000000000000000 ),
 .UNSPECIFIED. ) ;
#4413 = LINE ( 'NONE', #2952, #819 ) ;
#4414 = VERTEX_POINT ( 'NONE', #4630 ) ;
#4415 = FACE_OUTER_BOUND ( 'NONE', #605, .T. ) ;
#4416 = VECTOR ( 'NONE', #1520, 1000.000000000000000 ) ;
#4417 = VECTOR ( 'NONE', #2205, 1000.000000000000000 ) ;
#4418 = CARTESIAN_POINT ( 'NONE',  ( -40.31502638020333507, 5.466959943854882376, 11.50000000000000000 ) ) ;
#4419 = EDGE_LOOP ( 'NONE', ( #2069, #3183, #2391, #3607, #176, #2407, #2602, #3366, #3441, #2978, #2300 ) ) ;
#4420 = DIRECTION ( 'NONE',  ( 0.000000000000000000, 1.000000000000000000, 0.000000000000000000 ) ) ;
#4421 = CONICAL_SURFACE ( 'NONE', #1110, 1.700000000000006173, 0.7853981633974498333 ) ;
#4422 = ORIENTED_EDGE ( 'NONE', *, *, #3843, .T. ) ;
#4423 = AXIS2_PLACEMENT_3D ( 'NONE', #3351, #463, #887 ) ;
#4424 = EDGE_CURVE ( 'NONE', #3342, #4337, #2147, .T. ) ;
#4425 = CARTESIAN_POINT ( 'NONE',  ( -40.30230938840300325, 7.167912549411119549, 10.90000000000000213 ) ) ;
#4426 = CARTESIAN_POINT ( 'NONE',  ( -40.24831470585107951, 7.060550699997794055, 10.89999999999999858 ) ) ;
#4427 = AXIS2_PLACEMENT_3D ( 'NONE', #1246, #3767, #2694 ) ;
#4428 = AXIS2_PLACEMENT_3D ( 'NONE', #2423, #1638, #609 ) ;
#4429 = CARTESIAN_POINT ( 'NONE',  ( -41.34987721747835110, 6.659442420435225607, 10.89999999999999503 ) ) ;
#4430 = EDGE_LOOP ( 'NONE', ( #1167, #1242, #3859, #3596 ) ) ;
#4431 = ADVANCED_FACE ( 'NONE', ( #350 ), #3180, .T. ) ;
#4432 = ORIENTED_EDGE ( 'NONE', *, *, #1169, .F. ) ;
#4433 = VECTOR ( 'NONE', #4350, 1000.000000000000000 ) ;
#4434 = VECTOR ( 'NONE', #3337, 1000.000000000000000 ) ;
#4435 = DIRECTION ( 'NONE',  ( 0.000000000000000000, 0.000000000000000000, 1.000000000000000000 ) ) ;
#4436 = VECTOR ( 'NONE', #330, 1000.000000000000000 ) ;
#4437 = LINE ( 'NONE', #2646, #2482 ) ;
#4438 = CARTESIAN_POINT ( 'NONE',  ( -10.00000000000000000, 93.49999999999998579, 11.50000000000000000 ) ) ;
#4439 = ORIENTED_EDGE ( 'NONE', *, *, #3679, .F. ) ;
#4440 = EDGE_CURVE ( 'NONE', #3876, #3955, #2576, .T. ) ;
#4441 = DIRECTION ( 'NONE',  ( -1.000000000000000000, 0.000000000000000000, -0.000000000000000000 ) ) ;
#4442 = DIRECTION ( 'NONE',  ( -1.000000000000000000, -1.104919411450195664E-16, 0.000000000000000000 ) ) ;
#4443 = DIRECTION ( 'NONE',  ( 0.000000000000000000, -1.000000000000000000, 0.000000000000000000 ) ) ;
#4444 = ORIENTED_EDGE ( 'NONE', *, *, #567, .T. ) ;
#4445 = LINE ( 'NONE', #3023, #1476 ) ;
#4446 = CARTESIAN_POINT ( 'NONE',  ( -40.55755003004311021, 3.511838176082229257, 10.90000000000000213 ) ) ;
#4447 = ORIENTED_EDGE ( 'NONE', *, *, #2710, .F. ) ;
#4448 = CARTESIAN_POINT ( 'NONE',  ( -35.87389712084779347, 4.230769230769225508, 10.90000000000000036 ) ) ;
#4449 = ORIENTED_EDGE ( 'NONE', *, *, #3789, .F. ) ;
#4450 = CARTESIAN_POINT ( 'NONE',  ( -173.0000000000000284, 4.999999999999976907, 5.750000000000000000 ) ) ;
#4451 = DIRECTION ( 'NONE',  ( -2.012067705530988974E-15, -3.264765817141942150E-13, 1.000000000000000000 ) ) ;
#4452 = EDGE_CURVE ( 'NONE', #2689, #1283, #3556, .T. ) ;
#4453 = CARTESIAN_POINT ( 'NONE',  ( -41.95310593109942943, 6.986699201285865968, 10.89999999999999680 ) ) ;
#4454 = ORIENTED_EDGE ( 'NONE', *, *, #683, .T. ) ;
#4455 = ORIENTED_EDGE ( 'NONE', *, *, #3643, .T. ) ;
#4456 = EDGE_CURVE ( 'NONE', #858, #415, #1130, .T. ) ;
#4457 = CARTESIAN_POINT ( 'NONE',  ( -27.85000000000000142, 9.499999999999968026, 9.000000000000001776 ) ) ;
#4458 = DIRECTION ( 'NONE',  ( -1.000000000000000000, 0.000000000000000000, 0.000000000000000000 ) ) ;
#4459 = EDGE_LOOP ( 'NONE', ( #4324, #4176, #1815, #3232 ) ) ;
#4460 = LINE ( 'NONE', #4125, #4120 ) ;
#4461 = LINE ( 'NONE', #427, #2989 ) ;
#4462 = EDGE_CURVE ( 'NONE', #3855, #4373, #4651, .T. ) ;
#4463 = DIRECTION ( 'NONE',  ( -0.000000000000000000, 1.000000000000000000, -0.000000000000000000 ) ) ;
#4464 = CARTESIAN_POINT ( 'NONE',  ( -40.10779149626291940, 6.176598839749073200, 11.49999999999999822 ) ) ;
#4465 = VERTEX_POINT ( 'NONE', #4298 ) ;
#4466 = CARTESIAN_POINT ( 'NONE',  ( -38.40033942854010007, 4.230769230769225508, 11.50000000000000000 ) ) ;
#4467 = CARTESIAN_POINT ( 'NONE',  ( -40.87677364339947417, 4.006309444138675957, 10.90000000000000213 ) ) ;
#4468 = ORIENTED_EDGE ( 'NONE', *, *, #3853, .T. ) ;
#4469 = CARTESIAN_POINT ( 'NONE',  ( -37.02774327469393967, 1.999999999999994893, 11.50000000000000000 ) ) ;
#4470 = EDGE_LOOP ( 'NONE', ( #3558, #1445, #2722, #3618 ) ) ;
#4471 = PLANE ( 'NONE',  #3125 ) ;
#4472 = DIRECTION ( 'NONE',  ( -0.7071067811865475727, -4.153272441512040456E-16, 0.7071067811865475727 ) ) ;
#4473 = LINE ( 'NONE', #3049, #3732 ) ;
#4474 = ORIENTED_EDGE ( 'NONE', *, *, #2189, .F. ) ;
#4475 = VERTEX_POINT ( 'NONE', #3953 ) ;
#4476 = EDGE_CURVE ( 'NONE', #2, #3418, #4269, .T. ) ;
#4477 = CARTESIAN_POINT ( 'NONE',  ( -7.850000000000004974, 94.89999999999997726, 9.000000000000001776 ) ) ;
#4478 = CARTESIAN_POINT ( 'NONE',  ( -5.000000000000004441, 97.99999999999998579, 10.49999999999999822 ) ) ;
#4479 = EDGE_LOOP ( 'NONE', ( #2954, #88, #1420, #4145 ) ) ;
#4480 = CARTESIAN_POINT ( 'NONE',  ( -42.52692019043565352, 4.239656620009797372, 11.50000000000000178 ) ) ;
#4481 = CARTESIAN_POINT ( 'NONE',  ( -37.80000000000001847, 7.599999999999912603, 7.299999999999998934 ) ) ;
#4482 = EDGE_CURVE ( 'NONE', #4632, #824, #4341, .T. ) ;
#4483 = B_SPLINE_CURVE_WITH_KNOTS ( 'NONE', 3,
 ( #3333, #464, #4453, #1544, #3758, #127, #2282, #2303, #1236, #1215, #2661 ),
 .UNSPECIFIED., .F., .F.,
 ( 4, 1, 1, 1, 1, 1, 1, 1, 4 ),
 ( 0.000000000000000000, 0.05265892874552966646, 0.1248127157246213259, 0.2192102179564827669, 0.3332050912219705618, 0.4694640205394735033, 0.6253523620739041000, 0.8021990883184628718, 1.000000000000000000 ),
 .UNSPECIFIED. ) ;
#4484 = CARTESIAN_POINT ( 'NONE',  ( -25.00000000000000000, 4.999999999999996447, 9.000000000000001776 ) ) ;
#4485 = CARTESIAN_POINT ( 'NONE',  ( -36.87509904392471327, 7.923076923076918021, 10.90000000000000036 ) ) ;
#4486 = CARTESIAN_POINT ( 'NONE',  ( -40.19535106152874704, 5.728571924255893677, 11.50000000000000000 ) ) ;
#4487 = ORIENTED_EDGE ( 'NONE', *, *, #1918, .F. ) ;
#4488 = CARTESIAN_POINT ( 'NONE',  ( -37.02774327469393967, 3.230769230769225508, 11.50000000000000000 ) ) ;
#4489 = EDGE_CURVE ( 'NONE', #1551, #3477, #1417, .T. ) ;
#4490 = CIRCLE ( 'NONE', #36, 1.700000000000007061 ) ;
#4491 = CARTESIAN_POINT ( 'NONE',  ( -40.80471295481552119, 3.902839363792479865, 10.90000000000000036 ) ) ;
#4492 = VERTEX_POINT ( 'NONE', #38 ) ;
#4493 = CARTESIAN_POINT ( 'NONE',  ( -26.70000000000000284, 4.999999999999996447, 7.000000000000000000 ) ) ;
#4494 = VERTEX_POINT ( 'NONE', #1039 ) ;
#4495 = CARTESIAN_POINT ( 'NONE',  ( -40.42848018898967410, 7.369994143346014326, 11.49999999999998579 ) ) ;
#4496 = ADVANCED_FACE ( 'NONE', ( #3625 ), #4320, .F. ) ;
#4497 = CARTESIAN_POINT ( 'NONE',  ( -40.10466635161702698, 6.337740384615378808, 10.90000000000000036 ) ) ;
#4498 = VECTOR ( 'NONE', #432, 1000.000000000000000 ) ;
#4499 = VECTOR ( 'NONE', #1289, 1000.000000000000000 ) ;
#4500 = VECTOR ( 'NONE', #1154, 1000.000000000000114 ) ;
#4501 = LINE ( 'NONE', #81, #4115 ) ;
#4502 = ORIENTED_EDGE ( 'NONE', *, *, #4424, .T. ) ;
#4503 = EDGE_LOOP ( 'NONE', ( #359, #4367, #521, #1143 ) ) ;
#4504 = AXIS2_PLACEMENT_3D ( 'NONE', #941, #3503, #1011 ) ;
#4505 = VECTOR ( 'NONE', #2436, 1000.000000000000000 ) ;
#4506 = APPROVAL_DATE_TIME ( #3053, #4072 ) ;
#4507 = LINE ( 'NONE', #4057, #1717 ) ;
#4508 = CIRCLE ( 'NONE', #286, 1.700000000000006173 ) ;
#4509 = VECTOR ( 'NONE', #4221, 1000.000000000000114 ) ;
#4510 = ORIENTED_EDGE ( 'NONE', *, *, #532, .T. ) ;
#4511 = PLANE ( 'NONE',  #2091 ) ;
#4512 = DIRECTION ( 'NONE',  ( -0.000000000000000000, -0.7071067811865474617, -0.7071067811865474617 ) ) ;
#4513 = VECTOR ( 'NONE', #3917, 1000.000000000000000 ) ;
#4514 = CARTESIAN_POINT ( 'NONE',  ( -9.500000000000000000, 101.7999999999999829, 6.250000000000000000 ) ) ;
#4515 = CARTESIAN_POINT ( 'NONE',  ( -35.87389712084779347, 4.230769230769225508, 10.90000000000000036 ) ) ;
#4516 = EDGE_CURVE ( 'NONE', #875, #2672, #668, .T. ) ;
#4517 = CARTESIAN_POINT ( 'NONE',  ( -41.72325229106081679, 5.611588271097787128, 10.89999999999999858 ) ) ;
#4518 = EDGE_LOOP ( 'NONE', ( #2760, #1529, #4343, #2676 ) ) ;
#4519 = CIRCLE ( 'NONE', #2404, 1.700000000000006173 ) ;
#4520 = CARTESIAN_POINT ( 'NONE',  ( -34.00000000000001421, 9.499999999999994671, 7.299999999999998934 ) ) ;
#4521 = CARTESIAN_POINT ( 'NONE',  ( -40.46488412866383300, 3.354437254712048677, 10.90000000000000036 ) ) ;
#4522 = EDGE_CURVE ( 'NONE', #2277, #4266, #1796, .T. ) ;
#4523 = ORIENTED_EDGE ( 'NONE', *, *, #245, .T. ) ;
#4524 = DIRECTION ( 'NONE',  ( 1.000000000000000000, 0.000000000000000000, 0.000000000000000000 ) ) ;
#4525 = CARTESIAN_POINT ( 'NONE',  ( -41.25851250546318028, 6.284855769230763833, 11.49999999999998401 ) ) ;
#4526 = LINE ( 'NONE', #4598, #3215 ) ;
#4527 = CARTESIAN_POINT ( 'NONE',  ( -41.79881056276875029, 7.978105654603521835, 11.49999999999999822 ) ) ;
#4528 = EDGE_CURVE ( 'NONE', #711, #2508, #1767, .T. ) ;
#4529 = CARTESIAN_POINT ( 'NONE',  ( -41.43599568429416991, 4.572603650689663901, 10.89999999999999680 ) ) ;
#4530 = ORIENTED_EDGE ( 'NONE', *, *, #3469, .F. ) ;
#4531 = EDGE_LOOP ( 'NONE', ( #4068, #2273, #144, #1407 ) ) ;
#4532 = FACE_OUTER_BOUND ( 'NONE', #919, .T. ) ;
#4533 = VERTEX_POINT ( 'NONE', #1062 ) ;
#4534 = CARTESIAN_POINT ( 'NONE',  ( -42.16590530853014229, 3.800121620935609901, 11.49999999999999645 ) ) ;
#4535 = CARTESIAN_POINT ( 'NONE',  ( -112.6666666666666856, -55.83333333333334991, 62.08333333333332149 ) ) ;
#4536 = DIRECTION ( 'NONE',  ( 0.000000000000000000, 1.000000000000000000, 0.000000000000000000 ) ) ;
#4537 = DIRECTION ( 'NONE',  ( 0.000000000000000000, 0.000000000000000000, 1.000000000000000000 ) ) ;
#4538 = DIRECTION ( 'NONE',  ( -0.000000000000000000, -0.000000000000000000, 1.000000000000000000 ) ) ;
#4539 = ORIENTED_EDGE ( 'NONE', *, *, #2906, .T. ) ;
#4540 = CARTESIAN_POINT ( 'NONE',  ( -173.0000000000000284, 4.999999999999976907, 10.49999999999999822 ) ) ;
#4541 = APPROVAL ( #324, 'UNSPECIFIED' ) ;
#4542 = PLANE ( 'NONE',  #2398 ) ;
#4543 = ORIENTED_EDGE ( 'NONE', *, *, #3929, .F. ) ;
#4544 = DIRECTION ( 'NONE',  ( 0.7592566023652694840, 0.6507913734560000218, 0.000000000000000000 ) ) ;
#4545 = CARTESIAN_POINT ( 'NONE',  ( -5.832498915511625888E-14, 101.2999999999999829, 11.00000000000000000 ) ) ;
#4546 = DIRECTION ( 'NONE',  ( 0.000000000000000000, 0.000000000000000000, 1.000000000000000000 ) ) ;
#4547 = ADVANCED_FACE ( 'NONE', ( #709 ), #3270, .F. ) ;
#4548 = CARTESIAN_POINT ( 'NONE',  ( -40.16805563400401269, 6.833631612418437307, 11.50000000000000000 ) ) ;
#4549 = CARTESIAN_POINT ( 'NONE',  ( -5.000000000000004441, 97.99999999999998579, 5.750000000000000000 ) ) ;
#4550 = VERTEX_POINT ( 'NONE', #1840 ) ;
#4551 = ORIENTED_EDGE ( 'NONE', *, *, #3160, .T. ) ;
#4552 = ADVANCED_FACE ( 'NONE', ( #1485 ), #1862, .F. ) ;
#4553 = FACE_BOUND ( 'NONE', #4169, .T. ) ;
#4554 = VERTEX_POINT ( 'NONE', #779 ) ;
#4555 = CARTESIAN_POINT ( 'NONE',  ( -40.72810406470320999, 3.785750284256754306, 11.49999999999999822 ) ) ;
#4556 = FACE_OUTER_BOUND ( 'NONE', #1730, .T. ) ;
#4557 = CARTESIAN_POINT ( 'NONE',  ( -23.30000000000000071, 4.999999999999996447, 7.000000000000000000 ) ) ;
#4558 = DIRECTION ( 'NONE',  ( 0.000000000000000000, 0.000000000000000000, 1.000000000000000000 ) ) ;
#4559 = CARTESIAN_POINT ( 'NONE',  ( -44.95082019777087368, 7.999999999999994671, 11.50000000000000000 ) ) ;
#4560 = ORIENTED_EDGE ( 'NONE', *, *, #820, .T. ) ;
#4561 = CARTESIAN_POINT ( 'NONE',  ( -176.8000000000000114, 0.4999999999999601985, 6.250000000000000000 ) ) ;
#4562 = CARTESIAN_POINT ( 'NONE',  ( -35.87389712084779347, 4.230769230769225508, 10.90000000000000036 ) ) ;
#4563 = AXIS2_PLACEMENT_3D ( 'NONE', #4307, #697, #2186 ) ;
#4564 = ORIENTED_EDGE ( 'NONE', *, *, #2957, .T. ) ;
#4565 = DIRECTION ( 'NONE',  ( 0.000000000000000000, 0.000000000000000000, -1.000000000000000000 ) ) ;
#4566 = DIRECTION ( 'NONE',  ( 1.000000000000000000, 0.000000000000000000, 0.000000000000000000 ) ) ;
#4567 = DIRECTION ( 'NONE',  ( 0.000000000000000000, 0.000000000000000000, 1.000000000000000000 ) ) ;
#4568 = DIRECTION ( 'NONE',  ( 1.000000000000000000, 0.000000000000000000, -0.000000000000000000 ) ) ;
#4569 = EDGE_CURVE ( 'NONE', #3963, #1846, #4437, .T. ) ;
#4570 = LINE ( 'NONE', #4164, #3510 ) ;
#4571 = EDGE_LOOP ( 'NONE', ( #1340, #1435, #3764, #803 ) ) ;
#4572 = VECTOR ( 'NONE', #3113, 1000.000000000000114 ) ;
#4573 = ORIENTED_EDGE ( 'NONE', *, *, #1491, .T. ) ;
#4574 = VECTOR ( 'NONE', #3875, 1000.000000000000000 ) ;
#4575 = VECTOR ( 'NONE', #3766, 1000.000000000000000 ) ;
#4576 = COORDINATED_UNIVERSAL_TIME_OFFSET ( 1, 0, .AHEAD. ) ;
#4577 = ADVANCED_FACE ( 'NONE', ( #2220 ), #1956, .T. ) ;
#4578 = CARTESIAN_POINT ( 'NONE',  ( -168.5000000000000000, 0.4999999999999625855, 0.000000000000000000 ) ) ;
#4579 = ORIENTED_EDGE ( 'NONE', *, *, #856, .F. ) ;
#4580 = PLANE ( 'NONE',  #4504 ) ;
#4581 = AXIS2_PLACEMENT_3D ( 'NONE', #3419, #1608, #4524 ) ;
#4582 = CIRCLE ( 'NONE', #1793, 2.200000000000007283 ) ;
#4583 = DIRECTION ( 'NONE',  ( -0.000000000000000000, 0.000000000000000000, 1.000000000000000000 ) ) ;
#4584 = PLANE ( 'NONE',  #3218 ) ;
#4585 = AXIS2_PLACEMENT_3D ( 'NONE', #1198, #2371, #2645 ) ;
#4586 = VECTOR ( 'NONE', #3599, 1000.000000000000000 ) ;
#4587 = DIRECTION ( 'NONE',  ( 1.000000000000000000, 0.000000000000000000, -0.000000000000000000 ) ) ;
#4588 = EDGE_CURVE ( 'NONE', #3247, #952, #105, .T. ) ;
#4589 = DIRECTION ( 'NONE',  ( -0.7071067811865474617, 2.307555223660273621E-15, 0.7071067811865474617 ) ) ;
#4590 = ORIENTED_EDGE ( 'NONE', *, *, #4456, .T. ) ;
#4591 = LINE ( 'NONE', #2343, #2686 ) ;
#4592 = AXIS2_PLACEMENT_3D ( 'NONE', #1116, #2489, #2132 ) ;
#4593 = CARTESIAN_POINT ( 'NONE',  ( -3.299999999999998046, 97.99999999999998579, 5.750000000000000000 ) ) ;
#4594 = VECTOR ( 'NONE', #376, 1000.000000000000000 ) ;
#4595 = ORIENTED_EDGE ( 'NONE', *, *, #1288, .T. ) ;
#4596 = CARTESIAN_POINT ( 'NONE',  ( -25.00000000000000000, 4.999999999999996447, 10.50000000000000000 ) ) ;
#4597 = CARTESIAN_POINT ( 'NONE',  ( -41.32807730788029232, 5.944290882365486972, 11.49999999999998579 ) ) ;
#4598 = CARTESIAN_POINT ( 'NONE',  ( -44.95082019777087368, 1.999999999999994893, 11.50000000000000000 ) ) ;
#4599 = CARTESIAN_POINT ( 'NONE',  ( -40.10635847660253006, 6.466211227128699335, 11.49999999999999822 ) ) ;
#4600 = LINE ( 'NONE', #1366, #2310 ) ;
#4601 = EDGE_LOOP ( 'NONE', ( #1688, #1567, #158 ) ) ;
#4602 = VERTEX_POINT ( 'NONE', #3297 ) ;
#4603 = EDGE_CURVE ( 'NONE', #4194, #3803, #3646, .T. ) ;
#4604 = COORDINATED_UNIVERSAL_TIME_OFFSET ( 1, 0, .AHEAD. ) ;
#4605 = CC_DESIGN_APPROVAL ( #4541, ( #2418 ) ) ;
#4606 = DIRECTION ( 'NONE',  ( -1.000000000000000000, -1.104919411450195664E-16, 0.000000000000000000 ) ) ;
#4607 = ORIENTED_EDGE ( 'NONE', *, *, #3294, .F. ) ;
#4608 = DIRECTION ( 'NONE',  ( -0.000000000000000000, -0.000000000000000000, 1.000000000000000000 ) ) ;
#4609 = DIRECTION ( 'NONE',  ( 0.000000000000000000, -1.000000000000000000, 0.000000000000000000 ) ) ;
#4610 = EDGE_CURVE ( 'NONE', #2247, #3079, #4097, .T. ) ;
#4611 = DIRECTION ( 'NONE',  ( -0.000000000000000000, -0.000000000000000000, -1.000000000000000000 ) ) ;
#4612 = DIRECTION ( 'NONE',  ( 0.000000000000000000, -1.000000000000000000, 0.000000000000000000 ) ) ;
#4613 = DIRECTION ( 'NONE',  ( 0.000000000000000000, -1.000000000000000000, 0.000000000000000000 ) ) ;
#4614 = ORIENTED_EDGE ( 'NONE', *, *, #156, .T. ) ;
#4615 = EDGE_LOOP ( 'NONE', ( #1775, #120, #3425, #3502 ) ) ;
#4616 = DIRECTION ( 'NONE',  ( -0.5773502691896256200, -0.5773502691896256200, -0.5773502691896259531 ) ) ;
#4617 = EDGE_CURVE ( 'NONE', #3150, #4023, #134, .T. ) ;
#4618 = CARTESIAN_POINT ( 'NONE',  ( -42.86788750546318028, 5.538461538461533884, 10.89999999999928093 ) ) ;
#4619 = ORIENTED_EDGE ( 'NONE', *, *, #749, .F. ) ;
#4620 = LINE ( 'NONE', #4639, #806 ) ;
#4621 = PLANE ( 'NONE',  #416 ) ;
#4622 = CARTESIAN_POINT ( 'NONE',  ( 0.000000000000000000, 0.000000000000000000, 7.000000000000000000 ) ) ;
#4623 = DIRECTION ( 'NONE',  ( 0.000000000000000000, 0.000000000000000000, 1.000000000000000000 ) ) ;
#4624 = VERTEX_POINT ( 'NONE', #4077 ) ;
#4625 = VERTEX_POINT ( 'NONE', #154 ) ;
#4626 = CARTESIAN_POINT ( 'NONE',  ( -0.5000000000000541789, 93.99999999999998579, 5.750000000000000000 ) ) ;
#4627 = EDGE_LOOP ( 'NONE', ( #1734, #552, #1368, #2437 ) ) ;
#4628 = CARTESIAN_POINT ( 'NONE',  ( -39.19999999999999574, 9.999999999999996447, 7.299999999999998934 ) ) ;
#4629 = CARTESIAN_POINT ( 'NONE',  ( -176.8000000000000114, 9.499999999999980460, 11.00000000000000000 ) ) ;
#4630 = CARTESIAN_POINT ( 'NONE',  ( -8.350000000000004974, 101.7999999999999829, 9.000000000000001776 ) ) ;
#4631 = CARTESIAN_POINT ( 'NONE',  ( -29.80000000000003268, 6.599999999999913491, 7.299999999999998934 ) ) ;
#4632 = VERTEX_POINT ( 'NONE', #847 ) ;
#4633 = ADVANCED_FACE ( 'NONE', ( #2285 ), #2620, .F. ) ;
#4634 = ORIENTED_EDGE ( 'NONE', *, *, #1379, .F. ) ;
#4635 = CARTESIAN_POINT ( 'NONE',  ( -168.5000000000000000, 0.4999999999999625855, -3.833233541708436578E-17 ) ) ;
#4636 = PLANE ( 'NONE',  #4592 ) ;
#4637 = ORIENTED_EDGE ( 'NONE', *, *, #1082, .F. ) ;
#4638 = ADVANCED_FACE ( 'NONE', ( #3739, #3317 ), #2966, .T. ) ;
#4639 = CARTESIAN_POINT ( 'NONE',  ( -1.108449505416490145E-15, 101.7999999999999829, 11.00000000000000000 ) ) ;
#4640 = CARTESIAN_POINT ( 'NONE',  ( -6.700000000000010836, 97.99999999999998579, 5.750000000000000000 ) ) ;
#4641 = DIRECTION ( 'NONE',  ( 1.000000000000000000, 0.000000000000000000, 0.000000000000000000 ) ) ;
#4642 = ADVANCED_FACE ( 'NONE', ( #1549 ), #65, .F. ) ;
#4643 = DIRECTION ( 'NONE',  ( -0.7071067811865489050, -0.7071067811865462405, -9.185433182841425080E-17 ) ) ;
#4644 = ORIENTED_EDGE ( 'NONE', *, *, #2329, .F. ) ;
#4645 = CARTESIAN_POINT ( 'NONE',  ( -41.05468543007678051, 7.842281497604965068, 11.49999999999998934 ) ) ;
#4646 = CARTESIAN_POINT ( 'NONE',  ( -41.26055638506259982, 6.331100756943373931, 10.90000000000000213 ) ) ;
#4647 = VERTEX_POINT ( 'NONE', #1170 ) ;
#4648 = DIRECTION ( 'NONE',  ( 1.000000000000000000, 0.000000000000000000, 0.000000000000000000 ) ) ;
#4649 = VECTOR ( 'NONE', #3890, 1000.000000000000000 ) ;
#4650 = CARTESIAN_POINT ( 'NONE',  ( -12.00000000000001599, 9.999999999999996447, 9.500000000000028422 ) ) ;
#4651 = LINE ( 'NONE', #17, #364 ) ;
#4652 = DIRECTION ( 'NONE',  ( -1.000000000000000000, -1.104919411450195664E-16, 0.000000000000000000 ) ) ;
#4653 = AXIS2_PLACEMENT_3D ( 'NONE', #1020, #4328, #384 ) ;
#4654 = VECTOR ( 'NONE', #3381, 1000.000000000000000 ) ;
#4655 = ORIENTED_EDGE ( 'NONE', *, *, #371, .F. ) ;
#4656 = VERTEX_POINT ( 'NONE', #4457 ) ;
#4657 = CARTESIAN_POINT ( 'NONE',  ( -2.000000000000010658, 0.5000000000000009992, 11.50000000000000000 ) ) ;
#4658 = CIRCLE ( 'NONE', #1341, 4.199999999999995737 ) ;
#4659 = VECTOR ( 'NONE', #4006, 1000.000000000000000 ) ;
#4660 = EDGE_CURVE ( 'NONE', #4410, #969, #2946, .T. ) ;
#4661 = DIRECTION ( 'NONE',  ( -1.000000000000000000, 0.000000000000000000, 0.000000000000000000 ) ) ;
#4662 = EDGE_LOOP ( 'NONE', ( #2213, #1594, #1132, #3773 ) ) ;
#4663 = CARTESIAN_POINT ( 'NONE',  ( -176.8000000000000114, 9.499999999999980460, 6.250000000000000000 ) ) ;
#4664 = VECTOR ( 'NONE', #4399, 1000.000000000000000 ) ;
#4665 = VECTOR ( 'NONE', #1126, 1000.000000000000000 ) ;
#4666 = DIRECTION ( 'NONE',  ( 0.000000000000000000, 0.000000000000000000, 1.000000000000000000 ) ) ;
#4667 = ADVANCED_FACE ( 'NONE', ( #4005 ), #2057, .T. ) ;
#4668 = AXIS2_PLACEMENT_3D ( 'NONE', #3635, #1779, #2870 ) ;
#4669 = DIRECTION ( 'NONE',  ( 1.000000000000000000, 0.000000000000000000, 0.000000000000000000 ) ) ;
#4670 = CARTESIAN_POINT ( 'NONE',  ( -5.832498915511625888E-14, 101.2999999999999829, 6.250000000000000000 ) ) ;
#4671 = ORIENTED_EDGE ( 'NONE', *, *, #4381, .F. ) ;
#4672 = CARTESIAN_POINT ( 'NONE',  ( -40.84683218391204917, 7.746912533848882454, 10.89999999999999858 ) ) ;
#4673 = EDGE_CURVE ( 'NONE', #1197, #1227, #3081, .T. ) ;
#4674 = CARTESIAN_POINT ( 'NONE',  ( -25.00000000000000000, 4.999999999999996447, 10.50000000000000000 ) ) ;
#4675 = VERTEX_POINT ( 'NONE', #251 ) ;
#4676 = LINE ( 'NONE', #1436, #2923 ) ;
#4677 = DIRECTION ( 'NONE',  ( -1.000000000000000000, -1.104919411450195664E-16, 0.000000000000000000 ) ) ;
#4678 = DIRECTION ( 'NONE',  ( -1.000000000000000000, 0.000000000000000000, 0.000000000000000000 ) ) ;
#4679 = CARTESIAN_POINT ( 'NONE',  ( -42.69923948182587736, 4.379421547966360073, 11.49999999999999822 ) ) ;
#4680 = ORIENTED_EDGE ( 'NONE', *, *, #4660, .T. ) ;
#4681 = EDGE_LOOP ( 'NONE', ( #4579, #4018, #83, #823 ) ) ;
#4682 = CARTESIAN_POINT ( 'NONE',  ( -42.25290800121496915, 3.917495016417334330, 10.90000000000000391 ) ) ;
ENDSEC;
END-ISO-10303-21;
