ISO-10303-21;
HEADER;
FILE_DESCRIPTION (( 'STEP AP203' ),
    '1' );
FILE_NAME ('0PB_Cable_rails_horizontal_holder_v1.1.step',
    '2023-06-01T12:01:51',
    ( '' ),
    ( '' ),
    'SwSTEP 2.0',
    'SolidWorks 2023',
    '' );
FILE_SCHEMA (( 'CONFIG_CONTROL_DESIGN' ));
ENDSEC;

DATA;
#1 = VERTEX_POINT ( 'NONE', #4395 ) ;
#2 = DIRECTION ( 'NONE',  ( 0.000000000000000000, 1.000000000000000000, 0.000000000000000000 ) ) ;
#3 = EDGE_LOOP ( 'NONE', ( #1363, #1886, #10, #4377 ) ) ;
#4 = CARTESIAN_POINT ( 'NONE',  ( -3.770910943717094010, 3.029430097414763434, 9.100715261512204890 ) ) ;
#5 = CONICAL_SURFACE ( 'NONE', #4944, 2.999999999999999112, 0.7853981633974473908 ) ;
#6 = CARTESIAN_POINT ( 'NONE',  ( -5.458578643762755256, 0.5000000000000073275, 26.26998896272976936 ) ) ;
#7 = VECTOR ( 'NONE', #472, 1000.000000000000000 ) ;
#8 = AXIS2_PLACEMENT_3D ( 'NONE', #2670, #4276, #3510 ) ;
#9 = LINE ( 'NONE', #1664, #4603 ) ;
#10 = ORIENTED_EDGE ( 'NONE', *, *, #2331, .F. ) ;
#11 = CARTESIAN_POINT ( 'NONE',  ( 3.000000000000060840, 3.500000000000000000, 12.00000000000000000 ) ) ;
#12 = ORIENTED_EDGE ( 'NONE', *, *, #1905, .T. ) ;
#13 = AXIS2_PLACEMENT_3D ( 'NONE', #2866, #807, #892 ) ;
#14 = VECTOR ( 'NONE', #2783, 1000.000000000000000 ) ;
#15 = EDGE_CURVE ( 'NONE', #2206, #689, #2308, .T. ) ;
#16 = ADVANCED_FACE ( 'NONE', ( #3547 ), #2795, .F. ) ;
#17 = FACE_OUTER_BOUND ( 'NONE', #4888, .T. ) ;
#18 = CARTESIAN_POINT ( 'NONE',  ( 8.199999999999992184, 22.00000000000000355, 5.500000000000000000 ) ) ;
#19 = EDGE_LOOP ( 'NONE', ( #5294, #3681, #4836, #4808 ) ) ;
#20 = AXIS2_PLACEMENT_3D ( 'NONE', #2639, #872, #474 ) ;
#21 = CARTESIAN_POINT ( 'NONE',  ( -10.25816184924990715, 3.006917852444048744, 9.268994481426036103 ) ) ;
#22 = ORIENTED_EDGE ( 'NONE', *, *, #1303, .T. ) ;
#23 = EDGE_CURVE ( 'NONE', #792, #122, #1695, .T. ) ;
#24 = VECTOR ( 'NONE', #4449, 1000.000000000000000 ) ;
#25 = FACE_OUTER_BOUND ( 'NONE', #41, .T. ) ;
#26 = FACE_OUTER_BOUND ( 'NONE', #2897, .T. ) ;
#27 = DIRECTION ( 'NONE',  ( 1.734723475976805517E-15, 1.000000000000000000, 0.000000000000000000 ) ) ;
#28 = CARTESIAN_POINT ( 'NONE',  ( 2.078460969082652987, 10.59999999999999964, 2.999999999999999112 ) ) ;
#29 = AXIS2_PLACEMENT_3D ( 'NONE', #595, #258, #3517 ) ;
#30 = AXIS2_PLACEMENT_3D ( 'NONE', #5183, #2723, #4401 ) ;
#31 = CARTESIAN_POINT ( 'NONE',  ( -8.305025253169475263, 2.999999999999992895, 24.92354235332303958 ) ) ;
#32 = ORIENTED_EDGE ( 'NONE', *, *, #1274, .F. ) ;
#33 = CARTESIAN_POINT ( 'NONE',  ( 18.80000000000000071, 0.5000000000000073275, 9.000000000000000000 ) ) ;
#34 = ORIENTED_EDGE ( 'NONE', *, *, #5082, .F. ) ;
#35 = CARTESIAN_POINT ( 'NONE',  ( 3.000000000000060840, 3.540408205773462935, 8.599999999999994316 ) ) ;
#36 = EDGE_LOOP ( 'NONE', ( #3657, #2109, #2413, #2721 ) ) ;
#37 = DIRECTION ( 'NONE',  ( -0.000000000000000000, 1.000000000000000000, -0.000000000000000000 ) ) ;
#38 = CONICAL_SURFACE ( 'NONE', #4283, 2.600000000000012079, 0.7853981633974473908 ) ;
#39 = DIRECTION ( 'NONE',  ( 0.000000000000000000, 0.000000000000000000, 1.000000000000000000 ) ) ;
#40 = LINE ( 'NONE', #5330, #539 ) ;
#41 = EDGE_LOOP ( 'NONE', ( #2591, #3006, #2812, #4011 ) ) ;
#42 = DIRECTION ( 'NONE',  ( 0.000000000000000000, 0.000000000000000000, 1.000000000000000000 ) ) ;
#43 = ORIENTED_EDGE ( 'NONE', *, *, #4685, .T. ) ;
#44 = DIRECTION ( 'NONE',  ( 1.000000000000000000, 1.212748092663589816E-16, -4.853102272068586465E-16 ) ) ;
#45 = DIRECTION ( 'NONE',  ( 0.000000000000000000, -1.000000000000000000, 0.000000000000000000 ) ) ;
#46 = ORIENTED_EDGE ( 'NONE', *, *, #846, .F. ) ;
#47 = EDGE_CURVE ( 'NONE', #3455, #2130, #2384, .T. ) ;
#48 = CARTESIAN_POINT ( 'NONE',  ( 3.000000000000060396, 0.000000000000000000, 8.499999999999992895 ) ) ;
#49 = ORIENTED_EDGE ( 'NONE', *, *, #489, .T. ) ;
#50 = LINE ( 'NONE', #2492, #4543 ) ;
#51 = CARTESIAN_POINT ( 'NONE',  ( 4.500000000000063061, 0.5000000000000073275, 18.47171335700006978 ) ) ;
#52 = DIRECTION ( 'NONE',  ( -0.5773502691896296168, 0.5773502691896270633, -0.5773502691896205130 ) ) ;
#53 = ADVANCED_FACE ( 'NONE', ( #3174 ), #1983, .T. ) ;
#54 = EDGE_CURVE ( 'NONE', #2477, #4929, #705, .T. ) ;
#55 = FACE_OUTER_BOUND ( 'NONE', #3457, .T. ) ;
#56 = DIRECTION ( 'NONE',  ( -0.7071067811865474617, 0.7071067811865474617, 0.000000000000000000 ) ) ;
#57 = ORIENTED_EDGE ( 'NONE', *, *, #1364, .T. ) ;
#58 = PLANE ( 'NONE',  #462 ) ;
#59 = VERTEX_POINT ( 'NONE', #2356 ) ;
#60 = CARTESIAN_POINT ( 'NONE',  ( 3.000000000000060840, 2.999999999999992895, 12.00000000000000000 ) ) ;
#61 = ORIENTED_EDGE ( 'NONE', *, *, #1105, .F. ) ;
#62 = DIRECTION ( 'NONE',  ( 0.000000000000000000, -1.000000000000000000, 0.000000000000000000 ) ) ;
#63 = UNCERTAINTY_MEASURE_WITH_UNIT (LENGTH_MEASURE( 1.000000000000000082E-05 ), #4226, 'distance_accuracy_value', 'NONE');
#64 = CARTESIAN_POINT ( 'NONE',  ( -3.000000000000062617, 3.540408205773465600, 8.599999999999994316 ) ) ;
#65 = ORIENTED_EDGE ( 'NONE', *, *, #5318, .T. ) ;
#66 = FACE_OUTER_BOUND ( 'NONE', #4290, .T. ) ;
#67 = EDGE_LOOP ( 'NONE', ( #4744, #5173, #2360, #2781 ) ) ;
#68 = CARTESIAN_POINT ( 'NONE',  ( -18.30000000000001847, 5.500000000000016875, 9.000000000000000000 ) ) ;
#69 = DIRECTION ( 'NONE',  ( -0.7071067811865474617, 8.659560562354932858E-17, 0.7071067811865474617 ) ) ;
#70 = VERTEX_POINT ( 'NONE', #3632 ) ;
#71 = CARTESIAN_POINT ( 'NONE',  ( -17.30000000000001137, 22.00000000000000000, 1.499999999999999556 ) ) ;
#72 = ORIENTED_EDGE ( 'NONE', *, *, #557, .F. ) ;
#73 = DIRECTION ( 'NONE',  ( -0.5000000000000024425, -0.7071067811865475727, 0.4999999999999975020 ) ) ;
#74 = CC_DESIGN_PERSON_AND_ORGANIZATION_ASSIGNMENT ( #2864, #2425, ( #1947 ) ) ;
#75 = LINE ( 'NONE', #435, #2455 ) ;
#76 = FACE_OUTER_BOUND ( 'NONE', #4996, .T. ) ;
#77 = EDGE_CURVE ( 'NONE', #737, #1937, #3970, .T. ) ;
#78 = EDGE_CURVE ( 'NONE', #3119, #1032, #3546, .T. ) ;
#79 = EDGE_CURVE ( 'NONE', #1615, #1059, #4061, .T. ) ;
#80 = ORIENTED_EDGE ( 'NONE', *, *, #1249, .T. ) ;
#81 = DIRECTION ( 'NONE',  ( -0.6546536707079770867, 0.3779644730092279747, -0.6546536707079767536 ) ) ;
#82 = ORIENTED_EDGE ( 'NONE', *, *, #5246, .T. ) ;
#83 = LINE ( 'NONE', #499, #3327 ) ;
#84 = ORIENTED_EDGE ( 'NONE', *, *, #3698, .T. ) ;
#85 = CARTESIAN_POINT ( 'NONE',  ( -3.800490914623167349, 3.027997927978344439, 9.108768029631892915 ) ) ;
#86 = ADVANCED_FACE ( 'NONE', ( #3662 ), #5315, .F. ) ;
#87 = DIRECTION ( 'NONE',  ( -1.734723475976808672E-15, 0.000000000000000000, 1.000000000000000000 ) ) ;
#88 = DIRECTION ( 'NONE',  ( 0.8654978445076764171, -0.4996954135095479921, -0.03489949670250101083 ) ) ;
#89 = ORIENTED_EDGE ( 'NONE', *, *, #976, .T. ) ;
#90 = FACE_OUTER_BOUND ( 'NONE', #4618, .T. ) ;
#91 = CONICAL_SURFACE ( 'NONE', #5210, 5.947252701995559221, 0.7853981633974482790 ) ;
#92 = ORIENTED_EDGE ( 'NONE', *, *, #5328, .F. ) ;
#93 = CIRCLE ( 'NONE', #3732, 0.9999999999999940048 ) ;
#94 = CARTESIAN_POINT ( 'NONE',  ( -11.50000000000006217, 3.377108889587923102, 8.733333333333328952 ) ) ;
#95 = CIRCLE ( 'NONE', #1828, 2.499999999999986677 ) ;
#96 = CARTESIAN_POINT ( 'NONE',  ( -18.80000000000001847, 5.500000000000016875, 9.000000000000000000 ) ) ;
#97 = CARTESIAN_POINT ( 'NONE',  ( -5.458578643762755256, 0.000000000000000000, 26.26998896272976936 ) ) ;
#98 = ORIENTED_EDGE ( 'NONE', *, *, #614, .T. ) ;
#99 = VECTOR ( 'NONE', #5351, 1000.000000000000114 ) ;
#100 = AXIS2_PLACEMENT_3D ( 'NONE', #2671, #5140, #566 ) ;
#101 = CARTESIAN_POINT ( 'NONE',  ( 7.699999999999998401, 21.50000000000000355, 6.999999999999999112 ) ) ;
#102 = ORIENTED_EDGE ( 'NONE', *, *, #4317, .F. ) ;
#103 = CARTESIAN_POINT ( 'NONE',  ( 8.500000000000063949, 0.5000000000000073275, 12.00000000000000000 ) ) ;
#104 = CIRCLE ( 'NONE', #5302, 1.000000000000000888 ) ;
#105 = AXIS2_PLACEMENT_3D ( 'NONE', #2810, #333, #2419 ) ;
#106 = CARTESIAN_POINT ( 'NONE',  ( -18.80000000000000071, 0.5000000000000075495, 8.499999999999991118 ) ) ;
#107 = CARTESIAN_POINT ( 'NONE',  ( -4.667318560295187879, 3.500000000000008882, 8.934891614633029278 ) ) ;
#108 = CIRCLE ( 'NONE', #1578, 3.499999999999985789 ) ;
#109 = AXIS2_PLACEMENT_3D ( 'NONE', #971, #213, #1509 ) ;
#110 = ADVANCED_FACE ( 'NONE', ( #55 ), #3366, .T. ) ;
#111 = VERTEX_POINT ( 'NONE', #4558 ) ;
#112 = CARTESIAN_POINT ( 'NONE',  ( -7.951471862576197758, 0.000000000000000000, 24.56998896272977007 ) ) ;
#113 = ORIENTED_EDGE ( 'NONE', *, *, #2072, .T. ) ;
#114 = CARTESIAN_POINT ( 'NONE',  ( 10.86978124851988525, 3.532563908932954799, 8.634001224067430869 ) ) ;
#115 = EDGE_LOOP ( 'NONE', ( #4238, #4428, #3022, #2951, #2468, #2421 ) ) ;
#116 = EDGE_CURVE ( 'NONE', #2073, #685, #4612, .T. ) ;
#117 = CARTESIAN_POINT ( 'NONE',  ( -8.305025253169475263, 3.500000000000000000, 24.92354235332303958 ) ) ;
#118 = ADVANCED_FACE ( 'NONE', ( #3715 ), #4676, .F. ) ;
#119 = VECTOR ( 'NONE', #2390, 1000.000000000000000 ) ;
#120 = ORIENTED_EDGE ( 'NONE', *, *, #2362, .T. ) ;
#121 = DIRECTION ( 'NONE',  ( 0.000000000000000000, -1.000000000000000000, 0.000000000000000000 ) ) ;
#122 = VERTEX_POINT ( 'NONE', #2849 ) ;
#123 = AXIS2_PLACEMENT_3D ( 'NONE', #1084, #625, #3872 ) ;
#124 = CARTESIAN_POINT ( 'NONE',  ( 9.954763739086908814, 2.999999999999992006, 9.428571428571439483 ) ) ;
#125 = ORIENTED_EDGE ( 'NONE', *, *, #3395, .T. ) ;
#126 = EDGE_CURVE ( 'NONE', #2531, #1917, #4581, .T. ) ;
#127 = FACE_OUTER_BOUND ( 'NONE', #3702, .T. ) ;
#128 = ADVANCED_FACE ( 'NONE', ( #4993 ), #2068, .T. ) ;
#129 = APPROVAL_PERSON_ORGANIZATION ( #5191, #5206, #2245 ) ;
#130 = DIRECTION ( 'NONE',  ( -0.000000000000000000, 0.000000000000000000, 1.000000000000000000 ) ) ;
#131 = CARTESIAN_POINT ( 'NONE',  ( -4.427919531590617908, 3.000017112004969011, 9.358085052303213303 ) ) ;
#132 = ORIENTED_EDGE ( 'NONE', *, *, #2432, .F. ) ;
#133 = CARTESIAN_POINT ( 'NONE',  ( 7.951471862576203087, 3.500000000000000000, 24.56998896272977007 ) ) ;
#134 = ORIENTED_EDGE ( 'NONE', *, *, #5084, .T. ) ;
#135 = DIRECTION ( 'NONE',  ( 0.000000000000000000, 0.000000000000000000, 1.000000000000000000 ) ) ;
#136 = DIRECTION ( 'NONE',  ( -0.4999999999999999445, 0.8660254037844387076, 9.104936962043387881E-17 ) ) ;
#137 = DIRECTION ( 'NONE',  ( 0.000000000000000000, 0.000000000000000000, 1.000000000000000000 ) ) ;
#138 = ORIENTED_EDGE ( 'NONE', *, *, #1144, .T. ) ;
#139 = DIRECTION ( 'NONE',  ( -0.7071067811865482389, 0.000000000000000000, 0.7071067811865469066 ) ) ;
#140 = ORIENTED_EDGE ( 'NONE', *, *, #648, .F. ) ;
#141 = DIRECTION ( 'NONE',  ( -0.7071067811865441310, -0.000000000000000000, -0.7071067811865510144 ) ) ;
#142 = ORIENTED_EDGE ( 'NONE', *, *, #5046, .F. ) ;
#143 = B_SPLINE_CURVE_WITH_KNOTS ( 'NONE', 3,
 ( #1727, #107, #4288, #3920, #3871, #3063, #3892, #2989 ),
 .UNSPECIFIED., .F., .F.,
 ( 4, 2, 2, 4 ),
 ( 0.000000000000000000, 0.2499999999999998335, 0.4999999999999996669, 1.000000000000000000 ),
 .UNSPECIFIED. ) ;
#144 = LINE ( 'NONE', #3018, #3478 ) ;
#145 = PRODUCT_DEFINITION_SHAPE ( 'NONE', 'NONE',  #4985 ) ;
#146 = EDGE_CURVE ( 'NONE', #1970, #3321, #4096, .T. ) ;
#147 = ORIENTED_EDGE ( 'NONE', *, *, #5218, .T. ) ;
#148 = DIRECTION ( 'NONE',  ( 0.5000000000000014433, -0.7071067811865454633, 0.5000000000000014433 ) ) ;
#149 = ORIENTED_EDGE ( 'NONE', *, *, #3945, .F. ) ;
#150 = CARTESIAN_POINT ( 'NONE',  ( 11.16307073611869960, 3.046245655027559618, 9.018209214546445196 ) ) ;
#151 = VERTEX_POINT ( 'NONE', #410 ) ;
#152 = CARTESIAN_POINT ( 'NONE',  ( -6.974873734152972737, 0.000000000000000000, 20.94658709115297768 ) ) ;
#153 = ADVANCED_FACE ( 'NONE', ( #76 ), #1273, .T. ) ;
#154 = EDGE_CURVE ( 'NONE', #2501, #2640, #4500, .T. ) ;
#155 = DIRECTION ( 'NONE',  ( 0.000000000000000000, 0.000000000000000000, 1.000000000000000000 ) ) ;
#156 = CARTESIAN_POINT ( 'NONE',  ( -2.197058360345384820, 3.194583292687821263, 8.882364859134048274 ) ) ;
#157 = ORIENTED_EDGE ( 'NONE', *, *, #3762, .F. ) ;
#158 = CARTESIAN_POINT ( 'NONE',  ( -6.000000000000062172, 2.999999999999992895, 18.47171335700006978 ) ) ;
#159 = LINE ( 'NONE', #570, #624 ) ;
#160 = DIRECTION ( 'NONE',  ( -0.7071067811865474617, -0.7071067811865474617, 3.033185711008720850E-16 ) ) ;
#161 = DIRECTION ( 'NONE',  ( 0.000000000000000000, -0.000000000000000000, 1.000000000000000000 ) ) ;
#162 = DIRECTION ( 'NONE',  ( -0.2810846377148285558, 0.6785983445458476648, 0.6785983445458430019 ) ) ;
#163 = B_SPLINE_CURVE_WITH_KNOTS ( 'NONE', 1,
 ( #1536, #3629 ),
 .UNSPECIFIED., .F., .F.,
 ( 2, 2 ),
 ( 0.000000000000000000, 1.000000000000000000 ),
 .UNSPECIFIED. ) ;
#164 = LINE ( 'NONE', #3521, #5230 ) ;
#165 = ORIENTED_EDGE ( 'NONE', *, *, #1770, .F. ) ;
#166 = DIRECTION ( 'NONE',  ( -0.000000000000000000, -1.000000000000000000, -0.000000000000000000 ) ) ;
#167 = EDGE_LOOP ( 'NONE', ( #4129, #273, #3600, #5331 ) ) ;
#168 = CARTESIAN_POINT ( 'NONE',  ( -8.000000000000055067, 0.000000000000000000, 12.00000000000000000 ) ) ;
#169 = CARTESIAN_POINT ( 'NONE',  ( -3.000000000000060396, 3.500000000000000000, 9.000000000000001776 ) ) ;
#170 = EDGE_LOOP ( 'NONE', ( #4138, #801, #3451, #1239 ) ) ;
#171 = CARTESIAN_POINT ( 'NONE',  ( -18.80000000000001137, 22.00000000000000000, 9.000000000000000000 ) ) ;
#172 = ORIENTED_EDGE ( 'NONE', *, *, #1174, .T. ) ;
#173 = CARTESIAN_POINT ( 'NONE',  ( 11.42135373800964437, 3.540408870865727309, 8.600000518777283887 ) ) ;
#174 = EDGE_LOOP ( 'NONE', ( #4047, #1710, #3822 ) ) ;
#175 = CARTESIAN_POINT ( 'NONE',  ( 2.100000000000000089, 7.000000000000000000, 0.5000000000000125455 ) ) ;
#176 = ADVANCED_FACE ( 'NONE', ( #2524 ), #4415, .T. ) ;
#177 = CARTESIAN_POINT ( 'NONE',  ( 4.958578643762747262, 0.5000000000000073275, 22.26998896272976580 ) ) ;
#178 = CARTESIAN_POINT ( 'NONE',  ( -4.802775637732070280, 3.500000000000008882, 9.000000000000001776 ) ) ;
#179 = VERTEX_POINT ( 'NONE', #1651 ) ;
#180 = EDGE_CURVE ( 'NONE', #59, #1069, #3773, .T. ) ;
#181 = DIRECTION ( 'NONE',  ( -1.734723475976810299E-16, 0.5000000000000006661, -0.8660254037844382635 ) ) ;
#182 = EDGE_CURVE ( 'NONE', #111, #2830, #2087, .T. ) ;
#183 = VECTOR ( 'NONE', #5207, 999.9999999999998863 ) ;
#184 = VECTOR ( 'NONE', #1477, 1000.000000000000000 ) ;
#185 = DIRECTION ( 'NONE',  ( 0.000000000000000000, -0.7071067811865474617, 0.7071067811865474617 ) ) ;
#186 = LINE ( 'NONE', #4583, #263 ) ;
#187 = VECTOR ( 'NONE', #318, 1000.000000000000000 ) ;
#188 = DIRECTION ( 'NONE',  ( 0.5773502691896290617, 0.5773502691896270633, -0.5773502691896210681 ) ) ;
#189 = AXIS2_PLACEMENT_3D ( 'NONE', #3909, #1883, #5186 ) ;
#190 = CARTESIAN_POINT ( 'NONE',  ( 17.30000000000000071, 0.5000000000000073275, 1.499999999999999556 ) ) ;
#191 = EDGE_CURVE ( 'NONE', #929, #2343, #4909, .T. ) ;
#192 = CARTESIAN_POINT ( 'NONE',  ( 10.14676311957948407, 3.003051987073753093, 9.322536504869276541 ) ) ;
#193 = CARTESIAN_POINT ( 'NONE',  ( -4.500000000000063061, 3.500000000000000000, 18.47171335700006978 ) ) ;
#194 = ORIENTED_EDGE ( 'NONE', *, *, #4791, .F. ) ;
#195 = VECTOR ( 'NONE', #1190, 999.9999999999998863 ) ;
#196 = CARTESIAN_POINT ( 'NONE',  ( 3.000000000000060840, 3.540408205773462935, 8.599999999999994316 ) ) ;
#197 = VECTOR ( 'NONE', #704, 1000.000000000000114 ) ;
#198 = EDGE_LOOP ( 'NONE', ( #1733, #140, #61, #4202 ) ) ;
#199 = CARTESIAN_POINT ( 'NONE',  ( 3.269546419322094444, 3.047833770976765777, 9.011370828766034791 ) ) ;
#200 = EDGE_LOOP ( 'NONE', ( #3623, #2396, #5332, #2152 ) ) ;
#201 = DIRECTION ( 'NONE',  ( 0.000000000000000000, 1.000000000000000000, 0.000000000000000000 ) ) ;
#202 = ORIENTED_EDGE ( 'NONE', *, *, #4125, .T. ) ;
#203 = CARTESIAN_POINT ( 'NONE',  ( 12.79999999999999538, 22.00000000000000355, 9.000000000000000000 ) ) ;
#204 = AXIS2_PLACEMENT_3D ( 'NONE', #2301, #5150, #1424 ) ;
#205 = VECTOR ( 'NONE', #908, 1000.000000000000000 ) ;
#206 = LINE ( 'NONE', #1014, #4774 ) ;
#207 = DIRECTION ( 'NONE',  ( 0.000000000000000000, 0.000000000000000000, 1.000000000000000000 ) ) ;
#208 = VERTEX_POINT ( 'NONE', #5013 ) ;
#209 = VECTOR ( 'NONE', #4032, 1000.000000000000000 ) ;
#210 = CARTESIAN_POINT ( 'NONE',  ( -17.30000000000000071, -8.184740763926936582E-15, 0.000000000000000000 ) ) ;
#211 = PLANE ( 'NONE',  #4860 ) ;
#212 = ADVANCED_FACE ( 'NONE', ( #4936 ), #436, .T. ) ;
#213 = DIRECTION ( 'NONE',  ( 0.000000000000000000, -1.000000000000000000, 0.000000000000000000 ) ) ;
#214 = DIRECTION ( 'NONE',  ( 0.4999999999999998890, -0.8660254037844385966, 0.000000000000000000 ) ) ;
#215 = ADVANCED_FACE ( 'NONE', ( #3747 ), #3691, .F. ) ;
#216 = EDGE_CURVE ( 'NONE', #441, #4660, #2151, .T. ) ;
#217 = LINE ( 'NONE', #2682, #2543 ) ;
#218 = ORIENTED_EDGE ( 'NONE', *, *, #3368, .T. ) ;
#219 = CARTESIAN_POINT ( 'NONE',  ( 7.207106781186605637, 0.000000000000000000, 22.26998896272976580 ) ) ;
#220 = DIRECTION ( 'NONE',  ( 4.731064025391292434E-16, -1.000000000000000000, 0.000000000000000000 ) ) ;
#221 = ORIENTED_EDGE ( 'NONE', *, *, #4533, .F. ) ;
#222 = CARTESIAN_POINT ( 'NONE',  ( 3.157269714081025302, 3.539972216555515860, 8.602118219688591694 ) ) ;
#223 = ORIENTED_EDGE ( 'NONE', *, *, #2695, .F. ) ;
#224 = CARTESIAN_POINT ( 'NONE',  ( -3.000000000000060840, 0.000000000000000000, 12.00000000000000000 ) ) ;
#225 = VERTEX_POINT ( 'NONE', #596 ) ;
#226 = DIRECTION ( 'NONE',  ( 1.000000000000000000, 0.000000000000000000, 0.000000000000000000 ) ) ;
#227 = CARTESIAN_POINT ( 'NONE',  ( 2.159107031748130456, 10.73968307796699051, 6.999999999999998224 ) ) ;
#228 = LINE ( 'NONE', #4787, #2349 ) ;
#229 = ORIENTED_EDGE ( 'NONE', *, *, #4134, .F. ) ;
#230 = CARTESIAN_POINT ( 'NONE',  ( 10.92941924862498837, 3.038334243532844869, 9.054746664171561932 ) ) ;
#231 = DIRECTION ( 'NONE',  ( -4.731064025391292434E-16, 1.000000000000000000, -0.000000000000000000 ) ) ;
#232 = LINE ( 'NONE', #2347, #1555 ) ;
#233 = DIRECTION ( 'NONE',  ( -1.000000000000000000, -0.000000000000000000, 0.000000000000000000 ) ) ;
#234 = DIRECTION ( 'NONE',  ( 0.000000000000000000, 1.000000000000000000, 0.000000000000000000 ) ) ;
#235 = LINE ( 'NONE', #3544, #3675 ) ;
#236 = CARTESIAN_POINT ( 'NONE',  ( -18.29999999999999361, 0.5000000000000073275, 9.000000000000000000 ) ) ;
#237 = CARTESIAN_POINT ( 'NONE',  ( 3.000000000000060396, 3.500000000000000000, 9.000000000000001776 ) ) ;
#238 = DIRECTION ( 'NONE',  ( -1.000000000000000000, 0.000000000000000000, 0.000000000000000000 ) ) ;
#239 = EDGE_CURVE ( 'NONE', #3836, #3117, #5094, .T. ) ;
#240 = FACE_OUTER_BOUND ( 'NONE', #1999, .T. ) ;
#241 = EDGE_CURVE ( 'NONE', #1059, #5214, #143, .T. ) ;
#242 = EDGE_CURVE ( 'NONE', #3321, #2754, #5070, .T. ) ;
#243 = CARTESIAN_POINT ( 'NONE',  ( -17.30000000000001137, 22.00000000000000000, 0.5000000000000004441 ) ) ;
#244 = ORIENTED_EDGE ( 'NONE', *, *, #5248, .F. ) ;
#245 = CARTESIAN_POINT ( 'NONE',  ( 3.510862341156689936, 3.534554959679033992, 8.629804328620112486 ) ) ;
#246 = ORIENTED_EDGE ( 'NONE', *, *, #5065, .F. ) ;
#247 = CARTESIAN_POINT ( 'NONE',  ( -8.199999999999992184, 15.80000000000000782, 5.500000000000000000 ) ) ;
#248 = ORIENTED_EDGE ( 'NONE', *, *, #2114, .F. ) ;
#249 = PLANE ( 'NONE',  #362 ) ;
#250 = EDGE_CURVE ( 'NONE', #4660, #3781, #3034, .T. ) ;
#251 = LINE ( 'NONE', #4404, #1481 ) ;
#252 = DIRECTION ( 'NONE',  ( 0.000000000000000000, 0.000000000000000000, -1.000000000000000000 ) ) ;
#253 = ORIENTED_EDGE ( 'NONE', *, *, #1606, .T. ) ;
#254 = AXIS2_PLACEMENT_3D ( 'NONE', #2041, #820, #2495 ) ;
#255 = CARTESIAN_POINT ( 'NONE',  ( 4.130151018507585370, 3.011742326842947293, 9.220811491672083804 ) ) ;
#256 = LINE ( 'NONE', #2733, #2181 ) ;
#257 = ORIENTED_EDGE ( 'NONE', *, *, #2544, .F. ) ;
#258 = DIRECTION ( 'NONE',  ( 0.000000000000000000, 0.000000000000000000, 1.000000000000000000 ) ) ;
#259 = CARTESIAN_POINT ( 'NONE',  ( -4.500000000000063061, 0.5000000000000073275, 18.47171335700006978 ) ) ;
#260 = AXIS2_PLACEMENT_3D ( 'NONE', #4834, #719, #2369 ) ;
#261 = AXIS2_PLACEMENT_3D ( 'NONE', #4333, #2277, #3391 ) ;
#262 = DIRECTION ( 'NONE',  ( 0.000000000000000000, 0.000000000000000000, -1.000000000000000000 ) ) ;
#263 = VECTOR ( 'NONE', #4286, 1000.000000000000000 ) ;
#264 = AXIS2_PLACEMENT_3D ( 'NONE', #2745, #2798, #1109 ) ;
#265 = DIRECTION ( 'NONE',  ( 1.000000000000000000, -4.731064025391292434E-16, -0.000000000000000000 ) ) ;
#266 = CARTESIAN_POINT ( 'NONE',  ( 11.50000000000006217, 3.377108889587911555, 8.733333333333327175 ) ) ;
#267 = DIRECTION ( 'NONE',  ( -0.7071067811865475727, -0.7071067811865475727, -0.000000000000000000 ) ) ;
#268 = AXIS2_PLACEMENT_3D ( 'NONE', #4677, #3082, #2627 ) ;
#269 = VECTOR ( 'NONE', #1551, 1000.000000000000114 ) ;
#270 = EDGE_CURVE ( 'NONE', #1665, #3321, #4230, .T. ) ;
#271 = FACE_OUTER_BOUND ( 'NONE', #3484, .T. ) ;
#272 = AXIS2_PLACEMENT_3D ( 'NONE', #4695, #1351, #2991 ) ;
#273 = ORIENTED_EDGE ( 'NONE', *, *, #2305, .T. ) ;
#274 = VECTOR ( 'NONE', #5001, 1000.000000000000000 ) ;
#275 = CARTESIAN_POINT ( 'NONE',  ( -8.500000000000063949, 3.500000000000000000, 12.00000000000000000 ) ) ;
#276 = ADVANCED_FACE ( 'NONE', ( #4718 ), #1788, .F. ) ;
#277 = EDGE_CURVE ( 'NONE', #1699, #4629, #547, .T. ) ;
#278 = ORIENTED_EDGE ( 'NONE', *, *, #242, .T. ) ;
#279 = CARTESIAN_POINT ( 'NONE',  ( -18.29999999999999361, 0.000000000000000000, 8.499999999999991118 ) ) ;
#280 = ORIENTED_EDGE ( 'NONE', *, *, #4093, .T. ) ;
#281 = DIRECTION ( 'NONE',  ( -0.000000000000000000, -0.000000000000000000, -1.000000000000000000 ) ) ;
#282 = VECTOR ( 'NONE', #2822, 1000.000000000000000 ) ;
#283 = LINE ( 'NONE', #1172, #5197 ) ;
#284 = CARTESIAN_POINT ( 'NONE',  ( -4.958578643762747262, 0.5000000000000073275, 22.26998896272976580 ) ) ;
#285 = EDGE_CURVE ( 'NONE', #3520, #2206, #2426, .T. ) ;
#286 = ADVANCED_FACE ( 'NONE', ( #1761 ), #5042, .T. ) ;
#287 = VERTEX_POINT ( 'NONE', #2202 ) ;
#288 = VECTOR ( 'NONE', #1530, 1000.000000000000000 ) ;
#289 = CARTESIAN_POINT ( 'NONE',  ( 11.06411739880396716, 3.043254240395620425, 9.031662636896935936 ) ) ;
#290 = VECTOR ( 'NONE', #1459, 1000.000000000000114 ) ;
#291 = CARTESIAN_POINT ( 'NONE',  ( 3.570325022377854207, 3.038374152609660594, 9.054488297081089598 ) ) ;
#292 = DIRECTION ( 'NONE',  ( -0.7071067811865482389, 0.000000000000000000, -0.7071067811865469066 ) ) ;
#293 = ORIENTED_EDGE ( 'NONE', *, *, #2172, .F. ) ;
#294 = CARTESIAN_POINT ( 'NONE',  ( -6.000000000000062172, 3.500000000000000000, 18.47171335700006978 ) ) ;
#295 = CARTESIAN_POINT ( 'NONE',  ( 8.000000000000049738, 3.500000000000000000, 12.00000000000000000 ) ) ;
#296 = VECTOR ( 'NONE', #3464, 1000.000000000000000 ) ;
#297 = DIRECTION ( 'NONE',  ( -9.912705577010289065E-16, 0.000000000000000000, 1.000000000000000000 ) ) ;
#298 = ORIENTED_EDGE ( 'NONE', *, *, #2149, .F. ) ;
#299 = CARTESIAN_POINT ( 'NONE',  ( -8.199999999999992184, 12.00000000000000355, 6.500000000000005329 ) ) ;
#300 = FACE_OUTER_BOUND ( 'NONE', #1747, .T. ) ;
#301 = EDGE_LOOP ( 'NONE', ( #4353, #4383, #2255, #4814 ) ) ;
#302 = DIRECTION ( 'NONE',  ( 4.731064025391292434E-16, 1.000000000000000000, 0.000000000000000000 ) ) ;
#303 = DIRECTION ( 'NONE',  ( -1.000000000000000000, 4.731064025391292434E-16, -0.000000000000000000 ) ) ;
#304 = VERTEX_POINT ( 'NONE', #1349 ) ;
#305 = CARTESIAN_POINT ( 'NONE',  ( 3.667868226547463806, 3.530627936042735282, 8.651265087369322870 ) ) ;
#306 = EDGE_LOOP ( 'NONE', ( #2228, #452, #2934, #583, #1626 ) ) ;
#307 = LINE ( 'NONE', #2690, #4535 ) ;
#308 = ORIENTED_EDGE ( 'NONE', *, *, #5246, .F. ) ;
#309 = DIRECTION ( 'NONE',  ( 0.4999999999999999445, -0.8660254037844387076, 0.000000000000000000 ) ) ;
#310 = CARTESIAN_POINT ( 'NONE',  ( 10.53582482265275821, 3.019838210787200605, 9.159148559276296453 ) ) ;
#311 = EDGE_CURVE ( 'NONE', #2785, #1108, #1650, .T. ) ;
#312 = LINE ( 'NONE', #4921, #2424 ) ;
#313 = CARTESIAN_POINT ( 'NONE',  ( -5.458578643762755256, 0.5000000000000073275, 26.26998896272976936 ) ) ;
#314 = ORIENTED_EDGE ( 'NONE', *, *, #1167, .T. ) ;
#315 = ADVANCED_FACE ( 'NONE', ( #3088 ), #1214, .T. ) ;
#316 = EDGE_CURVE ( 'NONE', #2168, #695, #4662, .T. ) ;
#317 = CARTESIAN_POINT ( 'NONE',  ( 3.568140186816898041, 5.712979152810936156, 6.826103249920990379 ) ) ;
#318 = DIRECTION ( 'NONE',  ( 3.469446951953616161E-16, -1.000000000000000000, -1.051347561198064958E-16 ) ) ;
#319 = VERTEX_POINT ( 'NONE', #972 ) ;
#320 = CARTESIAN_POINT ( 'NONE',  ( 17.30000000000001137, 21.50000000000000000, 1.499999999999999556 ) ) ;
#321 = DIRECTION ( 'NONE',  ( 1.000000000000000000, 0.000000000000000000, 0.000000000000000000 ) ) ;
#322 = ORIENTED_EDGE ( 'NONE', *, *, #380, .F. ) ;
#323 = CARTESIAN_POINT ( 'NONE',  ( -18.30000000000001847, 5.500000000000016875, 6.999999999999997335 ) ) ;
#324 = CYLINDRICAL_SURFACE ( 'NONE', #1145, 0.5999999999999998668 ) ;
#325 = DIRECTION ( 'NONE',  ( 0.7071067811865474617, 0.000000000000000000, -0.7071067811865474617 ) ) ;
#326 = FACE_BOUND ( 'NONE', #464, .T. ) ;
#327 = ORIENTED_EDGE ( 'NONE', *, *, #1872, .T. ) ;
#328 = CARTESIAN_POINT ( 'NONE',  ( 6.429289321881395125, 0.000000000000000000, 21.49217150342456151 ) ) ;
#329 = ORIENTED_EDGE ( 'NONE', *, *, #5056, .T. ) ;
#330 = CARTESIAN_POINT ( 'NONE',  ( -8.500000000000063949, 3.500000000000000000, 12.00000000000000000 ) ) ;
#331 = ORIENTED_EDGE ( 'NONE', *, *, #4464, .F. ) ;
#332 = DIRECTION ( 'NONE',  ( 0.5773502691896290617, 0.5773502691896280625, 0.5773502691896202910 ) ) ;
#333 = DIRECTION ( 'NONE',  ( 0.7071067811865475727, -0.7071067811865475727, 0.000000000000000000 ) ) ;
#334 = DIRECTION ( 'NONE',  ( 0.5000000000000003331, 0.7071067811865470176, 0.5000000000000003331 ) ) ;
#335 = ORIENTED_EDGE ( 'NONE', *, *, #182, .T. ) ;
#336 = EDGE_LOOP ( 'NONE', ( #2119, #2916, #2154, #756 ) ) ;
#337 = DATE_TIME_ROLE ( 'classification_date' ) ;
#338 = ADVANCED_FACE ( 'NONE', ( #4256 ), #2633, .F. ) ;
#339 = FACE_OUTER_BOUND ( 'NONE', #2990, .T. ) ;
#340 = CARTESIAN_POINT ( 'NONE',  ( -10.92754152011194968, 3.038284920053824223, 9.054926879322284350 ) ) ;
#341 = EDGE_LOOP ( 'NONE', ( #416, #954, #5156, #1500, #3319, #4231 ) ) ;
#342 = EDGE_CURVE ( 'NONE', #5075, #390, #3038, .T. ) ;
#343 = ADVANCED_FACE ( 'NONE', ( #1398 ), #1021, .T. ) ;
#344 = CARTESIAN_POINT ( 'NONE',  ( 9.697224362268045184, 3.500000000000000000, 9.000000000000000000 ) ) ;
#345 = CARTESIAN_POINT ( 'NONE',  ( -10.23461209690926665, 3.006013166076480392, 9.279875380106524574 ) ) ;
#346 = ORIENTED_EDGE ( 'NONE', *, *, #2635, .F. ) ;
#347 = FACE_OUTER_BOUND ( 'NONE', #4711, .T. ) ;
#348 = LINE ( 'NONE', #4034, #718 ) ;
#349 = AXIS2_PLACEMENT_3D ( 'NONE', #2328, #4450, #238 ) ;
#350 = ADVANCED_FACE ( 'NONE', ( #2302 ), #1533, .T. ) ;
#351 = CARTESIAN_POINT ( 'NONE',  ( -3.000000000000060396, 3.500000000000000000, 9.000000000000001776 ) ) ;
#352 = DIRECTION ( 'NONE',  ( -0.7071067811865456854, -0.7071067811865493491, 0.000000000000000000 ) ) ;
#353 = AXIS2_PLACEMENT_3D ( 'NONE', #412, #3609, #387 ) ;
#354 = VECTOR ( 'NONE', #3943, 1000.000000000000000 ) ;
#355 = CARTESIAN_POINT ( 'NONE',  ( -6.000000000000060396, 2.999999999999992895, 12.00000000000000000 ) ) ;
#356 = ORIENTED_EDGE ( 'NONE', *, *, #3526, .F. ) ;
#357 = DIRECTION ( 'NONE',  ( -0.7071067811865427988, -2.453269466693382351E-16, 0.7071067811865523467 ) ) ;
#358 = ORIENTED_EDGE ( 'NONE', *, *, #1071, .T. ) ;
#359 = CARTESIAN_POINT ( 'NONE',  ( -18.80000000000001847, 3.540408205773473593, 8.599999999999996092 ) ) ;
#360 = VECTOR ( 'NONE', #1344, 1000.000000000000000 ) ;
#361 = ORIENTED_EDGE ( 'NONE', *, *, #4269, .T. ) ;
#362 = AXIS2_PLACEMENT_3D ( 'NONE', #636, #3156, #2292 ) ;
#363 = CARTESIAN_POINT ( 'NONE',  ( -18.29999999999999361, 0.000000000000000000, 8.499999999999991118 ) ) ;
#364 = AXIS2_PLACEMENT_3D ( 'NONE', #4262, #4232, #4181 ) ;
#365 = VECTOR ( 'NONE', #2593, 1000.000000000000000 ) ;
#366 = CARTESIAN_POINT ( 'NONE',  ( 8.199999999999992184, 20.00000000000000000, 5.500000000000000000 ) ) ;
#367 = DIRECTION ( 'NONE',  ( 0.000000000000000000, 1.000000000000000000, 0.000000000000000000 ) ) ;
#368 = ORIENTED_EDGE ( 'NONE', *, *, #556, .T. ) ;
#369 = VERTEX_POINT ( 'NONE', #4411 ) ;
#370 = AXIS2_PLACEMENT_3D ( 'NONE', #1024, #3474, #3070 ) ;
#371 = CIRCLE ( 'NONE', #4185, 1.500000000000001332 ) ;
#372 = DIRECTION ( 'NONE',  ( 0.000000000000000000, 1.000000000000000000, 0.000000000000000000 ) ) ;
#373 = CARTESIAN_POINT ( 'NONE',  ( -3.437882006723108841, 3.043193699598265134, 9.031933209238202309 ) ) ;
#374 = EDGE_LOOP ( 'NONE', ( #4320, #2034, #2652, #3861 ) ) ;
#375 = DIRECTION ( 'NONE',  ( 0.2810846377148207842, 0.6785983445458468877, -0.6785983445458468877 ) ) ;
#376 = CARTESIAN_POINT ( 'NONE',  ( -10.73423275855445347, 3.029692933845034464, 9.099118859550442195 ) ) ;
#377 = VECTOR ( 'NONE', #2641, 1000.000000000000000 ) ;
#378 = VERTEX_POINT ( 'NONE', #3626 ) ;
#379 = PLANE ( 'NONE',  #1155 ) ;
#380 = EDGE_CURVE ( 'NONE', #3711, #2578, #5196, .T. ) ;
#381 = DIRECTION ( 'NONE',  ( 0.000000000000000000, -0.7071067811865474617, 0.7071067811865474617 ) ) ;
#382 = VECTOR ( 'NONE', #4059, 1000.000000000000000 ) ;
#383 = LINE ( 'NONE', #2409, #5131 ) ;
#384 = DIRECTION ( 'NONE',  ( -1.000000000000000000, 4.731064025391292434E-16, 0.000000000000000000 ) ) ;
#385 = EDGE_CURVE ( 'NONE', #1032, #2785, #1154, .T. ) ;
#386 = EDGE_CURVE ( 'NONE', #1197, #3687, #4852, .T. ) ;
#387 = DIRECTION ( 'NONE',  ( 0.000000000000000000, 0.000000000000000000, -1.000000000000000000 ) ) ;
#388 = VERTEX_POINT ( 'NONE', #2352 ) ;
#389 = DIRECTION ( 'NONE',  ( -0.000000000000000000, -0.7071067811865475727, 0.7071067811865475727 ) ) ;
#390 = VERTEX_POINT ( 'NONE', #1510 ) ;
#391 = CC_DESIGN_APPROVAL ( #4582, ( #1947 ) ) ;
#392 = CARTESIAN_POINT ( 'NONE',  ( -8.278651604167226452, 3.500000000000000000, 19.64280922113871242 ) ) ;
#393 = ORIENTED_EDGE ( 'NONE', *, *, #582, .F. ) ;
#394 = DIRECTION ( 'NONE',  ( 0.5773502691896291728, 0.5773502691896270633, -0.5773502691896209571 ) ) ;
#395 = CARTESIAN_POINT ( 'NONE',  ( 10.51550553186856085, 3.018819357574807238, 9.166136827397846076 ) ) ;
#396 = FACE_OUTER_BOUND ( 'NONE', #1641, .T. ) ;
#397 = CARTESIAN_POINT ( 'NONE',  ( -7.699999999999998401, 21.50000000000000355, 6.999999999999999112 ) ) ;
#398 = ORIENTED_EDGE ( 'NONE', *, *, #4289, .T. ) ;
#399 = DIRECTION ( 'NONE',  ( 0.000000000000000000, 0.000000000000000000, 1.000000000000000000 ) ) ;
#400 = ORIENTED_EDGE ( 'NONE', *, *, #1070, .F. ) ;
#401 = CARTESIAN_POINT ( 'NONE',  ( 3.998452337828714231, 3.018122022019158912, 9.171024808583393195 ) ) ;
#402 = FACE_OUTER_BOUND ( 'NONE', #1588, .T. ) ;
#403 = ORIENTED_EDGE ( 'NONE', *, *, #2607, .F. ) ;
#404 = CARTESIAN_POINT ( 'NONE',  ( -3.452188659711828755, 5.500000000000009770, 6.999999999999997335 ) ) ;
#405 = CARTESIAN_POINT ( 'NONE',  ( -9.954763739086915919, 3.000000000000003553, 9.428571428571434154 ) ) ;
#406 = EDGE_LOOP ( 'NONE', ( #4292, #1519, #1426, #809 ) ) ;
#407 = PLANE ( 'NONE',  #912 ) ;
#408 = PLANE ( 'NONE',  #4162 ) ;
#409 = CARTESIAN_POINT ( 'NONE',  ( 0.000000000000000000, 7.000000000000000000, 2.499999999999994227 ) ) ;
#410 = CARTESIAN_POINT ( 'NONE',  ( 5.458578643762755256, 0.5000000000000073275, 26.26998896272976936 ) ) ;
#411 = PRODUCT_RELATED_PRODUCT_CATEGORY ( 'detail', '', ( #2571 ) ) ;
#412 = CARTESIAN_POINT ( 'NONE',  ( 7.207106781186605637, 0.000000000000000000, 22.26998896272976580 ) ) ;
#413 = EDGE_CURVE ( 'NONE', #3094, #4388, #2818, .T. ) ;
#414 = ORIENTED_EDGE ( 'NONE', *, *, #2768, .T. ) ;
#415 = DIRECTION ( 'NONE',  ( 0.000000000000000000, 0.000000000000000000, 1.000000000000000000 ) ) ;
#416 = ORIENTED_EDGE ( 'NONE', *, *, #947, .F. ) ;
#417 = DIRECTION ( 'NONE',  ( 1.000000000000000000, 0.000000000000000000, 2.168404344971006896E-16 ) ) ;
#418 = ORIENTED_EDGE ( 'NONE', *, *, #1770, .T. ) ;
#419 = EDGE_CURVE ( 'NONE', #1108, #1372, #4163, .T. ) ;
#420 = CARTESIAN_POINT ( 'NONE',  ( -3.588089305862343537, 3.037625773399214690, 9.058192634726287551 ) ) ;
#421 = EDGE_CURVE ( 'NONE', #3693, #3684, #3108, .T. ) ;
#422 = CARTESIAN_POINT ( 'NONE',  ( -10.90583134575830471, 0.000000000000000000, 22.26998896272976580 ) ) ;
#423 = EDGE_LOOP ( 'NONE', ( #1576, #987, #4218 ) ) ;
#424 = DIRECTION ( 'NONE',  ( -0.7071067811865475727, 0.000000000000000000, 0.7071067811865475727 ) ) ;
#425 = EDGE_LOOP ( 'NONE', ( #2938, #82, #5271 ) ) ;
#426 = EDGE_CURVE ( 'NONE', #3628, #378, #5276, .T. ) ;
#427 = COORDINATED_UNIVERSAL_TIME_OFFSET ( 1, 0, .AHEAD. ) ;
#428 = DIRECTION ( 'NONE',  ( -0.000000000000000000, -0.000000000000000000, -1.000000000000000000 ) ) ;
#429 = DIRECTION ( 'NONE',  ( 0.000000000000000000, 0.000000000000000000, -1.000000000000000000 ) ) ;
#430 = ORIENTED_EDGE ( 'NONE', *, *, #4324, .T. ) ;
#431 = CARTESIAN_POINT ( 'NONE',  ( -10.50154766214428292, 3.018122022017815542, 9.171024808592941113 ) ) ;
#432 = ORIENTED_EDGE ( 'NONE', *, *, #5121, .F. ) ;
#433 = DIRECTION ( 'NONE',  ( 1.340235097171338465E-16, 0.000000000000000000, 1.000000000000000000 ) ) ;
#434 = CARTESIAN_POINT ( 'NONE',  ( -8.000000000000053291, 0.000000000000000000, 18.47171335700006978 ) ) ;
#435 = CARTESIAN_POINT ( 'NONE',  ( -6.782842712474677072, 3.500000000000000000, 21.84572489401783457 ) ) ;
#436 = PLANE ( 'NONE',  #2777 ) ;
#437 = AXIS2_PLACEMENT_3D ( 'NONE', #901, #2556, #4207 ) ;
#438 = CARTESIAN_POINT ( 'NONE',  ( 8.199999999999992184, 22.00000000000000355, 0.4999999999999935052 ) ) ;
#439 = ORIENTED_EDGE ( 'NONE', *, *, #4588, .T. ) ;
#440 = DIRECTION ( 'NONE',  ( 0.000000000000000000, -1.000000000000000000, 0.000000000000000000 ) ) ;
#441 = VERTEX_POINT ( 'NONE', #3140 ) ;
#442 = CARTESIAN_POINT ( 'NONE',  ( -5.458578643762755256, 0.5000000000000073275, 26.26998896272976936 ) ) ;
#443 = ORIENTED_EDGE ( 'NONE', *, *, #3032, .T. ) ;
#444 = CARTESIAN_POINT ( 'NONE',  ( -3.283466771270105333, 3.047427307284600317, 9.013074109489206620 ) ) ;
#445 = AXIS2_PLACEMENT_3D ( 'NONE', #5188, #1463, #4786 ) ;
#446 = VECTOR ( 'NONE', #5307, 1000.000000000000114 ) ;
#447 = EDGE_CURVE ( 'NONE', #2336, #1795, #1446, .T. ) ;
#448 = AXIS2_PLACEMENT_3D ( 'NONE', #904, #3516, #4178 ) ;
#449 = DIRECTION ( 'NONE',  ( 0.000000000000000000, -0.7071067811865474617, -0.7071067811865474617 ) ) ;
#450 = AXIS2_PLACEMENT_3D ( 'NONE', #2309, #953, #2211 ) ;
#451 = DIRECTION ( 'NONE',  ( 0.000000000000000000, 1.000000000000000000, 1.051347561198064958E-16 ) ) ;
#452 = ORIENTED_EDGE ( 'NONE', *, *, #4790, .F. ) ;
#453 = CARTESIAN_POINT ( 'NONE',  ( -18.80000000000001137, 21.50000000000000000, 6.999999999999999112 ) ) ;
#454 = ORIENTED_EDGE ( 'NONE', *, *, #3792, .F. ) ;
#455 = CONICAL_SURFACE ( 'NONE', #3218, 3.500000000000006661, 0.7853981633974473908 ) ;
#456 = VECTOR ( 'NONE', #3215, 1000.000000000000114 ) ;
#457 = ADVANCED_FACE ( 'NONE', ( #1079 ), #4763, .F. ) ;
#458 = EDGE_CURVE ( 'NONE', #1634, #3094, #2325, .T. ) ;
#459 = CARTESIAN_POINT ( 'NONE',  ( 8.305025253169475263, 2.999999999999990230, 24.92354235332303958 ) ) ;
#460 = DIRECTION ( 'NONE',  ( 0.7071067811865474617, -0.7071067811865474617, 3.033185711008720850E-16 ) ) ;
#461 = ORIENTED_EDGE ( 'NONE', *, *, #4294, .T. ) ;
#462 = AXIS2_PLACEMENT_3D ( 'NONE', #1711, #950, #139 ) ;
#463 = CARTESIAN_POINT ( 'NONE',  ( -10.67535500795464465, 3.026813865950034543, 9.115551260260080113 ) ) ;
#464 = EDGE_LOOP ( 'NONE', ( #1904, #2715, #3079, #3349 ) ) ;
#465 = AXIS2_PLACEMENT_3D ( 'NONE', #1404, #2327, #4802 ) ;
#466 = CARTESIAN_POINT ( 'NONE',  ( 6.000000000000061284, 0.5000000000000073275, 12.00000000000000000 ) ) ;
#467 = DIRECTION ( 'NONE',  ( 0.000000000000000000, 1.000000000000000000, 0.000000000000000000 ) ) ;
#468 = CARTESIAN_POINT ( 'NONE',  ( 2.879225650342889242, 4.507598956915449762, 6.999999999999998224 ) ) ;
#469 = CARTESIAN_POINT ( 'NONE',  ( 7.951471862576203087, 2.999999999999990230, 24.56998896272977007 ) ) ;
#470 = AXIS2_PLACEMENT_3D ( 'NONE', #3703, #4981, #2787 ) ;
#471 = VECTOR ( 'NONE', #2854, 1000.000000000000000 ) ;
#472 = DIRECTION ( 'NONE',  ( -3.469446951953616161E-16, 1.000000000000000000, 1.051347561198064958E-16 ) ) ;
#473 = ORIENTED_EDGE ( 'NONE', *, *, #3128, .T. ) ;
#474 = DIRECTION ( 'NONE',  ( 0.000000000000000000, 0.000000000000000000, 1.000000000000000000 ) ) ;
#475 = EDGE_LOOP ( 'NONE', ( #2884, #4548, #4492 ) ) ;
#476 = DIRECTION ( 'NONE',  ( 2.168404344971006896E-16, 0.000000000000000000, 1.000000000000000000 ) ) ;
#477 = EDGE_LOOP ( 'NONE', ( #2266, #57, #1980, #2458, #585, #2460 ) ) ;
#478 = CARTESIAN_POINT ( 'NONE',  ( 7.699999999999998401, 22.00000000000002487, 6.999999999999999112 ) ) ;
#479 = CC_DESIGN_APPROVAL ( #5206, ( #4985 ) ) ;
#480 = CARTESIAN_POINT ( 'NONE',  ( 2.078460969082653431, 3.399999999999999467, 2.999999999999999112 ) ) ;
#481 = ORIENTED_EDGE ( 'NONE', *, *, #3404, .T. ) ;
#482 = CARTESIAN_POINT ( 'NONE',  ( -5.208578643762751703, 2.999999999999992895, 26.01998896272976580 ) ) ;
#483 = ORIENTED_EDGE ( 'NONE', *, *, #2217, .T. ) ;
#484 = EDGE_CURVE ( 'NONE', #487, #2945, #3999, .T. ) ;
#485 = CARTESIAN_POINT ( 'NONE',  ( -4.958578643762747262, 2.999999999999992895, 22.26998896272976580 ) ) ;
#486 = CARTESIAN_POINT ( 'NONE',  ( -11.23045358067803434, 3.047833770976772438, 9.011370828766034791 ) ) ;
#487 = VERTEX_POINT ( 'NONE', #3576 ) ;
#488 = EDGE_CURVE ( 'NONE', #1610, #2168, #2789, .T. ) ;
#489 = EDGE_CURVE ( 'NONE', #2206, #3091, #3967, .T. ) ;
#490 = FACE_OUTER_BOUND ( 'NONE', #4472, .T. ) ;
#491 = EDGE_CURVE ( 'NONE', #2486, #2914, #4470, .T. ) ;
#492 = ORIENTED_EDGE ( 'NONE', *, *, #1526, .T. ) ;
#493 = CARTESIAN_POINT ( 'NONE',  ( 2.078460969082652987, 10.73968307796699051, 6.999999999999998224 ) ) ;
#494 = FACE_OUTER_BOUND ( 'NONE', #5362, .T. ) ;
#495 = DIRECTION ( 'NONE',  ( 0.7071067811865474617, 0.000000000000000000, 0.7071067811865474617 ) ) ;
#496 = VERTEX_POINT ( 'NONE', #4029 ) ;
#497 = CARTESIAN_POINT ( 'NONE',  ( -7.951471862576203087, 0.5000000000000073275, 24.56998896272977007 ) ) ;
#498 = ORIENTED_EDGE ( 'NONE', *, *, #4356, .T. ) ;
#499 = CARTESIAN_POINT ( 'NONE',  ( 5.458578643762754368, 0.2500000000000027200, 26.01998896272976580 ) ) ;
#500 = VERTEX_POINT ( 'NONE', #3220 ) ;
#501 = PLANE ( 'NONE',  #4769 ) ;
#502 = DIRECTION ( 'NONE',  ( 3.469446951953614682E-16, -1.000000000000000000, 0.000000000000000000 ) ) ;
#503 = CARTESIAN_POINT ( 'NONE',  ( -6.782842712474676183, 0.5000000000000073275, 22.69425303144169348 ) ) ;
#504 = ORIENTED_EDGE ( 'NONE', *, *, #1905, .F. ) ;
#505 = CARTESIAN_POINT ( 'NONE',  ( 10.41217375785622501, 3.517132636305698501, 8.737936458200008971 ) ) ;
#506 = EDGE_LOOP ( 'NONE', ( #2748, #5241, #4078 ) ) ;
#507 = DIRECTION ( 'NONE',  ( -0.000000000000000000, -0.7071067811865475727, -0.7071067811865475727 ) ) ;
#508 = CARTESIAN_POINT ( 'NONE',  ( -2.078460969082650323, 3.194583292687821263, 8.882364859134048274 ) ) ;
#509 = CARTESIAN_POINT ( 'NONE',  ( 8.199999999999993960, 15.80000000000000071, 0.4999999999999935052 ) ) ;
#510 = EDGE_LOOP ( 'NONE', ( #49, #3421, #1350, #1313 ) ) ;
#511 = DIRECTION ( 'NONE',  ( 0.000000000000000000, 1.000000000000000000, 0.000000000000000000 ) ) ;
#512 = ORIENTED_EDGE ( 'NONE', *, *, #5121, .T. ) ;
#513 = EDGE_CURVE ( 'NONE', #3798, #3455, #4875, .T. ) ;
#514 = EDGE_CURVE ( 'NONE', #3056, #3834, #3270, .T. ) ;
#515 = EDGE_CURVE ( 'NONE', #496, #725, #1867, .T. ) ;
#516 = DIRECTION ( 'NONE',  ( 1.000000000000000000, -1.734723475976781456E-15, 0.000000000000000000 ) ) ;
#517 = CARTESIAN_POINT ( 'NONE',  ( -7.703408884202851858, 2.298179268136069542, 28.06816823086581536 ) ) ;
#518 = EDGE_CURVE ( 'NONE', #3198, #2785, #938, .T. ) ;
#519 = EDGE_CURVE ( 'NONE', #3432, #5335, #4630, .T. ) ;
#520 = ORIENTED_EDGE ( 'NONE', *, *, #2805, .F. ) ;
#521 = LINE ( 'NONE', #2584, #5297 ) ;
#522 = ORIENTED_EDGE ( 'NONE', *, *, #2183, .T. ) ;
#523 = CARTESIAN_POINT ( 'NONE',  ( 10.40947799637015514, 3.517155824744165216, 8.736335543240416612 ) ) ;
#524 = CARTESIAN_POINT ( 'NONE',  ( -3.739586924853365968, 3.030924315382236944, 9.092493249144062872 ) ) ;
#525 = EDGE_LOOP ( 'NONE', ( #98, #1231, #3375, #4902 ) ) ;
#526 = FACE_OUTER_BOUND ( 'NONE', #3932, .T. ) ;
#527 = ORIENTED_EDGE ( 'NONE', *, *, #285, .T. ) ;
#528 = CARTESIAN_POINT ( 'NONE',  ( 11.18552917746198005, 3.538267016781462715, 8.610612773514722207 ) ) ;
#529 = CIRCLE ( 'NONE', #2605, 2.500000000000011546 ) ;
#530 = ORIENTED_EDGE ( 'NONE', *, *, #1897, .F. ) ;
#531 = AXIS2_PLACEMENT_3D ( 'NONE', #5229, #4444, #1554 ) ;
#532 = LINE ( 'NONE', #4903, #4510 ) ;
#533 = VECTOR ( 'NONE', #2686, 1000.000000000000000 ) ;
#534 = VECTOR ( 'NONE', #3876, 1000.000000000000114 ) ;
#535 = B_SPLINE_SURFACE_WITH_KNOTS ( 'NONE', 1, 3, ( 
 ( #1950, #3599, #5250, #4839, #1121, #2376, #4026, #4873, #1152, #340, #752, #4051, #3651, #2118, #486, #3765, #2842, #5305 ),
 ( #2924, #2033, #2515, #1672, #1587, #4574, #4928, #2947, #4984, #1640, #3301, #1265, #862, #4491, #4601, #3683, #1203, #5334 ) ),
 .UNSPECIFIED., .F., .F., .F.,
 ( 2, 2 ),
 ( 4, 2, 2, 2, 2, 2, 2, 2, 4 ),
 ( 0.000000000000000000, 1.000000000000000000 ),
 ( 0.000000000000000000, 0.0004708312050766235487, 0.0007062468076149353230, 0.0009416624101532470974, 0.001177078012691558980, 0.001294785813960714922, 0.001412493615229870646, 0.001647909217768182312, 0.001883324820306494195 ),
 .UNSPECIFIED. ) ;
#536 = CARTESIAN_POINT ( 'NONE',  ( -6.782842712474677072, 2.999999999999992895, 21.84572489401783457 ) ) ;
#537 = CARTESIAN_POINT ( 'NONE',  ( 6.000000000000062172, 2.999999999999992895, 18.47171335700006978 ) ) ;
#538 = ORIENTED_EDGE ( 'NONE', *, *, #2601, .T. ) ;
#539 = VECTOR ( 'NONE', #3679, 1000.000000000000000 ) ;
#540 = VECTOR ( 'NONE', #3245, 1000.000000000000114 ) ;
#541 = DIRECTION ( 'NONE',  ( -0.000000000000000000, -1.000000000000000000, -0.000000000000000000 ) ) ;
#542 = ORIENTED_EDGE ( 'NONE', *, *, #3762, .T. ) ;
#543 = DIRECTION ( 'NONE',  ( 0.000000000000000000, 0.000000000000000000, -1.000000000000000000 ) ) ;
#544 = VECTOR ( 'NONE', #440, 1000.000000000000000 ) ;
#545 = AXIS2_PLACEMENT_3D ( 'NONE', #3081, #4381, #1439 ) ;
#546 = PLANE ( 'NONE',  #5216 ) ;
#547 = LINE ( 'NONE', #2171, #2175 ) ;
#548 = VECTOR ( 'NONE', #1926, 1000.000000000000000 ) ;
#549 = EDGE_CURVE ( 'NONE', #2022, #1108, #4526, .T. ) ;
#550 = VECTOR ( 'NONE', #1262, 1000.000000000000000 ) ;
#551 = ORIENTED_EDGE ( 'NONE', *, *, #4024, .T. ) ;
#552 = CARTESIAN_POINT ( 'NONE',  ( -7.207106781186605637, 0.000000000000000000, 22.26998896272976580 ) ) ;
#553 = VERTEX_POINT ( 'NONE', #4652 ) ;
#554 = CARTESIAN_POINT ( 'NONE',  ( -7.328427124746252019, 2.999999999999992895, 21.30014048174625785 ) ) ;
#555 = LINE ( 'NONE', #2614, #620 ) ;
#556 = EDGE_CURVE ( 'NONE', #2336, #1372, #2844, .T. ) ;
#557 = EDGE_CURVE ( 'NONE', #5073, #749, #810, .T. ) ;
#558 = AXIS2_PLACEMENT_3D ( 'NONE', #2532, #2561, #476 ) ;
#559 = ORIENTED_EDGE ( 'NONE', *, *, #607, .T. ) ;
#560 = LINE ( 'NONE', #2213, #1316 ) ;
#561 = ORIENTED_EDGE ( 'NONE', *, *, #2078, .F. ) ;
#562 = VECTOR ( 'NONE', #1023, 1000.000000000000114 ) ;
#563 = CARTESIAN_POINT ( 'NONE',  ( 11.50000000000006217, 3.050510257216815013, 9.000000000000000000 ) ) ;
#564 = ORIENTED_EDGE ( 'NONE', *, *, #3551, .T. ) ;
#565 = PLANE ( 'NONE',  #189 ) ;
#566 = DIRECTION ( 'NONE',  ( 0.000000000000000000, 6.308085367188390241E-16, -1.000000000000000000 ) ) ;
#567 = CARTESIAN_POINT ( 'NONE',  ( -3.157269714081025747, 3.539972216555519413, 8.602118219688593470 ) ) ;
#568 = ORIENTED_EDGE ( 'NONE', *, *, #2054, .F. ) ;
#569 = DIRECTION ( 'NONE',  ( -0.000000000000000000, -1.000000000000000000, -0.000000000000000000 ) ) ;
#570 = CARTESIAN_POINT ( 'NONE',  ( 6.500000000000071942, 0.000000000000000000, 12.00000000000000000 ) ) ;
#571 = CARTESIAN_POINT ( 'NONE',  ( 6.500000000000070166, 0.000000000000000000, 18.47171335700006978 ) ) ;
#572 = CARTESIAN_POINT ( 'NONE',  ( 0.000000000000000000, 0.000000000000000000, 2.999999999999999112 ) ) ;
#573 = DIRECTION ( 'NONE',  ( -1.000000000000000000, -3.469446951953616161E-16, 0.000000000000000000 ) ) ;
#574 = ORIENTED_EDGE ( 'NONE', *, *, #5154, .T. ) ;
#575 = CARTESIAN_POINT ( 'NONE',  ( -18.30000000000001137, 22.00000000000000000, 1.499999999999999556 ) ) ;
#576 = ORIENTED_EDGE ( 'NONE', *, *, #674, .T. ) ;
#577 = CARTESIAN_POINT ( 'NONE',  ( 8.199999999999992184, 22.00000000000000355, 6.500000000000005329 ) ) ;
#578 = EDGE_CURVE ( 'NONE', #1479, #896, #2466, .T. ) ;
#579 = CARTESIAN_POINT ( 'NONE',  ( -18.80000000000000071, 0.5000000000000073275, 9.000000000000000000 ) ) ;
#580 = DIRECTION ( 'NONE',  ( 1.000000000000000000, 0.000000000000000000, 0.000000000000000000 ) ) ;
#581 = EDGE_CURVE ( 'NONE', #4088, #2103, #4849, .T. ) ;
#582 = EDGE_CURVE ( 'NONE', #4296, #3232, #4674, .T. ) ;
#583 = ORIENTED_EDGE ( 'NONE', *, *, #5153, .F. ) ;
#584 = CARTESIAN_POINT ( 'NONE',  ( 10.19262100004562477, 3.003978704749804773, 9.296506694582417296 ) ) ;
#585 = ORIENTED_EDGE ( 'NONE', *, *, #1248, .T. ) ;
#586 = FACE_OUTER_BOUND ( 'NONE', #115, .T. ) ;
#587 = CARTESIAN_POINT ( 'NONE',  ( 8.500000000000062172, 3.500000000000000000, 18.47171335700006978 ) ) ;
#588 = DIRECTION ( 'NONE',  ( 0.7071067811865474617, 0.7071067811865474617, 0.000000000000000000 ) ) ;
#589 = ADVANCED_FACE ( 'NONE', ( #2035 ), #1826, .T. ) ;
#590 = EDGE_LOOP ( 'NONE', ( #1266, #538, #5184, #80 ) ) ;
#591 = DIRECTION ( 'NONE',  ( -0.4999999999999961697, -0.7071067811865512365, -0.4999999999999986122 ) ) ;
#592 = DIRECTION ( 'NONE',  ( 1.000000000000000000, 0.000000000000000000, 0.000000000000000000 ) ) ;
#593 = DIRECTION ( 'NONE',  ( 0.5000000000000036637, -0.7071067811865467956, 0.4999999999999975020 ) ) ;
#594 = LINE ( 'NONE', #1019, #1130 ) ;
#595 = CARTESIAN_POINT ( 'NONE',  ( 6.958578643762748150, 3.500000000000000000, 26.26998896272976936 ) ) ;
#596 = CARTESIAN_POINT ( 'NONE',  ( -4.545236260913209314, 2.999999999999992895, 9.428571428571435931 ) ) ;
#597 = CARTESIAN_POINT ( 'NONE',  ( 10.14115880694277827, 3.002888655360609338, 9.325372623762373081 ) ) ;
#598 = DIRECTION ( 'NONE',  ( -0.7071067811865474617, -0.000000000000000000, -0.7071067811865474617 ) ) ;
#599 = FACE_OUTER_BOUND ( 'NONE', #865, .T. ) ;
#600 = VERTEX_POINT ( 'NONE', #344 ) ;
#601 = PLANE ( 'NONE',  #5200 ) ;
#602 = CARTESIAN_POINT ( 'NONE',  ( 3.000000000000060396, 0.5000000000000073275, 9.000000000000001776 ) ) ;
#603 = ORIENTED_EDGE ( 'NONE', *, *, #5065, .T. ) ;
#604 = DIRECTION ( 'NONE',  ( 0.6123724356957963577, 0.5000000000000014433, 0.6123724356957916948 ) ) ;
#605 = ORIENTED_EDGE ( 'NONE', *, *, #3496, .F. ) ;
#606 = CARTESIAN_POINT ( 'NONE',  ( -6.974873734152972737, 0.000000000000000000, 20.94658709115297768 ) ) ;
#607 = EDGE_CURVE ( 'NONE', #3908, #5097, #532, .T. ) ;
#608 = DIRECTION ( 'NONE',  ( 0.000000000000000000, -1.000000000000000000, -1.051347561198064958E-16 ) ) ;
#609 = CARTESIAN_POINT ( 'NONE',  ( -2.100000000000000089, 7.000000000000000000, 2.499999999999994227 ) ) ;
#610 = VERTEX_POINT ( 'NONE', #4493 ) ;
#611 = B_SPLINE_CURVE_WITH_KNOTS ( 'NONE', 3,
 ( #35, #5292, #1688, #3672, #3350, #5324, #1602, #4999, #1280, #4587 ),
 .UNSPECIFIED., .F., .F.,
 ( 4, 2, 2, 2, 4 ),
 ( 0.000000000000000000, 0.2500000000000006106, 0.3750000000000007216, 0.5000000000000008882, 1.000000000000000000 ),
 .UNSPECIFIED. ) ;
#612 = VECTOR ( 'NONE', #4614, 1000.000000000000000 ) ;
#613 = VECTOR ( 'NONE', #4733, 1000.000000000000000 ) ;
#614 = EDGE_CURVE ( 'NONE', #2022, #2921, #5336, .T. ) ;
#615 = ADVANCED_FACE ( 'NONE', ( #3275 ), #4930, .F. ) ;
#616 = CARTESIAN_POINT ( 'NONE',  ( 4.421920167085221287, 3.001311157397502427, 9.358280571038493534 ) ) ;
#617 = CARTESIAN_POINT ( 'NONE',  ( -10.87198902950392387, 3.531769112901465224, 8.644703904922844018 ) ) ;
#618 = CIRCLE ( 'NONE', #4338, 5.947252701995559221 ) ;
#619 = LINE ( 'NONE', #3087, #3578 ) ;
#620 = VECTOR ( 'NONE', #628, 1000.000000000000000 ) ;
#621 = DIRECTION ( 'NONE',  ( 0.000000000000000000, -1.000000000000000000, 0.000000000000000000 ) ) ;
#622 = DIRECTION ( 'NONE',  ( -9.931013410490937134E-15, -0.7071067811865474617, 0.7071067811865474617 ) ) ;
#623 = AXIS2_PLACEMENT_3D ( 'NONE', #497, #2131, #3776 ) ;
#624 = VECTOR ( 'NONE', #2676, 1000.000000000000000 ) ;
#625 = DIRECTION ( 'NONE',  ( -0.000000000000000000, 0.000000000000000000, 1.000000000000000000 ) ) ;
#626 = DIRECTION ( 'NONE',  ( 2.188556754985496840E-31, -6.308085367188390241E-16, 1.000000000000000000 ) ) ;
#627 = VERTEX_POINT ( 'NONE', #1642 ) ;
#628 = DIRECTION ( 'NONE',  ( 1.000000000000000000, -4.731064025391292434E-16, 0.000000000000000000 ) ) ;
#629 = CIRCLE ( 'NONE', #1928, 2.999999999999999112 ) ;
#630 = CARTESIAN_POINT ( 'NONE',  ( 3.000000000000060396, 0.000000000000000000, 8.499999999999992895 ) ) ;
#631 = ORIENTED_EDGE ( 'NONE', *, *, #2600, .T. ) ;
#632 = CARTESIAN_POINT ( 'NONE',  ( 3.000000000000060840, 3.050510257216820342, 9.000000000000000000 ) ) ;
#633 = VERTEX_POINT ( 'NONE', #3303 ) ;
#634 = DIRECTION ( 'NONE',  ( -0.7071067811865474617, 0.000000000000000000, 0.7071067811865474617 ) ) ;
#635 = ORIENTED_EDGE ( 'NONE', *, *, #2400, .F. ) ;
#636 = CARTESIAN_POINT ( 'NONE',  ( -21.16073041265297761, 0.000000000000000000, 11.36073041265297690 ) ) ;
#637 = CIRCLE ( 'NONE', #3756, 3.500000000000006661 ) ;
#638 = CONICAL_SURFACE ( 'NONE', #30, 1.500000000000001332, 0.7853981633974482790 ) ;
#639 = CARTESIAN_POINT ( 'NONE',  ( 12.79999999999999183, 21.00000000000000000, 5.500000000000000000 ) ) ;
#640 = DIRECTION ( 'NONE',  ( -1.000000000000000000, 0.000000000000000000, 0.000000000000000000 ) ) ;
#641 = ORIENTED_EDGE ( 'NONE', *, *, #2398, .F. ) ;
#642 = CARTESIAN_POINT ( 'NONE',  ( 11.21653322872759695, 3.047427307284591436, 9.013074109489448205 ) ) ;
#643 = CIRCLE ( 'NONE', #2368, 0.5000000000000004441 ) ;
#644 = ADVANCED_FACE ( 'NONE', ( #2977 ), #2570, .F. ) ;
#645 = LINE ( 'NONE', #210, #4517 ) ;
#646 = CARTESIAN_POINT ( 'NONE',  ( -7.328427124746252019, 2.999999999999992895, 21.30014048174625785 ) ) ;
#647 = CARTESIAN_POINT ( 'NONE',  ( 8.000000000000055067, 0.000000000000000000, 12.00000000000000000 ) ) ;
#648 = EDGE_CURVE ( 'NONE', #1372, #1437, #3412, .T. ) ;
#649 = EDGE_CURVE ( 'NONE', #3091, #2886, #93, .T. ) ;
#650 = DIRECTION ( 'NONE',  ( 0.000000000000000000, -0.000000000000000000, -1.000000000000000000 ) ) ;
#651 = DIRECTION ( 'NONE',  ( 0.000000000000000000, -0.7071067811865451302, 0.7071067811865500152 ) ) ;
#652 = CARTESIAN_POINT ( 'NONE',  ( 6.429289321881400454, 0.000000000000000000, 21.49217150342456506 ) ) ;
#653 = DIRECTION ( 'NONE',  ( 0.000000000000000000, 1.000000000000000000, 1.051347561198064958E-16 ) ) ;
#654 = ADVANCED_FACE ( 'NONE', ( #127 ), #1778, .F. ) ;
#655 = ORIENTED_EDGE ( 'NONE', *, *, #2906, .T. ) ;
#656 = DIRECTION ( 'NONE',  ( 0.000000000000000000, 0.000000000000000000, -1.000000000000000000 ) ) ;
#657 = LINE ( 'NONE', #1541, #3477 ) ;
#658 = ORIENTED_EDGE ( 'NONE', *, *, #2665, .T. ) ;
#659 = CARTESIAN_POINT ( 'NONE',  ( 4.802775637732070280, 3.500000000000003997, 9.000000000000001776 ) ) ;
#660 = VERTEX_POINT ( 'NONE', #2218 ) ;
#661 = PLANE ( 'NONE',  #4446 ) ;
#662 = VERTEX_POINT ( 'NONE', #5164 ) ;
#663 = DIRECTION ( 'NONE',  ( 0.000000000000000000, 0.000000000000000000, 1.000000000000000000 ) ) ;
#664 = DIRECTION ( 'NONE',  ( -0.7071067811865475727, 4.088782444488998195E-16, -0.7071067811865475727 ) ) ;
#665 = DIRECTION ( 'NONE',  ( 0.000000000000000000, 0.000000000000000000, 1.000000000000000000 ) ) ;
#666 = EDGE_LOOP ( 'NONE', ( #3408, #4642, #1377, #1912, #3335, #3347 ) ) ;
#667 = CARTESIAN_POINT ( 'NONE',  ( 10.90128649949920892, 3.037187596160302760, 9.060341164381988222 ) ) ;
#668 = CARTESIAN_POINT ( 'NONE',  ( 4.200629350560805442, 3.008624509953596871, 9.250725507620424892 ) ) ;
#669 = DIRECTION ( 'NONE',  ( -0.7071067811865441310, -0.000000000000000000, -0.7071067811865510144 ) ) ;
#670 = ORIENTED_EDGE ( 'NONE', *, *, #2729, .T. ) ;
#671 = LINE ( 'NONE', #1078, #2116 ) ;
#672 = CARTESIAN_POINT ( 'NONE',  ( -11.50000000000006217, 0.000000000000000000, 8.499999999999992895 ) ) ;
#673 = LINE ( 'NONE', #5231, #2634 ) ;
#674 = EDGE_CURVE ( 'NONE', #500, #775, #1461, .T. ) ;
#675 = LINE ( 'NONE', #6, #562 ) ;
#676 = CARTESIAN_POINT ( 'NONE',  ( 6.782842712474677072, 3.500000000000000000, 21.84572489401783457 ) ) ;
#677 = ADVANCED_FACE ( 'NONE', ( #586 ), #2649, .F. ) ;
#678 = EDGE_CURVE ( 'NONE', #2336, #2022, #1307, .T. ) ;
#679 = DIRECTION ( 'NONE',  ( 0.000000000000000000, -1.000000000000000000, 0.000000000000000000 ) ) ;
#680 = ORIENTED_EDGE ( 'NONE', *, *, #3919, .T. ) ;
#681 = CARTESIAN_POINT ( 'NONE',  ( 17.30000000000001137, 21.50000000000000000, 0.000000000000000000 ) ) ;
#682 = EDGE_CURVE ( 'NONE', #319, #3997, #2002, .T. ) ;
#683 = EDGE_CURVE ( 'NONE', #5105, #496, #4421, .T. ) ;
#684 = CARTESIAN_POINT ( 'NONE',  ( -5.458578643762755256, 3.500000000000000000, 25.76998896272976225 ) ) ;
#685 = VERTEX_POINT ( 'NONE', #1906 ) ;
#686 = CARTESIAN_POINT ( 'NONE',  ( 4.427919531590618796, 3.000017112004963682, 9.358085052303213303 ) ) ;
#687 = ORIENTED_EDGE ( 'NONE', *, *, #2545, .T. ) ;
#688 = LINE ( 'NONE', #3980, #119 ) ;
#689 = VERTEX_POINT ( 'NONE', #2694 ) ;
#690 = FACE_OUTER_BOUND ( 'NONE', #1208, .T. ) ;
#691 = DIRECTION ( 'NONE',  ( 1.000000000000000000, -4.731064025391292434E-16, 0.000000000000000000 ) ) ;
#692 = ORIENTED_EDGE ( 'NONE', *, *, #3092, .F. ) ;
#693 = CARTESIAN_POINT ( 'NONE',  ( 3.614632498157968055, 3.036522276470796644, 9.063623192409210105 ) ) ;
#694 = FACE_OUTER_BOUND ( 'NONE', #2901, .T. ) ;
#695 = VERTEX_POINT ( 'NONE', #4380 ) ;
#696 = FACE_OUTER_BOUND ( 'NONE', #4442, .T. ) ;
#697 = CARTESIAN_POINT ( 'NONE',  ( -2.078460969082652987, 10.59999999999999964, 2.999999999999999112 ) ) ;
#698 = AXIS2_PLACEMENT_3D ( 'NONE', #4044, #3989, #5219 ) ;
#699 = AXIS2_PLACEMENT_3D ( 'NONE', #190, #4311, #137 ) ;
#700 = LINE ( 'NONE', #729, #1327 ) ;
#701 = DIRECTION ( 'NONE',  ( 1.961421940111217274E-14, 0.7071067811865474617, -0.7071067811865474617 ) ) ;
#702 = VECTOR ( 'NONE', #5148, 1000.000000000000000 ) ;
#703 = VECTOR ( 'NONE', #3699, 1000.000000000000114 ) ;
#704 = DIRECTION ( 'NONE',  ( 0.5000000000000003331, 0.7071067811865470176, -0.5000000000000003331 ) ) ;
#705 = LINE ( 'NONE', #4826, #2423 ) ;
#706 = ADVANCED_FACE ( 'NONE', ( #3458 ), #5106, .F. ) ;
#707 = CARTESIAN_POINT ( 'NONE',  ( 0.000000000000000000, 7.000000000000000000, 0.5000000000000125455 ) ) ;
#708 = AXIS2_PLACEMENT_3D ( 'NONE', #1911, #2295, #3937 ) ;
#709 = VECTOR ( 'NONE', #2559, 1000.000000000000000 ) ;
#710 = ORIENTED_EDGE ( 'NONE', *, *, #4016, .T. ) ;
#711 = LINE ( 'NONE', #3530, #798 ) ;
#712 = ORIENTED_EDGE ( 'NONE', *, *, #4749, .F. ) ;
#713 = LINE ( 'NONE', #2774, #4359 ) ;
#714 = ORIENTED_EDGE ( 'NONE', *, *, #947, .T. ) ;
#715 = EDGE_CURVE ( 'NONE', #3965, #3117, #2623, .T. ) ;
#716 = CARTESIAN_POINT ( 'NONE',  ( 6.000000000000062172, 0.5000000000000073275, 18.47171335700006978 ) ) ;
#717 = ADVANCED_FACE ( 'NONE', ( #4706 ), #1470, .F. ) ;
#718 = VECTOR ( 'NONE', #1563, 1000.000000000000114 ) ;
#719 = DIRECTION ( 'NONE',  ( 0.4999999999999978906, -0.7071067811865499042, -0.4999999999999988343 ) ) ;
#720 = CARTESIAN_POINT ( 'NONE',  ( 8.500000000000063949, 2.999999999999990230, 12.00000000000000000 ) ) ;
#721 = VERTEX_POINT ( 'NONE', #1012 ) ;
#722 = PERSON_AND_ORGANIZATION ( #3330, #1683 ) ;
#723 = DIRECTION ( 'NONE',  ( -3.469446951953616161E-16, 1.000000000000000000, -0.000000000000000000 ) ) ;
#724 = CARTESIAN_POINT ( 'NONE',  ( 8.305025253169475263, 2.999999999999990230, 24.92354235332303958 ) ) ;
#725 = VERTEX_POINT ( 'NONE', #4302 ) ;
#726 = LINE ( 'NONE', #2110, #3059 ) ;
#727 = CARTESIAN_POINT ( 'NONE',  ( 13.29999999999999538, 0.000000000000000000, 0.000000000000000000 ) ) ;
#728 = CIRCLE ( 'NONE', #3763, 2.999999999999999112 ) ;
#729 = CARTESIAN_POINT ( 'NONE',  ( 2.078460969082652543, 10.59999999999999964, 2.999999999999999112 ) ) ;
#730 = EDGE_LOOP ( 'NONE', ( #2061, #658, #3329, #2415 ) ) ;
#731 = CARTESIAN_POINT ( 'NONE',  ( -3.000000000000060840, 0.5000000000000073275, 12.00000000000000000 ) ) ;
#732 = LOCAL_TIME ( 14, 1, 51.00000000000000000, #4438 ) ;
#733 = LINE ( 'NONE', #5283, #3571 ) ;
#734 = ORIENTED_EDGE ( 'NONE', *, *, #1872, .F. ) ;
#735 = CARTESIAN_POINT ( 'NONE',  ( 0.000000000000000000, 0.000000000000000000, 0.000000000000000000 ) ) ;
#736 = DIRECTION ( 'NONE',  ( 0.5000000000000014433, -0.7071067811865454633, -0.5000000000000014433 ) ) ;
#737 = VERTEX_POINT ( 'NONE', #175 ) ;
#738 = DIRECTION ( 'NONE',  ( 0.000000000000000000, -1.000000000000000000, 0.000000000000000000 ) ) ;
#739 = ORIENTED_EDGE ( 'NONE', *, *, #3296, .F. ) ;
#740 = LINE ( 'NONE', #1936, #984 ) ;
#741 = ORIENTED_EDGE ( 'NONE', *, *, #1504, .F. ) ;
#742 = CARTESIAN_POINT ( 'NONE',  ( 18.30000000000001137, 22.00000000000000000, 6.499999999999999112 ) ) ;
#743 = CARTESIAN_POINT ( 'NONE',  ( 10.76041307520209678, 3.030924315384690981, 9.092493249129859123 ) ) ;
#744 = ADVANCED_FACE ( 'NONE', ( #1827 ), #4811, .T. ) ;
#745 = EDGE_CURVE ( 'NONE', #553, #833, #3817, .T. ) ;
#746 = CARTESIAN_POINT ( 'NONE',  ( -9.954763739086915919, 3.000000000000003553, 9.428571428571434154 ) ) ;
#747 = CARTESIAN_POINT ( 'NONE',  ( 6.782842712474677072, 0.5000000000000073275, 21.84572489401783457 ) ) ;
#748 = EDGE_LOOP ( 'NONE', ( #2689, #2838, #5227, #3356 ) ) ;
#749 = VERTEX_POINT ( 'NONE', #3958 ) ;
#750 = ADVANCED_FACE ( 'NONE', ( #2262 ), #249, .T. ) ;
#751 = LINE ( 'NONE', #2402, #4865 ) ;
#752 = CARTESIAN_POINT ( 'NONE',  ( -10.96111390436109190, 3.039607666176743717, 9.048598738685246445 ) ) ;
#753 = ORIENTED_EDGE ( 'NONE', *, *, #519, .F. ) ;
#754 = CARTESIAN_POINT ( 'NONE',  ( -18.80000000000000071, 3.500000000000014211, 8.499999999999991118 ) ) ;
#755 = CARTESIAN_POINT ( 'NONE',  ( -11.36991799125944702, 3.050511861488264032, 9.000000000000005329 ) ) ;
#756 = ORIENTED_EDGE ( 'NONE', *, *, #4326, .F. ) ;
#757 = LINE ( 'NONE', #2408, #382 ) ;
#758 = DIRECTION ( 'NONE',  ( 0.4999999999999984457, 0.7071067811865477948, 0.5000000000000008882 ) ) ;
#759 = DIRECTION ( 'NONE',  ( -0.000000000000000000, -1.000000000000000000, -0.000000000000000000 ) ) ;
#760 = CARTESIAN_POINT ( 'NONE',  ( 11.50000000000006217, 2.999999999999990230, 12.00000000000000000 ) ) ;
#761 = LINE ( 'NONE', #1598, #3558 ) ;
#762 = EDGE_LOOP ( 'NONE', ( #1946, #1692, #3777 ) ) ;
#763 = DIRECTION ( 'NONE',  ( -0.7071067811865474617, -0.7071067811865474617, 0.000000000000000000 ) ) ;
#764 = ORIENTED_EDGE ( 'NONE', *, *, #1364, .F. ) ;
#765 = DIRECTION ( 'NONE',  ( 0.7071067811865425767, 0.000000000000000000, 0.7071067811865524577 ) ) ;
#766 = EDGE_LOOP ( 'NONE', ( #4878, #4736, #147, #4166 ) ) ;
#767 = PLANE ( 'NONE',  #2096 ) ;
#768 = DIRECTION ( 'NONE',  ( -3.891631830321671915E-14, 0.7745966692414839594, -0.6324555320336751052 ) ) ;
#769 = FACE_OUTER_BOUND ( 'NONE', #1352, .T. ) ;
#770 = VERTEX_POINT ( 'NONE', #3561 ) ;
#771 = ORIENTED_EDGE ( 'NONE', *, *, #2183, .F. ) ;
#772 = ADVANCED_FACE ( 'NONE', ( #3485 ), #5215, .T. ) ;
#773 = CARTESIAN_POINT ( 'NONE',  ( 3.808847248046250744, 3.027589680846079379, 9.111094283287185291 ) ) ;
#774 = LINE ( 'NONE', #3707, #3046 ) ;
#775 = VERTEX_POINT ( 'NONE', #606 ) ;
#776 = DIRECTION ( 'NONE',  ( 0.000000000000000000, -1.000000000000000000, 0.000000000000000000 ) ) ;
#777 = ADVANCED_FACE ( 'NONE', ( #3935 ), #565, .F. ) ;
#778 = CARTESIAN_POINT ( 'NONE',  ( -10.62119352478984347, 3.024124770634826653, 9.131516336823187530 ) ) ;
#779 = EDGE_CURVE ( 'NONE', #1069, #2589, #2831, .T. ) ;
#780 = CLOSED_SHELL ( 'NONE', ( #1034, #946, #16, #1843, #2973, #1532, #215, #4056, #110, #1612, #1432, #1136, #4259, #2011, #677, #706, #1842, #4663, #338, #3002, #1569, #86, #2662, #873, #4757, #3001, #3952, #3188, #1979, #2431, #212, #3819, #1632, #1803, #2704, #2498, #4090, #1305, #4419, #1106, #5187, #4133, #3972, #2982, #3161, #3566, #1869, #3171, #1773, #4251, #4193, #744, #2764, #5217, #3857, #5282, #4659, #4017, #53, #4926, #2504, #3665, #2018, #350, #4596, #3127, #4094, #2940, #1503, #4488, #1365, #772, #2173, #654, #3267, #1705, #1728, #4518, #3592, #4991, #4367, #844, #1698, #4632, #4854, #4682, #3163, #3169, #1871, #4489, #644, #276, #2538, #3500, #3858, #4325, #343, #3033, #176, #2598, #3723, #4692, #5052, #2575, #2873, #3367, #717, #4953, #5090, #4962, #3229, #3343, #2941, #1833, #2496, #589, #2393, #2219, #1175, #2240, #3465, #1568, #814, #2797, #128, #3363, #4894, #4229, #777, #750, #2833, #3470, #3882, #4195, #1709, #4260, #315, #3336, #153, #1631, #3789, #1241, #457, #3369, #286, #1740, #615, #4124, #5317, #3436, #3074, #4559, #5353, #4719, #1137, #1236, #2272, #2232, #2442, #1781, #5014, #3767, #2115, #1940, #3266, #4223, #5345, #1013, #2506, #4301, #2763, #2010, #3624, #918, #5254, #2840, #845, #118, #2807, #3437, #2737 ) ) ;
#781 = VERTEX_POINT ( 'NONE', #3237 ) ;
#782 = DIRECTION ( 'NONE',  ( 0.000000000000000000, 0.000000000000000000, -1.000000000000000000 ) ) ;
#783 = LINE ( 'NONE', #2905, #3207 ) ;
#784 = AXIS2_PLACEMENT_3D ( 'NONE', #3364, #1185, #4556 ) ;
#785 = FACE_OUTER_BOUND ( 'NONE', #1775, .T. ) ;
#786 = AXIS2_PLACEMENT_3D ( 'NONE', #1494, #3100, #3862 ) ;
#787 = DIRECTION ( 'NONE',  ( 0.000000000000000000, 0.03489949670250100389, 0.9993908270190956511 ) ) ;
#788 = AXIS2_PLACEMENT_3D ( 'NONE', #991, #4348, #663 ) ;
#789 = DIRECTION ( 'NONE',  ( -0.7071067811865475727, -0.7071067811865475727, -1.533293416683372906E-16 ) ) ;
#790 = VERTEX_POINT ( 'NONE', #742 ) ;
#791 = FACE_OUTER_BOUND ( 'NONE', #2646, .T. ) ;
#792 = VERTEX_POINT ( 'NONE', #4460 ) ;
#793 = FACE_OUTER_BOUND ( 'NONE', #4666, .T. ) ;
#794 = AXIS2_PLACEMENT_3D ( 'NONE', #2137, #4591, #2996 ) ;
#795 = ORIENTED_EDGE ( 'NONE', *, *, #4358, .F. ) ;
#796 = CIRCLE ( 'NONE', #2535, 1.100000000000014078 ) ;
#797 = CARTESIAN_POINT ( 'NONE',  ( 7.328427124746252019, 0.5000000000000072164, 21.30014048174625785 ) ) ;
#798 = VECTOR ( 'NONE', #4779, 1000.000000000000114 ) ;
#799 = AXIS2_PLACEMENT_3D ( 'NONE', #2394, #4866, #2340 ) ;
#800 = CARTESIAN_POINT ( 'NONE',  ( 8.000000000000055067, 0.000000000000000000, 9.000000000000000000 ) ) ;
#801 = ORIENTED_EDGE ( 'NONE', *, *, #5022, .F. ) ;
#802 = ORIENTED_EDGE ( 'NONE', *, *, #2079, .F. ) ;
#803 = AXIS2_PLACEMENT_3D ( 'NONE', #5175, #3545, #5201 ) ;
#804 = PERSON_AND_ORGANIZATION_ROLE ( 'design_supplier' ) ;
#805 = VECTOR ( 'NONE', #5004, 1000.000000000000114 ) ;
#806 = LINE ( 'NONE', #3650, #3047 ) ;
#807 = DIRECTION ( 'NONE',  ( 0.000000000000000000, 1.000000000000000000, 0.000000000000000000 ) ) ;
#808 = EDGE_CURVE ( 'NONE', #2404, #2134, #3123, .T. ) ;
#809 = ORIENTED_EDGE ( 'NONE', *, *, #1457, .F. ) ;
#810 = LINE ( 'NONE', #4241, #1556 ) ;
#811 = CARTESIAN_POINT ( 'NONE',  ( -11.50000000000006217, 3.050510257216827448, 9.000000000000001776 ) ) ;
#812 = AXIS2_PLACEMENT_3D ( 'NONE', #1575, #417, #5347 ) ;
#813 = ORIENTED_EDGE ( 'NONE', *, *, #242, .F. ) ;
#814 = ADVANCED_FACE ( 'NONE', ( #1171 ), #4508, .T. ) ;
#815 = DIRECTION ( 'NONE',  ( 1.340235097171338465E-16, 0.000000000000000000, 1.000000000000000000 ) ) ;
#816 = DIRECTION ( 'NONE',  ( 0.000000000000000000, -0.000000000000000000, 1.000000000000000000 ) ) ;
#817 = EDGE_CURVE ( 'NONE', #1113, #3638, #2392, .T. ) ;
#818 = EDGE_CURVE ( 'NONE', #790, #941, #4893, .T. ) ;
#819 = DIRECTION ( 'NONE',  ( 0.000000000000000000, 0.000000000000000000, 1.000000000000000000 ) ) ;
#820 = DIRECTION ( 'NONE',  ( 0.000000000000000000, 1.000000000000000000, 0.000000000000000000 ) ) ;
#821 = CARTESIAN_POINT ( 'NONE',  ( 17.30000000000000071, 0.5000000000000073275, 0.000000000000000000 ) ) ;
#822 = EDGE_CURVE ( 'NONE', #4371, #4322, #1217, .T. ) ;
#823 = ORIENTED_EDGE ( 'NONE', *, *, #3705, .T. ) ;
#824 = CARTESIAN_POINT ( 'NONE',  ( -6.958578643762748150, 3.500000000000000000, 26.26998896272976936 ) ) ;
#825 = ORIENTED_EDGE ( 'NONE', *, *, #1637, .F. ) ;
#826 = DIRECTION ( 'NONE',  ( 0.7071067811865474617, 0.7071067811865474617, 0.000000000000000000 ) ) ;
#827 = VERTEX_POINT ( 'NONE', #2366 ) ;
#828 = DIRECTION ( 'NONE',  ( 3.469446951953611033E-15, 0.000000000000000000, 1.000000000000000000 ) ) ;
#829 = DIRECTION ( 'NONE',  ( -1.000000000000000000, -3.469446951953614682E-16, 0.000000000000000000 ) ) ;
#830 = DIRECTION ( 'NONE',  ( -0.6123724356957901405, 0.4999999999999831246, 0.6123724356958127890 ) ) ;
#831 = ORIENTED_EDGE ( 'NONE', *, *, #2043, .T. ) ;
#832 = CARTESIAN_POINT ( 'NONE',  ( -18.80000000000001847, 5.500000000000016875, 6.999999999999997335 ) ) ;
#833 = VERTEX_POINT ( 'NONE', #1116 ) ;
#834 = SHAPE_DEFINITION_REPRESENTATION ( #145, #5006 ) ;
#835 = CARTESIAN_POINT ( 'NONE',  ( 7.207106781186605637, 3.500000000000000000, 22.26998896272976580 ) ) ;
#836 = CARTESIAN_POINT ( 'NONE',  ( -3.572458479888173333, 3.038284920053821558, 9.054926879322287903 ) ) ;
#837 = ORIENTED_EDGE ( 'NONE', *, *, #3887, .T. ) ;
#838 = DIRECTION ( 'NONE',  ( 0.000000000000000000, 0.000000000000000000, 1.000000000000000000 ) ) ;
#839 = EDGE_LOOP ( 'NONE', ( #4562, #3934, #2187, #244 ) ) ;
#840 = CARTESIAN_POINT ( 'NONE',  ( 3.000000000000060840, 3.540408205773462935, 8.599999999999994316 ) ) ;
#841 = CARTESIAN_POINT ( 'NONE',  ( 6.000000000000062172, 3.500000000000000000, 18.47171335700006978 ) ) ;
#842 = LINE ( 'NONE', #2988, #4701 ) ;
#843 = DIRECTION ( 'NONE',  ( 0.7071067811865462405, -0.6928203230275525870, -0.1414213562373080324 ) ) ;
#844 = ADVANCED_FACE ( 'NONE', ( #690 ), #1194, .F. ) ;
#845 = ADVANCED_FACE ( 'NONE', ( #5242 ), #1605, .F. ) ;
#846 = EDGE_CURVE ( 'NONE', #4375, #5060, #3615, .T. ) ;
#847 = LINE ( 'NONE', #3061, #4946 ) ;
#848 = VERTEX_POINT ( 'NONE', #2776 ) ;
#849 = LINE ( 'NONE', #2500, #544 ) ;
#850 = VERTEX_POINT ( 'NONE', #716 ) ;
#851 = CARTESIAN_POINT ( 'NONE',  ( 18.80000000000000071, 0.5000000000000073275, 9.000000000000000000 ) ) ;
#852 = ORIENTED_EDGE ( 'NONE', *, *, #3368, .F. ) ;
#853 = DIRECTION ( 'NONE',  ( -4.731064025391292434E-16, 1.000000000000000000, 0.000000000000000000 ) ) ;
#854 = EDGE_CURVE ( 'NONE', #3475, #1517, #2806, .T. ) ;
#855 = EDGE_CURVE ( 'NONE', #4660, #2613, #1990, .T. ) ;
#856 = LINE ( 'NONE', #4544, #2863 ) ;
#857 = DIRECTION ( 'NONE',  ( -0.7071067811865474617, 0.000000000000000000, 0.7071067811865474617 ) ) ;
#858 = ORIENTED_EDGE ( 'NONE', *, *, #3297, .F. ) ;
#859 = CARTESIAN_POINT ( 'NONE',  ( 7.951471862576194205, 3.500000000000000000, 24.56998896272977717 ) ) ;
#860 = ORIENTED_EDGE ( 'NONE', *, *, #1809, .F. ) ;
#861 = DIRECTION ( 'NONE',  ( 0.000000000000000000, -1.000000000000000000, 0.000000000000000000 ) ) ;
#862 = CARTESIAN_POINT ( 'NONE',  ( -10.98913765884343086, 3.534554959679040653, 8.629804328620112486 ) ) ;
#863 = ORIENTED_EDGE ( 'NONE', *, *, #4725, .T. ) ;
#864 = CARTESIAN_POINT ( 'NONE',  ( -10.12640079894972267, 3.002481086883816541, 9.332926195030056604 ) ) ;
#865 = EDGE_LOOP ( 'NONE', ( #3373, #1221, #3380, #5078 ) ) ;
#866 = CARTESIAN_POINT ( 'NONE',  ( -0.8000000000000055955, 12.99999999999999645, 15.50000000000000888 ) ) ;
#867 = CARTESIAN_POINT ( 'NONE',  ( -6.500000000000069278, 0.000000000000000000, 18.47171335700006978 ) ) ;
#868 = DIRECTION ( 'NONE',  ( -0.000000000000000000, -0.7071067811865475727, 0.7071067811865475727 ) ) ;
#869 = VECTOR ( 'NONE', #4641, 1000.000000000000114 ) ;
#870 = CARTESIAN_POINT ( 'NONE',  ( 6.782842712474676183, 2.999999999999990230, 22.69425303144169348 ) ) ;
#871 = ORIENTED_EDGE ( 'NONE', *, *, #5083, .F. ) ;
#872 = DIRECTION ( 'NONE',  ( 0.000000000000000000, 1.000000000000000000, 0.000000000000000000 ) ) ;
#873 = ADVANCED_FACE ( 'NONE', ( #2454 ), #767, .F. ) ;
#874 = VERTEX_POINT ( 'NONE', #5296 ) ;
#875 = LINE ( 'NONE', #1192, #471 ) ;
#876 = LINE ( 'NONE', #117, #962 ) ;
#877 = CIRCLE ( 'NONE', #4686, 2.600000000000004974 ) ;
#878 = VECTOR ( 'NONE', #4821, 1000.000000000000227 ) ;
#879 = EDGE_CURVE ( 'NONE', #2802, #3586, #4106, .T. ) ;
#880 = VECTOR ( 'NONE', #1408, 1000.000000000000000 ) ;
#881 = CARTESIAN_POINT ( 'NONE',  ( -8.199999999999992184, 22.00000000000000000, 5.500000000000000000 ) ) ;
#882 = AXIS2_PLACEMENT_3D ( 'NONE', #5137, #3080, #3534 ) ;
#883 = DIRECTION ( 'NONE',  ( -1.000000000000000000, 4.731064025391292434E-16, 0.000000000000000000 ) ) ;
#884 = EDGE_CURVE ( 'NONE', #3836, #5068, #1577, .T. ) ;
#885 = EDGE_CURVE ( 'NONE', #610, #2111, #2025, .T. ) ;
#886 = ORIENTED_EDGE ( 'NONE', *, *, #4990, .F. ) ;
#887 = PLANE ( 'NONE',  #3414 ) ;
#888 = ORIENTED_EDGE ( 'NONE', *, *, #2871, .F. ) ;
#889 = VECTOR ( 'NONE', #1015, 1000.000000000000000 ) ;
#890 = VECTOR ( 'NONE', #1864, 1000.000000000000000 ) ;
#891 = FACE_OUTER_BOUND ( 'NONE', #4703, .T. ) ;
#892 = DIRECTION ( 'NONE',  ( 0.000000000000000000, 0.000000000000000000, 1.000000000000000000 ) ) ;
#893 = ORIENTED_EDGE ( 'NONE', *, *, #1367, .T. ) ;
#894 = VECTOR ( 'NONE', #763, 1000.000000000000114 ) ;
#895 = CARTESIAN_POINT ( 'NONE',  ( 6.782842712474676183, 2.999999999999990230, 22.69425303144169348 ) ) ;
#896 = VERTEX_POINT ( 'NONE', #3288 ) ;
#897 = VECTOR ( 'NONE', #758, 1000.000000000000227 ) ;
#898 = LINE ( 'NONE', #493, #4801 ) ;
#899 = CARTESIAN_POINT ( 'NONE',  ( -18.80000000000000071, 0.000000000000000000, 9.000000000000000000 ) ) ;
#900 = CARTESIAN_POINT ( 'NONE',  ( -17.30000000000000071, 0.000000000000000000, 1.499999999999999556 ) ) ;
#901 = CARTESIAN_POINT ( 'NONE',  ( -8.199999999999992184, 12.00000000000000355, 9.000000000000000000 ) ) ;
#902 = AXIS2_PLACEMENT_3D ( 'NONE', #1101, #5026, #2258 ) ;
#903 = VECTOR ( 'NONE', #4859, 1000.000000000000000 ) ;
#904 = CARTESIAN_POINT ( 'NONE',  ( -8.000000000000055067, 0.000000000000000000, 9.000000000000000000 ) ) ;
#905 = ORIENTED_EDGE ( 'NONE', *, *, #2871, .T. ) ;
#906 = FACE_OUTER_BOUND ( 'NONE', #4915, .T. ) ;
#907 = EDGE_LOOP ( 'NONE', ( #5260, #1724, #3982, #3697 ) ) ;
#908 = DIRECTION ( 'NONE',  ( 0.000000000000000000, 0.000000000000000000, 1.000000000000000000 ) ) ;
#909 = EDGE_LOOP ( 'NONE', ( #4913, #3695, #2648, #771, #3574, #2214 ) ) ;
#910 = CARTESIAN_POINT ( 'NONE',  ( -3.784651987608900203, 3.028766876466353342, 9.104426802260576324 ) ) ;
#911 = VECTOR ( 'NONE', #3224, 1000.000000000000114 ) ;
#912 = AXIS2_PLACEMENT_3D ( 'NONE', #3605, #2065, #3712 ) ;
#913 = LINE ( 'NONE', #2186, #1663 ) ;
#914 = ORIENTED_EDGE ( 'NONE', *, *, #3413, .F. ) ;
#915 = CARTESIAN_POINT ( 'NONE',  ( 8.305025253169475263, 0.5000000000000069944, 24.92354235332303958 ) ) ;
#916 = VERTEX_POINT ( 'NONE', #1093 ) ;
#917 = CARTESIAN_POINT ( 'NONE',  ( -6.958578643762748150, 2.999999999999992895, 26.26998896272976936 ) ) ;
#918 = ADVANCED_FACE ( 'NONE', ( #2751 ), #501, .T. ) ;
#919 = EDGE_CURVE ( 'NONE', #2314, #2562, #5120, .T. ) ;
#920 = EDGE_CURVE ( 'NONE', #3908, #1665, #4976, .T. ) ;
#921 = CARTESIAN_POINT ( 'NONE',  ( -6.958578643762748150, 2.999999999999992895, 26.26998896272976936 ) ) ;
#922 = CARTESIAN_POINT ( 'NONE',  ( -4.087826242143884237, 3.517132636305706050, 8.737936458200014300 ) ) ;
#923 = ORIENTED_EDGE ( 'NONE', *, *, #1801, .F. ) ;
#924 = CARTESIAN_POINT ( 'NONE',  ( 7.951471862576203087, 0.5000000000000073275, 24.56998896272977007 ) ) ;
#925 = ORIENTED_EDGE ( 'NONE', *, *, #2972, .T. ) ;
#926 = EDGE_CURVE ( 'NONE', #5034, #874, #2345, .T. ) ;
#927 = DIRECTION ( 'NONE',  ( 0.000000000000000000, 1.000000000000000000, 0.000000000000000000 ) ) ;
#928 = DIRECTION ( 'NONE',  ( 1.000000000000000000, 0.000000000000000000, 0.000000000000000000 ) ) ;
#929 = VERTEX_POINT ( 'NONE', #4567 ) ;
#930 = CARTESIAN_POINT ( 'NONE',  ( 10.73333333333330941, 17.86666666666668846, 2.566666666666651331 ) ) ;
#931 = ORIENTED_EDGE ( 'NONE', *, *, #1396, .T. ) ;
#932 = DIRECTION ( 'NONE',  ( -0.7071067811865474617, -0.7071067811865474617, 0.000000000000000000 ) ) ;
#933 = CARTESIAN_POINT ( 'NONE',  ( -3.984494468117741661, 3.018819357575516449, 9.166136827393044584 ) ) ;
#934 = FACE_OUTER_BOUND ( 'NONE', #2195, .T. ) ;
#935 = ORIENTED_EDGE ( 'NONE', *, *, #3160, .F. ) ;
#936 = CARTESIAN_POINT ( 'NONE',  ( 11.02845669956432850, 3.042063920034161484, 9.037093826327284418 ) ) ;
#937 = ORIENTED_EDGE ( 'NONE', *, *, #2398, .T. ) ;
#938 = LINE ( 'NONE', #3655, #1464 ) ;
#939 = DIRECTION ( 'NONE',  ( 0.000000000000000000, 0.000000000000000000, 1.000000000000000000 ) ) ;
#940 = DIRECTION ( 'NONE',  ( 0.000000000000000000, -1.000000000000000000, 0.000000000000000000 ) ) ;
#941 = VERTEX_POINT ( 'NONE', #2939 ) ;
#942 = EDGE_CURVE ( 'NONE', #4131, #4958, #3721, .T. ) ;
#943 = FACE_OUTER_BOUND ( 'NONE', #4758, .T. ) ;
#944 = ORIENTED_EDGE ( 'NONE', *, *, #4533, .T. ) ;
#945 = FACE_OUTER_BOUND ( 'NONE', #2216, .T. ) ;
#946 = ADVANCED_FACE ( 'NONE', ( #1257 ), #4862, .F. ) ;
#947 = EDGE_CURVE ( 'NONE', #1900, #1142, #3983, .T. ) ;
#948 = DIRECTION ( 'NONE',  ( 0.5773502691896258421, -0.5773502691896257311, 0.5773502691896257311 ) ) ;
#949 = ORIENTED_EDGE ( 'NONE', *, *, #4431, .F. ) ;
#950 = DIRECTION ( 'NONE',  ( -0.5000000000000001110, -0.7071067811865467956, -0.5000000000000009992 ) ) ;
#951 = ORIENTED_EDGE ( 'NONE', *, *, #426, .F. ) ;
#952 = DIRECTION ( 'NONE',  ( 0.000000000000000000, 0.000000000000000000, 1.000000000000000000 ) ) ;
#953 = DIRECTION ( 'NONE',  ( -0.000000000000000000, -0.000000000000000000, -1.000000000000000000 ) ) ;
#954 = ORIENTED_EDGE ( 'NONE', *, *, #1808, .F. ) ;
#955 = DIRECTION ( 'NONE',  ( 0.7071067811865475727, 0.000000000000000000, 0.7071067811865474617 ) ) ;
#956 = ORIENTED_EDGE ( 'NONE', *, *, #1977, .T. ) ;
#957 = CARTESIAN_POINT ( 'NONE',  ( 10.37813209092459310, 3.012037977543889689, 9.216846909406894994 ) ) ;
#958 = AXIS2_PLACEMENT_3D ( 'NONE', #3726, #3324, #502 ) ;
#959 = ORIENTED_EDGE ( 'NONE', *, *, #4746, .T. ) ;
#960 = AXIS2_PLACEMENT_3D ( 'NONE', #1314, #5360, #3685 ) ;
#961 = DIRECTION ( 'NONE',  ( 0.7071067811865482389, 0.000000000000000000, -0.7071067811865469066 ) ) ;
#962 = VECTOR ( 'NONE', #4155, 1000.000000000000000 ) ;
#963 = LINE ( 'NONE', #587, #1228 ) ;
#964 = LINE ( 'NONE', #5141, #5204 ) ;
#965 = VERTEX_POINT ( 'NONE', #2135 ) ;
#966 = CIRCLE ( 'NONE', #4257, 0.5999999999999998668 ) ;
#967 = VECTOR ( 'NONE', #3466, 999.9999999999998863 ) ;
#968 = FACE_OUTER_BOUND ( 'NONE', #2734, .T. ) ;
#969 = CC_DESIGN_PERSON_AND_ORGANIZATION_ASSIGNMENT ( #722, #4023, ( #3153 ) ) ;
#970 = CARTESIAN_POINT ( 'NONE',  ( 4.311146586907269374, 3.004342121617693984, 9.301475847838654332 ) ) ;
#971 = CARTESIAN_POINT ( 'NONE',  ( -3.000000000000060840, 3.500000000000000000, 12.00000000000000000 ) ) ;
#972 = CARTESIAN_POINT ( 'NONE',  ( -12.79999999999999538, 21.00000000000001066, 6.500000000000012434 ) ) ;
#973 = VECTOR ( 'NONE', #136, 1000.000000000000000 ) ;
#974 = EDGE_CURVE ( 'NONE', #4678, #660, #1281, .T. ) ;
#975 = DIRECTION ( 'NONE',  ( -1.000000000000000000, 0.000000000000000000, 0.000000000000000000 ) ) ;
#976 = EDGE_CURVE ( 'NONE', #2314, #1970, #876, .T. ) ;
#977 = EDGE_CURVE ( 'NONE', #965, #225, #4597, .T. ) ;
#978 = VECTOR ( 'NONE', #1232, 1000.000000000000000 ) ;
#979 = ORIENTED_EDGE ( 'NONE', *, *, #3597, .F. ) ;
#980 = FACE_OUTER_BOUND ( 'NONE', #4537, .T. ) ;
#981 = EDGE_LOOP ( 'NONE', ( #3556, #1040, #2595, #2518 ) ) ;
#982 = PLANE ( 'NONE',  #3064 ) ;
#983 = DIRECTION ( 'NONE',  ( 0.000000000000000000, 0.000000000000000000, 1.000000000000000000 ) ) ;
#984 = VECTOR ( 'NONE', #1492, 1000.000000000000000 ) ;
#985 = EDGE_CURVE ( 'NONE', #2334, #5321, #5157, .T. ) ;
#986 = DIRECTION ( 'NONE',  ( 0.000000000000000000, -1.000000000000000000, 0.000000000000000000 ) ) ;
#987 = ORIENTED_EDGE ( 'NONE', *, *, #54, .T. ) ;
#988 = VECTOR ( 'NONE', #2244, 1000.000000000000000 ) ;
#989 = FACE_OUTER_BOUND ( 'NONE', #475, .T. ) ;
#990 = ORIENTED_EDGE ( 'NONE', *, *, #3009, .F. ) ;
#991 = CARTESIAN_POINT ( 'NONE',  ( 7.207106781186605637, 2.999999999999990230, 22.26998896272976580 ) ) ;
#992 = AXIS2_PLACEMENT_3D ( 'NONE', #4144, #2124, #543 ) ;
#993 = LINE ( 'NONE', #1037, #2192 ) ;
#994 = LINE ( 'NONE', #97, #4173 ) ;
#995 = ORIENTED_EDGE ( 'NONE', *, *, #4294, .F. ) ;
#996 = DIRECTION ( 'NONE',  ( 0.000000000000000000, 1.000000000000000000, 0.000000000000000000 ) ) ;
#997 = FACE_OUTER_BOUND ( 'NONE', #4963, .T. ) ;
#998 = FACE_OUTER_BOUND ( 'NONE', #1508, .T. ) ;
#999 = LINE ( 'NONE', #3870, #2281 ) ;
#1000 = CARTESIAN_POINT ( 'NONE',  ( -18.80000000000001847, 3.540408205773473593, 8.599999999999994316 ) ) ;
#1001 = LINE ( 'NONE', #3969, #4964 ) ;
#1002 = EDGE_LOOP ( 'NONE', ( #3930, #3529, #398, #2296 ) ) ;
#1003 = EDGE_CURVE ( 'NONE', #1435, #3979, #2182, .T. ) ;
#1004 = CARTESIAN_POINT ( 'NONE',  ( -4.500000000000063061, 3.500000000000000000, 18.47171335700006978 ) ) ;
#1005 = DIRECTION ( 'NONE',  ( 0.000000000000000000, -0.7071067811865475727, 0.7071067811865475727 ) ) ;
#1006 = VERTEX_POINT ( 'NONE', #4337 ) ;
#1007 = CARTESIAN_POINT ( 'NONE',  ( 4.525275499640327936, 3.503182963808986194, 8.876739581504930143 ) ) ;
#1008 = ORIENTED_EDGE ( 'NONE', *, *, #3404, .F. ) ;
#1009 = CARTESIAN_POINT ( 'NONE',  ( 10.26421354343170123, 3.512071571733988762, 8.779589937806724365 ) ) ;
#1010 = ORIENTED_EDGE ( 'NONE', *, *, #4123, .F. ) ;
#1011 = EDGE_CURVE ( 'NONE', #1799, #5346, #555, .T. ) ;
#1012 = CARTESIAN_POINT ( 'NONE',  ( -3.000000000000060396, 0.5000000000000073275, 9.000000000000001776 ) ) ;
#1013 = ADVANCED_FACE ( 'NONE', ( #4668 ), #601, .F. ) ;
#1014 = CARTESIAN_POINT ( 'NONE',  ( -18.80000000000001137, 22.00000000000000000, 6.500000000000012434 ) ) ;
#1015 = DIRECTION ( 'NONE',  ( -1.000000000000000000, 4.731064025391293420E-16, 0.000000000000000000 ) ) ;
#1016 = ORIENTED_EDGE ( 'NONE', *, *, #4892, .F. ) ;
#1017 = CARTESIAN_POINT ( 'NONE',  ( 11.01515145845984733, 3.041621861339302235, 9.039092729692777439 ) ) ;
#1018 = PLANE ( 'NONE',  #4174 ) ;
#1019 = CARTESIAN_POINT ( 'NONE',  ( -18.80000000000001492, 15.80000000000001492, 5.500000000000000000 ) ) ;
#1020 = CYLINDRICAL_SURFACE ( 'NONE', #109, 2.999999999999999112 ) ;
#1021 = PLANE ( 'NONE',  #261 ) ;
#1022 = EDGE_LOOP ( 'NONE', ( #1429, #4189, #4487, #4728 ) ) ;
#1023 = DIRECTION ( 'NONE',  ( -0.7071067811865474617, -0.000000000000000000, 0.7071067811865474617 ) ) ;
#1024 = CARTESIAN_POINT ( 'NONE',  ( 5.458578643762749927, 0.000000000000000000, 8.999999999999994671 ) ) ;
#1025 = EDGE_LOOP ( 'NONE', ( #3761, #2046, #631, #1989 ) ) ;
#1026 = CARTESIAN_POINT ( 'NONE',  ( -4.114470110555847882, 3.012486049791320397, 9.214638462417910958 ) ) ;
#1027 = CARTESIAN_POINT ( 'NONE',  ( -11.50000000000006395, 3.540408205773470041, 8.599999999999994316 ) ) ;
#1028 = VERTEX_POINT ( 'NONE', #196 ) ;
#1029 = PLANE ( 'NONE',  #2537 ) ;
#1030 = VERTEX_POINT ( 'NONE', #2284 ) ;
#1031 = CARTESIAN_POINT ( 'NONE',  ( -17.30000000000000071, 0.5000000000000073275, 1.499999999999999556 ) ) ;
#1032 = VERTEX_POINT ( 'NONE', #2661 ) ;
#1033 = DIRECTION ( 'NONE',  ( 0.000000000000000000, 0.000000000000000000, 1.000000000000000000 ) ) ;
#1034 = ADVANCED_FACE ( 'NONE', ( #240 ), #3648, .F. ) ;
#1035 = EDGE_CURVE ( 'NONE', #225, #1059, #1162, .T. ) ;
#1036 = VECTOR ( 'NONE', #4092, 1000.000000000000000 ) ;
#1037 = CARTESIAN_POINT ( 'NONE',  ( -4.880368708025858204, 8.123273572548679766, 4.858106097175951099 ) ) ;
#1038 = VECTOR ( 'NONE', #3602, 1000.000000000000000 ) ;
#1039 = FACE_OUTER_BOUND ( 'NONE', #4577, .T. ) ;
#1040 = ORIENTED_EDGE ( 'NONE', *, *, #241, .F. ) ;
#1041 = VECTOR ( 'NONE', #1251, 1000.000000000000114 ) ;
#1042 = VECTOR ( 'NONE', #1921, 1000.000000000000114 ) ;
#1043 = EDGE_CURVE ( 'NONE', #3326, #2638, #144, .T. ) ;
#1044 = CARTESIAN_POINT ( 'NONE',  ( 4.398540371542788208, 3.001851091306886321, 9.345915665691210350 ) ) ;
#1045 = CARTESIAN_POINT ( 'NONE',  ( 4.732686518374086937, -4.873778957492662656, 20.89621000523713690 ) ) ;
#1046 = DIRECTION ( 'NONE',  ( -0.4999999999999985567, 0.7071067811865476838, -0.5000000000000009992 ) ) ;
#1047 = VECTOR ( 'NONE', #4850, 1000.000000000000114 ) ;
#1048 = DIRECTION ( 'NONE',  ( 0.000000000000000000, 0.7071067811865487940, 0.7071067811865463515 ) ) ;
#1049 = FACE_OUTER_BOUND ( 'NONE', #200, .T. ) ;
#1050 = VECTOR ( 'NONE', #3014, 1000.000000000000114 ) ;
#1051 = VECTOR ( 'NONE', #2980, 1000.000000000000114 ) ;
#1052 = CARTESIAN_POINT ( 'NONE',  ( 12.79999999999999538, 22.00000000000000355, 5.500000000000000000 ) ) ;
#1053 = LINE ( 'NONE', #1085, #197 ) ;
#1054 = DIRECTION ( 'NONE',  ( 0.7071067811865475727, 0.000000000000000000, 0.7071067811865475727 ) ) ;
#1055 = CIRCLE ( 'NONE', #3750, 3.500000000000006661 ) ;
#1056 = CARTESIAN_POINT ( 'NONE',  ( -4.160896200422293134, 3.010356502098400444, 9.233700705549020782 ) ) ;
#1057 = VECTOR ( 'NONE', #3793, 1000.000000000000000 ) ;
#1058 = DIRECTION ( 'NONE',  ( 0.000000000000000000, 0.000000000000000000, 1.000000000000000000 ) ) ;
#1059 = VERTEX_POINT ( 'NONE', #1849 ) ;
#1060 = CARTESIAN_POINT ( 'NONE',  ( 3.538886095639032003, 3.039607666176736611, 9.048598738685246445 ) ) ;
#1061 = ORIENTED_EDGE ( 'NONE', *, *, #4018, .F. ) ;
#1062 = DIRECTION ( 'NONE',  ( 0.000000000000000000, -1.000000000000000000, 0.000000000000000000 ) ) ;
#1063 = EDGE_LOOP ( 'NONE', ( #886, #2024, #12, #2912 ) ) ;
#1064 = DIRECTION ( 'NONE',  ( 0.000000000000000000, -1.000000000000000000, 0.000000000000000000 ) ) ;
#1065 = AXIS2_PLACEMENT_3D ( 'NONE', #4799, #3577, #1081 ) ;
#1066 = VECTOR ( 'NONE', #3491, 1000.000000000000227 ) ;
#1067 = CARTESIAN_POINT ( 'NONE',  ( 13.29999999999999183, 22.00000000000001776, 6.999999999999999112 ) ) ;
#1068 = CARTESIAN_POINT ( 'NONE',  ( -8.199999999999992184, 15.30000000000000249, 0.000000000000000000 ) ) ;
#1069 = VERTEX_POINT ( 'NONE', #577 ) ;
#1070 = EDGE_CURVE ( 'NONE', #1006, #3800, #3452, .T. ) ;
#1071 = EDGE_CURVE ( 'NONE', #3243, #916, #4339, .T. ) ;
#1072 = DIRECTION ( 'NONE',  ( 0.000000000000000000, 0.7071067811865474617, 0.7071067811865474617 ) ) ;
#1073 = EDGE_CURVE ( 'NONE', #827, #1437, #4295, .T. ) ;
#1074 = CONICAL_SURFACE ( 'NONE', #4012, 3.499999999999989342, 0.7853981633974482790 ) ;
#1075 = CARTESIAN_POINT ( 'NONE',  ( 4.339864512677475084, 3.003412529679649889, 9.315659815113621178 ) ) ;
#1076 = CARTESIAN_POINT ( 'NONE',  ( -17.30000000000001137, 22.00000000000000000, 1.499999999999999556 ) ) ;
#1077 = ORIENTED_EDGE ( 'NONE', *, *, #5279, .T. ) ;
#1078 = CARTESIAN_POINT ( 'NONE',  ( -6.958578643762748150, 2.999999999999992895, 26.26998896272976936 ) ) ;
#1079 = FACE_OUTER_BOUND ( 'NONE', #4079, .T. ) ;
#1080 = EDGE_CURVE ( 'NONE', #179, #4541, #5178, .T. ) ;
#1081 = DIRECTION ( 'NONE',  ( 0.000000000000000000, 0.000000000000000000, 1.000000000000000000 ) ) ;
#1082 = EDGE_CURVE ( 'NONE', #287, #2974, #3114, .T. ) ;
#1083 = CARTESIAN_POINT ( 'NONE',  ( 9.954763739086910590, 2.999999999999990230, 9.428571428571437707 ) ) ;
#1084 = CARTESIAN_POINT ( 'NONE',  ( 0.000000000000000000, 7.000000000000000000, 0.000000000000000000 ) ) ;
#1085 = CARTESIAN_POINT ( 'NONE',  ( -8.305025253169477040, 2.999999999999992895, 24.92354235332303958 ) ) ;
#1086 = ORIENTED_EDGE ( 'NONE', *, *, #4496, .F. ) ;
#1087 = FACE_OUTER_BOUND ( 'NONE', #3482, .T. ) ;
#1088 = ORIENTED_EDGE ( 'NONE', *, *, #1401, .T. ) ;
#1089 = CARTESIAN_POINT ( 'NONE',  ( 4.059245534203723693, 3.015089464667369157, 9.192417790507990460 ) ) ;
#1090 = EDGE_LOOP ( 'NONE', ( #439, #1283, #1153, #1894 ) ) ;
#1091 = LINE ( 'NONE', #2749, #5222 ) ;
#1092 = ORIENTED_EDGE ( 'NONE', *, *, #316, .T. ) ;
#1093 = CARTESIAN_POINT ( 'NONE',  ( 6.429289321881394237, 0.000000000000000000, 23.04780642203497720 ) ) ;
#1094 = PLANE ( 'NONE',  #105 ) ;
#1095 = CYLINDRICAL_SURFACE ( 'NONE', #4773, 1.000000000000000888 ) ;
#1096 = ORIENTED_EDGE ( 'NONE', *, *, #745, .F. ) ;
#1097 = CARTESIAN_POINT ( 'NONE',  ( 3.814969397571090770, 3.027289409401680231, 9.112815386617860725 ) ) ;
#1098 = CARTESIAN_POINT ( 'NONE',  ( -8.500000000000062172, 0.5000000000000073275, 18.47171335700006978 ) ) ;
#1099 = EDGE_CURVE ( 'NONE', #2491, #1, #4372, .T. ) ;
#1100 = ORIENTED_EDGE ( 'NONE', *, *, #4392, .T. ) ;
#1101 = CARTESIAN_POINT ( 'NONE',  ( -7.951471862576203087, 0.5000000000000073275, 24.56998896272977007 ) ) ;
#1102 = DIRECTION ( 'NONE',  ( 0.000000000000000000, -0.7071067811865484609, 0.7071067811865465735 ) ) ;
#1103 = DIRECTION ( 'NONE',  ( 1.042638492551937732E-16, -0.9993908270190957621, -0.03489949670250101083 ) ) ;
#1104 = CARTESIAN_POINT ( 'NONE',  ( -18.30000000000001847, 21.74999999999999289, 6.750000000000019540 ) ) ;
#1105 = EDGE_CURVE ( 'NONE', #4068, #1372, #1959, .T. ) ;
#1106 = ADVANCED_FACE ( 'NONE', ( #1134 ), #4804, .T. ) ;
#1107 = CARTESIAN_POINT ( 'NONE',  ( -6.782842712474677072, 0.5000000000000057732, 21.84572489401783457 ) ) ;
#1108 = VERTEX_POINT ( 'NONE', #5285 ) ;
#1109 = DIRECTION ( 'NONE',  ( 0.000000000000000000, 0.000000000000000000, -1.000000000000000000 ) ) ;
#1110 = CARTESIAN_POINT ( 'NONE',  ( 5.458578643762753480, 0.000000000000000000, 25.76998896272976580 ) ) ;
#1111 = ORIENTED_EDGE ( 'NONE', *, *, #822, .T. ) ;
#1112 = CARTESIAN_POINT ( 'NONE',  ( 4.308845894074728733, 3.509630382030556994, 8.802390448832420944 ) ) ;
#1113 = VERTEX_POINT ( 'NONE', #2385 ) ;
#1114 = CARTESIAN_POINT ( 'NONE',  ( -18.80000000000001137, 21.50000000000000000, 6.500000000000012434 ) ) ;
#1115 = ORIENTED_EDGE ( 'NONE', *, *, #715, .T. ) ;
#1116 = CARTESIAN_POINT ( 'NONE',  ( -2.100000000000000089, 7.000000000000000000, 2.499999999999994227 ) ) ;
#1117 = DIRECTION ( 'NONE',  ( 3.469446951953614682E-16, -1.000000000000000000, -1.051347561198064958E-16 ) ) ;
#1118 = ORIENTED_EDGE ( 'NONE', *, *, #4228, .F. ) ;
#1119 = VECTOR ( 'NONE', #4176, 1000.000000000000000 ) ;
#1120 = CARTESIAN_POINT ( 'NONE',  ( 3.130082008762443468, 3.050511861488256926, 9.000000000000003553 ) ) ;
#1121 = CARTESIAN_POINT ( 'NONE',  ( -10.44075446579639888, 3.015089464667377150, 9.192417790507990460 ) ) ;
#1122 = ORIENTED_EDGE ( 'NONE', *, *, #3101, .T. ) ;
#1123 = CYLINDRICAL_SURFACE ( 'NONE', #470, 1.500000000000001332 ) ;
#1124 = CARTESIAN_POINT ( 'NONE',  ( -6.782842712474676183, 2.999999999999992895, 22.69425303144169348 ) ) ;
#1125 = AXIS2_PLACEMENT_3D ( 'NONE', #899, #2876, #816 ) ;
#1126 = VECTOR ( 'NONE', #4797, 1000.000000000000114 ) ;
#1127 = CARTESIAN_POINT ( 'NONE',  ( -2.078460969082653431, 3.399999999999999023, 2.999999999999999112 ) ) ;
#1128 = ORIENTED_EDGE ( 'NONE', *, *, #4463, .F. ) ;
#1129 = EDGE_CURVE ( 'NONE', #3520, #3687, #1984, .T. ) ;
#1130 = VECTOR ( 'NONE', #3890, 1000.000000000000000 ) ;
#1131 = VECTOR ( 'NONE', #1451, 1000.000000000000114 ) ;
#1132 = CARTESIAN_POINT ( 'NONE',  ( -8.305025253169475263, 2.999999999999992895, 24.21643557213649345 ) ) ;
#1133 = ORIENTED_EDGE ( 'NONE', *, *, #4365, .F. ) ;
#1134 = FACE_OUTER_BOUND ( 'NONE', #1148, .T. ) ;
#1135 = VECTOR ( 'NONE', #3333, 1000.000000000000000 ) ;
#1136 = ADVANCED_FACE ( 'NONE', ( #3199, #326, #1898, #3633 ), #3147, .F. ) ;
#1137 = ADVANCED_FACE ( 'NONE', ( #1087 ), #4884, .F. ) ;
#1138 = ORIENTED_EDGE ( 'NONE', *, *, #1907, .T. ) ;
#1139 = CARTESIAN_POINT ( 'NONE',  ( 8.199999999999992184, 22.00000000000000355, 0.4999999999999935052 ) ) ;
#1140 = ORIENTED_EDGE ( 'NONE', *, *, #515, .F. ) ;
#1141 = DIRECTION ( 'NONE',  ( 0.000000000000000000, 1.000000000000000000, 0.000000000000000000 ) ) ;
#1142 = VERTEX_POINT ( 'NONE', #3228 ) ;
#1143 = CARTESIAN_POINT ( 'NONE',  ( -4.500000000000063061, 0.5000000000000073275, 18.47171335700006978 ) ) ;
#1144 = EDGE_CURVE ( 'NONE', #725, #916, #5261, .T. ) ;
#1145 = AXIS2_PLACEMENT_3D ( 'NONE', #2794, #4557, #4882 ) ;
#1146 = CARTESIAN_POINT ( 'NONE',  ( 4.500000000000063061, 2.999999999999990230, 18.47171335700006978 ) ) ;
#1147 = CARTESIAN_POINT ( 'NONE',  ( 13.29999999999999183, 21.50000000000000000, 6.999999999999999112 ) ) ;
#1148 = EDGE_LOOP ( 'NONE', ( #4495, #863, #3146, #2050 ) ) ;
#1149 = VECTOR ( 'NONE', #3782, 1000.000000000000000 ) ;
#1150 = VECTOR ( 'NONE', #2790, 1000.000000000000000 ) ;
#1151 = CARTESIAN_POINT ( 'NONE',  ( -7.699999999999985079, 0.000000000000000000, 0.000000000000000000 ) ) ;
#1152 = CARTESIAN_POINT ( 'NONE',  ( -10.82760395077064075, 3.034108114988079308, 9.075534881386190023 ) ) ;
#1153 = ORIENTED_EDGE ( 'NONE', *, *, #1669, .F. ) ;
#1154 = LINE ( 'NONE', #2759, #354 ) ;
#1155 = AXIS2_PLACEMENT_3D ( 'NONE', #4473, #3688, #815 ) ;
#1156 = LINE ( 'NONE', #2819, #4098 ) ;
#1157 = ORIENTED_EDGE ( 'NONE', *, *, #3659, .T. ) ;
#1158 = DIRECTION ( 'NONE',  ( 0.000000000000000000, -1.000000000000000000, 0.000000000000000000 ) ) ;
#1159 = APPROVAL_PERSON_ORGANIZATION ( #3620, #1998, #4870 ) ;
#1160 = DIRECTION ( 'NONE',  ( -1.000000000000000000, -3.469446951953614682E-16, 0.000000000000000000 ) ) ;
#1161 = ORIENTED_EDGE ( 'NONE', *, *, #15, .T. ) ;
#1162 = B_SPLINE_CURVE_WITH_KNOTS ( 'NONE', 3,
 ( #1875, #3855, #5076, #1818 ),
 .UNSPECIFIED., .F., .F.,
 ( 4, 4 ),
 ( 0.000000000000000000, 1.000000000000000000 ),
 .UNSPECIFIED. ) ;
#1163 = CARTESIAN_POINT ( 'NONE',  ( 18.30000000000001137, 22.00000000000000000, 9.000000000000000000 ) ) ;
#1164 = DIRECTION ( 'NONE',  ( 3.345367454581884620E-16, 0.7071067811865426878, -0.7071067811865523467 ) ) ;
#1165 = VERTEX_POINT ( 'NONE', #3175 ) ;
#1166 = DIRECTION ( 'NONE',  ( -4.731064025391292434E-16, -1.000000000000000000, -0.000000000000000000 ) ) ;
#1167 = EDGE_CURVE ( 'NONE', #775, #770, #2967, .T. ) ;
#1168 = ORIENTED_EDGE ( 'NONE', *, *, #1071, .F. ) ;
#1169 = LINE ( 'NONE', #3235, #4792 ) ;
#1170 = ORIENTED_EDGE ( 'NONE', *, *, #3332, .T. ) ;
#1171 = FACE_OUTER_BOUND ( 'NONE', #4127, .T. ) ;
#1172 = CARTESIAN_POINT ( 'NONE',  ( 18.29999999999999361, 3.499999999999996891, 9.000000000000000000 ) ) ;
#1173 = CARTESIAN_POINT ( 'NONE',  ( 3.000000000000060396, 3.500000000000000000, 9.000000000000001776 ) ) ;
#1174 = EDGE_CURVE ( 'NONE', #2540, #695, #3745, .T. ) ;
#1175 = ADVANCED_FACE ( 'NONE', ( #3583 ), #4062, .F. ) ;
#1176 = ORIENTED_EDGE ( 'NONE', *, *, #484, .F. ) ;
#1177 = ORIENTED_EDGE ( 'NONE', *, *, #1538, .F. ) ;
#1178 = CARTESIAN_POINT ( 'NONE',  ( 3.436158788861689128, 3.043220341879362412, 9.031829141334640099 ) ) ;
#1179 = CARTESIAN_POINT ( 'NONE',  ( -3.269546419322096220, 3.047833770976769330, 9.011370828766034791 ) ) ;
#1180 = ORIENTED_EDGE ( 'NONE', *, *, #1433, .F. ) ;
#1181 = CARTESIAN_POINT ( 'NONE',  ( -11.50000000000006217, 3.213809573402375275, 8.866666666666665364 ) ) ;
#1182 = CARTESIAN_POINT ( 'NONE',  ( -10.52511257924218668, 3.019297494080739330, 9.162732369146176836 ) ) ;
#1183 = ORIENTED_EDGE ( 'NONE', *, *, #514, .T. ) ;
#1184 = CARTESIAN_POINT ( 'NONE',  ( 6.500000000000069278, 3.500000000000000000, 12.00000000000000000 ) ) ;
#1185 = DIRECTION ( 'NONE',  ( 0.000000000000000000, 1.000000000000000000, 0.000000000000000000 ) ) ;
#1186 = CARTESIAN_POINT ( 'NONE',  ( 4.500000000000063061, 3.500000000000000000, 18.47171335700006978 ) ) ;
#1187 = CARTESIAN_POINT ( 'NONE',  ( 0.000000000000000000, 0.000000000000000000, 9.000000000000000000 ) ) ;
#1188 = DIRECTION ( 'NONE',  ( -1.000000000000000000, -3.469446951953614682E-16, 0.000000000000000000 ) ) ;
#1189 = EDGE_LOOP ( 'NONE', ( #2138, #741, #2766, #2855 ) ) ;
#1190 = DIRECTION ( 'NONE',  ( -0.7071067811865482389, 0.000000000000000000, 0.7071067811865469066 ) ) ;
#1191 = ORIENTED_EDGE ( 'NONE', *, *, #1427, .F. ) ;
#1192 = CARTESIAN_POINT ( 'NONE',  ( 4.958578643762748150, 3.500000000000000000, 25.76998896272976225 ) ) ;
#1193 = ORIENTED_EDGE ( 'NONE', *, *, #2043, .F. ) ;
#1194 = PLANE ( 'NONE',  #1562 ) ;
#1195 = LINE ( 'NONE', #1579, #2174 ) ;
#1196 = CARTESIAN_POINT ( 'NONE',  ( 5.790240495809023002, 0.5000000000000073275, 19.23674895288737829 ) ) ;
#1197 = VERTEX_POINT ( 'NONE', #681 ) ;
#1198 = ORIENTED_EDGE ( 'NONE', *, *, #2217, .F. ) ;
#1199 = EDGE_CURVE ( 'NONE', #1937, #737, #4691, .T. ) ;
#1200 = EDGE_CURVE ( 'NONE', #3541, #3520, #1486, .T. ) ;
#1201 = APPROVAL_DATE_TIME ( #4049, #4582 ) ;
#1202 = CARTESIAN_POINT ( 'NONE',  ( -12.79999999999999538, 22.00000000000000000, 0.5000000000000004441 ) ) ;
#1203 = CARTESIAN_POINT ( 'NONE',  ( -11.42135373800964970, 3.540408870865737967, 8.600000518777289216 ) ) ;
#1204 = ORIENTED_EDGE ( 'NONE', *, *, #3551, .F. ) ;
#1205 = CARTESIAN_POINT ( 'NONE',  ( -5.790240495809022114, 2.999999999999992895, 19.23674895288737829 ) ) ;
#1206 = CARTESIAN_POINT ( 'NONE',  ( -13.30000000000000249, 20.50000000000002132, 0.000000000000000000 ) ) ;
#1207 = AXIS2_PLACEMENT_3D ( 'NONE', #4475, #759, #2410 ) ;
#1208 = EDGE_LOOP ( 'NONE', ( #3083, #2233, #2999, #2243 ) ) ;
#1209 = EDGE_CURVE ( 'NONE', #1268, #2680, #3664, .T. ) ;
#1210 = DIRECTION ( 'NONE',  ( 0.000000000000000000, 0.000000000000000000, 1.000000000000000000 ) ) ;
#1211 = PLANE ( 'NONE',  #4509 ) ;
#1212 = AXIS2_PLACEMENT_3D ( 'NONE', #2857, #3642, #1944 ) ;
#1213 = LINE ( 'NONE', #1132, #897 ) ;
#1214 = CONICAL_SURFACE ( 'NONE', #3209, 0.5000000000000073275, 0.7853981633974482790 ) ;
#1215 = CARTESIAN_POINT ( 'NONE',  ( 9.460730412653022725, 3.500000000000000000, 18.46073041265290016 ) ) ;
#1216 = VECTOR ( 'NONE', #56, 1000.000000000000114 ) ;
#1217 = CIRCLE ( 'NONE', #3305, 3.499999999999989342 ) ;
#1218 = CARTESIAN_POINT ( 'NONE',  ( -18.80000000000000071, 0.000000000000000000, 0.5000000000000073275 ) ) ;
#1219 = ORIENTED_EDGE ( 'NONE', *, *, #1876, .T. ) ;
#1220 = DIRECTION ( 'NONE',  ( 0.000000000000000000, 1.000000000000000000, 0.000000000000000000 ) ) ;
#1221 = ORIENTED_EDGE ( 'NONE', *, *, #3135, .T. ) ;
#1222 = DIRECTION ( 'NONE',  ( 0.000000000000000000, -1.000000000000000000, 0.000000000000000000 ) ) ;
#1223 = VECTOR ( 'NONE', #5358, 1000.000000000000114 ) ;
#1224 = EDGE_LOOP ( 'NONE', ( #995, #2583, #4780, #2684 ) ) ;
#1225 = AXIS2_PLACEMENT_3D ( 'NONE', #3300, #4956, #3129 ) ;
#1226 = CARTESIAN_POINT ( 'NONE',  ( -3.435882601204487408, 3.043254240395402821, 9.031662636898072805 ) ) ;
#1227 = CIRCLE ( 'NONE', #623, 0.5000000000000004441 ) ;
#1228 = VECTOR ( 'NONE', #3054, 1000.000000000000000 ) ;
#1229 = CARTESIAN_POINT ( 'NONE',  ( 8.199999999999992184, 22.00000000000000355, 9.000000000000000000 ) ) ;
#1230 = PLANE ( 'NONE',  #2533 ) ;
#1231 = ORIENTED_EDGE ( 'NONE', *, *, #3734, .F. ) ;
#1232 = DIRECTION ( 'NONE',  ( 0.000000000000000000, 0.000000000000000000, -1.000000000000000000 ) ) ;
#1233 = ORIENTED_EDGE ( 'NONE', *, *, #4631, .F. ) ;
#1234 = CONICAL_SURFACE ( 'NONE', #4439, 3.500000000000006661, 0.7853981633974482790 ) ;
#1235 = AXIS2_PLACEMENT_3D ( 'NONE', #294, #4841, #5355 ) ;
#1236 = ADVANCED_FACE ( 'NONE', ( #3515 ), #4258, .T. ) ;
#1237 = CYLINDRICAL_SURFACE ( 'NONE', #2788, 2.100000000000000089 ) ;
#1238 = CARTESIAN_POINT ( 'NONE',  ( -8.305025253169475263, 2.999999999999992895, 24.21643557213649345 ) ) ;
#1239 = ORIENTED_EDGE ( 'NONE', *, *, #2338, .F. ) ;
#1240 = EDGE_CURVE ( 'NONE', #1665, #4296, #1810, .T. ) ;
#1241 = ADVANCED_FACE ( 'NONE', ( #997 ), #4285, .F. ) ;
#1242 = CARTESIAN_POINT ( 'NONE',  ( -9.982211001291050323, 3.000004003685260656, 9.412077676696750217 ) ) ;
#1243 = AXIS2_PLACEMENT_3D ( 'NONE', #1127, #1103, #2760 ) ;
#1244 = ORIENTED_EDGE ( 'NONE', *, *, #3462, .T. ) ;
#1245 = LINE ( 'NONE', #841, #4851 ) ;
#1246 = AXIS2_PLACEMENT_3D ( 'NONE', #5126, #1400, #1925 ) ;
#1247 = DIRECTION ( 'NONE',  ( 0.000000000000000000, 0.000000000000000000, 1.000000000000000000 ) ) ;
#1248 = EDGE_CURVE ( 'NONE', #1667, #929, #3105, .T. ) ;
#1249 = EDGE_CURVE ( 'NONE', #3294, #2332, #1660, .T. ) ;
#1250 = DIRECTION ( 'NONE',  ( -1.000000000000000000, -0.000000000000000000, -0.000000000000000000 ) ) ;
#1251 = DIRECTION ( 'NONE',  ( -0.7071067811865474617, -2.884444029575346957E-16, 0.7071067811865474617 ) ) ;
#1252 = EDGE_LOOP ( 'NONE', ( #2489, #1882, #1191, #4669 ) ) ;
#1253 = CARTESIAN_POINT ( 'NONE',  ( 3.000000000000060840, 2.999999999999992895, 12.00000000000000000 ) ) ;
#1254 = ORIENTED_EDGE ( 'NONE', *, *, #2832, .T. ) ;
#1255 = DIRECTION ( 'NONE',  ( 0.7071067811865441310, 0.000000000000000000, 0.7071067811865510144 ) ) ;
#1256 = ORIENTED_EDGE ( 'NONE', *, *, #1402, .T. ) ;
#1257 = FACE_OUTER_BOUND ( 'NONE', #4379, .T. ) ;
#1258 = CARTESIAN_POINT ( 'NONE',  ( 10.55973093421155262, 3.021038807570615159, 9.151109548013497630 ) ) ;
#1259 = DIRECTION ( 'NONE',  ( -0.7071067811865510144, 0.000000000000000000, 0.7071067811865441310 ) ) ;
#1260 = FACE_OUTER_BOUND ( 'NONE', #4136, .T. ) ;
#1261 = EDGE_LOOP ( 'NONE', ( #3234, #2660, #4840, #2994 ) ) ;
#1262 = DIRECTION ( 'NONE',  ( -0.000000000000000000, -0.000000000000000000, -1.000000000000000000 ) ) ;
#1263 = ORIENTED_EDGE ( 'NONE', *, *, #3068, .F. ) ;
#1264 = LINE ( 'NONE', #4549, #1567 ) ;
#1265 = CARTESIAN_POINT ( 'NONE',  ( -10.94986614949162096, 3.533651136027336381, 8.634620904572132716 ) ) ;
#1266 = ORIENTED_EDGE ( 'NONE', *, *, #1315, .T. ) ;
#1267 = CARTESIAN_POINT ( 'NONE',  ( 3.000000000000060840, 3.500000000000000000, 12.00000000000000000 ) ) ;
#1268 = VERTEX_POINT ( 'NONE', #3868 ) ;
#1269 = CARTESIAN_POINT ( 'NONE',  ( 3.000000000000060396, 3.050510257216820342, 9.000000000000001776 ) ) ;
#1270 = EDGE_CURVE ( 'NONE', #2830, #4180, #159, .T. ) ;
#1271 = DIRECTION ( 'NONE',  ( 0.000000000000000000, -1.000000000000000000, 0.000000000000000000 ) ) ;
#1272 = CARTESIAN_POINT ( 'NONE',  ( 4.500000000000063061, 3.500000000000000000, 18.47171335700006978 ) ) ;
#1273 = PLANE ( 'NONE',  #2253 ) ;
#1274 = EDGE_CURVE ( 'NONE', #689, #3185, #645, .T. ) ;
#1275 = EDGE_CURVE ( 'NONE', #1165, #4566, #2224, .T. ) ;
#1276 = LINE ( 'NONE', #571, #1216 ) ;
#1277 = ORIENTED_EDGE ( 'NONE', *, *, #2475, .T. ) ;
#1278 = CARTESIAN_POINT ( 'NONE',  ( -4.500000000000063061, 2.999999999999992895, 18.47171335700006978 ) ) ;
#1279 = ORIENTED_EDGE ( 'NONE', *, *, #3524, .F. ) ;
#1280 = CARTESIAN_POINT ( 'NONE',  ( 4.531804921508846284, 3.500000000000003109, 8.869756042660474904 ) ) ;
#1281 = LINE ( 'NONE', #2076, #5295 ) ;
#1282 = DIRECTION ( 'NONE',  ( -0.000000000000000000, 0.000000000000000000, -1.000000000000000000 ) ) ;
#1283 = ORIENTED_EDGE ( 'NONE', *, *, #1942, .T. ) ;
#1284 = CARTESIAN_POINT ( 'NONE',  ( 4.500000000000063061, 2.999999999999992895, 18.47171335700006978 ) ) ;
#1285 = ORIENTED_EDGE ( 'NONE', *, *, #2666, .F. ) ;
#1286 = CALENDAR_DATE ( 2023, 1, 6 ) ;
#1287 = PLANE ( 'NONE',  #3401 ) ;
#1288 = DIRECTION ( 'NONE',  ( -0.6082252026320066340, -0.7071067811865476838, -0.3606412384673363114 ) ) ;
#1289 = ORIENTED_EDGE ( 'NONE', *, *, #3769, .F. ) ;
#1290 = CARTESIAN_POINT ( 'NONE',  ( -11.07840031045888729, 3.043685880945598665, 9.029720392240918159 ) ) ;
#1291 = ORIENTED_EDGE ( 'NONE', *, *, #3725, .T. ) ;
#1292 = CARTESIAN_POINT ( 'NONE',  ( 10.90583134575830471, 3.500000000000000000, 22.26998896272976580 ) ) ;
#1293 = DIRECTION ( 'NONE',  ( -0.5773502691896257311, -0.5773502691896258421, 0.5773502691896258421 ) ) ;
#1294 = CARTESIAN_POINT ( 'NONE',  ( 2.460719143338998993, 3.738888414390377335, 7.627649529694815911 ) ) ;
#1295 = CARTESIAN_POINT ( 'NONE',  ( -18.80000000000001492, 15.80000000000001492, 5.500000000000000000 ) ) ;
#1296 = AXIS2_PLACEMENT_3D ( 'NONE', #2473, #1250, #3312 ) ;
#1297 = LINE ( 'NONE', #5117, #4167 ) ;
#1298 = EDGE_CURVE ( 'NONE', #5346, #2914, #5192, .T. ) ;
#1299 = ORIENTED_EDGE ( 'NONE', *, *, #549, .T. ) ;
#1300 = CARTESIAN_POINT ( 'NONE',  ( -2.100000000000000089, 7.000000000000000000, 9.000000000000000000 ) ) ;
#1301 = EDGE_LOOP ( 'NONE', ( #559, #603, #1128 ) ) ;
#1302 = CARTESIAN_POINT ( 'NONE',  ( 7.951471862576195981, 0.000000000000000000, 24.56998896272976296 ) ) ;
#1303 = EDGE_CURVE ( 'NONE', #1917, #5167, #3915, .T. ) ;
#1304 = DIRECTION ( 'NONE',  ( 0.000000000000000000, 0.000000000000000000, 1.000000000000000000 ) ) ;
#1305 = ADVANCED_FACE ( 'NONE', ( #2246 ), #1018, .T. ) ;
#1306 = VECTOR ( 'NONE', #3540, 1000.000000000000114 ) ;
#1307 = CIRCLE ( 'NONE', #5114, 1.500000000000001332 ) ;
#1308 = VECTOR ( 'NONE', #2457, 1000.000000000000000 ) ;
#1309 = AXIS2_PLACEMENT_3D ( 'NONE', #2917, #37, #1304 ) ;
#1310 = LINE ( 'NONE', #4297, #1751 ) ;
#1311 = ORIENTED_EDGE ( 'NONE', *, *, #926, .T. ) ;
#1312 = CARTESIAN_POINT ( 'NONE',  ( 11.10691585876461751, 3.536996524021220445, 8.616995266914416973 ) ) ;
#1313 = ORIENTED_EDGE ( 'NONE', *, *, #15, .F. ) ;
#1314 = CARTESIAN_POINT ( 'NONE',  ( -10.90583134575830471, 2.999999999999992895, 22.26998896272976580 ) ) ;
#1315 = EDGE_CURVE ( 'NONE', #2332, #725, #3060, .T. ) ;
#1316 = VECTOR ( 'NONE', #2588, 1000.000000000000114 ) ;
#1317 = AXIS2_PLACEMENT_3D ( 'NONE', #2767, #352, #4417 ) ;
#1318 = LINE ( 'NONE', #459, #3219 ) ;
#1319 = CARTESIAN_POINT ( 'NONE',  ( -3.550133850508502498, 3.533651136027332829, 8.634620904572132716 ) ) ;
#1320 = ORIENTED_EDGE ( 'NONE', *, *, #5023, .F. ) ;
#1321 = CARTESIAN_POINT ( 'NONE',  ( -8.305025253169475263, 3.500000000000000000, 24.21643557213649345 ) ) ;
#1322 = ORIENTED_EDGE ( 'NONE', *, *, #1457, .T. ) ;
#1323 = VECTOR ( 'NONE', #4951, 1000.000000000000000 ) ;
#1324 = DIRECTION ( 'NONE',  ( -0.5000000000000042188, 0.7071067811865474617, 0.4999999999999957256 ) ) ;
#1325 = CARTESIAN_POINT ( 'NONE',  ( -18.29999999999999361, 0.000000000000000000, 9.000000000000000000 ) ) ;
#1326 = CIRCLE ( 'NONE', #2630, 0.9999999999999926725 ) ;
#1327 = VECTOR ( 'NONE', #3922, 1000.000000000000114 ) ;
#1328 = ORIENTED_EDGE ( 'NONE', *, *, #514, .F. ) ;
#1329 = FACE_OUTER_BOUND ( 'NONE', #1389, .T. ) ;
#1330 = ORIENTED_EDGE ( 'NONE', *, *, #581, .T. ) ;
#1331 = CARTESIAN_POINT ( 'NONE',  ( 9.974322161641033802, 3.503169848115892826, 8.876879609198832455 ) ) ;
#1332 = CARTESIAN_POINT ( 'NONE',  ( -3.940269065763874146, 3.021038807571869711, 9.151109548005347705 ) ) ;
#1333 = AXIS2_PLACEMENT_3D ( 'NONE', #133, #1836, #3441 ) ;
#1334 = EDGE_CURVE ( 'NONE', #4454, #1832, #3889, .T. ) ;
#1335 = DIRECTION ( 'NONE',  ( 0.7071067811865441310, 0.000000000000000000, 0.7071067811865510144 ) ) ;
#1336 = DIRECTION ( 'NONE',  ( 0.000000000000000000, 0.000000000000000000, -1.000000000000000000 ) ) ;
#1337 = ORIENTED_EDGE ( 'NONE', *, *, #3258, .F. ) ;
#1338 = PLANE ( 'NONE',  #3914 ) ;
#1339 = EDGE_LOOP ( 'NONE', ( #4212, #3013, #3410, #2230, #4788, #84, #218, #1010 ) ) ;
#1340 = DIRECTION ( 'NONE',  ( 1.340235097171338465E-16, 0.000000000000000000, -1.000000000000000000 ) ) ;
#1341 = EDGE_CURVE ( 'NONE', #369, #3104, #4727, .T. ) ;
#1342 = EDGE_CURVE ( 'NONE', #2638, #4425, #2428, .T. ) ;
#1343 = FACE_OUTER_BOUND ( 'NONE', #3008, .T. ) ;
#1344 = DIRECTION ( 'NONE',  ( 0.000000000000000000, 1.000000000000000000, 1.051347561198064958E-16 ) ) ;
#1345 = EDGE_LOOP ( 'NONE', ( #5265, #888, #4911, #4465 ) ) ;
#1346 = DIRECTION ( 'NONE',  ( -1.000000000000000000, 0.000000000000000000, 0.000000000000000000 ) ) ;
#1347 = ORIENTED_EDGE ( 'NONE', *, *, #1466, .T. ) ;
#1348 = DIRECTION ( 'NONE',  ( 0.000000000000000000, -1.000000000000000000, 0.000000000000000000 ) ) ;
#1349 = CARTESIAN_POINT ( 'NONE',  ( -6.000000000000060396, 2.999999999999992895, 12.00000000000000000 ) ) ;
#1350 = ORIENTED_EDGE ( 'NONE', *, *, #1931, .F. ) ;
#1351 = DIRECTION ( 'NONE',  ( 0.4999999999999995004, -0.7071067811865481278, 0.4999999999999995004 ) ) ;
#1352 = EDGE_LOOP ( 'NONE', ( #4832, #1645, #3751, #2828, #3189, #542, #5020, #1550, #1088, #2728, #5027, #1735, #3386, #1414, #2465, #2178, #3708, #1766 ) ) ;
#1353 = FACE_OUTER_BOUND ( 'NONE', #2609, .T. ) ;
#1354 = CARTESIAN_POINT ( 'NONE',  ( -4.430940825937834227, 3.000897136101542184, 9.362275281329219823 ) ) ;
#1355 = CYLINDRICAL_SURFACE ( 'NONE', #4177, 2.999999999999999112 ) ;
#1356 = ORIENTED_EDGE ( 'NONE', *, *, #78, .F. ) ;
#1357 = DIRECTION ( 'NONE',  ( -0.000000000000000000, 0.000000000000000000, -1.000000000000000000 ) ) ;
#1358 = EDGE_LOOP ( 'NONE', ( #4225, #4436, #3077, #1122, #1529, #1535 ) ) ;
#1359 = CARTESIAN_POINT ( 'NONE',  ( -18.80000000000001137, 22.00000000000000000, 6.499999999999999112 ) ) ;
#1360 = EDGE_CURVE ( 'NONE', #2585, #3638, #4440, .T. ) ;
#1361 = DIRECTION ( 'NONE',  ( 1.000000000000000000, -4.731064025391292434E-16, 0.000000000000000000 ) ) ;
#1362 = CARTESIAN_POINT ( 'NONE',  ( -4.235786456568418679, 3.512071571733994535, 8.779589937806726141 ) ) ;
#1363 = ORIENTED_EDGE ( 'NONE', *, *, #3631, .T. ) ;
#1364 = EDGE_CURVE ( 'NONE', #2491, #4546, #2865, .T. ) ;
#1365 = ADVANCED_FACE ( 'NONE', ( #339 ), #4082, .F. ) ;
#1366 = LINE ( 'NONE', #3842, #1854 ) ;
#1367 = EDGE_CURVE ( 'NONE', #287, #4482, #1391, .T. ) ;
#1368 = CARTESIAN_POINT ( 'NONE',  ( 4.158398210154183872, 3.010450898058053770, 9.232533269067952020 ) ) ;
#1369 = DIRECTION ( 'NONE',  ( 0.000000000000000000, 0.000000000000000000, 1.000000000000000000 ) ) ;
#1370 = CARTESIAN_POINT ( 'NONE',  ( -4.958578643762748150, 0.5000000000000073275, 26.26998896272976936 ) ) ;
#1371 = EDGE_CURVE ( 'NONE', #1006, #3586, #4025, .T. ) ;
#1372 = VERTEX_POINT ( 'NONE', #2032 ) ;
#1373 = DIRECTION ( 'NONE',  ( 0.000000000000000000, 0.000000000000000000, -1.000000000000000000 ) ) ;
#1374 = ORIENTED_EDGE ( 'NONE', *, *, #386, .F. ) ;
#1375 = CARTESIAN_POINT ( 'NONE',  ( -8.199999999999992184, 20.00000000000001066, 5.500000000000000000 ) ) ;
#1376 = DIRECTION ( 'NONE',  ( 0.000000000000000000, 1.000000000000000000, 0.000000000000000000 ) ) ;
#1377 = ORIENTED_EDGE ( 'NONE', *, *, #3986, .F. ) ;
#1378 = PLANE ( 'NONE',  #794 ) ;
#1379 = ORIENTED_EDGE ( 'NONE', *, *, #2512, .T. ) ;
#1380 = DIRECTION ( 'NONE',  ( 1.000000000000000000, 4.731064025391292434E-16, -0.000000000000000000 ) ) ;
#1381 = VECTOR ( 'NONE', #4019, 1000.000000000000114 ) ;
#1382 = EDGE_LOOP ( 'NONE', ( #1328, #1458, #3843, #1572, #1768, #157 ) ) ;
#1383 = AXIS2_PLACEMENT_3D ( 'NONE', #4783, #2725, #1438 ) ;
#1384 = DIRECTION ( 'NONE',  ( 1.000000000000000000, 0.000000000000000000, -0.000000000000000000 ) ) ;
#1385 = CIRCLE ( 'NONE', #4954, 3.500000000000006661 ) ;
#1386 = AXIS2_PLACEMENT_3D ( 'NONE', #5000, #2505, #3755 ) ;
#1387 = FACE_OUTER_BOUND ( 'NONE', #3096, .T. ) ;
#1388 = CARTESIAN_POINT ( 'NONE',  ( -3.667868226547462918, 3.530627936042739723, 8.651265087369321094 ) ) ;
#1389 = EDGE_LOOP ( 'NONE', ( #4606, #4009, #1118, #4249 ) ) ;
#1390 = VECTOR ( 'NONE', #207, 1000.000000000000000 ) ;
#1391 = CIRCLE ( 'NONE', #2016, 0.5999999999999998668 ) ;
#1392 = CYLINDRICAL_SURFACE ( 'NONE', #1333, 0.5000000000000004441 ) ;
#1393 = VECTOR ( 'NONE', #3877, 1000.000000000000000 ) ;
#1394 = DIRECTION ( 'NONE',  ( 0.000000000000000000, 1.000000000000000000, 1.051347561198064958E-16 ) ) ;
#1395 = LINE ( 'NONE', #1811, #702 ) ;
#1396 = EDGE_CURVE ( 'NONE', #4388, #3418, #806, .T. ) ;
#1397 = LINE ( 'NONE', #4332, #1930 ) ;
#1398 = FACE_OUTER_BOUND ( 'NONE', #336, .T. ) ;
#1399 = AXIS2_PLACEMENT_3D ( 'NONE', #1428, #3090, #265 ) ;
#1400 = DIRECTION ( 'NONE',  ( -0.000000000000000000, -1.000000000000000000, -0.000000000000000000 ) ) ;
#1401 = EDGE_CURVE ( 'NONE', #1601, #1667, #2059, .T. ) ;
#1402 = EDGE_CURVE ( 'NONE', #4575, #5060, #1506, .T. ) ;
#1403 = VECTOR ( 'NONE', #1062, 1000.000000000000000 ) ;
#1404 = CARTESIAN_POINT ( 'NONE',  ( -4.958578643762748150, 3.500000000000000000, 25.76998896272976225 ) ) ;
#1405 = ORIENTED_EDGE ( 'NONE', *, *, #1433, .T. ) ;
#1406 = CARTESIAN_POINT ( 'NONE',  ( -4.179441587135608316, 3.009536781167906572, 9.241569455246681386 ) ) ;
#1407 = VECTOR ( 'NONE', #3637, 1000.000000000000000 ) ;
#1408 = DIRECTION ( 'NONE',  ( 0.000000000000000000, -1.000000000000000000, 0.000000000000000000 ) ) ;
#1409 = ORIENTED_EDGE ( 'NONE', *, *, #3196, .F. ) ;
#1410 = CARTESIAN_POINT ( 'NONE',  ( 5.458578643762752591, 0.000000000000000000, 22.26998896272976580 ) ) ;
#1411 = EDGE_LOOP ( 'NONE', ( #951, #1170, #2894, #4861, #1851, #2318 ) ) ;
#1412 = VECTOR ( 'NONE', #4201, 1000.000000000000000 ) ;
#1413 = CARTESIAN_POINT ( 'NONE',  ( 11.50000000000006040, 3.540408205773459827, 8.599999999999990763 ) ) ;
#1414 = ORIENTED_EDGE ( 'NONE', *, *, #1637, .T. ) ;
#1415 = DIRECTION ( 'NONE',  ( -1.000000000000000000, 4.731064025391292434E-16, 0.000000000000000000 ) ) ;
#1416 = LOCAL_TIME ( 14, 1, 51.00000000000000000, #427 ) ;
#1417 = CARTESIAN_POINT ( 'NONE',  ( 8.000000000000055067, 0.000000000000000000, 18.47171335700006978 ) ) ;
#1418 = PLANE ( 'NONE',  #268 ) ;
#1419 = EDGE_LOOP ( 'NONE', ( #5018, #4722, #5343, #393 ) ) ;
#1420 = DIRECTION ( 'NONE',  ( 0.7071067811865482389, 0.000000000000000000, 0.7071067811865469066 ) ) ;
#1421 = DATE_AND_TIME ( #4384, #3505 ) ;
#1422 = DIRECTION ( 'NONE',  ( 0.000000000000000000, 0.000000000000000000, 1.000000000000000000 ) ) ;
#1423 = CARTESIAN_POINT ( 'NONE',  ( -11.34215108881804568, 3.540404043624179931, 8.600020390283981797 ) ) ;
#1424 = DIRECTION ( 'NONE',  ( 2.365532012695630440E-15, 0.000000000000000000, 1.000000000000000000 ) ) ;
#1425 = DIRECTION ( 'NONE',  ( 0.000000000000000000, 0.000000000000000000, 1.000000000000000000 ) ) ;
#1426 = ORIENTED_EDGE ( 'NONE', *, *, #3067, .F. ) ;
#1427 = EDGE_CURVE ( 'NONE', #208, #1435, #751, .T. ) ;
#1428 = CARTESIAN_POINT ( 'NONE',  ( -18.80000000000001847, 3.540408205773474482, 8.599999999999990763 ) ) ;
#1429 = ORIENTED_EDGE ( 'NONE', *, *, #3596, .F. ) ;
#1430 = EDGE_CURVE ( 'NONE', #59, #2846, #4050, .T. ) ;
#1431 = CARTESIAN_POINT ( 'NONE',  ( 8.500000000000063949, 0.5000000000000073275, 12.00000000000000000 ) ) ;
#1432 = ADVANCED_FACE ( 'NONE', ( #891 ), #1237, .F. ) ;
#1433 = EDGE_CURVE ( 'NONE', #3800, #4298, #3706, .T. ) ;
#1434 = CARTESIAN_POINT ( 'NONE',  ( 4.307378999954495136, 3.003978704749810102, 9.296506694582417296 ) ) ;
#1435 = VERTEX_POINT ( 'NONE', #2514 ) ;
#1436 = DIRECTION ( 'NONE',  ( 0.000000000000000000, 1.000000000000000000, 0.000000000000000000 ) ) ;
#1437 = VERTEX_POINT ( 'NONE', #1671 ) ;
#1438 = DIRECTION ( 'NONE',  ( 0.000000000000000000, -1.000000000000000000, 0.000000000000000000 ) ) ;
#1439 = DIRECTION ( 'NONE',  ( 0.000000000000000000, 0.000000000000000000, 1.000000000000000000 ) ) ;
#1440 = CARTESIAN_POINT ( 'NONE',  ( -18.80000000000001137, 21.00000000000001421, 5.500000000000000000 ) ) ;
#1441 = ORIENTED_EDGE ( 'NONE', *, *, #2731, .T. ) ;
#1442 = APPROVAL_STATUS ( 'not_yet_approved' ) ;
#1443 = CARTESIAN_POINT ( 'NONE',  ( 4.241838150739618563, 3.006917852444292105, 9.268994481421239939 ) ) ;
#1444 = CARTESIAN_POINT ( 'NONE',  ( -18.80000000000001847, 5.500000000000016875, 6.999999999999997335 ) ) ;
#1445 = FACE_OUTER_BOUND ( 'NONE', #167, .T. ) ;
#1446 = LINE ( 'NONE', #4390, #1126 ) ;
#1447 = CARTESIAN_POINT ( 'NONE',  ( -6.500000000000071054, 3.500000000000000000, 22.26998896272976580 ) ) ;
#1448 = DIRECTION ( 'NONE',  ( 0.000000000000000000, -1.000000000000000000, 0.000000000000000000 ) ) ;
#1449 = FACE_OUTER_BOUND ( 'NONE', #3277, .T. ) ;
#1450 = ORIENTED_EDGE ( 'NONE', *, *, #4532, .F. ) ;
#1451 = DIRECTION ( 'NONE',  ( -0.7071067811865474617, 0.7071067811865474617, 0.000000000000000000 ) ) ;
#1452 = EDGE_CURVE ( 'NONE', #1832, #151, #2899, .T. ) ;
#1453 = LINE ( 'NONE', #2718, #2691 ) ;
#1454 = EDGE_LOOP ( 'NONE', ( #2162, #3461, #3810, #1016 ) ) ;
#1455 = CARTESIAN_POINT ( 'NONE',  ( 4.545236260913208426, 2.999999999999996447, 9.428571428571435931 ) ) ;
#1456 = EDGE_CURVE ( 'NONE', #2562, #287, #1264, .T. ) ;
#1457 = EDGE_CURVE ( 'NONE', #4566, #2531, #796, .T. ) ;
#1458 = ORIENTED_EDGE ( 'NONE', *, *, #1704, .T. ) ;
#1459 = DIRECTION ( 'NONE',  ( -0.7071067811865474617, -1.958646382549652805E-14, -0.7071067811865474617 ) ) ;
#1460 = ORIENTED_EDGE ( 'NONE', *, *, #5055, .T. ) ;
#1461 = LINE ( 'NONE', #152, #613 ) ;
#1462 = CIRCLE ( 'NONE', #784, 2.999999999999999112 ) ;
#1463 = DIRECTION ( 'NONE',  ( -3.345367454581889058E-16, -0.7071067811865436870, -0.7071067811865513475 ) ) ;
#1464 = VECTOR ( 'NONE', #4053, 1000.000000000000000 ) ;
#1465 = LINE ( 'NONE', #3990, #1561 ) ;
#1466 = EDGE_CURVE ( 'NONE', #4482, #4315, #2547, .T. ) ;
#1467 = EDGE_CURVE ( 'NONE', #2622, #388, #1696, .T. ) ;
#1468 = ORIENTED_EDGE ( 'NONE', *, *, #977, .T. ) ;
#1469 = VECTOR ( 'NONE', #2850, 1000.000000000000000 ) ;
#1470 = CONICAL_SURFACE ( 'NONE', #788, 0.5999999999999998668, 0.7853981633974511656 ) ;
#1471 = DIRECTION ( 'NONE',  ( -0.000000000000000000, -1.000000000000000000, -0.000000000000000000 ) ) ;
#1472 = CARTESIAN_POINT ( 'NONE',  ( 18.30000000000000426, 22.00000000000000000, 6.999999999999999112 ) ) ;
#1473 = ORIENTED_EDGE ( 'NONE', *, *, #5274, .F. ) ;
#1474 = CONICAL_SURFACE ( 'NONE', #13, 2.999999999999999112, 0.7853981633974482790 ) ;
#1475 = DIRECTION ( 'NONE',  ( 1.000000000000000000, 0.000000000000000000, -0.000000000000000000 ) ) ;
#1476 = VECTOR ( 'NONE', #5147, 1000.000000000000114 ) ;
#1477 = DIRECTION ( 'NONE',  ( -1.000000000000000000, 4.731064025391291448E-16, 0.000000000000000000 ) ) ;
#1478 = FACE_OUTER_BOUND ( 'NONE', #1261, .T. ) ;
#1479 = VERTEX_POINT ( 'NONE', #921 ) ;
#1480 = VECTOR ( 'NONE', #1166, 1000.000000000000000 ) ;
#1481 = VECTOR ( 'NONE', #2316, 1000.000000000000114 ) ;
#1482 = CARTESIAN_POINT ( 'NONE',  ( 17.30000000000001137, 22.00000000000000000, 0.5000000000000000000 ) ) ;
#1483 = CARTESIAN_POINT ( 'NONE',  ( -18.80000000000000071, 3.050510257216853649, 8.499999999999991118 ) ) ;
#1484 = CARTESIAN_POINT ( 'NONE',  ( 11.50000000000005684, 3.540408205773459382, 8.599999999999990763 ) ) ;
#1485 = VECTOR ( 'NONE', #2555, 1000.000000000000227 ) ;
#1486 = LINE ( 'NONE', #4005, #3821 ) ;
#1487 = VECTOR ( 'NONE', #4672, 1000.000000000000114 ) ;
#1488 = LINE ( 'NONE', #169, #880 ) ;
#1489 = EDGE_LOOP ( 'NONE', ( #5066, #2122, #2773, #2966 ) ) ;
#1490 = CARTESIAN_POINT ( 'NONE',  ( 4.665906120189049489, 3.500013689603977518, 8.934212715482994227 ) ) ;
#1491 = ORIENTED_EDGE ( 'NONE', *, *, #180, .T. ) ;
#1492 = DIRECTION ( 'NONE',  ( -0.7071067811865441310, 0.000000000000000000, 0.7071067811865510144 ) ) ;
#1493 = ORIENTED_EDGE ( 'NONE', *, *, #1035, .T. ) ;
#1494 = CARTESIAN_POINT ( 'NONE',  ( 7.951471862576203087, 0.5000000000000073275, 24.56998896272977007 ) ) ;
#1495 = AXIS2_PLACEMENT_3D ( 'NONE', #2829, #4104, #2 ) ;
#1496 = EDGE_CURVE ( 'NONE', #3198, #1030, #4654, .T. ) ;
#1497 = VECTOR ( 'NONE', #181, 1000.000000000000114 ) ;
#1498 = CARTESIAN_POINT ( 'NONE',  ( 18.30000000000000426, 22.00000000000000000, 6.999999999999999112 ) ) ;
#1499 = CARTESIAN_POINT ( 'NONE',  ( -12.79999999999999538, 22.00000000000000000, 9.000000000000000000 ) ) ;
#1500 = ORIENTED_EDGE ( 'NONE', *, *, #3101, .F. ) ;
#1501 = CARTESIAN_POINT ( 'NONE',  ( 11.50000000000006217, 3.050510257216815013, 9.000000000000001776 ) ) ;
#1502 = CC_DESIGN_APPROVAL ( #1998, ( #3153 ) ) ;
#1503 = ADVANCED_FACE ( 'NONE', ( #2487 ), #4633, .F. ) ;
#1504 = EDGE_CURVE ( 'NONE', #2484, #2638, #1318, .T. ) ;
#1505 = CALENDAR_DATE ( 2023, 1, 6 ) ;
#1506 = LINE ( 'NONE', #3164, #5205 ) ;
#1507 = CARTESIAN_POINT ( 'NONE',  ( -18.80000000000001492, 13.77927405783632153, 9.000000000000000000 ) ) ;
#1508 = EDGE_LOOP ( 'NONE', ( #3806, #2986, #4014, #403 ) ) ;
#1509 = DIRECTION ( 'NONE',  ( 0.000000000000000000, 0.000000000000000000, -1.000000000000000000 ) ) ;
#1510 = CARTESIAN_POINT ( 'NONE',  ( -2.600000000000012079, 7.000000000000000000, 0.000000000000000000 ) ) ;
#1511 = CARTESIAN_POINT ( 'NONE',  ( 18.30000000000001137, 22.00000000000000000, 1.499999999999999556 ) ) ;
#1512 = B_SPLINE_CURVE_WITH_KNOTS ( 'NONE', 3,
 ( #1501, #4357, #4022, #3993, #642, #2297, #3939, #2730, #289, #1017, #2675, #230, #1887, #667, #2319, #3162, #4073, #743, #4043, #4895, #2890, #4108, #2026, #3676, #3722, #1258, #310, #1967, #395, #5327, #1607, #3263, #4917, #2053, #2525, #2094, #4312, #1814, #2304, #3848, #4742, #3471, #3143, #4766, #192, #597, #3923, #3110, #1083 ),
 .UNSPECIFIED., .F., .F.,
 ( 4, 2, 1, 2, 2, 1, 1, 2, 2, 2, 1, 1, 2, 2, 2, 2, 1, 2, 2, 2, 1, 1, 2, 2, 2, 1, 2, 2, 4 ),
 ( 0.000000000000000000, 0.1250000000000587308, 0.1875000000000880962, 0.2187500000001011968, 0.2500000000001142975, 0.3125000000001371681, 0.3437500000001501577, 0.3593750000001552092, 0.3750000000001602052, 0.4375000000001810219, 0.4687500000001914024, 0.4843750000001966205, 0.4921875000001974532, 0.5000000000001982858, 0.5625000000002068345, 0.5937500000002116085, 0.6093750000002119416, 0.6171875000002102762, 0.6250000000002086109, 0.6875000000001908473, 0.7187500000001811884, 0.7343750000001747491, 0.7421875000001697531, 0.7500000000001647571, 0.8125000000001197931, 0.8437500000000973666, 0.8593750000000875966, 0.8750000000000778266, 1.000000000000000000 ),
 .UNSPECIFIED. ) ;
#1513 = DIRECTION ( 'NONE',  ( 6.938893903907222067E-15, 0.000000000000000000, 1.000000000000000000 ) ) ;
#1514 = CARTESIAN_POINT ( 'NONE',  ( -11.12304071329613286, 16.19084262640889804, 4.823040713296150805 ) ) ;
#1515 = CARTESIAN_POINT ( 'NONE',  ( 11.50000000000006217, 3.213809573402363728, 8.866666666666663588 ) ) ;
#1516 = DIRECTION ( 'NONE',  ( 1.000000000000000000, 0.000000000000000000, 0.000000000000000000 ) ) ;
#1517 = VERTEX_POINT ( 'NONE', #3735 ) ;
#1518 = DIRECTION ( 'NONE',  ( 0.000000000000000000, 0.000000000000000000, -1.000000000000000000 ) ) ;
#1519 = ORIENTED_EDGE ( 'NONE', *, *, #1249, .F. ) ;
#1520 = CARTESIAN_POINT ( 'NONE',  ( -4.958578643762748150, 3.500000000000000000, 25.76998896272976225 ) ) ;
#1521 = ORIENTED_EDGE ( 'NONE', *, *, #817, .F. ) ;
#1522 = CARTESIAN_POINT ( 'NONE',  ( 8.199999999999992184, 22.00000000000000355, 9.000000000000000000 ) ) ;
#1523 = CARTESIAN_POINT ( 'NONE',  ( 5.458578643762755256, 2.999999999999992895, 26.26998896272976936 ) ) ;
#1524 = DIRECTION ( 'NONE',  ( -0.7071067811865475727, -1.709854476786308712E-16, -0.7071067811865475727 ) ) ;
#1525 = ORIENTED_EDGE ( 'NONE', *, *, #3734, .T. ) ;
#1526 = EDGE_CURVE ( 'NONE', #781, #2130, #2878, .T. ) ;
#1527 = CARTESIAN_POINT ( 'NONE',  ( 4.014310950490256324, 3.017333796186266071, 9.176669169287018590 ) ) ;
#1528 = CARTESIAN_POINT ( 'NONE',  ( -7.328427124746252019, 2.999999999999992895, 21.30014048174625785 ) ) ;
#1529 = ORIENTED_EDGE ( 'NONE', *, *, #4853, .T. ) ;
#1530 = DIRECTION ( 'NONE',  ( 1.000000000000000000, -4.731064025391292434E-16, -0.000000000000000000 ) ) ;
#1531 = EDGE_CURVE ( 'NONE', #1610, #1694, #3784, .T. ) ;
#1532 = ADVANCED_FACE ( 'NONE', ( #17 ), #1287, .F. ) ;
#1533 = CYLINDRICAL_SURFACE ( 'NONE', #531, 3.999999999999998224 ) ;
#1534 = CARTESIAN_POINT ( 'NONE',  ( -8.199999999999992184, 12.00000000000000355, 9.000000000000000000 ) ) ;
#1535 = ORIENTED_EDGE ( 'NONE', *, *, #4918, .T. ) ;
#1536 = CARTESIAN_POINT ( 'NONE',  ( 9.697224362268045184, 3.500000000000000000, 9.000000000000000000 ) ) ;
#1537 = CARTESIAN_POINT ( 'NONE',  ( 9.876959286703858254, 16.19084262640889094, 4.823040713296141924 ) ) ;
#1538 = EDGE_CURVE ( 'NONE', #553, #2800, #3764, .T. ) ;
#1539 = ORIENTED_EDGE ( 'NONE', *, *, #3919, .F. ) ;
#1540 = CARTESIAN_POINT ( 'NONE',  ( 6.782842712474676183, 0.5000000000000098810, 22.69425303144169348 ) ) ;
#1541 = CARTESIAN_POINT ( 'NONE',  ( -14.80000000000000071, 19.99999999999999289, 8.500000000000017764 ) ) ;
#1542 = ORIENTED_EDGE ( 'NONE', *, *, #1676, .T. ) ;
#1543 = LINE ( 'NONE', #4504, #1480 ) ;
#1544 = ORIENTED_EDGE ( 'NONE', *, *, #5082, .T. ) ;
#1545 = LINE ( 'NONE', #1903, #903 ) ;
#1546 = ORIENTED_EDGE ( 'NONE', *, *, #5083, .T. ) ;
#1547 = DIRECTION ( 'NONE',  ( 0.7071067811865441310, 0.000000000000000000, -0.7071067811865510144 ) ) ;
#1548 = PLANE ( 'NONE',  #799 ) ;
#1549 = FACE_OUTER_BOUND ( 'NONE', #4572, .T. ) ;
#1550 = ORIENTED_EDGE ( 'NONE', *, *, #5316, .T. ) ;
#1551 = DIRECTION ( 'NONE',  ( 0.3885722761033243433, 0.7137275052471565573, -0.5827560677483779594 ) ) ;
#1552 = PLANE ( 'NONE',  #4598 ) ;
#1553 = ORIENTED_EDGE ( 'NONE', *, *, #4016, .F. ) ;
#1554 = DIRECTION ( 'NONE',  ( 0.000000000000000000, 0.000000000000000000, -1.000000000000000000 ) ) ;
#1555 = VECTOR ( 'NONE', #5193, 1000.000000000000000 ) ;
#1556 = VECTOR ( 'NONE', #2163, 1000.000000000000000 ) ;
#1557 = FACE_OUTER_BOUND ( 'NONE', #3859, .T. ) ;
#1558 = ORIENTED_EDGE ( 'NONE', *, *, #2072, .F. ) ;
#1559 = CARTESIAN_POINT ( 'NONE',  ( -17.30000000000001137, 21.50000000000000000, 1.499999999999999556 ) ) ;
#1560 = EDGE_CURVE ( 'NONE', #2622, #2491, #1639, .T. ) ;
#1561 = VECTOR ( 'NONE', #3158, 1000.000000000000114 ) ;
#1562 = AXIS2_PLACEMENT_3D ( 'NONE', #3985, #1966, #1938 ) ;
#1563 = DIRECTION ( 'NONE',  ( -0.5000000000000009992, -0.7071067811865443531, 0.5000000000000034417 ) ) ;
#1564 = ORIENTED_EDGE ( 'NONE', *, *, #239, .T. ) ;
#1565 = DIRECTION ( 'NONE',  ( 1.000000000000000000, 0.000000000000000000, 0.000000000000000000 ) ) ;
#1566 = AXIS2_PLACEMENT_3D ( 'NONE', #422, #367, #3265 ) ;
#1567 = VECTOR ( 'NONE', #2923, 999.9999999999998863 ) ;
#1568 = ADVANCED_FACE ( 'NONE', ( #2164 ), #4600, .T. ) ;
#1569 = ADVANCED_FACE ( 'NONE', ( #1343 ), #4242, .F. ) ;
#1570 = DIRECTION ( 'NONE',  ( 0.000000000000000000, -1.000000000000000000, 0.000000000000000000 ) ) ;
#1571 = CONICAL_SURFACE ( 'NONE', #364, 1.100000000000007194, 0.7853981633974480570 ) ;
#1572 = ORIENTED_EDGE ( 'NONE', *, *, #4819, .F. ) ;
#1573 = DIRECTION ( 'NONE',  ( 0.000000000000000000, 1.000000000000000000, 0.000000000000000000 ) ) ;
#1574 = VERTEX_POINT ( 'NONE', #177 ) ;
#1575 = CARTESIAN_POINT ( 'NONE',  ( -4.958578643762748150, 3.500000000000000000, 26.26998896272976936 ) ) ;
#1576 = ORIENTED_EDGE ( 'NONE', *, *, #4194, .T. ) ;
#1577 = LINE ( 'NONE', #363, #703 ) ;
#1578 = AXIS2_PLACEMENT_3D ( 'NONE', #1186, #1621, #2848 ) ;
#1579 = CARTESIAN_POINT ( 'NONE',  ( -18.30000000000001847, 3.540408205773473593, 8.599999999999994316 ) ) ;
#1580 = CARTESIAN_POINT ( 'NONE',  ( 18.29999999999999361, 0.000000000000000000, 9.000000000000000000 ) ) ;
#1581 = ORIENTED_EDGE ( 'NONE', *, *, #4134, .T. ) ;
#1582 = AXIS2_PLACEMENT_3D ( 'NONE', #3860, #1380, #2668 ) ;
#1583 = ORIENTED_EDGE ( 'NONE', *, *, #942, .F. ) ;
#1584 = VECTOR ( 'NONE', #4645, 1000.000000000000000 ) ;
#1585 = PERSON_AND_ORGANIZATION ( #3330, #1683 ) ;
#1586 = CARTESIAN_POINT ( 'NONE',  ( -11.73333333333333428, 25.53333333333333854, 2.966666666666664565 ) ) ;
#1587 = CARTESIAN_POINT ( 'NONE',  ( -10.26421354343170478, 3.512071571733999420, 8.779589937806724365 ) ) ;
#1588 = EDGE_LOOP ( 'NONE', ( #1659, #4886, #4810, #102 ) ) ;
#1589 = CARTESIAN_POINT ( 'NONE',  ( -5.790240495809022114, 3.500000000000000000, 19.23674895288737829 ) ) ;
#1590 = AXIS2_PLACEMENT_3D ( 'NONE', #71, #2576, #5067 ) ;
#1591 = CARTESIAN_POINT ( 'NONE',  ( -10.28682798110687280, 3.008094357114440065, 9.256214619120807896 ) ) ;
#1592 = ORIENTED_EDGE ( 'NONE', *, *, #1082, .T. ) ;
#1593 = CYLINDRICAL_SURFACE ( 'NONE', #2554, 1.500000000000001332 ) ;
#1594 = CARTESIAN_POINT ( 'NONE',  ( -18.80000000000001847, 3.540408205773473593, 8.599999999999994316 ) ) ;
#1595 = AXIS2_PLACEMENT_3D ( 'NONE', #3340, #2320, #592 ) ;
#1596 = LINE ( 'NONE', #4908, #3316 ) ;
#1597 = ORIENTED_EDGE ( 'NONE', *, *, #2114, .T. ) ;
#1598 = CARTESIAN_POINT ( 'NONE',  ( 12.79999999999999538, 15.30000000000000071, 0.000000000000000000 ) ) ;
#1599 = ORIENTED_EDGE ( 'NONE', *, *, #3554, .T. ) ;
#1600 = DIRECTION ( 'NONE',  ( 3.469446951953616161E-16, -1.000000000000000000, 0.000000000000000000 ) ) ;
#1601 = VERTEX_POINT ( 'NONE', #227 ) ;
#1602 = CARTESIAN_POINT ( 'NONE',  ( 3.861496017052821195, 3.524821913556968944, 8.685420454137494417 ) ) ;
#1603 = ORIENTED_EDGE ( 'NONE', *, *, #3010, .F. ) ;
#1604 = EDGE_CURVE ( 'NONE', #2589, #5101, #3911, .T. ) ;
#1605 = PLANE ( 'NONE',  #3739 ) ;
#1606 = EDGE_CURVE ( 'NONE', #2334, #4371, #1830, .T. ) ;
#1607 = CARTESIAN_POINT ( 'NONE',  ( 10.50884276217932900, 3.018485926245547901, 9.168457679880058109 ) ) ;
#1608 = FACE_OUTER_BOUND ( 'NONE', #374, .T. ) ;
#1609 = DIRECTION ( 'NONE',  ( 0.7071067811865479058, -0.7071067811865472397, 9.476893255940654319E-17 ) ) ;
#1610 = VERTEX_POINT ( 'NONE', #4734 ) ;
#1611 = ORIENTED_EDGE ( 'NONE', *, *, #1341, .T. ) ;
#1612 = ADVANCED_FACE ( 'NONE', ( #2241 ), #3883, .T. ) ;
#1613 = CARTESIAN_POINT ( 'NONE',  ( 3.634769404518928049, 3.035660947446325864, 9.067914657995633121 ) ) ;
#1614 = CARTESIAN_POINT ( 'NONE',  ( 9.954763739086910590, 2.999999999999990230, 9.428571428571437707 ) ) ;
#1615 = VERTEX_POINT ( 'NONE', #2650 ) ;
#1616 = DIRECTION ( 'NONE',  ( -0.6082252026320066340, 0.7071067811865476838, 0.3606412384673363114 ) ) ;
#1617 = CARTESIAN_POINT ( 'NONE',  ( -11.03118966682991342, 3.042131500741621419, 9.036810905992618714 ) ) ;
#1618 = EDGE_LOOP ( 'NONE', ( #2943, #813, #3991, #2075 ) ) ;
#1619 = DIRECTION ( 'NONE',  ( 0.7071067811865474617, -0.000000000000000000, -0.7071067811865474617 ) ) ;
#1620 = PLANE ( 'NONE',  #3037 ) ;
#1621 = DIRECTION ( 'NONE',  ( -0.000000000000000000, 1.000000000000000000, -0.000000000000000000 ) ) ;
#1622 = CARTESIAN_POINT ( 'NONE',  ( 4.156921938165305974, 6.999999999999998224, 2.999999999999999112 ) ) ;
#1623 = DIRECTION ( 'NONE',  ( 1.000000000000000000, 0.000000000000000000, 0.000000000000000000 ) ) ;
#1624 = ORIENTED_EDGE ( 'NONE', *, *, #1129, .F. ) ;
#1625 = CARTESIAN_POINT ( 'NONE',  ( -11.50000000000006217, 0.5000000000000073275, 12.00000000000000000 ) ) ;
#1626 = ORIENTED_EDGE ( 'NONE', *, *, #2608, .F. ) ;
#1627 = CARTESIAN_POINT ( 'NONE',  ( 12.79999999999999538, 22.00000000000000355, 0.4999999999999935052 ) ) ;
#1628 = EDGE_LOOP ( 'NONE', ( #418, #5359, #4940, #2030 ) ) ;
#1629 = DIRECTION ( 'NONE',  ( 0.000000000000000000, 0.000000000000000000, 1.000000000000000000 ) ) ;
#1630 = EDGE_CURVE ( 'NONE', #4803, #1797, #206, .T. ) ;
#1631 = ADVANCED_FACE ( 'NONE', ( #3863 ), #3511, .T. ) ;
#1632 = ADVANCED_FACE ( 'NONE', ( #1387 ), #1859, .T. ) ;
#1633 = CARTESIAN_POINT ( 'NONE',  ( -6.220320661078682534, 3.500000000000000000, 19.49176081818314898 ) ) ;
#1634 = VERTEX_POINT ( 'NONE', #2726 ) ;
#1635 = LINE ( 'NONE', #4137, #1323 ) ;
#1636 = VERTEX_POINT ( 'NONE', #3536 ) ;
#1637 = EDGE_CURVE ( 'NONE', #2680, #3693, #2193, .T. ) ;
#1638 = EDGE_CURVE ( 'NONE', #5101, #662, #1924, .T. ) ;
#1639 = LINE ( 'NONE', #508, #4085 ) ;
#1640 = CARTESIAN_POINT ( 'NONE',  ( -10.83213177345265876, 3.530627936042742387, 8.651265087369321094 ) ) ;
#1641 = EDGE_LOOP ( 'NONE', ( #3507, #2422, #5163, #5202 ) ) ;
#1642 = CARTESIAN_POINT ( 'NONE',  ( 18.29999999999999361, 0.5000000000000073275, 9.000000000000000000 ) ) ;
#1643 = DIRECTION ( 'NONE',  ( 0.000000000000000000, 0.000000000000000000, -1.000000000000000000 ) ) ;
#1644 = AXIS2_PLACEMENT_3D ( 'NONE', #1187, #4147, #3345 ) ;
#1645 = ORIENTED_EDGE ( 'NONE', *, *, #2306, .T. ) ;
#1646 = CARTESIAN_POINT ( 'NONE',  ( -4.500000000000063061, 3.500000000000000000, 18.47171335700006978 ) ) ;
#1647 = DIRECTION ( 'NONE',  ( 0.000000000000000000, 0.000000000000000000, 1.000000000000000000 ) ) ;
#1648 = AXIS2_PLACEMENT_3D ( 'NONE', #51, #4608, #3252 ) ;
#1649 = DIRECTION ( 'NONE',  ( 0.000000000000000000, 0.000000000000000000, -1.000000000000000000 ) ) ;
#1650 = CIRCLE ( 'NONE', #2606, 5.947252701995559221 ) ;
#1651 = CARTESIAN_POINT ( 'NONE',  ( -8.000000000000055067, 0.000000000000000000, 12.00000000000000000 ) ) ;
#1652 = AXIS2_PLACEMENT_3D ( 'NONE', #3591, #2418, #1547 ) ;
#1653 = DIRECTION ( 'NONE',  ( -0.7071067811865474617, 0.000000000000000000, -0.7071067811865474617 ) ) ;
#1654 = ORIENTED_EDGE ( 'NONE', *, *, #519, .T. ) ;
#1655 = LINE ( 'NONE', #2827, #5208 ) ;
#1656 = VERTEX_POINT ( 'NONE', #4675 ) ;
#1657 = DIRECTION ( 'NONE',  ( -0.000000000000000000, 0.7071067811865500152, 0.7071067811865450192 ) ) ;
#1658 = VECTOR ( 'NONE', #940, 1000.000000000000000 ) ;
#1659 = ORIENTED_EDGE ( 'NONE', *, *, #4724, .T. ) ;
#1660 = CIRCLE ( 'NONE', #1835, 0.5999999999999998668 ) ;
#1661 = CARTESIAN_POINT ( 'NONE',  ( -3.857187596788103967, 3.025209698036843253, 9.124716493185559330 ) ) ;
#1662 = B_SPLINE_CURVE_WITH_KNOTS ( 'NONE', 1,
 ( #4414, #5155 ),
 .UNSPECIFIED., .F., .F.,
 ( 2, 2 ),
 ( 0.000000000000000000, 1.000000000000000000 ),
 .UNSPECIFIED. ) ;
#1663 = VECTOR ( 'NONE', #580, 1000.000000000000000 ) ;
#1664 = CARTESIAN_POINT ( 'NONE',  ( -4.156921938165305974, 6.999999999999999112, 2.999999999999999112 ) ) ;
#1665 = VERTEX_POINT ( 'NONE', #5165 ) ;
#1666 = CARTESIAN_POINT ( 'NONE',  ( -6.500000000000069278, 0.000000000000000000, 18.47171335700006978 ) ) ;
#1667 = VERTEX_POINT ( 'NONE', #4304 ) ;
#1668 = VECTOR ( 'NONE', #1895, 1000.000000000000000 ) ;
#1669 = EDGE_CURVE ( 'NONE', #1694, #2334, #963, .T. ) ;
#1670 = AXIS2_PLACEMENT_3D ( 'NONE', #1964, #1436, #5240 ) ;
#1671 = CARTESIAN_POINT ( 'NONE',  ( -6.000000000000060396, 0.5000000000000073275, 12.00000000000000000 ) ) ;
#1672 = CARTESIAN_POINT ( 'NONE',  ( -10.19115410592539028, 3.509630382030564100, 8.802390448832422720 ) ) ;
#1673 = ORIENTED_EDGE ( 'NONE', *, *, #2862, .T. ) ;
#1674 = EDGE_CURVE ( 'NONE', #1806, #633, #3133, .T. ) ;
#1675 = CARTESIAN_POINT ( 'NONE',  ( -10.76947087614865950, 3.031359312403923756, 9.090107589084542639 ) ) ;
#1676 = EDGE_CURVE ( 'NONE', #3897, #4371, #2220, .T. ) ;
#1677 = VECTOR ( 'NONE', #1657, 1000.000000000000000 ) ;
#1678 = ORIENTED_EDGE ( 'NONE', *, *, #23, .F. ) ;
#1679 = DIRECTION ( 'NONE',  ( 3.517143914686066147E-32, -0.7071067811865475727, -0.7071067811865475727 ) ) ;
#1680 = VECTOR ( 'NONE', #598, 1000.000000000000114 ) ;
#1681 = CARTESIAN_POINT ( 'NONE',  ( -13.46666666666666146, 20.66666666666668206, -0.1666666666666566654 ) ) ;
#1682 = CARTESIAN_POINT ( 'NONE',  ( -5.458578643762755256, 3.500000000000000000, 25.76998896272976225 ) ) ;
#1683 = ORGANIZATION ( 'UNSPECIFIED', 'UNSPECIFIED', '' ) ;
#1684 = DIRECTION ( 'NONE',  ( -3.469446951953614682E-16, 1.000000000000000000, -0.000000000000000000 ) ) ;
#1685 = ORIENTED_EDGE ( 'NONE', *, *, #4203, .F. ) ;
#1686 = PLANE ( 'NONE',  #4871 ) ;
#1687 = ORIENTED_EDGE ( 'NONE', *, *, #2705, .T. ) ;
#1688 = CARTESIAN_POINT ( 'NONE',  ( 3.314779418197498551, 3.538619304413288091, 8.608480957288186630 ) ) ;
#1689 = DIRECTION ( 'NONE',  ( 1.000000000000000000, 0.000000000000000000, 0.000000000000000000 ) ) ;
#1690 = LINE ( 'NONE', #3352, #274 ) ;
#1691 = DIRECTION ( 'NONE',  ( 0.000000000000000000, 0.000000000000000000, 1.000000000000000000 ) ) ;
#1692 = ORIENTED_EDGE ( 'NONE', *, *, #2577, .T. ) ;
#1693 = DIRECTION ( 'NONE',  ( -0.000000000000000000, 0.000000000000000000, 1.000000000000000000 ) ) ;
#1694 = VERTEX_POINT ( 'NONE', #3102 ) ;
#1695 = B_SPLINE_CURVE_WITH_KNOTS ( 'NONE', 3,
 ( #1484, #266, #1515, #1927 ),
 .UNSPECIFIED., .F., .F.,
 ( 4, 4 ),
 ( 0.000000000000000000, 1.000000000000000000 ),
 .UNSPECIFIED. ) ;
#1696 = LINE ( 'NONE', #4164, #3563 ) ;
#1697 = LINE ( 'NONE', #5008, #3479 ) ;
#1698 = ADVANCED_FACE ( 'NONE', ( #4755 ), #91, .T. ) ;
#1699 = VERTEX_POINT ( 'NONE', #4709 ) ;
#1700 = CARTESIAN_POINT ( 'NONE',  ( -10.41676966833336060, 3.013967596027884888, 9.202341234009921322 ) ) ;
#1701 = ORIENTED_EDGE ( 'NONE', *, *, #1452, .F. ) ;
#1702 = DIRECTION ( 'NONE',  ( 0.000000000000000000, 1.000000000000000000, 0.000000000000000000 ) ) ;
#1703 = CARTESIAN_POINT ( 'NONE',  ( -8.305025253169475263, 0.5000000000000104361, 24.92354235332303958 ) ) ;
#1704 = EDGE_CURVE ( 'NONE', #3056, #2622, #993, .T. ) ;
#1705 = ADVANCED_FACE ( 'NONE', ( #3936 ), #1884, .T. ) ;
#1706 = LINE ( 'NONE', #2127, #1485 ) ;
#1707 = CARTESIAN_POINT ( 'NONE',  ( 11.50000000000006217, 0.000000000000000000, 8.499999999999991118 ) ) ;
#1708 = LINE ( 'NONE', #438, #1737 ) ;
#1709 = ADVANCED_FACE ( 'NONE', ( #3839 ), #3549, .F. ) ;
#1710 = ORIENTED_EDGE ( 'NONE', *, *, #1774, .T. ) ;
#1711 = CARTESIAN_POINT ( 'NONE',  ( -5.590741449923223527, 0.000000000000000000, 22.20925855007680028 ) ) ;
#1712 = EDGE_LOOP ( 'NONE', ( #4507, #1320, #2757, #3166 ) ) ;
#1713 = PLANE ( 'NONE',  #558 ) ;
#1714 = ORIENTED_EDGE ( 'NONE', *, *, #5091, .F. ) ;
#1715 = DIRECTION ( 'NONE',  ( -1.000000000000000000, 0.000000000000000000, 0.000000000000000000 ) ) ;
#1716 = FACE_OUTER_BOUND ( 'NONE', #477, .T. ) ;
#1717 = VERTEX_POINT ( 'NONE', #3241 ) ;
#1718 = CARTESIAN_POINT ( 'NONE',  ( 11.06211799327701151, 3.043193699598257140, 9.031933209238202309 ) ) ;
#1719 = ORIENTED_EDGE ( 'NONE', *, *, #3501, .F. ) ;
#1720 = CARTESIAN_POINT ( 'NONE',  ( -8.199999999999992184, 15.80000000000000782, 9.000000000000000000 ) ) ;
#1721 = CARTESIAN_POINT ( 'NONE',  ( 10.90583134575830471, 0.5000000000000073275, 22.26998896272976580 ) ) ;
#1722 = ORIENTED_EDGE ( 'NONE', *, *, #1270, .T. ) ;
#1723 = DIRECTION ( 'NONE',  ( 0.000000000000000000, 0.000000000000000000, 1.000000000000000000 ) ) ;
#1724 = ORIENTED_EDGE ( 'NONE', *, *, #683, .T. ) ;
#1725 = CARTESIAN_POINT ( 'NONE',  ( 3.000000000000061284, 3.213809573402368169, 8.866666666666665364 ) ) ;
#1726 = CARTESIAN_POINT ( 'NONE',  ( 11.50000000000006217, 0.000000000000000000, 12.00000000000000000 ) ) ;
#1727 = CARTESIAN_POINT ( 'NONE',  ( -4.802775637732070280, 3.500000000000000000, 9.000000000000001776 ) ) ;
#1728 = ADVANCED_FACE ( 'NONE', ( #1991 ), #3564, .T. ) ;
#1729 = AXIS2_PLACEMENT_3D ( 'NONE', #2892, #4947, #5350 ) ;
#1730 = AXIS2_PLACEMENT_3D ( 'NONE', #4219, #507, #3807 ) ;
#1731 = ORIENTED_EDGE ( 'NONE', *, *, #4431, .T. ) ;
#1732 = DIRECTION ( 'NONE',  ( -0.000000000000000000, -0.7071067811865451302, 0.7071067811865500152 ) ) ;
#1733 = ORIENTED_EDGE ( 'NONE', *, *, #1073, .T. ) ;
#1734 = LINE ( 'NONE', #2612, #377 ) ;
#1735 = ORIENTED_EDGE ( 'NONE', *, *, #2474, .T. ) ;
#1736 = CARTESIAN_POINT ( 'NONE',  ( -3.825034062632265641, 3.026799920253044451, 9.115588189707221289 ) ) ;
#1737 = VECTOR ( 'NONE', #1684, 1000.000000000000000 ) ;
#1738 = VECTOR ( 'NONE', #3322, 1000.000000000000000 ) ;
#1739 = B_SPLINE_SURFACE_WITH_KNOTS ( 'NONE', 1, 3, ( 
 ( #3334, #2548, #2060, #1179, #4083, #373, #2900, #4550, #836, #5064, #1805, #3840, #1754, #2594, #5033, #3460, #131, #5109 ),
 ( #2651, #5086, #567, #4328, #3417, #2242, #1319, #3884, #1388, #3055, #2981, #4710, #922, #1362, #2573, #4634, #3864, #178 ) ),
 .UNSPECIFIED., .F., .F., .F.,
 ( 2, 2 ),
 ( 4, 2, 2, 2, 2, 2, 2, 2, 4 ),
 ( 0.000000000000000000, 1.000000000000000000 ),
 ( 0.000000000000000000, 0.0002354156025383120996, 0.0004708312050766241992, 0.0005885390063457802490, 0.0007062468076149362988, 0.0009416624101532483984, 0.001177078012691560498, 0.001412493615229872598, 0.001883324820306496797 ),
 .UNSPECIFIED. ) ;
#1740 = ADVANCED_FACE ( 'NONE', ( #1968 ), #2835, .F. ) ;
#1741 = MANIFOLD_SOLID_BREP ( 'Chanfrein1', #780 ) ;
#1742 = EDGE_CURVE ( 'NONE', #790, #4375, #1909, .T. ) ;
#1743 = VECTOR ( 'NONE', #2836, 1000.000000000000000 ) ;
#1744 = CARTESIAN_POINT ( 'NONE',  ( 3.000000000000060840, 3.500000000000000000, 25.76998896272976225 ) ) ;
#1745 = AXIS2_PLACEMENT_3D ( 'NONE', #1143, #3262, #1629 ) ;
#1746 = PLANE ( 'NONE',  #4522 ) ;
#1747 = EDGE_LOOP ( 'NONE', ( #1285, #1096, #3753, #4273 ) ) ;
#1748 = CARTESIAN_POINT ( 'NONE',  ( 10.82760395077063542, 3.034108114988066429, 9.075534881386188246 ) ) ;
#1749 = ORIENTED_EDGE ( 'NONE', *, *, #4925, .F. ) ;
#1750 = CARTESIAN_POINT ( 'NONE',  ( 6.782842712474676183, 0.5000000000000098810, 22.69425303144169348 ) ) ;
#1751 = VECTOR ( 'NONE', #883, 1000.000000000000000 ) ;
#1752 = VECTOR ( 'NONE', #2083, 1000.000000000000114 ) ;
#1753 = CARTESIAN_POINT ( 'NONE',  ( -5.458578643762755256, 0.5000000000000073275, 26.26998896272976936 ) ) ;
#1754 = CARTESIAN_POINT ( 'NONE',  ( -3.932422493263981522, 3.021415795382233149, 9.147789062356384449 ) ) ;
#1755 = ORIENTED_EDGE ( 'NONE', *, *, #4524, .F. ) ;
#1756 = AXIS2_PLACEMENT_3D ( 'NONE', #3746, #516, #27 ) ;
#1757 = FACE_OUTER_BOUND ( 'NONE', #907, .T. ) ;
#1758 = VERTEX_POINT ( 'NONE', #746 ) ;
#1759 = VECTOR ( 'NONE', #3966, 1000.000000000000000 ) ;
#1760 = FACE_OUTER_BOUND ( 'NONE', #341, .T. ) ;
#1761 = FACE_OUTER_BOUND ( 'NONE', #4817, .T. ) ;
#1762 = AXIS2_PLACEMENT_3D ( 'NONE', #224, #1141, #1881 ) ;
#1763 = CONICAL_SURFACE ( 'NONE', #1246, 2.000000000000005329, 0.7853981633974473908 ) ;
#1764 = ORIENTED_EDGE ( 'NONE', *, *, #1531, .T. ) ;
#1765 = CARTESIAN_POINT ( 'NONE',  ( 2.078460969082653431, 3.399999999999999467, 2.999999999999999112 ) ) ;
#1766 = ORIENTED_EDGE ( 'NONE', *, *, #4790, .T. ) ;
#1767 = LINE ( 'NONE', #5074, #205 ) ;
#1768 = ORIENTED_EDGE ( 'NONE', *, *, #2972, .F. ) ;
#1769 = CARTESIAN_POINT ( 'NONE',  ( -3.369544892101272726, 3.045228458643726821, 9.022796885830576485 ) ) ;
#1770 = EDGE_CURVE ( 'NONE', #1758, #1615, #2269, .T. ) ;
#1771 = ORIENTED_EDGE ( 'NONE', *, *, #2743, .F. ) ;
#1772 = CARTESIAN_POINT ( 'NONE',  ( 3.000000000000060396, 3.050510257216820342, 9.000000000000001776 ) ) ;
#1773 = ADVANCED_FACE ( 'NONE', ( #4484 ), #1548, .T. ) ;
#1774 = EDGE_CURVE ( 'NONE', #3957, #2130, #1195, .T. ) ;
#1775 = EDGE_LOOP ( 'NONE', ( #1330, #5325, #3880, #3775 ) ) ;
#1776 = CARTESIAN_POINT ( 'NONE',  ( 10.63875035678354664, 3.524830290924153786, 8.685364772369537079 ) ) ;
#1777 = ORIENTED_EDGE ( 'NONE', *, *, #4349, .F. ) ;
#1778 = PLANE ( 'NONE',  #2956 ) ;
#1779 = DIRECTION ( 'NONE',  ( 1.000000000000000000, 0.000000000000000000, 0.000000000000000000 ) ) ;
#1780 = CARTESIAN_POINT ( 'NONE',  ( 18.80000000000000071, 3.050510257216810572, 8.499999999999991118 ) ) ;
#1781 = ADVANCED_FACE ( 'NONE', ( #3157 ), #1094, .F. ) ;
#1782 = ORIENTED_EDGE ( 'NONE', *, *, #3795, .T. ) ;
#1783 = CARTESIAN_POINT ( 'NONE',  ( 0.000000000000000000, 7.000000000000000000, 0.000000000000000000 ) ) ;
#1784 = ORIENTED_EDGE ( 'NONE', *, *, #1144, .F. ) ;
#1785 = DATE_AND_TIME ( #3493, #3073 ) ;
#1786 = DIRECTION ( 'NONE',  ( 0.4999999999999998335, -0.7071067811865479058, -0.4999999999999998335 ) ) ;
#1787 = B_SPLINE_SURFACE_WITH_KNOTS ( 'NONE', 1, 3, ( 
 ( #563, #3021, #3805, #4239, #150, #1718, #936, #2590, #5135, #1748, #2998, #4299, #3483, #3050, #957, #584, #3078, #124 ),
 ( #1413, #173, #2975, #528, #1312, #2568, #4217, #5104, #2188, #4731, #1776, #1798, #505, #1009, #4704, #2161, #4650, #3433 ) ),
 .UNSPECIFIED., .F., .F., .F.,
 ( 2, 2 ),
 ( 4, 2, 2, 2, 2, 2, 2, 2, 4 ),
 ( 0.000000000000000000, 1.000000000000000000 ),
 ( 0.000000000000000000, 0.0002354156025383130212, 0.0004708312050766260424, 0.0005885390063457825258, 0.0007062468076149391177, 0.0009416624101532520847, 0.001177078012691565052, 0.001412493615229878235, 0.001883324820306504169 ),
 .UNSPECIFIED. ) ;
#1788 = PLANE ( 'NONE',  #4945 ) ;
#1789 = EDGE_LOOP ( 'NONE', ( #3307, #893, #2851, #3673 ) ) ;
#1790 = LINE ( 'NONE', #1765, #2354 ) ;
#1791 = ORIENTED_EDGE ( 'NONE', *, *, #3725, .F. ) ;
#1792 = LINE ( 'NONE', #4264, #2285 ) ;
#1793 = EDGE_LOOP ( 'NONE', ( #2407, #280, #3559, #1878 ) ) ;
#1794 = CARTESIAN_POINT ( 'NONE',  ( -12.79999999999999538, 22.00000000000000000, 6.500000000000012434 ) ) ;
#1795 = VERTEX_POINT ( 'NONE', #3959 ) ;
#1796 = DIRECTION ( 'NONE',  ( -0.5773502691896277295, -0.5773502691896217343, 0.5773502691896278405 ) ) ;
#1797 = VERTEX_POINT ( 'NONE', #4075 ) ;
#1798 = CARTESIAN_POINT ( 'NONE',  ( 10.48707447072325039, 3.519753414690034887, 8.719083434662634247 ) ) ;
#1799 = VERTEX_POINT ( 'NONE', #366 ) ;
#1800 = CARTESIAN_POINT ( 'NONE',  ( 18.80000000000001137, 22.00000000000000000, 9.000000000000000000 ) ) ;
#1801 = EDGE_CURVE ( 'NONE', #627, #3977, #283, .T. ) ;
#1802 = EDGE_CURVE ( 'NONE', #3198, #2477, #3593, .T. ) ;
#1803 = ADVANCED_FACE ( 'NONE', ( #1608 ), #3264, .T. ) ;
#1804 = CARTESIAN_POINT ( 'NONE',  ( 10.90583134575830471, 2.999999999999992895, 22.26998896272976580 ) ) ;
#1805 = CARTESIAN_POINT ( 'NONE',  ( -3.738213979897818007, 3.031037863655293929, 9.091462256109643647 ) ) ;
#1806 = VERTEX_POINT ( 'NONE', #2752 ) ;
#1807 = DIRECTION ( 'NONE',  ( 2.168404344971006896E-16, 0.000000000000000000, -1.000000000000000000 ) ) ;
#1808 = EDGE_CURVE ( 'NONE', #3997, #1900, #312, .T. ) ;
#1809 = EDGE_CURVE ( 'NONE', #2501, #3977, #251, .T. ) ;
#1810 = LINE ( 'NONE', #4714, #1476 ) ;
#1811 = CARTESIAN_POINT ( 'NONE',  ( -18.80000000000001492, 14.93397459621557566, 6.999999999999998224 ) ) ;
#1812 = CARTESIAN_POINT ( 'NONE',  ( -18.80000000000000071, 0.5000000000000073275, 1.499999999999999556 ) ) ;
#1813 = CARTESIAN_POINT ( 'NONE',  ( 0.000000000000000000, 7.000000000000000000, 0.000000000000000000 ) ) ;
#1814 = CARTESIAN_POINT ( 'NONE',  ( 10.32267420036780514, 3.009629708303271478, 9.240667381657438284 ) ) ;
#1815 = EDGE_LOOP ( 'NONE', ( #1544, #4971 ) ) ;
#1816 = DIRECTION ( 'NONE',  ( 1.000000000000000000, 0.000000000000000000, 4.973992624967034591E-32 ) ) ;
#1817 = ORIENTED_EDGE ( 'NONE', *, *, #817, .T. ) ;
#1818 = CARTESIAN_POINT ( 'NONE',  ( -4.802775637732070280, 3.500000000000000000, 9.000000000000001776 ) ) ;
#1819 = AXIS2_PLACEMENT_3D ( 'NONE', #1682, #4534, #5366 ) ;
#1820 = DIRECTION ( 'NONE',  ( 0.000000000000000000, -0.7071067811865474617, -0.7071067811865474617 ) ) ;
#1821 = FACE_OUTER_BOUND ( 'NONE', #425, .T. ) ;
#1822 = ORIENTED_EDGE ( 'NONE', *, *, #182, .F. ) ;
#1823 = DIRECTION ( 'NONE',  ( 0.7071067811865475727, 0.7071067811865475727, 0.000000000000000000 ) ) ;
#1824 = VECTOR ( 'NONE', #3713, 1000.000000000000000 ) ;
#1825 = EDGE_LOOP ( 'NONE', ( #2549, #4159, #4469, #5011 ) ) ;
#1826 = CONICAL_SURFACE ( 'NONE', #960, 5.947252701995559221, 0.7853981633974482790 ) ;
#1827 = FACE_OUTER_BOUND ( 'NONE', #4118, .T. ) ;
#1828 = AXIS2_PLACEMENT_3D ( 'NONE', #3370, #2960, #2225 ) ;
#1829 = VECTOR ( 'NONE', #1715, 1000.000000000000000 ) ;
#1830 = LINE ( 'NONE', #4327, #4955 ) ;
#1831 = DIRECTION ( 'NONE',  ( 0.000000000000000000, 0.000000000000000000, 1.000000000000000000 ) ) ;
#1832 = VERTEX_POINT ( 'NONE', #1523 ) ;
#1833 = ADVANCED_FACE ( 'NONE', ( #5269 ), #3183, .T. ) ;
#1834 = VECTOR ( 'NONE', #588, 1000.000000000000114 ) ;
#1835 = AXIS2_PLACEMENT_3D ( 'NONE', #2631, #4760, #1422 ) ;
#1836 = DIRECTION ( 'NONE',  ( 0.000000000000000000, -1.000000000000000000, 0.000000000000000000 ) ) ;
#1837 = VECTOR ( 'NONE', #5024, 1000.000000000000000 ) ;
#1838 = EDGE_CURVE ( 'NONE', #1694, #5167, #2625, .T. ) ;
#1839 = CARTESIAN_POINT ( 'NONE',  ( 4.474939055475145366, 3.000340428379563829, 9.387224513407458559 ) ) ;
#1840 = DIRECTION ( 'NONE',  ( -0.000000000000000000, -0.000000000000000000, -1.000000000000000000 ) ) ;
#1841 = LINE ( 'NONE', #1919, #5138 ) ;
#1842 = ADVANCED_FACE ( 'NONE', ( #4568 ), #2565, .F. ) ;
#1843 = ADVANCED_FACE ( 'NONE', ( #2136 ), #4512, .F. ) ;
#1844 = CARTESIAN_POINT ( 'NONE',  ( 18.29999999999999361, 0.000000000000000000, 8.499999999999991118 ) ) ;
#1845 = VECTOR ( 'NONE', #2765, 1000.000000000000114 ) ;
#1846 = LINE ( 'NONE', #3172, #1680 ) ;
#1847 = CARTESIAN_POINT ( 'NONE',  ( 12.79999999999999538, 22.00000000000000355, 6.499999999999999112 ) ) ;
#1848 = VERTEX_POINT ( 'NONE', #2158 ) ;
#1849 = CARTESIAN_POINT ( 'NONE',  ( -4.802775637732070280, 3.500000000000000000, 9.000000000000001776 ) ) ;
#1850 = CIRCLE ( 'NONE', #1065, 5.947252701995559221 ) ;
#1851 = ORIENTED_EDGE ( 'NONE', *, *, #4918, .F. ) ;
#1852 = CARTESIAN_POINT ( 'NONE',  ( 4.087826242143885125, 3.517132636305701610, 8.737936458200014300 ) ) ;
#1853 = EDGE_LOOP ( 'NONE', ( #1441, #670, #5009, #1008 ) ) ;
#1854 = VECTOR ( 'NONE', #591, 999.9999999999998863 ) ;
#1855 = CARTESIAN_POINT ( 'NONE',  ( -6.429289321881396013, 3.500000000000000000, 21.49217150342456151 ) ) ;
#1856 = EDGE_LOOP ( 'NONE', ( #1654, #5310, #2558, #1233 ) ) ;
#1857 = CARTESIAN_POINT ( 'NONE',  ( -18.80000000000000071, 0.5000000000000075495, 1.499999999999999556 ) ) ;
#1858 = CIRCLE ( 'NONE', #4889, 1.500000000000000000 ) ;
#1859 = PLANE ( 'NONE',  #100 ) ;
#1860 = DIRECTION ( 'NONE',  ( -0.000000000000000000, -0.000000000000000000, -1.000000000000000000 ) ) ;
#1861 = VERTEX_POINT ( 'NONE', #3290 ) ;
#1862 = APPLICATION_PROTOCOL_DEFINITION ( 'international standard', 'config_control_design', 1994, #5149 ) ;
#1863 = EDGE_CURVE ( 'NONE', #4454, #3326, #3802, .T. ) ;
#1864 = DIRECTION ( 'NONE',  ( 0.000000000000000000, -1.000000000000000000, 0.000000000000000000 ) ) ;
#1865 = CARTESIAN_POINT ( 'NONE',  ( -10.26054613696197571, 3.512171609807090533, 8.769438701033992700 ) ) ;
#1866 = DIRECTION ( 'NONE',  ( 0.000000000000000000, -0.5000000000000006661, 0.8660254037844382635 ) ) ;
#1867 = LINE ( 'NONE', #1750, #4764 ) ;
#1868 = PLANE ( 'NONE',  #5223 ) ;
#1869 = ADVANCED_FACE ( 'NONE', ( #5053 ), #2456, .T. ) ;
#1870 = ORIENTED_EDGE ( 'NONE', *, *, #241, .T. ) ;
#1871 = ADVANCED_FACE ( 'NONE', ( #396 ), #3314, .T. ) ;
#1872 = EDGE_CURVE ( 'NONE', #627, #2073, #856, .T. ) ;
#1873 = CARTESIAN_POINT ( 'NONE',  ( -18.80000000000001137, 22.00000000000000000, 6.500000000000005329 ) ) ;
#1874 = EDGE_LOOP ( 'NONE', ( #3489, #3523, #1902 ) ) ;
#1875 = CARTESIAN_POINT ( 'NONE',  ( -4.545236260913209314, 2.999999999999992895, 9.428571428571435931 ) ) ;
#1876 = EDGE_CURVE ( 'NONE', #2146, #111, #4680, .T. ) ;
#1877 = LINE ( 'NONE', #684, #2782 ) ;
#1878 = ORIENTED_EDGE ( 'NONE', *, *, #1504, .T. ) ;
#1879 = CARTESIAN_POINT ( 'NONE',  ( -3.000000000000060840, 3.500000000000000000, 12.00000000000000000 ) ) ;
#1880 = EDGE_LOOP ( 'NONE', ( #483, #2323, #4111, #298 ) ) ;
#1881 = DIRECTION ( 'NONE',  ( 0.000000000000000000, 0.000000000000000000, 1.000000000000000000 ) ) ;
#1882 = ORIENTED_EDGE ( 'NONE', *, *, #1003, .F. ) ;
#1883 = DIRECTION ( 'NONE',  ( 0.000000000000000000, -0.7071067811865475727, -0.7071067811865475727 ) ) ;
#1884 = PLANE ( 'NONE',  #445 ) ;
#1885 = LINE ( 'NONE', #1499, #4080 ) ;
#1886 = ORIENTED_EDGE ( 'NONE', *, *, #2144, .F. ) ;
#1887 = CARTESIAN_POINT ( 'NONE',  ( 10.91191069414164261, 3.037625773399313278, 9.058192634725505954 ) ) ;
#1888 = MECHANICAL_CONTEXT ( 'NONE', #4033, 'mechanical' ) ;
#1889 = CARTESIAN_POINT ( 'NONE',  ( -6.958578643762748150, 3.500000000000000000, 26.26998896272976936 ) ) ;
#1890 = FACE_OUTER_BOUND ( 'NONE', #4923, .T. ) ;
#1891 = CARTESIAN_POINT ( 'NONE',  ( -12.79999999999999538, 22.00000000000001421, 5.500000000000000000 ) ) ;
#1892 = DIRECTION ( 'NONE',  ( 0.000000000000000000, 0.000000000000000000, -1.000000000000000000 ) ) ;
#1893 = PLANE ( 'NONE',  #2031 ) ;
#1894 = ORIENTED_EDGE ( 'NONE', *, *, #1838, .T. ) ;
#1895 = DIRECTION ( 'NONE',  ( 0.000000000000000000, -1.000000000000000000, 0.000000000000000000 ) ) ;
#1896 = CARTESIAN_POINT ( 'NONE',  ( 0.000000000000000000, 0.5000000000000073275, 0.000000000000000000 ) ) ;
#1897 = EDGE_CURVE ( 'NONE', #4541, #2404, #1690, .T. ) ;
#1898 = FACE_BOUND ( 'NONE', #1815, .T. ) ;
#1899 = CARTESIAN_POINT ( 'NONE',  ( 18.29999999999999361, 0.000000000000000000, 8.499999999999991118 ) ) ;
#1900 = VERTEX_POINT ( 'NONE', #881 ) ;
#1901 = CYLINDRICAL_SURFACE ( 'NONE', #3132, 2.999999999999999112 ) ;
#1902 = ORIENTED_EDGE ( 'NONE', *, *, #3625, .F. ) ;
#1903 = CARTESIAN_POINT ( 'NONE',  ( -18.80000000000000071, 0.000000000000000000, 0.5000000000000073275 ) ) ;
#1904 = ORIENTED_EDGE ( 'NONE', *, *, #2210, .T. ) ;
#1905 = EDGE_CURVE ( 'NONE', #633, #1848, #4187, .T. ) ;
#1906 = CARTESIAN_POINT ( 'NONE',  ( 11.50000000000006217, 0.000000000000000000, 8.499999999999992895 ) ) ;
#1907 = EDGE_CURVE ( 'NONE', #2130, #2103, #2471, .T. ) ;
#1908 = VECTOR ( 'NONE', #608, 1000.000000000000000 ) ;
#1909 = LINE ( 'NONE', #4461, #1381 ) ;
#1910 = AXIS2_PLACEMENT_3D ( 'NONE', #259, #3191, #4842 ) ;
#1911 = CARTESIAN_POINT ( 'NONE',  ( -18.80000000000001137, 21.50000000000000000, 9.000000000000000000 ) ) ;
#1912 = ORIENTED_EDGE ( 'NONE', *, *, #250, .F. ) ;
#1913 = CONICAL_SURFACE ( 'NONE', #3212, 3.999999999999998224, 0.7853981633974509435 ) ;
#1914 = VECTOR ( 'NONE', #4827, 1000.000000000000114 ) ;
#1915 = CARTESIAN_POINT ( 'NONE',  ( 4.083230331636699795, 3.013967596029347717, 9.202341233998280856 ) ) ;
#1916 = LINE ( 'NONE', #1045, #1306 ) ;
#1917 = VERTEX_POINT ( 'NONE', #2520 ) ;
#1918 = VECTOR ( 'NONE', #1860, 1000.000000000000000 ) ;
#1919 = CARTESIAN_POINT ( 'NONE',  ( 8.199999999999995737, 15.80000000000000071, 0.4999999999999935052 ) ) ;
#1920 = VECTOR ( 'NONE', #1361, 1000.000000000000000 ) ;
#1921 = DIRECTION ( 'NONE',  ( -0.6546536707079743111, 0.3779644730092291405, -0.6546536707079788631 ) ) ;
#1922 = LINE ( 'NONE', #5255, #3580 ) ;
#1923 = AXIS2_PLACEMENT_3D ( 'NONE', #171, #986, #3780 ) ;
#1924 = CIRCLE ( 'NONE', #4523, 1.000000000000000888 ) ;
#1925 = DIRECTION ( 'NONE',  ( 0.000000000000000000, 0.000000000000000000, -1.000000000000000000 ) ) ;
#1926 = DIRECTION ( 'NONE',  ( -1.000000000000000000, 0.000000000000000000, -4.973992624967034591E-32 ) ) ;
#1927 = CARTESIAN_POINT ( 'NONE',  ( 11.50000000000006217, 3.050510257216815013, 9.000000000000001776 ) ) ;
#1928 = AXIS2_PLACEMENT_3D ( 'NONE', #2282, #166, #4770 ) ;
#1929 = CARTESIAN_POINT ( 'NONE',  ( -4.500000000000063061, 0.000000000000000000, 18.47171335700006978 ) ) ;
#1930 = VECTOR ( 'NONE', #3062, 1000.000000000000000 ) ;
#1931 = EDGE_CURVE ( 'NONE', #689, #4696, #783, .T. ) ;
#1932 = CARTESIAN_POINT ( 'NONE',  ( -18.80000000000001137, 22.00000000000000000, 0.5000000000000004441 ) ) ;
#1933 = ORIENTED_EDGE ( 'NONE', *, *, #3795, .F. ) ;
#1934 = CARTESIAN_POINT ( 'NONE',  ( -6.220320661078681646, 0.000000000000000000, 19.49176081818314898 ) ) ;
#1935 = ORIENTED_EDGE ( 'NONE', *, *, #488, .T. ) ;
#1936 = CARTESIAN_POINT ( 'NONE',  ( 7.328427124746252019, 2.999999999999990230, 21.30014048174625785 ) ) ;
#1937 = VERTEX_POINT ( 'NONE', #3341 ) ;
#1938 = DIRECTION ( 'NONE',  ( -1.340235097171338465E-16, -0.000000000000000000, -1.000000000000000000 ) ) ;
#1939 = CIRCLE ( 'NONE', #3420, 3.500000000000006661 ) ;
#1940 = ADVANCED_FACE ( 'NONE', ( #4907 ), #5, .F. ) ;
#1941 = EDGE_CURVE ( 'NONE', #770, #2404, #5312, .T. ) ;
#1942 = EDGE_CURVE ( 'NONE', #1517, #2334, #3298, .T. ) ;
#1943 = VECTOR ( 'NONE', #5311, 1000.000000000000000 ) ;
#1944 = DIRECTION ( 'NONE',  ( 0.000000000000000000, 0.000000000000000000, -1.000000000000000000 ) ) ;
#1945 = LINE ( 'NONE', #1068, #4432 ) ;
#1946 = ORIENTED_EDGE ( 'NONE', *, *, #3027, .T. ) ;
#1947 = PRODUCT_DEFINITION_FORMATION_WITH_SPECIFIED_SOURCE ( 'ANY', '', #2571, .NOT_KNOWN. ) ;
#1948 = EDGE_CURVE ( 'NONE', #5060, #2640, #529, .T. ) ;
#1949 = CARTESIAN_POINT ( 'NONE',  ( 3.421599689538540989, 3.043685880945590227, 9.029720392240548676 ) ) ;
#1950 = CARTESIAN_POINT ( 'NONE',  ( -9.954763739086915919, 3.000000000000003553, 9.428571428571434154 ) ) ;
#1951 = ORIENTED_EDGE ( 'NONE', *, *, #1456, .F. ) ;
#1952 = FACE_OUTER_BOUND ( 'NONE', #1825, .T. ) ;
#1953 = CARTESIAN_POINT ( 'NONE',  ( 12.79999999999999538, 20.00000000000000355, 0.4999999999999938383 ) ) ;
#1954 = PLANE ( 'NONE',  #2895 ) ;
#1955 = ORIENTED_EDGE ( 'NONE', *, *, #4524, .T. ) ;
#1956 = DIRECTION ( 'NONE',  ( -0.000000000000000000, -0.000000000000000000, -1.000000000000000000 ) ) ;
#1957 = FACE_OUTER_BOUND ( 'NONE', #590, .T. ) ;
#1958 = ORIENTED_EDGE ( 'NONE', *, *, #79, .F. ) ;
#1959 = LINE ( 'NONE', #4036, #1914 ) ;
#1960 = CARTESIAN_POINT ( 'NONE',  ( 6.429289321881393349, 3.500000000000000000, 23.04780642203497720 ) ) ;
#1961 = ORIENTED_EDGE ( 'NONE', *, *, #3295, .F. ) ;
#1962 = CARTESIAN_POINT ( 'NONE',  ( 3.550133850508499833, 3.533651136027329276, 8.634620904572132716 ) ) ;
#1963 = ORIENTED_EDGE ( 'NONE', *, *, #2544, .T. ) ;
#1964 = CARTESIAN_POINT ( 'NONE',  ( -11.50000000000006217, 0.000000000000000000, 12.00000000000000000 ) ) ;
#1965 = ORIENTED_EDGE ( 'NONE', *, *, #4623, .F. ) ;
#1966 = DIRECTION ( 'NONE',  ( 0.7071067811865475727, -0.7071067811865475727, -9.476893255940649388E-17 ) ) ;
#1967 = CARTESIAN_POINT ( 'NONE',  ( 10.52489983416034569, 3.019289839130071318, 9.162877879756742061 ) ) ;
#1968 = FACE_OUTER_BOUND ( 'NONE', #3503, .T. ) ;
#1969 = FACE_OUTER_BOUND ( 'NONE', #1856, .T. ) ;
#1970 = VERTEX_POINT ( 'NONE', #1703 ) ;
#1971 = EDGE_CURVE ( 'NONE', #208, #5278, #4205, .T. ) ;
#1972 = COORDINATED_UNIVERSAL_TIME_OFFSET ( 1, 0, .AHEAD. ) ;
#1973 = DIRECTION ( 'NONE',  ( 0.000000000000000000, 1.000000000000000000, 0.000000000000000000 ) ) ;
#1974 = CARTESIAN_POINT ( 'NONE',  ( 17.30000000000001137, 22.00000000000000000, 1.499999999999999556 ) ) ;
#1975 = EDGE_LOOP ( 'NONE', ( #3903, #4771, #3971 ) ) ;
#1976 = DIRECTION ( 'NONE',  ( 0.000000000000000000, -1.000000000000000000, 0.000000000000000000 ) ) ;
#1977 = EDGE_CURVE ( 'NONE', #5278, #1758, #1462, .T. ) ;
#1978 = CARTESIAN_POINT ( 'NONE',  ( 11.50000000000006217, 3.500000000000000000, 12.00000000000000000 ) ) ;
#1979 = ADVANCED_FACE ( 'NONE', ( #5340 ), #1620, .T. ) ;
#1980 = ORIENTED_EDGE ( 'NONE', *, *, #3829, .F. ) ;
#1981 = LINE ( 'NONE', #1184, #5062 ) ;
#1982 = LINE ( 'NONE', #4060, #24 ) ;
#1983 = PLANE ( 'NONE',  #2861 ) ;
#1984 = LINE ( 'NONE', #3973, #4168 ) ;
#1985 = ORIENTED_EDGE ( 'NONE', *, *, #2371, .F. ) ;
#1986 = DIRECTION ( 'NONE',  ( 0.000000000000000000, 0.000000000000000000, -1.000000000000000000 ) ) ;
#1987 = ORIENTED_EDGE ( 'NONE', *, *, #1801, .T. ) ;
#1988 = PLANE ( 'NONE',  #4448 ) ;
#1989 = ORIENTED_EDGE ( 'NONE', *, *, #3223, .T. ) ;
#1990 = LINE ( 'NONE', #4430, #2263 ) ;
#1991 = FACE_OUTER_BOUND ( 'NONE', #4112, .T. ) ;
#1992 = PLANE ( 'NONE',  #4609 ) ;
#1993 = EDGE_LOOP ( 'NONE', ( #4952, #2888, #1624, #527 ) ) ;
#1994 = EDGE_LOOP ( 'NONE', ( #2189, #331, #346, #4105 ) ) ;
#1995 = VECTOR ( 'NONE', #928, 1000.000000000000000 ) ;
#1996 = CARTESIAN_POINT ( 'NONE',  ( 4.005145593947932348, 3.017788711136642377, 9.173393196975220931 ) ) ;
#1997 = DIRECTION ( 'NONE',  ( 0.000000000000000000, -0.5000000000000006661, 0.8660254037844382635 ) ) ;
#1998 = APPROVAL ( #3214, 'UNSPECIFIED' ) ;
#1999 = EDGE_LOOP ( 'NONE', ( #3961, #461, #34, #356 ) ) ;
#2000 = DIRECTION ( 'NONE',  ( 0.7071067811865477948, 0.7071067811865473507, -5.301788431103437335E-15 ) ) ;
#2001 = AXIS2_PLACEMENT_3D ( 'NONE', #5288, #1164, #303 ) ;
#2002 = CIRCLE ( 'NONE', #1383, 1.000000000000000888 ) ;
#2003 = CARTESIAN_POINT ( 'NONE',  ( -10.11719318419819125, 3.002238582177018777, 9.337684441199710861 ) ) ;
#2004 = EDGE_LOOP ( 'NONE', ( #764, #2529, #4858, #1755, #3646, #5291, #65, #5016 ) ) ;
#2005 = EDGE_CURVE ( 'NONE', #4068, #3119, #3731, .T. ) ;
#2006 = LINE ( 'NONE', #4823, #1943 ) ;
#2007 = CARTESIAN_POINT ( 'NONE',  ( -5.790240495809022114, 2.999999999999992895, 19.23674895288737829 ) ) ;
#2008 = AXIS2_PLACEMENT_3D ( 'NONE', #4485, #4156, #3242 ) ;
#2009 = VECTOR ( 'NONE', #394, 1000.000000000000114 ) ;
#2010 = ADVANCED_FACE ( 'NONE', ( #26 ), #1211, .F. ) ;
#2011 = ADVANCED_FACE ( 'NONE', ( #4530 ), #5012, .F. ) ;
#2012 = DIRECTION ( 'NONE',  ( -2.992187615264231079E-16, -0.6324555320336752162, -0.7745966692414839594 ) ) ;
#2013 = DIRECTION ( 'NONE',  ( 1.000000000000000000, -0.000000000000000000, 2.040851148208007752E-16 ) ) ;
#2014 = DIRECTION ( 'NONE',  ( 0.000000000000000000, 0.000000000000000000, -1.000000000000000000 ) ) ;
#2015 = AXIS2_PLACEMENT_3D ( 'NONE', #4424, #5181, #3978 ) ;
#2016 = AXIS2_PLACEMENT_3D ( 'NONE', #4490, #372, #2375 ) ;
#2017 = CARTESIAN_POINT ( 'NONE',  ( 8.000000000000047962, 3.500000000000000000, 12.00000000000000000 ) ) ;
#2018 = ADVANCED_FACE ( 'NONE', ( #4172 ), #408, .T. ) ;
#2019 = VECTOR ( 'NONE', #3502, 1000.000000000000000 ) ;
#2020 = ORIENTED_EDGE ( 'NONE', *, *, #4684, .F. ) ;
#2021 = FACE_OUTER_BOUND ( 'NONE', #4170, .T. ) ;
#2022 = VERTEX_POINT ( 'NONE', #2007 ) ;
#2023 = DIRECTION ( 'NONE',  ( 1.000000000000000000, 0.000000000000000000, 0.000000000000000000 ) ) ;
#2024 = ORIENTED_EDGE ( 'NONE', *, *, #1674, .T. ) ;
#2025 = LINE ( 'NONE', #3674, #4081 ) ;
#2026 = CARTESIAN_POINT ( 'NONE',  ( 10.67496593748218103, 3.026799920258715471, 9.115588189675451147 ) ) ;
#2027 = DIRECTION ( 'NONE',  ( 4.731064025391292434E-16, 1.000000000000000000, 0.000000000000000000 ) ) ;
#2028 = LINE ( 'NONE', #5299, #1308 ) ;
#2029 = EDGE_LOOP ( 'NONE', ( #3533, #605, #3885, #2363 ) ) ;
#2030 = ORIENTED_EDGE ( 'NONE', *, *, #4846, .F. ) ;
#2031 = AXIS2_PLACEMENT_3D ( 'NONE', #3968, #651, #4366 ) ;
#2032 = CARTESIAN_POINT ( 'NONE',  ( -6.000000000000062172, 0.5000000000000073275, 18.47171335700006978 ) ) ;
#2033 = CARTESIAN_POINT ( 'NONE',  ( -9.834093879811073080, 3.500013689603984623, 8.934212715482996003 ) ) ;
#2034 = ORIENTED_EDGE ( 'NONE', *, *, #491, .T. ) ;
#2035 = FACE_OUTER_BOUND ( 'NONE', #525, .T. ) ;
#2036 = CARTESIAN_POINT ( 'NONE',  ( -10.86523059550573578, 3.035660947447357039, 9.067914657990336025 ) ) ;
#2037 = ORIENTED_EDGE ( 'NONE', *, *, #1638, .T. ) ;
#2038 = DIRECTION ( 'NONE',  ( 1.340235097171338465E-16, 0.000000000000000000, 1.000000000000000000 ) ) ;
#2039 = DIRECTION ( 'NONE',  ( -1.000000000000000000, 4.731064025391292434E-16, 0.000000000000000000 ) ) ;
#2040 = DIRECTION ( 'NONE',  ( 0.000000000000000000, -1.000000000000000000, 0.000000000000000000 ) ) ;
#2041 = CARTESIAN_POINT ( 'NONE',  ( 4.500000000000063061, 0.000000000000000000, 18.47171335700006978 ) ) ;
#2042 = EDGE_CURVE ( 'NONE', #2484, #5105, #2066, .T. ) ;
#2043 = EDGE_CURVE ( 'NONE', #4973, #850, #1245, .T. ) ;
#2044 = EDGE_CURVE ( 'NONE', #1069, #4958, #3660, .T. ) ;
#2045 = CARTESIAN_POINT ( 'NONE',  ( 0.000000000000000000, 7.000000000000000000, 2.999999999999999112 ) ) ;
#2046 = ORIENTED_EDGE ( 'NONE', *, *, #1371, .T. ) ;
#2047 = CARTESIAN_POINT ( 'NONE',  ( 6.782842712474677072, 2.999999999999990230, 21.84572489401783457 ) ) ;
#2048 = EDGE_LOOP ( 'NONE', ( #3098, #4457, #3595, #852 ) ) ;
#2049 = CARTESIAN_POINT ( 'NONE',  ( 6.500000000000069278, 3.500000000000000000, 12.00000000000000000 ) ) ;
#2050 = ORIENTED_EDGE ( 'NONE', *, *, #311, .T. ) ;
#2051 = CARTESIAN_POINT ( 'NONE',  ( -18.80000000000001137, 22.00000000000000000, 6.500000000000012434 ) ) ;
#2052 = EDGE_CURVE ( 'NONE', #775, #2134, #2953, .T. ) ;
#2053 = CARTESIAN_POINT ( 'NONE',  ( 10.38552988949349221, 3.012486049793881016, 9.214638462398218266 ) ) ;
#2054 = EDGE_CURVE ( 'NONE', #965, #721, #1488, .T. ) ;
#2055 = DIRECTION ( 'NONE',  ( -0.5000000000000042188, -0.7071067811865474617, -0.4999999999999957256 ) ) ;
#2056 = ORIENTED_EDGE ( 'NONE', *, *, #4525, .T. ) ;
#2057 = CARTESIAN_POINT ( 'NONE',  ( -11.50000000000006217, 3.050510257216827448, 9.000000000000001776 ) ) ;
#2058 = ORIENTED_EDGE ( 'NONE', *, *, #2150, .T. ) ;
#2059 = LINE ( 'NONE', #5272, #456 ) ;
#2060 = CARTESIAN_POINT ( 'NONE',  ( -3.134802612065779037, 3.049965270694447561, 9.002269521094680371 ) ) ;
#2061 = ORIENTED_EDGE ( 'NONE', *, *, #4158, .F. ) ;
#2062 = DIRECTION ( 'NONE',  ( 3.517143914686066147E-32, -0.7071067811865475727, -0.7071067811865475727 ) ) ;
#2063 = CARTESIAN_POINT ( 'NONE',  ( -10.29937064943557878, 3.008624509953513826, 9.250725507622059141 ) ) ;
#2064 = ORIENTED_EDGE ( 'NONE', *, *, #1931, .T. ) ;
#2065 = DIRECTION ( 'NONE',  ( -0.5773502691896311712, 0.5773502691896311712, 0.5773502691896151839 ) ) ;
#2066 = LINE ( 'NONE', #4579, #1824 ) ;
#2067 = CARTESIAN_POINT ( 'NONE',  ( 8.199999999999992184, 21.00000000000000000, 5.500000000000000000 ) ) ;
#2068 = PLANE ( 'NONE',  #1819 ) ;
#2069 = LINE ( 'NONE', #3200, #1041 ) ;
#2070 = ORIENTED_EDGE ( 'NONE', *, *, #5084, .F. ) ;
#2071 = DIRECTION ( 'NONE',  ( 0.000000000000000000, -1.000000000000000000, 0.000000000000000000 ) ) ;
#2072 = EDGE_CURVE ( 'NONE', #749, #3185, #4397, .T. ) ;
#2073 = VERTEX_POINT ( 'NONE', #1899 ) ;
#2074 = LINE ( 'NONE', #442, #1677 ) ;
#2075 = ORIENTED_EDGE ( 'NONE', *, *, #920, .F. ) ;
#2076 = CARTESIAN_POINT ( 'NONE',  ( -8.278651604167251321, 3.500000000000000000, 24.89716870432082629 ) ) ;
#2077 = LINE ( 'NONE', #4949, #2102 ) ;
#2078 = EDGE_CURVE ( 'NONE', #5068, #2945, #3901, .T. ) ;
#2079 = EDGE_CURVE ( 'NONE', #3965, #3798, #3116, .T. ) ;
#2080 = ORIENTED_EDGE ( 'NONE', *, *, #4920, .F. ) ;
#2081 = PLANE ( 'NONE',  #2198 ) ;
#2082 = ORIENTED_EDGE ( 'NONE', *, *, #78, .T. ) ;
#2083 = DIRECTION ( 'NONE',  ( -0.7071067811865474617, 0.7071067811865474617, 0.000000000000000000 ) ) ;
#2084 = DIRECTION ( 'NONE',  ( -0.5773502691896289507, 0.5773502691896275074, -0.5773502691896209571 ) ) ;
#2085 = EDGE_LOOP ( 'NONE', ( #1764, #223, #3201, #4486 ) ) ;
#2086 = CARTESIAN_POINT ( 'NONE',  ( -10.18885341308089565, 3.004342121617415984, 9.301475847844461242 ) ) ;
#2087 = CIRCLE ( 'NONE', #254, 2.000000000000008882 ) ;
#2088 = ORIENTED_EDGE ( 'NONE', *, *, #1334, .F. ) ;
#2089 = DIRECTION ( 'NONE',  ( -0.7071067811865474617, 0.7071067811865474617, 0.000000000000000000 ) ) ;
#2090 = AXIS2_PLACEMENT_3D ( 'NONE', #4812, #5243, #2778 ) ;
#2091 = FACE_OUTER_BOUND ( 'NONE', #2048, .T. ) ;
#2092 = AXIS2_PLACEMENT_3D ( 'NONE', #320, #1976, #1892 ) ;
#2093 = DIRECTION ( 'NONE',  ( 0.000000000000000000, -1.000000000000000000, 0.000000000000000000 ) ) ;
#2094 = CARTESIAN_POINT ( 'NONE',  ( 10.33910379960276948, 3.010356502099702958, 9.233700705538527842 ) ) ;
#2095 = AXIS2_PLACEMENT_3D ( 'NONE', #1932, #1005, #2254 ) ;
#2096 = AXIS2_PLACEMENT_3D ( 'NONE', #4403, #4069, #309 ) ;
#2097 = CARTESIAN_POINT ( 'NONE',  ( 8.305025253169475263, 3.500000000000000000, 24.21643557213649345 ) ) ;
#2098 = ORIENTED_EDGE ( 'NONE', *, *, #1240, .T. ) ;
#2099 = CARTESIAN_POINT ( 'NONE',  ( -6.958578643762748150, 0.5000000000000073275, 26.26998896272976936 ) ) ;
#2100 = ORIENTED_EDGE ( 'NONE', *, *, #4995, .T. ) ;
#2101 = DIRECTION ( 'NONE',  ( 0.000000000000000000, -1.000000000000000000, 0.000000000000000000 ) ) ;
#2102 = VECTOR ( 'NONE', #857, 1000.000000000000114 ) ;
#2103 = VERTEX_POINT ( 'NONE', #1027 ) ;
#2104 = VECTOR ( 'NONE', #4360, 1000.000000000000114 ) ;
#2105 = CARTESIAN_POINT ( 'NONE',  ( -3.388405338061577066, 3.044689406914349306, 9.025206498062390281 ) ) ;
#2106 = CIRCLE ( 'NONE', #5043, 1.100000000000007194 ) ;
#2107 = DIRECTION ( 'NONE',  ( -0.000000000000000000, -1.000000000000000000, -0.000000000000000000 ) ) ;
#2108 = CARTESIAN_POINT ( 'NONE',  ( -11.50000000000006217, 0.5000000000000073275, 9.000000000000001776 ) ) ;
#2109 = ORIENTED_EDGE ( 'NONE', *, *, #1560, .T. ) ;
#2110 = CARTESIAN_POINT ( 'NONE',  ( 7.951471862576194205, 0.000000000000000000, 24.56998896272977362 ) ) ;
#2111 = VERTEX_POINT ( 'NONE', #1110 ) ;
#2112 = AXIS2_PLACEMENT_3D ( 'NONE', #409, #819, #3606 ) ;
#2113 = EDGE_CURVE ( 'NONE', #848, #4929, #1877, .T. ) ;
#2114 = EDGE_CURVE ( 'NONE', #122, #3244, #3075, .T. ) ;
#2115 = ADVANCED_FACE ( 'NONE', ( #271 ), #4726, .F. ) ;
#2116 = VECTOR ( 'NONE', #233, 1000.000000000000000 ) ;
#2117 = DIRECTION ( 'NONE',  ( 3.469446951953616161E-16, -1.000000000000000000, 0.000000000000000000 ) ) ;
#2118 = CARTESIAN_POINT ( 'NONE',  ( -11.16307073611870315, 3.046245655027573829, 9.018209214546445196 ) ) ;
#2119 = ORIENTED_EDGE ( 'NONE', *, *, #4820, .T. ) ;
#2120 = CARTESIAN_POINT ( 'NONE',  ( -10.68503060238289670, 3.027289409399477993, 9.112815386630870762 ) ) ;
#2121 = CONICAL_SURFACE ( 'NONE', #2985, 0.9999999999999940048, 0.7853981633974469467 ) ;
#2122 = ORIENTED_EDGE ( 'NONE', *, *, #413, .T. ) ;
#2123 = EDGE_CURVE ( 'NONE', #941, #5073, #3981, .T. ) ;
#2124 = DIRECTION ( 'NONE',  ( 0.000000000000000000, -1.000000000000000000, 0.000000000000000000 ) ) ;
#2125 = CARTESIAN_POINT ( 'NONE',  ( 5.790240495809023002, 3.500000000000000000, 19.23674895288737829 ) ) ;
#2126 = CONICAL_SURFACE ( 'NONE', #3069, 2.000000000000008882, 0.7853981633974482790 ) ;
#2127 = CARTESIAN_POINT ( 'NONE',  ( 7.951471862576192429, 3.500000000000000000, 24.56998896272975941 ) ) ;
#2128 = DIRECTION ( 'NONE',  ( 0.7071067811865441310, 0.000000000000000000, -0.7071067811865510144 ) ) ;
#2129 = DIRECTION ( 'NONE',  ( 0.7071067811865474617, -3.197442310920556859E-14, 0.7071067811865474617 ) ) ;
#2130 = VERTEX_POINT ( 'NONE', #3585 ) ;
#2131 = DIRECTION ( 'NONE',  ( 0.000000000000000000, 1.000000000000000000, 0.000000000000000000 ) ) ;
#2132 = ORIENTED_EDGE ( 'NONE', *, *, #1863, .F. ) ;
#2133 = CARTESIAN_POINT ( 'NONE',  ( 8.199999999999993960, 15.80000000000000071, 5.500000000000000000 ) ) ;
#2134 = VERTEX_POINT ( 'NONE', #5236 ) ;
#2135 = CARTESIAN_POINT ( 'NONE',  ( -3.000000000000060396, 3.050510257216823451, 9.000000000000001776 ) ) ;
#2136 = FACE_OUTER_BOUND ( 'NONE', #2542, .T. ) ;
#2137 = CARTESIAN_POINT ( 'NONE',  ( 12.79999999999999538, 22.00000000000000355, 9.000000000000000000 ) ) ;
#2138 = ORIENTED_EDGE ( 'NONE', *, *, #1043, .T. ) ;
#2139 = DIRECTION ( 'NONE',  ( 0.7071067811865474617, -0.000000000000000000, -0.7071067811865474617 ) ) ;
#2140 = VERTEX_POINT ( 'NONE', #3176 ) ;
#2141 = DIRECTION ( 'NONE',  ( 0.000000000000000000, 0.000000000000000000, -1.000000000000000000 ) ) ;
#2142 = FACE_OUTER_BOUND ( 'NONE', #981, .T. ) ;
#2143 = VERTEX_POINT ( 'NONE', #630 ) ;
#2144 = EDGE_CURVE ( 'NONE', #3957, #5068, #2286, .T. ) ;
#2145 = CARTESIAN_POINT ( 'NONE',  ( 4.958578643762747262, 3.500000000000000000, 22.26998896272976580 ) ) ;
#2146 = VERTEX_POINT ( 'NONE', #5179 ) ;
#2147 = DIRECTION ( 'NONE',  ( 1.000000000000000000, 1.736956499101272663E-33, 4.973992624967035685E-32 ) ) ;
#2148 = CARTESIAN_POINT ( 'NONE',  ( -8.305025253169475263, 2.999999999999992895, 24.92354235332303958 ) ) ;
#2149 = EDGE_CURVE ( 'NONE', #304, #2336, #1453, .T. ) ;
#2150 = EDGE_CURVE ( 'NONE', #1717, #3509, #657, .T. ) ;
#2151 = LINE ( 'NONE', #3794, #869 ) ;
#2152 = ORIENTED_EDGE ( 'NONE', *, *, #2305, .F. ) ;
#2153 = CARTESIAN_POINT ( 'NONE',  ( -3.000000000000060396, 0.000000000000000000, 8.499999999999991118 ) ) ;
#2154 = ORIENTED_EDGE ( 'NONE', *, *, #5055, .F. ) ;
#2155 = LINE ( 'NONE', #5048, #1584 ) ;
#2156 = ORIENTED_EDGE ( 'NONE', *, *, #1942, .F. ) ;
#2157 = CARTESIAN_POINT ( 'NONE',  ( -3.131330868069409412, 3.049986523552435269, 9.002114260374764143 ) ) ;
#2158 = CARTESIAN_POINT ( 'NONE',  ( 5.790240495809023002, 0.5000000000000073275, 19.23674895288737829 ) ) ;
#2159 = CARTESIAN_POINT ( 'NONE',  ( -2.159107031748129568, 10.73968307796699051, 6.999999999999999112 ) ) ;
#2160 = ORIENTED_EDGE ( 'NONE', *, *, #4892, .T. ) ;
#2161 = CARTESIAN_POINT ( 'NONE',  ( 9.974724500359792856, 3.503182963808982198, 8.876739581504928367 ) ) ;
#2162 = ORIENTED_EDGE ( 'NONE', *, *, #3791, .T. ) ;
#2163 = DIRECTION ( 'NONE',  ( -1.000000000000000000, 0.000000000000000000, 0.000000000000000000 ) ) ;
#2164 = FACE_OUTER_BOUND ( 'NONE', #1301, .T. ) ;
#2165 = DIRECTION ( 'NONE',  ( -1.000000000000000000, 0.000000000000000000, 0.000000000000000000 ) ) ;
#2166 = ORIENTED_EDGE ( 'NONE', *, *, #3308, .F. ) ;
#2167 = FACE_OUTER_BOUND ( 'NONE', #1880, .T. ) ;
#2168 = VERTEX_POINT ( 'NONE', #2017 ) ;
#2169 =( NAMED_UNIT ( * ) PLANE_ANGLE_UNIT ( ) SI_UNIT ( $, .RADIAN. ) );
#2170 = LINE ( 'NONE', #4580, #973 ) ;
#2171 = CARTESIAN_POINT ( 'NONE',  ( -18.80000000000001137, 20.00000000000001421, 5.500000000000000000 ) ) ;
#2172 = EDGE_CURVE ( 'NONE', #1832, #5194, #3282, .T. ) ;
#2173 = ADVANCED_FACE ( 'NONE', ( #4099 ), #4477, .T. ) ;
#2174 = VECTOR ( 'NONE', #768, 1000.000000000000227 ) ;
#2175 = VECTOR ( 'NONE', #3818, 1000.000000000000000 ) ;
#2176 = ORIENTED_EDGE ( 'NONE', *, *, #3296, .T. ) ;
#2177 = DIRECTION ( 'NONE',  ( -0.5773502691896285066, 0.5773502691896285066, 0.5773502691896202910 ) ) ;
#2178 = ORIENTED_EDGE ( 'NONE', *, *, #942, .T. ) ;
#2179 = FACE_OUTER_BOUND ( 'NONE', #5182, .T. ) ;
#2180 = CARTESIAN_POINT ( 'NONE',  ( -4.033248221071682238, 3.016386260257058805, 9.183269398860970156 ) ) ;
#2181 = VECTOR ( 'NONE', #3573, 1000.000000000000114 ) ;
#2182 = CIRCLE ( 'NONE', #2959, 3.499999999999989342 ) ;
#2183 = EDGE_CURVE ( 'NONE', #1799, #3568, #5286, .T. ) ;
#2184 = ORIENTED_EDGE ( 'NONE', *, *, #2267, .F. ) ;
#2185 = VECTOR ( 'NONE', #593, 1000.000000000000000 ) ;
#2186 = CARTESIAN_POINT ( 'NONE',  ( 3.000000000000061728, 0.5000000000000073275, 9.000000000000000000 ) ) ;
#2187 = ORIENTED_EDGE ( 'NONE', *, *, #4693, .F. ) ;
#2188 = CARTESIAN_POINT ( 'NONE',  ( 10.83213177345265343, 3.530627936042733506, 8.651265087369317541 ) ) ;
#2189 = ORIENTED_EDGE ( 'NONE', *, *, #2545, .F. ) ;
#2190 = CARTESIAN_POINT ( 'NONE',  ( -11.50000000000006217, 3.050510257216827448, 9.000000000000001776 ) ) ;
#2191 = CIRCLE ( 'NONE', #3748, 2.999999999999999112 ) ;
#2192 = VECTOR ( 'NONE', #2698, 1000.000000000000000 ) ;
#2193 = LINE ( 'NONE', #1067, #1908 ) ;
#2194 = CARTESIAN_POINT ( 'NONE',  ( 6.000000000000061284, 3.500000000000000000, 12.00000000000000000 ) ) ;
#2195 = EDGE_LOOP ( 'NONE', ( #3704, #956, #2903, #4586, #3371 ) ) ;
#2196 = CARTESIAN_POINT ( 'NONE',  ( 7.699999999999999289, 2.671474153004282925E-15, 0.000000000000000000 ) ) ;
#2197 = EDGE_LOOP ( 'NONE', ( #1244, #1450, #3205, #3259 ) ) ;
#2198 = AXIS2_PLACEMENT_3D ( 'NONE', #3190, #1693, #3729 ) ;
#2199 = B_SPLINE_CURVE_WITH_KNOTS ( 'NONE', 1,
 ( #5077, #64 ),
 .UNSPECIFIED., .F., .F.,
 ( 2, 2 ),
 ( 0.000000000000000000, 1.000000000000000000 ),
 .UNSPECIFIED. ) ;
#2200 = FACE_OUTER_BOUND ( 'NONE', #19, .T. ) ;
#2201 = DIRECTION ( 'NONE',  ( 0.7071067811865475727, 0.000000000000000000, -0.7071067811865475727 ) ) ;
#2202 = CARTESIAN_POINT ( 'NONE',  ( -6.782842712474676183, 2.999999999999992895, 22.69425303144169348 ) ) ;
#2203 = AXIS2_PLACEMENT_3D ( 'NONE', #554, #3042, #141 ) ;
#2204 = AXIS2_PLACEMENT_3D ( 'NONE', #158, #4679, #2949 ) ;
#2205 = EDGE_CURVE ( 'NONE', #3687, #4375, #4855, .T. ) ;
#2206 = VERTEX_POINT ( 'NONE', #821 ) ;
#2207 = FACE_OUTER_BOUND ( 'NONE', #1345, .T. ) ;
#2208 = EDGE_LOOP ( 'NONE', ( #2377, #1603, #4777, #4271 ) ) ;
#2209 = CARTESIAN_POINT ( 'NONE',  ( -8.000000000000055067, 3.500000000000000000, 12.00000000000000000 ) ) ;
#2210 = EDGE_CURVE ( 'NONE', #3159, #3711, #761, .T. ) ;
#2211 = DIRECTION ( 'NONE',  ( -1.000000000000000000, 0.000000000000000000, 0.000000000000000000 ) ) ;
#2212 = EDGE_CURVE ( 'NONE', #4566, #2332, #2476, .T. ) ;
#2213 = CARTESIAN_POINT ( 'NONE',  ( 4.958578643762748150, 0.5000000000000073275, 25.76998896272976225 ) ) ;
#2214 = ORIENTED_EDGE ( 'NONE', *, *, #3700, .F. ) ;
#2215 = PLANE ( 'NONE',  #1582 ) ;
#2216 = EDGE_LOOP ( 'NONE', ( #504, #4883, #831, #3680 ) ) ;
#2217 = EDGE_CURVE ( 'NONE', #304, #4664, #4063, .T. ) ;
#2218 = CARTESIAN_POINT ( 'NONE',  ( -7.951471862576197758, 3.500000000000000000, 24.56998896272976296 ) ) ;
#2219 = ADVANCED_FACE ( 'NONE', ( #3315 ), #2526, .F. ) ;
#2220 = LINE ( 'NONE', #1417, #3812 ) ;
#2221 = FACE_OUTER_BOUND ( 'NONE', #3131, .T. ) ;
#2222 = ORIENTED_EDGE ( 'NONE', *, *, #1674, .F. ) ;
#2223 = FACE_OUTER_BOUND ( 'NONE', #1224, .T. ) ;
#2224 = LINE ( 'NONE', #4738, #967 ) ;
#2225 = DIRECTION ( 'NONE',  ( 0.000000000000000000, 1.000000000000000000, 0.000000000000000000 ) ) ;
#2226 = FACE_OUTER_BOUND ( 'NONE', #3203, .T. ) ;
#2227 = DIRECTION ( 'NONE',  ( 3.469446951953616161E-16, -1.000000000000000000, 0.000000000000000000 ) ) ;
#2228 = ORIENTED_EDGE ( 'NONE', *, *, #3332, .F. ) ;
#2229 = FACE_OUTER_BOUND ( 'NONE', #1618, .T. ) ;
#2230 = ORIENTED_EDGE ( 'NONE', *, *, #2932, .T. ) ;
#2231 = CARTESIAN_POINT ( 'NONE',  ( -6.500000000000068390, 0.000000000000000000, 12.00000000000000000 ) ) ;
#2232 = ADVANCED_FACE ( 'NONE', ( #4970 ), #4453, .F. ) ;
#2233 = ORIENTED_EDGE ( 'NONE', *, *, #5224, .F. ) ;
#2234 = CARTESIAN_POINT ( 'NONE',  ( -2.385334659945735236, 3.540408205773466044, 8.599999999999994316 ) ) ;
#2235 = ORIENTED_EDGE ( 'NONE', *, *, #4203, .T. ) ;
#2236 = CARTESIAN_POINT ( 'NONE',  ( 18.80000000000000071, 3.050510257216810572, 8.499999999999991118 ) ) ;
#2237 = ORIENTED_EDGE ( 'NONE', *, *, #3239, .T. ) ;
#2238 = DIRECTION ( 'NONE',  ( 0.7071067811865474617, -0.7071067811865476838, 0.000000000000000000 ) ) ;
#2239 = EDGE_CURVE ( 'NONE', #3541, #627, #2069, .T. ) ;
#2240 = ADVANCED_FACE ( 'NONE', ( #5320 ), #3255, .F. ) ;
#2241 = FACE_OUTER_BOUND ( 'NONE', #5071, .T. ) ;
#2242 = CARTESIAN_POINT ( 'NONE',  ( -3.510862341156689936, 3.534554959679036656, 8.629804328620112486 ) ) ;
#2243 = ORIENTED_EDGE ( 'NONE', *, *, #4269, .F. ) ;
#2244 = DIRECTION ( 'NONE',  ( 0.000000000000000000, -1.000000000000000000, 0.000000000000000000 ) ) ;
#2245 = APPROVAL_ROLE ( '' ) ;
#2246 = FACE_OUTER_BOUND ( 'NONE', #4480, .T. ) ;
#2247 = CARTESIAN_POINT ( 'NONE',  ( 12.79999999999999538, 22.00000000000000355, 9.000000000000000000 ) ) ;
#2248 = DIRECTION ( 'NONE',  ( -1.000000000000000000, 4.731064025391292434E-16, 0.000000000000000000 ) ) ;
#2249 = DIRECTION ( 'NONE',  ( 1.000000000000000000, -4.731064025391292434E-16, -0.000000000000000000 ) ) ;
#2250 = CARTESIAN_POINT ( 'NONE',  ( -18.80000000000001137, 21.50000000000001066, 6.999999999999999112 ) ) ;
#2251 = ORIENTED_EDGE ( 'NONE', *, *, #2911, .F. ) ;
#2252 = DIRECTION ( 'NONE',  ( -0.7071067811865475727, -1.709854476786309452E-16, -0.7071067811865475727 ) ) ;
#2253 = AXIS2_PLACEMENT_3D ( 'NONE', #3254, #868, #2880 ) ;
#2254 = DIRECTION ( 'NONE',  ( -1.000000000000000000, 0.000000000000000000, 0.000000000000000000 ) ) ;
#2255 = ORIENTED_EDGE ( 'NONE', *, *, #578, .F. ) ;
#2256 = CARTESIAN_POINT ( 'NONE',  ( 11.50000000000006217, 3.500000000000000000, 12.00000000000000000 ) ) ;
#2257 = ORIENTED_EDGE ( 'NONE', *, *, #715, .F. ) ;
#2258 = DIRECTION ( 'NONE',  ( 0.000000000000000000, 0.000000000000000000, 1.000000000000000000 ) ) ;
#2259 = AXIS2_PLACEMENT_3D ( 'NONE', #2825, #1188, #1570 ) ;
#2260 = ORIENTED_EDGE ( 'NONE', *, *, #2005, .T. ) ;
#2261 = AXIS2_PLACEMENT_3D ( 'NONE', #1124, #2710, #3168 ) ;
#2262 = FACE_OUTER_BOUND ( 'NONE', #4938, .T. ) ;
#2263 = VECTOR ( 'NONE', #3639, 1000.000000000000000 ) ;
#2264 = DIRECTION ( 'NONE',  ( 1.000000000000000000, 0.000000000000000000, -0.000000000000000000 ) ) ;
#2265 = CARTESIAN_POINT ( 'NONE',  ( -8.199999999999992184, 20.00000000000001421, 0.5000000000000004441 ) ) ;
#2266 = ORIENTED_EDGE ( 'NONE', *, *, #1099, .F. ) ;
#2267 = EDGE_CURVE ( 'NONE', #2800, #5099, #877, .T. ) ;
#2268 = VECTOR ( 'NONE', #1220, 1000.000000000000000 ) ;
#2269 = B_SPLINE_CURVE_WITH_KNOTS ( 'NONE', 1,
 ( #3616, #4896 ),
 .UNSPECIFIED., .F., .F.,
 ( 2, 2 ),
 ( 0.000000000000000000, 1.000000000000000000 ),
 .UNSPECIFIED. ) ;
#2270 = AXIS2_PLACEMENT_3D ( 'NONE', #1929, #4451, #4476 ) ;
#2271 = EDGE_CURVE ( 'NONE', #1656, #496, #4008, .T. ) ;
#2272 = ADVANCED_FACE ( 'NONE', ( #4715 ), #2497, .T. ) ;
#2273 = CIRCLE ( 'NONE', #20, 2.999999999999999112 ) ;
#2274 = CARTESIAN_POINT ( 'NONE',  ( 4.382806815802488209, 3.002238582177011672, 9.337684441199993302 ) ) ;
#2275 = CARTESIAN_POINT ( 'NONE',  ( -10.71682748114933403, 3.527327685276872238, 8.670254524169539678 ) ) ;
#2276 = CARTESIAN_POINT ( 'NONE',  ( -5.458578643762755256, 0.000000000000000000, 25.76998896272976580 ) ) ;
#2277 = DIRECTION ( 'NONE',  ( -0.000000000000000000, -0.7071067811865475727, 0.7071067811865475727 ) ) ;
#2278 = DIRECTION ( 'NONE',  ( 0.000000000000000000, 1.000000000000000000, 0.000000000000000000 ) ) ;
#2279 = EDGE_CURVE ( 'NONE', #2585, #4298, #594, .T. ) ;
#2280 = AXIS2_PLACEMENT_3D ( 'NONE', #2067, #1160, #2040 ) ;
#2281 = VECTOR ( 'NONE', #3891, 1000.000000000000000 ) ;
#2282 = CARTESIAN_POINT ( 'NONE',  ( 11.50000000000006217, 0.5000000000000073275, 12.00000000000000000 ) ) ;
#2283 = ORIENTED_EDGE ( 'NONE', *, *, #779, .F. ) ;
#2284 = CARTESIAN_POINT ( 'NONE',  ( -5.458578643762754368, 3.500000000000000000, 22.26998896272976580 ) ) ;
#2285 = VECTOR ( 'NONE', #3450, 1000.000000000000000 ) ;
#2286 = LINE ( 'NONE', #3929, #4427 ) ;
#2287 = ORIENTED_EDGE ( 'NONE', *, *, #3230, .T. ) ;
#2288 = CARTESIAN_POINT ( 'NONE',  ( 4.235786456568417790, 3.512071571733990982, 8.779589937806726141 ) ) ;
#2289 = ORIENTED_EDGE ( 'NONE', *, *, #2123, .F. ) ;
#2290 = CARTESIAN_POINT ( 'NONE',  ( 8.305025253169475263, 2.999999999999990230, 24.92354235332303958 ) ) ;
#2291 = EDGE_LOOP ( 'NONE', ( #5209, #5257, #837, #522, #1731, #4646 ) ) ;
#2292 = DIRECTION ( 'NONE',  ( 0.7071067811865474617, -0.000000000000000000, 0.7071067811865474617 ) ) ;
#2293 = VECTOR ( 'NONE', #701, 1000.000000000000114 ) ;
#2294 = CARTESIAN_POINT ( 'NONE',  ( 0.000000000000000000, 0.000000000000000000, 9.000000000000000000 ) ) ;
#2295 = DIRECTION ( 'NONE',  ( 0.7071067811865475727, -0.7071067811865475727, 0.000000000000000000 ) ) ;
#2296 = ORIENTED_EDGE ( 'NONE', *, *, #3555, .T. ) ;
#2297 = CARTESIAN_POINT ( 'NONE',  ( 11.16496008355447955, 3.046147398417975438, 9.018716708414588723 ) ) ;
#2298 = CARTESIAN_POINT ( 'NONE',  ( -4.500000000000063061, 2.999999999999992895, 18.47171335700006978 ) ) ;
#2299 = FACE_OUTER_BOUND ( 'NONE', #5103, .T. ) ;
#2300 = EDGE_CURVE ( 'NONE', #3104, #965, #186, .T. ) ;
#2301 = CARTESIAN_POINT ( 'NONE',  ( -7.207106781186605637, 3.500000000000000000, 22.26998896272976580 ) ) ;
#2302 = FACE_OUTER_BOUND ( 'NONE', #1090, .T. ) ;
#2303 = CARTESIAN_POINT ( 'NONE',  ( 18.30000000000001137, 22.00000000000000000, 6.499999999999999112 ) ) ;
#2304 = CARTESIAN_POINT ( 'NONE',  ( 10.32055841286146602, 3.009536781167815089, 9.241569455247992337 ) ) ;
#2305 = EDGE_CURVE ( 'NONE', #151, #4425, #1297, .T. ) ;
#2306 = EDGE_CURVE ( 'NONE', #378, #1717, #2557, .T. ) ;
#2307 = DIRECTION ( 'NONE',  ( 3.517143914686066147E-32, -0.7071067811865475727, -0.7071067811865475727 ) ) ;
#2308 = LINE ( 'NONE', #1896, #3035 ) ;
#2309 = CARTESIAN_POINT ( 'NONE',  ( 0.000000000000000000, 7.000000000000000000, 0.000000000000000000 ) ) ;
#2310 = ORIENTED_EDGE ( 'NONE', *, *, #191, .F. ) ;
#2311 = CARTESIAN_POINT ( 'NONE',  ( 3.861249643216566607, 3.524830290924156451, 8.685364772369538855 ) ) ;
#2312 = ORIENTED_EDGE ( 'NONE', *, *, #5256, .F. ) ;
#2313 = LINE ( 'NONE', #1114, #290 ) ;
#2314 = VERTEX_POINT ( 'NONE', #31 ) ;
#2315 = CARTESIAN_POINT ( 'NONE',  ( 0.000000000000000000, 7.000000000000000000, 2.499999999999994227 ) ) ;
#2316 = DIRECTION ( 'NONE',  ( 3.925676781412437416E-15, -0.7745966692414828492, 0.6324555320336764375 ) ) ;
#2317 = PLANE ( 'NONE',  #3125 ) ;
#2318 = ORIENTED_EDGE ( 'NONE', *, *, #3567, .T. ) ;
#2319 = CARTESIAN_POINT ( 'NONE',  ( 10.86599898699404854, 3.035712873851615701, 9.067616409189980686 ) ) ;
#2320 = DIRECTION ( 'NONE',  ( 0.000000000000000000, 0.000000000000000000, 1.000000000000000000 ) ) ;
#2321 = CARTESIAN_POINT ( 'NONE',  ( 4.192210214166016691, 3.008983708857774886, 9.247064134943345337 ) ) ;
#2322 = LINE ( 'NONE', #1472, #4511 ) ;
#2323 = ORIENTED_EDGE ( 'NONE', *, *, #4685, .F. ) ;
#2324 = CARTESIAN_POINT ( 'NONE',  ( 8.500000000000063949, 3.500000000000000000, 12.00000000000000000 ) ) ;
#2325 = LINE ( 'NONE', #4363, #878 ) ;
#2326 = CARTESIAN_POINT ( 'NONE',  ( -6.429289321881396901, 3.500000000000000000, 23.04780642203497365 ) ) ;
#2327 = DIRECTION ( 'NONE',  ( -0.7071067811865475727, -0.000000000000000000, -0.7071067811865475727 ) ) ;
#2328 = CARTESIAN_POINT ( 'NONE',  ( 0.000000000000000000, 7.000000000000000000, 9.000000000000000000 ) ) ;
#2329 = CARTESIAN_POINT ( 'NONE',  ( 2.078460969082653431, 3.399999999999999467, 2.999999999999999112 ) ) ;
#2330 = EDGE_CURVE ( 'NONE', #5335, #3965, #2528, .T. ) ;
#2331 = EDGE_CURVE ( 'NONE', #3455, #3957, #847, .T. ) ;
#2332 = VERTEX_POINT ( 'NONE', #870 ) ;
#2333 = CARTESIAN_POINT ( 'NONE',  ( 3.868221882239429199, 3.024691768362435695, 9.127589394281985236 ) ) ;
#2334 = VERTEX_POINT ( 'NONE', #3774 ) ;
#2335 = DIRECTION ( 'NONE',  ( -1.000000000000000000, 0.000000000000000000, 0.000000000000000000 ) ) ;
#2336 = VERTEX_POINT ( 'NONE', #5015 ) ;
#2337 = DIRECTION ( 'NONE',  ( -0.000000000000000000, -1.000000000000000000, -0.000000000000000000 ) ) ;
#2338 = EDGE_CURVE ( 'NONE', #2613, #2486, #1708, .T. ) ;
#2339 = VECTOR ( 'NONE', #3279, 1000.000000000000000 ) ;
#2340 = DIRECTION ( 'NONE',  ( -0.7071067811865482389, 0.000000000000000000, 0.7071067811865469066 ) ) ;
#2341 = VECTOR ( 'NONE', #1340, 1000.000000000000000 ) ;
#2342 = PLANE ( 'NONE',  #2008 ) ;
#2343 = VERTEX_POINT ( 'NONE', #3346 ) ;
#2344 = VECTOR ( 'NONE', #4126, 1000.000000000000114 ) ;
#2345 = CIRCLE ( 'NONE', #1309, 5.447252701995551227 ) ;
#2346 = CARTESIAN_POINT ( 'NONE',  ( 3.807899267267907284, 3.027636301279493569, 9.110826695900490435 ) ) ;
#2347 = CARTESIAN_POINT ( 'NONE',  ( 8.199999999999992184, 22.00000000000000355, 6.500000000000005329 ) ) ;
#2348 = ORIENTED_EDGE ( 'NONE', *, *, #2271, .T. ) ;
#2349 = VECTOR ( 'NONE', #640, 1000.000000000000000 ) ;
#2350 = DIRECTION ( 'NONE',  ( 0.000000000000000000, 0.000000000000000000, 1.000000000000000000 ) ) ;
#2351 = VECTOR ( 'NONE', #185, 1000.000000000000114 ) ;
#2352 = CARTESIAN_POINT ( 'NONE',  ( -2.078460969082653431, 3.399999999999999023, 2.999999999999999112 ) ) ;
#2353 = CARTESIAN_POINT ( 'NONE',  ( -17.30000000000000071, 0.000000000000000000, 0.5000000000000073275 ) ) ;
#2354 = VECTOR ( 'NONE', #4585, 1000.000000000000114 ) ;
#2355 = DIRECTION ( 'NONE',  ( 0.000000000000000000, 0.000000000000000000, -1.000000000000000000 ) ) ;
#2356 = CARTESIAN_POINT ( 'NONE',  ( -8.199999999999992184, 22.00000000000000000, 6.500000000000005329 ) ) ;
#2357 = DIRECTION ( 'NONE',  ( -0.000000000000000000, 0.000000000000000000, 1.000000000000000000 ) ) ;
#2358 = VECTOR ( 'NONE', #3365, 1000.000000000000000 ) ;
#2359 = EDGE_CURVE ( 'NONE', #2830, #850, #1276, .T. ) ;
#2360 = ORIENTED_EDGE ( 'NONE', *, *, #4746, .F. ) ;
#2361 = CARTESIAN_POINT ( 'NONE',  ( 3.672396049229488924, 3.034108114988071314, 9.075534881386186470 ) ) ;
#2362 = EDGE_CURVE ( 'NONE', #3455, #4803, #95, .T. ) ;
#2363 = ORIENTED_EDGE ( 'NONE', *, *, #678, .F. ) ;
#2364 = LINE ( 'NONE', #3532, #3238 ) ;
#2365 = ORIENTED_EDGE ( 'NONE', *, *, #5279, .F. ) ;
#2366 = CARTESIAN_POINT ( 'NONE',  ( -6.500000000000068390, 0.000000000000000000, 12.00000000000000000 ) ) ;
#2367 = VECTOR ( 'NONE', #1222, 1000.000000000000000 ) ;
#2368 = AXIS2_PLACEMENT_3D ( 'NONE', #3111, #5232, #1513 ) ;
#2369 = DIRECTION ( 'NONE',  ( -0.7071067811865482389, 0.000000000000000000, -0.7071067811865469066 ) ) ;
#2370 = DIRECTION ( 'NONE',  ( 0.000000000000000000, 1.000000000000000000, 0.000000000000000000 ) ) ;
#2371 = EDGE_CURVE ( 'NONE', #3541, #2073, #3869, .T. ) ;
#2372 = EDGE_CURVE ( 'NONE', #3693, #4131, #1395, .T. ) ;
#2373 = ORIENTED_EDGE ( 'NONE', *, *, #3666, .F. ) ;
#2374 =( GEOMETRIC_REPRESENTATION_CONTEXT ( 3 ) GLOBAL_UNCERTAINTY_ASSIGNED_CONTEXT ( ( #63 ) ) GLOBAL_UNIT_ASSIGNED_CONTEXT ( ( #4226, #2169, #2904 ) ) REPRESENTATION_CONTEXT ( 'NONE', 'WORKASPACE' ) );
#2375 = DIRECTION ( 'NONE',  ( 0.000000000000000000, 0.000000000000000000, 1.000000000000000000 ) ) ;
#2376 = CARTESIAN_POINT ( 'NONE',  ( -10.56757750673614460, 3.021415795382235814, 9.147789062356384449 ) ) ;
#2377 = ORIENTED_EDGE ( 'NONE', *, *, #2582, .T. ) ;
#2378 = DIRECTION ( 'NONE',  ( 0.7071067811865482389, 0.000000000000000000, 0.7071067811865469066 ) ) ;
#2379 = CARTESIAN_POINT ( 'NONE',  ( 17.30000000000000071, 0.5000000000000073275, -4.336808689942017736E-16 ) ) ;
#2380 = CARTESIAN_POINT ( 'NONE',  ( -7.699999999999998401, 22.00000000000001776, 6.999999999999999112 ) ) ;
#2381 = ORIENTED_EDGE ( 'NONE', *, *, #920, .T. ) ;
#2382 = DIRECTION ( 'NONE',  ( -0.000000000000000000, -1.000000000000000000, -0.000000000000000000 ) ) ;
#2383 = DIRECTION ( 'NONE',  ( 1.000000000000000000, 0.000000000000000000, -0.000000000000000000 ) ) ;
#2384 = LINE ( 'NONE', #3582, #4759 ) ;
#2385 = CARTESIAN_POINT ( 'NONE',  ( -13.30000000000000071, 15.30000000000000426, 0.000000000000000000 ) ) ;
#2386 = DIRECTION ( 'NONE',  ( 0.5773502691896256200, 0.5773502691896258421, -0.5773502691896258421 ) ) ;
#2387 = ORIENTED_EDGE ( 'NONE', *, *, #3160, .T. ) ;
#2388 = DIRECTION ( 'NONE',  ( -1.000000000000000000, 4.731064025391292434E-16, 0.000000000000000000 ) ) ;
#2389 = ORIENTED_EDGE ( 'NONE', *, *, #4387, .T. ) ;
#2390 = DIRECTION ( 'NONE',  ( -0.7071067811865473507, -0.7071067811865477948, 3.674173273136576934E-16 ) ) ;
#2391 = ORIENTED_EDGE ( 'NONE', *, *, #4418, .T. ) ;
#2392 = LINE ( 'NONE', #4833, #3213 ) ;
#2393 = ADVANCED_FACE ( 'NONE', ( #998 ), #211, .T. ) ;
#2394 = CARTESIAN_POINT ( 'NONE',  ( -6.782842712474676183, 3.500000000000000000, 22.69425303144169348 ) ) ;
#2395 = FACE_OUTER_BOUND ( 'NONE', #198, .T. ) ;
#2396 = ORIENTED_EDGE ( 'NONE', *, *, #885, .F. ) ;
#2397 = ORIENTED_EDGE ( 'NONE', *, *, #3462, .F. ) ;
#2398 = EDGE_CURVE ( 'NONE', #1268, #5101, #4309, .T. ) ;
#2399 = EDGE_CURVE ( 'NONE', #2103, #1615, #3036, .T. ) ;
#2400 = EDGE_CURVE ( 'NONE', #4482, #2436, #4561, .T. ) ;
#2401 = CARTESIAN_POINT ( 'NONE',  ( -6.974873734152972737, 0.000000000000000000, 20.94658709115297768 ) ) ;
#2402 = CARTESIAN_POINT ( 'NONE',  ( -8.500000000000062172, 2.999999999999992895, 18.47171335700006978 ) ) ;
#2403 = DIRECTION ( 'NONE',  ( 0.000000000000000000, -1.000000000000000000, 0.000000000000000000 ) ) ;
#2404 = VERTEX_POINT ( 'NONE', #1098 ) ;
#2405 = DIRECTION ( 'NONE',  ( -4.731064025391292434E-16, 1.000000000000000000, 0.000000000000000000 ) ) ;
#2406 = LINE ( 'NONE', #2467, #3924 ) ;
#2407 = ORIENTED_EDGE ( 'NONE', *, *, #1342, .T. ) ;
#2408 = CARTESIAN_POINT ( 'NONE',  ( -18.80000000000001137, 22.00000000000000000, 6.499999999999999112 ) ) ;
#2409 = CARTESIAN_POINT ( 'NONE',  ( -18.54999999999999716, 0.5000000000000076605, 8.749999999999996447 ) ) ;
#2410 = DIRECTION ( 'NONE',  ( 0.000000000000000000, 0.000000000000000000, 1.000000000000000000 ) ) ;
#2411 = DIRECTION ( 'NONE',  ( 0.000000000000000000, 1.000000000000000000, 0.000000000000000000 ) ) ;
#2412 = DIRECTION ( 'NONE',  ( 1.000000000000000000, -4.731064025391292434E-16, 0.000000000000000000 ) ) ;
#2413 = ORIENTED_EDGE ( 'NONE', *, *, #1099, .T. ) ;
#2414 = LINE ( 'NONE', #3635, #2701 ) ;
#2415 = ORIENTED_EDGE ( 'NONE', *, *, #2078, .T. ) ;
#2416 = LINE ( 'NONE', #359, #3759 ) ;
#2417 = ORIENTED_EDGE ( 'NONE', *, *, #1630, .F. ) ;
#2418 = DIRECTION ( 'NONE',  ( 0.5000000000000046629, -0.7071067811865444641, 0.4999999999999997780 ) ) ;
#2419 = DIRECTION ( 'NONE',  ( 0.000000000000000000, -0.000000000000000000, -1.000000000000000000 ) ) ;
#2420 = LINE ( 'NONE', #747, #2617 ) ;
#2421 = ORIENTED_EDGE ( 'NONE', *, *, #1200, .T. ) ;
#2422 = ORIENTED_EDGE ( 'NONE', *, *, #1876, .F. ) ;
#2423 = VECTOR ( 'NONE', #3226, 1000.000000000000114 ) ;
#2424 = VECTOR ( 'NONE', #3208, 1000.000000000000000 ) ;
#2425 = PERSON_AND_ORGANIZATION_ROLE ( 'creator' ) ;
#2426 = CIRCLE ( 'NONE', #699, 1.500000000000000000 ) ;
#2427 = EDGE_CURVE ( 'NONE', #4425, #610, #1916, .T. ) ;
#2428 = LINE ( 'NONE', #4927, #14 ) ;
#2429 = CARTESIAN_POINT ( 'NONE',  ( 13.29999999999999538, 20.50000000000000000, 0.000000000000000000 ) ) ;
#2430 = EDGE_LOOP ( 'NONE', ( #2867, #3612, #1611, #1599, #4066 ) ) ;
#2431 = ADVANCED_FACE ( 'NONE', ( #3964 ), #2708, .T. ) ;
#2432 = EDGE_CURVE ( 'NONE', #781, #3834, #4361, .T. ) ;
#2433 = CARTESIAN_POINT ( 'NONE',  ( -2.879225650342895015, 4.507598956915453314, 6.999999999999996447 ) ) ;
#2434 = VECTOR ( 'NONE', #3165, 1000.000000000000000 ) ;
#2435 = CARTESIAN_POINT ( 'NONE',  ( -10.07807983291645471, 3.001311157397509977, 9.358280571037662199 ) ) ;
#2436 = VERTEX_POINT ( 'NONE', #646 ) ;
#2437 = CARTESIAN_POINT ( 'NONE',  ( 4.958578643762748150, 2.999999999999992895, 25.76998896272976225 ) ) ;
#2438 = CARTESIAN_POINT ( 'NONE',  ( -18.80000000000001137, 22.00000000000000000, 6.500000000000012434 ) ) ;
#2439 = VECTOR ( 'NONE', #3960, 1000.000000000000114 ) ;
#2440 = AXIS2_PLACEMENT_3D ( 'NONE', #4351, #3438, #4279 ) ;
#2441 = DIRECTION ( 'NONE',  ( 1.000000000000000000, -4.731064025391292434E-16, -0.000000000000000000 ) ) ;
#2442 = ADVANCED_FACE ( 'NONE', ( #3187 ), #3121, .T. ) ;
#2443 = EDGE_CURVE ( 'NONE', #2552, #1797, #256, .T. ) ;
#2444 = CARTESIAN_POINT ( 'NONE',  ( -18.80000000000001137, 22.00000000000000000, 6.500000000000005329 ) ) ;
#2445 = AXIS2_PLACEMENT_3D ( 'NONE', #2478, #5322, #2388 ) ;
#2446 = AXIS2_PLACEMENT_3D ( 'NONE', #2294, #130, #1779 ) ;
#2447 = DIRECTION ( 'NONE',  ( -2.168404344971006896E-16, 0.000000000000000000, 1.000000000000000000 ) ) ;
#2448 = VECTOR ( 'NONE', #52, 1000.000000000000114 ) ;
#2449 = ORIENTED_EDGE ( 'NONE', *, *, #4555, .T. ) ;
#2450 = DIRECTION ( 'NONE',  ( -3.469446951953614682E-16, 1.000000000000000000, -0.000000000000000000 ) ) ;
#2451 = ORIENTED_EDGE ( 'NONE', *, *, #513, .T. ) ;
#2452 = DIRECTION ( 'NONE',  ( 0.000000000000000000, -1.000000000000000000, 0.000000000000000000 ) ) ;
#2453 = EDGE_LOOP ( 'NONE', ( #3841, #4052, #3590, #3017 ) ) ;
#2454 = FACE_OUTER_BOUND ( 'NONE', #1382, .T. ) ;
#2455 = VECTOR ( 'NONE', #2678, 1000.000000000000000 ) ;
#2456 = PLANE ( 'NONE',  #3974 ) ;
#2457 = DIRECTION ( 'NONE',  ( -1.000000000000000000, 4.731064025391292434E-16, 0.000000000000000000 ) ) ;
#2458 = ORIENTED_EDGE ( 'NONE', *, *, #5177, .F. ) ;
#2459 = AXIS2_PLACEMENT_3D ( 'NONE', #4040, #2452, #4974 ) ;
#2460 = ORIENTED_EDGE ( 'NONE', *, *, #3392, .F. ) ;
#2461 = VECTOR ( 'NONE', #4658, 1000.000000000000000 ) ;
#2462 = SECURITY_CLASSIFICATION_LEVEL ( 'unclassified' ) ;
#2463 = CARTESIAN_POINT ( 'NONE',  ( 3.620049083488114938, 3.036291962629636298, 9.064766485647913541 ) ) ;
#2464 = LINE ( 'NONE', #4140, #1223 ) ;
#2465 = ORIENTED_EDGE ( 'NONE', *, *, #2372, .T. ) ;
#2466 = LINE ( 'NONE', #917, #4599 ) ;
#2467 = CARTESIAN_POINT ( 'NONE',  ( -12.79999999999999538, 22.00000000000000000, 6.500000000000012434 ) ) ;
#2468 = ORIENTED_EDGE ( 'NONE', *, *, #3258, .T. ) ;
#2469 = CARTESIAN_POINT ( 'NONE',  ( 18.80000000000000071, 0.5000000000000075495, 1.499999999999999556 ) ) ;
#2470 = EDGE_CURVE ( 'NONE', #1069, #3568, #232, .T. ) ;
#2471 = LINE ( 'NONE', #1594, #1036 ) ;
#2472 = CARTESIAN_POINT ( 'NONE',  ( -8.500000000000062172, 3.500000000000000000, 18.47171335700006978 ) ) ;
#2473 = CARTESIAN_POINT ( 'NONE',  ( -18.80000000000000426, 5.500000000000016875, 9.000000000000000000 ) ) ;
#2474 = EDGE_CURVE ( 'NONE', #4575, #2925, #2322, .T. ) ;
#2475 = EDGE_CURVE ( 'NONE', #3509, #319, #2784, .T. ) ;
#2476 = LINE ( 'NONE', #1960, #3738 ) ;
#2477 = VERTEX_POINT ( 'NONE', #4441 ) ;
#2478 = CARTESIAN_POINT ( 'NONE',  ( -18.80000000000001492, 15.80000000000001492, 5.500000000000000000 ) ) ;
#2479 = ORIENTED_EDGE ( 'NONE', *, *, #854, .F. ) ;
#2480 = DIRECTION ( 'NONE',  ( 0.7071067811865475727, 0.000000000000000000, 0.7071067811865475727 ) ) ;
#2481 = EDGE_LOOP ( 'NONE', ( #5110, #530, #3247, #4329 ) ) ;
#2482 = DIRECTION ( 'NONE',  ( -0.7071067811865475727, -3.345367454581907793E-16, 0.7071067811865475727 ) ) ;
#2483 = FACE_OUTER_BOUND ( 'NONE', #4982, .T. ) ;
#2484 = VERTEX_POINT ( 'NONE', #724 ) ;
#2485 = FACE_OUTER_BOUND ( 'NONE', #3015, .T. ) ;
#2486 = VERTEX_POINT ( 'NONE', #3941 ) ;
#2487 = FACE_OUTER_BOUND ( 'NONE', #5142, .T. ) ;
#2488 = CARTESIAN_POINT ( 'NONE',  ( 3.000000000000060840, 0.000000000000000000, 12.00000000000000000 ) ) ;
#2489 = ORIENTED_EDGE ( 'NONE', *, *, #4960, .T. ) ;
#2490 = CARTESIAN_POINT ( 'NONE',  ( -8.199999999999992184, 20.00000000000001066, 0.5000000000000007772 ) ) ;
#2491 = VERTEX_POINT ( 'NONE', #5226 ) ;
#2492 = CARTESIAN_POINT ( 'NONE',  ( 6.000000000000062172, 0.5000000000000073275, 18.47171335700006978 ) ) ;
#2493 = DIRECTION ( 'NONE',  ( 0.000000000000000000, -1.000000000000000000, 0.000000000000000000 ) ) ;
#2494 = CARTESIAN_POINT ( 'NONE',  ( -8.199999999999992184, 15.80000000000000782, 0.5000000000000004441 ) ) ;
#2495 = DIRECTION ( 'NONE',  ( 0.000000000000000000, 0.000000000000000000, 1.000000000000000000 ) ) ;
#2496 = ADVANCED_FACE ( 'NONE', ( #2299 ), #1913, .T. ) ;
#2497 = PLANE ( 'NONE',  #448 ) ;
#2498 = ADVANCED_FACE ( 'NONE', ( #1890 ), #3137, .T. ) ;
#2499 = ORIENTED_EDGE ( 'NONE', *, *, #2644, .T. ) ;
#2500 = CARTESIAN_POINT ( 'NONE',  ( -8.199999999999992184, 12.00000000000000355, 0.5000000000000004441 ) ) ;
#2501 = VERTEX_POINT ( 'NONE', #3106 ) ;
#2502 = LINE ( 'NONE', #392, #4190 ) ;
#2503 = EDGE_LOOP ( 'NONE', ( #3051, #3269, #3938, #3155 ) ) ;
#2504 = ADVANCED_FACE ( 'NONE', ( #694 ), #1552, .T. ) ;
#2505 = DIRECTION ( 'NONE',  ( 0.000000000000000000, 0.000000000000000000, 1.000000000000000000 ) ) ;
#2506 = ADVANCED_FACE ( 'NONE', ( #4468 ), #535, .T. ) ;
#2507 = CARTESIAN_POINT ( 'NONE',  ( 10.90583134575830471, 0.000000000000000000, 22.26998896272976580 ) ) ;
#2508 = CARTESIAN_POINT ( 'NONE',  ( 4.958578643762748150, 2.999999999999992895, 26.26998896272976936 ) ) ;
#2509 = ORIENTED_EDGE ( 'NONE', *, *, #2300, .T. ) ;
#2510 = CARTESIAN_POINT ( 'NONE',  ( 7.700000000000001066, 14.93397459621556322, 6.999999999999998224 ) ) ;
#2511 = ORIENTED_EDGE ( 'NONE', *, *, #1003, .T. ) ;
#2512 = EDGE_CURVE ( 'NONE', #3798, #3836, #4165, .T. ) ;
#2513 = DATE_AND_TIME ( #1286, #1416 ) ;
#2514 = CARTESIAN_POINT ( 'NONE',  ( -8.000000000000051514, 3.500000000000000000, 18.47171335700006978 ) ) ;
#2515 = CARTESIAN_POINT ( 'NONE',  ( -9.974724500359803514, 3.503182963808993744, 8.876739581504926591 ) ) ;
#2516 = ORIENTED_EDGE ( 'NONE', *, *, #3535, .F. ) ;
#2517 = CARTESIAN_POINT ( 'NONE',  ( -10.36984898146267220, 3.011742326841484463, 9.220811491684230532 ) ) ;
#2518 = ORIENTED_EDGE ( 'NONE', *, *, #977, .F. ) ;
#2519 = CARTESIAN_POINT ( 'NONE',  ( -18.86073041265291650, 0.000000000000000000, 9.060730412652915788 ) ) ;
#2520 = CARTESIAN_POINT ( 'NONE',  ( 6.974873734152968296, 3.500000000000000000, 20.94658709115297768 ) ) ;
#2521 = VECTOR ( 'NONE', #1293, 1000.000000000000000 ) ;
#2522 = CARTESIAN_POINT ( 'NONE',  ( 8.199999999999992184, 20.00000000000000000, 8.999999999999998224 ) ) ;
#2523 = AXIS2_PLACEMENT_3D ( 'NONE', #3445, #573, #2227 ) ;
#2524 = FACE_OUTER_BOUND ( 'NONE', #1975, .T. ) ;
#2525 = CARTESIAN_POINT ( 'NONE',  ( 10.36320190842831401, 3.011445200883513085, 9.223654721793417721 ) ) ;
#2526 = CONICAL_SURFACE ( 'NONE', #353, 1.100000000000007194, 0.7853981633974488341 ) ;
#2527 = AXIS2_PLACEMENT_3D ( 'NONE', #219, #1376, #983 ) ;
#2528 = LINE ( 'NONE', #2677, #3641 ) ;
#2529 = ORIENTED_EDGE ( 'NONE', *, *, #1560, .F. ) ;
#2530 = DIRECTION ( 'NONE',  ( 0.000000000000000000, 0.000000000000000000, 1.000000000000000000 ) ) ;
#2531 = VERTEX_POINT ( 'NONE', #3358 ) ;
#2532 = CARTESIAN_POINT ( 'NONE',  ( 4.958578643762748150, 3.500000000000000000, 26.26998896272976936 ) ) ;
#2533 = AXIS2_PLACEMENT_3D ( 'NONE', #4077, #2893, #451 ) ;
#2534 = ORIENTED_EDGE ( 'NONE', *, *, #5248, .T. ) ;
#2535 = AXIS2_PLACEMENT_3D ( 'NONE', #835, #861, #939 ) ;
#2536 = CARTESIAN_POINT ( 'NONE',  ( -3.065026258435938455, 3.050511059170683215, 9.000000000000001776 ) ) ;
#2537 = AXIS2_PLACEMENT_3D ( 'NONE', #3118, #3553, #3670 ) ;
#2538 = ADVANCED_FACE ( 'NONE', ( #402 ), #455, .F. ) ;
#2539 = FACE_OUTER_BOUND ( 'NONE', #762, .T. ) ;
#2540 = VERTEX_POINT ( 'NONE', #1614 ) ;
#2541 = DIRECTION ( 'NONE',  ( 0.7071067811865474617, 0.000000000000000000, 0.7071067811865474617 ) ) ;
#2542 = EDGE_LOOP ( 'NONE', ( #2283, #2843, #1157 ) ) ;
#2543 = VECTOR ( 'NONE', #3145, 999.9999999999998863 ) ;
#2544 = EDGE_CURVE ( 'NONE', #1615, #4594, #1385, .T. ) ;
#2545 = EDGE_CURVE ( 'NONE', #5034, #633, #1697, .T. ) ;
#2546 = VECTOR ( 'NONE', #1866, 1000.000000000000114 ) ;
#2547 = LINE ( 'NONE', #536, #3654 ) ;
#2548 = CARTESIAN_POINT ( 'NONE',  ( -3.067411081706128861, 3.050511088582158692, 9.000000555832814442 ) ) ;
#2549 = ORIENTED_EDGE ( 'NONE', *, *, #2970, .T. ) ;
#2550 = LINE ( 'NONE', #5112, #1066 ) ;
#2551 = VECTOR ( 'NONE', #3603, 1000.000000000000000 ) ;
#2552 = VERTEX_POINT ( 'NONE', #4901 ) ;
#2553 = CARTESIAN_POINT ( 'NONE',  ( 7.328427124746252019, 3.500000000000000000, 21.30014048174625785 ) ) ;
#2554 = AXIS2_PLACEMENT_3D ( 'NONE', #1646, #4906, #782 ) ;
#2555 = DIRECTION ( 'NONE',  ( 0.5000000000000014433, -0.7071067811865454633, 0.5000000000000014433 ) ) ;
#2556 = DIRECTION ( 'NONE',  ( 1.000000000000000000, 0.000000000000000000, 0.000000000000000000 ) ) ;
#2557 = LINE ( 'NONE', #4148, #7 ) ;
#2558 = ORIENTED_EDGE ( 'NONE', *, *, #2443, .F. ) ;
#2559 = DIRECTION ( 'NONE',  ( 4.731064025391292434E-16, -1.000000000000000000, -1.051347561198064958E-16 ) ) ;
#2560 = ORIENTED_EDGE ( 'NONE', *, *, #3951, .T. ) ;
#2561 = DIRECTION ( 'NONE',  ( -1.000000000000000000, 0.000000000000000000, 2.168404344971006896E-16 ) ) ;
#2562 = VERTEX_POINT ( 'NONE', #1238 ) ;
#2563 = B_SPLINE_CURVE_WITH_KNOTS ( 'NONE', 3,
 ( #405, #1242, #5010, #2435, #4576, #2003, #864, #4142, #2086, #345, #21, #1591, #2063, #3249, #3656, #4552, #2517, #1700, #5308, #4904, #2845, #4169, #431, #1182, #4494, #778, #2872, #3740, #463, #2120, #4087, #3768, #376, #1675, #4931, #4527, #2036, #3686, #5337, #4987, #3338, #1617, #3276, #1290, #4471, #755, #811 ),
 .UNSPECIFIED., .F., .F.,
 ( 4, 1, 1, 2, 2, 2, 1, 1, 2, 2, 2, 1, 1, 2, 2, 2, 2, 1, 2, 2, 2, 1, 2, 2, 1, 2, 2, 4 ),
 ( 0.000000000000000000, 0.06250000000002629841, 0.09375000000003727574, 0.1093750000000413974, 0.1250000000000455191, 0.1875000000000668077, 0.2187500000000781597, 0.2343750000000844602, 0.2421875000000856537, 0.2500000000000868194, 0.3125000000000946465, 0.3437500000000985323, 0.3593750000001009748, 0.3671875000001021405, 0.3750000000001033063, 0.4375000000000866529, 0.4687500000000791034, 0.4843750000000753841, 0.4921875000000748290, 0.5000000000000742739, 0.5625000000000687228, 0.5937500000000659472, 0.6093750000000642819, 0.6250000000000625056, 0.6875000000000525135, 0.7187500000000471845, 0.7500000000000418554, 1.000000000000000000 ),
 .UNSPECIFIED. ) ;
#2564 = CARTESIAN_POINT ( 'NONE',  ( -3.598713500490255957, 3.037187596160779712, 9.060341164379792644 ) ) ;
#2565 = PLANE ( 'NONE',  #4267 ) ;
#2566 = DIRECTION ( 'NONE',  ( 0.000000000000000000, -1.000000000000000000, 0.000000000000000000 ) ) ;
#2567 = ORIENTED_EDGE ( 'NONE', *, *, #2577, .F. ) ;
#2568 = CARTESIAN_POINT ( 'NONE',  ( 10.98913765884342553, 3.534554959679031771, 8.629804328620110709 ) ) ;
#2569 = ORIENTED_EDGE ( 'NONE', *, *, #1808, .T. ) ;
#2570 = PLANE ( 'NONE',  #1730 ) ;
#2571 = PRODUCT ( '0PB_Cable_rails_horizontal_holder_v1.1', '0PB_Cable_rails_horizontal_holder_v1.1', '', ( #1888 ) ) ;
#2572 = CARTESIAN_POINT ( 'NONE',  ( 5.458578643762755256, 3.500000000000000000, 26.26998896272976936 ) ) ;
#2573 = CARTESIAN_POINT ( 'NONE',  ( -4.308845894074727845, 3.509630382030561435, 8.802390448832420944 ) ) ;
#2574 = ORIENTED_EDGE ( 'NONE', *, *, #2834, .F. ) ;
#2575 = ADVANCED_FACE ( 'NONE', ( #4957 ), #1474, .F. ) ;
#2576 = DIRECTION ( 'NONE',  ( -0.000000000000000000, 1.000000000000000000, -0.000000000000000000 ) ) ;
#2577 = EDGE_CURVE ( 'NONE', #4638, #2111, #2464, .T. ) ;
#2578 = VERTEX_POINT ( 'NONE', #2429 ) ;
#2579 = DIRECTION ( 'NONE',  ( -0.000000000000000000, -1.000000000000000000, -0.000000000000000000 ) ) ;
#2580 = CARTESIAN_POINT ( 'NONE',  ( 2.385334659945730351, 3.540408205773464267, 8.599999999999994316 ) ) ;
#2581 = DIRECTION ( 'NONE',  ( 1.000000000000000000, -4.731064025391292434E-16, 0.000000000000000000 ) ) ;
#2582 = EDGE_CURVE ( 'NONE', #2486, #3261, #774, .T. ) ;
#2583 = ORIENTED_EDGE ( 'NONE', *, *, #1199, .F. ) ;
#2584 = CARTESIAN_POINT ( 'NONE',  ( -7.402600990176884999, 14.76227119783746922, 7.297399009823111626 ) ) ;
#2585 = VERTEX_POINT ( 'NONE', #3736 ) ;
#2586 = CARTESIAN_POINT ( 'NONE',  ( 8.500000000000063949, 3.500000000000000000, 12.00000000000000000 ) ) ;
#2587 = CARTESIAN_POINT ( 'NONE',  ( -3.990418272415790391, 3.018523012116554494, 9.168201722495521011 ) ) ;
#2588 = DIRECTION ( 'NONE',  ( -0.7071067811865474617, -1.922962686383577375E-16, -0.7071067811865474617 ) ) ;
#2589 = VERTEX_POINT ( 'NONE', #18 ) ;
#2590 = CARTESIAN_POINT ( 'NONE',  ( 10.96111390436109012, 3.039607666176733058, 9.048598738685242893 ) ) ;
#2591 = ORIENTED_EDGE ( 'NONE', *, *, #2052, .T. ) ;
#2592 = DIRECTION ( 'NONE',  ( -0.7071067811865482389, 0.000000000000000000, -0.7071067811865469066 ) ) ;
#2593 = DIRECTION ( 'NONE',  ( 0.7071067811865493491, -0.7071067811865456854, 0.000000000000000000 ) ) ;
#2594 = CARTESIAN_POINT ( 'NONE',  ( -4.059245534203724581, 3.015089464667374042, 9.192417790507990460 ) ) ;
#2595 = ORIENTED_EDGE ( 'NONE', *, *, #1035, .F. ) ;
#2596 = CARTESIAN_POINT ( 'NONE',  ( 6.000000000000062172, 2.999999999999992895, 18.47171335700006978 ) ) ;
#2597 = VERTEX_POINT ( 'NONE', #4114 ) ;
#2598 = ADVANCED_FACE ( 'NONE', ( #2142 ), #1739, .T. ) ;
#2599 = LINE ( 'NONE', #4171, #4716 ) ;
#2600 = EDGE_CURVE ( 'NONE', #3586, #4830, #3382, .T. ) ;
#2601 = EDGE_CURVE ( 'NONE', #725, #3475, #966, .T. ) ;
#2602 = DIRECTION ( 'NONE',  ( 0.000000000000000000, 0.000000000000000000, -1.000000000000000000 ) ) ;
#2603 = DIRECTION ( 'NONE',  ( 0.7071067811865493491, -0.7071067811865456854, 0.000000000000000000 ) ) ;
#2604 = AXIS2_PLACEMENT_3D ( 'NONE', #469, #2093, #3281 ) ;
#2605 = AXIS2_PLACEMENT_3D ( 'NONE', #4145, #2039, #1271 ) ;
#2606 = AXIS2_PLACEMENT_3D ( 'NONE', #3498, #5151, #1425 ) ;
#2607 = EDGE_CURVE ( 'NONE', #1032, #3908, #994, .T. ) ;
#2608 = EDGE_CURVE ( 'NONE', #1636, #1142, #4305, .T. ) ;
#2609 = EDGE_LOOP ( 'NONE', ( #3378, #3049, #2397, #1409 ) ) ;
#2610 = DIRECTION ( 'NONE',  ( 0.000000000000000000, 1.000000000000000000, 0.000000000000000000 ) ) ;
#2611 = ORIENTED_EDGE ( 'NONE', *, *, #818, .F. ) ;
#2612 = CARTESIAN_POINT ( 'NONE',  ( -18.80000000000001137, 21.50000000000000000, 9.000000000000000000 ) ) ;
#2613 = VERTEX_POINT ( 'NONE', #509 ) ;
#2614 = CARTESIAN_POINT ( 'NONE',  ( -18.80000000000001137, 20.00000000000001421, 5.500000000000000000 ) ) ;
#2615 = VECTOR ( 'NONE', #669, 1000.000000000000000 ) ;
#2616 = VECTOR ( 'NONE', #2238, 1000.000000000000000 ) ;
#2617 = VECTOR ( 'NONE', #2055, 1000.000000000000114 ) ;
#2618 = VECTOR ( 'NONE', #5203, 1000.000000000000000 ) ;
#2619 = LINE ( 'NONE', #3803, #3826 ) ;
#2620 = ORIENTED_EDGE ( 'NONE', *, *, #4355, .T. ) ;
#2621 = FACE_OUTER_BOUND ( 'NONE', #4398, .T. ) ;
#2622 = VERTEX_POINT ( 'NONE', #156 ) ;
#2623 = LINE ( 'NONE', #1857, #2616 ) ;
#2624 = AXIS2_PLACEMENT_3D ( 'NONE', #5072, #1732, #5045 ) ;
#2625 = CIRCLE ( 'NONE', #3570, 3.999999999999996447 ) ;
#2626 = CARTESIAN_POINT ( 'NONE',  ( -18.80000000000001137, 22.00000000000001776, 5.500000000000000000 ) ) ;
#2627 = DIRECTION ( 'NONE',  ( -0.5000000000000000000, -0.8660254037844387076, 0.000000000000000000 ) ) ;
#2628 = EDGE_LOOP ( 'NONE', ( #1347, #1086, #3361, #635 ) ) ;
#2629 = LINE ( 'NONE', #5088, #2898 ) ;
#2630 = AXIS2_PLACEMENT_3D ( 'NONE', #4362, #4287, #5228 ) ;
#2631 = CARTESIAN_POINT ( 'NONE',  ( 7.207106781186605637, 2.999999999999990230, 22.26998896272976580 ) ) ;
#2632 = DIRECTION ( 'NONE',  ( 0.7071067811865474617, 0.000000000000000000, 0.7071067811865474617 ) ) ;
#2633 = PLANE ( 'NONE',  #2523 ) ;
#2634 = VECTOR ( 'NONE', #4822, 1000.000000000000000 ) ;
#2635 = EDGE_CURVE ( 'NONE', #4973, #2140, #3488, .T. ) ;
#2636 = LINE ( 'NONE', #299, #3677 ) ;
#2637 = VECTOR ( 'NONE', #4307, 1000.000000000000000 ) ;
#2638 = VERTEX_POINT ( 'NONE', #3005 ) ;
#2639 = CARTESIAN_POINT ( 'NONE',  ( -3.000000000000060840, 2.999999999999992895, 12.00000000000000000 ) ) ;
#2640 = VERTEX_POINT ( 'NONE', #1780 ) ;
#2641 = DIRECTION ( 'NONE',  ( 0.000000000000000000, 0.000000000000000000, -1.000000000000000000 ) ) ;
#2642 = CARTESIAN_POINT ( 'NONE',  ( -4.318064938929802921, 3.004134198382162335, 9.304976737939973930 ) ) ;
#2643 = EDGE_CURVE ( 'NONE', #2343, #4388, #964, .T. ) ;
#2644 = EDGE_CURVE ( 'NONE', #2597, #5338, #3809, .T. ) ;
#2645 = CARTESIAN_POINT ( 'NONE',  ( -8.199999999999992184, 20.00000000000000711, 9.000000000000005329 ) ) ;
#2646 = EDGE_LOOP ( 'NONE', ( #5306, #561, #3854, #1714 ) ) ;
#2647 = FACE_OUTER_BOUND ( 'NONE', #3513, .T. ) ;
#2648 = ORIENTED_EDGE ( 'NONE', *, *, #3659, .F. ) ;
#2649 = PLANE ( 'NONE',  #3643 ) ;
#2650 = CARTESIAN_POINT ( 'NONE',  ( -9.697224362268054065, 3.500000000000000000, 9.000000000000000000 ) ) ;
#2651 = CARTESIAN_POINT ( 'NONE',  ( -3.000000000000062617, 3.540408205773466044, 8.599999999999994316 ) ) ;
#2652 = ORIENTED_EDGE ( 'NONE', *, *, #1298, .F. ) ;
#2653 = PLANE ( 'NONE',  #2204 ) ;
#2654 = CARTESIAN_POINT ( 'NONE',  ( 12.79999999999999538, 22.00000000000000355, 6.499999999999999112 ) ) ;
#2655 = DIRECTION ( 'NONE',  ( 2.168404344971006896E-16, 0.000000000000000000, -1.000000000000000000 ) ) ;
#2656 = LINE ( 'NONE', #4762, #2799 ) ;
#2657 = DIRECTION ( 'NONE',  ( -2.992187615264231079E-16, -0.6324555320336752162, -0.7745966692414839594 ) ) ;
#2658 = LINE ( 'NONE', #652, #5058 ) ;
#2659 = CARTESIAN_POINT ( 'NONE',  ( 12.79999999999999538, 22.00000000000000355, 6.499999999999999112 ) ) ;
#2660 = ORIENTED_EDGE ( 'NONE', *, *, #649, .F. ) ;
#2661 = CARTESIAN_POINT ( 'NONE',  ( -5.458578643762754368, 0.000000000000000000, 22.26998896272976580 ) ) ;
#2662 = ADVANCED_FACE ( 'NONE', ( #2221 ), #1418, .F. ) ;
#2663 = EDGE_LOOP ( 'NONE', ( #4318, #3718, #1777 ) ) ;
#2664 = CARTESIAN_POINT ( 'NONE',  ( 3.628700444912104306, 3.531686132941386447, 8.645358822772879037 ) ) ;
#2665 = EDGE_CURVE ( 'NONE', #4088, #3957, #4280, .T. ) ;
#2666 = EDGE_CURVE ( 'NONE', #833, #5099, #2672, .T. ) ;
#2667 = ORIENTED_EDGE ( 'NONE', *, *, #3395, .F. ) ;
#2668 = DIRECTION ( 'NONE',  ( -4.731064025391292434E-16, 1.000000000000000000, 0.000000000000000000 ) ) ;
#2669 = EDGE_LOOP ( 'NONE', ( #1379, #4980, #3786 ) ) ;
#2670 = CARTESIAN_POINT ( 'NONE',  ( -10.90583134575830471, 3.500000000000000000, 22.26998896272976580 ) ) ;
#2671 = CARTESIAN_POINT ( 'NONE',  ( -18.80000000000001137, 20.00000000000001776, 0.000000000000000000 ) ) ;
#2672 = LINE ( 'NONE', #609, #3393 ) ;
#2673 = EDGE_CURVE ( 'NONE', #1848, #1574, #618, .T. ) ;
#2674 = ORIENTED_EDGE ( 'NONE', *, *, #4750, .F. ) ;
#2675 = CARTESIAN_POINT ( 'NONE',  ( 10.95550824236753407, 3.039372297165933823, 9.049733628844469635 ) ) ;
#2676 = DIRECTION ( 'NONE',  ( -1.340235097171338465E-16, 0.000000000000000000, -1.000000000000000000 ) ) ;
#2677 = CARTESIAN_POINT ( 'NONE',  ( -18.80000000000001137, 22.00000000000000000, 1.499999999999999556 ) ) ;
#2678 = DIRECTION ( 'NONE',  ( 0.000000000000000000, -1.000000000000000000, 0.000000000000000000 ) ) ;
#2679 = CARTESIAN_POINT ( 'NONE',  ( -18.80000000000001492, 15.80000000000001492, 5.500000000000000000 ) ) ;
#2680 = VERTEX_POINT ( 'NONE', #1147 ) ;
#2681 = CARTESIAN_POINT ( 'NONE',  ( 8.305025253169475263, 0.5000000000000069944, 24.92354235332303958 ) ) ;
#2682 = CARTESIAN_POINT ( 'NONE',  ( -2.600000000000012079, 7.000000000000000000, 0.000000000000000000 ) ) ;
#2683 = VECTOR ( 'NONE', #2013, 1000.000000000000000 ) ;
#2684 = ORIENTED_EDGE ( 'NONE', *, *, #342, .F. ) ;
#2685 = CARTESIAN_POINT ( 'NONE',  ( -4.250091371964008324, 3.006571803795088371, 9.272655222767420824 ) ) ;
#2686 = DIRECTION ( 'NONE',  ( 0.000000000000000000, -1.000000000000000000, 0.000000000000000000 ) ) ;
#2687 = ORIENTED_EDGE ( 'NONE', *, *, #678, .T. ) ;
#2688 = CARTESIAN_POINT ( 'NONE',  ( 3.738213979897815786, 3.031037863655289932, 9.091462256109643647 ) ) ;
#2689 = ORIENTED_EDGE ( 'NONE', *, *, #976, .F. ) ;
#2690 = CARTESIAN_POINT ( 'NONE',  ( 6.000000000000062172, 2.999999999999992895, 18.47171335700006978 ) ) ;
#2691 = VECTOR ( 'NONE', #4374, 1000.000000000000000 ) ;
#2692 = ORIENTED_EDGE ( 'NONE', *, *, #649, .T. ) ;
#2693 = VECTOR ( 'NONE', #1102, 1000.000000000000000 ) ;
#2694 = CARTESIAN_POINT ( 'NONE',  ( -17.30000000000000071, 0.5000000000000073275, 0.000000000000000000 ) ) ;
#2695 = EDGE_CURVE ( 'NONE', #695, #1694, #5220, .T. ) ;
#2696 = VECTOR ( 'NONE', #4655, 1000.000000000000000 ) ;
#2697 = AXIS2_PLACEMENT_3D ( 'NONE', #1163, #267, #2824 ) ;
#2698 = DIRECTION ( 'NONE',  ( 0.3885722761033243988, -0.7137275052471566683, 0.5827560677483778484 ) ) ;
#2699 = CARTESIAN_POINT ( 'NONE',  ( -7.207106781186605637, 0.5000000000000073275, 22.26998896272976580 ) ) ;
#2700 = ORIENTED_EDGE ( 'NONE', *, *, #3195, .T. ) ;
#2701 = VECTOR ( 'NONE', #1600, 1000.000000000000000 ) ;
#2702 = AXIS2_PLACEMENT_3D ( 'NONE', #68, #5007, #2141 ) ;
#2703 = CARTESIAN_POINT ( 'NONE',  ( -3.000000000000060396, 0.000000000000000000, 8.499999999999991118 ) ) ;
#2704 = ADVANCED_FACE ( 'NONE', ( #3565 ), #1095, .T. ) ;
#2705 = EDGE_CURVE ( 'NONE', #4298, #1636, #5270, .T. ) ;
#2706 = CONICAL_SURFACE ( 'NONE', #3405, 0.9999999999999926725, 0.7853981633974482790 ) ;
#2707 = DIRECTION ( 'NONE',  ( 0.000000000000000000, 0.000000000000000000, -1.000000000000000000 ) ) ;
#2708 = PLANE ( 'NONE',  #3894 ) ;
#2709 = CARTESIAN_POINT ( 'NONE',  ( 13.46666666666666679, 20.66666666666667496, -0.1666666666666691277 ) ) ;
#2710 = DIRECTION ( 'NONE',  ( 0.4999999999999990563, -0.7071067811865482389, 0.5000000000000000000 ) ) ;
#2711 = DIRECTION ( 'NONE',  ( -2.168404344971006896E-16, -0.000000000000000000, -1.000000000000000000 ) ) ;
#2712 = VECTOR ( 'NONE', #3355, 1000.000000000000227 ) ;
#2713 = AXIS2_PLACEMENT_3D ( 'NONE', #1978, #3627, #297 ) ;
#2714 = LINE ( 'NONE', #1847, #2019 ) ;
#2715 = ORIENTED_EDGE ( 'NONE', *, *, #380, .T. ) ;
#2716 = DIRECTION ( 'NONE',  ( 0.000000000000000000, -1.000000000000000000, 0.000000000000000000 ) ) ;
#2717 = VECTOR ( 'NONE', #4119, 1000.000000000000000 ) ;
#2718 = CARTESIAN_POINT ( 'NONE',  ( -6.000000000000062172, 2.999999999999992895, 18.47171335700006978 ) ) ;
#2719 = ORIENTED_EDGE ( 'NONE', *, *, #5023, .T. ) ;
#2720 = CARTESIAN_POINT ( 'NONE',  ( 3.471543300435790513, 3.042063920034166369, 9.037093826327280865 ) ) ;
#2721 = ORIENTED_EDGE ( 'NONE', *, *, #4418, .F. ) ;
#2722 = VECTOR ( 'NONE', #1619, 1000.000000000000114 ) ;
#2723 = DIRECTION ( 'NONE',  ( 0.000000000000000000, 1.000000000000000000, 0.000000000000000000 ) ) ;
#2724 = ORIENTED_EDGE ( 'NONE', *, *, #2239, .F. ) ;
#2725 = DIRECTION ( 'NONE',  ( -1.000000000000000000, -3.469446951953616161E-16, 0.000000000000000000 ) ) ;
#2726 = CARTESIAN_POINT ( 'NONE',  ( -4.318214063496261801, 6.999999999999999112, 6.999999999999998224 ) ) ;
#2727 = CARTESIAN_POINT ( 'NONE',  ( -8.199999999999992184, 13.33445554337723671, 9.770448267190433356 ) ) ;
#2728 = ORIENTED_EDGE ( 'NONE', *, *, #5177, .T. ) ;
#2729 = EDGE_CURVE ( 'NONE', #553, #737, #3512, .T. ) ;
#2730 = CARTESIAN_POINT ( 'NONE',  ( 11.11159466193437595, 3.044689406914225405, 9.025206498062956939 ) ) ;
#2731 = EDGE_CURVE ( 'NONE', #833, #553, #3987, .T. ) ;
#2732 = CARTESIAN_POINT ( 'NONE',  ( 4.265387903078803333, 3.006013166076759280, 9.279875380100920168 ) ) ;
#2733 = CARTESIAN_POINT ( 'NONE',  ( -18.80000000000001137, 21.50000000000000000, 6.500000000000012434 ) ) ;
#2734 = EDGE_LOOP ( 'NONE', ( #4216, #1933, #2948, #3285 ) ) ;
#2735 = CARTESIAN_POINT ( 'NONE',  ( -18.29999999999999361, 3.050510257216831000, 9.000000000000000000 ) ) ;
#2736 = EDGE_CURVE ( 'NONE', #2640, #3977, #4813, .T. ) ;
#2737 = ADVANCED_FACE ( 'NONE', ( #1039 ), #2317, .F. ) ;
#2738 = CARTESIAN_POINT ( 'NONE',  ( 11.12304071329613109, 16.19084262640890159, 4.823040713296122384 ) ) ;
#2739 = LINE ( 'NONE', #1511, #5051 ) ;
#2740 = CARTESIAN_POINT ( 'NONE',  ( 18.80000000000000426, 5.500000000000000000, 6.499999999999988454 ) ) ;
#2741 = CARTESIAN_POINT ( 'NONE',  ( -2.600000000000004974, 7.000000000000000000, 2.999999999999999112 ) ) ;
#2742 = CARTESIAN_POINT ( 'NONE',  ( 18.80000000000000071, 0.5000000000000075495, 8.499999999999991118 ) ) ;
#2743 = EDGE_CURVE ( 'NONE', #5180, #2974, #3647, .T. ) ;
#2744 = VERTEX_POINT ( 'NONE', #5244 ) ;
#2745 = CARTESIAN_POINT ( 'NONE',  ( -10.90583134575830471, 3.500000000000000000, 22.26998896272976580 ) ) ;
#2746 = ORIENTED_EDGE ( 'NONE', *, *, #1971, .F. ) ;
#2747 = CARTESIAN_POINT ( 'NONE',  ( 3.572458479888172889, 3.038284920053818006, 9.054926879322286126 ) ) ;
#2748 = ORIENTED_EDGE ( 'NONE', *, *, #683, .F. ) ;
#2749 = CARTESIAN_POINT ( 'NONE',  ( -7.328427124746252019, 3.500000000000000000, 21.30014048174625785 ) ) ;
#2750 = ORIENTED_EDGE ( 'NONE', *, *, #5158, .F. ) ;
#2751 = FACE_OUTER_BOUND ( 'NONE', #3, .T. ) ;
#2752 = CARTESIAN_POINT ( 'NONE',  ( 4.958578643762747262, 2.999999999999992895, 22.26998896272976580 ) ) ;
#2753 = CARTESIAN_POINT ( 'NONE',  ( 11.50000000000006217, 2.999999999999990230, 12.00000000000000000 ) ) ;
#2754 = VERTEX_POINT ( 'NONE', #313 ) ;
#2755 = CARTESIAN_POINT ( 'NONE',  ( 3.878806475156083344, 3.024124770637437898, 9.131516336806145162 ) ) ;
#2756 = DIRECTION ( 'NONE',  ( 0.000000000000000000, 0.000000000000000000, -1.000000000000000000 ) ) ;
#2757 = ORIENTED_EDGE ( 'NONE', *, *, #54, .F. ) ;
#2758 = CARTESIAN_POINT ( 'NONE',  ( -8.000000000000055067, 0.000000000000000000, 12.00000000000000000 ) ) ;
#2759 = CARTESIAN_POINT ( 'NONE',  ( -5.458578643762754368, 0.000000000000000000, 22.26998896272976580 ) ) ;
#2760 = DIRECTION ( 'NONE',  ( 0.000000000000000000, 0.03489949670250100389, -0.9993908270190956511 ) ) ;
#2761 = EDGE_CURVE ( 'NONE', #2638, #1832, #228, .T. ) ;
#2762 = CARTESIAN_POINT ( 'NONE',  ( -3.000000000000062617, 3.540408205773465600, 8.599999999999994316 ) ) ;
#2763 = ADVANCED_FACE ( 'NONE', ( #1969 ), #3617, .F. ) ;
#2764 = ADVANCED_FACE ( 'NONE', ( #2780 ), #3184, .F. ) ;
#2765 = DIRECTION ( 'NONE',  ( -0.6546536707079769757, -0.3779644730092275307, 0.6546536707079770867 ) ) ;
#2766 = ORIENTED_EDGE ( 'NONE', *, *, #3830, .F. ) ;
#2767 = CARTESIAN_POINT ( 'NONE',  ( 8.500000000000063949, 2.999999999999990230, 12.00000000000000000 ) ) ;
#2768 = EDGE_CURVE ( 'NONE', #3509, #3997, #1885, .T. ) ;
#2769 = EDGE_CURVE ( 'NONE', #4296, #1970, #1465, .T. ) ;
#2770 = DIRECTION ( 'NONE',  ( 0.000000000000000000, 0.7071067811865474617, -0.7071067811865474617 ) ) ;
#2771 = ORIENTED_EDGE ( 'NONE', *, *, #2862, .F. ) ;
#2772 = CARTESIAN_POINT ( 'NONE',  ( 4.012925529276865078, 3.519753414690037552, 8.719083434662636023 ) ) ;
#2773 = ORIENTED_EDGE ( 'NONE', *, *, #2643, .F. ) ;
#2774 = CARTESIAN_POINT ( 'NONE',  ( -3.000000000000060396, 0.000000000000000000, 8.499999999999991118 ) ) ;
#2775 = EDGE_LOOP ( 'NONE', ( #2983, #5132, #4932, #4553 ) ) ;
#2776 = CARTESIAN_POINT ( 'NONE',  ( -5.458578643762755256, 2.999999999999992895, 26.26998896272976936 ) ) ;
#2777 = AXIS2_PLACEMENT_3D ( 'NONE', #1295, #2957, #384 ) ;
#2778 = DIRECTION ( 'NONE',  ( 0.000000000000000000, 6.308085367188390241E-16, -1.000000000000000000 ) ) ;
#2779 = VECTOR ( 'NONE', #2405, 1000.000000000000000 ) ;
#2780 = FACE_OUTER_BOUND ( 'NONE', #2430, .T. ) ;
#2781 = ORIENTED_EDGE ( 'NONE', *, *, #2005, .F. ) ;
#2782 = VECTOR ( 'NONE', #2770, 1000.000000000000114 ) ;
#2783 = DIRECTION ( 'NONE',  ( 0.000000000000000000, -1.000000000000000000, 0.000000000000000000 ) ) ;
#2784 = LINE ( 'NONE', #4794, #187 ) ;
#2785 = VERTEX_POINT ( 'NONE', #284 ) ;
#2786 = VECTOR ( 'NONE', #4045, 1000.000000000000000 ) ;
#2787 = DIRECTION ( 'NONE',  ( -1.000000000000000000, 0.000000000000000000, 0.000000000000000000 ) ) ;
#2788 = AXIS2_PLACEMENT_3D ( 'NONE', #3004, #428, #4983 ) ;
#2789 = LINE ( 'NONE', #295, #3550 ) ;
#2790 = DIRECTION ( 'NONE',  ( 0.000000000000000000, -1.000000000000000000, -1.051347561198064958E-16 ) ) ;
#2791 = ORIENTED_EDGE ( 'NONE', *, *, #745, .T. ) ;
#2792 = CIRCLE ( 'NONE', #2015, 3.999999999999996447 ) ;
#2793 = DIRECTION ( 'NONE',  ( 0.000000000000000000, 1.000000000000000000, 1.051347561198064958E-16 ) ) ;
#2794 = CARTESIAN_POINT ( 'NONE',  ( 7.207106781186605637, 3.500000000000000000, 22.26998896272976580 ) ) ;
#2795 = CYLINDRICAL_SURFACE ( 'NONE', #349, 2.100000000000000089 ) ;
#2796 = CONICAL_SURFACE ( 'NONE', #2112, 2.100000000000000089, 0.7853981633974482790 ) ;
#2797 = ADVANCED_FACE ( 'NONE', ( #1549 ), #5124, .F. ) ;
#2798 = DIRECTION ( 'NONE',  ( 0.000000000000000000, -1.000000000000000000, 0.000000000000000000 ) ) ;
#2799 = VECTOR ( 'NONE', #1046, 1000.000000000000227 ) ;
#2800 = VERTEX_POINT ( 'NONE', #4462 ) ;
#2801 = LINE ( 'NONE', #5344, #195 ) ;
#2802 = VERTEX_POINT ( 'NONE', #2265 ) ;
#2803 = FACE_OUTER_BOUND ( 'NONE', #1994, .T. ) ;
#2804 = ORIENTED_EDGE ( 'NONE', *, *, #23, .T. ) ;
#2805 = EDGE_CURVE ( 'NONE', #1113, #1006, #1945, .T. ) ;
#2806 = LINE ( 'NONE', #797, #4604 ) ;
#2807 = ADVANCED_FACE ( 'NONE', ( #3912 ), #2342, .F. ) ;
#2808 = CIRCLE ( 'NONE', #2713, 3.500000000000013323 ) ;
#2809 = AXIS2_PLACEMENT_3D ( 'NONE', #5280, #1956, #4497 ) ;
#2810 = CARTESIAN_POINT ( 'NONE',  ( -8.500000000000063949, 2.999999999999992895, 12.00000000000000000 ) ) ;
#2811 = DIRECTION ( 'NONE',  ( 1.000000000000000000, 0.000000000000000000, 0.000000000000000000 ) ) ;
#2812 = ORIENTED_EDGE ( 'NONE', *, *, #1941, .F. ) ;
#2813 = ORIENTED_EDGE ( 'NONE', *, *, #2172, .T. ) ;
#2814 = AXIS2_PLACEMENT_3D ( 'NONE', #1292, #4607, #4204 ) ;
#2815 = CARTESIAN_POINT ( 'NONE',  ( 3.765767241474343940, 3.029692933843813663, 9.099118859558405603 ) ) ;
#2816 = DIRECTION ( 'NONE',  ( -0.000000000000000000, -1.000000000000000000, -0.000000000000000000 ) ) ;
#2817 = ORIENTED_EDGE ( 'NONE', *, *, #779, .T. ) ;
#2818 = LINE ( 'NONE', #697, #3390 ) ;
#2819 = CARTESIAN_POINT ( 'NONE',  ( -4.156921938165305974, 6.999999999999999112, 2.999999999999999112 ) ) ;
#2820 = ORIENTED_EDGE ( 'NONE', *, *, #2470, .F. ) ;
#2821 = DIRECTION ( 'NONE',  ( 0.000000000000000000, 0.000000000000000000, -1.000000000000000000 ) ) ;
#2822 = DIRECTION ( 'NONE',  ( 0.000000000000000000, -1.000000000000000000, 0.000000000000000000 ) ) ;
#2823 = DIRECTION ( 'NONE',  ( 1.000000000000000000, 0.000000000000000000, 0.000000000000000000 ) ) ;
#2824 = DIRECTION ( 'NONE',  ( 0.000000000000000000, 0.000000000000000000, -1.000000000000000000 ) ) ;
#2825 = CARTESIAN_POINT ( 'NONE',  ( 8.199999999999992184, 21.00000000000000000, 5.500000000000000000 ) ) ;
#2826 = ORIENTED_EDGE ( 'NONE', *, *, #1240, .F. ) ;
#2827 = CARTESIAN_POINT ( 'NONE',  ( 18.80000000000000071, -4.814824860968089633E-32, 8.499999999999991118 ) ) ;
#2828 = ORIENTED_EDGE ( 'NONE', *, *, #3413, .T. ) ;
#2829 = CARTESIAN_POINT ( 'NONE',  ( -18.80000000000001847, 5.500000000000016875, 9.000000000000000000 ) ) ;
#2830 = VERTEX_POINT ( 'NONE', #3325 ) ;
#2831 = LINE ( 'NONE', #1522, #4513 ) ;
#2832 = EDGE_CURVE ( 'NONE', #3800, #3638, #2028, .T. ) ;
#2833 = ADVANCED_FACE ( 'NONE', ( #2483 ), #1992, .T. ) ;
#2834 = EDGE_CURVE ( 'NONE', #4958, #2846, #40, .T. ) ;
#2835 = PLANE ( 'NONE',  #3827 ) ;
#2836 = DIRECTION ( 'NONE',  ( 1.000000000000000000, 0.000000000000000000, -2.040851148208007752E-16 ) ) ;
#2837 = EDGE_LOOP ( 'NONE', ( #4516, #3875 ) ) ;
#2838 = ORIENTED_EDGE ( 'NONE', *, *, #919, .T. ) ;
#2839 = CALENDAR_DATE ( 2023, 1, 6 ) ;
#2840 = ADVANCED_FACE ( 'NONE', ( #3644 ), #4569, .T. ) ;
#2841 = CARTESIAN_POINT ( 'NONE',  ( 3.824644991973763730, 3.026813865953464688, 9.115551260239646680 ) ) ;
#2842 = CARTESIAN_POINT ( 'NONE',  ( -11.43258891829399282, 3.050511088582163133, 9.000000555832812665 ) ) ;
#2843 = ORIENTED_EDGE ( 'NONE', *, *, #2470, .T. ) ;
#2844 = LINE ( 'NONE', #5029, #4072 ) ;
#2845 = CARTESIAN_POINT ( 'NONE',  ( -10.48568904950053948, 3.017333796185821093, 9.176669169290365247 ) ) ;
#2846 = VERTEX_POINT ( 'NONE', #397 ) ;
#2847 = CARTESIAN_POINT ( 'NONE',  ( -4.500000000000063061, 0.000000000000000000, 18.47171335700006978 ) ) ;
#2848 = DIRECTION ( 'NONE',  ( 0.000000000000000000, 0.000000000000000000, 1.000000000000000000 ) ) ;
#2849 = CARTESIAN_POINT ( 'NONE',  ( 11.50000000000006217, 3.050510257216815013, 9.000000000000001776 ) ) ;
#2850 = DIRECTION ( 'NONE',  ( 0.000000000000000000, 0.000000000000000000, 1.000000000000000000 ) ) ;
#2851 = ORIENTED_EDGE ( 'NONE', *, *, #3888, .T. ) ;
#2852 = CARTESIAN_POINT ( 'NONE',  ( 7.699999999999992184, 20.50000000000000355, 0.000000000000000000 ) ) ;
#2853 = EDGE_LOOP ( 'NONE', ( #138, #1168, #2771, #4266 ) ) ;
#2854 = DIRECTION ( 'NONE',  ( 0.000000000000000000, 1.000000000000000000, 0.000000000000000000 ) ) ;
#2855 = ORIENTED_EDGE ( 'NONE', *, *, #4355, .F. ) ;
#2856 = DIRECTION ( 'NONE',  ( 0.7071067811865475727, 4.088782444488997702E-16, -0.7071067811865475727 ) ) ;
#2857 = CARTESIAN_POINT ( 'NONE',  ( 11.50000000000006217, 0.000000000000000000, 12.00000000000000000 ) ) ;
#2858 = CARTESIAN_POINT ( 'NONE',  ( 18.29999999999999361, 0.000000000000000000, 1.499999999999999556 ) ) ;
#2859 = ORIENTED_EDGE ( 'NONE', *, *, #1669, .T. ) ;
#2860 = ORIENTED_EDGE ( 'NONE', *, *, #3986, .T. ) ;
#2861 = AXIS2_PLACEMENT_3D ( 'NONE', #4035, #1054, #325 ) ;
#2862 = EDGE_CURVE ( 'NONE', #3475, #3243, #2420, .T. ) ;
#2863 = VECTOR ( 'NONE', #449, 1000.000000000000114 ) ;
#2864 = PERSON_AND_ORGANIZATION ( #3330, #1683 ) ;
#2865 = LINE ( 'NONE', #317, #269 ) ;
#2866 = CARTESIAN_POINT ( 'NONE',  ( -3.000000000000060840, 2.999999999999992895, 12.00000000000000000 ) ) ;
#2867 = ORIENTED_EDGE ( 'NONE', *, *, #2644, .F. ) ;
#2868 = DIRECTION ( 'NONE',  ( 1.000000000000000000, 0.000000000000000000, 4.973992624967034591E-32 ) ) ;
#2869 = VECTOR ( 'NONE', #1820, 1000.000000000000114 ) ;
#2870 = VECTOR ( 'NONE', #5100, 1000.000000000000114 ) ;
#2871 = EDGE_CURVE ( 'NONE', #2886, #2073, #4979, .T. ) ;
#2872 = CARTESIAN_POINT ( 'NONE',  ( -10.63995942656864280, 3.025060463943874733, 9.125871617122754742 ) ) ;
#2873 = ADVANCED_FACE ( 'NONE', ( #2395 ), #4110, .T. ) ;
#2874 = ORIENTED_EDGE ( 'NONE', *, *, #2666, .T. ) ;
#2875 = LINE ( 'NONE', #4091, #209 ) ;
#2876 = DIRECTION ( 'NONE',  ( 0.000000000000000000, 1.000000000000000000, 0.000000000000000000 ) ) ;
#2877 = VECTOR ( 'NONE', #4405, 1000.000000000000114 ) ;
#2878 = CIRCLE ( 'NONE', #2702, 2.000000000000001776 ) ;
#2879 = DIRECTION ( 'NONE',  ( 1.000000000000000000, -4.731064025391292434E-16, -0.000000000000000000 ) ) ;
#2880 = DIRECTION ( 'NONE',  ( -1.000000000000000000, 0.000000000000000000, -0.000000000000000000 ) ) ;
#2881 = VECTOR ( 'NONE', #2071, 1000.000000000000000 ) ;
#2882 = VECTOR ( 'NONE', #5329, 1000.000000000000000 ) ;
#2883 = CIRCLE ( 'NONE', #2280, 1.000000000000000888 ) ;
#2884 = ORIENTED_EDGE ( 'NONE', *, *, #154, .F. ) ;
#2885 = CARTESIAN_POINT ( 'NONE',  ( -7.207106781186605637, 3.500000000000000000, 22.26998896272976580 ) ) ;
#2886 = VERTEX_POINT ( 'NONE', #2858 ) ;
#2887 = CARTESIAN_POINT ( 'NONE',  ( -6.782842712474677072, 2.999999999999992895, 21.84572489401783457 ) ) ;
#2888 = ORIENTED_EDGE ( 'NONE', *, *, #386, .T. ) ;
#2889 = CARTESIAN_POINT ( 'NONE',  ( -3.335039916444093144, 3.046147398417983876, 9.018716708414414640 ) ) ;
#2890 = CARTESIAN_POINT ( 'NONE',  ( 10.70611738697459359, 3.028319653207971474, 9.106943954593807788 ) ) ;
#2891 = VECTOR ( 'NONE', #3204, 999.9999999999998863 ) ;
#2892 = CARTESIAN_POINT ( 'NONE',  ( 10.90583134575830471, 0.000000000000000000, 22.26998896272976580 ) ) ;
#2893 = DIRECTION ( 'NONE',  ( 4.973992624967034591E-32, 1.051347561198064958E-16, -1.000000000000000000 ) ) ;
#2894 = ORIENTED_EDGE ( 'NONE', *, *, #2705, .F. ) ;
#2895 = AXIS2_PLACEMENT_3D ( 'NONE', #3519, #5277, #2711 ) ;
#2896 = LINE ( 'NONE', #832, #288 ) ;
#2897 = EDGE_LOOP ( 'NONE', ( #2058, #2674, #2312, #4300 ) ) ;
#2898 = VECTOR ( 'NONE', #1807, 1000.000000000000000 ) ;
#2899 = LINE ( 'NONE', #2572, #1135 ) ;
#2900 = CARTESIAN_POINT ( 'NONE',  ( -3.471543300435791402, 3.042063920034169477, 9.037093826327282642 ) ) ;
#2901 = EDGE_LOOP ( 'NONE', ( #2348, #4342, #3614, #1782 ) ) ;
#2902 = LINE ( 'NONE', #2490, #296 ) ;
#2903 = ORIENTED_EDGE ( 'NONE', *, *, #4846, .T. ) ;
#2904 =( NAMED_UNIT ( * ) SI_UNIT ( $, .STERADIAN. ) SOLID_ANGLE_UNIT ( ) );
#2905 = CARTESIAN_POINT ( 'NONE',  ( -17.30000000000000071, 0.5000000000000073275, 0.000000000000000000 ) ) ;
#2906 = EDGE_CURVE ( 'NONE', #4584, #610, #2077, .T. ) ;
#2907 = EDGE_CURVE ( 'NONE', #5194, #1806, #3701, .T. ) ;
#2908 = CARTESIAN_POINT ( 'NONE',  ( -12.79999999999999361, 15.80000000000001137, 0.5000000000000004441 ) ) ;
#2909 = DIRECTION ( 'NONE',  ( 0.000000000000000000, 0.9993908270190957621, -0.03489949670250101083 ) ) ;
#2910 = CARTESIAN_POINT ( 'NONE',  ( -9.697224362268054065, 3.500000000000000000, 9.000000000000000000 ) ) ;
#2911 = EDGE_CURVE ( 'NONE', #1848, #111, #3757, .T. ) ;
#2912 = ORIENTED_EDGE ( 'NONE', *, *, #2673, .T. ) ;
#2913 = CARTESIAN_POINT ( 'NONE',  ( 11.50000000000006217, 0.5000000000000073275, 9.000000000000001776 ) ) ;
#2914 = VERTEX_POINT ( 'NONE', #4545 ) ;
#2915 = PLANE ( 'NONE',  #4708 ) ;
#2916 = ORIENTED_EDGE ( 'NONE', *, *, #3032, .F. ) ;
#2917 = CARTESIAN_POINT ( 'NONE',  ( 10.90583134575830471, 3.500000000000000000, 22.26998896272976580 ) ) ;
#2918 = DIRECTION ( 'NONE',  ( 0.7071067811865475727, -0.7071067811865475727, -0.000000000000000000 ) ) ;
#2919 = EDGE_LOOP ( 'NONE', ( #2064, #3873, #2257, #795 ) ) ;
#2920 = CARTESIAN_POINT ( 'NONE',  ( -7.207106781186605637, 2.999999999999992895, 22.26998896272976580 ) ) ;
#2921 = VERTEX_POINT ( 'NONE', #1633 ) ;
#2922 = APPROVAL_DATE_TIME ( #2513, #1998 ) ;
#2923 = DIRECTION ( 'NONE',  ( 0.7071067811865482389, 0.000000000000000000, -0.7071067811865469066 ) ) ;
#2924 = CARTESIAN_POINT ( 'NONE',  ( -9.697224362268052289, 3.500000000000011102, 9.000000000000000000 ) ) ;
#2925 = VERTEX_POINT ( 'NONE', #3291 ) ;
#2926 = LINE ( 'NONE', #48, #4278 ) ;
#2927 = ORIENTED_EDGE ( 'NONE', *, *, #2736, .T. ) ;
#2928 = CARTESIAN_POINT ( 'NONE',  ( -18.80000000000001137, 21.50000000000000000, 1.499999999999999556 ) ) ;
#2929 = DIRECTION ( 'NONE',  ( 0.000000000000000000, 0.000000000000000000, 1.000000000000000000 ) ) ;
#2930 = CYLINDRICAL_SURFACE ( 'NONE', #2979, 1.500000000000001332 ) ;
#2931 = CARTESIAN_POINT ( 'NONE',  ( 16.29999999999999005, 5.500000000000000888, 8.999999999999996447 ) ) ;
#2932 = EDGE_CURVE ( 'NONE', #5057, #600, #4514, .T. ) ;
#2933 = CARTESIAN_POINT ( 'NONE',  ( 18.29999999999999361, 0.000000000000000000, 8.499999999999991118 ) ) ;
#2934 = ORIENTED_EDGE ( 'NONE', *, *, #1430, .F. ) ;
#2935 = CARTESIAN_POINT ( 'NONE',  ( 18.29999999999999716, 5.500000000000000000, 9.000000000000000000 ) ) ;
#2936 = ORIENTED_EDGE ( 'NONE', *, *, #5122, .T. ) ;
#2937 = CARTESIAN_POINT ( 'NONE',  ( 6.000000000000061284, 2.999999999999992895, 12.00000000000000000 ) ) ;
#2938 = ORIENTED_EDGE ( 'NONE', *, *, #4693, .T. ) ;
#2939 = CARTESIAN_POINT ( 'NONE',  ( 18.30000000000001137, 22.00000000000000000, 1.499999999999999556 ) ) ;
#2940 = ADVANCED_FACE ( 'NONE', ( #769 ), #1230, .F. ) ;
#2941 = ADVANCED_FACE ( 'NONE', ( #1260 ), #3902, .T. ) ;
#2942 = CARTESIAN_POINT ( 'NONE',  ( -6.500000000000068390, 0.000000000000000000, 9.000000000000001776 ) ) ;
#2943 = ORIENTED_EDGE ( 'NONE', *, *, #4463, .T. ) ;
#2944 = CARTESIAN_POINT ( 'NONE',  ( 6.500000000000071942, 0.000000000000000000, 12.00000000000000000 ) ) ;
#2945 = VERTEX_POINT ( 'NONE', #2108 ) ;
#2946 = DIRECTION ( 'NONE',  ( -1.000000000000000000, -3.469446951953616161E-16, 0.000000000000000000 ) ) ;
#2947 = CARTESIAN_POINT ( 'NONE',  ( -10.63875035678355374, 3.524830290924162668, 8.685364772369540631 ) ) ;
#2948 = ORIENTED_EDGE ( 'NONE', *, *, #2212, .F. ) ;
#2949 = DIRECTION ( 'NONE',  ( -1.340235097171338465E-16, 0.000000000000000000, 1.000000000000000000 ) ) ;
#2950 = VECTOR ( 'NONE', #4967, 1000.000000000000000 ) ;
#2951 = ORIENTED_EDGE ( 'NONE', *, *, #1948, .T. ) ;
#2952 = CYLINDRICAL_SURFACE ( 'NONE', #2814, 5.947252701995559221 ) ;
#2953 = LINE ( 'NONE', #2401, #183 ) ;
#2954 = VECTOR ( 'NONE', #4805, 1000.000000000000000 ) ;
#2955 = CARTESIAN_POINT ( 'NONE',  ( 3.452188659711821650, 5.500000000000006217, 6.999999999999997335 ) ) ;
#2956 = AXIS2_PLACEMENT_3D ( 'NONE', #5081, #3023, #1064 ) ;
#2957 = DIRECTION ( 'NONE',  ( 4.731064025391292434E-16, 1.000000000000000000, 0.000000000000000000 ) ) ;
#2958 = AXIS2_PLACEMENT_3D ( 'NONE', #3537, #4382, #2811 ) ;
#2959 = AXIS2_PLACEMENT_3D ( 'NONE', #1004, #3950, #4700 ) ;
#2960 = DIRECTION ( 'NONE',  ( 1.000000000000000000, 4.731064025391292434E-16, -0.000000000000000000 ) ) ;
#2961 = ORIENTED_EDGE ( 'NONE', *, *, #5352, .T. ) ;
#2962 = LINE ( 'NONE', #4617, #709 ) ;
#2963 = ORIENTED_EDGE ( 'NONE', *, *, #2768, .F. ) ;
#2964 = CARTESIAN_POINT ( 'NONE',  ( 9.832681439747036123, 3.500000000000001776, 8.934891614612784139 ) ) ;
#2965 = VECTOR ( 'NONE', #3823, 1000.000000000000000 ) ;
#2966 = ORIENTED_EDGE ( 'NONE', *, *, #4785, .F. ) ;
#2967 = CIRCLE ( 'NONE', #2270, 3.499999999999989342 ) ;
#2968 = CARTESIAN_POINT ( 'NONE',  ( -3.634001013048709705, 3.035712873849748306, 9.067616409198770100 ) ) ;
#2969 = VECTOR ( 'NONE', #653, 1000.000000000000000 ) ;
#2970 = EDGE_CURVE ( 'NONE', #287, #4678, #3353, .T. ) ;
#2971 = CARTESIAN_POINT ( 'NONE',  ( 4.958578643762748150, 0.5000000000000073275, 25.76998896272976225 ) ) ;
#2972 = EDGE_CURVE ( 'NONE', #1634, #3418, #9, .T. ) ;
#2973 = ADVANCED_FACE ( 'NONE', ( #526 ), #1378, .F. ) ;
#2974 = VERTEX_POINT ( 'NONE', #503 ) ;
#2975 = CARTESIAN_POINT ( 'NONE',  ( 11.34273028591909416, 3.539972216555513640, 8.602118219688591694 ) ) ;
#2976 = ORIENTED_EDGE ( 'NONE', *, *, #5281, .F. ) ;
#2977 = FACE_OUTER_BOUND ( 'NONE', #4795, .T. ) ;
#2978 = CIRCLE ( 'NONE', #4179, 1.000000000000000888 ) ;
#2979 = AXIS2_PLACEMENT_3D ( 'NONE', #1272, #1348, #2602 ) ;
#2980 = DIRECTION ( 'NONE',  ( 0.7071067811865474617, 0.000000000000000000, 0.7071067811865474617 ) ) ;
#2981 = CARTESIAN_POINT ( 'NONE',  ( -3.861249643216569272, 3.524830290924160892, 8.685364772369537079 ) ) ;
#2982 = ADVANCED_FACE ( 'NONE', ( #934 ), #1355, .F. ) ;
#2983 = ORIENTED_EDGE ( 'NONE', *, *, #3951, .F. ) ;
#2984 = DIRECTION ( 'NONE',  ( 0.000000000000000000, 0.000000000000000000, 1.000000000000000000 ) ) ;
#2985 = AXIS2_PLACEMENT_3D ( 'NONE', #3221, #2278, #3944 ) ;
#2986 = ORIENTED_EDGE ( 'NONE', *, *, #5111, .F. ) ;
#2987 = CARTESIAN_POINT ( 'NONE',  ( 4.500000000000063061, 0.5000000000000073275, 18.47171335700006978 ) ) ;
#2988 = CARTESIAN_POINT ( 'NONE',  ( 6.782842712474676183, 2.999999999999990230, 22.69425303144169348 ) ) ;
#2989 = CARTESIAN_POINT ( 'NONE',  ( -3.000000000000062617, 3.540408205773465600, 8.599999999999994316 ) ) ;
#2990 = EDGE_LOOP ( 'NONE', ( #1521, #5323, #3256, #4275 ) ) ;
#2991 = DIRECTION ( 'NONE',  ( 0.7071067811865474617, 0.000000000000000000, -0.7071067811865474617 ) ) ;
#2992 = ORIENTED_EDGE ( 'NONE', *, *, #4590, .T. ) ;
#2993 = DIRECTION ( 'NONE',  ( 1.000000000000000000, 0.000000000000000000, -0.000000000000000000 ) ) ;
#2994 = ORIENTED_EDGE ( 'NONE', *, *, #285, .F. ) ;
#2995 = CARTESIAN_POINT ( 'NONE',  ( -3.964175177322740939, 3.019838210788456490, 9.159148559267935141 ) ) ;
#2996 = DIRECTION ( 'NONE',  ( -0.000000000000000000, 0.000000000000000000, -1.000000000000000000 ) ) ;
#2997 = ORIENTED_EDGE ( 'NONE', *, *, #4326, .T. ) ;
#2998 = CARTESIAN_POINT ( 'NONE',  ( 10.76178602010230279, 3.031037863655284159, 9.091462256109641871 ) ) ;
#2999 = ORIENTED_EDGE ( 'NONE', *, *, #4456, .F. ) ;
#3000 = DIRECTION ( 'NONE',  ( -0.000000000000000000, -1.000000000000000000, -0.000000000000000000 ) ) ;
#3001 = ADVANCED_FACE ( 'NONE', ( #1716 ), #4702, .F. ) ;
#3002 = ADVANCED_FACE ( 'NONE', ( #3377 ), #5102, .F. ) ;
#3003 = EDGE_CURVE ( 'NONE', #965, #5214, #2199, .T. ) ;
#3004 = CARTESIAN_POINT ( 'NONE',  ( 0.000000000000000000, 7.000000000000000000, 9.000000000000000000 ) ) ;
#3005 = CARTESIAN_POINT ( 'NONE',  ( 6.958578643762748150, 2.999999999999990230, 26.26998896272976936 ) ) ;
#3006 = ORIENTED_EDGE ( 'NONE', *, *, #808, .F. ) ;
#3007 = CARTESIAN_POINT ( 'NONE',  ( -10.90583134575830471, 3.500000000000000000, 25.76998896272976225 ) ) ;
#3008 = EDGE_LOOP ( 'NONE', ( #3906, #3783, #2310, #4409 ) ) ;
#3009 = EDGE_CURVE ( 'NONE', #4629, #2802, #3431, .T. ) ;
#3010 = EDGE_CURVE ( 'NONE', #2578, #3261, #1310, .T. ) ;
#3011 = DIRECTION ( 'NONE',  ( 0.000000000000000000, 1.000000000000000000, 0.000000000000000000 ) ) ;
#3012 = DIRECTION ( 'NONE',  ( 0.000000000000000000, 0.000000000000000000, -1.000000000000000000 ) ) ;
#3013 = ORIENTED_EDGE ( 'NONE', *, *, #3733, .T. ) ;
#3014 = DIRECTION ( 'NONE',  ( -0.4999999999999997224, 0.7071067811865496822, -0.4999999999999972800 ) ) ;
#3015 = EDGE_LOOP ( 'NONE', ( #89, #5128, #858, #512 ) ) ;
#3016 = CARTESIAN_POINT ( 'NONE',  ( 9.697224362268045184, 3.500000000000000000, 9.000000000000000000 ) ) ;
#3017 = ORIENTED_EDGE ( 'NONE', *, *, #126, .F. ) ;
#3018 = CARTESIAN_POINT ( 'NONE',  ( 6.808133436881214529, 3.363206858847402003, 25.90678210388235669 ) ) ;
#3019 = CARTESIAN_POINT ( 'NONE',  ( 12.79999999999999538, 22.00000000000000355, 0.4999999999999935052 ) ) ;
#3020 = ORIENTED_EDGE ( 'NONE', *, *, #4791, .T. ) ;
#3021 = CARTESIAN_POINT ( 'NONE',  ( 11.43258891829398394, 3.050511088582150698, 9.000000555832810889 ) ) ;
#3022 = ORIENTED_EDGE ( 'NONE', *, *, #846, .T. ) ;
#3023 = DIRECTION ( 'NONE',  ( 0.7071067811865425767, 0.000000000000000000, 0.7071067811865524577 ) ) ;
#3024 = DIRECTION ( 'NONE',  ( 0.000000000000000000, 0.000000000000000000, -1.000000000000000000 ) ) ;
#3025 = CARTESIAN_POINT ( 'NONE',  ( -8.199999999999992184, 12.00000000000000355, 6.500000000000005329 ) ) ;
#3026 = EDGE_LOOP ( 'NONE', ( #3618, #4400, #1564, #4975, #498, #2692, #905, #3652, #4041, #1542, #1111, #134, #358, #1581, #655, #4161, #4551, #1219, #335, #1722, #4539, #2997, #5267, #3398, #2260, #2082, #5275, #2381, #2098, #4336, #4263, #576, #314, #3531 ) ) ;
#3027 = EDGE_CURVE ( 'NONE', #151, #4638, #560, .T. ) ;
#3028 = LINE ( 'NONE', #2196, #2637 ) ;
#3029 = APPROVAL_DATE_TIME ( #1421, #5206 ) ;
#3030 = CARTESIAN_POINT ( 'NONE',  ( 4.058632370649015719, 3.015152262124811244, 9.192885544377030982 ) ) ;
#3031 = LINE ( 'NONE', #867, #2358 ) ;
#3032 = EDGE_CURVE ( 'NONE', #721, #3150, #913, .T. ) ;
#3033 = ADVANCED_FACE ( 'NONE', ( #2539 ), #3856, .T. ) ;
#3034 = LINE ( 'NONE', #2679, #5028 ) ;
#3035 = VECTOR ( 'NONE', #3949, 1000.000000000000000 ) ;
#3036 = B_SPLINE_CURVE_WITH_KNOTS ( 'NONE', 3,
 ( #3495, #1423, #4739, #4331, #617, #2275, #3916, #1865, #5169, #2910 ),
 .UNSPECIFIED., .F., .F.,
 ( 4, 2, 2, 2, 4 ),
 ( 0.000000000000000000, 0.2500000000000000000, 0.3750000000000000000, 0.5000000000000000000, 1.000000000000000000 ),
 .UNSPECIFIED. ) ;
#3037 = AXIS2_PLACEMENT_3D ( 'NONE', #4120, #3743, #4934 ) ;
#3038 = CIRCLE ( 'NONE', #4681, 2.600000000000012079 ) ;
#3039 = ORIENTED_EDGE ( 'NONE', *, *, #2359, .F. ) ;
#3040 = PLANE ( 'NONE',  #2624 ) ;
#3041 = ORIENTED_EDGE ( 'NONE', *, *, #1298, .T. ) ;
#3042 = DIRECTION ( 'NONE',  ( 0.5000000000000029976, -0.7071067811865467956, -0.4999999999999981126 ) ) ;
#3043 = CARTESIAN_POINT ( 'NONE',  ( -4.136798091614697803, 3.011445200881272655, 9.223654721811071155 ) ) ;
#3044 = VECTOR ( 'NONE', #160, 1000.000000000000114 ) ;
#3045 = VECTOR ( 'NONE', #3206, 1000.000000000000000 ) ;
#3046 = VECTOR ( 'NONE', #2084, 1000.000000000000000 ) ;
#3047 = VECTOR ( 'NONE', #4113, 1000.000000000000114 ) ;
#3048 = DIRECTION ( 'NONE',  ( 0.000000000000000000, 0.000000000000000000, -1.000000000000000000 ) ) ;
#3049 = ORIENTED_EDGE ( 'NONE', *, *, #4825, .F. ) ;
#3050 = CARTESIAN_POINT ( 'NONE',  ( 10.44075446579639532, 3.015089464667364716, 9.192417790507992237 ) ) ;
#3051 = ORIENTED_EDGE ( 'NONE', *, *, #2359, .T. ) ;
#3052 = DIRECTION ( 'NONE',  ( -0.000000000000000000, 0.000000000000000000, -1.000000000000000000 ) ) ;
#3053 = VECTOR ( 'NONE', #2177, 1000.000000000000114 ) ;
#3054 = DIRECTION ( 'NONE',  ( 0.000000000000000000, -1.000000000000000000, 0.000000000000000000 ) ) ;
#3055 = CARTESIAN_POINT ( 'NONE',  ( -3.784462057411855263, 3.527286491991118211, 8.670499222623382352 ) ) ;
#3056 = VERTEX_POINT ( 'NONE', #2234 ) ;
#3057 = VECTOR ( 'NONE', #2879, 1000.000000000000000 ) ;
#3058 = DIRECTION ( 'NONE',  ( -0.000000000000000000, -0.000000000000000000, -1.000000000000000000 ) ) ;
#3059 = VECTOR ( 'NONE', #2378, 999.9999999999998863 ) ;
#3060 = LINE ( 'NONE', #4330, #890 ) ;
#3061 = CARTESIAN_POINT ( 'NONE',  ( -18.50000000000002132, 3.050510257216838106, 8.799999999999974065 ) ) ;
#3062 = DIRECTION ( 'NONE',  ( 0.000000000000000000, 0.000000000000000000, 1.000000000000000000 ) ) ;
#3063 = CARTESIAN_POINT ( 'NONE',  ( -3.630218751414932665, 3.532563908935623775, 8.634001224049754342 ) ) ;
#3064 = AXIS2_PLACEMENT_3D ( 'NONE', #2586, #2993, #4234 ) ;
#3065 = B_SPLINE_CURVE_WITH_KNOTS ( 'NONE', 3,
 ( #1269, #1725, #3387, #840 ),
 .UNSPECIFIED., .F., .F.,
 ( 4, 4 ),
 ( 0.000000000000000000, 1.000000000000000000 ),
 .UNSPECIFIED. ) ;
#3066 = CARTESIAN_POINT ( 'NONE',  ( -4.958578643762748150, 0.5000000000000073275, 25.76998896272976225 ) ) ;
#3067 = EDGE_CURVE ( 'NONE', #2531, #3294, #2619, .T. ) ;
#3068 = EDGE_CURVE ( 'NONE', #2914, #4891, #3454, .T. ) ;
#3069 = AXIS2_PLACEMENT_3D ( 'NONE', #3710, #5361, #1643 ) ;
#3070 = DIRECTION ( 'NONE',  ( 2.168404344971006896E-16, -0.000000000000000000, 1.000000000000000000 ) ) ;
#3071 = EDGE_LOOP ( 'NONE', ( #5089, #1374, #1685, #2289 ) ) ;
#3072 = CARTESIAN_POINT ( 'NONE',  ( -4.295850401387361295, 3.004900759336024407, 9.294254958377729636 ) ) ;
#3073 = LOCAL_TIME ( 14, 1, 51.00000000000000000, #3084 ) ;
#3074 = ADVANCED_FACE ( 'NONE', ( #1821 ), #1746, .T. ) ;
#3075 = LINE ( 'NONE', #3976, #533 ) ;
#3076 = DIRECTION ( 'NONE',  ( 0.000000000000000000, 0.000000000000000000, 1.000000000000000000 ) ) ;
#3077 = ORIENTED_EDGE ( 'NONE', *, *, #3501, .T. ) ;
#3078 = CARTESIAN_POINT ( 'NONE',  ( 10.07208046840949933, 3.000017112004957909, 9.358085052303213303 ) ) ;
#3079 = ORIENTED_EDGE ( 'NONE', *, *, #3010, .T. ) ;
#3080 = DIRECTION ( 'NONE',  ( -3.345367454581889058E-16, -0.7071067811865436870, -0.7071067811865513475 ) ) ;
#3081 = CARTESIAN_POINT ( 'NONE',  ( 10.90583134575830471, 2.999999999999992895, 22.26998896272976580 ) ) ;
#3082 = DIRECTION ( 'NONE',  ( -0.8654978445076765281, 0.4996954135095478811, -0.03489949670250102470 ) ) ;
#3083 = ORIENTED_EDGE ( 'NONE', *, *, #2635, .T. ) ;
#3084 = COORDINATED_UNIVERSAL_TIME_OFFSET ( 1, 0, .AHEAD. ) ;
#3085 = DIRECTION ( 'NONE',  ( 0.7071067811865500152, 7.434149899070879364E-17, -0.7071067811865451302 ) ) ;
#3086 = DIRECTION ( 'NONE',  ( 4.731064025391292434E-16, -1.000000000000000000, 0.000000000000000000 ) ) ;
#3087 = CARTESIAN_POINT ( 'NONE',  ( 12.79999999999999538, 15.80000000000000071, 9.000000000000000000 ) ) ;
#3088 = FACE_OUTER_BOUND ( 'NONE', #1874, .T. ) ;
#3089 = CARTESIAN_POINT ( 'NONE',  ( -18.80000000000000071, 0.000000000000000000, 8.499999999999991118 ) ) ;
#3090 = DIRECTION ( 'NONE',  ( -2.992187615264236503E-16, -0.6324555320336764375, -0.7745966692414828492 ) ) ;
#3091 = VERTEX_POINT ( 'NONE', #4272 ) ;
#3092 = EDGE_CURVE ( 'NONE', #2111, #2146, #3481, .T. ) ;
#3093 = CARTESIAN_POINT ( 'NONE',  ( -4.170809067284208638, 3.009916836536921991, 9.237895971348264013 ) ) ;
#3094 = VERTEX_POINT ( 'NONE', #2159 ) ;
#3095 = CARTESIAN_POINT ( 'NONE',  ( 3.067411081706125309, 3.050511088582155583, 9.000000555832812665 ) ) ;
#3096 = EDGE_LOOP ( 'NONE', ( #1719, #2160, #990, #4694 ) ) ;
#3097 = CARTESIAN_POINT ( 'NONE',  ( 3.000000000000060840, 0.000000000000000000, 12.00000000000000000 ) ) ;
#3098 = ORIENTED_EDGE ( 'NONE', *, *, #154, .T. ) ;
#3099 = EDGE_CURVE ( 'NONE', #1142, #4629, #104, .T. ) ;
#3100 = DIRECTION ( 'NONE',  ( 0.000000000000000000, 1.000000000000000000, 0.000000000000000000 ) ) ;
#3101 = EDGE_CURVE ( 'NONE', #1699, #319, #4341, .T. ) ;
#3102 = CARTESIAN_POINT ( 'NONE',  ( 8.500000000000062172, 2.999999999999990230, 18.47171335700006978 ) ) ;
#3103 = DIRECTION ( 'NONE',  ( 1.000000000000000000, -4.731064025391292434E-16, 0.000000000000000000 ) ) ;
#3104 = VERTEX_POINT ( 'NONE', #1772 ) ;
#3105 = LINE ( 'NONE', #3136, #2104 ) ;
#3106 = CARTESIAN_POINT ( 'NONE',  ( 18.29999999999999361, 3.540408205773457162, 8.599999999999990763 ) ) ;
#3107 = DIRECTION ( 'NONE',  ( -3.469446951953616161E-16, 1.000000000000000000, -0.000000000000000000 ) ) ;
#3108 = LINE ( 'NONE', #2738, #1042 ) ;
#3109 = FACE_OUTER_BOUND ( 'NONE', #4844, .T. ) ;
#3110 = CARTESIAN_POINT ( 'NONE',  ( 10.00968282935764009, 3.000008010953885140, 9.395569162575943878 ) ) ;
#3111 = CARTESIAN_POINT ( 'NONE',  ( 7.951471862576203087, 2.999999999999990230, 24.56998896272977007 ) ) ;
#3112 = CARTESIAN_POINT ( 'NONE',  ( -12.79999999999999538, 22.00000000000000000, 6.500000000000012434 ) ) ;
#3113 = ORIENTED_EDGE ( 'NONE', *, *, #4349, .T. ) ;
#3114 = LINE ( 'NONE', #4772, #4254 ) ;
#3115 = VECTOR ( 'NONE', #776, 1000.000000000000000 ) ;
#3116 = LINE ( 'NONE', #579, #5030 ) ;
#3117 = VERTEX_POINT ( 'NONE', #3931 ) ;
#3118 = CARTESIAN_POINT ( 'NONE',  ( 6.500000000000071942, 0.000000000000000000, 8.999999999999996447 ) ) ;
#3119 = VERTEX_POINT ( 'NONE', #1934 ) ;
#3120 = DIRECTION ( 'NONE',  ( 0.000000000000000000, 1.000000000000000000, 0.000000000000000000 ) ) ;
#3121 = CONICAL_SURFACE ( 'NONE', #3815, 0.9999999999999995559, 0.7853981633974482790 ) ;
#3122 = ORIENTED_EDGE ( 'NONE', *, *, #5218, .F. ) ;
#3123 = CIRCLE ( 'NONE', #1745, 3.999999999999996447 ) ;
#3124 = DIRECTION ( 'NONE',  ( 0.000000000000000000, 1.000000000000000000, 0.000000000000000000 ) ) ;
#3125 = AXIS2_PLACEMENT_3D ( 'NONE', #3594, #1524, #1117 ) ;
#3126 = AXIS2_PLACEMENT_3D ( 'NONE', #707, #5235, #1516 ) ;
#3127 = ADVANCED_FACE ( 'NONE', ( #4376 ), #1901, .F. ) ;
#3128 = EDGE_CURVE ( 'NONE', #1574, #2146, #711, .T. ) ;
#3129 = DIRECTION ( 'NONE',  ( -0.4999999999999998890, 0.8660254037844387076, 0.000000000000000000 ) ) ;
#3130 = DIRECTION ( 'NONE',  ( 0.000000000000000000, 0.000000000000000000, 1.000000000000000000 ) ) ;
#3131 = EDGE_LOOP ( 'NONE', ( #4705, #925, #4281, #3152 ) ) ;
#3132 = AXIS2_PLACEMENT_3D ( 'NONE', #2256, #3905, #1518 ) ;
#3133 = CIRCLE ( 'NONE', #545, 5.947252701995559221 ) ;
#3134 = COORDINATED_UNIVERSAL_TIME_OFFSET ( 1, 0, .AHEAD. ) ;
#3135 = EDGE_CURVE ( 'NONE', #2436, #208, #2792, .T. ) ;
#3136 = CARTESIAN_POINT ( 'NONE',  ( 4.156921938165305974, 6.999999999999998224, 2.999999999999999112 ) ) ;
#3137 = CYLINDRICAL_SURFACE ( 'NONE', #3304, 1.500000000000001332 ) ;
#3138 = ORIENTED_EDGE ( 'NONE', *, *, #578, .T. ) ;
#3139 = CARTESIAN_POINT ( 'NONE',  ( -10.57865160416724848, 3.500000000000000000, 21.94280922113870957 ) ) ;
#3140 = CARTESIAN_POINT ( 'NONE',  ( 8.199999999999993960, 15.22264973081037098, 6.500000000000005329 ) ) ;
#3141 = DIRECTION ( 'NONE',  ( -0.7071067811865493491, 0.7071067811865456854, 0.000000000000000000 ) ) ;
#3142 = AXIS2_PLACEMENT_3D ( 'NONE', #2148, #1786, #4146 ) ;
#3143 = CARTESIAN_POINT ( 'NONE',  ( 10.18193506110161373, 3.004134198383009657, 9.304976737924594232 ) ) ;
#3144 = DIRECTION ( 'NONE',  ( 0.000000000000000000, -1.000000000000000000, 0.000000000000000000 ) ) ;
#3145 = DIRECTION ( 'NONE',  ( -0.7071067811865469066, 0.000000000000000000, -0.7071067811865482389 ) ) ;
#3146 = ORIENTED_EDGE ( 'NONE', *, *, #518, .T. ) ;
#3147 = PLANE ( 'NONE',  #4948 ) ;
#3148 = VECTOR ( 'NONE', #975, 1000.000000000000000 ) ;
#3149 = CARTESIAN_POINT ( 'NONE',  ( -11.50000000000006217, 0.5000000000000073275, 9.000000000000000000 ) ) ;
#3150 = VERTEX_POINT ( 'NONE', #602 ) ;
#3151 = CARTESIAN_POINT ( 'NONE',  ( 3.784462057411853486, 3.527286491991115103, 8.670499222623380575 ) ) ;
#3152 = ORIENTED_EDGE ( 'NONE', *, *, #413, .F. ) ;
#3153 = SECURITY_CLASSIFICATION ( '', '', #2462 ) ;
#3154 = FACE_OUTER_BOUND ( 'NONE', #1189, .T. ) ;
#3155 = ORIENTED_EDGE ( 'NONE', *, *, #1270, .F. ) ;
#3156 = DIRECTION ( 'NONE',  ( -0.4999999999999991118, -0.7071067811865487940, 0.4999999999999991118 ) ) ;
#3157 = FACE_OUTER_BOUND ( 'NONE', #4747, .T. ) ;
#3158 = DIRECTION ( 'NONE',  ( -0.5000000000000013323, 0.7071067811865455743, 0.5000000000000013323 ) ) ;
#3159 = VERTEX_POINT ( 'NONE', #3178 ) ;
#3160 = EDGE_CURVE ( 'NONE', #4664, #1059, #5039, .T. ) ;
#3161 = ADVANCED_FACE ( 'NONE', ( #3611 ), #5160, .T. ) ;
#3162 = CARTESIAN_POINT ( 'NONE',  ( 10.83538371378060106, 3.034370665287332347, 9.074349331175994848 ) ) ;
#3163 = ADVANCED_FACE ( 'NONE', ( #4399 ), #4255, .T. ) ;
#3164 = CARTESIAN_POINT ( 'NONE',  ( 18.29999999999999716, 5.500000000000000000, 6.999999999999997335 ) ) ;
#3165 = DIRECTION ( 'NONE',  ( 1.000000000000000000, -4.731064025391292434E-16, -0.000000000000000000 ) ) ;
#3166 = ORIENTED_EDGE ( 'NONE', *, *, #1802, .F. ) ;
#3167 = FACE_OUTER_BOUND ( 'NONE', #4828, .T. ) ;
#3168 = DIRECTION ( 'NONE',  ( 0.7071067811865482389, 0.000000000000000000, -0.7071067811865469066 ) ) ;
#3169 = ADVANCED_FACE ( 'NONE', ( #3506 ), #1029, .T. ) ;
#3170 = DIRECTION ( 'NONE',  ( 0.6082252026320066340, 0.7071067811865476838, -0.3606412384673363114 ) ) ;
#3171 = ADVANCED_FACE ( 'NONE', ( #4455 ), #4972, .F. ) ;
#3172 = CARTESIAN_POINT ( 'NONE',  ( -8.305025253169475263, 2.999999999999992895, 24.92354235332303958 ) ) ;
#3173 = CARTESIAN_POINT ( 'NONE',  ( 8.199999999999992184, 21.00000000000000000, 6.500000000000005329 ) ) ;
#3174 = FACE_OUTER_BOUND ( 'NONE', #1793, .T. ) ;
#3175 = CARTESIAN_POINT ( 'NONE',  ( 7.951471862576195981, 3.500000000000000000, 24.56998896272977717 ) ) ;
#3176 = CARTESIAN_POINT ( 'NONE',  ( 6.500000000000070166, 3.500000000000000000, 18.47171335700006978 ) ) ;
#3177 = EDGE_LOOP ( 'NONE', ( #4753, #4459, #430, #3634 ) ) ;
#3178 = CARTESIAN_POINT ( 'NONE',  ( 7.699999999999993960, 15.30000000000000249, 0.000000000000000000 ) ) ;
#3179 = ORIENTED_EDGE ( 'NONE', *, *, #2769, .F. ) ;
#3180 = DIRECTION ( 'NONE',  ( 0.000000000000000000, -1.000000000000000000, 0.000000000000000000 ) ) ;
#3181 = EDGE_LOOP ( 'NONE', ( #4732, #1491, #2817, #3645, #641, #2534, #5263, #5212, #3636, #4620, #4521, #3610, #414, #2569 ) ) ;
#3182 = DIRECTION ( 'NONE',  ( -4.731064025391292434E-16, 1.000000000000000000, 1.051347561198064958E-16 ) ) ;
#3183 = PLANE ( 'NONE',  #260 ) ;
#3184 = CYLINDRICAL_SURFACE ( 'NONE', #3310, 2.999999999999999112 ) ;
#3185 = VERTEX_POINT ( 'NONE', #4150 ) ;
#3186 = CARTESIAN_POINT ( 'NONE',  ( 3.974887420974956953, 3.019297494069923982, 9.162732369222545969 ) ) ;
#3187 = FACE_OUTER_BOUND ( 'NONE', #3071, .T. ) ;
#3188 = ADVANCED_FACE ( 'NONE', ( #2021 ), #5368, .T. ) ;
#3189 = ORIENTED_EDGE ( 'NONE', *, *, #2432, .T. ) ;
#3190 = CARTESIAN_POINT ( 'NONE',  ( 0.000000000000000000, 0.000000000000000000, 9.000000000000000000 ) ) ;
#3191 = DIRECTION ( 'NONE',  ( -0.000000000000000000, -1.000000000000000000, -0.000000000000000000 ) ) ;
#3192 = LINE ( 'NONE', #2303, #5313 ) ;
#3193 = ORIENTED_EDGE ( 'NONE', *, *, #1742, .T. ) ;
#3194 = CARTESIAN_POINT ( 'NONE',  ( -8.500000000000063949, 2.999999999999992895, 12.00000000000000000 ) ) ;
#3195 = EDGE_CURVE ( 'NONE', #1197, #2206, #1543, .T. ) ;
#3196 = EDGE_CURVE ( 'NONE', #2597, #369, #2191, .T. ) ;
#3197 = PLANE ( 'NONE',  #3227 ) ;
#3198 = VERTEX_POINT ( 'NONE', #4128 ) ;
#3199 = FACE_BOUND ( 'NONE', #1025, .T. ) ;
#3200 = CARTESIAN_POINT ( 'NONE',  ( 18.54999999999999716, 0.5000000000000076605, 8.749999999999996447 ) ) ;
#3201 = ORIENTED_EDGE ( 'NONE', *, *, #316, .F. ) ;
#3202 = PLANE ( 'NONE',  #4613 ) ;
#3203 = EDGE_LOOP ( 'NONE', ( #568, #1468, #125, #1546, #574 ) ) ;
#3204 = DIRECTION ( 'NONE',  ( 0.7071067811865469066, 8.659560562354926695E-17, -0.7071067811865482389 ) ) ;
#3205 = ORIENTED_EDGE ( 'NONE', *, *, #5318, .F. ) ;
#3206 = DIRECTION ( 'NONE',  ( -4.731064025391292434E-16, -1.000000000000000000, -1.051347561198064958E-16 ) ) ;
#3207 = VECTOR ( 'NONE', #381, 1000.000000000000114 ) ;
#3208 = DIRECTION ( 'NONE',  ( 1.000000000000000000, -4.731064025391292434E-16, 0.000000000000000000 ) ) ;
#3209 = AXIS2_PLACEMENT_3D ( 'NONE', #3847, #621, #4689 ) ;
#3210 = DIRECTION ( 'NONE',  ( 0.000000000000000000, 1.000000000000000000, 0.000000000000000000 ) ) ;
#3211 = ORIENTED_EDGE ( 'NONE', *, *, #4684, .T. ) ;
#3212 = AXIS2_PLACEMENT_3D ( 'NONE', #5273, #2816, #2756 ) ;
#3213 = VECTOR ( 'NONE', #332, 999.9999999999998863 ) ;
#3214 = APPROVAL_STATUS ( 'not_yet_approved' ) ;
#3215 = DIRECTION ( 'NONE',  ( 0.4999999999999998890, -0.8660254037844387076, -9.104936962043390347E-17 ) ) ;
#3216 = DIRECTION ( 'NONE',  ( 0.000000000000000000, 0.000000000000000000, -1.000000000000000000 ) ) ;
#3217 = ORIENTED_EDGE ( 'NONE', *, *, #985, .F. ) ;
#3218 = AXIS2_PLACEMENT_3D ( 'NONE', #2488, #4198, #429 ) ;
#3219 = VECTOR ( 'NONE', #4139, 1000.000000000000114 ) ;
#3220 = CARTESIAN_POINT ( 'NONE',  ( -6.429289321881395125, 0.000000000000000000, 21.49217150342456151 ) ) ;
#3221 = CARTESIAN_POINT ( 'NONE',  ( 17.30000000000000071, 0.000000000000000000, 1.499999999999999556 ) ) ;
#3222 = ORIENTED_EDGE ( 'NONE', *, *, #191, .T. ) ;
#3223 = EDGE_CURVE ( 'NONE', #4830, #1113, #2414, .T. ) ;
#3224 = DIRECTION ( 'NONE',  ( -0.7071067811865474617, 0.000000000000000000, -0.7071067811865474617 ) ) ;
#3225 = CARTESIAN_POINT ( 'NONE',  ( 13.29999999999999538, 15.30000000000000071, 0.000000000000000000 ) ) ;
#3226 = DIRECTION ( 'NONE',  ( -0.7071067811865474617, 0.7071067811865474617, -0.000000000000000000 ) ) ;
#3227 = AXIS2_PLACEMENT_3D ( 'NONE', #4095, #2012, #2441 ) ;
#3228 = CARTESIAN_POINT ( 'NONE',  ( -8.199999999999992184, 21.00000000000001066, 6.500000000000005329 ) ) ;
#3229 = ADVANCED_FACE ( 'NONE', ( #4912 ), #5290, .F. ) ;
#3230 = EDGE_CURVE ( 'NONE', #5321, #3897, #4887, .T. ) ;
#3231 = AXIS2_PLACEMENT_3D ( 'NONE', #2920, #4571, #2350 ) ;
#3232 = VERTEX_POINT ( 'NONE', #3257 ) ;
#3233 = DIRECTION ( 'NONE',  ( 0.000000000000000000, 0.000000000000000000, 1.000000000000000000 ) ) ;
#3234 = ORIENTED_EDGE ( 'NONE', *, *, #5247, .T. ) ;
#3235 = CARTESIAN_POINT ( 'NONE',  ( 8.199999999999992184, 22.00000000000000355, 6.500000000000005329 ) ) ;
#3236 = ORIENTED_EDGE ( 'NONE', *, *, #4819, .T. ) ;
#3237 = CARTESIAN_POINT ( 'NONE',  ( -18.30000000000001847, 5.500000000000016875, 6.999999999999997335 ) ) ;
#3238 = VECTOR ( 'NONE', #4013, 1000.000000000000114 ) ;
#3239 = EDGE_CURVE ( 'NONE', #2974, #70, #2801, .T. ) ;
#3240 = VECTOR ( 'NONE', #4313, 1000.000000000000000 ) ;
#3241 = CARTESIAN_POINT ( 'NONE',  ( -13.29999999999998117, 21.50000000000001066, 6.999999999999999112 ) ) ;
#3242 = DIRECTION ( 'NONE',  ( -0.000000000000000000, 1.000000000000000000, 1.051347561198064958E-16 ) ) ;
#3243 = VERTEX_POINT ( 'NONE', #328 ) ;
#3244 = VERTEX_POINT ( 'NONE', #2913 ) ;
#3245 = DIRECTION ( 'NONE',  ( 0.5773502691896259531, -0.5773502691896256200, 0.5773502691896256200 ) ) ;
#3246 = CARTESIAN_POINT ( 'NONE',  ( -11.50000000000006217, 3.500000000000000000, 12.00000000000000000 ) ) ;
#3247 = ORIENTED_EDGE ( 'NONE', *, *, #1080, .F. ) ;
#3248 = CARTESIAN_POINT ( 'NONE',  ( -6.429289321881398678, 0.000000000000000000, 23.04780642203497365 ) ) ;
#3249 = CARTESIAN_POINT ( 'NONE',  ( -10.30778978583213501, 3.008983708857733586, 9.247064134944196212 ) ) ;
#3250 = ORIENTED_EDGE ( 'NONE', *, *, #5274, .T. ) ;
#3251 = CARTESIAN_POINT ( 'NONE',  ( 7.328427124746252019, 2.999999999999990230, 21.30014048174625785 ) ) ;
#3252 = DIRECTION ( 'NONE',  ( 0.000000000000000000, 0.000000000000000000, 1.000000000000000000 ) ) ;
#3253 = DIRECTION ( 'NONE',  ( 2.168404344971006896E-16, 0.000000000000000000, 1.000000000000000000 ) ) ;
#3254 = CARTESIAN_POINT ( 'NONE',  ( 0.000000000000000000, 0.5000000000000073275, 9.000000000000000000 ) ) ;
#3255 = PLANE ( 'NONE',  #3899 ) ;
#3256 = ORIENTED_EDGE ( 'NONE', *, *, #3791, .F. ) ;
#3257 = CARTESIAN_POINT ( 'NONE',  ( -6.429289321881398678, 0.000000000000000000, 23.04780642203497365 ) ) ;
#3258 = EDGE_CURVE ( 'NONE', #2640, #3541, #1655, .T. ) ;
#3259 = ORIENTED_EDGE ( 'NONE', *, *, #1341, .F. ) ;
#3260 = PLANE ( 'NONE',  #812 ) ;
#3261 = VERTEX_POINT ( 'NONE', #2852 ) ;
#3262 = DIRECTION ( 'NONE',  ( 0.000000000000000000, 1.000000000000000000, 0.000000000000000000 ) ) ;
#3263 = CARTESIAN_POINT ( 'NONE',  ( 10.46675177896177011, 3.016386260258762331, 9.183269398849237319 ) ) ;
#3264 = PLANE ( 'NONE',  #2090 ) ;
#3265 = DIRECTION ( 'NONE',  ( 0.000000000000000000, 0.000000000000000000, 1.000000000000000000 ) ) ;
#3266 = ADVANCED_FACE ( 'NONE', ( #791 ), #3202, .T. ) ;
#3267 = ADVANCED_FACE ( 'NONE', ( #3717 ), #4065, .F. ) ;
#3268 = ORIENTED_EDGE ( 'NONE', *, *, #79, .T. ) ;
#3269 = ORIENTED_EDGE ( 'NONE', *, *, #5352, .F. ) ;
#3270 =( BOUNDED_CURVE ( )  B_SPLINE_CURVE ( 3, ( #3518, #5171, #2433, #404 ),
 .UNSPECIFIED., .F., .F. ) 
 B_SPLINE_CURVE_WITH_KNOTS ( ( 4, 4 ),
 ( 0.1316296092386163019, 1.501068015243180342 ),
 .UNSPECIFIED. ) 
 CURVE ( )  GEOMETRIC_REPRESENTATION_ITEM ( )  RATIONAL_B_SPLINE_CURVE ( ( 1.000000000000000000, 0.8497311128276558989, 0.8497311128276558989, 1.000000000000000000 ) ) 
 REPRESENTATION_ITEM ( '' )  );
#3271 = APPROVAL_STATUS ( 'not_yet_approved' ) ;
#3272 = CARTESIAN_POINT ( 'NONE',  ( 3.468810333187829720, 3.042131500740874905, 9.036810905995386278 ) ) ;
#3273 = CARTESIAN_POINT ( 'NONE',  ( -18.29999999999999361, 0.000000000000000000, 8.499999999999991118 ) ) ;
#3274 = ORIENTED_EDGE ( 'NONE', *, *, #985, .T. ) ;
#3275 = FACE_OUTER_BOUND ( 'NONE', #839, .T. ) ;
#3276 = CARTESIAN_POINT ( 'NONE',  ( -11.06384121114967023, 3.043220341879839363, 9.031829141333007627 ) ) ;
#3277 = EDGE_LOOP ( 'NONE', ( #473, #692, #2567, #5289 ) ) ;
#3278 = CARTESIAN_POINT ( 'NONE',  ( -6.782842712474677072, 0.5000000000000073275, 21.84572489401783457 ) ) ;
#3279 = DIRECTION ( 'NONE',  ( 0.000000000000000000, -0.000000000000000000, -1.000000000000000000 ) ) ;
#3280 = LINE ( 'NONE', #4935, #3057 ) ;
#3281 = DIRECTION ( 'NONE',  ( 0.000000000000000000, 0.000000000000000000, -1.000000000000000000 ) ) ;
#3282 = LINE ( 'NONE', #5262, #5118 ) ;
#3283 = ORIENTED_EDGE ( 'NONE', *, *, #2832, .F. ) ;
#3284 = LINE ( 'NONE', #4939, #2268 ) ;
#3285 = ORIENTED_EDGE ( 'NONE', *, *, #1275, .F. ) ;
#3286 = DIRECTION ( 'NONE',  ( 1.000000000000000000, -4.731064025391292434E-16, -0.000000000000000000 ) ) ;
#3287 = EDGE_LOOP ( 'NONE', ( #823, #229, #1784, #1140 ) ) ;
#3288 = CARTESIAN_POINT ( 'NONE',  ( -6.751471862576196692, 3.500000000000000000, 25.76998896272976225 ) ) ;
#3289 = CC_DESIGN_DATE_AND_TIME_ASSIGNMENT ( #1785, #3443, ( #4985 ) ) ;
#3290 = CARTESIAN_POINT ( 'NONE',  ( -12.79999999999999538, 20.00000000000001776, 0.5000000000000004441 ) ) ;
#3291 = CARTESIAN_POINT ( 'NONE',  ( 18.30000000000000426, 21.50000000000000000, 6.999999999999999112 ) ) ;
#3292 = ORIENTED_EDGE ( 'NONE', *, *, #5328, .T. ) ;
#3293 = LINE ( 'NONE', #453, #1149 ) ;
#3294 = VERTEX_POINT ( 'NONE', #2047 ) ;
#3295 = EDGE_CURVE ( 'NONE', #2945, #4541, #4265, .T. ) ;
#3296 = EDGE_CURVE ( 'NONE', #2754, #848, #3284, .T. ) ;
#3297 = EDGE_CURVE ( 'NONE', #1479, #3321, #4538, .T. ) ;
#3298 = CIRCLE ( 'NONE', #1648, 3.999999999999996447 ) ;
#3299 = VECTOR ( 'NONE', #961, 999.9999999999998863 ) ;
#3300 = CARTESIAN_POINT ( 'NONE',  ( 4.156921938165305974, 6.999999999999998224, 2.999999999999999112 ) ) ;
#3301 = CARTESIAN_POINT ( 'NONE',  ( -10.87129955508801693, 3.531686132941392664, 8.645358822772879037 ) ) ;
#3302 = ORIENTED_EDGE ( 'NONE', *, *, #3099, .T. ) ;
#3303 = CARTESIAN_POINT ( 'NONE',  ( 5.790240495809023002, 2.999999999999992895, 19.23674895288737829 ) ) ;
#3304 = AXIS2_PLACEMENT_3D ( 'NONE', #1076, #4408, #4386 ) ;
#3305 = AXIS2_PLACEMENT_3D ( 'NONE', #5268, #2337, #4483 ) ;
#3306 = CARTESIAN_POINT ( 'NONE',  ( 12.79999999999999538, 15.80000000000000071, 0.4999999999999935052 ) ) ;
#3307 = ORIENTED_EDGE ( 'NONE', *, *, #1082, .F. ) ;
#3308 = EDGE_CURVE ( 'NONE', #2802, #3800, #849, .T. ) ;
#3309 = DIRECTION ( 'NONE',  ( 1.000000000000000000, 0.000000000000000000, 4.973992624967034591E-32 ) ) ;
#3310 = AXIS2_PLACEMENT_3D ( 'NONE', #5189, #4435, #252 ) ;
#3311 = CARTESIAN_POINT ( 'NONE',  ( -10.90583134575830471, 3.500000000000000000, 22.26998896272976580 ) ) ;
#3312 = DIRECTION ( 'NONE',  ( 0.000000000000000000, 0.000000000000000000, 1.000000000000000000 ) ) ;
#3313 = CIRCLE ( 'NONE', #4698, 2.000000000000001776 ) ;
#3314 = CONICAL_SURFACE ( 'NONE', #1729, 5.447252701995551227, 0.7853981633974482790 ) ;
#3315 = FACE_OUTER_BOUND ( 'NONE', #2853, .T. ) ;
#3316 = VECTOR ( 'NONE', #3253, 1000.000000000000000 ) ;
#3317 = ORIENTED_EDGE ( 'NONE', *, *, #2474, .F. ) ;
#3318 = DIRECTION ( 'NONE',  ( -0.000000000000000000, -1.000000000000000000, -0.000000000000000000 ) ) ;
#3319 = ORIENTED_EDGE ( 'NONE', *, *, #277, .T. ) ;
#3320 = CARTESIAN_POINT ( 'NONE',  ( 6.958578643762748150, 0.5000000000000073275, 26.26998896272976936 ) ) ;
#3321 = VERTEX_POINT ( 'NONE', #2099 ) ;
#3322 = DIRECTION ( 'NONE',  ( -3.469446951953614682E-16, 1.000000000000000000, 1.051347561198064958E-16 ) ) ;
#3323 = CONICAL_SURFACE ( 'NONE', #3231, 0.5999999999999998668, 0.7853981633974488341 ) ;
#3324 = DIRECTION ( 'NONE',  ( -1.000000000000000000, -3.469446951953614682E-16, 0.000000000000000000 ) ) ;
#3325 = CARTESIAN_POINT ( 'NONE',  ( 6.500000000000070166, 0.000000000000000000, 18.47171335700006978 ) ) ;
#3326 = VERTEX_POINT ( 'NONE', #3850 ) ;
#3327 = VECTOR ( 'NONE', #3399, 1000.000000000000114 ) ;
#3328 = DIRECTION ( 'NONE',  ( -0.000000000000000000, 1.000000000000000000, 0.000000000000000000 ) ) ;
#3329 = ORIENTED_EDGE ( 'NONE', *, *, #2144, .T. ) ;
#3330 = PERSON ( 'UNSPECIFIED', 'UNSPECIFIED', 'UNSPECIFIED', ('UNSPECIFIED'), ('UNSPECIFIED'), ('UNSPECIFIED') ) ;
#3331 = AXIS2_PLACEMENT_3D ( 'NONE', #3811, #996, #2984 ) ;
#3332 = EDGE_CURVE ( 'NONE', #3628, #1636, #521, .T. ) ;
#3333 = DIRECTION ( 'NONE',  ( 0.000000000000000000, -1.000000000000000000, 0.000000000000000000 ) ) ;
#3334 = CARTESIAN_POINT ( 'NONE',  ( -3.000000000000060396, 3.050510257216823451, 9.000000000000000000 ) ) ;
#3335 = ORIENTED_EDGE ( 'NONE', *, *, #216, .F. ) ;
#3336 = ADVANCED_FACE ( 'NONE', ( #3397 ), #58, .T. ) ;
#3337 = AXIS2_PLACEMENT_3D ( 'NONE', #2987, #2579, #4554 ) ;
#3338 = CARTESIAN_POINT ( 'NONE',  ( -10.98149273153902250, 3.040400074090941818, 9.044807267150719809 ) ) ;
#3339 = ORIENTED_EDGE ( 'NONE', *, *, #146, .F. ) ;
#3340 = CARTESIAN_POINT ( 'NONE',  ( 0.000000000000000000, 0.000000000000000000, 0.000000000000000000 ) ) ;
#3341 = CARTESIAN_POINT ( 'NONE',  ( -2.100000000000000089, 7.000000000000000000, 0.5000000000000125455 ) ) ;
#3342 = LINE ( 'NONE', #4611, #3831 ) ;
#3343 = ADVANCED_FACE ( 'NONE', ( #4997 ), #4437, .F. ) ;
#3344 = EDGE_CURVE ( 'NONE', #70, #1970, #1227, .T. ) ;
#3345 = DIRECTION ( 'NONE',  ( 1.000000000000000000, 0.000000000000000000, 0.000000000000000000 ) ) ;
#3346 = CARTESIAN_POINT ( 'NONE',  ( 2.078460969082652987, 10.59999999999999964, 2.999999999999999112 ) ) ;
#3347 = ORIENTED_EDGE ( 'NONE', *, *, #3597, .T. ) ;
#3348 = LINE ( 'NONE', #112, #1050 ) ;
#3349 = ORIENTED_EDGE ( 'NONE', *, *, #5022, .T. ) ;
#3350 = CARTESIAN_POINT ( 'NONE',  ( 3.628010970510702204, 3.531769112900878138, 8.644703904926048565 ) ) ;
#3351 = CARTESIAN_POINT ( 'NONE',  ( -18.29999999999999361, -8.657847166466061486E-15, 9.000000000000000000 ) ) ;
#3352 = CARTESIAN_POINT ( 'NONE',  ( -8.500000000000063949, 0.5000000000000073275, 18.47171335700006978 ) ) ;
#3353 = LINE ( 'NONE', #3727, #3562 ) ;
#3354 = ORIENTED_EDGE ( 'NONE', *, *, #419, .T. ) ;
#3355 = DIRECTION ( 'NONE',  ( 0.4999999999999983902, -0.7071067811865444641, -0.5000000000000057732 ) ) ;
#3356 = ORIENTED_EDGE ( 'NONE', *, *, #3344, .T. ) ;
#3357 = DIRECTION ( 'NONE',  ( 0.000000000000000000, 1.000000000000000000, 0.000000000000000000 ) ) ;
#3358 = CARTESIAN_POINT ( 'NONE',  ( 6.429289321881396013, 3.500000000000000000, 21.49217150342455795 ) ) ;
#3359 = ORIENTED_EDGE ( 'NONE', *, *, #4657, .T. ) ;
#3360 = DIRECTION ( 'NONE',  ( 0.000000000000000000, 0.7071067811865487940, 0.7071067811865463515 ) ) ;
#3361 = ORIENTED_EDGE ( 'NONE', *, *, #4960, .F. ) ;
#3362 = DIRECTION ( 'NONE',  ( 0.7071067811865441310, -0.000000000000000000, 0.7071067811865510144 ) ) ;
#3363 = ADVANCED_FACE ( 'NONE', ( #2229 ), #3040, .T. ) ;
#3364 = CARTESIAN_POINT ( 'NONE',  ( -11.50000000000006217, 2.999999999999992895, 12.00000000000000000 ) ) ;
#3365 = DIRECTION ( 'NONE',  ( -1.340235097171338465E-16, 0.000000000000000000, 1.000000000000000000 ) ) ;
#3366 = PLANE ( 'NONE',  #1644 ) ;
#3367 = ADVANCED_FACE ( 'NONE', ( #1329 ), #5017, .T. ) ;
#3368 = EDGE_CURVE ( 'NONE', #2501, #4575, #3313, .T. ) ;
#3369 = ADVANCED_FACE ( 'NONE', ( #906 ), #1571, .F. ) ;
#3370 = CARTESIAN_POINT ( 'NONE',  ( -18.80000000000000426, 5.500000000000016875, 9.000000000000000000 ) ) ;
#3371 = ORIENTED_EDGE ( 'NONE', *, *, #3295, .T. ) ;
#3372 = LINE ( 'NONE', #1300, #2965 ) ;
#3373 = ORIENTED_EDGE ( 'NONE', *, *, #4289, .F. ) ;
#3374 = CARTESIAN_POINT ( 'NONE',  ( 4.958578643762748150, 0.5000000000000073275, 25.76998896272976225 ) ) ;
#3375 = ORIENTED_EDGE ( 'NONE', *, *, #1496, .F. ) ;
#3376 = CARTESIAN_POINT ( 'NONE',  ( -3.570580751382101070, 3.038334243532662349, 9.054746664172913739 ) ) ;
#3377 = FACE_OUTER_BOUND ( 'NONE', #3181, .T. ) ;
#3378 = ORIENTED_EDGE ( 'NONE', *, *, #4456, .T. ) ;
#3379 = DIRECTION ( 'NONE',  ( 0.000000000000000000, 0.000000000000000000, -1.000000000000000000 ) ) ;
#3380 = ORIENTED_EDGE ( 'NONE', *, *, #3596, .T. ) ;
#3381 = CARTESIAN_POINT ( 'NONE',  ( 8.000000000000047962, 3.500000000000000000, 18.47171335700006978 ) ) ;
#3382 = LINE ( 'NONE', #4244, #2696 ) ;
#3383 = VERTEX_POINT ( 'NONE', #2153 ) ;
#3384 = CARTESIAN_POINT ( 'NONE',  ( -11.50000000000006217, 0.000000000000000000, 12.00000000000000000 ) ) ;
#3385 = VECTOR ( 'NONE', #162, 1000.000000000000000 ) ;
#3386 = ORIENTED_EDGE ( 'NONE', *, *, #4151, .T. ) ;
#3387 = CARTESIAN_POINT ( 'NONE',  ( 3.000000000000061728, 3.377108889587915552, 8.733333333333328952 ) ) ;
#3388 = AXIS2_PLACEMENT_3D ( 'NONE', #1218, #3668, #4502 ) ;
#3389 = DIRECTION ( 'NONE',  ( 1.000000000000000000, -4.731064025391292434E-16, 0.000000000000000000 ) ) ;
#3390 = VECTOR ( 'NONE', #3543, 1000.000000000000227 ) ;
#3391 = DIRECTION ( 'NONE',  ( -1.000000000000000000, 0.000000000000000000, -0.000000000000000000 ) ) ;
#3392 = EDGE_CURVE ( 'NONE', #1, #929, #1790, .T. ) ;
#3393 = VECTOR ( 'NONE', #69, 1000.000000000000114 ) ;
#3394 = AXIS2_PLACEMENT_3D ( 'NONE', #3403, #1689, #5021 ) ;
#3395 = EDGE_CURVE ( 'NONE', #225, #304, #2273, .T. ) ;
#3396 = ORIENTED_EDGE ( 'NONE', *, *, #3984, .T. ) ;
#3397 = FACE_OUTER_BOUND ( 'NONE', #1419, .T. ) ;
#3398 = ORIENTED_EDGE ( 'NONE', *, *, #3865, .T. ) ;
#3399 = DIRECTION ( 'NONE',  ( -2.568244051002173389E-15, -0.7071067811865500152, -0.7071067811865451302 ) ) ;
#3400 = AXIS2_PLACEMENT_3D ( 'NONE', #275, #4807, #3076 ) ;
#3401 = AXIS2_PLACEMENT_3D ( 'NONE', #4220, #2946, #2117 ) ;
#3402 = EDGE_CURVE ( 'NONE', #3711, #4891, #4291, .T. ) ;
#3403 = CARTESIAN_POINT ( 'NONE',  ( -8.199999999999992184, 21.00000000000001066, 5.500000000000000000 ) ) ;
#3404 = EDGE_CURVE ( 'NONE', #833, #1937, #3372, .T. ) ;
#3405 = AXIS2_PLACEMENT_3D ( 'NONE', #900, #3011, #1369 ) ;
#3406 = DIRECTION ( 'NONE',  ( 1.000000000000000000, 0.000000000000000000, 0.000000000000000000 ) ) ;
#3407 = DIRECTION ( 'NONE',  ( 0.7071067811865475727, 0.000000000000000000, -0.7071067811865475727 ) ) ;
#3408 = ORIENTED_EDGE ( 'NONE', *, *, #2372, .F. ) ;
#3409 = LINE ( 'NONE', #3456, #1487 ) ;
#3410 = ORIENTED_EDGE ( 'NONE', *, *, #4532, .T. ) ;
#3411 = EDGE_CURVE ( 'NONE', #4296, #70, #3348, .T. ) ;
#3412 = LINE ( 'NONE', #5061, #2341 ) ;
#3413 = EDGE_CURVE ( 'NONE', #5080, #781, #2962, .T. ) ;
#3414 = AXIS2_PLACEMENT_3D ( 'NONE', #4818, #424, #2541 ) ;
#3415 = CIRCLE ( 'NONE', #2459, 2.000000000000008882 ) ;
#3416 = DIRECTION ( 'NONE',  ( 0.5773502691896271743, -0.5773502691896230665, 0.5773502691896271743 ) ) ;
#3417 = CARTESIAN_POINT ( 'NONE',  ( -3.393084141235504170, 3.536996524021228883, 8.616995266914420526 ) ) ;
#3418 = VERTEX_POINT ( 'NONE', #4209 ) ;
#3419 = LINE ( 'NONE', #2145, #2461 ) ;
#3420 = AXIS2_PLACEMENT_3D ( 'NONE', #1267, #4055, #838 ) ;
#3421 = ORIENTED_EDGE ( 'NONE', *, *, #4356, .F. ) ;
#3422 = DIRECTION ( 'NONE',  ( 0.7071067811865482389, 0.000000000000000000, 0.7071067811865469066 ) ) ;
#3423 = DIRECTION ( 'NONE',  ( 0.7071067811865474617, 0.000000000000000000, -0.7071067811865476838 ) ) ;
#3424 = EDGE_LOOP ( 'NONE', ( #2037, #3426, #937 ) ) ;
#3425 = DIRECTION ( 'NONE',  ( 1.000000000000000000, -1.734723475976781456E-15, 0.000000000000000000 ) ) ;
#3426 = ORIENTED_EDGE ( 'NONE', *, *, #3535, .T. ) ;
#3427 = FACE_OUTER_BOUND ( 'NONE', #2628, .T. ) ;
#3428 = ORIENTED_EDGE ( 'NONE', *, *, #2512, .F. ) ;
#3429 = CARTESIAN_POINT ( 'NONE',  ( -4.067549153939089557, 3.014711318977719490, 9.196168890004321028 ) ) ;
#3430 = EDGE_CURVE ( 'NONE', #3232, #500, #2106, .T. ) ;
#3431 = LINE ( 'NONE', #2645, #1837 ) ;
#3432 = VERTEX_POINT ( 'NONE', #575 ) ;
#3433 = CARTESIAN_POINT ( 'NONE',  ( 9.697224362268045184, 3.500000000000001776, 9.000000000000000000 ) ) ;
#3434 = EDGE_LOOP ( 'NONE', ( #687, #2222, #4626, #5367 ) ) ;
#3435 = CARTESIAN_POINT ( 'NONE',  ( 17.30000000000000071, 0.000000000000000000, 1.499999999999999556 ) ) ;
#3436 = ADVANCED_FACE ( 'NONE', ( #2207 ), #3448, .F. ) ;
#3437 = ADVANCED_FACE ( 'NONE', ( #980 ), #1686, .F. ) ;
#3438 = DIRECTION ( 'NONE',  ( 0.7071067811865475727, -3.345367454581907793E-16, 0.7071067811865475727 ) ) ;
#3439 = CARTESIAN_POINT ( 'NONE',  ( 7.207106781186605637, 0.5000000000000073275, 22.26998896272976580 ) ) ;
#3440 = ORIENTED_EDGE ( 'NONE', *, *, #3554, .F. ) ;
#3441 = DIRECTION ( 'NONE',  ( 0.000000000000000000, 0.000000000000000000, -1.000000000000000000 ) ) ;
#3442 = ORIENTED_EDGE ( 'NONE', *, *, #2054, .T. ) ;
#3443 = DATE_TIME_ROLE ( 'creation_date' ) ;
#3444 = LINE ( 'NONE', #2522, #1057 ) ;
#3445 = CARTESIAN_POINT ( 'NONE',  ( -12.79999999999999538, 22.00000000000000000, 9.000000000000000000 ) ) ;
#3446 = CARTESIAN_POINT ( 'NONE',  ( 4.802775637732070280, 3.500000000000000000, 9.000000000000001776 ) ) ;
#3447 = ORIENTED_EDGE ( 'NONE', *, *, #2932, .F. ) ;
#3448 = PLANE ( 'NONE',  #3994 ) ;
#3449 = ORIENTED_EDGE ( 'NONE', *, *, #5224, .T. ) ;
#3450 = DIRECTION ( 'NONE',  ( 2.168404344971006896E-16, 0.000000000000000000, 1.000000000000000000 ) ) ;
#3451 = ORIENTED_EDGE ( 'NONE', *, *, #2582, .F. ) ;
#3452 = LINE ( 'NONE', #3898, #2870 ) ;
#3453 = ORIENTED_EDGE ( 'NONE', *, *, #2907, .F. ) ;
#3454 = LINE ( 'NONE', #3019, #1393 ) ;
#3455 = VERTEX_POINT ( 'NONE', #1483 ) ;
#3456 = CARTESIAN_POINT ( 'NONE',  ( 17.30000000000001137, 22.00000000000000000, 0.5000000000000000000 ) ) ;
#3457 = EDGE_LOOP ( 'NONE', ( #2509, #3442, #443, #3440 ) ) ;
#3458 = FACE_OUTER_BOUND ( 'NONE', #3424, .T. ) ;
#3459 = DIRECTION ( 'NONE',  ( -0.000000000000000000, -1.000000000000000000, -0.000000000000000000 ) ) ;
#3460 = CARTESIAN_POINT ( 'NONE',  ( -4.307378999954500465, 3.003978704749814987, 9.296506694582417296 ) ) ;
#3461 = ORIENTED_EDGE ( 'NONE', *, *, #2600, .F. ) ;
#3462 = EDGE_CURVE ( 'NONE', #369, #5057, #1662, .T. ) ;
#3463 = EDGE_CURVE ( 'NONE', #1717, #5080, #3948, .T. ) ;
#3464 = DIRECTION ( 'NONE',  ( 1.000000000000000000, -4.731064025391292434E-16, 0.000000000000000000 ) ) ;
#3465 = ADVANCED_FACE ( 'NONE', ( #4743 ), #3522, .F. ) ;
#3466 = DIRECTION ( 'NONE',  ( -0.7071067811865482389, 0.000000000000000000, -0.7071067811865469066 ) ) ;
#3467 = DIRECTION ( 'NONE',  ( 0.7071067811865472397, -0.7071067811865477948, 1.533293416683372166E-16 ) ) ;
#3468 = CARTESIAN_POINT ( 'NONE',  ( 12.79999999999999538, 15.83445554337723671, 5.440321248268234378 ) ) ;
#3469 = DIRECTION ( 'NONE',  ( -0.000000000000000000, 0.000000000000000000, 1.000000000000000000 ) ) ;
#3470 = ADVANCED_FACE ( 'NONE', ( #3896 ), #4335, .F. ) ;
#3471 = CARTESIAN_POINT ( 'NONE',  ( 10.20414959864870852, 3.004900759336993854, 9.294254958360514962 ) ) ;
#3472 = AXIS2_PLACEMENT_3D ( 'NONE', #2847, #467, #2929 ) ;
#3473 = AXIS2_PLACEMENT_3D ( 'NONE', #1844, #948, #3423 ) ;
#3474 = DIRECTION ( 'NONE',  ( -0.7071067811865485719, -0.7071067811865464625, 1.533293416683374878E-16 ) ) ;
#3475 = VERTEX_POINT ( 'NONE', #4824 ) ;
#3476 = CARTESIAN_POINT ( 'NONE',  ( -4.353236880431743394, 3.003051987073457330, 9.322536504874904040 ) ) ;
#3477 = VECTOR ( 'NONE', #2386, 999.9999999999998863 ) ;
#3478 = VECTOR ( 'NONE', #3927, 999.9999999999998863 ) ;
#3479 = VECTOR ( 'NONE', #1288, 1000.000000000000114 ) ;
#3480 = VECTOR ( 'NONE', #4573, 1000.000000000000000 ) ;
#3481 = LINE ( 'NONE', #1410, #4869 ) ;
#3482 = EDGE_LOOP ( 'NONE', ( #3193, #4423, #712, #2611 ) ) ;
#3483 = CARTESIAN_POINT ( 'NONE',  ( 10.56757750673613749, 3.021415795382222935, 9.147789062356386225 ) ) ;
#3484 = EDGE_LOOP ( 'NONE', ( #2235, #2373, #1558, #72 ) ) ;
#3485 = FACE_OUTER_BOUND ( 'NONE', #1454, .T. ) ;
#3486 = AXIS2_PLACEMENT_3D ( 'NONE', #2971, #1796, #955 ) ;
#3487 = DIRECTION ( 'NONE',  ( -0.7071067811865487940, -0.7071067811865463515, 0.000000000000000000 ) ) ;
#3488 = LINE ( 'NONE', #537, #1834 ) ;
#3489 = ORIENTED_EDGE ( 'NONE', *, *, #919, .F. ) ;
#3490 = VECTOR ( 'NONE', #4474, 1000.000000000000000 ) ;
#3491 = DIRECTION ( 'NONE',  ( 0.4999999999999984457, 0.7071067811865477948, -0.5000000000000008882 ) ) ;
#3492 = VECTOR ( 'NONE', #2632, 1000.000000000000114 ) ;
#3493 = CALENDAR_DATE ( 2023, 1, 6 ) ;
#3494 = CARTESIAN_POINT ( 'NONE',  ( 12.79999999999999538, 19.99999999999999645, 8.999999999999998224 ) ) ;
#3495 = CARTESIAN_POINT ( 'NONE',  ( -11.50000000000006395, 3.540408205773470041, 8.599999999999994316 ) ) ;
#3496 = EDGE_CURVE ( 'NONE', #2921, #1795, #4270, .T. ) ;
#3497 = FACE_OUTER_BOUND ( 'NONE', #730, .T. ) ;
#3498 = CARTESIAN_POINT ( 'NONE',  ( -10.90583134575830471, 0.5000000000000073275, 22.26998896272976580 ) ) ;
#3499 = AXIS2_PLACEMENT_3D ( 'NONE', #731, #2382, #1210 ) ;
#3500 = ADVANCED_FACE ( 'NONE', ( #1449 ), #5127, .T. ) ;
#3501 = EDGE_CURVE ( 'NONE', #1861, #1699, #1001, .T. ) ;
#3502 = DIRECTION ( 'NONE',  ( 0.000000000000000000, 1.000000000000000000, 1.051347561198064958E-16 ) ) ;
#3503 = EDGE_LOOP ( 'NONE', ( #1256, #46, #308, #3317 ) ) ;
#3504 = CARTESIAN_POINT ( 'NONE',  ( -4.545236260913209314, 2.999999999999992895, 9.428571428571435931 ) ) ;
#3505 = LOCAL_TIME ( 14, 1, 51.00000000000000000, #3134 ) ;
#3506 = FACE_OUTER_BOUND ( 'NONE', #2503, .T. ) ;
#3507 = ORIENTED_EDGE ( 'NONE', *, *, #2911, .T. ) ;
#3508 = LINE ( 'NONE', #1520, #1403 ) ;
#3509 = VERTEX_POINT ( 'NONE', #3112 ) ;
#3510 = DIRECTION ( 'NONE',  ( 0.000000000000000000, 0.000000000000000000, 1.000000000000000000 ) ) ;
#3511 = PLANE ( 'NONE',  #2440 ) ;
#3512 = LINE ( 'NONE', #4756, #1918 ) ;
#3513 = EDGE_LOOP ( 'NONE', ( #1115, #3866, #3428, #802 ) ) ;
#3514 = LINE ( 'NONE', #2703, #4452 ) ;
#3515 = FACE_OUTER_BOUND ( 'NONE', #1252, .T. ) ;
#3516 = DIRECTION ( 'NONE',  ( -0.7071067811865475727, -0.7071067811865475727, 0.000000000000000000 ) ) ;
#3517 = DIRECTION ( 'NONE',  ( 1.000000000000000000, 0.000000000000000000, -0.000000000000000000 ) ) ;
#3518 = CARTESIAN_POINT ( 'NONE',  ( -2.385334659945735236, 3.540408205773466044, 8.599999999999994316 ) ) ;
#3519 = CARTESIAN_POINT ( 'NONE',  ( 4.958578643762748150, 2.999999999999992895, 26.26998896272976936 ) ) ;
#3520 = VERTEX_POINT ( 'NONE', #3874 ) ;
#3521 = CARTESIAN_POINT ( 'NONE',  ( -6.000000000000060396, 3.500000000000000000, 12.00000000000000000 ) ) ;
#3522 = PLANE ( 'NONE',  #465 ) ;
#3523 = ORIENTED_EDGE ( 'NONE', *, *, #3527, .T. ) ;
#3524 = EDGE_CURVE ( 'NONE', #5321, #3244, #629, .T. ) ;
#3525 = CARTESIAN_POINT ( 'NONE',  ( -4.358841193057341634, 3.002888655360619552, 9.325372623762371305 ) ) ;
#3526 = EDGE_CURVE ( 'NONE', #1937, #390, #217, .T. ) ;
#3527 = EDGE_CURVE ( 'NONE', #2314, #660, #1053, .T. ) ;
#3528 = DIRECTION ( 'NONE',  ( -0.000000000000000000, 1.000000000000000000, -0.000000000000000000 ) ) ;
#3529 = ORIENTED_EDGE ( 'NONE', *, *, #2400, .T. ) ;
#3530 = CARTESIAN_POINT ( 'NONE',  ( 4.958578643762747262, 0.5000000000000073275, 22.26998896272976580 ) ) ;
#3531 = ORIENTED_EDGE ( 'NONE', *, *, #4186, .T. ) ;
#3532 = CARTESIAN_POINT ( 'NONE',  ( 11.76073041265300567, 3.500000000000000000, 20.76073041265294350 ) ) ;
#3533 = ORIENTED_EDGE ( 'NONE', *, *, #447, .T. ) ;
#3534 = DIRECTION ( 'NONE',  ( -1.000000000000000000, 4.731064025391292434E-16, 0.000000000000000000 ) ) ;
#3535 = EDGE_CURVE ( 'NONE', #662, #1268, #2714, .T. ) ;
#3536 = CARTESIAN_POINT ( 'NONE',  ( -8.199999999999992184, 15.22264973081037986, 6.500000000000004441 ) ) ;
#3537 = CARTESIAN_POINT ( 'NONE',  ( 0.000000000000000000, 7.000000000000000000, 2.499999999999994227 ) ) ;
#3538 = EDGE_LOOP ( 'NONE', ( #710, #3552, #248, #329, #172 ) ) ;
#3539 = DIRECTION ( 'NONE',  ( 1.000000000000000000, 0.000000000000000000, 0.000000000000000000 ) ) ;
#3540 = DIRECTION ( 'NONE',  ( -0.2810846377148270570, -0.6785983445458479979, -0.6785983445458433350 ) ) ;
#3541 = VERTEX_POINT ( 'NONE', #2742 ) ;
#3542 = LINE ( 'NONE', #3468, #2546 ) ;
#3543 = DIRECTION ( 'NONE',  ( 0.02014514485072028613, -0.03489241440728207272, -0.9991880166193817248 ) ) ;
#3544 = CARTESIAN_POINT ( 'NONE',  ( 6.500000000000071942, 0.000000000000000000, 12.00000000000000000 ) ) ;
#3545 = DIRECTION ( 'NONE',  ( 0.000000000000000000, -1.000000000000000000, 0.000000000000000000 ) ) ;
#3546 = CIRCLE ( 'NONE', #1207, 5.447252701995551227 ) ;
#3547 = FACE_OUTER_BOUND ( 'NONE', #1853, .T. ) ;
#3548 = CARTESIAN_POINT ( 'NONE',  ( 2.266666666666753649, 32.53333333333331012, -4.033333333333312787 ) ) ;
#3549 = CONICAL_SURFACE ( 'NONE', #1212, 3.500000000000006661, 0.7853981633974473908 ) ;
#3550 = VECTOR ( 'NONE', #650, 1000.000000000000000 ) ;
#3551 = EDGE_CURVE ( 'NONE', #3684, #662, #4721, .T. ) ;
#3552 = ORIENTED_EDGE ( 'NONE', *, *, #3524, .T. ) ;
#3553 = DIRECTION ( 'NONE',  ( -0.7071067811865453523, -0.7071067811865496822, 9.476893255940619806E-17 ) ) ;
#3554 = EDGE_CURVE ( 'NONE', #3104, #3150, #4314, .T. ) ;
#3555 = EDGE_CURVE ( 'NONE', #2134, #5180, #3925, .T. ) ;
#3556 = ORIENTED_EDGE ( 'NONE', *, *, #3003, .T. ) ;
#3557 = DIRECTION ( 'NONE',  ( 0.000000000000000000, 0.000000000000000000, 1.000000000000000000 ) ) ;
#3558 = VECTOR ( 'NONE', #2412, 1000.000000000000000 ) ;
#3559 = ORIENTED_EDGE ( 'NONE', *, *, #2042, .F. ) ;
#3560 = VECTOR ( 'NONE', #3608, 1000.000000000000114 ) ;
#3561 = CARTESIAN_POINT ( 'NONE',  ( -8.000000000000053291, 0.000000000000000000, 18.47171335700006978 ) ) ;
#3562 = VECTOR ( 'NONE', #334, 1000.000000000000114 ) ;
#3563 = VECTOR ( 'NONE', #3808, 1000.000000000000227 ) ;
#3564 = PLANE ( 'NONE',  #698 ) ;
#3565 = FACE_OUTER_BOUND ( 'NONE', #909, .T. ) ;
#3566 = ADVANCED_FACE ( 'NONE', ( #599 ), #4394, .T. ) ;
#3567 = EDGE_CURVE ( 'NONE', #2744, #378, #5233, .T. ) ;
#3568 = VERTEX_POINT ( 'NONE', #3173 ) ;
#3569 = AXIS2_PLACEMENT_3D ( 'NONE', #4648, #3833, #121 ) ;
#3570 = AXIS2_PLACEMENT_3D ( 'NONE', #1146, #4624, #87 ) ;
#3571 = VECTOR ( 'NONE', #3714, 1000.000000000000000 ) ;
#3572 = CARTESIAN_POINT ( 'NONE',  ( 5.458578643762755256, 3.249999999999996447, 26.01998896272976580 ) ) ;
#3573 = DIRECTION ( 'NONE',  ( -0.7071067811865474617, -0.7071067811865474617, -0.000000000000000000 ) ) ;
#3574 = ORIENTED_EDGE ( 'NONE', *, *, #1011, .T. ) ;
#3575 = FACE_BOUND ( 'NONE', #2837, .T. ) ;
#3576 = CARTESIAN_POINT ( 'NONE',  ( -11.50000000000006217, 0.000000000000000000, 8.499999999999992895 ) ) ;
#3577 = DIRECTION ( 'NONE',  ( -0.000000000000000000, -1.000000000000000000, -0.000000000000000000 ) ) ;
#3578 = VECTOR ( 'NONE', #161, 1000.000000000000000 ) ;
#3579 = LINE ( 'NONE', #4720, #3240 ) ;
#3580 = VECTOR ( 'NONE', #3170, 1000.000000000000114 ) ;
#3581 = DIRECTION ( 'NONE',  ( 0.000000000000000000, 0.000000000000000000, -1.000000000000000000 ) ) ;
#3582 = CARTESIAN_POINT ( 'NONE',  ( -16.30000000000002558, 5.500000000000023981, 9.000000000000007105 ) ) ;
#3583 = FACE_OUTER_BOUND ( 'NONE', #2085, .T. ) ;
#3584 = CONICAL_SURFACE ( 'NONE', #3331, 3.499999999999989342, 0.7853981633974491672 ) ;
#3585 = CARTESIAN_POINT ( 'NONE',  ( -18.30000000000001847, 3.540408205773473593, 8.599999999999994316 ) ) ;
#3586 = VERTEX_POINT ( 'NONE', #5259 ) ;
#3587 = CARTESIAN_POINT ( 'NONE',  ( 4.121867909075525915, 3.012037977543895018, 9.216846909406893218 ) ) ;
#3588 = ORIENTED_EDGE ( 'NONE', *, *, #4324, .F. ) ;
#3589 = FACE_OUTER_BOUND ( 'NONE', #2669, .T. ) ;
#3590 = ORIENTED_EDGE ( 'NONE', *, *, #1303, .F. ) ;
#3591 = CARTESIAN_POINT ( 'NONE',  ( 0.06073041265310455405, 0.000000000000000000, 27.86073041265292005 ) ) ;
#3592 = ADVANCED_FACE ( 'NONE', ( #300 ), #2796, .F. ) ;
#3593 = LINE ( 'NONE', #3678, #2882 ) ;
#3594 = CARTESIAN_POINT ( 'NONE',  ( 8.199999999999992184, 22.00000000000000355, 6.500000000000005329 ) ) ;
#3595 = ORIENTED_EDGE ( 'NONE', *, *, #1402, .F. ) ;
#3596 = EDGE_CURVE ( 'NONE', #208, #2404, #4847, .T. ) ;
#3597 = EDGE_CURVE ( 'NONE', #441, #4131, #4499, .T. ) ;
#3598 = CARTESIAN_POINT ( 'NONE',  ( 3.518507268483469730, 3.040400074089994131, 9.044807267154618913 ) ) ;
#3599 = CARTESIAN_POINT ( 'NONE',  ( -10.07208046840950288, 3.000017112004970787, 9.358085052303215079 ) ) ;
#3600 = ORIENTED_EDGE ( 'NONE', *, *, #1342, .F. ) ;
#3601 = PLANE ( 'NONE',  #3663 ) ;
#3602 = DIRECTION ( 'NONE',  ( 1.000000000000000000, -4.731064025391292434E-16, 0.000000000000000000 ) ) ;
#3603 = DIRECTION ( 'NONE',  ( 1.340235097171338465E-16, 0.000000000000000000, -1.000000000000000000 ) ) ;
#3604 = EDGE_LOOP ( 'NONE', ( #3222, #4899, #931, #3236, #2391, #4751 ) ) ;
#3605 = CARTESIAN_POINT ( 'NONE',  ( -18.80000000000001137, 21.50000000000000000, 6.500000000000012434 ) ) ;
#3606 = DIRECTION ( 'NONE',  ( 1.000000000000000000, 0.000000000000000000, 0.000000000000000000 ) ) ;
#3607 = ORIENTED_EDGE ( 'NONE', *, *, #2239, .T. ) ;
#3608 = DIRECTION ( 'NONE',  ( -0.02014514485072027572, 0.03489241440728206578, -0.9991880166193817248 ) ) ;
#3609 = DIRECTION ( 'NONE',  ( -0.000000000000000000, -1.000000000000000000, -0.000000000000000000 ) ) ;
#3610 = ORIENTED_EDGE ( 'NONE', *, *, #4750, .T. ) ;
#3611 = FACE_OUTER_BOUND ( 'NONE', #1022, .T. ) ;
#3612 = ORIENTED_EDGE ( 'NONE', *, *, #3196, .T. ) ;
#3613 = DIRECTION ( 'NONE',  ( -1.340235097171338465E-16, -0.000000000000000000, -1.000000000000000000 ) ) ;
#3614 = ORIENTED_EDGE ( 'NONE', *, *, #1315, .F. ) ;
#3615 = LINE ( 'NONE', #4015, #3045 ) ;
#3616 = CARTESIAN_POINT ( 'NONE',  ( -9.954763739086915919, 3.000000000000003553, 9.428571428571434154 ) ) ;
#3617 = PLANE ( 'NONE',  #708 ) ;
#3618 = ORIENTED_EDGE ( 'NONE', *, *, #4303, .T. ) ;
#3619 = CC_DESIGN_PERSON_AND_ORGANIZATION_ASSIGNMENT ( #1585, #804, ( #1947 ) ) ;
#3620 = PERSON_AND_ORGANIZATION ( #3330, #1683 ) ;
#3621 = CARTESIAN_POINT ( 'NONE',  ( 3.000000000000060396, 3.050510257216820342, 9.000000000000001776 ) ) ;
#3622 = DIRECTION ( 'NONE',  ( 4.097221632919522883E-16, 0.8660254037844382635, 0.5000000000000006661 ) ) ;
#3623 = ORIENTED_EDGE ( 'NONE', *, *, #4560, .T. ) ;
#3624 = ADVANCED_FACE ( 'NONE', ( #785 ), #3197, .F. ) ;
#3625 = EDGE_CURVE ( 'NONE', #2562, #660, #1213, .T. ) ;
#3626 = CARTESIAN_POINT ( 'NONE',  ( -13.29999999999997939, 14.93397459621557211, 6.999999999999998224 ) ) ;
#3627 = DIRECTION ( 'NONE',  ( 0.000000000000000000, -1.000000000000000000, 0.000000000000000000 ) ) ;
#3628 = VERTEX_POINT ( 'NONE', #4121 ) ;
#3629 = CARTESIAN_POINT ( 'NONE',  ( 9.954763739086910590, 2.999999999999990230, 9.428571428571437707 ) ) ;
#3630 = CARTESIAN_POINT ( 'NONE',  ( 13.29999999999999183, 14.93397459621555967, 6.999999999999998224 ) ) ;
#3631 = EDGE_CURVE ( 'NONE', #3798, #5068, #383, .T. ) ;
#3632 = CARTESIAN_POINT ( 'NONE',  ( -8.305025253169475263, 0.5000000000000073275, 24.21643557213649345 ) ) ;
#3633 = FACE_OUTER_BOUND ( 'NONE', #3671, .T. ) ;
#3634 = ORIENTED_EDGE ( 'NONE', *, *, #5111, .T. ) ;
#3635 = CARTESIAN_POINT ( 'NONE',  ( -13.29999999999999538, -4.614364446098307660E-15, 0.000000000000000000 ) ) ;
#3636 = ORIENTED_EDGE ( 'NONE', *, *, #557, .T. ) ;
#3637 = DIRECTION ( 'NONE',  ( 1.000000000000000000, 1.043274026900804705E-16, 0.000000000000000000 ) ) ;
#3638 = VERTEX_POINT ( 'NONE', #2908 ) ;
#3639 = DIRECTION ( 'NONE',  ( 0.000000000000000000, 0.000000000000000000, -1.000000000000000000 ) ) ;
#3640 = VECTOR ( 'NONE', #3012, 1000.000000000000000 ) ;
#3641 = VECTOR ( 'NONE', #3086, 1000.000000000000000 ) ;
#3642 = DIRECTION ( 'NONE',  ( -0.000000000000000000, -1.000000000000000000, -0.000000000000000000 ) ) ;
#3643 = AXIS2_PLACEMENT_3D ( 'NONE', #1800, #1415, #4754 ) ;
#3644 = FACE_OUTER_BOUND ( 'NONE', #174, .T. ) ;
#3645 = ORIENTED_EDGE ( 'NONE', *, *, #1604, .T. ) ;
#3646 = ORIENTED_EDGE ( 'NONE', *, *, #3003, .F. ) ;
#3647 = CIRCLE ( 'NONE', #4690, 0.5999999999999998668 ) ;
#3648 = CONICAL_SURFACE ( 'NONE', #450, 2.600000000000012079, 0.7853981633974473908 ) ;
#3649 = DATE_AND_TIME ( #1505, #3845 ) ;
#3650 = CARTESIAN_POINT ( 'NONE',  ( -2.078460969082652987, 10.59999999999999964, 2.999999999999999112 ) ) ;
#3651 = CARTESIAN_POINT ( 'NONE',  ( -11.06211799327701506, 3.043193699598269131, 9.031933209238202309 ) ) ;
#3652 = ORIENTED_EDGE ( 'NONE', *, *, #116, .T. ) ;
#3653 = AXIS2_PLACEMENT_3D ( 'NONE', #1879, #5211, #4344 ) ;
#3654 = VECTOR ( 'NONE', #4197, 1000.000000000000114 ) ;
#3655 = CARTESIAN_POINT ( 'NONE',  ( -4.958578643762747262, 3.500000000000000000, 22.26998896272976580 ) ) ;
#3656 = CARTESIAN_POINT ( 'NONE',  ( -10.31313171948228380, 3.009214135181971894, 9.244758533889021024 ) ) ;
#3657 = ORIENTED_EDGE ( 'NONE', *, *, #1467, .F. ) ;
#3658 = FACE_OUTER_BOUND ( 'NONE', #5037, .T. ) ;
#3659 = EDGE_CURVE ( 'NONE', #3568, #2589, #2883, .T. ) ;
#3660 = LINE ( 'NONE', #866, #2521 ) ;
#3661 = CARTESIAN_POINT ( 'NONE',  ( -3.000000000000060840, 0.000000000000000000, 12.00000000000000000 ) ) ;
#3662 = FACE_OUTER_BOUND ( 'NONE', #1489, .T. ) ;
#3663 = AXIS2_PLACEMENT_3D ( 'NONE', #11, #3328, #42 ) ;
#3664 = LINE ( 'NONE', #3548, #2618 ) ;
#3665 = ADVANCED_FACE ( 'NONE', ( #1957 ), #324, .F. ) ;
#3666 = EDGE_CURVE ( 'NONE', #3185, #1197, #1982, .T. ) ;
#3667 = AXIS2_PLACEMENT_3D ( 'NONE', #2236, #604, #4426 ) ;
#3668 = DIRECTION ( 'NONE',  ( 0.000000000000000000, 0.7071067811865475727, 0.7071067811865475727 ) ) ;
#3669 = ORIENTED_EDGE ( 'NONE', *, *, #5056, .F. ) ;
#3670 = DIRECTION ( 'NONE',  ( 1.340235097171338465E-16, -0.000000000000000000, 1.000000000000000000 ) ) ;
#3671 = EDGE_LOOP ( 'NONE', ( #4143, #3788, #2700, #1161 ) ) ;
#3672 = CARTESIAN_POINT ( 'NONE',  ( 3.550014702675692302, 3.533743569483000613, 8.634061483433230322 ) ) ;
#3673 = ORIENTED_EDGE ( 'NONE', *, *, #2743, .T. ) ;
#3674 = CARTESIAN_POINT ( 'NONE',  ( 4.958578643762748150, 0.000000000000000000, 25.76998896272976580 ) ) ;
#3675 = VECTOR ( 'NONE', #3141, 1000.000000000000000 ) ;
#3676 = CARTESIAN_POINT ( 'NONE',  ( 10.64281240324509170, 3.025209698038493045, 9.124716493175156984 ) ) ;
#3677 = VECTOR ( 'NONE', #2793, 1000.000000000000000 ) ;
#3678 = CARTESIAN_POINT ( 'NONE',  ( -4.958578643762748150, 2.999999999999992895, 26.26998896272976936 ) ) ;
#3679 = DIRECTION ( 'NONE',  ( -1.000000000000000000, 0.000000000000000000, -4.973992624967034591E-32 ) ) ;
#3680 = ORIENTED_EDGE ( 'NONE', *, *, #5281, .T. ) ;
#3681 = ORIENTED_EDGE ( 'NONE', *, *, #3555, .F. ) ;
#3682 = CARTESIAN_POINT ( 'NONE',  ( 3.942755983644083084, 3.020915510200496090, 9.151630546707785641 ) ) ;
#3683 = CARTESIAN_POINT ( 'NONE',  ( -11.34273028591909771, 3.539972216555522966, 8.602118219688591694 ) ) ;
#3684 = VERTEX_POINT ( 'NONE', #3690 ) ;
#3685 = DIRECTION ( 'NONE',  ( 0.000000000000000000, 0.000000000000000000, -1.000000000000000000 ) ) ;
#3686 = CARTESIAN_POINT ( 'NONE',  ( -10.87995091652566337, 3.036291962630211394, 9.064766485645039396 ) ) ;
#3687 = VERTEX_POINT ( 'NONE', #5341 ) ;
#3688 = DIRECTION ( 'NONE',  ( -1.000000000000000000, 0.000000000000000000, 1.340235097171338465E-16 ) ) ;
#3689 = CARTESIAN_POINT ( 'NONE',  ( -8.500000000000063949, 2.999999999999992895, 12.00000000000000000 ) ) ;
#3690 = CARTESIAN_POINT ( 'NONE',  ( 12.79999999999999538, 15.22264973081037454, 6.499999999999998224 ) ) ;
#3691 = PLANE ( 'NONE',  #437 ) ;
#3692 = DIRECTION ( 'NONE',  ( -0.000000000000000000, -0.000000000000000000, -1.000000000000000000 ) ) ;
#3693 = VERTEX_POINT ( 'NONE', #3630 ) ;
#3694 = DIRECTION ( 'NONE',  ( -0.7071067811865441310, 0.000000000000000000, 0.7071067811865510144 ) ) ;
#3695 = ORIENTED_EDGE ( 'NONE', *, *, #1604, .F. ) ;
#3696 = CARTESIAN_POINT ( 'NONE',  ( -2.078460969082653431, 3.399999999999999023, 2.999999999999999112 ) ) ;
#3697 = ORIENTED_EDGE ( 'NONE', *, *, #5146, .T. ) ;
#3698 = EDGE_CURVE ( 'NONE', #792, #2501, #733, .T. ) ;
#3699 = DIRECTION ( 'NONE',  ( 0.000000000000000000, 0.7071067811865474617, 0.7071067811865474617 ) ) ;
#3700 = EDGE_CURVE ( 'NONE', #662, #5346, #2978, .T. ) ;
#3701 = LINE ( 'NONE', #2508, #2786 ) ;
#3702 = EDGE_LOOP ( 'NONE', ( #4478, #3852, #5348, #2166 ) ) ;
#3703 = CARTESIAN_POINT ( 'NONE',  ( 17.30000000000001137, 22.00000000000000000, 1.499999999999999556 ) ) ;
#3704 = ORIENTED_EDGE ( 'NONE', *, *, #4393, .F. ) ;
#3705 = EDGE_CURVE ( 'NONE', #496, #4584, #348, .T. ) ;
#3706 = LINE ( 'NONE', #1720, #3480 ) ;
#3707 = CARTESIAN_POINT ( 'NONE',  ( 7.533333333333320780, 20.66666666666667496, -0.1666666666666690166 ) ) ;
#3708 = ORIENTED_EDGE ( 'NONE', *, *, #2834, .T. ) ;
#3709 = CARTESIAN_POINT ( 'NONE',  ( -18.30000000000001137, 22.00000000000000000, 1.499999999999999556 ) ) ;
#3710 = CARTESIAN_POINT ( 'NONE',  ( 4.500000000000063061, 0.000000000000000000, 18.47171335700006978 ) ) ;
#3711 = VERTEX_POINT ( 'NONE', #3225 ) ;
#3712 = DIRECTION ( 'NONE',  ( -0.7071067811865474617, -0.7071067811865474617, 0.000000000000000000 ) ) ;
#3713 = DIRECTION ( 'NONE',  ( 0.000000000000000000, -1.000000000000000000, 0.000000000000000000 ) ) ;
#3714 = DIRECTION ( 'NONE',  ( 1.000000000000000000, -4.731064025391292434E-16, -0.000000000000000000 ) ) ;
#3715 = FACE_OUTER_BOUND ( 'NONE', #766, .T. ) ;
#3716 = ORIENTED_EDGE ( 'NONE', *, *, #3230, .F. ) ;
#3717 = FACE_OUTER_BOUND ( 'NONE', #170, .T. ) ;
#3718 = ORIENTED_EDGE ( 'NONE', *, *, #2443, .T. ) ;
#3719 = DIRECTION ( 'NONE',  ( -0.5773502691896258421, 0.5773502691896258421, 0.5773502691896258421 ) ) ;
#3720 = ORIENTED_EDGE ( 'NONE', *, *, #4194, .F. ) ;
#3721 = LINE ( 'NONE', #478, #1738 ) ;
#3722 = CARTESIAN_POINT ( 'NONE',  ( 10.57840933139951112, 3.021977676718430761, 9.144973363572457714 ) ) ;
#3723 = ADVANCED_FACE ( 'NONE', ( #4003 ), #1234, .F. ) ;
#3724 = EDGE_CURVE ( 'NONE', #874, #4454, #1596, .T. ) ;
#3725 = EDGE_CURVE ( 'NONE', #1917, #1610, #108, .T. ) ;
#3726 = CARTESIAN_POINT ( 'NONE',  ( 8.199999999999992184, 22.00000000000000355, 9.000000000000000000 ) ) ;
#3727 = CARTESIAN_POINT ( 'NONE',  ( -6.782842712474676183, 2.999999999999992895, 22.69425303144169348 ) ) ;
#3728 = ORIENTED_EDGE ( 'NONE', *, *, #3724, .F. ) ;
#3729 = DIRECTION ( 'NONE',  ( 1.000000000000000000, 0.000000000000000000, 0.000000000000000000 ) ) ;
#3730 = ORIENTED_EDGE ( 'NONE', *, *, #556, .F. ) ;
#3731 = CIRCLE ( 'NONE', #3472, 2.000000000000005329 ) ;
#3732 = AXIS2_PLACEMENT_3D ( 'NONE', #3435, #3000, #3837 ) ;
#3733 = EDGE_CURVE ( 'NONE', #4546, #1028, #3280, .T. ) ;
#3734 = EDGE_CURVE ( 'NONE', #1030, #2921, #4615, .T. ) ;
#3735 = CARTESIAN_POINT ( 'NONE',  ( 7.328427124746252019, 0.5000000000000069944, 21.30014048174625785 ) ) ;
#3736 = CARTESIAN_POINT ( 'NONE',  ( -12.79999999999999361, 15.80000000000001137, 5.500000000000000000 ) ) ;
#3737 = ORIENTED_EDGE ( 'NONE', *, *, #3344, .F. ) ;
#3738 = VECTOR ( 'NONE', #736, 1000.000000000000227 ) ;
#3739 = AXIS2_PLACEMENT_3D ( 'NONE', #2051, #2856, #3182 ) ;
#3740 = CARTESIAN_POINT ( 'NONE',  ( -10.66420647562005364, 3.026262913656476705, 9.118764132892509977 ) ) ;
#3741 = ORIENTED_EDGE ( 'NONE', *, *, #1977, .F. ) ;
#3742 = FACE_OUTER_BOUND ( 'NONE', #1063, .T. ) ;
#3743 = DIRECTION ( 'NONE',  ( 4.097221632919522883E-16, 0.8660254037844382635, 0.5000000000000006661 ) ) ;
#3744 = AXIS2_PLACEMENT_3D ( 'NONE', #2753, #3210, #3130 ) ;
#3745 = CIRCLE ( 'NONE', #4343, 2.999999999999999112 ) ;
#3746 = CARTESIAN_POINT ( 'NONE',  ( 18.29999999999999716, 5.500000000000000000, 9.000000000000000000 ) ) ;
#3747 = FACE_OUTER_BOUND ( 'NONE', #3824, .T. ) ;
#3748 = AXIS2_PLACEMENT_3D ( 'NONE', #1253, #1573, #3233 ) ;
#3749 = CARTESIAN_POINT ( 'NONE',  ( -5.458578643762751703, 0.000000000000000000, 9.000000000000003553 ) ) ;
#3750 = AXIS2_PLACEMENT_3D ( 'NONE', #1726, #927, #5041 ) ;
#3751 = ORIENTED_EDGE ( 'NONE', *, *, #3463, .T. ) ;
#3752 = DIRECTION ( 'NONE',  ( -0.5000000000000026645, -0.7071067811865472397, -0.4999999999999977796 ) ) ;
#3753 = ORIENTED_EDGE ( 'NONE', *, *, #1538, .T. ) ;
#3754 = LINE ( 'NONE', #2937, #4002 ) ;
#3755 = DIRECTION ( 'NONE',  ( 1.000000000000000000, 0.000000000000000000, 0.000000000000000000 ) ) ;
#3756 = AXIS2_PLACEMENT_3D ( 'NONE', #3097, #201, #3956 ) ;
#3757 = LINE ( 'NONE', #1196, #99 ) ;
#3758 = ORIENTED_EDGE ( 'NONE', *, *, #3700, .T. ) ;
#3759 = VECTOR ( 'NONE', #3286, 1000.000000000000000 ) ;
#3760 = LINE ( 'NONE', #4547, #805 ) ;
#3761 = ORIENTED_EDGE ( 'NONE', *, *, #2805, .T. ) ;
#3762 = EDGE_CURVE ( 'NONE', #3834, #1634, #2170, .T. ) ;
#3763 = AXIS2_PLACEMENT_3D ( 'NONE', #5143, #569, #4224 ) ;
#3764 = LINE ( 'NONE', #5357, #1051 ) ;
#3765 = CARTESIAN_POINT ( 'NONE',  ( -11.36519738793433731, 3.049965270694452446, 9.002269521094680371 ) ) ;
#3766 = ORIENTED_EDGE ( 'NONE', *, *, #2907, .T. ) ;
#3767 = ADVANCED_FACE ( 'NONE', ( #4175 ), #2706, .T. ) ;
#3768 = CARTESIAN_POINT ( 'NONE',  ( -10.69210073272862971, 3.027636301279349684, 9.110826695901488748 ) ) ;
#3769 = EDGE_CURVE ( 'NONE', #685, #3897, #1055, .T. ) ;
#3770 = ORIENTED_EDGE ( 'NONE', *, *, #3947, .T. ) ;
#3771 = CARTESIAN_POINT ( 'NONE',  ( -11.50000000000006217, 2.999999999999992895, 12.00000000000000000 ) ) ;
#3772 = CARTESIAN_POINT ( 'NONE',  ( 5.458578643762755256, 3.500000000000000000, 26.26998896272976936 ) ) ;
#3773 = LINE ( 'NONE', #2444, #2950 ) ;
#3774 = CARTESIAN_POINT ( 'NONE',  ( 8.500000000000062172, 0.5000000000000073275, 18.47171335700006978 ) ) ;
#3775 = ORIENTED_EDGE ( 'NONE', *, *, #2665, .F. ) ;
#3776 = DIRECTION ( 'NONE',  ( 0.000000000000000000, 0.000000000000000000, 1.000000000000000000 ) ) ;
#3777 = ORIENTED_EDGE ( 'NONE', *, *, #4560, .F. ) ;
#3778 = PLANE ( 'NONE',  #2203 ) ;
#3779 = CARTESIAN_POINT ( 'NONE',  ( -3.484848541554799617, 3.041621861338914989, 9.039092729695163086 ) ) ;
#3780 = DIRECTION ( 'NONE',  ( 0.000000000000000000, -0.000000000000000000, -1.000000000000000000 ) ) ;
#3781 = VERTEX_POINT ( 'NONE', #3816 ) ;
#3782 = DIRECTION ( 'NONE',  ( -1.000000000000000000, 0.000000000000000000, -4.973992624967034591E-32 ) ) ;
#3783 = ORIENTED_EDGE ( 'NONE', *, *, #4785, .T. ) ;
#3784 = LINE ( 'NONE', #3381, #365 ) ;
#3785 = DIRECTION ( 'NONE',  ( -2.168404344971006896E-16, 0.000000000000000000, 1.000000000000000000 ) ) ;
#3786 = ORIENTED_EDGE ( 'NONE', *, *, #3631, .F. ) ;
#3787 = LINE ( 'NONE', #5036, #1497 ) ;
#3788 = ORIENTED_EDGE ( 'NONE', *, *, #3666, .T. ) ;
#3789 = ADVANCED_FACE ( 'NONE', ( #2091 ), #4089, .F. ) ;
#3790 = PLANE ( 'NONE',  #4373 ) ;
#3791 = EDGE_CURVE ( 'NONE', #1861, #4830, #4640, .T. ) ;
#3792 = EDGE_CURVE ( 'NONE', #500, #5180, #3342, .T. ) ;
#3793 = DIRECTION ( 'NONE',  ( 2.188556754985495964E-31, -6.308085367188390241E-16, 1.000000000000000000 ) ) ;
#3794 = CARTESIAN_POINT ( 'NONE',  ( 8.199999999999993960, 15.83445554337723671, 5.440321248268235266 ) ) ;
#3795 = EDGE_CURVE ( 'NONE', #2332, #1656, #842, .T. ) ;
#3796 = ORIENTED_EDGE ( 'NONE', *, *, #2761, .F. ) ;
#3797 = DIRECTION ( 'NONE',  ( 0.000000000000000000, 1.000000000000000000, 0.000000000000000000 ) ) ;
#3798 = VERTEX_POINT ( 'NONE', #106 ) ;
#3799 = CARTESIAN_POINT ( 'NONE',  ( 10.26369964649933841, 3.511792637130834560, 8.777467376914344754 ) ) ;
#3800 = VERTEX_POINT ( 'NONE', #2494 ) ;
#3801 = CARTESIAN_POINT ( 'NONE',  ( -3.664616286283200797, 3.034370665284527924, 9.074349331190468604 ) ) ;
#3802 = LINE ( 'NONE', #1744, #4420 ) ;
#3803 = CARTESIAN_POINT ( 'NONE',  ( 6.429289321881394237, 3.500000000000000000, 21.49217150342455440 ) ) ;
#3804 = ORIENTED_EDGE ( 'NONE', *, *, #822, .F. ) ;
#3805 = CARTESIAN_POINT ( 'NONE',  ( 11.36519738793433909, 3.049965270694441344, 9.002269521094678595 ) ) ;
#3806 = ORIENTED_EDGE ( 'NONE', *, *, #385, .T. ) ;
#3807 = DIRECTION ( 'NONE',  ( -1.000000000000000000, 0.000000000000000000, 0.000000000000000000 ) ) ;
#3808 = DIRECTION ( 'NONE',  ( 0.02014514485072027572, 0.03489241440728207272, -0.9991880166193817248 ) ) ;
#3809 = LINE ( 'NONE', #2194, #1658 ) ;
#3810 = ORIENTED_EDGE ( 'NONE', *, *, #879, .F. ) ;
#3811 = CARTESIAN_POINT ( 'NONE',  ( 4.500000000000063061, 0.000000000000000000, 18.47171335700006978 ) ) ;
#3812 = VECTOR ( 'NONE', #155, 1000.000000000000000 ) ;
#3813 = AXIS2_PLACEMENT_3D ( 'NONE', #203, #1384, #3052 ) ;
#3814 = ORIENTED_EDGE ( 'NONE', *, *, #974, .F. ) ;
#3815 = AXIS2_PLACEMENT_3D ( 'NONE', #1974, #2403, #3216 ) ;
#3816 = CARTESIAN_POINT ( 'NONE',  ( 12.79999999999999538, 15.80000000000000071, 5.500000000000000000 ) ) ;
#3817 = CIRCLE ( 'NONE', #4688, 2.100000000000000089 ) ;
#3818 = DIRECTION ( 'NONE',  ( 1.000000000000000000, -4.731064025391292434E-16, 0.000000000000000000 ) ) ;
#3819 = ADVANCED_FACE ( 'NONE', ( #1760 ), #4992, .T. ) ;
#3820 = AXIS2_PLACEMENT_3D ( 'NONE', #480, #88, #4188 ) ;
#3821 = VECTOR ( 'NONE', #2014, 1000.000000000000000 ) ;
#3822 = ORIENTED_EDGE ( 'NONE', *, *, #47, .F. ) ;
#3823 = DIRECTION ( 'NONE',  ( -0.000000000000000000, -0.000000000000000000, -1.000000000000000000 ) ) ;
#3824 = EDGE_LOOP ( 'NONE', ( #3832, #4986, #1405, #1687, #4245, #3302 ) ) ;
#3825 = CARTESIAN_POINT ( 'NONE',  ( 6.429289321881393349, 3.500000000000000000, 23.04780642203497720 ) ) ;
#3826 = VECTOR ( 'NONE', #148, 1000.000000000000227 ) ;
#3827 = AXIS2_PLACEMENT_3D ( 'NONE', #1498, #664, #4434 ) ;
#3828 = CARTESIAN_POINT ( 'NONE',  ( -7.951471862576203087, 2.999999999999992895, 24.56998896272977007 ) ) ;
#3829 = EDGE_CURVE ( 'NONE', #5239, #4546, #4057, .T. ) ;
#3830 = EDGE_CURVE ( 'NONE', #1165, #2484, #1706, .T. ) ;
#3831 = VECTOR ( 'NONE', #1324, 1000.000000000000114 ) ;
#3832 = ORIENTED_EDGE ( 'NONE', *, *, #3009, .T. ) ;
#3833 = DIRECTION ( 'NONE',  ( -1.000000000000000000, -3.469446951953616161E-16, 0.000000000000000000 ) ) ;
#3834 = VERTEX_POINT ( 'NONE', #4227 ) ;
#3835 = CARTESIAN_POINT ( 'NONE',  ( -18.29999999999999361, 0.000000000000000000, 9.000000000000000000 ) ) ;
#3836 = VERTEX_POINT ( 'NONE', #5069 ) ;
#3837 = DIRECTION ( 'NONE',  ( 0.000000000000000000, 0.000000000000000000, 1.000000000000000000 ) ) ;
#3838 = VECTOR ( 'NONE', #932, 1000.000000000000114 ) ;
#3839 = FACE_OUTER_BOUND ( 'NONE', #5159, .T. ) ;
#3840 = CARTESIAN_POINT ( 'NONE',  ( -3.868221882239426979, 3.024691768362439692, 9.127589394281985236 ) ) ;
#3841 = ORIENTED_EDGE ( 'NONE', *, *, #3067, .T. ) ;
#3842 = CARTESIAN_POINT ( 'NONE',  ( 7.328427124746252019, 0.5000000000000072164, 21.30014048174625785 ) ) ;
#3843 = ORIENTED_EDGE ( 'NONE', *, *, #1467, .T. ) ;
#3844 = CARTESIAN_POINT ( 'NONE',  ( -4.500000000000063061, 0.000000000000000000, 18.47171335700006978 ) ) ;
#3845 = LOCAL_TIME ( 14, 1, 51.00000000000000000, #1972 ) ;
#3846 = PLANE ( 'NONE',  #3142 ) ;
#3847 = CARTESIAN_POINT ( 'NONE',  ( -7.951471862576203087, 2.999999999999992895, 24.56998896272977007 ) ) ;
#3848 = CARTESIAN_POINT ( 'NONE',  ( 10.28218824279271892, 3.007869730170228628, 9.258045898204684931 ) ) ;
#3849 = ORIENTED_EDGE ( 'NONE', *, *, #4464, .T. ) ;
#3850 = CARTESIAN_POINT ( 'NONE',  ( 6.751471862576189586, 3.500000000000000000, 25.76998896272976225 ) ) ;
#3851 = CC_DESIGN_DATE_AND_TIME_ASSIGNMENT ( #3649, #337, ( #3153 ) ) ;
#3852 = ORIENTED_EDGE ( 'NONE', *, *, #1371, .F. ) ;
#3853 = CARTESIAN_POINT ( 'NONE',  ( 2.385334659945730351, 3.540408205773464267, 8.599999999999994316 ) ) ;
#3854 = ORIENTED_EDGE ( 'NONE', *, *, #884, .F. ) ;
#3855 = CARTESIAN_POINT ( 'NONE',  ( -4.631082719852829044, 3.166666666666661190, 9.285714285714291805 ) ) ;
#3856 = PLANE ( 'NONE',  #3486 ) ;
#3857 = ADVANCED_FACE ( 'NONE', ( #945 ), #2930, .F. ) ;
#3858 = ADVANCED_FACE ( 'NONE', ( #4253 ), #546, .F. ) ;
#3859 = EDGE_LOOP ( 'NONE', ( #2449, #3453, #4528, #3728 ) ) ;
#3860 = CARTESIAN_POINT ( 'NONE',  ( -18.80000000000001137, 22.00000000000000000, 9.000000000000000000 ) ) ;
#3861 = ORIENTED_EDGE ( 'NONE', *, *, #1011, .F. ) ;
#3862 = DIRECTION ( 'NONE',  ( 0.000000000000000000, 0.000000000000000000, 1.000000000000000000 ) ) ;
#3863 = FACE_OUTER_BOUND ( 'NONE', #5190, .T. ) ;
#3864 = CARTESIAN_POINT ( 'NONE',  ( -4.665906120189048600, 3.500013689603981959, 8.934212715482992451 ) ) ;
#3865 = EDGE_CURVE ( 'NONE', #827, #4068, #3031, .T. ) ;
#3866 = ORIENTED_EDGE ( 'NONE', *, *, #239, .F. ) ;
#3867 = FACE_OUTER_BOUND ( 'NONE', #506, .T. ) ;
#3868 = CARTESIAN_POINT ( 'NONE',  ( 12.79999999999999538, 22.00000000000000355, 6.499999999999999112 ) ) ;
#3869 = LINE ( 'NONE', #2933, #3044 ) ;
#3870 = CARTESIAN_POINT ( 'NONE',  ( 5.133333333333309767, 12.73333333333331829, -2.566666666666650887 ) ) ;
#3871 = CARTESIAN_POINT ( 'NONE',  ( -4.090522003662607986, 3.517155824742839609, 8.736335543249253988 ) ) ;
#3872 = DIRECTION ( 'NONE',  ( 1.000000000000000000, 0.000000000000000000, 0.000000000000000000 ) ) ;
#3873 = ORIENTED_EDGE ( 'NONE', *, *, #4054, .F. ) ;
#3874 = CARTESIAN_POINT ( 'NONE',  ( 18.80000000000000071, 0.5000000000000073275, 1.499999999999999556 ) ) ;
#3875 = ORIENTED_EDGE ( 'NONE', *, *, #5185, .T. ) ;
#3876 = DIRECTION ( 'NONE',  ( 0.7071067811865474617, 0.7071067811865474617, 0.000000000000000000 ) ) ;
#3877 = DIRECTION ( 'NONE',  ( 0.000000000000000000, -1.000000000000000000, 0.000000000000000000 ) ) ;
#3878 = ORIENTED_EDGE ( 'NONE', *, *, #3527, .F. ) ;
#3879 = CARTESIAN_POINT ( 'NONE',  ( -7.951471862576203087, 3.500000000000000000, 24.56998896272977007 ) ) ;
#3880 = ORIENTED_EDGE ( 'NONE', *, *, #1774, .F. ) ;
#3881 = CARTESIAN_POINT ( 'NONE',  ( -4.500000000000063061, 2.999999999999992895, 18.47171335700006978 ) ) ;
#3882 = ADVANCED_FACE ( 'NONE', ( #494 ), #3846, .F. ) ;
#3883 = PLANE ( 'NONE',  #2446 ) ;
#3884 = CARTESIAN_POINT ( 'NONE',  ( -3.628700444912105638, 3.531686132941389111, 8.645358822772879037 ) ) ;
#3885 = ORIENTED_EDGE ( 'NONE', *, *, #614, .F. ) ;
#3886 = PLANE ( 'NONE',  #5319 ) ;
#3887 = EDGE_CURVE ( 'NONE', #2486, #1799, #3444, .T. ) ;
#3888 = EDGE_CURVE ( 'NONE', #4482, #5180, #75, .T. ) ;
#3889 = LINE ( 'NONE', #3572, #2351 ) ;
#3890 = DIRECTION ( 'NONE',  ( 1.000000000000000000, -4.731064025391292434E-16, 0.000000000000000000 ) ) ;
#3891 = DIRECTION ( 'NONE',  ( 0.5773502691896283956, 0.5773502691896281735, 0.5773502691896207351 ) ) ;
#3892 = CARTESIAN_POINT ( 'NONE',  ( -3.315764597477432130, 3.540399879714113851, 8.600040789193958091 ) ) ;
#3893 = VECTOR ( 'NONE', #843, 1000.000000000000000 ) ;
#3894 = AXIS2_PLACEMENT_3D ( 'NONE', #1507, #3622, #1997 ) ;
#3895 = VECTOR ( 'NONE', #1048, 1000.000000000000000 ) ;
#3896 = FACE_OUTER_BOUND ( 'NONE', #4101, .T. ) ;
#3897 = VERTEX_POINT ( 'NONE', #647 ) ;
#3898 = CARTESIAN_POINT ( 'NONE',  ( -6.933333333333311366, 14.53333333333332966, -0.7666666666666627217 ) ) ;
#3899 = AXIS2_PLACEMENT_3D ( 'NONE', #4910, #789, #2447 ) ;
#3900 = VECTOR ( 'NONE', #4916, 1000.000000000000000 ) ;
#3901 = LINE ( 'NONE', #3149, #2954 ) ;
#3902 = CONICAL_SURFACE ( 'NONE', #1566, 5.447252701995551227, 0.7853981633974482790 ) ;
#3903 = ORIENTED_EDGE ( 'NONE', *, *, #3830, .T. ) ;
#3904 = AXIS2_PLACEMENT_3D ( 'NONE', #1202, #4519, #723 ) ;
#3905 = DIRECTION ( 'NONE',  ( 0.000000000000000000, -1.000000000000000000, 0.000000000000000000 ) ) ;
#3906 = ORIENTED_EDGE ( 'NONE', *, *, #1401, .F. ) ;
#3907 = CYLINDRICAL_SURFACE ( 'NONE', #4622, 0.5000000000000004441 ) ;
#3908 = VERTEX_POINT ( 'NONE', #2276 ) ;
#3909 = CARTESIAN_POINT ( 'NONE',  ( -6.958578643762748150, 2.999999999999992895, 26.26998896272976936 ) ) ;
#3910 = AXIS2_PLACEMENT_3D ( 'NONE', #1278, #2610, #2530 ) ;
#3911 = LINE ( 'NONE', #2626, #1920 ) ;
#3912 = FACE_OUTER_BOUND ( 'NONE', #306, .T. ) ;
#3913 = ORIENTED_EDGE ( 'NONE', *, *, #5046, .T. ) ;
#3914 = AXIS2_PLACEMENT_3D ( 'NONE', #3835, #1823, #1357 ) ;
#3915 = LINE ( 'NONE', #4308, #2185 ) ;
#3916 = CARTESIAN_POINT ( 'NONE',  ( -10.63850398295126354, 3.524821913557107944, 8.685420454136609791 ) ) ;
#3917 = LINE ( 'NONE', #3139, #3492 ) ;
#3918 = EDGE_CURVE ( 'NONE', #4315, #4678, #4097, .T. ) ;
#3919 = EDGE_CURVE ( 'NONE', #660, #896, #3917, .T. ) ;
#3920 = CARTESIAN_POINT ( 'NONE',  ( -4.236300353561250454, 3.511792637129530714, 8.777467376929461551 ) ) ;
#3921 = CIRCLE ( 'NONE', #1762, 3.500000000000006661 ) ;
#3922 = DIRECTION ( 'NONE',  ( -0.02014514485072027919, -0.03489241440728207272, -0.9991880166193817248 ) ) ;
#3923 = CARTESIAN_POINT ( 'NONE',  ( 10.06905917406229101, 3.000897136101531526, 9.362275281329216270 ) ) ;
#3924 = VECTOR ( 'NONE', #4117, 1000.000000000000000 ) ;
#3925 = LINE ( 'NONE', #1107, #4350 ) ;
#3926 = ORIENTED_EDGE ( 'NONE', *, *, #1676, .F. ) ;
#3927 = DIRECTION ( 'NONE',  ( 0.2810846377148254471, -0.6785983445458458885, 0.6785983445458459995 ) ) ;
#3928 = APPROVAL_PERSON_ORGANIZATION ( #5092, #4582, #4837 ) ;
#3929 = CARTESIAN_POINT ( 'NONE',  ( -18.29999999999999361, 2.365532012695680730E-16, 9.000000000000000000 ) ) ;
#3930 = ORIENTED_EDGE ( 'NONE', *, *, #3888, .F. ) ;
#3931 = CARTESIAN_POINT ( 'NONE',  ( -18.29999999999999361, 0.000000000000000000, 1.499999999999999556 ) ) ;
#3932 = EDGE_LOOP ( 'NONE', ( #3041, #4154, #2560, #2860, #564, #3758 ) ) ;
#3933 = DIRECTION ( 'NONE',  ( -0.4999999999999985567, -0.7071067811865495711, -0.4999999999999985567 ) ) ;
#3934 = ORIENTED_EDGE ( 'NONE', *, *, #4151, .F. ) ;
#3935 = FACE_OUTER_BOUND ( 'NONE', #301, .T. ) ;
#3936 = FACE_OUTER_BOUND ( 'NONE', #2208, .T. ) ;
#3937 = DIRECTION ( 'NONE',  ( 0.000000000000000000, 0.000000000000000000, -1.000000000000000000 ) ) ;
#3938 = ORIENTED_EDGE ( 'NONE', *, *, #4724, .F. ) ;
#3939 = CARTESIAN_POINT ( 'NONE',  ( 11.13045510789799231, 3.045228458643717495, 9.022796885830681290 ) ) ;
#3940 = DIRECTION ( 'NONE',  ( 0.000000000000000000, 6.308085367188390241E-16, -1.000000000000000000 ) ) ;
#3941 = CARTESIAN_POINT ( 'NONE',  ( 8.199999999999992184, 20.00000000000000711, 0.4999999999999935052 ) ) ;
#3942 = FACE_OUTER_BOUND ( 'NONE', #3604, .T. ) ;
#3943 = DIRECTION ( 'NONE',  ( 0.7071067811865476838, 0.7071067811865474617, 0.000000000000000000 ) ) ;
#3944 = DIRECTION ( 'NONE',  ( 0.000000000000000000, 0.000000000000000000, 1.000000000000000000 ) ) ;
#3945 = EDGE_CURVE ( 'NONE', #4594, #1435, #1397, .T. ) ;
#3946 = EDGE_CURVE ( 'NONE', #3638, #1861, #4717, .T. ) ;
#3947 = EDGE_CURVE ( 'NONE', #848, #1479, #671, .T. ) ;
#3948 = LINE ( 'NONE', #2250, #548 ) ;
#3949 = DIRECTION ( 'NONE',  ( -1.000000000000000000, 0.000000000000000000, 0.000000000000000000 ) ) ;
#3950 = DIRECTION ( 'NONE',  ( -0.000000000000000000, 1.000000000000000000, -0.000000000000000000 ) ) ;
#3951 = EDGE_CURVE ( 'NONE', #4891, #3781, #619, .T. ) ;
#3952 = ADVANCED_FACE ( 'NONE', ( #3575, #3942 ), #5170, .T. ) ;
#3953 = ORIENTED_EDGE ( 'NONE', *, *, #421, .F. ) ;
#3954 = CARTESIAN_POINT ( 'NONE',  ( 3.393084141235504170, 3.536996524021225774, 8.616995266914420526 ) ) ;
#3955 = ORIENTED_EDGE ( 'NONE', *, *, #1080, .T. ) ;
#3956 = DIRECTION ( 'NONE',  ( 0.000000000000000000, 0.000000000000000000, 1.000000000000000000 ) ) ;
#3957 = VERTEX_POINT ( 'NONE', #2735 ) ;
#3958 = CARTESIAN_POINT ( 'NONE',  ( -17.30000000000001137, 22.00000000000000000, 0.5000000000000004441 ) ) ;
#3959 = CARTESIAN_POINT ( 'NONE',  ( -6.500000000000070166, 3.500000000000000000, 18.47171335700006978 ) ) ;
#3960 = DIRECTION ( 'NONE',  ( 0.000000000000000000, -0.5000000000000006661, 0.8660254037844382635 ) ) ;
#3961 = ORIENTED_EDGE ( 'NONE', *, *, #77, .F. ) ;
#3962 = PERSON_AND_ORGANIZATION_ROLE ( 'creator' ) ;
#3963 = CARTESIAN_POINT ( 'NONE',  ( 4.186868280520309682, 3.009214135181844885, 9.244758533890081509 ) ) ;
#3964 = FACE_OUTER_BOUND ( 'NONE', #666, .T. ) ;
#3965 = VERTEX_POINT ( 'NONE', #1812 ) ;
#3966 = DIRECTION ( 'NONE',  ( 0.000000000000000000, -1.000000000000000000, 0.000000000000000000 ) ) ;
#3967 = LINE ( 'NONE', #2379, #2693 ) ;
#3968 = CARTESIAN_POINT ( 'NONE',  ( -18.80000000000000071, 0.000000000000000000, 25.76998896272976580 ) ) ;
#3969 = CARTESIAN_POINT ( 'NONE',  ( -12.79999999999999538, 20.00000000000001066, 8.999999999999998224 ) ) ;
#3970 = CIRCLE ( 'NONE', #4501, 2.100000000000000089 ) ;
#3971 = ORIENTED_EDGE ( 'NONE', *, *, #4100, .F. ) ;
#3972 = ADVANCED_FACE ( 'NONE', ( #2226 ), #1020, .F. ) ;
#3973 = CARTESIAN_POINT ( 'NONE',  ( 18.80000000000001137, 22.00000000000000000, 1.499999999999999556 ) ) ;
#3974 = AXIS2_PLACEMENT_3D ( 'NONE', #4978, #1259, #1335 ) ;
#3975 = AXIS2_PLACEMENT_3D ( 'NONE', #1359, #2062, #2868 ) ;
#3976 = CARTESIAN_POINT ( 'NONE',  ( 11.50000000000006217, 3.500000000000000000, 9.000000000000001776 ) ) ;
#3977 = VERTEX_POINT ( 'NONE', #4389 ) ;
#3978 = DIRECTION ( 'NONE',  ( 1.734723475976808672E-15, 0.000000000000000000, 1.000000000000000000 ) ) ;
#3979 = VERTEX_POINT ( 'NONE', #5119 ) ;
#3980 = CARTESIAN_POINT ( 'NONE',  ( 4.958578643762748150, 2.999999999999992895, 25.76998896272976225 ) ) ;
#3981 = CIRCLE ( 'NONE', #4074, 0.9999999999999995559 ) ;
#3982 = ORIENTED_EDGE ( 'NONE', *, *, #2271, .F. ) ;
#3983 = CIRCLE ( 'NONE', #3394, 1.000000000000000888 ) ;
#3984 = EDGE_CURVE ( 'NONE', #3159, #2613, #999, .T. ) ;
#3985 = CARTESIAN_POINT ( 'NONE',  ( 6.000000000000062172, 2.999999999999992895, 18.47171335700006978 ) ) ;
#3986 = EDGE_CURVE ( 'NONE', #3781, #3684, #3542, .T. ) ;
#3987 = CIRCLE ( 'NONE', #2958, 2.100000000000000089 ) ;
#3988 = AXIS2_PLACEMENT_3D ( 'NONE', #2654, #3085, #1394 ) ;
#3989 = DIRECTION ( 'NONE',  ( 3.345367454581885113E-16, 0.7071067811865427988, -0.7071067811865523467 ) ) ;
#3990 = CARTESIAN_POINT ( 'NONE',  ( -7.951471862576192429, 0.000000000000000000, 24.56998896272975941 ) ) ;
#3991 = ORIENTED_EDGE ( 'NONE', *, *, #270, .F. ) ;
#3992 = AXIS2_PLACEMENT_3D ( 'NONE', #4102, #3752, #3694 ) ;
#3993 = CARTESIAN_POINT ( 'NONE',  ( 11.26752575218370289, 3.048411713766896902, 9.008830095047882125 ) ) ;
#3994 = AXIS2_PLACEMENT_3D ( 'NONE', #33, #5096, #1373 ) ;
#3995 = CARTESIAN_POINT ( 'NONE',  ( 3.730529123894758214, 3.031359312402098105, 9.090107589095413942 ) ) ;
#3996 = CARTESIAN_POINT ( 'NONE',  ( 6.782842712474676183, 3.500000000000000000, 22.69425303144169348 ) ) ;
#3997 = VERTEX_POINT ( 'NONE', #1891 ) ;
#3998 = PLANE ( 'NONE',  #1235 ) ;
#3999 = LINE ( 'NONE', #672, #3895 ) ;
#4000 = LINE ( 'NONE', #2380, #1150 ) ;
#4001 = CONICAL_SURFACE ( 'NONE', #902, 0.5000000000000073275, 0.7853981633974482790 ) ;
#4002 = VECTOR ( 'NONE', #826, 1000.000000000000114 ) ;
#4003 = FACE_OUTER_BOUND ( 'NONE', #4021, .T. ) ;
#4004 = CARTESIAN_POINT ( 'NONE',  ( 0.000000000000000000, 7.000000000000000000, 0.5000000000000125455 ) ) ;
#4005 = CARTESIAN_POINT ( 'NONE',  ( 18.80000000000000071, 0.5000000000000073275, 9.000000000000000000 ) ) ;
#4006 = CIRCLE ( 'NONE', #123, 2.600000000000012079 ) ;
#4007 = CC_DESIGN_PERSON_AND_ORGANIZATION_ASSIGNMENT ( #4284, #3962, ( #4985 ) ) ;
#4008 = LINE ( 'NONE', #2097, #612 ) ;
#4009 = ORIENTED_EDGE ( 'NONE', *, *, #2906, .F. ) ;
#4010 = CARTESIAN_POINT ( 'NONE',  ( 3.134802612065781258, 3.049965270694445341, 9.002269521094680371 ) ) ;
#4011 = ORIENTED_EDGE ( 'NONE', *, *, #1167, .F. ) ;
#4012 = AXIS2_PLACEMENT_3D ( 'NONE', #3844, #1702, #135 ) ;
#4013 = DIRECTION ( 'NONE',  ( 0.7071067811865474617, 0.000000000000000000, -0.7071067811865474617 ) ) ;
#4014 = ORIENTED_EDGE ( 'NONE', *, *, #607, .F. ) ;
#4015 = CARTESIAN_POINT ( 'NONE',  ( 18.80000000000001137, 22.00000000000000000, 6.499999999999992006 ) ) ;
#4016 = EDGE_CURVE ( 'NONE', #695, #5321, #4310, .T. ) ;
#4017 = ADVANCED_FACE ( 'NONE', ( #1445 ), #5195, .T. ) ;
#4018 = EDGE_CURVE ( 'NONE', #4891, #2613, #1841, .T. ) ;
#4019 = DIRECTION ( 'NONE',  ( 0.7071067811865474617, -0.7071067811865474617, -9.932840963792311266E-15 ) ) ;
#4020 = DIRECTION ( 'NONE',  ( 0.000000000000000000, 1.000000000000000000, 0.000000000000000000 ) ) ;
#4021 = EDGE_LOOP ( 'NONE', ( #1460, #4199, #4152, #1133 ) ) ;
#4022 = CARTESIAN_POINT ( 'NONE',  ( 11.36866913192793938, 3.049986523552427276, 9.002114260374883159 ) ) ;
#4023 = PERSON_AND_ORGANIZATION_ROLE ( 'classification_officer' ) ;
#4024 = EDGE_CURVE ( 'NONE', #2914, #2578, #4687, .T. ) ;
#4025 = LINE ( 'NONE', #1151, #5298 ) ;
#4026 = CARTESIAN_POINT ( 'NONE',  ( -10.63177811776069248, 3.024691768362442801, 9.127589394281987012 ) ) ;
#4027 = ORIENTED_EDGE ( 'NONE', *, *, #385, .F. ) ;
#4028 = DIRECTION ( 'NONE',  ( 0.000000000000000000, 1.000000000000000000, 0.000000000000000000 ) ) ;
#4029 = CARTESIAN_POINT ( 'NONE',  ( 8.305025253169475263, 0.5000000000000073275, 24.21643557213649345 ) ) ;
#4030 = PLANE ( 'NONE',  #1243 ) ;
#4031 = ORIENTED_EDGE ( 'NONE', *, *, #2044, .F. ) ;
#4032 = DIRECTION ( 'NONE',  ( -0.5000000000000001110, -0.8660254037844385966, -9.104936962043392812E-17 ) ) ;
#4033 = APPLICATION_CONTEXT ( 'configuration controlled 3d designs of mechanical parts and assemblies' ) ;
#4034 = CARTESIAN_POINT ( 'NONE',  ( 8.305025253169475263, 0.5000000000000073275, 24.21643557213649345 ) ) ;
#4035 = CARTESIAN_POINT ( 'NONE',  ( 8.305025253169475263, 3.500000000000000000, 24.92354235332303958 ) ) ;
#4036 = CARTESIAN_POINT ( 'NONE',  ( -6.500000000000069278, 0.000000000000000000, 18.47171335700006978 ) ) ;
#4037 = EDGE_LOOP ( 'NONE', ( #551, #322, #4210, #1263 ) ) ;
#4038 = CARTESIAN_POINT ( 'NONE',  ( 8.500000000000063949, 0.5000000000000073275, 12.00000000000000000 ) ) ;
#4039 = ORIENTED_EDGE ( 'NONE', *, *, #4496, .T. ) ;
#4040 = CARTESIAN_POINT ( 'NONE',  ( 4.500000000000063061, 3.500000000000000000, 18.47171335700006978 ) ) ;
#4041 = ORIENTED_EDGE ( 'NONE', *, *, #3769, .T. ) ;
#4042 = DIRECTION ( 'NONE',  ( 0.7071067811865441310, 0.000000000000000000, -0.7071067811865510144 ) ) ;
#4043 = CARTESIAN_POINT ( 'NONE',  ( 10.72908905631522281, 3.029430097416190737, 9.100715261503598441 ) ) ;
#4044 = CARTESIAN_POINT ( 'NONE',  ( 7.238527958848680462E-15, 15.30000000000000604, 0.000000000000000000 ) ) ;
#4045 = DIRECTION ( 'NONE',  ( -2.168404344971006896E-16, -0.000000000000000000, -1.000000000000000000 ) ) ;
#4046 = ORIENTED_EDGE ( 'NONE', *, *, #3724, .T. ) ;
#4047 = ORIENTED_EDGE ( 'NONE', *, *, #2331, .T. ) ;
#4048 = EDGE_CURVE ( 'NONE', #3232, #2974, #2656, .T. ) ;
#4049 = DATE_AND_TIME ( #2839, #732 ) ;
#4050 = LINE ( 'NONE', #1586, #540 ) ;
#4051 = CARTESIAN_POINT ( 'NONE',  ( -11.02845669956433028, 3.042063920034172142, 9.037093826327280865 ) ) ;
#4052 = ORIENTED_EDGE ( 'NONE', *, *, #4387, .F. ) ;
#4053 = DIRECTION ( 'NONE',  ( 0.000000000000000000, -1.000000000000000000, 0.000000000000000000 ) ) ;
#4054 = EDGE_CURVE ( 'NONE', #3117, #4696, #1326, .T. ) ;
#4055 = DIRECTION ( 'NONE',  ( 0.000000000000000000, -1.000000000000000000, 0.000000000000000000 ) ) ;
#4056 = ADVANCED_FACE ( 'NONE', ( #3497 ), #2081, .T. ) ;
#4057 =( BOUNDED_CURVE ( )  B_SPLINE_CURVE ( 3, ( #2955, #468, #1294, #2580 ),
 .UNSPECIFIED., .F., .F. ) 
 B_SPLINE_CURVE_WITH_KNOTS ( ( 4, 4 ),
 ( 1.640524638346614106, 3.009963044351176897 ),
 .UNSPECIFIED. ) 
 CURVE ( )  GEOMETRIC_REPRESENTATION_ITEM ( )  RATIONAL_B_SPLINE_CURVE ( ( 1.000000000000000000, 0.8497311128276561210, 0.8497311128276561210, 1.000000000000000000 ) ) 
 REPRESENTATION_ITEM ( '' )  );
#4058 = ORIENTED_EDGE ( 'NONE', *, *, #2210, .F. ) ;
#4059 = DIRECTION ( 'NONE',  ( 1.000000000000000000, 0.000000000000000000, 4.973992624967034591E-32 ) ) ;
#4060 = CARTESIAN_POINT ( 'NONE',  ( -0.000000000000000000, 21.50000000000000000, 0.000000000000000000 ) ) ;
#4061 = LINE ( 'NONE', #351, #2683 ) ;
#4062 = PLANE ( 'NONE',  #1317 ) ;
#4063 = LINE ( 'NONE', #355, #2344 ) ;
#4064 = ORIENTED_EDGE ( 'NONE', *, *, #4853, .F. ) ;
#4065 = PLANE ( 'NONE',  #4959 ) ;
#4066 = ORIENTED_EDGE ( 'NONE', *, *, #4919, .T. ) ;
#4067 = LINE ( 'NONE', #330, #2367 ) ;
#4068 = VERTEX_POINT ( 'NONE', #1666 ) ;
#4069 = DIRECTION ( 'NONE',  ( -0.8654978445076765281, -0.4996954135095478255, -0.03489949670250101776 ) ) ;
#4070 = VECTOR ( 'NONE', #2089, 1000.000000000000114 ) ;
#4071 = DESIGN_CONTEXT ( 'detailed design', #5149, 'design' ) ;
#4072 = VECTOR ( 'NONE', #4086, 1000.000000000000000 ) ;
#4073 = CARTESIAN_POINT ( 'NONE',  ( 10.78598263802494372, 3.032113706364905514, 9.086159601527100449 ) ) ;
#4074 = AXIS2_PLACEMENT_3D ( 'NONE', #4775, #3528, #4340 ) ;
#4075 = CARTESIAN_POINT ( 'NONE',  ( -18.80000000000001137, 21.50000000000000000, 6.500000000000012434 ) ) ;
#4076 = AXIS2_PLACEMENT_3D ( 'NONE', #3828, #62, #828 ) ;
#4077 = CARTESIAN_POINT ( 'NONE',  ( -18.80000000000001137, 22.00000000000001776, 6.999999999999999112 ) ) ;
#4078 = ORIENTED_EDGE ( 'NONE', *, *, #3705, .F. ) ;
#4079 = EDGE_LOOP ( 'NONE', ( #4466, #3814, #4115, #1951 ) ) ;
#4080 = VECTOR ( 'NONE', #4835, 1000.000000000000000 ) ;
#4081 = VECTOR ( 'NONE', #5349, 1000.000000000000000 ) ;
#4082 = PLANE ( 'NONE',  #3904 ) ;
#4083 = CARTESIAN_POINT ( 'NONE',  ( -3.336929263881421193, 3.046245655027569388, 9.018209214546445196 ) ) ;
#4084 = ORIENTED_EDGE ( 'NONE', *, *, #3698, .F. ) ;
#4085 = VECTOR ( 'NONE', #44, 1000.000000000000000 ) ;
#4086 = DIRECTION ( 'NONE',  ( 0.000000000000000000, -1.000000000000000000, 0.000000000000000000 ) ) ;
#4087 = CARTESIAN_POINT ( 'NONE',  ( -10.69115275192821812, 3.027589680844859021, 9.111094283294354668 ) ) ;
#4088 = VERTEX_POINT ( 'NONE', #2057 ) ;
#4089 = CONICAL_SURFACE ( 'NONE', #1756, 2.000000000000001776, 0.7853981633974482790 ) ;
#4090 = ADVANCED_FACE ( 'NONE', ( #4410 ), #1123, .T. ) ;
#4091 = CARTESIAN_POINT ( 'NONE',  ( 2.199430063080869857, 3.330158461016503146, 6.999999999999997335 ) ) ;
#4092 = DIRECTION ( 'NONE',  ( 1.000000000000000000, -4.731064025391292434E-16, -0.000000000000000000 ) ) ;
#4093 = EDGE_CURVE ( 'NONE', #4425, #5105, #3760, .T. ) ;
#4094 = ADVANCED_FACE ( 'NONE', ( #696 ), #3601, .T. ) ;
#4095 = CARTESIAN_POINT ( 'NONE',  ( -18.80000000000001847, 3.540408205773473593, 8.599999999999994316 ) ) ;
#4096 = LINE ( 'NONE', #5342, #4937 ) ;
#4097 = CIRCLE ( 'NONE', #204, 1.100000000000007194 ) ;
#4098 = VECTOR ( 'NONE', #214, 1000.000000000000227 ) ;
#4099 = FACE_OUTER_BOUND ( 'NONE', #5049, .T. ) ;
#4100 = EDGE_CURVE ( 'NONE', #1165, #1656, #4160, .T. ) ;
#4101 = EDGE_LOOP ( 'NONE', ( #2804, #92, #860, #4084 ) ) ;
#4102 = CARTESIAN_POINT ( 'NONE',  ( 7.328427124746252019, 2.999999999999990230, 21.30014048174625785 ) ) ;
#4103 = ORIENTED_EDGE ( 'NONE', *, *, #854, .T. ) ;
#4104 = DIRECTION ( 'NONE',  ( 1.000000000000000000, -4.731064025391292434E-16, -0.000000000000000000 ) ) ;
#4105 = ORIENTED_EDGE ( 'NONE', *, *, #4157, .F. ) ;
#4106 = LINE ( 'NONE', #5326, #2009 ) ;
#4107 = AXIS2_PLACEMENT_3D ( 'NONE', #3384, #541, #4246 ) ;
#4108 = CARTESIAN_POINT ( 'NONE',  ( 10.69950908536266354, 3.027997927977625459, 9.108768029635863073 ) ) ;
#4109 = CONICAL_SURFACE ( 'NONE', #992, 1.000000000000000888, 0.7853981633974471688 ) ;
#4110 = PLANE ( 'NONE',  #5293 ) ;
#4111 = ORIENTED_EDGE ( 'NONE', *, *, #447, .F. ) ;
#4112 = EDGE_LOOP ( 'NONE', ( #3396, #1061, #4182, #4058 ) ) ;
#4113 = DIRECTION ( 'NONE',  ( -0.4999999999999999445, -0.8660254037844385966, 0.000000000000000000 ) ) ;
#4114 = CARTESIAN_POINT ( 'NONE',  ( 6.000000000000061284, 2.999999999999992895, 12.00000000000000000 ) ) ;
#4115 = ORIENTED_EDGE ( 'NONE', *, *, #2970, .F. ) ;
#4116 = CARTESIAN_POINT ( 'NONE',  ( -11.50000000000006395, 3.540408205773470041, 8.599999999999994316 ) ) ;
#4117 = DIRECTION ( 'NONE',  ( 3.469446951953616161E-16, -1.000000000000000000, -1.051347561198064958E-16 ) ) ;
#4118 = EDGE_LOOP ( 'NONE', ( #1958, #1963, #4602, #2511, #4039, #4905, #5221, #680, #2100, #2719, #1525, #5300, #43, #2387 ) ) ;
#4119 = DIRECTION ( 'NONE',  ( -0.7071067811865474617, -0.7071067811865476838, 0.000000000000000000 ) ) ;
#4120 = CARTESIAN_POINT ( 'NONE',  ( -18.80000000000001492, 13.77927405783632153, 9.000000000000000000 ) ) ;
#4121 = CARTESIAN_POINT ( 'NONE',  ( -7.699999999999998401, 14.93397459621557033, 6.999999999999998224 ) ) ;
#4122 = DIRECTION ( 'NONE',  ( -0.4999999999999998890, 0.8660254037844387076, 0.000000000000000000 ) ) ;
#4123 = EDGE_CURVE ( 'NONE', #5239, #4575, #2896, .T. ) ;
#4124 = ADVANCED_FACE ( 'NONE', ( #1952 ), #3323, .F. ) ;
#4125 = EDGE_CURVE ( 'NONE', #59, #1900, #5252, .T. ) ;
#4126 = DIRECTION ( 'NONE',  ( -0.7071067811865469066, 0.7071067811865481278, 0.000000000000000000 ) ) ;
#4127 = EDGE_LOOP ( 'NONE', ( #1673, #2070, #142, #2479 ) ) ;
#4128 = CARTESIAN_POINT ( 'NONE',  ( -4.958578643762747262, 2.999999999999992895, 22.26998896272976580 ) ) ;
#4129 = ORIENTED_EDGE ( 'NONE', *, *, #1452, .T. ) ;
#4130 = DIRECTION ( 'NONE',  ( 3.469446951953614682E-16, -1.000000000000000000, -1.051347561198064958E-16 ) ) ;
#4131 = VERTEX_POINT ( 'NONE', #2510 ) ;
#4132 = CARTESIAN_POINT ( 'NONE',  ( -6.958578643762748150, 0.000000000000000000, 25.76998896272976580 ) ) ;
#4133 = ADVANCED_FACE ( 'NONE', ( #3167 ), #3998, .T. ) ;
#4134 = EDGE_CURVE ( 'NONE', #916, #4584, #726, .T. ) ;
#4135 = DIRECTION ( 'NONE',  ( 1.340235097171338465E-16, 0.000000000000000000, -1.000000000000000000 ) ) ;
#4136 = EDGE_LOOP ( 'NONE', ( #959, #4208, #4027, #1356 ) ) ;
#4137 = CARTESIAN_POINT ( 'NONE',  ( -11.50000000000006217, 3.500000000000000000, 9.000000000000001776 ) ) ;
#4138 = ORIENTED_EDGE ( 'NONE', *, *, #3984, .F. ) ;
#4139 = DIRECTION ( 'NONE',  ( -0.7071067811865474617, 0.000000000000000000, 0.7071067811865474617 ) ) ;
#4140 = CARTESIAN_POINT ( 'NONE',  ( 4.958578643762748150, 0.5000000000000073275, 25.76998896272976225 ) ) ;
#4141 = ORIENTED_EDGE ( 'NONE', *, *, #648, .T. ) ;
#4142 = CARTESIAN_POINT ( 'NONE',  ( -10.16013548731475957, 3.003412529679466925, 9.315659815117657061 ) ) ;
#4143 = ORIENTED_EDGE ( 'NONE', *, *, #1274, .T. ) ;
#4144 = CARTESIAN_POINT ( 'NONE',  ( -17.30000000000001137, 22.00000000000000000, 1.499999999999999556 ) ) ;
#4145 = CARTESIAN_POINT ( 'NONE',  ( 18.80000000000000426, 5.499999999999999112, 9.000000000000000000 ) ) ;
#4146 = DIRECTION ( 'NONE',  ( -0.7071067811865474617, -0.000000000000000000, -0.7071067811865474617 ) ) ;
#4147 = DIRECTION ( 'NONE',  ( -0.000000000000000000, 0.000000000000000000, 1.000000000000000000 ) ) ;
#4148 = CARTESIAN_POINT ( 'NONE',  ( -13.29999999999998117, 22.00000000000002132, 6.999999999999999112 ) ) ;
#4149 = ORIENTED_EDGE ( 'NONE', *, *, #2330, .F. ) ;
#4150 = CARTESIAN_POINT ( 'NONE',  ( -17.30000000000001137, 21.50000000000000000, 0.000000000000000000 ) ) ;
#4151 = EDGE_CURVE ( 'NONE', #2925, #2680, #3293, .T. ) ;
#4152 = ORIENTED_EDGE ( 'NONE', *, *, #1073, .F. ) ;
#4153 = FACE_OUTER_BOUND ( 'NONE', #3177, .T. ) ;
#4154 = ORIENTED_EDGE ( 'NONE', *, *, #3068, .T. ) ;
#4155 = DIRECTION ( 'NONE',  ( 0.000000000000000000, -1.000000000000000000, 0.000000000000000000 ) ) ;
#4156 = DIRECTION ( 'NONE',  ( 0.7071067811865473507, 7.434149899070907713E-17, -0.7071067811865477948 ) ) ;
#4157 = EDGE_CURVE ( 'NONE', #633, #4973, #371, .T. ) ;
#4158 = EDGE_CURVE ( 'NONE', #4088, #2945, #1635, .T. ) ;
#4159 = ORIENTED_EDGE ( 'NONE', *, *, #3918, .F. ) ;
#4160 = LINE ( 'NONE', #859, #2712 ) ;
#4161 = ORIENTED_EDGE ( 'NONE', *, *, #885, .T. ) ;
#4162 = AXIS2_PLACEMENT_3D ( 'NONE', #2553, #4965, #5364 ) ;
#4163 = CIRCLE ( 'NONE', #1910, 1.500000000000001332 ) ;
#4164 = CARTESIAN_POINT ( 'NONE',  ( -2.078460969082652987, 3.399999999999999023, 2.999999999999999112 ) ) ;
#4165 = LINE ( 'NONE', #3273, #4252 ) ;
#4166 = ORIENTED_EDGE ( 'NONE', *, *, #2362, .F. ) ;
#4167 = VECTOR ( 'NONE', #4994, 1000.000000000000000 ) ;
#4168 = VECTOR ( 'NONE', #302, 1000.000000000000000 ) ;
#4169 = CARTESIAN_POINT ( 'NONE',  ( -10.49485440604728836, 3.017788711136411006, 9.173393196976959985 ) ) ;
#4170 = EDGE_LOOP ( 'NONE', ( #1180, #1254, #4222, #4236 ) ) ;
#4171 = CARTESIAN_POINT ( 'NONE',  ( 11.50000000000006217, 3.050510257216815457, 9.000000000000000000 ) ) ;
#4172 = FACE_OUTER_BOUND ( 'NONE', #5136, .T. ) ;
#4173 = VECTOR ( 'NONE', #3785, 1000.000000000000000 ) ;
#4174 = AXIS2_PLACEMENT_3D ( 'NONE', #1889, #5116, #3539 ) ;
#4175 = FACE_OUTER_BOUND ( 'NONE', #2919, .T. ) ;
#4176 = DIRECTION ( 'NONE',  ( -1.000000000000000000, 0.000000000000000000, 0.000000000000000000 ) ) ;
#4177 = AXIS2_PLACEMENT_3D ( 'NONE', #5133, #2566, #3048 ) ;
#4178 = DIRECTION ( 'NONE',  ( 0.000000000000000000, -0.000000000000000000, 1.000000000000000000 ) ) ;
#4179 = AXIS2_PLACEMENT_3D ( 'NONE', #5365, #2383, #2355 ) ;
#4180 = VERTEX_POINT ( 'NONE', #2944 ) ;
#4181 = DIRECTION ( 'NONE',  ( 0.000000000000000000, 0.000000000000000000, -1.000000000000000000 ) ) ;
#4182 = ORIENTED_EDGE ( 'NONE', *, *, #3402, .F. ) ;
#4183 = CARTESIAN_POINT ( 'NONE',  ( 11.50000000000005684, 3.540408205773459382, 8.599999999999990763 ) ) ;
#4184 = CARTESIAN_POINT ( 'NONE',  ( -3.232474247813649892, 3.048411713766904008, 9.008830095047663633 ) ) ;
#4185 = AXIS2_PLACEMENT_3D ( 'NONE', #1284, #4028, #399 ) ;
#4186 = EDGE_CURVE ( 'NONE', #770, #179, #4593, .T. ) ;
#4187 = LINE ( 'NONE', #2125, #5113 ) ;
#4188 = DIRECTION ( 'NONE',  ( 0.5000000000000001110, 0.8660254037844385966, 0.000000000000000000 ) ) ;
#4189 = ORIENTED_EDGE ( 'NONE', *, *, #1971, .T. ) ;
#4190 = VECTOR ( 'NONE', #1255, 1000.000000000000000 ) ;
#4191 = LINE ( 'NONE', #482, #4789 ) ;
#4192 = ORIENTED_EDGE ( 'NONE', *, *, #1863, .T. ) ;
#4193 = ADVANCED_FACE ( 'NONE', ( #2485 ), #887, .T. ) ;
#4194 = EDGE_CURVE ( 'NONE', #848, #2477, #4191, .T. ) ;
#4195 = ADVANCED_FACE ( 'NONE', ( #66 ), #4001, .T. ) ;
#4196 = CIRCLE ( 'NONE', #1590, 1.000000000000000888 ) ;
#4197 = DIRECTION ( 'NONE',  ( 0.5000000000000034417, 0.7071067811865479058, -0.4999999999999960032 ) ) ;
#4198 = DIRECTION ( 'NONE',  ( -0.000000000000000000, -1.000000000000000000, -0.000000000000000000 ) ) ;
#4199 = ORIENTED_EDGE ( 'NONE', *, *, #5154, .F. ) ;
#4200 = CC_DESIGN_SECURITY_CLASSIFICATION ( #3153, ( #1947 ) ) ;
#4201 = DIRECTION ( 'NONE',  ( 1.000000000000000000, 0.000000000000000000, 0.000000000000000000 ) ) ;
#4202 = ORIENTED_EDGE ( 'NONE', *, *, #3865, .F. ) ;
#4203 = EDGE_CURVE ( 'NONE', #5073, #1197, #3409, .T. ) ;
#4204 = DIRECTION ( 'NONE',  ( 0.000000000000000000, 0.000000000000000000, -1.000000000000000000 ) ) ;
#4205 = LINE ( 'NONE', #3689, #2339 ) ;
#4206 = DIRECTION ( 'NONE',  ( 0.000000000000000000, -1.000000000000000000, 0.000000000000000000 ) ) ;
#4207 = DIRECTION ( 'NONE',  ( 0.000000000000000000, 0.000000000000000000, -1.000000000000000000 ) ) ;
#4208 = ORIENTED_EDGE ( 'NONE', *, *, #311, .F. ) ;
#4209 = CARTESIAN_POINT ( 'NONE',  ( -4.156921938165305974, 6.999999999999999112, 2.999999999999999112 ) ) ;
#4210 = ORIENTED_EDGE ( 'NONE', *, *, #3402, .T. ) ;
#4211 = CARTESIAN_POINT ( 'NONE',  ( -8.500000000000063949, 0.5000000000000073275, 12.00000000000000000 ) ) ;
#4212 = ORIENTED_EDGE ( 'NONE', *, *, #3829, .T. ) ;
#4213 = CARTESIAN_POINT ( 'NONE',  ( -3.793882613035692852, 3.028319653207525164, 9.106943954596605550 ) ) ;
#4214 = DIRECTION ( 'NONE',  ( 3.469446951953614682E-16, -1.000000000000000000, 0.000000000000000000 ) ) ;
#4215 = DIRECTION ( 'NONE',  ( -2.168404344971006896E-16, 0.000000000000000000, -1.000000000000000000 ) ) ;
#4216 = ORIENTED_EDGE ( 'NONE', *, *, #4100, .T. ) ;
#4217 = CARTESIAN_POINT ( 'NONE',  ( 10.94986614949161918, 3.533651136027327500, 8.634620904572132716 ) ) ;
#4218 = ORIENTED_EDGE ( 'NONE', *, *, #2113, .F. ) ;
#4219 = CARTESIAN_POINT ( 'NONE',  ( 6.958578643762748150, 2.999999999999992895, 26.26998896272976936 ) ) ;
#4220 = CARTESIAN_POINT ( 'NONE',  ( -12.79999999999999538, 22.00000000000000000, 9.000000000000000000 ) ) ;
#4221 = DIRECTION ( 'NONE',  ( -0.000000000000000000, -1.000000000000000000, -0.000000000000000000 ) ) ;
#4222 = ORIENTED_EDGE ( 'NONE', *, *, #1360, .F. ) ;
#4223 = ADVANCED_FACE ( 'NONE', ( #2647 ), #1338, .F. ) ;
#4224 = DIRECTION ( 'NONE',  ( 0.000000000000000000, 0.000000000000000000, 1.000000000000000000 ) ) ;
#4225 = ORIENTED_EDGE ( 'NONE', *, *, #1360, .T. ) ;
#4226 =( LENGTH_UNIT ( ) NAMED_UNIT ( * ) SI_UNIT ( .MILLI., .METRE. ) );
#4227 = CARTESIAN_POINT ( 'NONE',  ( -3.452188659711828755, 5.500000000000009770, 6.999999999999997335 ) ) ;
#4228 = EDGE_CURVE ( 'NONE', #5105, #4584, #4274, .T. ) ;
#4229 = ADVANCED_FACE ( 'NONE', ( #90 ), #1787, .T. ) ;
#4230 = LINE ( 'NONE', #517, #3385 ) ;
#4231 = ORIENTED_EDGE ( 'NONE', *, *, #3099, .F. ) ;
#4232 = DIRECTION ( 'NONE',  ( -0.000000000000000000, -1.000000000000000000, -0.000000000000000000 ) ) ;
#4233 = ORIENTED_EDGE ( 'NONE', *, *, #1606, .F. ) ;
#4234 = DIRECTION ( 'NONE',  ( -0.000000000000000000, 0.000000000000000000, -1.000000000000000000 ) ) ;
#4235 = CARTESIAN_POINT ( 'NONE',  ( -3.991157237816625347, 3.018485926245771278, 9.168457679878589062 ) ) ;
#4236 = ORIENTED_EDGE ( 'NONE', *, *, #2279, .T. ) ;
#4237 = CARTESIAN_POINT ( 'NONE',  ( -8.199999999999992184, 21.00000000000001066, 5.500000000000000000 ) ) ;
#4238 = ORIENTED_EDGE ( 'NONE', *, *, #1129, .T. ) ;
#4239 = CARTESIAN_POINT ( 'NONE',  ( 11.23045358067802546, 3.047833770976760004, 9.011370828766033014 ) ) ;
#4240 = ORIENTED_EDGE ( 'NONE', *, *, #1427, .T. ) ;
#4241 = CARTESIAN_POINT ( 'NONE',  ( -18.80000000000001137, 22.00000000000000000, 0.5000000000000004441 ) ) ;
#4242 = PLANE ( 'NONE',  #1225 ) ;
#4243 = AXIS2_PLACEMENT_3D ( 'NONE', #28, #2909, #787 ) ;
#4244 = CARTESIAN_POINT ( 'NONE',  ( -12.79999999999999538, 20.50000000000002132, 0.000000000000000000 ) ) ;
#4245 = ORIENTED_EDGE ( 'NONE', *, *, #2608, .T. ) ;
#4246 = DIRECTION ( 'NONE',  ( 0.000000000000000000, 0.000000000000000000, -1.000000000000000000 ) ) ;
#4247 = AXIS2_PLACEMENT_3D ( 'NONE', #2507, #2107, #39 ) ;
#4248 = VECTOR ( 'NONE', #2603, 1000.000000000000000 ) ;
#4249 = ORIENTED_EDGE ( 'NONE', *, *, #4093, .F. ) ;
#4250 = APPLICATION_PROTOCOL_DEFINITION ( 'international standard', 'config_control_design', 1994, #4033 ) ;
#4251 = ADVANCED_FACE ( 'NONE', ( #5079 ), #3907, .T. ) ;
#4252 = VECTOR ( 'NONE', #460, 1000.000000000000114 ) ;
#4253 = FACE_OUTER_BOUND ( 'NONE', #4564, .T. ) ;
#4254 = VECTOR ( 'NONE', #2716, 1000.000000000000000 ) ;
#4255 = B_SPLINE_SURFACE_WITH_KNOTS ( 'NONE', 1, 3, ( 
 ( #1455, #686, #1434, #3587, #1089, #4729, #2333, #2688, #2361, #2747, #1060, #2720, #5238, #4829, #199, #4010, #3095, #632 ),
 ( #659, #1490, #1007, #1112, #2288, #1852, #2772, #2311, #3151, #305, #2664, #1962, #245, #3954, #4748, #222, #5264, #4319 ) ),
 .UNSPECIFIED., .F., .F., .F.,
 ( 2, 2 ),
 ( 4, 2, 2, 2, 2, 2, 2, 2, 4 ),
 ( 0.000000000000000000, 1.000000000000000000 ),
 ( 0.000000000000000000, 0.0004708312050766239824, 0.0007062468076149359736, 0.0009416624101532479647, 0.001177078012691559847, 0.001294785813960715789, 0.001412493615229871947, 0.001647909217768184047, 0.001883324820306495929 ),
 .UNSPECIFIED. ) ;
#4256 = FACE_OUTER_BOUND ( 'NONE', #1358, .T. ) ;
#4257 = AXIS2_PLACEMENT_3D ( 'NONE', #3439, #4221, #1831 ) ;
#4258 = CONICAL_SURFACE ( 'NONE', #4433, 3.999999999999998224, 0.7853981633974491672 ) ;
#4259 = ADVANCED_FACE ( 'NONE', ( #2621 ), #2215, .F. ) ;
#4260 = ADVANCED_FACE ( 'NONE', ( #989 ), #4321, .T. ) ;
#4261 = EDGE_LOOP ( 'NONE', ( #1493, #935, #1198, #2667 ) ) ;
#4262 = CARTESIAN_POINT ( 'NONE',  ( -7.207106781186605637, 0.000000000000000000, 22.26998896272976580 ) ) ;
#4263 = ORIENTED_EDGE ( 'NONE', *, *, #3430, .T. ) ;
#4264 = CARTESIAN_POINT ( 'NONE',  ( 4.958578643762748150, 0.5000000000000073275, 26.26998896272976936 ) ) ;
#4265 = CIRCLE ( 'NONE', #5129, 2.999999999999999112 ) ;
#4266 = ORIENTED_EDGE ( 'NONE', *, *, #2601, .F. ) ;
#4267 = AXIS2_PLACEMENT_3D ( 'NONE', #1229, #829, #4214 ) ;
#4268 = DIRECTION ( 'NONE',  ( 3.469446951953616161E-16, -1.000000000000000000, -1.051347561198064958E-16 ) ) ;
#4269 = EDGE_CURVE ( 'NONE', #4973, #2597, #307, .T. ) ;
#4270 = CIRCLE ( 'NONE', #803, 2.000000000000008882 ) ;
#4271 = ORIENTED_EDGE ( 'NONE', *, *, #491, .F. ) ;
#4272 = CARTESIAN_POINT ( 'NONE',  ( 17.30000000000000071, 0.000000000000000000, 0.5000000000000056621 ) ) ;
#4273 = ORIENTED_EDGE ( 'NONE', *, *, #5185, .F. ) ;
#4274 = LINE ( 'NONE', #915, #4877 ) ;
#4275 = ORIENTED_EDGE ( 'NONE', *, *, #3946, .F. ) ;
#4276 = DIRECTION ( 'NONE',  ( -0.000000000000000000, 1.000000000000000000, 0.000000000000000000 ) ) ;
#4277 = AXIS2_PLACEMENT_3D ( 'NONE', #279, #4346, #5266 ) ;
#4278 = VECTOR ( 'NONE', #3360, 1000.000000000000000 ) ;
#4279 = DIRECTION ( 'NONE',  ( -4.731064025391292434E-16, -1.000000000000000000, 0.000000000000000000 ) ) ;
#4280 = LINE ( 'NONE', #4735, #889 ) ;
#4281 = ORIENTED_EDGE ( 'NONE', *, *, #1396, .F. ) ;
#4282 = LINE ( 'NONE', #1321, #988 ) ;
#4283 = AXIS2_PLACEMENT_3D ( 'NONE', #1783, #3058, #1346 ) ;
#4284 = PERSON_AND_ORGANIZATION ( #3330, #1683 ) ;
#4285 = PLANE ( 'NONE',  #3988 ) ;
#4286 = DIRECTION ( 'NONE',  ( -1.000000000000000000, 0.000000000000000000, -0.000000000000000000 ) ) ;
#4287 = DIRECTION ( 'NONE',  ( -0.000000000000000000, -1.000000000000000000, -0.000000000000000000 ) ) ;
#4288 = CARTESIAN_POINT ( 'NONE',  ( -4.525677838298605593, 3.503169848117210883, 8.876879609183720987 ) ) ;
#4289 = EDGE_CURVE ( 'NONE', #2436, #2134, #1091, .T. ) ;
#4290 = EDGE_LOOP ( 'NONE', ( #4402, #3737, #4998 ) ) ;
#4291 = LINE ( 'NONE', #930, #3053 ) ;
#4292 = ORIENTED_EDGE ( 'NONE', *, *, #2212, .T. ) ;
#4293 = FACE_OUTER_BOUND ( 'NONE', #5044, .T. ) ;
#4294 = EDGE_CURVE ( 'NONE', #737, #5075, #4831, .T. ) ;
#4295 = LINE ( 'NONE', #2231, #534 ) ;
#4296 = VERTEX_POINT ( 'NONE', #5162 ) ;
#4297 = CARTESIAN_POINT ( 'NONE',  ( 8.199999999999992184, 20.50000000000000355, 0.000000000000000000 ) ) ;
#4298 = VERTEX_POINT ( 'NONE', #247 ) ;
#4299 = CARTESIAN_POINT ( 'NONE',  ( 10.63177811776069248, 3.024691768362430810, 9.127589394281987012 ) ) ;
#4300 = ORIENTED_EDGE ( 'NONE', *, *, #3463, .F. ) ;
#4301 = ADVANCED_FACE ( 'NONE', ( #3589 ), #4378, .T. ) ;
#4302 = CARTESIAN_POINT ( 'NONE',  ( 6.782842712474676183, 0.5000000000000099920, 22.69425303144169348 ) ) ;
#4303 = EDGE_CURVE ( 'NONE', #179, #487, #5309, .T. ) ;
#4304 = CARTESIAN_POINT ( 'NONE',  ( 4.318214063496260913, 6.999999999999997335, 6.999999999999997335 ) ) ;
#4305 = LINE ( 'NONE', #3025, #360 ) ;
#4306 = ORIENTED_EDGE ( 'NONE', *, *, #2306, .F. ) ;
#4307 = DIRECTION ( 'NONE',  ( 3.469446951953614682E-16, -1.000000000000000000, 0.000000000000000000 ) ) ;
#4308 = CARTESIAN_POINT ( 'NONE',  ( 6.974873734152968296, 3.500000000000000000, 20.94658709115297768 ) ) ;
#4309 = LINE ( 'NONE', #2247, #4768 ) ;
#4310 = LINE ( 'NONE', #2324, #1759 ) ;
#4311 = DIRECTION ( 'NONE',  ( 0.000000000000000000, 1.000000000000000000, 0.000000000000000000 ) ) ;
#4312 = CARTESIAN_POINT ( 'NONE',  ( 10.32919093273091349, 3.009916836537702700, 9.237895971341901102 ) ) ;
#4313 = DIRECTION ( 'NONE',  ( 2.168404344971006896E-16, 0.000000000000000000, -1.000000000000000000 ) ) ;
#4314 = LINE ( 'NONE', #237, #1668 ) ;
#4315 = VERTEX_POINT ( 'NONE', #1855 ) ;
#4316 = CARTESIAN_POINT ( 'NONE',  ( -4.490317170642483369, 3.000008010953896243, 9.395569162575945654 ) ) ;
#4317 = EDGE_CURVE ( 'NONE', #4180, #2143, #637, .T. ) ;
#4318 = ORIENTED_EDGE ( 'NONE', *, *, #5256, .T. ) ;
#4319 = CARTESIAN_POINT ( 'NONE',  ( 3.000000000000060840, 3.540408205773462935, 8.599999999999994316 ) ) ;
#4320 = ORIENTED_EDGE ( 'NONE', *, *, #3887, .F. ) ;
#4321 = PLANE ( 'NONE',  #3667 ) ;
#4322 = VERTEX_POINT ( 'NONE', #4752 ) ;
#4323 = DIRECTION ( 'NONE',  ( 0.000000000000000000, 0.000000000000000000, 1.000000000000000000 ) ) ;
#4324 = EDGE_CURVE ( 'NONE', #2477, #5097, #3508, .T. ) ;
#4325 = ADVANCED_FACE ( 'NONE', ( #3154 ), #661, .F. ) ;
#4326 = EDGE_CURVE ( 'NONE', #2143, #3383, #713, .T. ) ;
#4327 = CARTESIAN_POINT ( 'NONE',  ( 8.500000000000062172, 0.5000000000000073275, 18.47171335700006978 ) ) ;
#4328 = CARTESIAN_POINT ( 'NONE',  ( -3.314470822538141626, 3.538267016781469376, 8.610612773514725760 ) ) ;
#4329 = ORIENTED_EDGE ( 'NONE', *, *, #4186, .F. ) ;
#4330 = CARTESIAN_POINT ( 'NONE',  ( 6.782842712474676183, 3.500000000000000000, 22.69425303144169348 ) ) ;
#4331 = CARTESIAN_POINT ( 'NONE',  ( -10.94998529733409853, 3.533743569483416280, 8.634061483431098694 ) ) ;
#4332 = CARTESIAN_POINT ( 'NONE',  ( -8.000000000000055067, 3.500000000000000000, 22.26998896272976580 ) ) ;
#4333 = CARTESIAN_POINT ( 'NONE',  ( 0.000000000000000000, 0.5000000000000073275, 9.000000000000000000 ) ) ;
#4334 = LINE ( 'NONE', #676, #4713 ) ;
#4335 = PLANE ( 'NONE',  #1399 ) ;
#4336 = ORIENTED_EDGE ( 'NONE', *, *, #582, .T. ) ;
#4337 = CARTESIAN_POINT ( 'NONE',  ( -7.699999999999985079, 15.30000000000000249, 0.000000000000000000 ) ) ;
#4338 = AXIS2_PLACEMENT_3D ( 'NONE', #1721, #2370, #4867 ) ;
#4339 = CIRCLE ( 'NONE', #2527, 1.100000000000007194 ) ;
#4340 = DIRECTION ( 'NONE',  ( 0.000000000000000000, 0.000000000000000000, -1.000000000000000000 ) ) ;
#4341 = CIRCLE ( 'NONE', #3569, 1.000000000000000888 ) ;
#4342 = ORIENTED_EDGE ( 'NONE', *, *, #515, .T. ) ;
#4343 = AXIS2_PLACEMENT_3D ( 'NONE', #760, #2411, #4396 ) ;
#4344 = DIRECTION ( 'NONE',  ( -8.673617379884018709E-16, 0.000000000000000000, 1.000000000000000000 ) ) ;
#4345 = ORIENTED_EDGE ( 'NONE', *, *, #1275, .T. ) ;
#4346 = DIRECTION ( 'NONE',  ( -0.5773502691896258421, -0.5773502691896257311, 0.5773502691896257311 ) ) ;
#4347 = ORIENTED_EDGE ( 'NONE', *, *, #2729, .F. ) ;
#4348 = DIRECTION ( 'NONE',  ( 0.000000000000000000, 1.000000000000000000, 0.000000000000000000 ) ) ;
#4349 = EDGE_CURVE ( 'NONE', #5080, #1797, #2313, .T. ) ;
#4350 = VECTOR ( 'NONE', #4370, 1000.000000000000000 ) ;
#4351 = CARTESIAN_POINT ( 'NONE',  ( 18.29999999999999361, -8.657847166466061486E-15, 9.000000000000000000 ) ) ;
#4352 = DIRECTION ( 'NONE',  ( -0.000000000000000000, -1.000000000000000000, -0.000000000000000000 ) ) ;
#4353 = ORIENTED_EDGE ( 'NONE', *, *, #2113, .T. ) ;
#4354 = VECTOR ( 'NONE', #3107, 1000.000000000000000 ) ;
#4355 = EDGE_CURVE ( 'NONE', #3326, #1165, #2364, .T. ) ;
#4356 = EDGE_CURVE ( 'NONE', #4696, #3091, #1545, .T. ) ;
#4357 = CARTESIAN_POINT ( 'NONE',  ( 11.43497374156233803, 3.050511059170675221, 9.000000000000005329 ) ) ;
#4358 = EDGE_CURVE ( 'NONE', #689, #3965, #4969, .T. ) ;
#4359 = VECTOR ( 'NONE', #2335, 1000.000000000000000 ) ;
#4360 = DIRECTION ( 'NONE',  ( -0.04029028970144055144, 0.000000000000000000, -0.9991880166193817248 ) ) ;
#4361 = LINE ( 'NONE', #1444, #2434 ) ;
#4362 = CARTESIAN_POINT ( 'NONE',  ( -17.30000000000000071, 0.000000000000000000, 1.499999999999999556 ) ) ;
#4363 = CARTESIAN_POINT ( 'NONE',  ( -2.199430063080869857, 10.66984153898349597, 6.999999999999998224 ) ) ;
#4364 = AXIS2_PLACEMENT_3D ( 'NONE', #1031, #3120, #3557 ) ;
#4365 = EDGE_CURVE ( 'NONE', #3383, #827, #3921, .T. ) ;
#4366 = DIRECTION ( 'NONE',  ( 1.000000000000000000, 0.000000000000000000, 0.000000000000000000 ) ) ;
#4367 = ADVANCED_FACE ( 'NONE', ( #2803 ), #638, .F. ) ;
#4368 = CARTESIAN_POINT ( 'NONE',  ( -18.30000000000002558, 21.50000000000001066, 6.999999999999999112 ) ) ;
#4369 = CIRCLE ( 'NONE', #2809, 2.600000000000004974 ) ;
#4370 = DIRECTION ( 'NONE',  ( 0.7071067811865441310, 0.000000000000000000, 0.7071067811865510144 ) ) ;
#4371 = VERTEX_POINT ( 'NONE', #4458 ) ;
#4372 = LINE ( 'NONE', #2329, #3560 ) ;
#4373 = AXIS2_PLACEMENT_3D ( 'NONE', #2519, #73, #3362 ) ;
#4374 = DIRECTION ( 'NONE',  ( -1.340235097171338465E-16, 0.000000000000000000, 1.000000000000000000 ) ) ;
#4375 = VERTEX_POINT ( 'NONE', #5213 ) ;
#4376 = FACE_OUTER_BOUND ( 'NONE', #3538, .T. ) ;
#4377 = ORIENTED_EDGE ( 'NONE', *, *, #513, .F. ) ;
#4378 = PLANE ( 'NONE',  #4277 ) ;
#4379 = EDGE_LOOP ( 'NONE', ( #4671, #2874, #2184, #1177 ) ) ;
#4380 = CARTESIAN_POINT ( 'NONE',  ( 8.500000000000063949, 2.999999999999990230, 12.00000000000000000 ) ) ;
#4381 = DIRECTION ( 'NONE',  ( -0.000000000000000000, -1.000000000000000000, -0.000000000000000000 ) ) ;
#4382 = DIRECTION ( 'NONE',  ( 0.000000000000000000, 0.000000000000000000, 1.000000000000000000 ) ) ;
#4383 = ORIENTED_EDGE ( 'NONE', *, *, #4995, .F. ) ;
#4384 = CALENDAR_DATE ( 2023, 1, 6 ) ;
#4385 = CARTESIAN_POINT ( 'NONE',  ( 4.213172018887040515, 3.008094357114578177, 9.256214619118068754 ) ) ;
#4386 = DIRECTION ( 'NONE',  ( 1.000000000000000000, 0.000000000000000000, 0.000000000000000000 ) ) ;
#4387 = EDGE_CURVE ( 'NONE', #5167, #3294, #740, .T. ) ;
#4388 = VERTEX_POINT ( 'NONE', #4809 ) ;
#4389 = CARTESIAN_POINT ( 'NONE',  ( 18.29999999999999361, 3.050510257216815457, 9.000000000000000000 ) ) ;
#4390 = CARTESIAN_POINT ( 'NONE',  ( -6.000000000000062172, 2.999999999999992895, 18.47171335700006978 ) ) ;
#4391 = DIRECTION ( 'NONE',  ( 0.7071067811865474617, -0.7071067811865474617, 0.000000000000000000 ) ) ;
#4392 = EDGE_CURVE ( 'NONE', #4454, #5194, #688, .T. ) ;
#4393 = EDGE_CURVE ( 'NONE', #5278, #4541, #4067, .T. ) ;
#4394 = CYLINDRICAL_SURFACE ( 'NONE', #4784, 3.999999999999998224 ) ;
#4395 = CARTESIAN_POINT ( 'NONE',  ( 2.078460969082653431, 3.399999999999999467, 2.999999999999999112 ) ) ;
#4396 = DIRECTION ( 'NONE',  ( 0.000000000000000000, 0.000000000000000000, 1.000000000000000000 ) ) ;
#4397 = LINE ( 'NONE', #243, #2869 ) ;
#4398 = EDGE_LOOP ( 'NONE', ( #4924, #3359, #4635, #4592, #2451, #120 ) ) ;
#4399 = FACE_OUTER_BOUND ( 'NONE', #2197, .T. ) ;
#4400 = ORIENTED_EDGE ( 'NONE', *, *, #5091, .T. ) ;
#4401 = DIRECTION ( 'NONE',  ( 0.000000000000000000, 0.000000000000000000, 1.000000000000000000 ) ) ;
#4402 = ORIENTED_EDGE ( 'NONE', *, *, #2769, .T. ) ;
#4403 = CARTESIAN_POINT ( 'NONE',  ( -4.156921938165305974, 6.999999999999999112, 2.999999999999999112 ) ) ;
#4404 = CARTESIAN_POINT ( 'NONE',  ( 18.29999999999999361, 3.295459231495130759, 8.799999999999998934 ) ) ;
#4405 = DIRECTION ( 'NONE',  ( -0.7071067811865474617, 6.772360450213431231E-15, 0.7071067811865474617 ) ) ;
#4406 = ORIENTED_EDGE ( 'NONE', *, *, #2399, .T. ) ;
#4407 = CARTESIAN_POINT ( 'NONE',  ( 3.681128229715602718, 3.033616271324524938, 9.078296559255340625 ) ) ;
#4408 = DIRECTION ( 'NONE',  ( 4.731064025391292434E-16, -1.000000000000000000, 0.000000000000000000 ) ) ;
#4409 = ORIENTED_EDGE ( 'NONE', *, *, #1248, .F. ) ;
#4410 = FACE_OUTER_BOUND ( 'NONE', #1993, .T. ) ;
#4411 = CARTESIAN_POINT ( 'NONE',  ( 4.545236260913208426, 2.999999999999996447, 9.428571428571435931 ) ) ;
#4412 = LINE ( 'NONE', #5172, #5139 ) ;
#4413 = CARTESIAN_POINT ( 'NONE',  ( 3.452188659711821650, 5.500000000000006217, 6.999999999999997335 ) ) ;
#4414 = CARTESIAN_POINT ( 'NONE',  ( 4.545236260913208426, 2.999999999999996447, 9.428571428571435931 ) ) ;
#4415 = CONICAL_SURFACE ( 'NONE', #2604, 0.5000000000000143219, 0.7853981633974511656 ) ;
#4416 = ORIENTED_EDGE ( 'NONE', *, *, #5158, .T. ) ;
#4417 = DIRECTION ( 'NONE',  ( 0.000000000000000000, 0.000000000000000000, 1.000000000000000000 ) ) ;
#4418 = EDGE_CURVE ( 'NONE', #388, #1, #4540, .T. ) ;
#4419 = ADVANCED_FACE ( 'NONE', ( #4153 ), #3260, .T. ) ;
#4420 = VECTOR ( 'NONE', #3406, 1000.000000000000000 ) ;
#4421 = CIRCLE ( 'NONE', #786, 0.5000000000000004441 ) ;
#4422 = CARTESIAN_POINT ( 'NONE',  ( 18.80000000000001137, 21.50000000000000000, 9.000000000000000000 ) ) ;
#4423 = ORIENTED_EDGE ( 'NONE', *, *, #2205, .F. ) ;
#4424 = CARTESIAN_POINT ( 'NONE',  ( -4.500000000000063061, 2.999999999999992895, 18.47171335700006978 ) ) ;
#4425 = VERTEX_POINT ( 'NONE', #3320 ) ;
#4426 = DIRECTION ( 'NONE',  ( 0.7071067811865447972, 0.000000000000000000, -0.7071067811865502373 ) ) ;
#4427 = VECTOR ( 'NONE', #220, 1000.000000000000000 ) ;
#4428 = ORIENTED_EDGE ( 'NONE', *, *, #2205, .T. ) ;
#4429 = VECTOR ( 'NONE', #656, 1000.000000000000000 ) ;
#4430 = CARTESIAN_POINT ( 'NONE',  ( 8.199999999999993960, 15.80000000000000071, 9.000000000000000000 ) ) ;
#4431 = EDGE_CURVE ( 'NONE', #3568, #441, #1169, .T. ) ;
#4432 = VECTOR ( 'NONE', #691, 1000.000000000000000 ) ;
#4433 = AXIS2_PLACEMENT_3D ( 'NONE', #2298, #1471, #2707 ) ;
#4434 = DIRECTION ( 'NONE',  ( 4.731064025391292434E-16, 1.000000000000000000, 1.051347561198064958E-16 ) ) ;
#4435 = DIRECTION ( 'NONE',  ( 0.000000000000000000, -1.000000000000000000, 0.000000000000000000 ) ) ;
#4436 = ORIENTED_EDGE ( 'NONE', *, *, #3946, .T. ) ;
#4437 = CONICAL_SURFACE ( 'NONE', #3910, 1.500000000000001332, 0.7853981633974482790 ) ;
#4438 = COORDINATED_UNIVERSAL_TIME_OFFSET ( 1, 0, .AHEAD. ) ;
#4439 = AXIS2_PLACEMENT_3D ( 'NONE', #3661, #5314, #1649 ) ;
#4440 = LINE ( 'NONE', #5225, #5125 ) ;
#4441 = CARTESIAN_POINT ( 'NONE',  ( -4.958578643762748150, 2.999999999999992895, 25.76998896272976225 ) ) ;
#4442 = EDGE_LOOP ( 'NONE', ( #3447, #4806, #3449, #3849, #1311, #4046, #4192, #2620, #4345, #1322, #5087, #1291, #1935, #3020 ) ) ;
#4443 = CARTESIAN_POINT ( 'NONE',  ( -8.199999999999992184, 22.00000000000000000, 9.000000000000000000 ) ) ;
#4444 = DIRECTION ( 'NONE',  ( 0.000000000000000000, -1.000000000000000000, 0.000000000000000000 ) ) ;
#4445 = CARTESIAN_POINT ( 'NONE',  ( -6.500000000000069278, 3.500000000000000000, 12.00000000000000000 ) ) ;
#4446 = AXIS2_PLACEMENT_3D ( 'NONE', #2290, #3933, #634 ) ;
#4447 = ORIENTED_EDGE ( 'NONE', *, *, #2150, .F. ) ;
#4448 = AXIS2_PLACEMENT_3D ( 'NONE', #4941, #3719, #2480 ) ;
#4449 = DIRECTION ( 'NONE',  ( 1.000000000000000000, 0.000000000000000000, 0.000000000000000000 ) ) ;
#4450 = DIRECTION ( 'NONE',  ( -0.000000000000000000, -0.000000000000000000, -1.000000000000000000 ) ) ;
#4451 = DIRECTION ( 'NONE',  ( -0.000000000000000000, -1.000000000000000000, -0.000000000000000000 ) ) ;
#4452 = VECTOR ( 'NONE', #1072, 1000.000000000000114 ) ;
#4453 = PLANE ( 'NONE',  #3388 ) ;
#4454 = VERTEX_POINT ( 'NONE', #4506 ) ;
#4455 = FACE_OUTER_BOUND ( 'NONE', #1789, .T. ) ;
#4456 = EDGE_CURVE ( 'NONE', #2597, #4515, #3754, .T. ) ;
#4457 = ORIENTED_EDGE ( 'NONE', *, *, #1948, .F. ) ;
#4458 = CARTESIAN_POINT ( 'NONE',  ( 8.000000000000051514, 0.000000000000000000, 18.47171335700006978 ) ) ;
#4459 = ORIENTED_EDGE ( 'NONE', *, *, #1802, .T. ) ;
#4460 = CARTESIAN_POINT ( 'NONE',  ( 11.50000000000005684, 3.540408205773459382, 8.599999999999990763 ) ) ;
#4461 = CARTESIAN_POINT ( 'NONE',  ( 18.30000000000001137, 22.00000000000000000, 6.499999999999999112 ) ) ;
#4462 = CARTESIAN_POINT ( 'NONE',  ( 2.600000000000004974, 7.000000000000000000, 2.999999999999999112 ) ) ;
#4463 = EDGE_CURVE ( 'NONE', #3908, #2754, #2074, .T. ) ;
#4464 = EDGE_CURVE ( 'NONE', #2140, #5034, #3415, .T. ) ;
#4465 = ORIENTED_EDGE ( 'NONE', *, *, #1200, .F. ) ;
#4466 = ORIENTED_EDGE ( 'NONE', *, *, #3625, .T. ) ;
#4467 = DIRECTION ( 'NONE',  ( 0.7071067811865463515, 0.000000000000000000, -0.7071067811865487940 ) ) ;
#4468 = FACE_OUTER_BOUND ( 'NONE', #1628, .T. ) ;
#4469 = ORIENTED_EDGE ( 'NONE', *, *, #1466, .F. ) ;
#4470 = LINE ( 'NONE', #1953, #1038 ) ;
#4471 = CARTESIAN_POINT ( 'NONE',  ( -11.23471768434710150, 3.048412115107556719, 9.008463761141234372 ) ) ;
#4472 = EDGE_LOOP ( 'NONE', ( #3913, #3804, #4233, #2156 ) ) ;
#4473 = CARTESIAN_POINT ( 'NONE',  ( 6.000000000000062172, 3.500000000000000000, 18.47171335700006978 ) ) ;
#4474 = DIRECTION ( 'NONE',  ( -0.6546536707079769757, -0.3779644730092274196, 0.6546536707079771977 ) ) ;
#4475 = CARTESIAN_POINT ( 'NONE',  ( -10.90583134575830471, 0.000000000000000000, 22.26998896272976580 ) ) ;
#4476 = DIRECTION ( 'NONE',  ( 0.000000000000000000, 0.000000000000000000, 1.000000000000000000 ) ) ;
#4477 = PLANE ( 'NONE',  #2001 ) ;
#4478 = ORIENTED_EDGE ( 'NONE', *, *, #879, .T. ) ;
#4479 = CARTESIAN_POINT ( 'NONE',  ( 0.000000000000000000, 0.5000000000000073275, 9.000000000000000000 ) ) ;
#4480 = EDGE_LOOP ( 'NONE', ( #4950, #278, #2176, #3770 ) ) ;
#4481 = CYLINDRICAL_SURFACE ( 'NONE', #1495, 2.000000000000001776 ) ;
#4482 = VERTEX_POINT ( 'NONE', #2887 ) ;
#4483 = DIRECTION ( 'NONE',  ( 9.912705577010356118E-16, 0.000000000000000000, 1.000000000000000000 ) ) ;
#4484 = FACE_OUTER_BOUND ( 'NONE', #4856, .T. ) ;
#4485 = CARTESIAN_POINT ( 'NONE',  ( -8.199999999999992184, 12.00000000000000355, 6.500000000000005329 ) ) ;
#4486 = ORIENTED_EDGE ( 'NONE', *, *, #488, .F. ) ;
#4487 = ORIENTED_EDGE ( 'NONE', *, *, #4393, .T. ) ;
#4488 = ADVANCED_FACE ( 'NONE', ( #4914 ), #4481, .F. ) ;
#4489 = ADVANCED_FACE ( 'NONE', ( #793 ), #1988, .T. ) ;
#4490 = CARTESIAN_POINT ( 'NONE',  ( -7.207106781186605637, 2.999999999999992895, 22.26998896272976580 ) ) ;
#4491 = CARTESIAN_POINT ( 'NONE',  ( -11.10691585876462817, 3.536996524021232879, 8.616995266914418750 ) ) ;
#4492 = ORIENTED_EDGE ( 'NONE', *, *, #2736, .F. ) ;
#4493 = CARTESIAN_POINT ( 'NONE',  ( 6.751471862576193139, 0.000000000000000000, 25.76998896272976580 ) ) ;
#4494 = CARTESIAN_POINT ( 'NONE',  ( -10.55724401646443056, 3.020915510205738563, 9.151630546673692024 ) ) ;
#4495 = ORIENTED_EDGE ( 'NONE', *, *, #549, .F. ) ;
#4496 = EDGE_CURVE ( 'NONE', #3979, #4315, #2502, .T. ) ;
#4497 = DIRECTION ( 'NONE',  ( 1.000000000000000000, 0.000000000000000000, 0.000000000000000000 ) ) ;
#4498 = DIRECTION ( 'NONE',  ( 0.000000000000000000, -1.000000000000000000, 0.000000000000000000 ) ) ;
#4499 = LINE ( 'NONE', #1537, #3490 ) ;
#4500 = LINE ( 'NONE', #2931, #3893 ) ;
#4501 = AXIS2_PLACEMENT_3D ( 'NONE', #4004, #5284, #2823 ) ;
#4502 = DIRECTION ( 'NONE',  ( 1.000000000000000000, -0.000000000000000000, 0.000000000000000000 ) ) ;
#4503 = ORIENTED_EDGE ( 'NONE', *, *, #3027, .F. ) ;
#4504 = CARTESIAN_POINT ( 'NONE',  ( 17.30000000000000071, -8.184740763926936582E-15, 0.000000000000000000 ) ) ;
#4505 = EDGE_LOOP ( 'NONE', ( #3113, #2417, #3122, #914 ) ) ;
#4506 = CARTESIAN_POINT ( 'NONE',  ( 5.458578643762755256, 3.500000000000000000, 25.76998896272976225 ) ) ;
#4507 = ORIENTED_EDGE ( 'NONE', *, *, #1496, .T. ) ;
#4508 = PLANE ( 'NONE',  #1652 ) ;
#4509 = AXIS2_PLACEMENT_3D ( 'NONE', #2438, #1679, #3309 ) ;
#4510 = VECTOR ( 'NONE', #2000, 1000.000000000000000 ) ;
#4511 = VECTOR ( 'NONE', #4816, 1000.000000000000000 ) ;
#4512 = PLANE ( 'NONE',  #958 ) ;
#4513 = VECTOR ( 'NONE', #281, 1000.000000000000000 ) ;
#4514 = LINE ( 'NONE', #1173, #1743 ) ;
#4515 = VERTEX_POINT ( 'NONE', #2049 ) ;
#4516 = ORIENTED_EDGE ( 'NONE', *, *, #2267, .T. ) ;
#4517 = VECTOR ( 'NONE', #231, 1000.000000000000000 ) ;
#4518 = ADVANCED_FACE ( 'NONE', ( #4890 ), #2915, .F. ) ;
#4519 = DIRECTION ( 'NONE',  ( -0.7071067811865421326, -2.453269466693381365E-16, 0.7071067811865529018 ) ) ;
#4520 = DIRECTION ( 'NONE',  ( 0.000000000000000000, 0.000000000000000000, 1.000000000000000000 ) ) ;
#4521 = ORIENTED_EDGE ( 'NONE', *, *, #4631, .T. ) ;
#4522 = AXIS2_PLACEMENT_3D ( 'NONE', #4670, #4625, #3407 ) ;
#4523 = AXIS2_PLACEMENT_3D ( 'NONE', #639, #2264, #3024 ) ;
#4524 = EDGE_CURVE ( 'NONE', #5214, #3056, #2416, .T. ) ;
#4525 = EDGE_CURVE ( 'NONE', #3244, #627, #4565, .T. ) ;
#4526 = LINE ( 'NONE', #1589, #3115 ) ;
#4527 = CARTESIAN_POINT ( 'NONE',  ( -10.84270882660349322, 3.034684098558586562, 9.072818225228493461 ) ) ;
#4528 = ORIENTED_EDGE ( 'NONE', *, *, #4392, .F. ) ;
#4529 = AXIS2_PLACEMENT_3D ( 'NONE', #4661, #3389, #5093 ) ;
#4530 = FACE_OUTER_BOUND ( 'NONE', #3026, .T. ) ;
#4531 = DIRECTION ( 'NONE',  ( 0.7071067811865474617, -2.884444029575346957E-16, 0.7071067811865474617 ) ) ;
#4532 = EDGE_CURVE ( 'NONE', #1028, #5057, #611, .T. ) ;
#4533 = EDGE_CURVE ( 'NONE', #4638, #5194, #875, .T. ) ;
#4534 = DIRECTION ( 'NONE',  ( 0.5773502691896258421, 0.5773502691896258421, 0.5773502691896258421 ) ) ;
#4535 = VECTOR ( 'NONE', #3613, 1000.000000000000000 ) ;
#4536 = VECTOR ( 'NONE', #2023, 1000.000000000000000 ) ;
#4537 = EDGE_LOOP ( 'NONE', ( #5161, #2574, #4031, #5003 ) ) ;
#4538 = LINE ( 'NONE', #824, #2881 ) ;
#4539 = ORIENTED_EDGE ( 'NONE', *, *, #4317, .T. ) ;
#4540 = LINE ( 'NONE', #3696, #1407 ) ;
#4541 = VERTEX_POINT ( 'NONE', #4211 ) ;
#4542 = CARTESIAN_POINT ( 'NONE',  ( -3.544491757643438046, 3.039372297165642944, 9.049733628846491129 ) ) ;
#4543 = VECTOR ( 'NONE', #433, 1000.000000000000000 ) ;
#4544 = CARTESIAN_POINT ( 'NONE',  ( 18.29999999999999361, 0.000000000000000000, 8.499999999999991118 ) ) ;
#4545 = CARTESIAN_POINT ( 'NONE',  ( 12.79999999999999538, 20.00000000000000355, 0.4999999999999935052 ) ) ;
#4546 = VERTEX_POINT ( 'NONE', #3853 ) ;
#4547 = CARTESIAN_POINT ( 'NONE',  ( 8.305025253169475263, 0.5000000000000069944, 24.92354235332303958 ) ) ;
#4548 = ORIENTED_EDGE ( 'NONE', *, *, #1809, .T. ) ;
#4549 = CARTESIAN_POINT ( 'NONE',  ( -6.782842712474676183, 2.999999999999992895, 22.69425303144169348 ) ) ;
#4550 = CARTESIAN_POINT ( 'NONE',  ( -3.538886095639034668, 3.039607666176739720, 9.048598738685244669 ) ) ;
#4551 = ORIENTED_EDGE ( 'NONE', *, *, #3092, .T. ) ;
#4552 = CARTESIAN_POINT ( 'NONE',  ( -10.34160178982618916, 3.010450898057080327, 9.232533269076432347 ) ) ;
#4553 = ORIENTED_EDGE ( 'NONE', *, *, #250, .T. ) ;
#4554 = DIRECTION ( 'NONE',  ( -2.891205793294675861E-15, 0.000000000000000000, 1.000000000000000000 ) ) ;
#4555 = EDGE_CURVE ( 'NONE', #874, #1806, #4667, .T. ) ;
#4556 = DIRECTION ( 'NONE',  ( 0.000000000000000000, 0.000000000000000000, 1.000000000000000000 ) ) ;
#4557 = DIRECTION ( 'NONE',  ( 0.000000000000000000, -1.000000000000000000, 0.000000000000000000 ) ) ;
#4558 = CARTESIAN_POINT ( 'NONE',  ( 6.220320661078682534, 0.000000000000000000, 19.49176081818314898 ) ) ;
#4559 = ADVANCED_FACE ( 'NONE', ( #3427 ), #3778, .F. ) ;
#4560 = EDGE_CURVE ( 'NONE', #151, #2111, #83, .T. ) ;
#4561 = LINE ( 'NONE', #1528, #2615 ) ;
#4562 = ORIENTED_EDGE ( 'NONE', *, *, #1209, .T. ) ;
#4563 = DIRECTION ( 'NONE',  ( -4.731064025391292434E-16, -1.000000000000000000, -0.000000000000000000 ) ) ;
#4564 = EDGE_LOOP ( 'NONE', ( #2813, #221, #4503, #1701 ) ) ;
#4565 = LINE ( 'NONE', #851, #4536 ) ;
#4566 = VERTEX_POINT ( 'NONE', #3825 ) ;
#4567 = CARTESIAN_POINT ( 'NONE',  ( 4.156921938165305974, 6.999999999999998224, 2.999999999999999112 ) ) ;
#4568 = FACE_OUTER_BOUND ( 'NONE', #2291, .T. ) ;
#4569 = PLANE ( 'NONE',  #5035 ) ;
#4570 = ORIENTED_EDGE ( 'NONE', *, *, #3430, .F. ) ;
#4571 = DIRECTION ( 'NONE',  ( 0.000000000000000000, 1.000000000000000000, 0.000000000000000000 ) ) ;
#4572 = EDGE_LOOP ( 'NONE', ( #1092, #5356, #1473, #194 ) ) ;
#4573 = DIRECTION ( 'NONE',  ( 0.000000000000000000, 0.000000000000000000, 1.000000000000000000 ) ) ;
#4574 = CARTESIAN_POINT ( 'NONE',  ( -10.41217375785623389, 3.517132636305707383, 8.737936458200016077 ) ) ;
#4575 = VERTEX_POINT ( 'NONE', #5019 ) ;
#4576 = CARTESIAN_POINT ( 'NONE',  ( -10.10145962845833445, 3.001851091306894315, 9.345915665690682772 ) ) ;
#4577 = EDGE_LOOP ( 'NONE', ( #5047, #1583, #979, #949, #2820 ) ) ;
#4578 = DIRECTION ( 'NONE',  ( -1.000000000000000000, 0.000000000000000000, -0.000000000000000000 ) ) ;
#4579 = CARTESIAN_POINT ( 'NONE',  ( 8.305025253169475263, 3.500000000000000000, 24.92354235332303958 ) ) ;
#4580 = CARTESIAN_POINT ( 'NONE',  ( -4.277891032163522844, 6.930158461016503679, 6.999999999999997335 ) ) ;
#4581 = LINE ( 'NONE', #1215, #4595 ) ;
#4582 = APPROVAL ( #3271, 'UNSPECIFIED' ) ;
#4583 = CARTESIAN_POINT ( 'NONE',  ( 2.378134183998053430, 3.050510257216821230, 9.000000000000000000 ) ) ;
#4584 = VERTEX_POINT ( 'NONE', #1302 ) ;
#4585 = DIRECTION ( 'NONE',  ( 0.5000000000000001110, 0.8660254037844385966, 0.000000000000000000 ) ) ;
#4586 = ORIENTED_EDGE ( 'NONE', *, *, #4158, .T. ) ;
#4587 = CARTESIAN_POINT ( 'NONE',  ( 4.802775637732070280, 3.500000000000000000, 9.000000000000001776 ) ) ;
#4588 = EDGE_CURVE ( 'NONE', #5167, #1517, #2155, .T. ) ;
#4589 = DIRECTION ( 'NONE',  ( -0.7071067811865482389, 0.000000000000000000, 0.7071067811865469066 ) ) ;
#4590 = EDGE_CURVE ( 'NONE', #1574, #4638, #1792, .T. ) ;
#4591 = DIRECTION ( 'NONE',  ( 1.000000000000000000, 0.000000000000000000, -0.000000000000000000 ) ) ;
#4592 = ORIENTED_EDGE ( 'NONE', *, *, #2079, .T. ) ;
#4593 = LINE ( 'NONE', #2758, #978 ) ;
#4594 = VERTEX_POINT ( 'NONE', #2209 ) ;
#4595 = VECTOR ( 'NONE', #2128, 1000.000000000000000 ) ;
#4596 = ADVANCED_FACE ( 'NONE', ( #2179 ), #982, .T. ) ;
#4597 = B_SPLINE_CURVE_WITH_KNOTS ( 'NONE', 3,
 ( #4943, #2536, #2157, #4184, #444, #2889, #1769, #2105, #1226, #3779, #4542, #3376, #420, #2564, #2968, #3801, #4621, #524, #4, #910, #4213, #85, #1736, #1661, #5050, #1332, #2995, #4647, #933, #2587, #4235, #2180, #3429, #1026, #3043, #1056, #3093, #5130, #1406, #4745, #2685, #3072, #2642, #4723, #3476, #3525, #1354, #4316, #3504 ),
 .UNSPECIFIED., .F., .F.,
 ( 4, 2, 1, 2, 2, 1, 1, 2, 2, 2, 1, 1, 2, 2, 2, 2, 1, 2, 2, 2, 1, 1, 2, 2, 2, 1, 2, 2, 4 ),
 ( 0.000000000000000000, 0.1249999999999882871, 0.1874999999999824307, 0.2187499999999796552, 0.2499999999999769074, 0.3124999999999705791, 0.3437499999999671374, 0.3593749999999653610, 0.3749999999999636402, 0.4374999999999585887, 0.4687499999999560352, 0.4843749999999550360, 0.4921874999999542033, 0.4999999999999533706, 0.5624999999999453770, 0.5937499999999411582, 0.6093749999999402700, 0.6171874999999400480, 0.6249999999999399369, 0.6874999999999409361, 0.7187499999999421574, 0.7343749999999442668, 0.7421874999999453770, 0.7499999999999463762, 0.8124999999999553690, 0.8437499999999613642, 0.8593749999999651390, 0.8749999999999688027, 1.000000000000000000 ),
 .UNSPECIFIED. ) ;
#4598 = AXIS2_PLACEMENT_3D ( 'NONE', #3996, #4761, #292 ) ;
#4599 = VECTOR ( 'NONE', #375, 1000.000000000000114 ) ;
#4600 = PLANE ( 'NONE',  #4778 ) ;
#4601 = CARTESIAN_POINT ( 'NONE',  ( -11.18552917746198361, 3.538267016781473817, 8.610612773514727536 ) ) ;
#4602 = ORIENTED_EDGE ( 'NONE', *, *, #3945, .T. ) ;
#4603 = VECTOR ( 'NONE', #5002, 1000.000000000000227 ) ;
#4604 = VECTOR ( 'NONE', #4042, 1000.000000000000000 ) ;
#4605 = LINE ( 'NONE', #3007, #1412 ) ;
#4606 = ORIENTED_EDGE ( 'NONE', *, *, #2427, .T. ) ;
#4607 = DIRECTION ( 'NONE',  ( 0.000000000000000000, -1.000000000000000000, 0.000000000000000000 ) ) ;
#4608 = DIRECTION ( 'NONE',  ( 0.000000000000000000, 1.000000000000000000, 0.000000000000000000 ) ) ;
#4609 = AXIS2_PLACEMENT_3D ( 'NONE', #800, #2918, #1282 ) ;
#4610 = VECTOR ( 'NONE', #3940, 1000.000000000000000 ) ;
#4611 = CARTESIAN_POINT ( 'NONE',  ( -6.429289321881395125, 0.000000000000000000, 21.49217150342456151 ) ) ;
#4612 = LINE ( 'NONE', #1707, #1119 ) ;
#4613 = AXIS2_PLACEMENT_3D ( 'NONE', #4479, #389, #4857 ) ;
#4614 = DIRECTION ( 'NONE',  ( 0.000000000000000000, -1.000000000000000000, 0.000000000000000000 ) ) ;
#4615 = CIRCLE ( 'NONE', #5303, 5.447252701995551227 ) ;
#4616 = ORIENTED_EDGE ( 'NONE', *, *, #1199, .T. ) ;
#4617 = CARTESIAN_POINT ( 'NONE',  ( -18.30000000000002558, 22.00000000000001776, 6.999999999999999112 ) ) ;
#4618 = EDGE_LOOP ( 'NONE', ( #3250, #3669, #1678, #1965 ) ) ;
#4619 = CARTESIAN_POINT ( 'NONE',  ( 5.458578643762754368, 3.500000000000000000, 22.26998896272976580 ) ) ;
#4620 = ORIENTED_EDGE ( 'NONE', *, *, #4925, .T. ) ;
#4621 = CARTESIAN_POINT ( 'NONE',  ( -3.714017362038607217, 3.032113706362100203, 9.086159601542645348 ) ) ;
#4622 = AXIS2_PLACEMENT_3D ( 'NONE', #3879, #4628, #3379 ) ;
#4623 = EDGE_CURVE ( 'NONE', #600, #792, #4879, .T. ) ;
#4624 = DIRECTION ( 'NONE',  ( -0.000000000000000000, -1.000000000000000000, -0.000000000000000000 ) ) ;
#4625 = DIRECTION ( 'NONE',  ( 0.5773502691896285066, 0.5773502691896204020, 0.5773502691896285066 ) ) ;
#4626 = ORIENTED_EDGE ( 'NONE', *, *, #4555, .F. ) ;
#4627 = CONICAL_SURFACE ( 'NONE', #4881, 2.999999999999999112, 0.7853981633974482790 ) ;
#4628 = DIRECTION ( 'NONE',  ( 0.000000000000000000, -1.000000000000000000, 0.000000000000000000 ) ) ;
#4629 = VERTEX_POINT ( 'NONE', #1375 ) ;
#4630 = LINE ( 'NONE', #3709, #446 ) ;
#4631 = EDGE_CURVE ( 'NONE', #3432, #2552, #1767, .T. ) ;
#4632 = ADVANCED_FACE ( 'NONE', ( #1353 ), #4627, .F. ) ;
#4633 = CYLINDRICAL_SURFACE ( 'NONE', #5040, 2.000000000000001776 ) ;
#4634 = CARTESIAN_POINT ( 'NONE',  ( -4.525275499640328825, 3.503182963808989747, 8.876739581504930143 ) ) ;
#4635 = ORIENTED_EDGE ( 'NONE', *, *, #2330, .T. ) ;
#4636 = CIRCLE ( 'NONE', #3337, 1.500000000000001332 ) ;
#4637 = CARTESIAN_POINT ( 'NONE',  ( -5.458578643762755256, 3.500000000000000000, 25.76998896272976225 ) ) ;
#4638 = VERTEX_POINT ( 'NONE', #3374 ) ;
#4639 = FACE_OUTER_BOUND ( 'NONE', #4942, .T. ) ;
#4640 = LINE ( 'NONE', #1681, #2448 ) ;
#4641 = DIRECTION ( 'NONE',  ( -1.734723475976809313E-16, 0.5000000000000006661, -0.8660254037844382635 ) ) ;
#4642 = ORIENTED_EDGE ( 'NONE', *, *, #421, .T. ) ;
#4643 = DIRECTION ( 'NONE',  ( -1.734723475976805517E-15, -1.000000000000000000, 0.000000000000000000 ) ) ;
#4644 = ORIENTED_EDGE ( 'NONE', *, *, #4525, .F. ) ;
#4645 = DIRECTION ( 'NONE',  ( 0.000000000000000000, -1.000000000000000000, 0.000000000000000000 ) ) ;
#4646 = ORIENTED_EDGE ( 'NONE', *, *, #216, .T. ) ;
#4647 = CARTESIAN_POINT ( 'NONE',  ( -3.975100165818260756, 3.019289839131169106, 9.162877879749320442 ) ) ;
#4648 = CARTESIAN_POINT ( 'NONE',  ( -12.79999999999999538, 21.00000000000001066, 5.500000000000000000 ) ) ;
#4649 = ORIENTED_EDGE ( 'NONE', *, *, #116, .F. ) ;
#4650 = CARTESIAN_POINT ( 'NONE',  ( 9.834093879811057093, 3.500013689603974409, 8.934212715482992451 ) ) ;
#4651 = ORIENTED_EDGE ( 'NONE', *, *, #1456, .T. ) ;
#4652 = CARTESIAN_POINT ( 'NONE',  ( 2.100000000000000089, 7.000000000000000000, 2.499999999999994227 ) ) ;
#4653 = CC_DESIGN_PERSON_AND_ORGANIZATION_ASSIGNMENT ( #5115, #5145, ( #2571 ) ) ;
#4654 = LINE ( 'NONE', #485, #1752 ) ;
#4655 = DIRECTION ( 'NONE',  ( -1.000000000000000000, 4.731064025391292434E-16, 0.000000000000000000 ) ) ;
#4656 = EDGE_LOOP ( 'NONE', ( #3211, #257, #165, #3741 ) ) ;
#4657 = EDGE_CURVE ( 'NONE', #1797, #5335, #1734, .T. ) ;
#4658 = DIRECTION ( 'NONE',  ( 0.000000000000000000, -1.000000000000000000, 0.000000000000000000 ) ) ;
#4659 = ADVANCED_FACE ( 'NONE', ( #4293 ), #1713, .T. ) ;
#4660 = VERTEX_POINT ( 'NONE', #2133 ) ;
#4661 = CARTESIAN_POINT ( 'NONE',  ( -18.80000000000001137, 21.00000000000001421, 5.500000000000000000 ) ) ;
#4662 = LINE ( 'NONE', #4741, #4248 ) ;
#4663 = ADVANCED_FACE ( 'NONE', ( #3109 ), #1868, .F. ) ;
#4664 = VERTEX_POINT ( 'NONE', #4445 ) ;
#4665 = DIRECTION ( 'NONE',  ( 0.000000000000000000, 0.000000000000000000, 1.000000000000000000 ) ) ;
#4666 = EDGE_LOOP ( 'NONE', ( #293, #2088, #1100 ) ) ;
#4667 = LINE ( 'NONE', #4619, #3838 ) ;
#4668 = FACE_OUTER_BOUND ( 'NONE', #5134, .T. ) ;
#4669 = ORIENTED_EDGE ( 'NONE', *, *, #3135, .F. ) ;
#4670 = CARTESIAN_POINT ( 'NONE',  ( 18.30000000000001137, 22.00000000000000000, 6.499999999999999112 ) ) ;
#4671 = ORIENTED_EDGE ( 'NONE', *, *, #2731, .F. ) ;
#4672 = DIRECTION ( 'NONE',  ( 0.000000000000000000, -0.7071067811865474617, -0.7071067811865474617 ) ) ;
#4673 = ORIENTED_EDGE ( 'NONE', *, *, #1531, .F. ) ;
#4674 = LINE ( 'NONE', #3248, #3299 ) ;
#4675 = CARTESIAN_POINT ( 'NONE',  ( 8.305025253169475263, 2.999999999999990230, 24.21643557213649345 ) ) ;
#4676 = CONICAL_SURFACE ( 'NONE', #1296, 2.499999999999988454, 0.7853981633974482790 ) ;
#4677 = CARTESIAN_POINT ( 'NONE',  ( -2.078460969082652987, 10.59999999999999964, 2.999999999999999112 ) ) ;
#4678 = VERTEX_POINT ( 'NONE', #2326 ) ;
#4679 = DIRECTION ( 'NONE',  ( -0.7071067811865472397, -0.7071067811865477948, -9.476893255940644458E-17 ) ) ;
#4680 = CIRCLE ( 'NONE', #4247, 5.447252701995551227 ) ;
#4681 = AXIS2_PLACEMENT_3D ( 'NONE', #1813, #3469, #5123 ) ;
#4682 = ADVANCED_FACE ( 'NONE', ( #1557 ), #1954, .F. ) ;
#4683 = CARTESIAN_POINT ( 'NONE',  ( 4.545236260913208426, 2.999999999999996447, 9.428571428571435931 ) ) ;
#4684 = EDGE_CURVE ( 'NONE', #5278, #4594, #4412, .T. ) ;
#4685 = EDGE_CURVE ( 'NONE', #1795, #4664, #4765, .T. ) ;
#4686 = AXIS2_PLACEMENT_3D ( 'NONE', #2045, #3692, #1623 ) ;
#4687 = LINE ( 'NONE', #2709, #4968 ) ;
#4688 = AXIS2_PLACEMENT_3D ( 'NONE', #2315, #1033, #226 ) ;
#4689 = DIRECTION ( 'NONE',  ( 0.000000000000000000, 0.000000000000000000, -1.000000000000000000 ) ) ;
#4690 = AXIS2_PLACEMENT_3D ( 'NONE', #2699, #4352, #665 ) ;
#4691 = CIRCLE ( 'NONE', #3126, 2.100000000000000089 ) ;
#4692 = ADVANCED_FACE ( 'NONE', ( #1049 ), #1893, .T. ) ;
#4693 = EDGE_CURVE ( 'NONE', #790, #2925, #3192, .T. ) ;
#4694 = ORIENTED_EDGE ( 'NONE', *, *, #277, .F. ) ;
#4695 = CARTESIAN_POINT ( 'NONE',  ( 2.360730412652979560, 0.000000000000000000, 30.16073041265297761 ) ) ;
#4696 = VERTEX_POINT ( 'NONE', #2353 ) ;
#4697 = DIRECTION ( 'NONE',  ( 0.000000000000000000, 1.000000000000000000, 0.000000000000000000 ) ) ;
#4698 = AXIS2_PLACEMENT_3D ( 'NONE', #2935, #3425, #4643 ) ;
#4699 = ORIENTED_EDGE ( 'NONE', *, *, #2695, .T. ) ;
#4700 = DIRECTION ( 'NONE',  ( 0.000000000000000000, 0.000000000000000000, 1.000000000000000000 ) ) ;
#4701 = VECTOR ( 'NONE', #3422, 999.9999999999998863 ) ;
#4702 = PLANE ( 'NONE',  #3820 ) ;
#4703 = EDGE_LOOP ( 'NONE', ( #4347, #2791, #481, #4616 ) ) ;
#4704 = CARTESIAN_POINT ( 'NONE',  ( 10.19115410592538318, 3.509630382030554330, 8.802390448832417391 ) ) ;
#4705 = ORIENTED_EDGE ( 'NONE', *, *, #458, .F. ) ;
#4706 = FACE_OUTER_BOUND ( 'NONE', #406, .T. ) ;
#4707 = AXIS2_PLACEMENT_3D ( 'NONE', #572, #4740, #1475 ) ;
#4708 = AXIS2_PLACEMENT_3D ( 'NONE', #1627, #765, #2101 ) ;
#4709 = CARTESIAN_POINT ( 'NONE',  ( -12.79999999999999538, 20.00000000000001066, 5.500000000000000000 ) ) ;
#4710 = CARTESIAN_POINT ( 'NONE',  ( -4.012925529276865966, 3.519753414690041105, 8.719083434662637799 ) ) ;
#4711 = EDGE_LOOP ( 'NONE', ( #1193, #361, #2499, #2961 ) ) ;
#4712 = CARTESIAN_POINT ( 'NONE',  ( 6.220320661078682534, 3.500000000000000000, 19.49176081818314898 ) ) ;
#4713 = VECTOR ( 'NONE', #1448, 1000.000000000000000 ) ;
#4714 = CARTESIAN_POINT ( 'NONE',  ( -7.951471862576194205, 0.000000000000000000, 24.56998896272975941 ) ) ;
#4715 = FACE_OUTER_BOUND ( 'NONE', #2481, .T. ) ;
#4716 = VECTOR ( 'NONE', #4578, 1000.000000000000000 ) ;
#4717 = LINE ( 'NONE', #4796, #4354 ) ;
#4718 = FACE_OUTER_BOUND ( 'NONE', #2004, .T. ) ;
#4719 = ADVANCED_FACE ( 'NONE', ( #1478 ), #2121, .T. ) ;
#4720 = CARTESIAN_POINT ( 'NONE',  ( -4.958578643762747262, 0.5000000000000073275, 22.26998896272976580 ) ) ;
#4721 = LINE ( 'NONE', #2659, #2969 ) ;
#4722 = ORIENTED_EDGE ( 'NONE', *, *, #3239, .F. ) ;
#4723 = CARTESIAN_POINT ( 'NONE',  ( -4.339297900805181740, 3.003471079341806238, 9.315536933540164100 ) ) ;
#4724 = EDGE_CURVE ( 'NONE', #4180, #5338, #235, .T. ) ;
#4725 = EDGE_CURVE ( 'NONE', #2022, #3198, #1850, .T. ) ;
#4726 = PLANE ( 'NONE',  #2095 ) ;
#4727 = B_SPLINE_CURVE_WITH_KNOTS ( 'NONE', 3,
 ( #4683, #4793, #1839, #616, #1044, #2274, #5168, #1075, #970, #2732, #1443, #4385, #668, #2321, #3963, #1368, #255, #1915, #3030, #5249, #1527, #1996, #401, #3186, #3682, #2755, #5333, #4900, #2841, #1097, #773, #2346, #2815, #3995, #4407, #5304, #1613, #2463, #693, #291, #3598, #3272, #1178, #1949, #4838, #1120, #3621 ),
 .UNSPECIFIED., .F., .F.,
 ( 4, 1, 1, 2, 2, 2, 1, 1, 2, 2, 2, 1, 1, 2, 2, 2, 2, 1, 2, 2, 2, 1, 2, 2, 1, 2, 2, 4 ),
 ( 0.000000000000000000, 0.06250000000000778544, 0.09375000000001089406, 0.1093750000000124623, 0.1250000000000140166, 0.1875000000000251188, 0.2187500000000313360, 0.2343750000000338063, 0.2421875000000350275, 0.2500000000000362488, 0.3125000000000461298, 0.3437500000000510703, 0.3593750000000523470, 0.3671875000000525135, 0.3750000000000526801, 0.4375000000000435207, 0.4687500000000395239, 0.4843750000000379696, 0.4921875000000376366, 0.5000000000000373035, 0.5625000000000347500, 0.5937500000000335287, 0.6093750000000320854, 0.6250000000000305311, 0.6875000000000252021, 0.7187500000000228706, 0.7500000000000205391, 1.000000000000000000 ),
 .UNSPECIFIED. ) ;
#4728 = ORIENTED_EDGE ( 'NONE', *, *, #1897, .T. ) ;
#4729 = CARTESIAN_POINT ( 'NONE',  ( 3.932422493263980634, 3.021415795382230041, 9.147789062356384449 ) ) ;
#4730 = ORIENTED_EDGE ( 'NONE', *, *, #4358, .T. ) ;
#4731 = CARTESIAN_POINT ( 'NONE',  ( 10.71553794258826642, 3.527286491991111994, 8.670499222623380575 ) ) ;
#4732 = ORIENTED_EDGE ( 'NONE', *, *, #4125, .F. ) ;
#4733 = DIRECTION ( 'NONE',  ( -0.7071067811865441310, 0.000000000000000000, -0.7071067811865510144 ) ) ;
#4734 = CARTESIAN_POINT ( 'NONE',  ( 8.000000000000049738, 3.500000000000000000, 18.47171335700006978 ) ) ;
#4735 = CARTESIAN_POINT ( 'NONE',  ( -18.80000000000001847, 3.050510257216831445, 9.000000000000000000 ) ) ;
#4736 = ORIENTED_EDGE ( 'NONE', *, *, #1526, .F. ) ;
#4737 = DIRECTION ( 'NONE',  ( -0.4999999999999982792, -0.7071067811865493491, 0.4999999999999992228 ) ) ;
#4738 = CARTESIAN_POINT ( 'NONE',  ( -0.8092585500767642825, 3.500000000000000000, 15.80925855007683012 ) ) ;
#4739 = CARTESIAN_POINT ( 'NONE',  ( -11.18522058178329104, 3.538619304412481181, 8.608480957292449887 ) ) ;
#4740 = DIRECTION ( 'NONE',  ( 0.000000000000000000, 0.000000000000000000, 1.000000000000000000 ) ) ;
#4741 = CARTESIAN_POINT ( 'NONE',  ( 8.000000000000049738, 3.500000000000000000, 12.00000000000000000 ) ) ;
#4742 = CARTESIAN_POINT ( 'NONE',  ( 10.24990862807234926, 3.006571803796059594, 9.272655222750817217 ) ) ;
#4743 = FACE_OUTER_BOUND ( 'NONE', #5095, .T. ) ;
#4744 = ORIENTED_EDGE ( 'NONE', *, *, #1105, .T. ) ;
#4745 = CARTESIAN_POINT ( 'NONE',  ( -4.217811757231814340, 3.007869730169586031, 9.258045898215168990 ) ) ;
#4746 = EDGE_CURVE ( 'NONE', #3119, #1108, #1922, .T. ) ;
#4747 = EDGE_LOOP ( 'NONE', ( #4240, #149, #2020, #2746 ) ) ;
#4748 = CARTESIAN_POINT ( 'NONE',  ( 3.314470822538142070, 3.538267016781466712, 8.610612773514727536 ) ) ;
#4749 = EDGE_CURVE ( 'NONE', #941, #3687, #2739, .T. ) ;
#4750 = EDGE_CURVE ( 'NONE', #2552, #3509, #673, .T. ) ;
#4751 = ORIENTED_EDGE ( 'NONE', *, *, #3392, .T. ) ;
#4752 = CARTESIAN_POINT ( 'NONE',  ( 6.974873734152977178, 0.000000000000000000, 20.94658709115298123 ) ) ;
#4753 = ORIENTED_EDGE ( 'NONE', *, *, #518, .F. ) ;
#4754 = DIRECTION ( 'NONE',  ( -4.731064025391292434E-16, -1.000000000000000000, 0.000000000000000000 ) ) ;
#4755 = FACE_OUTER_BOUND ( 'NONE', #3434, .T. ) ;
#4756 = CARTESIAN_POINT ( 'NONE',  ( 2.100000000000000089, 7.000000000000000000, 9.000000000000000000 ) ) ;
#4757 = ADVANCED_FACE ( 'NONE', ( #4843 ), #4030, .F. ) ;
#4758 = EDGE_LOOP ( 'NONE', ( #3955, #1961, #1176, #4898 ) ) ;
#4759 = VECTOR ( 'NONE', #5234, 1000.000000000000114 ) ;
#4760 = DIRECTION ( 'NONE',  ( 0.000000000000000000, 1.000000000000000000, 0.000000000000000000 ) ) ;
#4761 = DIRECTION ( 'NONE',  ( 0.7071067811865469066, 0.000000000000000000, -0.7071067811865482389 ) ) ;
#4762 = CARTESIAN_POINT ( 'NONE',  ( -6.429289321881398678, 0.000000000000000000, 23.04780642203497365 ) ) ;
#4763 = PLANE ( 'NONE',  #2261 ) ;
#4764 = VECTOR ( 'NONE', #2592, 999.9999999999998863 ) ;
#4765 = LINE ( 'NONE', #1447, #2551 ) ;
#4766 = CARTESIAN_POINT ( 'NONE',  ( 10.16070209921499767, 3.003471079342346250, 9.315536933530145447 ) ) ;
#4767 = FACE_OUTER_BOUND ( 'NONE', #67, .T. ) ;
#4768 = VECTOR ( 'NONE', #1840, 1000.000000000000000 ) ;
#4769 = AXIS2_PLACEMENT_3D ( 'NONE', #3351, #2482, #853 ) ;
#4770 = DIRECTION ( 'NONE',  ( 0.000000000000000000, 0.000000000000000000, 1.000000000000000000 ) ) ;
#4771 = ORIENTED_EDGE ( 'NONE', *, *, #5146, .F. ) ;
#4772 = CARTESIAN_POINT ( 'NONE',  ( -6.782842712474676183, 3.500000000000000000, 22.69425303144169348 ) ) ;
#4773 = AXIS2_PLACEMENT_3D ( 'NONE', #1440, #3103, #4020 ) ;
#4774 = VECTOR ( 'NONE', #5085, 1000.000000000000000 ) ;
#4775 = CARTESIAN_POINT ( 'NONE',  ( 17.30000000000001137, 22.00000000000000000, 1.499999999999999556 ) ) ;
#4776 = AXIS2_PLACEMENT_3D ( 'NONE', #2885, #738, #1986 ) ;
#4777 = ORIENTED_EDGE ( 'NONE', *, *, #4024, .F. ) ;
#4778 = AXIS2_PLACEMENT_3D ( 'NONE', #1753, #3416, #5063 ) ;
#4779 = DIRECTION ( 'NONE',  ( 0.7071067811865474617, -0.7071067811865474617, 0.000000000000000000 ) ) ;
#4780 = ORIENTED_EDGE ( 'NONE', *, *, #3526, .T. ) ;
#4781 = CARTESIAN_POINT ( 'NONE',  ( 2.600000000000012079, 7.000000000000000000, 0.000000000000000000 ) ) ;
#4782 = ORIENTED_EDGE ( 'NONE', *, *, #4588, .F. ) ;
#4783 = CARTESIAN_POINT ( 'NONE',  ( -12.79999999999999538, 21.00000000000001066, 5.500000000000000000 ) ) ;
#4784 = AXIS2_PLACEMENT_3D ( 'NONE', #193, #679, #3581 ) ;
#4785 = EDGE_CURVE ( 'NONE', #1601, #2343, #700, .T. ) ;
#4786 = DIRECTION ( 'NONE',  ( -1.000000000000000000, 4.731064025391292434E-16, 0.000000000000000000 ) ) ;
#4787 = CARTESIAN_POINT ( 'NONE',  ( 6.958578643762748150, 2.999999999999992895, 26.26998896272976936 ) ) ;
#4788 = ORIENTED_EDGE ( 'NONE', *, *, #4623, .T. ) ;
#4789 = VECTOR ( 'NONE', #2139, 1000.000000000000114 ) ;
#4790 = EDGE_CURVE ( 'NONE', #2846, #3628, #4000, .T. ) ;
#4791 = EDGE_CURVE ( 'NONE', #2168, #600, #2808, .T. ) ;
#4792 = VECTOR ( 'NONE', #4130, 1000.000000000000000 ) ;
#4793 = CARTESIAN_POINT ( 'NONE',  ( 4.517788998710225989, 3.000004003685253551, 9.412077676697444772 ) ) ;
#4794 = CARTESIAN_POINT ( 'NONE',  ( -12.79999999999999538, 22.00000000000000000, 6.500000000000012434 ) ) ;
#4795 = EDGE_LOOP ( 'NONE', ( #4874, #3796, #5301, #2132 ) ) ;
#4796 = CARTESIAN_POINT ( 'NONE',  ( -12.79999999999999538, 22.00000000000000000, 0.5000000000000004441 ) ) ;
#4797 = DIRECTION ( 'NONE',  ( -0.7071067811865474617, 0.7071067811865474617, 0.000000000000000000 ) ) ;
#4798 = AXIS2_PLACEMENT_3D ( 'NONE', #924, #511, #1723 ) ;
#4799 = CARTESIAN_POINT ( 'NONE',  ( -10.90583134575830471, 2.999999999999992895, 22.26998896272976580 ) ) ;
#4800 = CARTESIAN_POINT ( 'NONE',  ( 2.600000000000012079, 7.000000000000000000, 0.000000000000000000 ) ) ;
#4801 = VECTOR ( 'NONE', #2147, 1000.000000000000000 ) ;
#4802 = DIRECTION ( 'NONE',  ( 0.000000000000000000, -1.000000000000000000, 0.000000000000000000 ) ) ;
#4803 = VERTEX_POINT ( 'NONE', #4876 ) ;
#4804 = CYLINDRICAL_SURFACE ( 'NONE', #264, 5.947252701995559221 ) ;
#4805 = DIRECTION ( 'NONE',  ( 1.000000000000000000, 0.000000000000000000, 0.000000000000000000 ) ) ;
#4806 = ORIENTED_EDGE ( 'NONE', *, *, #4825, .T. ) ;
#4807 = DIRECTION ( 'NONE',  ( -1.000000000000000000, 0.000000000000000000, 0.000000000000000000 ) ) ;
#4808 = ORIENTED_EDGE ( 'NONE', *, *, #674, .F. ) ;
#4809 = CARTESIAN_POINT ( 'NONE',  ( -2.078460969082652987, 10.59999999999999964, 2.999999999999999112 ) ) ;
#4810 = ORIENTED_EDGE ( 'NONE', *, *, #4820, .F. ) ;
#4811 = PLANE ( 'NONE',  #8 ) ;
#4812 = CARTESIAN_POINT ( 'NONE',  ( -18.80000000000001137, 20.00000000000001776, 0.000000000000000000 ) ) ;
#4813 = LINE ( 'NONE', #5166, #2877 ) ;
#4814 = ORIENTED_EDGE ( 'NONE', *, *, #3947, .F. ) ;
#4815 = DIRECTION ( 'NONE',  ( 0.7071067811865487940, 0.7071067811865463515, 0.000000000000000000 ) ) ;
#4816 = DIRECTION ( 'NONE',  ( 4.731064025391292434E-16, 1.000000000000000000, 1.051347561198064958E-16 ) ) ;
#4817 = EDGE_LOOP ( 'NONE', ( #3607, #327, #1985 ) ) ;
#4818 = CARTESIAN_POINT ( 'NONE',  ( -8.305025253169475263, 3.500000000000000000, 24.92354235332303958 ) ) ;
#4819 = EDGE_CURVE ( 'NONE', #3418, #388, #1156, .T. ) ;
#4820 = EDGE_CURVE ( 'NONE', #2143, #3150, #2926, .T. ) ;
#4821 = DIRECTION ( 'NONE',  ( 0.4999999999999998890, 0.8660254037844385966, 9.104936962043391579E-17 ) ) ;
#4822 = DIRECTION ( 'NONE',  ( 1.000000000000000000, 0.000000000000000000, 4.973992624967034591E-32 ) ) ;
#4823 = CARTESIAN_POINT ( 'NONE',  ( 11.50000000000006217, 0.5000000000000073275, 9.000000000000000000 ) ) ;
#4824 = CARTESIAN_POINT ( 'NONE',  ( 6.782842712474677072, 0.5000000000000073275, 21.84572489401783457 ) ) ;
#4825 = EDGE_CURVE ( 'NONE', #5057, #4515, #1939, .T. ) ;
#4826 = CARTESIAN_POINT ( 'NONE',  ( -5.458578643762755256, 3.500000000000000000, 25.76998896272976225 ) ) ;
#4827 = DIRECTION ( 'NONE',  ( 0.7071067811865469066, 0.7071067811865481278, 0.000000000000000000 ) ) ;
#4828 = EDGE_LOOP ( 'NONE', ( #871, #4868, #368, #4141 ) ) ;
#4829 = CARTESIAN_POINT ( 'NONE',  ( 3.336929263881422525, 3.046245655027566723, 9.018209214546445196 ) ) ;
#4830 = VERTEX_POINT ( 'NONE', #1206 ) ;
#4831 = LINE ( 'NONE', #4781, #2891 ) ;
#4832 = ORIENTED_EDGE ( 'NONE', *, *, #426, .T. ) ;
#4833 = CARTESIAN_POINT ( 'NONE',  ( -8.866666666666615626, 19.73333333333338047, 4.433333333333316695 ) ) ;
#4834 = CARTESIAN_POINT ( 'NONE',  ( -13.20925855007681271, 0.000000000000000000, 3.409258550076800010 ) ) ;
#4835 = DIRECTION ( 'NONE',  ( -0.000000000000000000, -0.000000000000000000, -1.000000000000000000 ) ) ;
#4836 = ORIENTED_EDGE ( 'NONE', *, *, #2052, .F. ) ;
#4837 = APPROVAL_ROLE ( '' ) ;
#4838 = CARTESIAN_POINT ( 'NONE',  ( 3.265282315674591818, 3.048412115107547837, 9.008463761144161808 ) ) ;
#4839 = CARTESIAN_POINT ( 'NONE',  ( -10.37813209092459665, 3.012037977543902123, 9.216846909406893218 ) ) ;
#4840 = ORIENTED_EDGE ( 'NONE', *, *, #489, .F. ) ;
#4841 = DIRECTION ( 'NONE',  ( 1.000000000000000000, 0.000000000000000000, 1.340235097171338465E-16 ) ) ;
#4842 = DIRECTION ( 'NONE',  ( 1.156482317317870344E-15, 0.000000000000000000, 1.000000000000000000 ) ) ;
#4843 = FACE_OUTER_BOUND ( 'NONE', #36, .T. ) ;
#4844 = EDGE_LOOP ( 'NONE', ( #714, #5245, #202 ) ) ;
#4845 = LINE ( 'NONE', #5339, #2722 ) ;
#4846 = EDGE_CURVE ( 'NONE', #1758, #4088, #2563, .T. ) ;
#4847 = LINE ( 'NONE', #2472, #282 ) ;
#4848 = ORIENTED_EDGE ( 'NONE', *, *, #4990, .T. ) ;
#4849 = B_SPLINE_CURVE_WITH_KNOTS ( 'NONE', 3,
 ( #2190, #1181, #94, #4116 ),
 .UNSPECIFIED., .F., .F.,
 ( 4, 4 ),
 ( 0.000000000000000000, 1.000000000000000000 ),
 .UNSPECIFIED. ) ;
#4850 = DIRECTION ( 'NONE',  ( -0.5000000000000006661, -0.7071067811865457964, 0.5000000000000017764 ) ) ;
#4851 = VECTOR ( 'NONE', #2493, 1000.000000000000000 ) ;
#4852 = CIRCLE ( 'NONE', #2092, 1.500000000000000000 ) ;
#4853 = EDGE_CURVE ( 'NONE', #319, #2744, #2406, .T. ) ;
#4854 = ADVANCED_FACE ( 'NONE', ( #4961 ), #2126, .F. ) ;
#4855 = LINE ( 'NONE', #4422, #1469 ) ;
#4856 = EDGE_LOOP ( 'NONE', ( #2080, #4651, #1592, #2237 ) ) ;
#4857 = DIRECTION ( 'NONE',  ( -1.000000000000000000, 0.000000000000000000, -0.000000000000000000 ) ) ;
#4858 = ORIENTED_EDGE ( 'NONE', *, *, #1704, .F. ) ;
#4859 = DIRECTION ( 'NONE',  ( 1.000000000000000000, 0.000000000000000000, 0.000000000000000000 ) ) ;
#4860 = AXIS2_PLACEMENT_3D ( 'NONE', #3749, #3467, #2655 ) ;
#4861 = ORIENTED_EDGE ( 'NONE', *, *, #2279, .F. ) ;
#4862 = CONICAL_SURFACE ( 'NONE', #1386, 2.100000000000000089, 0.7853981633974482790 ) ;
#4863 = CARTESIAN_POINT ( 'NONE',  ( 18.30000000000001137, 22.00000000000000000, 9.000000000000000000 ) ) ;
#4864 = VECTOR ( 'NONE', #1691, 1000.000000000000000 ) ;
#4865 = VECTOR ( 'NONE', #4815, 1000.000000000000000 ) ;
#4866 = DIRECTION ( 'NONE',  ( -0.7071067811865469066, 0.000000000000000000, -0.7071067811865482389 ) ) ;
#4867 = DIRECTION ( 'NONE',  ( 0.000000000000000000, 0.000000000000000000, 1.000000000000000000 ) ) ;
#4868 = ORIENTED_EDGE ( 'NONE', *, *, #2149, .T. ) ;
#4869 = VECTOR ( 'NONE', #4215, 1000.000000000000000 ) ;
#4870 = APPROVAL_ROLE ( '' ) ;
#4871 = AXIS2_PLACEMENT_3D ( 'NONE', #1873, #2307, #1816 ) ;
#4872 = DIRECTION ( 'NONE',  ( 0.000000000000000000, 0.000000000000000000, -1.000000000000000000 ) ) ;
#4873 = CARTESIAN_POINT ( 'NONE',  ( -10.76178602010230634, 3.031037863655297038, 9.091462256109641871 ) ) ;
#4874 = ORIENTED_EDGE ( 'NONE', *, *, #1334, .T. ) ;
#4875 = LINE ( 'NONE', #754, #2779 ) ;
#4876 = CARTESIAN_POINT ( 'NONE',  ( -18.80000000000000426, 5.500000000000016875, 6.500000000000011546 ) ) ;
#4877 = VECTOR ( 'NONE', #5059, 1000.000000000000114 ) ;
#4878 = ORIENTED_EDGE ( 'NONE', *, *, #47, .T. ) ;
#4879 = B_SPLINE_CURVE_WITH_KNOTS ( 'NONE', 3,
 ( #3016, #2964, #1331, #3799, #523, #114, #5098, #4183 ),
 .UNSPECIFIED., .F., .F.,
 ( 4, 2, 2, 4 ),
 ( 0.000000000000000000, 0.2500000000000006661, 0.5000000000000013323, 1.000000000000000000 ),
 .UNSPECIFIED. ) ;
#4880 = FACE_OUTER_BOUND ( 'NONE', #2663, .T. ) ;
#4881 = AXIS2_PLACEMENT_3D ( 'NONE', #60, #4697, #952 ) ;
#4882 = DIRECTION ( 'NONE',  ( 0.000000000000000000, 0.000000000000000000, -1.000000000000000000 ) ) ;
#4883 = ORIENTED_EDGE ( 'NONE', *, *, #4157, .T. ) ;
#4884 = PLANE ( 'NONE',  #2697 ) ;
#4885 = CONICAL_SURFACE ( 'NONE', #4107, 3.500000000000006661, 0.7853981633974473908 ) ;
#4886 = ORIENTED_EDGE ( 'NONE', *, *, #4919, .F. ) ;
#4887 = LINE ( 'NONE', #4038, #894 ) ;
#4888 = EDGE_LOOP ( 'NONE', ( #2963, #1277, #5025 ) ) ;
#4889 = AXIS2_PLACEMENT_3D ( 'NONE', #1559, #1158, #2821 ) ;
#4890 = FACE_OUTER_BOUND ( 'NONE', #4037, .T. ) ;
#4891 = VERTEX_POINT ( 'NONE', #3306 ) ;
#4892 = EDGE_CURVE ( 'NONE', #1861, #2802, #2902, .T. ) ;
#4893 = LINE ( 'NONE', #4863, #3900 ) ;
#4894 = ADVANCED_FACE ( 'NONE', ( #490 ), #3584, .T. ) ;
#4895 = CARTESIAN_POINT ( 'NONE',  ( 10.71534801241058865, 3.028766876467209546, 9.104426802255325413 ) ) ;
#4896 = CARTESIAN_POINT ( 'NONE',  ( -9.697224362268054065, 3.500000000000000000, 9.000000000000000000 ) ) ;
#4897 = DIRECTION ( 'NONE',  ( 0.7071067811865605623, 0.000000000000000000, 0.7071067811865344721 ) ) ;
#4898 = ORIENTED_EDGE ( 'NONE', *, *, #4303, .F. ) ;
#4899 = ORIENTED_EDGE ( 'NONE', *, *, #2643, .T. ) ;
#4900 = CARTESIAN_POINT ( 'NONE',  ( 3.835793524298223289, 3.026262913660397125, 9.118764132868770744 ) ) ;
#4901 = CARTESIAN_POINT ( 'NONE',  ( -18.30000000000001137, 22.00000000000000000, 6.500000000000012434 ) ) ;
#4902 = ORIENTED_EDGE ( 'NONE', *, *, #4725, .F. ) ;
#4903 = CARTESIAN_POINT ( 'NONE',  ( -5.208578643762753480, 0.2500000000000017764, 25.76998896272976580 ) ) ;
#4904 = CARTESIAN_POINT ( 'NONE',  ( -10.47208705971350717, 3.016660427697742008, 9.181568657513233589 ) ) ;
#4905 = ORIENTED_EDGE ( 'NONE', *, *, #3918, .T. ) ;
#4906 = DIRECTION ( 'NONE',  ( 0.000000000000000000, -1.000000000000000000, 0.000000000000000000 ) ) ;
#4907 = FACE_OUTER_BOUND ( 'NONE', #4656, .T. ) ;
#4908 = CARTESIAN_POINT ( 'NONE',  ( 5.458578643762751703, 3.500000000000000000, 12.00000000000000000 ) ) ;
#4909 = LINE ( 'NONE', #1622, #5108 ) ;
#4910 = CARTESIAN_POINT ( 'NONE',  ( -4.958578643762748150, 2.999999999999992895, 26.26998896272976936 ) ) ;
#4911 = ORIENTED_EDGE ( 'NONE', *, *, #5247, .F. ) ;
#4912 = FACE_OUTER_BOUND ( 'NONE', #2453, .T. ) ;
#4913 = ORIENTED_EDGE ( 'NONE', *, *, #1638, .F. ) ;
#4914 = FACE_OUTER_BOUND ( 'NONE', #1339, .T. ) ;
#4915 = EDGE_LOOP ( 'NONE', ( #5251, #1771, #454, #4570 ) ) ;
#4916 = DIRECTION ( 'NONE',  ( 0.000000000000000000, 0.000000000000000000, -1.000000000000000000 ) ) ;
#4917 = CARTESIAN_POINT ( 'NONE',  ( 10.43245084611057116, 3.014711318980280996, 9.196168889985463224 ) ) ;
#4918 = EDGE_CURVE ( 'NONE', #2744, #2585, #3787, .T. ) ;
#4919 = EDGE_CURVE ( 'NONE', #3150, #5338, #728, .T. ) ;
#4920 = EDGE_CURVE ( 'NONE', #2562, #70, #4282, .T. ) ;
#4921 = CARTESIAN_POINT ( 'NONE',  ( -18.80000000000001137, 22.00000000000001776, 5.500000000000000000 ) ) ;
#4922 = CARTESIAN_POINT ( 'NONE',  ( -18.30000000000001847, 3.540408205773473593, 8.599999999999994316 ) ) ;
#4923 = EDGE_LOOP ( 'NONE', ( #4149, #1077, #32, #4730 ) ) ;
#4924 = ORIENTED_EDGE ( 'NONE', *, *, #1630, .T. ) ;
#4925 = EDGE_CURVE ( 'NONE', #749, #3432, #4196, .T. ) ;
#4926 = ADVANCED_FACE ( 'NONE', ( #1757 ), #1392, .T. ) ;
#4927 = CARTESIAN_POINT ( 'NONE',  ( 6.958578643762748150, 3.500000000000000000, 26.26998896272976936 ) ) ;
#4928 = CARTESIAN_POINT ( 'NONE',  ( -10.48707447072325394, 3.519753414690045101, 8.719083434662634247 ) ) ;
#4929 = VERTEX_POINT ( 'NONE', #4637 ) ;
#4930 = PLANE ( 'NONE',  #3975 ) ;
#4931 = CARTESIAN_POINT ( 'NONE',  ( -10.81887177032799663, 3.033616271326351477, 9.078296559245206510 ) ) ;
#4932 = ORIENTED_EDGE ( 'NONE', *, *, #855, .F. ) ;
#4933 = LINE ( 'NONE', #2469, #2717 ) ;
#4934 = DIRECTION ( 'NONE',  ( 0.000000000000000000, -0.5000000000000006661, 0.8660254037844382635 ) ) ;
#4935 = CARTESIAN_POINT ( 'NONE',  ( -18.80000000000001847, 3.540408205773473593, 8.599999999999996092 ) ) ;
#4936 = FACE_OUTER_BOUND ( 'NONE', #2775, .T. ) ;
#4937 = VECTOR ( 'NONE', #495, 1000.000000000000114 ) ;
#4938 = EDGE_LOOP ( 'NONE', ( #5005, #3339, #3179, #2826 ) ) ;
#4939 = CARTESIAN_POINT ( 'NONE',  ( -5.458578643762755256, 3.500000000000000000, 26.26998896272976936 ) ) ;
#4940 = ORIENTED_EDGE ( 'NONE', *, *, #581, .F. ) ;
#4941 = CARTESIAN_POINT ( 'NONE',  ( 4.958578643762748150, 2.999999999999992895, 25.76998896272976225 ) ) ;
#4942 = EDGE_LOOP ( 'NONE', ( #113, #2365, #753, #1749 ) ) ;
#4943 = CARTESIAN_POINT ( 'NONE',  ( -3.000000000000060396, 3.050510257216823451, 9.000000000000001776 ) ) ;
#4944 = AXIS2_PLACEMENT_3D ( 'NONE', #3771, #4989, #1647 ) ;
#4945 = AXIS2_PLACEMENT_3D ( 'NONE', #1000, #2657, #2249 ) ;
#4946 = VECTOR ( 'NONE', #2129, 1000.000000000000114 ) ;
#4947 = DIRECTION ( 'NONE',  ( 0.000000000000000000, 1.000000000000000000, 0.000000000000000000 ) ) ;
#4948 = AXIS2_PLACEMENT_3D ( 'NONE', #735, #2357, #1565 ) ;
#4949 = CARTESIAN_POINT ( 'NONE',  ( 6.605025253169468868, 0.000000000000000000, 25.91643557213648918 ) ) ;
#4950 = ORIENTED_EDGE ( 'NONE', *, *, #3297, .T. ) ;
#4951 = DIRECTION ( 'NONE',  ( 0.000000000000000000, -1.000000000000000000, 0.000000000000000000 ) ) ;
#4952 = ORIENTED_EDGE ( 'NONE', *, *, #3195, .F. ) ;
#4953 = ADVANCED_FACE ( 'NONE', ( #2167 ), #2653, .F. ) ;
#4954 = AXIS2_PLACEMENT_3D ( 'NONE', #3246, #45, #4520 ) ;
#4955 = VECTOR ( 'NONE', #3487, 1000.000000000000000 ) ;
#4956 = DIRECTION ( 'NONE',  ( 0.8654978445076765281, 0.4996954135095477700, -0.03489949670250101083 ) ) ;
#4957 = FACE_OUTER_BOUND ( 'NONE', #4261, .T. ) ;
#4958 = VERTEX_POINT ( 'NONE', #101 ) ;
#4959 = AXIS2_PLACEMENT_3D ( 'NONE', #1139, #357, #2450 ) ;
#4960 = EDGE_CURVE ( 'NONE', #2436, #3979, #2550, .T. ) ;
#4961 = FACE_OUTER_BOUND ( 'NONE', #4988, .T. ) ;
#4962 = ADVANCED_FACE ( 'NONE', ( #3867 ), #4977, .T. ) ;
#4963 = EDGE_LOOP ( 'NONE', ( #3953, #825, #5199, #2516, #1204 ) ) ;
#4964 = VECTOR ( 'NONE', #626, 1000.000000000000000 ) ;
#4965 = DIRECTION ( 'NONE',  ( 0.7071067811865510144, 0.000000000000000000, 0.7071067811865441310 ) ) ;
#4966 = DIRECTION ( 'NONE',  ( -0.000000000000000000, 1.000000000000000000, -0.000000000000000000 ) ) ;
#4967 = DIRECTION ( 'NONE',  ( 1.000000000000000000, 0.000000000000000000, 4.973992624967034591E-32 ) ) ;
#4968 = VECTOR ( 'NONE', #188, 1000.000000000000227 ) ;
#4969 = CIRCLE ( 'NONE', #4364, 1.500000000000000000 ) ;
#4970 = FACE_OUTER_BOUND ( 'NONE', #510, .T. ) ;
#4971 = ORIENTED_EDGE ( 'NONE', *, *, #342, .T. ) ;
#4972 = CYLINDRICAL_SURFACE ( 'NONE', #4776, 0.5999999999999998668 ) ;
#4973 = VERTEX_POINT ( 'NONE', #2596 ) ;
#4974 = DIRECTION ( 'NONE',  ( -1.734723475976799403E-15, 0.000000000000000000, 1.000000000000000000 ) ) ;
#4975 = ORIENTED_EDGE ( 'NONE', *, *, #4054, .T. ) ;
#4976 = LINE ( 'NONE', #4132, #1829 ) ;
#4977 = CONICAL_SURFACE ( 'NONE', #4798, 0.5000000000000073275, 0.7853981633974482790 ) ;
#4978 = CARTESIAN_POINT ( 'NONE',  ( -7.328427124746252019, 3.500000000000000000, 21.30014048174625785 ) ) ;
#4979 = LINE ( 'NONE', #1580, #4864 ) ;
#4980 = ORIENTED_EDGE ( 'NONE', *, *, #884, .T. ) ;
#4981 = DIRECTION ( 'NONE',  ( 4.731064025391292434E-16, 1.000000000000000000, 0.000000000000000000 ) ) ;
#4982 = EDGE_LOOP ( 'NONE', ( #253, #3926, #3716, #3217 ) ) ;
#4983 = DIRECTION ( 'NONE',  ( -1.000000000000000000, 0.000000000000000000, 0.000000000000000000 ) ) ;
#4984 = CARTESIAN_POINT ( 'NONE',  ( -10.71553794258827708, 3.527286491991121320, 8.670499222623382352 ) ) ;
#4985 = PRODUCT_DEFINITION ( 'UNKNOWN', '', #1947, #4071 ) ;
#4986 = ORIENTED_EDGE ( 'NONE', *, *, #3308, .T. ) ;
#4987 = CARTESIAN_POINT ( 'NONE',  ( -10.92967497763497420, 3.038374152610205048, 9.054488297078471248 ) ) ;
#4988 = EDGE_LOOP ( 'NONE', ( #2251, #2976, #3039, #1822 ) ) ;
#4989 = DIRECTION ( 'NONE',  ( 0.000000000000000000, 1.000000000000000000, 0.000000000000000000 ) ) ;
#4990 = EDGE_CURVE ( 'NONE', #1806, #1574, #3419, .T. ) ;
#4991 = ADVANCED_FACE ( 'NONE', ( #2223 ), #38, .F. ) ;
#4992 = CYLINDRICAL_SURFACE ( 'NONE', #4529, 1.000000000000000888 ) ;
#4993 = FACE_OUTER_BOUND ( 'NONE', #423, .T. ) ;
#4994 = DIRECTION ( 'NONE',  ( 1.000000000000000000, 0.000000000000000000, 0.000000000000000000 ) ) ;
#4995 = EDGE_CURVE ( 'NONE', #896, #4929, #4605, .T. ) ;
#4996 = EDGE_LOOP ( 'NONE', ( #4416, #4649, #734, #4644 ) ) ;
#4997 = FACE_OUTER_BOUND ( 'NONE', #2029, .T. ) ;
#4998 = ORIENTED_EDGE ( 'NONE', *, *, #3411, .F. ) ;
#4999 = CARTESIAN_POINT ( 'NONE',  ( 4.239453863022293767, 3.512171609807614114, 8.769438701030466632 ) ) ;
#5000 = CARTESIAN_POINT ( 'NONE',  ( 0.000000000000000000, 7.000000000000000000, 2.499999999999994227 ) ) ;
#5001 = DIRECTION ( 'NONE',  ( 0.000000000000000000, -0.000000000000000000, 1.000000000000000000 ) ) ;
#5002 = DIRECTION ( 'NONE',  ( 0.04029028970144055144, -8.013159993211258077E-18, -0.9991880166193817248 ) ) ;
#5003 = ORIENTED_EDGE ( 'NONE', *, *, #180, .F. ) ;
#5004 = DIRECTION ( 'NONE',  ( 0.7071067811865474617, 0.000000000000000000, -0.7071067811865474617 ) ) ;
#5005 = ORIENTED_EDGE ( 'NONE', *, *, #270, .T. ) ;
#5006 = ADVANCED_BREP_SHAPE_REPRESENTATION ( '0PB_Cable_rails_horizontal_holder_v1.1', ( #1741, #1595 ), #2374 ) ;
#5007 = DIRECTION ( 'NONE',  ( -1.000000000000000000, -0.000000000000000000, -0.000000000000000000 ) ) ;
#5008 = CARTESIAN_POINT ( 'NONE',  ( 6.220320661078682534, 3.500000000000000000, 19.49176081818314898 ) ) ;
#5009 = ORIENTED_EDGE ( 'NONE', *, *, #77, .T. ) ;
#5010 = CARTESIAN_POINT ( 'NONE',  ( -10.02506094452702357, 3.000340428379570046, 9.387224513406307480 ) ) ;
#5011 = ORIENTED_EDGE ( 'NONE', *, *, #1367, .F. ) ;
#5012 = PLANE ( 'NONE',  #1125 ) ;
#5013 = CARTESIAN_POINT ( 'NONE',  ( -8.500000000000062172, 2.999999999999992895, 18.47171335700006978 ) ) ;
#5014 = ADVANCED_FACE ( 'NONE', ( #943 ), #4885, .F. ) ;
#5015 = CARTESIAN_POINT ( 'NONE',  ( -6.000000000000062172, 2.999999999999992895, 18.47171335700006978 ) ) ;
#5016 = ORIENTED_EDGE ( 'NONE', *, *, #3733, .F. ) ;
#5017 = PLANE ( 'NONE',  #272 ) ;
#5018 = ORIENTED_EDGE ( 'NONE', *, *, #3411, .T. ) ;
#5019 = CARTESIAN_POINT ( 'NONE',  ( 18.29999999999999716, 5.500000000000000000, 6.999999999999997335 ) ) ;
#5020 = ORIENTED_EDGE ( 'NONE', *, *, #458, .T. ) ;
#5021 = DIRECTION ( 'NONE',  ( 0.000000000000000000, 0.000000000000000000, -1.000000000000000000 ) ) ;
#5022 = EDGE_CURVE ( 'NONE', #3261, #3159, #3028, .T. ) ;
#5023 = EDGE_CURVE ( 'NONE', #4929, #1030, #2629, .T. ) ;
#5024 = DIRECTION ( 'NONE',  ( 0.000000000000000000, 6.308085367188390241E-16, -1.000000000000000000 ) ) ;
#5025 = ORIENTED_EDGE ( 'NONE', *, *, #682, .T. ) ;
#5026 = DIRECTION ( 'NONE',  ( 0.000000000000000000, 1.000000000000000000, 0.000000000000000000 ) ) ;
#5027 = ORIENTED_EDGE ( 'NONE', *, *, #4123, .T. ) ;
#5028 = VECTOR ( 'NONE', #2581, 1000.000000000000000 ) ;
#5029 = CARTESIAN_POINT ( 'NONE',  ( -6.000000000000062172, 3.500000000000000000, 18.47171335700006978 ) ) ;
#5030 = VECTOR ( 'NONE', #1058, 1000.000000000000000 ) ;
#5031 = VECTOR ( 'NONE', #234, 1000.000000000000000 ) ;
#5032 = DIRECTION ( 'NONE',  ( 1.000000000000000000, -4.731064025391292434E-16, -0.000000000000000000 ) ) ;
#5033 = CARTESIAN_POINT ( 'NONE',  ( -4.121867909075525915, 3.012037977543898570, 9.216846909406893218 ) ) ;
#5034 = VERTEX_POINT ( 'NONE', #4712 ) ;
#5035 = AXIS2_PLACEMENT_3D ( 'NONE', #4922, #830, #4897 ) ;
#5036 = CARTESIAN_POINT ( 'NONE',  ( -12.79999999999999361, 15.83445554337724381, 5.440321248268240595 ) ) ;
#5037 = EDGE_LOOP ( 'NONE', ( #3730, #2687, #1299, #3354 ) ) ;
#5038 = CARTESIAN_POINT ( 'NONE',  ( 12.79999999999999183, 20.00000000000000000, 5.500000000000000000 ) ) ;
#5039 = CIRCLE ( 'NONE', #3653, 3.500000000000006661 ) ;
#5040 = AXIS2_PLACEMENT_3D ( 'NONE', #96, #5032, #3357 ) ;
#5041 = DIRECTION ( 'NONE',  ( 0.000000000000000000, 0.000000000000000000, 1.000000000000000000 ) ) ;
#5042 = PLANE ( 'NONE',  #3473 ) ;
#5043 = AXIS2_PLACEMENT_3D ( 'NONE', #552, #3797, #4665 ) ;
#5044 = EDGE_LOOP ( 'NONE', ( #4848, #2992, #944, #3766 ) ) ;
#5045 = DIRECTION ( 'NONE',  ( 1.000000000000000000, -0.000000000000000000, 0.000000000000000000 ) ) ;
#5046 = EDGE_CURVE ( 'NONE', #1517, #4322, #1366, .T. ) ;
#5047 = ORIENTED_EDGE ( 'NONE', *, *, #2044, .T. ) ;
#5048 = CARTESIAN_POINT ( 'NONE',  ( 7.328427124746252019, 3.500000000000000000, 21.30014048174625785 ) ) ;
#5049 = EDGE_LOOP ( 'NONE', ( #1817, #3283, #400, #520 ) ) ;
#5050 = CARTESIAN_POINT ( 'NONE',  ( -3.921590668584071793, 3.021977676719269645, 9.144973363567254765 ) ) ;
#5051 = VECTOR ( 'NONE', #4391, 1000.000000000000114 ) ;
#5052 = ADVANCED_FACE ( 'NONE', ( #968 ), #3886, .F. ) ;
#5053 = FACE_OUTER_BOUND ( 'NONE', #1002, .T. ) ;
#5054 = DIRECTION ( 'NONE',  ( 1.000000000000000000, 0.000000000000000000, 0.000000000000000000 ) ) ;
#5055 = EDGE_CURVE ( 'NONE', #3383, #721, #3514, .T. ) ;
#5056 = EDGE_CURVE ( 'NONE', #122, #2540, #1512, .T. ) ;
#5057 = VERTEX_POINT ( 'NONE', #3446 ) ;
#5058 = VECTOR ( 'NONE', #5174, 1000.000000000000000 ) ;
#5059 = DIRECTION ( 'NONE',  ( -0.5000000000000005551, -0.7071067811865466846, -0.5000000000000005551 ) ) ;
#5060 = VERTEX_POINT ( 'NONE', #2740 ) ;
#5061 = CARTESIAN_POINT ( 'NONE',  ( -6.000000000000061284, 0.5000000000000073275, 12.00000000000000000 ) ) ;
#5062 = VECTOR ( 'NONE', #2038, 1000.000000000000000 ) ;
#5063 = DIRECTION ( 'NONE',  ( 0.7071067811865475727, 0.000000000000000000, -0.7071067811865475727 ) ) ;
#5064 = CARTESIAN_POINT ( 'NONE',  ( -3.672396049229490700, 3.034108114988075755, 9.075534881386182917 ) ) ;
#5065 = EDGE_CURVE ( 'NONE', #5097, #2754, #675, .T. ) ;
#5066 = ORIENTED_EDGE ( 'NONE', *, *, #5316, .F. ) ;
#5067 = DIRECTION ( 'NONE',  ( 0.000000000000000000, 0.000000000000000000, -1.000000000000000000 ) ) ;
#5068 = VERTEX_POINT ( 'NONE', #236 ) ;
#5069 = CARTESIAN_POINT ( 'NONE',  ( -18.29999999999999361, 0.000000000000000000, 8.499999999999991118 ) ) ;
#5070 = LINE ( 'NONE', #1370, #1995 ) ;
#5071 = EDGE_LOOP ( 'NONE', ( #1597, #2056, #1987, #3292 ) ) ;
#5072 = CARTESIAN_POINT ( 'NONE',  ( -18.80000000000000071, 0.000000000000000000, 25.76998896272976580 ) ) ;
#5073 = VERTEX_POINT ( 'NONE', #1482 ) ;
#5074 = CARTESIAN_POINT ( 'NONE',  ( -18.30000000000001137, 22.00000000000000000, 9.000000000000000000 ) ) ;
#5075 = VERTEX_POINT ( 'NONE', #4800 ) ;
#5076 = CARTESIAN_POINT ( 'NONE',  ( -4.716929178792450550, 3.333333333333330373, 9.142857142857145902 ) ) ;
#5077 = CARTESIAN_POINT ( 'NONE',  ( -3.000000000000060396, 3.050510257216823451, 9.000000000000001776 ) ) ;
#5078 = ORIENTED_EDGE ( 'NONE', *, *, #808, .T. ) ;
#5079 = FACE_OUTER_BOUND ( 'NONE', #748, .T. ) ;
#5080 = VERTEX_POINT ( 'NONE', #4368 ) ;
#5081 = CARTESIAN_POINT ( 'NONE',  ( -8.199999999999992184, 12.00000000000000355, 0.5000000000000004441 ) ) ;
#5082 = EDGE_CURVE ( 'NONE', #390, #5075, #4006, .T. ) ;
#5083 = EDGE_CURVE ( 'NONE', #304, #1437, #164, .T. ) ;
#5084 = EDGE_CURVE ( 'NONE', #4322, #3243, #2658, .T. ) ;
#5085 = DIRECTION ( 'NONE',  ( -4.731064025391292434E-16, 1.000000000000000000, 1.051347561198064958E-16 ) ) ;
#5086 = CARTESIAN_POINT ( 'NONE',  ( -3.078646261990471089, 3.540408870865734858, 8.600000518777289216 ) ) ;
#5087 = ORIENTED_EDGE ( 'NONE', *, *, #126, .T. ) ;
#5088 = CARTESIAN_POINT ( 'NONE',  ( -5.458578643762754368, 3.500000000000000000, 22.26998896272976580 ) ) ;
#5089 = ORIENTED_EDGE ( 'NONE', *, *, #4749, .T. ) ;
#5090 = ADVANCED_FACE ( 'NONE', ( #4767 ), #1763, .F. ) ;
#5091 = EDGE_CURVE ( 'NONE', #487, #3836, #5152, .T. ) ;
#5092 = PERSON_AND_ORGANIZATION ( #3330, #1683 ) ;
#5093 = DIRECTION ( 'NONE',  ( 0.000000000000000000, 1.000000000000000000, 0.000000000000000000 ) ) ;
#5094 = LINE ( 'NONE', #1325, #3640 ) ;
#5095 = EDGE_LOOP ( 'NONE', ( #246, #3588, #3720, #739 ) ) ;
#5096 = DIRECTION ( 'NONE',  ( -0.7071067811865475727, 0.7071067811865475727, 0.000000000000000000 ) ) ;
#5097 = VERTEX_POINT ( 'NONE', #3066 ) ;
#5098 = CARTESIAN_POINT ( 'NONE',  ( 11.18423540242656067, 3.540399879714105413, 8.600040789193966972 ) ) ;
#5099 = VERTEX_POINT ( 'NONE', #2741 ) ;
#5100 = DIRECTION ( 'NONE',  ( -0.5773502691896285066, 0.5773502691896285066, 0.5773502691896202910 ) ) ;
#5101 = VERTEX_POINT ( 'NONE', #1052 ) ;
#5102 = PLANE ( 'NONE',  #1923 ) ;
#5103 = EDGE_LOOP ( 'NONE', ( #22, #5237, #4673, #1791 ) ) ;
#5104 = CARTESIAN_POINT ( 'NONE',  ( 10.87129955508801160, 3.531686132941385114, 8.645358822772871932 ) ) ;
#5105 = VERTEX_POINT ( 'NONE', #2681 ) ;
#5106 = PLANE ( 'NONE',  #3813 ) ;
#5107 = DIRECTION ( 'NONE',  ( 0.000000000000000000, 0.000000000000000000, -1.000000000000000000 ) ) ;
#5108 = VECTOR ( 'NONE', #4122, 1000.000000000000000 ) ;
#5109 = CARTESIAN_POINT ( 'NONE',  ( -4.545236260913210202, 3.000000000000001332, 9.428571428571435931 ) ) ;
#5110 = ORIENTED_EDGE ( 'NONE', *, *, #1941, .T. ) ;
#5111 = EDGE_CURVE ( 'NONE', #5097, #2785, #3579, .T. ) ;
#5112 = CARTESIAN_POINT ( 'NONE',  ( -7.328427124746252019, 2.999999999999992895, 21.30014048174625785 ) ) ;
#5113 = VECTOR ( 'NONE', #4498, 1000.000000000000000 ) ;
#5114 = AXIS2_PLACEMENT_3D ( 'NONE', #3881, #3124, #4323 ) ;
#5115 = PERSON_AND_ORGANIZATION ( #3330, #1683 ) ;
#5116 = DIRECTION ( 'NONE',  ( -0.000000000000000000, 0.000000000000000000, 1.000000000000000000 ) ) ;
#5117 = CARTESIAN_POINT ( 'NONE',  ( 6.958578643762748150, 0.5000000000000073275, 26.26998896272976936 ) ) ;
#5118 = VECTOR ( 'NONE', #1653, 1000.000000000000114 ) ;
#5119 = CARTESIAN_POINT ( 'NONE',  ( -6.974873734152973626, 3.500000000000000000, 20.94658709115297768 ) ) ;
#5120 = CIRCLE ( 'NONE', #4076, 0.5000000000000004441 ) ;
#5121 = EDGE_CURVE ( 'NONE', #1479, #2314, #1846, .T. ) ;
#5122 = EDGE_CURVE ( 'NONE', #3294, #3475, #4334, .T. ) ;
#5123 = DIRECTION ( 'NONE',  ( 1.000000000000000000, 0.000000000000000000, 0.000000000000000000 ) ) ;
#5124 = CONICAL_SURFACE ( 'NONE', #3744, 2.999999999999999112, 0.7853981633974518317 ) ;
#5125 = VECTOR ( 'NONE', #4872, 1000.000000000000000 ) ;
#5126 = CARTESIAN_POINT ( 'NONE',  ( -4.500000000000063061, 0.000000000000000000, 18.47171335700006978 ) ) ;
#5127 = PLANE ( 'NONE',  #370 ) ;
#5128 = ORIENTED_EDGE ( 'NONE', *, *, #146, .T. ) ;
#5129 = AXIS2_PLACEMENT_3D ( 'NONE', #1625, #3318, #415 ) ;
#5130 = CARTESIAN_POINT ( 'NONE',  ( -4.177325799640190240, 3.009629708302865581, 9.240667381660799151 ) ) ;
#5131 = VECTOR ( 'NONE', #4531, 1000.000000000000114 ) ;
#5132 = ORIENTED_EDGE ( 'NONE', *, *, #4018, .T. ) ;
#5133 = CARTESIAN_POINT ( 'NONE',  ( -11.50000000000006217, 3.500000000000000000, 12.00000000000000000 ) ) ;
#5134 = EDGE_LOOP ( 'NONE', ( #4064, #5354, #4447, #4306, #5176 ) ) ;
#5135 = CARTESIAN_POINT ( 'NONE',  ( 10.92754152011194257, 3.038284920053813121, 9.054926879322287903 ) ) ;
#5136 = EDGE_LOOP ( 'NONE', ( #2936, #4103, #4782, #2389 ) ) ;
#5137 = CARTESIAN_POINT ( 'NONE',  ( -18.80000000000001137, 20.00000000000001776, 0.5000000000000004441 ) ) ;
#5138 = VECTOR ( 'NONE', #2248, 1000.000000000000000 ) ;
#5139 = VECTOR ( 'NONE', #5198, 1000.000000000000114 ) ;
#5140 = DIRECTION ( 'NONE',  ( -4.731064025391292434E-16, -1.000000000000000000, -6.308085367188390241E-16 ) ) ;
#5141 = CARTESIAN_POINT ( 'NONE',  ( 2.078460969082652987, 10.59999999999999964, 2.999999999999999112 ) ) ;
#5142 = EDGE_LOOP ( 'NONE', ( #132, #492, #1138, #4406, #3268, #1870, #1955, #1183 ) ) ;
#5143 = CARTESIAN_POINT ( 'NONE',  ( 3.000000000000060840, 0.5000000000000073275, 12.00000000000000000 ) ) ;
#5144 = CIRCLE ( 'NONE', #3499, 2.999999999999999112 ) ;
#5145 = PERSON_AND_ORGANIZATION_ROLE ( 'design_owner' ) ;
#5146 = EDGE_CURVE ( 'NONE', #1656, #2484, #643, .T. ) ;
#5147 = DIRECTION ( 'NONE',  ( -0.7071067811865474617, 0.000000000000000000, -0.7071067811865474617 ) ) ;
#5148 = DIRECTION ( 'NONE',  ( -1.000000000000000000, 4.731064025391291448E-16, 0.000000000000000000 ) ) ;
#5149 = APPLICATION_CONTEXT ( 'configuration controlled 3d designs of mechanical parts and assemblies' ) ;
#5150 = DIRECTION ( 'NONE',  ( 0.000000000000000000, -1.000000000000000000, 0.000000000000000000 ) ) ;
#5151 = DIRECTION ( 'NONE',  ( 0.000000000000000000, 1.000000000000000000, 0.000000000000000000 ) ) ;
#5152 = LINE ( 'NONE', #3089, #3148 ) ;
#5153 = EDGE_CURVE ( 'NONE', #1142, #59, #2636, .T. ) ;
#5154 = EDGE_CURVE ( 'NONE', #1437, #721, #5144, .T. ) ;
#5155 = CARTESIAN_POINT ( 'NONE',  ( 4.802775637732070280, 3.500000000000000000, 9.000000000000001776 ) ) ;
#5156 = ORIENTED_EDGE ( 'NONE', *, *, #682, .F. ) ;
#5157 = LINE ( 'NONE', #1431, #4429 ) ;
#5158 = EDGE_CURVE ( 'NONE', #3244, #685, #2006, .T. ) ;
#5159 = EDGE_LOOP ( 'NONE', ( #2287, #1289, #2750, #1279 ) ) ;
#5160 = PLANE ( 'NONE',  #3400 ) ;
#5161 = ORIENTED_EDGE ( 'NONE', *, *, #1430, .T. ) ;
#5162 = CARTESIAN_POINT ( 'NONE',  ( -7.951471862576192429, 0.000000000000000000, 24.56998896272975941 ) ) ;
#5163 = ORIENTED_EDGE ( 'NONE', *, *, #3128, .F. ) ;
#5164 = CARTESIAN_POINT ( 'NONE',  ( 12.79999999999999183, 21.00000000000000000, 6.499999999999999112 ) ) ;
#5165 = CARTESIAN_POINT ( 'NONE',  ( -6.751471862576187810, 0.000000000000000000, 25.76998896272976580 ) ) ;
#5166 = CARTESIAN_POINT ( 'NONE',  ( 18.80000000000000071, 3.050510257216808796, 8.499999999999991118 ) ) ;
#5167 = VERTEX_POINT ( 'NONE', #3251 ) ;
#5168 = CARTESIAN_POINT ( 'NONE',  ( 4.373599201052372543, 3.002481086883761474, 9.332926195031065575 ) ) ;
#5169 = CARTESIAN_POINT ( 'NONE',  ( -9.968195078477206650, 3.500000000000011546, 8.869756042667249929 ) ) ;
#5170 = PLANE ( 'NONE',  #4707 ) ;
#5171 = CARTESIAN_POINT ( 'NONE',  ( -2.460719143339003878, 3.738888414390379111, 7.627649529694815023 ) ) ;
#5172 = CARTESIAN_POINT ( 'NONE',  ( -8.500000000000063949, 2.999999999999992895, 12.00000000000000000 ) ) ;
#5173 = ORIENTED_EDGE ( 'NONE', *, *, #419, .F. ) ;
#5174 = DIRECTION ( 'NONE',  ( -0.7071067811865441310, 0.000000000000000000, 0.7071067811865510144 ) ) ;
#5175 = CARTESIAN_POINT ( 'NONE',  ( -4.500000000000063061, 3.500000000000000000, 18.47171335700006978 ) ) ;
#5176 = ORIENTED_EDGE ( 'NONE', *, *, #3567, .F. ) ;
#5177 = EDGE_CURVE ( 'NONE', #1667, #5239, #2875, .T. ) ;
#5178 = LINE ( 'NONE', #168, #1131 ) ;
#5179 = CARTESIAN_POINT ( 'NONE',  ( 5.458578643762752591, 0.000000000000000000, 22.26998896272976580 ) ) ;
#5180 = VERTEX_POINT ( 'NONE', #3278 ) ;
#5181 = DIRECTION ( 'NONE',  ( -0.000000000000000000, -1.000000000000000000, -0.000000000000000000 ) ) ;
#5182 = EDGE_LOOP ( 'NONE', ( #2859, #3274, #1553, #4699 ) ) ;
#5183 = CARTESIAN_POINT ( 'NONE',  ( 4.500000000000063061, 2.999999999999992895, 18.47171335700006978 ) ) ;
#5184 = ORIENTED_EDGE ( 'NONE', *, *, #5122, .F. ) ;
#5185 = EDGE_CURVE ( 'NONE', #5099, #2800, #4369, .T. ) ;
#5186 = DIRECTION ( 'NONE',  ( -1.000000000000000000, -0.000000000000000000, 0.000000000000000000 ) ) ;
#5187 = ADVANCED_FACE ( 'NONE', ( #3658 ), #1593, .F. ) ;
#5188 = CARTESIAN_POINT ( 'NONE',  ( -18.80000000000001137, 20.00000000000001776, 0.4999999999999935052 ) ) ;
#5189 = CARTESIAN_POINT ( 'NONE',  ( 3.000000000000060840, 3.500000000000000000, 12.00000000000000000 ) ) ;
#5190 = EDGE_LOOP ( 'NONE', ( #2927, #923, #2724, #1337 ) ) ;
#5191 = PERSON_AND_ORGANIZATION ( #3330, #1683 ) ;
#5192 = LINE ( 'NONE', #3494, #4610 ) ;
#5193 = DIRECTION ( 'NONE',  ( 3.469446951953614682E-16, -1.000000000000000000, -1.051347561198064958E-16 ) ) ;
#5194 = VERTEX_POINT ( 'NONE', #2437 ) ;
#5195 = PLANE ( 'NONE',  #29 ) ;
#5196 = LINE ( 'NONE', #727, #5031 ) ;
#5197 = VECTOR ( 'NONE', #2027, 1000.000000000000000 ) ;
#5198 = DIRECTION ( 'NONE',  ( 0.7071067811865474617, 0.7071067811865474617, 0.000000000000000000 ) ) ;
#5199 = ORIENTED_EDGE ( 'NONE', *, *, #1209, .F. ) ;
#5200 = AXIS2_PLACEMENT_3D ( 'NONE', #1794, #2252, #4268 ) ;
#5201 = DIRECTION ( 'NONE',  ( 8.673617379883997015E-16, 0.000000000000000000, 1.000000000000000000 ) ) ;
#5202 = ORIENTED_EDGE ( 'NONE', *, *, #2673, .F. ) ;
#5203 = DIRECTION ( 'NONE',  ( 0.5773502691896231775, -0.5773502691896270633, 0.5773502691896270633 ) ) ;
#5204 = VECTOR ( 'NONE', #2165, 1000.000000000000000 ) ;
#5205 = VECTOR ( 'NONE', #4467, 1000.000000000000000 ) ;
#5206 = APPROVAL ( #1442, 'UNSPECIFIED' ) ;
#5207 = DIRECTION ( 'NONE',  ( -0.5000000000000003331, 0.7071067811865463515, 0.5000000000000014433 ) ) ;
#5208 = VECTOR ( 'NONE', #4563, 1000.000000000000000 ) ;
#5209 = ORIENTED_EDGE ( 'NONE', *, *, #855, .T. ) ;
#5210 = AXIS2_PLACEMENT_3D ( 'NONE', #1804, #3459, #5107 ) ;
#5211 = DIRECTION ( 'NONE',  ( 0.000000000000000000, -1.000000000000000000, 0.000000000000000000 ) ) ;
#5212 = ORIENTED_EDGE ( 'NONE', *, *, #2123, .T. ) ;
#5213 = CARTESIAN_POINT ( 'NONE',  ( 18.80000000000001137, 21.50000000000000000, 6.499999999999992006 ) ) ;
#5214 = VERTEX_POINT ( 'NONE', #2762 ) ;
#5215 = PLANE ( 'NONE',  #882 ) ;
#5216 = AXIS2_PLACEMENT_3D ( 'NONE', #3772, #2201, #4206 ) ;
#5217 = ADVANCED_FACE ( 'NONE', ( #347 ), #379, .T. ) ;
#5218 = EDGE_CURVE ( 'NONE', #781, #4803, #5258, .T. ) ;
#5219 = DIRECTION ( 'NONE',  ( -1.000000000000000000, 4.731064025391292434E-16, -0.000000000000000000 ) ) ;
#5220 = LINE ( 'NONE', #720, #1390 ) ;
#5221 = ORIENTED_EDGE ( 'NONE', *, *, #974, .T. ) ;
#5222 = VECTOR ( 'NONE', #3180, 1000.000000000000000 ) ;
#5223 = AXIS2_PLACEMENT_3D ( 'NONE', #1534, #321, #262 ) ;
#5224 = EDGE_CURVE ( 'NONE', #4515, #2140, #1981, .T. ) ;
#5225 = CARTESIAN_POINT ( 'NONE',  ( -12.79999999999999361, 15.80000000000001137, 9.000000000000000000 ) ) ;
#5226 = CARTESIAN_POINT ( 'NONE',  ( 2.197058360345385264, 3.194583292687821707, 8.882364859134048274 ) ) ;
#5227 = ORIENTED_EDGE ( 'NONE', *, *, #4920, .T. ) ;
#5228 = DIRECTION ( 'NONE',  ( 0.000000000000000000, 0.000000000000000000, 1.000000000000000000 ) ) ;
#5229 = CARTESIAN_POINT ( 'NONE',  ( 4.500000000000063061, 3.500000000000000000, 18.47171335700006978 ) ) ;
#5230 = VECTOR ( 'NONE', #3144, 1000.000000000000000 ) ;
#5231 = CARTESIAN_POINT ( 'NONE',  ( -18.80000000000001137, 22.00000000000000000, 6.500000000000012434 ) ) ;
#5232 = DIRECTION ( 'NONE',  ( 0.000000000000000000, -1.000000000000000000, 0.000000000000000000 ) ) ;
#5233 = LINE ( 'NONE', #1514, #1845 ) ;
#5234 = DIRECTION ( 'NONE',  ( 0.7071067811865474617, 0.6928203230275485902, 0.1414213562373211885 ) ) ;
#5235 = DIRECTION ( 'NONE',  ( -0.000000000000000000, -0.000000000000000000, -1.000000000000000000 ) ) ;
#5236 = CARTESIAN_POINT ( 'NONE',  ( -7.328427124746252019, 0.5000000000000056621, 21.30014048174625785 ) ) ;
#5237 = ORIENTED_EDGE ( 'NONE', *, *, #1838, .F. ) ;
#5238 = CARTESIAN_POINT ( 'NONE',  ( 3.437882006723107953, 3.043193699598261581, 9.031933209238202309 ) ) ;
#5239 = VERTEX_POINT ( 'NONE', #4413 ) ;
#5240 = DIRECTION ( 'NONE',  ( 0.000000000000000000, 0.000000000000000000, 1.000000000000000000 ) ) ;
#5241 = ORIENTED_EDGE ( 'NONE', *, *, #4228, .T. ) ;
#5242 = FACE_OUTER_BOUND ( 'NONE', #4505, .T. ) ;
#5243 = DIRECTION ( 'NONE',  ( -4.731064025391292434E-16, -1.000000000000000000, -6.308085367188390241E-16 ) ) ;
#5244 = CARTESIAN_POINT ( 'NONE',  ( -12.79999999999999361, 15.22264973081037631, 6.500000000000012434 ) ) ;
#5245 = ORIENTED_EDGE ( 'NONE', *, *, #5153, .T. ) ;
#5246 = EDGE_CURVE ( 'NONE', #2925, #4375, #4845, .T. ) ;
#5247 = EDGE_CURVE ( 'NONE', #3520, #2886, #4933, .T. ) ;
#5248 = EDGE_CURVE ( 'NONE', #1268, #790, #757, .T. ) ;
#5249 = CARTESIAN_POINT ( 'NONE',  ( 4.027912940271153097, 3.016660427698484526, 9.181568657507620301 ) ) ;
#5250 = CARTESIAN_POINT ( 'NONE',  ( -10.19262100004562832, 3.003978704749817208, 9.296506694582417296 ) ) ;
#5251 = ORIENTED_EDGE ( 'NONE', *, *, #4048, .T. ) ;
#5252 = LINE ( 'NONE', #4443, #550 ) ;
#5253 = CARTESIAN_POINT ( 'NONE',  ( -18.80000000000001492, 14.93397459621557566, 6.999999999999998224 ) ) ;
#5254 = ADVANCED_FACE ( 'NONE', ( #4880 ), #407, .T. ) ;
#5255 = CARTESIAN_POINT ( 'NONE',  ( -6.220320661078681646, 0.000000000000000000, 19.49176081818314898 ) ) ;
#5256 = EDGE_CURVE ( 'NONE', #5080, #2552, #5363, .T. ) ;
#5257 = ORIENTED_EDGE ( 'NONE', *, *, #2338, .T. ) ;
#5258 = LINE ( 'NONE', #323, #911 ) ;
#5259 = CARTESIAN_POINT ( 'NONE',  ( -7.699999999999985079, 20.50000000000001776, 0.000000000000000000 ) ) ;
#5260 = ORIENTED_EDGE ( 'NONE', *, *, #2042, .T. ) ;
#5261 = LINE ( 'NONE', #1540, #1047 ) ;
#5262 = CARTESIAN_POINT ( 'NONE',  ( 4.958578643762748150, 2.999999999999992895, 25.76998896272976225 ) ) ;
#5263 = ORIENTED_EDGE ( 'NONE', *, *, #818, .T. ) ;
#5264 = CARTESIAN_POINT ( 'NONE',  ( 3.078646261990467980, 3.540408870865732194, 8.600000518777289216 ) ) ;
#5265 = ORIENTED_EDGE ( 'NONE', *, *, #2371, .T. ) ;
#5266 = DIRECTION ( 'NONE',  ( 0.7071067811865474617, 0.000000000000000000, 0.7071067811865476838 ) ) ;
#5267 = ORIENTED_EDGE ( 'NONE', *, *, #4365, .T. ) ;
#5268 = CARTESIAN_POINT ( 'NONE',  ( 4.500000000000063061, 0.000000000000000000, 18.47171335700006978 ) ) ;
#5269 = FACE_OUTER_BOUND ( 'NONE', #3287, .T. ) ;
#5270 = LINE ( 'NONE', #2727, #2439 ) ;
#5271 = ORIENTED_EDGE ( 'NONE', *, *, #1742, .F. ) ;
#5272 = CARTESIAN_POINT ( 'NONE',  ( 4.277891032163522844, 7.069841538983493656, 6.999999999999997335 ) ) ;
#5273 = CARTESIAN_POINT ( 'NONE',  ( 4.500000000000063061, 2.999999999999990230, 18.47171335700006978 ) ) ;
#5274 = EDGE_CURVE ( 'NONE', #600, #2540, #163, .T. ) ;
#5275 = ORIENTED_EDGE ( 'NONE', *, *, #2607, .T. ) ;
#5276 = LINE ( 'NONE', #5253, #184 ) ;
#5277 = DIRECTION ( 'NONE',  ( 0.7071067811865477948, -0.7071067811865472397, -1.533293416683373152E-16 ) ) ;
#5278 = VERTEX_POINT ( 'NONE', #3194 ) ;
#5279 = EDGE_CURVE ( 'NONE', #5335, #3185, #1858, .T. ) ;
#5280 = CARTESIAN_POINT ( 'NONE',  ( 0.000000000000000000, 7.000000000000000000, 2.999999999999999112 ) ) ;
#5281 = EDGE_CURVE ( 'NONE', #850, #1848, #4636, .T. ) ;
#5282 = ADVANCED_FACE ( 'NONE', ( #3742 ), #2952, .T. ) ;
#5283 = CARTESIAN_POINT ( 'NONE',  ( -18.80000000000001847, 3.540408205773473593, 8.599999999999994316 ) ) ;
#5284 = DIRECTION ( 'NONE',  ( -0.000000000000000000, -0.000000000000000000, -1.000000000000000000 ) ) ;
#5285 = CARTESIAN_POINT ( 'NONE',  ( -5.790240495809022114, 0.5000000000000073275, 19.23674895288737829 ) ) ;
#5286 = CIRCLE ( 'NONE', #2259, 1.000000000000000888 ) ;
#5287 = VECTOR ( 'NONE', #1616, 1000.000000000000114 ) ;
#5288 = CARTESIAN_POINT ( 'NONE',  ( 7.238527958848677306E-15, 15.29999999999999893, 0.000000000000000000 ) ) ;
#5289 = ORIENTED_EDGE ( 'NONE', *, *, #4590, .F. ) ;
#5290 = PLANE ( 'NONE',  #3992 ) ;
#5291 = ORIENTED_EDGE ( 'NONE', *, *, #2300, .F. ) ;
#5292 = CARTESIAN_POINT ( 'NONE',  ( 3.157848911201979636, 3.540404043624174157, 8.600020390283983573 ) ) ;
#5293 = AXIS2_PLACEMENT_3D ( 'NONE', #2942, #1609, #4135 ) ;
#5294 = ORIENTED_EDGE ( 'NONE', *, *, #3792, .T. ) ;
#5295 = VECTOR ( 'NONE', #4589, 999.9999999999998863 ) ;
#5296 = CARTESIAN_POINT ( 'NONE',  ( 5.458578643762754368, 3.500000000000000000, 22.26998896272976580 ) ) ;
#5297 = VECTOR ( 'NONE', #81, 1000.000000000000114 ) ;
#5298 = VECTOR ( 'NONE', #1973, 1000.000000000000000 ) ;
#5299 = CARTESIAN_POINT ( 'NONE',  ( -12.79999999999999183, 15.80000000000001137, 0.5000000000000003331 ) ) ;
#5300 = ORIENTED_EDGE ( 'NONE', *, *, #3496, .T. ) ;
#5301 = ORIENTED_EDGE ( 'NONE', *, *, #1043, .F. ) ;
#5302 = AXIS2_PLACEMENT_3D ( 'NONE', #4237, #5054, #1336 ) ;
#5303 = AXIS2_PLACEMENT_3D ( 'NONE', #3311, #4966, #1247 ) ;
#5304 = CARTESIAN_POINT ( 'NONE',  ( 3.657291173434754405, 3.034684098556986509, 9.072818225236982670 ) ) ;
#5305 = CARTESIAN_POINT ( 'NONE',  ( -11.50000000000006217, 3.050510257216827448, 9.000000000000000000 ) ) ;
#5306 = ORIENTED_EDGE ( 'NONE', *, *, #484, .T. ) ;
#5307 = DIRECTION ( 'NONE',  ( -0.7071067811865474617, -0.7071067811865474617, 0.000000000000000000 ) ) ;
#5308 = CARTESIAN_POINT ( 'NONE',  ( -10.44136762932469153, 3.015152262123533156, 9.192885544386925289 ) ) ;
#5309 = CIRCLE ( 'NONE', #1670, 3.500000000000006661 ) ;
#5310 = ORIENTED_EDGE ( 'NONE', *, *, #4657, .F. ) ;
#5311 = DIRECTION ( 'NONE',  ( 0.000000000000000000, -0.7071067811865487940, -0.7071067811865463515 ) ) ;
#5312 = LINE ( 'NONE', #434, #4070 ) ;
#5313 = VECTOR ( 'NONE', #622, 1000.000000000000114 ) ;
#5314 = DIRECTION ( 'NONE',  ( -0.000000000000000000, -1.000000000000000000, -0.000000000000000000 ) ) ;
#5315 = PLANE ( 'NONE',  #4243 ) ;
#5316 = EDGE_CURVE ( 'NONE', #3094, #1601, #898, .T. ) ;
#5317 = ADVANCED_FACE ( 'NONE', ( #2200 ), #3790, .T. ) ;
#5318 = EDGE_CURVE ( 'NONE', #3104, #1028, #3065, .T. ) ;
#5319 = AXIS2_PLACEMENT_3D ( 'NONE', #895, #4737, #1420 ) ;
#5320 = FACE_OUTER_BOUND ( 'NONE', #1712, .T. ) ;
#5321 = VERTEX_POINT ( 'NONE', #103 ) ;
#5322 = DIRECTION ( 'NONE',  ( 4.731064025391292434E-16, 1.000000000000000000, 0.000000000000000000 ) ) ;
#5323 = ORIENTED_EDGE ( 'NONE', *, *, #3223, .F. ) ;
#5324 = CARTESIAN_POINT ( 'NONE',  ( 3.783172518865288492, 3.527327685276327340, 8.670254524172756661 ) ) ;
#5325 = ORIENTED_EDGE ( 'NONE', *, *, #1907, .F. ) ;
#5326 = CARTESIAN_POINT ( 'NONE',  ( -10.86666666666668490, 17.33333333333333215, 3.166666666666654528 ) ) ;
#5327 = CARTESIAN_POINT ( 'NONE',  ( 10.50958172757666453, 3.018523012116157034, 9.168201722498208639 ) ) ;
#5328 = EDGE_CURVE ( 'NONE', #3977, #122, #2599, .T. ) ;
#5329 = DIRECTION ( 'NONE',  ( -2.168404344971006896E-16, 0.000000000000000000, 1.000000000000000000 ) ) ;
#5330 = CARTESIAN_POINT ( 'NONE',  ( -18.80000000000001137, 21.50000000000000355, 6.999999999999999112 ) ) ;
#5331 = ORIENTED_EDGE ( 'NONE', *, *, #2761, .T. ) ;
#5332 = ORIENTED_EDGE ( 'NONE', *, *, #2427, .F. ) ;
#5333 = CARTESIAN_POINT ( 'NONE',  ( 3.860040573349830417, 3.025060463947794709, 9.125871617098324506 ) ) ;
#5334 = CARTESIAN_POINT ( 'NONE',  ( -11.50000000000006395, 3.540408205773470041, 8.599999999999994316 ) ) ;
#5335 = VERTEX_POINT ( 'NONE', #2928 ) ;
#5336 = LINE ( 'NONE', #1205, #5287 ) ;
#5337 = CARTESIAN_POINT ( 'NONE',  ( -10.88536750183897794, 3.036522276470668302, 9.063623192409863805 ) ) ;
#5338 = VERTEX_POINT ( 'NONE', #466 ) ;
#5339 = CARTESIAN_POINT ( 'NONE',  ( 18.55000000000000782, 21.50000000000000000, 6.749999999999995559 ) ) ;
#5340 = FACE_OUTER_BOUND ( 'NONE', #1411, .T. ) ;
#5341 = CARTESIAN_POINT ( 'NONE',  ( 18.80000000000001137, 21.50000000000000000, 1.499999999999999556 ) ) ;
#5342 = CARTESIAN_POINT ( 'NONE',  ( -6.958578643762748150, 0.5000000000000102141, 26.26998896272976936 ) ) ;
#5343 = ORIENTED_EDGE ( 'NONE', *, *, #4048, .F. ) ;
#5344 = CARTESIAN_POINT ( 'NONE',  ( -8.305025253169477040, 0.5000000000000073275, 24.21643557213649345 ) ) ;
#5345 = ADVANCED_FACE ( 'NONE', ( #4639 ), #4109, .T. ) ;
#5346 = VERTEX_POINT ( 'NONE', #5038 ) ;
#5347 = DIRECTION ( 'NONE',  ( 2.168404344971006896E-16, 0.000000000000000000, -1.000000000000000000 ) ) ;
#5348 = ORIENTED_EDGE ( 'NONE', *, *, #1070, .T. ) ;
#5349 = DIRECTION ( 'NONE',  ( -1.000000000000000000, 0.000000000000000000, 0.000000000000000000 ) ) ;
#5350 = DIRECTION ( 'NONE',  ( 0.000000000000000000, 0.000000000000000000, 1.000000000000000000 ) ) ;
#5351 = DIRECTION ( 'NONE',  ( 0.6082252026320066340, -0.7071067811865476838, 0.3606412384673363114 ) ) ;
#5352 = EDGE_CURVE ( 'NONE', #5338, #850, #50, .T. ) ;
#5353 = ADVANCED_FACE ( 'NONE', ( #25 ), #1074, .T. ) ;
#5354 = ORIENTED_EDGE ( 'NONE', *, *, #2475, .F. ) ;
#5355 = DIRECTION ( 'NONE',  ( 1.340235097171338465E-16, 0.000000000000000000, -1.000000000000000000 ) ) ;
#5356 = ORIENTED_EDGE ( 'NONE', *, *, #1174, .F. ) ;
#5357 = CARTESIAN_POINT ( 'NONE',  ( 2.100000000000000089, 7.000000000000000000, 2.499999999999994227 ) ) ;
#5358 = DIRECTION ( 'NONE',  ( 0.7071067811865465735, -0.7071067811865483499, 5.365887187316212984E-15 ) ) ;
#5359 = ORIENTED_EDGE ( 'NONE', *, *, #2399, .F. ) ;
#5360 = DIRECTION ( 'NONE',  ( -0.000000000000000000, -1.000000000000000000, -0.000000000000000000 ) ) ;
#5361 = DIRECTION ( 'NONE',  ( -0.000000000000000000, -1.000000000000000000, -0.000000000000000000 ) ) ;
#5362 = EDGE_LOOP ( 'NONE', ( #3138, #1539, #3878, #432 ) ) ;
#5363 = LINE ( 'NONE', #1104, #2293 ) ;
#5364 = DIRECTION ( 'NONE',  ( 0.7071067811865441310, 0.000000000000000000, -0.7071067811865510144 ) ) ;
#5365 = CARTESIAN_POINT ( 'NONE',  ( 12.79999999999999183, 21.00000000000000000, 5.500000000000000000 ) ) ;
#5366 = DIRECTION ( 'NONE',  ( 0.7071067811865475727, 0.000000000000000000, -0.7071067811865475727 ) ) ;
#5367 = ORIENTED_EDGE ( 'NONE', *, *, #926, .F. ) ;
#5368 = PLANE ( 'NONE',  #2445 ) ;
ENDSEC;
END-ISO-10303-21;
