ISO-10303-21;
HEADER;
FILE_DESCRIPTION (( 'STEP AP203' ),
    '1' );
FILE_NAME ('0PB_feet_squash_print_on_side_mk2_back_v3.step',
    '2024-05-27T11:34:34',
    ( '' ),
    ( '' ),
    'SwSTEP 2.0',
    'SolidWorks 2024',
    '' );
FILE_SCHEMA (( 'CONFIG_CONTROL_DESIGN' ));
ENDSEC;

DATA;
#1 = ORIENTED_EDGE ( 'NONE', *, *, #4983, .F. ) ;
#2 = CARTESIAN_POINT ( 'NONE',  ( -1.804112415015859499E-14, 10.39999999999989377, -1.025519176787304872E-30 ) ) ;
#3 = DIRECTION ( 'NONE',  ( -1.277847652571759596E-16, 1.000000000000000000, 0.000000000000000000 ) ) ;
#4 = FACE_OUTER_BOUND ( 'NONE', #5149, .T. ) ;
#5 = DIRECTION ( 'NONE',  ( 1.000000000000000000, 2.679539080328073366E-16, -1.339769540164036683E-16 ) ) ;
#6 = ORIENTED_EDGE ( 'NONE', *, *, #3835, .F. ) ;
#7 = EDGE_LOOP ( 'NONE', ( #4566, #2002, #1894, #4649, #1846, #688, #3198, #2856, #1495, #4402 ) ) ;
#8 = ORIENTED_EDGE ( 'NONE', *, *, #4861, .F. ) ;
#9 = LINE ( 'NONE', #4239, #1160 ) ;
#10 = LINE ( 'NONE', #4869, #2728 ) ;
#11 = CARTESIAN_POINT ( 'NONE',  ( 16.85941873256619061, -4.196649919484472413, -9.982787307625093476 ) ) ;
#12 = ADVANCED_FACE ( 'NONE', ( #6211 ), #5592, .F. ) ;
#13 = VERTEX_POINT ( 'NONE', #4023 ) ;
#14 = CARTESIAN_POINT ( 'NONE',  ( 68.77274461180640230, 14.39999999999990976, 3.155168581324243160 ) ) ;
#15 = CARTESIAN_POINT ( 'NONE',  ( 51.49999999999999289, 5.800000000000005151, 12.00000000000000533 ) ) ;
#16 = ORIENTED_EDGE ( 'NONE', *, *, #2984, .F. ) ;
#17 = DIRECTION ( 'NONE',  ( -0.000000000000000000, -0.000000000000000000, 1.000000000000000000 ) ) ;
#18 = PLANE ( 'NONE',  #3275 ) ;
#19 = CARTESIAN_POINT ( 'NONE',  ( 69.79972246283594473, 15.39999999999990443, -1.651374106775552963 ) ) ;
#20 = CARTESIAN_POINT ( 'NONE',  ( 23.25622670975753437, 10.39999999999993285, -7.999999999999996447 ) ) ;
#21 = ADVANCED_FACE ( 'NONE', ( #5168 ), #2005, .F. ) ;
#22 = CARTESIAN_POINT ( 'NONE',  ( 68.81104328431366923, 14.39999999999990621, -3.890066822795889223 ) ) ;
#23 = VERTEX_POINT ( 'NONE', #346 ) ;
#24 = CARTESIAN_POINT ( 'NONE',  ( 0.000000000000000000, 0.000000000000000000, 0.000000000000000000 ) ) ;
#25 = CARTESIAN_POINT ( 'NONE',  ( 72.42201331730245784, 15.39999999999990266, -4.240187861667163993 ) ) ;
#26 = CARTESIAN_POINT ( 'NONE',  ( 42.64480869475966784, 8.399999999999932854, 8.000000000000003553 ) ) ;
#27 = VECTOR ( 'NONE', #782, 1000.000000000000000 ) ;
#28 = LINE ( 'NONE', #6381, #191 ) ;
#29 = VERTEX_POINT ( 'NONE', #4093 ) ;
#30 = EDGE_LOOP ( 'NONE', ( #3385, #4298 ) ) ;
#31 = FACE_OUTER_BOUND ( 'NONE', #4289, .T. ) ;
#32 = CARTESIAN_POINT ( 'NONE',  ( 16.85941873256619061, 5.895761189193154728, -9.000000000000005329 ) ) ;
#33 = LINE ( 'NONE', #2213, #588 ) ;
#34 = CIRCLE ( 'NONE', #475, 19.62141687034862869 ) ;
#35 = ADVANCED_FACE ( 'NONE', ( #6145 ), #3506, .T. ) ;
#36 = CARTESIAN_POINT ( 'NONE',  ( 70.53440977894797470, 14.39999999999990266, -4.259205386823629702 ) ) ;
#37 = ORIENTED_EDGE ( 'NONE', *, *, #2074, .F. ) ;
#38 = DIRECTION ( 'NONE',  ( 1.734723475976793684E-15, 1.000000000000000000, -0.000000000000000000 ) ) ;
#39 = AXIS2_PLACEMENT_3D ( 'NONE', #3822, #6419, #1136 ) ;
#40 = ORIENTED_EDGE ( 'NONE', *, *, #2645, .F. ) ;
#41 = AXIS2_PLACEMENT_3D ( 'NONE', #1417, #2041, #4609 ) ;
#42 = ORIENTED_EDGE ( 'NONE', *, *, #5429, .T. ) ;
#43 = DIRECTION ( 'NONE',  ( -0.000000000000000000, -0.000000000000000000, -1.000000000000000000 ) ) ;
#44 = VECTOR ( 'NONE', #1275, 1000.000000000000000 ) ;
#45 = CARTESIAN_POINT ( 'NONE',  ( 71.20118482214212463, 14.39999999999990621, 2.704889508759304118 ) ) ;
#46 = VECTOR ( 'NONE', #5221, 1000.000000000000000 ) ;
#47 = FACE_OUTER_BOUND ( 'NONE', #4871, .T. ) ;
#48 = VERTEX_POINT ( 'NONE', #5626 ) ;
#49 = CARTESIAN_POINT ( 'NONE',  ( 69.09477986960725104, 14.39999999999990976, -4.778683986533110328 ) ) ;
#50 = B_SPLINE_CURVE_WITH_KNOTS ( 'NONE', 3,
 ( #680, #2795, #4912, #3448, #6513, #1269, #2378, #1758, #3879, #755, #205 ),
 .UNSPECIFIED., .F., .F.,
 ( 4, 1, 1, 1, 1, 1, 1, 1, 4 ),
 ( 0.000000000000000000, 0.05424288010384745867, 0.1282398849542175923, 0.2220811098595995570, 0.3368748928824428224, 0.4726021059892307474, 0.6281751862150929400, 0.8036077172877569286, 1.000000000000000000 ),
 .UNSPECIFIED. ) ;
#51 = CARTESIAN_POINT ( 'NONE',  ( 18.89180032918216057, -4.591904211734517460, 11.71599897093961040 ) ) ;
#52 = ORIENTED_EDGE ( 'NONE', *, *, #316, .T. ) ;
#53 = VECTOR ( 'NONE', #4116, 1000.000000000000000 ) ;
#54 = AXIS2_PLACEMENT_3D ( 'NONE', #4173, #4580, #1426 ) ;
#55 = CARTESIAN_POINT ( 'NONE',  ( 73.19999999999998863, 5.799999999999999822, 21.97994974842648475 ) ) ;
#56 = EDGE_CURVE ( 'NONE', #2993, #3382, #4124, .T. ) ;
#57 = DIRECTION ( 'NONE',  ( -1.000000000000000000, -1.734723475976805517E-15, 1.786359386885381915E-16 ) ) ;
#58 = DIRECTION ( 'NONE',  ( 0.000000000000000000, 0.000000000000000000, 1.000000000000000000 ) ) ;
#59 = VECTOR ( 'NONE', #2473, 1000.000000000000000 ) ;
#60 = CARTESIAN_POINT ( 'NONE',  ( 69.80414911315678239, 14.39999999999990621, 3.026320984087627508 ) ) ;
#61 = CARTESIAN_POINT ( 'NONE',  ( 69.16414872074881259, 14.39999999999990976, -4.870280022782226936 ) ) ;
#62 = VERTEX_POINT ( 'NONE', #2494 ) ;
#63 = DIRECTION ( 'NONE',  ( -1.000000000000000000, -4.145478894797516432E-16, 0.000000000000000000 ) ) ;
#64 = CARTESIAN_POINT ( 'NONE',  ( 73.71640845730209435, 15.39999999999989733, -5.171699381120754779 ) ) ;
#65 = AXIS2_PLACEMENT_3D ( 'NONE', #1142, #114, #4725 ) ;
#66 = CARTESIAN_POINT ( 'NONE',  ( 74.71467845661241824, 15.39999999999989555, 1.465165183112784097 ) ) ;
#67 = EDGE_CURVE ( 'NONE', #1280, #252, #6107, .T. ) ;
#68 = CARTESIAN_POINT ( 'NONE',  ( 70.50107102678829563, 14.39999999999990266, 1.983784647230858011 ) ) ;
#69 = EDGE_CURVE ( 'NONE', #447, #4726, #4610, .T. ) ;
#70 = EDGE_CURVE ( 'NONE', #4617, #6626, #4268, .T. ) ;
#71 = CYLINDRICAL_SURFACE ( 'NONE', #3844, 4.000000000000003553 ) ;
#72 = VECTOR ( 'NONE', #6262, 1000.000000000000000 ) ;
#73 = VERTEX_POINT ( 'NONE', #32 ) ;
#74 = VERTEX_POINT ( 'NONE', #6314 ) ;
#75 = LINE ( 'NONE', #1593, #4813 ) ;
#76 = CARTESIAN_POINT ( 'NONE',  ( 41.50000000000000711, 5.800000000000006928, 12.00000000000000533 ) ) ;
#77 = CARTESIAN_POINT ( 'NONE',  ( 17.95661438022211698, -4.600000000000023626, 9.000000000000005329 ) ) ;
#78 = VECTOR ( 'NONE', #2319, 1000.000000000000000 ) ;
#79 = CARTESIAN_POINT ( 'NONE',  ( 72.56231835665234087, 15.39999999999990088, -2.877507867035673517 ) ) ;
#80 = ORIENTED_EDGE ( 'NONE', *, *, #4638, .F. ) ;
#81 = APPROVAL_PERSON_ORGANIZATION ( #6580, #2261, #3484 ) ;
#82 = CARTESIAN_POINT ( 'NONE',  ( 0.000000000000000000, -4.191111111111185394, 0.000000000000000000 ) ) ;
#83 = ORIENTED_EDGE ( 'NONE', *, *, #5916, .T. ) ;
#84 = ORIENTED_EDGE ( 'NONE', *, *, #6212, .F. ) ;
#85 = CARTESIAN_POINT ( 'NONE',  ( 74.93635983262761613, 14.39999999999989555, -4.533324015692319797 ) ) ;
#86 = DIRECTION ( 'NONE',  ( -1.000000000000000000, 0.000000000000000000, 0.000000000000000000 ) ) ;
#87 = CARTESIAN_POINT ( 'NONE',  ( 70.13089027347707827, 14.39999999999990976, 2.074088630199587335 ) ) ;
#88 = ORIENTED_EDGE ( 'NONE', *, *, #614, .F. ) ;
#89 = B_SPLINE_CURVE_WITH_KNOTS ( 'NONE', 3,
 ( #4860, #110, #3654, #2214, #2057, #5244, #6292, #4368, #6492, #6322, #1740, #1137, #3261, #1007, #141, #1697, #499, #5941, #4729, #975, #2568, #3825, #4651 ),
 .UNSPECIFIED., .F., .F.,
 ( 4, 1, 1, 1, 1, 1, 1, 1, 1, 1, 1, 1, 1, 1, 1, 1, 1, 1, 1, 1, 4 ),
 ( 0.000000000000000000, 0.05482147054825180221, 0.1058665369897128505, 0.1535273700592672264, 0.1974242249671154248, 0.2375869463700438777, 0.2744172633975640596, 0.3079015571653433425, 0.3376828292166939582, 0.3930839707016455797, 0.4468842914355266593, 0.5000135689630500480, 0.5524032294081928640, 0.6052600818872434507, 0.6587379628657231700, 0.7127120238557714815, 0.7689161872684494581, 0.8257274339640425787, 0.8827558992628541379, 0.9401453987472019325, 0.9999999999999998890 ),
 .UNSPECIFIED. ) ;
#90 = CARTESIAN_POINT ( 'NONE',  ( 72.25557085642856237, 14.39999999999989910, 3.055964078465498002 ) ) ;
#91 = DIRECTION ( 'NONE',  ( -1.000000000000000000, -0.000000000000000000, -0.000000000000000000 ) ) ;
#92 = VERTEX_POINT ( 'NONE', #6838 ) ;
#93 = CARTESIAN_POINT ( 'NONE',  ( 70.93640726359403459, 14.39999999999990266, 0.9202393980008157781 ) ) ;
#94 = CARTESIAN_POINT ( 'NONE',  ( 71.28339480870967293, 14.39999999999990621, -3.353781301656225455 ) ) ;
#95 = DIRECTION ( 'NONE',  ( 7.523163845262640051E-32, -2.168404344971008868E-16, -1.000000000000000000 ) ) ;
#96 = CARTESIAN_POINT ( 'NONE',  ( 73.08705040691673105, 15.39999999999989377, -3.327549442669541335 ) ) ;
#97 = CARTESIAN_POINT ( 'NONE',  ( 68.77287950137601058, 15.39999999999990798, -3.131453097041114297 ) ) ;
#98 = VERTEX_POINT ( 'NONE', #5336 ) ;
#99 = FACE_OUTER_BOUND ( 'NONE', #5303, .T. ) ;
#100 = CARTESIAN_POINT ( 'NONE',  ( 72.87402738274066394, 14.39999999999989910, -4.651859279291792326 ) ) ;
#101 = FACE_OUTER_BOUND ( 'NONE', #1515, .T. ) ;
#102 = ORIENTED_EDGE ( 'NONE', *, *, #2922, .F. ) ;
#103 = EDGE_CURVE ( 'NONE', #4191, #6698, #5305, .T. ) ;
#104 = ORIENTED_EDGE ( 'NONE', *, *, #2869, .T. ) ;
#105 = DIRECTION ( 'NONE',  ( 0.000000000000000000, 0.000000000000000000, 1.000000000000000000 ) ) ;
#106 = APPROVAL ( #3980, 'UNSPECIFIED' ) ;
#107 = DIRECTION ( 'NONE',  ( -1.927470528863118062E-16, -6.687256751344564677E-32, -1.000000000000000000 ) ) ;
#108 = EDGE_CURVE ( 'NONE', #3400, #1706, #2080, .T. ) ;
#109 = CARTESIAN_POINT ( 'NONE',  ( 21.75622670975752726, 7.400000000004187228, 2.799999999999999822 ) ) ;
#110 = CARTESIAN_POINT ( 'NONE',  ( 68.77274461180640230, 15.39999999999990976, 3.155168581324243160 ) ) ;
#111 = FACE_OUTER_BOUND ( 'NONE', #6152, .T. ) ;
#112 = EDGE_CURVE ( 'NONE', #6178, #3218, #3455, .T. ) ;
#113 = ORIENTED_EDGE ( 'NONE', *, *, #1807, .F. ) ;
#114 = DIRECTION ( 'NONE',  ( 7.523163845262640051E-32, -2.168404344971008868E-16, 1.000000000000000000 ) ) ;
#115 = ORIENTED_EDGE ( 'NONE', *, *, #5019, .T. ) ;
#116 = DIRECTION ( 'NONE',  ( 0.000000000000000000, 1.000000000000000000, 3.858032741160322701E-32 ) ) ;
#117 = DIRECTION ( 'NONE',  ( -1.000000000000000000, 0.000000000000000000, 0.000000000000000000 ) ) ;
#118 = CARTESIAN_POINT ( 'NONE',  ( 74.89694631374989342, 15.39999999999989733, 2.147589557527064930 ) ) ;
#119 = ORIENTED_EDGE ( 'NONE', *, *, #2740, .T. ) ;
#120 = CARTESIAN_POINT ( 'NONE',  ( 69.60103604287097312, 15.39999999999989733, 0.9867123625834591794 ) ) ;
#121 = LINE ( 'NONE', #1645, #612 ) ;
#122 = ORIENTED_EDGE ( 'NONE', *, *, #1665, .T. ) ;
#123 = ORIENTED_EDGE ( 'NONE', *, *, #2552, .T. ) ;
#124 = PLANE ( 'NONE',  #593 ) ;
#125 = DIRECTION ( 'NONE',  ( -1.000000000000000000, -4.145478894797516432E-16, 0.000000000000000000 ) ) ;
#126 = DIRECTION ( 'NONE',  ( -1.000000000000000000, -4.145478894797516432E-16, 0.000000000000000000 ) ) ;
#127 = CARTESIAN_POINT ( 'NONE',  ( 72.64959835429448276, 15.39999999999990621, 0.6282912208009536759 ) ) ;
#128 = ADVANCED_FACE ( 'NONE', ( #1632 ), #3902, .T. ) ;
#129 = CARTESIAN_POINT ( 'NONE',  ( 68.86270793196619877, 14.39999999999990266, -4.211469205034713781 ) ) ;
#130 = ORIENTED_EDGE ( 'NONE', *, *, #4862, .F. ) ;
#131 = FACE_OUTER_BOUND ( 'NONE', #6424, .T. ) ;
#132 = CARTESIAN_POINT ( 'NONE',  ( 73.88054940595853282, 15.39999999999990088, 2.465591211779937453 ) ) ;
#133 = CARTESIAN_POINT ( 'NONE',  ( 70.98429283182834126, 14.39999999999990266, 2.174806146706363741 ) ) ;
#134 = CARTESIAN_POINT ( 'NONE',  ( 16.85941873256619061, -4.000000000000067502, -9.987992791346815835 ) ) ;
#135 = ORIENTED_EDGE ( 'NONE', *, *, #5499, .T. ) ;
#136 = ORIENTED_EDGE ( 'NONE', *, *, #6401, .F. ) ;
#137 = CARTESIAN_POINT ( 'NONE',  ( 71.22217588831672686, 15.39999999999990266, 4.512590736974447125 ) ) ;
#138 = VECTOR ( 'NONE', #3753, 1000.000000000000000 ) ;
#139 = DIRECTION ( 'NONE',  ( -0.000000000000000000, 1.000000000000000000, -0.000000000000000000 ) ) ;
#140 = CARTESIAN_POINT ( 'NONE',  ( 68.77239498887762181, 14.39999999999990621, -3.052836466081692901 ) ) ;
#141 = CARTESIAN_POINT ( 'NONE',  ( 69.19026535641157238, 15.39999999999990621, 1.326791718972056833 ) ) ;
#142 = EDGE_CURVE ( 'NONE', #938, #972, #1071, .T. ) ;
#143 = EDGE_CURVE ( 'NONE', #1684, #5599, #5338, .T. ) ;
#144 = EDGE_CURVE ( 'NONE', #5863, #4409, #2044, .T. ) ;
#145 = CARTESIAN_POINT ( 'NONE',  ( 72.32883307172075149, 15.39999999999990088, -1.986855367727767607 ) ) ;
#146 = ORIENTED_EDGE ( 'NONE', *, *, #2132, .T. ) ;
#147 = CARTESIAN_POINT ( 'NONE',  ( 74.92699760000023446, 15.39999999999989910, 2.855102755222211464 ) ) ;
#148 = VERTEX_POINT ( 'NONE', #76 ) ;
#149 = CARTESIAN_POINT ( 'NONE',  ( 21.75622670975752726, 10.39999999999992752, -9.000000000000005329 ) ) ;
#150 = VECTOR ( 'NONE', #6304, 1000.000000000000000 ) ;
#151 = ADVANCED_FACE ( 'NONE', ( #1594 ), #3646, .T. ) ;
#152 = CARTESIAN_POINT ( 'NONE',  ( 70.32326434860318898, 14.39999999999990621, 0.7984067926635499690 ) ) ;
#153 = EDGE_CURVE ( 'NONE', #6666, #6626, #5762, .T. ) ;
#154 = ADVANCED_FACE ( 'NONE', ( #3121, #3719 ), #3190, .T. ) ;
#155 = VECTOR ( 'NONE', #2330, 1000.000000000000000 ) ;
#156 = CARTESIAN_POINT ( 'NONE',  ( 74.91017365288213625, 15.39999999999989200, 2.336036318158497771 ) ) ;
#157 = ORIENTED_EDGE ( 'NONE', *, *, #6121, .T. ) ;
#158 = CARTESIAN_POINT ( 'NONE',  ( 69.76588500392070102, 15.39999999999990443, 0.9010658034989352805 ) ) ;
#159 = DIRECTION ( 'NONE',  ( 1.734723475976793684E-15, 1.000000000000000000, -0.000000000000000000 ) ) ;
#160 = ORIENTED_EDGE ( 'NONE', *, *, #1373, .T. ) ;
#161 = ORIENTED_EDGE ( 'NONE', *, *, #4805, .F. ) ;
#162 = DIRECTION ( 'NONE',  ( 2.668805347656625692E-16, -1.000000000000000000, -3.858032741160322701E-32 ) ) ;
#163 = AXIS2_PLACEMENT_3D ( 'NONE', #3249, #1623, #5299 ) ;
#164 = VECTOR ( 'NONE', #3671, 1000.000000000000000 ) ;
#165 = B_SPLINE_CURVE_WITH_KNOTS ( 'NONE', 3,
 ( #6019, #1261, #2963, #2335, #6640, #1299, #5460, #2891, #749, #1322, #3944 ),
 .UNSPECIFIED., .F., .F.,
 ( 4, 1, 1, 1, 1, 1, 1, 1, 4 ),
 ( 0.000000000000000000, 0.1452830265990393832, 0.2792250644097060697, 0.4032107589344568477, 0.5232110614669441828, 0.6387809239290115348, 0.7533733773924431443, 0.8720137424743421573, 1.000000000000000000 ),
 .UNSPECIFIED. ) ;
#166 = FACE_OUTER_BOUND ( 'NONE', #719, .T. ) ;
#167 = LINE ( 'NONE', #5511, #2960 ) ;
#168 = LINE ( 'NONE', #5433, #27 ) ;
#169 = CARTESIAN_POINT ( 'NONE',  ( 41.50000000000000711, 5.800000000000006928, 9.000000000000005329 ) ) ;
#170 = VECTOR ( 'NONE', #2883, 1000.000000000000000 ) ;
#171 = ORIENTED_EDGE ( 'NONE', *, *, #5096, .T. ) ;
#172 = CIRCLE ( 'NONE', #5815, 17.23407248217877452 ) ;
#173 = FACE_OUTER_BOUND ( 'NONE', #2880, .T. ) ;
#174 = CARTESIAN_POINT ( 'NONE',  ( 73.87075453211555498, 15.39999999999990443, 2.404840739321953524 ) ) ;
#175 = CARTESIAN_POINT ( 'NONE',  ( 71.19316155131767232, 14.39999999999990621, 2.651499896572624859 ) ) ;
#176 = CARTESIAN_POINT ( 'NONE',  ( 71.98000798276602552, 14.39999999999990266, -4.572777360401270919 ) ) ;
#177 = VERTEX_POINT ( 'NONE', #1695 ) ;
#178 = ORIENTED_EDGE ( 'NONE', *, *, #828, .T. ) ;
#179 = FACE_OUTER_BOUND ( 'NONE', #3110, .T. ) ;
#180 = VECTOR ( 'NONE', #2500, 1000.000000000000000 ) ;
#181 = DIRECTION ( 'NONE',  ( 0.000000000000000000, -0.9396926207859083169, 0.3420201433256690460 ) ) ;
#182 = CARTESIAN_POINT ( 'NONE',  ( 72.24953829675685313, 15.39999999999989910, 3.385652169070536122 ) ) ;
#183 = CARTESIAN_POINT ( 'NONE',  ( 71.17774131699867723, 14.39999999999990976, 2.548888337255527770 ) ) ;
#184 = VECTOR ( 'NONE', #2793, 1000.000000000000000 ) ;
#185 = CARTESIAN_POINT ( 'NONE',  ( 72.31962315122783025, 14.39999999999990266, 0.7723599597024177754 ) ) ;
#186 = VERTEX_POINT ( 'NONE', #2746 ) ;
#187 = DIRECTION ( 'NONE',  ( 1.000000000000000000, 2.312964634635740689E-15, 0.000000000000000000 ) ) ;
#188 = EDGE_CURVE ( 'NONE', #2297, #698, #2008, .T. ) ;
#189 = ORIENTED_EDGE ( 'NONE', *, *, #5280, .T. ) ;
#190 = DIRECTION ( 'NONE',  ( -4.003208021484938538E-16, 1.000000000000000000, 5.787049111740484599E-32 ) ) ;
#191 = VECTOR ( 'NONE', #1028, 1000.000000000000000 ) ;
#192 = CARTESIAN_POINT ( 'NONE',  ( 72.26044199671564172, 14.39999999999989910, 2.881739784627366241 ) ) ;
#193 = CARTESIAN_POINT ( 'NONE',  ( 0.000000000000000000, 15.23111111111103888, 0.000000000000000000 ) ) ;
#194 = VERTEX_POINT ( 'NONE', #2291 ) ;
#195 = CARTESIAN_POINT ( 'NONE',  ( 70.25804461111586363, 14.39999999999990621, 0.8007097694439296864 ) ) ;
#196 = DIRECTION ( 'NONE',  ( -2.668805347656625692E-16, 1.000000000000000000, 3.858032741160322701E-32 ) ) ;
#197 = VERTEX_POINT ( 'NONE', #6003 ) ;
#198 = EDGE_CURVE ( 'NONE', #2071, #4021, #1212, .T. ) ;
#199 = ORIENTED_EDGE ( 'NONE', *, *, #6035, .T. ) ;
#200 = EDGE_CURVE ( 'NONE', #311, #3273, #1244, .T. ) ;
#201 = DIRECTION ( 'NONE',  ( 2.668805347656626185E-16, -1.000000000000000000, 0.000000000000000000 ) ) ;
#202 = EDGE_CURVE ( 'NONE', #3873, #4776, #1771, .T. ) ;
#203 = FACE_OUTER_BOUND ( 'NONE', #5702, .T. ) ;
#204 = FACE_OUTER_BOUND ( 'NONE', #312, .T. ) ;
#205 = CARTESIAN_POINT ( 'NONE',  ( 69.79972246283595894, 15.39999999999990443, 3.760616660483311779 ) ) ;
#206 = DIRECTION ( 'NONE',  ( 1.734723475976793684E-15, 1.000000000000000000, -0.000000000000000000 ) ) ;
#207 = ORIENTED_EDGE ( 'NONE', *, *, #2513, .T. ) ;
#208 = ADVANCED_FACE ( 'NONE', ( #5939 ), #4438, .F. ) ;
#209 = B_SPLINE_CURVE_WITH_KNOTS ( 'NONE', 3,
 ( #3588, #6775, #1506, #846, #5711, #4142, #6264, #3627, #5743, #5391, #2062, #4280, #538, #2161, #5289, #90, #640, #3233, #5350 ),
 .UNSPECIFIED., .F., .F.,
 ( 4, 1, 1, 1, 1, 1, 1, 1, 1, 1, 1, 1, 1, 1, 1, 1, 4 ),
 ( 0.000000000000000000, 0.06200663794921384975, 0.1206886809916012937, 0.1767731834117075018, 0.2317814084715716649, 0.2865224092909357534, 0.3430020190175298578, 0.4015190700472235918, 0.4639272173145542189, 0.5004236708597011862, 0.5454117845739701043, 0.5987210882214168972, 0.6614254681692205429, 0.7325329982764028358, 0.8126288386147100251, 0.9017864700021328561, 1.000000000000000000 ),
 .UNSPECIFIED. ) ;
#210 = DIRECTION ( 'NONE',  ( 1.000000000000000000, 0.000000000000000000, 0.000000000000000000 ) ) ;
#211 = FACE_OUTER_BOUND ( 'NONE', #7, .T. ) ;
#212 = LINE ( 'NONE', #4399, #5601 ) ;
#213 = DIRECTION ( 'NONE',  ( -0.000000000000000000, -0.000000000000000000, 1.000000000000000000 ) ) ;
#214 = EDGE_LOOP ( 'NONE', ( #2525, #2320, #2373, #1520 ) ) ;
#215 = ORIENTED_EDGE ( 'NONE', *, *, #112, .F. ) ;
#216 = CARTESIAN_POINT ( 'NONE',  ( 71.12052713510666990, 15.39999999999989733, 1.019054977024963948 ) ) ;
#217 = LINE ( 'NONE', #6557, #249 ) ;
#218 = CARTESIAN_POINT ( 'NONE',  ( 73.09655462085127908, 15.39999999999989910, 1.746709076317396692 ) ) ;
#219 = CARTESIAN_POINT ( 'NONE',  ( 79.59999999999999432, -4.600000000000047606, -12.00000000000000711 ) ) ;
#220 = CARTESIAN_POINT ( 'NONE',  ( 72.43525359035709243, 15.39999999999990088, -2.678965058003981881 ) ) ;
#221 = EDGE_CURVE ( 'NONE', #2297, #6740, #3792, .T. ) ;
#222 = ORIENTED_EDGE ( 'NONE', *, *, #2738, .T. ) ;
#223 = CARTESIAN_POINT ( 'NONE',  ( 71.30120107862120449, 14.39999999999990266, -1.651374106775552963 ) ) ;
#224 = ORIENTED_EDGE ( 'NONE', *, *, #4757, .F. ) ;
#225 = DIRECTION ( 'NONE',  ( -0.000000000000000000, -1.000000000000000000, -0.000000000000000000 ) ) ;
#226 = CARTESIAN_POINT ( 'NONE',  ( 71.20118482214212463, 14.39999999999990621, 2.704889508759304118 ) ) ;
#227 = CARTESIAN_POINT ( 'NONE',  ( 74.90284276358914894, 14.39999999999990266, 2.217489649434316146 ) ) ;
#228 = ORIENTED_EDGE ( 'NONE', *, *, #5446, .T. ) ;
#229 = CARTESIAN_POINT ( 'NONE',  ( 68.78641360549529793, 14.39999999999990621, 2.574331525156782874 ) ) ;
#230 = DIRECTION ( 'NONE',  ( -1.000000000000000000, 1.734723475976793684E-15, 0.000000000000000000 ) ) ;
#231 = ORIENTED_EDGE ( 'NONE', *, *, #142, .F. ) ;
#232 = ORIENTED_EDGE ( 'NONE', *, *, #6212, .T. ) ;
#233 = CARTESIAN_POINT ( 'NONE',  ( 72.32852855257954161, 14.39999999999990266, -1.651374106775552963 ) ) ;
#234 = CARTESIAN_POINT ( 'NONE',  ( 16.85941873256619061, -4.600000000000022737, 10.91787525116476054 ) ) ;
#235 = EDGE_CURVE ( 'NONE', #5864, #5956, #1738, .T. ) ;
#236 = CALENDAR_DATE ( 2024, 27, 5 ) ;
#237 = DIRECTION ( 'NONE',  ( -1.000000000000000000, 1.734723475976793487E-15, 0.000000000000000000 ) ) ;
#238 = CARTESIAN_POINT ( 'NONE',  ( 0.000000000000000000, 0.000000000000000000, 0.000000000000000000 ) ) ;
#239 = EDGE_LOOP ( 'NONE', ( #1793, #3503, #2861, #3143 ) ) ;
#240 = CARTESIAN_POINT ( 'NONE',  ( 73.87373821415268083, 14.39999999999989910, 2.423346347084254226 ) ) ;
#241 = CARTESIAN_POINT ( 'NONE',  ( 74.93635983262761613, 14.39999999999989555, -0.4659962522082454761 ) ) ;
#242 = EDGE_CURVE ( 'NONE', #5888, #3761, #5483, .T. ) ;
#243 = DIRECTION ( 'NONE',  ( -1.000000000000000000, -0.000000000000000000, 0.000000000000000000 ) ) ;
#244 = ORIENTED_EDGE ( 'NONE', *, *, #56, .F. ) ;
#245 = VERTEX_POINT ( 'NONE', #5972 ) ;
#246 = LINE ( 'NONE', #137, #4360 ) ;
#247 = DIRECTION ( 'NONE',  ( -1.000000000000000000, -0.000000000000000000, 0.000000000000000000 ) ) ;
#248 = CARTESIAN_POINT ( 'NONE',  ( 53.85519130524023979, 10.39999999999993463, -8.000000000000003553 ) ) ;
#249 = VECTOR ( 'NONE', #3926, 1000.000000000000000 ) ;
#250 = ORIENTED_EDGE ( 'NONE', *, *, #6331, .F. ) ;
#251 = CARTESIAN_POINT ( 'NONE',  ( 74.89694631374989342, 15.39999999999989733, 2.147589557527064930 ) ) ;
#252 = VERTEX_POINT ( 'NONE', #4925 ) ;
#253 = DIRECTION ( 'NONE',  ( -0.000000000000000000, -0.000000000000000000, 1.000000000000000000 ) ) ;
#254 = EDGE_CURVE ( 'NONE', #2344, #2116, #6447, .T. ) ;
#255 = CARTESIAN_POINT ( 'NONE',  ( 73.09655462085127908, 14.39999999999989910, 1.746709076317396692 ) ) ;
#256 = CARTESIAN_POINT ( 'NONE',  ( 68.34999999999999432, 5.799999999999999822, 34.57994974842648617 ) ) ;
#257 = CARTESIAN_POINT ( 'NONE',  ( 68.80623608905494848, 14.39999999999990976, 2.323225594699042773 ) ) ;
#258 = DIRECTION ( 'NONE',  ( -1.000000000000000000, 0.000000000000000000, 0.000000000000000000 ) ) ;
#259 = VERTEX_POINT ( 'NONE', #731 ) ;
#260 = CIRCLE ( 'NONE', #2015, 1.700000000000000178 ) ;
#261 = VERTEX_POINT ( 'NONE', #2847 ) ;
#262 = B_SPLINE_CURVE_WITH_KNOTS ( 'NONE', 3,
 ( #218, #5025, #2392, #2807, #4405, #5447, #4503, #4439, #6526, #4365, #6628, #5973, #1772, #4964, #1213, #3332, #693, #182, #2292 ),
 .UNSPECIFIED., .F., .F.,
 ( 4, 1, 1, 1, 1, 1, 1, 1, 1, 1, 1, 1, 1, 1, 1, 1, 4 ),
 ( 0.000000000000000000, 0.06200663794921384975, 0.1206886809916012937, 0.1767731834117075018, 0.2317814084715716649, 0.2865224092909357534, 0.3430020190175298578, 0.4015190700472235918, 0.4639272173145542189, 0.5004236708597011862, 0.5454117845739701043, 0.5987210882214168972, 0.6614254681692205429, 0.7325329982764028358, 0.8126288386147100251, 0.9017864700021328561, 1.000000000000000000 ),
 .UNSPECIFIED. ) ;
#263 = LINE ( 'NONE', #5140, #1927 ) ;
#264 = AXIS2_PLACEMENT_3D ( 'NONE', #4994, #247, #6040 ) ;
#265 = CARTESIAN_POINT ( 'NONE',  ( 74.32720925503879528, 15.39999999999989555, 0.9814335714634276897 ) ) ;
#266 = CIRCLE ( 'NONE', #6127, 1.700000000000000178 ) ;
#267 = CALENDAR_DATE ( 2024, 27, 5 ) ;
#268 = DIRECTION ( 'NONE',  ( 1.000000000000000000, 0.000000000000000000, -8.840969474524929881E-17 ) ) ;
#269 = DIRECTION ( 'NONE',  ( -7.513342922885434079E-16, 0.5000000000000032196, 0.8660254037844368202 ) ) ;
#270 = ORIENTED_EDGE ( 'NONE', *, *, #5089, .F. ) ;
#271 = AXIS2_PLACEMENT_3D ( 'NONE', #6622, #5517, #3813 ) ;
#272 = AXIS2_PLACEMENT_3D ( 'NONE', #1032, #4198, #3752 ) ;
#273 = EDGE_CURVE ( 'NONE', #4075, #4599, #4364, .T. ) ;
#274 = PLANE ( 'NONE',  #6139 ) ;
#275 = CARTESIAN_POINT ( 'NONE',  ( 71.22006733002911005, 14.39999999999990976, 3.168741705460304647 ) ) ;
#276 = FACE_OUTER_BOUND ( 'NONE', #4466, .T. ) ;
#277 = VECTOR ( 'NONE', #4070, 1000.000000000000000 ) ;
#278 = AXIS2_PLACEMENT_3D ( 'NONE', #4156, #1062, #6307 ) ;
#279 = EDGE_LOOP ( 'NONE', ( #4706, #3581, #5844, #2596 ) ) ;
#280 = EDGE_LOOP ( 'NONE', ( #3339, #3418, #3942, #736 ) ) ;
#281 = CARTESIAN_POINT ( 'NONE',  ( 69.79972246283594473, 14.39999999999990621, -2.658945283157764461 ) ) ;
#282 = EDGE_CURVE ( 'NONE', #3932, #4265, #217, .T. ) ;
#283 = CARTESIAN_POINT ( 'NONE',  ( 0.000000000000000000, 14.53658536585358441, 0.000000000000000000 ) ) ;
#284 = AXIS2_PLACEMENT_3D ( 'NONE', #5300, #5367, #4194 ) ;
#285 = AXIS2_PLACEMENT_3D ( 'NONE', #3831, #1109, #669 ) ;
#286 = LINE ( 'NONE', #1315, #6143 ) ;
#287 = EDGE_CURVE ( 'NONE', #6784, #4075, #1802, .T. ) ;
#288 = ADVANCED_FACE ( 'NONE', ( #5523 ), #764, .T. ) ;
#289 = VECTOR ( 'NONE', #816, 1000.000000000000000 ) ;
#290 = ORIENTED_EDGE ( 'NONE', *, *, #2301, .T. ) ;
#291 = DIRECTION ( 'NONE',  ( 1.734723475976793684E-15, 1.000000000000000000, -0.000000000000000000 ) ) ;
#292 = ORIENTED_EDGE ( 'NONE', *, *, #3537, .F. ) ;
#293 = CARTESIAN_POINT ( 'NONE',  ( 17.95661438022211698, -4.600000000000023626, 9.000000000000005329 ) ) ;
#294 = AXIS2_PLACEMENT_3D ( 'NONE', #5075, #780, #6645 ) ;
#295 = DIRECTION ( 'NONE',  ( -4.003208021484938538E-16, 1.000000000000000000, 5.787049111740484599E-32 ) ) ;
#296 = CARTESIAN_POINT ( 'NONE',  ( 74.93635983262761613, 14.39999999999989555, -5.918734383217860717 ) ) ;
#297 = VECTOR ( 'NONE', #3140, 1000.000000000000000 ) ;
#298 = CARTESIAN_POINT ( 'NONE',  ( 73.90903235866929322, 14.39999999999989910, 3.302517510436987269 ) ) ;
#299 = VERTEX_POINT ( 'NONE', #2212 ) ;
#300 = EDGE_LOOP ( 'NONE', ( #1864, #5858, #4723, #6573 ) ) ;
#301 = CARTESIAN_POINT ( 'NONE',  ( 71.62862236749184319, 15.39999999999989555, 1.571066214443317399 ) ) ;
#302 = CARTESIAN_POINT ( 'NONE',  ( 73.35881489047667969, 15.39999999999990088, 0.5688959656647448737 ) ) ;
#303 = DATE_AND_TIME ( #4456, #411 ) ;
#304 = DIRECTION ( 'NONE',  ( 0.000000000000000000, 0.000000000000000000, 1.000000000000000000 ) ) ;
#305 = CARTESIAN_POINT ( 'NONE',  ( 79.59999999999999432, 3.000000000000000888, 23.82005025157352662 ) ) ;
#306 = VERTEX_POINT ( 'NONE', #4328 ) ;
#307 = AXIS2_PLACEMENT_3D ( 'NONE', #4878, #1757, #2168 ) ;
#308 = CARTESIAN_POINT ( 'NONE',  ( 71.18777223358992501, 14.39999999999990621, -3.874734250285518655 ) ) ;
#309 = CARTESIAN_POINT ( 'NONE',  ( 73.71640845730209435, 14.39999999999989910, -5.171699381120754779 ) ) ;
#310 = DIRECTION ( 'NONE',  ( -4.003208021484938538E-16, 1.000000000000000000, 5.787049111740484599E-32 ) ) ;
#311 = VERTEX_POINT ( 'NONE', #6448 ) ;
#312 = EDGE_LOOP ( 'NONE', ( #3936, #533, #4996, #3409 ) ) ;
#313 = CARTESIAN_POINT ( 'NONE',  ( 0.000000000000000000, 14.53658536585358441, 13.73636363457416465 ) ) ;
#314 = DIRECTION ( 'NONE',  ( -0.7071067811865554553, -0.7071067811865395791, 0.000000000000000000 ) ) ;
#315 = DIRECTION ( 'NONE',  ( -1.000000000000000000, -5.102127870520019996E-16, 0.000000000000000000 ) ) ;
#316 = EDGE_CURVE ( 'NONE', #320, #6194, #2617, .T. ) ;
#317 = EDGE_CURVE ( 'NONE', #197, #3856, #1571, .T. ) ;
#318 = VERTEX_POINT ( 'NONE', #575 ) ;
#319 = CARTESIAN_POINT ( 'NONE',  ( 79.59999999999999432, 15.79999999999999893, 31.00000000000000711 ) ) ;
#320 = VERTEX_POINT ( 'NONE', #5820 ) ;
#321 = CARTESIAN_POINT ( 'NONE',  ( 16.85941873256619417, 15.39999999999992575, 9.000000000000005329 ) ) ;
#322 = EDGE_CURVE ( 'NONE', #62, #2246, #4765, .T. ) ;
#323 = CARTESIAN_POINT ( 'NONE',  ( 62.09999999999998010, 10.39999999999994351, 7.999999999999994671 ) ) ;
#324 = CARTESIAN_POINT ( 'NONE',  ( 70.09266440679914467, 15.39999999999990443, -5.409255506331423824 ) ) ;
#325 = LINE ( 'NONE', #3384, #5819 ) ;
#326 = VERTEX_POINT ( 'NONE', #3773 ) ;
#327 = ORIENTED_EDGE ( 'NONE', *, *, #5742, .T. ) ;
#328 = DIRECTION ( 'NONE',  ( -0.000000000000000000, -0.000000000000000000, 1.000000000000000000 ) ) ;
#329 = LINE ( 'NONE', #5074, #3150 ) ;
#330 = CARTESIAN_POINT ( 'NONE',  ( 69.79972246283594473, 14.39999999999990621, -2.658945283157764461 ) ) ;
#331 = CARTESIAN_POINT ( 'NONE',  ( 68.77239498887762181, 15.39999999999990621, -3.052836466081692901 ) ) ;
#332 = VERTEX_POINT ( 'NONE', #5886 ) ;
#333 = CARTESIAN_POINT ( 'NONE',  ( 69.80796028888411797, 14.39999999999990621, 2.897908610083109071 ) ) ;
#334 = ADVANCED_FACE ( 'NONE', ( #2202 ), #3011, .T. ) ;
#335 = CARTESIAN_POINT ( 'NONE',  ( 71.21773614853290724, 14.39999999999989910, 3.040723011660164232 ) ) ;
#336 = LINE ( 'NONE', #4557, #3280 ) ;
#337 = DIRECTION ( 'NONE',  ( 0.000000000000000000, 1.000000000000000000, -4.336808689942013792E-16 ) ) ;
#338 = ORIENTED_EDGE ( 'NONE', *, *, #4505, .F. ) ;
#339 = VERTEX_POINT ( 'NONE', #20 ) ;
#340 = CARTESIAN_POINT ( 'NONE',  ( 70.13089027347707827, 14.39999999999990976, 2.074088630199587335 ) ) ;
#341 = CARTESIAN_POINT ( 'NONE',  ( 71.37465663119245107, 14.39999999999990621, -5.228474604601561104 ) ) ;
#342 = CARTESIAN_POINT ( 'NONE',  ( 70.77066868641429664, 14.39999999999990976, 2.026953436367112893 ) ) ;
#343 = ORIENTED_EDGE ( 'NONE', *, *, #5823, .T. ) ;
#344 = EDGE_LOOP ( 'NONE', ( #3346, #1186, #5714, #1592 ) ) ;
#345 = DIRECTION ( 'NONE',  ( 0.000000000000000000, 0.000000000000000000, 1.000000000000000000 ) ) ;
#346 = CARTESIAN_POINT ( 'NONE',  ( 63.59999999999998721, 10.39999999999992752, 8.711324865405194018 ) ) ;
#347 = DIRECTION ( 'NONE',  ( -1.000000000000000000, 1.734723475976793487E-15, 0.000000000000000000 ) ) ;
#348 = EDGE_CURVE ( 'NONE', #3296, #326, #6834, .T. ) ;
#349 = EDGE_CURVE ( 'NONE', #92, #5372, #1859, .T. ) ;
#350 = LINE ( 'NONE', #3021, #2911 ) ;
#351 = LINE ( 'NONE', #6184, #6791 ) ;
#352 = LINE ( 'NONE', #6287, #3607 ) ;
#353 = EDGE_LOOP ( 'NONE', ( #2144, #2329, #3946, #6734, #2965, #5023, #5955, #6272 ) ) ;
#354 = VERTEX_POINT ( 'NONE', #3952 ) ;
#355 = DIRECTION ( 'NONE',  ( -1.339769540164036683E-16, 2.824486277430831060E-33, -1.000000000000000000 ) ) ;
#356 = VECTOR ( 'NONE', #1179, 1000.000000000000000 ) ;
#357 = EDGE_CURVE ( 'NONE', #5310, #5795, #2764, .T. ) ;
#358 = LINE ( 'NONE', #2466, #931 ) ;
#359 = ADVANCED_FACE ( 'NONE', ( #5512 ), #6025, .T. ) ;
#360 = CARTESIAN_POINT ( 'NONE',  ( 73.56642240031028734, 15.39999999999989555, 0.6053594959110776275 ) ) ;
#361 = APPROVAL_DATE_TIME ( #303, #106 ) ;
#362 = PLANE ( 'NONE',  #6116 ) ;
#363 = CARTESIAN_POINT ( 'NONE',  ( 8.398374908734733507E-16, -6.221152422706576424, 10.77535207775818904 ) ) ;
#364 = DIRECTION ( 'NONE',  ( -4.003208021484938538E-16, 1.000000000000000000, 5.787049111740484599E-32 ) ) ;
#365 = ORIENTED_EDGE ( 'NONE', *, *, #5565, .T. ) ;
#366 = CARTESIAN_POINT ( 'NONE',  ( 71.27418567200449218, 14.39999999999989910, -3.488080375123540300 ) ) ;
#367 = DIRECTION ( 'NONE',  ( -0.000000000000000000, -0.000000000000000000, 1.000000000000000000 ) ) ;
#368 = CARTESIAN_POINT ( 'NONE',  ( 35.90000000000005542, 15.39999999999992752, 12.00000000000000533 ) ) ;
#369 = CARTESIAN_POINT ( 'NONE',  ( 2.064683318632211874E-15, 14.89999999999992752, -16.85941873256619772 ) ) ;
#370 = CIRCLE ( 'NONE', #5239, 1.700000000000000178 ) ;
#371 = ORIENTED_EDGE ( 'NONE', *, *, #2689, .T. ) ;
#372 = EDGE_LOOP ( 'NONE', ( #4934, #626, #2664, #3907, #6077 ) ) ;
#373 = CARTESIAN_POINT ( 'NONE',  ( 74.84999999999999432, 5.799999999999999822, 37.97994974842648475 ) ) ;
#374 = CARTESIAN_POINT ( 'NONE',  ( 69.80164682179220392, 14.39999999999990976, -3.152867188440019675 ) ) ;
#375 = CARTESIAN_POINT ( 'NONE',  ( 16.85941873256619061, -4.600000000000022737, 9.000000000000005329 ) ) ;
#376 = AXIS2_PLACEMENT_3D ( 'NONE', #3177, #2165, #5292 ) ;
#377 = AXIS2_PLACEMENT_3D ( 'NONE', #6480, #3810, #2798 ) ;
#378 = CARTESIAN_POINT ( 'NONE',  ( 72.96391959705806585, 14.39999999999989555, 1.750959492532965234 ) ) ;
#379 = ORIENTED_EDGE ( 'NONE', *, *, #1884, .F. ) ;
#380 = VERTEX_POINT ( 'NONE', #2342 ) ;
#381 = CARTESIAN_POINT ( 'NONE',  ( 16.85941873256619061, -4.558673709541774421, 10.53435349362240814 ) ) ;
#382 = TOROIDAL_SURFACE ( 'NONE', #4259, 14.07977272543851832, 0.5000000000000011102 ) ;
#383 = CIRCLE ( 'NONE', #4367, 10.75918212505004767 ) ;
#384 = DIRECTION ( 'NONE',  ( 0.000000000000000000, 0.000000000000000000, 1.000000000000000000 ) ) ;
#385 = DIRECTION ( 'NONE',  ( -0.000000000000000000, 1.000000000000000000, -0.000000000000000000 ) ) ;
#386 = VECTOR ( 'NONE', #6365, 1000.000000000000000 ) ;
#387 = CARTESIAN_POINT ( 'NONE',  ( 73.20000000000000284, 5.799999999999999822, 34.57994974842648617 ) ) ;
#388 = EDGE_CURVE ( 'NONE', #5109, #6784, #4424, .T. ) ;
#389 = CARTESIAN_POINT ( 'NONE',  ( 72.03635931963478356, 15.39999999999989910, 0.9927408969221741541 ) ) ;
#390 = CARTESIAN_POINT ( 'NONE',  ( 69.79972246283595894, 14.39999999999990621, 3.760616660483311779 ) ) ;
#391 = ORIENTED_EDGE ( 'NONE', *, *, #4119, .T. ) ;
#392 = VERTEX_POINT ( 'NONE', #4457 ) ;
#393 = LINE ( 'NONE', #4101, #5254 ) ;
#394 = VECTOR ( 'NONE', #4170, 1000.000000000000000 ) ;
#395 = CARTESIAN_POINT ( 'NONE',  ( 0.000000000000000000, 15.39999999999992752, 0.000000000000000000 ) ) ;
#396 = DIRECTION ( 'NONE',  ( 0.000000000000000000, 0.000000000000000000, 1.000000000000000000 ) ) ;
#397 = AXIS2_PLACEMENT_3D ( 'NONE', #3032, #4139, #3691 ) ;
#398 = FACE_OUTER_BOUND ( 'NONE', #1259, .T. ) ;
#399 = ADVANCED_FACE ( 'NONE', ( #6065, #4952 ), #4351, .F. ) ;
#400 = DIRECTION ( 'NONE',  ( -1.000000000000000000, 0.000000000000000000, -7.794060786255082520E-17 ) ) ;
#401 = CARTESIAN_POINT ( 'NONE',  ( 63.59999999999998721, 10.89999999999992752, -9.000000000000005329 ) ) ;
#402 = ORIENTED_EDGE ( 'NONE', *, *, #5831, .T. ) ;
#403 = EDGE_CURVE ( 'NONE', #3165, #6769, #168, .T. ) ;
#404 = EDGE_CURVE ( 'NONE', #4449, #2353, #4666, .T. ) ;
#405 = CARTESIAN_POINT ( 'NONE',  ( 70.77790974816997505, 14.39999999999990621, -4.231479515289912285 ) ) ;
#406 = VECTOR ( 'NONE', #3855, 1000.000000000000000 ) ;
#407 = PLANE ( 'NONE',  #6268 ) ;
#408 = CARTESIAN_POINT ( 'NONE',  ( 70.32326434860318898, 14.39999999999990621, 0.7984067926635499690 ) ) ;
#409 = EDGE_CURVE ( 'NONE', #2702, #48, #50, .T. ) ;
#410 = DIRECTION ( 'NONE',  ( 0.000000000000000000, 0.000000000000000000, -1.000000000000000000 ) ) ;
#411 = LOCAL_TIME ( 13, 34, 34.00000000000000000, #1360 ) ;
#412 = EDGE_LOOP ( 'NONE', ( #2632, #3644, #1021, #2874 ) ) ;
#413 = VERTEX_POINT ( 'NONE', #3392 ) ;
#414 = DIRECTION ( 'NONE',  ( 0.000000000000000000, 0.000000000000000000, 1.000000000000000000 ) ) ;
#415 = CARTESIAN_POINT ( 'NONE',  ( 69.81063504894521543, 14.39999999999989910, -3.476774752041355221 ) ) ;
#416 = LINE ( 'NONE', #3565, #3172 ) ;
#417 = EDGE_LOOP ( 'NONE', ( #1297, #4887 ) ) ;
#418 = VERTEX_POINT ( 'NONE', #4492 ) ;
#419 = CARTESIAN_POINT ( 'NONE',  ( 51.85519130524025400, 8.399999999999936406, 8.000000000000003553 ) ) ;
#420 = VERTEX_POINT ( 'NONE', #3351 ) ;
#421 = DIRECTION ( 'NONE',  ( 1.000000000000000000, 5.102127870520019996E-16, 0.000000000000000000 ) ) ;
#422 = LINE ( 'NONE', #1388, #595 ) ;
#423 = LINE ( 'NONE', #4681, #6488 ) ;
#424 = ORIENTED_EDGE ( 'NONE', *, *, #1027, .T. ) ;
#425 = EDGE_LOOP ( 'NONE', ( #4535, #2633, #4162, #3857 ) ) ;
#426 = CARTESIAN_POINT ( 'NONE',  ( 16.85941873256619061, -2.924642946670579015E-15, 0.000000000000000000 ) ) ;
#427 = CARTESIAN_POINT ( 'NONE',  ( 73.87373821415268083, 14.39999999999989910, 2.423346347084254226 ) ) ;
#428 = LINE ( 'NONE', #459, #2283 ) ;
#429 = CARTESIAN_POINT ( 'NONE',  ( 57.09999999999994458, 15.39999999999992752, -12.00000000000000533 ) ) ;
#430 = PLANE ( 'NONE',  #480 ) ;
#431 = DIRECTION ( 'NONE',  ( -1.000000000000000000, -0.000000000000000000, -0.000000000000000000 ) ) ;
#432 = ORIENTED_EDGE ( 'NONE', *, *, #188, .F. ) ;
#433 = DIRECTION ( 'NONE',  ( 1.000000000000000000, -1.155343444614804669E-15, 0.000000000000000000 ) ) ;
#434 = ADVANCED_FACE ( 'NONE', ( #5468 ), #716, .F. ) ;
#435 = CARTESIAN_POINT ( 'NONE',  ( 26.95622670975753010, 15.39999999999992397, 0.000000000000000000 ) ) ;
#436 = ADVANCED_FACE ( 'NONE', ( #2969 ), #362, .T. ) ;
#437 = DIRECTION ( 'NONE',  ( 0.000000000000000000, 0.000000000000000000, 1.000000000000000000 ) ) ;
#438 = CARTESIAN_POINT ( 'NONE',  ( 35.90000000000005542, 15.39999999999992752, 9.000000000000005329 ) ) ;
#439 = ORIENTED_EDGE ( 'NONE', *, *, #5778, .F. ) ;
#440 = ORIENTED_EDGE ( 'NONE', *, *, #1921, .F. ) ;
#441 = CARTESIAN_POINT ( 'NONE',  ( 70.36747314018045074, 15.39999999999990621, 1.988291369166867772 ) ) ;
#442 = DIRECTION ( 'NONE',  ( 0.000000000000000000, -0.000000000000000000, -1.000000000000000000 ) ) ;
#443 = DIRECTION ( 'NONE',  ( -1.000000000000000000, -2.679539080328072873E-16, 1.786359386885381915E-16 ) ) ;
#444 = EDGE_CURVE ( 'NONE', #320, #2702, #4551, .T. ) ;
#445 = EDGE_CURVE ( 'NONE', #1931, #6725, #4038, .T. ) ;
#446 = LINE ( 'NONE', #2663, #6499 ) ;
#447 = VERTEX_POINT ( 'NONE', #809 ) ;
#448 = ORIENTED_EDGE ( 'NONE', *, *, #1538, .F. ) ;
#449 = PLANE ( 'NONE',  #41 ) ;
#450 = CARTESIAN_POINT ( 'NONE',  ( 79.59999999999999432, -4.600000000000048495, 34.97994974842648475 ) ) ;
#451 = DIRECTION ( 'NONE',  ( -1.734723475976805517E-15, 1.000000000000000000, -9.860761315262647568E-32 ) ) ;
#452 = CARTESIAN_POINT ( 'NONE',  ( 25.25622670975753081, 15.11132486540511621, -1.699999999999999512 ) ) ;
#453 = VERTEX_POINT ( 'NONE', #2441 ) ;
#454 = CARTESIAN_POINT ( 'NONE',  ( 63.59999999999998721, -4.600000000000048495, 37.97994974842648475 ) ) ;
#455 = ORIENTED_EDGE ( 'NONE', *, *, #5959, .F. ) ;
#456 = ORIENTED_EDGE ( 'NONE', *, *, #3619, .T. ) ;
#457 = LINE ( 'NONE', #974, #2822 ) ;
#458 = DIRECTION ( 'NONE',  ( -1.000000000000000000, 1.688578880590869955E-15, 0.000000000000000000 ) ) ;
#459 = CARTESIAN_POINT ( 'NONE',  ( 73.90903235866929322, 14.39999999999989910, 3.302517510436987269 ) ) ;
#460 = CARTESIAN_POINT ( 'NONE',  ( 16.85941873256619061, -4.415797321387791463, -10.17341607780667623 ) ) ;
#461 = DIRECTION ( 'NONE',  ( -1.927470528863117076E-16, -0.000000000000000000, -1.000000000000000000 ) ) ;
#462 = B_SPLINE_CURVE_WITH_KNOTS ( 'NONE', 3,
 ( #4870, #1222, #5557, #1905, #5662, #2961, #4096, #3541, #897, #2431, #6183, #6148, #5630, #1452, #1421 ),
 .UNSPECIFIED., .F., .F.,
 ( 4, 1, 1, 1, 1, 1, 1, 1, 1, 1, 1, 1, 4 ),
 ( 0.000000000000000000, 0.1071150479041732967, 0.2096387418529832569, 0.3076427484844150295, 0.4017505500238101601, 0.4516771565957541368, 0.5082937728646217401, 0.5722686211886722774, 0.6436774948393912954, 0.7218663021442978112, 0.8075591223003665275, 0.9002642733319617951, 1.000000000000000000 ),
 .UNSPECIFIED. ) ;
#463 = LINE ( 'NONE', #3628, #3718 ) ;
#464 = ORIENTED_EDGE ( 'NONE', *, *, #5708, .F. ) ;
#465 = AXIS2_PLACEMENT_3D ( 'NONE', #4404, #3859, #692 ) ;
#466 = CARTESIAN_POINT ( 'NONE',  ( 70.39521854787932398, 15.39999999999990088, -4.253107866730692521 ) ) ;
#467 = CARTESIAN_POINT ( 'NONE',  ( 74.93022801735448013, 14.39999999999989200, 3.082727676609621437 ) ) ;
#468 = AXIS2_PLACEMENT_3D ( 'NONE', #6325, #5316, #3173 ) ;
#469 = DIRECTION ( 'NONE',  ( -0.000000000000000000, 1.000000000000000000, 0.000000000000000000 ) ) ;
#470 = DIRECTION ( 'NONE',  ( -1.000000000000000000, -2.679539080328072873E-16, 1.786359386885381915E-16 ) ) ;
#471 = ORIENTED_EDGE ( 'NONE', *, *, #4548, .T. ) ;
#472 = EDGE_CURVE ( 'NONE', #194, #1854, #4436, .T. ) ;
#473 = ORIENTED_EDGE ( 'NONE', *, *, #2900, .F. ) ;
#474 = DIRECTION ( 'NONE',  ( 0.000000000000000000, 0.000000000000000000, 1.000000000000000000 ) ) ;
#475 = AXIS2_PLACEMENT_3D ( 'NONE', #1039, #4678, #2050 ) ;
#476 = CARTESIAN_POINT ( 'NONE',  ( 72.21534251241888569, 14.39999999999990266, -3.958909425187983722 ) ) ;
#477 = CARTESIAN_POINT ( 'NONE',  ( 73.39205591599043998, 14.39999999999990621, 1.787415871823079261 ) ) ;
#478 = CARTESIAN_POINT ( 'NONE',  ( 73.24953848326200045, 15.39999999999990088, 1.751948033636314239 ) ) ;
#479 = AXIS2_PLACEMENT_3D ( 'NONE', #2636, #1035, #1072 ) ;
#480 = AXIS2_PLACEMENT_3D ( 'NONE', #4587, #3486, #6677 ) ;
#481 = ORIENTED_EDGE ( 'NONE', *, *, #409, .F. ) ;
#482 = ADVANCED_FACE ( 'NONE', ( #1887, #4007 ), #6744, .T. ) ;
#483 = ORIENTED_EDGE ( 'NONE', *, *, #3075, .F. ) ;
#484 = CARTESIAN_POINT ( 'NONE',  ( 63.59999999999998721, -4.199999999999992184, 31.00000000000000711 ) ) ;
#485 = CARTESIAN_POINT ( 'NONE',  ( 79.59999999999999432, 16.20000000000005613, 20.40377336712970546 ) ) ;
#486 = EDGE_CURVE ( 'NONE', #1316, #4371, #5077, .T. ) ;
#487 = DIRECTION ( 'NONE',  ( 0.7071067811865472397, 1.887130358994920992E-16, -0.7071067811865479058 ) ) ;
#488 = AXIS2_PLACEMENT_3D ( 'NONE', #2839, #5545, #6481 ) ;
#489 = VECTOR ( 'NONE', #1660, 1000.000000000000000 ) ;
#490 = AXIS2_PLACEMENT_3D ( 'NONE', #3689, #4687, #4137 ) ;
#491 = CARTESIAN_POINT ( 'NONE',  ( 72.24950336227506398, 14.39999999999990266, 3.456863585250439019 ) ) ;
#492 = VECTOR ( 'NONE', #6770, 1000.000000000000000 ) ;
#493 = ADVANCED_FACE ( 'NONE', ( #398 ), #903, .T. ) ;
#494 = ORIENTED_EDGE ( 'NONE', *, *, #2907, .F. ) ;
#495 = LINE ( 'NONE', #2713, #4710 ) ;
#496 = VERTEX_POINT ( 'NONE', #5107 ) ;
#497 = ORIENTED_EDGE ( 'NONE', *, *, #1363, .F. ) ;
#498 = DIRECTION ( 'NONE',  ( 1.734723475976793684E-15, 1.000000000000000000, -0.000000000000000000 ) ) ;
#499 = CARTESIAN_POINT ( 'NONE',  ( 69.44915870137609204, 15.39999999999990976, 1.087063180763373493 ) ) ;
#500 = AXIS2_PLACEMENT_3D ( 'NONE', #5426, #4281, #1714 ) ;
#501 = CARTESIAN_POINT ( 'NONE',  ( 61.79999999999991189, 0.3999999999999514499, 2.081899558550494117E-16 ) ) ;
#502 = DIRECTION ( 'NONE',  ( -4.003208021484938538E-16, 1.000000000000000000, 5.787049111740484599E-32 ) ) ;
#503 = EDGE_LOOP ( 'NONE', ( #2884, #6355, #1701, #6017, #3081, #440 ) ) ;
#504 = CARTESIAN_POINT ( 'NONE',  ( 25.25622670975753081, 15.11132486540511621, -1.113718120825630128E-32 ) ) ;
#505 = AXIS2_PLACEMENT_3D ( 'NONE', #2782, #737, #4509 ) ;
#506 = FACE_OUTER_BOUND ( 'NONE', #639, .T. ) ;
#507 = EDGE_LOOP ( 'NONE', ( #3987, #2237, #1455, #1609 ) ) ;
#508 = CARTESIAN_POINT ( 'NONE',  ( 70.53440977894797470, 15.39999999999990266, -4.259205386823629702 ) ) ;
#509 = AXIS2_PLACEMENT_3D ( 'NONE', #1197, #4877, #125 ) ;
#510 = CARTESIAN_POINT ( 'NONE',  ( 63.09999999999998721, 15.39999999999991687, -12.00000000000000533 ) ) ;
#511 = DIRECTION ( 'NONE',  ( 0.7071067811865493491, 0.7071067811865456854, 0.000000000000000000 ) ) ;
#512 = CARTESIAN_POINT ( 'NONE',  ( 73.48133023504041716, 14.39999999999989910, -3.616386291650090179 ) ) ;
#513 = DIRECTION ( 'NONE',  ( 0.000000000000000000, 0.000000000000000000, -1.000000000000000000 ) ) ;
#514 = ORIENTED_EDGE ( 'NONE', *, *, #1489, .F. ) ;
#515 = VERTEX_POINT ( 'NONE', #1985 ) ;
#516 = CARTESIAN_POINT ( 'NONE',  ( 35.90000000000005542, 15.39999999999992752, 9.000000000000005329 ) ) ;
#517 = VECTOR ( 'NONE', #5828, 1000.000000000000000 ) ;
#518 = CARTESIAN_POINT ( 'NONE',  ( 73.90903235866929322, 14.39999999999989910, 4.512590736974447125 ) ) ;
#519 = CARTESIAN_POINT ( 'NONE',  ( 73.77006815709130194, 15.39999999999989555, 0.6684916159335472230 ) ) ;
#520 = LOCAL_TIME ( 13, 34, 34.00000000000000000, #5604 ) ;
#521 = CARTESIAN_POINT ( 'NONE',  ( 22.25622670975753437, 10.39999999999993108, 7.000000000000000000 ) ) ;
#522 = VERTEX_POINT ( 'NONE', #3550 ) ;
#523 = ORIENTED_EDGE ( 'NONE', *, *, #3433, .F. ) ;
#524 = DIRECTION ( 'NONE',  ( 0.000000000000000000, 0.000000000000000000, 1.000000000000000000 ) ) ;
#525 = DIRECTION ( 'NONE',  ( -0.000000000000000000, -0.000000000000000000, -1.000000000000000000 ) ) ;
#526 = CARTESIAN_POINT ( 'NONE',  ( 58.39999999999990621, 10.39999999999994174, 2.081899558550500033E-16 ) ) ;
#527 = EDGE_CURVE ( 'NONE', #4898, #2297, #2703, .T. ) ;
#528 = EDGE_CURVE ( 'NONE', #413, #5754, #5181, .T. ) ;
#529 = DIRECTION ( 'NONE',  ( -0.000000000000000000, 1.000000000000000000, -0.000000000000000000 ) ) ;
#530 = ORIENTED_EDGE ( 'NONE', *, *, #4627, .T. ) ;
#531 = FACE_OUTER_BOUND ( 'NONE', #5658, .T. ) ;
#532 = ORIENTED_EDGE ( 'NONE', *, *, #6806, .F. ) ;
#533 = ORIENTED_EDGE ( 'NONE', *, *, #5097, .T. ) ;
#534 = DIRECTION ( 'NONE',  ( -2.668805347656625692E-16, 1.000000000000000000, 3.858032741160322701E-32 ) ) ;
#535 = LINE ( 'NONE', #6221, #946 ) ;
#536 = CARTESIAN_POINT ( 'NONE',  ( 16.85941873256619417, -4.318458816063790451, -10.06353403723371009 ) ) ;
#537 = ORIENTED_EDGE ( 'NONE', *, *, #2645, .T. ) ;
#538 = CARTESIAN_POINT ( 'NONE',  ( 72.28191553250626100, 14.39999999999989555, 2.591714497433034392 ) ) ;
#539 = CARTESIAN_POINT ( 'NONE',  ( 63.59999999999998721, 12.44622315972941351, 28.82005025157353018 ) ) ;
#540 = ORIENTED_EDGE ( 'NONE', *, *, #2346, .T. ) ;
#541 = DIRECTION ( 'NONE',  ( 1.000000000000000000, 0.000000000000000000, 0.000000000000000000 ) ) ;
#542 = LINE ( 'NONE', #4806, #5052 ) ;
#543 = CARTESIAN_POINT ( 'NONE',  ( 18.84220542791367947, -4.565670918558028646, -12.00000000000000533 ) ) ;
#544 = CARTESIAN_POINT ( 'NONE',  ( 69.32619281100085118, 14.39999999999990621, -5.037393581928993669 ) ) ;
#545 = VERTEX_POINT ( 'NONE', #2648 ) ;
#546 = PLANE ( 'NONE',  #6472 ) ;
#547 = DIRECTION ( 'NONE',  ( 1.224646799147357151E-16, 0.000000000000000000, -1.000000000000000000 ) ) ;
#548 = EDGE_CURVE ( 'NONE', #1079, #6507, #3567, .T. ) ;
#549 = CARTESIAN_POINT ( 'NONE',  ( 73.77006815709130194, 14.39999999999989910, 0.6684916159335472230 ) ) ;
#550 = DIRECTION ( 'NONE',  ( -0.8473674540382942766, 1.050718911540115274E-15, 0.5310069659021992017 ) ) ;
#551 = ORIENTED_EDGE ( 'NONE', *, *, #5918, .F. ) ;
#552 = ORIENTED_EDGE ( 'NONE', *, *, #4630, .T. ) ;
#553 = LINE ( 'NONE', #3156, #489 ) ;
#554 = DIRECTION ( 'NONE',  ( -1.000000000000000000, 0.000000000000000000, 0.000000000000000000 ) ) ;
#555 = CARTESIAN_POINT ( 'NONE',  ( 16.85941873256619417, 15.39999999999992575, 12.00000000000000533 ) ) ;
#556 = CARTESIAN_POINT ( 'NONE',  ( 70.26452286950249970, 15.39999999999989733, -4.220826216987160429 ) ) ;
#557 = VERTEX_POINT ( 'NONE', #5248 ) ;
#558 = CARTESIAN_POINT ( 'NONE',  ( 0.000000000000000000, 15.23111111111103888, 17.23407248217877097 ) ) ;
#559 = EDGE_LOOP ( 'NONE', ( #5804, #5987, #4120, #119, #1226, #6612, #2909, #4715, #6855, #102 ) ) ;
#560 = EDGE_CURVE ( 'NONE', #2993, #320, #2196, .T. ) ;
#561 = ORIENTED_EDGE ( 'NONE', *, *, #3972, .T. ) ;
#562 = LINE ( 'NONE', #5385, #1600 ) ;
#563 = CARTESIAN_POINT ( 'NONE',  ( 74.47629457339783698, 14.39999999999990266, 1.125095989200419755 ) ) ;
#564 = CARTESIAN_POINT ( 'NONE',  ( 16.85941873256619061, -4.032425550265219094, 9.976613229558328300 ) ) ;
#565 = ORIENTED_EDGE ( 'NONE', *, *, #2922, .T. ) ;
#566 = CARTESIAN_POINT ( 'NONE',  ( 68.83454868887599787, 14.39999999999990976, -4.058953192824878542 ) ) ;
#567 = DIRECTION ( 'NONE',  ( 1.000000000000000000, 3.469446951953614189E-16, -0.000000000000000000 ) ) ;
#568 = VERTEX_POINT ( 'NONE', #2160 ) ;
#569 = EDGE_CURVE ( 'NONE', #3968, #1280, #1114, .T. ) ;
#570 = EDGE_CURVE ( 'NONE', #3273, #4867, #4691, .T. ) ;
#571 = DIRECTION ( 'NONE',  ( -0.7071067811865490160, -1.226634733346700691E-15, 0.7071067811865460184 ) ) ;
#572 = ADVANCED_FACE ( 'NONE', ( #47 ), #1016, .F. ) ;
#573 = DIRECTION ( 'NONE',  ( 0.7071067811865482389, 1.226634733346699310E-15, 0.7071067811865469066 ) ) ;
#574 = LINE ( 'NONE', #6302, #3616 ) ;
#575 = CARTESIAN_POINT ( 'NONE',  ( 63.59999999999998721, 7.400000000004201439, -2.799999999999999822 ) ) ;
#576 = LINE ( 'NONE', #6373, #4134 ) ;
#577 = EDGE_LOOP ( 'NONE', ( #1783, #4091, #2258, #4812, #4441, #1177, #940 ) ) ;
#578 = FACE_OUTER_BOUND ( 'NONE', #1993, .T. ) ;
#579 = DIRECTION ( 'NONE',  ( 1.734723475976793684E-15, 1.000000000000000000, 0.000000000000000000 ) ) ;
#580 = CARTESIAN_POINT ( 'NONE',  ( 71.59999999999999432, 5.799999999999999822, 23.82005025157352662 ) ) ;
#581 = VECTOR ( 'NONE', #5731, 1000.000000000000000 ) ;
#582 = FACE_OUTER_BOUND ( 'NONE', #344, .T. ) ;
#583 = ORIENTED_EDGE ( 'NONE', *, *, #2224, .F. ) ;
#584 = ORIENTED_EDGE ( 'NONE', *, *, #2867, .F. ) ;
#585 = LINE ( 'NONE', #1522, #1704 ) ;
#586 = CARTESIAN_POINT ( 'NONE',  ( 73.24953848326200045, 15.39999999999990088, 1.751948033636314239 ) ) ;
#587 = CARTESIAN_POINT ( 'NONE',  ( 21.75622670975752726, 10.39999999999992752, -8.711324865405194018 ) ) ;
#588 = VECTOR ( 'NONE', #4329, 1000.000000000000000 ) ;
#589 = AXIS2_PLACEMENT_3D ( 'NONE', #4984, #5570, #5542 ) ;
#590 = DIRECTION ( 'NONE',  ( 0.000000000000000000, 0.000000000000000000, 1.000000000000000000 ) ) ;
#591 = ORIENTED_EDGE ( 'NONE', *, *, #5569, .F. ) ;
#592 = DIRECTION ( 'NONE',  ( -0.000000000000000000, 1.000000000000000000, -0.000000000000000000 ) ) ;
#593 = AXIS2_PLACEMENT_3D ( 'NONE', #4315, #711, #201 ) ;
#594 = ORIENTED_EDGE ( 'NONE', *, *, #5314, .T. ) ;
#595 = VECTOR ( 'NONE', #6664, 1000.000000000000000 ) ;
#596 = EDGE_LOOP ( 'NONE', ( #1069, #5769 ) ) ;
#597 = LINE ( 'NONE', #6357, #6144 ) ;
#598 = AXIS2_PLACEMENT_3D ( 'NONE', #6220, #1459, #2409 ) ;
#599 = CARTESIAN_POINT ( 'NONE',  ( 74.88355030027099701, 14.39999999999989910, 2.037744550529504206 ) ) ;
#600 = VECTOR ( 'NONE', #3783, 1000.000000000000000 ) ;
#601 = CARTESIAN_POINT ( 'NONE',  ( 2.459803013895827155E-15, -4.100000000000072475, -20.08581589082205454 ) ) ;
#602 = ORIENTED_EDGE ( 'NONE', *, *, #5190, .F. ) ;
#603 = CARTESIAN_POINT ( 'NONE',  ( 68.93442353953956570, 14.39999999999989910, -4.468602541304641740 ) ) ;
#604 = DIRECTION ( 'NONE',  ( 0.000000000000000000, 0.000000000000000000, -1.000000000000000000 ) ) ;
#605 = ORIENTED_EDGE ( 'NONE', *, *, #357, .T. ) ;
#606 = VECTOR ( 'NONE', #567, 1000.000000000000000 ) ;
#607 = VECTOR ( 'NONE', #3763, 1000.000000000000000 ) ;
#608 = DIRECTION ( 'NONE',  ( -3.224638184974934345E-16, -1.000000000000000000, 0.000000000000000000 ) ) ;
#609 = LINE ( 'NONE', #1722, #184 ) ;
#610 = EDGE_CURVE ( 'NONE', #29, #6535, #1866, .T. ) ;
#611 = PLANE ( 'NONE',  #1182 ) ;
#612 = VECTOR ( 'NONE', #5290, 1000.000000000000000 ) ;
#613 = CARTESIAN_POINT ( 'NONE',  ( 69.81890817928807280, 14.39999999999990621, 2.662073941391977616 ) ) ;
#614 = EDGE_CURVE ( 'NONE', #2845, #2546, #1533, .T. ) ;
#615 = CARTESIAN_POINT ( 'NONE',  ( 68.79488765142774298, 14.39999999999990976, -3.704142348427302167 ) ) ;
#616 = ORIENTED_EDGE ( 'NONE', *, *, #2314, .F. ) ;
#617 = DIRECTION ( 'NONE',  ( 1.000000000000000000, 3.469446951953614189E-16, -0.000000000000000000 ) ) ;
#618 = CARTESIAN_POINT ( 'NONE',  ( 72.21534251241888569, 15.39999999999990266, -3.958909425187983722 ) ) ;
#619 = AXIS2_PLACEMENT_3D ( 'NONE', #621, #654, #4852 ) ;
#620 = CARTESIAN_POINT ( 'NONE',  ( 70.53440977894797470, 14.39999999999990266, -4.259205386823629702 ) ) ;
#621 = CARTESIAN_POINT ( 'NONE',  ( -1.937552682398690547E-14, 15.39999999999988489, -8.326175397292889234E-31 ) ) ;
#622 = ADVANCED_FACE ( 'NONE', ( #4242 ), #3765, .F. ) ;
#623 = DIRECTION ( 'NONE',  ( 0.000000000000000000, 0.4999999999999972244, 0.8660254037844402619 ) ) ;
#624 = VECTOR ( 'NONE', #5152, 1000.000000000000000 ) ;
#625 = ORIENTED_EDGE ( 'NONE', *, *, #1705, .F. ) ;
#626 = ORIENTED_EDGE ( 'NONE', *, *, #1341, .F. ) ;
#627 = CARTESIAN_POINT ( 'NONE',  ( 0.000000000000000000, 0.000000000000000000, 0.000000000000000000 ) ) ;
#628 = DIRECTION ( 'NONE',  ( 0.000000000000000000, 0.000000000000000000, -1.000000000000000000 ) ) ;
#629 = CARTESIAN_POINT ( 'NONE',  ( 68.99957190881610813, 14.39999999999990621, 1.613393382928659969 ) ) ;
#630 = FACE_OUTER_BOUND ( 'NONE', #3088, .T. ) ;
#631 = AXIS2_PLACEMENT_3D ( 'NONE', #3107, #5324, #4250 ) ;
#632 = DIRECTION ( 'NONE',  ( -1.734723475976793684E-15, -1.000000000000000000, 0.000000000000000000 ) ) ;
#633 = ORIENTED_EDGE ( 'NONE', *, *, #2776, .F. ) ;
#634 = DIRECTION ( 'NONE',  ( -1.000000000000000000, -0.000000000000000000, -0.000000000000000000 ) ) ;
#635 = ORIENTED_EDGE ( 'NONE', *, *, #5429, .F. ) ;
#636 = CARTESIAN_POINT ( 'NONE',  ( 46.49999999999995737, 5.800000000000005151, 8.000000000000003553 ) ) ;
#637 = CARTESIAN_POINT ( 'NONE',  ( 74.60620229029655093, 14.39999999999989200, 1.285485412787307213 ) ) ;
#638 = DIRECTION ( 'NONE',  ( 1.000000000000000000, 0.000000000000000000, 0.000000000000000000 ) ) ;
#639 = EDGE_LOOP ( 'NONE', ( #3146, #1030, #1041, #2000 ) ) ;
#640 = CARTESIAN_POINT ( 'NONE',  ( 72.24960494454388993, 14.39999999999990621, 3.249795472403496088 ) ) ;
#641 = CARTESIAN_POINT ( 'NONE',  ( 71.30120107862120449, 15.39999999999990266, -2.605850233421938000 ) ) ;
#642 = EDGE_LOOP ( 'NONE', ( #2828, #1132, #2626, #1031, #3685, #3338, #5648, #4907, #6256, #6049, #4113, #3182 ) ) ;
#643 = EDGE_LOOP ( 'NONE', ( #4060, #244, #5418, #4067 ) ) ;
#644 = CARTESIAN_POINT ( 'NONE',  ( 73.87075453211555498, 14.39999999999989910, 2.404840739321953524 ) ) ;
#645 = CARTESIAN_POINT ( 'NONE',  ( 74.93635983262761613, 14.39999999999989555, -5.918734383217860717 ) ) ;
#646 = FACE_OUTER_BOUND ( 'NONE', #6716, .T. ) ;
#647 = CARTESIAN_POINT ( 'NONE',  ( 19.05801168949053093, -4.424027962042472950, -12.00000000000000178 ) ) ;
#648 = CARTESIAN_POINT ( 'NONE',  ( 70.43559723906322745, 15.39999999999990443, -5.443997347167107925 ) ) ;
#649 = ORIENTED_EDGE ( 'NONE', *, *, #3574, .T. ) ;
#650 = DIRECTION ( 'NONE',  ( 0.000000000000000000, -1.000000000000000000, 0.000000000000000000 ) ) ;
#651 = EDGE_CURVE ( 'NONE', #5729, #177, #3918, .T. ) ;
#652 = FACE_OUTER_BOUND ( 'NONE', #4896, .T. ) ;
#653 = EDGE_CURVE ( 'NONE', #3065, #380, #3657, .T. ) ;
#654 = DIRECTION ( 'NONE',  ( -1.734723475976805517E-15, 1.000000000000000000, -9.860761315262647568E-32 ) ) ;
#655 = CARTESIAN_POINT ( 'NONE',  ( 72.09942009538114860, 15.39999999999990443, -4.257773664570400740 ) ) ;
#656 = EDGE_LOOP ( 'NONE', ( #1465, #798, #402, #4418 ) ) ;
#657 = VERTEX_POINT ( 'NONE', #5878 ) ;
#658 = DIRECTION ( 'NONE',  ( 3.469446951953613696E-16, -1.000000000000000000, 0.000000000000000000 ) ) ;
#659 = DIRECTION ( 'NONE',  ( 0.000000000000000000, -0.3420201433256690460, -0.9396926207859083169 ) ) ;
#660 = DIRECTION ( 'NONE',  ( -0.000000000000000000, 1.000000000000000000, -0.000000000000000000 ) ) ;
#661 = LINE ( 'NONE', #4175, #3259 ) ;
#662 = EDGE_CURVE ( 'NONE', #2302, #4960, #4669, .T. ) ;
#663 = EDGE_CURVE ( 'NONE', #1966, #98, #1808, .T. ) ;
#664 = B_SPLINE_CURVE_WITH_KNOTS ( 'NONE', 3,
 ( #3085, #4665, #2980, #2035, #4159, #3641, #5224, #477, #5757, #6831, #1380 ),
 .UNSPECIFIED., .F., .F.,
 ( 4, 1, 1, 1, 1, 1, 1, 1, 4 ),
 ( 0.000000000000000000, 0.1288996672966942203, 0.2504420093451991125, 0.3693329411609528323, 0.4884299232730958118, 0.6077891036300233640, 0.7301306946546413101, 0.8590303619513384170, 1.000000000000000000 ),
 .UNSPECIFIED. ) ;
#665 = PLANE ( 'NONE',  #1352 ) ;
#666 = ORIENTED_EDGE ( 'NONE', *, *, #817, .F. ) ;
#667 = CARTESIAN_POINT ( 'NONE',  ( -20.08581589082205454, -4.600000000000068034, 11.71132486540519047 ) ) ;
#668 = ORIENTED_EDGE ( 'NONE', *, *, #153, .F. ) ;
#669 = DIRECTION ( 'NONE',  ( 1.000000000000000000, 0.000000000000000000, 0.000000000000000000 ) ) ;
#670 = CARTESIAN_POINT ( 'NONE',  ( 25.25622670975753081, 15.39999999999992752, 1.683736498976339731E-46 ) ) ;
#671 = DIRECTION ( 'NONE',  ( -0.000000000000000000, 1.000000000000000000, -0.000000000000000000 ) ) ;
#672 = EDGE_LOOP ( 'NONE', ( #3696, #6591, #5428, #2639 ) ) ;
#673 = CARTESIAN_POINT ( 'NONE',  ( 68.79496415350560312, 14.39999999999990621, 2.442981939951219150 ) ) ;
#674 = CARTESIAN_POINT ( 'NONE',  ( 79.59999999999999432, -4.199999999999992184, 31.00000000000000711 ) ) ;
#675 = EDGE_LOOP ( 'NONE', ( #6055, #3095, #1392, #5332 ) ) ;
#676 = ORIENTED_EDGE ( 'NONE', *, *, #1286, .F. ) ;
#677 = CARTESIAN_POINT ( 'NONE',  ( 70.53467996412398122, 14.39999999999990266, 0.8057091083615139926 ) ) ;
#678 = CARTESIAN_POINT ( 'NONE',  ( 34.84587585476798921, 15.39999999999994529, -34.84587585476807448 ) ) ;
#679 = DIRECTION ( 'NONE',  ( -2.631645253013854062E-47, 9.860761315262647568E-32, 1.000000000000000000 ) ) ;
#680 = CARTESIAN_POINT ( 'NONE',  ( 69.82071352901058958, 15.39999999999990443, 2.641916310235415288 ) ) ;
#681 = CARTESIAN_POINT ( 'NONE',  ( 79.59999999999999432, 16.20000000000005613, 27.02005025157353302 ) ) ;
#682 = EDGE_LOOP ( 'NONE', ( #4347, #2053, #2372, #821, #5394 ) ) ;
#683 = CARTESIAN_POINT ( 'NONE',  ( 46.50000000000000000, 5.800000000000006040, 9.000000000000005329 ) ) ;
#684 = CARTESIAN_POINT ( 'NONE',  ( 69.99999999999998579, 5.799999999999999822, 31.00000000000001066 ) ) ;
#685 = CARTESIAN_POINT ( 'NONE',  ( 71.29638510635176374, 15.39999999999990443, -3.019505305959778951 ) ) ;
#686 = CARTESIAN_POINT ( 'NONE',  ( 72.14382788616592279, 15.39999999999990443, -4.082730088725031514 ) ) ;
#687 = EDGE_CURVE ( 'NONE', #6123, #261, #1530, .T. ) ;
#688 = ORIENTED_EDGE ( 'NONE', *, *, #4004, .T. ) ;
#689 = ORIENTED_EDGE ( 'NONE', *, *, #4425, .T. ) ;
#690 = CARTESIAN_POINT ( 'NONE',  ( 69.80109043403057001, 15.39999999999989733, -3.005501558175530441 ) ) ;
#691 = AXIS2_PLACEMENT_3D ( 'NONE', #3679, #3159, #4164 ) ;
#692 = DIRECTION ( 'NONE',  ( 0.000000000000000000, 0.000000000000000000, 1.000000000000000000 ) ) ;
#693 = CARTESIAN_POINT ( 'NONE',  ( 72.24960494454388993, 15.39999999999990443, 3.249795472403496088 ) ) ;
#694 = CARTESIAN_POINT ( 'NONE',  ( 0.000000000000000000, -4.100000000000072475, 20.08581589082205454 ) ) ;
#695 = EDGE_CURVE ( 'NONE', #3382, #2702, #3613, .T. ) ;
#696 = CARTESIAN_POINT ( 'NONE',  ( 72.34350837038267912, 15.39999999999989733, -2.296410523075958832 ) ) ;
#697 = ORIENTED_EDGE ( 'NONE', *, *, #6090, .F. ) ;
#698 = VERTEX_POINT ( 'NONE', #5457 ) ;
#699 = CARTESIAN_POINT ( 'NONE',  ( 17.39552195564070303, -4.239694452793233204, 9.000000000000005329 ) ) ;
#700 = CIRCLE ( 'NONE', #4564, 4.000000000000003553 ) ;
#701 = DIRECTION ( 'NONE',  ( 0.000000000000000000, 0.000000000000000000, 1.000000000000000000 ) ) ;
#702 = EDGE_CURVE ( 'NONE', #5242, #4449, #6345, .T. ) ;
#703 = VECTOR ( 'NONE', #5837, 1000.000000000000000 ) ;
#704 = CARTESIAN_POINT ( 'NONE',  ( 70.50107102678829563, 15.39999999999990266, 1.983784647230858011 ) ) ;
#705 = AXIS2_PLACEMENT_3D ( 'NONE', #2472, #2573, #4693 ) ;
#706 = ORIENTED_EDGE ( 'NONE', *, *, #2811, .T. ) ;
#707 = CARTESIAN_POINT ( 'NONE',  ( 68.86916669792952916, 14.39999999999990621, 1.938979399330512665 ) ) ;
#708 = CARTESIAN_POINT ( 'NONE',  ( 79.59999999999999432, -4.600000000000048495, 37.97994974842648475 ) ) ;
#709 = ORIENTED_EDGE ( 'NONE', *, *, #6082, .F. ) ;
#710 = EDGE_LOOP ( 'NONE', ( #2802, #3278, #6113, #4945 ) ) ;
#711 = DIRECTION ( 'NONE',  ( -1.000000000000000000, -2.668805347656626185E-16, 0.000000000000000000 ) ) ;
#712 = AXIS2_PLACEMENT_3D ( 'NONE', #518, #2588, #579 ) ;
#713 = AXIS2_PLACEMENT_3D ( 'NONE', #2, #4230, #4266 ) ;
#714 = DIRECTION ( 'NONE',  ( 1.734723475976793684E-15, 1.000000000000000000, 0.000000000000000000 ) ) ;
#715 = FACE_OUTER_BOUND ( 'NONE', #5986, .T. ) ;
#716 = PLANE ( 'NONE',  #5562 ) ;
#717 = CARTESIAN_POINT ( 'NONE',  ( 69.79972246283594473, 15.39999999999990443, -2.658945283157764461 ) ) ;
#718 = CIRCLE ( 'NONE', #2707, 1.700000000000000178 ) ;
#719 = EDGE_LOOP ( 'NONE', ( #1425, #4648, #4655, #6242 ) ) ;
#720 = AXIS2_PLACEMENT_3D ( 'NONE', #2055, #6219, #2464 ) ;
#721 = DIRECTION ( 'NONE',  ( -1.000000000000000000, -0.000000000000000000, -0.000000000000000000 ) ) ;
#722 = CARTESIAN_POINT ( 'NONE',  ( 23.25622670975753437, 14.89999999999991687, 8.000000000000000000 ) ) ;
#723 = CIRCLE ( 'NONE', #6147, 1.699999999999999512 ) ;
#724 = ADVANCED_FACE ( 'NONE', ( #773 ), #5171, .T. ) ;
#725 = CARTESIAN_POINT ( 'NONE',  ( 71.20118482214211042, 15.39999999999990088, 2.704889508759303673 ) ) ;
#726 = CARTESIAN_POINT ( 'NONE',  ( 71.37465663119245107, 15.39999999999990798, -5.228474604601561104 ) ) ;
#727 = ORIENTED_EDGE ( 'NONE', *, *, #984, .F. ) ;
#728 = ORIENTED_EDGE ( 'NONE', *, *, #4408, .T. ) ;
#729 = CARTESIAN_POINT ( 'NONE',  ( 69.81338673878056511, 14.39999999999990976, -3.545630477436663597 ) ) ;
#730 = VECTOR ( 'NONE', #6587, 1000.000000000000000 ) ;
#731 = CARTESIAN_POINT ( 'NONE',  ( 61.98042684413092474, 15.39999999999999147, -7.711324865405183360 ) ) ;
#732 = CARTESIAN_POINT ( 'NONE',  ( 57.09999999999994458, -1.600000000000048717, 9.000000000000005329 ) ) ;
#733 = DIRECTION ( 'NONE',  ( 1.734723475976805517E-15, -1.000000000000000000, 9.860761315262647568E-32 ) ) ;
#734 = CIRCLE ( 'NONE', #3838, 20.08581589082205454 ) ;
#735 = CARTESIAN_POINT ( 'NONE',  ( 41.50000000000000711, 9.800000000000004263, 9.000000000000005329 ) ) ;
#736 = ORIENTED_EDGE ( 'NONE', *, *, #3791, .F. ) ;
#737 = DIRECTION ( 'NONE',  ( 1.000000000000000000, -1.734723475976793684E-15, 0.000000000000000000 ) ) ;
#738 = VERTEX_POINT ( 'NONE', #2300 ) ;
#739 = DIRECTION ( 'NONE',  ( -0.000000000000000000, 1.000000000000000000, -0.000000000000000000 ) ) ;
#740 = AXIS2_PLACEMENT_3D ( 'NONE', #2742, #3252, #4853 ) ;
#741 = ADVANCED_FACE ( 'NONE', ( #3869 ), #6054, .F. ) ;
#742 = ADVANCED_FACE ( 'NONE', ( #3415, #2266 ), #5001, .T. ) ;
#743 = CARTESIAN_POINT ( 'NONE',  ( 72.27096254664880348, 15.39999999999990266, 2.727007174737122508 ) ) ;
#744 = B_SPLINE_SURFACE_WITH_KNOTS ( 'NONE', 3, 1, ( 
 ( #2876, #4956 ),
 ( #6586, #5965 ),
 ( #2382, #758 ),
 ( #4398, #4988 ),
 ( #1235, #2282 ),
 ( #4495, #2317 ),
 ( #1831, #3356 ),
 ( #4357, #6030 ),
 ( #3955, #132 ),
 ( #240, #6069 ),
 ( #787, #174 ) ),
 .UNSPECIFIED., .F., .F., .F.,
 ( 4, 1, 1, 1, 1, 1, 1, 1, 4 ),
 ( 2, 2 ),
 ( 0.000000000000000000, 0.1880967190294530744, 0.3569941987500764857, 0.5094184663947273206, 0.6427096217809070700, 0.7595411148310126093, 0.8572633171250551021, 0.9374733689975449646, 1.000000000000000000 ),
 ( 0.000000000000000000, 1.000000000000000000 ),
 .UNSPECIFIED. ) ;
#745 = AXIS2_PLACEMENT_3D ( 'NONE', #4844, #95, #2201 ) ;
#746 = CARTESIAN_POINT ( 'NONE',  ( 69.84412518304576167, 15.39999999999990621, 2.492933252868077876 ) ) ;
#747 = VERTEX_POINT ( 'NONE', #256 ) ;
#748 = CARTESIAN_POINT ( 'NONE',  ( 69.44915870137609204, 15.39999999999990798, 1.087063180763373493 ) ) ;
#749 = CARTESIAN_POINT ( 'NONE',  ( 70.64031471211066560, 15.39999999999990088, 1.990428656342998037 ) ) ;
#750 = VERTEX_POINT ( 'NONE', #1748 ) ;
#751 = ORIENTED_EDGE ( 'NONE', *, *, #2217, .F. ) ;
#752 = CARTESIAN_POINT ( 'NONE',  ( 70.32326434860318898, 15.39999999999990266, 0.7984067926635499690 ) ) ;
#753 = CARTESIAN_POINT ( 'NONE',  ( 70.97949671067055988, 14.39999999999990621, -4.130976069945734963 ) ) ;
#754 = DIRECTION ( 'NONE',  ( 0.000000000000000000, 0.000000000000000000, 1.000000000000000000 ) ) ;
#755 = CARTESIAN_POINT ( 'NONE',  ( 69.79958648531221854, 15.39999999999990621, 3.687353261260369219 ) ) ;
#756 = CARTESIAN_POINT ( 'NONE',  ( 71.22217588831672686, 14.39999999999990266, 4.512590736974447125 ) ) ;
#757 = ORIENTED_EDGE ( 'NONE', *, *, #6420, .T. ) ;
#758 = CARTESIAN_POINT ( 'NONE',  ( 73.90984298549996367, 15.39999999999990443, 3.139101676123305040 ) ) ;
#759 = CARTESIAN_POINT ( 'NONE',  ( 0.000000000000000000, -4.100000000000072475, 0.000000000000000000 ) ) ;
#760 = PLANE ( 'NONE',  #740 ) ;
#761 = VERTEX_POINT ( 'NONE', #4482 ) ;
#762 = ORIENTED_EDGE ( 'NONE', *, *, #4177, .T. ) ;
#763 = CARTESIAN_POINT ( 'NONE',  ( 11.84229707447013169, 15.39999999999992575, -12.00000000000000533 ) ) ;
#764 = PLANE ( 'NONE',  #2560 ) ;
#765 = DIRECTION ( 'NONE',  ( 1.734723475976793684E-15, 1.000000000000000000, -0.000000000000000000 ) ) ;
#766 = DIRECTION ( 'NONE',  ( 3.469446951953614189E-16, -1.000000000000000000, -0.000000000000000000 ) ) ;
#767 = ORIENTED_EDGE ( 'NONE', *, *, #2983, .T. ) ;
#768 = LINE ( 'NONE', #2397, #3053 ) ;
#769 = ORIENTED_EDGE ( 'NONE', *, *, #3324, .F. ) ;
#770 = CARTESIAN_POINT ( 'NONE',  ( 74.93635983262763034, 15.39999999999989555, 3.611209660063890325 ) ) ;
#771 = CARTESIAN_POINT ( 'NONE',  ( 71.20713825276173736, 15.39999999999990621, 2.766116000934047303 ) ) ;
#772 = B_SPLINE_CURVE_WITH_KNOTS ( 'NONE', 3,
 ( #1933, #5650, #1338, #2520, #3601, #5722, #4502, #3083, #4635, #6727, #4083 ),
 .UNSPECIFIED., .F., .F.,
 ( 4, 1, 1, 1, 1, 1, 1, 1, 4 ),
 ( 0.000000000000000000, 0.05265892874553096403, 0.1248127157246252811, 0.2192102179564839326, 0.3332050912219696182, 0.4694640205394715604, 0.6253523620739028788, 0.8021990883184594301, 0.9999999999999998890 ),
 .UNSPECIFIED. ) ;
#773 = FACE_OUTER_BOUND ( 'NONE', #5193, .T. ) ;
#774 = EDGE_CURVE ( 'NONE', #6455, #29, #5462, .T. ) ;
#775 = CARTESIAN_POINT ( 'NONE',  ( 70.32326434860318898, 14.39999999999990621, 0.7984067926635499690 ) ) ;
#776 = DIRECTION ( 'NONE',  ( 0.000000000000000000, 0.000000000000000000, -1.000000000000000000 ) ) ;
#777 = ORIENTED_EDGE ( 'NONE', *, *, #5764, .T. ) ;
#778 = VERTEX_POINT ( 'NONE', #3381 ) ;
#779 = CARTESIAN_POINT ( 'NONE',  ( 70.39426970337770229, 14.39999999999990266, 0.8008593244480743945 ) ) ;
#780 = DIRECTION ( 'NONE',  ( -1.000000000000000000, -0.000000000000000000, 0.000000000000000000 ) ) ;
#781 = PERSON_AND_ORGANIZATION ( #3690, #4169 ) ;
#782 = DIRECTION ( 'NONE',  ( 2.668805347656625692E-16, -1.000000000000000000, -3.858032741160322701E-32 ) ) ;
#783 = ADVANCED_FACE ( 'NONE', ( #1150 ), #5982, .F. ) ;
#784 = PLANE ( 'NONE',  #4465 ) ;
#785 = ORIENTED_EDGE ( 'NONE', *, *, #3923, .T. ) ;
#786 = EDGE_CURVE ( 'NONE', #5926, #6400, #462, .T. ) ;
#787 = CARTESIAN_POINT ( 'NONE',  ( 73.87075453211555498, 14.39999999999989910, 2.404840739321953524 ) ) ;
#788 = CARTESIAN_POINT ( 'NONE',  ( 74.84999999999999432, 5.799999999999999822, 34.57994974842648617 ) ) ;
#789 = DIRECTION ( 'NONE',  ( -0.000000000000000000, -0.000000000000000000, -1.000000000000000000 ) ) ;
#790 = ORIENTED_EDGE ( 'NONE', *, *, #2174, .F. ) ;
#791 = ORIENTED_EDGE ( 'NONE', *, *, #273, .T. ) ;
#792 = CARTESIAN_POINT ( 'NONE',  ( 70.93640726359403459, 15.39999999999990266, 0.9202393980008157781 ) ) ;
#793 = DIRECTION ( 'NONE',  ( 0.000000000000000000, 0.000000000000000000, 1.000000000000000000 ) ) ;
#794 = DIRECTION ( 'NONE',  ( 1.000000000000000000, 0.000000000000000000, -7.794060786255082520E-17 ) ) ;
#795 = AXIS2_PLACEMENT_3D ( 'NONE', #2234, #3981, #237 ) ;
#796 = ORIENTED_EDGE ( 'NONE', *, *, #2604, .F. ) ;
#797 = CARTESIAN_POINT ( 'NONE',  ( 74.93442046197060336, 15.39999999999989555, 3.337903259003626832 ) ) ;
#798 = ORIENTED_EDGE ( 'NONE', *, *, #3622, .T. ) ;
#799 = CARTESIAN_POINT ( 'NONE',  ( 60.09999999999990195, 10.39999999999995062, 1.392322361633290230E-45 ) ) ;
#800 = B_SPLINE_CURVE_WITH_KNOTS ( 'NONE', 3,
 ( #3548, #5669, #906, #1188, #5345, #4241, #5315, #2676, #563, #637, #1148, #1642, #2159, #599, #1671 ),
 .UNSPECIFIED., .F., .F.,
 ( 4, 1, 1, 1, 1, 1, 1, 1, 1, 1, 1, 1, 4 ),
 ( 0.000000000000000000, 0.08126307684645980856, 0.1626239133946135451, 0.2449223739792011911, 0.3294431469520919253, 0.4136908752024964220, 0.4951069153100098319, 0.5748877793871720598, 0.6544256819248270851, 0.7351824950001204506, 0.8188208780637680206, 0.9066451123369294596, 1.000000000000000000 ),
 .UNSPECIFIED. ) ;
#801 = CARTESIAN_POINT ( 'NONE',  ( 70.53611573962987791, 15.39999999999990266, -5.443496495481207731 ) ) ;
#802 = CARTESIAN_POINT ( 'NONE',  ( 68.77239498887762181, 15.39999999999990621, -3.052836466081692901 ) ) ;
#803 = DIRECTION ( 'NONE',  ( 0.000000000000000000, 0.000000000000000000, -1.000000000000000000 ) ) ;
#804 = ORIENTED_EDGE ( 'NONE', *, *, #1103, .F. ) ;
#805 = ORIENTED_EDGE ( 'NONE', *, *, #2339, .T. ) ;
#806 = CARTESIAN_POINT ( 'NONE',  ( 0.000000000000000000, -4.191111111111185394, 22.61491958098286759 ) ) ;
#807 = CARTESIAN_POINT ( 'NONE',  ( 70.65921272289904209, 14.39999999999990976, -4.253803010690768716 ) ) ;
#808 = DATE_AND_TIME ( #267, #3965 ) ;
#809 = CARTESIAN_POINT ( 'NONE',  ( 57.09999999999994458, 7.400000000004199663, 2.799999999999999822 ) ) ;
#810 = CARTESIAN_POINT ( 'NONE',  ( 46.50000000000000000, 5.800000000000006040, -12.00000000000000533 ) ) ;
#811 = ORIENTED_EDGE ( 'NONE', *, *, #6517, .F. ) ;
#812 = AXIS2_PLACEMENT_3D ( 'NONE', #5684, #4562, #886 ) ;
#813 = AXIS2_PLACEMENT_3D ( 'NONE', #5404, #650, #3355 ) ;
#814 = CARTESIAN_POINT ( 'NONE',  ( 71.06238267530871155, 14.39999999999990266, -4.058945736531841320 ) ) ;
#815 = EDGE_CURVE ( 'NONE', #1776, #5480, #6451, .T. ) ;
#816 = DIRECTION ( 'NONE',  ( -1.000000000000000000, -0.000000000000000000, -0.000000000000000000 ) ) ;
#817 = EDGE_CURVE ( 'NONE', #3273, #3451, #350, .T. ) ;
#818 = CARTESIAN_POINT ( 'NONE',  ( 70.39426970337770229, 14.39999999999990266, 0.8008593244480743945 ) ) ;
#819 = VECTOR ( 'NONE', #859, 1000.000000000000000 ) ;
#820 = VECTOR ( 'NONE', #2643, 1000.000000000000000 ) ;
#821 = ORIENTED_EDGE ( 'NONE', *, *, #6376, .F. ) ;
#822 = ORIENTED_EDGE ( 'NONE', *, *, #994, .T. ) ;
#823 = CARTESIAN_POINT ( 'NONE',  ( 70.24267913164904087, 14.39999999999990976, 2.021438765358591905 ) ) ;
#824 = CARTESIAN_POINT ( 'NONE',  ( 72.09942009538114860, 14.39999999999990266, -4.257773664570400740 ) ) ;
#825 = AXIS2_PLACEMENT_3D ( 'NONE', #580, #6410, #5789 ) ;
#826 = AXIS2_PLACEMENT_3D ( 'NONE', #5337, #660, #4718 ) ;
#827 = LINE ( 'NONE', #6076, #3712 ) ;
#828 = EDGE_CURVE ( 'NONE', #4326, #186, #935, .T. ) ;
#829 = AXIS2_PLACEMENT_3D ( 'NONE', #1744, #5977, #1289 ) ;
#830 = ORIENTED_EDGE ( 'NONE', *, *, #6549, .T. ) ;
#831 = CARTESIAN_POINT ( 'NONE',  ( 73.48133023504041716, 14.39999999999989910, -3.616386291650090179 ) ) ;
#832 = VERTEX_POINT ( 'NONE', #1387 ) ;
#833 = DIRECTION ( 'NONE',  ( 0.000000000000000000, 0.000000000000000000, 1.000000000000000000 ) ) ;
#834 = CIRCLE ( 'NONE', #5829, 1.599999999999990319 ) ;
#835 = CARTESIAN_POINT ( 'NONE',  ( 25.25622670975753081, 10.39999999999993641, 5.851049786767960641E-46 ) ) ;
#836 = DIRECTION ( 'NONE',  ( 0.000000000000000000, 0.000000000000000000, 1.000000000000000000 ) ) ;
#837 = AXIS2_PLACEMENT_3D ( 'NONE', #1406, #4631, #5646 ) ;
#838 = DIRECTION ( 'NONE',  ( -1.734723475976793684E-15, -1.000000000000000000, 0.000000000000000000 ) ) ;
#839 = ORIENTED_EDGE ( 'NONE', *, *, #1168, .T. ) ;
#840 = VERTEX_POINT ( 'NONE', #387 ) ;
#841 = CARTESIAN_POINT ( 'NONE',  ( 79.59999999999999432, 15.39999999999991687, -12.00000000000000533 ) ) ;
#842 = EDGE_CURVE ( 'NONE', #4553, #5701, #2858, .T. ) ;
#843 = DIRECTION ( 'NONE',  ( 1.000000000000000000, 0.000000000000000000, 0.000000000000000000 ) ) ;
#844 = CARTESIAN_POINT ( 'NONE',  ( 70.65921272289904209, 15.39999999999990798, -4.253803010690768716 ) ) ;
#845 = CARTESIAN_POINT ( 'NONE',  ( 68.99631320067565809, 14.39999999999990621, 1.612564079269727335 ) ) ;
#846 = CARTESIAN_POINT ( 'NONE',  ( 72.83813020836271335, 14.39999999999990621, 1.779019038774442896 ) ) ;
#847 = EDGE_LOOP ( 'NONE', ( #584, #4030, #5230, #649 ) ) ;
#848 = B_SPLINE_SURFACE_WITH_KNOTS ( 'NONE', 3, 1, ( 
 ( #6550, #725 ),
 ( #175, #3854 ),
 ( #2769, #1277 ),
 ( #5998, #4818 ),
 ( #1797, #4884 ),
 ( #133, #3397 ),
 ( #2284, #5438 ),
 ( #6411, #2800 ),
 ( #2206, #3919 ),
 ( #5518, #2697 ),
 ( #68, #4918 ) ),
 .UNSPECIFIED., .F., .F., .F.,
 ( 4, 1, 1, 1, 1, 1, 1, 1, 4 ),
 ( 2, 2 ),
 ( 0.000000000000000000, 0.1452830265990393832, 0.2792250644097060697, 0.4032107589344568477, 0.5232110614669441828, 0.6387809239290115348, 0.7533733773924431443, 0.8720137424743421573, 1.000000000000000000 ),
 ( 0.000000000000000000, 1.000000000000000000 ),
 .UNSPECIFIED. ) ;
#849 = FACE_OUTER_BOUND ( 'NONE', #3458, .T. ) ;
#850 = CARTESIAN_POINT ( 'NONE',  ( 17.95661438022211698, -4.600000000000023626, -9.000000000000005329 ) ) ;
#851 = CARTESIAN_POINT ( 'NONE',  ( 71.66051874078694084, 14.39999999999990266, 1.633110365254696328 ) ) ;
#852 = CARTESIAN_POINT ( 'NONE',  ( 72.32852855257955582, 15.39999999999990266, -1.916849355454689707 ) ) ;
#853 = ORIENTED_EDGE ( 'NONE', *, *, #5791, .F. ) ;
#854 = ADVANCED_FACE ( 'NONE', ( #4064 ), #4645, .F. ) ;
#855 = ORIENTED_EDGE ( 'NONE', *, *, #1628, .F. ) ;
#856 = CARTESIAN_POINT ( 'NONE',  ( 69.88797385255772099, 14.39999999999990266, 2.357322699050428128 ) ) ;
#857 = EDGE_CURVE ( 'NONE', #4898, #6593, #2686, .T. ) ;
#858 = CARTESIAN_POINT ( 'NONE',  ( 71.10589545620983642, 14.39999999999990266, -5.351420347430689617 ) ) ;
#859 = DIRECTION ( 'NONE',  ( -1.000000000000000000, -1.734723475976805517E-15, 1.339769540164036683E-16 ) ) ;
#860 = ORIENTED_EDGE ( 'NONE', *, *, #2958, .F. ) ;
#861 = ORIENTED_EDGE ( 'NONE', *, *, #5578, .T. ) ;
#862 = CARTESIAN_POINT ( 'NONE',  ( 72.96752913561982723, 14.39999999999990266, -3.236793245846154132 ) ) ;
#863 = EDGE_CURVE ( 'NONE', #6868, #318, #2404, .T. ) ;
#864 = CARTESIAN_POINT ( 'NONE',  ( 70.50107102678829563, 14.39999999999990266, 1.983784647230858011 ) ) ;
#865 = EDGE_CURVE ( 'NONE', #832, #1753, #260, .T. ) ;
#866 = PLANE ( 'NONE',  #5021 ) ;
#867 = CARTESIAN_POINT ( 'NONE',  ( 71.72104698151825630, 15.39999999999989910, -4.955659209497730977 ) ) ;
#868 = CARTESIAN_POINT ( 'NONE',  ( 72.64959835429448276, 14.39999999999990621, 0.6282912208009536759 ) ) ;
#869 = LINE ( 'NONE', #390, #2937 ) ;
#870 = EDGE_LOOP ( 'NONE', ( #532, #4411 ) ) ;
#871 = VERTEX_POINT ( 'NONE', #3996 ) ;
#872 = DIRECTION ( 'NONE',  ( 0.000000000000000000, 0.000000000000000000, 1.000000000000000000 ) ) ;
#873 = CARTESIAN_POINT ( 'NONE',  ( 25.25622670975753081, 15.39999999999992752, 2.200000000000000622 ) ) ;
#874 = DIRECTION ( 'NONE',  ( 1.000000000000000000, 2.312964634635740689E-15, 0.000000000000000000 ) ) ;
#875 = CARTESIAN_POINT ( 'NONE',  ( 70.13029120015058027, 14.39999999999990621, 0.8052208752901410804 ) ) ;
#876 = CARTESIAN_POINT ( 'NONE',  ( 41.50000000000000711, 5.800000000000006928, -9.000000000000005329 ) ) ;
#877 = LINE ( 'NONE', #5641, #5712 ) ;
#878 = ORIENTED_EDGE ( 'NONE', *, *, #548, .T. ) ;
#879 = CARTESIAN_POINT ( 'NONE',  ( 69.80182217672685852, 14.39999999999990266, 3.177797942489499317 ) ) ;
#880 = LINE ( 'NONE', #1405, #730 ) ;
#881 = LINE ( 'NONE', #368, #2060 ) ;
#882 = LINE ( 'NONE', #3006, #6579 ) ;
#883 = ORIENTED_EDGE ( 'NONE', *, *, #1419, .T. ) ;
#884 = ORIENTED_EDGE ( 'NONE', *, *, #610, .F. ) ;
#885 = DIRECTION ( 'NONE',  ( -1.000000000000000000, -0.000000000000000000, -0.000000000000000000 ) ) ;
#886 = DIRECTION ( 'NONE',  ( -1.000000000000000000, 0.000000000000000000, 0.000000000000000000 ) ) ;
#887 = CARTESIAN_POINT ( 'NONE',  ( 23.25622670975753437, 14.89999999999991687, 8.000000000000000000 ) ) ;
#888 = EDGE_CURVE ( 'NONE', #420, #2564, #1348, .T. ) ;
#889 = CARTESIAN_POINT ( 'NONE',  ( 72.44972479050919389, 15.39999999999990266, 2.060984006103552257 ) ) ;
#890 = ORIENTED_EDGE ( 'NONE', *, *, #4422, .T. ) ;
#891 = ORIENTED_EDGE ( 'NONE', *, *, #1759, .F. ) ;
#892 = CARTESIAN_POINT ( 'NONE',  ( 16.85941873256619061, -4.199149016544756030, 9.968158511411013833 ) ) ;
#893 = ORIENTED_EDGE ( 'NONE', *, *, #6300, .F. ) ;
#894 = CARTESIAN_POINT ( 'NONE',  ( 16.85941873256619061, -4.600000000000022737, 9.000000000000005329 ) ) ;
#895 = EDGE_CURVE ( 'NONE', #2886, #4855, #1491, .T. ) ;
#896 = CC_DESIGN_PERSON_AND_ORGANIZATION_ASSIGNMENT ( #4490, #6064, ( #6551 ) ) ;
#897 = CARTESIAN_POINT ( 'NONE',  ( 72.98053105542599894, 14.39999999999990266, -4.725677580658420140 ) ) ;
#898 = CARTESIAN_POINT ( 'NONE',  ( 71.30120107862120449, 14.39999999999646363, -2.605850233421937112 ) ) ;
#899 = CARTESIAN_POINT ( 'NONE',  ( 69.84762382175436812, 14.39999999999990266, -3.746056755089363755 ) ) ;
#900 = ORIENTED_EDGE ( 'NONE', *, *, #1922, .F. ) ;
#901 = ORIENTED_EDGE ( 'NONE', *, *, #923, .T. ) ;
#902 = CARTESIAN_POINT ( 'NONE',  ( 63.59999999999998721, 15.39999999999991687, 12.00000000000000533 ) ) ;
#903 = TOROIDAL_SURFACE ( 'NONE', #2235, 20.08581589082205454, 0.4999999999999993339 ) ;
#904 = CARTESIAN_POINT ( 'NONE',  ( 51.49999999999999289, 5.800000000000005151, 9.000000000000005329 ) ) ;
#905 = EDGE_CURVE ( 'NONE', #1332, #5935, #6252, .T. ) ;
#906 = CARTESIAN_POINT ( 'NONE',  ( 73.35881489047667969, 14.39999999999990266, 0.5688959656647448737 ) ) ;
#907 = CALENDAR_DATE ( 2024, 27, 5 ) ;
#908 = CARTESIAN_POINT ( 'NONE',  ( 17.39552195564069947, -4.083068782631621652, 9.000000000000005329 ) ) ;
#909 = DIRECTION ( 'NONE',  ( 0.000000000000000000, 0.000000000000000000, -1.000000000000000000 ) ) ;
#910 = CARTESIAN_POINT ( 'NONE',  ( 63.59999999999998721, 10.89999999999992752, 9.000000000000005329 ) ) ;
#911 = VERTEX_POINT ( 'NONE', #3614 ) ;
#912 = DIRECTION ( 'NONE',  ( -0.2028030103336192214, -0.8480290114434251292, -0.4896097780374786268 ) ) ;
#913 = AXIS2_PLACEMENT_3D ( 'NONE', #5839, #3195, #2603 ) ;
#914 = DIRECTION ( 'NONE',  ( 0.000000000000000000, 0.000000000000000000, -1.000000000000000000 ) ) ;
#915 = CARTESIAN_POINT ( 'NONE',  ( 25.25622670975753437, 0.3999999999999368505, -5.787049111740479344E-31 ) ) ;
#916 = CARTESIAN_POINT ( 'NONE',  ( 0.000000000000000000, -4.000000000000067502, 0.000000000000000000 ) ) ;
#917 = VECTOR ( 'NONE', #1943, 1000.000000000000227 ) ;
#918 = VERTEX_POINT ( 'NONE', #491 ) ;
#919 = CIRCLE ( 'NONE', #2252, 1.599999999999990319 ) ;
#920 = ORIENTED_EDGE ( 'NONE', *, *, #2595, .F. ) ;
#921 = FACE_OUTER_BOUND ( 'NONE', #643, .T. ) ;
#922 = LINE ( 'NONE', #1934, #6799 ) ;
#923 = EDGE_CURVE ( 'NONE', #4847, #2665, #5573, .T. ) ;
#924 = CARTESIAN_POINT ( 'NONE',  ( 12.36985263942103508, 15.23111111111103888, 12.00000000000000533 ) ) ;
#925 = VECTOR ( 'NONE', #2023, 1000.000000000000000 ) ;
#926 = AXIS2_PLACEMENT_3D ( 'NONE', #6829, #3707, #2172 ) ;
#927 = CARTESIAN_POINT ( 'NONE',  ( 72.72281706108950061, 14.39999999999989555, 1.823428988199863321 ) ) ;
#928 = EDGE_LOOP ( 'NONE', ( #215, #2492, #805, #3361 ) ) ;
#929 = ORIENTED_EDGE ( 'NONE', *, *, #3876, .F. ) ;
#930 = CARTESIAN_POINT ( 'NONE',  ( 16.85941873256619061, -4.463038306260775023, 10.26231691343914498 ) ) ;
#931 = VECTOR ( 'NONE', #4581, 1000.000000000000000 ) ;
#932 = ORIENTED_EDGE ( 'NONE', *, *, #5622, .T. ) ;
#933 = DIRECTION ( 'NONE',  ( -2.668805347656625692E-16, 1.000000000000000000, 3.858032741160322701E-32 ) ) ;
#934 = VECTOR ( 'NONE', #6432, 1000.000000000000000 ) ;
#935 = LINE ( 'NONE', #5132, #5011 ) ;
#936 = CARTESIAN_POINT ( 'NONE',  ( 71.95394367891606180, 15.39999999999989910, 1.079758042198965207 ) ) ;
#937 = CARTESIAN_POINT ( 'NONE',  ( 57.09999999999994458, 10.39999999999993108, 8.711324865405197571 ) ) ;
#938 = VERTEX_POINT ( 'NONE', #3163 ) ;
#939 = EDGE_CURVE ( 'NONE', #2546, #5795, #3723, .T. ) ;
#940 = ORIENTED_EDGE ( 'NONE', *, *, #4426, .F. ) ;
#941 = CARTESIAN_POINT ( 'NONE',  ( 51.85519130524025400, 8.399999999999936406, -8.000000000000003553 ) ) ;
#942 = VECTOR ( 'NONE', #3428, 1000.000000000000000 ) ;
#943 = EDGE_CURVE ( 'NONE', #6774, #2564, #1558, .T. ) ;
#944 = LINE ( 'NONE', #1565, #3378 ) ;
#945 = DIRECTION ( 'NONE',  ( 1.734723475976793684E-15, 1.000000000000000000, -0.000000000000000000 ) ) ;
#946 = VECTOR ( 'NONE', #1502, 1000.000000000000000 ) ;
#947 = CARTESIAN_POINT ( 'NONE',  ( 17.40689518552919424, -4.000000000000067502, 9.000000000000005329 ) ) ;
#948 = CARTESIAN_POINT ( 'NONE',  ( 63.09999999999998721, 15.39999999999992752, -9.000000000000005329 ) ) ;
#949 = CARTESIAN_POINT ( 'NONE',  ( 12.36985263942103508, 15.23111111111103888, 12.00000000000000533 ) ) ;
#950 = ORIENTED_EDGE ( 'NONE', *, *, #6334, .F. ) ;
#951 = ADVANCED_FACE ( 'NONE', ( #4234, #6285 ), #5339, .F. ) ;
#952 = CARTESIAN_POINT ( 'NONE',  ( 70.65921272289904209, 14.39999999999990976, -4.253803010690768716 ) ) ;
#953 = AXIS2_PLACEMENT_3D ( 'NONE', #3901, #4639, #4118 ) ;
#954 = LINE ( 'NONE', #2542, #5605 ) ;
#955 = DIRECTION ( 'NONE',  ( -1.000000000000000000, -9.110664488713896743E-17, 0.000000000000000000 ) ) ;
#956 = CARTESIAN_POINT ( 'NONE',  ( 60.09999999999990905, 0.3999999999999507283, -5.787049111740471462E-31 ) ) ;
#957 = ORIENTED_EDGE ( 'NONE', *, *, #6376, .T. ) ;
#958 = ORIENTED_EDGE ( 'NONE', *, *, #6165, .T. ) ;
#959 = DIRECTION ( 'NONE',  ( -1.927470528863118062E-16, -6.687256751344565772E-32, -1.000000000000000000 ) ) ;
#960 = PLANE ( 'NONE',  #3472 ) ;
#961 = DIRECTION ( 'NONE',  ( 0.7071067811865482389, 0.000000000000000000, 0.7071067811865469066 ) ) ;
#962 = CARTESIAN_POINT ( 'NONE',  ( 62.09999999999998721, 15.39999999999993463, -8.000000000000003553 ) ) ;
#963 = ORIENTED_EDGE ( 'NONE', *, *, #4538, .F. ) ;
#964 = EDGE_CURVE ( 'NONE', #261, #1079, #6457, .T. ) ;
#965 = ORIENTED_EDGE ( 'NONE', *, *, #5416, .T. ) ;
#966 = CARTESIAN_POINT ( 'NONE',  ( 72.43525359035709243, 14.39999999999990266, -2.678965058003981881 ) ) ;
#967 = VERTEX_POINT ( 'NONE', #6803 ) ;
#968 = DIRECTION ( 'NONE',  ( 1.734723475976793684E-15, 1.000000000000000000, -0.000000000000000000 ) ) ;
#969 = CARTESIAN_POINT ( 'NONE',  ( 70.14864736471795936, 15.39999999999990088, -4.165660722213072376 ) ) ;
#970 = CARTESIAN_POINT ( 'NONE',  ( 72.76895786629640384, 15.39999999999989555, 0.5995778330943204448 ) ) ;
#971 = DIRECTION ( 'NONE',  ( 1.000000000000000000, 3.469446951953613696E-16, 0.000000000000000000 ) ) ;
#972 = VERTEX_POINT ( 'NONE', #3756 ) ;
#973 = ORIENTED_EDGE ( 'NONE', *, *, #2465, .T. ) ;
#974 = CARTESIAN_POINT ( 'NONE',  ( 57.09999999999994458, 5.400000000008731149, -9.000000000000005329 ) ) ;
#975 = CARTESIAN_POINT ( 'NONE',  ( 69.94362428040994928, 15.39999999999990621, 0.8429449830166226842 ) ) ;
#976 = DIRECTION ( 'NONE',  ( 0.000000000000000000, 0.4999999999999963918, 0.8660254037844407060 ) ) ;
#977 = CARTESIAN_POINT ( 'NONE',  ( 70.50107102678829563, 14.39999999999990266, 1.983784647230858011 ) ) ;
#978 = EDGE_LOOP ( 'NONE', ( #2955, #3206, #4320, #4985 ) ) ;
#979 = DIRECTION ( 'NONE',  ( -0.000000000000000000, -0.000000000000000000, 1.000000000000000000 ) ) ;
#980 = CARTESIAN_POINT ( 'NONE',  ( 13.73636363457416465, 14.53658536585358441, 2.041013597067744210E-15 ) ) ;
#981 = ORIENTED_EDGE ( 'NONE', *, *, #5120, .T. ) ;
#982 = CARTESIAN_POINT ( 'NONE',  ( 71.22256308848093909, 15.39999999999990088, 3.478674724989181843 ) ) ;
#983 = DIRECTION ( 'NONE',  ( 2.668805347656625692E-16, -1.000000000000000000, -3.858032741160322701E-32 ) ) ;
#984 = EDGE_CURVE ( 'NONE', #6208, #3235, #2638, .T. ) ;
#985 = CARTESIAN_POINT ( 'NONE',  ( 25.25622670975753081, 15.39999999999992397, 0.000000000000000000 ) ) ;
#986 = ADVANCED_FACE ( 'NONE', ( #4787 ), #1402, .T. ) ;
#987 = EDGE_CURVE ( 'NONE', #2246, #4847, #34, .T. ) ;
#988 = DIRECTION ( 'NONE',  ( 1.000000000000000000, -1.995593222516484001E-15, 0.000000000000000000 ) ) ;
#989 = EDGE_LOOP ( 'NONE', ( #2609, #6311, #6768, #5249, #6762, #5124, #6554, #4223, #3736, #6621, #2454, #3196 ) ) ;
#990 = ORIENTED_EDGE ( 'NONE', *, *, #273, .F. ) ;
#991 = CARTESIAN_POINT ( 'NONE',  ( 60.09999999999990905, 0.3999999999999507283, -5.787049111740471462E-31 ) ) ;
#992 = CARTESIAN_POINT ( 'NONE',  ( 72.29348169741234642, 15.39999999999989910, -4.076839544473545907 ) ) ;
#993 = LINE ( 'NONE', #375, #53 ) ;
#994 = EDGE_CURVE ( 'NONE', #5004, #2532, #2942, .T. ) ;
#995 = CARTESIAN_POINT ( 'NONE',  ( 70.95948436834386541, 14.39999999999990621, -5.392800017387217260 ) ) ;
#996 = ORIENTED_EDGE ( 'NONE', *, *, #6671, .T. ) ;
#997 = VERTEX_POINT ( 'NONE', #3896 ) ;
#998 = FACE_OUTER_BOUND ( 'NONE', #1438, .T. ) ;
#999 = CARTESIAN_POINT ( 'NONE',  ( 73.14904740435704866, 15.39999999999989733, 1.748506700249780055 ) ) ;
#1000 = PLANE ( 'NONE',  #5128 ) ;
#1001 = CARTESIAN_POINT ( 'NONE',  ( 71.81450607448934420, 14.39999999999990266, 1.279621456867868767 ) ) ;
#1002 = ORIENTED_EDGE ( 'NONE', *, *, #4248, .T. ) ;
#1003 = DIRECTION ( 'NONE',  ( -4.003208021484938538E-16, 1.000000000000000000, 5.787049111740484599E-32 ) ) ;
#1004 = ORIENTED_EDGE ( 'NONE', *, *, #2738, .F. ) ;
#1005 = EDGE_LOOP ( 'NONE', ( #4685, #514, #4618, #2760 ) ) ;
#1006 = CARTESIAN_POINT ( 'NONE',  ( 16.85941873256619061, -4.600000000000022737, -9.000000000000005329 ) ) ;
#1007 = CARTESIAN_POINT ( 'NONE',  ( 69.08474674045440622, 15.39999999999990798, 1.464088104294040127 ) ) ;
#1008 = DIRECTION ( 'NONE',  ( 0.000000000000000000, 0.000000000000000000, 1.000000000000000000 ) ) ;
#1009 = DIRECTION ( 'NONE',  ( -0.000000000000000000, 1.000000000000000000, -0.000000000000000000 ) ) ;
#1010 = CARTESIAN_POINT ( 'NONE',  ( 69.85216909391449747, 14.39999999999990266, -5.342164192612377072 ) ) ;
#1011 = CARTESIAN_POINT ( 'NONE',  ( 63.59999999999998721, 7.400000000004201439, 2.800000000000000266 ) ) ;
#1012 = ORIENTED_EDGE ( 'NONE', *, *, #3757, .F. ) ;
#1013 = VECTOR ( 'NONE', #3467, 1000.000000000000000 ) ;
#1014 = CARTESIAN_POINT ( 'NONE',  ( 63.59999999999998721, 16.20000000000005258, 37.97994974842648475 ) ) ;
#1015 = FACE_OUTER_BOUND ( 'NONE', #5373, .T. ) ;
#1016 = CONICAL_SURFACE ( 'NONE', #3801, 1.699999999999999512, 1.047197551196601850 ) ;
#1017 = DIRECTION ( 'NONE',  ( 2.070383793725008923E-16, -0.8660254037844412611, 0.4999999999999955036 ) ) ;
#1018 = CARTESIAN_POINT ( 'NONE',  ( 69.79932904231728230, 14.39999999999990621, 3.548645418991260847 ) ) ;
#1019 = CARTESIAN_POINT ( 'NONE',  ( 69.52010804873042105, 15.39999999999990443, -5.180832162094897164 ) ) ;
#1020 = ORIENTED_EDGE ( 'NONE', *, *, #4704, .F. ) ;
#1021 = ORIENTED_EDGE ( 'NONE', *, *, #3070, .F. ) ;
#1022 = DIRECTION ( 'NONE',  ( -1.000000000000000000, 0.000000000000000000, 0.000000000000000000 ) ) ;
#1023 = AXIS2_PLACEMENT_3D ( 'NONE', #1104, #529, #590 ) ;
#1024 = ADVANCED_FACE ( 'NONE', ( #111 ), #665, .T. ) ;
#1025 = CARTESIAN_POINT ( 'NONE',  ( 23.37579986562658974, 15.39999999999992397, 7.711324865405179807 ) ) ;
#1026 = CARTESIAN_POINT ( 'NONE',  ( 73.14964967058710954, 14.39999999999989910, 0.5613312217500887602 ) ) ;
#1027 = EDGE_CURVE ( 'NONE', #4517, #5297, #1216, .T. ) ;
#1028 = DIRECTION ( 'NONE',  ( -1.000000000000000000, 1.688578880590869955E-15, 0.000000000000000000 ) ) ;
#1029 = AXIS2_PLACEMENT_3D ( 'NONE', #321, #4536, #5979 ) ;
#1030 = ORIENTED_EDGE ( 'NONE', *, *, #4388, .T. ) ;
#1031 = ORIENTED_EDGE ( 'NONE', *, *, #4936, .T. ) ;
#1032 = CARTESIAN_POINT ( 'NONE',  ( 35.90000000000005542, 15.39999999999992752, -9.000000000000005329 ) ) ;
#1033 = CARTESIAN_POINT ( 'NONE',  ( 73.62488801783658232, 15.39999999999990088, 1.928000501926772081 ) ) ;
#1034 = EDGE_CURVE ( 'NONE', #2418, #332, #4332, .T. ) ;
#1035 = DIRECTION ( 'NONE',  ( -0.000000000000000000, -0.000000000000000000, -1.000000000000000000 ) ) ;
#1036 = AXIS2_PLACEMENT_3D ( 'NONE', #2274, #2761, #1788 ) ;
#1037 = CIRCLE ( 'NONE', #4690, 14.07977272543851832 ) ;
#1038 = AXIS2_PLACEMENT_3D ( 'NONE', #4470, #1214, #2914 ) ;
#1039 = CARTESIAN_POINT ( 'NONE',  ( 9.352872943506104447E-16, 3.244929652585667729E-31, -12.00000000000000533 ) ) ;
#1040 = AXIS2_PLACEMENT_3D ( 'NONE', #6080, #4478, #3377 ) ;
#1041 = ORIENTED_EDGE ( 'NONE', *, *, #1413, .T. ) ;
#1042 = CARTESIAN_POINT ( 'NONE',  ( 69.04580287452687060, 14.39999999999990976, -4.701129461332778980 ) ) ;
#1043 = ORIENTED_EDGE ( 'NONE', *, *, #4460, .F. ) ;
#1044 = ORIENTED_EDGE ( 'NONE', *, *, #6667, .F. ) ;
#1045 = CARTESIAN_POINT ( 'NONE',  ( 69.82071352901058958, 15.39999999999990443, 2.641916310235415288 ) ) ;
#1046 = CIRCLE ( 'NONE', #1159, 1.599999999999990319 ) ;
#1047 = CARTESIAN_POINT ( 'NONE',  ( 51.49999999999999289, 9.800000000000004263, -9.000000000000005329 ) ) ;
#1048 = CARTESIAN_POINT ( 'NONE',  ( 16.85941873256619061, -4.082705991438559501, 9.968158511410241118 ) ) ;
#1049 = ORIENTED_EDGE ( 'NONE', *, *, #4679, .F. ) ;
#1050 = FACE_OUTER_BOUND ( 'NONE', #3401, .T. ) ;
#1051 = VECTOR ( 'NONE', #4968, 1000.000000000000000 ) ;
#1052 = FACE_BOUND ( 'NONE', #2388, .T. ) ;
#1053 = ORIENTED_EDGE ( 'NONE', *, *, #6694, .T. ) ;
#1054 = EDGE_CURVE ( 'NONE', #5795, #3065, #3269, .T. ) ;
#1055 = DIRECTION ( 'NONE',  ( -1.000000000000000000, 1.734723475976811532E-16, 0.000000000000000000 ) ) ;
#1056 = VECTOR ( 'NONE', #1954, 1000.000000000000000 ) ;
#1057 = FACE_OUTER_BOUND ( 'NONE', #353, .T. ) ;
#1058 = DIRECTION ( 'NONE',  ( 1.000000000000000000, 0.000000000000000000, 0.000000000000000000 ) ) ;
#1059 = CARTESIAN_POINT ( 'NONE',  ( 72.32852855257955582, 14.39999999999990266, -1.916849355454689707 ) ) ;
#1060 = CARTESIAN_POINT ( 'NONE',  ( 70.34809833449712357, 15.39999999999990088, -5.442844874903951080 ) ) ;
#1061 = ORIENTED_EDGE ( 'NONE', *, *, #3851, .F. ) ;
#1062 = DIRECTION ( 'NONE',  ( 1.000000000000000000, 0.000000000000000000, -0.000000000000000000 ) ) ;
#1063 = TOROIDAL_SURFACE ( 'NONE', #5388, 16.85941873256619772, 0.4999999999999980571 ) ;
#1064 = CARTESIAN_POINT ( 'NONE',  ( 72.67597759420021930, 15.39999999999989733, -4.498539521323912993 ) ) ;
#1065 = DIRECTION ( 'NONE',  ( 1.000000000000000000, 0.000000000000000000, 0.000000000000000000 ) ) ;
#1066 = CARTESIAN_POINT ( 'NONE',  ( 74.93635983262761613, 14.39999999999989555, -4.533324015692319797 ) ) ;
#1067 = EDGE_CURVE ( 'NONE', #4579, #3343, #5235, .T. ) ;
#1068 = EDGE_LOOP ( 'NONE', ( #1735, #5904 ) ) ;
#1069 = ORIENTED_EDGE ( 'NONE', *, *, #2273, .T. ) ;
#1070 = PLANE ( 'NONE',  #272 ) ;
#1071 = LINE ( 'NONE', #485, #1458 ) ;
#1072 = DIRECTION ( 'NONE',  ( 1.000000000000000000, 0.000000000000000000, 0.000000000000000000 ) ) ;
#1073 = EDGE_CURVE ( 'NONE', #4485, #1301, #5900, .T. ) ;
#1074 = CARTESIAN_POINT ( 'NONE',  ( 48.69374109684812169, 10.39999999999993641, -8.000000000000003553 ) ) ;
#1075 = ADVANCED_FACE ( 'NONE', ( #3863 ), #1140, .T. ) ;
#1076 = EDGE_CURVE ( 'NONE', #2051, #3016, #6562, .T. ) ;
#1077 = ORIENTED_EDGE ( 'NONE', *, *, #964, .F. ) ;
#1078 = DIRECTION ( 'NONE',  ( 1.000000000000000000, 0.000000000000000000, -0.000000000000000000 ) ) ;
#1079 = VERTEX_POINT ( 'NONE', #6452 ) ;
#1080 = VERTEX_POINT ( 'NONE', #1183 ) ;
#1081 = CARTESIAN_POINT ( 'NONE',  ( 51.85519130524025400, 8.399999999999936406, -8.000000000000003553 ) ) ;
#1082 = CARTESIAN_POINT ( 'NONE',  ( 73.90903235866929322, 14.39999999994259916, 4.512590736974447125 ) ) ;
#1083 = DIRECTION ( 'NONE',  ( 0.000000000000000000, 1.000000000000000000, 3.858032741160316680E-32 ) ) ;
#1084 = EDGE_LOOP ( 'NONE', ( #146, #1262, #4082, #6415 ) ) ;
#1085 = CARTESIAN_POINT ( 'NONE',  ( 68.77341977371560233, 15.39999999999990798, 3.039918975100977860 ) ) ;
#1086 = PLANE ( 'NONE',  #500 ) ;
#1087 = ORIENTED_EDGE ( 'NONE', *, *, #5416, .F. ) ;
#1088 = CARTESIAN_POINT ( 'NONE',  ( 71.22086164079829018, 15.39999999999990266, 3.314865646689998613 ) ) ;
#1089 = CARTESIAN_POINT ( 'NONE',  ( 71.30104318234660354, 14.39999999999990621, -2.679528317508001578 ) ) ;
#1090 = CARTESIAN_POINT ( 'NONE',  ( 19.20141383244386901, -4.191111111111185394, 11.94739697547360002 ) ) ;
#1091 = CARTESIAN_POINT ( 'NONE',  ( 73.48133023504041716, 15.39999999999989022, -3.616386291650090179 ) ) ;
#1092 = DIRECTION ( 'NONE',  ( 0.000000000000000000, 0.000000000000000000, 1.000000000000000000 ) ) ;
#1093 = VERTEX_POINT ( 'NONE', #3302 ) ;
#1094 = CARTESIAN_POINT ( 'NONE',  ( 63.09999999999998721, 15.39999999999991687, 12.00000000000000533 ) ) ;
#1095 = CARTESIAN_POINT ( 'NONE',  ( 72.98053105542599894, 15.39999999999990266, -4.725677580658420140 ) ) ;
#1096 = DIRECTION ( 'NONE',  ( -0.000000000000000000, -0.000000000000000000, 1.000000000000000000 ) ) ;
#1097 = CARTESIAN_POINT ( 'NONE',  ( 73.51809162697755085, 15.39999999999989555, 1.845511654998236661 ) ) ;
#1098 = ORIENTED_EDGE ( 'NONE', *, *, #4661, .T. ) ;
#1099 = ORIENTED_EDGE ( 'NONE', *, *, #1324, .T. ) ;
#1100 = CYLINDRICAL_SURFACE ( 'NONE', #2476, 1.599999999999990319 ) ;
#1101 = CARTESIAN_POINT ( 'NONE',  ( 73.62488801783658232, 14.39999999999990266, 1.928000501926772081 ) ) ;
#1102 = PLANE ( 'NONE',  #1914 ) ;
#1103 = EDGE_CURVE ( 'NONE', #6010, #13, #266, .T. ) ;
#1104 = CARTESIAN_POINT ( 'NONE',  ( 0.000000000000000000, -4.100000000000072475, 0.000000000000000000 ) ) ;
#1105 = ORIENTED_EDGE ( 'NONE', *, *, #5544, .F. ) ;
#1106 = FACE_OUTER_BOUND ( 'NONE', #5284, .T. ) ;
#1107 = ORIENTED_EDGE ( 'NONE', *, *, #1243, .F. ) ;
#1108 = ORIENTED_EDGE ( 'NONE', *, *, #6053, .F. ) ;
#1109 = DIRECTION ( 'NONE',  ( -0.000000000000000000, -0.000000000000000000, 1.000000000000000000 ) ) ;
#1110 = EDGE_CURVE ( 'NONE', #380, #2030, #3080, .T. ) ;
#1111 = EDGE_CURVE ( 'NONE', #5852, #4946, #1513, .T. ) ;
#1112 = ADVANCED_FACE ( 'NONE', ( #2028 ), #1992, .T. ) ;
#1113 = CARTESIAN_POINT ( 'NONE',  ( 71.22256308848093909, 15.39999999999990621, 3.478674724989181843 ) ) ;
#1114 = LINE ( 'NONE', #5848, #2567 ) ;
#1115 = CARTESIAN_POINT ( 'NONE',  ( 69.73751706516081583, 14.39999999999991331, -5.297009340497396579 ) ) ;
#1116 = CARTESIAN_POINT ( 'NONE',  ( 19.17313108824648538, -4.400664413302578737, 11.82641132004405193 ) ) ;
#1117 = ORIENTED_EDGE ( 'NONE', *, *, #1665, .F. ) ;
#1118 = EDGE_CURVE ( 'NONE', #4362, #5956, #3636, .T. ) ;
#1119 = DIRECTION ( 'NONE',  ( -0.000000000000000000, -0.000000000000000000, 1.000000000000000000 ) ) ;
#1120 = CARTESIAN_POINT ( 'NONE',  ( 71.29638510635176374, 14.39999999999990621, -3.019505305959778951 ) ) ;
#1121 = CARTESIAN_POINT ( 'NONE',  ( 0.000000000000000000, -4.100000000000072475, 0.000000000000000000 ) ) ;
#1122 = CARTESIAN_POINT ( 'NONE',  ( 72.86410819817218965, 14.39999999999989910, -3.156306220354422987 ) ) ;
#1123 = APPLICATION_CONTEXT ( 'configuration controlled 3d designs of mechanical parts and assemblies' ) ;
#1124 = AXIS2_PLACEMENT_3D ( 'NONE', #2456, #3538, #384 ) ;
#1125 = CARTESIAN_POINT ( 'NONE',  ( 68.93442353953956570, 14.39999999999989910, -4.468602541304641740 ) ) ;
#1126 = ORIENTED_EDGE ( 'NONE', *, *, #1215, .F. ) ;
#1127 = CARTESIAN_POINT ( 'NONE',  ( 19.16858335021975890, -4.191111111111185394, -12.00000000000000355 ) ) ;
#1128 = DIRECTION ( 'NONE',  ( 1.000000000000000000, 0.000000000000000000, 1.224646799147353207E-16 ) ) ;
#1129 = DIRECTION ( 'NONE',  ( -0.000000000000000000, 1.000000000000000000, -0.000000000000000000 ) ) ;
#1130 = CARTESIAN_POINT ( 'NONE',  ( 71.24807098704434338, 15.39999999999990266, -3.691026817302394125 ) ) ;
#1131 = CARTESIAN_POINT ( 'NONE',  ( 72.04485760191755617, 14.39999999999990621, -4.421369621794197791 ) ) ;
#1132 = ORIENTED_EDGE ( 'NONE', *, *, #4849, .T. ) ;
#1133 = VECTOR ( 'NONE', #4458, 1000.000000000000227 ) ;
#1134 = ORIENTED_EDGE ( 'NONE', *, *, #5903, .F. ) ;
#1135 = CARTESIAN_POINT ( 'NONE',  ( 73.71631065281783890, 15.39999999999989555, 2.025425853977264268 ) ) ;
#1136 = DIRECTION ( 'NONE',  ( 0.000000000000000000, 0.000000000000000000, 1.000000000000000000 ) ) ;
#1137 = CARTESIAN_POINT ( 'NONE',  ( 68.92490853188343181, 15.39999999999990443, 1.771010238664788794 ) ) ;
#1138 = AXIS2_PLACEMENT_3D ( 'NONE', #2356, #4891, #4469 ) ;
#1139 = AXIS2_PLACEMENT_3D ( 'NONE', #3045, #4153, #5191 ) ;
#1140 = PLANE ( 'NONE',  #2245 ) ;
#1141 = VERTEX_POINT ( 'NONE', #5752 ) ;
#1142 = CARTESIAN_POINT ( 'NONE',  ( 21.75622670975752726, 7.400000000004187228, 2.799999999999999822 ) ) ;
#1143 = AXIS2_PLACEMENT_3D ( 'NONE', #5748, #4770, #2098 ) ;
#1144 = VECTOR ( 'NONE', #1630, 1000.000000000000000 ) ;
#1145 = ORIENTED_EDGE ( 'NONE', *, *, #3236, .F. ) ;
#1146 = CARTESIAN_POINT ( 'NONE',  ( 17.39552195564069947, -4.083209868479494631, -9.000000000000005329 ) ) ;
#1147 = VECTOR ( 'NONE', #3894, 1000.000000000000000 ) ;
#1148 = CARTESIAN_POINT ( 'NONE',  ( 74.71467845661241824, 14.39999999999989910, 1.465165183112784097 ) ) ;
#1149 = AXIS2_PLACEMENT_3D ( 'NONE', #2247, #1837, #3962 ) ;
#1150 = FACE_OUTER_BOUND ( 'NONE', #1562, .T. ) ;
#1151 = ADVANCED_FACE ( 'NONE', ( #6782 ), #4598, .F. ) ;
#1152 = VERTEX_POINT ( 'NONE', #1965 ) ;
#1153 = LINE ( 'NONE', #4799, #2142 ) ;
#1154 = CARTESIAN_POINT ( 'NONE',  ( 79.59999999999999432, -4.199999999999992184, 31.00000000000000711 ) ) ;
#1155 = ORIENTED_EDGE ( 'NONE', *, *, #1759, .T. ) ;
#1156 = ADVANCED_FACE ( 'NONE', ( #5647 ), #2975, .T. ) ;
#1157 = EDGE_LOOP ( 'NONE', ( #5560, #1004, #3376, #3842 ) ) ;
#1158 = EDGE_CURVE ( 'NONE', #4922, #194, #1471, .T. ) ;
#1159 = AXIS2_PLACEMENT_3D ( 'NONE', #6193, #1431, #3552 ) ;
#1160 = VECTOR ( 'NONE', #5344, 1000.000000000000000 ) ;
#1161 = CARTESIAN_POINT ( 'NONE',  ( 21.75622670975752726, 7.400000000004187228, 2.799999999999999822 ) ) ;
#1162 = CARTESIAN_POINT ( 'NONE',  ( 61.79999999999990479, 10.39999999999995062, 2.081899558550498307E-16 ) ) ;
#1163 = VECTOR ( 'NONE', #3957, 1000.000000000000114 ) ;
#1164 = CARTESIAN_POINT ( 'NONE',  ( 73.53736701051849423, 14.39999999999989910, -3.656638310751914922 ) ) ;
#1165 = ADVANCED_FACE ( 'NONE', ( #2069 ), #5083, .T. ) ;
#1166 = CARTESIAN_POINT ( 'NONE',  ( 69.73751706516081583, 14.39999999999991331, -5.297009340497396579 ) ) ;
#1167 = ORIENTED_EDGE ( 'NONE', *, *, #4258, .F. ) ;
#1168 = EDGE_CURVE ( 'NONE', #6774, #4855, #3598, .T. ) ;
#1169 = EDGE_CURVE ( 'NONE', #5901, #5005, #1254, .T. ) ;
#1170 = PLANE ( 'NONE',  #813 ) ;
#1171 = DIRECTION ( 'NONE',  ( 1.734723475976793487E-15, 1.000000000000000000, -0.000000000000000000 ) ) ;
#1172 = CIRCLE ( 'NONE', #5047, 1.700000000000000178 ) ;
#1173 = CARTESIAN_POINT ( 'NONE',  ( 70.53440977894797470, 15.39999999999990266, -4.259205386823629702 ) ) ;
#1174 = CARTESIAN_POINT ( 'NONE',  ( 51.85519130524025400, 8.399999999999936406, -8.000000000000003553 ) ) ;
#1175 = CIRCLE ( 'NONE', #6275, 3.250000000000002665 ) ;
#1176 = ORIENTED_EDGE ( 'NONE', *, *, #3158, .T. ) ;
#1177 = ORIENTED_EDGE ( 'NONE', *, *, #702, .F. ) ;
#1178 = DIRECTION ( 'NONE',  ( -1.000000000000000000, -4.145478894797516432E-16, 0.000000000000000000 ) ) ;
#1179 = DIRECTION ( 'NONE',  ( -1.106648529293458520E-16, 0.8660254037844412611, -0.4999999999999955036 ) ) ;
#1180 = DIRECTION ( 'NONE',  ( -1.000000000000000000, 1.161540736742627633E-11, 0.000000000000000000 ) ) ;
#1181 = CARTESIAN_POINT ( 'NONE',  ( 0.000000000000000000, -4.100000000000070699, 0.000000000000000000 ) ) ;
#1182 = AXIS2_PLACEMENT_3D ( 'NONE', #6543, #2730, #679 ) ;
#1183 = CARTESIAN_POINT ( 'NONE',  ( 63.59999999999998721, -0.1999999999999935718, 31.00000000000001066 ) ) ;
#1184 = VERTEX_POINT ( 'NONE', #2517 ) ;
#1185 = FACE_OUTER_BOUND ( 'NONE', #5806, .T. ) ;
#1186 = ORIENTED_EDGE ( 'NONE', *, *, #3003, .F. ) ;
#1187 = LINE ( 'NONE', #4276, #607 ) ;
#1188 = CARTESIAN_POINT ( 'NONE',  ( 73.56642240031028734, 14.39999999999989555, 0.6053594959110776275 ) ) ;
#1189 = DIRECTION ( 'NONE',  ( 0.000000000000000000, 0.000000000000000000, 1.000000000000000000 ) ) ;
#1190 = ORIENTED_EDGE ( 'NONE', *, *, #3623, .T. ) ;
#1191 = CARTESIAN_POINT ( 'NONE',  ( 69.97063727819661949, 15.39999999999990621, -5.379461690040293398 ) ) ;
#1192 = CARTESIAN_POINT ( 'NONE',  ( 69.79972246283595894, 14.39999999999990621, 4.512590736974447125 ) ) ;
#1193 = ORIENTED_EDGE ( 'NONE', *, *, #1403, .F. ) ;
#1194 = ORIENTED_EDGE ( 'NONE', *, *, #6130, .T. ) ;
#1195 = CARTESIAN_POINT ( 'NONE',  ( 73.19999999999998863, 5.799999999999999822, 31.00000000000001066 ) ) ;
#1196 = EDGE_CURVE ( 'NONE', #6593, #5521, #1690, .T. ) ;
#1197 = CARTESIAN_POINT ( 'NONE',  ( 60.09999999999990905, 0.3999999999999507283, -5.787049111740471462E-31 ) ) ;
#1198 = DIRECTION ( 'NONE',  ( 0.000000000000000000, 0.000000000000000000, 1.000000000000000000 ) ) ;
#1199 = CARTESIAN_POINT ( 'NONE',  ( 73.10600225439250721, 15.39999999999990088, 0.5624973640885084780 ) ) ;
#1200 = DIRECTION ( 'NONE',  ( 0.000000000000000000, -0.000000000000000000, -1.000000000000000000 ) ) ;
#1201 = ORIENTED_EDGE ( 'NONE', *, *, #2811, .F. ) ;
#1202 = CARTESIAN_POINT ( 'NONE',  ( 79.59999999999999432, -4.600000000000051159, 27.02005025157353657 ) ) ;
#1203 = CARTESIAN_POINT ( 'NONE',  ( 68.34999999999999432, 5.799999999999999822, 37.97994974842648475 ) ) ;
#1204 = ADVANCED_FACE ( 'NONE', ( #3557 ), #6683, .F. ) ;
#1205 = FACE_BOUND ( 'NONE', #596, .T. ) ;
#1206 = EDGE_CURVE ( 'NONE', #5864, #778, #882, .T. ) ;
#1207 = EDGE_CURVE ( 'NONE', #2665, #2302, #5799, .T. ) ;
#1208 = CARTESIAN_POINT ( 'NONE',  ( 72.17541724636460287, 15.39999999999990443, -3.898652956059407426 ) ) ;
#1209 = ORIENTED_EDGE ( 'NONE', *, *, #282, .F. ) ;
#1210 = EDGE_LOOP ( 'NONE', ( #2244, #3024, #932, #5340, #3313, #4560, #1895 ) ) ;
#1211 = DIRECTION ( 'NONE',  ( 1.000000000000000000, 3.469446951953613696E-16, 0.000000000000000000 ) ) ;
#1212 = LINE ( 'NONE', #6490, #2355 ) ;
#1213 = CARTESIAN_POINT ( 'NONE',  ( 72.26044199671564172, 15.39999999999989910, 2.881739784627366241 ) ) ;
#1214 = DIRECTION ( 'NONE',  ( -0.7071067811865446862, -1.887130358994913597E-16, -0.7071067811865503483 ) ) ;
#1215 = EDGE_CURVE ( 'NONE', #6836, #5363, #2136, .T. ) ;
#1216 = LINE ( 'NONE', #3827, #1692 ) ;
#1217 = ORIENTED_EDGE ( 'NONE', *, *, #2576, .F. ) ;
#1218 = CARTESIAN_POINT ( 'NONE',  ( 74.89437770027838326, 15.39999999999989733, 2.117139655869680670 ) ) ;
#1219 = ORIENTED_EDGE ( 'NONE', *, *, #3664, .T. ) ;
#1220 = CARTESIAN_POINT ( 'NONE',  ( 44.30625890315180015, 9.899999999999936406, -8.000000000000003553 ) ) ;
#1221 = LINE ( 'NONE', #2223, #6610 ) ;
#1222 = CARTESIAN_POINT ( 'NONE',  ( 72.21534251241888569, 14.39999999999990266, -3.958909425187983722 ) ) ;
#1223 = ORIENTED_EDGE ( 'NONE', *, *, #2515, .T. ) ;
#1224 = CARTESIAN_POINT ( 'NONE',  ( 70.13029120015058027, 14.39999999999990621, 0.8052208752901410804 ) ) ;
#1225 = CARTESIAN_POINT ( 'NONE',  ( 73.87075453211555498, 14.39999999999989910, 2.404840739321953524 ) ) ;
#1226 = ORIENTED_EDGE ( 'NONE', *, *, #6710, .T. ) ;
#1227 = ORIENTED_EDGE ( 'NONE', *, *, #388, .T. ) ;
#1228 = DIRECTION ( 'NONE',  ( 0.7071067811865503483, 1.226634733346702860E-15, -0.7071067811865446862 ) ) ;
#1229 = PLANE ( 'NONE',  #4277 ) ;
#1230 = DIRECTION ( 'NONE',  ( 1.000000000000000000, 3.469446951953614189E-16, 0.000000000000000000 ) ) ;
#1231 = CARTESIAN_POINT ( 'NONE',  ( 72.76895786629640384, 15.39999999999989910, 0.5995778330943204448 ) ) ;
#1232 = DIRECTION ( 'NONE',  ( 0.000000000000000000, 0.000000000000000000, -1.000000000000000000 ) ) ;
#1233 = ORIENTED_EDGE ( 'NONE', *, *, #4468, .T. ) ;
#1234 = CARTESIAN_POINT ( 'NONE',  ( 79.59999999999999432, 11.79999999999999716, 31.00000000000001066 ) ) ;
#1235 = CARTESIAN_POINT ( 'NONE',  ( 73.90511456966436299, 14.39999999999989555, 2.850127392070136878 ) ) ;
#1236 = FACE_OUTER_BOUND ( 'NONE', #5164, .T. ) ;
#1237 = CARTESIAN_POINT ( 'NONE',  ( 71.49849196273856933, 15.39999999999990443, -5.149699433989711750 ) ) ;
#1238 = ORIENTED_EDGE ( 'NONE', *, *, #651, .T. ) ;
#1239 = EDGE_CURVE ( 'NONE', #1809, #1870, #576, .T. ) ;
#1240 = ORIENTED_EDGE ( 'NONE', *, *, #242, .F. ) ;
#1241 = CARTESIAN_POINT ( 'NONE',  ( 79.59999999999999432, -0.1999999999999935718, 31.00000000000001066 ) ) ;
#1242 = VECTOR ( 'NONE', #4717, 1000.000000000000000 ) ;
#1243 = EDGE_CURVE ( 'NONE', #392, #4196, #700, .T. ) ;
#1244 = LINE ( 'NONE', #5413, #6670 ) ;
#1245 = ADVANCED_FACE ( 'NONE', ( #5361 ), #2849, .T. ) ;
#1246 = CARTESIAN_POINT ( 'NONE',  ( 21.75622670975752726, 7.400000000004187228, -2.799999999999999822 ) ) ;
#1247 = CARTESIAN_POINT ( 'NONE',  ( 70.98429283182834126, 14.39999999999990266, 2.174806146706363741 ) ) ;
#1248 = CARTESIAN_POINT ( 'NONE',  ( 72.36255452592490656, 15.39999999999989555, -2.446230664175717440 ) ) ;
#1249 = EDGE_CURVE ( 'NONE', #5102, #3288, #2343, .T. ) ;
#1250 = ORIENTED_EDGE ( 'NONE', *, *, #687, .T. ) ;
#1251 = CARTESIAN_POINT ( 'NONE',  ( 79.59999999999999432, 3.000000000000001776, 25.82005025157353018 ) ) ;
#1252 = EDGE_LOOP ( 'NONE', ( #1768, #4059, #5786, #958 ) ) ;
#1253 = CARTESIAN_POINT ( 'NONE',  ( 58.39999999999990621, 15.11132486540512154, 2.081899558550500033E-16 ) ) ;
#1254 = CIRCLE ( 'NONE', #1813, 4.999999999999990230 ) ;
#1255 = CARTESIAN_POINT ( 'NONE',  ( 25.25622670975753081, 15.11132486540511621, -1.699999999999999512 ) ) ;
#1256 = CIRCLE ( 'NONE', #2141, 0.4999999999999970024 ) ;
#1257 = DIRECTION ( 'NONE',  ( 0.000000000000000000, -1.000000000000000000, 0.000000000000000000 ) ) ;
#1258 = CIRCLE ( 'NONE', #3470, 22.61491958098286759 ) ;
#1259 = EDGE_LOOP ( 'NONE', ( #1077, #171, #6286, #830 ) ) ;
#1260 = CARTESIAN_POINT ( 'NONE',  ( 69.94362428040994928, 15.39999999999990443, 0.8429449830166226842 ) ) ;
#1261 = CARTESIAN_POINT ( 'NONE',  ( 71.19316155131767232, 15.39999999999990443, 2.651499896572624859 ) ) ;
#1262 = ORIENTED_EDGE ( 'NONE', *, *, #3194, .T. ) ;
#1263 = ORIENTED_EDGE ( 'NONE', *, *, #786, .F. ) ;
#1264 = FACE_OUTER_BOUND ( 'NONE', #3789, .T. ) ;
#1265 = CIRCLE ( 'NONE', #812, 17.86057109949175370 ) ;
#1266 = VECTOR ( 'NONE', #4708, 1000.000000000000000 ) ;
#1267 = CARTESIAN_POINT ( 'NONE',  ( 71.22607334424442627, 14.39999999999990266, -3.781762217299266204 ) ) ;
#1268 = CARTESIAN_POINT ( 'NONE',  ( 0.000000000000000000, -4.600000000000070699, 0.000000000000000000 ) ) ;
#1269 = CARTESIAN_POINT ( 'NONE',  ( 69.80414911315678239, 15.39999999999990443, 3.026320984087627508 ) ) ;
#1270 = EDGE_CURVE ( 'NONE', #4641, #6266, #2901, .T. ) ;
#1271 = CARTESIAN_POINT ( 'NONE',  ( 23.55622670975753508, 0.3999999999999361844, -5.787049111740479344E-31 ) ) ;
#1272 = CIRCLE ( 'NONE', #3043, 1.699999999999999512 ) ;
#1273 = VERTEX_POINT ( 'NONE', #717 ) ;
#1274 = AXIS2_PLACEMENT_3D ( 'NONE', #3097, #355, #4069 ) ;
#1275 = DIRECTION ( 'NONE',  ( 1.000000000000000000, -1.155343444614804669E-15, 0.000000000000000000 ) ) ;
#1276 = VECTOR ( 'NONE', #1003, 1000.000000000000000 ) ;
#1277 = CARTESIAN_POINT ( 'NONE',  ( 71.17774131699867723, 15.39999999999990798, 2.548888337255527770 ) ) ;
#1278 = CARTESIAN_POINT ( 'NONE',  ( 72.16472307950250809, 15.39999999999990443, -3.960969874156014203 ) ) ;
#1279 = ORIENTED_EDGE ( 'NONE', *, *, #2129, .T. ) ;
#1280 = VERTEX_POINT ( 'NONE', #6648 ) ;
#1281 = CARTESIAN_POINT ( 'NONE',  ( 69.79972246283594473, 14.39999999999990621, -2.658945283157764461 ) ) ;
#1282 = AXIS2_PLACEMENT_3D ( 'NONE', #4442, #4997, #6564 ) ;
#1283 = CARTESIAN_POINT ( 'NONE',  ( 74.93635983262761613, 14.39999999999989555, -1.651374106775552963 ) ) ;
#1284 = CARTESIAN_POINT ( 'NONE',  ( 63.09999999999998721, 14.89999999999998259, -7.000000000000004441 ) ) ;
#1285 = PLANE ( 'NONE',  #5253 ) ;
#1286 = EDGE_CURVE ( 'NONE', #1424, #252, #1860, .T. ) ;
#1287 = VECTOR ( 'NONE', #2647, 1000.000000000000000 ) ;
#1288 = ORIENTED_EDGE ( 'NONE', *, *, #4936, .F. ) ;
#1289 = DIRECTION ( 'NONE',  ( -1.000000000000000000, -5.102127870520019996E-16, 0.000000000000000000 ) ) ;
#1290 = ORIENTED_EDGE ( 'NONE', *, *, #472, .F. ) ;
#1291 = DIRECTION ( 'NONE',  ( -1.000000000000000000, 0.000000000000000000, 0.000000000000000000 ) ) ;
#1292 = VECTOR ( 'NONE', #437, 1000.000000000000000 ) ;
#1293 = CARTESIAN_POINT ( 'NONE',  ( 73.09655462085127908, 15.39999999999989910, 1.746709076317396692 ) ) ;
#1294 = EDGE_CURVE ( 'NONE', #698, #4683, #1582, .T. ) ;
#1295 = EDGE_CURVE ( 'NONE', #1931, #750, #4913, .T. ) ;
#1296 = DIRECTION ( 'NONE',  ( 2.668805347656625692E-16, -1.000000000000000000, -3.858032741160322701E-32 ) ) ;
#1297 = ORIENTED_EDGE ( 'NONE', *, *, #4575, .F. ) ;
#1298 = CARTESIAN_POINT ( 'NONE',  ( 69.76588500392070102, 14.39999999999990621, 0.9010658034989352805 ) ) ;
#1299 = CARTESIAN_POINT ( 'NONE',  ( 70.98429283182834126, 15.39999999999990266, 2.174806146706363741 ) ) ;
#1300 = ORIENTED_EDGE ( 'NONE', *, *, #4010, .T. ) ;
#1301 = VERTEX_POINT ( 'NONE', #5513 ) ;
#1302 = CARTESIAN_POINT ( 'NONE',  ( 63.59999999999998721, 15.39999999999991687, -12.00000000000000533 ) ) ;
#1303 = CARTESIAN_POINT ( 'NONE',  ( 70.88414276437637795, 14.39999999999990266, -4.188160711275422443 ) ) ;
#1304 =( LENGTH_UNIT ( ) NAMED_UNIT ( * ) SI_UNIT ( .MILLI., .METRE. ) );
#1305 = CARTESIAN_POINT ( 'NONE',  ( 72.89206521447329123, 15.39999999999989910, 0.5765708785339526132 ) ) ;
#1306 = FACE_OUTER_BOUND ( 'NONE', #5123, .T. ) ;
#1307 = ORIENTED_EDGE ( 'NONE', *, *, #2644, .T. ) ;
#1308 = DIRECTION ( 'NONE',  ( -0.7071067811865493491, -0.7071067811865456854, 0.000000000000000000 ) ) ;
#1309 = CARTESIAN_POINT ( 'NONE',  ( 63.59999999999998721, 8.599999999999999645, 25.82005025157353018 ) ) ;
#1310 = DIRECTION ( 'NONE',  ( -1.000000000000000000, -4.145478894797516432E-16, 0.000000000000000000 ) ) ;
#1311 = ORIENTED_EDGE ( 'NONE', *, *, #2467, .T. ) ;
#1312 = ORIENTED_EDGE ( 'NONE', *, *, #3285, .F. ) ;
#1313 = CARTESIAN_POINT ( 'NONE',  ( 69.80164682179220392, 15.39999999999990798, -3.152867188440019675 ) ) ;
#1314 = CARTESIAN_POINT ( 'NONE',  ( 23.25622670975753437, 15.39999999999992397, 8.000000000000000000 ) ) ;
#1315 = CARTESIAN_POINT ( 'NONE',  ( 22.25622670975753437, 14.89999999999991687, 7.000000000000000000 ) ) ;
#1316 = VERTEX_POINT ( 'NONE', #305 ) ;
#1317 = CARTESIAN_POINT ( 'NONE',  ( 74.91571498836223952, 15.39999999999989733, 2.481795325572685673 ) ) ;
#1318 = EDGE_LOOP ( 'NONE', ( #1049, #5608, #5403, #2766 ) ) ;
#1319 = DIRECTION ( 'NONE',  ( -1.734723475976793684E-15, -1.000000000000000000, 0.000000000000000000 ) ) ;
#1320 = CARTESIAN_POINT ( 'NONE',  ( 70.48007996061365077, 15.39999999999990443, -5.444583241390937189 ) ) ;
#1321 = CARTESIAN_POINT ( 'NONE',  ( 69.41961731417289627, 15.39999999999990443, -5.111920389810126863 ) ) ;
#1322 = CARTESIAN_POINT ( 'NONE',  ( 70.54864354528301362, 15.39999999999990266, 1.986054568812109622 ) ) ;
#1323 = ORIENTED_EDGE ( 'NONE', *, *, #4215, .T. ) ;
#1324 = EDGE_CURVE ( 'NONE', #2071, #1273, #1827, .T. ) ;
#1325 = ORIENTED_EDGE ( 'NONE', *, *, #651, .F. ) ;
#1326 = ADVANCED_FACE ( 'NONE', ( #4393 ), #3393, .T. ) ;
#1327 = CARTESIAN_POINT ( 'NONE',  ( 73.89926484163714804, 14.39999999999989910, 2.729575807278940669 ) ) ;
#1328 = ADVANCED_FACE ( 'NONE', ( #5962 ), #784, .T. ) ;
#1329 = DIRECTION ( 'NONE',  ( -0.000000000000000000, 1.000000000000000000, -0.000000000000000000 ) ) ;
#1330 = DIRECTION ( 'NONE',  ( 1.000000000000000000, -1.995593222516484001E-15, 0.000000000000000000 ) ) ;
#1331 = DIRECTION ( 'NONE',  ( 1.734723475976793684E-15, 1.000000000000000000, 0.000000000000000000 ) ) ;
#1332 = VERTEX_POINT ( 'NONE', #681 ) ;
#1333 = ADVANCED_FACE ( 'NONE', ( #3953 ), #3450, .T. ) ;
#1334 = CARTESIAN_POINT ( 'NONE',  ( 69.79932904231728230, 14.39999999999990621, 3.548645418991260847 ) ) ;
#1335 = LINE ( 'NONE', #3555, #5151 ) ;
#1336 = CARTESIAN_POINT ( 'NONE',  ( 63.59999999999998721, 8.600000000000001421, 23.82005025157352662 ) ) ;
#1337 = ORIENTED_EDGE ( 'NONE', *, *, #200, .T. ) ;
#1338 = CARTESIAN_POINT ( 'NONE',  ( 69.81338673878056511, 15.39999999999990798, -3.545630477436663597 ) ) ;
#1339 = LINE ( 'NONE', #6597, #2920 ) ;
#1340 = DIRECTION ( 'NONE',  ( 0.000000000000000000, 0.000000000000000000, 1.000000000000000000 ) ) ;
#1341 = EDGE_CURVE ( 'NONE', #2606, #6123, #3353, .T. ) ;
#1342 = VECTOR ( 'NONE', #1330, 1000.000000000000000 ) ;
#1343 = VERTEX_POINT ( 'NONE', #2312 ) ;
#1344 = LINE ( 'NONE', #223, #4270 ) ;
#1345 = EDGE_LOOP ( 'NONE', ( #4172, #767 ) ) ;
#1346 = CYLINDRICAL_SURFACE ( 'NONE', #2364, 3.999999999999996447 ) ;
#1347 = AXIS2_PLACEMENT_3D ( 'NONE', #193, #671, #1189 ) ;
#1348 = LINE ( 'NONE', #323, #1687 ) ;
#1349 = CARTESIAN_POINT ( 'NONE',  ( 48.69374109684812169, 9.899999999999936406, -8.000000000000003553 ) ) ;
#1350 = CARTESIAN_POINT ( 'NONE',  ( 69.79972246283595894, 14.39999999999990621, 4.512590736974447125 ) ) ;
#1351 = ORIENTED_EDGE ( 'NONE', *, *, #317, .F. ) ;
#1352 = AXIS2_PLACEMENT_3D ( 'NONE', #1666, #6421, #632 ) ;
#1353 = ORIENTED_EDGE ( 'NONE', *, *, #2726, .F. ) ;
#1354 = DIRECTION ( 'NONE',  ( -0.000000000000000000, -0.000000000000000000, -1.000000000000000000 ) ) ;
#1355 = CARTESIAN_POINT ( 'NONE',  ( 60.09999999999990905, 0.3999999999999507283, -5.787049111740471462E-31 ) ) ;
#1356 = AXIS2_PLACEMENT_3D ( 'NONE', #6146, #4165, #5763 ) ;
#1357 = CARTESIAN_POINT ( 'NONE',  ( 71.13311660009793513, 14.39999999999990621, -3.973706771848438901 ) ) ;
#1358 = AXIS2_PLACEMENT_3D ( 'NONE', #5108, #1986, #400 ) ;
#1359 = ADVANCED_FACE ( 'NONE', ( #1306 ), #5992, .F. ) ;
#1360 = COORDINATED_UNIVERSAL_TIME_OFFSET ( 1, 0, .AHEAD. ) ;
#1361 = DIRECTION ( 'NONE',  ( -1.000000000000000000, 1.734723475976793684E-15, 0.000000000000000000 ) ) ;
#1362 = EDGE_CURVE ( 'NONE', #4742, #4874, #2019, .T. ) ;
#1363 = EDGE_CURVE ( 'NONE', #1391, #4326, #4493, .T. ) ;
#1364 = DIRECTION ( 'NONE',  ( 6.749854639537046449E-17, -0.4999999999999935052, 0.8660254037844423713 ) ) ;
#1365 = ORIENTED_EDGE ( 'NONE', *, *, #6091, .F. ) ;
#1366 = CIRCLE ( 'NONE', #376, 1.699999999999999512 ) ;
#1367 = VECTOR ( 'NONE', #1968, 1000.000000000000000 ) ;
#1368 = CARTESIAN_POINT ( 'NONE',  ( 71.30120107862120449, 14.39999999999646363, -2.605850233421937112 ) ) ;
#1369 = CARTESIAN_POINT ( 'NONE',  ( 79.59999999999999432, 16.20000000000005258, 34.97994974842648475 ) ) ;
#1370 = CARTESIAN_POINT ( 'NONE',  ( 2.459803013895827155E-15, -4.600000000000068923, -20.08581589082205454 ) ) ;
#1371 = VECTOR ( 'NONE', #458, 1000.000000000000000 ) ;
#1372 = AXIS2_PLACEMENT_3D ( 'NONE', #941, #5139, #4136 ) ;
#1373 = EDGE_CURVE ( 'NONE', #1152, #6151, #919, .T. ) ;
#1374 = CARTESIAN_POINT ( 'NONE',  ( 72.70641018317151349, 15.39999999999990088, -3.024149953822354409 ) ) ;
#1375 = ORIENTED_EDGE ( 'NONE', *, *, #943, .F. ) ;
#1376 = VERTEX_POINT ( 'NONE', #3982 ) ;
#1377 = FACE_OUTER_BOUND ( 'NONE', #3966, .T. ) ;
#1378 = DIRECTION ( 'NONE',  ( 0.7071067811865395791, -0.7071067811865554553, 0.000000000000000000 ) ) ;
#1379 = AXIS2_PLACEMENT_3D ( 'NONE', #4515, #3417, #2863 ) ;
#1380 = CARTESIAN_POINT ( 'NONE',  ( 73.09655462085127908, 14.39999999999989910, 1.746709076317396692 ) ) ;
#1381 = CIRCLE ( 'NONE', #2277, 4.000000000000003553 ) ;
#1382 = EDGE_LOOP ( 'NONE', ( #4829, #2524, #1981, #2946 ) ) ;
#1383 = CARTESIAN_POINT ( 'NONE',  ( 79.59999999999999432, 11.79999999999999538, 31.00000000000001066 ) ) ;
#1384 = ORIENTED_EDGE ( 'NONE', *, *, #5643, .T. ) ;
#1385 = DIRECTION ( 'NONE',  ( -3.469446951953614189E-16, 1.000000000000000000, -0.000000000000000000 ) ) ;
#1386 = VECTOR ( 'NONE', #2512, 1000.000000000000000 ) ;
#1387 = CARTESIAN_POINT ( 'NONE',  ( 26.95622670975753010, 10.39999999999993641, 2.081899558550498307E-16 ) ) ;
#1388 = CARTESIAN_POINT ( 'NONE',  ( 16.85941873256619061, -4.600000000000022737, -9.000000000000005329 ) ) ;
#1389 = VECTOR ( 'NONE', #2974, 1000.000000000000114 ) ;
#1390 = DIRECTION ( 'NONE',  ( 0.000000000000000000, 0.000000000000000000, 1.000000000000000000 ) ) ;
#1391 = VERTEX_POINT ( 'NONE', #169 ) ;
#1392 = ORIENTED_EDGE ( 'NONE', *, *, #6595, .T. ) ;
#1393 = DIRECTION ( 'NONE',  ( -1.000000000000000000, 0.000000000000000000, 0.000000000000000000 ) ) ;
#1394 = DIRECTION ( 'NONE',  ( -0.000000000000000000, 1.000000000000000000, -0.000000000000000000 ) ) ;
#1395 = CC_DESIGN_APPROVAL ( #106, ( #4397 ) ) ;
#1396 = PLANE ( 'NONE',  #294 ) ;
#1397 =( NAMED_UNIT ( * ) PLANE_ANGLE_UNIT ( ) SI_UNIT ( $, .RADIAN. ) );
#1398 = CARTESIAN_POINT ( 'NONE',  ( 68.78076590293053982, 14.39999999999990621, 2.717623242324848309 ) ) ;
#1399 = LINE ( 'NONE', #4105, #5129 ) ;
#1400 = CARTESIAN_POINT ( 'NONE',  ( 11.93610596052498884, 15.40000000000162572, 12.00000000000000533 ) ) ;
#1401 = ORIENTED_EDGE ( 'NONE', *, *, #2097, .F. ) ;
#1402 = B_SPLINE_SURFACE_WITH_KNOTS ( 'NONE', 3, 1, ( 
 ( #36, #5203 ),
 ( #5307, #2670 ),
 ( #2710, #3124 ),
 ( #5236, #556 ),
 ( #2151, #969 ),
 ( #6841, #4271 ),
 ( #6389, #1635 ),
 ( #4722, #6765 ),
 ( #3682, #2009 ),
 ( #3648, #4753 ),
 ( #4128, #2082 ) ),
 .UNSPECIFIED., .F., .F., .F.,
 ( 4, 1, 1, 1, 1, 1, 1, 1, 4 ),
 ( 2, 2 ),
 ( 0.000000000000000000, 0.1328352129424717754, 0.2562841245751719121, 0.3737214431148458416, 0.4895728118511399884, 0.6071117149037158489, 0.7289658568385710691, 0.8583571788470969466, 1.000000000000000000 ),
 ( 0.000000000000000000, 1.000000000000000000 ),
 .UNSPECIFIED. ) ;
#1403 = EDGE_CURVE ( 'NONE', #6546, #4517, #6095, .T. ) ;
#1404 = CARTESIAN_POINT ( 'NONE',  ( 69.81890817928807280, 15.39999999999990621, 2.662073941391977616 ) ) ;
#1405 = CARTESIAN_POINT ( 'NONE',  ( 51.85519130524025400, 8.399999999999936406, -8.000000000000003553 ) ) ;
#1406 = CARTESIAN_POINT ( 'NONE',  ( 2.459803013895827155E-15, -4.100000000000072475, -20.08581589082205454 ) ) ;
#1407 = CARTESIAN_POINT ( 'NONE',  ( 62.09999999999998010, 10.39999999999994351, 7.999999999999994671 ) ) ;
#1408 = ORIENTED_EDGE ( 'NONE', *, *, #4851, .F. ) ;
#1409 = ORIENTED_EDGE ( 'NONE', *, *, #2772, .T. ) ;
#1410 = CARTESIAN_POINT ( 'NONE',  ( 57.09999999999994458, 15.39999999999992752, -9.000000000000005329 ) ) ;
#1411 = CARTESIAN_POINT ( 'NONE',  ( 41.14480869475966784, 8.399999999999934630, -8.000000000000003553 ) ) ;
#1412 = CARTESIAN_POINT ( 'NONE',  ( 70.54864354528301362, 14.39999999999990266, 1.986054568812109622 ) ) ;
#1413 = EDGE_CURVE ( 'NONE', #515, #1753, #5470, .T. ) ;
#1414 = CARTESIAN_POINT ( 'NONE',  ( 73.05153840506967811, 15.39999999999989910, 1.748151664014444329 ) ) ;
#1415 = VERTEX_POINT ( 'NONE', #4040 ) ;
#1416 = ORIENTED_EDGE ( 'NONE', *, *, #1073, .T. ) ;
#1417 = CARTESIAN_POINT ( 'NONE',  ( 63.59999999999998721, -4.199999999999992184, 31.00000000000000711 ) ) ;
#1418 = ORIENTED_EDGE ( 'NONE', *, *, #2429, .F. ) ;
#1419 = EDGE_CURVE ( 'NONE', #1093, #311, #3551, .T. ) ;
#1420 = CARTESIAN_POINT ( 'NONE',  ( 0.000000000000000000, -4.000000000000067502, 0.000000000000000000 ) ) ;
#1421 = CARTESIAN_POINT ( 'NONE',  ( 73.71640845730209435, 14.39999999999989910, -5.171699381120754779 ) ) ;
#1422 = CARTESIAN_POINT ( 'NONE',  ( 71.95394367891606180, 14.39999999999990266, 1.079758042198965207 ) ) ;
#1423 = CARTESIAN_POINT ( 'NONE',  ( 70.53440977894797470, 14.39999999999990266, -4.259205386823629702 ) ) ;
#1424 = VERTEX_POINT ( 'NONE', #2442 ) ;
#1425 = ORIENTED_EDGE ( 'NONE', *, *, #4300, .T. ) ;
#1426 = DIRECTION ( 'NONE',  ( 0.000000000000000000, 0.000000000000000000, 1.000000000000000000 ) ) ;
#1427 = DIRECTION ( 'NONE',  ( 0.000000000000000000, 0.000000000000000000, -1.000000000000000000 ) ) ;
#1428 = DIRECTION ( 'NONE',  ( -4.003208021484938538E-16, 1.000000000000000000, 5.787049111740484599E-32 ) ) ;
#1429 = CARTESIAN_POINT ( 'NONE',  ( 69.19026535641157238, 14.39999999999990621, 1.326791718972056833 ) ) ;
#1430 = CARTESIAN_POINT ( 'NONE',  ( 70.00000000000000000, 5.799999999999999822, 21.97994974842648475 ) ) ;
#1431 = DIRECTION ( 'NONE',  ( 0.000000000000000000, 0.000000000000000000, -1.000000000000000000 ) ) ;
#1432 = ORIENTED_EDGE ( 'NONE', *, *, #1249, .T. ) ;
#1433 = CARTESIAN_POINT ( 'NONE',  ( 71.24807098704434338, 14.39999999999990266, -3.691026817302394125 ) ) ;
#1434 = CARTESIAN_POINT ( 'NONE',  ( 79.59999999999999432, 8.600000000000001421, 23.82005025157352662 ) ) ;
#1435 = CARTESIAN_POINT ( 'NONE',  ( 12.29686446218788198, 15.29038800760320527, -12.00000000000000533 ) ) ;
#1436 = DIRECTION ( 'NONE',  ( 0.7071067811865456854, 0.7071067811865493491, -0.000000000000000000 ) ) ;
#1437 = EDGE_LOOP ( 'NONE', ( #4379, #1591, #4346, #6037 ) ) ;
#1438 = EDGE_LOOP ( 'NONE', ( #1043, #5491, #3438, #2540, #1580, #6539 ) ) ;
#1439 = CARTESIAN_POINT ( 'NONE',  ( 48.69374109684812169, 9.899999999999936406, -8.000000000000003553 ) ) ;
#1440 = CARTESIAN_POINT ( 'NONE',  ( 63.09999999999998721, -4.100000000000053824, 12.00000000000000000 ) ) ;
#1441 = CARTESIAN_POINT ( 'NONE',  ( 23.25622670975753437, 14.89999999999995062, -7.999999999999996447 ) ) ;
#1442 = CARTESIAN_POINT ( 'NONE',  ( 72.24950336227506398, 14.39999999999990266, 3.456863585250439019 ) ) ;
#1443 = EDGE_CURVE ( 'NONE', #74, #4333, #4552, .T. ) ;
#1444 = ORIENTED_EDGE ( 'NONE', *, *, #3794, .F. ) ;
#1445 = EDGE_CURVE ( 'NONE', #6820, #197, #5672, .T. ) ;
#1446 = ORIENTED_EDGE ( 'NONE', *, *, #4121, .F. ) ;
#1447 = FACE_OUTER_BOUND ( 'NONE', #6060, .T. ) ;
#1448 = ORIENTED_EDGE ( 'NONE', *, *, #4129, .F. ) ;
#1449 = CARTESIAN_POINT ( 'NONE',  ( 60.09999999999990905, 5.400000000004199663, -2.893524555867769884E-31 ) ) ;
#1450 = B_SPLINE_SURFACE_WITH_KNOTS ( 'NONE', 3, 1, ( 
 ( #5134, #3022 ),
 ( #1453, #5631 ),
 ( #1492, #2498 ),
 ( #6149, #3510 ),
 ( #1878, #4514 ),
 ( #2962, #4130 ),
 ( #1422, #936 ),
 ( #3997, #389 ),
 ( #4065, #2459 ),
 ( #6639, #4615 ),
 ( #4540, #6766 ),
 ( #3542, #5663 ),
 ( #5734, #5039 ),
 ( #868, #6737 ),
 ( #3061, #970 ),
 ( #6215, #6111 ),
 ( #3576, #2990 ),
 ( #5699, #2432 ),
 ( #2010, #4576 ) ),
 .UNSPECIFIED., .F., .F., .F.,
 ( 4, 1, 1, 1, 1, 1, 1, 1, 1, 1, 1, 1, 1, 1, 1, 1, 4 ),
 ( 2, 2 ),
 ( 0.000000000000000000, 0.06704074835227996632, 0.1325568062303837391, 0.1957802642803828097, 0.2582166453742120726, 0.3188681249130449480, 0.3794776946887727376, 0.4400872644644993614, 0.5007387440033284065, 0.5617853304390150182, 0.6219189650290886107, 0.6826734838939167993, 0.7435758163726673420, 0.8054461261157288554, 0.8689749164301614481, 0.9336774142995820647, 1.000000000000000000 ),
 ( 0.000000000000000000, 1.000000000000000000 ),
 .UNSPECIFIED. ) ;
#1451 = EDGE_CURVE ( 'NONE', #515, #967, #3699, .T. ) ;
#1452 = CARTESIAN_POINT ( 'NONE',  ( 73.65786532946019349, 14.39999999999989555, -5.138529120990453336 ) ) ;
#1453 = CARTESIAN_POINT ( 'NONE',  ( 71.67475217686498468, 14.39999999999990266, 1.591322282978925307 ) ) ;
#1454 = DIRECTION ( 'NONE',  ( 0.000000000000000000, -1.000000000000000000, -8.673617379884027583E-16 ) ) ;
#1455 = ORIENTED_EDGE ( 'NONE', *, *, #3236, .T. ) ;
#1456 = ORIENTED_EDGE ( 'NONE', *, *, #4512, .F. ) ;
#1457 = FACE_OUTER_BOUND ( 'NONE', #928, .T. ) ;
#1458 = VECTOR ( 'NONE', #2146, 1000.000000000000114 ) ;
#1459 = DIRECTION ( 'NONE',  ( 0.000000000000000000, 0.000000000000000000, 1.000000000000000000 ) ) ;
#1460 = B_SPLINE_CURVE_WITH_KNOTS ( 'NONE', 3,
 ( #5106, #6578, #302, #360, #4584, #2870, #1789, #265, #3389, #4489, #3911, #1825, #3949, #6063, #3422 ),
 .UNSPECIFIED., .F., .F.,
 ( 4, 1, 1, 1, 1, 1, 1, 1, 1, 1, 1, 1, 4 ),
 ( 0.000000000000000000, 0.08126307684645980856, 0.1626239133946135451, 0.2449223739792011911, 0.3294431469520919253, 0.4136908752024964220, 0.4951069153100098319, 0.5748877793871720598, 0.6544256819248270851, 0.7351824950001204506, 0.8188208780637680206, 0.9066451123369294596, 1.000000000000000000 ),
 .UNSPECIFIED. ) ;
#1461 = CARTESIAN_POINT ( 'NONE',  ( 71.59999999999999432, 5.799999999999999822, 25.82005025157353018 ) ) ;
#1462 = DIRECTION ( 'NONE',  ( -0.000000000000000000, 0.000000000000000000, 1.000000000000000000 ) ) ;
#1463 = DIRECTION ( 'NONE',  ( -1.953992523340275006E-13, 0.8660254037844423713, 0.4999999999999935052 ) ) ;
#1464 = DIRECTION ( 'NONE',  ( 0.000000000000000000, 0.000000000000000000, 1.000000000000000000 ) ) ;
#1465 = ORIENTED_EDGE ( 'NONE', *, *, #3803, .F. ) ;
#1466 = CARTESIAN_POINT ( 'NONE',  ( 69.80182217672685852, 15.39999999999990266, 3.177797942489499317 ) ) ;
#1467 = AXIS2_PLACEMENT_3D ( 'NONE', #283, #5524, #2324 ) ;
#1468 = AXIS2_PLACEMENT_3D ( 'NONE', #5012, #269, #6545 ) ;
#1469 = CARTESIAN_POINT ( 'NONE',  ( 74.93442046197060336, 14.39999999999989555, 3.337903259003626832 ) ) ;
#1470 = CARTESIAN_POINT ( 'NONE',  ( 22.54490184435235278, 15.39999999999992397, 6.880426844130944630 ) ) ;
#1471 = LINE ( 'NONE', #6724, #3362 ) ;
#1472 = VECTOR ( 'NONE', #1678, 1000.000000000000000 ) ;
#1473 = ORIENTED_EDGE ( 'NONE', *, *, #188, .T. ) ;
#1474 = AXIS2_PLACEMENT_3D ( 'NONE', #5063, #6142, #3017 ) ;
#1475 = EDGE_LOOP ( 'NONE', ( #1967, #5201 ) ) ;
#1476 = LINE ( 'NONE', #4018, #3260 ) ;
#1477 = CARTESIAN_POINT ( 'NONE',  ( 71.90415086155209679, 14.39999999999990266, -4.712653435013558934 ) ) ;
#1478 = CARTESIAN_POINT ( 'NONE',  ( 0.000000000000000000, -4.191111111111185394, 0.000000000000000000 ) ) ;
#1479 = AXIS2_PLACEMENT_3D ( 'NONE', #1478, #1518, #3605 ) ;
#1480 = VECTOR ( 'NONE', #414, 1000.000000000000000 ) ;
#1481 = CARTESIAN_POINT ( 'NONE',  ( 73.05153840506967811, 14.39999999999989910, 1.748151664014444329 ) ) ;
#1482 = ORIENTED_EDGE ( 'NONE', *, *, #3239, .F. ) ;
#1483 = EDGE_LOOP ( 'NONE', ( #2555, #5689, #2219, #6320 ) ) ;
#1484 = CARTESIAN_POINT ( 'NONE',  ( 73.08705040691673105, 14.39999999999990266, -3.327549442669541335 ) ) ;
#1485 = AXIS2_PLACEMENT_3D ( 'NONE', #2304, #196, #258 ) ;
#1486 = CIRCLE ( 'NONE', #5591, 3.999999999999996447 ) ;
#1487 = ORIENTED_EDGE ( 'NONE', *, *, #3003, .T. ) ;
#1488 = LINE ( 'NONE', #2559, #917 ) ;
#1489 = EDGE_CURVE ( 'NONE', #5005, #4874, #2970, .T. ) ;
#1490 = AXIS2_PLACEMENT_3D ( 'NONE', #3788, #5873, #4866 ) ;
#1491 = LINE ( 'NONE', #6351, #2240 ) ;
#1492 = CARTESIAN_POINT ( 'NONE',  ( 71.70289534165004852, 14.39999999999990266, 1.508696494020525636 ) ) ;
#1493 = CARTESIAN_POINT ( 'NONE',  ( 70.26452286950249970, 14.39999999999990621, -4.220826216987160429 ) ) ;
#1494 = ORIENTED_EDGE ( 'NONE', *, *, #3623, .F. ) ;
#1495 = ORIENTED_EDGE ( 'NONE', *, *, #5627, .T. ) ;
#1496 = CARTESIAN_POINT ( 'NONE',  ( 63.59999999999998721, 12.44622315972941351, 28.82005025157353018 ) ) ;
#1497 = CIRCLE ( 'NONE', #3270, 3.999999999999996447 ) ;
#1498 = ADVANCED_FACE ( 'NONE', ( #5078 ), #430, .F. ) ;
#1499 = CARTESIAN_POINT ( 'NONE',  ( 73.87075453211555498, 14.39999999999989910, 2.404840739321953524 ) ) ;
#1500 = EDGE_CURVE ( 'NONE', #6784, #2030, #5607, .T. ) ;
#1501 = EDGE_CURVE ( 'NONE', #1301, #5935, #6161, .T. ) ;
#1502 = DIRECTION ( 'NONE',  ( 1.000000000000000000, -2.090621471207749369E-15, 0.000000000000000000 ) ) ;
#1503 = AXIS2_PLACEMENT_3D ( 'NONE', #6189, #396, #4621 ) ;
#1504 = CARTESIAN_POINT ( 'NONE',  ( 68.86916669792952916, 14.39999999999990621, 1.938979399330512665 ) ) ;
#1505 = EDGE_LOOP ( 'NONE', ( #5936, #5745, #4154, #5553, #3054, #2306, #5252, #2447, #4305 ) ) ;
#1506 = CARTESIAN_POINT ( 'NONE',  ( 72.96391959705806585, 14.39999999999989555, 1.750959492532965234 ) ) ;
#1507 = CYLINDRICAL_SURFACE ( 'NONE', #1935, 1.700000000000000178 ) ;
#1508 = VERTEX_POINT ( 'NONE', #331 ) ;
#1509 = CARTESIAN_POINT ( 'NONE',  ( 70.48689351584813778, 15.39999999999990443, -4.257123852184069079 ) ) ;
#1510 = AXIS2_PLACEMENT_3D ( 'NONE', #4527, #5113, #5054 ) ;
#1511 = DIRECTION ( 'NONE',  ( -0.000000000000000000, -8.673617379884027583E-16, 1.000000000000000000 ) ) ;
#1512 = CARTESIAN_POINT ( 'NONE',  ( 57.09999999999994458, 15.39999999999992752, -9.000000000000005329 ) ) ;
#1513 = LINE ( 'NONE', #4558, #150 ) ;
#1514 = VERTEX_POINT ( 'NONE', #6745 ) ;
#1515 = EDGE_LOOP ( 'NONE', ( #540, #5728, #6795, #2461, #3535, #1552, #6747, #1053, #1167, #1448, #497, #3168, #1667, #1736 ) ) ;
#1516 = PLANE ( 'NONE',  #3039 ) ;
#1517 = LINE ( 'NONE', #2951, #4920 ) ;
#1518 = DIRECTION ( 'NONE',  ( -0.000000000000000000, 1.000000000000000000, -0.000000000000000000 ) ) ;
#1519 = CARTESIAN_POINT ( 'NONE',  ( 73.14904740435704866, 15.39999999999989733, 1.748506700249780055 ) ) ;
#1520 = ORIENTED_EDGE ( 'NONE', *, *, #1286, .T. ) ;
#1521 = VERTEX_POINT ( 'NONE', #5212 ) ;
#1522 = CARTESIAN_POINT ( 'NONE',  ( 72.24950336227506398, 14.39999999999990266, 3.456863585250439019 ) ) ;
#1523 = FACE_OUTER_BOUND ( 'NONE', #239, .T. ) ;
#1524 = CARTESIAN_POINT ( 'NONE',  ( 71.70289534165004852, 14.39999999999990266, 1.508696494020525636 ) ) ;
#1525 = ORIENTED_EDGE ( 'NONE', *, *, #6592, .T. ) ;
#1526 = DIRECTION ( 'NONE',  ( 0.000000000000000000, -1.000000000000000000, 0.000000000000000000 ) ) ;
#1527 = ORIENTED_EDGE ( 'NONE', *, *, #4795, .T. ) ;
#1528 = ORIENTED_EDGE ( 'NONE', *, *, #2208, .F. ) ;
#1529 = CARTESIAN_POINT ( 'NONE',  ( 48.69374109684812169, 10.39999999999993641, 8.000000000000003553 ) ) ;
#1530 = B_SPLINE_CURVE_WITH_KNOTS ( 'NONE', 3,
 ( #4209, #5287, #5741, #4837, #460, #536, #2570, #11, #2123, #6816 ),
 .UNSPECIFIED., .F., .F.,
 ( 4, 2, 2, 2, 4 ),
 ( 0.0008582060699110390101, 0.001436812248449658618, 0.001726115337718970699, 0.001870766882353627715, 0.002015418426988284731 ),
 .UNSPECIFIED. ) ;
#1531 = CARTESIAN_POINT ( 'NONE',  ( 73.88054940595853282, 14.39999999999989555, 2.465591211779937453 ) ) ;
#1532 = LINE ( 'NONE', #2059, #1056 ) ;
#1533 = LINE ( 'NONE', #6429, #3461 ) ;
#1534 = EDGE_CURVE ( 'NONE', #6170, #3600, #3035, .T. ) ;
#1535 = CARTESIAN_POINT ( 'NONE',  ( 1.682219375700535565E-15, 14.53658536585358441, -13.73636363457416465 ) ) ;
#1536 = LINE ( 'NONE', #5183, #5931 ) ;
#1537 = ORIENTED_EDGE ( 'NONE', *, *, #2099, .F. ) ;
#1538 = EDGE_CURVE ( 'NONE', #2194, #6666, #1399, .T. ) ;
#1539 = ADVANCED_FACE ( 'NONE', ( #5640 ), #6817, .T. ) ;
#1540 = LINE ( 'NONE', #1014, #5131 ) ;
#1541 = CARTESIAN_POINT ( 'NONE',  ( 74.93569099749858253, 14.39999999999989555, 3.516953865608950291 ) ) ;
#1542 = FACE_OUTER_BOUND ( 'NONE', #1601, .T. ) ;
#1543 = CARTESIAN_POINT ( 'NONE',  ( 72.32939803355394304, 15.39999999999989377, -2.116734641899079339 ) ) ;
#1544 = EDGE_CURVE ( 'NONE', #1184, #4361, #2020, .T. ) ;
#1545 = DIRECTION ( 'NONE',  ( 1.000000000000000000, 5.102127870520019996E-16, 0.000000000000000000 ) ) ;
#1546 = ORIENTED_EDGE ( 'NONE', *, *, #1795, .F. ) ;
#1547 = VERTEX_POINT ( 'NONE', #4008 ) ;
#1548 = DIRECTION ( 'NONE',  ( -0.000000000000000000, 1.000000000000000000, 0.000000000000000000 ) ) ;
#1549 = CARTESIAN_POINT ( 'NONE',  ( 73.65786532946019349, 14.39999999999989555, -5.138529120990453336 ) ) ;
#1550 = CARTESIAN_POINT ( 'NONE',  ( 73.21934346327645926, 14.39999999999989910, 0.5638517923039049196 ) ) ;
#1551 = CARTESIAN_POINT ( 'NONE',  ( 71.37465663119245107, 14.39999999999990621, -5.228474604601561104 ) ) ;
#1552 = ORIENTED_EDGE ( 'NONE', *, *, #5180, .T. ) ;
#1553 = EDGE_LOOP ( 'NONE', ( #4565, #2396, #5978, #2171, #6486, #1126, #80, #207, #5666 ) ) ;
#1554 = LINE ( 'NONE', #2112, #4140 ) ;
#1555 = CARTESIAN_POINT ( 'NONE',  ( 57.10000000006383658, -500000.0000000000582, 9.000000000000005329 ) ) ;
#1556 = DIRECTION ( 'NONE',  ( 1.224646799147353454E-16, 0.000000000000000000, -1.000000000000000000 ) ) ;
#1557 = EDGE_CURVE ( 'NONE', #2982, #5863, #1957, .T. ) ;
#1558 = LINE ( 'NONE', #1074, #3922 ) ;
#1559 = ORIENTED_EDGE ( 'NONE', *, *, #6081, .T. ) ;
#1560 = PLANE ( 'NONE',  #6818 ) ;
#1561 = EDGE_LOOP ( 'NONE', ( #6317, #591, #2414, #3961 ) ) ;
#1562 = EDGE_LOOP ( 'NONE', ( #6000, #1446, #973, #6036 ) ) ;
#1563 = CARTESIAN_POINT ( 'NONE',  ( 72.32852855257955582, 14.39999999999990266, -1.916849355454689707 ) ) ;
#1564 = B_SPLINE_CURVE_WITH_KNOTS ( 'NONE', 3,
 ( #4143, #1400, #5744, #3000, #4074, #949 ),
 .UNSPECIFIED., .F., .F.,
 ( 4, 2, 4 ),
 ( 0.0006498156364110246669, 0.0009301932141845842966, 0.001210570791958144035 ),
 .UNSPECIFIED. ) ;
#1565 = CARTESIAN_POINT ( 'NONE',  ( 16.85941873256619417, 15.39999999999992575, 9.000000000000005329 ) ) ;
#1566 = DIRECTION ( 'NONE',  ( 1.734723475976793684E-15, 1.000000000000000000, -0.000000000000000000 ) ) ;
#1567 = DIRECTION ( 'NONE',  ( 0.000000000000000000, 0.000000000000000000, 1.000000000000000000 ) ) ;
#1568 = CARTESIAN_POINT ( 'NONE',  ( 68.78062229557093588, 14.39999999999990976, -3.502072779985801798 ) ) ;
#1569 = FACE_OUTER_BOUND ( 'NONE', #6810, .T. ) ;
#1570 = EDGE_LOOP ( 'NONE', ( #1769, #523, #2267, #3670, #1973 ) ) ;
#1571 = CIRCLE ( 'NONE', #4117, 1.599999999999990319 ) ;
#1572 = CARTESIAN_POINT ( 'NONE',  ( 71.22230918556036272, 15.39999999999990266, 3.593922363261941477 ) ) ;
#1573 = EDGE_CURVE ( 'NONE', #5291, #545, #4653, .T. ) ;
#1574 = CARTESIAN_POINT ( 'NONE',  ( 41.14480869475966784, 8.399999999999934630, -8.000000000000003553 ) ) ;
#1575 = EDGE_CURVE ( 'NONE', #6625, #2353, #5805, .T. ) ;
#1576 = FACE_OUTER_BOUND ( 'NONE', #2929, .T. ) ;
#1577 = CARTESIAN_POINT ( 'NONE',  ( 72.32939803355394304, 14.39999999999990266, -2.116734641899079339 ) ) ;
#1578 = CARTESIAN_POINT ( 'NONE',  ( 69.85216909391449747, 15.39999999999990088, -5.342164192612377072 ) ) ;
#1579 = ORIENTED_EDGE ( 'NONE', *, *, #3194, .F. ) ;
#1580 = ORIENTED_EDGE ( 'NONE', *, *, #6125, .F. ) ;
#1581 = DIRECTION ( 'NONE',  ( 0.2028030103336176948, -0.8480290114434252402, -0.4896097780374790154 ) ) ;
#1582 = CIRCLE ( 'NONE', #5466, 20.00000000000000355 ) ;
#1583 = CARTESIAN_POINT ( 'NONE',  ( 73.71640845730209435, 14.39999999999989910, -5.171699381120754779 ) ) ;
#1584 = CARTESIAN_POINT ( 'NONE',  ( 74.32720925503879528, 14.39999999999989555, 0.9814335714634276897 ) ) ;
#1585 = EDGE_CURVE ( 'NONE', #6101, #918, #209, .T. ) ;
#1586 = EDGE_CURVE ( 'NONE', #3451, #5214, #1610, .T. ) ;
#1587 = EDGE_CURVE ( 'NONE', #73, #2606, #2757, .T. ) ;
#1588 = CARTESIAN_POINT ( 'NONE',  ( 73.39205591599043998, 15.39999999999990443, 1.787415871823079261 ) ) ;
#1589 = AXIS2_PLACEMENT_3D ( 'NONE', #5628, #5094, #4095 ) ;
#1590 = VECTOR ( 'NONE', #1919, 1000.000000000000000 ) ;
#1591 = ORIENTED_EDGE ( 'NONE', *, *, #5903, .T. ) ;
#1592 = ORIENTED_EDGE ( 'NONE', *, *, #3841, .T. ) ;
#1593 = CARTESIAN_POINT ( 'NONE',  ( 57.09999999999994458, 10.89999999999992752, 9.000000000000005329 ) ) ;
#1594 = FACE_OUTER_BOUND ( 'NONE', #577, .T. ) ;
#1595 = CARTESIAN_POINT ( 'NONE',  ( 1.663042520135681158E-15, 14.89999999999992752, -13.57977272543851832 ) ) ;
#1596 = AXIS2_PLACEMENT_3D ( 'NONE', #3049, #4603, #442 ) ;
#1597 = VECTOR ( 'NONE', #4924, 1000.000000000000000 ) ;
#1598 = AXIS2_PLACEMENT_3D ( 'NONE', #6729, #3113, #5196 ) ;
#1599 = DIRECTION ( 'NONE',  ( 1.060575238724908887E-16, 0.4999999999999972244, -0.8660254037844402619 ) ) ;
#1600 = VECTOR ( 'NONE', #4833, 1000.000000000000000 ) ;
#1601 = EDGE_LOOP ( 'NONE', ( #6181, #1098, #4695, #3459, #6583 ) ) ;
#1602 = CARTESIAN_POINT ( 'NONE',  ( 79.59999999999999432, 12.44622315972941351, 28.82005025157353018 ) ) ;
#1603 = VERTEX_POINT ( 'NONE', #6853 ) ;
#1604 = ORIENTED_EDGE ( 'NONE', *, *, #348, .F. ) ;
#1605 = FACE_OUTER_BOUND ( 'NONE', #682, .T. ) ;
#1606 = VECTOR ( 'NONE', #4840, 999.9999999999998863 ) ;
#1607 = CARTESIAN_POINT ( 'NONE',  ( 16.85941873256619061, -4.600000000000022737, -10.91787525116476054 ) ) ;
#1608 = CARTESIAN_POINT ( 'NONE',  ( 21.75622670975752726, 10.39999999999992752, -9.000000000000005329 ) ) ;
#1609 = ORIENTED_EDGE ( 'NONE', *, *, #4373, .T. ) ;
#1610 = LINE ( 'NONE', #6326, #2579 ) ;
#1611 = CIRCLE ( 'NONE', #4044, 1.599999999999990319 ) ;
#1612 = LINE ( 'NONE', #3735, #606 ) ;
#1613 = ORIENTED_EDGE ( 'NONE', *, *, #3380, .T. ) ;
#1614 = DIRECTION ( 'NONE',  ( 1.000000000000000000, 0.000000000000000000, 0.000000000000000000 ) ) ;
#1615 = VECTOR ( 'NONE', #1008, 1000.000000000000000 ) ;
#1616 = FACE_OUTER_BOUND ( 'NONE', #5655, .T. ) ;
#1617 = CARTESIAN_POINT ( 'NONE',  ( 69.80182217672685852, 14.39999999999990266, 3.177797942489499317 ) ) ;
#1618 = CARTESIAN_POINT ( 'NONE',  ( 69.62722128760351836, 14.39999999999990621, -5.241539119664150981 ) ) ;
#1619 = EDGE_LOOP ( 'NONE', ( #5976, #6613, #6845, #4100 ) ) ;
#1620 = EDGE_CURVE ( 'NONE', #299, #761, #1153, .T. ) ;
#1621 = DIRECTION ( 'NONE',  ( 0.000000000000000000, 0.000000000000000000, -1.000000000000000000 ) ) ;
#1622 = VECTOR ( 'NONE', #1863, 1000.000000000000000 ) ;
#1623 = DIRECTION ( 'NONE',  ( -4.003208021484938538E-16, 1.000000000000000000, 5.787049111740484599E-32 ) ) ;
#1624 = CARTESIAN_POINT ( 'NONE',  ( 74.15610824378244104, 15.39999999999989377, 0.8578493243585657568 ) ) ;
#1625 = CIRCLE ( 'NONE', #2505, 1.600000000000004086 ) ;
#1626 = CARTESIAN_POINT ( 'NONE',  ( 70.53611573962987791, 14.39999999999990266, -5.443496495481207731 ) ) ;
#1627 = VERTEX_POINT ( 'NONE', #1535 ) ;
#1628 = EDGE_CURVE ( 'NONE', #3267, #657, #6156, .T. ) ;
#1629 = ORIENTED_EDGE ( 'NONE', *, *, #2139, .T. ) ;
#1630 = DIRECTION ( 'NONE',  ( -1.000000000000000000, -0.000000000000000000, -0.000000000000000000 ) ) ;
#1631 = ADVANCED_FACE ( 'NONE', ( #3658 ), #5022, .F. ) ;
#1632 = FACE_OUTER_BOUND ( 'NONE', #5261, .T. ) ;
#1633 = ADVANCED_FACE ( 'NONE', ( #5250 ), #2616, .T. ) ;
#1634 = FACE_BOUND ( 'NONE', #503, .T. ) ;
#1635 = CARTESIAN_POINT ( 'NONE',  ( 69.96488978757159316, 15.39999999999990088, -3.992175667217510160 ) ) ;
#1636 = ADVANCED_FACE ( 'NONE', ( #1050 ), #4613, .T. ) ;
#1637 = ORIENTED_EDGE ( 'NONE', *, *, #1575, .F. ) ;
#1638 = DIRECTION ( 'NONE',  ( -1.000000000000000000, 1.498156502291184424E-12, 0.000000000000000000 ) ) ;
#1639 = ORIENTED_EDGE ( 'NONE', *, *, #3493, .T. ) ;
#1640 = VERTEX_POINT ( 'NONE', #2370 ) ;
#1641 = LINE ( 'NONE', #4759, #3264 ) ;
#1642 = CARTESIAN_POINT ( 'NONE',  ( 74.79991649026763412, 14.39999999999989555, 1.664549310187251940 ) ) ;
#1643 = DIRECTION ( 'NONE',  ( 1.734723475976793684E-15, 1.000000000000000000, -0.000000000000000000 ) ) ;
#1644 = CARTESIAN_POINT ( 'NONE',  ( 68.79488765142774298, 14.39999999999990976, -3.704142348427302167 ) ) ;
#1645 = CARTESIAN_POINT ( 'NONE',  ( 63.09999999999998721, 15.39999999999993463, 6.999999999999994671 ) ) ;
#1646 = VERTEX_POINT ( 'NONE', #5984 ) ;
#1647 = CARTESIAN_POINT ( 'NONE',  ( 28.25622670975753081, -1.600000000000058709, 9.000000000000005329 ) ) ;
#1648 = CARTESIAN_POINT ( 'NONE',  ( 62.09999999999998721, 10.39999999999994351, -8.000000000000003553 ) ) ;
#1649 = PLANE ( 'NONE',  #5397 ) ;
#1650 = CARTESIAN_POINT ( 'NONE',  ( 69.79972246283595894, 14.39999999999990621, 3.760616660483311779 ) ) ;
#1651 = CARTESIAN_POINT ( 'NONE',  ( 68.78062229557093588, 15.39999999999990798, -3.502072779985801798 ) ) ;
#1652 = ORIENTED_EDGE ( 'NONE', *, *, #2491, .F. ) ;
#1653 = CARTESIAN_POINT ( 'NONE',  ( 20.47889952533760294, 11.82157901491128627, -7.736193024561179854 ) ) ;
#1654 = CARTESIAN_POINT ( 'NONE',  ( 21.75622670975752726, 15.39999999999992752, -9.000000000000005329 ) ) ;
#1655 = LINE ( 'NONE', #26, #3947 ) ;
#1656 = CARTESIAN_POINT ( 'NONE',  ( 71.06238267530871155, 15.39999999999990266, -4.058945736531841320 ) ) ;
#1657 = CARTESIAN_POINT ( 'NONE',  ( 70.64562509685090674, 14.39999999999990266, -5.441372694436123147 ) ) ;
#1658 = EDGE_LOOP ( 'NONE', ( #1223, #1988, #4254, #6407, #4183 ) ) ;
#1659 = EDGE_LOOP ( 'NONE', ( #1844, #3228, #4016, #232 ) ) ;
#1660 = DIRECTION ( 'NONE',  ( 0.000000000000000000, 0.000000000000000000, -1.000000000000000000 ) ) ;
#1661 = DIRECTION ( 'NONE',  ( -1.927470528863118062E-16, 0.000000000000000000, -1.000000000000000000 ) ) ;
#1662 = CARTESIAN_POINT ( 'NONE',  ( 1.724274860093048929E-15, 14.89999999999992752, -14.07977272543851832 ) ) ;
#1663 = EDGE_CURVE ( 'NONE', #1508, #4553, #1774, .T. ) ;
#1664 = EDGE_CURVE ( 'NONE', #2606, #5521, #422, .T. ) ;
#1665 = EDGE_CURVE ( 'NONE', #6863, #1829, #351, .T. ) ;
#1666 = CARTESIAN_POINT ( 'NONE',  ( 74.93635983262761613, 14.39999999999989555, -5.918734383217860717 ) ) ;
#1667 = ORIENTED_EDGE ( 'NONE', *, *, #1249, .F. ) ;
#1668 = CARTESIAN_POINT ( 'NONE',  ( 79.59999999999999432, -4.199999999999992184, 31.00000000000000711 ) ) ;
#1669 = VERTEX_POINT ( 'NONE', #898 ) ;
#1670 = CARTESIAN_POINT ( 'NONE',  ( 17.40031784558380323, -4.032735331482289354, -9.000000000000007105 ) ) ;
#1671 = CARTESIAN_POINT ( 'NONE',  ( 74.89437770027838326, 14.39999999999989910, 2.117139655869680670 ) ) ;
#1672 = ADVANCED_FACE ( 'NONE', ( #1907 ), #1450, .T. ) ;
#1673 = DIRECTION ( 'NONE',  ( -3.469446951953614189E-16, 1.000000000000000000, -0.000000000000000000 ) ) ;
#1674 = EDGE_LOOP ( 'NONE', ( #5091, #365, #5506, #6760, #4009 ) ) ;
#1675 = CARTESIAN_POINT ( 'NONE',  ( 69.24061183743205561, 14.39999999999990621, -4.957311871591249641 ) ) ;
#1676 = CARTESIAN_POINT ( 'NONE',  ( 21.75622670975752726, 7.400000000004187228, -2.799999999999999822 ) ) ;
#1677 = ORIENTED_EDGE ( 'NONE', *, *, #905, .T. ) ;
#1678 = DIRECTION ( 'NONE',  ( -0.000000000000000000, 1.000000000000000000, -0.000000000000000000 ) ) ;
#1679 = CARTESIAN_POINT ( 'NONE',  ( 68.34999999999999432, 5.799999999999999822, 37.97994974842648475 ) ) ;
#1680 = CARTESIAN_POINT ( 'NONE',  ( 63.59999999999998721, 5.400000000004201439, -2.799999999999999822 ) ) ;
#1681 = CARTESIAN_POINT ( 'NONE',  ( 72.49355964475998348, 15.39999999999989022, -2.778327643572859440 ) ) ;
#1682 = AXIS2_PLACEMENT_3D ( 'NONE', #3913, #5010, #268 ) ;
#1683 = CARTESIAN_POINT ( 'NONE',  ( 69.97063727819661949, 14.39999999999990621, -5.379461690040293398 ) ) ;
#1684 = VERTEX_POINT ( 'NONE', #1349 ) ;
#1685 = CARTESIAN_POINT ( 'NONE',  ( 57.09999999999994458, 15.39999999999992752, 9.000000000000005329 ) ) ;
#1686 = CARTESIAN_POINT ( 'NONE',  ( 72.87402738274066394, 15.39999999999989910, -4.651859279291792326 ) ) ;
#1687 = VECTOR ( 'NONE', #5, 1000.000000000000000 ) ;
#1688 = CARTESIAN_POINT ( 'NONE',  ( 71.28339480870967293, 15.39999999999990443, -3.353781301656225455 ) ) ;
#1689 = CARTESIAN_POINT ( 'NONE',  ( 0.000000000000000000, 14.89999999999992752, 0.000000000000000000 ) ) ;
#1690 = B_SPLINE_CURVE_WITH_KNOTS ( 'NONE', 3,
 ( #4705, #1930, #6826, #4632, #2482, #3525, #4189, #5719 ),
 .UNSPECIFIED., .F., .F.,
 ( 4, 2, 2, 4 ),
 ( 0.002978212308898497973, 0.003185202977483841957, 0.003392193646069186375, 0.003806174983239882584 ),
 .UNSPECIFIED. ) ;
#1691 = ORIENTED_EDGE ( 'NONE', *, *, #143, .F. ) ;
#1692 = VECTOR ( 'NONE', #4894, 1000.000000000000000 ) ;
#1693 = VERTEX_POINT ( 'NONE', #5173 ) ;
#1694 = CARTESIAN_POINT ( 'NONE',  ( 71.56539335739884677, 15.39999999999990443, 1.448074481133464264 ) ) ;
#1695 = CARTESIAN_POINT ( 'NONE',  ( 61.79999999999991189, 5.400000000004200551, 2.081899558550494856E-16 ) ) ;
#1696 = CARTESIAN_POINT ( 'NONE',  ( 79.59999999999999432, -4.199999999999992184, 35.00000000000000000 ) ) ;
#1697 = CARTESIAN_POINT ( 'NONE',  ( 69.31125983422590764, 15.39999999999990976, 1.200500812154248864 ) ) ;
#1698 = VECTOR ( 'NONE', #3434, 1000.000000000000000 ) ;
#1699 = AXIS2_PLACEMENT_3D ( 'NONE', #4061, #3536, #5659 ) ;
#1700 = CARTESIAN_POINT ( 'NONE',  ( 72.53549029821563465, 14.39999999999989555, 0.6685723136766396069 ) ) ;
#1701 = ORIENTED_EDGE ( 'NONE', *, *, #4176, .F. ) ;
#1702 = FACE_OUTER_BOUND ( 'NONE', #3074, .T. ) ;
#1703 = AXIS2_PLACEMENT_3D ( 'NONE', #6548, #5437, #1308 ) ;
#1704 = VECTOR ( 'NONE', #524, 1000.000000000000000 ) ;
#1705 = EDGE_CURVE ( 'NONE', #738, #5327, #2530, .T. ) ;
#1706 = VERTEX_POINT ( 'NONE', #6702 ) ;
#1707 = CARTESIAN_POINT ( 'NONE',  ( 35.90000000000005542, 15.39999999999992752, -9.000000000000005329 ) ) ;
#1708 = AXIS2_PLACEMENT_3D ( 'NONE', #3098, #733, #6043 ) ;
#1709 = CARTESIAN_POINT ( 'NONE',  ( 79.59999999999999432, 3.000000000000000888, 23.82005025157352662 ) ) ;
#1710 = CIRCLE ( 'NONE', #1928, 1.700000000000000178 ) ;
#1711 = CARTESIAN_POINT ( 'NONE',  ( 70.24267913164904087, 15.39999999999990798, 2.021438765358591905 ) ) ;
#1712 = ORIENTED_EDGE ( 'NONE', *, *, #4220, .T. ) ;
#1713 = CARTESIAN_POINT ( 'NONE',  ( 69.73751706516081583, 15.39999999999991154, -5.297009340497396579 ) ) ;
#1714 = DIRECTION ( 'NONE',  ( -1.000000000000000000, 0.000000000000000000, -0.000000000000000000 ) ) ;
#1715 = ORIENTED_EDGE ( 'NONE', *, *, #1413, .F. ) ;
#1716 = ADVANCED_FACE ( 'NONE', ( #1947 ), #6134, .T. ) ;
#1717 = ORIENTED_EDGE ( 'NONE', *, *, #1169, .T. ) ;
#1718 = VECTOR ( 'NONE', #1987, 1000.000000000000114 ) ;
#1719 = CIRCLE ( 'NONE', #1467, 13.73636363457416465 ) ;
#1720 = CARTESIAN_POINT ( 'NONE',  ( 25.25622670975753081, 15.11132486540511621, -1.113718120825631907E-32 ) ) ;
#1721 = ADVANCED_FACE ( 'NONE', ( #2405 ), #5069, .T. ) ;
#1722 = CARTESIAN_POINT ( 'NONE',  ( 51.49999999999999289, 9.800000000000004263, -9.000000000000005329 ) ) ;
#1723 = CARTESIAN_POINT ( 'NONE',  ( 60.09999999999990905, 0.3999999999999507283, -5.787049111740471462E-31 ) ) ;
#1724 = TOROIDAL_SURFACE ( 'NONE', #3491, 20.08581589082205454, 0.4999999999999993339 ) ;
#1725 = CARTESIAN_POINT ( 'NONE',  ( 73.53736701051849423, 14.39999999999989910, -3.656638310751914922 ) ) ;
#1726 = CARTESIAN_POINT ( 'NONE',  ( 68.97915530704116804, 15.39999999999990798, -4.579152852415472985 ) ) ;
#1727 = ORIENTED_EDGE ( 'NONE', *, *, #3793, .F. ) ;
#1728 = EDGE_CURVE ( 'NONE', #1640, #1184, #4642, .T. ) ;
#1729 = LINE ( 'NONE', #841, #2481 ) ;
#1730 = CARTESIAN_POINT ( 'NONE',  ( 60.09999999999990195, 15.39999999999998792, -2.200000000000097877 ) ) ;
#1731 = VECTOR ( 'NONE', #2128, 1000.000000000000000 ) ;
#1732 = DIRECTION ( 'NONE',  ( -1.000000000000000000, -9.110664488713896743E-17, 0.000000000000000000 ) ) ;
#1733 = LINE ( 'NONE', #6588, #4057 ) ;
#1734 = VECTOR ( 'NONE', #2385, 1000.000000000000000 ) ;
#1735 = ORIENTED_EDGE ( 'NONE', *, *, #3114, .F. ) ;
#1736 = ORIENTED_EDGE ( 'NONE', *, *, #2467, .F. ) ;
#1737 = CARTESIAN_POINT ( 'NONE',  ( 23.55622670975753152, 15.39999999999992397, 2.081899558550499787E-16 ) ) ;
#1738 = LINE ( 'NONE', #3330, #5790 ) ;
#1739 = LINE ( 'NONE', #1284, #4132 ) ;
#1740 = CARTESIAN_POINT ( 'NONE',  ( 68.86916669792952916, 15.39999999999990621, 1.938979399330512665 ) ) ;
#1741 = DIRECTION ( 'NONE',  ( -0.000000000000000000, 0.3420201433256690460, 0.9396926207859083169 ) ) ;
#1742 = EDGE_CURVE ( 'NONE', #5875, #29, #2186, .T. ) ;
#1743 = EDGE_LOOP ( 'NONE', ( #727, #1201, #1012, #957, #6384 ) ) ;
#1744 = CARTESIAN_POINT ( 'NONE',  ( 60.09999999999990905, 7.400000000004199663, -1.736114733519672964E-31 ) ) ;
#1745 = ORIENTED_EDGE ( 'NONE', *, *, #3895, .T. ) ;
#1746 = DIRECTION ( 'NONE',  ( -1.000000000000000000, 1.734723475976793684E-15, 0.000000000000000000 ) ) ;
#1747 = CARTESIAN_POINT ( 'NONE',  ( 60.09999999999990195, 10.39999999999994174, 1.046452292118435764E-45 ) ) ;
#1748 = CARTESIAN_POINT ( 'NONE',  ( 62.81132486540516879, 15.39999999999999325, 6.880426844130943742 ) ) ;
#1749 = ORIENTED_EDGE ( 'NONE', *, *, #2311, .T. ) ;
#1750 = CARTESIAN_POINT ( 'NONE',  ( 68.78062229557093588, 15.39999999999990798, -3.502072779985801798 ) ) ;
#1751 = LINE ( 'NONE', #3345, #4267 ) ;
#1752 = ORIENTED_EDGE ( 'NONE', *, *, #5027, .T. ) ;
#1753 = VERTEX_POINT ( 'NONE', #3569 ) ;
#1754 = CARTESIAN_POINT ( 'NONE',  ( 62.89587585476805032, 15.39999999999999325, 6.795875854768058666 ) ) ;
#1755 = DIRECTION ( 'NONE',  ( 0.6123724356957889192, 0.5000000000000115463, -0.6123724356957909176 ) ) ;
#1756 = EDGE_CURVE ( 'NONE', #6626, #245, #3033, .T. ) ;
#1757 = DIRECTION ( 'NONE',  ( -4.003208021484938538E-16, 1.000000000000000000, 5.787049111740484599E-32 ) ) ;
#1758 = CARTESIAN_POINT ( 'NONE',  ( 69.80103792016011255, 15.39999999999990621, 3.351908679353362785 ) ) ;
#1759 = EDGE_CURVE ( 'NONE', #5310, #6199, #5500, .T. ) ;
#1760 = ADVANCED_FACE ( 'NONE', ( #3089 ), #2025, .T. ) ;
#1761 = CARTESIAN_POINT ( 'NONE',  ( 41.50000000000000711, 9.800000000000004263, 9.000000000000005329 ) ) ;
#1762 = ORIENTED_EDGE ( 'NONE', *, *, #357, .F. ) ;
#1763 = DIRECTION ( 'NONE',  ( 0.000000000000000000, 1.000000000000000000, 3.858032741160316680E-32 ) ) ;
#1764 = LINE ( 'NONE', #3291, #3253 ) ;
#1765 = DIRECTION ( 'NONE',  ( 1.734723475976793684E-15, 1.000000000000000000, -0.000000000000000000 ) ) ;
#1766 = ADVANCED_FACE ( 'NONE', ( #5200 ), #449, .T. ) ;
#1767 = FACE_OUTER_BOUND ( 'NONE', #2181, .T. ) ;
#1768 = ORIENTED_EDGE ( 'NONE', *, *, #5527, .F. ) ;
#1769 = ORIENTED_EDGE ( 'NONE', *, *, #2653, .F. ) ;
#1770 = CARTESIAN_POINT ( 'NONE',  ( 69.79931281456869385, 14.39999999999990976, -2.838813496570304462 ) ) ;
#1771 = LINE ( 'NONE', #3365, #4337 ) ;
#1772 = CARTESIAN_POINT ( 'NONE',  ( 72.28191553250626100, 15.39999999999989555, 2.591714497433034392 ) ) ;
#1773 = LINE ( 'NONE', #1898, #6041 ) ;
#1774 = B_SPLINE_CURVE_WITH_KNOTS ( 'NONE', 3,
 ( #802, #6505, #1784, #1750, #6018, #3383, #4942, #5002, #4975, #5953, #2303, #4483, #6609, #1852, #6085, #4344, #1321, #2926, #2227, #1713, #3837, #1191, #324, #4027, #3615, #1978, #4097 ),
 .UNSPECIFIED., .F., .F.,
 ( 4, 1, 1, 1, 1, 1, 1, 1, 1, 1, 1, 1, 1, 1, 1, 1, 1, 1, 1, 1, 1, 1, 1, 1, 4 ),
 ( 0.000000000000000000, 0.06982616849899397904, 0.1345678064441837574, 0.1946546787308960080, 0.2497272936950489519, 0.3002886274677136758, 0.3460321053681092440, 0.3874375487314894451, 0.4243158513751290606, 0.4590730889188450181, 0.4932448260598500944, 0.5271141003553349025, 0.5610385684762978498, 0.5952220357179319743, 0.6298753074370245786, 0.6649863903354732431, 0.7012857943233484770, 0.7379678957382040938, 0.7742617770842652458, 0.8108508622066058491, 0.8472697177897871024, 0.8845086264750867677, 0.9223102820010343761, 0.9605040759056844291, 1.000000000000000000 ),
 .UNSPECIFIED. ) ;
#1775 = CARTESIAN_POINT ( 'NONE',  ( 72.39268690528579953, 15.39999999999990443, -2.570739273648238843 ) ) ;
#1776 = VERTEX_POINT ( 'NONE', #1383 ) ;
#1777 = CARTESIAN_POINT ( 'NONE',  ( 73.53736701051849423, 14.39999999999989910, -3.656638310751914922 ) ) ;
#1778 = VERTEX_POINT ( 'NONE', #5589 ) ;
#1779 = LINE ( 'NONE', #770, #3597 ) ;
#1780 = ADVANCED_FACE ( 'NONE', ( #1447 ), #2425, .F. ) ;
#1781 = CARTESIAN_POINT ( 'NONE',  ( 72.25557085642856237, 15.39999999999989910, 3.055964078465498002 ) ) ;
#1782 = CARTESIAN_POINT ( 'NONE',  ( 74.93442046197060336, 15.39999999999989555, 3.337903259003626832 ) ) ;
#1783 = ORIENTED_EDGE ( 'NONE', *, *, #2311, .F. ) ;
#1784 = CARTESIAN_POINT ( 'NONE',  ( 68.77381324563700105, 15.39999999999990976, -3.282961733497283152 ) ) ;
#1785 = CARTESIAN_POINT ( 'NONE',  ( 63.59999999999998721, 5.400000000004201439, 2.800000000000000266 ) ) ;
#1786 = ORIENTED_EDGE ( 'NONE', *, *, #2215, .F. ) ;
#1787 = ORIENTED_EDGE ( 'NONE', *, *, #3372, .T. ) ;
#1788 = DIRECTION ( 'NONE',  ( 1.000000000000000000, 3.469446951953614189E-16, 0.000000000000000000 ) ) ;
#1789 = CARTESIAN_POINT ( 'NONE',  ( 74.15610824378244104, 15.39999999999989555, 0.8578493243585657568 ) ) ;
#1790 = FACE_OUTER_BOUND ( 'NONE', #3430, .T. ) ;
#1791 = CARTESIAN_POINT ( 'NONE',  ( 72.03635931963478356, 15.39999999999990088, 0.9927408969221741541 ) ) ;
#1792 = CARTESIAN_POINT ( 'NONE',  ( 71.59999999999999432, 5.799999999999999822, 23.82005025157352662 ) ) ;
#1793 = ORIENTED_EDGE ( 'NONE', *, *, #3370, .F. ) ;
#1794 = B_SPLINE_SURFACE_WITH_KNOTS ( 'NONE', 3, 1, ( 
 ( #2629, #3184 ),
 ( #476, #618 ),
 ( #4850, #992 ),
 ( #2736, #2695 ),
 ( #4256, #6377 ),
 ( #6440, #3112 ),
 ( #6339, #4815 ),
 ( #100, #1686 ),
 ( #2175, #4709 ),
 ( #2661, #4292 ),
 ( #6830, #6409 ),
 ( #2073, #4778 ),
 ( #4193, #6308 ),
 ( #1549, #3672 ),
 ( #1583, #5788 ) ),
 .UNSPECIFIED., .F., .F., .F.,
 ( 4, 1, 1, 1, 1, 1, 1, 1, 1, 1, 1, 1, 4 ),
 ( 2, 2 ),
 ( 0.000000000000000000, 0.1071150479041732967, 0.2096387418529832569, 0.3076427484844150295, 0.4017505500238101601, 0.4516771565957541368, 0.5082937728646217401, 0.5722686211886722774, 0.6436774948393912954, 0.7218663021442978112, 0.8075591223003665275, 0.9002642733319617951, 1.000000000000000000 ),
 ( 0.000000000000000000, 1.000000000000000000 ),
 .UNSPECIFIED. ) ;
#1795 = EDGE_CURVE ( 'NONE', #23, #4643, #5625, .T. ) ;
#1796 = PLANE ( 'NONE',  #271 ) ;
#1797 = CARTESIAN_POINT ( 'NONE',  ( 71.06725975270178708, 14.39999999999990266, 2.280313307176581983 ) ) ;
#1798 = CARTESIAN_POINT ( 'NONE',  ( 72.14382788616592279, 14.39999999999990266, -4.082730088725031514 ) ) ;
#1799 = ORIENTED_EDGE ( 'NONE', *, *, #5707, .F. ) ;
#1800 = CARTESIAN_POINT ( 'NONE',  ( 23.37579986562659684, 15.39999999999992397, -7.711324865405176254 ) ) ;
#1801 = VECTOR ( 'NONE', #2537, 1000.000000000000000 ) ;
#1802 = LINE ( 'NONE', #1283, #6014 ) ;
#1803 = ADVANCED_FACE ( 'NONE', ( #6696 ), #1941, .F. ) ;
#1804 = DIRECTION ( 'NONE',  ( 1.734723475976793684E-15, 1.000000000000000000, -0.000000000000000000 ) ) ;
#1805 = DIRECTION ( 'NONE',  ( 0.000000000000000000, 0.000000000000000000, 1.000000000000000000 ) ) ;
#1806 = EDGE_CURVE ( 'NONE', #2246, #3465, #1258, .T. ) ;
#1807 = EDGE_CURVE ( 'NONE', #4409, #1184, #2634, .T. ) ;
#1808 = CIRCLE ( 'NONE', #5683, 1.700000000000000178 ) ;
#1809 = VERTEX_POINT ( 'NONE', #5896 ) ;
#1810 = LINE ( 'NONE', #4897, #6154 ) ;
#1811 = ORIENTED_EDGE ( 'NONE', *, *, #2217, .T. ) ;
#1812 = DIRECTION ( 'NONE',  ( -1.000000000000000000, -4.145478894797516432E-16, 0.000000000000000000 ) ) ;
#1813 = AXIS2_PLACEMENT_3D ( 'NONE', #4080, #410, #2582 ) ;
#1814 = CARTESIAN_POINT ( 'NONE',  ( 72.52753755650000755, 15.39999999999989910, 1.964867537625246241 ) ) ;
#1815 = CARTESIAN_POINT ( 'NONE',  ( 74.90284276358914894, 15.39999999999990088, 2.217489649434316146 ) ) ;
#1816 = VECTOR ( 'NONE', #1232, 1000.000000000000000 ) ;
#1817 = ORIENTED_EDGE ( 'NONE', *, *, #1158, .T. ) ;
#1818 = CARTESIAN_POINT ( 'NONE',  ( 69.60103604287097312, 14.39999999999989910, 0.9867123625834591794 ) ) ;
#1819 = DIRECTION ( 'NONE',  ( 1.000000000000000000, 0.000000000000000000, 0.000000000000000000 ) ) ;
#1820 = ORIENTED_EDGE ( 'NONE', *, *, #6324, .T. ) ;
#1821 = VERTEX_POINT ( 'NONE', #3189 ) ;
#1822 = FACE_OUTER_BOUND ( 'NONE', #214, .T. ) ;
#1823 = AXIS2_PLACEMENT_3D ( 'NONE', #3238, #2684, #1614 ) ;
#1824 = AXIS2_PLACEMENT_3D ( 'NONE', #484, #5374, #2597 ) ;
#1825 = CARTESIAN_POINT ( 'NONE',  ( 74.79991649026763412, 15.39999999999989555, 1.664549310187251940 ) ) ;
#1826 = CARTESIAN_POINT ( 'NONE',  ( 73.14964967058710954, 15.39999999999989910, 0.5613312217500887602 ) ) ;
#1827 = LINE ( 'NONE', #4953, #6350 ) ;
#1828 = AXIS2_PLACEMENT_3D ( 'NONE', #1181, #5415, #5209 ) ;
#1829 = VERTEX_POINT ( 'NONE', #2211 ) ;
#1830 = AXIS2_PLACEMENT_3D ( 'NONE', #6532, #4511, #3900 ) ;
#1831 = CARTESIAN_POINT ( 'NONE',  ( 73.89483958291933163, 14.39999999999990266, 2.625402094700567623 ) ) ;
#1832 = CIRCLE ( 'NONE', #2830, 22.61491958098286759 ) ;
#1833 = LINE ( 'NONE', #1309, #942 ) ;
#1834 = LINE ( 'NONE', #4919, #78 ) ;
#1835 = EDGE_LOOP ( 'NONE', ( #2743, #3277 ) ) ;
#1836 = ORIENTED_EDGE ( 'NONE', *, *, #3527, .T. ) ;
#1837 = DIRECTION ( 'NONE',  ( -0.000000000000000000, 1.000000000000000000, -0.000000000000000000 ) ) ;
#1838 = VECTOR ( 'NONE', #6098, 1000.000000000000000 ) ;
#1839 = DIRECTION ( 'NONE',  ( -0.000000000000000000, 1.000000000000000000, -0.000000000000000000 ) ) ;
#1840 = CARTESIAN_POINT ( 'NONE',  ( 73.90903235866929322, 15.39999999999989733, 4.512590736974447125 ) ) ;
#1841 = VECTOR ( 'NONE', #5179, 1000.000000000000000 ) ;
#1842 = EDGE_CURVE ( 'NONE', #62, #4333, #2079, .T. ) ;
#1843 = CC_DESIGN_PERSON_AND_ORGANIZATION_ASSIGNMENT ( #4037, #6158, ( #5515 ) ) ;
#1844 = ORIENTED_EDGE ( 'NONE', *, *, #6083, .F. ) ;
#1845 = PLANE ( 'NONE',  #505 ) ;
#1846 = ORIENTED_EDGE ( 'NONE', *, *, #2315, .F. ) ;
#1847 = FACE_OUTER_BOUND ( 'NONE', #5013, .T. ) ;
#1848 = AXIS2_PLACEMENT_3D ( 'NONE', #3748, #2109, #2076 ) ;
#1849 = B_SPLINE_SURFACE_WITH_KNOTS ( 'NONE', 3, 1, ( 
 ( #3388, #752 ),
 ( #779, #5430 ),
 ( #677, #5508 ),
 ( #2792, #4979 ),
 ( #93, #6510 ),
 ( #4420, #2338 ),
 ( #4454, #6576 ),
 ( #1883, #5602 ),
 ( #2374, #5563 ),
 ( #1983, #301 ),
 ( #4102, #3516 ) ),
 .UNSPECIFIED., .F., .F., .F.,
 ( 4, 1, 1, 1, 1, 1, 1, 1, 4 ),
 ( 2, 2 ),
 ( 0.000000000000000000, 0.1278794480805363065, 0.2528765148219003223, 0.3768053905488674138, 0.5029401828006202502, 0.6283527607107859403, 0.7511391636481109524, 0.8744601865007975983, 1.000000000000000000 ),
 ( 0.000000000000000000, 1.000000000000000000 ),
 .UNSPECIFIED. ) ;
#1850 = EDGE_CURVE ( 'NONE', #3419, #4782, #5273, .T. ) ;
#1851 = CARTESIAN_POINT ( 'NONE',  ( 0.000000000000000000, 0.000000000000000000, 0.000000000000000000 ) ) ;
#1852 = CARTESIAN_POINT ( 'NONE',  ( 69.16414872074881259, 15.39999999999990976, -4.870280022782226936 ) ) ;
#1853 = DIRECTION ( 'NONE',  ( 0.000000000000000000, 0.000000000000000000, -1.000000000000000000 ) ) ;
#1854 = VERTEX_POINT ( 'NONE', #4327 ) ;
#1855 = ORIENTED_EDGE ( 'NONE', *, *, #4547, .F. ) ;
#1856 = DIRECTION ( 'NONE',  ( -0.7071067811865493491, 0.7071067811865456854, -0.000000000000000000 ) ) ;
#1857 = CARTESIAN_POINT ( 'NONE',  ( 0.000000000000000000, 14.89999999999992752, 0.000000000000000000 ) ) ;
#1858 = APPROVAL_DATE_TIME ( #2968, #4386 ) ;
#1859 = LINE ( 'NONE', #4392, #6567 ) ;
#1860 = LINE ( 'NONE', #2796, #5348 ) ;
#1861 = ORIENTED_EDGE ( 'NONE', *, *, #5441, .F. ) ;
#1862 = CARTESIAN_POINT ( 'NONE',  ( 69.79972246283595894, 15.39999999999990621, 3.760616660483311779 ) ) ;
#1863 = DIRECTION ( 'NONE',  ( 0.000000000000000000, -0.8660254037844412611, 0.4999999999999955036 ) ) ;
#1864 = ORIENTED_EDGE ( 'NONE', *, *, #5044, .F. ) ;
#1865 = ORIENTED_EDGE ( 'NONE', *, *, #4819, .T. ) ;
#1866 = B_SPLINE_CURVE_WITH_KNOTS ( 'NONE', 3,
 ( #2061, #1048, #2719, #564, #6397, #5211 ),
 .UNSPECIFIED., .F., .F.,
 ( 4, 2, 4 ),
 ( 0.004583353854010672156, 0.004634346156723073012, 0.004685338459435473869 ),
 .UNSPECIFIED. ) ;
#1867 = CARTESIAN_POINT ( 'NONE',  ( 28.25622670975752726, 5.400000000008731149, -9.000000000000005329 ) ) ;
#1868 = LINE ( 'NONE', #140, #6790 ) ;
#1869 = DIRECTION ( 'NONE',  ( -1.000000000000000000, 0.000000000000000000, 0.000000000000000000 ) ) ;
#1870 = VERTEX_POINT ( 'NONE', #3120 ) ;
#1871 = CARTESIAN_POINT ( 'NONE',  ( 74.93635983262763034, 15.39999999999989555, 3.611209660063890325 ) ) ;
#1872 = EDGE_LOOP ( 'NONE', ( #6430, #338, #6059, #6783, #5801 ) ) ;
#1873 = DIRECTION ( 'NONE',  ( 0.000000000000000000, -1.000000000000000000, 0.000000000000000000 ) ) ;
#1874 = ADVANCED_FACE ( 'NONE', ( #31 ), #1070, .F. ) ;
#1875 = EDGE_CURVE ( 'NONE', #3256, #23, #1554, .T. ) ;
#1876 = UNCERTAINTY_MEASURE_WITH_UNIT (LENGTH_MEASURE( 1.000000000000000082E-05 ), #1304, 'distance_accuracy_value', 'NONE');
#1877 = DIRECTION ( 'NONE',  ( -1.000000000000000000, 0.000000000000000000, 0.000000000000000000 ) ) ;
#1878 = CARTESIAN_POINT ( 'NONE',  ( 71.81450607448934420, 14.39999999999990266, 1.279621456867868767 ) ) ;
#1879 = FACE_OUTER_BOUND ( 'NONE', #978, .T. ) ;
#1880 = EDGE_LOOP ( 'NONE', ( #1351, #5288, #1909, #3683 ) ) ;
#1881 = ORIENTED_EDGE ( 'NONE', *, *, #6720, .T. ) ;
#1882 = FACE_OUTER_BOUND ( 'NONE', #6693, .T. ) ;
#1883 = CARTESIAN_POINT ( 'NONE',  ( 71.43832769817166195, 14.39999999999990266, 1.284274113726118438 ) ) ;
#1884 = EDGE_CURVE ( 'NONE', #3136, #245, #5865, .T. ) ;
#1885 = CARTESIAN_POINT ( 'NONE',  ( 71.26221660386431722, 14.39999999999990621, -3.600179962680884138 ) ) ;
#1886 = CARTESIAN_POINT ( 'NONE',  ( 0.000000000000000000, 0.000000000000000000, 0.000000000000000000 ) ) ;
#1887 = FACE_BOUND ( 'NONE', #5229, .T. ) ;
#1888 = CARTESIAN_POINT ( 'NONE',  ( 79.59999999999999432, 16.20000000000005613, 27.02005025157353657 ) ) ;
#1889 = ORIENTED_EDGE ( 'NONE', *, *, #3656, .T. ) ;
#1890 = LINE ( 'NONE', #4011, #6359 ) ;
#1891 = DIRECTION ( 'NONE',  ( -1.000000000000000000, -1.577021341797032331E-15, 0.000000000000000000 ) ) ;
#1892 = CARTESIAN_POINT ( 'NONE',  ( 63.09999999999998721, 10.39999999999994351, 6.999999999999994671 ) ) ;
#1893 = CARTESIAN_POINT ( 'NONE',  ( 72.49355964475998348, 15.39999999999989733, -2.778327643572859440 ) ) ;
#1894 = ORIENTED_EDGE ( 'NONE', *, *, #2346, .F. ) ;
#1895 = ORIENTED_EDGE ( 'NONE', *, *, #695, .T. ) ;
#1896 = CARTESIAN_POINT ( 'NONE',  ( 70.03339752439249821, 15.39999999999989910, 2.147740844026386320 ) ) ;
#1897 = DIRECTION ( 'NONE',  ( -0.7071067811865490160, -1.226634733346700691E-15, 0.7071067811865460184 ) ) ;
#1898 = CARTESIAN_POINT ( 'NONE',  ( 57.10000000006383658, -500000.0000000000582, 2.799999999891578550 ) ) ;
#1899 = AXIS2_PLACEMENT_3D ( 'NONE', #3299, #139, #2248 ) ;
#1900 = ORIENTED_EDGE ( 'NONE', *, *, #2314, .T. ) ;
#1901 = DIRECTION ( 'NONE',  ( -0.6123724356957925830, 0.5000000000000053291, 0.6123724356957922499 ) ) ;
#1902 = ORIENTED_EDGE ( 'NONE', *, *, #2940, .T. ) ;
#1903 = FACE_OUTER_BOUND ( 'NONE', #280, .T. ) ;
#1904 = AXIS2_PLACEMENT_3D ( 'NONE', #5389, #5501, #638 ) ;
#1905 = CARTESIAN_POINT ( 'NONE',  ( 72.42201331730245784, 14.39999999999990266, -4.240187861667163993 ) ) ;
#1906 = ADVANCED_FACE ( 'NONE', ( #6313 ), #1100, .F. ) ;
#1907 = FACE_OUTER_BOUND ( 'NONE', #2790, .T. ) ;
#1908 = CARTESIAN_POINT ( 'NONE',  ( -1.040834085586085046E-15, -1.600000000000068479, -9.000000000000005329 ) ) ;
#1909 = ORIENTED_EDGE ( 'NONE', *, *, #4591, .T. ) ;
#1910 = VECTOR ( 'NONE', #5784, 1000.000000000000000 ) ;
#1911 = ORIENTED_EDGE ( 'NONE', *, *, #1239, .T. ) ;
#1912 = DIRECTION ( 'NONE',  ( 0.8528120785504106349, -1.212665654697286692E-15, -0.5222179225941295799 ) ) ;
#1913 = CARTESIAN_POINT ( 'NONE',  ( 74.93635983262761613, 14.39999999999989555, -0.4659962522082454761 ) ) ;
#1914 = AXIS2_PLACEMENT_3D ( 'NONE', #629, #5940, #1180 ) ;
#1915 = CARTESIAN_POINT ( 'NONE',  ( 70.77790974816997505, 15.39999999999990443, -4.231479515289912285 ) ) ;
#1916 = VECTOR ( 'NONE', #979, 1000.000000000000000 ) ;
#1917 = CARTESIAN_POINT ( 'NONE',  ( 69.94362428040994928, 14.39999999999990621, 0.8429449830166226842 ) ) ;
#1918 = EDGE_CURVE ( 'NONE', #5901, #4742, #553, .T. ) ;
#1919 = DIRECTION ( 'NONE',  ( -1.000000000000000000, -0.000000000000000000, -0.000000000000000000 ) ) ;
#1920 = ORIENTED_EDGE ( 'NONE', *, *, #3324, .T. ) ;
#1921 = EDGE_CURVE ( 'NONE', #918, #2051, #585, .T. ) ;
#1922 = EDGE_CURVE ( 'NONE', #4643, #1706, #75, .T. ) ;
#1923 = VECTOR ( 'NONE', #6005, 1000.000000000000000 ) ;
#1924 = CARTESIAN_POINT ( 'NONE',  ( 71.13311660009793513, 14.39999999999990621, -3.973706771848438901 ) ) ;
#1925 = CARTESIAN_POINT ( 'NONE',  ( 71.20118482214212463, 14.39999999999990621, 2.704889508759304118 ) ) ;
#1926 = DIRECTION ( 'NONE',  ( -2.631645253013854062E-47, 9.860761315262647568E-32, 1.000000000000000000 ) ) ;
#1927 = VECTOR ( 'NONE', #1427, 1000.000000000000000 ) ;
#1928 = AXIS2_PLACEMENT_3D ( 'NONE', #3306, #534, #5421 ) ;
#1929 = ADVANCED_FACE ( 'NONE', ( #998, #5833 ), #3678, .F. ) ;
#1930 = CARTESIAN_POINT ( 'NONE',  ( 17.39552195564069947, -4.169592868862377344, -9.000000000000007105 ) ) ;
#1931 = VERTEX_POINT ( 'NONE', #3645 ) ;
#1932 = EDGE_LOOP ( 'NONE', ( #5753, #4314, #2313, #4213 ) ) ;
#1933 = CARTESIAN_POINT ( 'NONE',  ( 69.81947876041206769, 15.39999999999990443, -3.601073723819072647 ) ) ;
#1934 = CARTESIAN_POINT ( 'NONE',  ( 79.59999999999999432, 8.599999999999999645, 25.82005025157353018 ) ) ;
#1935 = AXIS2_PLACEMENT_3D ( 'NONE', #5213, #364, #6297 ) ;
#1936 = DIRECTION ( 'NONE',  ( -0.7071067811865469066, -1.887130358994920499E-16, 0.7071067811865482389 ) ) ;
#1937 = CARTESIAN_POINT ( 'NONE',  ( 72.52753755650000755, 14.39999999999989910, 1.964867537625246241 ) ) ;
#1938 = VECTOR ( 'NONE', #6651, 1000.000000000000000 ) ;
#1939 = ORIENTED_EDGE ( 'NONE', *, *, #895, .F. ) ;
#1940 = ORIENTED_EDGE ( 'NONE', *, *, #3457, .F. ) ;
#1941 = CYLINDRICAL_SURFACE ( 'NONE', #1699, 4.650000000000001243 ) ;
#1942 = ORIENTED_EDGE ( 'NONE', *, *, #4176, .T. ) ;
#1943 = DIRECTION ( 'NONE',  ( 0.2028030103336088130, 0.8480290114434273496, -0.4896097780374789599 ) ) ;
#1944 = CIRCLE ( 'NONE', #4943, 3.250000000000002665 ) ;
#1945 = EDGE_CURVE ( 'NONE', #2908, #568, #6347, .T. ) ;
#1946 = DIRECTION ( 'NONE',  ( -9.637352644315501566E-17, 0.8660254037844412611, -0.4999999999999955036 ) ) ;
#1947 = FACE_OUTER_BOUND ( 'NONE', #4275, .T. ) ;
#1948 = AXIS2_PLACEMENT_3D ( 'NONE', #670, #4901, #6360 ) ;
#1949 = DIRECTION ( 'NONE',  ( 1.060575238724909257E-16, 0.4999999999999963918, -0.8660254037844407060 ) ) ;
#1950 = ORIENTED_EDGE ( 'NONE', *, *, #2096, .T. ) ;
#1951 = ORIENTED_EDGE ( 'NONE', *, *, #786, .T. ) ;
#1952 = DIRECTION ( 'NONE',  ( 1.000000000000000000, -1.734723475976811532E-16, 0.000000000000000000 ) ) ;
#1953 = CARTESIAN_POINT ( 'NONE',  ( 72.32852855257954161, 14.39999999999990266, -1.916849355454689485 ) ) ;
#1954 = DIRECTION ( 'NONE',  ( 2.631645253013853576E-47, -9.860761315262647568E-32, -1.000000000000000000 ) ) ;
#1955 = COORDINATED_UNIVERSAL_TIME_OFFSET ( 1, 0, .AHEAD. ) ;
#1956 = DIRECTION ( 'NONE',  ( 0.000000000000000000, 0.000000000000000000, 1.000000000000000000 ) ) ;
#1957 = LINE ( 'NONE', #4623, #4684 ) ;
#1958 = DIRECTION ( 'NONE',  ( 0.000000000000000000, 0.000000000000000000, 1.000000000000000000 ) ) ;
#1959 = B_SPLINE_SURFACE_WITH_KNOTS ( 'NONE', 3, 1, ( 
 ( #5921, #5854 ),
 ( #1089, #5883 ),
 ( #3208, #5323 ),
 ( #1120, #5358 ),
 ( #4804, #4843 ),
 ( #94, #2200 ),
 ( #2469, #3483 ),
 ( #1885, #4005 ),
 ( #5539, #6092 ),
 ( #1267, #6674 ),
 ( #4519, #6118 ),
 ( #1357, #5603 ),
 ( #2933, #5046 ),
 ( #753, #4549 ),
 ( #1303, #2340 ),
 ( #5564, #1915 ),
 ( #807, #844 ),
 ( #5510, #5637 ),
 ( #6023, #5008 ) ),
 .UNSPECIFIED., .F., .F., .F.,
 ( 4, 1, 1, 1, 1, 1, 1, 1, 1, 1, 1, 1, 1, 1, 1, 1, 4 ),
 ( 2, 2 ),
 ( 0.000000000000000000, 0.1061285680633415329, 0.2021928555238696468, 0.2876016271754933129, 0.3630126640221993939, 0.4272199740036419224, 0.4814975465951418787, 0.5253592224025070978, 0.5595827673664253155, 0.6157320883297539016, 0.6696359894516766831, 0.7218639848468875186, 0.7744040122843429685, 0.8270743417291683830, 0.8813519143206708373, 0.9387916947984683569, 1.000000000000000000 ),
 ( 0.000000000000000000, 1.000000000000000000 ),
 .UNSPECIFIED. ) ;
#1960 = CARTESIAN_POINT ( 'NONE',  ( 69.79972246283594473, 14.39999999999990621, -1.651374106775552963 ) ) ;
#1961 = ADVANCED_FACE ( 'NONE', ( #3717 ), #5761, .T. ) ;
#1962 = LINE ( 'NONE', #241, #4376 ) ;
#1963 = EDGE_CURVE ( 'NONE', #6687, #306, #6361, .T. ) ;
#1964 = CARTESIAN_POINT ( 'NONE',  ( 11.84229707447013169, 15.39999999999992575, -12.00000000000000533 ) ) ;
#1965 = CARTESIAN_POINT ( 'NONE',  ( 73.19999999999998863, 5.799999999999999822, 23.82005025157352662 ) ) ;
#1966 = VERTEX_POINT ( 'NONE', #4716 ) ;
#1967 = ORIENTED_EDGE ( 'NONE', *, *, #2046, .T. ) ;
#1968 = DIRECTION ( 'NONE',  ( -0.000000000000000000, -0.000000000000000000, 1.000000000000000000 ) ) ;
#1969 = CARTESIAN_POINT ( 'NONE',  ( 72.04485760191755617, 14.39999999999990621, -4.421369621794197791 ) ) ;
#1970 = LINE ( 'NONE', #3531, #3823 ) ;
#1971 = CARTESIAN_POINT ( 'NONE',  ( 72.38490603527351652, 15.39999999999990266, 2.172600754642243004 ) ) ;
#1972 = ORIENTED_EDGE ( 'NONE', *, *, #6004, .F. ) ;
#1973 = ORIENTED_EDGE ( 'NONE', *, *, #1196, .F. ) ;
#1974 = CARTESIAN_POINT ( 'NONE',  ( 72.70641018317151349, 14.39999999999990266, -3.024149953822354409 ) ) ;
#1975 = EDGE_LOOP ( 'NONE', ( #1117, #199, #6087, #5072 ) ) ;
#1976 = FACE_OUTER_BOUND ( 'NONE', #1505, .T. ) ;
#1977 = CARTESIAN_POINT ( 'NONE',  ( 71.37465663119245107, 15.39999999999990443, -5.228474604601561104 ) ) ;
#1978 = CARTESIAN_POINT ( 'NONE',  ( 70.43559723906322745, 15.39999999999990443, -5.443997347167107925 ) ) ;
#1979 = LINE ( 'NONE', #4098, #6813 ) ;
#1980 = ORIENTED_EDGE ( 'NONE', *, *, #3667, .T. ) ;
#1981 = ORIENTED_EDGE ( 'NONE', *, *, #2058, .F. ) ;
#1982 = DIRECTION ( 'NONE',  ( 1.734723475976793684E-15, 1.000000000000000000, -0.000000000000000000 ) ) ;
#1983 = CARTESIAN_POINT ( 'NONE',  ( 71.62862236749184319, 14.39999999999989910, 1.571066214443317399 ) ) ;
#1984 = CARTESIAN_POINT ( 'NONE',  ( 71.30120107862120449, 14.39999999999990266, -2.605850233421937112 ) ) ;
#1985 = CARTESIAN_POINT ( 'NONE',  ( 23.55622670975753152, 7.400000000004187228, -1.736114733519679751E-31 ) ) ;
#1986 = DIRECTION ( 'NONE',  ( 7.794060786255082520E-17, 2.704108043821388314E-32, -1.000000000000000000 ) ) ;
#1987 = DIRECTION ( 'NONE',  ( 0.4896097780374797925, 0.8480290114434272386, -0.2028030103336074808 ) ) ;
#1988 = ORIENTED_EDGE ( 'NONE', *, *, #1742, .T. ) ;
#1989 = CARTESIAN_POINT ( 'NONE',  ( 69.80414911315678239, 15.39999999999990621, 3.026320984087627508 ) ) ;
#1990 = DIRECTION ( 'NONE',  ( 0.000000000000000000, 0.000000000000000000, 1.000000000000000000 ) ) ;
#1991 = CYLINDRICAL_SURFACE ( 'NONE', #4949, 1.599999999999990319 ) ;
#1992 = PLANE ( 'NONE',  #2694 ) ;
#1993 = EDGE_LOOP ( 'NONE', ( #4163, #113, #2254, #2164, #6218, #2434 ) ) ;
#1994 = EDGE_CURVE ( 'NONE', #3082, #3296, #5154, .T. ) ;
#1995 = ORIENTED_EDGE ( 'NONE', *, *, #4819, .F. ) ;
#1996 = CARTESIAN_POINT ( 'NONE',  ( 69.82071352901058958, 14.39999999999990621, 2.641916310235415288 ) ) ;
#1997 = DIRECTION ( 'NONE',  ( 1.000000000000000000, 0.000000000000000000, 0.000000000000000000 ) ) ;
#1998 = LINE ( 'NONE', #6237, #3591 ) ;
#1999 = CARTESIAN_POINT ( 'NONE',  ( 72.83813020836271335, 14.39999999999990621, 1.779019038774442896 ) ) ;
#2000 = ORIENTED_EDGE ( 'NONE', *, *, #6806, .T. ) ;
#2001 = ADVANCED_FACE ( 'NONE', ( #6556 ), #6662, .T. ) ;
#2002 = ORIENTED_EDGE ( 'NONE', *, *, #3572, .T. ) ;
#2003 = CARTESIAN_POINT ( 'NONE',  ( 16.85941873256619061, -4.600000000000022737, 10.91787525116476054 ) ) ;
#2004 = ADVANCED_FACE ( 'NONE', ( #179 ), #5522, .F. ) ;
#2005 = PLANE ( 'NONE',  #4013 ) ;
#2006 = EDGE_CURVE ( 'NONE', #197, #6151, #2805, .T. ) ;
#2007 = CARTESIAN_POINT ( 'NONE',  ( 23.25622670975753437, 15.39999999999992397, 8.000000000000000000 ) ) ;
#2008 = CIRCLE ( 'NONE', #465, 19.59591794226541595 ) ;
#2009 = CARTESIAN_POINT ( 'NONE',  ( 69.84762382175436812, 15.39999999999989555, -3.746056755089363755 ) ) ;
#2010 = CARTESIAN_POINT ( 'NONE',  ( 73.14964967058710954, 14.39999999999989910, 0.5613312217500887602 ) ) ;
#2011 = LINE ( 'NONE', #454, #180 ) ;
#2012 = VERTEX_POINT ( 'NONE', #1800 ) ;
#2013 = VERTEX_POINT ( 'NONE', #763 ) ;
#2014 = CARTESIAN_POINT ( 'NONE',  ( 23.46035085498947126, 15.39999999999992397, 7.795875854768061330 ) ) ;
#2015 = AXIS2_PLACEMENT_3D ( 'NONE', #835, #295, #1877 ) ;
#2016 = FACE_OUTER_BOUND ( 'NONE', #4865, .T. ) ;
#2017 = CARTESIAN_POINT ( 'NONE',  ( 63.59999999999998721, 16.20000000000005613, 27.02005025157353302 ) ) ;
#2018 = CARTESIAN_POINT ( 'NONE',  ( 69.08474674045440622, 14.39999999999990976, 1.464088104294040127 ) ) ;
#2019 = CIRCLE ( 'NONE', #5906, 4.999999999999990230 ) ;
#2020 = LINE ( 'NONE', #2508, #5474 ) ;
#2021 = CARTESIAN_POINT ( 'NONE',  ( 25.25622670975753081, 15.11132486540511621, -1.113718120825631907E-32 ) ) ;
#2022 = EDGE_LOOP ( 'NONE', ( #6641, #1418, #3327, #1559 ) ) ;
#2023 = DIRECTION ( 'NONE',  ( 1.734723475976793684E-15, 1.000000000000000000, -0.000000000000000000 ) ) ;
#2024 = AXIS2_PLACEMENT_3D ( 'NONE', #1662, #2747, #1556 ) ;
#2025 = TOROIDAL_SURFACE ( 'NONE', #3369, 20.08581589082205454, 0.4999999999999993339 ) ;
#2026 = LINE ( 'NONE', #6269, #6712 ) ;
#2027 = DIRECTION ( 'NONE',  ( 2.631645253013853576E-47, -9.860761315262647568E-32, -1.000000000000000000 ) ) ;
#2028 = FACE_OUTER_BOUND ( 'NONE', #672, .T. ) ;
#2029 = AXIS2_PLACEMENT_3D ( 'NONE', #1720, #3843, #5957 ) ;
#2030 = VERTEX_POINT ( 'NONE', #4993 ) ;
#2031 = VECTOR ( 'NONE', #2999, 1000.000000000000000 ) ;
#2032 = ORIENTED_EDGE ( 'NONE', *, *, #4721, .T. ) ;
#2033 = LINE ( 'NONE', #2660, #1266 ) ;
#2034 = CARTESIAN_POINT ( 'NONE',  ( 2.769528887782546768E-15, -4.191111111111185394, -22.61491958098286759 ) ) ;
#2035 = CARTESIAN_POINT ( 'NONE',  ( 73.78621802918162587, 14.39999999999990266, 2.140061319248659277 ) ) ;
#2036 = AXIS2_PLACEMENT_3D ( 'NONE', #395, #1394, #6188 ) ;
#2037 = CIRCLE ( 'NONE', #926, 20.08581589082205454 ) ;
#2038 = CARTESIAN_POINT ( 'NONE',  ( 73.62488801783658232, 15.39999999999990266, 1.928000501926772081 ) ) ;
#2039 = EDGE_LOOP ( 'NONE', ( #6464, #5944 ) ) ;
#2040 = ORIENTED_EDGE ( 'NONE', *, *, #6261, .T. ) ;
#2041 = DIRECTION ( 'NONE',  ( -1.000000000000000000, -0.000000000000000000, 0.000000000000000000 ) ) ;
#2042 = AXIS2_PLACEMENT_3D ( 'NONE', #4647, #6767, #5135 ) ;
#2043 = VECTOR ( 'NONE', #498, 1000.000000000000000 ) ;
#2044 = LINE ( 'NONE', #2599, #4556 ) ;
#2045 = LINE ( 'NONE', #5661, #3930 ) ;
#2046 = EDGE_CURVE ( 'NONE', #98, #1966, #4146, .T. ) ;
#2047 = CIRCLE ( 'NONE', #3391, 0.5000000000000004441 ) ;
#2048 = PRODUCT_RELATED_PRODUCT_CATEGORY ( 'detail', '', ( #5515 ) ) ;
#2049 = EDGE_CURVE ( 'NONE', #2474, #1080, #6002, .T. ) ;
#2050 = DIRECTION ( 'NONE',  ( -1.000000000000000000, 1.776356839400250465E-15, -8.840969474524929881E-17 ) ) ;
#2051 = VERTEX_POINT ( 'NONE', #2774 ) ;
#2052 = CARTESIAN_POINT ( 'NONE',  ( 51.49999999999999289, 9.800000000000004263, 9.000000000000005329 ) ) ;
#2053 = ORIENTED_EDGE ( 'NONE', *, *, #984, .T. ) ;
#2054 = ORIENTED_EDGE ( 'NONE', *, *, #6636, .F. ) ;
#2055 = CARTESIAN_POINT ( 'NONE',  ( 0.000000000000000000, 14.89999999999992752, 0.000000000000000000 ) ) ;
#2056 = VECTOR ( 'NONE', #4339, 1000.000000000000000 ) ;
#2057 = CARTESIAN_POINT ( 'NONE',  ( 68.78076590293053982, 15.39999999999990443, 2.717623242324848309 ) ) ;
#2058 = EDGE_CURVE ( 'NONE', #5005, #1809, #3298, .T. ) ;
#2059 = CARTESIAN_POINT ( 'NONE',  ( 62.81132486540516879, 15.39999999999999325, -7.000000000000004441 ) ) ;
#2060 = VECTOR ( 'NONE', #2479, 1000.000000000000000 ) ;
#2061 = CARTESIAN_POINT ( 'NONE',  ( 16.85941873256619061, -4.100000000000210143, 9.968158511439289882 ) ) ;
#2062 = CARTESIAN_POINT ( 'NONE',  ( 72.31446590634166682, 14.39999999999989910, 2.379633592111185969 ) ) ;
#2063 = CARTESIAN_POINT ( 'NONE',  ( 41.50000000000000711, 9.800000000000004263, 12.00000000000000533 ) ) ;
#2064 = EDGE_LOOP ( 'NONE', ( #2642, #1995, #2652, #5199 ) ) ;
#2065 = CARTESIAN_POINT ( 'NONE',  ( 71.20298472004046175, 15.39999999999990266, 2.723400085539311899 ) ) ;
#2066 = DIRECTION ( 'NONE',  ( 0.000000000000000000, 0.000000000000000000, -1.000000000000000000 ) ) ;
#2067 = CARTESIAN_POINT ( 'NONE',  ( 74.93635983262763034, 14.39999999999989555, 5.697968591541755501 ) ) ;
#2068 = CARTESIAN_POINT ( 'NONE',  ( 72.34350837038267912, 14.39999999999989910, -2.296410523075958832 ) ) ;
#2069 = FACE_OUTER_BOUND ( 'NONE', #1252, .T. ) ;
#2070 = ORIENTED_EDGE ( 'NONE', *, *, #3227, .F. ) ;
#2071 = VERTEX_POINT ( 'NONE', #1281 ) ;
#2072 = DIRECTION ( 'NONE',  ( 1.734723475976793684E-15, 1.000000000000000000, -0.000000000000000000 ) ) ;
#2073 = CARTESIAN_POINT ( 'NONE',  ( 73.38321878879298765, 14.39999999999989910, -4.979304828881333300 ) ) ;
#2074 = EDGE_CURVE ( 'NONE', #2641, #5297, #246, .T. ) ;
#2075 = CARTESIAN_POINT ( 'NONE',  ( 0.000000000000000000, -4.191111111111185394, 0.000000000000000000 ) ) ;
#2076 = DIRECTION ( 'NONE',  ( 1.734723475976793684E-15, 1.000000000000000000, 0.000000000000000000 ) ) ;
#2077 = ORIENTED_EDGE ( 'NONE', *, *, #1196, .T. ) ;
#2078 = ORIENTED_EDGE ( 'NONE', *, *, #2515, .F. ) ;
#2079 = LINE ( 'NONE', #2704, #6247 ) ;
#2080 = LINE ( 'NONE', #1555, #4900 ) ;
#2081 = LINE ( 'NONE', #109, #4025 ) ;
#2082 = CARTESIAN_POINT ( 'NONE',  ( 69.81947876041206769, 15.39999999999989733, -3.601073723819072647 ) ) ;
#2083 = ORIENTED_EDGE ( 'NONE', *, *, #5747, .F. ) ;
#2084 = FACE_OUTER_BOUND ( 'NONE', #2671, .T. ) ;
#2085 = ORIENTED_EDGE ( 'NONE', *, *, #287, .F. ) ;
#2086 = EDGE_CURVE ( 'NONE', #1821, #6100, #5364, .T. ) ;
#2087 = ORIENTED_EDGE ( 'NONE', *, *, #200, .F. ) ;
#2088 = CARTESIAN_POINT ( 'NONE',  ( 74.93635983262761613, 15.39999999999989555, -4.533324015692319797 ) ) ;
#2089 = EDGE_CURVE ( 'NONE', #2971, #6312, #6074, .T. ) ;
#2090 = DIRECTION ( 'NONE',  ( 1.734723475976793684E-15, 1.000000000000000000, -0.000000000000000000 ) ) ;
#2091 = LINE ( 'NONE', #5809, #3396 ) ;
#2092 = DIRECTION ( 'NONE',  ( -1.000000000000000000, -4.145478894797516432E-16, 0.000000000000000000 ) ) ;
#2093 = CARTESIAN_POINT ( 'NONE',  ( 69.52010804873042105, 14.39999999999990621, -5.180832162094897164 ) ) ;
#2094 = CARTESIAN_POINT ( 'NONE',  ( 74.93635983262763034, 14.39999999999989555, 3.611209660063890325 ) ) ;
#2095 = ORIENTED_EDGE ( 'NONE', *, *, #3323, .F. ) ;
#2096 = EDGE_CURVE ( 'NONE', #6201, #4923, #1476, .T. ) ;
#2097 = EDGE_CURVE ( 'NONE', #545, #1547, #6753, .T. ) ;
#2098 = DIRECTION ( 'NONE',  ( 1.000000000000000000, 5.102127870520019996E-16, 0.000000000000000000 ) ) ;
#2099 = EDGE_CURVE ( 'NONE', #252, #92, #3989, .T. ) ;
#2100 = LINE ( 'NONE', #5717, #624 ) ;
#2101 = CARTESIAN_POINT ( 'NONE',  ( 57.09999999999994458, -1.599999999996271072, -9.000000000000005329 ) ) ;
#2102 = CARTESIAN_POINT ( 'NONE',  ( 72.36255452592490656, 15.39999999999988667, -2.446230664175717440 ) ) ;
#2103 = CARTESIAN_POINT ( 'NONE',  ( 69.24061183743205561, 14.39999999999990621, -4.957311871591249641 ) ) ;
#2104 = ORIENTED_EDGE ( 'NONE', *, *, #2218, .F. ) ;
#2105 = ORIENTED_EDGE ( 'NONE', *, *, #235, .F. ) ;
#2106 = DIRECTION ( 'NONE',  ( -1.734723475976805517E-15, 1.000000000000000000, -9.860761315262647568E-32 ) ) ;
#2107 = CARTESIAN_POINT ( 'NONE',  ( 73.38321878879298765, 15.39999999999989910, -4.979304828881333300 ) ) ;
#2108 = CARTESIAN_POINT ( 'NONE',  ( 74.60620229029655093, 15.39999999999989022, 1.285485412787307213 ) ) ;
#2109 = DIRECTION ( 'NONE',  ( 1.000000000000000000, -1.734723475976793684E-15, 0.000000000000000000 ) ) ;
#2110 = ORIENTED_EDGE ( 'NONE', *, *, #5016, .T. ) ;
#2111 = ORIENTED_EDGE ( 'NONE', *, *, #1620, .F. ) ;
#2112 = CARTESIAN_POINT ( 'NONE',  ( 63.09999999999998721, 10.39999999999992752, 8.711324865405194018 ) ) ;
#2113 = DIRECTION ( 'NONE',  ( -1.000000000000000000, 0.000000000000000000, 0.000000000000000000 ) ) ;
#2114 = FACE_BOUND ( 'NONE', #5308, .T. ) ;
#2115 = DIRECTION ( 'NONE',  ( -1.000000000000000000, -0.000000000000000000, -0.000000000000000000 ) ) ;
#2116 = VERTEX_POINT ( 'NONE', #313 ) ;
#2117 = PLANE ( 'NONE',  #2722 ) ;
#2118 = ORIENTED_EDGE ( 'NONE', *, *, #4886, .T. ) ;
#2119 = EDGE_LOOP ( 'NONE', ( #5946, #5555, #4190, #6453 ) ) ;
#2120 = LINE ( 'NONE', #6395, #820 ) ;
#2121 = LINE ( 'NONE', #152, #2394 ) ;
#2122 = EDGE_CURVE ( 'NONE', #3992, #840, #5117, .T. ) ;
#2123 = CARTESIAN_POINT ( 'NONE',  ( 16.85941873256618706, -4.148419577656560442, -9.968158511438677039 ) ) ;
#2124 = CARTESIAN_POINT ( 'NONE',  ( 68.77274461180640230, 15.39999999999990798, 3.155168581324243160 ) ) ;
#2125 = CARTESIAN_POINT ( 'NONE',  ( 41.14480869475966784, 8.399999999999934630, 8.000000000000003553 ) ) ;
#2126 = VERTEX_POINT ( 'NONE', #373 ) ;
#2127 = CARTESIAN_POINT ( 'NONE',  ( 22.46035085498947481, 15.39999999999992220, -6.795875854768058666 ) ) ;
#2128 = DIRECTION ( 'NONE',  ( 1.734723475976793684E-15, 1.000000000000000000, -0.000000000000000000 ) ) ;
#2129 = EDGE_CURVE ( 'NONE', #6555, #1273, #772, .T. ) ;
#2130 = DIRECTION ( 'NONE',  ( 1.000000000000000000, 0.000000000000000000, 0.000000000000000000 ) ) ;
#2131 = CARTESIAN_POINT ( 'NONE',  ( 72.56231835665234087, 14.39999999999990266, -2.877507867035673517 ) ) ;
#2132 = EDGE_CURVE ( 'NONE', #447, #5281, #4053, .T. ) ;
#2133 = CARTESIAN_POINT ( 'NONE',  ( 70.43559723906322745, 14.39999999999990621, -5.443997347167107925 ) ) ;
#2134 = ORIENTED_EDGE ( 'NONE', *, *, #2423, .F. ) ;
#2135 = DIRECTION ( 'NONE',  ( -4.003208021484938538E-16, 1.000000000000000000, 5.787049111740484599E-32 ) ) ;
#2136 = CIRCLE ( 'NONE', #6680, 19.59591794226541595 ) ;
#2137 = CARTESIAN_POINT ( 'NONE',  ( 72.55732859533372903, 15.39999999999989910, -4.385928495428181861 ) ) ;
#2138 = CARTESIAN_POINT ( 'NONE',  ( 70.48007996061365077, 15.39999999999990443, -5.444583241390937189 ) ) ;
#2139 = EDGE_CURVE ( 'NONE', #778, #3129, #5194, .T. ) ;
#2140 = CARTESIAN_POINT ( 'NONE',  ( 79.59999999999999432, 15.79999999999999893, 31.00000000000000711 ) ) ;
#2141 = AXIS2_PLACEMENT_3D ( 'NONE', #3928, #2249, #793 ) ;
#2142 = VECTOR ( 'NONE', #5911, 1000.000000000000000 ) ;
#2143 = ORIENTED_EDGE ( 'NONE', *, *, #6342, .F. ) ;
#2144 = ORIENTED_EDGE ( 'NONE', *, *, #5227, .T. ) ;
#2145 = DIRECTION ( 'NONE',  ( 1.000000000000000000, 0.000000000000000000, -0.000000000000000000 ) ) ;
#2146 = DIRECTION ( 'NONE',  ( -0.000000000000000000, 0.3420201433256690460, 0.9396926207859083169 ) ) ;
#2147 = CARTESIAN_POINT ( 'NONE',  ( 68.77239498887762181, 14.39999999999990621, -3.052836466081692901 ) ) ;
#2148 = VECTOR ( 'NONE', #1897, 1000.000000000000114 ) ;
#2149 = AXIS2_PLACEMENT_3D ( 'NONE', #24, #6375, #1022 ) ;
#2150 = CIRCLE ( 'NONE', #1708, 2.200000000000090772 ) ;
#2151 = CARTESIAN_POINT ( 'NONE',  ( 70.14864736471795936, 14.39999999999990976, -4.165660722213072376 ) ) ;
#2152 = TOROIDAL_SURFACE ( 'NONE', #4928, 14.07977272543851832, 0.5000000000000011102 ) ;
#2153 = EDGE_LOOP ( 'NONE', ( #1108, #5320, #2110, #1238 ) ) ;
#2154 = PLANE ( 'NONE',  #1490 ) ;
#2155 = VERTEX_POINT ( 'NONE', #6172 ) ;
#2156 = ORIENTED_EDGE ( 'NONE', *, *, #3793, .T. ) ;
#2157 = PLANE ( 'NONE',  #3151 ) ;
#2158 = ADVANCED_FACE ( 'NONE', ( #1377 ), #3529, .F. ) ;
#2159 = CARTESIAN_POINT ( 'NONE',  ( 74.86253695136868203, 14.39999999999989555, 1.883657969401752563 ) ) ;
#2160 = CARTESIAN_POINT ( 'NONE',  ( 58.39999999999990621, 10.39999999999995062, 1.392322361633290230E-45 ) ) ;
#2161 = CARTESIAN_POINT ( 'NONE',  ( 72.27096254664880348, 14.39999999999990266, 2.727007174737122508 ) ) ;
#2162 = TOROIDAL_SURFACE ( 'NONE', #3951, 20.08581589082205454, 0.4999999999999993339 ) ;
#2163 = CARTESIAN_POINT ( 'NONE',  ( 19.05980253603134500, -4.525446652289811134, 11.75436826077469199 ) ) ;
#2164 = ORIENTED_EDGE ( 'NONE', *, *, #3160, .F. ) ;
#2165 = DIRECTION ( 'NONE',  ( 0.000000000000000000, 1.000000000000000000, 3.858032741160322701E-32 ) ) ;
#2166 = VECTOR ( 'NONE', #4149, 1000.000000000000000 ) ;
#2167 = CARTESIAN_POINT ( 'NONE',  ( 51.49999999999999289, 9.800000000000004263, 9.000000000000005329 ) ) ;
#2168 = DIRECTION ( 'NONE',  ( -1.000000000000000000, 0.000000000000000000, 0.000000000000000000 ) ) ;
#2169 = CARTESIAN_POINT ( 'NONE',  ( 72.43525359035709243, 15.39999999999989377, -2.678965058003981881 ) ) ;
#2170 = DIRECTION ( 'NONE',  ( -0.000000000000000000, 1.000000000000000000, -0.000000000000000000 ) ) ;
#2171 = ORIENTED_EDGE ( 'NONE', *, *, #3321, .T. ) ;
#2172 = DIRECTION ( 'NONE',  ( 0.000000000000000000, 0.000000000000000000, 1.000000000000000000 ) ) ;
#2173 = VECTOR ( 'NONE', #550, 1000.000000000000000 ) ;
#2174 = EDGE_CURVE ( 'NONE', #1684, #5520, #6136, .T. ) ;
#2175 = CARTESIAN_POINT ( 'NONE',  ( 72.98053105542599894, 14.39999999999990266, -4.725677580658420140 ) ) ;
#2176 = CARTESIAN_POINT ( 'NONE',  ( 74.79991649026763412, 14.39999999999989555, 1.664549310187251940 ) ) ;
#2177 = ADVANCED_FACE ( 'NONE', ( #921 ), #2403, .T. ) ;
#2178 = CARTESIAN_POINT ( 'NONE',  ( 0.000000000000000000, -4.000000000000067502, 19.59591794226541595 ) ) ;
#2179 = PLANE ( 'NONE',  #6388 ) ;
#2180 = ORIENTED_EDGE ( 'NONE', *, *, #5019, .F. ) ;
#2181 = EDGE_LOOP ( 'NONE', ( #5079, #104, #2386, #2649, #3176 ) ) ;
#2182 = CARTESIAN_POINT ( 'NONE',  ( 58.39999999999991331, 0.3999999999999500622, -5.787049111740471462E-31 ) ) ;
#2183 = DIRECTION ( 'NONE',  ( 0.000000000000000000, 0.000000000000000000, 1.000000000000000000 ) ) ;
#2184 = EDGE_CURVE ( 'NONE', #4191, #5623, #6234, .T. ) ;
#2185 = FACE_OUTER_BOUND ( 'NONE', #3568, .T. ) ;
#2186 = B_SPLINE_CURVE_WITH_KNOTS ( 'NONE', 3,
 ( #2003, #6180, #6281, #381, #3466, #930, #2956, #4022, #892, #6761 ),
 .UNSPECIFIED., .F., .F.,
 ( 4, 2, 2, 2, 4 ),
 ( 0.003413969290166865567, 0.003706315431127817431, 0.003998661572088769295, 0.004291007713049720292, 0.004583353854010672156 ),
 .UNSPECIFIED. ) ;
#2187 = CARTESIAN_POINT ( 'NONE',  ( 72.24950336227506398, 14.39999999999990266, 4.512590736974447125 ) ) ;
#2188 = ORIENTED_EDGE ( 'NONE', *, *, #2122, .F. ) ;
#2189 = CARTESIAN_POINT ( 'NONE',  ( 73.90511456966436299, 15.39999999999989555, 2.850127392070136878 ) ) ;
#2190 = ORIENTED_EDGE ( 'NONE', *, *, #5018, .T. ) ;
#2191 = FACE_OUTER_BOUND ( 'NONE', #5071, .T. ) ;
#2192 = CARTESIAN_POINT ( 'NONE',  ( 79.59999999999999432, 16.20000000000005258, 37.97994974842648475 ) ) ;
#2193 = CARTESIAN_POINT ( 'NONE',  ( 69.95179117655244738, 14.39999999999990621, 2.242336479671199534 ) ) ;
#2194 = VERTEX_POINT ( 'NONE', #4814 ) ;
#2195 = CARTESIAN_POINT ( 'NONE',  ( 68.77381324563700105, 14.39999999999990976, -3.282961733497283152 ) ) ;
#2196 = B_SPLINE_CURVE_WITH_KNOTS ( 'NONE', 3,
 ( #977, #4310, #3692, #5773, #87, #6363, #2193, #3202, #3100, #2615, #4732 ),
 .UNSPECIFIED., .F., .F.,
 ( 4, 1, 1, 1, 1, 1, 1, 1, 4 ),
 ( 0.000000000000000000, 0.1293812363397562060, 0.2505909355976835839, 0.3649782009948817074, 0.4797078271108111691, 0.5961341567228848337, 0.7185076765724170977, 0.8520551241155807087, 1.000000000000000000 ),
 .UNSPECIFIED. ) ;
#2197 = LINE ( 'NONE', #3839, #4588 ) ;
#2198 = ORIENTED_EDGE ( 'NONE', *, *, #1445, .T. ) ;
#2199 = LINE ( 'NONE', #233, #4471 ) ;
#2200 = CARTESIAN_POINT ( 'NONE',  ( 71.28339480870967293, 15.39999999999990443, -3.353781301656225455 ) ) ;
#2201 = DIRECTION ( 'NONE',  ( 0.000000000000000000, 1.000000000000000000, -2.168404344971008868E-16 ) ) ;
#2202 = FACE_OUTER_BOUND ( 'NONE', #4205, .T. ) ;
#2203 = EDGE_LOOP ( 'NONE', ( #5461, #3047, #1, #3046 ) ) ;
#2204 = DIRECTION ( 'NONE',  ( 1.000000000000000000, 0.000000000000000000, 0.000000000000000000 ) ) ;
#2205 = CARTESIAN_POINT ( 'NONE',  ( 72.78268688285319854, 15.39999999999990266, -4.581915285571070307 ) ) ;
#2206 = CARTESIAN_POINT ( 'NONE',  ( 70.64031471211066560, 14.39999999999990266, 1.990428656342998037 ) ) ;
#2207 = PLANE ( 'NONE',  #2843 ) ;
#2208 = EDGE_CURVE ( 'NONE', #5845, #5136, #2257, .T. ) ;
#2209 = ORIENTED_EDGE ( 'NONE', *, *, #1500, .T. ) ;
#2210 = EDGE_LOOP ( 'NONE', ( #3297, #3797, #371, #160 ) ) ;
#2211 = CARTESIAN_POINT ( 'NONE',  ( 69.99999999999998579, 5.799999999999999822, 28.82005025157353018 ) ) ;
#2212 = CARTESIAN_POINT ( 'NONE',  ( 68.77239498887763602, 15.39999999999990621, 5.697968591541755501 ) ) ;
#2213 = CARTESIAN_POINT ( 'NONE',  ( 21.75622670975752726, 7.400000000004187228, -2.799999999999999822 ) ) ;
#2214 = CARTESIAN_POINT ( 'NONE',  ( 68.77540425288653125, 15.39999999999990621, 2.872782297017065112 ) ) ;
#2215 = EDGE_CURVE ( 'NONE', #259, #2982, #2692, .T. ) ;
#2216 = CARTESIAN_POINT ( 'NONE',  ( 73.37434451007106873, 15.39999999999989910, -3.539536911785750917 ) ) ;
#2217 = EDGE_CURVE ( 'NONE', #194, #761, #3776, .T. ) ;
#2218 = EDGE_CURVE ( 'NONE', #4855, #420, #3147, .T. ) ;
#2219 = ORIENTED_EDGE ( 'NONE', *, *, #895, .T. ) ;
#2220 = DIRECTION ( 'NONE',  ( 0.000000000000000000, 0.000000000000000000, 1.000000000000000000 ) ) ;
#2221 = ORIENTED_EDGE ( 'NONE', *, *, #5695, .F. ) ;
#2222 = DIRECTION ( 'NONE',  ( -0.7071067811865493491, -0.7071067811865456854, 0.000000000000000000 ) ) ;
#2223 = CARTESIAN_POINT ( 'NONE',  ( 21.75622670975752726, 7.400000000004187228, 2.799999999999999822 ) ) ;
#2224 = EDGE_CURVE ( 'NONE', #1391, #148, #3111, .T. ) ;
#2225 = CARTESIAN_POINT ( 'NONE',  ( 74.92699760000023446, 14.39999999999989910, 2.855102755222211464 ) ) ;
#2226 = ORIENTED_EDGE ( 'NONE', *, *, #5609, .T. ) ;
#2227 = CARTESIAN_POINT ( 'NONE',  ( 69.62722128760351836, 15.39999999999990443, -5.241539119664150981 ) ) ;
#2228 = CARTESIAN_POINT ( 'NONE',  ( 44.30625890315180015, 10.39999999999993641, -8.000000000000003553 ) ) ;
#2229 = ORIENTED_EDGE ( 'NONE', *, *, #4088, .F. ) ;
#2230 = ORIENTED_EDGE ( 'NONE', *, *, #2400, .T. ) ;
#2231 = CARTESIAN_POINT ( 'NONE',  ( 79.59999999999999432, 12.44622315972941351, 28.82005025157353018 ) ) ;
#2232 = DIRECTION ( 'NONE',  ( 0.000000000000000000, 0.000000000000000000, 1.000000000000000000 ) ) ;
#2233 = CARTESIAN_POINT ( 'NONE',  ( 48.69374109684812169, 10.39999999999993996, -8.000000000000001776 ) ) ;
#2234 = CARTESIAN_POINT ( 'NONE',  ( 63.09999999999998721, 15.39999999999991687, 9.000000000000005329 ) ) ;
#2235 = AXIS2_PLACEMENT_3D ( 'NONE', #2471, #6713, #1956 ) ;
#2236 = CARTESIAN_POINT ( 'NONE',  ( 68.78062229557093588, 14.39999999999990976, -3.502072779985801798 ) ) ;
#2237 = ORIENTED_EDGE ( 'NONE', *, *, #4720, .F. ) ;
#2238 = DIRECTION ( 'NONE',  ( 0.000000000000000000, 0.000000000000000000, 1.000000000000000000 ) ) ;
#2239 = FACE_OUTER_BOUND ( 'NONE', #4914, .T. ) ;
#2240 = VECTOR ( 'NONE', #4167, 1000.000000000000000 ) ;
#2241 = ADVANCED_FACE ( 'NONE', ( #5859, #578 ), #1516, .F. ) ;
#2242 = CARTESIAN_POINT ( 'NONE',  ( 71.30120107862120449, 15.39999999999990266, -2.605850233421938000 ) ) ;
#2243 = DIRECTION ( 'NONE',  ( 0.000000000000000000, 0.000000000000000000, 1.000000000000000000 ) ) ;
#2244 = ORIENTED_EDGE ( 'NONE', *, *, #409, .T. ) ;
#2245 = AXIS2_PLACEMENT_3D ( 'NONE', #735, #2326, #4440 ) ;
#2246 = VERTEX_POINT ( 'NONE', #1127 ) ;
#2247 = CARTESIAN_POINT ( 'NONE',  ( 0.000000000000000000, -4.600000000000070699, 0.000000000000000000 ) ) ;
#2248 = DIRECTION ( 'NONE',  ( 0.000000000000000000, 0.000000000000000000, 1.000000000000000000 ) ) ;
#2249 = DIRECTION ( 'NONE',  ( -1.000000000000000000, 0.000000000000000000, 0.000000000000000000 ) ) ;
#2250 = DIRECTION ( 'NONE',  ( 1.000000000000000000, 0.000000000000000000, 0.000000000000000000 ) ) ;
#2251 = AXIS2_PLACEMENT_3D ( 'NONE', #2007, #487, #4125 ) ;
#2252 = AXIS2_PLACEMENT_3D ( 'NONE', #1792, #6620, #3915 ) ;
#2253 = CARTESIAN_POINT ( 'NONE',  ( 72.64959835429448276, 14.39999999999990621, 0.6282912208009536759 ) ) ;
#2254 = ORIENTED_EDGE ( 'NONE', *, *, #144, .F. ) ;
#2255 = FACE_OUTER_BOUND ( 'NONE', #4052, .T. ) ;
#2256 = AXIS2_PLACEMENT_3D ( 'NONE', #3948, #162, #4387 ) ;
#2257 = CIRCLE ( 'NONE', #2585, 1.700000000000000178 ) ;
#2258 = ORIENTED_EDGE ( 'NONE', *, *, #4547, .T. ) ;
#2259 = DIRECTION ( 'NONE',  ( -1.000000000000000000, 0.000000000000000000, 1.927470528863117569E-16 ) ) ;
#2260 = EDGE_CURVE ( 'NONE', #6507, #5204, #2037, .T. ) ;
#2261 = APPROVAL ( #6646, 'UNSPECIFIED' ) ;
#2262 = ADVANCED_FACE ( 'NONE', ( #5824 ), #4224, .T. ) ;
#2263 = VECTOR ( 'NONE', #5525, 1000.000000000000000 ) ;
#2264 = CARTESIAN_POINT ( 'NONE',  ( 69.79972246283595894, 14.39999999999990621, 3.760616660483311779 ) ) ;
#2265 = VECTOR ( 'NONE', #3621, 1000.000000000000000 ) ;
#2266 = FACE_OUTER_BOUND ( 'NONE', #6079, .T. ) ;
#2267 = ORIENTED_EDGE ( 'NONE', *, *, #1587, .T. ) ;
#2268 = CARTESIAN_POINT ( 'NONE',  ( 70.13029120015058027, 15.39999999999990443, 0.8052208752901410804 ) ) ;
#2269 = DIRECTION ( 'NONE',  ( -1.000000000000000000, -0.000000000000000000, -0.000000000000000000 ) ) ;
#2270 = ORIENTED_EDGE ( 'NONE', *, *, #6109, .F. ) ;
#2271 = ORIENTED_EDGE ( 'NONE', *, *, #5469, .F. ) ;
#2272 = AXIS2_PLACEMENT_3D ( 'NONE', #3589, #4654, #1464 ) ;
#2273 = EDGE_CURVE ( 'NONE', #4122, #3235, #2708, .T. ) ;
#2274 = CARTESIAN_POINT ( 'NONE',  ( 21.75622670975752726, 5.400000000004187228, 2.799999999999999378 ) ) ;
#2275 = PLANE ( 'NONE',  #2496 ) ;
#2276 = CYLINDRICAL_SURFACE ( 'NONE', #3738, 1.700000000000000178 ) ;
#2277 = AXIS2_PLACEMENT_3D ( 'NONE', #3304, #4273, #2607 ) ;
#2278 = CARTESIAN_POINT ( 'NONE',  ( 71.67475217686498468, 15.39999999999990088, 1.591322282978925307 ) ) ;
#2279 = CARTESIAN_POINT ( 'NONE',  ( 16.85941873256619061, -4.600000000000022737, -9.000000000000005329 ) ) ;
#2280 = ORIENTED_EDGE ( 'NONE', *, *, #4248, .F. ) ;
#2281 = CARTESIAN_POINT ( 'NONE',  ( 60.09999999999990195, 15.11132486540512154, 1.817644558497603565E-31 ) ) ;
#2282 = CARTESIAN_POINT ( 'NONE',  ( 73.90511456966436299, 15.39999999999990088, 2.850127392070136878 ) ) ;
#2283 = VECTOR ( 'NONE', #945, 1000.000000000000000 ) ;
#2284 = CARTESIAN_POINT ( 'NONE',  ( 70.88568255765370907, 14.39999999999989910, 2.088681456859854624 ) ) ;
#2285 = DIRECTION ( 'NONE',  ( 0.000000000000000000, -1.000000000000000000, 0.000000000000000000 ) ) ;
#2286 = AXIS2_PLACEMENT_3D ( 'NONE', #1512, #6781, #511 ) ;
#2287 = VERTEX_POINT ( 'NONE', #5365 ) ;
#2288 = ORIENTED_EDGE ( 'NONE', *, *, #4290, .F. ) ;
#2289 = CARTESIAN_POINT ( 'NONE',  ( 41.50000000000000711, 9.800000000000004263, -9.000000000000005329 ) ) ;
#2290 = ADVANCED_FACE ( 'NONE', ( #3246, #4255 ), #546, .T. ) ;
#2291 = CARTESIAN_POINT ( 'NONE',  ( 68.77239498887763602, 14.39999999999990621, 3.214848939942946959 ) ) ;
#2292 = CARTESIAN_POINT ( 'NONE',  ( 72.24950336227506398, 15.39999999999990088, 3.456863585250439019 ) ) ;
#2293 = CARTESIAN_POINT ( 'NONE',  ( 0.000000000000000000, -4.100000000000072475, 0.000000000000000000 ) ) ;
#2294 = CARTESIAN_POINT ( 'NONE',  ( 73.53736701051849423, 15.39999999999989733, -3.656638310751914922 ) ) ;
#2295 = ORIENTED_EDGE ( 'NONE', *, *, #4184, .F. ) ;
#2296 = DIRECTION ( 'NONE',  ( -6.749854639537047681E-17, 0.4999999999999935607, -0.8660254037844424824 ) ) ;
#2297 = VERTEX_POINT ( 'NONE', #2547 ) ;
#2298 = CYLINDRICAL_SURFACE ( 'NONE', #3713, 3.250000000000002665 ) ;
#2299 = CARTESIAN_POINT ( 'NONE',  ( 72.24953829675685313, 15.39999999999989910, 3.385652169070536122 ) ) ;
#2300 = CARTESIAN_POINT ( 'NONE',  ( 74.93635983262761613, 14.39999999999989555, -5.918734383217860717 ) ) ;
#2301 = EDGE_CURVE ( 'NONE', #1778, #1640, #2033, .T. ) ;
#2302 = VERTEX_POINT ( 'NONE', #5787 ) ;
#2303 = CARTESIAN_POINT ( 'NONE',  ( 68.97915530704116804, 15.39999999999990976, -4.579152852415472985 ) ) ;
#2304 = CARTESIAN_POINT ( 'NONE',  ( 25.25622670975753081, 10.39999999999993285, -1.929016370580157738E-31 ) ) ;
#2305 = VERTEX_POINT ( 'NONE', #4663 ) ;
#2306 = ORIENTED_EDGE ( 'NONE', *, *, #2605, .F. ) ;
#2307 = DIRECTION ( 'NONE',  ( 1.734723475976793684E-15, 1.000000000000000000, -0.000000000000000000 ) ) ;
#2308 = CARTESIAN_POINT ( 'NONE',  ( 61.79999999999991189, 0.3999999999999514499, 2.081899558550494856E-16 ) ) ;
#2309 = CARTESIAN_POINT ( 'NONE',  ( 74.93635983262761613, 14.39999999999989555, -1.651374106775552963 ) ) ;
#2310 = CARTESIAN_POINT ( 'NONE',  ( 71.66051874078694084, 15.39999999999990088, 1.633110365254696328 ) ) ;
#2311 = EDGE_CURVE ( 'NONE', #911, #4473, #6140, .T. ) ;
#2312 = CARTESIAN_POINT ( 'NONE',  ( 0.000000000000000000, 15.39999999999992752, 14.07977272543851832 ) ) ;
#2313 = ORIENTED_EDGE ( 'NONE', *, *, #2122, .T. ) ;
#2314 = EDGE_CURVE ( 'NONE', #5852, #6863, #5927, .T. ) ;
#2315 = EDGE_CURVE ( 'NONE', #2594, #1514, #3744, .T. ) ;
#2316 = LINE ( 'NONE', #1202, #4260 ) ;
#2317 = CARTESIAN_POINT ( 'NONE',  ( 73.89926484163714804, 15.39999999999990443, 2.729575807278940669 ) ) ;
#2318 = FACE_OUTER_BOUND ( 'NONE', #6133, .T. ) ;
#2319 = DIRECTION ( 'NONE',  ( 1.734723475976793684E-15, 1.000000000000000000, -0.000000000000000000 ) ) ;
#2320 = ORIENTED_EDGE ( 'NONE', *, *, #2428, .F. ) ;
#2321 = VERTEX_POINT ( 'NONE', #516 ) ;
#2322 = CARTESIAN_POINT ( 'NONE',  ( 69.80467683944017665, 15.39999999999990798, -3.280442195151782148 ) ) ;
#2323 = DIRECTION ( 'NONE',  ( -1.000000000000000000, 1.688578880590869955E-15, 0.000000000000000000 ) ) ;
#2324 = DIRECTION ( 'NONE',  ( 0.000000000000000000, 0.000000000000000000, 1.000000000000000000 ) ) ;
#2325 = CARTESIAN_POINT ( 'NONE',  ( 44.30625890315180015, 9.899999999999936406, -8.000000000000003553 ) ) ;
#2326 = DIRECTION ( 'NONE',  ( 1.000000000000000000, 0.000000000000000000, -0.000000000000000000 ) ) ;
#2327 = VERTEX_POINT ( 'NONE', #2628 ) ;
#2328 = DIRECTION ( 'NONE',  ( -0.000000000000000000, -0.000000000000000000, -1.000000000000000000 ) ) ;
#2329 = ORIENTED_EDGE ( 'NONE', *, *, #6401, .T. ) ;
#2330 = DIRECTION ( 'NONE',  ( 0.000000000000000000, 0.000000000000000000, 1.000000000000000000 ) ) ;
#2331 = CARTESIAN_POINT ( 'NONE',  ( 72.28191553250626100, 15.39999999999989555, 2.591714497433034392 ) ) ;
#2332 = CARTESIAN_POINT ( 'NONE',  ( 74.92226691608847489, 14.39999999999988844, 2.654640105918340431 ) ) ;
#2333 = ORIENTED_EDGE ( 'NONE', *, *, #2593, .F. ) ;
#2334 = CARTESIAN_POINT ( 'NONE',  ( 68.78641360549529793, 15.39999999999990443, 2.574331525156782874 ) ) ;
#2335 = CARTESIAN_POINT ( 'NONE',  ( 71.13237825879653542, 15.39999999999989733, 2.405427285714481833 ) ) ;
#2336 = EDGE_LOOP ( 'NONE', ( #2864, #5963, #3651, #884 ) ) ;
#2337 = ORIENTED_EDGE ( 'NONE', *, *, #4261, .T. ) ;
#2338 = CARTESIAN_POINT ( 'NONE',  ( 71.12052713510666990, 15.39999999999989555, 1.019054977024963948 ) ) ;
#2339 = EDGE_CURVE ( 'NONE', #1343, #6088, #1037, .T. ) ;
#2340 = CARTESIAN_POINT ( 'NONE',  ( 70.88414276437637795, 15.39999999999990088, -4.188160711275422443 ) ) ;
#2341 = DATE_TIME_ROLE ( 'classification_date' ) ;
#2342 = CARTESIAN_POINT ( 'NONE',  ( 72.32852855257954161, 15.39999999999990088, -1.651374106775552963 ) ) ;
#2343 = LINE ( 'NONE', #5434, #3580 ) ;
#2344 = VERTEX_POINT ( 'NONE', #4743 ) ;
#2345 = DIRECTION ( 'NONE',  ( -0.000000000000000000, -0.000000000000000000, 1.000000000000000000 ) ) ;
#2346 = EDGE_CURVE ( 'NONE', #3055, #4640, #4544, .T. ) ;
#2347 = DIRECTION ( 'NONE',  ( -0.000000000000000000, 1.000000000000000000, -0.000000000000000000 ) ) ;
#2348 = AXIS2_PLACEMENT_3D ( 'NONE', #6191, #1462, #3485 ) ;
#2349 = ADVANCED_FACE ( 'NONE', ( #3882 ), #5929, .F. ) ;
#2350 = ADVANCED_FACE ( 'NONE', ( #173 ), #4921, .F. ) ;
#2351 = LINE ( 'NONE', #4958, #5726 ) ;
#2352 = ORIENTED_EDGE ( 'NONE', *, *, #6552, .T. ) ;
#2353 = VERTEX_POINT ( 'NONE', #4396 ) ;
#2354 = CARTESIAN_POINT ( 'NONE',  ( 69.81338673878056511, 15.39999999999990798, -3.545630477436663597 ) ) ;
#2355 = VECTOR ( 'NONE', #3821, 1000.000000000000000 ) ;
#2356 = CARTESIAN_POINT ( 'NONE',  ( 79.59999999999999432, -4.600000000000048495, 37.97994974842648475 ) ) ;
#2357 = DIRECTION ( 'NONE',  ( -1.277847652571759596E-16, 1.000000000000000000, 2.168404344971008868E-16 ) ) ;
#2358 = ADVANCED_FACE ( 'NONE', ( #6547 ), #6800, .F. ) ;
#2359 = VECTOR ( 'NONE', #6638, 1000.000000000000000 ) ;
#2360 = ORIENTED_EDGE ( 'NONE', *, *, #1534, .F. ) ;
#2361 = PLANE ( 'NONE',  #2489 ) ;
#2362 = EDGE_LOOP ( 'NONE', ( #1416, #2608, #231, #4763 ) ) ;
#2363 = LINE ( 'NONE', #6108, #155 ) ;
#2364 = AXIS2_PLACEMENT_3D ( 'NONE', #4935, #3468, #833 ) ;
#2365 = VECTOR ( 'NONE', #988, 1000.000000000000000 ) ;
#2366 = CARTESIAN_POINT ( 'NONE',  ( 71.22006733002911005, 15.39999999999991331, 3.168741705460304647 ) ) ;
#2367 = VECTOR ( 'NONE', #2345, 1000.000000000000000 ) ;
#2368 = CARTESIAN_POINT ( 'NONE',  ( 69.88797385255772099, 15.39999999999990088, 2.357322699050428128 ) ) ;
#2369 = VECTOR ( 'NONE', #3220, 1000.000000000000000 ) ;
#2370 = CARTESIAN_POINT ( 'NONE',  ( 51.85519130524025400, 8.399999999999936406, 8.000000000000003553 ) ) ;
#2371 = FACE_OUTER_BOUND ( 'NONE', #1005, .T. ) ;
#2372 = ORIENTED_EDGE ( 'NONE', *, *, #2273, .F. ) ;
#2373 = ORIENTED_EDGE ( 'NONE', *, *, #4215, .F. ) ;
#2374 = CARTESIAN_POINT ( 'NONE',  ( 71.56539335739884677, 14.39999999999990621, 1.448074481133464264 ) ) ;
#2375 = VECTOR ( 'NONE', #5827, 1000.000000000000000 ) ;
#2376 = DIRECTION ( 'NONE',  ( -4.003208021484938538E-16, 1.000000000000000000, 5.787049111740484599E-32 ) ) ;
#2377 = PERSON_AND_ORGANIZATION ( #3690, #4169 ) ;
#2378 = CARTESIAN_POINT ( 'NONE',  ( 69.80182217672685852, 15.39999999999990266, 3.177797942489499317 ) ) ;
#2379 = DIRECTION ( 'NONE',  ( 0.000000000000000000, 0.000000000000000000, -1.000000000000000000 ) ) ;
#2380 = VECTOR ( 'NONE', #5775, 1000.000000000000000 ) ;
#2381 = ORIENTED_EDGE ( 'NONE', *, *, #5995, .T. ) ;
#2382 = CARTESIAN_POINT ( 'NONE',  ( 73.90984298549996367, 14.39999999999989910, 3.139101676123305040 ) ) ;
#2383 = TOROIDAL_SURFACE ( 'NONE', #5375, 22.12329089443976216, 0.5000000000000008882 ) ;
#2384 = DIRECTION ( 'NONE',  ( 0.000000000000000000, 0.000000000000000000, 1.000000000000000000 ) ) ;
#2385 = DIRECTION ( 'NONE',  ( 0.000000000000000000, -1.000000000000000000, 0.000000000000000000 ) ) ;
#2386 = ORIENTED_EDGE ( 'NONE', *, *, #4426, .T. ) ;
#2387 = ADVANCED_FACE ( 'NONE', ( #6153, #131 ), #1170, .F. ) ;
#2388 = EDGE_LOOP ( 'NONE', ( #5393, #189 ) ) ;
#2389 = CARTESIAN_POINT ( 'NONE',  ( 25.25622670975753437, 0.3999999999999368505, -5.787049111740479344E-31 ) ) ;
#2390 = VECTOR ( 'NONE', #2232, 1000.000000000000000 ) ;
#2391 = EDGE_CURVE ( 'NONE', #5872, #5327, #6669, .T. ) ;
#2392 = CARTESIAN_POINT ( 'NONE',  ( 72.96391959705806585, 15.39999999999989555, 1.750959492532965234 ) ) ;
#2393 = DIRECTION ( 'NONE',  ( -0.000000000000000000, 1.000000000000000000, -0.000000000000000000 ) ) ;
#2394 = VECTOR ( 'NONE', #3307, 1000.000000000000000 ) ;
#2395 = EDGE_CURVE ( 'NONE', #48, #557, #2767, .T. ) ;
#2396 = ORIENTED_EDGE ( 'NONE', *, *, #1294, .T. ) ;
#2397 = CARTESIAN_POINT ( 'NONE',  ( 69.79972246283594473, 14.39999999999990621, -1.651374106775552963 ) ) ;
#2398 = EDGE_CURVE ( 'NONE', #6100, #4062, #3706, .T. ) ;
#2399 = ORIENTED_EDGE ( 'NONE', *, *, #67, .T. ) ;
#2400 = EDGE_CURVE ( 'NONE', #4333, #2773, #1729, .T. ) ;
#2401 = CARTESIAN_POINT ( 'NONE',  ( 17.39552195564070303, -4.100000000000072475, 9.000000000000005329 ) ) ;
#2402 = CIRCLE ( 'NONE', #1948, 2.199999999999993516 ) ;
#2403 = B_SPLINE_SURFACE_WITH_KNOTS ( 'NONE', 3, 1, ( 
 ( #5682, #5583 ),
 ( #2449, #4530 ),
 ( #2485, #441 ),
 ( #823, #3498 ),
 ( #340, #2948 ),
 ( #6655, #1896 ),
 ( #5618, #3009 ),
 ( #856, #2978 ),
 ( #6688, #6202 ),
 ( #5086, #5158 ),
 ( #1996, #4114 ) ),
 .UNSPECIFIED., .F., .F., .F.,
 ( 4, 1, 1, 1, 1, 1, 1, 1, 4 ),
 ( 2, 2 ),
 ( 0.000000000000000000, 0.1293812363397562060, 0.2505909355976835839, 0.3649782009948817074, 0.4797078271108111691, 0.5961341567228848337, 0.7185076765724170977, 0.8520551241155807087, 1.000000000000000000 ),
 ( 0.000000000000000000, 1.000000000000000000 ),
 .UNSPECIFIED. ) ;
#2404 = LINE ( 'NONE', #5038, #2359 ) ;
#2405 = FACE_OUTER_BOUND ( 'NONE', #5206, .T. ) ;
#2406 = DIRECTION ( 'NONE',  ( -1.000000000000000000, 0.000000000000000000, 0.000000000000000000 ) ) ;
#2407 = ORIENTED_EDGE ( 'NONE', *, *, #6053, .T. ) ;
#2408 = ORIENTED_EDGE ( 'NONE', *, *, #3622, .F. ) ;
#2409 = DIRECTION ( 'NONE',  ( -1.000000000000000000, 0.000000000000000000, 0.000000000000000000 ) ) ;
#2410 = CARTESIAN_POINT ( 'NONE',  ( 50.35519130524024689, 8.399999999999932854, -8.000000000000003553 ) ) ;
#2411 = APPROVAL_ROLE ( '' ) ;
#2412 = CARTESIAN_POINT ( 'NONE',  ( 68.83557259760871716, 14.39999999999990976, 2.086854503123167781 ) ) ;
#2413 = DIRECTION ( 'NONE',  ( 1.000000000000000000, 0.000000000000000000, 1.224646799147353207E-16 ) ) ;
#2414 = ORIENTED_EDGE ( 'NONE', *, *, #6422, .T. ) ;
#2415 = CARTESIAN_POINT ( 'NONE',  ( 69.80796028888411797, 15.39999999999990621, 2.897908610083109071 ) ) ;
#2416 = CARTESIAN_POINT ( 'NONE',  ( 71.21388883495193056, 14.39999999999990621, 2.930835848699255397 ) ) ;
#2417 = FACE_OUTER_BOUND ( 'NONE', #4735, .T. ) ;
#2418 = VERTEX_POINT ( 'NONE', #3852 ) ;
#2419 = ORIENTED_EDGE ( 'NONE', *, *, #569, .T. ) ;
#2420 = DIRECTION ( 'NONE',  ( 0.000000000000000000, 0.000000000000000000, 1.000000000000000000 ) ) ;
#2421 = CARTESIAN_POINT ( 'NONE',  ( 69.79972246283594473, 14.39999999999990621, -2.658945283157764461 ) ) ;
#2422 = CARTESIAN_POINT ( 'NONE',  ( 63.09999999999998721, -1.600000000000046718, 12.00000000000000000 ) ) ;
#2423 = EDGE_CURVE ( 'NONE', #74, #306, #2316, .T. ) ;
#2424 = EDGE_LOOP ( 'NONE', ( #1528, #2407, #2586, #5055 ) ) ;
#2425 = CYLINDRICAL_SURFACE ( 'NONE', #5357, 4.000000000000003553 ) ;
#2426 = ORIENTED_EDGE ( 'NONE', *, *, #1111, .F. ) ;
#2427 = PLANE ( 'NONE',  #6028 ) ;
#2428 = EDGE_CURVE ( 'NONE', #3419, #92, #3479, .T. ) ;
#2429 = EDGE_CURVE ( 'NONE', #5507, #4501, #2838, .T. ) ;
#2430 = ADVANCED_FACE ( 'NONE', ( #2734, #99 ), #4429, .F. ) ;
#2431 = CARTESIAN_POINT ( 'NONE',  ( 73.10164813604427536, 14.39999999999989910, -4.803721797060124921 ) ) ;
#2432 = CARTESIAN_POINT ( 'NONE',  ( 73.10600225439250721, 15.39999999999989910, 0.5624973640885084780 ) ) ;
#2433 = CARTESIAN_POINT ( 'NONE',  ( 69.81947876041206769, 14.39999999999990621, -3.601073723819072647 ) ) ;
#2434 = ORIENTED_EDGE ( 'NONE', *, *, #6619, .F. ) ;
#2435 = ORIENTED_EDGE ( 'NONE', *, *, #4835, .T. ) ;
#2436 = DIRECTION ( 'NONE',  ( -0.7071067811865493491, -0.7071067811865456854, 0.000000000000000000 ) ) ;
#2437 = FACE_OUTER_BOUND ( 'NONE', #1553, .T. ) ;
#2438 = EDGE_CURVE ( 'NONE', #4874, #5317, #4955, .T. ) ;
#2439 = CARTESIAN_POINT ( 'NONE',  ( 57.09999999999994458, 10.39999999999992752, -8.711324865405194018 ) ) ;
#2440 = COORDINATED_UNIVERSAL_TIME_OFFSET ( 1, 0, .AHEAD. ) ;
#2441 = CARTESIAN_POINT ( 'NONE',  ( 17.40689518552919424, -4.000000000000067502, -9.000000000000005329 ) ) ;
#2442 = CARTESIAN_POINT ( 'NONE',  ( 21.75622670975752726, 5.400000000004187228, 2.799999999999999378 ) ) ;
#2443 = ORIENTED_EDGE ( 'NONE', *, *, #6261, .F. ) ;
#2444 = CARTESIAN_POINT ( 'NONE',  ( 69.82071352901060379, 15.39999999999990621, 2.641916310235415732 ) ) ;
#2445 = DIRECTION ( 'NONE',  ( 0.000000000000000000, 1.000000000000000000, 3.858032741160316680E-32 ) ) ;
#2446 = CARTESIAN_POINT ( 'NONE',  ( 63.09999999999998721, 14.89999999999998614, 6.999999999999994671 ) ) ;
#2447 = ORIENTED_EDGE ( 'NONE', *, *, #1501, .F. ) ;
#2448 = ORIENTED_EDGE ( 'NONE', *, *, #2395, .F. ) ;
#2449 = CARTESIAN_POINT ( 'NONE',  ( 70.45558069613178986, 14.39999999999990621, 1.985319194492430661 ) ) ;
#2450 = FACE_OUTER_BOUND ( 'NONE', #4542, .T. ) ;
#2451 = CARTESIAN_POINT ( 'NONE',  ( 70.88568255765370907, 14.39999999999989910, 2.088681456859854624 ) ) ;
#2452 = EDGE_LOOP ( 'NONE', ( #4452, #88, #5681, #605 ) ) ;
#2453 = VECTOR ( 'NONE', #3587, 1000.000000000000000 ) ;
#2454 = ORIENTED_EDGE ( 'NONE', *, *, #5627, .F. ) ;
#2455 = CARTESIAN_POINT ( 'NONE',  ( 63.59999999999998721, 10.39999999999992752, 8.711324865405194018 ) ) ;
#2456 = CARTESIAN_POINT ( 'NONE',  ( 63.59999999999998721, 15.79999999999999893, 31.00000000000000711 ) ) ;
#2457 = CARTESIAN_POINT ( 'NONE',  ( 70.32326434860318898, 15.39999999999990443, 0.7984067926635499690 ) ) ;
#2458 = CARTESIAN_POINT ( 'NONE',  ( 72.14382788616592279, 15.39999999999990088, -4.082730088725031514 ) ) ;
#2459 = CARTESIAN_POINT ( 'NONE',  ( 72.12335907888703446, 15.39999999999989555, 0.9102808075942462329 ) ) ;
#2460 = PLANE ( 'NONE',  #4824 ) ;
#2461 = ORIENTED_EDGE ( 'NONE', *, *, #108, .F. ) ;
#2462 = ADVANCED_FACE ( 'NONE', ( #1882 ), #5143, .F. ) ;
#2463 = ORIENTED_EDGE ( 'NONE', *, *, #6008, .F. ) ;
#2464 = DIRECTION ( 'NONE',  ( 0.000000000000000000, 0.000000000000000000, 1.000000000000000000 ) ) ;
#2465 = EDGE_CURVE ( 'NONE', #3288, #1391, #4034, .T. ) ;
#2466 = CARTESIAN_POINT ( 'NONE',  ( 63.59999999999998721, -4.100000000000053824, 12.00000000000000000 ) ) ;
#2467 = EDGE_CURVE ( 'NONE', #3055, #5102, #5436, .T. ) ;
#2468 = CIRCLE ( 'NONE', #826, 19.58581589082205454 ) ;
#2469 = CARTESIAN_POINT ( 'NONE',  ( 71.27418567200449218, 14.39999999999989910, -3.488080375123540300 ) ) ;
#2470 = AXIS2_PLACEMENT_3D ( 'NONE', #3475, #5596, #836 ) ;
#2471 = CARTESIAN_POINT ( 'NONE',  ( 0.000000000000000000, -4.100000000000072475, 0.000000000000000000 ) ) ;
#2472 = CARTESIAN_POINT ( 'NONE',  ( 25.25622670975753081, 7.400000000004188117, -1.736114733519679751E-31 ) ) ;
#2473 = DIRECTION ( 'NONE',  ( -0.000000000000000000, 1.000000000000000000, -0.000000000000000000 ) ) ;
#2474 = VERTEX_POINT ( 'NONE', #5177 ) ;
#2475 = VECTOR ( 'NONE', #433, 1000.000000000000000 ) ;
#2476 = AXIS2_PLACEMENT_3D ( 'NONE', #6416, #5796, #5334 ) ;
#2477 = CARTESIAN_POINT ( 'NONE',  ( 22.41437516702060151, 11.37976363666929558, -10.03240941198006020 ) ) ;
#2478 = DIRECTION ( 'NONE',  ( 0.7071067811865479058, 1.226634733346698916E-15, 0.7071067811865472397 ) ) ;
#2479 = DIRECTION ( 'NONE',  ( -0.7071067811865493491, 0.7071067811865456854, -0.000000000000000000 ) ) ;
#2480 = CIRCLE ( 'NONE', #5925, 13.73636363457416465 ) ;
#2481 = VECTOR ( 'NONE', #5964, 1000.000000000000000 ) ;
#2482 = CARTESIAN_POINT ( 'NONE',  ( 17.51937283781081334, -4.419584535731906350, -9.000000000000005329 ) ) ;
#2483 = ORIENTED_EDGE ( 'NONE', *, *, #287, .T. ) ;
#2484 = ORIENTED_EDGE ( 'NONE', *, *, #2823, .F. ) ;
#2485 = CARTESIAN_POINT ( 'NONE',  ( 70.36747314018045074, 14.39999999999990976, 1.988291369166867772 ) ) ;
#2486 = CARTESIAN_POINT ( 'NONE',  ( 70.80613173410171157, 14.39999999999989555, -5.421828354353958268 ) ) ;
#2487 = CARTESIAN_POINT ( 'NONE',  ( 60.09999999999990195, 15.11132486540512154, 1.817644558497603346E-31 ) ) ;
#2488 = CARTESIAN_POINT ( 'NONE',  ( 72.96391959705806585, 15.39999999999989555, 1.750959492532965234 ) ) ;
#2489 = AXIS2_PLACEMENT_3D ( 'NONE', #3933, #4372, #187 ) ;
#2490 = EDGE_LOOP ( 'NONE', ( #6, #635, #115, #1002 ) ) ;
#2491 = EDGE_CURVE ( 'NONE', #6570, #1316, #2566, .T. ) ;
#2492 = ORIENTED_EDGE ( 'NONE', *, *, #6167, .F. ) ;
#2493 = CARTESIAN_POINT ( 'NONE',  ( 72.32883307172075149, 14.39999999999990266, -1.986855367727767607 ) ) ;
#2494 = CARTESIAN_POINT ( 'NONE',  ( 18.58601624878233949, -4.600000000000062705, -12.00000000000000355 ) ) ;
#2495 = DIRECTION ( 'NONE',  ( 0.000000000000000000, 0.000000000000000000, 1.000000000000000000 ) ) ;
#2496 = AXIS2_PLACEMENT_3D ( 'NONE', #3281, #4390, #6434 ) ;
#2497 = CARTESIAN_POINT ( 'NONE',  ( 70.80613173410171157, 15.39999999999989555, -5.421828354353958268 ) ) ;
#2498 = CARTESIAN_POINT ( 'NONE',  ( 71.70289534165004852, 15.39999999999989910, 1.508696494020525636 ) ) ;
#2499 = CIRCLE ( 'NONE', #3502, 0.5000000000000004441 ) ;
#2500 = DIRECTION ( 'NONE',  ( -0.000000000000000000, -1.000000000000000000, -0.000000000000000000 ) ) ;
#2501 = EDGE_LOOP ( 'NONE', ( #4998, #2095, #5192, #1487 ) ) ;
#2502 = ORIENTED_EDGE ( 'NONE', *, *, #5656, .F. ) ;
#2503 = DIRECTION ( 'NONE',  ( -1.000000000000000000, -0.000000000000000000, 0.000000000000000000 ) ) ;
#2504 = FACE_OUTER_BOUND ( 'NONE', #3620, .T. ) ;
#2505 = AXIS2_PLACEMENT_3D ( 'NONE', #3878, #5885, #2833 ) ;
#2506 = DIRECTION ( 'NONE',  ( 0.000000000000000000, 0.000000000000000000, -1.000000000000000000 ) ) ;
#2507 = EDGE_CURVE ( 'NONE', #1646, #4238, #457, .T. ) ;
#2508 = CARTESIAN_POINT ( 'NONE',  ( 62.09999999999998010, 10.39999999999994351, 7.999999999999994671 ) ) ;
#2509 = CARTESIAN_POINT ( 'NONE',  ( 22.25622670975753437, 14.89999999999991687, 7.000000000000000000 ) ) ;
#2510 = EDGE_LOOP ( 'NONE', ( #2448, #3103, #1752, #1865 ) ) ;
#2511 = CARTESIAN_POINT ( 'NONE',  ( 69.82071352901060379, 14.39999999999990621, 2.641916310235415732 ) ) ;
#2512 = DIRECTION ( 'NONE',  ( 0.000000000000000000, 0.000000000000000000, 1.000000000000000000 ) ) ;
#2513 = EDGE_CURVE ( 'NONE', #6383, #73, #383, .T. ) ;
#2514 = CARTESIAN_POINT ( 'NONE',  ( 70.53467996412398122, 14.39999999999990266, 0.8057091083615139926 ) ) ;
#2515 = EDGE_CURVE ( 'NONE', #3014, #5875, #4728, .T. ) ;
#2516 = ADVANCED_FACE ( 'NONE', ( #2534 ), #2994, .F. ) ;
#2517 = CARTESIAN_POINT ( 'NONE',  ( 53.85519130524023979, 10.39999999999993463, 8.000000000000003553 ) ) ;
#2518 = ORIENTED_EDGE ( 'NONE', *, *, #6792, .F. ) ;
#2519 = EDGE_LOOP ( 'NONE', ( #965, #5660, #4133, #5680, #4296, #2902, #2078, #4264 ) ) ;
#2520 = CARTESIAN_POINT ( 'NONE',  ( 69.81063504894521543, 15.39999999999989910, -3.476774752041355221 ) ) ;
#2521 = FACE_BOUND ( 'NONE', #6509, .T. ) ;
#2522 = DIRECTION ( 'NONE',  ( 0.000000000000000000, 0.000000000000000000, 1.000000000000000000 ) ) ;
#2523 = FACE_OUTER_BOUND ( 'NONE', #1437, .T. ) ;
#2524 = ORIENTED_EDGE ( 'NONE', *, *, #5643, .F. ) ;
#2525 = ORIENTED_EDGE ( 'NONE', *, *, #2099, .T. ) ;
#2526 = CARTESIAN_POINT ( 'NONE',  ( 7.832237500110686312, 15.39999999999989733, -7.832237500110712070 ) ) ;
#2527 = ORIENTED_EDGE ( 'NONE', *, *, #6167, .T. ) ;
#2528 = DIRECTION ( 'NONE',  ( 1.000000000000000000, 0.000000000000000000, 0.000000000000000000 ) ) ;
#2529 = CARTESIAN_POINT ( 'NONE',  ( 0.000000000000000000, -4.100000000000072475, 0.000000000000000000 ) ) ;
#2530 = LINE ( 'NONE', #296, #6029 ) ;
#2531 = CARTESIAN_POINT ( 'NONE',  ( 58.39999999999991331, 0.3999999999999500622, -5.787049111740471462E-31 ) ) ;
#2532 = VERTEX_POINT ( 'NONE', #5208 ) ;
#2533 = ORIENTED_EDGE ( 'NONE', *, *, #6091, .T. ) ;
#2534 = FACE_OUTER_BOUND ( 'NONE', #6660, .T. ) ;
#2535 = CARTESIAN_POINT ( 'NONE',  ( 22.54490184435235278, 15.39999999999992397, -6.880426844130937525 ) ) ;
#2536 = CARTESIAN_POINT ( 'NONE',  ( 39.14480869475971048, 10.39999999999993641, 7.999999999999998224 ) ) ;
#2537 = DIRECTION ( 'NONE',  ( -0.7071067811865493491, -0.7071067811865456854, -0.000000000000000000 ) ) ;
#2538 = DIRECTION ( 'NONE',  ( 1.000000000000000000, 2.679539080328073366E-16, -1.339769540164036683E-16 ) ) ;
#2539 = DIRECTION ( 'NONE',  ( -1.277847652571759596E-16, 1.000000000000000000, 0.000000000000000000 ) ) ;
#2540 = ORIENTED_EDGE ( 'NONE', *, *, #5575, .F. ) ;
#2541 = CARTESIAN_POINT ( 'NONE',  ( 69.80103792016011255, 15.39999999999990621, 3.351908679353362785 ) ) ;
#2542 = CARTESIAN_POINT ( 'NONE',  ( 57.09999999999994458, 10.39999999999992752, -8.711324865405194018 ) ) ;
#2543 = CARTESIAN_POINT ( 'NONE',  ( 79.59999999999999432, -4.600000000000048495, 37.97994974842648475 ) ) ;
#2544 = DIRECTION ( 'NONE',  ( -0.7071067811865493491, 0.7071067811865456854, 0.000000000000000000 ) ) ;
#2545 = ORIENTED_EDGE ( 'NONE', *, *, #403, .T. ) ;
#2546 = VERTEX_POINT ( 'NONE', #2088 ) ;
#2547 = CARTESIAN_POINT ( 'NONE',  ( 17.40689518552919424, -4.000000000000067502, 9.000000000000005329 ) ) ;
#2548 = ADVANCED_FACE ( 'NONE', ( #6321 ), #3482, .T. ) ;
#2549 = CARTESIAN_POINT ( 'NONE',  ( 71.81766428292904436, 14.39999999999990976, -4.840023880084030061 ) ) ;
#2550 = DIRECTION ( 'NONE',  ( 2.668805347656625692E-16, -1.000000000000000000, -3.858032741160322701E-32 ) ) ;
#2551 = ADVANCED_FACE ( 'NONE', ( #1457 ), #2152, .T. ) ;
#2552 = EDGE_CURVE ( 'NONE', #4265, #6687, #6811, .T. ) ;
#2553 = CARTESIAN_POINT ( 'NONE',  ( 70.80613173410171157, 14.39999999999989555, -5.421828354353958268 ) ) ;
#2554 = EDGE_LOOP ( 'NONE', ( #1134, #6020, #4042, #5983 ) ) ;
#2555 = ORIENTED_EDGE ( 'NONE', *, *, #5353, .F. ) ;
#2556 = CARTESIAN_POINT ( 'NONE',  ( 73.37434451007106873, 14.39999999999989910, -3.539536911785750917 ) ) ;
#2557 = CARTESIAN_POINT ( 'NONE',  ( 73.39205591599043998, 15.39999999999990443, 1.787415871823079261 ) ) ;
#2558 = EDGE_CURVE ( 'NONE', #2916, #6298, #3824, .T. ) ;
#2559 = CARTESIAN_POINT ( 'NONE',  ( 24.27989545868770804, 19.18051238377947953, 5.528645022955320343 ) ) ;
#2560 = AXIS2_PLACEMENT_3D ( 'NONE', #5376, #628, #4857 ) ;
#2561 = CARTESIAN_POINT ( 'NONE',  ( 74.93635983262761613, 15.39999999999989555, -4.533324015692319797 ) ) ;
#2562 = EDGE_LOOP ( 'NONE', ( #1288, #3109, #2040, #5913 ) ) ;
#2563 = CARTESIAN_POINT ( 'NONE',  ( 16.85941873256619061, -4.000000000000067502, -9.987992791346815835 ) ) ;
#2564 = VERTEX_POINT ( 'NONE', #1529 ) ;
#2565 = VERTEX_POINT ( 'NONE', #6291 ) ;
#2566 = LINE ( 'NONE', #5738, #3044 ) ;
#2567 = VECTOR ( 'NONE', #4796, 1000.000000000000000 ) ;
#2568 = CARTESIAN_POINT ( 'NONE',  ( 70.13029120015058027, 15.39999999999990621, 0.8052208752901410804 ) ) ;
#2569 = DIRECTION ( 'NONE',  ( 0.000000000000000000, 0.000000000000000000, 1.000000000000000000 ) ) ;
#2570 = CARTESIAN_POINT ( 'NONE',  ( 16.85941873256619061, -4.281656087551557022, -10.03104408148007209 ) ) ;
#2571 = VECTOR ( 'NONE', #1599, 1000.000000000000114 ) ;
#2572 = ORIENTED_EDGE ( 'NONE', *, *, #1103, .T. ) ;
#2573 = DIRECTION ( 'NONE',  ( 3.469446951953614189E-16, -1.000000000000000000, -0.000000000000000000 ) ) ;
#2574 = CARTESIAN_POINT ( 'NONE',  ( 68.77239498887762181, 14.39999999999990621, -0.4659962522082454761 ) ) ;
#2575 = ORIENTED_EDGE ( 'NONE', *, *, #4512, .T. ) ;
#2576 = EDGE_CURVE ( 'NONE', #245, #1080, #1486, .T. ) ;
#2577 = CARTESIAN_POINT ( 'NONE',  ( 70.14864736471795936, 15.39999999999990798, -4.165660722213072376 ) ) ;
#2578 = TOROIDAL_SURFACE ( 'NONE', #39, 20.08581589082205454, 0.4999999999999993339 ) ;
#2579 = VECTOR ( 'NONE', #5879, 1000.000000000000000 ) ;
#2580 = CARTESIAN_POINT ( 'NONE',  ( 41.50000000000000711, 9.800000000000004263, -9.000000000000005329 ) ) ;
#2581 = CARTESIAN_POINT ( 'NONE',  ( 72.24950336227506398, 15.39999999999990088, 3.456863585250439019 ) ) ;
#2582 = DIRECTION ( 'NONE',  ( 1.000000000000000000, 0.000000000000000000, 0.000000000000000000 ) ) ;
#2583 = VECTOR ( 'NONE', #2725, 1000.000000000000000 ) ;
#2584 = ORIENTED_EDGE ( 'NONE', *, *, #987, .F. ) ;
#2585 = AXIS2_PLACEMENT_3D ( 'NONE', #991, #2135, #63 ) ;
#2586 = ORIENTED_EDGE ( 'NONE', *, *, #3028, .T. ) ;
#2587 = CARTESIAN_POINT ( 'NONE',  ( -16.85941873256619772, 15.39999999999992752, 0.000000000000000000 ) ) ;
#2588 = DIRECTION ( 'NONE',  ( 1.000000000000000000, -1.734723475976793684E-15, 0.000000000000000000 ) ) ;
#2589 = DIRECTION ( 'NONE',  ( 0.000000000000000000, -1.000000000000000000, 0.000000000000000000 ) ) ;
#2590 = VECTOR ( 'NONE', #6061, 1000.000000000000000 ) ;
#2591 = VECTOR ( 'NONE', #1982, 1000.000000000000000 ) ;
#2592 = CARTESIAN_POINT ( 'NONE',  ( 70.80613173410171157, 15.39999999999989733, -5.421828354353958268 ) ) ;
#2593 = EDGE_CURVE ( 'NONE', #6698, #3566, #5667, .T. ) ;
#2594 = VERTEX_POINT ( 'NONE', #902 ) ;
#2595 = EDGE_CURVE ( 'NONE', #6199, #3065, #3653, .T. ) ;
#2596 = ORIENTED_EDGE ( 'NONE', *, *, #2132, .F. ) ;
#2597 = DIRECTION ( 'NONE',  ( 0.000000000000000000, 0.000000000000000000, -1.000000000000000000 ) ) ;
#2598 = AXIS2_PLACEMENT_3D ( 'NONE', #2618, #3135, #4212 ) ;
#2599 = CARTESIAN_POINT ( 'NONE',  ( 62.09999999999998721, 10.39999999999994351, -8.000000000000003553 ) ) ;
#2600 = PLANE ( 'NONE',  #1589 ) ;
#2601 = AXIS2_PLACEMENT_3D ( 'NONE', #6441, #4323, #5407 ) ;
#2602 = ADVANCED_FACE ( 'NONE', ( #6706 ), #5770, .T. ) ;
#2603 = DIRECTION ( 'NONE',  ( -1.000000000000000000, -3.469446951953614189E-16, 0.000000000000000000 ) ) ;
#2604 = EDGE_CURVE ( 'NONE', #1141, #259, #393, .T. ) ;
#2605 = EDGE_CURVE ( 'NONE', #4854, #6687, #3066, .T. ) ;
#2606 = VERTEX_POINT ( 'NONE', #1006 ) ;
#2607 = DIRECTION ( 'NONE',  ( 0.000000000000000000, 0.000000000000000000, -1.000000000000000000 ) ) ;
#2608 = ORIENTED_EDGE ( 'NONE', *, *, #4627, .F. ) ;
#2609 = ORIENTED_EDGE ( 'NONE', *, *, #1842, .F. ) ;
#2610 = CARTESIAN_POINT ( 'NONE',  ( 71.22217588831672686, 15.39999999999990266, 4.512590736974447125 ) ) ;
#2611 = VECTOR ( 'NONE', #983, 1000.000000000000000 ) ;
#2612 = LINE ( 'NONE', #3131, #2709 ) ;
#2613 = FACE_OUTER_BOUND ( 'NONE', #1659, .T. ) ;
#2614 = VECTOR ( 'NONE', #1926, 1000.000000000000000 ) ;
#2615 = CARTESIAN_POINT ( 'NONE',  ( 69.82877904884919928, 14.39999999999990621, 2.590590342279206482 ) ) ;
#2616 = PLANE ( 'NONE',  #6686 ) ;
#2617 = B_SPLINE_CURVE_WITH_KNOTS ( 'NONE', 3,
 ( #3666, #613, #4251, #4219, #5259, #60, #1617, #4845, #1018, #3741, #1650 ),
 .UNSPECIFIED., .F., .F.,
 ( 4, 1, 1, 1, 1, 1, 1, 1, 4 ),
 ( 0.000000000000000000, 0.05424288010384745867, 0.1282398849542175923, 0.2220811098595995570, 0.3368748928824428224, 0.4726021059892307474, 0.6281751862150929400, 0.8036077172877569286, 1.000000000000000000 ),
 .UNSPECIFIED. ) ;
#2618 = CARTESIAN_POINT ( 'NONE',  ( 71.59999999999999432, 5.799999999999999822, 31.00000000000001066 ) ) ;
#2619 = EDGE_LOOP ( 'NONE', ( #6574, #1323, #4801, #3751 ) ) ;
#2620 = CARTESIAN_POINT ( 'NONE',  ( 60.09999999999990905, 0.3999999999999507283, -5.787049111740471462E-31 ) ) ;
#2621 = AXIS2_PLACEMENT_3D ( 'NONE', #1121, #4911, #4350 ) ;
#2622 = CARTESIAN_POINT ( 'NONE',  ( 74.89694631374989342, 14.39999999999989910, 2.147589557527064930 ) ) ;
#2623 = CARTESIAN_POINT ( 'NONE',  ( 0.000000000000000000, 10.39999999999992752, -8.711324865405194018 ) ) ;
#2624 = CARTESIAN_POINT ( 'NONE',  ( 72.39268690528579953, 14.39999999999990621, -2.570739273648238843 ) ) ;
#2625 = CARTESIAN_POINT ( 'NONE',  ( 68.83454868887599787, 14.39999999999990976, -4.058953192824878542 ) ) ;
#2626 = ORIENTED_EDGE ( 'NONE', *, *, #2726, .T. ) ;
#2627 = EDGE_LOOP ( 'NONE', ( #1061, #4245, #3118, #5333 ) ) ;
#2628 = CARTESIAN_POINT ( 'NONE',  ( 74.93635983262763034, 14.39999999999989555, 3.611209660063890325 ) ) ;
#2629 = CARTESIAN_POINT ( 'NONE',  ( 72.17541724636458866, 14.39999999999990266, -3.898652956059406982 ) ) ;
#2630 = FACE_OUTER_BOUND ( 'NONE', #6141, .T. ) ;
#2631 = CARTESIAN_POINT ( 'NONE',  ( 26.95622670975753010, 15.11132486540511621, -1.020194091331359787E-31 ) ) ;
#2632 = ORIENTED_EDGE ( 'NONE', *, *, #5538, .T. ) ;
#2633 = ORIENTED_EDGE ( 'NONE', *, *, #6420, .F. ) ;
#2634 = LINE ( 'NONE', #5231, #2369 ) ;
#2635 = CARTESIAN_POINT ( 'NONE',  ( 73.87075453211555498, 14.39999999999989910, 2.404840739321953524 ) ) ;
#2636 = CARTESIAN_POINT ( 'NONE',  ( 46.49999999999995737, 5.800000000000005151, -8.000000000000003553 ) ) ;
#2637 = EDGE_CURVE ( 'NONE', #918, #6685, #3130, .T. ) ;
#2638 = LINE ( 'NONE', #452, #2571 ) ;
#2639 = ORIENTED_EDGE ( 'NONE', *, *, #1076, .T. ) ;
#2640 = DIRECTION ( 'NONE',  ( 0.000000000000000000, 0.000000000000000000, 1.000000000000000000 ) ) ;
#2641 = VERTEX_POINT ( 'NONE', #2610 ) ;
#2642 = ORIENTED_EDGE ( 'NONE', *, *, #5622, .F. ) ;
#2643 = DIRECTION ( 'NONE',  ( -4.003208021484938538E-16, 1.000000000000000000, 5.787049111740484599E-32 ) ) ;
#2644 = EDGE_CURVE ( 'NONE', #98, #6010, #2120, .T. ) ;
#2645 = EDGE_CURVE ( 'NONE', #1514, #3007, #6427, .T. ) ;
#2646 = ADVANCED_FACE ( 'NONE', ( #2191 ), #2157, .F. ) ;
#2647 = DIRECTION ( 'NONE',  ( 1.734723475976793684E-15, 1.000000000000000000, -0.000000000000000000 ) ) ;
#2648 = CARTESIAN_POINT ( 'NONE',  ( 57.09999999999994458, 15.39999999999992752, -9.000000000000005329 ) ) ;
#2649 = ORIENTED_EDGE ( 'NONE', *, *, #3293, .T. ) ;
#2650 = CARTESIAN_POINT ( 'NONE',  ( 68.77239498887765023, 15.39999999999990798, 3.214848939942947403 ) ) ;
#2651 = LINE ( 'NONE', #4766, #1606 ) ;
#2652 = ORIENTED_EDGE ( 'NONE', *, *, #4902, .T. ) ;
#2653 = EDGE_CURVE ( 'NONE', #453, #6593, #3333, .T. ) ;
#2654 = LINE ( 'NONE', #2127, #5245 ) ;
#2655 = DIRECTION ( 'NONE',  ( -0.000000000000000000, 1.000000000000000000, -0.000000000000000000 ) ) ;
#2656 = LINE ( 'NONE', #6332, #5948 ) ;
#2657 = CARTESIAN_POINT ( 'NONE',  ( 72.32852855257955582, 15.39999999999989377, -1.916849355454689707 ) ) ;
#2658 = CARTESIAN_POINT ( 'NONE',  ( 69.97063727819661949, 15.39999999999990443, -5.379461690040293398 ) ) ;
#2659 = ORIENTED_EDGE ( 'NONE', *, *, #3452, .T. ) ;
#2660 = CARTESIAN_POINT ( 'NONE',  ( 50.35519130524024689, 8.399999999999932854, 8.000000000000003553 ) ) ;
#2661 = CARTESIAN_POINT ( 'NONE',  ( 73.10164813604427536, 14.39999999999989910, -4.803721797060124921 ) ) ;
#2662 = CARTESIAN_POINT ( 'NONE',  ( 74.86253695136868203, 15.39999999999989377, 1.883657969401752563 ) ) ;
#2663 = CARTESIAN_POINT ( 'NONE',  ( 79.59999999999999432, 11.79999999999999716, 31.00000000000001066 ) ) ;
#2664 = ORIENTED_EDGE ( 'NONE', *, *, #1587, .F. ) ;
#2665 = VERTEX_POINT ( 'NONE', #4792 ) ;
#2666 = CARTESIAN_POINT ( 'NONE',  ( 0.000000000000000000, -4.191111111111185394, 0.000000000000000000 ) ) ;
#2667 = EDGE_CURVE ( 'NONE', #5520, #1778, #4583, .T. ) ;
#2668 = CARTESIAN_POINT ( 'NONE',  ( 28.25622670982141926, -500000.0000000000582, -9.000000000000005329 ) ) ;
#2669 = CARTESIAN_POINT ( 'NONE',  ( 25.25622670975753081, 15.39999999999992752, -2.200000000000000622 ) ) ;
#2670 = CARTESIAN_POINT ( 'NONE',  ( 70.48689351584813778, 15.39999999999989733, -4.257123852184069079 ) ) ;
#2671 = EDGE_LOOP ( 'NONE', ( #3988, #6217, #5481, #1637, #8 ) ) ;
#2672 = CARTESIAN_POINT ( 'NONE',  ( 73.90984298549996367, 15.39999999999989910, 3.139101676123305040 ) ) ;
#2673 = EDGE_LOOP ( 'NONE', ( #4282, #432, #3609, #2756, #5582, #860, #2781, #5536, #4634 ) ) ;
#2674 = ORIENTED_EDGE ( 'NONE', *, *, #3075, .T. ) ;
#2675 = CARTESIAN_POINT ( 'NONE',  ( 74.93635983262761613, 14.39999999999989555, -4.533324015692319797 ) ) ;
#2676 = CARTESIAN_POINT ( 'NONE',  ( 74.32720925503879528, 14.39999999999989555, 0.9814335714634276897 ) ) ;
#2677 = DIRECTION ( 'NONE',  ( 1.000000000000000000, 5.102127870520019996E-16, 0.000000000000000000 ) ) ;
#2678 = ADVANCED_FACE ( 'NONE', ( #2784 ), #5846, .T. ) ;
#2679 = ORIENTED_EDGE ( 'NONE', *, *, #1806, .F. ) ;
#2680 = CARTESIAN_POINT ( 'NONE',  ( 68.89534061273549526, 14.39999999999990976, -4.347358088046798130 ) ) ;
#2681 = CARTESIAN_POINT ( 'NONE',  ( 18.76925331218435744, -4.600000000000070699, 11.71132486540518869 ) ) ;
#2682 = ORIENTED_EDGE ( 'NONE', *, *, #3527, .F. ) ;
#2683 = CLOSED_SHELL ( 'NONE', ( #2358, #2855, #3909, #3887, #3076, #2241, #5444, #1929, #3030, #2516, #4341, #3970, #4445, #6299, #622, #21, #741, #6635, #2262, #6805, #6508, #3413, #1803, #6596, #2602, #5313, #1631, #6850, #5780, #6458, #4340, #1333, #3020, #1721, #6723, #572 ) ) ;
#2684 = DIRECTION ( 'NONE',  ( 0.000000000000000000, 0.000000000000000000, -1.000000000000000000 ) ) ;
#2685 = LINE ( 'NONE', #645, #2390 ) ;
#2686 = CIRCLE ( 'NONE', #3241, 19.58581589082205454 ) ;
#2687 = DIRECTION ( 'NONE',  ( -0.000000000000000000, 1.000000000000000000, -0.000000000000000000 ) ) ;
#2688 = CARTESIAN_POINT ( 'NONE',  ( 73.22244110540395923, 14.39999999999990266, -3.428433946503629759 ) ) ;
#2689 = EDGE_CURVE ( 'NONE', #3856, #1152, #1187, .T. ) ;
#2690 = CARTESIAN_POINT ( 'NONE',  ( 69.16414872074881259, 15.39999999999990798, -4.870280022782226936 ) ) ;
#2691 = ORIENTED_EDGE ( 'NONE', *, *, #2139, .F. ) ;
#2692 = LINE ( 'NONE', #6338, #5247 ) ;
#2693 = AXIS2_PLACEMENT_3D ( 'NONE', #3340, #5453, #2818 ) ;
#2694 = AXIS2_PLACEMENT_3D ( 'NONE', #3108, #6169, #4111 ) ;
#2695 = CARTESIAN_POINT ( 'NONE',  ( 72.42201331730245784, 15.39999999999990266, -4.240187861667163993 ) ) ;
#2696 = CARTESIAN_POINT ( 'NONE',  ( 74.88355030027099701, 15.39999999999989555, 2.037744550529504206 ) ) ;
#2697 = CARTESIAN_POINT ( 'NONE',  ( 70.54864354528301362, 15.39999999999990088, 1.986054568812109622 ) ) ;
#2698 = CARTESIAN_POINT ( 'NONE',  ( 70.48007996061365077, 14.39999999999990621, -5.444583241390937189 ) ) ;
#2699 = VECTOR ( 'NONE', #1228, 1000.000000000000114 ) ;
#2700 = VECTOR ( 'NONE', #6122, 1000.000000000000000 ) ;
#2701 = ORIENTED_EDGE ( 'NONE', *, *, #445, .F. ) ;
#2702 = VERTEX_POINT ( 'NONE', #1045 ) ;
#2703 = B_SPLINE_CURVE_WITH_KNOTS ( 'NONE', 3,
 ( #5671, #908, #4104, #5710, #947 ),
 .UNSPECIFIED., .F., .F.,
 ( 4, 1, 4 ),
 ( 0.0003337199700484991087, 0.0003840361344096270176, 0.0004343522987707549806 ),
 .UNSPECIFIED. ) ;
#2704 = CARTESIAN_POINT ( 'NONE',  ( 63.09999999999998721, -4.600000000000046718, -12.00000000000000000 ) ) ;
#2705 = CARTESIAN_POINT ( 'NONE',  ( 73.86084575938843955, 15.39999999999989555, 2.357839276659715821 ) ) ;
#2706 = CARTESIAN_POINT ( 'NONE',  ( 63.59999999999998721, 15.79999999999999893, 31.00000000000000711 ) ) ;
#2707 = AXIS2_PLACEMENT_3D ( 'NONE', #4504, #766, #315 ) ;
#2708 = CIRCLE ( 'NONE', #6692, 2.199999999999993516 ) ;
#2709 = VECTOR ( 'NONE', #5739, 1000.000000000000000 ) ;
#2710 = CARTESIAN_POINT ( 'NONE',  ( 70.39521854787932398, 14.39999999999990266, -4.253107866730692521 ) ) ;
#2711 = VECTOR ( 'NONE', #3546, 999.9999999999998863 ) ;
#2712 = ORIENTED_EDGE ( 'NONE', *, *, #4460, .T. ) ;
#2713 = CARTESIAN_POINT ( 'NONE',  ( 28.25622670982142282, -500000.0000000000582, 9.000000000000005329 ) ) ;
#2714 = ORIENTED_EDGE ( 'NONE', *, *, #4721, .F. ) ;
#2715 = ORIENTED_EDGE ( 'NONE', *, *, #5695, .T. ) ;
#2716 = CARTESIAN_POINT ( 'NONE',  ( 63.09999999999998721, 10.39999999999994351, 6.999999999999994671 ) ) ;
#2717 = TOROIDAL_SURFACE ( 'NONE', #4479, 14.07977272543851832, 0.5000000000000011102 ) ;
#2718 = CARTESIAN_POINT ( 'NONE',  ( 0.000000000000000000, -4.600000000000070699, 0.000000000000000000 ) ) ;
#2719 = CARTESIAN_POINT ( 'NONE',  ( 16.85941873256619061, -4.065758548526535066, 9.969912612445835265 ) ) ;
#2720 = APPLICATION_CONTEXT ( 'configuration controlled 3d designs of mechanical parts and assemblies' ) ;
#2721 = CARTESIAN_POINT ( 'NONE',  ( 69.97063727819661949, 14.39999999999990621, -5.379461690040293398 ) ) ;
#2722 = AXIS2_PLACEMENT_3D ( 'NONE', #1042, #4830, #1638 ) ;
#2723 = DIRECTION ( 'NONE',  ( -1.000000000000000000, 0.000000000000000000, -0.000000000000000000 ) ) ;
#2724 = ORIENTED_EDGE ( 'NONE', *, *, #388, .F. ) ;
#2725 = DIRECTION ( 'NONE',  ( 2.631645253013853576E-47, -9.860761315262647568E-32, -1.000000000000000000 ) ) ;
#2726 = EDGE_CURVE ( 'NONE', #4415, #2938, #3200, .T. ) ;
#2727 = B_SPLINE_CURVE_WITH_KNOTS ( 'NONE', 3,
 ( #2681, #4800, #51, #5880, #2163, #6399, #1116, #3234, #5351, #2827 ),
 .UNSPECIFIED., .F., .F.,
 ( 4, 2, 2, 2, 4 ),
 ( 3.469446951953614189E-18, 0.0001827470761640512524, 0.0003654941523280990355, 0.0005482412284921468456, 0.0007309883046561946015 ),
 .UNSPECIFIED. ) ;
#2728 = VECTOR ( 'NONE', #3868, 1000.000000000000000 ) ;
#2729 = DIRECTION ( 'NONE',  ( 1.000000000000000000, 0.000000000000000000, 0.000000000000000000 ) ) ;
#2730 = DIRECTION ( 'NONE',  ( 0.8660254037844339337, 0.5000000000000083267, -4.930380657631403702E-32 ) ) ;
#2731 = CARTESIAN_POINT ( 'NONE',  ( 72.77801645209228809, 14.39999999999990621, -3.084172123309077307 ) ) ;
#2732 = CARTESIAN_POINT ( 'NONE',  ( 69.09477986960725104, 15.39999999999990798, -4.778683986533110328 ) ) ;
#2733 = ORIENTED_EDGE ( 'NONE', *, *, #5538, .F. ) ;
#2734 = FACE_BOUND ( 'NONE', #3908, .T. ) ;
#2735 = AXIS2_PLACEMENT_3D ( 'NONE', #985, #6824, #5718 ) ;
#2736 = CARTESIAN_POINT ( 'NONE',  ( 72.42201331730245784, 14.39999999999990266, -4.240187861667163993 ) ) ;
#2737 = CARTESIAN_POINT ( 'NONE',  ( 74.47629457339783698, 15.39999999999989910, 1.125095989200419755 ) ) ;
#2738 = EDGE_CURVE ( 'NONE', #6400, #5872, #597, .T. ) ;
#2739 = CARTESIAN_POINT ( 'NONE',  ( 71.30104318234660354, 15.39999999999990621, -2.679528317508001578 ) ) ;
#2740 = EDGE_CURVE ( 'NONE', #1870, #2287, #5285, .T. ) ;
#2741 = AXIS2_PLACEMENT_3D ( 'NONE', #1886, #5009, #6617 ) ;
#2742 = CARTESIAN_POINT ( 'NONE',  ( 34.84587585476779736, 15.39999999999994529, 34.84587585476808869 ) ) ;
#2743 = ORIENTED_EDGE ( 'NONE', *, *, #6514, .F. ) ;
#2744 = ORIENTED_EDGE ( 'NONE', *, *, #4771, .T. ) ;
#2745 = DIRECTION ( 'NONE',  ( 0.000000000000000000, 0.000000000000000000, 1.000000000000000000 ) ) ;
#2746 = CARTESIAN_POINT ( 'NONE',  ( 41.50000000000000711, 9.800000000000004263, 12.00000000000000533 ) ) ;
#2747 = DIRECTION ( 'NONE',  ( 1.000000000000000000, 0.000000000000000000, 1.224646799147353207E-16 ) ) ;
#2748 = CARTESIAN_POINT ( 'NONE',  ( 63.59999999999998721, 16.20000000000005258, 34.97994974842648475 ) ) ;
#2749 = DIRECTION ( 'NONE',  ( 1.734723475976793684E-15, 1.000000000000000000, -0.000000000000000000 ) ) ;
#2750 = ORIENTED_EDGE ( 'NONE', *, *, #5137, .F. ) ;
#2751 = FACE_OUTER_BOUND ( 'NONE', #6565, .T. ) ;
#2752 = EDGE_LOOP ( 'NONE', ( #6072, #6604, #2288, #1972, #5737 ) ) ;
#2753 = DIRECTION ( 'NONE',  ( -0.8473674540382942766, 0.000000000000000000, 0.5310069659021992017 ) ) ;
#2754 = FACE_OUTER_BOUND ( 'NONE', #1975, .T. ) ;
#2755 = CARTESIAN_POINT ( 'NONE',  ( 60.09999999999990195, 15.39999999999993285, 1.929016370580168029E-31 ) ) ;
#2756 = ORIENTED_EDGE ( 'NONE', *, *, #3884, .F. ) ;
#2757 = LINE ( 'NONE', #5318, #3931 ) ;
#2758 = CARTESIAN_POINT ( 'NONE',  ( 74.93635983262761613, 15.39999999999989555, -1.651374106775552963 ) ) ;
#2759 = EDGE_LOOP ( 'NONE', ( #2083, #3924, #2575, #5688, #5624 ) ) ;
#2760 = ORIENTED_EDGE ( 'NONE', *, *, #1918, .T. ) ;
#2761 = DIRECTION ( 'NONE',  ( 3.469446951953614189E-16, -1.000000000000000000, 0.000000000000000000 ) ) ;
#2762 = LINE ( 'NONE', #4285, #6493 ) ;
#2763 = CARTESIAN_POINT ( 'NONE',  ( 2.399807818434953052E-15, -4.000000000000067502, -19.59591794226541595 ) ) ;
#2764 = LINE ( 'NONE', #1725, #3015 ) ;
#2765 = CARTESIAN_POINT ( 'NONE',  ( 69.32619281100085118, 15.39999999999990443, -5.037393581928993669 ) ) ;
#2766 = ORIENTED_EDGE ( 'NONE', *, *, #863, .F. ) ;
#2767 = LINE ( 'NONE', #5994, #3474 ) ;
#2768 = LINE ( 'NONE', #2799, #4359 ) ;
#2769 = CARTESIAN_POINT ( 'NONE',  ( 71.17774131699867723, 14.39999999999990976, 2.548888337255527770 ) ) ;
#2770 = CARTESIAN_POINT ( 'NONE',  ( 71.61392135363901446, 14.39999999999989910, -5.058733823050554079 ) ) ;
#2771 = ORIENTED_EDGE ( 'NONE', *, *, #5488, .F. ) ;
#2772 = EDGE_CURVE ( 'NONE', #6312, #4443, #1710, .T. ) ;
#2773 = VERTEX_POINT ( 'NONE', #3790 ) ;
#2774 = CARTESIAN_POINT ( 'NONE',  ( 72.24950336227506398, 14.39999999999990266, 4.512590736974447125 ) ) ;
#2775 = DIRECTION ( 'NONE',  ( 1.000000000000000000, 0.000000000000000000, 0.000000000000000000 ) ) ;
#2776 = EDGE_CURVE ( 'NONE', #4523, #2982, #1641, .T. ) ;
#2777 = PLANE ( 'NONE',  #1138 ) ;
#2778 = LINE ( 'NONE', #4892, #4145 ) ;
#2779 = DIRECTION ( 'NONE',  ( -3.469446951953614189E-16, 1.000000000000000000, -0.000000000000000000 ) ) ;
#2780 = EDGE_CURVE ( 'NONE', #5382, #3761, #562, .T. ) ;
#2781 = ORIENTED_EDGE ( 'NONE', *, *, #3237, .T. ) ;
#2782 = CARTESIAN_POINT ( 'NONE',  ( 68.77239498887762181, 14.39999999999990621, -0.4659962522082454761 ) ) ;
#2783 = ORIENTED_EDGE ( 'NONE', *, *, #3574, .F. ) ;
#2784 = FACE_OUTER_BOUND ( 'NONE', #2452, .T. ) ;
#2785 = DIRECTION ( 'NONE',  ( -2.668805347656625692E-16, 1.000000000000000000, 3.858032741160322701E-32 ) ) ;
#2786 = CARTESIAN_POINT ( 'NONE',  ( 69.95179117655244738, 15.39999999999990621, 2.242336479671199534 ) ) ;
#2787 = ORIENTED_EDGE ( 'NONE', *, *, #1534, .T. ) ;
#2788 = CARTESIAN_POINT ( 'NONE',  ( 69.08474674045440622, 15.39999999999990798, 1.464088104294040127 ) ) ;
#2789 = DIRECTION ( 'NONE',  ( 0.000000000000000000, 0.000000000000000000, 1.000000000000000000 ) ) ;
#2790 = EDGE_LOOP ( 'NONE', ( #1604, #6751, #822, #5115 ) ) ;
#2791 = EDGE_LOOP ( 'NONE', ( #2229, #5085, #6366, #5832, #5874, #5514, #1691, #6658, #839, #1939, #1145, #2691, #2893, #2712 ) ) ;
#2792 = CARTESIAN_POINT ( 'NONE',  ( 70.74019700625265727, 14.39999999999990621, 0.8492061656750224952 ) ) ;
#2793 = DIRECTION ( 'NONE',  ( 0.000000000000000000, -1.000000000000000000, 0.000000000000000000 ) ) ;
#2794 = DIRECTION ( 'NONE',  ( -1.000000000000000000, 1.734723475976793684E-15, 0.000000000000000000 ) ) ;
#2795 = CARTESIAN_POINT ( 'NONE',  ( 69.81890817928807280, 15.39999999999990621, 2.662073941391977616 ) ) ;
#2796 = CARTESIAN_POINT ( 'NONE',  ( 21.75622670975752726, 5.400000000004187228, 2.799999999999999378 ) ) ;
#2797 = EDGE_LOOP ( 'NONE', ( #4311, #4625, #2733, #2701 ) ) ;
#2798 = DIRECTION ( 'NONE',  ( 0.000000000000000000, -0.000000000000000000, -1.000000000000000000 ) ) ;
#2799 = CARTESIAN_POINT ( 'NONE',  ( 72.32852855257954161, 14.39999999999990266, -1.916849355454689485 ) ) ;
#2800 = CARTESIAN_POINT ( 'NONE',  ( 70.77066868641429664, 15.39999999999990798, 2.026953436367112893 ) ) ;
#2801 = CARTESIAN_POINT ( 'NONE',  ( 25.25622670975753081, 15.11132486540511621, 1.699999999999999512 ) ) ;
#2802 = ORIENTED_EDGE ( 'NONE', *, *, #5187, .F. ) ;
#2803 = AXIS2_PLACEMENT_3D ( 'NONE', #956, #4050, #3668 ) ;
#2804 = ORIENTED_EDGE ( 'NONE', *, *, #4591, .F. ) ;
#2805 = LINE ( 'NONE', #6594, #1597 ) ;
#2806 = DIRECTION ( 'NONE',  ( 0.000000000000000000, 0.000000000000000000, 1.000000000000000000 ) ) ;
#2807 = CARTESIAN_POINT ( 'NONE',  ( 72.83813020836271335, 15.39999999999990443, 1.779019038774442896 ) ) ;
#2808 = CARTESIAN_POINT ( 'NONE',  ( 71.20118482214212463, 14.39999999999990621, 2.704889508759304118 ) ) ;
#2809 = VECTOR ( 'NONE', #4063, 1000.000000000000000 ) ;
#2810 = AXIS2_PLACEMENT_3D ( 'NONE', #504, #5774, #3134 ) ;
#2811 = EDGE_CURVE ( 'NONE', #6288, #6208, #5369, .T. ) ;
#2812 = CARTESIAN_POINT ( 'NONE',  ( 72.32939803355394304, 15.39999999999990266, -2.116734641899079339 ) ) ;
#2813 = EDGE_LOOP ( 'NONE', ( #2866, #3677 ) ) ;
#2814 = CARTESIAN_POINT ( 'NONE',  ( 71.22217588831672686, 15.39999999999990266, 3.654426561011657082 ) ) ;
#2815 = VECTOR ( 'NONE', #5825, 1000.000000000000000 ) ;
#2816 = VECTOR ( 'NONE', #4561, 1000.000000000000000 ) ;
#2817 = ORIENTED_EDGE ( 'NONE', *, *, #2593, .T. ) ;
#2818 = DIRECTION ( 'NONE',  ( 0.000000000000000000, 0.000000000000000000, 1.000000000000000000 ) ) ;
#2819 = ADVANCED_FACE ( 'NONE', ( #4336 ), #6456, .F. ) ;
#2820 = TOROIDAL_SURFACE ( 'NONE', #6598, 20.08581589082205454, 0.4999999999999993339 ) ;
#2821 = CARTESIAN_POINT ( 'NONE',  ( 63.59999999999998721, 7.400000000004201439, 2.800000000000000266 ) ) ;
#2822 = VECTOR ( 'NONE', #872, 1000.000000000000000 ) ;
#2823 = EDGE_CURVE ( 'NONE', #6844, #6170, #9, .T. ) ;
#2824 = CARTESIAN_POINT ( 'NONE',  ( 74.93635983262763034, 14.39999999999989555, 3.611209660063890325 ) ) ;
#2825 = EDGE_LOOP ( 'NONE', ( #616, #3726 ) ) ;
#2826 = CARTESIAN_POINT ( 'NONE',  ( 70.32326434860318898, 15.39999999999990443, 0.7984067926635499690 ) ) ;
#2827 = CARTESIAN_POINT ( 'NONE',  ( 19.20141383244386901, -4.191111111111185394, 11.94739697547360002 ) ) ;
#2828 = ORIENTED_EDGE ( 'NONE', *, *, #1110, .T. ) ;
#2829 = VERTEX_POINT ( 'NONE', #2716 ) ;
#2830 = AXIS2_PLACEMENT_3D ( 'NONE', #2075, #1129, #4293 ) ;
#2831 = FACE_OUTER_BOUND ( 'NONE', #675, .T. ) ;
#2832 = LINE ( 'NONE', #2167, #4054 ) ;
#2833 = DIRECTION ( 'NONE',  ( 1.000000000000000000, 0.000000000000000000, 0.000000000000000000 ) ) ;
#2834 = CIRCLE ( 'NONE', #2601, 20.08581589082205454 ) ;
#2835 = DIRECTION ( 'NONE',  ( -3.469446951953614189E-16, 1.000000000000000000, 0.000000000000000000 ) ) ;
#2836 = DIRECTION ( 'NONE',  ( 1.000000000000000000, 3.469446951953614189E-16, -0.000000000000000000 ) ) ;
#2837 = VERTEX_POINT ( 'NONE', #1081 ) ;
#2838 = LINE ( 'NONE', #2966, #2939 ) ;
#2839 = CARTESIAN_POINT ( 'NONE',  ( 71.59999999999999432, 5.799999999999999822, 34.57994974842648617 ) ) ;
#2840 = AXIS2_PLACEMENT_3D ( 'NONE', #2895, #3979, #6616 ) ;
#2841 = FACE_BOUND ( 'NONE', #30, .T. ) ;
#2842 = CARTESIAN_POINT ( 'NONE',  ( 72.04485760191755617, 15.39999999999990798, -4.421369621794197791 ) ) ;
#2843 = AXIS2_PLACEMENT_3D ( 'NONE', #4324, #2243, #6442 ) ;
#2844 = ORIENTED_EDGE ( 'NONE', *, *, #2644, .F. ) ;
#2845 = VERTEX_POINT ( 'NONE', #85 ) ;
#2846 = CARTESIAN_POINT ( 'NONE',  ( 69.80640540196218069, 14.39999999999990976, -3.388733873839131050 ) ) ;
#2847 = CARTESIAN_POINT ( 'NONE',  ( 16.85941873256619061, -4.099999999998770406, -9.968158511392468668 ) ) ;
#2848 = CARTESIAN_POINT ( 'NONE',  ( 63.59999999999998721, 8.600000000000001421, 25.82005025157353018 ) ) ;
#2849 = B_SPLINE_SURFACE_WITH_KNOTS ( 'NONE', 3, 1, ( 
 ( #3287, #3774 ),
 ( #3211, #97 ),
 ( #5887, #4221 ),
 ( #2236, #1651 ),
 ( #615, #3142 ),
 ( #22, #5857 ),
 ( #2625, #3703 ),
 ( #129, #5296 ),
 ( #3808, #6476 ),
 ( #1125, #5326 ),
 ( #3244, #1726 ),
 ( #4288, #5924 ),
 ( #6861, #2732 ),
 ( #61, #2690 ),
 ( #2103, #4846 ),
 ( #544, #2765 ),
 ( #6335, #4775 ),
 ( #4352, #1019 ),
 ( #1618, #4319 ),
 ( #1166, #3848 ),
 ( #6437, #1578 ),
 ( #1683, #2658 ),
 ( #5402, #3181 ),
 ( #4880, #4810 ),
 ( #6406, #1060 ),
 ( #2133, #648 ),
 ( #4252, #5260 ) ),
 .UNSPECIFIED., .F., .F., .F.,
 ( 4, 1, 1, 1, 1, 1, 1, 1, 1, 1, 1, 1, 1, 1, 1, 1, 1, 1, 1, 1, 1, 1, 1, 1, 4 ),
 ( 2, 2 ),
 ( 0.000000000000000000, 0.06982616849899397904, 0.1345678064441837574, 0.1946546787308960080, 0.2497272936950489519, 0.3002886274677136758, 0.3460321053681092440, 0.3874375487314894451, 0.4243158513751290606, 0.4590730889188450181, 0.4932448260598500944, 0.5271141003553349025, 0.5610385684762978498, 0.5952220357179319743, 0.6298753074370245786, 0.6649863903354732431, 0.7012857943233484770, 0.7379678957382040938, 0.7742617770842652458, 0.8108508622066058491, 0.8472697177897871024, 0.8845086264750867677, 0.9223102820010343761, 0.9605040759056844291, 1.000000000000000000 ),
 ( 0.000000000000000000, 1.000000000000000000 ),
 .UNSPECIFIED. ) ;
#2850 = FACE_OUTER_BOUND ( 'NONE', #5270, .T. ) ;
#2851 = AXIS2_PLACEMENT_3D ( 'NONE', #5400, #3390, #754 ) ;
#2852 = CARTESIAN_POINT ( 'NONE',  ( 73.01977361456930282, 14.39999999999989555, 0.5648011629487635910 ) ) ;
#2853 = ORIENTED_EDGE ( 'NONE', *, *, #614, .T. ) ;
#2854 = CARTESIAN_POINT ( 'NONE',  ( 71.59999999999999432, 5.799999999999999822, 28.82005025157353018 ) ) ;
#2855 = ADVANCED_FACE ( 'NONE', ( #1605 ), #4152, .F. ) ;
#2856 = ORIENTED_EDGE ( 'NONE', *, *, #3664, .F. ) ;
#2857 = FACE_OUTER_BOUND ( 'NONE', #5633, .T. ) ;
#2858 = B_SPLINE_CURVE_WITH_KNOTS ( 'NONE', 3,
 ( #1320, #801, #3509, #2497, #5068, #6214, #6736, #1977, #6663, #3575, #867, #5098, #5697, #3060, #5595, #4573, #2458, #5172, #6701 ),
 .UNSPECIFIED., .F., .F.,
 ( 4, 1, 1, 1, 1, 1, 1, 1, 1, 1, 1, 1, 1, 1, 1, 1, 4 ),
 ( 0.000000000000000000, 0.06619453496946087201, 0.1293623663900010934, 0.1907947674848295416, 0.2505245028235288385, 0.3087824708552860953, 0.3666451887979786939, 0.4237216304415284962, 0.4819105218696337345, 0.5400444998771947169, 0.5990830269688280918, 0.6596564083095186604, 0.7216885753940271986, 0.7868329515474196123, 0.8540489251572878082, 0.9253021916126010771, 0.9999999999999998890 ),
 .UNSPECIFIED. ) ;
#2859 = CARTESIAN_POINT ( 'NONE',  ( 72.24960494454388993, 14.39999999999990621, 3.249795472403496088 ) ) ;
#2860 = CARTESIAN_POINT ( 'NONE',  ( 70.45558069613178986, 15.39999999999990443, 1.985319194492430661 ) ) ;
#2861 = ORIENTED_EDGE ( 'NONE', *, *, #1270, .T. ) ;
#2862 = CARTESIAN_POINT ( 'NONE',  ( 69.19026535641157238, 15.39999999999990443, 1.326791718972056833 ) ) ;
#2863 = DIRECTION ( 'NONE',  ( 0.000000000000000000, 0.000000000000000000, 1.000000000000000000 ) ) ;
#2864 = ORIENTED_EDGE ( 'NONE', *, *, #774, .F. ) ;
#2865 = ADVANCED_FACE ( 'NONE', ( #5556 ), #2887, .T. ) ;
#2866 = ORIENTED_EDGE ( 'NONE', *, *, #2339, .F. ) ;
#2867 = EDGE_CURVE ( 'NONE', #3394, #496, #1779, .T. ) ;
#2868 = CYLINDRICAL_SURFACE ( 'NONE', #6584, 1.700000000000000178 ) ;
#2869 = EDGE_CURVE ( 'NONE', #2665, #4473, #172, .T. ) ;
#2870 = CARTESIAN_POINT ( 'NONE',  ( 73.96859638087180144, 15.39999999999989733, 0.7527603125132253936 ) ) ;
#2871 = CYLINDRICAL_SURFACE ( 'NONE', #6391, 4.650000000000001243 ) ;
#2872 = DIRECTION ( 'NONE',  ( -1.277847652571760089E-16, 1.000000000000000000, -2.168404344971008868E-16 ) ) ;
#2873 = CARTESIAN_POINT ( 'NONE',  ( 58.88432149222749246, 22.20176936383794342, 5.253808787475795050 ) ) ;
#2874 = ORIENTED_EDGE ( 'NONE', *, *, #4468, .F. ) ;
#2875 = ADVANCED_FACE ( 'NONE', ( #1847 ), #2298, .F. ) ;
#2876 = CARTESIAN_POINT ( 'NONE',  ( 73.90903235866930743, 14.39999999999989910, 3.302517510436987713 ) ) ;
#2877 = CARTESIAN_POINT ( 'NONE',  ( 59.43123008762924542, 26.05956960813688639, 1.557019482701733404 ) ) ;
#2878 = CARTESIAN_POINT ( 'NONE',  ( 71.81766428292904436, 15.39999999999991154, -4.840023880084030061 ) ) ;
#2879 = ORIENTED_EDGE ( 'NONE', *, *, #2208, .T. ) ;
#2880 = EDGE_LOOP ( 'NONE', ( #6705, #4528, #3889 ) ) ;
#2881 = CARTESIAN_POINT ( 'NONE',  ( 69.79958091509200813, 14.39999999999991331, -2.721096015516010880 ) ) ;
#2882 = CARTESIAN_POINT ( 'NONE',  ( 71.66051874078694084, 15.39999999999990088, 1.633110365254696328 ) ) ;
#2883 = DIRECTION ( 'NONE',  ( 0.000000000000000000, 0.000000000000000000, -1.000000000000000000 ) ) ;
#2884 = ORIENTED_EDGE ( 'NONE', *, *, #1585, .F. ) ;
#2885 = CARTESIAN_POINT ( 'NONE',  ( -19.59591794226541595, -4.000000000000067502, 0.000000000000000000 ) ) ;
#2886 = VERTEX_POINT ( 'NONE', #1220 ) ;
#2887 = PLANE ( 'NONE',  #1830 ) ;
#2888 = CARTESIAN_POINT ( 'NONE',  ( 72.38490603527351652, 14.39999999999990266, 2.172600754642243004 ) ) ;
#2889 = CARTESIAN_POINT ( 'NONE',  ( 74.91017365288213625, 14.39999999999989200, 2.336036318158497771 ) ) ;
#2890 = CARTESIAN_POINT ( 'NONE',  ( 68.81847770187910385, 15.39999999999990443, 2.214946619295559138 ) ) ;
#2891 = CARTESIAN_POINT ( 'NONE',  ( 70.77066868641429664, 15.39999999999990798, 2.026953436367112893 ) ) ;
#2892 = ORIENTED_EDGE ( 'NONE', *, *, #6517, .T. ) ;
#2893 = ORIENTED_EDGE ( 'NONE', *, *, #1206, .F. ) ;
#2894 = CARTESIAN_POINT ( 'NONE',  ( 73.90903235866929322, 14.39999999999989910, 3.302517510436987269 ) ) ;
#2895 = CARTESIAN_POINT ( 'NONE',  ( 71.59999999999999432, 5.799999999999999822, 31.00000000000001066 ) ) ;
#2896 = ADVANCED_FACE ( 'NONE', ( #2857 ), #3969, .F. ) ;
#2897 = B_SPLINE_CURVE_WITH_KNOTS ( 'NONE', 3,
 ( #2808, #3463, #183, #6006, #5585, #1247, #2451, #342, #4563, #1412, #6690 ),
 .UNSPECIFIED., .F., .F.,
 ( 4, 1, 1, 1, 1, 1, 1, 1, 4 ),
 ( 0.000000000000000000, 0.1452830265990393832, 0.2792250644097060697, 0.4032107589344568477, 0.5232110614669441828, 0.6387809239290115348, 0.7533733773924431443, 0.8720137424743421573, 1.000000000000000000 ),
 .UNSPECIFIED. ) ;
#2898 = COORDINATED_UNIVERSAL_TIME_OFFSET ( 1, 0, .AHEAD. ) ;
#2899 = CARTESIAN_POINT ( 'NONE',  ( 71.88080100972238995, 15.39999999999990443, 1.176325334440235348 ) ) ;
#2900 = EDGE_CURVE ( 'NONE', #568, #5768, #4481, .T. ) ;
#2901 = LINE ( 'NONE', #6066, #3025 ) ;
#2902 = ORIENTED_EDGE ( 'NONE', *, *, #2984, .T. ) ;
#2903 = FACE_BOUND ( 'NONE', #642, .T. ) ;
#2904 = LINE ( 'NONE', #3985, #1838 ) ;
#2905 = ADVANCED_FACE ( 'NONE', ( #5593 ), #2427, .T. ) ;
#2906 = DIRECTION ( 'NONE',  ( 0.000000000000000000, -1.000000000000000000, -2.668805347656630130E-16 ) ) ;
#2907 = EDGE_CURVE ( 'NONE', #6170, #2194, #3867, .T. ) ;
#2908 = VERTEX_POINT ( 'NONE', #5529 ) ;
#2909 = ORIENTED_EDGE ( 'NONE', *, *, #662, .T. ) ;
#2910 = CARTESIAN_POINT ( 'NONE',  ( 71.28972884271598787, 15.39999999999990976, 1.140590536594604743 ) ) ;
#2911 = VECTOR ( 'NONE', #1946, 1000.000000000000000 ) ;
#2912 = CARTESIAN_POINT ( 'NONE',  ( 60.09999999999990195, 15.11132486540512154, -1.699999999999999512 ) ) ;
#2913 = B_SPLINE_CURVE_WITH_KNOTS ( 'NONE', 3,
 ( #5160, #4531, #4019, #2486, #6755, #858, #2979, #341, #6173, #3530, #4636, #2549, #1477, #6728, #1969, #824, #4664, #6656, #6787 ),
 .UNSPECIFIED., .F., .F.,
 ( 4, 1, 1, 1, 1, 1, 1, 1, 1, 1, 1, 1, 1, 1, 1, 1, 4 ),
 ( 0.000000000000000000, 0.06619453496946087201, 0.1293623663900010934, 0.1907947674848295416, 0.2505245028235288385, 0.3087824708552860953, 0.3666451887979786939, 0.4237216304415284962, 0.4819105218696337345, 0.5400444998771947169, 0.5990830269688280918, 0.6596564083095186604, 0.7216885753940271986, 0.7868329515474196123, 0.8540489251572878082, 0.9253021916126010771, 0.9999999999999998890 ),
 .UNSPECIFIED. ) ;
#2914 = DIRECTION ( 'NONE',  ( -0.7071067811865503483, 0.000000000000000000, 0.7071067811865446862 ) ) ;
#2915 = VECTOR ( 'NONE', #3318, 1000.000000000000000 ) ;
#2916 = VERTEX_POINT ( 'NONE', #1253 ) ;
#2917 = CARTESIAN_POINT ( 'NONE',  ( 74.93569099749858253, 15.39999999999989555, 3.516953865608950291 ) ) ;
#2918 = ORIENTED_EDGE ( 'NONE', *, *, #4672, .F. ) ;
#2919 = CARTESIAN_POINT ( 'NONE',  ( 79.59999999999999432, -4.600000000000048495, 37.97994974842648475 ) ) ;
#2920 = VECTOR ( 'NONE', #1839, 1000.000000000000000 ) ;
#2921 = VECTOR ( 'NONE', #2936, 1000.000000000000000 ) ;
#2922 = EDGE_CURVE ( 'NONE', #2321, #4374, #2363, .T. ) ;
#2923 = VECTOR ( 'NONE', #4917, 1000.000000000000000 ) ;
#2924 = DIRECTION ( 'NONE',  ( 0.000000000000000000, 0.000000000000000000, 1.000000000000000000 ) ) ;
#2925 = VECTOR ( 'NONE', #3214, 1000.000000000000000 ) ;
#2926 = CARTESIAN_POINT ( 'NONE',  ( 69.52010804873042105, 15.39999999999990621, -5.180832162094897164 ) ) ;
#2927 = CARTESIAN_POINT ( 'NONE',  ( 46.50000000000000000, 5.800000000000006040, -9.000000000000005329 ) ) ;
#2928 = ORIENTED_EDGE ( 'NONE', *, *, #6514, .T. ) ;
#2929 = EDGE_LOOP ( 'NONE', ( #4477, #709, #1401, #5175 ) ) ;
#2930 = DIRECTION ( 'NONE',  ( -0.000000000000000000, 8.891446652644184211E-17, -1.000000000000000000 ) ) ;
#2931 = AXIS2_PLACEMENT_3D ( 'NONE', #3563, #1936, #961 ) ;
#2932 = VECTOR ( 'NONE', #4848, 1000.000000000000000 ) ;
#2933 = CARTESIAN_POINT ( 'NONE',  ( 71.06238267530871155, 14.39999999999990266, -4.058945736531841320 ) ) ;
#2934 = APPROVAL_DATE_TIME ( #808, #2261 ) ;
#2935 = CARTESIAN_POINT ( 'NONE',  ( 68.79496415350560312, 14.39999999999990621, 2.442981939951219150 ) ) ;
#2936 = DIRECTION ( 'NONE',  ( -4.003208021484938538E-16, 1.000000000000000000, 5.787049111740484599E-32 ) ) ;
#2937 = VECTOR ( 'NONE', #1390, 1000.000000000000000 ) ;
#2938 = VERTEX_POINT ( 'NONE', #5034 ) ;
#2939 = VECTOR ( 'NONE', #3320, 1000.000000000000000 ) ;
#2940 = EDGE_CURVE ( 'NONE', #3203, #4898, #3661, .T. ) ;
#2941 = CARTESIAN_POINT ( 'NONE',  ( 69.81186538764903560, 14.39999999999990266, 2.792557347277041302 ) ) ;
#2942 = B_SPLINE_CURVE_WITH_KNOTS ( 'NONE', 3,
 ( #5278, #5765, #1524, #4201, #1001, #5449, #5614, #6528, #4828, #4931, #185, #4863, #1700, #2253, #5975, #4303, #2852, #4015, #6131 ),
 .UNSPECIFIED., .F., .F.,
 ( 4, 1, 1, 1, 1, 1, 1, 1, 1, 1, 1, 1, 1, 1, 1, 1, 4 ),
 ( 0.000000000000000000, 0.06704074835227996632, 0.1325568062303837391, 0.1957802642803828097, 0.2582166453742120726, 0.3188681249130449480, 0.3794776946887727376, 0.4400872644644993614, 0.5007387440033284065, 0.5617853304390150182, 0.6219189650290886107, 0.6826734838939167993, 0.7435758163726673420, 0.8054461261157288554, 0.8689749164301614481, 0.9336774142995820647, 1.000000000000000000 ),
 .UNSPECIFIED. ) ;
#2943 = VECTOR ( 'NONE', #634, 1000.000000000000000 ) ;
#2944 = LINE ( 'NONE', #1369, #289 ) ;
#2945 = CARTESIAN_POINT ( 'NONE',  ( 70.93640726359403459, 14.39999999999990266, 0.9202393980008157781 ) ) ;
#2946 = ORIENTED_EDGE ( 'NONE', *, *, #1489, .T. ) ;
#2947 = ORIENTED_EDGE ( 'NONE', *, *, #6847, .T. ) ;
#2948 = CARTESIAN_POINT ( 'NONE',  ( 70.13089027347707827, 15.39999999999990621, 2.074088630199587335 ) ) ;
#2949 = CIRCLE ( 'NONE', #4713, 22.12329089443976216 ) ;
#2950 = EDGE_CURVE ( 'NONE', #6774, #1684, #6566, .T. ) ;
#2951 = CARTESIAN_POINT ( 'NONE',  ( 35.90000000000005542, 15.39999999999992752, -12.00000000000000533 ) ) ;
#2952 = CARTESIAN_POINT ( 'NONE',  ( 71.30120107862120449, 15.39999999999990266, -1.651374106775552963 ) ) ;
#2953 = ADVANCED_FACE ( 'NONE', ( #3995 ), #1346, .F. ) ;
#2954 = ADVANCED_FACE ( 'NONE', ( #2959 ), #5067, .T. ) ;
#2955 = ORIENTED_EDGE ( 'NONE', *, *, #3631, .F. ) ;
#2956 = CARTESIAN_POINT ( 'NONE',  ( 16.85941873256619061, -4.416505017336839423, 10.17467409387911026 ) ) ;
#2957 = ORIENTED_EDGE ( 'NONE', *, *, #103, .T. ) ;
#2958 = EDGE_CURVE ( 'NONE', #5363, #5427, #4682, .T. ) ;
#2959 = FACE_OUTER_BOUND ( 'NONE', #1658, .T. ) ;
#2960 = VECTOR ( 'NONE', #3806, 1000.000000000000000 ) ;
#2961 = CARTESIAN_POINT ( 'NONE',  ( 72.67597759420021930, 14.39999999999989910, -4.498539521323912993 ) ) ;
#2962 = CARTESIAN_POINT ( 'NONE',  ( 71.88080100972238995, 14.39999999999990621, 1.176325334440235348 ) ) ;
#2963 = CARTESIAN_POINT ( 'NONE',  ( 71.17774131699867723, 15.39999999999990798, 2.548888337255527770 ) ) ;
#2964 = ORIENTED_EDGE ( 'NONE', *, *, #4048, .T. ) ;
#2965 = ORIENTED_EDGE ( 'NONE', *, *, #5187, .T. ) ;
#2966 = CARTESIAN_POINT ( 'NONE',  ( 71.30120107862120449, 14.39999999999990266, -1.651374106775552963 ) ) ;
#2967 = FACE_OUTER_BOUND ( 'NONE', #3743, .T. ) ;
#2968 = DATE_AND_TIME ( #236, #4724 ) ;
#2969 = FACE_OUTER_BOUND ( 'NONE', #1619, .T. ) ;
#2970 = LINE ( 'NONE', #876, #4571 ) ;
#2971 = VERTEX_POINT ( 'NONE', #5127 ) ;
#2972 = LINE ( 'NONE', #2477, #5478 ) ;
#2973 = LINE ( 'NONE', #2877, #1163 ) ;
#2974 = DIRECTION ( 'NONE',  ( 0.7071067811865503483, -0.000000000000000000, -0.7071067811865446862 ) ) ;
#2975 = PLANE ( 'NONE',  #6024 ) ;
#2976 = ORIENTED_EDGE ( 'NONE', *, *, #6081, .F. ) ;
#2977 = EDGE_LOOP ( 'NONE', ( #2750, #5526, #2190, #6114, #5116 ) ) ;
#2978 = CARTESIAN_POINT ( 'NONE',  ( 69.88797385255772099, 15.39999999999989910, 2.357322699050428128 ) ) ;
#2979 = CARTESIAN_POINT ( 'NONE',  ( 71.24364299522646604, 14.39999999999990621, -5.294524143065247657 ) ) ;
#2980 = CARTESIAN_POINT ( 'NONE',  ( 73.84159378609817281, 14.39999999999989910, 2.266519097188655962 ) ) ;
#2981 = ADVANCED_FACE ( 'NONE', ( #4676 ), #6283, .F. ) ;
#2982 = VERTEX_POINT ( 'NONE', #6182 ) ;
#2983 = EDGE_CURVE ( 'NONE', #3199, #6027, #4355, .T. ) ;
#2984 = EDGE_CURVE ( 'NONE', #5204, #5875, #3698, .T. ) ;
#2985 = ORIENTED_EDGE ( 'NONE', *, *, #1586, .F. ) ;
#2986 = CARTESIAN_POINT ( 'NONE',  ( 72.32852855257955582, 14.39999999999990266, -1.916849355454689707 ) ) ;
#2987 = DIRECTION ( 'NONE',  ( 7.523163845262640051E-32, -2.168404344971008868E-16, -1.000000000000000000 ) ) ;
#2988 = DIRECTION ( 'NONE',  ( 0.000000000000000000, 0.000000000000000000, 1.000000000000000000 ) ) ;
#2989 = DIRECTION ( 'NONE',  ( 0.000000000000000000, 0.000000000000000000, 1.000000000000000000 ) ) ;
#2990 = CARTESIAN_POINT ( 'NONE',  ( 73.01977361456930282, 15.39999999999989377, 0.5648011629487635910 ) ) ;
#2991 = CARTESIAN_POINT ( 'NONE',  ( 16.85941873256619061, -4.032188171408666477, -9.976666754401220416 ) ) ;
#2992 = ORIENTED_EDGE ( 'NONE', *, *, #3192, .F. ) ;
#2993 = VERTEX_POINT ( 'NONE', #3058 ) ;
#2994 = PLANE ( 'NONE',  #1274 ) ;
#2995 = DIRECTION ( 'NONE',  ( -4.003208021484938538E-16, 1.000000000000000000, 5.787049111740484599E-32 ) ) ;
#2996 = CARTESIAN_POINT ( 'NONE',  ( 73.71640845730209435, 15.39999999999989733, -5.171699381120754779 ) ) ;
#2997 =( NAMED_UNIT ( * ) SI_UNIT ( $, .STERADIAN. ) SOLID_ANGLE_UNIT ( ) );
#2998 = CARTESIAN_POINT ( 'NONE',  ( 70.25804461111586363, 14.39999999999990621, 0.8007097694439296864 ) ) ;
#2999 = DIRECTION ( 'NONE',  ( -0.000000000000000000, 8.891446652644184211E-17, -1.000000000000000000 ) ) ;
#3000 = CARTESIAN_POINT ( 'NONE',  ( 12.21042144952877351, 15.33244116322861927, 12.00000000000000533 ) ) ;
#3001 = ORIENTED_EDGE ( 'NONE', *, *, #1620, .T. ) ;
#3002 = LINE ( 'NONE', #5322, #3934 ) ;
#3003 = EDGE_CURVE ( 'NONE', #657, #4553, #2045, .T. ) ;
#3004 = CARTESIAN_POINT ( 'NONE',  ( 71.20713825276173736, 14.39999999999990266, 2.766116000934047303 ) ) ;
#3005 = PLANE ( 'NONE',  #1510 ) ;
#3006 = CARTESIAN_POINT ( 'NONE',  ( 41.14480869475966784, 8.399999999999934630, -8.000000000000003553 ) ) ;
#3007 = VERTEX_POINT ( 'NONE', #6798 ) ;
#3008 = ORIENTED_EDGE ( 'NONE', *, *, #1994, .T. ) ;
#3009 = CARTESIAN_POINT ( 'NONE',  ( 69.95179117655244738, 15.39999999999990266, 2.242336479671199534 ) ) ;
#3010 = CARTESIAN_POINT ( 'NONE',  ( 69.80109043403057001, 14.39999999999989910, -3.005501558175530441 ) ) ;
#3011 = B_SPLINE_SURFACE_WITH_KNOTS ( 'NONE', 3, 1, ( 
 ( #1164, #6333 ),
 ( #512, #1091 ),
 ( #3141, #4287 ),
 ( #2688, #3210 ),
 ( #6825, #96 ),
 ( #4318, #3284 ),
 ( #1122, #5325 ),
 ( #2731, #6860 ),
 ( #5401, #5360 ),
 ( #5295, #6436 ),
 ( #2131, #3180 ),
 ( #4807, #1681 ),
 ( #3807, #2169 ),
 ( #2624, #6405 ),
 ( #5923, #2102 ),
 ( #2068, #6303 ),
 ( #1577, #1543 ),
 ( #5783, #3702 ),
 ( #1059, #2657 ) ),
 .UNSPECIFIED., .F., .F., .F.,
 ( 4, 1, 1, 1, 1, 1, 1, 1, 1, 1, 1, 1, 1, 1, 1, 1, 4 ),
 ( 2, 2 ),
 ( 0.000000000000000000, 0.09159573936240540670, 0.1748750975798219476, 0.2498434678333349979, 0.3157424907664977964, 0.3741142784555299139, 0.4237869212533013630, 0.4648589671458622230, 0.4980960557404017219, 0.5541854309969724834, 0.6070974179751682520, 0.6579961439013403135, 0.7068016846165061651, 0.7608718645838613570, 0.8276373508723292582, 0.9070950942154469843, 1.000000000000000000 ),
 ( 0.000000000000000000, 1.000000000000000000 ),
 .UNSPECIFIED. ) ;
#3012 = LINE ( 'NONE', #887, #819 ) ;
#3013 = CARTESIAN_POINT ( 'NONE',  ( 71.21004698094535001, 14.39999999999990266, 2.839476155936979218 ) ) ;
#3014 = VERTEX_POINT ( 'NONE', #894 ) ;
#3015 = VECTOR ( 'NONE', #4879, 1000.000000000000000 ) ;
#3016 = VERTEX_POINT ( 'NONE', #5202 ) ;
#3017 = DIRECTION ( 'NONE',  ( 0.000000000000000000, 0.000000000000000000, 1.000000000000000000 ) ) ;
#3018 = ORIENTED_EDGE ( 'NONE', *, *, #570, .F. ) ;
#3019 = FACE_BOUND ( 'NONE', #3787, .T. ) ;
#3020 = ADVANCED_FACE ( 'NONE', ( #1903 ), #5169, .T. ) ;
#3021 = CARTESIAN_POINT ( 'NONE',  ( 21.75622670975752726, 10.39999999999992752, -8.711324865405195794 ) ) ;
#3022 = CARTESIAN_POINT ( 'NONE',  ( 71.66051874078694084, 15.39999999999989910, 1.633110365254696328 ) ) ;
#3023 = CARTESIAN_POINT ( 'NONE',  ( 70.14864736471795936, 14.39999999999990976, -4.165660722213072376 ) ) ;
#3024 = ORIENTED_EDGE ( 'NONE', *, *, #2395, .T. ) ;
#3025 = VECTOR ( 'NONE', #4522, 1000.000000000000000 ) ;
#3026 = ORIENTED_EDGE ( 'NONE', *, *, #4548, .F. ) ;
#3027 = DIRECTION ( 'NONE',  ( -0.000000000000000000, 1.000000000000000000, -0.000000000000000000 ) ) ;
#3028 = EDGE_CURVE ( 'NONE', #177, #5729, #370, .T. ) ;
#3029 = DIRECTION ( 'NONE',  ( -1.000000000000000000, 1.734723475976793684E-15, 0.000000000000000000 ) ) ;
#3030 = ADVANCED_FACE ( 'NONE', ( #1523 ), #5234, .F. ) ;
#3031 = CIRCLE ( 'NONE', #5346, 20.00000000000000355 ) ;
#3032 = CARTESIAN_POINT ( 'NONE',  ( 0.000000000000000000, 14.53658536585358441, 0.000000000000000000 ) ) ;
#3033 = CIRCLE ( 'NONE', #1474, 3.999999999999996447 ) ;
#3034 = DIRECTION ( 'NONE',  ( -1.734723475976793684E-15, -1.000000000000000000, 0.000000000000000000 ) ) ;
#3035 = LINE ( 'NONE', #3519, #1590 ) ;
#3036 = CARTESIAN_POINT ( 'NONE',  ( 42.64480869475966784, 8.399999999999936406, -8.000000000000003553 ) ) ;
#3037 = ORIENTED_EDGE ( 'NONE', *, *, #5180, .F. ) ;
#3038 = CIRCLE ( 'NONE', #6691, 0.5000000000000004441 ) ;
#3039 = AXIS2_PLACEMENT_3D ( 'NONE', #5328, #2106, #4192 ) ;
#3040 = LINE ( 'NONE', #1960, #2475 ) ;
#3041 = DIRECTION ( 'NONE',  ( -4.003208021484938538E-16, 1.000000000000000000, 5.787049111740484599E-32 ) ) ;
#3042 = CARTESIAN_POINT ( 'NONE',  ( 79.59999999999999432, 8.599999999999999645, 25.82005025157353018 ) ) ;
#3043 = AXIS2_PLACEMENT_3D ( 'NONE', #2487, #4604, #2522 ) ;
#3044 = VECTOR ( 'NONE', #4206, 1000.000000000000000 ) ;
#3045 = CARTESIAN_POINT ( 'NONE',  ( 71.59999999999999432, 5.799999999999999822, 37.97994974842648475 ) ) ;
#3046 = ORIENTED_EDGE ( 'NONE', *, *, #1538, .T. ) ;
#3047 = ORIENTED_EDGE ( 'NONE', *, *, #70, .F. ) ;
#3048 = CARTESIAN_POINT ( 'NONE',  ( 57.09999999999994458, 7.400000000018280844, -9.000000000000005329 ) ) ;
#3049 = CARTESIAN_POINT ( 'NONE',  ( 0.000000000000000000, 10.39999999999992752, 0.000000000000000000 ) ) ;
#3050 = AXIS2_PLACEMENT_3D ( 'NONE', #2927, #5040, #2406 ) ;
#3051 = PLANE ( 'NONE',  #2931 ) ;
#3052 = CARTESIAN_POINT ( 'NONE',  ( 72.24950336227506398, 15.39999999999990266, 3.456863585250439019 ) ) ;
#3053 = VECTOR ( 'NONE', #291, 1000.000000000000000 ) ;
#3054 = ORIENTED_EDGE ( 'NONE', *, *, #1963, .F. ) ;
#3055 = VERTEX_POINT ( 'NONE', #4611 ) ;
#3056 = CARTESIAN_POINT ( 'NONE',  ( 73.22244110540395923, 14.39999999999990266, -3.428433946503629759 ) ) ;
#3057 = DIRECTION ( 'NONE',  ( -2.668805347656625692E-16, 1.000000000000000000, 0.000000000000000000 ) ) ;
#3058 = CARTESIAN_POINT ( 'NONE',  ( 70.50107102678829563, 14.39999999999990266, 1.983784647230858011 ) ) ;
#3059 = VECTOR ( 'NONE', #1566, 1000.000000000000000 ) ;
#3060 = CARTESIAN_POINT ( 'NONE',  ( 71.98000798276602552, 15.39999999999990088, -4.572777360401270919 ) ) ;
#3061 = CARTESIAN_POINT ( 'NONE',  ( 72.76895786629640384, 14.39999999999989910, 0.5995778330943204448 ) ) ;
#3062 = CIRCLE ( 'NONE', #5162, 3.999999999999996447 ) ;
#3063 = CARTESIAN_POINT ( 'NONE',  ( 16.85941873256619061, -4.015873545473906958, -9.981635740113210531 ) ) ;
#3064 = ORIENTED_EDGE ( 'NONE', *, *, #4000, .F. ) ;
#3065 = VERTEX_POINT ( 'NONE', #6699 ) ;
#3066 = LINE ( 'NONE', #1496, #2265 ) ;
#3067 = DIRECTION ( 'NONE',  ( 0.7071067811865490160, 1.226634733346700888E-15, -0.7071067811865460184 ) ) ;
#3068 = CARTESIAN_POINT ( 'NONE',  ( 60.09999999999990195, 15.11132486540512154, 1.699999999999999512 ) ) ;
#3069 = DIRECTION ( 'NONE',  ( -1.000000000000000000, 0.000000000000000000, 0.000000000000000000 ) ) ;
#3070 = EDGE_CURVE ( 'NONE', #3599, #3566, #1488, .T. ) ;
#3071 = B_SPLINE_CURVE_WITH_KNOTS ( 'NONE', 3,
 ( #6402, #1572, #982, #1088, #6301, #3207, #6329, #6821, #6857, #2065, #4802 ),
 .UNSPECIFIED., .F., .F.,
 ( 4, 1, 1, 1, 1, 1, 1, 1, 4 ),
 ( 0.000000000000000000, 0.1910599019879676286, 0.3639285089577420362, 0.5173018286577485414, 0.6524984524400117003, 0.7682398733008543035, 0.8644986929248318352, 0.9412816669096707445, 1.000000000000000000 ),
 .UNSPECIFIED. ) ;
#3072 = CARTESIAN_POINT ( 'NONE',  ( 63.59999999999998721, 16.20000000000005613, 27.02005025157353657 ) ) ;
#3073 = LINE ( 'NONE', #2094, #3387 ) ;
#3074 = EDGE_LOOP ( 'NONE', ( #1482, #6328, #5580, #6438, #890 ) ) ;
#3075 = EDGE_CURVE ( 'NONE', #6725, #4361, #3507, .T. ) ;
#3076 = ADVANCED_FACE ( 'NONE', ( #3612 ), #1000, .F. ) ;
#3077 = CARTESIAN_POINT ( 'NONE',  ( 42.64480869475966784, 8.399999999999936406, 8.000000000000003553 ) ) ;
#3078 = FACE_OUTER_BOUND ( 'NONE', #4428, .T. ) ;
#3079 = ADVANCED_FACE ( 'NONE', ( #3019, #1976 ), #2600, .T. ) ;
#3080 = LINE ( 'NONE', #5155, #2365 ) ;
#3081 = ORIENTED_EDGE ( 'NONE', *, *, #4768, .F. ) ;
#3082 = VERTEX_POINT ( 'NONE', #2457 ) ;
#3083 = CARTESIAN_POINT ( 'NONE',  ( 69.80109043403057001, 15.39999999999989910, -3.005501558175530441 ) ) ;
#3084 = CARTESIAN_POINT ( 'NONE',  ( 69.79958091509200813, 14.39999999999991331, -2.721096015516010880 ) ) ;
#3085 = CARTESIAN_POINT ( 'NONE',  ( 73.87075453211555498, 14.39999999999989910, 2.404840739321953524 ) ) ;
#3086 = LINE ( 'NONE', #1066, #2173 ) ;
#3087 = ORIENTED_EDGE ( 'NONE', *, *, #3193, .F. ) ;
#3088 = EDGE_LOOP ( 'NONE', ( #1194, #1836, #2679, #4707 ) ) ;
#3089 = FACE_OUTER_BOUND ( 'NONE', #6631, .T. ) ;
#3090 = CARTESIAN_POINT ( 'NONE',  ( 22.25622670975753437, 15.39999999999992220, -7.000000000000000000 ) ) ;
#3091 = CARTESIAN_POINT ( 'NONE',  ( -1.804112415015859499E-14, 10.39999999999989377, -1.025519176787304872E-30 ) ) ;
#3092 = DIRECTION ( 'NONE',  ( 0.000000000000000000, 0.000000000000000000, 1.000000000000000000 ) ) ;
#3093 = ORIENTED_EDGE ( 'NONE', *, *, #6489, .T. ) ;
#3094 = LINE ( 'NONE', #937, #5938 ) ;
#3095 = ORIENTED_EDGE ( 'NONE', *, *, #6121, .F. ) ;
#3096 = ORIENTED_EDGE ( 'NONE', *, *, #4538, .T. ) ;
#3097 = CARTESIAN_POINT ( 'NONE',  ( 62.09999999999998010, 15.39999999999993463, 7.999999999999994671 ) ) ;
#3098 = CARTESIAN_POINT ( 'NONE',  ( 60.09999999999990195, 15.39999999999998792, 1.929016370580189267E-31 ) ) ;
#3099 = LINE ( 'NONE', #5772, #1615 ) ;
#3100 = CARTESIAN_POINT ( 'NONE',  ( 69.84412518304576167, 14.39999999999990621, 2.492933252868077876 ) ) ;
#3101 = DIRECTION ( 'NONE',  ( 1.734723475976793684E-15, 1.000000000000000000, -0.000000000000000000 ) ) ;
#3102 = DIRECTION ( 'NONE',  ( 0.000000000000000000, 0.000000000000000000, 1.000000000000000000 ) ) ;
#3103 = ORIENTED_EDGE ( 'NONE', *, *, #5619, .F. ) ;
#3104 = DIRECTION ( 'NONE',  ( -4.003208021484938538E-16, 1.000000000000000000, 5.787049111740484599E-32 ) ) ;
#3105 = EDGE_CURVE ( 'NONE', #698, #453, #6132, .T. ) ;
#3106 = CARTESIAN_POINT ( 'NONE',  ( 22.25622670975753437, 14.89999999999991687, -7.000000000000000000 ) ) ;
#3107 = CARTESIAN_POINT ( 'NONE',  ( 46.50000000000000000, 5.800000000000006040, 9.000000000000005329 ) ) ;
#3108 = CARTESIAN_POINT ( 'NONE',  ( 72.24950336227506398, 14.39999999999990266, 3.456863585250439019 ) ) ;
#3109 = ORIENTED_EDGE ( 'NONE', *, *, #4938, .F. ) ;
#3110 = EDGE_LOOP ( 'NONE', ( #3444, #6306, #4758, #2054 ) ) ;
#3111 = LINE ( 'NONE', #5889, #46 ) ;
#3112 = CARTESIAN_POINT ( 'NONE',  ( 72.67597759420021930, 15.39999999999989910, -4.498539521323912993 ) ) ;
#3113 = DIRECTION ( 'NONE',  ( -0.000000000000000000, 1.000000000000000000, -0.000000000000000000 ) ) ;
#3114 = EDGE_CURVE ( 'NONE', #2908, #5262, #3578, .T. ) ;
#3115 = ADVANCED_FACE ( 'NONE', ( #3571 ), #866, .T. ) ;
#3116 = EDGE_CURVE ( 'NONE', #3968, #1424, #2081, .T. ) ;
#3117 = CARTESIAN_POINT ( 'NONE',  ( 70.95948436834386541, 15.39999999999990798, -5.392800017387217260 ) ) ;
#3118 = ORIENTED_EDGE ( 'NONE', *, *, #5469, .T. ) ;
#3119 = ORIENTED_EDGE ( 'NONE', *, *, #6667, .T. ) ;
#3120 = CARTESIAN_POINT ( 'NONE',  ( 35.90000000000005542, 15.39999999999992752, -9.000000000000005329 ) ) ;
#3121 = FACE_BOUND ( 'NONE', #5642, .T. ) ;
#3122 = DIRECTION ( 'NONE',  ( -1.000000000000000000, -1.734723475976805517E-15, 0.000000000000000000 ) ) ;
#3123 = AXIS2_PLACEMENT_3D ( 'NONE', #5691, #2987, #3994 ) ;
#3124 = CARTESIAN_POINT ( 'NONE',  ( 70.39521854787932398, 15.39999999999989555, -4.253107866730692521 ) ) ;
#3125 = B_SPLINE_CURVE_WITH_KNOTS ( 'NONE', 3,
 ( #4227, #5228, #5758, #6343, #4780, #2038, #1097, #1588, #478, #1519, #3186 ),
 .UNSPECIFIED., .F., .F.,
 ( 4, 1, 1, 1, 1, 1, 1, 1, 4 ),
 ( 0.000000000000000000, 0.1288996672966942203, 0.2504420093451991125, 0.3693329411609528323, 0.4884299232730958118, 0.6077891036300233640, 0.7301306946546413101, 0.8590303619513384170, 1.000000000000000000 ),
 .UNSPECIFIED. ) ;
#3126 = ORIENTED_EDGE ( 'NONE', *, *, #2428, .T. ) ;
#3127 = CARTESIAN_POINT ( 'NONE',  ( 70.48689351584813778, 14.39999999999990621, -4.257123852184069079 ) ) ;
#3128 = ORIENTED_EDGE ( 'NONE', *, *, #4094, .T. ) ;
#3129 = VERTEX_POINT ( 'NONE', #4752 ) ;
#3130 = LINE ( 'NONE', #5243, #2043 ) ;
#3131 = CARTESIAN_POINT ( 'NONE',  ( 21.75622670975752726, 5.400000000004187228, 2.799999999999999378 ) ) ;
#3132 = CARTESIAN_POINT ( 'NONE',  ( 79.59999999999999432, 15.79999999999999893, 35.00000000000000711 ) ) ;
#3133 = CARTESIAN_POINT ( 'NONE',  ( 0.000000000000000000, 15.39999999999992575, 0.000000000000000000 ) ) ;
#3134 = DIRECTION ( 'NONE',  ( 0.000000000000000000, 0.000000000000000000, 1.000000000000000000 ) ) ;
#3135 = DIRECTION ( 'NONE',  ( -0.000000000000000000, 0.000000000000000000, 1.000000000000000000 ) ) ;
#3136 = VERTEX_POINT ( 'NONE', #1696 ) ;
#3137 = FACE_OUTER_BOUND ( 'NONE', #4385, .T. ) ;
#3138 = AXIS2_PLACEMENT_3D ( 'NONE', #799, #4970, #1291 ) ;
#3139 = FACE_OUTER_BOUND ( 'NONE', #1475, .T. ) ;
#3140 = DIRECTION ( 'NONE',  ( 0.000000000000000000, 0.000000000000000000, 1.000000000000000000 ) ) ;
#3141 = CARTESIAN_POINT ( 'NONE',  ( 73.37434451007106873, 14.39999999999989910, -3.539536911785750917 ) ) ;
#3142 = CARTESIAN_POINT ( 'NONE',  ( 68.79488765142774298, 15.39999999999990798, -3.704142348427302167 ) ) ;
#3143 = ORIENTED_EDGE ( 'NONE', *, *, #5575, .T. ) ;
#3144 = VECTOR ( 'NONE', #3858, 1000.000000000000000 ) ;
#3145 = ADVANCED_FACE ( 'NONE', ( #5867 ), #2578, .T. ) ;
#3146 = ORIENTED_EDGE ( 'NONE', *, *, #3755, .F. ) ;
#3147 = LINE ( 'NONE', #3183, #164 ) ;
#3148 = LINE ( 'NONE', #4744, #4572 ) ;
#3149 = CARTESIAN_POINT ( 'NONE',  ( 73.56642240031028734, 14.39999999999989555, 0.6053594959110776275 ) ) ;
#3150 = VECTOR ( 'NONE', #4488, 1000.000000000000000 ) ;
#3151 = AXIS2_PLACEMENT_3D ( 'NONE', #149, #2259, #4308 ) ;
#3152 = LINE ( 'NONE', #6412, #6062 ) ;
#3153 = ORIENTED_EDGE ( 'NONE', *, *, #4902, .F. ) ;
#3154 = EDGE_CURVE ( 'NONE', #4374, #871, #3161, .T. ) ;
#3155 = ORIENTED_EDGE ( 'NONE', *, *, #3630, .F. ) ;
#3156 = CARTESIAN_POINT ( 'NONE',  ( 51.49999999999999289, 5.800000000000005151, -9.000000000000005329 ) ) ;
#3157 = VECTOR ( 'NONE', #159, 1000.000000000000000 ) ;
#3158 = EDGE_CURVE ( 'NONE', #5281, #1646, #3300, .T. ) ;
#3159 = DIRECTION ( 'NONE',  ( -0.000000000000000000, 1.000000000000000000, -0.000000000000000000 ) ) ;
#3160 = EDGE_CURVE ( 'NONE', #6769, #5863, #5377, .T. ) ;
#3161 = LINE ( 'NONE', #555, #4803 ) ;
#3162 = VECTOR ( 'NONE', #38, 1000.000000000000000 ) ;
#3163 = CARTESIAN_POINT ( 'NONE',  ( 79.59999999999999432, 15.39999999999991331, 18.20579143156562196 ) ) ;
#3164 = ADVANCED_FACE ( 'NONE', ( #1634, #2114, #4 ), #1102, .T. ) ;
#3165 = VERTEX_POINT ( 'NONE', #4269 ) ;
#3166 = FACE_BOUND ( 'NONE', #3669, .T. ) ;
#3167 = ORIENTED_EDGE ( 'NONE', *, *, #316, .F. ) ;
#3168 = ORIENTED_EDGE ( 'NONE', *, *, #2465, .F. ) ;
#3169 = DIRECTION ( 'NONE',  ( 1.734723475976793684E-15, 1.000000000000000000, -0.000000000000000000 ) ) ;
#3170 = AXIS2_PLACEMENT_3D ( 'NONE', #3171, #5286, #5210 ) ;
#3171 = CARTESIAN_POINT ( 'NONE',  ( 0.000000000000000000, -4.000000000000067502, 0.000000000000000000 ) ) ;
#3172 = VECTOR ( 'NONE', #5530, 1000.000000000000000 ) ;
#3173 = DIRECTION ( 'NONE',  ( 0.7071067811865490160, 0.000000000000000000, -0.7071067811865460184 ) ) ;
#3174 = CARTESIAN_POINT ( 'NONE',  ( 68.77239498887765023, 14.39999999999990976, 3.214848939942947403 ) ) ;
#3175 = LINE ( 'NONE', #2758, #3596 ) ;
#3176 = ORIENTED_EDGE ( 'NONE', *, *, #662, .F. ) ;
#3177 = CARTESIAN_POINT ( 'NONE',  ( 25.25622670975753081, 15.11132486540511621, -1.113718120825631907E-32 ) ) ;
#3178 = CARTESIAN_POINT ( 'NONE',  ( 74.93635983262763034, 14.39999999999989555, 5.697968591541755501 ) ) ;
#3179 = FACE_OUTER_BOUND ( 'NONE', #4068, .T. ) ;
#3180 = CARTESIAN_POINT ( 'NONE',  ( 72.56231835665234087, 15.39999999999989377, -2.877507867035673517 ) ) ;
#3181 = CARTESIAN_POINT ( 'NONE',  ( 70.09266440679914467, 15.39999999999990443, -5.409255506331423824 ) ) ;
#3182 = ORIENTED_EDGE ( 'NONE', *, *, #653, .T. ) ;
#3183 = CARTESIAN_POINT ( 'NONE',  ( 44.30625890315180015, 10.39999999999993641, -8.000000000000003553 ) ) ;
#3184 = CARTESIAN_POINT ( 'NONE',  ( 72.17541724636458866, 15.39999999999990266, -3.898652956059406982 ) ) ;
#3185 = CARTESIAN_POINT ( 'NONE',  ( 73.21934346327645926, 15.39999999999989555, 0.5638517923039049196 ) ) ;
#3186 = CARTESIAN_POINT ( 'NONE',  ( 73.09655462085127908, 15.39999999999989910, 1.746709076317396692 ) ) ;
#3187 = ORIENTED_EDGE ( 'NONE', *, *, #1742, .F. ) ;
#3188 = ORIENTED_EDGE ( 'NONE', *, *, #5708, .T. ) ;
#3189 = CARTESIAN_POINT ( 'NONE',  ( 2.739425312915345207E-15, -4.600000000000070699, -22.12329089443976216 ) ) ;
#3190 = PLANE ( 'NONE',  #4786 ) ;
#3191 = PLANE ( 'NONE',  #4703 ) ;
#3192 = EDGE_CURVE ( 'NONE', #6088, #3218, #4916, .T. ) ;
#3193 = EDGE_CURVE ( 'NONE', #5599, #1778, #4859, .T. ) ;
#3194 = EDGE_CURVE ( 'NONE', #5281, #318, #33, .T. ) ;
#3195 = DIRECTION ( 'NONE',  ( -3.469446951953614189E-16, 1.000000000000000000, 0.000000000000000000 ) ) ;
#3196 = ORIENTED_EDGE ( 'NONE', *, *, #2400, .F. ) ;
#3197 = LINE ( 'NONE', #5309, #3162 ) ;
#3198 = ORIENTED_EDGE ( 'NONE', *, *, #6380, .F. ) ;
#3199 = VERTEX_POINT ( 'NONE', #526 ) ;
#3200 = LINE ( 'NONE', #3687, #6599 ) ;
#3201 = FACE_OUTER_BOUND ( 'NONE', #2627, .T. ) ;
#3202 = CARTESIAN_POINT ( 'NONE',  ( 69.88797385255772099, 14.39999999999990266, 2.357322699050428128 ) ) ;
#3203 = VERTEX_POINT ( 'NONE', #77 ) ;
#3204 = DIRECTION ( 'NONE',  ( 0.5222179225941295799, -9.059036898998686176E-16, 0.8528120785504106349 ) ) ;
#3205 = DIRECTION ( 'NONE',  ( 0.000000000000000000, 0.000000000000000000, 1.000000000000000000 ) ) ;
#3206 = ORIENTED_EDGE ( 'NONE', *, *, #5279, .F. ) ;
#3207 = CARTESIAN_POINT ( 'NONE',  ( 71.21773614853290724, 15.39999999999989733, 3.040723011660164232 ) ) ;
#3208 = CARTESIAN_POINT ( 'NONE',  ( 71.30074236326248638, 14.39999999999990266, -2.819897517646440921 ) ) ;
#3209 = PLANE ( 'NONE',  #6164 ) ;
#3210 = CARTESIAN_POINT ( 'NONE',  ( 73.22244110540395923, 15.39999999999989377, -3.428433946503629759 ) ) ;
#3211 = CARTESIAN_POINT ( 'NONE',  ( 68.77287950137601058, 14.39999999999990976, -3.131453097041114297 ) ) ;
#3212 = ORIENTED_EDGE ( 'NONE', *, *, #5222, .T. ) ;
#3213 = B_SPLINE_CURVE_WITH_KNOTS ( 'NONE', 3,
 ( #1218, #251, #6603, #6078, #1317, #5451, #147, #5554, #797, #2917, #1871 ),
 .UNSPECIFIED., .F., .F.,
 ( 4, 1, 1, 1, 1, 1, 1, 1, 4 ),
 ( 0.000000000000000000, 0.06132074913295201823, 0.1407664973254629803, 0.2383158483605689604, 0.3540223279141570534, 0.4878667288614773612, 0.6406872479568533896, 0.8108506329929900946, 0.9999999999999998890 ),
 .UNSPECIFIED. ) ;
#3214 = DIRECTION ( 'NONE',  ( -1.000000000000000000, 1.734723475976793684E-15, 0.000000000000000000 ) ) ;
#3215 = CARTESIAN_POINT ( 'NONE',  ( 72.29348169741234642, 15.39999999999989910, -4.076839544473545907 ) ) ;
#3216 = CARTESIAN_POINT ( 'NONE',  ( 61.79999999999990479, 15.11132486540512154, 9.088222792488073660E-32 ) ) ;
#3217 = FACE_OUTER_BOUND ( 'NONE', #6012, .T. ) ;
#3218 = VERTEX_POINT ( 'NONE', #1595 ) ;
#3219 = ORIENTED_EDGE ( 'NONE', *, *, #548, .F. ) ;
#3220 = DIRECTION ( 'NONE',  ( 0.000000000000000000, 0.000000000000000000, 1.000000000000000000 ) ) ;
#3221 = CARTESIAN_POINT ( 'NONE',  ( 73.78621802918162587, 15.39999999999990088, 2.140061319248659277 ) ) ;
#3222 = CARTESIAN_POINT ( 'NONE',  ( 0.000000000000000000, 0.000000000000000000, 0.000000000000000000 ) ) ;
#3223 = DIRECTION ( 'NONE',  ( 0.000000000000000000, 0.000000000000000000, 1.000000000000000000 ) ) ;
#3224 = ORIENTED_EDGE ( 'NONE', *, *, #865, .T. ) ;
#3225 = DIRECTION ( 'NONE',  ( 1.224646799147353454E-16, 0.000000000000000000, -1.000000000000000000 ) ) ;
#3226 = ORIENTED_EDGE ( 'NONE', *, *, #472, .T. ) ;
#3227 = EDGE_CURVE ( 'NONE', #6820, #3856, #3721, .T. ) ;
#3228 = ORIENTED_EDGE ( 'NONE', *, *, #1076, .F. ) ;
#3229 = DIRECTION ( 'NONE',  ( 0.000000000000000000, 0.000000000000000000, -1.000000000000000000 ) ) ;
#3230 = VECTOR ( 'NONE', #2323, 1000.000000000000000 ) ;
#3231 = CARTESIAN_POINT ( 'NONE',  ( 71.22086164079829018, 14.39999999999990266, 3.314865646689998613 ) ) ;
#3232 = CARTESIAN_POINT ( 'NONE',  ( 60.09999999999990905, 5.400000000004199663, -2.893524555867769884E-31 ) ) ;
#3233 = CARTESIAN_POINT ( 'NONE',  ( 72.24953829675685313, 14.39999999999989910, 3.385652169070536122 ) ) ;
#3234 = CARTESIAN_POINT ( 'NONE',  ( 19.20593101521386714, -4.298035640481570496, 11.88566406965886024 ) ) ;
#3235 = VERTEX_POINT ( 'NONE', #2669 ) ;
#3236 = EDGE_CURVE ( 'NONE', #3129, #2886, #5473, .T. ) ;
#3237 = EDGE_CURVE ( 'NONE', #5363, #2344, #3031, .T. ) ;
#3238 = CARTESIAN_POINT ( 'NONE',  ( 46.50000000000000000, 5.800000000000006040, -9.000000000000005329 ) ) ;
#3239 = EDGE_CURVE ( 'NONE', #1079, #6455, #2468, .T. ) ;
#3240 = DIRECTION ( 'NONE',  ( 0.000000000000000000, 0.000000000000000000, 1.000000000000000000 ) ) ;
#3241 = AXIS2_PLACEMENT_3D ( 'NONE', #2529, #3440, #2924 ) ;
#3242 = CARTESIAN_POINT ( 'NONE',  ( 21.75622670975752726, 5.400000000004187228, 2.799999999999999378 ) ) ;
#3243 = CARTESIAN_POINT ( 'NONE',  ( 18.71419978413243967, -4.600000000000085798, -12.00000000000000533 ) ) ;
#3244 = CARTESIAN_POINT ( 'NONE',  ( 68.97915530704116804, 14.39999999999990976, -4.579152852415472985 ) ) ;
#3245 = ORIENTED_EDGE ( 'NONE', *, *, #2086, .T. ) ;
#3246 = FACE_OUTER_BOUND ( 'NONE', #559, .T. ) ;
#3247 = VECTOR ( 'NONE', #1804, 1000.000000000000000 ) ;
#3248 = AXIS2_PLACEMENT_3D ( 'NONE', #6494, #3371, #3263 ) ;
#3249 = CARTESIAN_POINT ( 'NONE',  ( 60.09999999999990195, 10.39999999999995062, 1.392322361633290230E-45 ) ) ;
#3250 = CARTESIAN_POINT ( 'NONE',  ( 73.14964967058710954, 15.39999999999989555, 0.5613312217500887602 ) ) ;
#3251 = LINE ( 'NONE', #3885, #4937 ) ;
#3252 = DIRECTION ( 'NONE',  ( 0.6123724356957869208, 0.5000000000000114353, 0.6123724356957926940 ) ) ;
#3253 = VECTOR ( 'NONE', #4430, 1000.000000000000000 ) ;
#3254 = VECTOR ( 'NONE', #4783, 1000.000000000000000 ) ;
#3255 = ORIENTED_EDGE ( 'NONE', *, *, #4048, .F. ) ;
#3256 = VERTEX_POINT ( 'NONE', #6839 ) ;
#3257 = CARTESIAN_POINT ( 'NONE',  ( 73.87075453211555498, 15.39999999999989733, 2.404840739321953524 ) ) ;
#3258 = DIRECTION ( 'NONE',  ( 0.000000000000000000, -1.000000000000000000, -2.168404344971008868E-16 ) ) ;
#3259 = VECTOR ( 'NONE', #2090, 1000.000000000000000 ) ;
#3260 = VECTOR ( 'NONE', #4601, 1000.000000000000000 ) ;
#3261 = CARTESIAN_POINT ( 'NONE',  ( 68.99631320067565809, 15.39999999999990443, 1.612564079269727335 ) ) ;
#3262 = CIRCLE ( 'NONE', #2042, 0.5000000000000004441 ) ;
#3263 = DIRECTION ( 'NONE',  ( 0.000000000000000000, 0.000000000000000000, 1.000000000000000000 ) ) ;
#3264 = VECTOR ( 'NONE', #5876, 1000.000000000000000 ) ;
#3265 = ORIENTED_EDGE ( 'NONE', *, *, #6300, .T. ) ;
#3266 = CARTESIAN_POINT ( 'NONE',  ( 73.88932275513376169, 15.39999999999989733, 2.537177611082925388 ) ) ;
#3267 = VERTEX_POINT ( 'NONE', #2147 ) ;
#3268 = DIRECTION ( 'NONE',  ( -1.000000000000000000, 1.688578880590869955E-15, 0.000000000000000000 ) ) ;
#3269 = B_SPLINE_CURVE_WITH_KNOTS ( 'NONE', 3,
 ( #2294, #4407, #2216, #5943, #4370, #3337, #3786, #4966, #1374, #3495, #79, #1893, #220, #1775, #1248, #696, #2812, #145, #852 ),
 .UNSPECIFIED., .F., .F.,
 ( 4, 1, 1, 1, 1, 1, 1, 1, 1, 1, 1, 1, 1, 1, 1, 1, 4 ),
 ( 0.000000000000000000, 0.09159573936240540670, 0.1748750975798219476, 0.2498434678333349979, 0.3157424907664977964, 0.3741142784555299139, 0.4237869212533013630, 0.4648589671458622230, 0.4980960557404017219, 0.5541854309969724834, 0.6070974179751682520, 0.6579961439013403135, 0.7068016846165061651, 0.7608718645838613570, 0.8276373508723292582, 0.9070950942154469843, 1.000000000000000000 ),
 .UNSPECIFIED. ) ;
#3270 = AXIS2_PLACEMENT_3D ( 'NONE', #5111, #3492, #2384 ) ;
#3271 = CARTESIAN_POINT ( 'NONE',  ( 71.22006733002911005, 14.39999999999990976, 3.168741705460304647 ) ) ;
#3272 = CARTESIAN_POINT ( 'NONE',  ( 74.93022801735448013, 14.39999999999989200, 3.082727676609621437 ) ) ;
#3273 = VERTEX_POINT ( 'NONE', #587 ) ;
#3274 = CARTESIAN_POINT ( 'NONE',  ( 68.77239498887762181, 14.39999999999990621, -3.052836466081692901 ) ) ;
#3275 = AXIS2_PLACEMENT_3D ( 'NONE', #5256, #3041, #6858 ) ;
#3276 = FACE_OUTER_BOUND ( 'NONE', #4272, .T. ) ;
#3277 = ORIENTED_EDGE ( 'NONE', *, *, #5831, .F. ) ;
#3278 = ORIENTED_EDGE ( 'NONE', *, *, #6046, .T. ) ;
#3279 = CARTESIAN_POINT ( 'NONE',  ( 0.000000000000000000, 14.89999999999992752, 0.000000000000000000 ) ) ;
#3280 = VECTOR ( 'NONE', #2906, 1000.000000000000000 ) ;
#3281 = CARTESIAN_POINT ( 'NONE',  ( 21.75622670975752726, 7.400000000004187228, 2.799999999999999822 ) ) ;
#3282 = ADVANCED_FACE ( 'NONE', ( #2185 ), #3191, .T. ) ;
#3283 = CARTESIAN_POINT ( 'NONE',  ( 63.09999999999998721, 10.39999999999994351, -7.000000000000004441 ) ) ;
#3284 = CARTESIAN_POINT ( 'NONE',  ( 72.96752913561982723, 15.39999999999989377, -3.236793245846154132 ) ) ;
#3285 = EDGE_CURVE ( 'NONE', #2013, #2302, #5908, .T. ) ;
#3286 = EDGE_CURVE ( 'NONE', #2532, #326, #3754, .T. ) ;
#3287 = CARTESIAN_POINT ( 'NONE',  ( 68.77239498887762181, 14.39999999999990621, -3.052836466081692901 ) ) ;
#3288 = VERTEX_POINT ( 'NONE', #6103 ) ;
#3289 = B_SPLINE_CURVE_WITH_KNOTS ( 'NONE', 3,
 ( #1964, #6721, #4079, #5082, #1435, #4014 ),
 .UNSPECIFIED., .F., .F.,
 ( 4, 2, 4 ),
 ( 0.0006498156364292524906, 0.0009301932141936983169, 0.001210570791958144035 ),
 .UNSPECIFIED. ) ;
#3290 = DIRECTION ( 'NONE',  ( -0.000000000000000000, -0.000000000000000000, 1.000000000000000000 ) ) ;
#3291 = CARTESIAN_POINT ( 'NONE',  ( 74.93635983262763034, 14.39999999999989555, 5.697968591541755501 ) ) ;
#3292 = PLANE ( 'NONE',  #619 ) ;
#3293 = EDGE_CURVE ( 'NONE', #5242, #4960, #1256, .T. ) ;
#3294 = TOROIDAL_SURFACE ( 'NONE', #2621, 20.08581589082205454, 0.4999999999999993339 ) ;
#3295 = FACE_OUTER_BOUND ( 'NONE', #2797, .T. ) ;
#3296 = VERTEX_POINT ( 'NONE', #2882 ) ;
#3297 = ORIENTED_EDGE ( 'NONE', *, *, #2006, .F. ) ;
#3298 = LINE ( 'NONE', #2289, #5698 ) ;
#3299 = CARTESIAN_POINT ( 'NONE',  ( 0.000000000000000000, 14.53658536585358441, 0.000000000000000000 ) ) ;
#3300 = LINE ( 'NONE', #5898, #4247 ) ;
#3301 = CARTESIAN_POINT ( 'NONE',  ( 57.09999999999994458, 5.400000000004198775, 2.799999999999999378 ) ) ;
#3302 = CARTESIAN_POINT ( 'NONE',  ( 28.25622670975753081, 10.40000000000418368, 9.000000000000005329 ) ) ;
#3303 = ORIENTED_EDGE ( 'NONE', *, *, #1443, .F. ) ;
#3304 = CARTESIAN_POINT ( 'NONE',  ( 79.59999999999999432, 15.79999999999999893, 31.00000000000000711 ) ) ;
#3305 = ORIENTED_EDGE ( 'NONE', *, *, #888, .T. ) ;
#3306 = CARTESIAN_POINT ( 'NONE',  ( 25.25622670975753081, 10.39999999999993285, -1.929016370580157738E-31 ) ) ;
#3307 = DIRECTION ( 'NONE',  ( 1.734723475976793684E-15, 1.000000000000000000, -0.000000000000000000 ) ) ;
#3308 = CARTESIAN_POINT ( 'NONE',  ( 74.93569099749858253, 15.39999999999989555, 3.516953865608950291 ) ) ;
#3309 = VERTEX_POINT ( 'NONE', #4926 ) ;
#3310 = CARTESIAN_POINT ( 'NONE',  ( 68.80623608905494848, 15.39999999999990798, 2.323225594699042773 ) ) ;
#3311 = LINE ( 'NONE', #5851, #934 ) ;
#3312 = ORIENTED_EDGE ( 'NONE', *, *, #3515, .T. ) ;
#3313 = ORIENTED_EDGE ( 'NONE', *, *, #3851, .T. ) ;
#3314 = LINE ( 'NONE', #6022, #2590 ) ;
#3315 = CARTESIAN_POINT ( 'NONE',  ( 51.49999999999999289, 9.800000000000004263, -12.00000000000000533 ) ) ;
#3316 = CARTESIAN_POINT ( 'NONE',  ( -1.040834085586085046E-15, -1.600000000000068479, 9.000000000000005329 ) ) ;
#3317 = CARTESIAN_POINT ( 'NONE',  ( 71.70289534165004852, 15.39999999999990088, 1.508696494020525636 ) ) ;
#3318 = DIRECTION ( 'NONE',  ( -0.000000000000000000, 1.000000000000000000, -0.000000000000000000 ) ) ;
#3319 = ORIENTED_EDGE ( 'NONE', *, *, #3972, .F. ) ;
#3320 = DIRECTION ( 'NONE',  ( 1.734723475976793684E-15, 1.000000000000000000, -0.000000000000000000 ) ) ;
#3321 = EDGE_CURVE ( 'NONE', #1627, #2344, #1719, .T. ) ;
#3322 = CARTESIAN_POINT ( 'NONE',  ( 69.79972246283594473, 15.39999999999990443, -1.651374106775552963 ) ) ;
#3323 = EDGE_CURVE ( 'NONE', #3267, #1508, #1868, .T. ) ;
#3324 = EDGE_CURVE ( 'NONE', #1332, #3932, #6239, .T. ) ;
#3325 = LINE ( 'NONE', #1434, #6378 ) ;
#3326 = CARTESIAN_POINT ( 'NONE',  ( 71.61392135363901446, 15.39999999999990088, -5.058733823050554079 ) ) ;
#3327 = ORIENTED_EDGE ( 'NONE', *, *, #5321, .T. ) ;
#3328 = ORIENTED_EDGE ( 'NONE', *, *, #1443, .T. ) ;
#3329 = CARTESIAN_POINT ( 'NONE',  ( 71.62862236749184319, 15.39999999999989910, 1.571066214443317399 ) ) ;
#3330 = CARTESIAN_POINT ( 'NONE',  ( 39.14480869475971048, 10.39999999999993285, -8.000000000000003553 ) ) ;
#3331 = EDGE_CURVE ( 'NONE', #2982, #3165, #1739, .T. ) ;
#3332 = CARTESIAN_POINT ( 'NONE',  ( 72.25557085642856237, 15.39999999999989910, 3.055964078465498002 ) ) ;
#3333 = B_SPLINE_CURVE_WITH_KNOTS ( 'NONE', 3,
 ( #3728, #4899, #1670, #4375, #1146, #5807 ),
 .UNSPECIFIED., .F., .F.,
 ( 4, 2, 4 ),
 ( 0.002878334243634227997, 0.002928273276266362985, 0.002978212308898497973 ),
 .UNSPECIFIED. ) ;
#3334 = FACE_OUTER_BOUND ( 'NONE', #3954, .T. ) ;
#3335 = ADVANCED_FACE ( 'NONE', ( #5584, #3990 ), #2777, .F. ) ;
#3336 = EDGE_CURVE ( 'NONE', #1080, #4508, #1339, .T. ) ;
#3337 = CARTESIAN_POINT ( 'NONE',  ( 72.96752913561982723, 15.39999999999990088, -3.236793245846154132 ) ) ;
#3338 = ORIENTED_EDGE ( 'NONE', *, *, #842, .T. ) ;
#3339 = ORIENTED_EDGE ( 'NONE', *, *, #3708, .T. ) ;
#3340 = CARTESIAN_POINT ( 'NONE',  ( 0.000000000000000000, -4.000000000000067502, 0.000000000000000000 ) ) ;
#3341 = LINE ( 'NONE', #3730, #2056 ) ;
#3342 = DIRECTION ( 'NONE',  ( 1.000000000000000000, 0.000000000000000000, 0.000000000000000000 ) ) ;
#3343 = VERTEX_POINT ( 'NONE', #2912 ) ;
#3344 = CARTESIAN_POINT ( 'NONE',  ( 68.83557259760871716, 15.39999999999990798, 2.086854503123167781 ) ) ;
#3345 = CARTESIAN_POINT ( 'NONE',  ( 68.77239498887762181, 14.39999999999990621, -0.4659962522082454761 ) ) ;
#3346 = ORIENTED_EDGE ( 'NONE', *, *, #842, .F. ) ;
#3347 = ORIENTED_EDGE ( 'NONE', *, *, #4432, .F. ) ;
#3348 = CARTESIAN_POINT ( 'NONE',  ( 63.59999999999998721, 8.600000000000001421, 23.82005025157352662 ) ) ;
#3349 = CARTESIAN_POINT ( 'NONE',  ( 71.59999999999999432, 5.799999999999999822, 37.97994974842648475 ) ) ;
#3350 = CARTESIAN_POINT ( 'NONE',  ( 79.59999999999999432, 16.20000000000005258, 34.97994974842648475 ) ) ;
#3351 = CARTESIAN_POINT ( 'NONE',  ( 44.30625890315180015, 10.39999999999993641, 8.000000000000003553 ) ) ;
#3352 = VECTOR ( 'NONE', #5866, 1000.000000000000000 ) ;
#3353 = LINE ( 'NONE', #2279, #6240 ) ;
#3354 = ORIENTED_EDGE ( 'NONE', *, *, #6636, .T. ) ;
#3355 = DIRECTION ( 'NONE',  ( 0.000000000000000000, -0.000000000000000000, -1.000000000000000000 ) ) ;
#3356 = CARTESIAN_POINT ( 'NONE',  ( 73.89483958291933163, 15.39999999999990798, 2.625402094700567623 ) ) ;
#3357 = AXIS2_PLACEMENT_3D ( 'NONE', #3473, #4513, #4614 ) ;
#3358 = CARTESIAN_POINT ( 'NONE',  ( 70.97949671067055988, 15.39999999999990443, -4.130976069945734963 ) ) ;
#3359 = CARTESIAN_POINT ( 'NONE',  ( 71.90415086155209679, 14.39999999999990266, -4.712653435013558934 ) ) ;
#3360 = ADVANCED_FACE ( 'NONE', ( #3963 ), #5551, .F. ) ;
#3361 = ORIENTED_EDGE ( 'NONE', *, *, #3192, .T. ) ;
#3362 = VECTOR ( 'NONE', #4659, 1000.000000000000000 ) ;
#3363 = VERTEX_POINT ( 'NONE', #2848 ) ;
#3364 = DIRECTION ( 'NONE',  ( -1.000000000000000000, -0.000000000000000000, -0.000000000000000000 ) ) ;
#3365 = CARTESIAN_POINT ( 'NONE',  ( 28.25622670975752726, -1.599999999996271072, -9.000000000000005329 ) ) ;
#3366 = CARTESIAN_POINT ( 'NONE',  ( 70.50107102678829563, 15.39999999999990266, 1.983784647230858011 ) ) ;
#3367 = LINE ( 'NONE', #1840, #170 ) ;
#3368 = AXIS2_PLACEMENT_3D ( 'NONE', #4200, #6315, #5798 ) ;
#3369 = AXIS2_PLACEMENT_3D ( 'NONE', #5690, #6243, #3505 ) ;
#3370 = EDGE_CURVE ( 'NONE', #3599, #4362, #6491, .T. ) ;
#3371 = DIRECTION ( 'NONE',  ( 0.000000000000000000, 1.000000000000000000, 3.858032741160316680E-32 ) ) ;
#3372 = EDGE_CURVE ( 'NONE', #4767, #6685, #262, .T. ) ;
#3373 = ORIENTED_EDGE ( 'NONE', *, *, #4795, .F. ) ;
#3374 = CARTESIAN_POINT ( 'NONE',  ( 63.09999999999998721, 10.39999999999994351, -7.000000000000004441 ) ) ;
#3375 = VECTOR ( 'NONE', #3364, 1000.000000000000000 ) ;
#3376 = ORIENTED_EDGE ( 'NONE', *, *, #5544, .T. ) ;
#3377 = DIRECTION ( 'NONE',  ( 0.000000000000000000, 0.000000000000000000, 1.000000000000000000 ) ) ;
#3378 = VECTOR ( 'NONE', #6258, 1000.000000000000000 ) ;
#3379 = CARTESIAN_POINT ( 'NONE',  ( 72.29899476436411021, 14.39999999999991331, 2.476234506391711498 ) ) ;
#3380 = EDGE_CURVE ( 'NONE', #4782, #5372, #3893, .T. ) ;
#3381 = CARTESIAN_POINT ( 'NONE',  ( 41.14480869475966784, 8.399999999999934630, -8.000000000000003553 ) ) ;
#3382 = VERTEX_POINT ( 'NONE', #3366 ) ;
#3383 = CARTESIAN_POINT ( 'NONE',  ( 68.81104328431366923, 15.39999999999990443, -3.890066822795889223 ) ) ;
#3384 = CARTESIAN_POINT ( 'NONE',  ( 71.22217588831672686, 14.39999999999990266, 4.512590736974447125 ) ) ;
#3385 = ORIENTED_EDGE ( 'NONE', *, *, #4290, .T. ) ;
#3386 = ORIENTED_EDGE ( 'NONE', *, *, #1419, .F. ) ;
#3387 = VECTOR ( 'NONE', #3102, 1000.000000000000000 ) ;
#3388 = CARTESIAN_POINT ( 'NONE',  ( 70.32326434860318898, 14.39999999999990621, 0.7984067926635499690 ) ) ;
#3389 = CARTESIAN_POINT ( 'NONE',  ( 74.47629457339783698, 15.39999999999990266, 1.125095989200419755 ) ) ;
#3390 = DIRECTION ( 'NONE',  ( -0.000000000000000000, 1.000000000000000000, -0.000000000000000000 ) ) ;
#3391 = AXIS2_PLACEMENT_3D ( 'NONE', #3650, #4577, #3225 ) ;
#3392 = CARTESIAN_POINT ( 'NONE',  ( 57.09999999999994458, 15.39999999999992752, -12.00000000000000533 ) ) ;
#3393 = PLANE ( 'NONE',  #589 ) ;
#3394 = VERTEX_POINT ( 'NONE', #5484 ) ;
#3395 = FACE_BOUND ( 'NONE', #6731, .T. ) ;
#3396 = VECTOR ( 'NONE', #5740, 1000.000000000000000 ) ;
#3397 = CARTESIAN_POINT ( 'NONE',  ( 70.98429283182834126, 15.39999999999990088, 2.174806146706363741 ) ) ;
#3398 = CARTESIAN_POINT ( 'NONE',  ( 73.71640845730209435, 14.39999999999989910, -5.171699381120754779 ) ) ;
#3399 = CIRCLE ( 'NONE', #3959, 4.999999999999990230 ) ;
#3400 = VERTEX_POINT ( 'NONE', #732 ) ;
#3401 = EDGE_LOOP ( 'NONE', ( #2295, #751, #3226, #157 ) ) ;
#3402 = CARTESIAN_POINT ( 'NONE',  ( 69.81947876041206769, 15.39999999999990443, -3.601073723819072647 ) ) ;
#3403 = DIRECTION ( 'NONE',  ( 0.000000000000000000, 0.000000000000000000, 1.000000000000000000 ) ) ;
#3404 = DIRECTION ( 'NONE',  ( 0.7071067811865482389, 1.226634733346699113E-15, 0.7071067811865469066 ) ) ;
#3405 = PRODUCT_DEFINITION_SHAPE ( 'NONE', 'NONE',  #6551 ) ;
#3406 = DIRECTION ( 'NONE',  ( 1.000000000000000000, 1.734723475976805517E-15, -1.786359386885381915E-16 ) ) ;
#3407 = CC_DESIGN_APPROVAL ( #4386, ( #6551 ) ) ;
#3408 = B_SPLINE_CURVE_WITH_KNOTS ( 'NONE', 3,
 ( #1368, #5715, #6679, #4108, #3522, #3453, #366, #6126, #1433, #6163, #308, #1924, #814, #5675, #5110, #405, #952, #5185, #3489 ),
 .UNSPECIFIED., .F., .F.,
 ( 4, 1, 1, 1, 1, 1, 1, 1, 1, 1, 1, 1, 1, 1, 1, 1, 4 ),
 ( 0.000000000000000000, 0.1061285680633415329, 0.2021928555238696468, 0.2876016271754933129, 0.3630126640221993939, 0.4272199740036419224, 0.4814975465951418787, 0.5253592224025070978, 0.5595827673664253155, 0.6157320883297539016, 0.6696359894516766831, 0.7218639848468875186, 0.7744040122843429685, 0.8270743417291683830, 0.8813519143206708373, 0.9387916947984683569, 1.000000000000000000 ),
 .UNSPECIFIED. ) ;
#3409 = ORIENTED_EDGE ( 'NONE', *, *, #4858, .F. ) ;
#3410 = CARTESIAN_POINT ( 'NONE',  ( 57.09999999999994458, 7.400000000004199663, -2.799999999999999822 ) ) ;
#3411 = ORIENTED_EDGE ( 'NONE', *, *, #6090, .T. ) ;
#3412 = CARTESIAN_POINT ( 'NONE',  ( 17.81810950811014393, -4.600000000000080469, 9.000000000000005329 ) ) ;
#3413 = ADVANCED_FACE ( 'NONE', ( #2450 ), #4115, .T. ) ;
#3414 = CARTESIAN_POINT ( 'NONE',  ( 72.24960494454388993, 15.39999999999990621, 3.249795472403496088 ) ) ;
#3415 = FACE_BOUND ( 'NONE', #2519, .T. ) ;
#3416 = CARTESIAN_POINT ( 'NONE',  ( 68.99631320067565809, 15.39999999999990443, 1.612564079269727335 ) ) ;
#3417 = DIRECTION ( 'NONE',  ( -1.000000000000000000, 0.000000000000000000, 0.000000000000000000 ) ) ;
#3418 = ORIENTED_EDGE ( 'NONE', *, *, #4262, .F. ) ;
#3419 = VERTEX_POINT ( 'NONE', #3602 ) ;
#3420 = EDGE_CURVE ( 'NONE', #3309, #2071, #6459, .T. ) ;
#3421 = FACE_OUTER_BOUND ( 'NONE', #4668, .T. ) ;
#3422 = CARTESIAN_POINT ( 'NONE',  ( 74.89437770027838326, 15.39999999999989733, 2.117139655869680670 ) ) ;
#3423 = MECHANICAL_CONTEXT ( 'NONE', #1123, 'mechanical' ) ;
#3424 = DIRECTION ( 'NONE',  ( -1.000000000000000000, -3.469446951953614189E-16, 0.000000000000000000 ) ) ;
#3425 = DIRECTION ( 'NONE',  ( 0.000000000000000000, -1.000000000000000000, 0.000000000000000000 ) ) ;
#3426 = ORIENTED_EDGE ( 'NONE', *, *, #4425, .F. ) ;
#3427 = CARTESIAN_POINT ( 'NONE',  ( 63.59999999999998721, 16.20000000000005258, 37.97994974842648475 ) ) ;
#3428 = DIRECTION ( 'NONE',  ( -0.000000000000000000, -8.673617379884027583E-16, 1.000000000000000000 ) ) ;
#3429 = CARTESIAN_POINT ( 'NONE',  ( 71.62862236749184319, 14.39999999999989910, 1.571066214443317399 ) ) ;
#3430 = EDGE_LOOP ( 'NONE', ( #6522, #5760, #5463, #3126 ) ) ;
#3431 = ORIENTED_EDGE ( 'NONE', *, *, #108, .T. ) ;
#3432 = CARTESIAN_POINT ( 'NONE',  ( 69.79931281456869385, 15.39999999999990798, -2.838813496570304462 ) ) ;
#3433 = EDGE_CURVE ( 'NONE', #73, #453, #1265, .T. ) ;
#3434 = DIRECTION ( 'NONE',  ( 2.668805347656625692E-16, -1.000000000000000000, -3.858032741160322701E-32 ) ) ;
#3435 = CARTESIAN_POINT ( 'NONE',  ( 41.50000000000000711, 9.800000000000004263, 9.000000000000005329 ) ) ;
#3436 = ORIENTED_EDGE ( 'NONE', *, *, #348, .T. ) ;
#3437 = PLANE ( 'NONE',  #1282 ) ;
#3438 = ORIENTED_EDGE ( 'NONE', *, *, #1118, .F. ) ;
#3439 = CARTESIAN_POINT ( 'NONE',  ( 69.79972246283595894, 14.39999999999990621, 3.760616660483311779 ) ) ;
#3440 = DIRECTION ( 'NONE',  ( -0.000000000000000000, 1.000000000000000000, -0.000000000000000000 ) ) ;
#3441 = ADVANCED_FACE ( 'NONE', ( #5724 ), #960, .T. ) ;
#3442 = CARTESIAN_POINT ( 'NONE',  ( 70.25804461111586363, 15.39999999999990443, 0.8007097694439296864 ) ) ;
#3443 = PLANE ( 'NONE',  #3826 ) ;
#3444 = ORIENTED_EDGE ( 'NONE', *, *, #5064, .F. ) ;
#3445 = ORIENTED_EDGE ( 'NONE', *, *, #5928, .F. ) ;
#3446 = CARTESIAN_POINT ( 'NONE',  ( 73.89483958291933163, 14.39999999999990266, 2.625402094700567623 ) ) ;
#3447 = DIRECTION ( 'NONE',  ( 0.000000000000000000, 0.000000000000000000, 1.000000000000000000 ) ) ;
#3448 = CARTESIAN_POINT ( 'NONE',  ( 69.81186538764903560, 15.39999999999990266, 2.792557347277041302 ) ) ;
#3449 = ADVANCED_FACE ( 'NONE', ( #2521, #5119 ), #5620, .F. ) ;
#3450 = PLANE ( 'NONE',  #1468 ) ;
#3451 = VERTEX_POINT ( 'NONE', #6689 ) ;
#3452 = EDGE_CURVE ( 'NONE', #2565, #3363, #922, .T. ) ;
#3453 = CARTESIAN_POINT ( 'NONE',  ( 71.28339480870967293, 14.39999999999990621, -3.353781301656225455 ) ) ;
#3454 = LINE ( 'NONE', #5216, #1731 ) ;
#3455 = CIRCLE ( 'NONE', #691, 13.57977272543851832 ) ;
#3456 = DIRECTION ( 'NONE',  ( 1.000000000000000000, 0.000000000000000000, 0.000000000000000000 ) ) ;
#3457 = EDGE_CURVE ( 'NONE', #657, #5926, #2913, .T. ) ;
#3458 = EDGE_LOOP ( 'NONE', ( #5588, #6759, #1307, #2572 ) ) ;
#3459 = ORIENTED_EDGE ( 'NONE', *, *, #5707, .T. ) ;
#3460 = CARTESIAN_POINT ( 'NONE',  ( 42.64480869475966784, 8.399999999999932854, -8.000000000000003553 ) ) ;
#3461 = VECTOR ( 'NONE', #1643, 1000.000000000000000 ) ;
#3462 = CARTESIAN_POINT ( 'NONE',  ( 51.49999999999999289, 9.800000000000004263, -9.000000000000005329 ) ) ;
#3463 = CARTESIAN_POINT ( 'NONE',  ( 71.19316155131767232, 14.39999999999990621, 2.651499896572624859 ) ) ;
#3464 = VECTOR ( 'NONE', #2749, 1000.000000000000000 ) ;
#3465 = VERTEX_POINT ( 'NONE', #2034 ) ;
#3466 = CARTESIAN_POINT ( 'NONE',  ( 16.85941873256619061, -4.534136588606012985, 10.44172596714503243 ) ) ;
#3467 = DIRECTION ( 'NONE',  ( 1.000000000000000000, 3.469446951953614189E-16, -0.000000000000000000 ) ) ;
#3468 = DIRECTION ( 'NONE',  ( -1.000000000000000000, -0.000000000000000000, -0.000000000000000000 ) ) ;
#3469 = VECTOR ( 'NONE', #5275, 999.9999999999998863 ) ;
#3470 = AXIS2_PLACEMENT_3D ( 'NONE', #2666, #4299, #105 ) ;
#3471 = EDGE_CURVE ( 'NONE', #339, #997, #4157, .T. ) ;
#3472 = AXIS2_PLACEMENT_3D ( 'NONE', #6276, #1997, #6236 ) ;
#3473 = CARTESIAN_POINT ( 'NONE',  ( 79.59999999999999432, 15.79999999999999893, 31.00000000000000711 ) ) ;
#3474 = VECTOR ( 'NONE', #4882, 1000.000000000000000 ) ;
#3475 = CARTESIAN_POINT ( 'NONE',  ( 0.000000000000000000, -4.100000000000070699, 0.000000000000000000 ) ) ;
#3476 = DIRECTION ( 'NONE',  ( 1.000000000000000000, -1.219529191537852451E-15, 0.000000000000000000 ) ) ;
#3477 = ORIENTED_EDGE ( 'NONE', *, *, #663, .F. ) ;
#3478 = ORIENTED_EDGE ( 'NONE', *, *, #3070, .T. ) ;
#3479 = LINE ( 'NONE', #5600, #6368 ) ;
#3480 = DIRECTION ( 'NONE',  ( -1.000000000000000000, -4.145478894797516432E-16, 0.000000000000000000 ) ) ;
#3481 = VECTOR ( 'NONE', #2250, 1000.000000000000000 ) ;
#3482 = TOROIDAL_SURFACE ( 'NONE', #720, 16.85941873256619772, 0.4999999999999980571 ) ;
#3483 = CARTESIAN_POINT ( 'NONE',  ( 71.27418567200449218, 15.39999999999989733, -3.488080375123540300 ) ) ;
#3484 = APPROVAL_ROLE ( '' ) ;
#3485 = DIRECTION ( 'NONE',  ( 1.000000000000000000, 0.000000000000000000, 0.000000000000000000 ) ) ;
#3486 = DIRECTION ( 'NONE',  ( 1.000000000000000000, -1.734723475976811532E-16, 0.000000000000000000 ) ) ;
#3487 = AXIS2_PLACEMENT_3D ( 'NONE', #674, #91, #2789 ) ;
#3488 = ORIENTED_EDGE ( 'NONE', *, *, #2089, .T. ) ;
#3489 = CARTESIAN_POINT ( 'NONE',  ( 70.53440977894797470, 14.39999999999990266, -4.259205386823629702 ) ) ;
#3490 = EDGE_CURVE ( 'NONE', #2353, #4494, #5651, .T. ) ;
#3491 = AXIS2_PLACEMENT_3D ( 'NONE', #4203, #592, #2640 ) ;
#3492 = DIRECTION ( 'NONE',  ( -1.000000000000000000, -0.000000000000000000, 0.000000000000000000 ) ) ;
#3493 = EDGE_CURVE ( 'NONE', #5317, #2287, #1517, .T. ) ;
#3494 = CARTESIAN_POINT ( 'NONE',  ( 79.59999999999999432, 3.000000000000001776, 25.82005025157353018 ) ) ;
#3495 = CARTESIAN_POINT ( 'NONE',  ( 72.63556894713272527, 15.39999999999989555, -2.956086130644592913 ) ) ;
#3496 = ORIENTED_EDGE ( 'NONE', *, *, #1756, .T. ) ;
#3497 = ORIENTED_EDGE ( 'NONE', *, *, #6342, .T. ) ;
#3498 = CARTESIAN_POINT ( 'NONE',  ( 70.24267913164904087, 15.39999999999990621, 2.021438765358591905 ) ) ;
#3499 = AXIS2_PLACEMENT_3D ( 'NONE', #5293, #2655, #1990 ) ;
#3500 = CARTESIAN_POINT ( 'NONE',  ( 69.81947876041206769, 14.39999999999990621, -3.601073723819072647 ) ) ;
#3501 = CARTESIAN_POINT ( 'NONE',  ( 63.59999999999998721, 11.79999999999999538, 31.00000000000001066 ) ) ;
#3502 = AXIS2_PLACEMENT_3D ( 'NONE', #4309, #86, #701 ) ;
#3503 = ORIENTED_EDGE ( 'NONE', *, *, #4304, .T. ) ;
#3504 = ORIENTED_EDGE ( 'NONE', *, *, #4297, .F. ) ;
#3505 = DIRECTION ( 'NONE',  ( 0.000000000000000000, 0.000000000000000000, 1.000000000000000000 ) ) ;
#3506 = PLANE ( 'NONE',  #1124 ) ;
#3507 = LINE ( 'NONE', #3647, #2809 ) ;
#3508 = APPROVAL_PERSON_ORGANIZATION ( #2377, #4386, #3549 ) ;
#3509 = CARTESIAN_POINT ( 'NONE',  ( 70.64562509685090674, 15.39999999999990266, -5.441372694436123147 ) ) ;
#3510 = CARTESIAN_POINT ( 'NONE',  ( 71.75457423615260666, 15.39999999999989910, 1.390430391311991087 ) ) ;
#3511 = CARTESIAN_POINT ( 'NONE',  ( 16.85941873256619061, -4.065823173200391771, -9.969893844488872503 ) ) ;
#3512 = EDGE_LOOP ( 'NONE', ( #1176, #5502, #5342, #1579 ) ) ;
#3513 = ORIENTED_EDGE ( 'NONE', *, *, #5488, .T. ) ;
#3514 = DIRECTION ( 'NONE',  ( 0.000000000000000000, 0.000000000000000000, 1.000000000000000000 ) ) ;
#3515 = EDGE_CURVE ( 'NONE', #5214, #2155, #5223, .T. ) ;
#3516 = CARTESIAN_POINT ( 'NONE',  ( 71.66051874078694084, 15.39999999999989910, 1.633110365254696328 ) ) ;
#3517 = CARTESIAN_POINT ( 'NONE',  ( 61.79999999999991189, 0.3999999999999514499, 2.081899558550494117E-16 ) ) ;
#3518 = DIRECTION ( 'NONE',  ( 1.734723475976793684E-15, 1.000000000000000000, -0.000000000000000000 ) ) ;
#3519 = CARTESIAN_POINT ( 'NONE',  ( 79.59999999999999432, 16.20000000000005258, 37.97994974842648475 ) ) ;
#3520 = CARTESIAN_POINT ( 'NONE',  ( 51.49999999999999289, 5.800000000000005151, -12.00000000000000533 ) ) ;
#3521 = ORIENTED_EDGE ( 'NONE', *, *, #4184, .T. ) ;
#3522 = CARTESIAN_POINT ( 'NONE',  ( 71.29268686806840094, 14.39999999999990266, -3.197822295875800691 ) ) ;
#3523 = CARTESIAN_POINT ( 'NONE',  ( 60.09999999999990195, 15.11132486540512154, 1.817644558497603346E-31 ) ) ;
#3524 = LINE ( 'NONE', #2446, #2614 ) ;
#3525 = CARTESIAN_POINT ( 'NONE',  ( 17.67800812629804241, -4.552608119386060359, -9.000000000000008882 ) ) ;
#3526 = EDGE_LOOP ( 'NONE', ( #5561, #448, #494, #2787 ) ) ;
#3527 = EDGE_CURVE ( 'NONE', #1821, #3465, #3038, .T. ) ;
#3528 = ORIENTED_EDGE ( 'NONE', *, *, #5335, .T. ) ;
#3529 = CYLINDRICAL_SURFACE ( 'NONE', #4476, 3.999999999999996447 ) ;
#3530 = CARTESIAN_POINT ( 'NONE',  ( 71.61392135363901446, 14.39999999999989910, -5.058733823050554079 ) ) ;
#3531 = CARTESIAN_POINT ( 'NONE',  ( 62.09999999999998721, 10.39999999999994351, -8.000000000000003553 ) ) ;
#3532 = CARTESIAN_POINT ( 'NONE',  ( 72.25557085642856237, 14.39999999999989910, 3.055964078465498002 ) ) ;
#3533 = ORIENTED_EDGE ( 'NONE', *, *, #5446, .F. ) ;
#3534 = EDGE_CURVE ( 'NONE', #5701, #5872, #5395, .T. ) ;
#3535 = ORIENTED_EDGE ( 'NONE', *, *, #6849, .T. ) ;
#3536 = DIRECTION ( 'NONE',  ( 0.000000000000000000, 0.000000000000000000, 1.000000000000000000 ) ) ;
#3537 = EDGE_CURVE ( 'NONE', #5768, #568, #3704, .T. ) ;
#3538 = DIRECTION ( 'NONE',  ( -1.000000000000000000, -0.000000000000000000, 0.000000000000000000 ) ) ;
#3539 = ADVANCED_FACE ( 'NONE', ( #5366 ), #3745, .T. ) ;
#3540 = DIRECTION ( 'NONE',  ( -0.000000000000000000, -0.000000000000000000, 1.000000000000000000 ) ) ;
#3541 = CARTESIAN_POINT ( 'NONE',  ( 72.87402738274066394, 14.39999999999989910, -4.651859279291792326 ) ) ;
#3542 = CARTESIAN_POINT ( 'NONE',  ( 72.42586837965859559, 14.39999999999990621, 0.7167370884807734432 ) ) ;
#3543 = CARTESIAN_POINT ( 'NONE',  ( 69.96488978757159316, 14.39999999999990976, -3.992175667217510160 ) ) ;
#3544 = EDGE_LOOP ( 'NONE', ( #2744, #4204, #1786, #796 ) ) ;
#3545 = ORIENTED_EDGE ( 'NONE', *, *, #1728, .T. ) ;
#3546 = DIRECTION ( 'NONE',  ( 0.7071067811865479058, 1.226634733346698719E-15, 0.7071067811865472397 ) ) ;
#3547 = SPHERICAL_SURFACE ( 'NONE', #598, 20.00000000000000355 ) ;
#3548 = CARTESIAN_POINT ( 'NONE',  ( 73.14964967058710954, 14.39999999999989910, 0.5613312217500887602 ) ) ;
#3549 = APPROVAL_ROLE ( '' ) ;
#3550 = CARTESIAN_POINT ( 'NONE',  ( 73.90903235866929322, 15.39999999999989733, 3.302517510436987269 ) ) ;
#3551 = LINE ( 'NONE', #5182, #5694 ) ;
#3552 = DIRECTION ( 'NONE',  ( -1.000000000000000000, 0.000000000000000000, 0.000000000000000000 ) ) ;
#3553 = ORIENTED_EDGE ( 'NONE', *, *, #4036, .T. ) ;
#3554 = LINE ( 'NONE', #4077, #4688 ) ;
#3555 = CARTESIAN_POINT ( 'NONE',  ( 23.25622670975753437, 10.39999999999993285, 8.000000000000000000 ) ) ;
#3556 = FACE_OUTER_BOUND ( 'NONE', #6444, .T. ) ;
#3557 = FACE_OUTER_BOUND ( 'NONE', #2554, .T. ) ;
#3558 = ORIENTED_EDGE ( 'NONE', *, *, #5914, .F. ) ;
#3559 = ORIENTED_EDGE ( 'NONE', *, *, #2667, .F. ) ;
#3560 = CARTESIAN_POINT ( 'NONE',  ( 79.59999999999999432, -4.199999999999992184, 31.00000000000000711 ) ) ;
#3561 = CARTESIAN_POINT ( 'NONE',  ( 69.80467683944017665, 14.39999999999990976, -3.280442195151782148 ) ) ;
#3562 = B_SPLINE_SURFACE_WITH_KNOTS ( 'NONE', 3, 1, ( 
 ( #255, #1293 ),
 ( #1481, #1414 ),
 ( #378, #2488 ),
 ( #1999, #4089 ),
 ( #927, #6607 ),
 ( #6568, #5497 ),
 ( #1937, #1814 ),
 ( #5163, #889 ),
 ( #2888, #1971 ),
 ( #3606, #4058 ),
 ( #5000, #4606 ),
 ( #3379, #6730 ),
 ( #3939, #2331 ),
 ( #6177, #743 ),
 ( #192, #6052 ),
 ( #3532, #1781 ),
 ( #2859, #3414 ),
 ( #6205, #2299 ),
 ( #1442, #3052 ) ),
 .UNSPECIFIED., .F., .F., .F.,
 ( 4, 1, 1, 1, 1, 1, 1, 1, 1, 1, 1, 1, 1, 1, 1, 1, 4 ),
 ( 2, 2 ),
 ( 0.000000000000000000, 0.06200663794921384975, 0.1206886809916012937, 0.1767731834117075018, 0.2317814084715716649, 0.2865224092909357534, 0.3430020190175298578, 0.4015190700472235918, 0.4639272173145542189, 0.5004236708597011862, 0.5454117845739701043, 0.5987210882214168972, 0.6614254681692205429, 0.7325329982764028358, 0.8126288386147100251, 0.9017864700021328561, 1.000000000000000000 ),
 ( 0.000000000000000000, 1.000000000000000000 ),
 .UNSPECIFIED. ) ;
#3563 = CARTESIAN_POINT ( 'NONE',  ( 63.09999999999998721, 15.39999999999993463, -7.000000000000004441 ) ) ;
#3564 = ADVANCED_FACE ( 'NONE', ( #5264 ), #1794, .T. ) ;
#3565 = CARTESIAN_POINT ( 'NONE',  ( 73.90903235866929322, 14.39999999999989910, 4.512590736974447125 ) ) ;
#3566 = VERTEX_POINT ( 'NONE', #1025 ) ;
#3567 = CIRCLE ( 'NONE', #6229, 0.5000000000000004441 ) ;
#3568 = EDGE_LOOP ( 'NONE', ( #6776, #981, #3093, #3781, #4500, #728 ) ) ;
#3569 = CARTESIAN_POINT ( 'NONE',  ( 23.55622670975753152, 10.39999999999993641, 5.851049786767960641E-46 ) ) ;
#3570 = DIRECTION ( 'NONE',  ( 1.000000000000000000, 2.668805347656625692E-16, -0.000000000000000000 ) ) ;
#3571 = FACE_OUTER_BOUND ( 'NONE', #1210, .T. ) ;
#3572 = EDGE_CURVE ( 'NONE', #5291, #4640, #3148, .T. ) ;
#3573 = ADVANCED_FACE ( 'NONE', ( #6519 ), #744, .T. ) ;
#3574 = EDGE_CURVE ( 'NONE', #6653, #496, #1764, .T. ) ;
#3575 = CARTESIAN_POINT ( 'NONE',  ( 71.61392135363901446, 15.39999999999989733, -5.058733823050554079 ) ) ;
#3576 = CARTESIAN_POINT ( 'NONE',  ( 73.01977361456930282, 14.39999999999989555, 0.5648011629487635910 ) ) ;
#3577 = LINE ( 'NONE', #2531, #1276 ) ;
#3578 = CIRCLE ( 'NONE', #5579, 1.700000000000000178 ) ;
#3579 = ORIENTED_EDGE ( 'NONE', *, *, #1270, .F. ) ;
#3580 = VECTOR ( 'NONE', #5049, 1000.000000000000000 ) ;
#3581 = ORIENTED_EDGE ( 'NONE', *, *, #2507, .F. ) ;
#3582 = DIRECTION ( 'NONE',  ( 0.000000000000000000, 0.000000000000000000, 1.000000000000000000 ) ) ;
#3583 = DIRECTION ( 'NONE',  ( -1.000000000000000000, -0.000000000000000000, -0.000000000000000000 ) ) ;
#3584 = ADVANCED_FACE ( 'NONE', ( #2239 ), #5014, .T. ) ;
#3585 = AXIS2_PLACEMENT_3D ( 'NONE', #3279, #4909, #5917 ) ;
#3586 = FACE_OUTER_BOUND ( 'NONE', #5849, .T. ) ;
#3587 = DIRECTION ( 'NONE',  ( -0.000000000000000000, 1.000000000000000000, -0.000000000000000000 ) ) ;
#3588 = CARTESIAN_POINT ( 'NONE',  ( 73.09655462085127908, 14.39999999999989910, 1.746709076317396692 ) ) ;
#3589 = CARTESIAN_POINT ( 'NONE',  ( 0.000000000000000000, -4.000000000000067502, 0.000000000000000000 ) ) ;
#3590 = ORIENTED_EDGE ( 'NONE', *, *, #486, .F. ) ;
#3591 = VECTOR ( 'NONE', #2589, 1000.000000000000000 ) ;
#3592 = AXIS2_PLACEMENT_3D ( 'NONE', #4915, #3290, #6518 ) ;
#3593 = DIRECTION ( 'NONE',  ( 0.000000000000000000, 0.000000000000000000, 1.000000000000000000 ) ) ;
#3594 = DIRECTION ( 'NONE',  ( 0.000000000000000000, 0.000000000000000000, 1.000000000000000000 ) ) ;
#3595 = CARTESIAN_POINT ( 'NONE',  ( 22.54490184435235278, 15.39999999999992397, -8.326175397292922515E-31 ) ) ;
#3596 = VECTOR ( 'NONE', #4873, 1000.000000000000000 ) ;
#3597 = VECTOR ( 'NONE', #4412, 1000.000000000000000 ) ;
#3598 = LINE ( 'NONE', #5218, #3693 ) ;
#3599 = VERTEX_POINT ( 'NONE', #722 ) ;
#3600 = VERTEX_POINT ( 'NONE', #3427 ) ;
#3601 = CARTESIAN_POINT ( 'NONE',  ( 69.80640540196218069, 15.39999999999990798, -3.388733873839131050 ) ) ;
#3602 = CARTESIAN_POINT ( 'NONE',  ( 21.75622670975752726, 5.400000000004187228, -2.799999999999999378 ) ) ;
#3603 = CIRCLE ( 'NONE', #4930, 3.999999999999996447 ) ;
#3604 = ADVANCED_FACE ( 'NONE', ( #652 ), #1796, .T. ) ;
#3605 = DIRECTION ( 'NONE',  ( 0.000000000000000000, 0.000000000000000000, 1.000000000000000000 ) ) ;
#3606 = CARTESIAN_POINT ( 'NONE',  ( 72.34242345893215997, 14.39999999999989910, 2.278965563026795760 ) ) ;
#3607 = VECTOR ( 'NONE', #1526, 1000.000000000000000 ) ;
#3608 = ORIENTED_EDGE ( 'NONE', *, *, #6561, .T. ) ;
#3609 = ORIENTED_EDGE ( 'NONE', *, *, #221, .T. ) ;
#3610 = CARTESIAN_POINT ( 'NONE',  ( 72.32939803355394304, 14.39999999999990266, -2.116734641899079339 ) ) ;
#3611 = ORIENTED_EDGE ( 'NONE', *, *, #2950, .T. ) ;
#3612 = FACE_OUTER_BOUND ( 'NONE', #5272, .T. ) ;
#3613 = B_SPLINE_CURVE_WITH_KNOTS ( 'NONE', 3,
 ( #704, #2860, #4940, #1711, #6569, #5951, #2786, #2368, #746, #4972, #4378 ),
 .UNSPECIFIED., .F., .F.,
 ( 4, 1, 1, 1, 1, 1, 1, 1, 4 ),
 ( 0.000000000000000000, 0.1293812363397562060, 0.2505909355976835839, 0.3649782009948817074, 0.4797078271108111691, 0.5961341567228848337, 0.7185076765724170977, 0.8520551241155807087, 1.000000000000000000 ),
 .UNSPECIFIED. ) ;
#3614 = CARTESIAN_POINT ( 'NONE',  ( -22.61491958098286403, -4.191111111111185394, 0.000000000000000000 ) ) ;
#3615 = CARTESIAN_POINT ( 'NONE',  ( 70.34809833449712357, 15.39999999999990266, -5.442844874903951080 ) ) ;
#3616 = VECTOR ( 'NONE', #1017, 1000.000000000000000 ) ;
#3617 = CARTESIAN_POINT ( 'NONE',  ( 70.04813011460549887, 14.39999999999989910, -4.089114844249175817 ) ) ;
#3618 = ORIENTED_EDGE ( 'NONE', *, *, #1158, .F. ) ;
#3619 = EDGE_CURVE ( 'NONE', #3566, #1415, #3883, .T. ) ;
#3620 = EDGE_LOOP ( 'NONE', ( #6752, #920, #4974, #561 ) ) ;
#3621 = DIRECTION ( 'NONE',  ( 0.000000000000000000, -1.000000000000000000, 0.000000000000000000 ) ) ;
#3622 = EDGE_CURVE ( 'NONE', #747, #5841, #5475, .T. ) ;
#3623 = EDGE_CURVE ( 'NONE', #5598, #747, #5808, .T. ) ;
#3624 = LINE ( 'NONE', #3655, #4602 ) ;
#3625 = SHAPE_DEFINITION_REPRESENTATION ( #3405, #6418 ) ;
#3626 = CARTESIAN_POINT ( 'NONE',  ( 41.50000000000000711, 9.800000000000004263, -9.000000000000005329 ) ) ;
#3627 = CARTESIAN_POINT ( 'NONE',  ( 72.44972479050919389, 14.39999999999990266, 2.060984006103552257 ) ) ;
#3628 = CARTESIAN_POINT ( 'NONE',  ( 63.59999999999998721, 5.400000000004201439, 2.800000000000000266 ) ) ;
#3629 = VERTEX_POINT ( 'NONE', #684 ) ;
#3630 = EDGE_CURVE ( 'NONE', #6199, #5109, #2768, .T. ) ;
#3631 = EDGE_CURVE ( 'NONE', #6704, #4501, #4461, .T. ) ;
#3632 = DIRECTION ( 'NONE',  ( -4.003208021484938538E-16, 1.000000000000000000, 5.787049111740484599E-32 ) ) ;
#3633 = ADVANCED_FACE ( 'NONE', ( #3395, #211, #2903 ), #274, .T. ) ;
#3634 = LINE ( 'NONE', #5749, #2611 ) ;
#3635 = DIRECTION ( 'NONE',  ( -0.000000000000000000, 0.4999999999999955036, 0.8660254037844412611 ) ) ;
#3636 = LINE ( 'NONE', #1407, #1910 ) ;
#3637 = ORIENTED_EDGE ( 'NONE', *, *, #857, .F. ) ;
#3638 = VERTEX_POINT ( 'NONE', #4883 ) ;
#3639 = DIRECTION ( 'NONE',  ( 0.000000000000000000, 0.000000000000000000, 1.000000000000000000 ) ) ;
#3640 = CARTESIAN_POINT ( 'NONE',  ( 69.79931281456869385, 14.39999999999990976, -2.838813496570304462 ) ) ;
#3641 = CARTESIAN_POINT ( 'NONE',  ( 73.62488801783658232, 14.39999999999990266, 1.928000501926772081 ) ) ;
#3642 = PLANE ( 'NONE',  #1848 ) ;
#3643 = ORIENTED_EDGE ( 'NONE', *, *, #56, .T. ) ;
#3644 = ORIENTED_EDGE ( 'NONE', *, *, #3619, .F. ) ;
#3645 = CARTESIAN_POINT ( 'NONE',  ( 63.09999999999998721, 14.89999999999999325, 6.999999999999994671 ) ) ;
#3646 = SPHERICAL_SURFACE ( 'NONE', #6341, 23.00000000000004263 ) ;
#3647 = CARTESIAN_POINT ( 'NONE',  ( 62.09999999999998010, 15.39999999999993463, 7.999999999999994671 ) ) ;
#3648 = CARTESIAN_POINT ( 'NONE',  ( 69.82913896981258972, 14.39999999999990621, -3.650836146595793252 ) ) ;
#3649 = VERTEX_POINT ( 'NONE', #1730 ) ;
#3650 = CARTESIAN_POINT ( 'NONE',  ( 1.724274860093048929E-15, 14.89999999999992752, -14.07977272543851832 ) ) ;
#3651 = ORIENTED_EDGE ( 'NONE', *, *, #5967, .T. ) ;
#3652 = ORIENTED_EDGE ( 'NONE', *, *, #2552, .F. ) ;
#3653 = LINE ( 'NONE', #1563, #2591 ) ;
#3654 = CARTESIAN_POINT ( 'NONE',  ( 68.77341977371560233, 15.39999999999990798, 3.039918975100977860 ) ) ;
#3655 = CARTESIAN_POINT ( 'NONE',  ( 28.25622670975752726, 7.400000000018280844, -9.000000000000005329 ) ) ;
#3656 = EDGE_CURVE ( 'NONE', #1966, #13, #3853, .T. ) ;
#3657 = LINE ( 'NONE', #5811, #5568 ) ;
#3658 = FACE_OUTER_BOUND ( 'NONE', #1743, .T. ) ;
#3659 = DIRECTION ( 'NONE',  ( 0.000000000000000000, 1.000000000000000000, 3.858032741160322701E-32 ) ) ;
#3660 = EDGE_LOOP ( 'NONE', ( #4325, #2360, #2484, #135 ) ) ;
#3661 = B_SPLINE_CURVE_WITH_KNOTS ( 'NONE', 3,
 ( #293, #3412, #4444, #3937, #699, #2401 ),
 .UNSPECIFIED., .F., .F.,
 ( 4, 2, 4 ),
 ( 0.002819950983983211638, 0.003235094732605584694, 0.003650238481227958184 ),
 .UNSPECIFIED. ) ;
#3662 = CARTESIAN_POINT ( 'NONE',  ( 69.89755075716210797, 15.39999999999990798, -3.878169316062017202 ) ) ;
#3663 = CARTESIAN_POINT ( 'NONE',  ( 74.93635983262763034, 14.39999999999989555, 3.611209660063890325 ) ) ;
#3664 = EDGE_CURVE ( 'NONE', #2773, #938, #3554, .T. ) ;
#3665 = PLANE ( 'NONE',  #631 ) ;
#3666 = CARTESIAN_POINT ( 'NONE',  ( 69.82071352901058958, 14.39999999999990621, 2.641916310235415288 ) ) ;
#3667 = EDGE_CURVE ( 'NONE', #1669, #4590, #3408, .T. ) ;
#3668 = DIRECTION ( 'NONE',  ( -1.000000000000000000, -4.145478894797516432E-16, 0.000000000000000000 ) ) ;
#3669 = EDGE_LOOP ( 'NONE', ( #5549, #5424, #2180, #4967, #4756, #3686 ) ) ;
#3670 = ORIENTED_EDGE ( 'NONE', *, *, #1664, .T. ) ;
#3671 = DIRECTION ( 'NONE',  ( 0.000000000000000000, 0.000000000000000000, 1.000000000000000000 ) ) ;
#3672 = CARTESIAN_POINT ( 'NONE',  ( 73.65786532946019349, 15.39999999999989555, -5.138529120990453336 ) ) ;
#3673 = DIRECTION ( 'NONE',  ( 1.000000000000000000, -1.156482317317870344E-15, -0.000000000000000000 ) ) ;
#3674 = ADVANCED_FACE ( 'NONE', ( #849 ), #6227, .F. ) ;
#3675 = CARTESIAN_POINT ( 'NONE',  ( 23.55622670975753152, 10.39999999999993285, 2.081899558550498307E-16 ) ) ;
#3676 = VERTEX_POINT ( 'NONE', #6097 ) ;
#3677 = ORIENTED_EDGE ( 'NONE', *, *, #4119, .F. ) ;
#3678 = PLANE ( 'NONE',  #713 ) ;
#3679 = CARTESIAN_POINT ( 'NONE',  ( 0.000000000000000000, 14.89999999999992752, 0.000000000000000000 ) ) ;
#3680 = DIRECTION ( 'NONE',  ( -1.000000000000000000, -9.110664488713896743E-17, -0.000000000000000000 ) ) ;
#3681 = CLOSED_SHELL ( 'NONE', ( #2981, #1151, #6289, #2158, #4592, #2430, #1780, #2349, #3335, #6644, #5654, #1766, #1906, #4769, #2875 ) ) ;
#3682 = CARTESIAN_POINT ( 'NONE',  ( 69.84762382175436812, 14.39999999999990266, -3.746056755089363755 ) ) ;
#3683 = ORIENTED_EDGE ( 'NONE', *, *, #2689, .F. ) ;
#3684 = CARTESIAN_POINT ( 'NONE',  ( 73.90931208493557847, 15.39999999999990266, 3.246126950129951894 ) ) ;
#3685 = ORIENTED_EDGE ( 'NONE', *, *, #1663, .T. ) ;
#3686 = ORIENTED_EDGE ( 'NONE', *, *, #3711, .F. ) ;
#3687 = CARTESIAN_POINT ( 'NONE',  ( 74.93635983262761613, 15.39999999999989555, -0.4659962522082454761 ) ) ;
#3688 = AXIS2_PLACEMENT_3D ( 'NONE', #3133, #1009, #5347 ) ;
#3689 = CARTESIAN_POINT ( 'NONE',  ( 79.59999999999999432, 8.599999999999999645, 25.82005025157353018 ) ) ;
#3690 = PERSON ( 'UNSPECIFIED', 'UNSPECIFIED', 'UNSPECIFIED', ('UNSPECIFIED'), ('UNSPECIFIED'), ('UNSPECIFIED') ) ;
#3691 = DIRECTION ( 'NONE',  ( 0.000000000000000000, 0.000000000000000000, 1.000000000000000000 ) ) ;
#3692 = CARTESIAN_POINT ( 'NONE',  ( 70.36747314018045074, 14.39999999999990976, 1.988291369166867772 ) ) ;
#3693 = VECTOR ( 'NONE', #470, 1000.000000000000000 ) ;
#3694 = CARTESIAN_POINT ( 'NONE',  ( 69.16414872074881259, 14.39999999999990976, -4.870280022782226936 ) ) ;
#3695 = CARTESIAN_POINT ( 'NONE',  ( 12.36985263942103508, 15.23111111111103888, -12.00000000000000533 ) ) ;
#3696 = ORIENTED_EDGE ( 'NONE', *, *, #6671, .F. ) ;
#3697 = FACE_OUTER_BOUND ( 'NONE', #6495, .T. ) ;
#3698 = CIRCLE ( 'NONE', #6684, 20.08581589082205454 ) ;
#3699 = CIRCLE ( 'NONE', #705, 1.700000000000000178 ) ;
#3700 = CARTESIAN_POINT ( 'NONE',  ( 72.17541724636460287, 15.39999999999990266, -3.898652956059407426 ) ) ;
#3701 = FACE_OUTER_BOUND ( 'NONE', #4908, .T. ) ;
#3702 = CARTESIAN_POINT ( 'NONE',  ( 72.32883307172075149, 15.39999999999989377, -1.986855367727767607 ) ) ;
#3703 = CARTESIAN_POINT ( 'NONE',  ( 68.83454868887599787, 15.39999999999990798, -4.058953192824878542 ) ) ;
#3704 = CIRCLE ( 'NONE', #163, 1.700000000000000178 ) ;
#3705 = VERTEX_POINT ( 'NONE', #3077 ) ;
#3706 = CIRCLE ( 'NONE', #5479, 0.5000000000000004441 ) ;
#3707 = DIRECTION ( 'NONE',  ( -0.000000000000000000, 1.000000000000000000, -0.000000000000000000 ) ) ;
#3708 = EDGE_CURVE ( 'NONE', #2012, #4523, #2972, .T. ) ;
#3709 = CARTESIAN_POINT ( 'NONE',  ( 2.709321738048143646E-15, -4.100000000000070699, -22.12329089443976216 ) ) ;
#3710 = CARTESIAN_POINT ( 'NONE',  ( 74.86253695136868203, 14.39999999999989555, 1.883657969401752563 ) ) ;
#3711 = EDGE_CURVE ( 'NONE', #4021, #5507, #3040, .T. ) ;
#3712 = VECTOR ( 'NONE', #4406, 1000.000000000000000 ) ;
#3713 = AXIS2_PLACEMENT_3D ( 'NONE', #6605, #253, #5494 ) ;
#3714 = LINE ( 'NONE', #4712, #4389 ) ;
#3715 = ORIENTED_EDGE ( 'NONE', *, *, #3160, .T. ) ;
#3716 = EDGE_LOOP ( 'NONE', ( #3064, #3866, #5721, #228 ) ) ;
#3717 = FACE_OUTER_BOUND ( 'NONE', #3830, .T. ) ;
#3718 = VECTOR ( 'NONE', #6854, 1000.000000000000000 ) ;
#3719 = FACE_OUTER_BOUND ( 'NONE', #4578, .T. ) ;
#3720 = ADVANCED_FACE ( 'NONE', ( #5150 ), #4447, .T. ) ;
#3721 = LINE ( 'NONE', #6449, #703 ) ;
#3722 = CIRCLE ( 'NONE', #6051, 1.699999999999999512 ) ;
#3723 = LINE ( 'NONE', #2561, #5687 ) ;
#3724 = EDGE_LOOP ( 'NONE', ( #3802, #6232, #5910, #3188 ) ) ;
#3725 = CARTESIAN_POINT ( 'NONE',  ( 73.87075453211555498, 15.39999999999989733, 2.404840739321953524 ) ) ;
#3726 = ORIENTED_EDGE ( 'NONE', *, *, #6035, .F. ) ;
#3727 = ORIENTED_EDGE ( 'NONE', *, *, #702, .T. ) ;
#3728 = CARTESIAN_POINT ( 'NONE',  ( 17.40689518552919424, -4.000000000000067502, -9.000000000000005329 ) ) ;
#3729 = CIRCLE ( 'NONE', #6382, 13.57977272543851832 ) ;
#3730 = CARTESIAN_POINT ( 'NONE',  ( 22.25622670975753437, 10.39999999999993108, -7.000000000000000000 ) ) ;
#3731 = CIRCLE ( 'NONE', #837, 0.5000000000000004441 ) ;
#3732 = DIRECTION ( 'NONE',  ( 0.000000000000000000, 0.000000000000000000, 1.000000000000000000 ) ) ;
#3733 = EDGE_LOOP ( 'NONE', ( #5435, #5198, #2270, #1613 ) ) ;
#3734 = CARTESIAN_POINT ( 'NONE',  ( 68.81104328431366923, 14.39999999999990621, -3.890066822795889223 ) ) ;
#3735 = CARTESIAN_POINT ( 'NONE',  ( 21.75622670975752726, 5.400000000004187228, -2.799999999999999378 ) ) ;
#3736 = ORIENTED_EDGE ( 'NONE', *, *, #4537, .F. ) ;
#3737 = CARTESIAN_POINT ( 'NONE',  ( 69.99999999999998579, 5.799999999999999822, 34.57994974842648617 ) ) ;
#3738 = AXIS2_PLACEMENT_3D ( 'NONE', #1723, #5359, #126 ) ;
#3739 = DIRECTION ( 'NONE',  ( 0.000000000000000000, 0.000000000000000000, 1.000000000000000000 ) ) ;
#3740 = LINE ( 'NONE', #2101, #1292 ) ;
#3741 = CARTESIAN_POINT ( 'NONE',  ( 69.79958648531221854, 14.39999999999990621, 3.687353261260369219 ) ) ;
#3742 = CARTESIAN_POINT ( 'NONE',  ( 63.59999999999998721, 15.79999999999999893, 31.00000000000000711 ) ) ;
#3743 = EDGE_LOOP ( 'NONE', ( #1219, #6485, #2533, #1920, #5390, #2435, #3328, #2230 ) ) ;
#3744 = LINE ( 'NONE', #1094, #2925 ) ;
#3745 = PLANE ( 'NONE',  #712 ) ;
#3746 = CARTESIAN_POINT ( 'NONE',  ( 74.79991649026763412, 15.39999999999989377, 1.664549310187251940 ) ) ;
#3747 = MANIFOLD_SOLID_BREP ( 'Chambrage pour vis \X2\00e0\X0\ t\X2\00ea\X0\te hexagonale M31[2]', #3681 ) ;
#3748 = CARTESIAN_POINT ( 'NONE',  ( 68.77239498887763602, 14.39999999999990621, 5.697968591541755501 ) ) ;
#3749 = EDGE_CURVE ( 'NONE', #3638, #23, #1890, .T. ) ;
#3750 = EDGE_LOOP ( 'NONE', ( #3559, #790, #6642, #6001 ) ) ;
#3751 = ORIENTED_EDGE ( 'NONE', *, *, #6109, .T. ) ;
#3752 = DIRECTION ( 'NONE',  ( 0.7071067811865493491, -0.7071067811865456854, 0.000000000000000000 ) ) ;
#3753 = DIRECTION ( 'NONE',  ( -2.631645253013853576E-47, 9.860761315262647568E-32, 1.000000000000000000 ) ) ;
#3754 = LINE ( 'NONE', #6558, #3247 ) ;
#3755 = EDGE_CURVE ( 'NONE', #967, #832, #3002, .T. ) ;
#3756 = CARTESIAN_POINT ( 'NONE',  ( 79.59999999999999432, 16.20000000000005613, 20.40377336712970546 ) ) ;
#3757 = EDGE_CURVE ( 'NONE', #3676, #6288, #1366, .T. ) ;
#3758 = ADVANCED_FACE ( 'NONE', ( #3697 ), #5777, .T. ) ;
#3759 = ORIENTED_EDGE ( 'NONE', *, *, #6592, .F. ) ;
#3760 = LINE ( 'NONE', #1602, #2943 ) ;
#3761 = VERTEX_POINT ( 'NONE', #5882 ) ;
#3762 = ORIENTED_EDGE ( 'NONE', *, *, #317, .T. ) ;
#3763 = DIRECTION ( 'NONE',  ( -0.000000000000000000, -0.000000000000000000, 1.000000000000000000 ) ) ;
#3764 = CARTESIAN_POINT ( 'NONE',  ( 71.22230918556036272, 14.39999999999990266, 3.593922363261941477 ) ) ;
#3765 = PLANE ( 'NONE',  #468 ) ;
#3766 = CARTESIAN_POINT ( 'NONE',  ( 69.62722128760351836, 14.39999999999990621, -5.241539119664150981 ) ) ;
#3767 = LINE ( 'NONE', #1192, #3157 ) ;
#3768 = ORIENTED_EDGE ( 'NONE', *, *, #3631, .T. ) ;
#3769 = MANIFOLD_SOLID_BREP ( 'Enl\X2\00e8\X0\v. mat.-Extru.6', #4233 ) ;
#3770 = CARTESIAN_POINT ( 'NONE',  ( 22.25622670975753437, 14.89999999999991687, -7.000000000000000000 ) ) ;
#3771 = CARTESIAN_POINT ( 'NONE',  ( 39.14480869475971048, 10.39999999999993285, -8.000000000000003553 ) ) ;
#3772 = DIRECTION ( 'NONE',  ( -1.000000000000000000, -3.469446951953613696E-16, 0.000000000000000000 ) ) ;
#3773 = CARTESIAN_POINT ( 'NONE',  ( 73.14964967058710954, 15.39999999999989910, 0.5613312217500887602 ) ) ;
#3774 = CARTESIAN_POINT ( 'NONE',  ( 68.77239498887762181, 15.39999999999990443, -3.052836466081692901 ) ) ;
#3775 = ORIENTED_EDGE ( 'NONE', *, *, #3420, .T. ) ;
#3776 = LINE ( 'NONE', #5755, #4574 ) ;
#3777 = CARTESIAN_POINT ( 'NONE',  ( 72.17541724636460287, 15.39999999999990266, -3.898652956059407426 ) ) ;
#3778 = CARTESIAN_POINT ( 'NONE',  ( 74.60620229029655093, 14.39999999999989200, 1.285485412787307213 ) ) ;
#3779 = CARTESIAN_POINT ( 'NONE',  ( 70.65921272289904209, 15.39999999999990976, -4.253803010690768716 ) ) ;
#3780 = CARTESIAN_POINT ( 'NONE',  ( 70.64562509685090674, 15.39999999999990443, -5.441372694436123147 ) ) ;
#3781 = ORIENTED_EDGE ( 'NONE', *, *, #3749, .T. ) ;
#3782 = VERTEX_POINT ( 'NONE', #3737 ) ;
#3783 = DIRECTION ( 'NONE',  ( -4.003208021484938538E-16, 1.000000000000000000, 5.787049111740484599E-32 ) ) ;
#3784 = CARTESIAN_POINT ( 'NONE',  ( 73.39205591599043998, 14.39999999999990621, 1.787415871823079261 ) ) ;
#3785 = DIRECTION ( 'NONE',  ( 1.277847652571759596E-16, -1.000000000000000000, 2.168404344971008868E-16 ) ) ;
#3786 = CARTESIAN_POINT ( 'NONE',  ( 72.86410819817218965, 15.39999999999989733, -3.156306220354422987 ) ) ;
#3787 = EDGE_LOOP ( 'NONE', ( #861, #6186, #4875, #6433 ) ) ;
#3788 = CARTESIAN_POINT ( 'NONE',  ( 57.10000000006383658, -500000.0000000000582, -9.000000000000005329 ) ) ;
#3789 = EDGE_LOOP ( 'NONE', ( #3818, #2892, #4904, #3528 ) ) ;
#3790 = CARTESIAN_POINT ( 'NONE',  ( 79.59999999999999432, 15.39999999999991687, -12.00000000000000533 ) ) ;
#3791 = EDGE_CURVE ( 'NONE', #2012, #4191, #2654, .T. ) ;
#3792 = CIRCLE ( 'NONE', #6226, 17.86057109949175370 ) ;
#3793 = EDGE_CURVE ( 'NONE', #13, #6010, #4811, .T. ) ;
#3794 = EDGE_CURVE ( 'NONE', #4196, #3600, #1540, .T. ) ;
#3795 = DIRECTION ( 'NONE',  ( -0.000000000000000000, 1.000000000000000000, -0.000000000000000000 ) ) ;
#3796 = DIRECTION ( 'NONE',  ( -0.000000000000000000, 1.000000000000000000, -0.000000000000000000 ) ) ;
#3797 = ORIENTED_EDGE ( 'NONE', *, *, #5535, .F. ) ;
#3798 = CARTESIAN_POINT ( 'NONE',  ( 70.48007996061365077, 14.39999999999990621, -5.444583241390937189 ) ) ;
#3799 = PLANE ( 'NONE',  #5594 ) ;
#3800 = ORIENTED_EDGE ( 'NONE', *, *, #5569, .T. ) ;
#3801 = AXIS2_PLACEMENT_3D ( 'NONE', #4279, #1083, #3732 ) ;
#3802 = ORIENTED_EDGE ( 'NONE', *, *, #4805, .T. ) ;
#3803 = EDGE_CURVE ( 'NONE', #747, #5598, #4253, .T. ) ;
#3804 = LINE ( 'NONE', #1754, #2699 ) ;
#3805 = CARTESIAN_POINT ( 'NONE',  ( 73.53736701051849423, 15.39999999999989733, -3.656638310751914922 ) ) ;
#3806 = DIRECTION ( 'NONE',  ( -0.000000000000000000, -0.000000000000000000, 1.000000000000000000 ) ) ;
#3807 = CARTESIAN_POINT ( 'NONE',  ( 72.43525359035709243, 14.39999999999990266, -2.678965058003981881 ) ) ;
#3808 = CARTESIAN_POINT ( 'NONE',  ( 68.89534061273549526, 14.39999999999990976, -4.347358088046798130 ) ) ;
#3809 = ORIENTED_EDGE ( 'NONE', *, *, #6046, .F. ) ;
#3810 = DIRECTION ( 'NONE',  ( 0.000000000000000000, -1.000000000000000000, 0.000000000000000000 ) ) ;
#3811 = AXIS2_PLACEMENT_3D ( 'NONE', #3462, #3860, #6075 ) ;
#3812 = VECTOR ( 'NONE', #4567, 1000.000000000000000 ) ;
#3813 = DIRECTION ( 'NONE',  ( 0.000000000000000000, 0.000000000000000000, 1.000000000000000000 ) ) ;
#3814 = CARTESIAN_POINT ( 'NONE',  ( 71.26221660386431722, 15.39999999999990443, -3.600179962680884138 ) ) ;
#3815 = LINE ( 'NONE', #3888, #1622 ) ;
#3816 = AXIS2_PLACEMENT_3D ( 'NONE', #2620, #3632, #6267 ) ;
#3817 = AXIS2_PLACEMENT_3D ( 'NONE', #2389, #6446, #1178 ) ;
#3818 = ORIENTED_EDGE ( 'NONE', *, *, #403, .F. ) ;
#3819 = ORIENTED_EDGE ( 'NONE', *, *, #5120, .F. ) ;
#3820 = CARTESIAN_POINT ( 'NONE',  ( 69.79958091509200813, 15.39999999999991154, -2.721096015516010880 ) ) ;
#3821 = DIRECTION ( 'NONE',  ( 0.000000000000000000, 0.000000000000000000, 1.000000000000000000 ) ) ;
#3822 = CARTESIAN_POINT ( 'NONE',  ( 0.000000000000000000, -4.100000000000072475, 0.000000000000000000 ) ) ;
#3823 = VECTOR ( 'NONE', #443, 1000.000000000000000 ) ;
#3824 = CIRCLE ( 'NONE', #54, 1.699999999999999512 ) ;
#3825 = CARTESIAN_POINT ( 'NONE',  ( 70.25804461111586363, 15.39999999999990443, 0.8007097694439296864 ) ) ;
#3826 = AXIS2_PLACEMENT_3D ( 'NONE', #4976, #1853, #1819 ) ;
#3827 = CARTESIAN_POINT ( 'NONE',  ( 71.22217588831672686, 14.39999999999990266, 3.654426561011657082 ) ) ;
#3828 = AXIS2_PLACEMENT_3D ( 'NONE', #683, #1354, #210 ) ;
#3829 = ORIENTED_EDGE ( 'NONE', *, *, #445, .T. ) ;
#3830 = EDGE_LOOP ( 'NONE', ( #4274, #3096, #1749, #4754, #5915, #2584 ) ) ;
#3831 = CARTESIAN_POINT ( 'NONE',  ( 71.59999999999999432, 5.799999999999999822, 37.97994974842648475 ) ) ;
#3832 = CIRCLE ( 'NONE', #829, 1.700000000000000178 ) ;
#3833 = CARTESIAN_POINT ( 'NONE',  ( 0.000000000000000000, -4.600000000000070699, 22.12329089443976216 ) ) ;
#3834 = CARTESIAN_POINT ( 'NONE',  ( 74.93442046197060336, 14.39999999999989555, 3.337903259003626832 ) ) ;
#3835 = EDGE_CURVE ( 'NONE', #4401, #6555, #5884, .T. ) ;
#3836 = ORIENTED_EDGE ( 'NONE', *, *, #4886, .F. ) ;
#3837 = CARTESIAN_POINT ( 'NONE',  ( 69.85216909391449747, 15.39999999999990266, -5.342164192612377072 ) ) ;
#3838 = AXIS2_PLACEMENT_3D ( 'NONE', #4421, #5431, #3739 ) ;
#3839 = CARTESIAN_POINT ( 'NONE',  ( 57.09999999999994458, 10.39999999999992752, -9.000000000000005329 ) ) ;
#3840 = ORIENTED_EDGE ( 'NONE', *, *, #5742, .F. ) ;
#3841 = EDGE_CURVE ( 'NONE', #5926, #5701, #5215, .T. ) ;
#3842 = ORIENTED_EDGE ( 'NONE', *, *, #1705, .T. ) ;
#3843 = DIRECTION ( 'NONE',  ( 0.000000000000000000, 1.000000000000000000, 3.858032741160322701E-32 ) ) ;
#3844 = AXIS2_PLACEMENT_3D ( 'NONE', #2140, #6867, #5197 ) ;
#3845 = CYLINDRICAL_SURFACE ( 'NONE', #509, 1.700000000000000178 ) ;
#3846 = FACE_OUTER_BOUND ( 'NONE', #507, .T. ) ;
#3847 = CARTESIAN_POINT ( 'NONE',  ( 21.75622670975752726, 7.400000000004187228, 2.799999999999999822 ) ) ;
#3848 = CARTESIAN_POINT ( 'NONE',  ( 69.73751706516081583, 15.39999999999991154, -5.297009340497396579 ) ) ;
#3849 = ORIENTED_EDGE ( 'NONE', *, *, #2260, .F. ) ;
#3850 = ADVANCED_FACE ( 'NONE', ( #3137 ), #4216, .F. ) ;
#3851 = EDGE_CURVE ( 'NONE', #5297, #5384, #3071, .T. ) ;
#3852 = CARTESIAN_POINT ( 'NONE',  ( 74.89437770027838326, 14.39999999999989910, 2.117139655869680670 ) ) ;
#3853 = LINE ( 'NONE', #6195, #5693 ) ;
#3854 = CARTESIAN_POINT ( 'NONE',  ( 71.19316155131767232, 15.39999999999990443, 2.651499896572624859 ) ) ;
#3855 = DIRECTION ( 'NONE',  ( -1.000000000000000000, -0.000000000000000000, -0.000000000000000000 ) ) ;
#3856 = VERTEX_POINT ( 'NONE', #55 ) ;
#3857 = ORIENTED_EDGE ( 'NONE', *, *, #2637, .T. ) ;
#3858 = DIRECTION ( 'NONE',  ( 2.668805347656625692E-16, -1.000000000000000000, -3.858032741160322701E-32 ) ) ;
#3859 = DIRECTION ( 'NONE',  ( -0.000000000000000000, 1.000000000000000000, -0.000000000000000000 ) ) ;
#3860 = DIRECTION ( 'NONE',  ( 1.000000000000000000, 0.000000000000000000, 0.000000000000000000 ) ) ;
#3861 = DIRECTION ( 'NONE',  ( 1.000000000000000000, 0.000000000000000000, 0.000000000000000000 ) ) ;
#3862 = MANIFOLD_SOLID_BREP ( 'Chanfrein5', #2683 ) ;
#3863 = FACE_OUTER_BOUND ( 'NONE', #4822, .T. ) ;
#3864 = ORIENTED_EDGE ( 'NONE', *, *, #6541, .F. ) ;
#3865 = DIRECTION ( 'NONE',  ( 0.000000000000000000, 0.000000000000000000, -1.000000000000000000 ) ) ;
#3866 = ORIENTED_EDGE ( 'NONE', *, *, #6165, .F. ) ;
#3867 = LINE ( 'NONE', #2919, #4570 ) ;
#3868 = DIRECTION ( 'NONE',  ( -0.000000000000000000, -0.000000000000000000, 1.000000000000000000 ) ) ;
#3869 = FACE_OUTER_BOUND ( 'NONE', #2759, .T. ) ;
#3870 = ORIENTED_EDGE ( 'NONE', *, *, #1118, .T. ) ;
#3871 = CARTESIAN_POINT ( 'NONE',  ( 69.31125983422590764, 14.39999999999990976, 1.200500812154248864 ) ) ;
#3872 = DIRECTION ( 'NONE',  ( 1.734723475976793684E-15, 1.000000000000000000, -0.000000000000000000 ) ) ;
#3873 = VERTEX_POINT ( 'NONE', #1647 ) ;
#3874 = ORIENTED_EDGE ( 'NONE', *, *, #6423, .F. ) ;
#3875 = CARTESIAN_POINT ( 'NONE',  ( 25.25622670975753081, 15.39999999999992397, 0.000000000000000000 ) ) ;
#3876 = EDGE_CURVE ( 'NONE', #4641, #5623, #5255, .T. ) ;
#3877 = DIRECTION ( 'NONE',  ( -1.000000000000000000, 1.734723475976793487E-15, 0.000000000000000000 ) ) ;
#3878 = CARTESIAN_POINT ( 'NONE',  ( 71.59999999999999432, 5.799999999999999822, 34.57994974842648617 ) ) ;
#3879 = CARTESIAN_POINT ( 'NONE',  ( 69.79932904231728230, 15.39999999999990621, 3.548645418991260847 ) ) ;
#3880 = CARTESIAN_POINT ( 'NONE',  ( 71.22217588831672686, 14.39999999999990266, 4.512590736974447125 ) ) ;
#3881 = ORIENTED_EDGE ( 'NONE', *, *, #2086, .F. ) ;
#3882 = FACE_OUTER_BOUND ( 'NONE', #3660, .T. ) ;
#3883 = LINE ( 'NONE', #3917, #2923 ) ;
#3884 = EDGE_CURVE ( 'NONE', #6535, #6740, #5696, .T. ) ;
#3885 = CARTESIAN_POINT ( 'NONE',  ( 16.85941873256619417, 15.39999999999992575, -9.000000000000005329 ) ) ;
#3886 = CC_DESIGN_DATE_AND_TIME_ASSIGNMENT ( #6190, #5638, ( #6551 ) ) ;
#3887 = ADVANCED_FACE ( 'NONE', ( #6778 ), #4147, .F. ) ;
#3888 = CARTESIAN_POINT ( 'NONE',  ( 63.59999999999998721, 10.89999999999992752, -9.000000000000005329 ) ) ;
#3889 = ORIENTED_EDGE ( 'NONE', *, *, #5535, .T. ) ;
#3890 = EDGE_LOOP ( 'NONE', ( #4099, #4343, #769, #1677 ) ) ;
#3891 = CARTESIAN_POINT ( 'NONE',  ( 69.79972246283594473, 15.39999999999990443, -2.658945283157764461 ) ) ;
#3892 = CARTESIAN_POINT ( 'NONE',  ( 0.000000000000000000, 0.000000000000000000, 9.000000000000005329 ) ) ;
#3893 = LINE ( 'NONE', #1246, #1923 ) ;
#3894 = DIRECTION ( 'NONE',  ( 0.000000000000000000, 1.000000000000000000, 0.000000000000000000 ) ) ;
#3895 = EDGE_CURVE ( 'NONE', #1415, #750, #3804, .T. ) ;
#3896 = CARTESIAN_POINT ( 'NONE',  ( 22.25622670975753437, 10.39999999999993108, -7.000000000000000000 ) ) ;
#3897 = ORIENTED_EDGE ( 'NONE', *, *, #349, .F. ) ;
#3898 = LINE ( 'NONE', #1251, #1051 ) ;
#3899 = ORIENTED_EDGE ( 'NONE', *, *, #2423, .T. ) ;
#3900 = DIRECTION ( 'NONE',  ( 1.000000000000000000, 0.000000000000000000, 0.000000000000000000 ) ) ;
#3901 = CARTESIAN_POINT ( 'NONE',  ( 60.09999999999990905, 0.3999999999999507283, -5.787049111740471462E-31 ) ) ;
#3902 = B_SPLINE_SURFACE_WITH_KNOTS ( 'NONE', 3, 1, ( 
 ( #2635, #3257 ),
 ( #6797, #2705 ),
 ( #4231, #6386 ),
 ( #5232, #3221 ),
 ( #5797, #1135 ),
 ( #1101, #1033 ),
 ( #5274, #4751 ),
 ( #3784, #2557 ),
 ( #6282, #586 ),
 ( #4199, #999 ),
 ( #6348, #4825 ) ),
 .UNSPECIFIED., .F., .F., .F.,
 ( 4, 1, 1, 1, 1, 1, 1, 1, 4 ),
 ( 2, 2 ),
 ( 0.000000000000000000, 0.1288996672966942203, 0.2504420093451991125, 0.3693329411609528323, 0.4884299232730958118, 0.6077891036300233640, 0.7301306946546413101, 0.8590303619513384170, 1.000000000000000000 ),
 ( 0.000000000000000000, 1.000000000000000000 ),
 .UNSPECIFIED. ) ;
#3903 = CARTESIAN_POINT ( 'NONE',  ( 74.92226691608847489, 15.39999999999988844, 2.654640105918340431 ) ) ;
#3904 = ORIENTED_EDGE ( 'NONE', *, *, #1500, .F. ) ;
#3905 = CARTESIAN_POINT ( 'NONE',  ( 69.44915870137609204, 14.39999999999990976, 1.087063180763373493 ) ) ;
#3906 = FACE_OUTER_BOUND ( 'NONE', #1570, .T. ) ;
#3907 = ORIENTED_EDGE ( 'NONE', *, *, #2513, .F. ) ;
#3908 = EDGE_LOOP ( 'NONE', ( #6695, #83 ) ) ;
#3909 = ADVANCED_FACE ( 'NONE', ( #3421 ), #2868, .F. ) ;
#3910 = CARTESIAN_POINT ( 'NONE',  ( 69.79972246283594473, 14.39999999999990621, -1.651374106775552963 ) ) ;
#3911 = CARTESIAN_POINT ( 'NONE',  ( 74.71467845661241824, 15.39999999999989733, 1.465165183112784097 ) ) ;
#3912 = PLANE ( 'NONE',  #745 ) ;
#3913 = CARTESIAN_POINT ( 'NONE',  ( 9.352872943506104447E-16, 3.244929652585667729E-31, 12.00000000000000533 ) ) ;
#3914 = AXIS2_PLACEMENT_3D ( 'NONE', #3847, #2835, #3424 ) ;
#3915 = DIRECTION ( 'NONE',  ( 1.000000000000000000, 0.000000000000000000, 0.000000000000000000 ) ) ;
#3916 = ORIENTED_EDGE ( 'NONE', *, *, #2780, .F. ) ;
#3917 = CARTESIAN_POINT ( 'NONE',  ( 62.09999999999998010, 15.39999999999999147, 7.711324865405175366 ) ) ;
#3918 = CIRCLE ( 'NONE', #4793, 1.700000000000000178 ) ;
#3919 = CARTESIAN_POINT ( 'NONE',  ( 70.64031471211066560, 15.39999999999990088, 1.990428656342998037 ) ) ;
#3920 = CARTESIAN_POINT ( 'NONE',  ( 71.72104698151825630, 15.39999999999990088, -4.955659209497730977 ) ) ;
#3921 = ORIENTED_EDGE ( 'NONE', *, *, #1403, .T. ) ;
#3922 = VECTOR ( 'NONE', #3223, 1000.000000000000000 ) ;
#3923 = EDGE_CURVE ( 'NONE', #4954, #4978, #5988, .T. ) ;
#3924 = ORIENTED_EDGE ( 'NONE', *, *, #2558, .T. ) ;
#3925 = CARTESIAN_POINT ( 'NONE',  ( 71.43832769817166195, 15.39999999999990266, 1.284274113726118438 ) ) ;
#3926 = DIRECTION ( 'NONE',  ( 0.000000000000000000, -1.000000000000000000, 0.000000000000000000 ) ) ;
#3927 = ADVANCED_FACE ( 'NONE', ( #6540 ), #4026, .T. ) ;
#3928 = CARTESIAN_POINT ( 'NONE',  ( 0.000000000000000000, 14.89999999999992752, 16.85941873256619772 ) ) ;
#3929 = CARTESIAN_POINT ( 'NONE',  ( 62.09999999999998010, 10.39999999999994351, 7.999999999999994671 ) ) ;
#3930 = VECTOR ( 'NONE', #968, 1000.000000000000000 ) ;
#3931 = VECTOR ( 'NONE', #4872, 1000.000000000000000 ) ;
#3932 = VERTEX_POINT ( 'NONE', #2231 ) ;
#3933 = CARTESIAN_POINT ( 'NONE',  ( 50.35519130524024689, 8.399999999999932854, -8.000000000000003553 ) ) ;
#3934 = VECTOR ( 'NONE', #3104, 1000.000000000000000 ) ;
#3935 = AXIS2_PLACEMENT_3D ( 'NONE', #4961, #658, #1211 ) ;
#3936 = ORIENTED_EDGE ( 'NONE', *, *, #2507, .T. ) ;
#3937 = CARTESIAN_POINT ( 'NONE',  ( 17.46539514432180340, -4.374117255691781558, 9.000000000000003553 ) ) ;
#3938 = VECTOR ( 'NONE', #2550, 1000.000000000000000 ) ;
#3939 = CARTESIAN_POINT ( 'NONE',  ( 72.28191553250626100, 14.39999999999989555, 2.591714497433034392 ) ) ;
#3940 = AXIS2_PLACEMENT_3D ( 'NONE', #636, #43, #5947 ) ;
#3941 = CARTESIAN_POINT ( 'NONE',  ( 74.89694631374989342, 14.39999999999989910, 2.147589557527064930 ) ) ;
#3942 = ORIENTED_EDGE ( 'NONE', *, *, #2184, .F. ) ;
#3943 = CARTESIAN_POINT ( 'NONE',  ( 68.81847770187910385, 14.39999999999990621, 2.214946619295559138 ) ) ;
#3944 = CARTESIAN_POINT ( 'NONE',  ( 70.50107102678829563, 15.39999999999990266, 1.983784647230858011 ) ) ;
#3945 = ORIENTED_EDGE ( 'NONE', *, *, #2184, .T. ) ;
#3946 = ORIENTED_EDGE ( 'NONE', *, *, #6334, .T. ) ;
#3947 = VECTOR ( 'NONE', #3673, 1000.000000000000000 ) ;
#3948 = CARTESIAN_POINT ( 'NONE',  ( 60.09999999999990195, 15.39999999999993285, 1.929016370580168029E-31 ) ) ;
#3949 = CARTESIAN_POINT ( 'NONE',  ( 74.86253695136868203, 15.39999999999989555, 1.883657969401752563 ) ) ;
#3950 = APPLICATION_PROTOCOL_DEFINITION ( 'international standard', 'config_control_design', 1994, #2720 ) ;
#3951 = AXIS2_PLACEMENT_3D ( 'NONE', #759, #2347, #4462 ) ;
#3952 = CARTESIAN_POINT ( 'NONE',  ( 44.30625890315180015, 9.899999999999936406, 8.000000000000003553 ) ) ;
#3953 = FACE_OUTER_BOUND ( 'NONE', #412, .T. ) ;
#3954 = EDGE_LOOP ( 'NONE', ( #1250, #4727, #878, #4714 ) ) ;
#3955 = CARTESIAN_POINT ( 'NONE',  ( 73.88054940595853282, 14.39999999999989555, 2.465591211779937453 ) ) ;
#3956 = AXIS2_PLACEMENT_3D ( 'NONE', #4737, #6823, #3594 ) ;
#3957 = DIRECTION ( 'NONE',  ( -0.2028030103336178336, 0.8480290114434255733, -0.4896097780374782382 ) ) ;
#3958 = CARTESIAN_POINT ( 'NONE',  ( 71.28972884271598787, 14.39999999999990976, 1.140590536594604743 ) ) ;
#3959 = AXIS2_PLACEMENT_3D ( 'NONE', #5576, #789, #4047 ) ;
#3960 = EDGE_LOOP ( 'NONE', ( #5571, #2280, #3775, #1099 ) ) ;
#3961 = ORIENTED_EDGE ( 'NONE', *, *, #1807, .T. ) ;
#3962 = DIRECTION ( 'NONE',  ( 0.000000000000000000, 0.000000000000000000, 1.000000000000000000 ) ) ;
#3963 = FACE_OUTER_BOUND ( 'NONE', #2119, .T. ) ;
#3964 = CARTESIAN_POINT ( 'NONE',  ( 74.93635983262761613, 15.39999999999989555, -0.4659962522082454761 ) ) ;
#3965 = LOCAL_TIME ( 13, 34, 34.00000000000000000, #2898 ) ;
#3966 = EDGE_LOOP ( 'NONE', ( #136, #5969, #5970, #4155 ) ) ;
#3967 = LINE ( 'NONE', #3374, #4594 ) ;
#3968 = VERTEX_POINT ( 'NONE', #1161 ) ;
#3969 = CYLINDRICAL_SURFACE ( 'NONE', #5932, 1.700000000000000178 ) ;
#3970 = ADVANCED_FACE ( 'NONE', ( #1264 ), #124, .F. ) ;
#3971 = ADVANCED_FACE ( 'NONE', ( #1822, #4948 ), #5396, .F. ) ;
#3972 = EDGE_CURVE ( 'NONE', #5109, #380, #2199, .T. ) ;
#3973 = DIRECTION ( 'NONE',  ( 0.000000000000000000, 0.000000000000000000, 1.000000000000000000 ) ) ;
#3974 = CARTESIAN_POINT ( 'NONE',  ( 68.83557259760871716, 14.39999999999990976, 2.086854503123167781 ) ) ;
#3975 = PLANE ( 'NONE',  #5147 ) ;
#3976 = ORIENTED_EDGE ( 'NONE', *, *, #1239, .F. ) ;
#3977 = ORIENTED_EDGE ( 'NONE', *, *, #5018, .F. ) ;
#3978 = CARTESIAN_POINT ( 'NONE',  ( 73.90628708121916191, 14.39999999999989910, 2.986423373434480055 ) ) ;
#3979 = DIRECTION ( 'NONE',  ( -0.000000000000000000, 0.000000000000000000, 1.000000000000000000 ) ) ;
#3980 = APPROVAL_STATUS ( 'not_yet_approved' ) ;
#3981 = DIRECTION ( 'NONE',  ( 1.734723475976793487E-15, 1.000000000000000000, -0.000000000000000000 ) ) ;
#3982 = CARTESIAN_POINT ( 'NONE',  ( 63.59999999999998721, -4.600000000000046718, 11.71132486540518336 ) ) ;
#3983 = ORIENTED_EDGE ( 'NONE', *, *, #3490, .T. ) ;
#3984 = DIRECTION ( 'NONE',  ( 0.000000000000000000, -1.148603227236739887E-16, 1.000000000000000000 ) ) ;
#3985 = CARTESIAN_POINT ( 'NONE',  ( 28.25622670975753081, 10.39999999999992752, 9.000000000000008882 ) ) ;
#3986 = CARTESIAN_POINT ( 'NONE',  ( 71.12052713510666990, 14.39999999999989910, 1.019054977024963948 ) ) ;
#3987 = ORIENTED_EDGE ( 'NONE', *, *, #4261, .F. ) ;
#3988 = ORIENTED_EDGE ( 'NONE', *, *, #5105, .F. ) ;
#3989 = LINE ( 'NONE', #1867, #5032 ) ;
#3990 = FACE_OUTER_BOUND ( 'NONE', #3526, .T. ) ;
#3991 = DIRECTION ( 'NONE',  ( -0.7071067811865479058, -1.226634733346698719E-15, -0.7071067811865472397 ) ) ;
#3992 = VERTEX_POINT ( 'NONE', #1195 ) ;
#3993 = CARTESIAN_POINT ( 'NONE',  ( 71.20118482214212463, 15.39999999999990443, 2.704889508759304118 ) ) ;
#3994 = DIRECTION ( 'NONE',  ( 0.000000000000000000, 1.000000000000000000, -2.168404344971008868E-16 ) ) ;
#3995 = FACE_OUTER_BOUND ( 'NONE', #3890, .T. ) ;
#3996 = CARTESIAN_POINT ( 'NONE',  ( 11.84229707445183521, 15.39999999999992220, 12.00000000000000533 ) ) ;
#3997 = CARTESIAN_POINT ( 'NONE',  ( 72.03635931963478356, 14.39999999999990266, 0.9927408969221741541 ) ) ;
#3998 = PLANE ( 'NONE',  #5368 ) ;
#3999 = ORIENTED_EDGE ( 'NONE', *, *, #3154, .T. ) ;
#4000 = EDGE_CURVE ( 'NONE', #4748, #6538, #4842, .T. ) ;
#4001 = ORIENTED_EDGE ( 'NONE', *, *, #2301, .F. ) ;
#4002 = CARTESIAN_POINT ( 'NONE',  ( 71.59999999999999432, 5.799999999999999822, 21.97994974842648475 ) ) ;
#4003 = CARTESIAN_POINT ( 'NONE',  ( 23.25622670975753437, 15.39999999999992397, -7.999999999999996447 ) ) ;
#4004 = EDGE_CURVE ( 'NONE', #2594, #4485, #4348, .T. ) ;
#4005 = CARTESIAN_POINT ( 'NONE',  ( 71.26221660386431722, 15.39999999999990443, -3.600179962680884138 ) ) ;
#4006 = APPLICATION_PROTOCOL_DEFINITION ( 'international standard', 'config_control_design', 1994, #1123 ) ;
#4007 = FACE_OUTER_BOUND ( 'NONE', #3716, .T. ) ;
#4008 = CARTESIAN_POINT ( 'NONE',  ( 51.49999999999999289, 9.800000000000004263, -9.000000000000005329 ) ) ;
#4009 = ORIENTED_EDGE ( 'NONE', *, *, #4525, .F. ) ;
#4010 = EDGE_CURVE ( 'NONE', #6208, #2971, #6246, .T. ) ;
#4011 = CARTESIAN_POINT ( 'NONE',  ( 63.59999999999998721, 10.39999999999992752, -8.711324865405194018 ) ) ;
#4012 = CARTESIAN_POINT ( 'NONE',  ( 71.21004698094535001, 14.39999999999990266, 2.839476155936979218 ) ) ;
#4013 = AXIS2_PLACEMENT_3D ( 'NONE', #3090, #3570, #3057 ) ;
#4014 = CARTESIAN_POINT ( 'NONE',  ( 12.36985263942103508, 15.23111111111103888, -12.00000000000000533 ) ) ;
#4015 = CARTESIAN_POINT ( 'NONE',  ( 73.10600225439250721, 14.39999999999990266, 0.5624973640885084780 ) ) ;
#4016 = ORIENTED_EDGE ( 'NONE', *, *, #4768, .T. ) ;
#4017 = ORIENTED_EDGE ( 'NONE', *, *, #404, .T. ) ;
#4018 = CARTESIAN_POINT ( 'NONE',  ( 73.90903235866929322, 14.39999999999989910, 4.512590736974447125 ) ) ;
#4019 = CARTESIAN_POINT ( 'NONE',  ( 70.64562509685090674, 14.39999999999990266, -5.441372694436123147 ) ) ;
#4020 = DIRECTION ( 'NONE',  ( 0.000000000000000000, 0.000000000000000000, 1.000000000000000000 ) ) ;
#4021 = VERTEX_POINT ( 'NONE', #3910 ) ;
#4022 = CARTESIAN_POINT ( 'NONE',  ( 16.85941873256619061, -4.287685377455901836, 10.02834425384062911 ) ) ;
#4023 = CARTESIAN_POINT ( 'NONE',  ( 26.95622670975753010, 5.400000000004189005, 2.081899558550494856E-16 ) ) ;
#4024 = DIRECTION ( 'NONE',  ( 3.469446951953614189E-16, -1.000000000000000000, -0.000000000000000000 ) ) ;
#4025 = VECTOR ( 'NONE', #3258, 1000.000000000000000 ) ;
#4026 = TOROIDAL_SURFACE ( 'NONE', #3585, 16.85941873256619772, 0.4999999999999980571 ) ;
#4027 = CARTESIAN_POINT ( 'NONE',  ( 70.21856071772336350, 15.39999999999990798, -5.429934932202064246 ) ) ;
#4028 = CARTESIAN_POINT ( 'NONE',  ( 60.09999999999990195, 15.11132486540512154, -1.699999999999999512 ) ) ;
#4029 = EDGE_LOOP ( 'NONE', ( #6807, #3445, #1942, #785 ) ) ;
#4030 = ORIENTED_EDGE ( 'NONE', *, *, #6045, .F. ) ;
#4031 = CARTESIAN_POINT ( 'NONE',  ( 0.000000000000000000, -4.100000000000070699, 22.12329089443976216 ) ) ;
#4032 = LINE ( 'NONE', #4003, #277 ) ;
#4033 = CIRCLE ( 'NONE', #2036, 14.07977272543851832 ) ;
#4034 = CIRCLE ( 'NONE', #3828, 4.999999999999990230 ) ;
#4035 = CARTESIAN_POINT ( 'NONE',  ( 51.49999999999999289, 5.800000000000005151, -9.000000000000005329 ) ) ;
#4036 = EDGE_CURVE ( 'NONE', #3761, #4749, #3314, .T. ) ;
#4037 = PERSON_AND_ORGANIZATION ( #3690, #4169 ) ;
#4038 = LINE ( 'NONE', #6773, #5455 ) ;
#4039 = ADVANCED_FACE ( 'NONE', ( #2831 ), #1849, .T. ) ;
#4040 = CARTESIAN_POINT ( 'NONE',  ( 61.98042684413093184, 15.39999999999999147, 7.711324865405175366 ) ) ;
#4041 = CIRCLE ( 'NONE', #825, 1.599999999999990319 ) ;
#4042 = ORIENTED_EDGE ( 'NONE', *, *, #1945, .T. ) ;
#4043 = DIRECTION ( 'NONE',  ( -1.000000000000000000, -4.145478894797516432E-16, 0.000000000000000000 ) ) ;
#4044 = AXIS2_PLACEMENT_3D ( 'NONE', #2854, #3865, #5492 ) ;
#4045 = CARTESIAN_POINT ( 'NONE',  ( 48.69374109684812169, 9.899999999999936406, 8.000000000000003553 ) ) ;
#4046 = EDGE_CURVE ( 'NONE', #545, #413, #263, .T. ) ;
#4047 = DIRECTION ( 'NONE',  ( 1.000000000000000000, 0.000000000000000000, 0.000000000000000000 ) ) ;
#4048 = EDGE_CURVE ( 'NONE', #1776, #4508, #329, .T. ) ;
#4049 = ADVANCED_FACE ( 'NONE', ( #2437 ), #3547, .F. ) ;
#4050 = DIRECTION ( 'NONE',  ( -4.003208021484938538E-16, 1.000000000000000000, 5.787049111740484599E-32 ) ) ;
#4051 = ORIENTED_EDGE ( 'NONE', *, *, #1544, .T. ) ;
#4052 = EDGE_LOOP ( 'NONE', ( #5207, #2947, #6352, #1855 ) ) ;
#4053 = LINE ( 'NONE', #3048, #2816 ) ;
#4054 = VECTOR ( 'NONE', #3240, 1000.000000000000000 ) ;
#4055 = DIRECTION ( 'NONE',  ( -1.000000000000000000, -0.000000000000000000, -0.000000000000000000 ) ) ;
#4056 = CARTESIAN_POINT ( 'NONE',  ( 63.59999999999998721, 15.39999999999991331, 18.20579143156562196 ) ) ;
#4057 = VECTOR ( 'NONE', #2285, 1000.000000000000000 ) ;
#4058 = CARTESIAN_POINT ( 'NONE',  ( 72.34242345893215997, 15.39999999999989910, 2.278965563026795760 ) ) ;
#4059 = ORIENTED_EDGE ( 'NONE', *, *, #5314, .F. ) ;
#4060 = ORIENTED_EDGE ( 'NONE', *, *, #695, .F. ) ;
#4061 = CARTESIAN_POINT ( 'NONE',  ( 46.49999999999995737, 5.800000000000005151, -8.000000000000003553 ) ) ;
#4062 = VERTEX_POINT ( 'NONE', #806 ) ;
#4063 = DIRECTION ( 'NONE',  ( 2.668805347656625692E-16, -1.000000000000000000, -3.858032741160322701E-32 ) ) ;
#4064 = FACE_OUTER_BOUND ( 'NONE', #2673, .T. ) ;
#4065 = CARTESIAN_POINT ( 'NONE',  ( 72.12335907888703446, 14.39999999999989910, 0.9102808075942462329 ) ) ;
#4066 = LINE ( 'NONE', #1908, #5043 ) ;
#4067 = ORIENTED_EDGE ( 'NONE', *, *, #444, .T. ) ;
#4068 = EDGE_LOOP ( 'NONE', ( #1044, #4798, #666, #2087 ) ) ;
#4069 = DIRECTION ( 'NONE',  ( -1.000000000000000000, 0.000000000000000000, 1.339769540164036683E-16 ) ) ;
#4070 = DIRECTION ( 'NONE',  ( 2.668805347656625692E-16, -1.000000000000000000, -3.858032741160322701E-32 ) ) ;
#4071 = CARTESIAN_POINT ( 'NONE',  ( 72.17541724636460287, 14.39999999999990266, -3.898652956059407426 ) ) ;
#4072 = CARTESIAN_POINT ( 'NONE',  ( 69.82071352901058958, 14.39999999999990621, 2.641916310235415288 ) ) ;
#4073 = CARTESIAN_POINT ( 'NONE',  ( 74.93635983262761613, 14.39999999999989555, -1.651374106775552963 ) ) ;
#4074 = CARTESIAN_POINT ( 'NONE',  ( 12.29686446218551232, 15.29038800760512906, 12.00000000000000533 ) ) ;
#4075 = VERTEX_POINT ( 'NONE', #1913 ) ;
#4076 = ADVANCED_FACE ( 'NONE', ( #4546 ), #5045, .F. ) ;
#4077 = CARTESIAN_POINT ( 'NONE',  ( 79.59999999999999432, 15.39999999999991687, -12.00000000000000533 ) ) ;
#4078 = DIRECTION ( 'NONE',  ( 1.734723475976793684E-15, 1.000000000000000000, -0.000000000000000000 ) ) ;
#4079 = CARTESIAN_POINT ( 'NONE',  ( 12.03024221914057534, 15.38714541231803778, -12.00000000000000711 ) ) ;
#4080 = CARTESIAN_POINT ( 'NONE',  ( 46.50000000000000000, 5.800000000000006040, -9.000000000000005329 ) ) ;
#4081 = ORIENTED_EDGE ( 'NONE', *, *, #202, .T. ) ;
#4082 = ORIENTED_EDGE ( 'NONE', *, *, #6249, .T. ) ;
#4083 = CARTESIAN_POINT ( 'NONE',  ( 69.79972246283594473, 15.39999999999990443, -2.658945283157764461 ) ) ;
#4084 = EDGE_CURVE ( 'NONE', #306, #1376, #6643, .T. ) ;
#4085 = CARTESIAN_POINT ( 'NONE',  ( 23.25622670975753437, 10.39999999999993285, -7.999999999999996447 ) ) ;
#4086 = CARTESIAN_POINT ( 'NONE',  ( 63.59999999999998721, -4.100000000000053824, 12.00000000000000000 ) ) ;
#4087 = CC_DESIGN_PERSON_AND_ORGANIZATION_ASSIGNMENT ( #781, #4520, ( #4284 ) ) ;
#4088 = EDGE_CURVE ( 'NONE', #4523, #339, #4032, .T. ) ;
#4089 = CARTESIAN_POINT ( 'NONE',  ( 72.83813020836271335, 15.39999999999990621, 1.779019038774442896 ) ) ;
#4090 = ORIENTED_EDGE ( 'NONE', *, *, #5578, .F. ) ;
#4091 = ORIENTED_EDGE ( 'NONE', *, *, #5190, .T. ) ;
#4092 = CARTESIAN_POINT ( 'NONE',  ( 72.56231835665234087, 14.39999999999990266, -2.877507867035673517 ) ) ;
#4093 = CARTESIAN_POINT ( 'NONE',  ( 16.85941873256619061, -4.100000000000210143, 9.968158511439289882 ) ) ;
#4094 = EDGE_CURVE ( 'NONE', #4508, #392, #5031, .T. ) ;
#4095 = DIRECTION ( 'NONE',  ( 0.000000000000000000, 0.000000000000000000, 1.000000000000000000 ) ) ;
#4096 = CARTESIAN_POINT ( 'NONE',  ( 72.78268688285319854, 14.39999999999990266, -4.581915285571070307 ) ) ;
#4097 = CARTESIAN_POINT ( 'NONE',  ( 70.48007996061365077, 15.39999999999990443, -5.444583241390937189 ) ) ;
#4098 = CARTESIAN_POINT ( 'NONE',  ( 22.25622670975753437, 15.39999999999992220, -7.000000000000000000 ) ) ;
#4099 = ORIENTED_EDGE ( 'NONE', *, *, #5498, .T. ) ;
#4100 = ORIENTED_EDGE ( 'NONE', *, *, #5279, .T. ) ;
#4101 = CARTESIAN_POINT ( 'NONE',  ( 61.89587585476804321, 15.39999999999999147, -7.795875854768061330 ) ) ;
#4102 = CARTESIAN_POINT ( 'NONE',  ( 71.66051874078694084, 14.39999999999990266, 1.633110365254696328 ) ) ;
#4103 = LINE ( 'NONE', #1047, #72 ) ;
#4104 = CARTESIAN_POINT ( 'NONE',  ( 17.39745318734129498, -4.049475880141955031, 9.000000000000005329 ) ) ;
#4105 = CARTESIAN_POINT ( 'NONE',  ( 79.59999999999999432, -4.600000000000048495, 37.97994974842648475 ) ) ;
#4106 = FACE_OUTER_BOUND ( 'NONE', #6393, .T. ) ;
#4107 = ORIENTED_EDGE ( 'NONE', *, *, #1363, .T. ) ;
#4108 = CARTESIAN_POINT ( 'NONE',  ( 71.29638510635176374, 14.39999999999990621, -3.019505305959778951 ) ) ;
#4109 = LINE ( 'NONE', #435, #6822 ) ;
#4110 = PLANE ( 'NONE',  #5276 ) ;
#4111 = DIRECTION ( 'NONE',  ( -1.734723475976793684E-15, -1.000000000000000000, 0.000000000000000000 ) ) ;
#4112 = ORIENTED_EDGE ( 'NONE', *, *, #774, .T. ) ;
#4113 = ORIENTED_EDGE ( 'NONE', *, *, #1054, .T. ) ;
#4114 = CARTESIAN_POINT ( 'NONE',  ( 69.82071352901058958, 15.39999999999990266, 2.641916310235415288 ) ) ;
#4115 = PLANE ( 'NONE',  #4138 ) ;
#4116 = DIRECTION ( 'NONE',  ( 1.000000000000000000, -5.252124432263457126E-16, 0.000000000000000000 ) ) ;
#4117 = AXIS2_PLACEMENT_3D ( 'NONE', #4774, #4739, #4188 ) ;
#4118 = DIRECTION ( 'NONE',  ( -1.000000000000000000, -4.145478894797516432E-16, 0.000000000000000000 ) ) ;
#4119 = EDGE_CURVE ( 'NONE', #6088, #1343, #4033, .T. ) ;
#4120 = ORIENTED_EDGE ( 'NONE', *, *, #5406, .F. ) ;
#4121 = EDGE_CURVE ( 'NONE', #3288, #4788, #6155, .T. ) ;
#4122 = VERTEX_POINT ( 'NONE', #873 ) ;
#4123 = CARTESIAN_POINT ( 'NONE',  ( 72.49355964475998348, 14.39999999999989910, -2.778327643572859440 ) ) ;
#4124 = LINE ( 'NONE', #864, #5006 ) ;
#4125 = DIRECTION ( 'NONE',  ( -0.7071067811865479058, 0.000000000000000000, -0.7071067811865472397 ) ) ;
#4126 = AXIS2_PLACEMENT_3D ( 'NONE', #369, #6198, #5679 ) ;
#4127 = EDGE_CURVE ( 'NONE', #5136, #5845, #6697, .T. ) ;
#4128 = CARTESIAN_POINT ( 'NONE',  ( 69.81947876041206769, 14.39999999999990621, -3.601073723819072647 ) ) ;
#4129 = EDGE_CURVE ( 'NONE', #4326, #2321, #5636, .T. ) ;
#4130 = CARTESIAN_POINT ( 'NONE',  ( 71.88080100972238995, 15.39999999999990266, 1.176325334440235348 ) ) ;
#4131 = CARTESIAN_POINT ( 'NONE',  ( 16.85941873256619061, -4.083042772275129906, -9.968158511439561664 ) ) ;
#4132 = VECTOR ( 'NONE', #3404, 999.9999999999998863 ) ;
#4133 = ORIENTED_EDGE ( 'NONE', *, *, #1341, .T. ) ;
#4134 = VECTOR ( 'NONE', #5821, 1000.000000000000000 ) ;
#4135 = ORIENTED_EDGE ( 'NONE', *, *, #4757, .T. ) ;
#4136 = DIRECTION ( 'NONE',  ( 0.7071067811865456854, 0.7071067811865493491, 0.000000000000000000 ) ) ;
#4137 = DIRECTION ( 'NONE',  ( -1.000000000000000000, 0.000000000000000000, -0.000000000000000000 ) ) ;
#4138 = AXIS2_PLACEMENT_3D ( 'NONE', #1411, #314, #1378 ) ;
#4139 = DIRECTION ( 'NONE',  ( -0.000000000000000000, 1.000000000000000000, -0.000000000000000000 ) ) ;
#4140 = VECTOR ( 'NONE', #2145, 1000.000000000000000 ) ;
#4141 = CARTESIAN_POINT ( 'NONE',  ( 69.31125983422590764, 14.39999999999990976, 1.200500812154248864 ) ) ;
#4142 = CARTESIAN_POINT ( 'NONE',  ( 72.61936716065527264, 14.39999999999990621, 1.885893033944324060 ) ) ;
#4143 = CARTESIAN_POINT ( 'NONE',  ( 11.84229707445183521, 15.39999999999992220, 12.00000000000000533 ) ) ;
#4144 = ORIENTED_EDGE ( 'NONE', *, *, #5656, .T. ) ;
#4145 = VECTOR ( 'NONE', #3067, 1000.000000000000114 ) ;
#4146 = CIRCLE ( 'NONE', #3817, 1.700000000000000178 ) ;
#4147 = CYLINDRICAL_SURFACE ( 'NONE', #2256, 1.700000000000000178 ) ;
#4148 = EDGE_CURVE ( 'NONE', #4494, #1376, #358, .T. ) ;
#4149 = DIRECTION ( 'NONE',  ( -1.000000000000000000, 1.734723475976793684E-15, 0.000000000000000000 ) ) ;
#4150 = CARTESIAN_POINT ( 'NONE',  ( 62.09999999999998010, 14.89999999999995062, 7.999999999999994671 ) ) ;
#4151 = VECTOR ( 'NONE', #431, 1000.000000000000000 ) ;
#4152 = CONICAL_SURFACE ( 'NONE', #1040, 1.699999999999999512, 1.047197551196600962 ) ;
#4153 = DIRECTION ( 'NONE',  ( -0.000000000000000000, -0.000000000000000000, 1.000000000000000000 ) ) ;
#4154 = ORIENTED_EDGE ( 'NONE', *, *, #4148, .T. ) ;
#4155 = ORIENTED_EDGE ( 'NONE', *, *, #2049, .F. ) ;
#4156 = CARTESIAN_POINT ( 'NONE',  ( 44.30625890315180015, 10.39999999999993641, -8.000000000000003553 ) ) ;
#4157 = LINE ( 'NONE', #4085, #2148 ) ;
#4158 = AXIS2_PLACEMENT_3D ( 'NONE', #6166, #367, #6196 ) ;
#4159 = CARTESIAN_POINT ( 'NONE',  ( 73.71631065281783890, 14.39999999999989555, 2.025425853977264268 ) ) ;
#4160 = CARTESIAN_POINT ( 'NONE',  ( 71.24364299522646604, 14.39999999999990621, -5.294524143065247657 ) ) ;
#4161 = AXIS2_PLACEMENT_3D ( 'NONE', #6294, #5709, #2569 ) ;
#4162 = ORIENTED_EDGE ( 'NONE', *, *, #1585, .T. ) ;
#4163 = ORIENTED_EDGE ( 'NONE', *, *, #1544, .F. ) ;
#4164 = DIRECTION ( 'NONE',  ( 0.000000000000000000, 0.000000000000000000, 1.000000000000000000 ) ) ;
#4165 = DIRECTION ( 'NONE',  ( -0.6123724356957888082, 0.5000000000000119904, -0.6123724356957904735 ) ) ;
#4166 = VECTOR ( 'NONE', #4463, 1000.000000000000000 ) ;
#4167 = DIRECTION ( 'NONE',  ( -0.000000000000000000, 1.000000000000000000, -0.000000000000000000 ) ) ;
#4168 = ORIENTED_EDGE ( 'NONE', *, *, #815, .F. ) ;
#4169 = ORGANIZATION ( 'UNSPECIFIED', 'UNSPECIFIED', '' ) ;
#4170 = DIRECTION ( 'NONE',  ( -1.000000000000000000, 0.000000000000000000, 7.794060786255082520E-17 ) ) ;
#4171 = ORIENTED_EDGE ( 'NONE', *, *, #3028, .F. ) ;
#4172 = ORIENTED_EDGE ( 'NONE', *, *, #6124, .T. ) ;
#4173 = CARTESIAN_POINT ( 'NONE',  ( 60.09999999999990195, 15.11132486540512154, 1.817644558497603346E-31 ) ) ;
#4174 = ADVANCED_FACE ( 'NONE', ( #2504 ), #6708, .T. ) ;
#4175 = CARTESIAN_POINT ( 'NONE',  ( 69.81947876041206769, 14.39999999999990621, -3.601073723819072647 ) ) ;
#4176 = EDGE_CURVE ( 'NONE', #4923, #4954, #5629, .T. ) ;
#4177 = EDGE_CURVE ( 'NONE', #3451, #5090, #5771, .T. ) ;
#4178 = AXIS2_PLACEMENT_3D ( 'NONE', #1268, #4317, #1198 ) ;
#4179 = DIRECTION ( 'NONE',  ( 1.927470528863118062E-16, 6.687256751344565772E-32, 1.000000000000000000 ) ) ;
#4180 = DIRECTION ( 'NONE',  ( 1.224646799147349509E-16, 0.000000000000000000, -1.000000000000000000 ) ) ;
#4181 = CARTESIAN_POINT ( 'NONE',  ( 69.03239869616915314, 14.39999999999990976, -4.682135891641103775 ) ) ;
#4182 = CARTESIAN_POINT ( 'NONE',  ( 63.59999999999998721, 15.39999999999991509, 9.000000000000007105 ) ) ;
#4183 = ORIENTED_EDGE ( 'NONE', *, *, #4545, .T. ) ;
#4184 = EDGE_CURVE ( 'NONE', #761, #3082, #89, .T. ) ;
#4185 = CARTESIAN_POINT ( 'NONE',  ( 69.84762382175436812, 15.39999999999990088, -3.746056755089363755 ) ) ;
#4186 = CARTESIAN_POINT ( 'NONE',  ( 74.90284276358914894, 14.39999999999990266, 2.217489649434316146 ) ) ;
#4187 = LINE ( 'NONE', #4218, #4719 ) ;
#4188 = DIRECTION ( 'NONE',  ( 1.000000000000000000, 0.000000000000000000, 0.000000000000000000 ) ) ;
#4189 = CARTESIAN_POINT ( 'NONE',  ( 17.81845627589241587, -4.600000000000079581, -9.000000000000005329 ) ) ;
#4190 = ORIENTED_EDGE ( 'NONE', *, *, #5823, .F. ) ;
#4191 = VERTEX_POINT ( 'NONE', #2535 ) ;
#4192 = DIRECTION ( 'NONE',  ( -1.000000000000000000, -1.734723475976805517E-15, 0.000000000000000000 ) ) ;
#4193 = CARTESIAN_POINT ( 'NONE',  ( 73.54490589875719309, 14.39999999999989555, -5.074526840300738861 ) ) ;
#4194 = DIRECTION ( 'NONE',  ( 0.000000000000000000, 0.000000000000000000, 1.000000000000000000 ) ) ;
#4195 = CARTESIAN_POINT ( 'NONE',  ( 71.10589545620983642, 15.39999999999990443, -5.351420347430689617 ) ) ;
#4196 = VERTEX_POINT ( 'NONE', #2748 ) ;
#4197 = ORIENTED_EDGE ( 'NONE', *, *, #4395, .T. ) ;
#4198 = DIRECTION ( 'NONE',  ( -0.7071067811865456854, -0.7071067811865493491, 0.000000000000000000 ) ) ;
#4199 = CARTESIAN_POINT ( 'NONE',  ( 73.14904740435704866, 14.39999999999989910, 1.748506700249780055 ) ) ;
#4200 = CARTESIAN_POINT ( 'NONE',  ( 0.000000000000000000, 15.39999999999992575, 0.000000000000000000 ) ) ;
#4201 = CARTESIAN_POINT ( 'NONE',  ( 71.75457423615260666, 14.39999999999990266, 1.390430391311991087 ) ) ;
#4202 = ORIENTED_EDGE ( 'NONE', *, *, #4036, .F. ) ;
#4203 = CARTESIAN_POINT ( 'NONE',  ( 0.000000000000000000, -4.100000000000072475, 0.000000000000000000 ) ) ;
#4204 = ORIENTED_EDGE ( 'NONE', *, *, #3331, .F. ) ;
#4205 = EDGE_LOOP ( 'NONE', ( #6255, #1762, #1155, #5283 ) ) ;
#4206 = DIRECTION ( 'NONE',  ( 0.000000000000000000, -4.336808689942013792E-16, -1.000000000000000000 ) ) ;
#4207 = LINE ( 'NONE', #6812, #1371 ) ;
#4208 = CARTESIAN_POINT ( 'NONE',  ( 23.55622670975753152, 5.400000000004187228, -4.340286833804127023E-31 ) ) ;
#4209 = CARTESIAN_POINT ( 'NONE',  ( 16.85941873256619061, -4.600000000000022737, -10.91787525116476054 ) ) ;
#4210 = ADVANCED_FACE ( 'NONE', ( #6771, #2016 ), #5378, .T. ) ;
#4211 = DIRECTION ( 'NONE',  ( 0.8528120785504106349, 0.000000000000000000, -0.5222179225941295799 ) ) ;
#4212 = DIRECTION ( 'NONE',  ( 1.000000000000000000, 0.000000000000000000, 0.000000000000000000 ) ) ;
#4213 = ORIENTED_EDGE ( 'NONE', *, *, #4575, .T. ) ;
#4214 = ADVANCED_FACE ( 'NONE', ( #630 ), #4817, .T. ) ;
#4215 = EDGE_CURVE ( 'NONE', #1424, #3419, #2612, .T. ) ;
#4216 = PLANE ( 'NONE',  #1823 ) ;
#4217 = CARTESIAN_POINT ( 'NONE',  ( 74.91017365288213625, 14.39999999999989200, 2.336036318158497771 ) ) ;
#4218 = CARTESIAN_POINT ( 'NONE',  ( 21.75622670975753081, 10.39999999999992752, 9.000000000000010658 ) ) ;
#4219 = CARTESIAN_POINT ( 'NONE',  ( 69.81186538764903560, 14.39999999999990266, 2.792557347277041302 ) ) ;
#4220 = EDGE_CURVE ( 'NONE', #496, #299, #4207, .T. ) ;
#4221 = CARTESIAN_POINT ( 'NONE',  ( 68.77381324563700105, 15.39999999999990798, -3.282961733497283152 ) ) ;
#4222 = ORIENTED_EDGE ( 'NONE', *, *, #1573, .T. ) ;
#4223 = ORIENTED_EDGE ( 'NONE', *, *, #1362, .F. ) ;
#4224 = PLANE ( 'NONE',  #278 ) ;
#4225 = CARTESIAN_POINT ( 'NONE',  ( 73.10164813604427536, 15.39999999999989733, -4.803721797060124921 ) ) ;
#4226 = CARTESIAN_POINT ( 'NONE',  ( 73.35881489047667969, 15.39999999999989910, 0.5688959656647448737 ) ) ;
#4227 = CARTESIAN_POINT ( 'NONE',  ( 73.87075453211555498, 15.39999999999989733, 2.404840739321953524 ) ) ;
#4228 = ORIENTED_EDGE ( 'NONE', *, *, #1586, .T. ) ;
#4229 = ORIENTED_EDGE ( 'NONE', *, *, #6004, .T. ) ;
#4230 = DIRECTION ( 'NONE',  ( -1.734723475976805517E-15, 1.000000000000000000, -9.860761315262647568E-32 ) ) ;
#4231 = CARTESIAN_POINT ( 'NONE',  ( 73.84159378609817281, 14.39999999999989910, 2.266519097188655962 ) ) ;
#4232 = CARTESIAN_POINT ( 'NONE',  ( 50.35519130524024689, 8.399999999999932854, -8.000000000000003553 ) ) ;
#4233 = CLOSED_SHELL ( 'NONE', ( #5703, #1760, #3145, #5980, #4384, #4808, #6722, #2819, #2462, #2896, #5751, #2551, #4214, #1716, #2548, #6469, #4049, #493, #5141, #1961, #6248, #6575, #3633, #4675, #1204, #151, #2004, #5577, #6794, #854, #3927, #742, #5398, #2290, #4507, #4338, #1539, #6460, #3604, #783, #1075, #1156, #3584, #2954, #6637, #4893, #1498, #3850, #6673, #3360, #4986, #434, #1874, #5268, #154, #3449, #2646, #2387, #6840, #951, #12, #5836, #399, #3971, #5271, #6856, #3441, #3758, #6801, #5676, #3674, #1326, #2865, #6630, #5277, #35, #3079, #5870, #3282, #208, #1359, #2953, #4809, #4760, #4210, #1165, #482, #5056, #2350, #4076, #6200, #5657, #6293, #1636, #4039, #1672, #4597, #724, #4947, #3164, #2905, #3720, #2177, #5408, #6207, #1328, #5349, #1112, #6210, #128, #3573, #3539, #5997, #3115, #5792, #6754, #288, #5306, #1245, #6358, #3564, #1633, #1024, #2678, #334, #4174, #5226, #5189, #4987, #436, #2001, #986, #5868, #5840, #359 ) ) ;
#4234 = FACE_OUTER_BOUND ( 'NONE', #1084, .T. ) ;
#4235 = ORIENTED_EDGE ( 'NONE', *, *, #4835, .F. ) ;
#4236 = CARTESIAN_POINT ( 'NONE',  ( 73.90903235866929322, 15.39999999999989733, 3.302517510436987269 ) ) ;
#4237 = ORIENTED_EDGE ( 'NONE', *, *, #5916, .F. ) ;
#4238 = VERTEX_POINT ( 'NONE', #3301 ) ;
#4239 = CARTESIAN_POINT ( 'NONE',  ( 79.59999999999999432, 16.20000000000005258, 37.97994974842648475 ) ) ;
#4240 = AXIS2_PLACEMENT_3D ( 'NONE', #6608, #3796, #5909 ) ;
#4241 = CARTESIAN_POINT ( 'NONE',  ( 73.96859638087180144, 14.39999999999989910, 0.7527603125132253936 ) ) ;
#4242 = FACE_OUTER_BOUND ( 'NONE', #300, .T. ) ;
#4243 = VECTOR ( 'NONE', #1741, 1000.000000000000114 ) ;
#4244 = CARTESIAN_POINT ( 'NONE',  ( 68.77341977371560233, 14.39999999999990976, 3.039918975100977860 ) ) ;
#4245 = ORIENTED_EDGE ( 'NONE', *, *, #1027, .F. ) ;
#4246 = CARTESIAN_POINT ( 'NONE',  ( 70.04813011460549887, 15.39999999999989733, -4.089114844249175817 ) ) ;
#4247 = VECTOR ( 'NONE', #3785, 1000.000000000000000 ) ;
#4248 = EDGE_CURVE ( 'NONE', #3309, #6555, #661, .T. ) ;
#4249 = CARTESIAN_POINT ( 'NONE',  ( 74.92226691608847489, 14.39999999999988844, 2.654640105918340431 ) ) ;
#4250 = DIRECTION ( 'NONE',  ( 1.000000000000000000, 0.000000000000000000, -0.000000000000000000 ) ) ;
#4251 = CARTESIAN_POINT ( 'NONE',  ( 69.81464000915633505, 14.39999999999990266, 2.709730192231130097 ) ) ;
#4252 = CARTESIAN_POINT ( 'NONE',  ( 70.48007996061365077, 14.39999999999990621, -5.444583241390937189 ) ) ;
#4253 = CIRCLE ( 'NONE', #6033, 3.250000000000002665 ) ;
#4254 = ORIENTED_EDGE ( 'NONE', *, *, #610, .T. ) ;
#4255 = FACE_BOUND ( 'NONE', #2813, .T. ) ;
#4256 = CARTESIAN_POINT ( 'NONE',  ( 72.55732859533372903, 14.39999999999989910, -4.385928495428181861 ) ) ;
#4257 = CYLINDRICAL_SURFACE ( 'NONE', #284, 3.999999999999996447 ) ;
#4258 = EDGE_CURVE ( 'NONE', #2321, #2155, #944, .T. ) ;
#4259 = AXIS2_PLACEMENT_3D ( 'NONE', #5685, #6175, #5161 ) ;
#4260 = VECTOR ( 'NONE', #721, 1000.000000000000000 ) ;
#4261 = EDGE_CURVE ( 'NONE', #3705, #354, #4696, .T. ) ;
#4262 = EDGE_CURVE ( 'NONE', #5623, #4523, #2778, .T. ) ;
#4263 = CARTESIAN_POINT ( 'NONE',  ( 70.48007996061365077, 15.39999999999990798, -5.444583241390937189 ) ) ;
#4264 = ORIENTED_EDGE ( 'NONE', *, *, #4505, .T. ) ;
#4265 = VERTEX_POINT ( 'NONE', #5178 ) ;
#4266 = DIRECTION ( 'NONE',  ( -1.000000000000000000, -1.734723475976805517E-15, 0.000000000000000000 ) ) ;
#4267 = VECTOR ( 'NONE', #5985, 1000.000000000000000 ) ;
#4268 = LINE ( 'NONE', #450, #3352 ) ;
#4269 = CARTESIAN_POINT ( 'NONE',  ( 63.09999999999998721, 14.89999999999998614, -7.000000000000004441 ) ) ;
#4270 = VECTOR ( 'NONE', #4474, 1000.000000000000000 ) ;
#4271 = CARTESIAN_POINT ( 'NONE',  ( 70.04813011460549887, 15.39999999999989200, -4.089114844249175817 ) ) ;
#4272 = EDGE_LOOP ( 'NONE', ( #3977, #5237, #4434, #3347, #6739 ) ) ;
#4273 = DIRECTION ( 'NONE',  ( -1.000000000000000000, -0.000000000000000000, -0.000000000000000000 ) ) ;
#4274 = ORIENTED_EDGE ( 'NONE', *, *, #1806, .T. ) ;
#4275 = EDGE_LOOP ( 'NONE', ( #2682, #3245, #5084, #602, #963 ) ) ;
#4276 = CARTESIAN_POINT ( 'NONE',  ( 73.19999999999998863, 5.799999999999999822, 37.97994974842648475 ) ) ;
#4277 = AXIS2_PLACEMENT_3D ( 'NONE', #5465, #4950, #714 ) ;
#4278 = CARTESIAN_POINT ( 'NONE',  ( 71.22230918556036272, 15.39999999999990621, 3.593922363261941477 ) ) ;
#4279 = CARTESIAN_POINT ( 'NONE',  ( 60.09999999999990195, 15.11132486540512154, 1.817644558497603565E-31 ) ) ;
#4280 = CARTESIAN_POINT ( 'NONE',  ( 72.29899476436411021, 14.39999999999991331, 2.476234506391711498 ) ) ;
#4281 = DIRECTION ( 'NONE',  ( 0.000000000000000000, 0.000000000000000000, -1.000000000000000000 ) ) ;
#4282 = ORIENTED_EDGE ( 'NONE', *, *, #1294, .F. ) ;
#4283 = CARTESIAN_POINT ( 'NONE',  ( 71.59999999999999432, 5.799999999999999822, 34.57994974842648617 ) ) ;
#4284 = SECURITY_CLASSIFICATION ( '', '', #6093 ) ;
#4285 = CARTESIAN_POINT ( 'NONE',  ( 23.25622670975753437, 15.39999999999992397, -7.711324865405176254 ) ) ;
#4286 = FACE_BOUND ( 'NONE', #4435, .T. ) ;
#4287 = CARTESIAN_POINT ( 'NONE',  ( 73.37434451007106873, 15.39999999999989022, -3.539536911785750917 ) ) ;
#4288 = CARTESIAN_POINT ( 'NONE',  ( 69.03239869616915314, 14.39999999999990976, -4.682135891641103775 ) ) ;
#4289 = EDGE_LOOP ( 'NONE', ( #1639, #4662, #3976, #1384 ) ) ;
#4290 = EDGE_CURVE ( 'NONE', #6809, #3649, #2150, .T. ) ;
#4291 = DIRECTION ( 'NONE',  ( -1.000000000000000000, -1.577021341797101948E-15, 0.000000000000000000 ) ) ;
#4292 = CARTESIAN_POINT ( 'NONE',  ( 73.10164813604427536, 15.39999999999989910, -4.803721797060124921 ) ) ;
#4293 = DIRECTION ( 'NONE',  ( 0.000000000000000000, 0.000000000000000000, 1.000000000000000000 ) ) ;
#4294 = CARTESIAN_POINT ( 'NONE',  ( 71.30074236326248638, 15.39999999999990088, -2.819897517646440921 ) ) ;
#4295 = CARTESIAN_POINT ( 'NONE',  ( 70.53611573962987791, 15.39999999999990443, -5.443496495481207731 ) ) ;
#4296 = ORIENTED_EDGE ( 'NONE', *, *, #2260, .T. ) ;
#4297 = EDGE_CURVE ( 'NONE', #6105, #5384, #827, .T. ) ;
#4298 = ORIENTED_EDGE ( 'NONE', *, *, #5496, .T. ) ;
#4299 = DIRECTION ( 'NONE',  ( -0.000000000000000000, 1.000000000000000000, -0.000000000000000000 ) ) ;
#4300 = EDGE_CURVE ( 'NONE', #4238, #447, #1773, .T. ) ;
#4301 = CARTESIAN_POINT ( 'NONE',  ( 0.000000000000000000, 0.000000000000000000, 0.000000000000000000 ) ) ;
#4302 = DIRECTION ( 'NONE',  ( -1.000000000000000000, -0.000000000000000000, 0.000000000000000000 ) ) ;
#4303 = CARTESIAN_POINT ( 'NONE',  ( 72.89206521447329123, 14.39999999999989910, 0.5765708785339526132 ) ) ;
#4304 = EDGE_CURVE ( 'NONE', #3599, #4641, #286, .T. ) ;
#4305 = ORIENTED_EDGE ( 'NONE', *, *, #1073, .F. ) ;
#4306 = CARTESIAN_POINT ( 'NONE',  ( 73.89483958291933163, 15.39999999999990266, 2.625402094700567623 ) ) ;
#4307 = EDGE_LOOP ( 'NONE', ( #5126, #4112, #3187, #16 ) ) ;
#4308 = DIRECTION ( 'NONE',  ( 1.927470528863117569E-16, 0.000000000000000000, 1.000000000000000000 ) ) ;
#4309 = CARTESIAN_POINT ( 'NONE',  ( 0.000000000000000000, 14.89999999999992752, 14.07977272543851832 ) ) ;
#4310 = CARTESIAN_POINT ( 'NONE',  ( 70.45558069613178986, 14.39999999999990621, 1.985319194492430661 ) ) ;
#4311 = ORIENTED_EDGE ( 'NONE', *, *, #1295, .T. ) ;
#4312 = CARTESIAN_POINT ( 'NONE',  ( 68.86270793196619877, 14.39999999999990266, -4.211469205034713781 ) ) ;
#4313 = DIRECTION ( 'NONE',  ( -0.000000000000000000, 1.000000000000000000, -0.000000000000000000 ) ) ;
#4314 = ORIENTED_EDGE ( 'NONE', *, *, #4730, .F. ) ;
#4315 = CARTESIAN_POINT ( 'NONE',  ( 63.09999999999998721, 15.39999999999993463, -7.000000000000004441 ) ) ;
#4316 = FACE_OUTER_BOUND ( 'NONE', #2424, .T. ) ;
#4317 = DIRECTION ( 'NONE',  ( -0.000000000000000000, 1.000000000000000000, -0.000000000000000000 ) ) ;
#4318 = CARTESIAN_POINT ( 'NONE',  ( 72.96752913561982723, 14.39999999999990266, -3.236793245846154132 ) ) ;
#4319 = CARTESIAN_POINT ( 'NONE',  ( 69.62722128760351836, 15.39999999999990443, -5.241539119664150981 ) ) ;
#4320 = ORIENTED_EDGE ( 'NONE', *, *, #3711, .T. ) ;
#4321 = CARTESIAN_POINT ( 'NONE',  ( 41.50000000000000711, 9.800000000000004263, -12.00000000000000533 ) ) ;
#4322 = CARTESIAN_POINT ( 'NONE',  ( 73.65786532946019349, 15.39999999999989555, -5.138529120990453336 ) ) ;
#4323 = DIRECTION ( 'NONE',  ( -0.000000000000000000, 1.000000000000000000, -0.000000000000000000 ) ) ;
#4324 = CARTESIAN_POINT ( 'NONE',  ( 46.50000000000000000, 5.800000000000006040, 9.000000000000005329 ) ) ;
#4325 = ORIENTED_EDGE ( 'NONE', *, *, #3794, .T. ) ;
#4326 = VERTEX_POINT ( 'NONE', #3435 ) ;
#4327 = CARTESIAN_POINT ( 'NONE',  ( 70.32326434860318898, 14.39999999999990621, 0.7984067926635499690 ) ) ;
#4328 = CARTESIAN_POINT ( 'NONE',  ( 63.59999999999998721, -4.600000000000051159, 27.02005025157353657 ) ) ;
#4329 = DIRECTION ( 'NONE',  ( 1.000000000000000000, 3.469446951953614189E-16, -0.000000000000000000 ) ) ;
#4330 = CARTESIAN_POINT ( 'NONE',  ( 73.88932275513376169, 14.39999999999989910, 2.537177611082925388 ) ) ;
#4331 = EDGE_CURVE ( 'NONE', #4501, #4841, #6104, .T. ) ;
#4332 = LINE ( 'NONE', #6009, #3464 ) ;
#4333 = VERTEX_POINT ( 'NONE', #219 ) ;
#4334 = CARTESIAN_POINT ( 'NONE',  ( 73.90628708121916191, 15.39999999999989910, 2.986423373434480055 ) ) ;
#4335 = ORIENTED_EDGE ( 'NONE', *, *, #5496, .F. ) ;
#4336 = FACE_OUTER_BOUND ( 'NONE', #1880, .T. ) ;
#4337 = VECTOR ( 'NONE', #107, 1000.000000000000000 ) ;
#4338 = ADVANCED_FACE ( 'NONE', ( #6560 ), #1285, .T. ) ;
#4339 = DIRECTION ( 'NONE',  ( 0.000000000000000000, 0.000000000000000000, 1.000000000000000000 ) ) ;
#4340 = ADVANCED_FACE ( 'NONE', ( #5448 ), #5061, .T. ) ;
#4341 = ADVANCED_FACE ( 'NONE', ( #2850 ), #6657, .F. ) ;
#4342 = CARTESIAN_POINT ( 'NONE',  ( 74.89437770027836905, 14.39999999999989555, 2.117139655869680226 ) ) ;
#4343 = ORIENTED_EDGE ( 'NONE', *, *, #5222, .F. ) ;
#4344 = CARTESIAN_POINT ( 'NONE',  ( 69.32619281100085118, 15.39999999999990621, -5.037393581928993669 ) ) ;
#4345 = FACE_OUTER_BOUND ( 'NONE', #6290, .T. ) ;
#4346 = ORIENTED_EDGE ( 'NONE', *, *, #3537, .T. ) ;
#4347 = ORIENTED_EDGE ( 'NONE', *, *, #4010, .F. ) ;
#4348 = LINE ( 'NONE', #1302, #5356 ) ;
#4349 = PLANE ( 'NONE',  #4381 ) ;
#4350 = DIRECTION ( 'NONE',  ( 0.000000000000000000, 0.000000000000000000, 1.000000000000000000 ) ) ;
#4351 = PLANE ( 'NONE',  #3914 ) ;
#4352 = CARTESIAN_POINT ( 'NONE',  ( 69.52010804873042105, 14.39999999999990621, -5.180832162094897164 ) ) ;
#4353 = ORIENTED_EDGE ( 'NONE', *, *, #4973, .T. ) ;
#4354 = CARTESIAN_POINT ( 'NONE',  ( 63.09999999999998721, 15.39999999999992752, 9.000000000000005329 ) ) ;
#4355 = CIRCLE ( 'NONE', #6354, 1.700000000000000178 ) ;
#4356 = VECTOR ( 'NONE', #3101, 1000.000000000000000 ) ;
#4357 = CARTESIAN_POINT ( 'NONE',  ( 73.88932275513376169, 14.39999999999989910, 2.537177611082925388 ) ) ;
#4358 = CARTESIAN_POINT ( 'NONE',  ( 71.13311660009793513, 15.39999999999990443, -3.973706771848438901 ) ) ;
#4359 = VECTOR ( 'NONE', #5996, 1000.000000000000000 ) ;
#4360 = VECTOR ( 'NONE', #4467, 1000.000000000000000 ) ;
#4361 = VERTEX_POINT ( 'NONE', #3929 ) ;
#4362 = VERTEX_POINT ( 'NONE', #6527 ) ;
#4363 = CARTESIAN_POINT ( 'NONE',  ( 69.81767115146155334, 14.39999999999990621, -3.584622746710089292 ) ) ;
#4364 = LINE ( 'NONE', #4963, #3230 ) ;
#4365 = CARTESIAN_POINT ( 'NONE',  ( 72.34242345893215997, 15.39999999999989910, 2.278965563026795760 ) ) ;
#4366 = VECTOR ( 'NONE', #2930, 1000.000000000000000 ) ;
#4367 = AXIS2_PLACEMENT_3D ( 'NONE', #426, #1952, #4686 ) ;
#4368 = CARTESIAN_POINT ( 'NONE',  ( 68.80623608905494848, 15.39999999999990798, 2.323225594699042773 ) ) ;
#4369 = CIRCLE ( 'NONE', #1379, 0.5000000000000004441 ) ;
#4370 = CARTESIAN_POINT ( 'NONE',  ( 73.08705040691673105, 15.39999999999990266, -3.327549442669541335 ) ) ;
#4371 = VERTEX_POINT ( 'NONE', #4965 ) ;
#4372 = DIRECTION ( 'NONE',  ( 2.312964634635740689E-15, -1.000000000000000000, 0.000000000000000000 ) ) ;
#4373 = EDGE_CURVE ( 'NONE', #2886, #354, #4929, .T. ) ;
#4374 = VERTEX_POINT ( 'NONE', #5026 ) ;
#4375 = CARTESIAN_POINT ( 'NONE',  ( 17.39648974911706247, -4.066209104948363517, -9.000000000000003553 ) ) ;
#4376 = VECTOR ( 'NONE', #4078, 1000.000000000000000 ) ;
#4377 = CARTESIAN_POINT ( 'NONE',  ( 72.32852855257955582, 14.39999999999990266, -1.916849355454689707 ) ) ;
#4378 = CARTESIAN_POINT ( 'NONE',  ( 69.82071352901058958, 15.39999999999990443, 2.641916310235415288 ) ) ;
#4379 = ORIENTED_EDGE ( 'NONE', *, *, #3114, .T. ) ;
#4380 = CARTESIAN_POINT ( 'NONE',  ( 69.31125983422590764, 15.39999999999990798, 1.200500812154248864 ) ) ;
#4381 = AXIS2_PLACEMENT_3D ( 'NONE', #678, #1755, #573 ) ;
#4382 = CARTESIAN_POINT ( 'NONE',  ( 68.77239498887763602, 14.39999999999990621, 5.697968591541755501 ) ) ;
#4383 = ORIENTED_EDGE ( 'NONE', *, *, #5995, .F. ) ;
#4384 = ADVANCED_FACE ( 'NONE', ( #3334 ), #2820, .T. ) ;
#4385 = EDGE_LOOP ( 'NONE', ( #5033, #3553, #3819, #4222, #6468, #343, #1717, #6602, #1911, #6467, #2985, #762, #6504, #4608 ) ) ;
#4386 = APPROVAL ( #4550, 'UNSPECIFIED' ) ;
#4387 = DIRECTION ( 'NONE',  ( 1.000000000000000000, 0.000000000000000000, 0.000000000000000000 ) ) ;
#4388 = EDGE_CURVE ( 'NONE', #967, #515, #718, .T. ) ;
#4389 = VECTOR ( 'NONE', #6833, 1000.000000000000000 ) ;
#4390 = DIRECTION ( 'NONE',  ( 7.523163845262640051E-32, -2.168404344971008868E-16, 1.000000000000000000 ) ) ;
#4391 = DIRECTION ( 'NONE',  ( 1.000000000000000000, 0.000000000000000000, 0.000000000000000000 ) ) ;
#4392 = CARTESIAN_POINT ( 'NONE',  ( 28.25622670982141926, -500000.0000000000582, -2.799999999891578550 ) ) ;
#4393 = FACE_OUTER_BOUND ( 'NONE', #6668, .T. ) ;
#4394 = ORIENTED_EDGE ( 'NONE', *, *, #570, .T. ) ;
#4395 = EDGE_CURVE ( 'NONE', #418, #522, #3367, .T. ) ;
#4396 = CARTESIAN_POINT ( 'NONE',  ( 19.18827767153689479, -4.100000000000054712, 12.00000000000000355 ) ) ;
#4397 = PRODUCT_DEFINITION_FORMATION_WITH_SPECIFIED_SOURCE ( 'ANY', '', #5515, .NOT_KNOWN. ) ;
#4398 = CARTESIAN_POINT ( 'NONE',  ( 73.90628708121916191, 14.39999999999989910, 2.986423373434480055 ) ) ;
#4399 = CARTESIAN_POINT ( 'NONE',  ( 70.53440977894797470, 14.39999999999990266, -4.259205386823629702 ) ) ;
#4400 = CARTESIAN_POINT ( 'NONE',  ( 0.000000000000000000, -4.100000000000072475, 19.58581589082205454 ) ) ;
#4401 = VERTEX_POINT ( 'NONE', #6600 ) ;
#4402 = ORIENTED_EDGE ( 'NONE', *, *, #4046, .F. ) ;
#4403 = CARTESIAN_POINT ( 'NONE',  ( 70.53467996412398122, 15.39999999999990088, 0.8057091083615139926 ) ) ;
#4404 = CARTESIAN_POINT ( 'NONE',  ( 0.000000000000000000, -4.000000000000067502, 0.000000000000000000 ) ) ;
#4405 = CARTESIAN_POINT ( 'NONE',  ( 72.72281706108950061, 15.39999999999989555, 1.823428988199863321 ) ) ;
#4406 = DIRECTION ( 'NONE',  ( 1.734723475976793684E-15, 1.000000000000000000, -0.000000000000000000 ) ) ;
#4407 = CARTESIAN_POINT ( 'NONE',  ( 73.48133023504041716, 15.39999999999989733, -3.616386291650090179 ) ) ;
#4408 = EDGE_CURVE ( 'NONE', #4643, #4640, #4995, .T. ) ;
#4409 = VERTEX_POINT ( 'NONE', #248 ) ;
#4410 = DIRECTION ( 'NONE',  ( -1.000000000000000000, 0.000000000000000000, 7.794060786255082520E-17 ) ) ;
#4411 = ORIENTED_EDGE ( 'NONE', *, *, #865, .F. ) ;
#4412 = DIRECTION ( 'NONE',  ( 0.000000000000000000, 0.000000000000000000, 1.000000000000000000 ) ) ;
#4413 = CARTESIAN_POINT ( 'NONE',  ( 71.20298472004046175, 15.39999999999990621, 2.723400085539311899 ) ) ;
#4414 = CARTESIAN_POINT ( 'NONE',  ( 74.93635983262763034, 15.39999999999989555, 3.611209660063890325 ) ) ;
#4415 = VERTEX_POINT ( 'NONE', #3964 ) ;
#4416 = CARTESIAN_POINT ( 'NONE',  ( 68.77540425288653125, 14.39999999999990621, 2.872782297017065112 ) ) ;
#4417 = DIRECTION ( 'NONE',  ( -0.000000000000000000, -1.000000000000000000, -0.000000000000000000 ) ) ;
#4418 = ORIENTED_EDGE ( 'NONE', *, *, #6413, .F. ) ;
#4419 = ORIENTED_EDGE ( 'NONE', *, *, #3336, .F. ) ;
#4420 = CARTESIAN_POINT ( 'NONE',  ( 71.12052713510666990, 14.39999999999989910, 1.019054977024963948 ) ) ;
#4421 = CARTESIAN_POINT ( 'NONE',  ( 0.000000000000000000, -4.600000000000067146, 0.000000000000000000 ) ) ;
#4422 = EDGE_CURVE ( 'NONE', #5427, #6455, #4927, .T. ) ;
#4423 = CARTESIAN_POINT ( 'NONE',  ( 74.93635983262761613, 14.39999999999989555, -1.651374106775552963 ) ) ;
#4424 = LINE ( 'NONE', #6094, #1342 ) ;
#4425 = EDGE_CURVE ( 'NONE', #6105, #2993, #2897, .T. ) ;
#4426 = EDGE_CURVE ( 'NONE', #4473, #5242, #4582, .T. ) ;
#4427 = DIRECTION ( 'NONE',  ( 0.000000000000000000, 0.000000000000000000, -1.000000000000000000 ) ) ;
#4428 = EDGE_LOOP ( 'NONE', ( #3945, #929, #4135, #6233 ) ) ;
#4429 = PLANE ( 'NONE',  #6804 ) ;
#4430 = DIRECTION ( 'NONE',  ( 1.734723475976793684E-15, 1.000000000000000000, -0.000000000000000000 ) ) ;
#4431 = CARTESIAN_POINT ( 'NONE',  ( 71.27418567200449218, 15.39999999999989910, -3.488080375123540300 ) ) ;
#4432 = EDGE_CURVE ( 'NONE', #4683, #1627, #2480, .T. ) ;
#4433 = DIRECTION ( 'NONE',  ( -0.000000000000000000, 1.000000000000000000, -0.000000000000000000 ) ) ;
#4434 = ORIENTED_EDGE ( 'NONE', *, *, #5137, .T. ) ;
#4435 = EDGE_LOOP ( 'NONE', ( #1325, #4171 ) ) ;
#4436 = B_SPLINE_CURVE_WITH_KNOTS ( 'NONE', 3,
 ( #4521, #4652, #6160, #5048, #1398, #6222, #2935, #6119, #4622, #2412, #1504, #5639, #845, #2018, #1429, #4141, #5145, #6647, #6675, #1917, #875, #2998, #4586 ),
 .UNSPECIFIED., .F., .F.,
 ( 4, 1, 1, 1, 1, 1, 1, 1, 1, 1, 1, 1, 1, 1, 1, 1, 1, 1, 1, 1, 4 ),
 ( 0.000000000000000000, 0.05482147054825180221, 0.1058665369897128505, 0.1535273700592672264, 0.1974242249671154248, 0.2375869463700438777, 0.2744172633975640596, 0.3079015571653433425, 0.3376828292166939582, 0.3930839707016455797, 0.4468842914355266593, 0.5000135689630500480, 0.5524032294081928640, 0.6052600818872434507, 0.6587379628657231700, 0.7127120238557714815, 0.7689161872684494581, 0.8257274339640425787, 0.8827558992628541379, 0.9401453987472019325, 0.9999999999999998890 ),
 .UNSPECIFIED. ) ;
#4437 = CARTESIAN_POINT ( 'NONE',  ( 69.81063504894521543, 15.39999999999989733, -3.476774752041355221 ) ) ;
#4438 = PLANE ( 'NONE',  #5112 ) ;
#4439 = CARTESIAN_POINT ( 'NONE',  ( 72.44972479050919389, 15.39999999999990088, 2.060984006103552257 ) ) ;
#4440 = DIRECTION ( 'NONE',  ( -0.000000000000000000, 0.000000000000000000, -1.000000000000000000 ) ) ;
#4441 = ORIENTED_EDGE ( 'NONE', *, *, #404, .F. ) ;
#4442 = CARTESIAN_POINT ( 'NONE',  ( 69.79972246283595894, 14.39999999999990621, 4.512590736974447125 ) ) ;
#4443 = VERTEX_POINT ( 'NONE', #5121 ) ;
#4444 = CARTESIAN_POINT ( 'NONE',  ( 17.67817400315558984, -4.552950619569100077, 9.000000000000007105 ) ) ;
#4445 = ADVANCED_FACE ( 'NONE', ( #6277 ), #3051, .F. ) ;
#4446 = CARTESIAN_POINT ( 'NONE',  ( 71.21388883495193056, 15.39999999999990976, 2.930835848699255397 ) ) ;
#4447 = B_SPLINE_SURFACE_WITH_KNOTS ( 'NONE', 3, 1, ( 
 ( #2511, #2444 ),
 ( #5080, #1404 ),
 ( #6650, #4626 ),
 ( #2941, #6748 ),
 ( #333, #2415 ),
 ( #5644, #1989 ),
 ( #879, #1466 ),
 ( #5572, #2541 ),
 ( #1334, #4554 ),
 ( #4656, #4524 ),
 ( #5051, #1862 ) ),
 .UNSPECIFIED., .F., .F., .F.,
 ( 4, 1, 1, 1, 1, 1, 1, 1, 4 ),
 ( 2, 2 ),
 ( 0.000000000000000000, 0.05424288010384745867, 0.1282398849542175923, 0.2220811098595995570, 0.3368748928824428224, 0.4726021059892307474, 0.6281751862150929400, 0.8036077172877569286, 1.000000000000000000 ),
 ( 0.000000000000000000, 1.000000000000000000 ),
 .UNSPECIFIED. ) ;
#4448 = CARTESIAN_POINT ( 'NONE',  ( 74.92699760000023446, 15.39999999999989733, 2.855102755222211464 ) ) ;
#4449 = VERTEX_POINT ( 'NONE', #924 ) ;
#4450 = CARTESIAN_POINT ( 'NONE',  ( 68.79496415350560312, 15.39999999999990443, 2.442981939951219150 ) ) ;
#4451 = CARTESIAN_POINT ( 'NONE',  ( 0.000000000000000000, 15.39999999999992575, 16.85941873256619772 ) ) ;
#4452 = ORIENTED_EDGE ( 'NONE', *, *, #939, .F. ) ;
#4453 = ORIENTED_EDGE ( 'NONE', *, *, #5869, .T. ) ;
#4454 = CARTESIAN_POINT ( 'NONE',  ( 71.28972884271598787, 14.39999999999990976, 1.140590536594604743 ) ) ;
#4455 = LINE ( 'NONE', #2410, #5386 ) ;
#4456 = CALENDAR_DATE ( 2024, 27, 5 ) ;
#4457 = CARTESIAN_POINT ( 'NONE',  ( 63.59999999999998721, 15.79999999999999893, 35.00000000000000711 ) ) ;
#4458 = DIRECTION ( 'NONE',  ( -0.4896097780374836783, 0.8480290114434234638, -0.2028030103336134482 ) ) ;
#4459 = ORIENTED_EDGE ( 'NONE', *, *, #3923, .F. ) ;
#4460 = EDGE_CURVE ( 'NONE', #5864, #339, #1970, .T. ) ;
#4461 = LINE ( 'NONE', #3322, #44 ) ;
#4462 = DIRECTION ( 'NONE',  ( 0.000000000000000000, 0.000000000000000000, 1.000000000000000000 ) ) ;
#4463 = DIRECTION ( 'NONE',  ( 0.7071067811865456854, 0.7071067811865493491, 0.000000000000000000 ) ) ;
#4464 = AXIS2_PLACEMENT_3D ( 'NONE', #1420, #385, #2495 ) ;
#4465 = AXIS2_PLACEMENT_3D ( 'NONE', #756, #6582, #1331 ) ;
#4466 = EDGE_LOOP ( 'NONE', ( #3026, #2221, #1629, #6241 ) ) ;
#4467 = DIRECTION ( 'NONE',  ( 0.000000000000000000, 0.000000000000000000, -1.000000000000000000 ) ) ;
#4468 = EDGE_CURVE ( 'NONE', #6725, #3599, #3012, .T. ) ;
#4469 = DIRECTION ( 'NONE',  ( -1.000000000000000000, 0.000000000000000000, -0.000000000000000000 ) ) ;
#4470 = CARTESIAN_POINT ( 'NONE',  ( 63.09999999999998721, 15.39999999999993463, 6.999999999999994671 ) ) ;
#4471 = VECTOR ( 'NONE', #2307, 1000.000000000000000 ) ;
#4472 = VECTOR ( 'NONE', #4671, 1000.000000000000000 ) ;
#4473 = VERTEX_POINT ( 'NONE', #5652 ) ;
#4474 = DIRECTION ( 'NONE',  ( 0.000000000000000000, 0.000000000000000000, -1.000000000000000000 ) ) ;
#4475 = CIRCLE ( 'NONE', #1479, 22.61491958098286759 ) ;
#4476 = AXIS2_PLACEMENT_3D ( 'NONE', #3560, #885, #2420 ) ;
#4477 = ORIENTED_EDGE ( 'NONE', *, *, #528, .T. ) ;
#4478 = DIRECTION ( 'NONE',  ( 0.000000000000000000, 1.000000000000000000, 3.858032741160322701E-32 ) ) ;
#4479 = AXIS2_PLACEMENT_3D ( 'NONE', #5954, #4313, #5319 ) ;
#4480 = CARTESIAN_POINT ( 'NONE',  ( 71.20298472004046175, 14.39999999999990266, 2.723400085539311899 ) ) ;
#4481 = CIRCLE ( 'NONE', #3138, 1.700000000000000178 ) ;
#4482 = CARTESIAN_POINT ( 'NONE',  ( 68.77239498887763602, 15.39999999999990621, 3.214848939942946959 ) ) ;
#4483 = CARTESIAN_POINT ( 'NONE',  ( 69.03239869616915314, 15.39999999999990798, -4.682135891641103775 ) ) ;
#4484 = CARTESIAN_POINT ( 'NONE',  ( 21.75622670975753081, 10.39999999999992752, 9.000000000000010658 ) ) ;
#4485 = VERTEX_POINT ( 'NONE', #4056 ) ;
#4486 = EDGE_LOOP ( 'NONE', ( #4017, #3983, #3864, #5471, #537, #4516, #4959, #2032, #2352, #3999, #6654 ) ) ;
#4487 = CIRCLE ( 'NONE', #5826, 3.999999999999996447 ) ;
#4488 = DIRECTION ( 'NONE',  ( -1.000000000000000000, -0.000000000000000000, -0.000000000000000000 ) ) ;
#4489 = CARTESIAN_POINT ( 'NONE',  ( 74.60620229029655093, 15.39999999999989377, 1.285485412787307213 ) ) ;
#4490 = PERSON_AND_ORGANIZATION ( #3690, #4169 ) ;
#4491 = CIRCLE ( 'NONE', #5495, 2.200000000000090772 ) ;
#4492 = CARTESIAN_POINT ( 'NONE',  ( 73.90903235866929322, 15.39999999999989733, 4.512590736974447125 ) ) ;
#4493 = LINE ( 'NONE', #1761, #2915 ) ;
#4494 = VERTEX_POINT ( 'NONE', #4086 ) ;
#4495 = CARTESIAN_POINT ( 'NONE',  ( 73.89926484163714804, 14.39999999999989910, 2.729575807278940669 ) ) ;
#4496 = VECTOR ( 'NONE', #2376, 1000.000000000000000 ) ;
#4497 = DIRECTION ( 'NONE',  ( 0.000000000000000000, 0.000000000000000000, 1.000000000000000000 ) ) ;
#4498 = CARTESIAN_POINT ( 'NONE',  ( 71.56539335739884677, 14.39999999999990621, 1.448074481133464264 ) ) ;
#4499 = VECTOR ( 'NONE', #4939, 1000.000000000000000 ) ;
#4500 = ORIENTED_EDGE ( 'NONE', *, *, #1795, .T. ) ;
#4501 = VERTEX_POINT ( 'NONE', #6138 ) ;
#4502 = CARTESIAN_POINT ( 'NONE',  ( 69.80164682179220392, 15.39999999999990798, -3.152867188440019675 ) ) ;
#4503 = CARTESIAN_POINT ( 'NONE',  ( 72.52753755650000755, 15.39999999999989733, 1.964867537625246241 ) ) ;
#4504 = CARTESIAN_POINT ( 'NONE',  ( 25.25622670975753081, 7.400000000004188117, -1.736114733519679751E-31 ) ) ;
#4505 = EDGE_CURVE ( 'NONE', #3014, #3203, #993, .T. ) ;
#4506 = CC_DESIGN_DATE_AND_TIME_ASSIGNMENT ( #5566, #2341, ( #4284 ) ) ;
#4507 = ADVANCED_FACE ( 'NONE', ( #6788 ), #382, .T. ) ;
#4508 = VERTEX_POINT ( 'NONE', #3501 ) ;
#4509 = DIRECTION ( 'NONE',  ( 1.734723475976793684E-15, 1.000000000000000000, 0.000000000000000000 ) ) ;
#4510 = CARTESIAN_POINT ( 'NONE',  ( 21.75622670975752726, 7.400000000004187228, 2.799999999999999822 ) ) ;
#4511 = DIRECTION ( 'NONE',  ( -0.000000000000000000, 0.4999999999999955036, 0.8660254037844412611 ) ) ;
#4512 = EDGE_CURVE ( 'NONE', #6298, #4579, #1272, .T. ) ;
#4513 = DIRECTION ( 'NONE',  ( -1.000000000000000000, -0.000000000000000000, -0.000000000000000000 ) ) ;
#4514 = CARTESIAN_POINT ( 'NONE',  ( 71.81450607448934420, 15.39999999999989910, 1.279621456867868767 ) ) ;
#4515 = CARTESIAN_POINT ( 'NONE',  ( 0.000000000000000000, -4.100000000000072475, 20.08581589082205454 ) ) ;
#4516 = ORIENTED_EDGE ( 'NONE', *, *, #6423, .T. ) ;
#4517 = VERTEX_POINT ( 'NONE', #6204 ) ;
#4518 = CARTESIAN_POINT ( 'NONE',  ( 71.59999999999999432, 5.799999999999999822, 37.97994974842648475 ) ) ;
#4519 = CARTESIAN_POINT ( 'NONE',  ( 71.18777223358992501, 14.39999999999990621, -3.874734250285518655 ) ) ;
#4520 = PERSON_AND_ORGANIZATION_ROLE ( 'classification_officer' ) ;
#4521 = CARTESIAN_POINT ( 'NONE',  ( 68.77239498887763602, 14.39999999999990621, 3.214848939942946959 ) ) ;
#4522 = DIRECTION ( 'NONE',  ( 2.668805347656625692E-16, -1.000000000000000000, -3.858032741160322701E-32 ) ) ;
#4523 = VERTEX_POINT ( 'NONE', #1441 ) ;
#4524 = CARTESIAN_POINT ( 'NONE',  ( 69.79958648531221854, 15.39999999999990621, 3.687353261260369219 ) ) ;
#4525 = EDGE_CURVE ( 'NONE', #4579, #6027, #4637, .T. ) ;
#4526 = CARTESIAN_POINT ( 'NONE',  ( 60.09999999999990195, 15.39999999999998792, 1.929016370580189267E-31 ) ) ;
#4527 = CARTESIAN_POINT ( 'NONE',  ( 42.64480869475966784, 8.399999999999932854, -8.000000000000003553 ) ) ;
#4528 = ORIENTED_EDGE ( 'NONE', *, *, #3227, .T. ) ;
#4529 = ORIENTED_EDGE ( 'NONE', *, *, #6694, .F. ) ;
#4530 = CARTESIAN_POINT ( 'NONE',  ( 70.45558069613178986, 15.39999999999990266, 1.985319194492430661 ) ) ;
#4531 = CARTESIAN_POINT ( 'NONE',  ( 70.53611573962987791, 14.39999999999990266, -5.443496495481207731 ) ) ;
#4532 = CARTESIAN_POINT ( 'NONE',  ( -2.075304657985082372E-14, 15.39999999999988489, -7.711324865405172702 ) ) ;
#4533 = EDGE_LOOP ( 'NONE', ( #1861, #2976, #1980, #42 ) ) ;
#4534 = DIRECTION ( 'NONE',  ( -1.000000000000000000, -0.000000000000000000, -0.000000000000000000 ) ) ;
#4535 = ORIENTED_EDGE ( 'NONE', *, *, #3372, .F. ) ;
#4536 = DIRECTION ( 'NONE',  ( -1.000000000000000000, 1.734723475976811532E-16, 0.000000000000000000 ) ) ;
#4537 = EDGE_CURVE ( 'NONE', #5754, #4742, #1998, .T. ) ;
#4538 = EDGE_CURVE ( 'NONE', #3465, #911, #4475, .T. ) ;
#4539 = EDGE_CURVE ( 'NONE', #4954, #6101, #664, .T. ) ;
#4540 = CARTESIAN_POINT ( 'NONE',  ( 72.31962315122783025, 14.39999999999990266, 0.7723599597024177754 ) ) ;
#4541 = DIRECTION ( 'NONE',  ( 2.668805347656625692E-16, -1.000000000000000000, -3.858032741160322701E-32 ) ) ;
#4542 = EDGE_LOOP ( 'NONE', ( #3373, #2105, #5528, #2715 ) ) ;
#4543 = ORIENTED_EDGE ( 'NONE', *, *, #6250, .F. ) ;
#4544 = LINE ( 'NONE', #4354, #2932 ) ;
#4545 = EDGE_CURVE ( 'NONE', #6740, #3014, #5621, .T. ) ;
#4546 = FACE_OUTER_BOUND ( 'NONE', #2210, .T. ) ;
#4547 = EDGE_CURVE ( 'NONE', #4062, #6625, #1832, .T. ) ;
#4548 = EDGE_CURVE ( 'NONE', #1603, #3705, #1655, .T. ) ;
#4549 = CARTESIAN_POINT ( 'NONE',  ( 70.97949671067055988, 15.39999999999990443, -4.130976069945734963 ) ) ;
#4550 = APPROVAL_STATUS ( 'not_yet_approved' ) ;
#4551 = LINE ( 'NONE', #4072, #5225 ) ;
#4552 = LINE ( 'NONE', #6192, #2031 ) ;
#4553 = VERTEX_POINT ( 'NONE', #2138 ) ;
#4554 = CARTESIAN_POINT ( 'NONE',  ( 69.79932904231728230, 15.39999999999990621, 3.548645418991260847 ) ) ;
#4555 = CARTESIAN_POINT ( 'NONE',  ( 79.59999999999999432, 15.79999999999999893, 35.00000000000000711 ) ) ;
#4556 = VECTOR ( 'NONE', #5835, 1000.000000000000000 ) ;
#4557 = CARTESIAN_POINT ( 'NONE',  ( 63.59999999999998721, 15.39999999999991687, 12.00000000000000533 ) ) ;
#4558 = CARTESIAN_POINT ( 'NONE',  ( 73.19999999999998863, 5.799999999999999822, 37.97994974842648475 ) ) ;
#4559 = ORIENTED_EDGE ( 'NONE', *, *, #5095, .F. ) ;
#4560 = ORIENTED_EDGE ( 'NONE', *, *, #4962, .T. ) ;
#4561 = DIRECTION ( 'NONE',  ( 0.000000000000000000, 0.000000000000000000, -1.000000000000000000 ) ) ;
#4562 = DIRECTION ( 'NONE',  ( 0.000000000000000000, 0.000000000000000000, -1.000000000000000000 ) ) ;
#4563 = CARTESIAN_POINT ( 'NONE',  ( 70.64031471211066560, 14.39999999999990266, 1.990428656342998037 ) ) ;
#4564 = AXIS2_PLACEMENT_3D ( 'NONE', #3742, #4740, #513 ) ;
#4565 = ORIENTED_EDGE ( 'NONE', *, *, #3105, .F. ) ;
#4566 = ORIENTED_EDGE ( 'NONE', *, *, #1573, .F. ) ;
#4567 = DIRECTION ( 'NONE',  ( 0.000000000000000000, 0.8660254037844412611, 0.4999999999999955036 ) ) ;
#4568 = ORIENTED_EDGE ( 'NONE', *, *, #6125, .T. ) ;
#4569 = DIRECTION ( 'NONE',  ( -1.000000000000000000, 0.000000000000000000, 0.000000000000000000 ) ) ;
#4570 = VECTOR ( 'NONE', #225, 1000.000000000000000 ) ;
#4571 = VECTOR ( 'NONE', #909, 1000.000000000000000 ) ;
#4572 = VECTOR ( 'NONE', #6865, 1000.000000000000000 ) ;
#4573 = CARTESIAN_POINT ( 'NONE',  ( 72.09942009538114860, 15.39999999999990088, -4.257773664570400740 ) ) ;
#4574 = VECTOR ( 'NONE', #2072, 1000.000000000000000 ) ;
#4575 = EDGE_CURVE ( 'NONE', #840, #3782, #6601, .T. ) ;
#4576 = CARTESIAN_POINT ( 'NONE',  ( 73.14964967058710954, 15.39999999999989555, 0.5613312217500887602 ) ) ;
#4577 = DIRECTION ( 'NONE',  ( 1.000000000000000000, 0.000000000000000000, 1.224646799147353207E-16 ) ) ;
#4578 = EDGE_LOOP ( 'NONE', ( #3386, #3037, #4081, #552, #3119 ) ) ;
#4579 = VERTEX_POINT ( 'NONE', #3216 ) ;
#4580 = DIRECTION ( 'NONE',  ( 0.000000000000000000, 1.000000000000000000, 3.858032741160316680E-32 ) ) ;
#4581 = DIRECTION ( 'NONE',  ( 0.000000000000000000, -0.8660254037844327124, -0.5000000000000103251 ) ) ;
#4582 = CIRCLE ( 'NONE', #1598, 17.23407248217877452 ) ;
#4583 = CIRCLE ( 'NONE', #3940, 4.650000000000001243 ) ;
#4584 = CARTESIAN_POINT ( 'NONE',  ( 73.77006815709130194, 15.39999999999989733, 0.6684916159335472230 ) ) ;
#4585 = PERSON_AND_ORGANIZATION_ROLE ( 'design_supplier' ) ;
#4586 = CARTESIAN_POINT ( 'NONE',  ( 70.32326434860318898, 14.39999999999990621, 0.7984067926635499690 ) ) ;
#4587 = CARTESIAN_POINT ( 'NONE',  ( 16.85941873256619417, 15.39999999999992575, -9.000000000000005329 ) ) ;
#4588 = VECTOR ( 'NONE', #3205, 1000.000000000000000 ) ;
#4589 = CARTESIAN_POINT ( 'NONE',  ( 74.89437770027838326, 15.39999999999989555, 2.117139655869680670 ) ) ;
#4590 = VERTEX_POINT ( 'NONE', #620 ) ;
#4591 = EDGE_CURVE ( 'NONE', #6151, #1152, #4041, .T. ) ;
#4592 = ADVANCED_FACE ( 'NONE', ( #2630 ), #4257, .F. ) ;
#4593 = DIRECTION ( 'NONE',  ( -4.003208021484938538E-16, 1.000000000000000000, 5.787049111740484599E-32 ) ) ;
#4594 = VECTOR ( 'NONE', #2328, 1000.000000000000000 ) ;
#4595 = DIRECTION ( 'NONE',  ( 0.8528120785504106349, -1.212665654697286692E-15, -0.5222179225941295799 ) ) ;
#4596 = CARTESIAN_POINT ( 'NONE',  ( 69.81947876041206769, 15.39999999999990443, -3.601073723819072647 ) ) ;
#4597 = ADVANCED_FACE ( 'NONE', ( #4816 ), #6174, .T. ) ;
#4598 = CYLINDRICAL_SURFACE ( 'NONE', #1139, 1.599999999999990319 ) ;
#4599 = VERTEX_POINT ( 'NONE', #2574 ) ;
#4600 = ORIENTED_EDGE ( 'NONE', *, *, #4962, .F. ) ;
#4601 = DIRECTION ( 'NONE',  ( 0.000000000000000000, 0.000000000000000000, -1.000000000000000000 ) ) ;
#4602 = VECTOR ( 'NONE', #4179, 1000.000000000000000 ) ;
#4603 = DIRECTION ( 'NONE',  ( 0.000000000000000000, -1.000000000000000000, 0.000000000000000000 ) ) ;
#4604 = DIRECTION ( 'NONE',  ( 0.000000000000000000, 1.000000000000000000, 3.858032741160316680E-32 ) ) ;
#4605 = AXIS2_PLACEMENT_3D ( 'NONE', #915, #310, #1310 ) ;
#4606 = CARTESIAN_POINT ( 'NONE',  ( 72.31446590634166682, 15.39999999999989910, 2.379633592111185969 ) ) ;
#4607 = EDGE_LOOP ( 'NONE', ( #37, #130, #3921, #424 ) ) ;
#4608 = ORIENTED_EDGE ( 'NONE', *, *, #5064, .T. ) ;
#4609 = DIRECTION ( 'NONE',  ( 0.000000000000000000, 0.000000000000000000, 1.000000000000000000 ) ) ;
#4610 = LINE ( 'NONE', #4510, #1013 ) ;
#4611 = CARTESIAN_POINT ( 'NONE',  ( 57.09999999999994458, 15.39999999999992752, 9.000000000000005329 ) ) ;
#4612 = APPROVAL_PERSON_ORGANIZATION ( #5540, #106, #2411 ) ;
#4613 = B_SPLINE_SURFACE_WITH_KNOTS ( 'NONE', 3, 1, ( 
 ( #3174, #2650 ),
 ( #14, #2124 ),
 ( #4244, #1085 ),
 ( #4416, #5459 ),
 ( #5558, #5503 ),
 ( #229, #2334 ),
 ( #673, #4450 ),
 ( #257, #3310 ),
 ( #3943, #2890 ),
 ( #3974, #3344 ),
 ( #707, #5532 ),
 ( #6056, #6571 ),
 ( #5425, #3416 ),
 ( #6465, #2788 ),
 ( #4905, #2862 ),
 ( #3871, #4380 ),
 ( #3905, #748 ),
 ( #1818, #120 ),
 ( #1298, #158 ),
 ( #6536, #1260 ),
 ( #1224, #2268 ),
 ( #195, #3442 ),
 ( #775, #2826 ) ),
 .UNSPECIFIED., .F., .F., .F.,
 ( 4, 1, 1, 1, 1, 1, 1, 1, 1, 1, 1, 1, 1, 1, 1, 1, 1, 1, 1, 1, 4 ),
 ( 2, 2 ),
 ( 0.000000000000000000, 0.05482147054825180221, 0.1058665369897128505, 0.1535273700592672264, 0.1974242249671154248, 0.2375869463700438777, 0.2744172633975640596, 0.3079015571653433425, 0.3376828292166939582, 0.3930839707016455797, 0.4468842914355266593, 0.5000135689630500480, 0.5524032294081928640, 0.6052600818872434507, 0.6587379628657231700, 0.7127120238557714815, 0.7689161872684494581, 0.8257274339640425787, 0.8827558992628541379, 0.9401453987472019325, 0.9999999999999998890 ),
 ( 0.000000000000000000, 1.000000000000000000 ),
 .UNSPECIFIED. ) ;
#4614 = DIRECTION ( 'NONE',  ( 0.000000000000000000, 0.000000000000000000, -1.000000000000000000 ) ) ;
#4615 = CARTESIAN_POINT ( 'NONE',  ( 72.21931008674080488, 15.39999999999989910, 0.8378872444132178243 ) ) ;
#4616 = CARTESIAN_POINT ( 'NONE',  ( -20.08581589082205454, -4.600000000000068034, 11.71132486540519047 ) ) ;
#4617 = VERTEX_POINT ( 'NONE', #5251 ) ;
#4618 = ORIENTED_EDGE ( 'NONE', *, *, #1169, .F. ) ;
#4619 = CARTESIAN_POINT ( 'NONE',  ( 0.000000000000000000, 14.89999999999992752, 0.000000000000000000 ) ) ;
#4620 = DIRECTION ( 'NONE',  ( -1.734723475976793684E-15, -1.000000000000000000, 0.000000000000000000 ) ) ;
#4621 = DIRECTION ( 'NONE',  ( 1.000000000000000000, 0.000000000000000000, -0.000000000000000000 ) ) ;
#4622 = CARTESIAN_POINT ( 'NONE',  ( 68.81847770187910385, 14.39999999999990621, 2.214946619295559138 ) ) ;
#4623 = CARTESIAN_POINT ( 'NONE',  ( 62.09999999999998721, 15.39999999999993463, -8.000000000000003553 ) ) ;
#4624 = LINE ( 'NONE', #6746, #1718 ) ;
#4625 = ORIENTED_EDGE ( 'NONE', *, *, #3895, .F. ) ;
#4626 = CARTESIAN_POINT ( 'NONE',  ( 69.81464000915633505, 15.39999999999990266, 2.709730192231130097 ) ) ;
#4627 = EDGE_CURVE ( 'NONE', #972, #1301, #5713, .T. ) ;
#4628 = LINE ( 'NONE', #2580, #5379 ) ;
#4629 = EDGE_CURVE ( 'NONE', #5327, #2546, #877, .T. ) ;
#4630 = EDGE_CURVE ( 'NONE', #4776, #5090, #1536, .T. ) ;
#4631 = DIRECTION ( 'NONE',  ( 1.000000000000000000, 0.000000000000000000, 1.224646799147353207E-16 ) ) ;
#4632 = CARTESIAN_POINT ( 'NONE',  ( 17.47391751277735139, -4.363477993267209420, -9.000000000000007105 ) ) ;
#4633 = EDGE_LOOP ( 'NONE', ( #4237, #6171, #5411, #2188 ) ) ;
#4634 = ORIENTED_EDGE ( 'NONE', *, *, #6044, .T. ) ;
#4635 = CARTESIAN_POINT ( 'NONE',  ( 69.79931281456869385, 15.39999999999990798, -2.838813496570304462 ) ) ;
#4636 = CARTESIAN_POINT ( 'NONE',  ( 71.72104698151825630, 14.39999999999989910, -4.955659209497730977 ) ) ;
#4637 = LINE ( 'NONE', #6756, #3938 ) ;
#4638 = EDGE_CURVE ( 'NONE', #6383, #6836, #6700, .T. ) ;
#4639 = DIRECTION ( 'NONE',  ( -4.003208021484938538E-16, 1.000000000000000000, 5.787049111740484599E-32 ) ) ;
#4640 = VERTEX_POINT ( 'NONE', #4182 ) ;
#4641 = VERTEX_POINT ( 'NONE', #2509 ) ;
#4642 = LINE ( 'NONE', #419, #4472 ) ;
#4643 = VERTEX_POINT ( 'NONE', #910 ) ;
#4644 = DIRECTION ( 'NONE',  ( -0.000000000000000000, 1.000000000000000000, -0.000000000000000000 ) ) ;
#4645 = SPHERICAL_SURFACE ( 'NONE', #6780, 20.00000000000000355 ) ;
#4646 = DIRECTION ( 'NONE',  ( 1.734723475976793684E-15, 1.000000000000000000, -0.000000000000000000 ) ) ;
#4647 = CARTESIAN_POINT ( 'NONE',  ( 0.000000000000000000, 14.89999999999992752, 14.07977272543851832 ) ) ;
#4648 = ORIENTED_EDGE ( 'NONE', *, *, #69, .T. ) ;
#4649 = ORIENTED_EDGE ( 'NONE', *, *, #6008, .T. ) ;
#4650 = CARTESIAN_POINT ( 'NONE',  ( 63.59999999999998721, -4.199999999999992184, 31.00000000000000711 ) ) ;
#4651 = CARTESIAN_POINT ( 'NONE',  ( 70.32326434860318898, 15.39999999999990443, 0.7984067926635499690 ) ) ;
#4652 = CARTESIAN_POINT ( 'NONE',  ( 68.77274461180640230, 14.39999999999990976, 3.155168581324243160 ) ) ;
#4653 = LINE ( 'NONE', #948, #2700 ) ;
#4654 = DIRECTION ( 'NONE',  ( -0.000000000000000000, 1.000000000000000000, -0.000000000000000000 ) ) ;
#4655 = ORIENTED_EDGE ( 'NONE', *, *, #4895, .T. ) ;
#4656 = CARTESIAN_POINT ( 'NONE',  ( 69.79958648531221854, 14.39999999999990621, 3.687353261260369219 ) ) ;
#4657 = DIRECTION ( 'NONE',  ( -1.000000000000000000, 0.000000000000000000, 0.000000000000000000 ) ) ;
#4658 = DIRECTION ( 'NONE',  ( -0.8660254037844364872, 0.5000000000000038858, -4.930380657631364290E-32 ) ) ;
#4659 = DIRECTION ( 'NONE',  ( 0.000000000000000000, 0.000000000000000000, -1.000000000000000000 ) ) ;
#4660 = ORIENTED_EDGE ( 'NONE', *, *, #5105, .T. ) ;
#4661 = EDGE_CURVE ( 'NONE', #2971, #3676, #723, .T. ) ;
#4662 = ORIENTED_EDGE ( 'NONE', *, *, #2740, .F. ) ;
#4663 = CARTESIAN_POINT ( 'NONE',  ( 63.59999999999998721, 5.400000000004201439, 2.800000000000000266 ) ) ;
#4664 = CARTESIAN_POINT ( 'NONE',  ( 72.14382788616592279, 14.39999999999990266, -4.082730088725031514 ) ) ;
#4665 = CARTESIAN_POINT ( 'NONE',  ( 73.86084575938843955, 14.39999999999989555, 2.357839276659715821 ) ) ;
#4666 = CIRCLE ( 'NONE', #1682, 19.62141687034862869 ) ;
#4667 = CARTESIAN_POINT ( 'NONE',  ( 71.10589545620983642, 14.39999999999990266, -5.351420347430689617 ) ) ;
#4668 = EDGE_LOOP ( 'NONE', ( #706, #1300, #3488, #3836, #1799 ) ) ;
#4669 = CIRCLE ( 'NONE', #3688, 16.85941873256619772 ) ;
#4670 = ORIENTED_EDGE ( 'NONE', *, *, #6413, .T. ) ;
#4671 = DIRECTION ( 'NONE',  ( 0.7071067811865456854, 0.7071067811865493491, 0.000000000000000000 ) ) ;
#4672 = EDGE_CURVE ( 'NONE', #871, #4449, #1564, .T. ) ;
#4673 = CARTESIAN_POINT ( 'NONE',  ( 46.49999999999995737, 5.800000000000005151, -8.000000000000003553 ) ) ;
#4674 = B_SPLINE_CURVE_WITH_KNOTS ( 'NONE', 3,
 ( #408, #818, #2514, #5613, #2945, #3986, #3958, #6071, #4498, #3429, #851 ),
 .UNSPECIFIED., .F., .F.,
 ( 4, 1, 1, 1, 1, 1, 1, 1, 4 ),
 ( 0.000000000000000000, 0.1278794480805363065, 0.2528765148219003223, 0.3768053905488674138, 0.5029401828006202502, 0.6283527607107859403, 0.7511391636481109524, 0.8744601865007975983, 1.000000000000000000 ),
 .UNSPECIFIED. ) ;
#4675 = ADVANCED_FACE ( 'NONE', ( #506 ), #1507, .F. ) ;
#4676 = FACE_OUTER_BOUND ( 'NONE', #656, .T. ) ;
#4677 = AXIS2_PLACEMENT_3D ( 'NONE', #5800, #6316, #3092 ) ;
#4678 = DIRECTION ( 'NONE',  ( -7.794060786255082520E-17, -2.704108043821388314E-32, 1.000000000000000000 ) ) ;
#4679 = EDGE_CURVE ( 'NONE', #2305, #6868, #463, .T. ) ;
#4680 = ORIENTED_EDGE ( 'NONE', *, *, #6552, .F. ) ;
#4681 = CARTESIAN_POINT ( 'NONE',  ( 21.75622670975752726, 5.400000000004187228, 2.799999999999999378 ) ) ;
#4682 = CIRCLE ( 'NONE', #2693, 19.59591794226541595 ) ;
#4683 = VERTEX_POINT ( 'NONE', #980 ) ;
#4684 = VECTOR ( 'NONE', #6223, 1000.000000000000000 ) ;
#4685 = ORIENTED_EDGE ( 'NONE', *, *, #1362, .T. ) ;
#4686 = DIRECTION ( 'NONE',  ( 3.224638184974934345E-16, 1.000000000000000000, 0.000000000000000000 ) ) ;
#4687 = DIRECTION ( 'NONE',  ( 0.000000000000000000, 0.000000000000000000, -1.000000000000000000 ) ) ;
#4688 = VECTOR ( 'NONE', #3984, 1000.000000000000000 ) ;
#4689 = CARTESIAN_POINT ( 'NONE',  ( 61.79999999999990479, 10.39999999999994174, 9.088222792488061617E-32 ) ) ;
#4690 = AXIS2_PLACEMENT_3D ( 'NONE', #6408, #6274, #3639 ) ;
#4691 = LINE ( 'NONE', #1608, #6676 ) ;
#4692 = ORIENTED_EDGE ( 'NONE', *, *, #3876, .T. ) ;
#4693 = DIRECTION ( 'NONE',  ( -1.000000000000000000, -5.102127870520019996E-16, 0.000000000000000000 ) ) ;
#4694 = LINE ( 'NONE', #3036, #2380 ) ;
#4695 = ORIENTED_EDGE ( 'NONE', *, *, #3757, .T. ) ;
#4696 = CIRCLE ( 'NONE', #5142, 4.650000000000001243 ) ;
#4697 = VECTOR ( 'NONE', #3229, 1000.000000000000000 ) ;
#4698 = CARTESIAN_POINT ( 'NONE',  ( 70.26452286950249970, 15.39999999999990621, -4.220826216987160429 ) ) ;
#4699 = PLANE ( 'NONE',  #3956 ) ;
#4700 = CARTESIAN_POINT ( 'NONE',  ( 63.59999999999998721, -4.600000000000048495, 34.97994974842648475 ) ) ;
#4701 = CIRCLE ( 'NONE', #2598, 1.599999999999990319 ) ;
#4702 = CARTESIAN_POINT ( 'NONE',  ( 19.16858335021975890, -4.191111111111185394, -12.00000000000000355 ) ) ;
#4703 = AXIS2_PLACEMENT_3D ( 'NONE', #2706, #4302, #6387 ) ;
#4704 = EDGE_CURVE ( 'NONE', #2327, #6653, #3073, .T. ) ;
#4705 = CARTESIAN_POINT ( 'NONE',  ( 17.39552195564063197, -4.100000000000072475, -9.000000000000005329 ) ) ;
#4706 = ORIENTED_EDGE ( 'NONE', *, *, #4300, .F. ) ;
#4707 = ORIENTED_EDGE ( 'NONE', *, *, #322, .F. ) ;
#4708 = DIRECTION ( 'NONE',  ( 1.000000000000000000, 2.312964634635740689E-15, 0.000000000000000000 ) ) ;
#4709 = CARTESIAN_POINT ( 'NONE',  ( 72.98053105542599894, 15.39999999999990266, -4.725677580658420140 ) ) ;
#4710 = VECTOR ( 'NONE', #5383, 1000.000000000000000 ) ;
#4711 = CARTESIAN_POINT ( 'NONE',  ( 0.000000000000000000, 14.53658536585358441, 0.000000000000000000 ) ) ;
#4712 = CARTESIAN_POINT ( 'NONE',  ( 63.59999999999998721, 8.599999999999999645, 25.82005025157353018 ) ) ;
#4713 = AXIS2_PLACEMENT_3D ( 'NONE', #2718, #3795, #5387 ) ;
#4714 = ORIENTED_EDGE ( 'NONE', *, *, #5781, .F. ) ;
#4715 = ORIENTED_EDGE ( 'NONE', *, *, #6792, .T. ) ;
#4716 = CARTESIAN_POINT ( 'NONE',  ( 26.95622670975753365, 0.3999999999999375722, 2.081899558550498801E-16 ) ) ;
#4717 = DIRECTION ( 'NONE',  ( 0.000000000000000000, 0.000000000000000000, -1.000000000000000000 ) ) ;
#4718 = DIRECTION ( 'NONE',  ( 0.000000000000000000, 0.000000000000000000, 1.000000000000000000 ) ) ;
#4719 = VECTOR ( 'NONE', #2687, 1000.000000000000000 ) ;
#4720 = EDGE_CURVE ( 'NONE', #3129, #3705, #4694, .T. ) ;
#4721 = EDGE_CURVE ( 'NONE', #148, #186, #6819, .T. ) ;
#4722 = CARTESIAN_POINT ( 'NONE',  ( 69.89755075716210797, 14.39999999999990976, -3.878169316062017202 ) ) ;
#4723 = ORIENTED_EDGE ( 'NONE', *, *, #4088, .T. ) ;
#4724 = LOCAL_TIME ( 13, 34, 34.00000000000000000, #2440 ) ;
#4725 = DIRECTION ( 'NONE',  ( 0.000000000000000000, -1.000000000000000000, -2.168404344971008868E-16 ) ) ;
#4726 = VERTEX_POINT ( 'NONE', #1011 ) ;
#4727 = ORIENTED_EDGE ( 'NONE', *, *, #964, .T. ) ;
#4728 = LINE ( 'NONE', #5103, #6042 ) ;
#4729 = CARTESIAN_POINT ( 'NONE',  ( 69.76588500392070102, 15.39999999999990443, 0.9010658034989352805 ) ) ;
#4730 = EDGE_CURVE ( 'NONE', #3992, #3629, #4701, .T. ) ;
#4731 = DIRECTION ( 'NONE',  ( -1.000000000000000000, 0.000000000000000000, 0.000000000000000000 ) ) ;
#4732 = CARTESIAN_POINT ( 'NONE',  ( 69.82071352901058958, 14.39999999999990621, 2.641916310235415288 ) ) ;
#4733 = CARTESIAN_POINT ( 'NONE',  ( 73.71640845730209435, 14.39999999999989910, -5.171699381120754779 ) ) ;
#4734 = DIRECTION ( 'NONE',  ( 0.000000000000000000, 0.000000000000000000, 1.000000000000000000 ) ) ;
#4735 = EDGE_LOOP ( 'NONE', ( #6279, #1375, #3611, #6374 ) ) ;
#4736 = CARTESIAN_POINT ( 'NONE',  ( 69.82913896981258972, 15.39999999999990443, -3.650836146595793252 ) ) ;
#4737 = CARTESIAN_POINT ( 'NONE',  ( 79.59999999999999432, -4.199999999999992184, 31.00000000000000711 ) ) ;
#4738 = FACE_OUTER_BOUND ( 'NONE', #2203, .T. ) ;
#4739 = DIRECTION ( 'NONE',  ( -0.000000000000000000, -0.000000000000000000, 1.000000000000000000 ) ) ;
#4740 = DIRECTION ( 'NONE',  ( -1.000000000000000000, -0.000000000000000000, -0.000000000000000000 ) ) ;
#4741 = EDGE_LOOP ( 'NONE', ( #1881, #3768, #5665, #6793, #5311, #1279 ) ) ;
#4742 = VERTEX_POINT ( 'NONE', #3520 ) ;
#4743 = CARTESIAN_POINT ( 'NONE',  ( -13.73636363457416465, 14.53658536585358441, 0.000000000000000000 ) ) ;
#4744 = CARTESIAN_POINT ( 'NONE',  ( 63.59999999999998721, 15.39999999999991687, -12.00000000000000533 ) ) ;
#4745 = EDGE_CURVE ( 'NONE', #4946, #1829, #1046, .T. ) ;
#4746 = CARTESIAN_POINT ( 'NONE',  ( 73.96859638087180144, 14.39999999999989910, 0.7527603125132253936 ) ) ;
#4747 = FACE_OUTER_BOUND ( 'NONE', #710, .T. ) ;
#4748 = VERTEX_POINT ( 'NONE', #5673 ) ;
#4749 = VERTEX_POINT ( 'NONE', #401 ) ;
#4750 = DIRECTION ( 'NONE',  ( -1.000000000000000000, 0.000000000000000000, 0.000000000000000000 ) ) ;
#4751 = CARTESIAN_POINT ( 'NONE',  ( 73.51809162697755085, 15.39999999999989555, 1.845511654998236661 ) ) ;
#4752 = CARTESIAN_POINT ( 'NONE',  ( 42.64480869475966784, 8.399999999999936406, -8.000000000000003553 ) ) ;
#4753 = CARTESIAN_POINT ( 'NONE',  ( 69.82913896981258972, 15.39999999999989733, -3.650836146595793252 ) ) ;
#4754 = ORIENTED_EDGE ( 'NONE', *, *, #2869, .F. ) ;
#4755 = CARTESIAN_POINT ( 'NONE',  ( 61.79999999999991189, 7.400000000004200551, 2.081899558550498307E-16 ) ) ;
#4756 = ORIENTED_EDGE ( 'NONE', *, *, #5321, .F. ) ;
#4757 = EDGE_CURVE ( 'NONE', #4641, #6698, #4624, .T. ) ;
#4758 = ORIENTED_EDGE ( 'NONE', *, *, #6849, .F. ) ;
#4759 = CARTESIAN_POINT ( 'NONE',  ( 62.09999999999998721, 14.89999999999998437, -8.000000000000003553 ) ) ;
#4760 = ADVANCED_FACE ( 'NONE', ( #4106 ), #6224, .F. ) ;
#4761 = CARTESIAN_POINT ( 'NONE',  ( 71.22217588831672686, 14.39999999999990266, 3.654426561011657082 ) ) ;
#4762 = CARTESIAN_POINT ( 'NONE',  ( 25.25622670975753437, 0.3999999999999368505, -5.787049111740479344E-31 ) ) ;
#4763 = ORIENTED_EDGE ( 'NONE', *, *, #6380, .T. ) ;
#4764 = CARTESIAN_POINT ( 'NONE',  ( 70.09266440679914467, 14.39999999999990621, -5.409255506331423824 ) ) ;
#4765 = B_SPLINE_CURVE_WITH_KNOTS ( 'NONE', 3,
 ( #6372, #3243, #543, #647, #5856, #4702 ),
 .UNSPECIFIED., .F., .F.,
 ( 4, 2, 4 ),
 ( 0.003238769739674432230, 0.003621300967353498559, 0.004003832195032565322 ),
 .UNSPECIFIED. ) ;
#4766 = CARTESIAN_POINT ( 'NONE',  ( 62.12813744450178888, 16.58331532409655296, -6.597441348750060719 ) ) ;
#4767 = VERTEX_POINT ( 'NONE', #6327 ) ;
#4768 = EDGE_CURVE ( 'NONE', #2051, #6201, #3311, .T. ) ;
#4769 = ADVANCED_FACE ( 'NONE', ( #5813, #4345 ), #1086, .F. ) ;
#4770 = DIRECTION ( 'NONE',  ( -3.469446951953614189E-16, 1.000000000000000000, -0.000000000000000000 ) ) ;
#4771 = EDGE_CURVE ( 'NONE', #1141, #3165, #2651, .T. ) ;
#4772 = CARTESIAN_POINT ( 'NONE',  ( 74.91571498836223952, 14.39999999999989910, 2.481795325572685673 ) ) ;
#4773 = DIRECTION ( 'NONE',  ( 0.000000000000000000, 0.000000000000000000, 1.000000000000000000 ) ) ;
#4774 = CARTESIAN_POINT ( 'NONE',  ( 71.59999999999999432, 5.799999999999999822, 21.97994974842648475 ) ) ;
#4775 = CARTESIAN_POINT ( 'NONE',  ( 69.41961731417289627, 15.39999999999990443, -5.111920389810126863 ) ) ;
#4776 = VERTEX_POINT ( 'NONE', #6466 ) ;
#4777 = DIRECTION ( 'NONE',  ( -0.4896097780374785713, -0.8480290114434250182, -0.2028030103336198875 ) ) ;
#4778 = CARTESIAN_POINT ( 'NONE',  ( 73.38321878879298765, 15.39999999999989910, -4.979304828881333300 ) ) ;
#4779 = CARTESIAN_POINT ( 'NONE',  ( 74.88355030027099701, 14.39999999999989910, 2.037744550529504206 ) ) ;
#4780 = CARTESIAN_POINT ( 'NONE',  ( 73.71631065281783890, 15.39999999999989555, 2.025425853977264268 ) ) ;
#4781 = ORIENTED_EDGE ( 'NONE', *, *, #817, .T. ) ;
#4782 = VERTEX_POINT ( 'NONE', #1676 ) ;
#4783 = DIRECTION ( 'NONE',  ( -0.000000000000000000, 1.000000000000000000, -2.168404344971008868E-16 ) ) ;
#4784 = DIRECTION ( 'NONE',  ( 1.000000000000000000, 1.277847652571759596E-16, -1.927470528863118062E-16 ) ) ;
#4785 = DIRECTION ( 'NONE',  ( -0.000000000000000000, -0.000000000000000000, -1.000000000000000000 ) ) ;
#4786 = AXIS2_PLACEMENT_3D ( 'NONE', #2668, #4784, #1661 ) ;
#4787 = FACE_OUTER_BOUND ( 'NONE', #2490, .T. ) ;
#4788 = VERTEX_POINT ( 'NONE', #15 ) ;
#4789 = FACE_BOUND ( 'NONE', #279, .T. ) ;
#4790 = ORIENTED_EDGE ( 'NONE', *, *, #3239, .T. ) ;
#4791 = ORIENTED_EDGE ( 'NONE', *, *, #1207, .T. ) ;
#4792 = CARTESIAN_POINT ( 'NONE',  ( 2.110565170157371420E-15, 15.23111111111103888, -17.23407248217877097 ) ) ;
#4793 = AXIS2_PLACEMENT_3D ( 'NONE', #3232, #1673, #2677 ) ;
#4794 = CARTESIAN_POINT ( 'NONE',  ( 73.09655462085127908, 14.39999999999989910, 1.746709076317396692 ) ) ;
#4795 = EDGE_CURVE ( 'NONE', #5956, #1603, #4906, .T. ) ;
#4796 = DIRECTION ( 'NONE',  ( 1.000000000000000000, 3.469446951953614189E-16, -0.000000000000000000 ) ) ;
#4797 = VECTOR ( 'NONE', #5381, 1000.000000000000000 ) ;
#4798 = ORIENTED_EDGE ( 'NONE', *, *, #4177, .F. ) ;
#4799 = CARTESIAN_POINT ( 'NONE',  ( 68.77239498887763602, 15.39999999999990621, 5.697968591541755501 ) ) ;
#4800 = CARTESIAN_POINT ( 'NONE',  ( 18.83084647647070398, -4.600000000000068034, 11.71132486540518869 ) ) ;
#4801 = ORIENTED_EDGE ( 'NONE', *, *, #1850, .T. ) ;
#4802 = CARTESIAN_POINT ( 'NONE',  ( 71.20118482214212463, 15.39999999999990443, 2.704889508759304118 ) ) ;
#4803 = VECTOR ( 'NONE', #3680, 1000.000000000000000 ) ;
#4804 = CARTESIAN_POINT ( 'NONE',  ( 71.29268686806840094, 14.39999999999990266, -3.197822295875800691 ) ) ;
#4805 = EDGE_CURVE ( 'NONE', #5888, #3256, #2197, .T. ) ;
#4806 = CARTESIAN_POINT ( 'NONE',  ( 16.85941873256619417, 15.39999999999992575, -12.00000000000000533 ) ) ;
#4807 = CARTESIAN_POINT ( 'NONE',  ( 72.49355964475998348, 14.39999999999989910, -2.778327643572859440 ) ) ;
#4808 = ADVANCED_FACE ( 'NONE', ( #3276 ), #2717, .T. ) ;
#4809 = ADVANCED_FACE ( 'NONE', ( #1052, #1569 ), #3799, .F. ) ;
#4810 = CARTESIAN_POINT ( 'NONE',  ( 70.21856071772336350, 15.39999999999990798, -5.429934932202064246 ) ) ;
#4811 = CIRCLE ( 'NONE', #1143, 1.700000000000000178 ) ;
#4812 = ORIENTED_EDGE ( 'NONE', *, *, #1575, .T. ) ;
#4813 = VECTOR ( 'NONE', #4750, 1000.000000000000000 ) ;
#4814 = CARTESIAN_POINT ( 'NONE',  ( 79.59999999999999432, -4.600000000000048495, 37.97994974842648475 ) ) ;
#4815 = CARTESIAN_POINT ( 'NONE',  ( 72.78268688285319854, 15.39999999999990266, -4.581915285571070307 ) ) ;
#4816 = FACE_OUTER_BOUND ( 'NONE', #5548, .T. ) ;
#4817 = TOROIDAL_SURFACE ( 'NONE', #1828, 22.12329089443976216, 0.5000000000000008882 ) ;
#4818 = CARTESIAN_POINT ( 'NONE',  ( 71.13237825879653542, 15.39999999999989733, 2.405427285714481833 ) ) ;
#4819 = EDGE_CURVE ( 'NONE', #1693, #557, #3767, .T. ) ;
#4820 = DIRECTION ( 'NONE',  ( 1.786359386885381915E-16, 9.094127433959958468E-33, 1.000000000000000000 ) ) ;
#4821 = ORIENTED_EDGE ( 'NONE', *, *, #242, .T. ) ;
#4822 = EDGE_LOOP ( 'NONE', ( #2714, #583, #4107, #178 ) ) ;
#4823 = CARTESIAN_POINT ( 'NONE',  ( 79.59999999999999432, -4.199999999999992184, 35.00000000000000000 ) ) ;
#4824 = AXIS2_PLACEMENT_3D ( 'NONE', #6185, #1454, #5700 ) ;
#4825 = CARTESIAN_POINT ( 'NONE',  ( 73.09655462085127908, 15.39999999999989733, 1.746709076317396692 ) ) ;
#4826 = DIRECTION ( 'NONE',  ( 0.000000000000000000, 0.000000000000000000, 1.000000000000000000 ) ) ;
#4827 = CIRCLE ( 'NONE', #6265, 22.61491958098286759 ) ;
#4828 = CARTESIAN_POINT ( 'NONE',  ( 72.12335907888703446, 14.39999999999989910, 0.9102808075942462329 ) ) ;
#4829 = ORIENTED_EDGE ( 'NONE', *, *, #2438, .T. ) ;
#4830 = DIRECTION ( 'NONE',  ( 1.498156502291184424E-12, 1.000000000000000000, 3.129870863005032653E-14 ) ) ;
#4831 = ORIENTED_EDGE ( 'NONE', *, *, #5380, .T. ) ;
#4832 = ORIENTED_EDGE ( 'NONE', *, *, #5089, .T. ) ;
#4833 = DIRECTION ( 'NONE',  ( -1.277847652571759596E-16, 1.000000000000000000, 0.000000000000000000 ) ) ;
#4834 = TOROIDAL_SURFACE ( 'NONE', #3499, 14.07977272543851832, 0.5000000000000011102 ) ;
#4835 = EDGE_CURVE ( 'NONE', #4265, #74, #3603, .T. ) ;
#4836 = CARTESIAN_POINT ( 'NONE',  ( 0.000000000000000000, 14.89999999999992752, 13.57977272543851832 ) ) ;
#4837 = CARTESIAN_POINT ( 'NONE',  ( 16.85941873256618706, -4.462158892698236734, -10.26046551895134584 ) ) ;
#4838 = ORIENTED_EDGE ( 'NONE', *, *, #1557, .F. ) ;
#4839 = CARTESIAN_POINT ( 'NONE',  ( 70.34809833449712357, 14.39999999999990266, -5.442844874903951080 ) ) ;
#4840 = DIRECTION ( 'NONE',  ( 0.4896097780374839004, -0.8480290114434236859, -0.2028030103336125600 ) ) ;
#4841 = VERTEX_POINT ( 'NONE', #641 ) ;
#4842 = LINE ( 'NONE', #3348, #1472 ) ;
#4843 = CARTESIAN_POINT ( 'NONE',  ( 71.29268686806840094, 15.39999999999990088, -3.197822295875800691 ) ) ;
#4844 = CARTESIAN_POINT ( 'NONE',  ( 21.75622670975752726, 7.400000000004187228, -2.799999999999999822 ) ) ;
#4845 = CARTESIAN_POINT ( 'NONE',  ( 69.80103792016011255, 14.39999999999990621, 3.351908679353362785 ) ) ;
#4846 = CARTESIAN_POINT ( 'NONE',  ( 69.24061183743205561, 15.39999999999990443, -4.957311871591249641 ) ) ;
#4847 = VERTEX_POINT ( 'NONE', #3695 ) ;
#4848 = DIRECTION ( 'NONE',  ( 1.000000000000000000, -0.000000000000000000, -0.000000000000000000 ) ) ;
#4849 = EDGE_CURVE ( 'NONE', #2030, #4415, #3175, .T. ) ;
#4850 = CARTESIAN_POINT ( 'NONE',  ( 72.29348169741234642, 14.39999999999989910, -4.076839544473545907 ) ) ;
#4851 = EDGE_CURVE ( 'NONE', #1931, #2829, #121, .T. ) ;
#4852 = DIRECTION ( 'NONE',  ( -1.000000000000000000, -1.734723475976805517E-15, 0.000000000000000000 ) ) ;
#4853 = DIRECTION ( 'NONE',  ( -0.7071067811865503483, -1.226634733346702860E-15, 0.7071067811865446862 ) ) ;
#4854 = VERTEX_POINT ( 'NONE', #539 ) ;
#4855 = VERTEX_POINT ( 'NONE', #2228 ) ;
#4856 = DIRECTION ( 'NONE',  ( -1.000000000000000000, 0.000000000000000000, 0.000000000000000000 ) ) ;
#4857 = DIRECTION ( 'NONE',  ( -1.000000000000000000, 0.000000000000000000, 0.000000000000000000 ) ) ;
#4858 = EDGE_CURVE ( 'NONE', #1646, #6868, #1612, .T. ) ;
#4859 = LINE ( 'NONE', #4232, #5803 ) ;
#4860 = CARTESIAN_POINT ( 'NONE',  ( 68.77239498887763602, 15.39999999999990621, 3.214848939942946959 ) ) ;
#4861 = EDGE_CURVE ( 'NONE', #6835, #6625, #2727, .T. ) ;
#4862 = EDGE_CURVE ( 'NONE', #6546, #2641, #325, .T. ) ;
#4863 = CARTESIAN_POINT ( 'NONE',  ( 72.42586837965859559, 14.39999999999990621, 0.7167370884807734432 ) ) ;
#4864 = B_SPLINE_CURVE_WITH_KNOTS ( 'NONE', 3,
 ( #6749, #2622, #4186, #4217, #4772, #4249, #5186, #467, #1469, #1541, #3663 ),
 .UNSPECIFIED., .F., .F.,
 ( 4, 1, 1, 1, 1, 1, 1, 1, 4 ),
 ( 0.000000000000000000, 0.06132074913295201823, 0.1407664973254629803, 0.2383158483605689604, 0.3540223279141570534, 0.4878667288614773612, 0.6406872479568533896, 0.8108506329929900946, 0.9999999999999998890 ),
 .UNSPECIFIED. ) ;
#4865 = EDGE_LOOP ( 'NONE', ( #4543, #5442, #1525, #594 ) ) ;
#4866 = DIRECTION ( 'NONE',  ( 1.277847652571759596E-16, -1.000000000000000000, 0.000000000000000000 ) ) ;
#4867 = VERTEX_POINT ( 'NONE', #4484 ) ;
#4868 = CARTESIAN_POINT ( 'NONE',  ( 25.25622670975753081, 15.11132486540511621, -1.113718120825631907E-32 ) ) ;
#4869 = CARTESIAN_POINT ( 'NONE',  ( 79.59999999999999432, 16.20000000000005613, 27.02005025157353657 ) ) ;
#4870 = CARTESIAN_POINT ( 'NONE',  ( 72.17541724636460287, 14.39999999999990266, -3.898652956059407426 ) ) ;
#4871 = EDGE_LOOP ( 'NONE', ( #5450, #5952, #1456, #4229, #4335 ) ) ;
#4872 = DIRECTION ( 'NONE',  ( -1.734723475976811532E-16, -1.000000000000000000, -0.000000000000000000 ) ) ;
#4873 = DIRECTION ( 'NONE',  ( 0.000000000000000000, 0.000000000000000000, 1.000000000000000000 ) ) ;
#4874 = VERTEX_POINT ( 'NONE', #4944 ) ;
#4875 = ORIENTED_EDGE ( 'NONE', *, *, #5527, .T. ) ;
#4876 = DIRECTION ( 'NONE',  ( 2.668805347656625692E-16, -1.000000000000000000, -3.858032741160322701E-32 ) ) ;
#4877 = DIRECTION ( 'NONE',  ( -4.003208021484938538E-16, 1.000000000000000000, 5.787049111740484599E-32 ) ) ;
#4878 = CARTESIAN_POINT ( 'NONE',  ( 25.25622670975753081, 10.39999999999993641, 5.851049786767960641E-46 ) ) ;
#4879 = DIRECTION ( 'NONE',  ( 1.734723475976793684E-15, 1.000000000000000000, -0.000000000000000000 ) ) ;
#4880 = CARTESIAN_POINT ( 'NONE',  ( 70.21856071772336350, 14.39999999999990976, -5.429934932202064246 ) ) ;
#4881 = ORIENTED_EDGE ( 'NONE', *, *, #3331, .T. ) ;
#4882 = DIRECTION ( 'NONE',  ( 0.000000000000000000, 0.000000000000000000, 1.000000000000000000 ) ) ;
#4883 = CARTESIAN_POINT ( 'NONE',  ( 63.59999999999998721, 10.39999999999992752, -8.711324865405194018 ) ) ;
#4884 = CARTESIAN_POINT ( 'NONE',  ( 71.06725975270178708, 15.39999999999990088, 2.280313307176581983 ) ) ;
#4885 = CARTESIAN_POINT ( 'NONE',  ( 72.17541724636460287, 14.39999999999990266, -3.898652956059407426 ) ) ;
#4886 = EDGE_CURVE ( 'NONE', #4443, #6312, #5036, .T. ) ;
#4887 = ORIENTED_EDGE ( 'NONE', *, *, #6757, .F. ) ;
#4888 = ORIENTED_EDGE ( 'NONE', *, *, #4121, .T. ) ;
#4889 = CARTESIAN_POINT ( 'NONE',  ( 69.80109043403057001, 14.39999999999989910, -3.005501558175530441 ) ) ;
#4890 = CARTESIAN_POINT ( 'NONE',  ( 57.09999999999994458, 10.39999999999993108, -8.711324865405197571 ) ) ;
#4891 = DIRECTION ( 'NONE',  ( 0.000000000000000000, 0.000000000000000000, -1.000000000000000000 ) ) ;
#4892 = CARTESIAN_POINT ( 'NONE',  ( 23.25622670975753437, 14.89999999999991687, -7.999999999999996447 ) ) ;
#4893 = ADVANCED_FACE ( 'NONE', ( #3906 ), #3443, .F. ) ;
#4894 = DIRECTION ( 'NONE',  ( 1.734723475976793684E-15, 1.000000000000000000, -0.000000000000000000 ) ) ;
#4895 = EDGE_CURVE ( 'NONE', #4726, #2305, #5559, .T. ) ;
#4896 = EDGE_LOOP ( 'NONE', ( #3874, #853, #1432, #4888 ) ) ;
#4897 = CARTESIAN_POINT ( 'NONE',  ( 44.30625890315180015, 10.39999999999993641, 8.000000000000003553 ) ) ;
#4898 = VERTEX_POINT ( 'NONE', #6611 ) ;
#4899 = CARTESIAN_POINT ( 'NONE',  ( 17.40316146381714191, -4.016248125623367748, -9.000000000000005329 ) ) ;
#4900 = VECTOR ( 'NONE', #3, 1000.000000000000000 ) ;
#4901 = DIRECTION ( 'NONE',  ( 1.734723475976805517E-15, -1.000000000000000000, 9.860761315262647568E-32 ) ) ;
#4902 = EDGE_CURVE ( 'NONE', #1693, #6546, #6058, .T. ) ;
#4903 = CARTESIAN_POINT ( 'NONE',  ( 74.93569099749858253, 14.39999999999989555, 3.516953865608950291 ) ) ;
#4904 = ORIENTED_EDGE ( 'NONE', *, *, #4851, .T. ) ;
#4905 = CARTESIAN_POINT ( 'NONE',  ( 69.19026535641157238, 14.39999999999990621, 1.326791718972056833 ) ) ;
#4906 = LINE ( 'NONE', #2125, #386 ) ;
#4907 = ORIENTED_EDGE ( 'NONE', *, *, #2391, .T. ) ;
#4908 = EDGE_LOOP ( 'NONE', ( #1900, #122, #6523, #2426 ) ) ;
#4909 = DIRECTION ( 'NONE',  ( -0.000000000000000000, 1.000000000000000000, -0.000000000000000000 ) ) ;
#4910 = DIRECTION ( 'NONE',  ( -0.000000000000000000, -0.000000000000000000, 1.000000000000000000 ) ) ;
#4911 = DIRECTION ( 'NONE',  ( -0.000000000000000000, 1.000000000000000000, -0.000000000000000000 ) ) ;
#4912 = CARTESIAN_POINT ( 'NONE',  ( 69.81464000915633505, 15.39999999999990266, 2.709730192231130097 ) ) ;
#4913 = LINE ( 'NONE', #2873, #1133 ) ;
#4914 = EDGE_LOOP ( 'NONE', ( #40, #2463, #1311, #6206 ) ) ;
#4915 = CARTESIAN_POINT ( 'NONE',  ( 71.59999999999999432, 5.799999999999999822, 21.97994974842648475 ) ) ;
#4916 = CIRCLE ( 'NONE', #2024, 0.5000000000000004441 ) ;
#4917 = DIRECTION ( 'NONE',  ( 1.000000000000000000, 1.734723475976805517E-15, -1.339769540164036683E-16 ) ) ;
#4918 = CARTESIAN_POINT ( 'NONE',  ( 70.50107102678829563, 15.39999999999990088, 1.983784647230858011 ) ) ;
#4919 = CARTESIAN_POINT ( 'NONE',  ( 73.09655462085127908, 14.39999999999989910, 1.746709076317396692 ) ) ;
#4920 = VECTOR ( 'NONE', #5059, 1000.000000000000000 ) ;
#4921 = CONICAL_SURFACE ( 'NONE', #3592, 1.599999999999990319, 1.029744258676650981 ) ;
#4922 = VERTEX_POINT ( 'NONE', #4382 ) ;
#4923 = VERTEX_POINT ( 'NONE', #298 ) ;
#4924 = DIRECTION ( 'NONE',  ( -0.000000000000000000, -0.000000000000000000, 1.000000000000000000 ) ) ;
#4925 = CARTESIAN_POINT ( 'NONE',  ( 28.25622670975753081, 5.400000000008731149, 2.800000000000000266 ) ) ;
#4926 = CARTESIAN_POINT ( 'NONE',  ( 69.81947876041206769, 14.39999999999990621, -3.601073723819072647 ) ) ;
#4927 = CIRCLE ( 'NONE', #6589, 0.5000000000000004441 ) ;
#4928 = AXIS2_PLACEMENT_3D ( 'NONE', #4619, #3027, #3582 ) ;
#4929 = LINE ( 'NONE', #2325, #2263 ) ;
#4930 = AXIS2_PLACEMENT_3D ( 'NONE', #1154, #2269, #5392 ) ;
#4931 = CARTESIAN_POINT ( 'NONE',  ( 72.21931008674080488, 14.39999999999990266, 0.8378872444132178243 ) ) ;
#4932 = ORIENTED_EDGE ( 'NONE', *, *, #1034, .F. ) ;
#4933 = CARTESIAN_POINT ( 'NONE',  ( 41.50000000000000711, 9.800000000000004263, -12.00000000000000533 ) ) ;
#4934 = ORIENTED_EDGE ( 'NONE', *, *, #687, .F. ) ;
#4935 = CARTESIAN_POINT ( 'NONE',  ( 79.59999999999999432, 15.79999999999999893, 31.00000000000000711 ) ) ;
#4936 = EDGE_CURVE ( 'NONE', #2938, #1508, #5597, .T. ) ;
#4937 = VECTOR ( 'NONE', #1732, 1000.000000000000000 ) ;
#4938 = EDGE_CURVE ( 'NONE', #4599, #2938, #1751, .T. ) ;
#4939 = DIRECTION ( 'NONE',  ( -0.000000000000000000, -0.000000000000000000, 1.000000000000000000 ) ) ;
#4940 = CARTESIAN_POINT ( 'NONE',  ( 70.36747314018045074, 15.39999999999990798, 1.988291369166867772 ) ) ;
#4941 = ORIENTED_EDGE ( 'NONE', *, *, #1501, .T. ) ;
#4942 = CARTESIAN_POINT ( 'NONE',  ( 68.83454868887599787, 15.39999999999990976, -4.058953192824878542 ) ) ;
#4943 = AXIS2_PLACEMENT_3D ( 'NONE', #3349, #4910, #2729 ) ;
#4944 = CARTESIAN_POINT ( 'NONE',  ( 41.50000000000000711, 5.800000000000006928, -12.00000000000000533 ) ) ;
#4945 = ORIENTED_EDGE ( 'NONE', *, *, #5499, .F. ) ;
#4946 = VERTEX_POINT ( 'NONE', #6537 ) ;
#4947 = ADVANCED_FACE ( 'NONE', ( #5505 ), #3975, .T. ) ;
#4948 = FACE_BOUND ( 'NONE', #6135, .T. ) ;
#4949 = AXIS2_PLACEMENT_3D ( 'NONE', #5818, #6230, #1058 ) ;
#4950 = DIRECTION ( 'NONE',  ( 1.000000000000000000, -1.734723475976793684E-15, 0.000000000000000000 ) ) ;
#4951 = CARTESIAN_POINT ( 'NONE',  ( 71.59999999999999432, 5.799999999999999822, 21.01857275798238689 ) ) ;
#4952 = FACE_BOUND ( 'NONE', #2039, .T. ) ;
#4953 = CARTESIAN_POINT ( 'NONE',  ( 69.79972246283594473, 14.39999999999990621, -2.658945283157764461 ) ) ;
#4954 = VERTEX_POINT ( 'NONE', #1225 ) ;
#4955 = LINE ( 'NONE', #4321, #5706 ) ;
#4956 = CARTESIAN_POINT ( 'NONE',  ( 73.90903235866930743, 15.39999999999990443, 3.302517510436987713 ) ) ;
#4957 = CARTESIAN_POINT ( 'NONE',  ( 0.000000000000000000, -4.100000000000070699, 0.000000000000000000 ) ) ;
#4958 = CARTESIAN_POINT ( 'NONE',  ( 74.84999999999999432, 5.799999999999999822, 37.97994974842648475 ) ) ;
#4959 = ORIENTED_EDGE ( 'NONE', *, *, #6503, .T. ) ;
#4960 = VERTEX_POINT ( 'NONE', #4451 ) ;
#4961 = CARTESIAN_POINT ( 'NONE',  ( -1.040834085586085046E-15, -1.600000000000068479, 0.000000000000000000 ) ) ;
#4962 = EDGE_CURVE ( 'NONE', #5384, #3382, #165, .T. ) ;
#4963 = CARTESIAN_POINT ( 'NONE',  ( 74.93635983262761613, 14.39999999999989555, -0.4659962522082454761 ) ) ;
#4964 = CARTESIAN_POINT ( 'NONE',  ( 72.27096254664880348, 15.39999999999990266, 2.727007174737122508 ) ) ;
#4965 = CARTESIAN_POINT ( 'NONE',  ( 79.59999999999999432, 8.600000000000003197, 23.82005025157352662 ) ) ;
#4966 = CARTESIAN_POINT ( 'NONE',  ( 72.77801645209228809, 15.39999999999990443, -3.084172123309077307 ) ) ;
#4967 = ORIENTED_EDGE ( 'NONE', *, *, #3667, .F. ) ;
#4968 = DIRECTION ( 'NONE',  ( -1.000000000000000000, -0.000000000000000000, -0.000000000000000000 ) ) ;
#4969 = ORIENTED_EDGE ( 'NONE', *, *, #888, .F. ) ;
#4970 = DIRECTION ( 'NONE',  ( -4.003208021484938538E-16, 1.000000000000000000, 5.787049111740484599E-32 ) ) ;
#4971 = CARTESIAN_POINT ( 'NONE',  ( 71.21004698094535001, 15.39999999999990621, 2.839476155936979218 ) ) ;
#4972 = CARTESIAN_POINT ( 'NONE',  ( 69.82877904884919928, 15.39999999999990621, 2.590590342279206482 ) ) ;
#4973 = EDGE_CURVE ( 'NONE', #6455, #5204, #4369, .T. ) ;
#4974 = ORIENTED_EDGE ( 'NONE', *, *, #3630, .T. ) ;
#4975 = CARTESIAN_POINT ( 'NONE',  ( 68.89534061273549526, 15.39999999999990976, -4.347358088046798130 ) ) ;
#4976 = CARTESIAN_POINT ( 'NONE',  ( 46.50000000000000000, 5.800000000000006040, -9.000000000000005329 ) ) ;
#4977 = EDGE_LOOP ( 'NONE', ( #464, #5759, #4202, #1240 ) ) ;
#4978 = VERTEX_POINT ( 'NONE', #6572 ) ;
#4979 = CARTESIAN_POINT ( 'NONE',  ( 70.74019700625265727, 15.39999999999990266, 0.8492061656750224952 ) ) ;
#4980 = FACE_BOUND ( 'NONE', #5634, .T. ) ;
#4981 = PERSON_AND_ORGANIZATION_ROLE ( 'creator' ) ;
#4982 = CARTESIAN_POINT ( 'NONE',  ( 71.75457423615260666, 15.39999999999990088, 1.390430391311991087 ) ) ;
#4983 = EDGE_CURVE ( 'NONE', #2194, #4617, #5533, .T. ) ;
#4984 = CARTESIAN_POINT ( 'NONE',  ( 0.000000000000000000, 10.39999999999992752, 8.711324865405194018 ) ) ;
#4985 = ORIENTED_EDGE ( 'NONE', *, *, #2429, .T. ) ;
#4986 = ADVANCED_FACE ( 'NONE', ( #2371 ), #5003, .F. ) ;
#4987 = ADVANCED_FACE ( 'NONE', ( #1879 ), #3998, .T. ) ;
#4988 = CARTESIAN_POINT ( 'NONE',  ( 73.90628708121916191, 15.39999999999990443, 2.986423373434480055 ) ) ;
#4989 = CARTESIAN_POINT ( 'NONE',  ( 71.22217588831672686, 14.39999999999990266, 3.654426561011657082 ) ) ;
#4990 = CARTESIAN_POINT ( 'NONE',  ( 72.16472307950250809, 14.39999999999990266, -3.960969874156014203 ) ) ;
#4991 = EDGE_LOOP ( 'NONE', ( #5543, #5042, #1951, #222 ) ) ;
#4992 = ORIENTED_EDGE ( 'NONE', *, *, #4220, .F. ) ;
#4993 = CARTESIAN_POINT ( 'NONE',  ( 74.93635983262761613, 15.39999999999989555, -1.651374106775552519 ) ) ;
#4994 = CARTESIAN_POINT ( 'NONE',  ( 79.59999999999999432, 15.79999999999999893, 31.00000000000000711 ) ) ;
#4995 = LINE ( 'NONE', #6629, #1147 ) ;
#4996 = ORIENTED_EDGE ( 'NONE', *, *, #4679, .T. ) ;
#4997 = DIRECTION ( 'NONE',  ( 0.000000000000000000, 0.000000000000000000, 1.000000000000000000 ) ) ;
#4998 = ORIENTED_EDGE ( 'NONE', *, *, #1663, .F. ) ;
#4999 = DIRECTION ( 'NONE',  ( 0.000000000000000000, 0.000000000000000000, 1.000000000000000000 ) ) ;
#5000 = CARTESIAN_POINT ( 'NONE',  ( 72.31446590634166682, 14.39999999999989910, 2.379633592111185969 ) ) ;
#5001 = PLANE ( 'NONE',  #5118 ) ;
#5002 = CARTESIAN_POINT ( 'NONE',  ( 68.86270793196619877, 15.39999999999990266, -4.211469205034713781 ) ) ;
#5003 = CYLINDRICAL_SURFACE ( 'NONE', #3050, 4.999999999999990230 ) ;
#5004 = VERTEX_POINT ( 'NONE', #5735 ) ;
#5005 = VERTEX_POINT ( 'NONE', #5767 ) ;
#5006 = VECTOR ( 'NONE', #6244, 1000.000000000000000 ) ;
#5007 = CARTESIAN_POINT ( 'NONE',  ( 73.90931208493557847, 14.39999999999990266, 3.246126950129951894 ) ) ;
#5008 = CARTESIAN_POINT ( 'NONE',  ( 70.53440977894797470, 15.39999999999990088, -4.259205386823629702 ) ) ;
#5009 = DIRECTION ( 'NONE',  ( 0.000000000000000000, 0.000000000000000000, 1.000000000000000000 ) ) ;
#5010 = DIRECTION ( 'NONE',  ( -7.794060786255082520E-17, -2.704108043821388314E-32, -1.000000000000000000 ) ) ;
#5011 = VECTOR ( 'NONE', #2989, 1000.000000000000000 ) ;
#5012 = CARTESIAN_POINT ( 'NONE',  ( -1.834238700708896599E-14, 15.39999999999988489, 7.711324865405183360 ) ) ;
#5013 = EDGE_LOOP ( 'NONE', ( #2408, #1494, #4670, #2928 ) ) ;
#5014 = PLANE ( 'NONE',  #1703 ) ;
#5015 = AXIS2_PLACEMENT_3D ( 'NONE', #1888, #3425, #1200 ) ;
#5016 = EDGE_CURVE ( 'NONE', #5136, #5729, #3577, .T. ) ;
#5017 = DIRECTION ( 'NONE',  ( -1.000000000000000000, -0.000000000000000000, -0.000000000000000000 ) ) ;
#5018 = EDGE_CURVE ( 'NONE', #6178, #2116, #3262, .T. ) ;
#5019 = EDGE_CURVE ( 'NONE', #4590, #3309, #6443, .T. ) ;
#5020 = CYLINDRICAL_SURFACE ( 'NONE', #4605, 1.700000000000000178 ) ;
#5021 = AXIS2_PLACEMENT_3D ( 'NONE', #6735, #5692, #347 ) ;
#5022 = CONICAL_SURFACE ( 'NONE', #2810, 1.699999999999999512, 1.047197551196600962 ) ;
#5023 = ORIENTED_EDGE ( 'NONE', *, *, #2823, .T. ) ;
#5024 = CARTESIAN_POINT ( 'NONE',  ( 70.39426970337770229, 15.39999999999990266, 0.8008593244480743945 ) ) ;
#5025 = CARTESIAN_POINT ( 'NONE',  ( 73.05153840506967811, 15.39999999999989910, 1.748151664014444329 ) ) ;
#5026 = CARTESIAN_POINT ( 'NONE',  ( 35.90000000000005542, 15.39999999999992752, 12.00000000000000533 ) ) ;
#5027 = EDGE_CURVE ( 'NONE', #6194, #1693, #869, .T. ) ;
#5028 = VECTOR ( 'NONE', #5537, 1000.000000000000000 ) ;
#5029 = ORIENTED_EDGE ( 'NONE', *, *, #5380, .F. ) ;
#5030 = CARTESIAN_POINT ( 'NONE',  ( 57.09999999999994458, -1.600000000000048717, -9.000000000000005329 ) ) ;
#5031 = CIRCLE ( 'NONE', #5362, 4.000000000000003553 ) ;
#5032 = VECTOR ( 'NONE', #959, 1000.000000000000000 ) ;
#5033 = ORIENTED_EDGE ( 'NONE', *, *, #2780, .T. ) ;
#5034 = CARTESIAN_POINT ( 'NONE',  ( 68.77239498887762181, 15.39999999999990621, -0.4659962522082454761 ) ) ;
#5035 = B_SPLINE_CURVE_WITH_KNOTS ( 'NONE', 3,
 ( #4236, #3684, #2672, #4334, #2189, #6392, #4306, #3266, #6318, #6454, #3725 ),
 .UNSPECIFIED., .F., .F.,
 ( 4, 1, 1, 1, 1, 1, 1, 1, 4 ),
 ( 0.000000000000000000, 0.1880967190294530744, 0.3569941987500764857, 0.5094184663947273206, 0.6427096217809070700, 0.7595411148310126093, 0.8572633171250551021, 0.9374733689975449646, 1.000000000000000000 ),
 .UNSPECIFIED. ) ;
#5036 = CIRCLE ( 'NONE', #1485, 1.700000000000000178 ) ;
#5037 = VECTOR ( 'NONE', #2436, 1000.000000000000000 ) ;
#5038 = CARTESIAN_POINT ( 'NONE',  ( 63.59999999999998721, 5.400000000004201439, -2.799999999999999822 ) ) ;
#5039 = CARTESIAN_POINT ( 'NONE',  ( 72.53549029821563465, 15.39999999999989377, 0.6685723136766396069 ) ) ;
#5040 = DIRECTION ( 'NONE',  ( 0.000000000000000000, 0.000000000000000000, -1.000000000000000000 ) ) ;
#5041 = EDGE_LOOP ( 'NONE', ( #1353, #2771, #791, #6478 ) ) ;
#5042 = ORIENTED_EDGE ( 'NONE', *, *, #3841, .F. ) ;
#5043 = VECTOR ( 'NONE', #971, 1000.000000000000000 ) ;
#5044 = EDGE_CURVE ( 'NONE', #5623, #997, #1979, .T. ) ;
#5045 = CYLINDRICAL_SURFACE ( 'NONE', #5485, 1.599999999999990319 ) ;
#5046 = CARTESIAN_POINT ( 'NONE',  ( 71.06238267530871155, 15.39999999999990088, -4.058945736531841320 ) ) ;
#5047 = AXIS2_PLACEMENT_3D ( 'NONE', #1747, #2785, #117 ) ;
#5048 = CARTESIAN_POINT ( 'NONE',  ( 68.77540425288653125, 14.39999999999990621, 2.872782297017065112 ) ) ;
#5049 = DIRECTION ( 'NONE',  ( 0.000000000000000000, -1.000000000000000000, 0.000000000000000000 ) ) ;
#5050 = ORIENTED_EDGE ( 'NONE', *, *, #3293, .F. ) ;
#5051 = CARTESIAN_POINT ( 'NONE',  ( 69.79972246283595894, 14.39999999999990621, 3.760616660483311779 ) ) ;
#5052 = VECTOR ( 'NONE', #955, 1000.000000000000000 ) ;
#5053 = CARTESIAN_POINT ( 'NONE',  ( 63.59999999999998721, 3.000000000000001776, 25.82005025157353018 ) ) ;
#5054 = DIRECTION ( 'NONE',  ( 1.000000000000000000, -1.156482317317870344E-15, 0.000000000000000000 ) ) ;
#5055 = ORIENTED_EDGE ( 'NONE', *, *, #5016, .F. ) ;
#5056 = ADVANCED_FACE ( 'NONE', ( #6665 ), #2460, .T. ) ;
#5057 = ORIENTED_EDGE ( 'NONE', *, *, #5619, .T. ) ;
#5058 = CARTESIAN_POINT ( 'NONE',  ( 73.19999999999998863, 5.799999999999999822, 37.97994974842648475 ) ) ;
#5059 = DIRECTION ( 'NONE',  ( -0.7071067811865493491, 0.7071067811865456854, 0.000000000000000000 ) ) ;
#5060 = B_SPLINE_SURFACE_WITH_KNOTS ( 'NONE', 3, 1, ( 
 ( #4761, #5877 ),
 ( #3764, #4278 ),
 ( #6396, #1113 ),
 ( #3231, #5907 ),
 ( #3271, #2366 ),
 ( #6238, #5686 ),
 ( #5653, #4446 ),
 ( #3013, #4971 ),
 ( #6758, #771 ),
 ( #4480, #4413 ),
 ( #226, #5122 ) ),
 .UNSPECIFIED., .F., .F., .F.,
 ( 4, 1, 1, 1, 1, 1, 1, 1, 4 ),
 ( 2, 2 ),
 ( 0.000000000000000000, 0.1910599019879676286, 0.3639285089577420362, 0.5173018286577485414, 0.6524984524400117003, 0.7682398733008543035, 0.8644986929248318352, 0.9412816669096707445, 1.000000000000000000 ),
 ( 0.000000000000000000, 1.000000000000000000 ),
 .UNSPECIFIED. ) ;
#5061 = PLANE ( 'NONE',  #6251 ) ;
#5062 = ORIENTED_EDGE ( 'NONE', *, *, #2605, .T. ) ;
#5063 = CARTESIAN_POINT ( 'NONE',  ( 63.59999999999998721, -4.199999999999992184, 31.00000000000000711 ) ) ;
#5064 = EDGE_CURVE ( 'NONE', #4776, #5382, #4066, .T. ) ;
#5065 = ORIENTED_EDGE ( 'NONE', *, *, #5764, .F. ) ;
#5066 = EDGE_CURVE ( 'NONE', #3343, #3649, #5174, .T. ) ;
#5067 = PLANE ( 'NONE',  #1029 ) ;
#5068 = CARTESIAN_POINT ( 'NONE',  ( 70.95948436834386541, 15.39999999999990621, -5.392800017387217260 ) ) ;
#5069 = PLANE ( 'NONE',  #5241 ) ;
#5070 = DIRECTION ( 'NONE',  ( 0.000000000000000000, 0.000000000000000000, 1.000000000000000000 ) ) ;
#5071 = EDGE_LOOP ( 'NONE', ( #3018, #4781, #4228, #3312, #4529 ) ) ;
#5072 = ORIENTED_EDGE ( 'NONE', *, *, #5280, .F. ) ;
#5073 = DIRECTION ( 'NONE',  ( 0.000000000000000000, 1.000000000000000000, 0.000000000000000000 ) ) ;
#5074 = CARTESIAN_POINT ( 'NONE',  ( 79.59999999999999432, 11.79999999999999538, 31.00000000000001066 ) ) ;
#5075 = CARTESIAN_POINT ( 'NONE',  ( 79.59999999999999432, 15.79999999999999893, 31.00000000000000711 ) ) ;
#5076 = PERSON_AND_ORGANIZATION ( #3690, #4169 ) ;
#5077 = LINE ( 'NONE', #5606, #2453 ) ;
#5078 = FACE_OUTER_BOUND ( 'NONE', #372, .T. ) ;
#5079 = ORIENTED_EDGE ( 'NONE', *, *, #1207, .F. ) ;
#5080 = CARTESIAN_POINT ( 'NONE',  ( 69.81890817928807280, 14.39999999999990621, 2.662073941391977616 ) ) ;
#5081 = CARTESIAN_POINT ( 'NONE',  ( 71.22256308848093909, 14.39999999999990266, 3.478674724989181843 ) ) ;
#5082 = CARTESIAN_POINT ( 'NONE',  ( 12.21042144953425357, 15.33244116322591211, -12.00000000000000533 ) ) ;
#5083 = PLANE ( 'NONE',  #6786 ) ;
#5084 = ORIENTED_EDGE ( 'NONE', *, *, #2398, .T. ) ;
#5085 = ORIENTED_EDGE ( 'NONE', *, *, #2776, .T. ) ;
#5086 = CARTESIAN_POINT ( 'NONE',  ( 69.82877904884919928, 14.39999999999990621, 2.590590342279206482 ) ) ;
#5087 = CARTESIAN_POINT ( 'NONE',  ( 69.81767115146155334, 14.39999999999990621, -3.584622746710089292 ) ) ;
#5088 = CARTESIAN_POINT ( 'NONE',  ( 16.85941873256619417, 15.39999999999992575, 9.000000000000005329 ) ) ;
#5089 = EDGE_CURVE ( 'NONE', #1706, #3256, #3094, .T. ) ;
#5090 = VERTEX_POINT ( 'NONE', #5205 ) ;
#5091 = ORIENTED_EDGE ( 'NONE', *, *, #1067, .T. ) ;
#5092 = CARTESIAN_POINT ( 'NONE',  ( 72.34350837038267912, 14.39999999999989910, -2.296410523075958832 ) ) ;
#5093 = EDGE_LOOP ( 'NONE', ( #4838, #4881, #2545, #3715 ) ) ;
#5094 = DIRECTION ( 'NONE',  ( -1.000000000000000000, -0.000000000000000000, 0.000000000000000000 ) ) ;
#5095 = EDGE_CURVE ( 'NONE', #3600, #6666, #2011, .T. ) ;
#5096 = EDGE_CURVE ( 'NONE', #261, #6383, #5454, .T. ) ;
#5097 = EDGE_CURVE ( 'NONE', #4238, #2305, #423, .T. ) ;
#5098 = CARTESIAN_POINT ( 'NONE',  ( 71.81766428292904436, 15.39999999999990798, -4.840023880084030061 ) ) ;
#5099 = DIRECTION ( 'NONE',  ( -0.000000000000000000, -0.000000000000000000, 1.000000000000000000 ) ) ;
#5100 = LINE ( 'NONE', #4616, #394 ) ;
#5101 = ORIENTED_EDGE ( 'NONE', *, *, #1295, .F. ) ;
#5102 = VERTEX_POINT ( 'NONE', #2052 ) ;
#5103 = CARTESIAN_POINT ( 'NONE',  ( 16.85941873256619061, -4.600000000000022737, 9.000000000000005329 ) ) ;
#5104 = CARTESIAN_POINT ( 'NONE',  ( 35.90000000000005542, 15.39999999999992752, 9.000000000000005329 ) ) ;
#5105 = EDGE_CURVE ( 'NONE', #1376, #6835, #5100, .T. ) ;
#5106 = CARTESIAN_POINT ( 'NONE',  ( 73.14964967058710954, 15.39999999999989910, 0.5613312217500887602 ) ) ;
#5107 = CARTESIAN_POINT ( 'NONE',  ( 74.93635983262763034, 15.39999999999989555, 5.697968591541754613 ) ) ;
#5108 = CARTESIAN_POINT ( 'NONE',  ( 63.09999999999998721, -1.600000000000046718, -12.00000000000000000 ) ) ;
#5109 = VERTEX_POINT ( 'NONE', #6703 ) ;
#5110 = CARTESIAN_POINT ( 'NONE',  ( 70.88414276437637795, 14.39999999999990266, -4.188160711275422443 ) ) ;
#5111 = CARTESIAN_POINT ( 'NONE',  ( 63.59999999999998721, 15.79999999999999893, 31.00000000000000711 ) ) ;
#5112 = AXIS2_PLACEMENT_3D ( 'NONE', #6039, #181, #659 ) ;
#5113 = DIRECTION ( 'NONE',  ( -1.156482317317870344E-15, -1.000000000000000000, 0.000000000000000000 ) ) ;
#5114 = DIRECTION ( 'NONE',  ( 0.7071067811865395791, -0.7071067811865554553, -0.000000000000000000 ) ) ;
#5115 = ORIENTED_EDGE ( 'NONE', *, *, #3286, .T. ) ;
#5116 = ORIENTED_EDGE ( 'NONE', *, *, #3321, .F. ) ;
#5117 = LINE ( 'NONE', #5058, #1367 ) ;
#5118 = AXIS2_PLACEMENT_3D ( 'NONE', #6502, #1257, #5531 ) ;
#5119 = FACE_OUTER_BOUND ( 'NONE', #3724, .T. ) ;
#5120 = EDGE_CURVE ( 'NONE', #5291, #4749, #352, .T. ) ;
#5121 = CARTESIAN_POINT ( 'NONE',  ( 26.95622670975753010, 10.39999999999993285, -1.020194091331360225E-31 ) ) ;
#5122 = CARTESIAN_POINT ( 'NONE',  ( 71.20118482214212463, 15.39999999999990976, 2.704889508759304118 ) ) ;
#5123 = EDGE_LOOP ( 'NONE', ( #4941, #5166, #1365, #530 ) ) ;
#5124 = ORIENTED_EDGE ( 'NONE', *, *, #3493, .F. ) ;
#5125 = CARTESIAN_POINT ( 'NONE',  ( 72.77801645209228809, 14.39999999999990621, -3.084172123309077307 ) ) ;
#5126 = ORIENTED_EDGE ( 'NONE', *, *, #4973, .F. ) ;
#5127 = CARTESIAN_POINT ( 'NONE',  ( 23.55622670975753152, 15.11132486540511621, 2.081899558550498307E-16 ) ) ;
#5128 = AXIS2_PLACEMENT_3D ( 'NONE', #3091, #451, #3122 ) ;
#5129 = VECTOR ( 'NONE', #5146, 1000.000000000000000 ) ;
#5130 = DESIGN_CONTEXT ( 'detailed design', #2720, 'design' ) ;
#5131 = VECTOR ( 'NONE', #17, 1000.000000000000000 ) ;
#5132 = CARTESIAN_POINT ( 'NONE',  ( 41.50000000000000711, 9.800000000000004263, 9.000000000000005329 ) ) ;
#5133 = VECTOR ( 'NONE', #6627, 1000.000000000000000 ) ;
#5134 = CARTESIAN_POINT ( 'NONE',  ( 71.66051874078694084, 14.39999999999990266, 1.633110365254696328 ) ) ;
#5135 = DIRECTION ( 'NONE',  ( 0.000000000000000000, 0.000000000000000000, 1.000000000000000000 ) ) ;
#5136 = VERTEX_POINT ( 'NONE', #5664 ) ;
#5137 = EDGE_CURVE ( 'NONE', #3218, #1627, #2047, .T. ) ;
#5138 = ORIENTED_EDGE ( 'NONE', *, *, #943, .T. ) ;
#5139 = DIRECTION ( 'NONE',  ( 0.7071067811865493491, -0.7071067811865456854, 0.000000000000000000 ) ) ;
#5140 = CARTESIAN_POINT ( 'NONE',  ( 57.09999999999994458, 15.39999999999992752, -9.000000000000005329 ) ) ;
#5141 = ADVANCED_FACE ( 'NONE', ( #1702 ), #1724, .T. ) ;
#5142 = AXIS2_PLACEMENT_3D ( 'NONE', #6848, #5899, #3861 ) ;
#5143 = CONICAL_SURFACE ( 'NONE', #6814, 1.599999999999990319, 1.029744258676650981 ) ;
#5144 = CARTESIAN_POINT ( 'NONE',  ( 74.93635983262763034, 14.39999999999989555, 3.611209660063890325 ) ) ;
#5145 = CARTESIAN_POINT ( 'NONE',  ( 69.44915870137609204, 14.39999999999990976, 1.087063180763373493 ) ) ;
#5146 = DIRECTION ( 'NONE',  ( -1.000000000000000000, -0.000000000000000000, -0.000000000000000000 ) ) ;
#5147 = AXIS2_PLACEMENT_3D ( 'NONE', #6086, #230, #838 ) ;
#5148 = CARTESIAN_POINT ( 'NONE',  ( 74.89437770027838326, 14.39999999999989910, 2.117139655869680670 ) ) ;
#5149 = EDGE_LOOP ( 'NONE', ( #2143, #1020, #2502, #697, #5220, #5184, #1290, #3618 ) ) ;
#5150 = FACE_OUTER_BOUND ( 'NONE', #6390, .T. ) ;
#5151 = VECTOR ( 'NONE', #2478, 999.9999999999998863 ) ;
#5152 = DIRECTION ( 'NONE',  ( 1.000000000000000000, -1.219529191537852451E-15, 0.000000000000000000 ) ) ;
#5153 = CARTESIAN_POINT ( 'NONE',  ( 17.39552195564063197, -4.100000000000072475, -9.000000000000005329 ) ) ;
#5154 = B_SPLINE_CURVE_WITH_KNOTS ( 'NONE', 3,
 ( #6837, #5024, #4403, #6487, #792, #216, #2910, #3925, #1694, #3329, #5443 ),
 .UNSPECIFIED., .F., .F.,
 ( 4, 1, 1, 1, 1, 1, 1, 1, 4 ),
 ( 0.000000000000000000, 0.1278794480805363065, 0.2528765148219003223, 0.3768053905488674138, 0.5029401828006202502, 0.6283527607107859403, 0.7511391636481109524, 0.8744601865007975983, 1.000000000000000000 ),
 .UNSPECIFIED. ) ;
#5155 = CARTESIAN_POINT ( 'NONE',  ( 72.32852855257954161, 15.39999999999990088, -1.651374106775552963 ) ) ;
#5156 = ORIENTED_EDGE ( 'NONE', *, *, #2604, .T. ) ;
#5157 = ORIENTED_EDGE ( 'NONE', *, *, #5778, .T. ) ;
#5158 = CARTESIAN_POINT ( 'NONE',  ( 69.82877904884919928, 15.39999999999990266, 2.590590342279206482 ) ) ;
#5159 = AXIS2_PLACEMENT_3D ( 'NONE', #5958, #6473, #3877 ) ;
#5160 = CARTESIAN_POINT ( 'NONE',  ( 70.48007996061365077, 14.39999999999990621, -5.444583241390937189 ) ) ;
#5161 = DIRECTION ( 'NONE',  ( 0.000000000000000000, 0.000000000000000000, 1.000000000000000000 ) ) ;
#5162 = AXIS2_PLACEMENT_3D ( 'NONE', #5519, #243, #6521 ) ;
#5163 = CARTESIAN_POINT ( 'NONE',  ( 72.44972479050919389, 14.39999999999990266, 2.060984006103552257 ) ) ;
#5164 = EDGE_LOOP ( 'NONE', ( #4600, #3504, #689, #3643 ) ) ;
#5165 = EDGE_CURVE ( 'NONE', #522, #4978, #5035, .T. ) ;
#5166 = ORIENTED_EDGE ( 'NONE', *, *, #905, .F. ) ;
#5167 = CARTESIAN_POINT ( 'NONE',  ( 72.86410819817218965, 14.39999999999989910, -3.156306220354422987 ) ) ;
#5168 = FACE_OUTER_BOUND ( 'NONE', #5881, .T. ) ;
#5169 = PLANE ( 'NONE',  #1356 ) ;
#5170 = LOCAL_TIME ( 13, 34, 34.00000000000000000, #1955 ) ;
#5171 = B_SPLINE_SURFACE_WITH_KNOTS ( 'NONE', 3, 1, ( 
 ( #4342, #6016 ),
 ( #3941, #118 ),
 ( #227, #1815 ),
 ( #2889, #156 ),
 ( #6534, #5423 ),
 ( #2332, #3903 ),
 ( #2225, #4448 ),
 ( #3272, #6463 ),
 ( #3834, #1782 ),
 ( #4903, #3308 ),
 ( #2824, #4414 ) ),
 .UNSPECIFIED., .F., .F., .F.,
 ( 4, 1, 1, 1, 1, 1, 1, 1, 4 ),
 ( 2, 2 ),
 ( 0.000000000000000000, 0.06132074913295201823, 0.1407664973254629803, 0.2383158483605689604, 0.3540223279141570534, 0.4878667288614773612, 0.6406872479568533896, 0.8108506329929900946, 0.9999999999999998890 ),
 ( 0.000000000000000000, 1.000000000000000000 ),
 .UNSPECIFIED. ) ;
#5172 = CARTESIAN_POINT ( 'NONE',  ( 72.16472307950250809, 15.39999999999990266, -3.960969874156014203 ) ) ;
#5173 = CARTESIAN_POINT ( 'NONE',  ( 69.79972246283595894, 14.39999999999990621, 4.512590736974447125 ) ) ;
#5174 = LINE ( 'NONE', #4028, #5716 ) ;
#5175 = ORIENTED_EDGE ( 'NONE', *, *, #4046, .T. ) ;
#5176 = ORIENTED_EDGE ( 'NONE', *, *, #3708, .F. ) ;
#5177 = CARTESIAN_POINT ( 'NONE',  ( 79.59999999999999432, -0.1999999999999935718, 31.00000000000001066 ) ) ;
#5178 = CARTESIAN_POINT ( 'NONE',  ( 79.59999999999999432, -0.8462231597294112007, 28.82005025157353018 ) ) ;
#5179 = DIRECTION ( 'NONE',  ( -1.000000000000000000, -0.000000000000000000, -0.000000000000000000 ) ) ;
#5180 = EDGE_CURVE ( 'NONE', #3873, #1093, #495, .T. ) ;
#5181 = LINE ( 'NONE', #429, #1801 ) ;
#5182 = CARTESIAN_POINT ( 'NONE',  ( 28.25622670975752726, 10.39999999999992752, -9.000000000000005329 ) ) ;
#5183 = CARTESIAN_POINT ( 'NONE',  ( 28.25622670982141926, -500000.0000000000582, -9.000000000000005329 ) ) ;
#5184 = ORIENTED_EDGE ( 'NONE', *, *, #6595, .F. ) ;
#5185 = CARTESIAN_POINT ( 'NONE',  ( 70.57688242418453228, 14.39999999999990621, -4.257366862846060585 ) ) ;
#5186 = CARTESIAN_POINT ( 'NONE',  ( 74.92699760000023446, 14.39999999999989910, 2.855102755222211464 ) ) ;
#5187 = EDGE_CURVE ( 'NONE', #5480, #6844, #1381, .T. ) ;
#5188 = DIRECTION ( 'NONE',  ( 0.000000000000000000, -0.000000000000000000, 1.000000000000000000 ) ) ;
#5189 = ADVANCED_FACE ( 'NONE', ( #3166, #2751 ), #2117, .T. ) ;
#5190 = EDGE_CURVE ( 'NONE', #911, #4062, #4827, .T. ) ;
#5191 = DIRECTION ( 'NONE',  ( 1.000000000000000000, 0.000000000000000000, 0.000000000000000000 ) ) ;
#5192 = ORIENTED_EDGE ( 'NONE', *, *, #1628, .T. ) ;
#5193 = EDGE_LOOP ( 'NONE', ( #5029, #4932, #4144, #6497 ) ) ;
#5194 = LINE ( 'NONE', #3460, #5133 ) ;
#5195 = CARTESIAN_POINT ( 'NONE',  ( 69.80640540196218069, 14.39999999999990976, -3.388733873839131050 ) ) ;
#5196 = DIRECTION ( 'NONE',  ( 0.000000000000000000, 0.000000000000000000, 1.000000000000000000 ) ) ;
#5197 = DIRECTION ( 'NONE',  ( 0.000000000000000000, 0.000000000000000000, 1.000000000000000000 ) ) ;
#5198 = ORIENTED_EDGE ( 'NONE', *, *, #569, .F. ) ;
#5199 = ORIENTED_EDGE ( 'NONE', *, *, #4862, .T. ) ;
#5200 = FACE_OUTER_BOUND ( 'NONE', #6445, .T. ) ;
#5201 = ORIENTED_EDGE ( 'NONE', *, *, #663, .T. ) ;
#5202 = CARTESIAN_POINT ( 'NONE',  ( 72.24950336227506398, 15.39999999996187618, 4.512590736974447125 ) ) ;
#5203 = CARTESIAN_POINT ( 'NONE',  ( 70.53440977894797470, 15.39999999999989555, -4.259205386823629702 ) ) ;
#5204 = VERTEX_POINT ( 'NONE', #5282 ) ;
#5205 = CARTESIAN_POINT ( 'NONE',  ( 28.25622670975752726, 10.89999999999236024, -9.000000000000005329 ) ) ;
#5206 = EDGE_LOOP ( 'NONE', ( #3478, #2333, #224, #6862 ) ) ;
#5207 = ORIENTED_EDGE ( 'NONE', *, *, #2398, .F. ) ;
#5208 = CARTESIAN_POINT ( 'NONE',  ( 73.14964967058710954, 14.39999999999989910, 0.5613312217500887602 ) ) ;
#5209 = DIRECTION ( 'NONE',  ( 0.000000000000000000, 0.000000000000000000, 1.000000000000000000 ) ) ;
#5210 = DIRECTION ( 'NONE',  ( 0.000000000000000000, 0.000000000000000000, 1.000000000000000000 ) ) ;
#5211 = CARTESIAN_POINT ( 'NONE',  ( 16.85941873256619061, -4.000000000000067502, 9.987992791346815835 ) ) ;
#5212 = CARTESIAN_POINT ( 'NONE',  ( 63.59999999999998721, 3.000000000000001776, 25.82005025157353018 ) ) ;
#5213 = CARTESIAN_POINT ( 'NONE',  ( 25.25622670975753437, 0.3999999999999368505, -5.787049111740479344E-31 ) ) ;
#5214 = VERTEX_POINT ( 'NONE', #5945 ) ;
#5215 = LINE ( 'NONE', #5853, #925 ) ;
#5216 = CARTESIAN_POINT ( 'NONE',  ( 69.79972246283595894, 14.39999999999990621, 3.760616660483311779 ) ) ;
#5217 = PLANE ( 'NONE',  #6615 ) ;
#5218 = CARTESIAN_POINT ( 'NONE',  ( 62.09999999999998721, 10.39999999999994351, -8.000000000000003553 ) ) ;
#5219 = ORIENTED_EDGE ( 'NONE', *, *, #4539, .T. ) ;
#5220 = ORIENTED_EDGE ( 'NONE', *, *, #994, .F. ) ;
#5221 = DIRECTION ( 'NONE',  ( 0.000000000000000000, 0.000000000000000000, 1.000000000000000000 ) ) ;
#5222 = EDGE_CURVE ( 'NONE', #3932, #4854, #3760, .T. ) ;
#5223 = LINE ( 'NONE', #1654, #2815 ) ;
#5224 = CARTESIAN_POINT ( 'NONE',  ( 73.51809162697755085, 14.39999999999989555, 1.845511654998236661 ) ) ;
#5225 = VECTOR ( 'NONE', #3518, 1000.000000000000000 ) ;
#5226 = ADVANCED_FACE ( 'NONE', ( #531 ), #6425, .T. ) ;
#5227 = EDGE_CURVE ( 'NONE', #4617, #3136, #4487, .T. ) ;
#5228 = CARTESIAN_POINT ( 'NONE',  ( 73.86084575938843955, 15.39999999999989555, 2.357839276659715821 ) ) ;
#5229 = EDGE_LOOP ( 'NONE', ( #5534, #2804 ) ) ;
#5230 = ORIENTED_EDGE ( 'NONE', *, *, #4704, .T. ) ;
#5231 = CARTESIAN_POINT ( 'NONE',  ( 53.85519130524023979, 10.39999999999993463, -8.000000000000003553 ) ) ;
#5232 = CARTESIAN_POINT ( 'NONE',  ( 73.78621802918162587, 14.39999999999990266, 2.140061319248659277 ) ) ;
#5233 = EDGE_CURVE ( 'NONE', #5004, #3296, #3197, .T. ) ;
#5234 = PLANE ( 'NONE',  #2251 ) ;
#5235 = CIRCLE ( 'NONE', #3248, 1.699999999999999512 ) ;
#5236 = CARTESIAN_POINT ( 'NONE',  ( 70.26452286950249970, 14.39999999999990621, -4.220826216987160429 ) ) ;
#5237 = ORIENTED_EDGE ( 'NONE', *, *, #112, .T. ) ;
#5238 = CARTESIAN_POINT ( 'NONE',  ( 69.82913896981258972, 14.39999999999990621, -3.650836146595793252 ) ) ;
#5239 = AXIS2_PLACEMENT_3D ( 'NONE', #1449, #1385, #421 ) ;
#5240 = ORIENTED_EDGE ( 'NONE', *, *, #6007, .F. ) ;
#5241 = AXIS2_PLACEMENT_3D ( 'NONE', #2526, #1901, #6659 ) ;
#5242 = VERTEX_POINT ( 'NONE', #558 ) ;
#5243 = CARTESIAN_POINT ( 'NONE',  ( 72.24950336227506398, 14.39999999999990266, 3.456863585250439019 ) ) ;
#5244 = CARTESIAN_POINT ( 'NONE',  ( 68.78641360549529793, 15.39999999999990443, 2.574331525156782874 ) ) ;
#5245 = VECTOR ( 'NONE', #571, 1000.000000000000114 ) ;
#5246 = LINE ( 'NONE', #5144, #1287 ) ;
#5247 = VECTOR ( 'NONE', #1581, 1000.000000000000114 ) ;
#5248 = CARTESIAN_POINT ( 'NONE',  ( 69.79972246283595894, 15.39999999999033164, 4.512590736974447125 ) ) ;
#5249 = ORIENTED_EDGE ( 'NONE', *, *, #6561, .F. ) ;
#5250 = FACE_OUTER_BOUND ( 'NONE', #1157, .T. ) ;
#5251 = CARTESIAN_POINT ( 'NONE',  ( 79.59999999999999432, -4.600000000000048495, 34.97994974842648475 ) ) ;
#5252 = ORIENTED_EDGE ( 'NONE', *, *, #5498, .F. ) ;
#5253 = AXIS2_PLACEMENT_3D ( 'NONE', #2422, #5974, #794 ) ;
#5254 = VECTOR ( 'NONE', #6257, 999.9999999999998863 ) ;
#5255 = LINE ( 'NONE', #3770, #2583 ) ;
#5256 = CARTESIAN_POINT ( 'NONE',  ( 25.25622670975753437, 0.3999999999999368505, -5.787049111740479344E-31 ) ) ;
#5257 = PLANE ( 'NONE',  #2286 ) ;
#5258 = VECTOR ( 'NONE', #776, 1000.000000000000000 ) ;
#5259 = CARTESIAN_POINT ( 'NONE',  ( 69.80796028888411797, 14.39999999999990621, 2.897908610083109071 ) ) ;
#5260 = CARTESIAN_POINT ( 'NONE',  ( 70.48007996061365077, 15.39999999999990443, -5.444583241390937189 ) ) ;
#5261 = EDGE_LOOP ( 'NONE', ( #893, #4459, #5219, #757 ) ) ;
#5262 = VERTEX_POINT ( 'NONE', #4755 ) ;
#5263 = DIRECTION ( 'NONE',  ( -1.000000000000000000, 0.000000000000000000, 0.000000000000000000 ) ) ;
#5264 = FACE_OUTER_BOUND ( 'NONE', #4991, .T. ) ;
#5265 = VECTOR ( 'NONE', #4595, 1000.000000000000114 ) ;
#5266 = CARTESIAN_POINT ( 'NONE',  ( 73.56642240031028734, 15.39999999999989377, 0.6053594959110776275 ) ) ;
#5267 = DIRECTION ( 'NONE',  ( 0.000000000000000000, 0.000000000000000000, -1.000000000000000000 ) ) ;
#5268 = ADVANCED_FACE ( 'NONE', ( #4789, #1185 ), #2154, .T. ) ;
#5269 = CIRCLE ( 'NONE', #2840, 1.599999999999990319 ) ;
#5270 = EDGE_LOOP ( 'NONE', ( #1408, #3829, #2674, #6021 ) ) ;
#5271 = ADVANCED_FACE ( 'NONE', ( #1106 ), #5902, .F. ) ;
#5272 = EDGE_LOOP ( 'NONE', ( #6732, #5138, #4969, #2104 ) ) ;
#5273 = LINE ( 'NONE', #6385, #3254 ) ;
#5274 = CARTESIAN_POINT ( 'NONE',  ( 73.51809162697755085, 14.39999999999989555, 1.845511654998236661 ) ) ;
#5275 = DIRECTION ( 'NONE',  ( -0.7071067811865482389, 0.000000000000000000, -0.7071067811865469066 ) ) ;
#5276 = AXIS2_PLACEMENT_3D ( 'NONE', #3595, #4658, #2027 ) ;
#5277 = ADVANCED_FACE ( 'NONE', ( #2084 ), #1560, .F. ) ;
#5278 = CARTESIAN_POINT ( 'NONE',  ( 71.66051874078694084, 14.39999999999990266, 1.633110365254696328 ) ) ;
#5279 = EDGE_CURVE ( 'NONE', #4021, #6704, #768, .T. ) ;
#5280 = EDGE_CURVE ( 'NONE', #1829, #4946, #1611, .T. ) ;
#5281 = VERTEX_POINT ( 'NONE', #3410 ) ;
#5282 = CARTESIAN_POINT ( 'NONE',  ( 0.000000000000000000, -4.600000000000068923, 20.08581589082205454 ) ) ;
#5283 = ORIENTED_EDGE ( 'NONE', *, *, #2595, .T. ) ;
#5284 = EDGE_LOOP ( 'NONE', ( #2399, #676, #5794, #2419 ) ) ;
#5285 = LINE ( 'NONE', #1707, #4697 ) ;
#5286 = DIRECTION ( 'NONE',  ( -0.000000000000000000, 1.000000000000000000, -0.000000000000000000 ) ) ;
#5287 = CARTESIAN_POINT ( 'NONE',  ( 16.85941873256619061, -4.600000000000072475, -10.72570376872645603 ) ) ;
#5288 = ORIENTED_EDGE ( 'NONE', *, *, #2006, .T. ) ;
#5289 = CARTESIAN_POINT ( 'NONE',  ( 72.26044199671564172, 14.39999999999989910, 2.881739784627366241 ) ) ;
#5290 = DIRECTION ( 'NONE',  ( 2.668805347656625692E-16, -1.000000000000000000, -3.858032741160322701E-32 ) ) ;
#5291 = VERTEX_POINT ( 'NONE', #6530 ) ;
#5292 = DIRECTION ( 'NONE',  ( 0.000000000000000000, 0.000000000000000000, 1.000000000000000000 ) ) ;
#5293 = CARTESIAN_POINT ( 'NONE',  ( 0.000000000000000000, 14.89999999999992752, 0.000000000000000000 ) ) ;
#5294 = FACE_OUTER_BOUND ( 'NONE', #1872, .T. ) ;
#5295 = CARTESIAN_POINT ( 'NONE',  ( 72.63556894713272527, 14.39999999999989555, -2.956086130644592913 ) ) ;
#5296 = CARTESIAN_POINT ( 'NONE',  ( 68.86270793196619877, 15.39999999999990088, -4.211469205034713781 ) ) ;
#5297 = VERTEX_POINT ( 'NONE', #2814 ) ;
#5298 = DIRECTION ( 'NONE',  ( 1.734723475976805517E-15, -1.000000000000000000, 9.860761315262647568E-32 ) ) ;
#5299 = DIRECTION ( 'NONE',  ( -1.000000000000000000, 0.000000000000000000, 0.000000000000000000 ) ) ;
#5300 = CARTESIAN_POINT ( 'NONE',  ( 79.59999999999999432, -4.199999999999992184, 31.00000000000000711 ) ) ;
#5301 = LINE ( 'NONE', #6278, #517 ) ;
#5302 = ORIENTED_EDGE ( 'NONE', *, *, #560, .F. ) ;
#5303 = EDGE_LOOP ( 'NONE', ( #6828, #3255, #950, #5452 ) ) ;
#5304 = DIRECTION ( 'NONE',  ( 1.000000000000000000, 3.507327353814787195E-16, 7.794060786255082520E-17 ) ) ;
#5305 = LINE ( 'NONE', #5897, #138 ) ;
#5306 = ADVANCED_FACE ( 'NONE', ( #6106 ), #1845, .T. ) ;
#5307 = CARTESIAN_POINT ( 'NONE',  ( 70.48689351584813778, 14.39999999999990621, -4.257123852184069079 ) ) ;
#5308 = EDGE_LOOP ( 'NONE', ( #3167, #5302, #3426, #2271, #1193, #3153, #6346 ) ) ;
#5309 = CARTESIAN_POINT ( 'NONE',  ( 71.66051874078694084, 14.39999999999990266, 1.633110365254696328 ) ) ;
#5310 = VERTEX_POINT ( 'NONE', #1777 ) ;
#5311 = ORIENTED_EDGE ( 'NONE', *, *, #3835, .T. ) ;
#5312 = DIRECTION ( 'NONE',  ( 0.000000000000000000, 0.000000000000000000, 1.000000000000000000 ) ) ;
#5313 = ADVANCED_FACE ( 'NONE', ( #6011 ), #2361, .T. ) ;
#5314 = EDGE_CURVE ( 'NONE', #6570, #1521, #3898, .T. ) ;
#5315 = CARTESIAN_POINT ( 'NONE',  ( 74.15610824378244104, 14.39999999999989555, 0.8578493243585657568 ) ) ;
#5316 = DIRECTION ( 'NONE',  ( 0.7071067811865460184, 1.887130358994917294E-16, 0.7071067811865490160 ) ) ;
#5317 = VERTEX_POINT ( 'NONE', #4933 ) ;
#5318 = CARTESIAN_POINT ( 'NONE',  ( 16.85941873256619417, 15.39999999999992575, -9.000000000000005329 ) ) ;
#5319 = DIRECTION ( 'NONE',  ( 0.000000000000000000, 0.000000000000000000, 1.000000000000000000 ) ) ;
#5320 = ORIENTED_EDGE ( 'NONE', *, *, #4127, .F. ) ;
#5321 = EDGE_CURVE ( 'NONE', #5507, #1669, #1344, .T. ) ;
#5322 = CARTESIAN_POINT ( 'NONE',  ( 26.95622670975753365, 0.3999999999999375722, 2.081899558550494117E-16 ) ) ;
#5323 = CARTESIAN_POINT ( 'NONE',  ( 71.30074236326248638, 15.39999999999990088, -2.819897517646440921 ) ) ;
#5324 = DIRECTION ( 'NONE',  ( 0.000000000000000000, 0.000000000000000000, 1.000000000000000000 ) ) ;
#5325 = CARTESIAN_POINT ( 'NONE',  ( 72.86410819817218965, 15.39999999999989022, -3.156306220354422987 ) ) ;
#5326 = CARTESIAN_POINT ( 'NONE',  ( 68.93442353953956570, 15.39999999999989733, -4.468602541304641740 ) ) ;
#5327 = VERTEX_POINT ( 'NONE', #6496 ) ;
#5328 = CARTESIAN_POINT ( 'NONE',  ( -1.804112415015859499E-14, 10.39999999999989377, -1.025519176787304872E-30 ) ) ;
#5329 = CARTESIAN_POINT ( 'NONE',  ( 73.23498593274042889, 15.39999999999989910, -4.889871679640116042 ) ) ;
#5330 = CARTESIAN_POINT ( 'NONE',  ( 74.71467845661241824, 14.39999999999989910, 1.465165183112784097 ) ) ;
#5331 = DIRECTION ( 'NONE',  ( -0.000000000000000000, 1.000000000000000000, -0.000000000000000000 ) ) ;
#5332 = ORIENTED_EDGE ( 'NONE', *, *, #5233, .T. ) ;
#5333 = ORIENTED_EDGE ( 'NONE', *, *, #4297, .T. ) ;
#5334 = DIRECTION ( 'NONE',  ( 1.000000000000000000, 0.000000000000000000, 0.000000000000000000 ) ) ;
#5335 = EDGE_CURVE ( 'NONE', #2829, #6769, #3967, .T. ) ;
#5336 = CARTESIAN_POINT ( 'NONE',  ( 23.55622670975753508, 0.3999999999999361844, -5.787049111740479344E-31 ) ) ;
#5337 = CARTESIAN_POINT ( 'NONE',  ( 0.000000000000000000, -4.100000000000072475, 0.000000000000000000 ) ) ;
#5338 = CIRCLE ( 'NONE', #6777, 4.650000000000001243 ) ;
#5339 = PLANE ( 'NONE',  #913 ) ;
#5340 = ORIENTED_EDGE ( 'NONE', *, *, #2074, .T. ) ;
#5341 = DIRECTION ( 'NONE',  ( 0.000000000000000000, 0.000000000000000000, 1.000000000000000000 ) ) ;
#5342 = ORIENTED_EDGE ( 'NONE', *, *, #863, .T. ) ;
#5343 = ORIENTED_EDGE ( 'NONE', *, *, #6847, .F. ) ;
#5344 = DIRECTION ( 'NONE',  ( -0.000000000000000000, -0.000000000000000000, 1.000000000000000000 ) ) ;
#5345 = CARTESIAN_POINT ( 'NONE',  ( 73.77006815709130194, 14.39999999999989910, 0.6684916159335472230 ) ) ;
#5346 = AXIS2_PLACEMENT_3D ( 'NONE', #3222, #4785, #5414 ) ;
#5347 = DIRECTION ( 'NONE',  ( 0.000000000000000000, 0.000000000000000000, 1.000000000000000000 ) ) ;
#5348 = VECTOR ( 'NONE', #2836, 1000.000000000000000 ) ;
#5349 = ADVANCED_FACE ( 'NONE', ( #5419 ), #3437, .T. ) ;
#5350 = CARTESIAN_POINT ( 'NONE',  ( 72.24950336227506398, 14.39999999999990266, 3.456863585250439019 ) ) ;
#5351 = CARTESIAN_POINT ( 'NONE',  ( 19.20889106689515202, -4.244154418236479209, 11.91677240782633262 ) ) ;
#5352 = ORIENTED_EDGE ( 'NONE', *, *, #67, .F. ) ;
#5353 = EDGE_CURVE ( 'NONE', #354, #420, #1810, .T. ) ;
#5354 = EDGE_CURVE ( 'NONE', #5262, #2908, #3832, .T. ) ;
#5355 = CARTESIAN_POINT ( 'NONE',  ( 16.85941873256619061, -2.924642946670579015E-15, 0.000000000000000000 ) ) ;
#5356 = VECTOR ( 'NONE', #5464, 1000.000000000000000 ) ;
#5357 = AXIS2_PLACEMENT_3D ( 'NONE', #319, #4534, #345 ) ;
#5358 = CARTESIAN_POINT ( 'NONE',  ( 71.29638510635176374, 15.39999999999990443, -3.019505305959778951 ) ) ;
#5359 = DIRECTION ( 'NONE',  ( -4.003208021484938538E-16, 1.000000000000000000, 5.787049111740484599E-32 ) ) ;
#5360 = CARTESIAN_POINT ( 'NONE',  ( 72.70641018317151349, 15.39999999999989377, -3.024149953822354409 ) ) ;
#5361 = FACE_OUTER_BOUND ( 'NONE', #2501, .T. ) ;
#5362 = AXIS2_PLACEMENT_3D ( 'NONE', #6117, #3583, #5668 ) ;
#5363 = VERTEX_POINT ( 'NONE', #2885 ) ;
#5364 = CIRCLE ( 'NONE', #1149, 22.12329089443976216 ) ;
#5365 = CARTESIAN_POINT ( 'NONE',  ( 35.90000000000005542, 15.39999999999992752, -12.00000000000000533 ) ) ;
#5366 = FACE_OUTER_BOUND ( 'NONE', #5895, .T. ) ;
#5367 = DIRECTION ( 'NONE',  ( -1.000000000000000000, -0.000000000000000000, -0.000000000000000000 ) ) ;
#5368 = AXIS2_PLACEMENT_3D ( 'NONE', #6112, #5070, #6216 ) ;
#5369 = CIRCLE ( 'NONE', #6479, 1.699999999999999512 ) ;
#5370 = CARTESIAN_POINT ( 'NONE',  ( 70.57688242418453228, 15.39999999999990443, -4.257366862846060585 ) ) ;
#5371 = CARTESIAN_POINT ( 'NONE',  ( 71.72104698151825630, 14.39999999999989910, -4.955659209497730977 ) ) ;
#5372 = VERTEX_POINT ( 'NONE', #6632 ) ;
#5373 = EDGE_LOOP ( 'NONE', ( #4992, #2783, #3497, #2381 ) ) ;
#5374 = DIRECTION ( 'NONE',  ( -1.000000000000000000, -0.000000000000000000, -0.000000000000000000 ) ) ;
#5375 = AXIS2_PLACEMENT_3D ( 'NONE', #4957, #6031, #6483 ) ;
#5376 = CARTESIAN_POINT ( 'NONE',  ( 74.93635983262761613, 14.39999999999989555, -0.4659962522082454761 ) ) ;
#5377 = LINE ( 'NONE', #6349, #3469 ) ;
#5378 = PLANE ( 'NONE',  #490 ) ;
#5379 = VECTOR ( 'NONE', #2066, 1000.000000000000000 ) ;
#5380 = EDGE_CURVE ( 'NONE', #332, #3394, #3213, .T. ) ;
#5381 = DIRECTION ( 'NONE',  ( 1.734723475976793684E-15, 1.000000000000000000, -0.000000000000000000 ) ) ;
#5382 = VERTEX_POINT ( 'NONE', #5030 ) ;
#5383 = DIRECTION ( 'NONE',  ( -1.277847652571759596E-16, 1.000000000000000000, 0.000000000000000000 ) ) ;
#5384 = VERTEX_POINT ( 'NONE', #3993 ) ;
#5385 = CARTESIAN_POINT ( 'NONE',  ( 57.10000000006383658, -500000.0000000000582, -9.000000000000005329 ) ) ;
#5386 = VECTOR ( 'NONE', #874, 1000.000000000000000 ) ;
#5387 = DIRECTION ( 'NONE',  ( 0.000000000000000000, 0.000000000000000000, 1.000000000000000000 ) ) ;
#5388 = AXIS2_PLACEMENT_3D ( 'NONE', #1689, #4433, #6553 ) ;
#5389 = CARTESIAN_POINT ( 'NONE',  ( 46.50000000000000000, 5.800000000000006040, 9.000000000000005329 ) ) ;
#5390 = ORIENTED_EDGE ( 'NONE', *, *, #282, .T. ) ;
#5391 = CARTESIAN_POINT ( 'NONE',  ( 72.34242345893215997, 14.39999999999989910, 2.278965563026795760 ) ) ;
#5392 = DIRECTION ( 'NONE',  ( 0.000000000000000000, 0.000000000000000000, -1.000000000000000000 ) ) ;
#5393 = ORIENTED_EDGE ( 'NONE', *, *, #4745, .T. ) ;
#5394 = ORIENTED_EDGE ( 'NONE', *, *, #4661, .F. ) ;
#5395 = B_SPLINE_CURVE_WITH_KNOTS ( 'NONE', 3,
 ( #3777, #5860, #3215, #25, #2137, #1064, #2205, #5756, #1095, #4225, #5329, #2107, #5890, #4322, #64 ),
 .UNSPECIFIED., .F., .F.,
 ( 4, 1, 1, 1, 1, 1, 1, 1, 1, 1, 1, 1, 4 ),
 ( 0.000000000000000000, 0.1071150479041732967, 0.2096387418529832569, 0.3076427484844150295, 0.4017505500238101601, 0.4516771565957541368, 0.5082937728646217401, 0.5722686211886722774, 0.6436774948393912954, 0.7218663021442978112, 0.8075591223003665275, 0.9002642733319617951, 1.000000000000000000 ),
 .UNSPECIFIED. ) ;
#5396 = PLANE ( 'NONE',  #1036 ) ;
#5397 = AXIS2_PLACEMENT_3D ( 'NONE', #3242, #5960, #1230 ) ;
#5398 = ADVANCED_FACE ( 'NONE', ( #2255 ), #2383, .T. ) ;
#5399 = CARTESIAN_POINT ( 'NONE',  ( 73.20000000000000284, 5.799999999999999822, 25.82005025157353018 ) ) ;
#5400 = CARTESIAN_POINT ( 'NONE',  ( 0.000000000000000000, 15.39999999999992575, 0.000000000000000000 ) ) ;
#5401 = CARTESIAN_POINT ( 'NONE',  ( 72.70641018317151349, 14.39999999999990266, -3.024149953822354409 ) ) ;
#5402 = CARTESIAN_POINT ( 'NONE',  ( 70.09266440679914467, 14.39999999999990621, -5.409255506331423824 ) ) ;
#5403 = ORIENTED_EDGE ( 'NONE', *, *, #6249, .F. ) ;
#5404 = CARTESIAN_POINT ( 'NONE',  ( 0.000000000000000000, 10.39999999999992752, 0.000000000000000000 ) ) ;
#5405 = DIRECTION ( 'NONE',  ( -1.000000000000000000, 1.734723475976793487E-15, 0.000000000000000000 ) ) ;
#5406 = EDGE_CURVE ( 'NONE', #1870, #5214, #3251, .T. ) ;
#5407 = DIRECTION ( 'NONE',  ( 0.000000000000000000, 0.000000000000000000, 1.000000000000000000 ) ) ;
#5408 = ADVANCED_FACE ( 'NONE', ( #1236 ), #848, .T. ) ;
#5409 = LINE ( 'NONE', #6484, #406 ) ;
#5410 = ORIENTED_EDGE ( 'NONE', *, *, #5353, .T. ) ;
#5411 = ORIENTED_EDGE ( 'NONE', *, *, #6757, .T. ) ;
#5412 = CARTESIAN_POINT ( 'NONE',  ( 69.81063504894521543, 14.39999999999989910, -3.476774752041355221 ) ) ;
#5413 = CARTESIAN_POINT ( 'NONE',  ( 21.75622670975752726, 10.39999999999992752, -8.711324865405194018 ) ) ;
#5414 = DIRECTION ( 'NONE',  ( -1.000000000000000000, 0.000000000000000000, 0.000000000000000000 ) ) ;
#5415 = DIRECTION ( 'NONE',  ( -0.000000000000000000, 1.000000000000000000, -0.000000000000000000 ) ) ;
#5416 = EDGE_CURVE ( 'NONE', #3203, #5521, #2834, .T. ) ;
#5417 = CARTESIAN_POINT ( 'NONE',  ( 25.25622670975753081, 5.400000000004188117, -2.893524555867776890E-31 ) ) ;
#5418 = ORIENTED_EDGE ( 'NONE', *, *, #560, .T. ) ;
#5419 = FACE_OUTER_BOUND ( 'NONE', #2064, .T. ) ;
#5420 = EDGE_LOOP ( 'NONE', ( #6336, #633, #5176, #439 ) ) ;
#5421 = DIRECTION ( 'NONE',  ( -1.000000000000000000, 0.000000000000000000, 0.000000000000000000 ) ) ;
#5422 = DIRECTION ( 'NONE',  ( -1.000000000000000000, -0.000000000000000000, -0.000000000000000000 ) ) ;
#5423 = CARTESIAN_POINT ( 'NONE',  ( 74.91571498836223952, 15.39999999999989733, 2.481795325572685673 ) ) ;
#5424 = ORIENTED_EDGE ( 'NONE', *, *, #3420, .F. ) ;
#5425 = CARTESIAN_POINT ( 'NONE',  ( 68.99631320067565809, 14.39999999999990621, 1.612564079269727335 ) ) ;
#5426 = CARTESIAN_POINT ( 'NONE',  ( 73.20000000000000284, 5.799999999999999822, 34.57994974842648617 ) ) ;
#5427 = VERTEX_POINT ( 'NONE', #2178 ) ;
#5428 = ORIENTED_EDGE ( 'NONE', *, *, #1921, .T. ) ;
#5429 = EDGE_CURVE ( 'NONE', #4590, #4401, #212, .T. ) ;
#5430 = CARTESIAN_POINT ( 'NONE',  ( 70.39426970337770229, 15.39999999999989910, 0.8008593244480743945 ) ) ;
#5431 = DIRECTION ( 'NONE',  ( -0.000000000000000000, 1.000000000000000000, -0.000000000000000000 ) ) ;
#5432 = CARTESIAN_POINT ( 'NONE',  ( 46.49999999999995737, 5.800000000000005151, -8.000000000000003553 ) ) ;
#5433 = CARTESIAN_POINT ( 'NONE',  ( 63.09999999999998721, 15.39999999999993463, -7.000000000000004441 ) ) ;
#5434 = CARTESIAN_POINT ( 'NONE',  ( 51.49999999999999289, 9.800000000000004263, 9.000000000000005329 ) ) ;
#5435 = ORIENTED_EDGE ( 'NONE', *, *, #5959, .T. ) ;
#5436 = LINE ( 'NONE', #1685, #5037 ) ;
#5437 = DIRECTION ( 'NONE',  ( -0.7071067811865456854, 0.7071067811865493491, 0.000000000000000000 ) ) ;
#5438 = CARTESIAN_POINT ( 'NONE',  ( 70.88568255765370907, 15.39999999999989733, 2.088681456859854624 ) ) ;
#5439 = LINE ( 'NONE', #2801, #6718 ) ;
#5440 = ORIENTED_EDGE ( 'NONE', *, *, #4129, .T. ) ;
#5441 = EDGE_CURVE ( 'NONE', #4841, #4401, #6110, .T. ) ;
#5442 = ORIENTED_EDGE ( 'NONE', *, *, #3452, .F. ) ;
#5443 = CARTESIAN_POINT ( 'NONE',  ( 71.66051874078694084, 15.39999999999990088, 1.633110365254696328 ) ) ;
#5444 = ADVANCED_FACE ( 'NONE', ( #1205, #2318, #2841 ), #3292, .T. ) ;
#5445 = DIRECTION ( 'NONE',  ( 0.000000000000000000, 0.000000000000000000, 1.000000000000000000 ) ) ;
#5446 = EDGE_CURVE ( 'NONE', #4371, #6538, #3325, .T. ) ;
#5447 = CARTESIAN_POINT ( 'NONE',  ( 72.61936716065527264, 15.39999999999990443, 1.885893033944324060 ) ) ;
#5448 = FACE_OUTER_BOUND ( 'NONE', #5420, .T. ) ;
#5449 = CARTESIAN_POINT ( 'NONE',  ( 71.88080100972238995, 14.39999999999990621, 1.176325334440235348 ) ) ;
#5450 = ORIENTED_EDGE ( 'NONE', *, *, #5066, .F. ) ;
#5451 = CARTESIAN_POINT ( 'NONE',  ( 74.92226691608847489, 15.39999999999989022, 2.654640105918340431 ) ) ;
#5452 = ORIENTED_EDGE ( 'NONE', *, *, #2049, .T. ) ;
#5453 = DIRECTION ( 'NONE',  ( -0.000000000000000000, 1.000000000000000000, -0.000000000000000000 ) ) ;
#5454 = B_SPLINE_CURVE_WITH_KNOTS ( 'NONE', 3,
 ( #6150, #4131, #3511, #2991, #3063, #2563 ),
 .UNSPECIFIED., .F., .F.,
 ( 4, 2, 4 ),
 ( 0.002015418426988284731, 0.002066077464121258284, 0.002116736501254231836 ),
 .UNSPECIFIED. ) ;
#5455 = VECTOR ( 'NONE', #6263, 1000.000000000000114 ) ;
#5456 = DIRECTION ( 'NONE',  ( 1.000000000000000000, 0.000000000000000000, 0.000000000000000000 ) ) ;
#5457 = CARTESIAN_POINT ( 'NONE',  ( 19.59591794226541595, -4.000000000000067502, 2.399807818434953052E-15 ) ) ;
#5458 = ORIENTED_EDGE ( 'NONE', *, *, #5227, .F. ) ;
#5459 = CARTESIAN_POINT ( 'NONE',  ( 68.77540425288653125, 15.39999999999990443, 2.872782297017065112 ) ) ;
#5460 = CARTESIAN_POINT ( 'NONE',  ( 70.88568255765370907, 15.39999999999989910, 2.088681456859854624 ) ) ;
#5461 = ORIENTED_EDGE ( 'NONE', *, *, #153, .T. ) ;
#5462 = CIRCLE ( 'NONE', #4240, 19.58581589082205454 ) ;
#5463 = ORIENTED_EDGE ( 'NONE', *, *, #1850, .F. ) ;
#5464 = DIRECTION ( 'NONE',  ( 0.000000000000000000, -1.148603227236739887E-16, 1.000000000000000000 ) ) ;
#5465 = CARTESIAN_POINT ( 'NONE',  ( 71.30120107862120449, 14.39999999999990266, -1.651374106775552963 ) ) ;
#5466 = AXIS2_PLACEMENT_3D ( 'NONE', #238, #6026, #2413 ) ;
#5467 = LINE ( 'NONE', #3316, #6284 ) ;
#5468 = FACE_OUTER_BOUND ( 'NONE', #1382, .T. ) ;
#5469 = EDGE_CURVE ( 'NONE', #4517, #6105, #6362, .T. ) ;
#5470 = LINE ( 'NONE', #1271, #2921 ) ;
#5471 = ORIENTED_EDGE ( 'NONE', *, *, #2315, .T. ) ;
#5472 = CARTESIAN_POINT ( 'NONE',  ( 73.71640845730209435, 15.39999999999989733, -5.171699381120754779 ) ) ;
#5473 = CIRCLE ( 'NONE', #479, 4.650000000000001243 ) ;
#5474 = VECTOR ( 'NONE', #2538, 1000.000000000000000 ) ;
#5475 = LINE ( 'NONE', #1203, #2367 ) ;
#5476 = CARTESIAN_POINT ( 'NONE',  ( 70.77790974816997505, 15.39999999999990443, -4.231479515289912285 ) ) ;
#5477 = CARTESIAN_POINT ( 'NONE',  ( 71.90415086155209679, 15.39999999999990443, -4.712653435013558934 ) ) ;
#5478 = VECTOR ( 'NONE', #912, 1000.000000000000000 ) ;
#5479 = AXIS2_PLACEMENT_3D ( 'NONE', #4031, #1393, #2238 ) ;
#5480 = VERTEX_POINT ( 'NONE', #4555 ) ;
#5481 = ORIENTED_EDGE ( 'NONE', *, *, #3490, .F. ) ;
#5482 = CARTESIAN_POINT ( 'NONE',  ( 69.81947876041206769, 14.39999999999990621, -3.601073723819072647 ) ) ;
#5483 = LINE ( 'NONE', #4890, #356 ) ;
#5484 = CARTESIAN_POINT ( 'NONE',  ( 74.93635983262763034, 15.39999999999989555, 3.611209660063890325 ) ) ;
#5485 = AXIS2_PLACEMENT_3D ( 'NONE', #4518, #6742, #843 ) ;
#5486 = VECTOR ( 'NONE', #2222, 1000.000000000000000 ) ;
#5487 = DIRECTION ( 'NONE',  ( -1.022064998921562627E-15, 0.5000000000000038858, -0.8660254037844364872 ) ) ;
#5488 = EDGE_CURVE ( 'NONE', #4075, #4415, #1962, .T. ) ;
#5489 = VECTOR ( 'NONE', #4417, 1000.000000000000000 ) ;
#5490 = CARTESIAN_POINT ( 'NONE',  ( 63.59999999999998721, 16.20000000000005613, 20.40377336712970546 ) ) ;
#5491 = ORIENTED_EDGE ( 'NONE', *, *, #235, .T. ) ;
#5492 = DIRECTION ( 'NONE',  ( -1.000000000000000000, 0.000000000000000000, 0.000000000000000000 ) ) ;
#5493 = ORIENTED_EDGE ( 'NONE', *, *, #3755, .T. ) ;
#5494 = DIRECTION ( 'NONE',  ( 1.000000000000000000, 0.000000000000000000, 0.000000000000000000 ) ) ;
#5495 = AXIS2_PLACEMENT_3D ( 'NONE', #4526, #6681, #1891 ) ;
#5496 = EDGE_CURVE ( 'NONE', #3649, #6809, #4491, .T. ) ;
#5497 = CARTESIAN_POINT ( 'NONE',  ( 72.61936716065527264, 15.39999999999990621, 1.885893033944324060 ) ) ;
#5498 = EDGE_CURVE ( 'NONE', #5935, #4854, #1497, .T. ) ;
#5499 = EDGE_CURVE ( 'NONE', #6844, #4196, #2944, .T. ) ;
#5500 = B_SPLINE_CURVE_WITH_KNOTS ( 'NONE', 3,
 ( #6733, #831, #2556, #3056, #1484, #862, #5167, #5125, #1974, #5730, #4092, #4123, #966, #6796, #6209, #5092, #3610, #2493, #2986 ),
 .UNSPECIFIED., .F., .F.,
 ( 4, 1, 1, 1, 1, 1, 1, 1, 1, 1, 1, 1, 1, 1, 1, 1, 4 ),
 ( 0.000000000000000000, 0.09159573936240540670, 0.1748750975798219476, 0.2498434678333349979, 0.3157424907664977964, 0.3741142784555299139, 0.4237869212533013630, 0.4648589671458622230, 0.4980960557404017219, 0.5541854309969724834, 0.6070974179751682520, 0.6579961439013403135, 0.7068016846165061651, 0.7608718645838613570, 0.8276373508723292582, 0.9070950942154469843, 1.000000000000000000 ),
 .UNSPECIFIED. ) ;
#5501 = DIRECTION ( 'NONE',  ( 0.000000000000000000, 0.000000000000000000, 1.000000000000000000 ) ) ;
#5502 = ORIENTED_EDGE ( 'NONE', *, *, #4858, .T. ) ;
#5503 = CARTESIAN_POINT ( 'NONE',  ( 68.78076590293053982, 15.39999999999990443, 2.717623242324848309 ) ) ;
#5504 = CIRCLE ( 'NONE', #397, 13.73636363457416465 ) ;
#5505 = FACE_OUTER_BOUND ( 'NONE', #847, .T. ) ;
#5506 = ORIENTED_EDGE ( 'NONE', *, *, #5747, .T. ) ;
#5507 = VERTEX_POINT ( 'NONE', #5612 ) ;
#5508 = CARTESIAN_POINT ( 'NONE',  ( 70.53467996412398122, 15.39999999999989910, 0.8057091083615139926 ) ) ;
#5509 = VECTOR ( 'NONE', #5422, 1000.000000000000000 ) ;
#5510 = CARTESIAN_POINT ( 'NONE',  ( 70.57688242418453228, 14.39999999999990621, -4.257366862846060585 ) ) ;
#5511 = CARTESIAN_POINT ( 'NONE',  ( 70.00000000000000000, 5.799999999999999822, 37.97994974842648475 ) ) ;
#5512 = FACE_OUTER_BOUND ( 'NONE', #4741, .T. ) ;
#5513 = CARTESIAN_POINT ( 'NONE',  ( 63.59999999999998721, 16.20000000000005613, 20.40377336712970546 ) ) ;
#5514 = ORIENTED_EDGE ( 'NONE', *, *, #5869, .F. ) ;
#5515 = PRODUCT ( '0PB_feet_squash_print_on_side_mk2_back_v3', '0PB_feet_squash_print_on_side_mk2_back_v3', '', ( #3423 ) ) ;
#5516 = AXIS2_PLACEMENT_3D ( 'NONE', #4423, #2794, #6474 ) ;
#5517 = DIRECTION ( 'NONE',  ( -1.000000000000000000, 0.000000000000000000, 0.000000000000000000 ) ) ;
#5518 = CARTESIAN_POINT ( 'NONE',  ( 70.54864354528301362, 14.39999999999990266, 1.986054568812109622 ) ) ;
#5519 = CARTESIAN_POINT ( 'NONE',  ( 79.59999999999999432, -4.199999999999992184, 31.00000000000000711 ) ) ;
#5520 = VERTEX_POINT ( 'NONE', #4045 ) ;
#5521 = VERTEX_POINT ( 'NONE', #850 ) ;
#5522 = PLANE ( 'NONE',  #3935 ) ;
#5523 = FACE_OUTER_BOUND ( 'NONE', #5041, .T. ) ;
#5524 = DIRECTION ( 'NONE',  ( -0.000000000000000000, 1.000000000000000000, -0.000000000000000000 ) ) ;
#5525 = DIRECTION ( 'NONE',  ( 0.000000000000000000, 0.000000000000000000, 1.000000000000000000 ) ) ;
#5526 = ORIENTED_EDGE ( 'NONE', *, *, #5918, .T. ) ;
#5527 = EDGE_CURVE ( 'NONE', #1521, #4748, #5574, .T. ) ;
#5528 = ORIENTED_EDGE ( 'NONE', *, *, #1206, .T. ) ;
#5529 = CARTESIAN_POINT ( 'NONE',  ( 58.39999999999991331, 7.400000000004199663, -1.736114733519672964E-31 ) ) ;
#5530 = DIRECTION ( 'NONE',  ( 1.734723475976793684E-15, 1.000000000000000000, -0.000000000000000000 ) ) ;
#5531 = DIRECTION ( 'NONE',  ( 0.000000000000000000, -0.000000000000000000, -1.000000000000000000 ) ) ;
#5532 = CARTESIAN_POINT ( 'NONE',  ( 68.86916669792952916, 15.39999999999990443, 1.938979399330512665 ) ) ;
#5533 = LINE ( 'NONE', #708, #5258 ) ;
#5534 = ORIENTED_EDGE ( 'NONE', *, *, #1373, .F. ) ;
#5535 = EDGE_CURVE ( 'NONE', #3856, #197, #6707, .T. ) ;
#5536 = ORIENTED_EDGE ( 'NONE', *, *, #254, .T. ) ;
#5537 = DIRECTION ( 'NONE',  ( 1.734723475976793684E-15, 1.000000000000000000, -0.000000000000000000 ) ) ;
#5538 = EDGE_CURVE ( 'NONE', #6725, #1415, #2973, .T. ) ;
#5539 = CARTESIAN_POINT ( 'NONE',  ( 71.24807098704434338, 14.39999999999990266, -3.691026817302394125 ) ) ;
#5540 = PERSON_AND_ORGANIZATION ( #3690, #4169 ) ;
#5541 = CARTESIAN_POINT ( 'NONE',  ( 72.21931008674080488, 15.39999999999990088, 0.8378872444132178243 ) ) ;
#5542 = DIRECTION ( 'NONE',  ( -1.000000000000000000, 0.000000000000000000, 0.000000000000000000 ) ) ;
#5543 = ORIENTED_EDGE ( 'NONE', *, *, #3534, .F. ) ;
#5544 = EDGE_CURVE ( 'NONE', #6400, #738, #6070, .T. ) ;
#5545 = DIRECTION ( 'NONE',  ( -0.000000000000000000, -0.000000000000000000, 1.000000000000000000 ) ) ;
#5546 = CARTESIAN_POINT ( 'NONE',  ( 50.35519130524024689, 8.399999999999932854, -8.000000000000003553 ) ) ;
#5547 = PLANE ( 'NONE',  #5611 ) ;
#5548 = EDGE_LOOP ( 'NONE', ( #3558, #6414, #3411, #6516 ) ) ;
#5549 = ORIENTED_EDGE ( 'NONE', *, *, #198, .F. ) ;
#5550 = CARTESIAN_POINT ( 'NONE',  ( 69.81767115146155334, 15.39999999999990443, -3.584622746710089292 ) ) ;
#5551 = PLANE ( 'NONE',  #3811 ) ;
#5552 = DIRECTION ( 'NONE',  ( 0.000000000000000000, 0.000000000000000000, -1.000000000000000000 ) ) ;
#5553 = ORIENTED_EDGE ( 'NONE', *, *, #4084, .F. ) ;
#5554 = CARTESIAN_POINT ( 'NONE',  ( 74.93022801735448013, 15.39999999999989377, 3.082727676609621437 ) ) ;
#5555 = ORIENTED_EDGE ( 'NONE', *, *, #1918, .F. ) ;
#5556 = FACE_OUTER_BOUND ( 'NONE', #4977, .T. ) ;
#5557 = CARTESIAN_POINT ( 'NONE',  ( 72.29348169741234642, 14.39999999999989910, -4.076839544473545907 ) ) ;
#5558 = CARTESIAN_POINT ( 'NONE',  ( 68.78076590293053982, 14.39999999999990621, 2.717623242324848309 ) ) ;
#5559 = LINE ( 'NONE', #1785, #5489 ) ;
#5560 = ORIENTED_EDGE ( 'NONE', *, *, #2391, .F. ) ;
#5561 = ORIENTED_EDGE ( 'NONE', *, *, #5095, .T. ) ;
#5562 = AXIS2_PLACEMENT_3D ( 'NONE', #3626, #3069, #304 ) ;
#5563 = CARTESIAN_POINT ( 'NONE',  ( 71.56539335739884677, 15.39999999999990266, 1.448074481133464264 ) ) ;
#5564 = CARTESIAN_POINT ( 'NONE',  ( 70.77790974816997505, 14.39999999999990621, -4.231479515289912285 ) ) ;
#5565 = EDGE_CURVE ( 'NONE', #3343, #2916, #3722, .T. ) ;
#5566 = DATE_AND_TIME ( #907, #5170 ) ;
#5567 = CARTESIAN_POINT ( 'NONE',  ( 73.01977361456930282, 15.39999999999989555, 0.5648011629487635910 ) ) ;
#5568 = VECTOR ( 'NONE', #1567, 1000.000000000000000 ) ;
#5569 = EDGE_CURVE ( 'NONE', #2837, #1640, #880, .T. ) ;
#5570 = DIRECTION ( 'NONE',  ( 0.000000000000000000, 0.4999999999999955036, -0.8660254037844412611 ) ) ;
#5571 = ORIENTED_EDGE ( 'NONE', *, *, #2129, .F. ) ;
#5572 = CARTESIAN_POINT ( 'NONE',  ( 69.80103792016011255, 14.39999999999990621, 3.351908679353362785 ) ) ;
#5573 = CIRCLE ( 'NONE', #4677, 17.23407248217877452 ) ;
#5574 = LINE ( 'NONE', #5053, #1938 ) ;
#5575 = EDGE_CURVE ( 'NONE', #6266, #4362, #1335, .T. ) ;
#5576 = CARTESIAN_POINT ( 'NONE',  ( 46.50000000000000000, 5.800000000000006040, 12.00000000000000533 ) ) ;
#5577 = ADVANCED_FACE ( 'NONE', ( #6623 ), #2162, .T. ) ;
#5578 = EDGE_CURVE ( 'NONE', #6538, #3363, #1833, .T. ) ;
#5579 = AXIS2_PLACEMENT_3D ( 'NONE', #6661, #4024, #6213 ) ;
#5580 = ORIENTED_EDGE ( 'NONE', *, *, #1215, .T. ) ;
#5581 = VECTOR ( 'NONE', #6714, 1000.000000000000000 ) ;
#5582 = ORIENTED_EDGE ( 'NONE', *, *, #5967, .F. ) ;
#5583 = CARTESIAN_POINT ( 'NONE',  ( 70.50107102678829563, 15.39999999999989910, 1.983784647230858011 ) ) ;
#5584 = FACE_BOUND ( 'NONE', #1835, .T. ) ;
#5585 = CARTESIAN_POINT ( 'NONE',  ( 71.06725975270178708, 14.39999999999990266, 2.280313307176581983 ) ) ;
#5586 = AXIS2_PLACEMENT_3D ( 'NONE', #6717, #5610, #4043 ) ;
#5587 = VECTOR ( 'NONE', #1912, 1000.000000000000114 ) ;
#5588 = ORIENTED_EDGE ( 'NONE', *, *, #3656, .F. ) ;
#5589 = CARTESIAN_POINT ( 'NONE',  ( 50.35519130524024689, 8.399999999999932854, 8.000000000000003553 ) ) ;
#5590 = VECTOR ( 'NONE', #5552, 1000.000000000000000 ) ;
#5591 = AXIS2_PLACEMENT_3D ( 'NONE', #4650, #2503, #6846 ) ;
#5592 = PLANE ( 'NONE',  #3123 ) ;
#5593 = FACE_OUTER_BOUND ( 'NONE', #2510, .T. ) ;
#5594 = AXIS2_PLACEMENT_3D ( 'NONE', #5912, #604, #2723 ) ;
#5595 = CARTESIAN_POINT ( 'NONE',  ( 72.04485760191755617, 15.39999999999990443, -4.421369621794197791 ) ) ;
#5596 = DIRECTION ( 'NONE',  ( -0.000000000000000000, 1.000000000000000000, -0.000000000000000000 ) ) ;
#5597 = LINE ( 'NONE', #6506, #6371 ) ;
#5598 = VERTEX_POINT ( 'NONE', #788 ) ;
#5599 = VERTEX_POINT ( 'NONE', #5546 ) ;
#5600 = CARTESIAN_POINT ( 'NONE',  ( 21.75622670975752726, 5.400000000004187228, -2.799999999999999378 ) ) ;
#5601 = VECTOR ( 'NONE', #1765, 1000.000000000000000 ) ;
#5602 = CARTESIAN_POINT ( 'NONE',  ( 71.43832769817166195, 15.39999999999989910, 1.284274113726118438 ) ) ;
#5603 = CARTESIAN_POINT ( 'NONE',  ( 71.13311660009793513, 15.39999999999990443, -3.973706771848438901 ) ) ;
#5604 = COORDINATED_UNIVERSAL_TIME_OFFSET ( 1, 0, .AHEAD. ) ;
#5605 = VECTOR ( 'NONE', #4657, 1000.000000000000000 ) ;
#5606 = CARTESIAN_POINT ( 'NONE',  ( 79.59999999999999432, 8.600000000000001421, 23.82005025157352662 ) ) ;
#5607 = LINE ( 'NONE', #4073, #4356 ) ;
#5608 = ORIENTED_EDGE ( 'NONE', *, *, #4895, .F. ) ;
#5609 = EDGE_CURVE ( 'NONE', #4867, #1093, #2904, .T. ) ;
#5610 = DIRECTION ( 'NONE',  ( -4.003208021484938538E-16, 1.000000000000000000, 5.787049111740484599E-32 ) ) ;
#5611 = AXIS2_PLACEMENT_3D ( 'NONE', #6624, #6099, #6129 ) ;
#5612 = CARTESIAN_POINT ( 'NONE',  ( 71.30120107862120449, 14.39999999999990266, -1.651374106775552963 ) ) ;
#5613 = CARTESIAN_POINT ( 'NONE',  ( 70.74019700625265727, 14.39999999999990621, 0.8492061656750224952 ) ) ;
#5614 = CARTESIAN_POINT ( 'NONE',  ( 71.95394367891606180, 14.39999999999990266, 1.079758042198965207 ) ) ;
#5615 = CIRCLE ( 'NONE', #4178, 22.12329089443976216 ) ;
#5616 = ORIENTED_EDGE ( 'NONE', *, *, #1110, .F. ) ;
#5617 = ORIENTED_EDGE ( 'NONE', *, *, #4094, .F. ) ;
#5618 = CARTESIAN_POINT ( 'NONE',  ( 69.95179117655244738, 14.39999999999990621, 2.242336479671199534 ) ) ;
#5619 = EDGE_CURVE ( 'NONE', #6194, #48, #3454, .T. ) ;
#5620 = PLANE ( 'NONE',  #1596 ) ;
#5621 = LINE ( 'NONE', #5088, #2375 ) ;
#5622 = EDGE_CURVE ( 'NONE', #557, #2641, #2100, .T. ) ;
#5623 = VERTEX_POINT ( 'NONE', #3106 ) ;
#5624 = ORIENTED_EDGE ( 'NONE', *, *, #2983, .F. ) ;
#5625 = LINE ( 'NONE', #2455, #3812 ) ;
#5626 = CARTESIAN_POINT ( 'NONE',  ( 69.79972246283595894, 15.39999999999990443, 3.760616660483311779 ) ) ;
#5627 = EDGE_CURVE ( 'NONE', #2773, #413, #5677, .T. ) ;
#5628 = CARTESIAN_POINT ( 'NONE',  ( 63.59999999999998721, 15.79999999999999893, 31.00000000000000711 ) ) ;
#5629 = B_SPLINE_CURVE_WITH_KNOTS ( 'NONE', 3,
 ( #2894, #5007, #6614, #3978, #6089, #1327, #3446, #4330, #1531, #427, #1499 ),
 .UNSPECIFIED., .F., .F.,
 ( 4, 1, 1, 1, 1, 1, 1, 1, 4 ),
 ( 0.000000000000000000, 0.1880967190294530744, 0.3569941987500764857, 0.5094184663947273206, 0.6427096217809070700, 0.7595411148310126093, 0.8572633171250551021, 0.9374733689975449646, 1.000000000000000000 ),
 .UNSPECIFIED. ) ;
#5630 = CARTESIAN_POINT ( 'NONE',  ( 73.54490589875719309, 14.39999999999989555, -5.074526840300738861 ) ) ;
#5631 = CARTESIAN_POINT ( 'NONE',  ( 71.67475217686498468, 15.39999999999989910, 1.591322282978925307 ) ) ;
#5632 = DIRECTION ( 'NONE',  ( 1.106648529293458520E-16, -0.8660254037844412611, -0.4999999999999955036 ) ) ;
#5633 = EDGE_LOOP ( 'NONE', ( #3477, #1889, #2156, #2844 ) ) ;
#5634 = EDGE_LOOP ( 'NONE', ( #3759, #3840, #3590, #1652 ) ) ;
#5635 = DIRECTION ( 'NONE',  ( 0.000000000000000000, 0.000000000000000000, 1.000000000000000000 ) ) ;
#5636 = LINE ( 'NONE', #5104, #5705 ) ;
#5637 = CARTESIAN_POINT ( 'NONE',  ( 70.57688242418453228, 15.39999999999990443, -4.257366862846060585 ) ) ;
#5638 = DATE_TIME_ROLE ( 'creation_date' ) ;
#5639 = CARTESIAN_POINT ( 'NONE',  ( 68.92490853188343181, 14.39999999999990621, 1.771010238664788794 ) ) ;
#5640 = FACE_OUTER_BOUND ( 'NONE', #989, .T. ) ;
#5641 = CARTESIAN_POINT ( 'NONE',  ( 74.93635983262761613, 15.39999999999989555, -5.918734383217860717 ) ) ;
#5642 = EDGE_LOOP ( 'NONE', ( #5352, #455, #3897, #1537 ) ) ;
#5643 = EDGE_CURVE ( 'NONE', #1809, #5317, #4628, .T. ) ;
#5644 = CARTESIAN_POINT ( 'NONE',  ( 69.80414911315678239, 14.39999999999990621, 3.026320984087627508 ) ) ;
#5645 = CARTESIAN_POINT ( 'NONE',  ( 71.22086164079829018, 14.39999999999990266, 3.314865646689998613 ) ) ;
#5646 = DIRECTION ( 'NONE',  ( 1.224646799147349509E-16, 0.000000000000000000, -1.000000000000000000 ) ) ;
#5647 = FACE_OUTER_BOUND ( 'NONE', #5993, .T. ) ;
#5648 = ORIENTED_EDGE ( 'NONE', *, *, #3534, .T. ) ;
#5649 = EDGE_LOOP ( 'NONE', ( #2118, #1409 ) ) ;
#5650 = CARTESIAN_POINT ( 'NONE',  ( 69.81767115146155334, 15.39999999999990443, -3.584622746710089292 ) ) ;
#5651 = LINE ( 'NONE', #1440, #5919 ) ;
#5652 = CARTESIAN_POINT ( 'NONE',  ( -17.23407248217877452, 15.23111111111103888, 0.000000000000000000 ) ) ;
#5653 = CARTESIAN_POINT ( 'NONE',  ( 71.21388883495193056, 14.39999999999990621, 2.930835848699255397 ) ) ;
#5654 = ADVANCED_FACE ( 'NONE', ( #1057 ), #4699, .F. ) ;
#5655 = EDGE_LOOP ( 'NONE', ( #6280, #3904, #2483, #3513 ) ) ;
#5656 = EDGE_CURVE ( 'NONE', #2418, #2327, #4864, .T. ) ;
#5657 = ADVANCED_FACE ( 'NONE', ( #1015 ), #407, .T. ) ;
#5658 = EDGE_LOOP ( 'NONE', ( #5616, #3319, #1227, #2209 ) ) ;
#5659 = DIRECTION ( 'NONE',  ( 1.000000000000000000, 0.000000000000000000, 0.000000000000000000 ) ) ;
#5660 = ORIENTED_EDGE ( 'NONE', *, *, #1664, .F. ) ;
#5661 = CARTESIAN_POINT ( 'NONE',  ( 70.48007996061365077, 14.39999999999990621, -5.444583241390937189 ) ) ;
#5662 = CARTESIAN_POINT ( 'NONE',  ( 72.55732859533372903, 14.39999999999989910, -4.385928495428181861 ) ) ;
#5663 = CARTESIAN_POINT ( 'NONE',  ( 72.42586837965859559, 15.39999999999990266, 0.7167370884807734432 ) ) ;
#5664 = CARTESIAN_POINT ( 'NONE',  ( 58.39999999999991331, 0.3999999999999500622, -5.787049111740471462E-31 ) ) ;
#5665 = ORIENTED_EDGE ( 'NONE', *, *, #4331, .T. ) ;
#5666 = ORIENTED_EDGE ( 'NONE', *, *, #3433, .T. ) ;
#5667 = LINE ( 'NONE', #2014, #2711 ) ;
#5668 = DIRECTION ( 'NONE',  ( 0.000000000000000000, 0.000000000000000000, -1.000000000000000000 ) ) ;
#5669 = CARTESIAN_POINT ( 'NONE',  ( 73.21934346327645926, 14.39999999999989910, 0.5638517923039049196 ) ) ;
#5670 = CALENDAR_DATE ( 2024, 27, 5 ) ;
#5671 = CARTESIAN_POINT ( 'NONE',  ( 17.39552195564070303, -4.100000000000072475, 9.000000000000005329 ) ) ;
#5672 = LINE ( 'NONE', #1430, #5581 ) ;
#5673 = CARTESIAN_POINT ( 'NONE',  ( 63.59999999999998721, 3.000000000000000888, 23.82005025157352662 ) ) ;
#5674 = ORIENTED_EDGE ( 'NONE', *, *, #70, .T. ) ;
#5675 = CARTESIAN_POINT ( 'NONE',  ( 70.97949671067055988, 14.39999999999990621, -4.130976069945734963 ) ) ;
#5676 = ADVANCED_FACE ( 'NONE', ( #3139 ), #18, .T. ) ;
#5677 = LINE ( 'NONE', #510, #2166 ) ;
#5678 = LINE ( 'NONE', #3042, #1734 ) ;
#5679 = DIRECTION ( 'NONE',  ( 1.224646799147357891E-16, 0.000000000000000000, -1.000000000000000000 ) ) ;
#5680 = ORIENTED_EDGE ( 'NONE', *, *, #5781, .T. ) ;
#5681 = ORIENTED_EDGE ( 'NONE', *, *, #6331, .T. ) ;
#5682 = CARTESIAN_POINT ( 'NONE',  ( 70.50107102678829563, 14.39999999999990266, 1.983784647230858011 ) ) ;
#5683 = AXIS2_PLACEMENT_3D ( 'NONE', #4762, #502, #2092 ) ;
#5684 = CARTESIAN_POINT ( 'NONE',  ( 0.000000000000000000, 0.000000000000000000, -9.000000000000005329 ) ) ;
#5685 = CARTESIAN_POINT ( 'NONE',  ( 0.000000000000000000, 14.89999999999992752, 0.000000000000000000 ) ) ;
#5686 = CARTESIAN_POINT ( 'NONE',  ( 71.21773614853290724, 15.39999999999990266, 3.040723011660164232 ) ) ;
#5687 = VECTOR ( 'NONE', #5733, 1000.000000000000000 ) ;
#5688 = ORIENTED_EDGE ( 'NONE', *, *, #4525, .T. ) ;
#5689 = ORIENTED_EDGE ( 'NONE', *, *, #4373, .F. ) ;
#5690 = CARTESIAN_POINT ( 'NONE',  ( 0.000000000000000000, -4.100000000000072475, 0.000000000000000000 ) ) ;
#5691 = CARTESIAN_POINT ( 'NONE',  ( 21.75622670975752726, 7.400000000004187228, -2.799999999999999822 ) ) ;
#5692 = DIRECTION ( 'NONE',  ( 1.734723475976793487E-15, 1.000000000000000000, -0.000000000000000000 ) ) ;
#5693 = VECTOR ( 'NONE', #4593, 1000.000000000000000 ) ;
#5694 = VECTOR ( 'NONE', #461, 1000.000000000000000 ) ;
#5695 = EDGE_CURVE ( 'NONE', #778, #1603, #6330, .T. ) ;
#5696 = CIRCLE ( 'NONE', #6471, 10.75918212505004767 ) ;
#5697 = CARTESIAN_POINT ( 'NONE',  ( 71.90415086155209679, 15.39999999999990088, -4.712653435013558934 ) ) ;
#5698 = VECTOR ( 'NONE', #6038, 1000.000000000000000 ) ;
#5699 = CARTESIAN_POINT ( 'NONE',  ( 73.10600225439250721, 14.39999999999990266, 0.5624973640885084780 ) ) ;
#5700 = DIRECTION ( 'NONE',  ( 0.000000000000000000, 8.673617379884027583E-16, -1.000000000000000000 ) ) ;
#5701 = VERTEX_POINT ( 'NONE', #3700 ) ;
#5702 = EDGE_LOOP ( 'NONE', ( #1787, #996, #5830, #4197, #5785, #3265 ) ) ;
#5703 = ADVANCED_FACE ( 'NONE', ( #5817 ), #4834, .T. ) ;
#5704 = DIRECTION ( 'NONE',  ( 0.000000000000000000, 0.000000000000000000, 1.000000000000000000 ) ) ;
#5705 = VECTOR ( 'NONE', #1856, 1000.000000000000000 ) ;
#5706 = VECTOR ( 'NONE', #5073, 1000.000000000000000 ) ;
#5707 = EDGE_CURVE ( 'NONE', #6288, #4443, #4109, .T. ) ;
#5708 = EDGE_CURVE ( 'NONE', #3638, #5888, #954, .T. ) ;
#5709 = DIRECTION ( 'NONE',  ( -0.000000000000000000, 1.000000000000000000, -0.000000000000000000 ) ) ;
#5710 = CARTESIAN_POINT ( 'NONE',  ( 17.40312539508795808, -4.016405086770659771, 9.000000000000007105 ) ) ;
#5711 = CARTESIAN_POINT ( 'NONE',  ( 72.72281706108950061, 14.39999999999989555, 1.823428988199863321 ) ) ;
#5712 = VECTOR ( 'NONE', #4734, 1000.000000000000000 ) ;
#5713 = LINE ( 'NONE', #6715, #4151 ) ;
#5714 = ORIENTED_EDGE ( 'NONE', *, *, #3457, .T. ) ;
#5715 = CARTESIAN_POINT ( 'NONE',  ( 71.30104318234660354, 14.39999999999990621, -2.679528317508001578 ) ) ;
#5716 = VECTOR ( 'NONE', #1949, 1000.000000000000114 ) ;
#5717 = CARTESIAN_POINT ( 'NONE',  ( 69.79972246283595894, 15.39999999999990443, 4.512590736974447125 ) ) ;
#5718 = DIRECTION ( 'NONE',  ( 1.000000000000000000, 0.000000000000000000, 0.000000000000000000 ) ) ;
#5719 = CARTESIAN_POINT ( 'NONE',  ( 17.95661438022211698, -4.600000000000023626, -9.000000000000005329 ) ) ;
#5720 = EDGE_LOOP ( 'NONE', ( #551, #2992, #391, #2527 ) ) ;
#5721 = ORIENTED_EDGE ( 'NONE', *, *, #486, .T. ) ;
#5722 = CARTESIAN_POINT ( 'NONE',  ( 69.80467683944017665, 15.39999999999990976, -3.280442195151782148 ) ) ;
#5723 = TOROIDAL_SURFACE ( 'NONE', #4161, 20.08581589082205454, 0.4999999999999993339 ) ;
#5724 = FACE_OUTER_BOUND ( 'NONE', #2619, .T. ) ;
#5725 = DIRECTION ( 'NONE',  ( -0.000000000000000000, 1.000000000000000000, -0.000000000000000000 ) ) ;
#5726 = VECTOR ( 'NONE', #213, 1000.000000000000000 ) ;
#5727 = LINE ( 'NONE', #2821, #4499 ) ;
#5728 = ORIENTED_EDGE ( 'NONE', *, *, #4408, .F. ) ;
#5729 = VERTEX_POINT ( 'NONE', #6779 ) ;
#5730 = CARTESIAN_POINT ( 'NONE',  ( 72.63556894713272527, 14.39999999999989555, -2.956086130644592913 ) ) ;
#5731 = DIRECTION ( 'NONE',  ( 1.277847652571759103E-16, -1.000000000000000000, -2.168404344971008868E-16 ) ) ;
#5732 = CARTESIAN_POINT ( 'NONE',  ( 60.09999999999990195, 10.39999999999994174, 1.046452292118435764E-45 ) ) ;
#5733 = DIRECTION ( 'NONE',  ( -0.8473674540382942766, 1.050718911540115274E-15, 0.5310069659021992017 ) ) ;
#5734 = CARTESIAN_POINT ( 'NONE',  ( 72.53549029821563465, 14.39999999999989555, 0.6685723136766396069 ) ) ;
#5735 = CARTESIAN_POINT ( 'NONE',  ( 71.66051874078694084, 14.39999999999990266, 1.633110365254696328 ) ) ;
#5736 = ORIENTED_EDGE ( 'NONE', *, *, #6007, .T. ) ;
#5737 = ORIENTED_EDGE ( 'NONE', *, *, #2558, .F. ) ;
#5738 = CARTESIAN_POINT ( 'NONE',  ( 79.59999999999999432, 3.000000000000001776, 25.82005025157353018 ) ) ;
#5739 = DIRECTION ( 'NONE',  ( 0.000000000000000000, 0.000000000000000000, -1.000000000000000000 ) ) ;
#5740 = DIRECTION ( 'NONE',  ( 1.734723475976793684E-15, 1.000000000000000000, -0.000000000000000000 ) ) ;
#5741 = CARTESIAN_POINT ( 'NONE',  ( 16.85941873256619061, -4.569632979688982743, -10.53057118939680592 ) ) ;
#5742 = EDGE_CURVE ( 'NONE', #4371, #2565, #2026, .T. ) ;
#5743 = CARTESIAN_POINT ( 'NONE',  ( 72.38490603527351652, 14.39999999999990266, 2.172600754642243004 ) ) ;
#5744 = CARTESIAN_POINT ( 'NONE',  ( 12.03024221912848013, 15.38714541232066679, 12.00000000000000711 ) ) ;
#5745 = ORIENTED_EDGE ( 'NONE', *, *, #6541, .T. ) ;
#5746 = CC_DESIGN_PERSON_AND_ORGANIZATION_ASSIGNMENT ( #5076, #4981, ( #4397 ) ) ;
#5747 = EDGE_CURVE ( 'NONE', #2916, #3199, #3634, .T. ) ;
#5748 = CARTESIAN_POINT ( 'NONE',  ( 25.25622670975753081, 5.400000000004188117, -2.893524555867776890E-31 ) ) ;
#5749 = CARTESIAN_POINT ( 'NONE',  ( 58.39999999999990621, 15.39999999999993285, 2.081899558550501759E-16 ) ) ;
#5750 = CYLINDRICAL_SURFACE ( 'NONE', #2735, 1.700000000000000178 ) ;
#5751 = ADVANCED_FACE ( 'NONE', ( #4316 ), #3845, .F. ) ;
#5752 = CARTESIAN_POINT ( 'NONE',  ( 62.81132486540516879, 15.39999999999999325, -6.880426844130941966 ) ) ;
#5753 = ORIENTED_EDGE ( 'NONE', *, *, #6763, .F. ) ;
#5754 = VERTEX_POINT ( 'NONE', #3315 ) ;
#5755 = CARTESIAN_POINT ( 'NONE',  ( 68.77239498887763602, 14.39999999999990621, 3.214848939942946959 ) ) ;
#5756 = CARTESIAN_POINT ( 'NONE',  ( 72.87402738274066394, 15.39999999999989910, -4.651859279291792326 ) ) ;
#5757 = CARTESIAN_POINT ( 'NONE',  ( 73.24953848326200045, 14.39999999999990266, 1.751948033636314239 ) ) ;
#5758 = CARTESIAN_POINT ( 'NONE',  ( 73.84159378609817281, 15.39999999999989733, 2.266519097188655962 ) ) ;
#5759 = ORIENTED_EDGE ( 'NONE', *, *, #6489, .F. ) ;
#5760 = ORIENTED_EDGE ( 'NONE', *, *, #3380, .F. ) ;
#5761 = SPHERICAL_SURFACE ( 'NONE', #6034, 23.00000000000004263 ) ;
#5762 = LINE ( 'NONE', #6417, #1242 ) ;
#5763 = DIRECTION ( 'NONE',  ( 0.7071067811865490160, 1.226634733346700691E-15, -0.7071067811865460184 ) ) ;
#5764 = EDGE_CURVE ( 'NONE', #738, #2845, #2685, .T. ) ;
#5765 = CARTESIAN_POINT ( 'NONE',  ( 71.67475217686498468, 14.39999999999990266, 1.591322282978925307 ) ) ;
#5766 = ORIENTED_EDGE ( 'NONE', *, *, #1875, .F. ) ;
#5767 = CARTESIAN_POINT ( 'NONE',  ( 41.50000000000000711, 5.800000000000006928, -9.000000000000005329 ) ) ;
#5768 = VERTEX_POINT ( 'NONE', #1162 ) ;
#5769 = ORIENTED_EDGE ( 'NONE', *, *, #6176, .T. ) ;
#5770 = PLANE ( 'NONE',  #1372 ) ;
#5771 = LINE ( 'NONE', #6450, #3481 ) ;
#5772 = CARTESIAN_POINT ( 'NONE',  ( 57.09999999999994458, 15.39999999999992752, 9.000000000000005329 ) ) ;
#5773 = CARTESIAN_POINT ( 'NONE',  ( 70.24267913164904087, 14.39999999999990976, 2.021438765358591905 ) ) ;
#5774 = DIRECTION ( 'NONE',  ( 0.000000000000000000, 1.000000000000000000, 3.858032741160322701E-32 ) ) ;
#5775 = DIRECTION ( 'NONE',  ( 0.000000000000000000, 0.000000000000000000, 1.000000000000000000 ) ) ;
#5776 = ORIENTED_EDGE ( 'NONE', *, *, #527, .T. ) ;
#5777 = PLANE ( 'NONE',  #3816 ) ;
#5778 = EDGE_CURVE ( 'NONE', #259, #2012, #2762, .T. ) ;
#5779 = DIRECTION ( 'NONE',  ( -1.000000000000000000, 0.000000000000000000, 0.000000000000000000 ) ) ;
#5780 = ADVANCED_FACE ( 'NONE', ( #6511 ), #4349, .T. ) ;
#5781 = EDGE_CURVE ( 'NONE', #6123, #6507, #734, .T. ) ;
#5782 = CARTESIAN_POINT ( 'NONE',  ( 63.59999999999998721, -4.600000000000048495, 37.97994974842648475 ) ) ;
#5783 = CARTESIAN_POINT ( 'NONE',  ( 72.32883307172075149, 14.39999999999990266, -1.986855367727767607 ) ) ;
#5784 = DIRECTION ( 'NONE',  ( 1.000000000000000000, 2.679539080328073366E-16, -1.339769540164036683E-16 ) ) ;
#5785 = ORIENTED_EDGE ( 'NONE', *, *, #5165, .T. ) ;
#5786 = ORIENTED_EDGE ( 'NONE', *, *, #2491, .T. ) ;
#5787 = CARTESIAN_POINT ( 'NONE',  ( 2.087624244394791647E-15, 15.39999999999992575, -16.85941873256619772 ) ) ;
#5788 = CARTESIAN_POINT ( 'NONE',  ( 73.71640845730209435, 15.39999999999989910, -5.171699381120754779 ) ) ;
#5789 = DIRECTION ( 'NONE',  ( 1.000000000000000000, 0.000000000000000000, 0.000000000000000000 ) ) ;
#5790 = VECTOR ( 'NONE', #5445, 1000.000000000000000 ) ;
#5791 = EDGE_CURVE ( 'NONE', #5102, #3007, #2832, .T. ) ;
#5792 = ADVANCED_FACE ( 'NONE', ( #203 ), #6403, .T. ) ;
#5793 = FACE_OUTER_BOUND ( 'NONE', #2791, .T. ) ;
#5794 = ORIENTED_EDGE ( 'NONE', *, *, #3116, .F. ) ;
#5795 = VERTEX_POINT ( 'NONE', #3805 ) ;
#5796 = DIRECTION ( 'NONE',  ( -0.000000000000000000, -0.000000000000000000, 1.000000000000000000 ) ) ;
#5797 = CARTESIAN_POINT ( 'NONE',  ( 73.71631065281783890, 14.39999999999989555, 2.025425853977264268 ) ) ;
#5798 = DIRECTION ( 'NONE',  ( 0.000000000000000000, 0.000000000000000000, 1.000000000000000000 ) ) ;
#5799 = CIRCLE ( 'NONE', #4126, 0.4999999999999970024 ) ;
#5800 = CARTESIAN_POINT ( 'NONE',  ( 0.000000000000000000, 15.23111111111103888, 0.000000000000000000 ) ) ;
#5801 = ORIENTED_EDGE ( 'NONE', *, *, #527, .F. ) ;
#5802 = DIRECTION ( 'NONE',  ( 0.000000000000000000, 0.000000000000000000, 1.000000000000000000 ) ) ;
#5803 = VECTOR ( 'NONE', #4826, 1000.000000000000000 ) ;
#5804 = ORIENTED_EDGE ( 'NONE', *, *, #4258, .T. ) ;
#5805 = CIRCLE ( 'NONE', #6585, 19.34396676314882413 ) ;
#5806 = EDGE_LOOP ( 'NONE', ( #161, #4821, #3916, #3354, #3431, #4832 ) ) ;
#5807 = CARTESIAN_POINT ( 'NONE',  ( 17.39552195564063197, -4.100000000000072475, -9.000000000000005329 ) ) ;
#5808 = CIRCLE ( 'NONE', #488, 3.250000000000002665 ) ;
#5809 = CARTESIAN_POINT ( 'NONE',  ( 68.77239498887763602, 14.39999999999990621, 5.697968591541755501 ) ) ;
#5810 = AXIS2_PLACEMENT_3D ( 'NONE', #2281, #1763, #3514 ) ;
#5811 = CARTESIAN_POINT ( 'NONE',  ( 72.32852855257954161, 15.39999999999990088, -1.916849355454689485 ) ) ;
#5812 = CARTESIAN_POINT ( 'NONE',  ( 69.41961731417289627, 14.39999999999990621, -5.111920389810126863 ) ) ;
#5813 = FACE_BOUND ( 'NONE', #417, .T. ) ;
#5814 = ORIENTED_EDGE ( 'NONE', *, *, #444, .F. ) ;
#5815 = AXIS2_PLACEMENT_3D ( 'NONE', #6013, #739, #4999 ) ;
#5816 = CARTESIAN_POINT ( 'NONE',  ( 69.81947876041206769, 15.39999999999990443, -3.601073723819072647 ) ) ;
#5817 = FACE_OUTER_BOUND ( 'NONE', #2977, .T. ) ;
#5818 = CARTESIAN_POINT ( 'NONE',  ( 71.59999999999999432, 5.799999999999999822, 37.97994974842648475 ) ) ;
#5819 = VECTOR ( 'NONE', #3872, 1000.000000000000000 ) ;
#5820 = CARTESIAN_POINT ( 'NONE',  ( 69.82071352901058958, 14.39999999999990621, 2.641916310235415288 ) ) ;
#5821 = DIRECTION ( 'NONE',  ( -0.7071067811865493491, 0.7071067811865456854, 0.000000000000000000 ) ) ;
#5822 = ORIENTED_EDGE ( 'NONE', *, *, #4395, .F. ) ;
#5823 = EDGE_CURVE ( 'NONE', #1547, #5901, #609, .T. ) ;
#5824 = FACE_OUTER_BOUND ( 'NONE', #1483, .T. ) ;
#5825 = DIRECTION ( 'NONE',  ( 1.927470528863117076E-16, 0.000000000000000000, 1.000000000000000000 ) ) ;
#5826 = AXIS2_PLACEMENT_3D ( 'NONE', #1668, #6843, #5802 ) ;
#5827 = DIRECTION ( 'NONE',  ( -1.734723475976811532E-16, -1.000000000000000000, 0.000000000000000000 ) ) ;
#5828 = DIRECTION ( 'NONE',  ( 0.000000000000000000, -1.000000000000000000, 0.000000000000000000 ) ) ;
#5829 = AXIS2_PLACEMENT_3D ( 'NONE', #1461, #2506, #4731 ) ;
#5830 = ORIENTED_EDGE ( 'NONE', *, *, #6083, .T. ) ;
#5831 = EDGE_CURVE ( 'NONE', #5841, #2126, #1944, .T. ) ;
#5832 = ORIENTED_EDGE ( 'NONE', *, *, #144, .T. ) ;
#5833 = FACE_BOUND ( 'NONE', #5649, .T. ) ;
#5834 = CC_DESIGN_PERSON_AND_ORGANIZATION_ASSIGNMENT ( #6711, #4585, ( #4397 ) ) ;
#5835 = DIRECTION ( 'NONE',  ( -1.000000000000000000, -2.679539080328072873E-16, 1.786359386885381915E-16 ) ) ;
#5836 = ADVANCED_FACE ( 'NONE', ( #166 ), #2275, .F. ) ;
#5837 = DIRECTION ( 'NONE',  ( 0.8571673007021105573, 0.000000000000000000, 0.5150380749100571531 ) ) ;
#5838 = AXIS2_PLACEMENT_3D ( 'NONE', #6428, #5981, #5456 ) ;
#5839 = CARTESIAN_POINT ( 'NONE',  ( 21.75622670975752726, 7.400000000004187228, 2.799999999999999822 ) ) ;
#5840 = ADVANCED_FACE ( 'NONE', ( #5989 ), #1229, .T. ) ;
#5841 = VERTEX_POINT ( 'NONE', #1679 ) ;
#5842 = CIRCLE ( 'NONE', #2851, 16.85941873256619772 ) ;
#5843 = CARTESIAN_POINT ( 'NONE',  ( 72.32852855257954161, 14.39999999999990266, -1.651374106775552963 ) ) ;
#5844 = ORIENTED_EDGE ( 'NONE', *, *, #3158, .F. ) ;
#5845 = VERTEX_POINT ( 'NONE', #2308 ) ;
#5846 = PLANE ( 'NONE',  #6260 ) ;
#5847 = LINE ( 'NONE', #1709, #5509 ) ;
#5848 = CARTESIAN_POINT ( 'NONE',  ( 21.75622670975752726, 7.400000000004187228, 2.799999999999999822 ) ) ;
#5849 = EDGE_LOOP ( 'NONE', ( #3219, #4790, #4353, #3849 ) ) ;
#5850 = CARTESIAN_POINT ( 'NONE',  ( 69.32619281100085118, 14.39999999999990621, -5.037393581928993669 ) ) ;
#5851 = CARTESIAN_POINT ( 'NONE',  ( 72.24950336227506398, 14.39999999999990266, 4.512590736974447125 ) ) ;
#5852 = VERTEX_POINT ( 'NONE', #5399 ) ;
#5853 = CARTESIAN_POINT ( 'NONE',  ( 72.17541724636460287, 14.39999999999990266, -3.898652956059407426 ) ) ;
#5854 = CARTESIAN_POINT ( 'NONE',  ( 71.30120107862120449, 15.39999999999990088, -2.605850233421937112 ) ) ;
#5855 = CARTESIAN_POINT ( 'NONE',  ( 63.59999999999998721, -0.8462231597294112007, 28.82005025157353018 ) ) ;
#5856 = CARTESIAN_POINT ( 'NONE',  ( 19.14102189908466300, -4.317166937198852139, -12.00000000000000533 ) ) ;
#5857 = CARTESIAN_POINT ( 'NONE',  ( 68.81104328431366923, 15.39999999999990443, -3.890066822795889223 ) ) ;
#5858 = ORIENTED_EDGE ( 'NONE', *, *, #4262, .T. ) ;
#5859 = FACE_BOUND ( 'NONE', #1345, .T. ) ;
#5860 = CARTESIAN_POINT ( 'NONE',  ( 72.21534251241888569, 15.39999999999990088, -3.958909425187983722 ) ) ;
#5861 = CARTESIAN_POINT ( 'NONE',  ( 71.59999999999999432, 5.799999999999999822, 34.57994974842648617 ) ) ;
#5862 = DIRECTION ( 'NONE',  ( 1.000000000000000000, 0.000000000000000000, -1.786359386885381915E-16 ) ) ;
#5863 = VERTEX_POINT ( 'NONE', #1648 ) ;
#5864 = VERTEX_POINT ( 'NONE', #3771 ) ;
#5865 = LINE ( 'NONE', #4823, #1144 ) ;
#5866 = DIRECTION ( 'NONE',  ( -1.000000000000000000, -0.000000000000000000, -0.000000000000000000 ) ) ;
#5867 = FACE_OUTER_BOUND ( 'NONE', #4307, .T. ) ;
#5868 = ADVANCED_FACE ( 'NONE', ( #6542 ), #1959, .T. ) ;
#5869 = EDGE_CURVE ( 'NONE', #5599, #2837, #4455, .T. ) ;
#5870 = ADVANCED_FACE ( 'NONE', ( #2967, #4980 ), #1396, .F. ) ;
#5871 = CARTESIAN_POINT ( 'NONE',  ( 79.59999999999999432, 16.20000000000005613, 27.02005025157353302 ) ) ;
#5872 = VERTEX_POINT ( 'NONE', #2996 ) ;
#5873 = DIRECTION ( 'NONE',  ( -1.000000000000000000, -1.277847652571759596E-16, 0.000000000000000000 ) ) ;
#5874 = ORIENTED_EDGE ( 'NONE', *, *, #6422, .F. ) ;
#5875 = VERTEX_POINT ( 'NONE', #234 ) ;
#5876 = DIRECTION ( 'NONE',  ( 1.000000000000000000, 1.734723475976805517E-15, -1.786359386885381915E-16 ) ) ;
#5877 = CARTESIAN_POINT ( 'NONE',  ( 71.22217588831672686, 15.39999999999990621, 3.654426561011657082 ) ) ;
#5878 = CARTESIAN_POINT ( 'NONE',  ( 70.48007996061365077, 14.39999999999990621, -5.444583241390937189 ) ) ;
#5879 = DIRECTION ( 'NONE',  ( -0.000000000000000000, 1.000000000000000000, -0.000000000000000000 ) ) ;
#5880 = CARTESIAN_POINT ( 'NONE',  ( 19.00676006945201024, -4.554816942825949511, 11.73741131562747242 ) ) ;
#5881 = EDGE_LOOP ( 'NONE', ( #3579, #4692, #6073, #4568 ) ) ;
#5882 = CARTESIAN_POINT ( 'NONE',  ( 57.09999999999994458, 10.89999999999992752, -9.000000000000005329 ) ) ;
#5883 = CARTESIAN_POINT ( 'NONE',  ( 71.30104318234660354, 15.39999999999990443, -2.679528317508001578 ) ) ;
#5884 = B_SPLINE_CURVE_WITH_KNOTS ( 'NONE', 3,
 ( #508, #1509, #466, #4698, #2577, #4246, #6369, #3662, #4185, #4736, #5816 ),
 .UNSPECIFIED., .F., .F.,
 ( 4, 1, 1, 1, 1, 1, 1, 1, 4 ),
 ( 0.000000000000000000, 0.1328352129424717754, 0.2562841245751719121, 0.3737214431148458416, 0.4895728118511399884, 0.6071117149037158489, 0.7289658568385710691, 0.8583571788470969466, 1.000000000000000000 ),
 .UNSPECIFIED. ) ;
#5885 = DIRECTION ( 'NONE',  ( -0.000000000000000000, -0.000000000000000000, 1.000000000000000000 ) ) ;
#5886 = CARTESIAN_POINT ( 'NONE',  ( 74.89437770027838326, 15.39999999999989733, 2.117139655869680670 ) ) ;
#5887 = CARTESIAN_POINT ( 'NONE',  ( 68.77381324563700105, 14.39999999999990976, -3.282961733497283152 ) ) ;
#5888 = VERTEX_POINT ( 'NONE', #2439 ) ;
#5889 = CARTESIAN_POINT ( 'NONE',  ( 41.50000000000000711, 5.800000000000006928, 9.000000000000005329 ) ) ;
#5890 = CARTESIAN_POINT ( 'NONE',  ( 73.54490589875719309, 15.39999999999989555, -5.074526840300738861 ) ) ;
#5891 = CARTESIAN_POINT ( 'NONE',  ( 73.96859638087180144, 15.39999999999989555, 0.7527603125132253936 ) ) ;
#5892 = CARTESIAN_POINT ( 'NONE',  ( 71.18777223358992501, 15.39999999999990443, -3.874734250285518655 ) ) ;
#5893 = CARTESIAN_POINT ( 'NONE',  ( 71.81766428292904436, 14.39999999999990976, -4.840023880084030061 ) ) ;
#5894 = ORIENTED_EDGE ( 'NONE', *, *, #3105, .T. ) ;
#5895 = EDGE_LOOP ( 'NONE', ( #5822, #84, #1950, #6426 ) ) ;
#5896 = CARTESIAN_POINT ( 'NONE',  ( 41.50000000000000711, 9.800000000000004263, -9.000000000000005329 ) ) ;
#5897 = CARTESIAN_POINT ( 'NONE',  ( 22.54490184435235278, 15.39999999999992397, 7.000000000000000000 ) ) ;
#5898 = CARTESIAN_POINT ( 'NONE',  ( 57.10000000006383658, -500000.0000000000582, -2.799999999891578550 ) ) ;
#5899 = DIRECTION ( 'NONE',  ( -0.000000000000000000, -0.000000000000000000, -1.000000000000000000 ) ) ;
#5900 = LINE ( 'NONE', #5490, #4243 ) ;
#5901 = VERTEX_POINT ( 'NONE', #4035 ) ;
#5902 = PLANE ( 'NONE',  #65 ) ;
#5903 = EDGE_CURVE ( 'NONE', #5262, #5768, #6157, .T. ) ;
#5904 = ORIENTED_EDGE ( 'NONE', *, *, #5354, .F. ) ;
#5905 = CARTESIAN_POINT ( 'NONE',  ( 57.09999999999994458, 15.39999999999992752, 12.00000000000000533 ) ) ;
#5906 = AXIS2_PLACEMENT_3D ( 'NONE', #810, #4427, #6515 ) ;
#5907 = CARTESIAN_POINT ( 'NONE',  ( 71.22086164079829018, 15.39999999999990621, 3.314865646689998613 ) ) ;
#5908 = CIRCLE ( 'NONE', #3368, 16.85941873256619772 ) ;
#5909 = DIRECTION ( 'NONE',  ( 0.000000000000000000, 0.000000000000000000, 1.000000000000000000 ) ) ;
#5910 = ORIENTED_EDGE ( 'NONE', *, *, #3749, .F. ) ;
#5911 = DIRECTION ( 'NONE',  ( 0.000000000000000000, 0.000000000000000000, -1.000000000000000000 ) ) ;
#5912 = CARTESIAN_POINT ( 'NONE',  ( 79.59999999999999432, 12.44622315972941351, 28.82005025157353018 ) ) ;
#5913 = ORIENTED_EDGE ( 'NONE', *, *, #3323, .T. ) ;
#5914 = EDGE_CURVE ( 'NONE', #326, #332, #1460, .T. ) ;
#5915 = ORIENTED_EDGE ( 'NONE', *, *, #923, .F. ) ;
#5916 = EDGE_CURVE ( 'NONE', #3629, #3992, #5269, .T. ) ;
#5917 = DIRECTION ( 'NONE',  ( 0.000000000000000000, 0.000000000000000000, 1.000000000000000000 ) ) ;
#5918 = EDGE_CURVE ( 'NONE', #3218, #6178, #3729, .T. ) ;
#5919 = VECTOR ( 'NONE', #6203, 1000.000000000000000 ) ;
#5920 = VECTOR ( 'NONE', #4777, 1000.000000000000114 ) ;
#5921 = CARTESIAN_POINT ( 'NONE',  ( 71.30120107862120449, 14.39999999999990266, -2.605850233421937112 ) ) ;
#5922 = FACE_OUTER_BOUND ( 'NONE', #2153, .T. ) ;
#5923 = CARTESIAN_POINT ( 'NONE',  ( 72.36255452592490656, 14.39999999999989555, -2.446230664175717440 ) ) ;
#5924 = CARTESIAN_POINT ( 'NONE',  ( 69.03239869616915314, 15.39999999999990798, -4.682135891641103775 ) ) ;
#5925 = AXIS2_PLACEMENT_3D ( 'NONE', #4711, #5725, #4020 ) ;
#5926 = VERTEX_POINT ( 'NONE', #4071 ) ;
#5927 = CIRCLE ( 'NONE', #6590, 1.599999999999990319 ) ;
#5928 = EDGE_CURVE ( 'NONE', #4923, #522, #428, .T. ) ;
#5929 = PLANE ( 'NONE',  #377 ) ;
#5930 = CARTESIAN_POINT ( 'NONE',  ( 63.09999999999998721, 15.39999999999991687, 9.000000000000005329 ) ) ;
#5931 = VECTOR ( 'NONE', #2539, 1000.000000000000000 ) ;
#5932 = AXIS2_PLACEMENT_3D ( 'NONE', #6050, #190, #1812 ) ;
#5933 = CARTESIAN_POINT ( 'NONE',  ( 71.22607334424442627, 15.39999999999990088, -3.781762217299266204 ) ) ;
#5934 = CARTESIAN_POINT ( 'NONE',  ( 72.09942009538114860, 14.39999999999990266, -4.257773664570400740 ) ) ;
#5935 = VERTEX_POINT ( 'NONE', #2017 ) ;
#5936 = ORIENTED_EDGE ( 'NONE', *, *, #4004, .F. ) ;
#5937 = CARTESIAN_POINT ( 'NONE',  ( 69.80467683944017665, 14.39999999999990976, -3.280442195151782148 ) ) ;
#5938 = VECTOR ( 'NONE', #5632, 1000.000000000000000 ) ;
#5939 = FACE_OUTER_BOUND ( 'NONE', #2362, .T. ) ;
#5940 = DIRECTION ( 'NONE',  ( 1.161540736742627633E-11, 1.000000000000000000, 9.711295898128553680E-14 ) ) ;
#5941 = CARTESIAN_POINT ( 'NONE',  ( 69.60103604287097312, 15.39999999999989910, 0.9867123625834591794 ) ) ;
#5942 = VECTOR ( 'NONE', #976, 1000.000000000000114 ) ;
#5943 = CARTESIAN_POINT ( 'NONE',  ( 73.22244110540395923, 15.39999999999990088, -3.428433946503629759 ) ) ;
#5944 = ORIENTED_EDGE ( 'NONE', *, *, #4388, .F. ) ;
#5945 = CARTESIAN_POINT ( 'NONE',  ( 21.75622670975752726, 15.39999999999992752, -9.000000000000005329 ) ) ;
#5946 = ORIENTED_EDGE ( 'NONE', *, *, #4537, .T. ) ;
#5947 = DIRECTION ( 'NONE',  ( -1.000000000000000000, 0.000000000000000000, 0.000000000000000000 ) ) ;
#5948 = VECTOR ( 'NONE', #4773, 1000.000000000000000 ) ;
#5949 = DIRECTION ( 'NONE',  ( -0.000000000000000000, -0.000000000000000000, 1.000000000000000000 ) ) ;
#5950 = CC_DESIGN_APPROVAL ( #2261, ( #4284 ) ) ;
#5951 = CARTESIAN_POINT ( 'NONE',  ( 70.03339752439249821, 15.39999999999990266, 2.147740844026386320 ) ) ;
#5952 = ORIENTED_EDGE ( 'NONE', *, *, #1067, .F. ) ;
#5953 = CARTESIAN_POINT ( 'NONE',  ( 68.93442353953956570, 15.39999999999989733, -4.468602541304641740 ) ) ;
#5954 = CARTESIAN_POINT ( 'NONE',  ( 0.000000000000000000, 14.89999999999992752, 0.000000000000000000 ) ) ;
#5955 = ORIENTED_EDGE ( 'NONE', *, *, #2907, .T. ) ;
#5956 = VERTEX_POINT ( 'NONE', #2536 ) ;
#5957 = DIRECTION ( 'NONE',  ( 0.000000000000000000, 0.000000000000000000, 1.000000000000000000 ) ) ;
#5958 = CARTESIAN_POINT ( 'NONE',  ( 63.09999999999998721, 15.39999999999991687, 9.000000000000005329 ) ) ;
#5959 = EDGE_CURVE ( 'NONE', #5372, #1280, #3624, .T. ) ;
#5960 = DIRECTION ( 'NONE',  ( 3.469446951953614189E-16, -1.000000000000000000, 0.000000000000000000 ) ) ;
#5961 = CARTESIAN_POINT ( 'NONE',  ( 71.95394367891606180, 15.39999999999990088, 1.079758042198965207 ) ) ;
#5962 = FACE_OUTER_BOUND ( 'NONE', #4607, .T. ) ;
#5963 = ORIENTED_EDGE ( 'NONE', *, *, #4422, .F. ) ;
#5964 = DIRECTION ( 'NONE',  ( -0.000000000000000000, 1.000000000000000000, 8.673617379884050263E-17 ) ) ;
#5965 = CARTESIAN_POINT ( 'NONE',  ( 73.90931208493557847, 15.39999999999990798, 3.246126950129951894 ) ) ;
#5966 = CARTESIAN_POINT ( 'NONE',  ( 70.88414276437637795, 15.39999999999990088, -4.188160711275422443 ) ) ;
#5967 = EDGE_CURVE ( 'NONE', #5427, #6535, #6159, .T. ) ;
#5968 = CARTESIAN_POINT ( 'NONE',  ( 71.98000798276602552, 15.39999999999990443, -4.572777360401270919 ) ) ;
#5969 = ORIENTED_EDGE ( 'NONE', *, *, #1884, .T. ) ;
#5970 = ORIENTED_EDGE ( 'NONE', *, *, #2576, .T. ) ;
#5971 = CARTESIAN_POINT ( 'NONE',  ( 69.80164682179220392, 14.39999999999990976, -3.152867188440019675 ) ) ;
#5972 = CARTESIAN_POINT ( 'NONE',  ( 63.59999999999998721, -4.199999999999992184, 35.00000000000000000 ) ) ;
#5973 = CARTESIAN_POINT ( 'NONE',  ( 72.29899476436411021, 15.39999999999991154, 2.476234506391711498 ) ) ;
#5974 = DIRECTION ( 'NONE',  ( 7.794060786255082520E-17, 2.704108043821388314E-32, 1.000000000000000000 ) ) ;
#5975 = CARTESIAN_POINT ( 'NONE',  ( 72.76895786629640384, 14.39999999999989910, 0.5995778330943204448 ) ) ;
#5976 = ORIENTED_EDGE ( 'NONE', *, *, #6720, .F. ) ;
#5977 = DIRECTION ( 'NONE',  ( 3.469446951953614189E-16, -1.000000000000000000, -0.000000000000000000 ) ) ;
#5978 = ORIENTED_EDGE ( 'NONE', *, *, #4432, .T. ) ;
#5979 = DIRECTION ( 'NONE',  ( -1.734723475976811532E-16, -1.000000000000000000, 0.000000000000000000 ) ) ;
#5980 = ADVANCED_FACE ( 'NONE', ( #3586 ), #5723, .T. ) ;
#5981 = DIRECTION ( 'NONE',  ( -0.000000000000000000, -0.000000000000000000, 1.000000000000000000 ) ) ;
#5982 = CYLINDRICAL_SURFACE ( 'NONE', #1904, 4.999999999999990230 ) ;
#5983 = ORIENTED_EDGE ( 'NONE', *, *, #2900, .T. ) ;
#5984 = CARTESIAN_POINT ( 'NONE',  ( 57.09999999999994458, 5.400000000008731149, -2.800000000000000266 ) ) ;
#5985 = DIRECTION ( 'NONE',  ( 1.734723475976793684E-15, 1.000000000000000000, -0.000000000000000000 ) ) ;
#5986 = EDGE_LOOP ( 'NONE', ( #5101, #811, #6187, #5240 ) ) ;
#5987 = ORIENTED_EDGE ( 'NONE', *, *, #3515, .F. ) ;
#5988 = LINE ( 'NONE', #644, #5028 ) ;
#5989 = FACE_OUTER_BOUND ( 'NONE', #2022, .T. ) ;
#5990 = CARTESIAN_POINT ( 'NONE',  ( 18.76925331218435744, -4.600000000000070699, 11.71132486540518869 ) ) ;
#5991 = CARTESIAN_POINT ( 'NONE',  ( 72.53549029821563465, 15.39999999999989555, 0.6685723136766396069 ) ) ;
#5992 = PLANE ( 'NONE',  #5015 ) ;
#5993 = EDGE_LOOP ( 'NONE', ( #4680, #6678, #5440, #565 ) ) ;
#5994 = CARTESIAN_POINT ( 'NONE',  ( 69.79972246283595894, 15.39999999999990443, 3.760616660483311779 ) ) ;
#5995 = EDGE_CURVE ( 'NONE', #4922, #299, #2091, .T. ) ;
#5996 = DIRECTION ( 'NONE',  ( 0.000000000000000000, 0.000000000000000000, 1.000000000000000000 ) ) ;
#5997 = ADVANCED_FACE ( 'NONE', ( #2613 ), #6772, .T. ) ;
#5998 = CARTESIAN_POINT ( 'NONE',  ( 71.13237825879653542, 14.39999999999989910, 2.405427285714481833 ) ) ;
#5999 = CARTESIAN_POINT ( 'NONE',  ( 71.49849196273856933, 14.39999999999990266, -5.149699433989711750 ) ) ;
#6000 = ORIENTED_EDGE ( 'NONE', *, *, #6503, .F. ) ;
#6001 = ORIENTED_EDGE ( 'NONE', *, *, #3193, .T. ) ;
#6002 = LINE ( 'NONE', #1241, #3375 ) ;
#6003 = CARTESIAN_POINT ( 'NONE',  ( 70.00000000000000000, 5.799999999999999822, 21.97994974842648475 ) ) ;
#6004 = EDGE_CURVE ( 'NONE', #6298, #6809, #6815, .T. ) ;
#6005 = DIRECTION ( 'NONE',  ( 1.000000000000000000, 3.469446951953614189E-16, -0.000000000000000000 ) ) ;
#6006 = CARTESIAN_POINT ( 'NONE',  ( 71.13237825879653542, 14.39999999999989910, 2.405427285714481833 ) ) ;
#6007 = EDGE_CURVE ( 'NONE', #750, #1141, #1532, .T. ) ;
#6008 = EDGE_CURVE ( 'NONE', #3055, #1514, #3099, .T. ) ;
#6009 = CARTESIAN_POINT ( 'NONE',  ( 74.89437770027838326, 14.39999999999989910, 2.117139655869680670 ) ) ;
#6010 = VERTEX_POINT ( 'NONE', #4208 ) ;
#6011 = FACE_OUTER_BOUND ( 'NONE', #6356, .T. ) ;
#6012 = EDGE_LOOP ( 'NONE', ( #2111, #4383, #1817, #1811 ) ) ;
#6013 = CARTESIAN_POINT ( 'NONE',  ( 0.000000000000000000, 15.23111111111103888, 0.000000000000000000 ) ) ;
#6014 = VECTOR ( 'NONE', #3403, 1000.000000000000000 ) ;
#6015 = FACE_OUTER_BOUND ( 'NONE', #425, .T. ) ;
#6016 = CARTESIAN_POINT ( 'NONE',  ( 74.89437770027836905, 15.39999999999989555, 2.117139655869680226 ) ) ;
#6017 = ORIENTED_EDGE ( 'NONE', *, *, #2096, .F. ) ;
#6018 = CARTESIAN_POINT ( 'NONE',  ( 68.79488765142774298, 15.39999999999990798, -3.704142348427302167 ) ) ;
#6019 = CARTESIAN_POINT ( 'NONE',  ( 71.20118482214212463, 15.39999999999990443, 2.704889508759304118 ) ) ;
#6020 = ORIENTED_EDGE ( 'NONE', *, *, #5354, .T. ) ;
#6021 = ORIENTED_EDGE ( 'NONE', *, *, #6619, .T. ) ;
#6022 = CARTESIAN_POINT ( 'NONE',  ( 63.09999999999998721, 10.89999999999992752, -9.000000000000005329 ) ) ;
#6023 = CARTESIAN_POINT ( 'NONE',  ( 70.53440977894797470, 14.39999999999990266, -4.259205386823629702 ) ) ;
#6024 = AXIS2_PLACEMENT_3D ( 'NONE', #438, #1436, #2544 ) ;
#6025 = PLANE ( 'NONE',  #795 ) ;
#6026 = DIRECTION ( 'NONE',  ( -1.224646799147353207E-16, 0.000000000000000000, 1.000000000000000000 ) ) ;
#6027 = VERTEX_POINT ( 'NONE', #4689 ) ;
#6028 = AXIS2_PLACEMENT_3D ( 'NONE', #3439, #1746, #1319 ) ;
#6029 = VECTOR ( 'NONE', #4646, 1000.000000000000000 ) ;
#6030 = CARTESIAN_POINT ( 'NONE',  ( 73.88932275513376169, 15.39999999999990443, 2.537177611082925388 ) ) ;
#6031 = DIRECTION ( 'NONE',  ( -0.000000000000000000, 1.000000000000000000, -0.000000000000000000 ) ) ;
#6032 = LINE ( 'NONE', #1174, #4166 ) ;
#6033 = AXIS2_PLACEMENT_3D ( 'NONE', #4283, #1119, #541 ) ;
#6034 = AXIS2_PLACEMENT_3D ( 'NONE', #627, #2745, #4856 ) ;
#6035 = EDGE_CURVE ( 'NONE', #6863, #5852, #834, .T. ) ;
#6036 = ORIENTED_EDGE ( 'NONE', *, *, #2224, .T. ) ;
#6037 = ORIENTED_EDGE ( 'NONE', *, *, #1945, .F. ) ;
#6038 = DIRECTION ( 'NONE',  ( 0.000000000000000000, 1.000000000000000000, 0.000000000000000000 ) ) ;
#6039 = CARTESIAN_POINT ( 'NONE',  ( 79.59999999999999432, 16.20000000000005613, 20.40377336712970546 ) ) ;
#6040 = DIRECTION ( 'NONE',  ( 0.000000000000000000, 0.000000000000000000, 1.000000000000000000 ) ) ;
#6041 = VECTOR ( 'NONE', #2357, 1000.000000000000000 ) ;
#6042 = VECTOR ( 'NONE', #5635, 1000.000000000000000 ) ;
#6043 = DIRECTION ( 'NONE',  ( -1.000000000000000000, -1.577021341797032331E-15, 0.000000000000000000 ) ) ;
#6044 = EDGE_CURVE ( 'NONE', #2116, #4683, #5504, .T. ) ;
#6045 = EDGE_CURVE ( 'NONE', #2327, #3394, #5246, .T. ) ;
#6046 = EDGE_CURVE ( 'NONE', #5480, #392, #6851, .T. ) ;
#6047 = ORIENTED_EDGE ( 'NONE', *, *, #4084, .T. ) ;
#6048 = DIRECTION ( 'NONE',  ( -0.000000000000000000, 1.000000000000000000, -0.000000000000000000 ) ) ;
#6049 = ORIENTED_EDGE ( 'NONE', *, *, #939, .T. ) ;
#6050 = CARTESIAN_POINT ( 'NONE',  ( 25.25622670975753437, 0.3999999999999368505, -5.787049111740479344E-31 ) ) ;
#6051 = AXIS2_PLACEMENT_3D ( 'NONE', #3523, #2445, #4497 ) ;
#6052 = CARTESIAN_POINT ( 'NONE',  ( 72.26044199671564172, 15.39999999999989910, 2.881739784627366241 ) ) ;
#6053 = EDGE_CURVE ( 'NONE', #5845, #177, #6743, .T. ) ;
#6054 = CYLINDRICAL_SURFACE ( 'NONE', #6235, 1.700000000000000178 ) ;
#6055 = ORIENTED_EDGE ( 'NONE', *, *, #1994, .F. ) ;
#6056 = CARTESIAN_POINT ( 'NONE',  ( 68.92490853188343181, 14.39999999999990621, 1.771010238664788794 ) ) ;
#6057 = VECTOR ( 'NONE', #1428, 1000.000000000000000 ) ;
#6058 = LINE ( 'NONE', #1350, #6482 ) ;
#6059 = ORIENTED_EDGE ( 'NONE', *, *, #4545, .F. ) ;
#6060 = EDGE_LOOP ( 'NONE', ( #3809, #4168, #2964, #3128 ) ) ;
#6061 = DIRECTION ( 'NONE',  ( 1.000000000000000000, 0.000000000000000000, 0.000000000000000000 ) ) ;
#6062 = VECTOR ( 'NONE', #5267, 1000.000000000000000 ) ;
#6063 = CARTESIAN_POINT ( 'NONE',  ( 74.88355030027099701, 15.39999999999989910, 2.037744550529504206 ) ) ;
#6064 = PERSON_AND_ORGANIZATION_ROLE ( 'creator' ) ;
#6065 = FACE_OUTER_BOUND ( 'NONE', #3733, .T. ) ;
#6066 = CARTESIAN_POINT ( 'NONE',  ( 22.25622670975753437, 15.39999999999992220, 7.000000000000000000 ) ) ;
#6067 = ORIENTED_EDGE ( 'NONE', *, *, #857, .T. ) ;
#6068 = CC_DESIGN_SECURITY_CLASSIFICATION ( #4284, ( #4397 ) ) ;
#6069 = CARTESIAN_POINT ( 'NONE',  ( 73.87373821415268083, 15.39999999999990443, 2.423346347084254226 ) ) ;
#6070 = LINE ( 'NONE', #309, #5265 ) ;
#6071 = CARTESIAN_POINT ( 'NONE',  ( 71.43832769817166195, 14.39999999999990266, 1.284274113726118438 ) ) ;
#6072 = ORIENTED_EDGE ( 'NONE', *, *, #5565, .F. ) ;
#6073 = ORIENTED_EDGE ( 'NONE', *, *, #5044, .T. ) ;
#6074 = LINE ( 'NONE', #1737, #3144 ) ;
#6075 = DIRECTION ( 'NONE',  ( 0.000000000000000000, 0.000000000000000000, -1.000000000000000000 ) ) ;
#6076 = CARTESIAN_POINT ( 'NONE',  ( 71.20118482214212463, 14.39999999999990621, 2.704889508759304118 ) ) ;
#6077 = ORIENTED_EDGE ( 'NONE', *, *, #5096, .F. ) ;
#6078 = CARTESIAN_POINT ( 'NONE',  ( 74.91017365288213625, 15.39999999999989200, 2.336036318158497771 ) ) ;
#6079 = EDGE_LOOP ( 'NONE', ( #6531, #3303, #3899, #6047, #4660, #5343, #3881, #6563 ) ) ;
#6080 = CARTESIAN_POINT ( 'NONE',  ( 25.25622670975753081, 15.11132486540511621, -1.113718120825630128E-32 ) ) ;
#6081 = EDGE_CURVE ( 'NONE', #1669, #4841, #6323, .T. ) ;
#6082 = EDGE_CURVE ( 'NONE', #1547, #5754, #4103, .T. ) ;
#6083 = EDGE_CURVE ( 'NONE', #3016, #418, #535, .T. ) ;
#6084 = DIRECTION ( 'NONE',  ( -1.000000000000000000, 0.000000000000000000, 0.000000000000000000 ) ) ;
#6085 = CARTESIAN_POINT ( 'NONE',  ( 69.24061183743205561, 15.39999999999990621, -4.957311871591249641 ) ) ;
#6086 = CARTESIAN_POINT ( 'NONE',  ( 74.93635983262763034, 14.39999999999989555, 3.611209660063890325 ) ) ;
#6087 = ORIENTED_EDGE ( 'NONE', *, *, #1111, .T. ) ;
#6088 = VERTEX_POINT ( 'NONE', #6709 ) ;
#6089 = CARTESIAN_POINT ( 'NONE',  ( 73.90511456966436299, 14.39999999999989555, 2.850127392070136878 ) ) ;
#6090 = EDGE_CURVE ( 'NONE', #2532, #2418, #800, .T. ) ;
#6091 = EDGE_CURVE ( 'NONE', #972, #1332, #10, .T. ) ;
#6092 = CARTESIAN_POINT ( 'NONE',  ( 71.24807098704434338, 15.39999999999990088, -3.691026817302394125 ) ) ;
#6093 = SECURITY_CLASSIFICATION_LEVEL ( 'unclassified' ) ;
#6094 = CARTESIAN_POINT ( 'NONE',  ( 72.32852855257954161, 14.39999999999990266, -1.651374106775552963 ) ) ;
#6095 = LINE ( 'NONE', #3880, #1816 ) ;
#6096 = ORIENTED_EDGE ( 'NONE', *, *, #3803, .T. ) ;
#6097 = CARTESIAN_POINT ( 'NONE',  ( 25.25622670975753081, 15.11132486540511621, 1.699999999999999512 ) ) ;
#6098 = DIRECTION ( 'NONE',  ( 1.000000000000000000, -0.000000000000000000, -2.668805347656626678E-16 ) ) ;
#6099 = DIRECTION ( 'NONE',  ( -1.000000000000000000, 0.000000000000000000, 0.000000000000000000 ) ) ;
#6100 = VERTEX_POINT ( 'NONE', #3833 ) ;
#6101 = VERTEX_POINT ( 'NONE', #4794 ) ;
#6102 = DIRECTION ( 'NONE',  ( -0.7071067811865493491, -0.7071067811865456854, -0.000000000000000000 ) ) ;
#6103 = CARTESIAN_POINT ( 'NONE',  ( 51.49999999999999289, 5.800000000000005151, 9.000000000000005329 ) ) ;
#6104 = LINE ( 'NONE', #2952, #5590 ) ;
#6105 = VERTEX_POINT ( 'NONE', #45 ) ;
#6106 = FACE_OUTER_BOUND ( 'NONE', #2562, .T. ) ;
#6107 = LINE ( 'NONE', #6633, #581 ) ;
#6108 = CARTESIAN_POINT ( 'NONE',  ( 35.90000000000005542, 15.39999999999992752, 9.000000000000005329 ) ) ;
#6109 = EDGE_CURVE ( 'NONE', #4782, #3968, #1221, .T. ) ;
#6110 = B_SPLINE_CURVE_WITH_KNOTS ( 'NONE', 3,
 ( #2242, #2739, #4294, #685, #6520, #1688, #4431, #3814, #1130, #5933, #5892, #4358, #1656, #3358, #5966, #5476, #3779, #5370, #1173 ),
 .UNSPECIFIED., .F., .F.,
 ( 4, 1, 1, 1, 1, 1, 1, 1, 1, 1, 1, 1, 1, 1, 1, 1, 4 ),
 ( 0.000000000000000000, 0.1061285680633415329, 0.2021928555238696468, 0.2876016271754933129, 0.3630126640221993939, 0.4272199740036419224, 0.4814975465951418787, 0.5253592224025070978, 0.5595827673664253155, 0.6157320883297539016, 0.6696359894516766831, 0.7218639848468875186, 0.7744040122843429685, 0.8270743417291683830, 0.8813519143206708373, 0.9387916947984683569, 1.000000000000000000 ),
 .UNSPECIFIED. ) ;
#6111 = CARTESIAN_POINT ( 'NONE',  ( 72.89206521447329123, 15.39999999999989555, 0.5765708785339526132 ) ) ;
#6112 = CARTESIAN_POINT ( 'NONE',  ( 69.79972246283594473, 14.39999999999990621, -1.651374106775552963 ) ) ;
#6113 = ORIENTED_EDGE ( 'NONE', *, *, #1243, .T. ) ;
#6114 = ORIENTED_EDGE ( 'NONE', *, *, #254, .F. ) ;
#6115 = DIRECTION ( 'NONE',  ( -0.000000000000000000, 0.000000000000000000, 1.000000000000000000 ) ) ;
#6116 = AXIS2_PLACEMENT_3D ( 'NONE', #330, #1361, #3034 ) ;
#6117 = CARTESIAN_POINT ( 'NONE',  ( 63.59999999999998721, 15.79999999999999893, 31.00000000000000711 ) ) ;
#6118 = CARTESIAN_POINT ( 'NONE',  ( 71.18777223358992501, 15.39999999999990443, -3.874734250285518655 ) ) ;
#6119 = CARTESIAN_POINT ( 'NONE',  ( 68.80623608905494848, 14.39999999999990976, 2.323225594699042773 ) ) ;
#6120 = VECTOR ( 'NONE', #2115, 1000.000000000000000 ) ;
#6121 = EDGE_CURVE ( 'NONE', #1854, #3082, #2121, .T. ) ;
#6122 = DIRECTION ( 'NONE',  ( -1.000000000000000000, 0.000000000000000000, 0.000000000000000000 ) ) ;
#6123 = VERTEX_POINT ( 'NONE', #1607 ) ;
#6124 = EDGE_CURVE ( 'NONE', #6027, #3199, #1172, .T. ) ;
#6125 = EDGE_CURVE ( 'NONE', #997, #6266, #3341, .T. ) ;
#6126 = CARTESIAN_POINT ( 'NONE',  ( 71.26221660386431722, 14.39999999999990621, -3.600179962680884138 ) ) ;
#6127 = AXIS2_PLACEMENT_3D ( 'NONE', #5417, #2779, #1545 ) ;
#6128 = CARTESIAN_POINT ( 'NONE',  ( 71.20298472004046175, 14.39999999999990266, 2.723400085539311899 ) ) ;
#6129 = DIRECTION ( 'NONE',  ( 0.000000000000000000, 0.000000000000000000, 1.000000000000000000 ) ) ;
#6130 = EDGE_CURVE ( 'NONE', #62, #1821, #2949, .T. ) ;
#6131 = CARTESIAN_POINT ( 'NONE',  ( 73.14964967058710954, 14.39999999999989910, 0.5613312217500887602 ) ) ;
#6132 = CIRCLE ( 'NONE', #4464, 19.59591794226541595 ) ;
#6133 = EDGE_LOOP ( 'NONE', ( #6344, #2957, #2817, #456, #1745, #5736, #5156, #5157 ) ) ;
#6134 = TOROIDAL_SURFACE ( 'NONE', #2470, 22.12329089443976216, 0.5000000000000008882 ) ;
#6135 = EDGE_LOOP ( 'NONE', ( #804, #1727 ) ) ;
#6136 = LINE ( 'NONE', #1439, #1480 ) ;
#6137 = CARTESIAN_POINT ( 'NONE',  ( 69.81338673878056511, 14.39999999999990976, -3.545630477436663597 ) ) ;
#6138 = CARTESIAN_POINT ( 'NONE',  ( 71.30120107862120449, 15.39999999999643521, -1.651374106775552963 ) ) ;
#6139 = AXIS2_PLACEMENT_3D ( 'NONE', #5930, #1171, #5405 ) ;
#6140 = CIRCLE ( 'NONE', #2149, 23.00000000000004263 ) ;
#6141 = EDGE_LOOP ( 'NONE', ( #379, #5458, #5674, #3496 ) ) ;
#6142 = DIRECTION ( 'NONE',  ( -1.000000000000000000, -0.000000000000000000, 0.000000000000000000 ) ) ;
#6143 = VECTOR ( 'NONE', #3991, 999.9999999999998863 ) ;
#6144 = VECTOR ( 'NONE', #3169, 1000.000000000000000 ) ;
#6145 = FACE_OUTER_BOUND ( 'NONE', #1318, .T. ) ;
#6146 = CARTESIAN_POINT ( 'NONE',  ( 7.832237500110649897, 15.39999999999989733, 7.832237500110701411 ) ) ;
#6147 = AXIS2_PLACEMENT_3D ( 'NONE', #2021, #3659, #1958 ) ;
#6148 = CARTESIAN_POINT ( 'NONE',  ( 73.38321878879298765, 14.39999999999989910, -4.979304828881333300 ) ) ;
#6149 = CARTESIAN_POINT ( 'NONE',  ( 71.75457423615260666, 14.39999999999990266, 1.390430391311991087 ) ) ;
#6150 = CARTESIAN_POINT ( 'NONE',  ( 16.85941873256619061, -4.099999999998770406, -9.968158511392468668 ) ) ;
#6151 = VERTEX_POINT ( 'NONE', #6461 ) ;
#6152 = EDGE_LOOP ( 'NONE', ( #6827, #625, #777, #2853 ) ) ;
#6153 = FACE_BOUND ( 'NONE', #870, .T. ) ;
#6154 = VECTOR ( 'NONE', #6048, 1000.000000000000000 ) ;
#6155 = LINE ( 'NONE', #904, #6477 ) ;
#6156 = B_SPLINE_CURVE_WITH_KNOTS ( 'NONE', 3,
 ( #3274, #6398, #2195, #1568, #1644, #3734, #566, #4312, #2680, #603, #6431, #4181, #49, #3694, #1675, #5850, #5812, #2093, #3766, #1115, #1010, #2721, #4764, #6296, #4839, #6364, #3798 ),
 .UNSPECIFIED., .F., .F.,
 ( 4, 1, 1, 1, 1, 1, 1, 1, 1, 1, 1, 1, 1, 1, 1, 1, 1, 1, 1, 1, 1, 1, 1, 1, 4 ),
 ( 0.000000000000000000, 0.06982616849899397904, 0.1345678064441837574, 0.1946546787308960080, 0.2497272936950489519, 0.3002886274677136758, 0.3460321053681092440, 0.3874375487314894451, 0.4243158513751290606, 0.4590730889188450181, 0.4932448260598500944, 0.5271141003553349025, 0.5610385684762978498, 0.5952220357179319743, 0.6298753074370245786, 0.6649863903354732431, 0.7012857943233484770, 0.7379678957382040938, 0.7742617770842652458, 0.8108508622066058491, 0.8472697177897871024, 0.8845086264750867677, 0.9223102820010343761, 0.9605040759056844291, 1.000000000000000000 ),
 .UNSPECIFIED. ) ;
#6157 = LINE ( 'NONE', #3517, #4496 ) ;
#6158 = PERSON_AND_ORGANIZATION_ROLE ( 'design_owner' ) ;
#6159 = CIRCLE ( 'NONE', #3170, 19.59591794226541595 ) ;
#6160 = CARTESIAN_POINT ( 'NONE',  ( 68.77341977371560233, 14.39999999999990976, 3.039918975100977860 ) ) ;
#6161 = LINE ( 'NONE', #3072, #1916 ) ;
#6162 = ORIENTED_EDGE ( 'NONE', *, *, #2667, .T. ) ;
#6163 = CARTESIAN_POINT ( 'NONE',  ( 71.22607334424442627, 14.39999999999990266, -3.781762217299266204 ) ) ;
#6164 = AXIS2_PLACEMENT_3D ( 'NONE', #2623, #3635, #2130 ) ;
#6165 = EDGE_CURVE ( 'NONE', #1316, #4748, #5847, .T. ) ;
#6166 = CARTESIAN_POINT ( 'NONE',  ( 71.59999999999999432, 5.799999999999999822, 21.97994974842648475 ) ) ;
#6167 = EDGE_CURVE ( 'NONE', #1343, #6178, #2499, .T. ) ;
#6168 = DIRECTION ( 'NONE',  ( -0.000000000000000000, -0.000000000000000000, 1.000000000000000000 ) ) ;
#6169 = DIRECTION ( 'NONE',  ( -1.000000000000000000, 1.734723475976793684E-15, 0.000000000000000000 ) ) ;
#6170 = VERTEX_POINT ( 'NONE', #2192 ) ;
#6171 = ORIENTED_EDGE ( 'NONE', *, *, #6763, .T. ) ;
#6172 = CARTESIAN_POINT ( 'NONE',  ( 21.75622670975753081, 15.39999999999992752, 9.000000000000010658 ) ) ;
#6173 = CARTESIAN_POINT ( 'NONE',  ( 71.49849196273856933, 14.39999999999990266, -5.149699433989711750 ) ) ;
#6174 = B_SPLINE_SURFACE_WITH_KNOTS ( 'NONE', 3, 1, ( 
 ( #1026, #3250 ),
 ( #1550, #3185 ),
 ( #6309, #4226 ),
 ( #3149, #5266 ),
 ( #549, #519 ),
 ( #4746, #5891 ),
 ( #6379, #1624 ),
 ( #1584, #6340 ),
 ( #6866, #2737 ),
 ( #3778, #2108 ),
 ( #5330, #66 ),
 ( #2176, #3746 ),
 ( #3710, #2662 ),
 ( #4779, #2696 ),
 ( #5148, #4589 ) ),
 .UNSPECIFIED., .F., .F., .F.,
 ( 4, 1, 1, 1, 1, 1, 1, 1, 1, 1, 1, 1, 4 ),
 ( 2, 2 ),
 ( 0.000000000000000000, 0.08126307684645980856, 0.1626239133946135451, 0.2449223739792011911, 0.3294431469520919253, 0.4136908752024964220, 0.4951069153100098319, 0.5748877793871720598, 0.6544256819248270851, 0.7351824950001204506, 0.8188208780637680206, 0.9066451123369294596, 1.000000000000000000 ),
 ( 0.000000000000000000, 1.000000000000000000 ),
 .UNSPECIFIED. ) ;
#6175 = DIRECTION ( 'NONE',  ( -0.000000000000000000, 1.000000000000000000, -0.000000000000000000 ) ) ;
#6176 = EDGE_CURVE ( 'NONE', #3235, #4122, #2402, .T. ) ;
#6177 = CARTESIAN_POINT ( 'NONE',  ( 72.27096254664880348, 14.39999999999990266, 2.727007174737122508 ) ) ;
#6178 = VERTEX_POINT ( 'NONE', #4836 ) ;
#6179 = ORIENTED_EDGE ( 'NONE', *, *, #1963, .T. ) ;
#6180 = CARTESIAN_POINT ( 'NONE',  ( 16.85941873256619061, -4.600000000000084022, 10.82150652627962728 ) ) ;
#6181 = ORIENTED_EDGE ( 'NONE', *, *, #2089, .F. ) ;
#6182 = CARTESIAN_POINT ( 'NONE',  ( 62.09999999999998721, 14.89999999999998259, -8.000000000000003553 ) ) ;
#6183 = CARTESIAN_POINT ( 'NONE',  ( 73.23498593274042889, 14.39999999999989910, -4.889871679640116042 ) ) ;
#6184 = CARTESIAN_POINT ( 'NONE',  ( 70.00000000000000000, 5.799999999999999822, 37.97994974842648475 ) ) ;
#6185 = CARTESIAN_POINT ( 'NONE',  ( 79.59999999999999432, 8.599999999999999645, 25.82005025157353018 ) ) ;
#6186 = ORIENTED_EDGE ( 'NONE', *, *, #6250, .T. ) ;
#6187 = ORIENTED_EDGE ( 'NONE', *, *, #4771, .F. ) ;
#6188 = DIRECTION ( 'NONE',  ( 0.000000000000000000, 0.000000000000000000, 1.000000000000000000 ) ) ;
#6189 = CARTESIAN_POINT ( 'NONE',  ( 72.24950336227506398, 14.39999999999990266, 4.512590736974447125 ) ) ;
#6190 = DATE_AND_TIME ( #5670, #520 ) ;
#6191 = CARTESIAN_POINT ( 'NONE',  ( 79.59999999999999432, 8.600000000000001421, 23.82005025157352662 ) ) ;
#6192 = CARTESIAN_POINT ( 'NONE',  ( 79.59999999999999432, -4.600000000000047606, -12.00000000000000711 ) ) ;
#6193 = CARTESIAN_POINT ( 'NONE',  ( 71.59999999999999432, 5.799999999999999822, 28.82005025157353018 ) ) ;
#6194 = VERTEX_POINT ( 'NONE', #2264 ) ;
#6195 = CARTESIAN_POINT ( 'NONE',  ( 26.95622670975753365, 0.3999999999999375722, 2.081899558550494117E-16 ) ) ;
#6196 = DIRECTION ( 'NONE',  ( 1.000000000000000000, 0.000000000000000000, 0.000000000000000000 ) ) ;
#6197 = CARTESIAN_POINT ( 'NONE',  ( 16.85941873256619061, -4.000000000000067502, 9.987992791346815835 ) ) ;
#6198 = DIRECTION ( 'NONE',  ( 1.000000000000000000, 0.000000000000000000, 1.224646799147353207E-16 ) ) ;
#6199 = VERTEX_POINT ( 'NONE', #4377 ) ;
#6200 = ADVANCED_FACE ( 'NONE', ( #2754 ), #6500, .F. ) ;
#6201 = VERTEX_POINT ( 'NONE', #1082 ) ;
#6202 = CARTESIAN_POINT ( 'NONE',  ( 69.84412518304576167, 15.39999999999990266, 2.492933252868077876 ) ) ;
#6203 = DIRECTION ( 'NONE',  ( 1.000000000000000000, 0.000000000000000000, -7.794060786255082520E-17 ) ) ;
#6204 = CARTESIAN_POINT ( 'NONE',  ( 71.22217588831672686, 14.39999999999990266, 3.654426561011657082 ) ) ;
#6205 = CARTESIAN_POINT ( 'NONE',  ( 72.24953829675685313, 14.39999999999989910, 3.385652169070536122 ) ) ;
#6206 = ORIENTED_EDGE ( 'NONE', *, *, #5791, .T. ) ;
#6207 = ADVANCED_FACE ( 'NONE', ( #3201 ), #5060, .T. ) ;
#6208 = VERTEX_POINT ( 'NONE', #1255 ) ;
#6209 = CARTESIAN_POINT ( 'NONE',  ( 72.36255452592490656, 14.39999999999989555, -2.446230664175717440 ) ) ;
#6210 = ADVANCED_FACE ( 'NONE', ( #6015 ), #3562, .T. ) ;
#6211 = FACE_OUTER_BOUND ( 'NONE', #3512, .T. ) ;
#6212 = EDGE_CURVE ( 'NONE', #6201, #418, #416, .T. ) ;
#6213 = DIRECTION ( 'NONE',  ( -1.000000000000000000, -5.102127870520019996E-16, 0.000000000000000000 ) ) ;
#6214 = CARTESIAN_POINT ( 'NONE',  ( 71.10589545620983642, 15.39999999999990266, -5.351420347430689617 ) ) ;
#6215 = CARTESIAN_POINT ( 'NONE',  ( 72.89206521447329123, 14.39999999999989910, 0.5765708785339526132 ) ) ;
#6216 = DIRECTION ( 'NONE',  ( 1.000000000000000000, 0.000000000000000000, -0.000000000000000000 ) ) ;
#6217 = ORIENTED_EDGE ( 'NONE', *, *, #4148, .F. ) ;
#6218 = ORIENTED_EDGE ( 'NONE', *, *, #5335, .F. ) ;
#6219 = DIRECTION ( 'NONE',  ( -0.000000000000000000, 1.000000000000000000, -0.000000000000000000 ) ) ;
#6220 = CARTESIAN_POINT ( 'NONE',  ( 0.000000000000000000, 0.000000000000000000, 0.000000000000000000 ) ) ;
#6221 = CARTESIAN_POINT ( 'NONE',  ( 72.24950336227506398, 15.39999999999990088, 4.512590736974447125 ) ) ;
#6222 = CARTESIAN_POINT ( 'NONE',  ( 68.78641360549529793, 14.39999999999990621, 2.574331525156782874 ) ) ;
#6223 = DIRECTION ( 'NONE',  ( 2.668805347656625692E-16, -1.000000000000000000, -3.858032741160322701E-32 ) ) ;
#6224 = CYLINDRICAL_SURFACE ( 'NONE', #3487, 3.999999999999996447 ) ;
#6225 = ORIENTED_EDGE ( 'NONE', *, *, #3370, .T. ) ;
#6226 = AXIS2_PLACEMENT_3D ( 'NONE', #3892, #2806, #2775 ) ;
#6227 = CYLINDRICAL_SURFACE ( 'NONE', #5586, 1.700000000000000178 ) ;
#6228 = DIRECTION ( 'NONE',  ( 2.668805347656625692E-16, -1.000000000000000000, -3.858032741160322701E-32 ) ) ;
#6229 = AXIS2_PLACEMENT_3D ( 'NONE', #601, #6852, #4180 ) ;
#6230 = DIRECTION ( 'NONE',  ( -0.000000000000000000, -0.000000000000000000, 1.000000000000000000 ) ) ;
#6231 = CARTESIAN_POINT ( 'NONE',  ( 79.59999999999999432, 3.000000000000001776, 25.82005025157353018 ) ) ;
#6232 = ORIENTED_EDGE ( 'NONE', *, *, #1875, .T. ) ;
#6233 = ORIENTED_EDGE ( 'NONE', *, *, #103, .F. ) ;
#6234 = LINE ( 'NONE', #1653, #5920 ) ;
#6235 = AXIS2_PLACEMENT_3D ( 'NONE', #2755, #1296, #3342 ) ;
#6236 = DIRECTION ( 'NONE',  ( 0.000000000000000000, 0.000000000000000000, -1.000000000000000000 ) ) ;
#6237 = CARTESIAN_POINT ( 'NONE',  ( 51.49999999999999289, 9.800000000000004263, -12.00000000000000533 ) ) ;
#6238 = CARTESIAN_POINT ( 'NONE',  ( 71.21773614853290724, 14.39999999999989910, 3.040723011660164232 ) ) ;
#6239 = CIRCLE ( 'NONE', #264, 3.999999999999996447 ) ;
#6240 = VECTOR ( 'NONE', #2379, 1000.000000000000000 ) ;
#6241 = ORIENTED_EDGE ( 'NONE', *, *, #4720, .T. ) ;
#6242 = ORIENTED_EDGE ( 'NONE', *, *, #5097, .F. ) ;
#6243 = DIRECTION ( 'NONE',  ( -0.000000000000000000, 1.000000000000000000, -0.000000000000000000 ) ) ;
#6244 = DIRECTION ( 'NONE',  ( 1.734723475976793684E-15, 1.000000000000000000, -0.000000000000000000 ) ) ;
#6245 = CARTESIAN_POINT ( 'NONE',  ( 71.59999999999999432, 5.799999999999999822, 37.97994974842648475 ) ) ;
#6246 = CIRCLE ( 'NONE', #2029, 1.699999999999999512 ) ;
#6247 = VECTOR ( 'NONE', #5304, 1000.000000000000000 ) ;
#6248 = ADVANCED_FACE ( 'NONE', ( #2523 ), #6533, .F. ) ;
#6249 = EDGE_CURVE ( 'NONE', #318, #4726, #5727, .T. ) ;
#6250 = EDGE_CURVE ( 'NONE', #3363, #1521, #3714, .T. ) ;
#6251 = AXIS2_PLACEMENT_3D ( 'NONE', #4532, #5487, #3406 ) ;
#6252 = LINE ( 'NONE', #5871, #6120 ) ;
#6253 = VECTOR ( 'NONE', #6102, 1000.000000000000000 ) ;
#6254 = CARTESIAN_POINT ( 'NONE',  ( 70.39521854787932398, 14.39999999999990266, -4.253107866730692521 ) ) ;
#6255 = ORIENTED_EDGE ( 'NONE', *, *, #1054, .F. ) ;
#6256 = ORIENTED_EDGE ( 'NONE', *, *, #4629, .T. ) ;
#6257 = DIRECTION ( 'NONE',  ( -0.7071067811865482389, -1.226634733346699310E-15, -0.7071067811865469066 ) ) ;
#6258 = DIRECTION ( 'NONE',  ( -1.000000000000000000, -9.110664488713896743E-17, -0.000000000000000000 ) ) ;
#6259 = AXIS2_PLACEMENT_3D ( 'NONE', #5861, #1096, #1065 ) ;
#6260 = AXIS2_PLACEMENT_3D ( 'NONE', #2675, #6498, #2753 ) ;
#6261 = EDGE_CURVE ( 'NONE', #4599, #3267, #3152, .T. ) ;
#6262 = DIRECTION ( 'NONE',  ( 0.000000000000000000, 0.000000000000000000, -1.000000000000000000 ) ) ;
#6263 = DIRECTION ( 'NONE',  ( -0.7071067811865503483, -1.226634733346702860E-15, 0.7071067811865446862 ) ) ;
#6264 = CARTESIAN_POINT ( 'NONE',  ( 72.52753755650000755, 14.39999999999989910, 1.964867537625246241 ) ) ;
#6265 = AXIS2_PLACEMENT_3D ( 'NONE', #82, #6353, #5341 ) ;
#6266 = VERTEX_POINT ( 'NONE', #521 ) ;
#6267 = DIRECTION ( 'NONE',  ( -1.000000000000000000, -4.003208021484938538E-16, 0.000000000000000000 ) ) ;
#6268 = AXIS2_PLACEMENT_3D ( 'NONE', #3178, #914, #5779 ) ;
#6269 = CARTESIAN_POINT ( 'NONE',  ( 79.59999999999999432, 8.599999999999999645, 25.82005025157353018 ) ) ;
#6270 = LINE ( 'NONE', #6859, #297 ) ;
#6271 = DIRECTION ( 'NONE',  ( 0.000000000000000000, 4.336808689942013792E-16, 1.000000000000000000 ) ) ;
#6272 = ORIENTED_EDGE ( 'NONE', *, *, #4983, .T. ) ;
#6273 = ORIENTED_EDGE ( 'NONE', *, *, #4127, .T. ) ;
#6274 = DIRECTION ( 'NONE',  ( -0.000000000000000000, 1.000000000000000000, -0.000000000000000000 ) ) ;
#6275 = AXIS2_PLACEMENT_3D ( 'NONE', #6682, #6168, #3456 ) ;
#6276 = CARTESIAN_POINT ( 'NONE',  ( 21.75622670975752726, -1.434400282240929545E-14, 0.000000000000000000 ) ) ;
#6277 = FACE_OUTER_BOUND ( 'NONE', #5093, .T. ) ;
#6278 = CARTESIAN_POINT ( 'NONE',  ( 48.69374109684812169, 10.39999999999993641, 8.000000000000003553 ) ) ;
#6279 = ORIENTED_EDGE ( 'NONE', *, *, #6324, .F. ) ;
#6280 = ORIENTED_EDGE ( 'NONE', *, *, #4849, .F. ) ;
#6281 = CARTESIAN_POINT ( 'NONE',  ( 16.85941873256619061, -4.591742548887147279, 10.72385697552721240 ) ) ;
#6282 = CARTESIAN_POINT ( 'NONE',  ( 73.24953848326200045, 14.39999999999990266, 1.751948033636314239 ) ) ;
#6283 = CYLINDRICAL_SURFACE ( 'NONE', #6577, 3.250000000000002665 ) ;
#6284 = VECTOR ( 'NONE', #3772, 1000.000000000000000 ) ;
#6285 = FACE_BOUND ( 'NONE', #1068, .T. ) ;
#6286 = ORIENTED_EDGE ( 'NONE', *, *, #4638, .T. ) ;
#6287 = CARTESIAN_POINT ( 'NONE',  ( 63.59999999999998721, 15.39999999999992752, -9.000000000000005329 ) ) ;
#6288 = VERTEX_POINT ( 'NONE', #2631 ) ;
#6289 = ADVANCED_FACE ( 'NONE', ( #4747 ), #71, .F. ) ;
#6290 = EDGE_LOOP ( 'NONE', ( #1190, #6096 ) ) ;
#6291 = CARTESIAN_POINT ( 'NONE',  ( 79.59999999999999432, 8.599999999999999645, 25.82005025157353018 ) ) ;
#6292 = CARTESIAN_POINT ( 'NONE',  ( 68.79496415350560312, 15.39999999999990443, 2.442981939951219150 ) ) ;
#6293 = ADVANCED_FACE ( 'NONE', ( #3217 ), #3642, .T. ) ;
#6294 = CARTESIAN_POINT ( 'NONE',  ( 0.000000000000000000, -4.100000000000072475, 0.000000000000000000 ) ) ;
#6295 = DIRECTION ( 'NONE',  ( 1.927470528863117076E-16, 0.000000000000000000, 1.000000000000000000 ) ) ;
#6296 = CARTESIAN_POINT ( 'NONE',  ( 70.21856071772336350, 14.39999999999990976, -5.429934932202064246 ) ) ;
#6297 = DIRECTION ( 'NONE',  ( -1.000000000000000000, -4.145478894797516432E-16, 0.000000000000000000 ) ) ;
#6298 = VERTEX_POINT ( 'NONE', #6789 ) ;
#6299 = ADVANCED_FACE ( 'NONE', ( #5793 ), #2179, .F. ) ;
#6300 = EDGE_CURVE ( 'NONE', #4978, #4767, #3125, .T. ) ;
#6301 = CARTESIAN_POINT ( 'NONE',  ( 71.22006733002911005, 15.39999999999990976, 3.168741705460304647 ) ) ;
#6302 = CARTESIAN_POINT ( 'NONE',  ( 28.25622670975752726, 10.39999999999993108, -8.711324865405197571 ) ) ;
#6303 = CARTESIAN_POINT ( 'NONE',  ( 72.34350837038267912, 15.39999999999989022, -2.296410523075958832 ) ) ;
#6304 = DIRECTION ( 'NONE',  ( -0.000000000000000000, -0.000000000000000000, 1.000000000000000000 ) ) ;
#6305 = ORIENTED_EDGE ( 'NONE', *, *, #5914, .T. ) ;
#6306 = ORIENTED_EDGE ( 'NONE', *, *, #202, .F. ) ;
#6307 = DIRECTION ( 'NONE',  ( -0.000000000000000000, 0.000000000000000000, -1.000000000000000000 ) ) ;
#6308 = CARTESIAN_POINT ( 'NONE',  ( 73.54490589875719309, 15.39999999999989555, -5.074526840300738861 ) ) ;
#6309 = CARTESIAN_POINT ( 'NONE',  ( 73.35881489047667969, 14.39999999999990266, 0.5688959656647448737 ) ) ;
#6310 = CARTESIAN_POINT ( 'NONE',  ( 71.24364299522646604, 15.39999999999990798, -5.294524143065247657 ) ) ;
#6311 = ORIENTED_EDGE ( 'NONE', *, *, #322, .T. ) ;
#6312 = VERTEX_POINT ( 'NONE', #3675 ) ;
#6313 = FACE_OUTER_BOUND ( 'NONE', #1932, .T. ) ;
#6314 = CARTESIAN_POINT ( 'NONE',  ( 79.59999999999999432, -4.600000000000051159, 27.02005025157353657 ) ) ;
#6315 = DIRECTION ( 'NONE',  ( -0.000000000000000000, 1.000000000000000000, -0.000000000000000000 ) ) ;
#6316 = DIRECTION ( 'NONE',  ( -0.000000000000000000, 1.000000000000000000, -0.000000000000000000 ) ) ;
#6317 = ORIENTED_EDGE ( 'NONE', *, *, #1728, .F. ) ;
#6318 = CARTESIAN_POINT ( 'NONE',  ( 73.88054940595853282, 15.39999999999989555, 2.465591211779937453 ) ) ;
#6319 = ORIENTED_EDGE ( 'NONE', *, *, #2653, .T. ) ;
#6320 = ORIENTED_EDGE ( 'NONE', *, *, #2218, .T. ) ;
#6321 = FACE_OUTER_BOUND ( 'NONE', #6842, .T. ) ;
#6322 = CARTESIAN_POINT ( 'NONE',  ( 68.83557259760871716, 15.39999999999990798, 2.086854503123167781 ) ) ;
#6323 = LINE ( 'NONE', #1984, #3059 ) ;
#6324 = EDGE_CURVE ( 'NONE', #2564, #5520, #5301, .T. ) ;
#6325 = CARTESIAN_POINT ( 'NONE',  ( 23.25622670975753437, 15.39999999999992397, -7.999999999999996447 ) ) ;
#6326 = CARTESIAN_POINT ( 'NONE',  ( 21.75622670975752726, 10.39999999999992752, -9.000000000000005329 ) ) ;
#6327 = CARTESIAN_POINT ( 'NONE',  ( 73.09655462085127908, 15.39999999999989910, 1.746709076317396692 ) ) ;
#6328 = ORIENTED_EDGE ( 'NONE', *, *, #6549, .F. ) ;
#6329 = CARTESIAN_POINT ( 'NONE',  ( 71.21388883495193056, 15.39999999999990621, 2.930835848699255397 ) ) ;
#6330 = LINE ( 'NONE', #1574, #1386 ) ;
#6331 = EDGE_CURVE ( 'NONE', #2845, #5310, #3086, .T. ) ;
#6332 = CARTESIAN_POINT ( 'NONE',  ( 69.79972246283594473, 15.39999999999990443, -2.658945283157764461 ) ) ;
#6333 = CARTESIAN_POINT ( 'NONE',  ( 73.53736701051849423, 15.39999999999989022, -3.656638310751914922 ) ) ;
#6334 = EDGE_CURVE ( 'NONE', #2474, #1776, #446, .T. ) ;
#6335 = CARTESIAN_POINT ( 'NONE',  ( 69.41961731417289627, 14.39999999999990621, -5.111920389810126863 ) ) ;
#6336 = ORIENTED_EDGE ( 'NONE', *, *, #2215, .T. ) ;
#6337 = ORIENTED_EDGE ( 'NONE', *, *, #1451, .T. ) ;
#6338 = CARTESIAN_POINT ( 'NONE',  ( 63.55871548815512995, 8.800322034853103048, -11.52165071514762573 ) ) ;
#6339 = CARTESIAN_POINT ( 'NONE',  ( 72.78268688285319854, 14.39999999999990266, -4.581915285571070307 ) ) ;
#6340 = CARTESIAN_POINT ( 'NONE',  ( 74.32720925503879528, 15.39999999999989377, 0.9814335714634276897 ) ) ;
#6341 = AXIS2_PLACEMENT_3D ( 'NONE', #4301, #2183, #554 ) ;
#6342 = EDGE_CURVE ( 'NONE', #6653, #4922, #28, .T. ) ;
#6343 = CARTESIAN_POINT ( 'NONE',  ( 73.78621802918162587, 15.39999999999990266, 2.140061319248659277 ) ) ;
#6344 = ORIENTED_EDGE ( 'NONE', *, *, #3791, .T. ) ;
#6345 = CIRCLE ( 'NONE', #1347, 17.23407248217877452 ) ;
#6346 = ORIENTED_EDGE ( 'NONE', *, *, #5027, .F. ) ;
#6347 = LINE ( 'NONE', #2182, #600 ) ;
#6348 = CARTESIAN_POINT ( 'NONE',  ( 73.09655462085127908, 14.39999999999989910, 1.746709076317396692 ) ) ;
#6349 = CARTESIAN_POINT ( 'NONE',  ( 63.09999999999998721, 10.39999999999994351, -7.000000000000004441 ) ) ;
#6350 = VECTOR ( 'NONE', #206, 1000.000000000000000 ) ;
#6351 = CARTESIAN_POINT ( 'NONE',  ( 44.30625890315180015, 10.39999999999993641, -8.000000000000003553 ) ) ;
#6352 = ORIENTED_EDGE ( 'NONE', *, *, #4861, .T. ) ;
#6353 = DIRECTION ( 'NONE',  ( -0.000000000000000000, 1.000000000000000000, -0.000000000000000000 ) ) ;
#6354 = AXIS2_PLACEMENT_3D ( 'NONE', #5732, #933, #4569 ) ;
#6355 = ORIENTED_EDGE ( 'NONE', *, *, #4539, .F. ) ;
#6356 = EDGE_LOOP ( 'NONE', ( #4001, #3087, #4453, #3800 ) ) ;
#6357 = CARTESIAN_POINT ( 'NONE',  ( 73.71640845730209435, 14.39999999999989910, -5.171699381120754779 ) ) ;
#6358 = ADVANCED_FACE ( 'NONE', ( #582 ), #6559, .T. ) ;
#6359 = VECTOR ( 'NONE', #3593, 1000.000000000000000 ) ;
#6360 = DIRECTION ( 'NONE',  ( -1.000000000000000000, -1.577021341797101948E-15, 0.000000000000000000 ) ) ;
#6361 = CIRCLE ( 'NONE', #1824, 3.999999999999996447 ) ;
#6362 = B_SPLINE_CURVE_WITH_KNOTS ( 'NONE', 3,
 ( #4989, #6719, #5081, #5645, #275, #335, #2416, #4012, #3004, #6128, #1925 ),
 .UNSPECIFIED., .F., .F.,
 ( 4, 1, 1, 1, 1, 1, 1, 1, 4 ),
 ( 0.000000000000000000, 0.1910599019879676286, 0.3639285089577420362, 0.5173018286577485414, 0.6524984524400117003, 0.7682398733008543035, 0.8644986929248318352, 0.9412816669096707445, 1.000000000000000000 ),
 .UNSPECIFIED. ) ;
#6363 = CARTESIAN_POINT ( 'NONE',  ( 70.03339752439249821, 14.39999999999990266, 2.147740844026386320 ) ) ;
#6364 = CARTESIAN_POINT ( 'NONE',  ( 70.43559723906322745, 14.39999999999990621, -5.443997347167107925 ) ) ;
#6365 = DIRECTION ( 'NONE',  ( 0.7071067811865395791, -0.7071067811865554553, -0.000000000000000000 ) ) ;
#6366 = ORIENTED_EDGE ( 'NONE', *, *, #1557, .T. ) ;
#6367 = AXIS2_PLACEMENT_3D ( 'NONE', #1355, #2995, #3480 ) ;
#6368 = VECTOR ( 'NONE', #617, 1000.000000000000000 ) ;
#6369 = CARTESIAN_POINT ( 'NONE',  ( 69.96488978757159316, 15.39999999999990976, -3.992175667217510160 ) ) ;
#6370 = CARTESIAN_POINT ( 'NONE',  ( 16.85941873256619061, 5.895761189193154728, 9.000000000000005329 ) ) ;
#6371 = VECTOR ( 'NONE', #803, 1000.000000000000000 ) ;
#6372 = CARTESIAN_POINT ( 'NONE',  ( 18.58601624878233949, -4.600000000000062705, -12.00000000000000355 ) ) ;
#6373 = CARTESIAN_POINT ( 'NONE',  ( 35.90000000000005542, 15.39999999999992752, -9.000000000000005329 ) ) ;
#6374 = ORIENTED_EDGE ( 'NONE', *, *, #2174, .T. ) ;
#6375 = DIRECTION ( 'NONE',  ( -0.000000000000000000, -0.000000000000000000, -1.000000000000000000 ) ) ;
#6376 = EDGE_CURVE ( 'NONE', #3676, #4122, #5439, .T. ) ;
#6377 = CARTESIAN_POINT ( 'NONE',  ( 72.55732859533372903, 15.39999999999989910, -4.385928495428181861 ) ) ;
#6378 = VECTOR ( 'NONE', #5017, 1000.000000000000000 ) ;
#6379 = CARTESIAN_POINT ( 'NONE',  ( 74.15610824378244104, 14.39999999999989555, 0.8578493243585657568 ) ) ;
#6380 = EDGE_CURVE ( 'NONE', #938, #4485, #5409, .T. ) ;
#6381 = CARTESIAN_POINT ( 'NONE',  ( 74.93635983262763034, 14.39999999999989555, 5.697968591541755501 ) ) ;
#6382 = AXIS2_PLACEMENT_3D ( 'NONE', #1857, #1329, #3447 ) ;
#6383 = VERTEX_POINT ( 'NONE', #134 ) ;
#6384 = ORIENTED_EDGE ( 'NONE', *, *, #6176, .F. ) ;
#6385 = CARTESIAN_POINT ( 'NONE',  ( 21.75622670975752726, 7.400000000004187228, -2.799999999999999822 ) ) ;
#6386 = CARTESIAN_POINT ( 'NONE',  ( 73.84159378609817281, 15.39999999999989733, 2.266519097188655962 ) ) ;
#6387 = DIRECTION ( 'NONE',  ( 0.000000000000000000, 0.000000000000000000, 1.000000000000000000 ) ) ;
#6388 = AXIS2_PLACEMENT_3D ( 'NONE', #962, #4820, #5862 ) ;
#6389 = CARTESIAN_POINT ( 'NONE',  ( 69.96488978757159316, 14.39999999999990976, -3.992175667217510160 ) ) ;
#6390 = EDGE_LOOP ( 'NONE', ( #481, #5814, #52, #5057 ) ) ;
#6391 = AXIS2_PLACEMENT_3D ( 'NONE', #5432, #58, #4391 ) ;
#6392 = CARTESIAN_POINT ( 'NONE',  ( 73.89926484163714804, 15.39999999999989733, 2.729575807278940669 ) ) ;
#6393 = EDGE_LOOP ( 'NONE', ( #6179, #2134, #4235, #123 ) ) ;
#6394 = ORIENTED_EDGE ( 'NONE', *, *, #1756, .F. ) ;
#6395 = CARTESIAN_POINT ( 'NONE',  ( 23.55622670975753508, 0.3999999999999361844, -5.787049111740479344E-31 ) ) ;
#6396 = CARTESIAN_POINT ( 'NONE',  ( 71.22256308848093909, 14.39999999999990266, 3.478674724989181843 ) ) ;
#6397 = CARTESIAN_POINT ( 'NONE',  ( 16.85941873256619061, -4.015927202399493190, 9.981614251541216731 ) ) ;
#6398 = CARTESIAN_POINT ( 'NONE',  ( 68.77287950137601058, 14.39999999999990976, -3.131453097041114297 ) ) ;
#6399 = CARTESIAN_POINT ( 'NONE',  ( 19.14283848563638557, -4.448574731490988476, 11.79875028494101663 ) ) ;
#6400 = VERTEX_POINT ( 'NONE', #3398 ) ;
#6401 = EDGE_CURVE ( 'NONE', #3136, #2474, #3062, .T. ) ;
#6402 = CARTESIAN_POINT ( 'NONE',  ( 71.22217588831672686, 15.39999999999990266, 3.654426561011657082 ) ) ;
#6403 = PLANE ( 'NONE',  #5159 ) ;
#6404 = CARTESIAN_POINT ( 'NONE',  ( 60.09999999999990195, 15.39999999999998792, 2.200000000000097877 ) ) ;
#6405 = CARTESIAN_POINT ( 'NONE',  ( 72.39268690528579953, 15.39999999999989555, -2.570739273648238843 ) ) ;
#6406 = CARTESIAN_POINT ( 'NONE',  ( 70.34809833449712357, 14.39999999999990266, -5.442844874903951080 ) ) ;
#6407 = ORIENTED_EDGE ( 'NONE', *, *, #3884, .T. ) ;
#6408 = CARTESIAN_POINT ( 'NONE',  ( 0.000000000000000000, 15.39999999999992752, 0.000000000000000000 ) ) ;
#6409 = CARTESIAN_POINT ( 'NONE',  ( 73.23498593274042889, 15.39999999999989910, -4.889871679640116042 ) ) ;
#6410 = DIRECTION ( 'NONE',  ( -0.000000000000000000, 0.000000000000000000, 1.000000000000000000 ) ) ;
#6411 = CARTESIAN_POINT ( 'NONE',  ( 70.77066868641429664, 14.39999999999990976, 2.026953436367112893 ) ) ;
#6412 = CARTESIAN_POINT ( 'NONE',  ( 68.77239498887762181, 14.39999999999990621, -0.4659962522082454761 ) ) ;
#6413 = EDGE_CURVE ( 'NONE', #5598, #2126, #2351, .T. ) ;
#6414 = ORIENTED_EDGE ( 'NONE', *, *, #3286, .F. ) ;
#6415 = ORIENTED_EDGE ( 'NONE', *, *, #69, .F. ) ;
#6416 = CARTESIAN_POINT ( 'NONE',  ( 71.59999999999999432, 5.799999999999999822, 37.97994974842648475 ) ) ;
#6417 = CARTESIAN_POINT ( 'NONE',  ( 63.59999999999998721, -4.600000000000048495, 37.97994974842648475 ) ) ;
#6418 = ADVANCED_BREP_SHAPE_REPRESENTATION ( '0PB_feet_squash_print_on_side_mk2_back_v3', ( #3862, #3747, #3769, #2741 ), #6501 ) ;
#6419 = DIRECTION ( 'NONE',  ( -0.000000000000000000, 1.000000000000000000, -0.000000000000000000 ) ) ;
#6420 = EDGE_CURVE ( 'NONE', #6101, #4767, #1834, .T. ) ;
#6421 = DIRECTION ( 'NONE',  ( -1.000000000000000000, 1.734723475976793684E-15, 0.000000000000000000 ) ) ;
#6422 = EDGE_CURVE ( 'NONE', #2837, #4409, #6032, .T. ) ;
#6423 = EDGE_CURVE ( 'NONE', #3007, #4788, #1733, .T. ) ;
#6424 = EDGE_LOOP ( 'NONE', ( #883, #1337, #4394, #2226 ) ) ;
#6425 = PLANE ( 'NONE',  #6606 ) ;
#6426 = ORIENTED_EDGE ( 'NONE', *, *, #5928, .T. ) ;
#6427 = LINE ( 'NONE', #5905, #5486 ) ;
#6428 = CARTESIAN_POINT ( 'NONE',  ( 71.59999999999999432, 5.799999999999999822, 37.97994974842648475 ) ) ;
#6429 = CARTESIAN_POINT ( 'NONE',  ( 74.93635983262761613, 14.39999999999989555, -4.533324015692319797 ) ) ;
#6430 = ORIENTED_EDGE ( 'NONE', *, *, #2940, .F. ) ;
#6431 = CARTESIAN_POINT ( 'NONE',  ( 68.97915530704116804, 14.39999999999990976, -4.579152852415472985 ) ) ;
#6432 = DIRECTION ( 'NONE',  ( 1.000000000000000000, -2.090621471207749369E-15, 0.000000000000000000 ) ) ;
#6433 = ORIENTED_EDGE ( 'NONE', *, *, #4000, .T. ) ;
#6434 = DIRECTION ( 'NONE',  ( 0.000000000000000000, -1.000000000000000000, -2.168404344971008868E-16 ) ) ;
#6435 = CARTESIAN_POINT ( 'NONE',  ( 69.99999999999998579, 5.799999999999999822, 25.82005025157353018 ) ) ;
#6436 = CARTESIAN_POINT ( 'NONE',  ( 72.63556894713272527, 15.39999999999988667, -2.956086130644592913 ) ) ;
#6437 = CARTESIAN_POINT ( 'NONE',  ( 69.85216909391449747, 14.39999999999990266, -5.342164192612377072 ) ) ;
#6438 = ORIENTED_EDGE ( 'NONE', *, *, #2958, .T. ) ;
#6439 = DIRECTION ( 'NONE',  ( 1.000000000000000000, 0.000000000000000000, 0.000000000000000000 ) ) ;
#6440 = CARTESIAN_POINT ( 'NONE',  ( 72.67597759420021930, 14.39999999999989910, -4.498539521323912993 ) ) ;
#6441 = CARTESIAN_POINT ( 'NONE',  ( 0.000000000000000000, -4.600000000000067146, 0.000000000000000000 ) ) ;
#6442 = DIRECTION ( 'NONE',  ( 1.000000000000000000, 0.000000000000000000, -0.000000000000000000 ) ) ;
#6443 = B_SPLINE_CURVE_WITH_KNOTS ( 'NONE', 3,
 ( #1423, #3127, #6254, #1493, #3023, #3617, #3543, #6738, #899, #5238, #2433 ),
 .UNSPECIFIED., .F., .F.,
 ( 4, 1, 1, 1, 1, 1, 1, 1, 4 ),
 ( 0.000000000000000000, 0.1328352129424717754, 0.2562841245751719121, 0.3737214431148458416, 0.4895728118511399884, 0.6071117149037158489, 0.7289658568385710691, 0.8583571788470969466, 1.000000000000000000 ),
 .UNSPECIFIED. ) ;
#6444 = EDGE_LOOP ( 'NONE', ( #6337, #5493, #3224, #1715 ) ) ;
#6445 = EDGE_LOOP ( 'NONE', ( #6394, #668, #4559, #1444, #1107, #5617, #4419, #1217 ) ) ;
#6446 = DIRECTION ( 'NONE',  ( -4.003208021484938538E-16, 1.000000000000000000, 5.787049111740484599E-32 ) ) ;
#6447 = CIRCLE ( 'NONE', #1899, 13.73636363457416465 ) ;
#6448 = CARTESIAN_POINT ( 'NONE',  ( 28.25622670975752726, 10.39999999999992752, -8.711324865405194018 ) ) ;
#6449 = CARTESIAN_POINT ( 'NONE',  ( 73.19999999999998863, 5.799999999999999822, 21.97994974842648475 ) ) ;
#6450 = CARTESIAN_POINT ( 'NONE',  ( 28.25622670975752726, 10.89999999999992752, -9.000000000000005329 ) ) ;
#6451 = CIRCLE ( 'NONE', #3357, 4.000000000000003553 ) ;
#6452 = CARTESIAN_POINT ( 'NONE',  ( 2.398570673938459581E-15, -4.100000000000072475, -19.58581589082205454 ) ) ;
#6453 = ORIENTED_EDGE ( 'NONE', *, *, #6082, .T. ) ;
#6454 = CARTESIAN_POINT ( 'NONE',  ( 73.87373821415268083, 15.39999999999989910, 2.423346347084254226 ) ) ;
#6455 = VERTEX_POINT ( 'NONE', #4400 ) ;
#6456 = CYLINDRICAL_SURFACE ( 'NONE', #285, 1.599999999999990319 ) ;
#6457 = CIRCLE ( 'NONE', #1023, 19.58581589082205454 ) ;
#6458 = ADVANCED_FACE ( 'NONE', ( #3295 ), #760, .T. ) ;
#6459 = B_SPLINE_CURVE_WITH_KNOTS ( 'NONE', 3,
 ( #3500, #5087, #6137, #415, #5195, #3561, #374, #3010, #3640, #3084, #2421 ),
 .UNSPECIFIED., .F., .F.,
 ( 4, 1, 1, 1, 1, 1, 1, 1, 4 ),
 ( 0.000000000000000000, 0.05265892874553096403, 0.1248127157246252811, 0.2192102179564839326, 0.3332050912219696182, 0.4694640205394715604, 0.6253523620739028788, 0.8021990883184594301, 0.9999999999999998890 ),
 .UNSPECIFIED. ) ;
#6460 = ADVANCED_FACE ( 'NONE', ( #101 ), #2207, .F. ) ;
#6461 = CARTESIAN_POINT ( 'NONE',  ( 69.99999999999998579, 5.799999999999999822, 23.82005025157352662 ) ) ;
#6462 = VECTOR ( 'NONE', #1873, 1000.000000000000000 ) ;
#6463 = CARTESIAN_POINT ( 'NONE',  ( 74.93022801735448013, 15.39999999999989200, 3.082727676609621437 ) ) ;
#6464 = ORIENTED_EDGE ( 'NONE', *, *, #1451, .F. ) ;
#6465 = CARTESIAN_POINT ( 'NONE',  ( 69.08474674045440622, 14.39999999999990976, 1.464088104294040127 ) ) ;
#6466 = CARTESIAN_POINT ( 'NONE',  ( 28.25622670975752726, -1.600000000000058709, -9.000000000000005329 ) ) ;
#6467 = ORIENTED_EDGE ( 'NONE', *, *, #5406, .T. ) ;
#6468 = ORIENTED_EDGE ( 'NONE', *, *, #2097, .T. ) ;
#6469 = ADVANCED_FACE ( 'NONE', ( #1767 ), #1063, .T. ) ;
#6470 = DIRECTION ( 'NONE',  ( 1.000000000000000000, 0.000000000000000000, 0.000000000000000000 ) ) ;
#6471 = AXIS2_PLACEMENT_3D ( 'NONE', #5355, #1055, #608 ) ;
#6472 = AXIS2_PLACEMENT_3D ( 'NONE', #2587, #1548, #474 ) ;
#6473 = DIRECTION ( 'NONE',  ( 1.734723475976793487E-15, 1.000000000000000000, -0.000000000000000000 ) ) ;
#6474 = DIRECTION ( 'NONE',  ( -1.734723475976793684E-15, -1.000000000000000000, 0.000000000000000000 ) ) ;
#6475 = CARTESIAN_POINT ( 'NONE',  ( 72.31962315122783025, 15.39999999999990266, 0.7723599597024177754 ) ) ;
#6476 = CARTESIAN_POINT ( 'NONE',  ( 68.89534061273549526, 15.39999999999990798, -4.347358088046798130 ) ) ;
#6477 = VECTOR ( 'NONE', #5704, 1000.000000000000000 ) ;
#6478 = ORIENTED_EDGE ( 'NONE', *, *, #4938, .T. ) ;
#6479 = AXIS2_PLACEMENT_3D ( 'NONE', #4868, #116, #5312 ) ;
#6480 = CARTESIAN_POINT ( 'NONE',  ( 79.59999999999999432, 16.20000000000005258, 37.97994974842648475 ) ) ;
#6481 = DIRECTION ( 'NONE',  ( 1.000000000000000000, 0.000000000000000000, 0.000000000000000000 ) ) ;
#6482 = VECTOR ( 'NONE', #3476, 1000.000000000000000 ) ;
#6483 = DIRECTION ( 'NONE',  ( 0.000000000000000000, 0.000000000000000000, 1.000000000000000000 ) ) ;
#6484 = CARTESIAN_POINT ( 'NONE',  ( 79.59999999999999432, 15.39999999999991331, 18.20579143156562196 ) ) ;
#6485 = ORIENTED_EDGE ( 'NONE', *, *, #142, .T. ) ;
#6486 = ORIENTED_EDGE ( 'NONE', *, *, #3237, .F. ) ;
#6487 = CARTESIAN_POINT ( 'NONE',  ( 70.74019700625265727, 15.39999999999990443, 0.8492061656750224952 ) ) ;
#6488 = VECTOR ( 'NONE', #6808, 1000.000000000000000 ) ;
#6489 = EDGE_CURVE ( 'NONE', #4749, #3638, #3815, .T. ) ;
#6490 = CARTESIAN_POINT ( 'NONE',  ( 69.79972246283594473, 14.39999999999990621, -2.658945283157764461 ) ) ;
#6491 = LINE ( 'NONE', #1314, #1698 ) ;
#6492 = CARTESIAN_POINT ( 'NONE',  ( 68.81847770187910385, 15.39999999999990621, 2.214946619295559138 ) ) ;
#6493 = VECTOR ( 'NONE', #57, 1000.000000000000000 ) ;
#6494 = CARTESIAN_POINT ( 'NONE',  ( 60.09999999999990195, 15.11132486540512154, 1.817644558497603346E-31 ) ) ;
#6495 = EDGE_LOOP ( 'NONE', ( #6273, #2879 ) ) ;
#6496 = CARTESIAN_POINT ( 'NONE',  ( 74.93635983262761613, 15.39999999999989555, -5.918734383217860717 ) ) ;
#6497 = ORIENTED_EDGE ( 'NONE', *, *, #6045, .T. ) ;
#6498 = DIRECTION ( 'NONE',  ( -0.5310069659021992017, 9.211502496577540214E-16, -0.8473674540382942766 ) ) ;
#6499 = VECTOR ( 'NONE', #5331, 1000.000000000000000 ) ;
#6500 = CYLINDRICAL_SURFACE ( 'NONE', #5838, 1.599999999999990319 ) ;
#6501 =( GEOMETRIC_REPRESENTATION_CONTEXT ( 3 ) GLOBAL_UNCERTAINTY_ASSIGNED_CONTEXT ( ( #1876 ) ) GLOBAL_UNIT_ASSIGNED_CONTEXT ( ( #1304, #1397, #2997 ) ) REPRESENTATION_CONTEXT ( 'NONE', 'WORKASPACE' ) );
#6502 = CARTESIAN_POINT ( 'NONE',  ( -20.08581589082205454, -4.600000000000068034, 0.000000000000000000 ) ) ;
#6503 = EDGE_CURVE ( 'NONE', #4788, #148, #3399, .T. ) ;
#6504 = ORIENTED_EDGE ( 'NONE', *, *, #4630, .F. ) ;
#6505 = CARTESIAN_POINT ( 'NONE',  ( 68.77287950137601058, 15.39999999999990798, -3.131453097041114297 ) ) ;
#6506 = CARTESIAN_POINT ( 'NONE',  ( 68.77239498887762181, 15.39999999999990621, -0.4659962522082454761 ) ) ;
#6507 = VERTEX_POINT ( 'NONE', #1370 ) ;
#6508 = ADVANCED_FACE ( 'NONE', ( #276 ), #3005, .T. ) ;
#6509 = EDGE_LOOP ( 'NONE', ( #473, #292 ) ) ;
#6510 = CARTESIAN_POINT ( 'NONE',  ( 70.93640726359403459, 15.39999999999989910, 0.9202393980008157781 ) ) ;
#6511 = FACE_OUTER_BOUND ( 'NONE', #3544, .T. ) ;
#6512 = PLANE ( 'NONE',  #5516 ) ;
#6513 = CARTESIAN_POINT ( 'NONE',  ( 69.80796028888411797, 15.39999999999990443, 2.897908610083109071 ) ) ;
#6514 = EDGE_CURVE ( 'NONE', #2126, #5841, #1175, .T. ) ;
#6515 = DIRECTION ( 'NONE',  ( 1.000000000000000000, 0.000000000000000000, 0.000000000000000000 ) ) ;
#6516 = ORIENTED_EDGE ( 'NONE', *, *, #1034, .T. ) ;
#6517 = EDGE_CURVE ( 'NONE', #3165, #1931, #3524, .T. ) ;
#6518 = DIRECTION ( 'NONE',  ( 1.000000000000000000, 0.000000000000000000, 0.000000000000000000 ) ) ;
#6519 = FACE_OUTER_BOUND ( 'NONE', #4029, .T. ) ;
#6520 = CARTESIAN_POINT ( 'NONE',  ( 71.29268686806840094, 15.39999999999990266, -3.197822295875800691 ) ) ;
#6521 = DIRECTION ( 'NONE',  ( 0.000000000000000000, 0.000000000000000000, 1.000000000000000000 ) ) ;
#6522 = ORIENTED_EDGE ( 'NONE', *, *, #349, .T. ) ;
#6523 = ORIENTED_EDGE ( 'NONE', *, *, #4745, .F. ) ;
#6524 = CARTESIAN_POINT ( 'NONE',  ( 69.80640540196218069, 15.39999999999990798, -3.388733873839131050 ) ) ;
#6525 = DIRECTION ( 'NONE',  ( -1.000000000000000000, 0.000000000000000000, 0.000000000000000000 ) ) ;
#6526 = CARTESIAN_POINT ( 'NONE',  ( 72.38490603527351652, 15.39999999999990088, 2.172600754642243004 ) ) ;
#6527 = CARTESIAN_POINT ( 'NONE',  ( 23.25622670975753437, 10.39999999999993285, 8.000000000000000000 ) ) ;
#6528 = CARTESIAN_POINT ( 'NONE',  ( 72.03635931963478356, 14.39999999999990266, 0.9927408969221741541 ) ) ;
#6529 = EDGE_LOOP ( 'NONE', ( #5050, #3727, #2918, #2518 ) ) ;
#6530 = CARTESIAN_POINT ( 'NONE',  ( 63.59999999999998721, 15.39999999999992752, -9.000000000000005329 ) ) ;
#6531 = ORIENTED_EDGE ( 'NONE', *, *, #1842, .T. ) ;
#6532 = CARTESIAN_POINT ( 'NONE',  ( 0.000000000000000000, 10.39999999999992752, -8.711324865405194018 ) ) ;
#6533 = CYLINDRICAL_SURFACE ( 'NONE', #953, 1.700000000000000178 ) ;
#6534 = CARTESIAN_POINT ( 'NONE',  ( 74.91571498836223952, 14.39999999999989910, 2.481795325572685673 ) ) ;
#6535 = VERTEX_POINT ( 'NONE', #6197 ) ;
#6536 = CARTESIAN_POINT ( 'NONE',  ( 69.94362428040994928, 14.39999999999990621, 0.8429449830166226842 ) ) ;
#6537 = CARTESIAN_POINT ( 'NONE',  ( 73.20000000000000284, 5.799999999999999822, 28.82005025157353018 ) ) ;
#6538 = VERTEX_POINT ( 'NONE', #1336 ) ;
#6539 = ORIENTED_EDGE ( 'NONE', *, *, #3471, .F. ) ;
#6540 = FACE_OUTER_BOUND ( 'NONE', #6529, .T. ) ;
#6541 = EDGE_CURVE ( 'NONE', #2594, #4494, #336, .T. ) ;
#6542 = FACE_OUTER_BOUND ( 'NONE', #4533, .T. ) ;
#6543 = CARTESIAN_POINT ( 'NONE',  ( 62.81132486540516879, 15.39999999999999325, -8.326175397292980318E-31 ) ) ;
#6544 = CARTESIAN_POINT ( 'NONE',  ( 71.81450607448934420, 15.39999999999990088, 1.279621456867868767 ) ) ;
#6545 = DIRECTION ( 'NONE',  ( -1.000000000000000000, -1.734723475976805517E-15, 1.339769540164036683E-16 ) ) ;
#6546 = VERTEX_POINT ( 'NONE', #6750 ) ;
#6547 = FACE_OUTER_BOUND ( 'NONE', #2752, .T. ) ;
#6548 = CARTESIAN_POINT ( 'NONE',  ( 57.09999999999994458, 15.39999999999992752, 9.000000000000005329 ) ) ;
#6549 = EDGE_CURVE ( 'NONE', #6836, #1079, #3731, .T. ) ;
#6550 = CARTESIAN_POINT ( 'NONE',  ( 71.20118482214211042, 14.39999999999990266, 2.704889508759303673 ) ) ;
#6551 = PRODUCT_DEFINITION ( 'UNKNOWN', '', #4397, #5130 ) ;
#6552 = EDGE_CURVE ( 'NONE', #186, #4374, #881, .T. ) ;
#6553 = DIRECTION ( 'NONE',  ( 0.000000000000000000, 0.000000000000000000, 1.000000000000000000 ) ) ;
#6554 = ORIENTED_EDGE ( 'NONE', *, *, #2438, .F. ) ;
#6555 = VERTEX_POINT ( 'NONE', #4596 ) ;
#6556 = FACE_OUTER_BOUND ( 'NONE', #3960, .T. ) ;
#6557 = CARTESIAN_POINT ( 'NONE',  ( 79.59999999999999432, 12.44622315972941351, 28.82005025157353018 ) ) ;
#6558 = CARTESIAN_POINT ( 'NONE',  ( 73.14964967058710954, 14.39999999999989910, 0.5613312217500887602 ) ) ;
#6559 = B_SPLINE_SURFACE_WITH_KNOTS ( 'NONE', 3, 1, ( 
 ( #2698, #4263 ),
 ( #1626, #4295 ),
 ( #1657, #3780 ),
 ( #2553, #2592 ),
 ( #995, #3117 ),
 ( #4667, #4195 ),
 ( #4160, #6310 ),
 ( #1551, #726 ),
 ( #5999, #1237 ),
 ( #2770, #3326 ),
 ( #5371, #3920 ),
 ( #5893, #2878 ),
 ( #3359, #5477 ),
 ( #176, #5968 ),
 ( #1131, #2842 ),
 ( #5934, #655 ),
 ( #1798, #686 ),
 ( #4990, #1278 ),
 ( #4885, #1208 ) ),
 .UNSPECIFIED., .F., .F., .F.,
 ( 4, 1, 1, 1, 1, 1, 1, 1, 1, 1, 1, 1, 1, 1, 1, 1, 4 ),
 ( 2, 2 ),
 ( 0.000000000000000000, 0.06619453496946087201, 0.1293623663900010934, 0.1907947674848295416, 0.2505245028235288385, 0.3087824708552860953, 0.3666451887979786939, 0.4237216304415284962, 0.4819105218696337345, 0.5400444998771947169, 0.5990830269688280918, 0.6596564083095186604, 0.7216885753940271986, 0.7868329515474196123, 0.8540489251572878082, 0.9253021916126010771, 0.9999999999999998890 ),
 ( 0.000000000000000000, 1.000000000000000000 ),
 .UNSPECIFIED. ) ;
#6560 = FACE_OUTER_BOUND ( 'NONE', #4486, .T. ) ;
#6561 = EDGE_CURVE ( 'NONE', #2013, #4847, #3289, .T. ) ;
#6562 = LINE ( 'NONE', #2187, #4797 ) ;
#6563 = ORIENTED_EDGE ( 'NONE', *, *, #6130, .F. ) ;
#6564 = DIRECTION ( 'NONE',  ( 1.000000000000000000, 0.000000000000000000, -0.000000000000000000 ) ) ;
#6565 = EDGE_LOOP ( 'NONE', ( #2085, #2724, #3155, #891, #250, #5065, #1105, #1263, #1940, #855, #2443, #990 ) ) ;
#6566 = LINE ( 'NONE', #6634, #6462 ) ;
#6567 = VECTOR ( 'NONE', #2872, 1000.000000000000000 ) ;
#6568 = CARTESIAN_POINT ( 'NONE',  ( 72.61936716065527264, 14.39999999999990621, 1.885893033944324060 ) ) ;
#6569 = CARTESIAN_POINT ( 'NONE',  ( 70.13089027347707827, 15.39999999999990976, 2.074088630199587335 ) ) ;
#6570 = VERTEX_POINT ( 'NONE', #3494 ) ;
#6571 = CARTESIAN_POINT ( 'NONE',  ( 68.92490853188343181, 15.39999999999990443, 1.771010238664788794 ) ) ;
#6572 = CARTESIAN_POINT ( 'NONE',  ( 73.87075453211555498, 15.39999999999989733, 2.404840739321953524 ) ) ;
#6573 = ORIENTED_EDGE ( 'NONE', *, *, #3471, .T. ) ;
#6574 = ORIENTED_EDGE ( 'NONE', *, *, #3116, .T. ) ;
#6575 = ADVANCED_FACE ( 'NONE', ( #3556 ), #5020, .F. ) ;
#6576 = CARTESIAN_POINT ( 'NONE',  ( 71.28972884271598787, 15.39999999999990621, 1.140590536594604743 ) ) ;
#6577 = AXIS2_PLACEMENT_3D ( 'NONE', #6245, #3540, #2528 ) ;
#6578 = CARTESIAN_POINT ( 'NONE',  ( 73.21934346327645926, 15.39999999999989910, 0.5638517923039049196 ) ) ;
#6579 = VECTOR ( 'NONE', #5114, 1000.000000000000000 ) ;
#6580 = PERSON_AND_ORGANIZATION ( #3690, #4169 ) ;
#6581 = CARTESIAN_POINT ( 'NONE',  ( 72.12335907888703446, 15.39999999999989910, 0.9102808075942462329 ) ) ;
#6582 = DIRECTION ( 'NONE',  ( 1.000000000000000000, -1.734723475976793684E-15, 0.000000000000000000 ) ) ;
#6583 = ORIENTED_EDGE ( 'NONE', *, *, #2772, .F. ) ;
#6584 = AXIS2_PLACEMENT_3D ( 'NONE', #3875, #4876, #6470 ) ;
#6585 = AXIS2_PLACEMENT_3D ( 'NONE', #363, #1364, #1463 ) ;
#6586 = CARTESIAN_POINT ( 'NONE',  ( 73.90931208493557847, 14.39999999999990266, 3.246126950129951894 ) ) ;
#6587 = DIRECTION ( 'NONE',  ( 0.000000000000000000, 0.000000000000000000, 1.000000000000000000 ) ) ;
#6588 = CARTESIAN_POINT ( 'NONE',  ( 51.49999999999999289, 9.800000000000004263, 12.00000000000000533 ) ) ;
#6589 = AXIS2_PLACEMENT_3D ( 'NONE', #694, #1869, #1340 ) ;
#6590 = AXIS2_PLACEMENT_3D ( 'NONE', #6785, #1621, #5263 ) ;
#6591 = ORIENTED_EDGE ( 'NONE', *, *, #2637, .F. ) ;
#6592 = EDGE_CURVE ( 'NONE', #2565, #6570, #5678, .T. ) ;
#6593 = VERTEX_POINT ( 'NONE', #5153 ) ;
#6594 = CARTESIAN_POINT ( 'NONE',  ( 70.00000000000000000, 5.799999999999999822, 37.97994974842648475 ) ) ;
#6595 = EDGE_CURVE ( 'NONE', #1854, #5004, #4674, .T. ) ;
#6596 = ADVANCED_FACE ( 'NONE', ( #2417 ), #5547, .T. ) ;
#6597 = CARTESIAN_POINT ( 'NONE',  ( 63.59999999999998721, 11.79999999999999716, 31.00000000000001066 ) ) ;
#6598 = AXIS2_PLACEMENT_3D ( 'NONE', #2293, #2393, #1805 ) ;
#6599 = VECTOR ( 'NONE', #3268, 1000.000000000000000 ) ;
#6600 = CARTESIAN_POINT ( 'NONE',  ( 70.53440977894797470, 15.39999999999990266, -4.259205386823629702 ) ) ;
#6601 = CIRCLE ( 'NONE', #6259, 1.600000000000004086 ) ;
#6602 = ORIENTED_EDGE ( 'NONE', *, *, #2058, .T. ) ;
#6603 = CARTESIAN_POINT ( 'NONE',  ( 74.90284276358914894, 15.39999999999990088, 2.217489649434316146 ) ) ;
#6604 = ORIENTED_EDGE ( 'NONE', *, *, #5066, .T. ) ;
#6605 = CARTESIAN_POINT ( 'NONE',  ( 71.59999999999999432, 5.799999999999999822, 37.97994974842648475 ) ) ;
#6606 = AXIS2_PLACEMENT_3D ( 'NONE', #5843, #2220, #1078 ) ;
#6607 = CARTESIAN_POINT ( 'NONE',  ( 72.72281706108950061, 15.39999999999989555, 1.823428988199863321 ) ) ;
#6608 = CARTESIAN_POINT ( 'NONE',  ( 0.000000000000000000, -4.100000000000072475, 0.000000000000000000 ) ) ;
#6609 = CARTESIAN_POINT ( 'NONE',  ( 69.09477986960725104, 15.39999999999990798, -4.778683986533110328 ) ) ;
#6610 = VECTOR ( 'NONE', #5949, 1000.000000000000000 ) ;
#6611 = CARTESIAN_POINT ( 'NONE',  ( 17.39552195564070303, -4.100000000000072475, 9.000000000000005329 ) ) ;
#6612 = ORIENTED_EDGE ( 'NONE', *, *, #3285, .T. ) ;
#6613 = ORIENTED_EDGE ( 'NONE', *, *, #1324, .F. ) ;
#6614 = CARTESIAN_POINT ( 'NONE',  ( 73.90984298549996367, 14.39999999999989910, 3.139101676123305040 ) ) ;
#6615 = AXIS2_PLACEMENT_3D ( 'NONE', #2543, #469, #5188 ) ;
#6616 = DIRECTION ( 'NONE',  ( 1.000000000000000000, 0.000000000000000000, 0.000000000000000000 ) ) ;
#6617 = DIRECTION ( 'NONE',  ( 1.000000000000000000, 0.000000000000000000, 0.000000000000000000 ) ) ;
#6618 = CARTESIAN_POINT ( 'NONE',  ( 72.42586837965859559, 15.39999999999990621, 0.7167370884807734432 ) ) ;
#6619 = EDGE_CURVE ( 'NONE', #4361, #2829, #6652, .T. ) ;
#6620 = DIRECTION ( 'NONE',  ( -0.000000000000000000, 0.000000000000000000, 1.000000000000000000 ) ) ;
#6621 = ORIENTED_EDGE ( 'NONE', *, *, #528, .F. ) ;
#6622 = CARTESIAN_POINT ( 'NONE',  ( 51.49999999999999289, 9.800000000000004263, 9.000000000000005329 ) ) ;
#6623 = FACE_OUTER_BOUND ( 'NONE', #2336, .T. ) ;
#6624 = CARTESIAN_POINT ( 'NONE',  ( 48.69374109684812169, 10.39999999999993641, -8.000000000000003553 ) ) ;
#6625 = VERTEX_POINT ( 'NONE', #1090 ) ;
#6626 = VERTEX_POINT ( 'NONE', #4700 ) ;
#6627 = DIRECTION ( 'NONE',  ( 1.000000000000000000, -1.156482317317870344E-15, -0.000000000000000000 ) ) ;
#6628 = CARTESIAN_POINT ( 'NONE',  ( 72.31446590634166682, 15.39999999999989733, 2.379633592111185969 ) ) ;
#6629 = CARTESIAN_POINT ( 'NONE',  ( 63.59999999999998721, 10.89999999999992752, 9.000000000000005329 ) ) ;
#6630 = ADVANCED_FACE ( 'NONE', ( #3179 ), #3209, .T. ) ;
#6631 = EDGE_LOOP ( 'NONE', ( #1902, #6067, #2077, #1087 ) ) ;
#6632 = CARTESIAN_POINT ( 'NONE',  ( 28.25622670975752726, 7.400000000004189893, -2.799999999999999822 ) ) ;
#6633 = CARTESIAN_POINT ( 'NONE',  ( 28.25622670982142282, -500000.0000000000582, 2.799999999891578550 ) ) ;
#6634 = CARTESIAN_POINT ( 'NONE',  ( 48.69374109684812169, 10.39999999999993641, -8.000000000000003553 ) ) ;
#6635 = ADVANCED_FACE ( 'NONE', ( #1542 ), #5750, .F. ) ;
#6636 = EDGE_CURVE ( 'NONE', #5382, #3400, #3740, .T. ) ;
#6637 = ADVANCED_FACE ( 'NONE', ( #5294 ), #3665, .F. ) ;
#6638 = DIRECTION ( 'NONE',  ( 0.000000000000000000, 1.000000000000000000, 0.000000000000000000 ) ) ;
#6639 = CARTESIAN_POINT ( 'NONE',  ( 72.21931008674080488, 14.39999999999990266, 0.8378872444132178243 ) ) ;
#6640 = CARTESIAN_POINT ( 'NONE',  ( 71.06725975270178708, 15.39999999999990266, 2.280313307176581983 ) ) ;
#6641 = ORIENTED_EDGE ( 'NONE', *, *, #4331, .F. ) ;
#6642 = ORIENTED_EDGE ( 'NONE', *, *, #143, .T. ) ;
#6643 = LINE ( 'NONE', #6672, #4366 ) ;
#6644 = ADVANCED_FACE ( 'NONE', ( #4738 ), #5217, .F. ) ;
#6645 = DIRECTION ( 'NONE',  ( 0.000000000000000000, 0.000000000000000000, 1.000000000000000000 ) ) ;
#6646 = APPROVAL_STATUS ( 'not_yet_approved' ) ;
#6647 = CARTESIAN_POINT ( 'NONE',  ( 69.60103604287097312, 14.39999999999989910, 0.9867123625834591794 ) ) ;
#6648 = CARTESIAN_POINT ( 'NONE',  ( 28.25622670975752726, 7.400000000004189893, 2.799999999999999822 ) ) ;
#6649 = ORIENTED_EDGE ( 'NONE', *, *, #2867, .T. ) ;
#6650 = CARTESIAN_POINT ( 'NONE',  ( 69.81464000915633505, 14.39999999999990266, 2.709730192231130097 ) ) ;
#6651 = DIRECTION ( 'NONE',  ( 0.000000000000000000, -4.336808689942013792E-16, -1.000000000000000000 ) ) ;
#6652 = LINE ( 'NONE', #1892, #1389 ) ;
#6653 = VERTEX_POINT ( 'NONE', #2067 ) ;
#6654 = ORIENTED_EDGE ( 'NONE', *, *, #4672, .T. ) ;
#6655 = CARTESIAN_POINT ( 'NONE',  ( 70.03339752439249821, 14.39999999999990266, 2.147740844026386320 ) ) ;
#6656 = CARTESIAN_POINT ( 'NONE',  ( 72.16472307950250809, 14.39999999999990266, -3.960969874156014203 ) ) ;
#6657 = PLANE ( 'NONE',  #1038 ) ;
#6658 = ORIENTED_EDGE ( 'NONE', *, *, #2950, .F. ) ;
#6659 = DIRECTION ( 'NONE',  ( -0.7071067811865479058, -1.226634733346698719E-15, -0.7071067811865472397 ) ) ;
#6660 = EDGE_LOOP ( 'NONE', ( #483, #1233, #6225, #3870, #1527, #471, #2337, #5410, #3305, #1820, #6162, #290, #3545, #4051 ) ) ;
#6661 = CARTESIAN_POINT ( 'NONE',  ( 60.09999999999990905, 7.400000000004199663, -1.736114733519672964E-31 ) ) ;
#6662 = B_SPLINE_SURFACE_WITH_KNOTS ( 'NONE', 3, 1, ( 
 ( #5482, #3402 ),
 ( #4363, #5550 ),
 ( #729, #2354 ),
 ( #5412, #4437 ),
 ( #2846, #6524 ),
 ( #5937, #2322 ),
 ( #5971, #1313 ),
 ( #4889, #690 ),
 ( #1770, #3432 ),
 ( #2881, #3820 ),
 ( #281, #3891 ) ),
 .UNSPECIFIED., .F., .F., .F.,
 ( 4, 1, 1, 1, 1, 1, 1, 1, 4 ),
 ( 2, 2 ),
 ( 0.000000000000000000, 0.05265892874553096403, 0.1248127157246252811, 0.2192102179564839326, 0.3332050912219696182, 0.4694640205394715604, 0.6253523620739028788, 0.8021990883184594301, 0.9999999999999998890 ),
 ( 0.000000000000000000, 1.000000000000000000 ),
 .UNSPECIFIED. ) ;
#6663 = CARTESIAN_POINT ( 'NONE',  ( 71.49849196273856933, 15.39999999999990266, -5.149699433989711750 ) ) ;
#6664 = DIRECTION ( 'NONE',  ( 1.000000000000000000, -5.252124432263457126E-16, 0.000000000000000000 ) ) ;
#6665 = FACE_OUTER_BOUND ( 'NONE', #6726, .T. ) ;
#6666 = VERTEX_POINT ( 'NONE', #5782 ) ;
#6667 = EDGE_CURVE ( 'NONE', #5090, #311, #574, .T. ) ;
#6668 = EDGE_LOOP ( 'NONE', ( #270, #900, #1546, #5766 ) ) ;
#6669 = LINE ( 'NONE', #5472, #5587 ) ;
#6670 = VECTOR ( 'NONE', #6525, 1000.000000000000000 ) ;
#6671 = EDGE_CURVE ( 'NONE', #6685, #3016, #6270, .T. ) ;
#6672 = CARTESIAN_POINT ( 'NONE',  ( 63.59999999999998721, -4.600000000000047606, -12.00000000000000711 ) ) ;
#6673 = ADVANCED_FACE ( 'NONE', ( #1576 ), #5257, .F. ) ;
#6674 = CARTESIAN_POINT ( 'NONE',  ( 71.22607334424442627, 15.39999999999990088, -3.781762217299266204 ) ) ;
#6675 = CARTESIAN_POINT ( 'NONE',  ( 69.76588500392070102, 14.39999999999990621, 0.9010658034989352805 ) ) ;
#6676 = VECTOR ( 'NONE', #6295, 1000.000000000000000 ) ;
#6677 = DIRECTION ( 'NONE',  ( 1.734723475976811532E-16, 1.000000000000000000, 0.000000000000000000 ) ) ;
#6678 = ORIENTED_EDGE ( 'NONE', *, *, #828, .F. ) ;
#6679 = CARTESIAN_POINT ( 'NONE',  ( 71.30074236326248638, 14.39999999999990266, -2.819897517646440921 ) ) ;
#6680 = AXIS2_PLACEMENT_3D ( 'NONE', #916, #2170, #1092 ) ;
#6681 = DIRECTION ( 'NONE',  ( 1.734723475976805517E-15, -1.000000000000000000, 9.860761315262647568E-32 ) ) ;
#6682 = CARTESIAN_POINT ( 'NONE',  ( 71.59999999999999432, 5.799999999999999822, 37.97994974842648475 ) ) ;
#6683 = CYLINDRICAL_SURFACE ( 'NONE', #2803, 1.700000000000000178 ) ;
#6684 = AXIS2_PLACEMENT_3D ( 'NONE', #6764, #4644, #2988 ) ;
#6685 = VERTEX_POINT ( 'NONE', #2581 ) ;
#6686 = AXIS2_PLACEMENT_3D ( 'NONE', #4733, #3204, #4211 ) ;
#6687 = VERTEX_POINT ( 'NONE', #5855 ) ;
#6688 = CARTESIAN_POINT ( 'NONE',  ( 69.84412518304576167, 14.39999999999990621, 2.492933252868077876 ) ) ;
#6689 = CARTESIAN_POINT ( 'NONE',  ( 21.75622670975752726, 10.89999999999992752, -9.000000000000005329 ) ) ;
#6690 = CARTESIAN_POINT ( 'NONE',  ( 70.50107102678829563, 14.39999999999990266, 1.983784647230858011 ) ) ;
#6691 = AXIS2_PLACEMENT_3D ( 'NONE', #3709, #1128, #547 ) ;
#6692 = AXIS2_PLACEMENT_3D ( 'NONE', #6864, #5298, #4291 ) ;
#6693 = EDGE_LOOP ( 'NONE', ( #2070, #2198, #3762 ) ) ;
#6694 = EDGE_CURVE ( 'NONE', #4867, #2155, #4187, .T. ) ;
#6695 = ORIENTED_EDGE ( 'NONE', *, *, #4730, .T. ) ;
#6696 = FACE_OUTER_BOUND ( 'NONE', #3750, .T. ) ;
#6697 = CIRCLE ( 'NONE', #6367, 1.700000000000000178 ) ;
#6698 = VERTEX_POINT ( 'NONE', #1470 ) ;
#6699 = CARTESIAN_POINT ( 'NONE',  ( 72.32852855257955582, 15.39999999999990266, -1.916849355454689707 ) ) ;
#6700 = CIRCLE ( 'NONE', #2272, 19.59591794226541595 ) ;
#6701 = CARTESIAN_POINT ( 'NONE',  ( 72.17541724636460287, 15.39999999999990266, -3.898652956059407426 ) ) ;
#6702 = CARTESIAN_POINT ( 'NONE',  ( 57.09999999999994458, 10.89999999999236024, 9.000000000000005329 ) ) ;
#6703 = CARTESIAN_POINT ( 'NONE',  ( 72.32852855257954161, 14.39999999999990266, -1.651374106775552963 ) ) ;
#6704 = VERTEX_POINT ( 'NONE', #19 ) ;
#6705 = ORIENTED_EDGE ( 'NONE', *, *, #1445, .F. ) ;
#6706 = FACE_OUTER_BOUND ( 'NONE', #1561, .T. ) ;
#6707 = CIRCLE ( 'NONE', #4158, 1.599999999999990319 ) ;
#6708 = PLANE ( 'NONE',  #6802 ) ;
#6709 = CARTESIAN_POINT ( 'NONE',  ( 1.724274860093048929E-15, 15.39999999999992752, -14.07977272543851832 ) ) ;
#6710 = EDGE_CURVE ( 'NONE', #2287, #2013, #542, .T. ) ;
#6711 = PERSON_AND_ORGANIZATION ( #3690, #4169 ) ;
#6712 = VECTOR ( 'NONE', #1511, 1000.000000000000000 ) ;
#6713 = DIRECTION ( 'NONE',  ( -0.000000000000000000, 1.000000000000000000, -0.000000000000000000 ) ) ;
#6714 = DIRECTION ( 'NONE',  ( -0.8571673007021105573, 1.049727191138616477E-16, 0.5150380749100571531 ) ) ;
#6715 = CARTESIAN_POINT ( 'NONE',  ( 79.59999999999999432, 16.20000000000005613, 20.40377336712970546 ) ) ;
#6716 = EDGE_LOOP ( 'NONE', ( #3637, #5776, #1473, #5894, #6319 ) ) ;
#6717 = CARTESIAN_POINT ( 'NONE',  ( 25.25622670975753437, 0.3999999999999368505, -5.787049111740479344E-31 ) ) ;
#6718 = VECTOR ( 'NONE', #623, 1000.000000000000114 ) ;
#6719 = CARTESIAN_POINT ( 'NONE',  ( 71.22230918556036272, 14.39999999999990266, 3.593922363261941477 ) ) ;
#6720 = EDGE_CURVE ( 'NONE', #1273, #6704, #2656, .T. ) ;
#6721 = CARTESIAN_POINT ( 'NONE',  ( 11.93610596054011630, 15.39999999999993108, -12.00000000000000533 ) ) ;
#6722 = ADVANCED_FACE ( 'NONE', ( #3701 ), #1991, .F. ) ;
#6723 = ADVANCED_FACE ( 'NONE', ( #3078 ), #4110, .T. ) ;
#6724 = CARTESIAN_POINT ( 'NONE',  ( 68.77239498887763602, 14.39999999999990621, 5.697968591541755501 ) ) ;
#6725 = VERTEX_POINT ( 'NONE', #4150 ) ;
#6726 = EDGE_LOOP ( 'NONE', ( #4090, #3533, #327, #2659 ) ) ;
#6727 = CARTESIAN_POINT ( 'NONE',  ( 69.79958091509200813, 15.39999999999991154, -2.721096015516010880 ) ) ;
#6728 = CARTESIAN_POINT ( 'NONE',  ( 71.98000798276602552, 14.39999999999990266, -4.572777360401270919 ) ) ;
#6729 = CARTESIAN_POINT ( 'NONE',  ( 0.000000000000000000, 15.23111111111103888, 0.000000000000000000 ) ) ;
#6730 = CARTESIAN_POINT ( 'NONE',  ( 72.29899476436411021, 15.39999999999991331, 2.476234506391711498 ) ) ;
#6731 = EDGE_LOOP ( 'NONE', ( #6649, #1712, #3001, #3521, #3008, #3436, #6305, #4831 ) ) ;
#6732 = ORIENTED_EDGE ( 'NONE', *, *, #1168, .F. ) ;
#6733 = CARTESIAN_POINT ( 'NONE',  ( 73.53736701051849423, 14.39999999999989910, -3.656638310751914922 ) ) ;
#6734 = ORIENTED_EDGE ( 'NONE', *, *, #815, .T. ) ;
#6735 = CARTESIAN_POINT ( 'NONE',  ( 63.09999999999998721, 15.39999999999991687, 9.000000000000005329 ) ) ;
#6736 = CARTESIAN_POINT ( 'NONE',  ( 71.24364299522646604, 15.39999999999990443, -5.294524143065247657 ) ) ;
#6737 = CARTESIAN_POINT ( 'NONE',  ( 72.64959835429448276, 15.39999999999990266, 0.6282912208009536759 ) ) ;
#6738 = CARTESIAN_POINT ( 'NONE',  ( 69.89755075716210797, 14.39999999999990976, -3.878169316062017202 ) ) ;
#6739 = ORIENTED_EDGE ( 'NONE', *, *, #6044, .F. ) ;
#6740 = VERTEX_POINT ( 'NONE', #6370 ) ;
#6741 = CARTESIAN_POINT ( 'NONE',  ( 79.59999999999999432, -0.8462231597294112007, 28.82005025157353018 ) ) ;
#6742 = DIRECTION ( 'NONE',  ( -0.000000000000000000, -0.000000000000000000, 1.000000000000000000 ) ) ;
#6743 = LINE ( 'NONE', #501, #6057 ) ;
#6744 = PLANE ( 'NONE',  #2348 ) ;
#6745 = CARTESIAN_POINT ( 'NONE',  ( 57.09999999999994458, 15.39999999999992752, 12.00000000000000533 ) ) ;
#6746 = CARTESIAN_POINT ( 'NONE',  ( 20.47889952533750346, 11.82157901491112462, 7.736193024561164755 ) ) ;
#6747 = ORIENTED_EDGE ( 'NONE', *, *, #5609, .F. ) ;
#6748 = CARTESIAN_POINT ( 'NONE',  ( 69.81186538764903560, 15.39999999999990266, 2.792557347277041302 ) ) ;
#6749 = CARTESIAN_POINT ( 'NONE',  ( 74.89437770027838326, 14.39999999999989910, 2.117139655869680670 ) ) ;
#6750 = CARTESIAN_POINT ( 'NONE',  ( 71.22217588831672686, 14.39999999997380797, 4.512590736974447125 ) ) ;
#6751 = ORIENTED_EDGE ( 'NONE', *, *, #5233, .F. ) ;
#6752 = ORIENTED_EDGE ( 'NONE', *, *, #653, .F. ) ;
#6753 = LINE ( 'NONE', #1410, #6253 ) ;
#6754 = ADVANCED_FACE ( 'NONE', ( #1616 ), #6512, .T. ) ;
#6755 = CARTESIAN_POINT ( 'NONE',  ( 70.95948436834386541, 14.39999999999990621, -5.392800017387217260 ) ) ;
#6756 = CARTESIAN_POINT ( 'NONE',  ( 61.79999999999990479, 15.39999999999993285, 1.929016370580168029E-31 ) ) ;
#6757 = EDGE_CURVE ( 'NONE', #3782, #840, #1625, .T. ) ;
#6758 = CARTESIAN_POINT ( 'NONE',  ( 71.20713825276173736, 14.39999999999990266, 2.766116000934047303 ) ) ;
#6759 = ORIENTED_EDGE ( 'NONE', *, *, #2046, .F. ) ;
#6760 = ORIENTED_EDGE ( 'NONE', *, *, #6124, .F. ) ;
#6761 = CARTESIAN_POINT ( 'NONE',  ( 16.85941873256619061, -4.100000000000210143, 9.968158511439289882 ) ) ;
#6762 = ORIENTED_EDGE ( 'NONE', *, *, #6710, .F. ) ;
#6763 = EDGE_CURVE ( 'NONE', #3629, #3782, #167, .T. ) ;
#6764 = CARTESIAN_POINT ( 'NONE',  ( 0.000000000000000000, -4.600000000000067146, 0.000000000000000000 ) ) ;
#6765 = CARTESIAN_POINT ( 'NONE',  ( 69.89755075716210797, 15.39999999999990088, -3.878169316062017202 ) ) ;
#6766 = CARTESIAN_POINT ( 'NONE',  ( 72.31962315122783025, 15.39999999999989910, 0.7723599597024177754 ) ) ;
#6767 = DIRECTION ( 'NONE',  ( -1.000000000000000000, 0.000000000000000000, 0.000000000000000000 ) ) ;
#6768 = ORIENTED_EDGE ( 'NONE', *, *, #987, .T. ) ;
#6769 = VERTEX_POINT ( 'NONE', #3283 ) ;
#6770 = DIRECTION ( 'NONE',  ( -1.000000000000000000, -0.000000000000000000, -0.000000000000000000 ) ) ;
#6771 = FACE_BOUND ( 'NONE', #2825, .T. ) ;
#6772 = PLANE ( 'NONE',  #1503 ) ;
#6773 = CARTESIAN_POINT ( 'NONE',  ( 62.09999999999998010, 14.89999999999999325, 7.999999999999994671 ) ) ;
#6774 = VERTEX_POINT ( 'NONE', #2233 ) ;
#6775 = CARTESIAN_POINT ( 'NONE',  ( 73.05153840506967811, 14.39999999999989910, 1.748151664014444329 ) ) ;
#6776 = ORIENTED_EDGE ( 'NONE', *, *, #3572, .F. ) ;
#6777 = AXIS2_PLACEMENT_3D ( 'NONE', #4673, #525, #2113 ) ;
#6778 = FACE_OUTER_BOUND ( 'NONE', #1674, .T. ) ;
#6779 = CARTESIAN_POINT ( 'NONE',  ( 58.39999999999991331, 5.400000000004198775, -4.340286833804120016E-31 ) ) ;
#6780 = AXIS2_PLACEMENT_3D ( 'NONE', #1851, #3973, #6084 ) ;
#6781 = DIRECTION ( 'NONE',  ( 0.7071067811865456854, -0.7071067811865493491, 0.000000000000000000 ) ) ;
#6782 = FACE_OUTER_BOUND ( 'NONE', #4633, .T. ) ;
#6783 = ORIENTED_EDGE ( 'NONE', *, *, #221, .F. ) ;
#6784 = VERTEX_POINT ( 'NONE', #2309 ) ;
#6785 = CARTESIAN_POINT ( 'NONE',  ( 71.59999999999999432, 5.799999999999999822, 25.82005025157353018 ) ) ;
#6786 = AXIS2_PLACEMENT_3D ( 'NONE', #6231, #337, #6271 ) ;
#6787 = CARTESIAN_POINT ( 'NONE',  ( 72.17541724636460287, 14.39999999999990266, -3.898652956059407426 ) ) ;
#6788 = FACE_OUTER_BOUND ( 'NONE', #5720, .T. ) ;
#6789 = CARTESIAN_POINT ( 'NONE',  ( 60.09999999999990195, 15.11132486540512154, 1.699999999999999512 ) ) ;
#6790 = VECTOR ( 'NONE', #765, 1000.000000000000000 ) ;
#6791 = VECTOR ( 'NONE', #5099, 1000.000000000000000 ) ;
#6792 = EDGE_CURVE ( 'NONE', #4960, #871, #5842, .T. ) ;
#6793 = ORIENTED_EDGE ( 'NONE', *, *, #5441, .T. ) ;
#6794 = ADVANCED_FACE ( 'NONE', ( #646 ), #3294, .T. ) ;
#6795 = ORIENTED_EDGE ( 'NONE', *, *, #1922, .T. ) ;
#6796 = CARTESIAN_POINT ( 'NONE',  ( 72.39268690528579953, 14.39999999999990621, -2.570739273648238843 ) ) ;
#6797 = CARTESIAN_POINT ( 'NONE',  ( 73.86084575938843955, 14.39999999999989555, 2.357839276659715821 ) ) ;
#6798 = CARTESIAN_POINT ( 'NONE',  ( 51.49999999999999289, 9.800000000000004263, 12.00000000000000533 ) ) ;
#6799 = VECTOR ( 'NONE', #4055, 1000.000000000000000 ) ;
#6800 = CONICAL_SURFACE ( 'NONE', #5810, 1.699999999999999512, 1.047197551196601850 ) ;
#6801 = ADVANCED_FACE ( 'NONE', ( #5922 ), #2276, .F. ) ;
#6802 = AXIS2_PLACEMENT_3D ( 'NONE', #1953, #3029, #4620 ) ;
#6803 = CARTESIAN_POINT ( 'NONE',  ( 26.95622670975753010, 7.400000000004189005, 2.081899558550498307E-16 ) ) ;
#6804 = AXIS2_PLACEMENT_3D ( 'NONE', #1234, #6115, #2204 ) ;
#6805 = ADVANCED_FACE ( 'NONE', ( #3846 ), #2871, .F. ) ;
#6806 = EDGE_CURVE ( 'NONE', #1753, #832, #6832, .T. ) ;
#6807 = ORIENTED_EDGE ( 'NONE', *, *, #5165, .F. ) ;
#6808 = DIRECTION ( 'NONE',  ( 1.000000000000000000, 3.469446951953614189E-16, -0.000000000000000000 ) ) ;
#6809 = VERTEX_POINT ( 'NONE', #6404 ) ;
#6810 = EDGE_LOOP ( 'NONE', ( #5062, #3652, #1209, #3212 ) ) ;
#6811 = LINE ( 'NONE', #6741, #492 ) ;
#6812 = CARTESIAN_POINT ( 'NONE',  ( 74.93635983262763034, 15.39999999999989555, 5.697968591541755501 ) ) ;
#6813 = VECTOR ( 'NONE', #4541, 1000.000000000000000 ) ;
#6814 = AXIS2_PLACEMENT_3D ( 'NONE', #4002, #328, #6439 ) ;
#6815 = LINE ( 'NONE', #3068, #5942 ) ;
#6816 = CARTESIAN_POINT ( 'NONE',  ( 16.85941873256619061, -4.099999999998770406, -9.968158511392468668 ) ) ;
#6817 = PLANE ( 'NONE',  #1358 ) ;
#6818 = AXIS2_PLACEMENT_3D ( 'NONE', #667, #2296, #4410 ) ;
#6819 = LINE ( 'NONE', #2063, #59 ) ;
#6820 = VERTEX_POINT ( 'NONE', #4951 ) ;
#6821 = CARTESIAN_POINT ( 'NONE',  ( 71.21004698094535001, 15.39999999999990266, 2.839476155936979218 ) ) ;
#6822 = VECTOR ( 'NONE', #6228, 1000.000000000000000 ) ;
#6823 = DIRECTION ( 'NONE',  ( -1.000000000000000000, -0.000000000000000000, 0.000000000000000000 ) ) ;
#6824 = DIRECTION ( 'NONE',  ( 2.668805347656625692E-16, -1.000000000000000000, -3.858032741160322701E-32 ) ) ;
#6825 = CARTESIAN_POINT ( 'NONE',  ( 73.08705040691673105, 14.39999999999990266, -3.327549442669541335 ) ) ;
#6826 = CARTESIAN_POINT ( 'NONE',  ( 17.41236219790884476, -4.239090001129699026, -9.000000000000005329 ) ) ;
#6827 = ORIENTED_EDGE ( 'NONE', *, *, #4629, .F. ) ;
#6828 = ORIENTED_EDGE ( 'NONE', *, *, #3336, .T. ) ;
#6829 = CARTESIAN_POINT ( 'NONE',  ( 0.000000000000000000, -4.600000000000067146, 0.000000000000000000 ) ) ;
#6830 = CARTESIAN_POINT ( 'NONE',  ( 73.23498593274042889, 14.39999999999989910, -4.889871679640116042 ) ) ;
#6831 = CARTESIAN_POINT ( 'NONE',  ( 73.14904740435704866, 14.39999999999989910, 1.748506700249780055 ) ) ;
#6832 = CIRCLE ( 'NONE', #307, 1.700000000000000178 ) ;
#6833 = DIRECTION ( 'NONE',  ( 0.000000000000000000, -1.000000000000000000, 0.000000000000000000 ) ) ;
#6834 = B_SPLINE_CURVE_WITH_KNOTS ( 'NONE', 3,
 ( #2310, #2278, #3317, #4982, #6544, #2899, #5961, #1791, #6581, #5541, #6475, #6618, #5991, #127, #1231, #1305, #5567, #1199, #1826 ),
 .UNSPECIFIED., .F., .F.,
 ( 4, 1, 1, 1, 1, 1, 1, 1, 1, 1, 1, 1, 1, 1, 1, 1, 4 ),
 ( 0.000000000000000000, 0.06704074835227996632, 0.1325568062303837391, 0.1957802642803828097, 0.2582166453742120726, 0.3188681249130449480, 0.3794776946887727376, 0.4400872644644993614, 0.5007387440033284065, 0.5617853304390150182, 0.6219189650290886107, 0.6826734838939167993, 0.7435758163726673420, 0.8054461261157288554, 0.8689749164301614481, 0.9336774142995820647, 1.000000000000000000 ),
 .UNSPECIFIED. ) ;
#6835 = VERTEX_POINT ( 'NONE', #5990 ) ;
#6836 = VERTEX_POINT ( 'NONE', #2763 ) ;
#6837 = CARTESIAN_POINT ( 'NONE',  ( 70.32326434860318898, 15.39999999999990443, 0.7984067926635499690 ) ) ;
#6838 = CARTESIAN_POINT ( 'NONE',  ( 28.25622670975752726, 5.400000000004189893, -2.799999999999999378 ) ) ;
#6839 = CARTESIAN_POINT ( 'NONE',  ( 57.09999999999994458, 10.39999999999992752, 8.711324865405194018 ) ) ;
#6840 = ADVANCED_FACE ( 'NONE', ( #204, #4286 ), #1649, .F. ) ;
#6841 = CARTESIAN_POINT ( 'NONE',  ( 70.04813011460549887, 14.39999999999989910, -4.089114844249175817 ) ) ;
#6842 = EDGE_LOOP ( 'NONE', ( #901, #4791, #1312, #3608 ) ) ;
#6843 = DIRECTION ( 'NONE',  ( -1.000000000000000000, -0.000000000000000000, 0.000000000000000000 ) ) ;
#6844 = VERTEX_POINT ( 'NONE', #3350 ) ;
#6845 = ORIENTED_EDGE ( 'NONE', *, *, #198, .T. ) ;
#6846 = DIRECTION ( 'NONE',  ( 0.000000000000000000, 0.000000000000000000, 1.000000000000000000 ) ) ;
#6847 = EDGE_CURVE ( 'NONE', #6100, #6835, #5615, .T. ) ;
#6848 = CARTESIAN_POINT ( 'NONE',  ( 46.49999999999995737, 5.800000000000005151, 8.000000000000003553 ) ) ;
#6849 = EDGE_CURVE ( 'NONE', #3400, #3873, #5467, .T. ) ;
#6850 = ADVANCED_FACE ( 'NONE', ( #715 ), #611, .T. ) ;
#6851 = LINE ( 'NONE', #3132, #1841 ) ;
#6852 = DIRECTION ( 'NONE',  ( 1.000000000000000000, 0.000000000000000000, 1.224646799147353207E-16 ) ) ;
#6853 = CARTESIAN_POINT ( 'NONE',  ( 41.14480869475966784, 8.399999999999934630, 8.000000000000003553 ) ) ;
#6854 = DIRECTION ( 'NONE',  ( 0.000000000000000000, 0.000000000000000000, -1.000000000000000000 ) ) ;
#6855 = ORIENTED_EDGE ( 'NONE', *, *, #3154, .F. ) ;
#6856 = ADVANCED_FACE ( 'NONE', ( #1790 ), #3912, .F. ) ;
#6857 = CARTESIAN_POINT ( 'NONE',  ( 71.20713825276173736, 15.39999999999990088, 2.766116000934047303 ) ) ;
#6858 = DIRECTION ( 'NONE',  ( -1.000000000000000000, -4.003208021484938538E-16, 0.000000000000000000 ) ) ;
#6859 = CARTESIAN_POINT ( 'NONE',  ( 72.24950336227506398, 15.39999999999990088, 3.456863585250439019 ) ) ;
#6860 = CARTESIAN_POINT ( 'NONE',  ( 72.77801645209228809, 15.39999999999989555, -3.084172123309077307 ) ) ;
#6861 = CARTESIAN_POINT ( 'NONE',  ( 69.09477986960725104, 14.39999999999990976, -4.778683986533110328 ) ) ;
#6862 = ORIENTED_EDGE ( 'NONE', *, *, #4304, .F. ) ;
#6863 = VERTEX_POINT ( 'NONE', #6435 ) ;
#6864 = CARTESIAN_POINT ( 'NONE',  ( 25.25622670975753081, 15.39999999999992752, 1.683736498976339731E-46 ) ) ;
#6865 = DIRECTION ( 'NONE',  ( 0.000000000000000000, -1.148603227236739887E-16, 1.000000000000000000 ) ) ;
#6866 = CARTESIAN_POINT ( 'NONE',  ( 74.47629457339783698, 14.39999999999990266, 1.125095989200419755 ) ) ;
#6867 = DIRECTION ( 'NONE',  ( -1.000000000000000000, -0.000000000000000000, -0.000000000000000000 ) ) ;
#6868 = VERTEX_POINT ( 'NONE', #1680 ) ;
ENDSEC;
END-ISO-10303-21;
