ISO-10303-21;
HEADER;
FILE_DESCRIPTION (( 'STEP AP203' ),
    '1' );
FILE_NAME ('PB_feet_elastomer_v2.2.step',
    '2022-12-08T16:37:01',
    ( '' ),
    ( '' ),
    'SwSTEP 2.0',
    'SolidWorks 2023',
    '' );
FILE_SCHEMA (( 'CONFIG_CONTROL_DESIGN' ));
ENDSEC;

DATA;
#1 = B_SPLINE_SURFACE_WITH_KNOTS ( 'NONE', 3, 1, ( 
 ( #102, #3266 ),
 ( #6453, #9610 ),
 ( #2466, #5657 ),
 ( #3955, #7115 ),
 ( #10293, #158 ),
 ( #3160, #3318 ),
 ( #6504, #9667 ),
 ( #2522, #7320 ),
 ( #5770, #4985 ),
 ( #209, #3371 ),
 ( #4163, #2579 ),
 ( #6557, #9726 ),
 ( #8928, #1798 ),
 ( #988, #1404 ),
 ( #8571, #2859 ) ),
 .UNSPECIFIED., .F., .F., .F.,
 ( 4, 1, 1, 1, 1, 1, 1, 1, 1, 1, 1, 1, 4 ),
 ( 2, 2 ),
 ( 0.000000000000000000, 0.09635745386823817149, 0.1926608788082142254, 0.2894549334517488859, 0.3884793011163928389, 0.4419214173673353674, 0.5015211030486822485, 0.5678827758176532292, 0.6408916507843542831, 0.7203706588124402233, 0.8066369162819659877, 0.9000159377788828907, 1.000000000000000000 ),
 ( 0.000000000000000000, 1.000000000000000000 ),
 .UNSPECIFIED. ) ;
#2 = CARTESIAN_POINT ( 'NONE',  ( -16.76369949595000008, -18.02621364378622459, 16.97234895197516735 ) ) ;
#3 = LINE ( 'NONE', #9415, #5208 ) ;
#4 = PERSON_AND_ORGANIZATION ( #3075, #6207 ) ;
#5 = CARTESIAN_POINT ( 'NONE',  ( -14.42343050151019845, -16.72404858761051116, 18.20232721995041913 ) ) ;
#6 = VERTEX_POINT ( 'NONE', #882 ) ;
#7 = FACE_OUTER_BOUND ( 'NONE', #2072, .T. ) ;
#8 = CARTESIAN_POINT ( 'NONE',  ( -16.20000000000043627, -9.558548413931021059, -3.744708575250041527 ) ) ;
#9 = CARTESIAN_POINT ( 'NONE',  ( -24.19204435802337017, -23.22928065625475469, 7.162607106500518128 ) ) ;
#10 = CARTESIAN_POINT ( 'NONE',  ( -23.71635244085108951, -22.51225337288521189, 7.280265024517864170 ) ) ;
#11 = CARTESIAN_POINT ( 'NONE',  ( -12.30050506338938199, -21.70000000000013785, -20.75510791566222224 ) ) ;
#12 = CARTESIAN_POINT ( 'NONE',  ( -31.15579238467368839, -5.009807540088775824, -16.29867749701571000 ) ) ;
#13 = VECTOR ( 'NONE', #8527, 1000.000000000000000 ) ;
#14 = DIRECTION ( 'NONE',  ( 1.000000000000000000, 3.469446951953614189E-16, -0.000000000000000000 ) ) ;
#15 = ORIENTED_EDGE ( 'NONE', *, *, #3475, .F. ) ;
#16 = CARTESIAN_POINT ( 'NONE',  ( -29.88241331998374406, -4.897567432710673963, 16.04889041533999006 ) ) ;
#17 = EDGE_LOOP ( 'NONE', ( #6448, #46, #871, #3879 ) ) ;
#18 = CARTESIAN_POINT ( 'NONE',  ( -16.99437326939887072, -18.76068094189538371, 18.25604216882906172 ) ) ;
#19 = CARTESIAN_POINT ( 'NONE',  ( -15.70000000000043983, -7.255515437167127324, -0.5126960369936794937 ) ) ;
#20 = CARTESIAN_POINT ( 'NONE',  ( -23.23347672849499546, -23.54833024755365756, 6.204039476972140754 ) ) ;
#21 = CARTESIAN_POINT ( 'NONE',  ( -31.83914760207836991, -5.394100275714425408, -17.45040096129755369 ) ) ;
#22 = ORIENTED_EDGE ( 'NONE', *, *, #3912, .T. ) ;
#23 = CARTESIAN_POINT ( 'NONE',  ( -15.70000000000043983, -8.056804533085559328, -3.319057992788462919 ) ) ;
#24 = DIRECTION ( 'NONE',  ( -3.469446951953614189E-16, 1.000000000000000000, 0.000000000000000000 ) ) ;
#25 = EDGE_CURVE ( 'NONE', #1335, #4676, #8816, .T. ) ;
#26 = CARTESIAN_POINT ( 'NONE',  ( -16.20000000000043983, -9.232888244074917594, -4.093915971200057236 ) ) ;
#27 = CARTESIAN_POINT ( 'NONE',  ( -17.50380646141448082, -18.64095714301598505, -17.86946932774394625 ) ) ;
#28 = CARTESIAN_POINT ( 'NONE',  ( -16.61954035032799482, -0.7057424773177795041, 22.49999999999999289 ) ) ;
#29 = ORIENTED_EDGE ( 'NONE', *, *, #4443, .T. ) ;
#30 = DIRECTION ( 'NONE',  ( 0.7071067811864567565, -0.7071067811866382780, 0.000000000000000000 ) ) ;
#31 = PLANE ( 'NONE',  #9380 ) ;
#32 = CARTESIAN_POINT ( 'NONE',  ( -4.499999999999996447, -14.70000000000013962, -19.99999999999999645 ) ) ;
#33 = EDGE_CURVE ( 'NONE', #107, #7378, #4056, .T. ) ;
#34 = CARTESIAN_POINT ( 'NONE',  ( -15.70000000000043983, -8.616162754740134488, -3.866934758321899146 ) ) ;
#35 = CARTESIAN_POINT ( 'NONE',  ( -16.47096016054722512, -18.34604715625312465, -20.51194017213944321 ) ) ;
#36 = ORIENTED_EDGE ( 'NONE', *, *, #6081, .T. ) ;
#37 = CARTESIAN_POINT ( 'NONE',  ( -16.06840615756674495, -18.02715432681260310, 17.25757016087622020 ) ) ;
#38 = EDGE_CURVE ( 'NONE', #699, #3059, #4879, .T. ) ;
#39 = ADVANCED_FACE ( 'NONE', ( #3204 ), #5603, .F. ) ;
#40 = ORIENTED_EDGE ( 'NONE', *, *, #7837, .T. ) ;
#42 = ORIENTED_EDGE ( 'NONE', *, *, #8475, .F. ) ;
#41 = CARTESIAN_POINT ( 'NONE',  ( -25.31333145693569620, -3.738140405639864827, 18.99999999999999289 ) ) ;
#43 = CARTESIAN_POINT ( 'NONE',  ( -22.00000000000000711, -19.78924521299468253, 4.970562748477149739 ) ) ;
#44 = AXIS2_PLACEMENT_3D ( 'NONE', #3367, #1322, #9722 ) ;
#45 = CARTESIAN_POINT ( 'NONE',  ( -14.24866261705345849, -15.93718780864300122, 19.00000000000000355 ) ) ;
#46 = ORIENTED_EDGE ( 'NONE', *, *, #1490, .F. ) ;
#47 = CARTESIAN_POINT ( 'NONE',  ( -25.18738406377770644, -3.242610763806658802, -18.55667678119886688 ) ) ;
#48 = ORIENTED_EDGE ( 'NONE', *, *, #5621, .T. ) ;
#49 = VECTOR ( 'NONE', #7588, 1000.000000000000114 ) ;
#50 = CARTESIAN_POINT ( 'NONE',  ( -29.85569912627356359, -4.624860584119468321, 22.28876940430921394 ) ) ;
#51 = ORIENTED_EDGE ( 'NONE', *, *, #3475, .T. ) ;
#52 = VECTOR ( 'NONE', #6163, 1000.000000000000000 ) ;
#53 = CARTESIAN_POINT ( 'NONE',  ( -29.12750608334521019, -4.706005042538085270, 22.08728287305628157 ) ) ;
#54 = VECTOR ( 'NONE', #1848, 1000.000000000000000 ) ;
#55 = CARTESIAN_POINT ( 'NONE',  ( -15.76328130188208299, -17.19525189094220963, 21.24132978931335813 ) ) ;
#56 = VECTOR ( 'NONE', #1164, 1000.000000000000000 ) ;
#57 = DIRECTION ( 'NONE',  ( 0.6097197964539160520, 0.5064420397482739533, -0.6097197964539143866 ) ) ;
#58 = COORDINATED_UNIVERSAL_TIME_OFFSET ( 1, 0, .AHEAD. ) ;
#59 = CARTESIAN_POINT ( 'NONE',  ( -16.41195217664290595, -18.29930229902720384, 17.43790275578906801 ) ) ;
#60 = ORIENTED_EDGE ( 'NONE', *, *, #6916, .T. ) ;
#61 = VECTOR ( 'NONE', #4407, 1000.000000000000114 ) ;
#62 = CARTESIAN_POINT ( 'NONE',  ( -16.20000000000044338, -8.336604908523492341, -4.803799551963891190 ) ) ;
#63 = CARTESIAN_POINT ( 'NONE',  ( -25.49269748176879347, -3.783653988295306636, -20.00052184177119585 ) ) ;
#64 = CARTESIAN_POINT ( 'NONE',  ( 2.000000000000001332, -12.29893898089671822, -20.20710678118654258 ) ) ;
#65 = CARTESIAN_POINT ( 'NONE',  ( -4.499999999999996447, -21.70000000000014140, 20.00000000000000000 ) ) ;
#66 = CC_DESIGN_APPROVAL ( #785, ( #7206 ) ) ;
#67 = CARTESIAN_POINT ( 'NONE',  ( -11.23747366716055041, -21.70000000000013429, -20.92620340015683311 ) ) ;
#68 = CARTESIAN_POINT ( 'NONE',  ( -32.12823292504250361, -5.467452512001333531, -18.00113250729093650 ) ) ;
#69 = CARTESIAN_POINT ( 'NONE',  ( -16.21840344835728587, -17.57328289721106174, -21.25579994936017414 ) ) ;
#70 = EDGE_LOOP ( 'NONE', ( #4703, #6090, #2391, #2937 ) ) ;
#71 = CARTESIAN_POINT ( 'NONE',  ( -29.55198098288678210, -4.813716839059527963, 15.97009708868350053 ) ) ;
#72 = ORIENTED_EDGE ( 'NONE', *, *, #2761, .F. ) ;
#73 = CARTESIAN_POINT ( 'NONE',  ( -16.73771316200064163, -18.55736208691994449, -17.77038861576899009 ) ) ;
#74 = DIRECTION ( 'NONE',  ( 0.000000000000000000, 0.000000000000000000, -1.000000000000000000 ) ) ;
#75 = CONICAL_SURFACE ( 'NONE', #9203, 5.420725942163712396, 1.047197551196601184 ) ;
#76 = CARTESIAN_POINT ( 'NONE',  ( -16.20000000000043983, -6.904353841145121073, 4.386515446198294477 ) ) ;
#77 = CARTESIAN_POINT ( 'NONE',  ( -23.81558423305902394, -22.70198999900486214, 7.433428741985060206 ) ) ;
#78 = CARTESIAN_POINT ( 'NONE',  ( -29.50716441505870336, -4.802344589544069287, -15.96221649009413035 ) ) ;
#79 = ORIENTED_EDGE ( 'NONE', *, *, #996, .F. ) ;
#80 = LINE ( 'NONE', #7407, #8401 ) ;
#81 = CARTESIAN_POINT ( 'NONE',  ( -15.19999999999936691, -0.4999999999993516298, 23.00000000000000000 ) ) ;
#82 = CARTESIAN_POINT ( 'NONE',  ( -18.50043412188944103, -2.835038795896980268, 15.00000000000000000 ) ) ;
#83 = CARTESIAN_POINT ( 'NONE',  ( -12.75693438455825124, -16.64809086861041720, -23.00000000000000000 ) ) ;
#84 = CARTESIAN_POINT ( 'NONE',  ( -15.24245204779883167, -17.37285556148233923, -17.29193275965529963 ) ) ;
#85 = B_SPLINE_CURVE_WITH_KNOTS ( 'NONE', 3,
 ( #418, #5145, #4420, #2790, #4319, #9135, #1292 ),
 .UNSPECIFIED., .F., .F.,
 ( 4, 1, 1, 1, 4 ),
 ( 0.000000000000000000, 0.2727955500866146021, 0.5261910092278064832, 0.7669044194616168042, 0.9999999999999998890 ),
 .UNSPECIFIED. ) ;
#86 = VECTOR ( 'NONE', #1899, 1000.000000000000227 ) ;
#87 = CARTESIAN_POINT ( 'NONE',  ( -15.70000000000044338, -7.919889240714613976, 0.8154170941793529304 ) ) ;
#88 = CARTESIAN_POINT ( 'NONE',  ( -16.20000000000043983, -9.711187494247642604, 0.5390353515125253514 ) ) ;
#89 = ADVANCED_FACE ( 'NONE', ( #8607 ), #1590, .F. ) ;
#90 = CARTESIAN_POINT ( 'NONE',  ( -23.56688658970784545, -23.27366032855752209, -7.049558363008411987 ) ) ;
#91 = DIRECTION ( 'NONE',  ( -0.7071067811865454633, -0.7071067811865495711, 0.000000000000000000 ) ) ;
#92 = CARTESIAN_POINT ( 'NONE',  ( -15.70000000000043983, -8.872802034495123280, -0.3147427693030675488 ) ) ;
#93 = FACE_OUTER_BOUND ( 'NONE', #8300, .T. ) ;
#94 = VERTEX_POINT ( 'NONE', #5547 ) ;
#95 = VECTOR ( 'NONE', #9657, 1000.000000000000000 ) ;
#96 = B_SPLINE_SURFACE_WITH_KNOTS ( 'NONE', 1, 3, ( 
 ( #1917, #2590, #1152, #8207, #5994, #5783, #2639, #1859, #2799, #2015, #7591, #8941, #1100, #484, #6770, #7438, #6667, #9837, #1203, #4277, #429, #8308, #1967, #5107, #8262, #7539, #9737, #377, #2747, #4328, #9790, #5831, #7489, #2690, #5941, #3596, #3647, #5885, #9042, #9942, #8987, #5207, #5154, #9145, #4431, #4998, #8362, #4377, #8153, #3540, #1254, #1044, #328, #7385, #5054, #6716, #9890, #4222, #9094, #281, #3442, #3491, #6623, #6818, #10141, #9990 ),
 ( #2957, #5353, #7682, #2850, #6921, #6197, #8563, #9351, #1447, #6102, #6046, #4632, #2222, #7781, #6149, #8610, #9202, #4479, #10095, #3057, #2073, #8413, #6871, #9298, #5259, #1301, #4582, #679, #7635, #9251, #5408, #1347, #3751, #2168, #3004, #533, #3696, #8507, #7736, #1398, #10041, #2272, #2908, #2121, #5307, #636, #8459, #4528, #3804, #4673, #586, #10190, #3849, #6968, #7015, #6246, #9406, #5458, #1486, #7830, #725, #1749, #6397, #7065, #5606, #2367 ) ),
 .UNSPECIFIED., .F., .T., .F.,
 ( 2, 2 ),
 ( 4, 2, 2, 2, 2, 2, 2, 2, 2, 2, 2, 2, 2, 2, 2, 2, 2, 2, 2, 2, 2, 2, 2, 2, 2, 2, 2, 2, 2, 2, 2, 2, 4 ),
 ( 0.000000000000000000, 1.000000000000000000 ),
 ( -6.283185307179586232, -6.086835766330223940, -5.890486225480861648, -5.694136684631500245, -5.497787143782137953, -5.301437602932775661, -5.105088062083414258, -4.908738521234051966, -4.712388980384689674, -4.516039439535327382, -4.319689898685965090, -4.123340357836603687, -3.926990816987241395, -3.730641276137879103, -3.534291735288517255, -3.337942194439155408, -3.141592653589793116, -2.945243112740430824, -2.748893571891068976, -2.552544031041707129, -2.356194490192344837, -2.159844949342982545, -1.963495408493620697, -1.767145867644258628, -1.570796326794896558, -1.374446785945534488, -1.178097245096172418, -0.9817477042468103487, -0.7853981633974482790, -0.5890486225480862092, -0.3926990816987241395, -0.1963495408493620697, 0.000000000000000000 ),
 .UNSPECIFIED. ) ;
#97 = CARTESIAN_POINT ( 'NONE',  ( -17.30435913232909328, -18.47529332046699579, 20.49073943261362629 ) ) ;
#98 = PLANE ( 'NONE',  #9849 ) ;
#99 = PLANE ( 'NONE',  #9672 ) ;
#100 = CARTESIAN_POINT ( 'NONE',  ( -15.70000000000043983, -6.905157355145650655, -3.824726665853956487 ) ) ;
#101 = EDGE_CURVE ( 'NONE', #8335, #3179, #203, .T. ) ;
#102 = CARTESIAN_POINT ( 'NONE',  ( -16.20000000000043983, -10.49999999999928768, 1.613430968716609959 ) ) ;
#103 = VECTOR ( 'NONE', #2925, 1000.000000000000000 ) ;
#104 = EDGE_CURVE ( 'NONE', #4174, #450, #7984, .T. ) ;
#105 = EDGE_CURVE ( 'NONE', #640, #2593, #4668, .T. ) ;
#106 = AXIS2_PLACEMENT_3D ( 'NONE', #6345, #830, #3113 ) ;
#107 = VERTEX_POINT ( 'NONE', #2315 ) ;
#108 = DIRECTION ( 'NONE',  ( -0.000000000000000000, -0.000000000000000000, -1.000000000000000000 ) ) ;
#109 = DIRECTION ( 'NONE',  ( 6.123233995736778362E-17, -0.8660254037844380415, 0.5000000000000009992 ) ) ;
#110 = EDGE_LOOP ( 'NONE', ( #932, #8797, #7911, #5488 ) ) ;
#111 = CARTESIAN_POINT ( 'NONE',  ( -25.37679267874919731, -3.298693101974738529, 17.90529572361001343 ) ) ;
#112 = B_SPLINE_SURFACE_WITH_KNOTS ( 'NONE', 1, 3, ( 
 ( #9315, #2972, #9418, #10111, #4450, #5371, #7650, #8523, #3021, #1458, #6886, #4642, #3866, #5470, #500, #10058, #1272, #7796, #9267, #8472, #10207, #10157, #7608, #548, #1410, #693, #2093, #601, #6064, #2868, #5279, #9219, #1361, #4598, #6211, #7748, #2237, #5424, #3819, #647, #6983, #3074, #3664, #6260, #6833, #10005, #1318, #8431, #1714, #9928, #3634, #8399, #8447, #7521, #5979, #6853, #359, #2109, #10022, #5296, #7276, #163, #3323, #9820, #5867, #9128 ),
 ( #8248, #5138, #2729, #8291, #5924, #4358, #2989, #1519, #4614, #9333, #2206, #661, #5340, #5391, #568, #8696, #3833, #3039, #1428, #3731, #10173, #9435, #8641, #4704, #3939, #3788, #6136, #7098, #10274, #3139, #6231, #6322, #9283, #2154, #9387, #2346, #8493, #1379, #4563, #2257, #5440, #8594, #1473, #4515, #4656, #7814, #708, #6437, #8799, #1676, #8079, #4759, #7920, #4093, #9646, #4860, #1627, #9760, #9704, #812, #7355, #141, #3982, #3352, #8021, #2609 ) ),
 .UNSPECIFIED., .F., .T., .F.,
 ( 2, 2 ),
 ( 4, 2, 2, 2, 2, 2, 2, 2, 2, 2, 2, 2, 2, 2, 2, 2, 2, 2, 2, 2, 2, 2, 2, 2, 2, 2, 2, 2, 2, 2, 2, 2, 4 ),
 ( 0.000000000000000000, 1.000000000000000000 ),
 ( -6.283185307179586232, -6.086835766330223940, -5.890486225480861648, -5.694136684631500245, -5.497787143782137953, -5.301437602932775661, -5.105088062083414258, -4.908738521234051966, -4.712388980384689674, -4.516039439535327382, -4.319689898685965090, -4.123340357836603687, -3.926990816987241395, -3.730641276137879103, -3.534291735288517255, -3.337942194439155408, -3.141592653589793116, -2.945243112740430824, -2.748893571891068976, -2.552544031041707129, -2.356194490192344837, -2.159844949342982545, -1.963495408493620697, -1.767145867644258628, -1.570796326794896558, -1.374446785945534488, -1.178097245096172418, -0.9817477042468103487, -0.7853981633974482790, -0.5890486225480862092, -0.3926990816987241395, -0.1963495408493620697, 0.000000000000000000 ),
 .UNSPECIFIED. ) ;
#113 = VECTOR ( 'NONE', #10057, 1000.000000000000000 ) ;
#114 = ORIENTED_EDGE ( 'NONE', *, *, #7397, .F. ) ;
#115 = CARTESIAN_POINT ( 'NONE',  ( -16.22428746262621502, -18.15063983741353582, 17.32703421853901204 ) ) ;
#116 = CARTESIAN_POINT ( 'NONE',  ( -29.15914698900206758, -4.714034142584210940, 22.08452009759097834 ) ) ;
#117 = VECTOR ( 'NONE', #9659, 1000.000000000000000 ) ;
#118 = ADVANCED_FACE ( 'NONE', ( #7882 ), #98, .F. ) ;
#119 = CARTESIAN_POINT ( 'NONE',  ( -15.21910429172128687, -16.74325063296636529, 16.97234895197516380 ) ) ;
#120 = ADVANCED_FACE ( 'NONE', ( #267 ), #8092, .F. ) ;
#121 = ADVANCED_FACE ( 'NONE', ( #1845 ), #5767, .T. ) ;
#122 = AXIS2_PLACEMENT_3D ( 'NONE', #8939, #3489, #4375 ) ;
#123 = CARTESIAN_POINT ( 'NONE',  ( -14.42343050151020734, -16.72404858761049340, 19.79767278004957731 ) ) ;
#124 = ORIENTED_EDGE ( 'NONE', *, *, #7852, .T. ) ;
#125 = CARTESIAN_POINT ( 'NONE',  ( -16.20000000000043272, -8.446784103596192139, -4.755975227724845489 ) ) ;
#126 = CARTESIAN_POINT ( 'NONE',  ( -25.78100876683260623, -3.856811167303236143, -20.54959903878136629 ) ) ;
#127 = CARTESIAN_POINT ( 'NONE',  ( -2.153022881041926073, -12.35302288104267276, 23.00000000000000000 ) ) ;
#128 = CARTESIAN_POINT ( 'NONE',  ( -16.20000000000043983, -6.904353841145121073, -3.782919396294488479 ) ) ;
#129 = DIRECTION ( 'NONE',  ( 8.659560562354903276E-17, -0.7071067811865500152, 0.7071067811865451302 ) ) ;
#130 = CARTESIAN_POINT ( 'NONE',  ( -32.30682491192607841, -5.512771037362599991, -18.79710433981732365 ) ) ;
#131 = LINE ( 'NONE', #1615, #7886 ) ;
#132 = CARTESIAN_POINT ( 'NONE',  ( -28.62275564535040928, -4.577921510979472863, 15.90444944332025656 ) ) ;
#133 = ORIENTED_EDGE ( 'NONE', *, *, #4555, .T. ) ;
#134 = LINE ( 'NONE', #7347, #8676 ) ;
#135 = FACE_OUTER_BOUND ( 'NONE', #146, .T. ) ;
#136 = FACE_OUTER_BOUND ( 'NONE', #786, .T. ) ;
#137 = CARTESIAN_POINT ( 'NONE',  ( -23.99923826621139611, -23.44155654374892706, 6.969801014688528085 ) ) ;
#138 = CARTESIAN_POINT ( 'NONE',  ( -31.99724693097005712, -5.434213543709856431, -17.72078296039940071 ) ) ;
#139 = VERTEX_POINT ( 'NONE', #6554 ) ;
#140 = CARTESIAN_POINT ( 'NONE',  ( -25.43172798364586740, -22.83172798364415712, 8.402290732123002925 ) ) ;
#141 = CARTESIAN_POINT ( 'NONE',  ( -32.41224973980343549, -5.381834262816073355, 17.90529572361000632 ) ) ;
#142 = LINE ( 'NONE', #7356, #9656 ) ;
#143 = DIRECTION ( 'NONE',  ( 1.226634733346685253E-13, 0.7071067811865451302, -0.7071067811865500152 ) ) ;
#144 = CARTESIAN_POINT ( 'NONE',  ( -14.98829455000832134, -17.17151878618560090, -17.43790275578907512 ) ) ;
#145 = LINE ( 'NONE', #6441, #4220 ) ;
#146 = EDGE_LOOP ( 'NONE', ( #10172, #2419, #5515, #8502 ) ) ;
#147 = CARTESIAN_POINT ( 'NONE',  ( -31.59036746121493522, -5.330966715024850977, -17.10903070182648378 ) ) ;
#148 = CARTESIAN_POINT ( 'NONE',  ( -23.39763696516197200, -23.32752037791275868, -6.788329589419658916 ) ) ;
#149 = FACE_OUTER_BOUND ( 'NONE', #7070, .T. ) ;
#150 = CARTESIAN_POINT ( 'NONE',  ( -15.70000000000043983, -9.519325745999388744, 0.3643429300444248065 ) ) ;
#151 = CARTESIAN_POINT ( 'NONE',  ( -15.70000000000043983, -8.488320065805471160, -3.982623725392821612 ) ) ;
#152 = ORIENTED_EDGE ( 'NONE', *, *, #4548, .T. ) ;
#153 = CARTESIAN_POINT ( 'NONE',  ( -16.20000000000043983, -8.784289032372960548, -0.3889521085299013636 ) ) ;
#154 = ORIENTED_EDGE ( 'NONE', *, *, #5682, .F. ) ;
#156 = EDGE_LOOP ( 'NONE', ( #3806, #7109 ) ) ;
#155 = PLANE ( 'NONE',  #5676 ) ;
#157 = CARTESIAN_POINT ( 'NONE',  ( -21.76175575615275193, -20.15905952401790913, -22.80000000000000071 ) ) ;
#158 = CARTESIAN_POINT ( 'NONE',  ( -15.70000000000043983, -9.981714739563939176, 1.474679320578919262 ) ) ;
#159 = ORIENTED_EDGE ( 'NONE', *, *, #5829, .F. ) ;
#160 = CARTESIAN_POINT ( 'NONE',  ( -31.17362502791119283, -5.015087639563803990, -16.28413871229109233 ) ) ;
#161 = DIRECTION ( 'NONE',  ( 0.7071067811865474617, 0.7071067811865474617, 0.000000000000000000 ) ) ;
#162 = ORIENTED_EDGE ( 'NONE', *, *, #1006, .F. ) ;
#163 = CARTESIAN_POINT ( 'NONE',  ( -32.12823292504249650, -5.467452512001336196, 18.00113250729094005 ) ) ;
#164 = CARTESIAN_POINT ( 'NONE',  ( -32.11162760509515124, -5.292822513154851194, 20.70262373805849165 ) ) ;
#165 = ORIENTED_EDGE ( 'NONE', *, *, #5701, .T. ) ;
#166 = ADVANCED_FACE ( 'NONE', ( #5711 ), #5230, .F. ) ;
#167 = CARTESIAN_POINT ( 'NONE',  ( -29.18419931013361790, -4.720391741952754572, 22.08221367189267781 ) ) ;
#168 = ORIENTED_EDGE ( 'NONE', *, *, #8601, .T. ) ;
#169 = CARTESIAN_POINT ( 'NONE',  ( -17.50380646141447727, -18.64095714301598505, 17.86946932774394625 ) ) ;
#170 = APPROVAL_DATE_TIME ( #3282, #8636 ) ;
#171 = CARTESIAN_POINT ( 'NONE',  ( -4.499999999999995559, -21.20000000000015561, 23.00000000000000000 ) ) ;
#172 = ORIENTED_EDGE ( 'NONE', *, *, #2768, .F. ) ;
#173 = CARTESIAN_POINT ( 'NONE',  ( -15.70000000000043983, -8.937246535974217920, 0.6055004372474811492 ) ) ;
#174 = EDGE_CURVE ( 'NONE', #6451, #855, #7424, .T. ) ;
#175 = CARTESIAN_POINT ( 'NONE',  ( -26.14283748325220813, -3.948626804170561222, -21.00526779930781274 ) ) ;
#176 = CARTESIAN_POINT ( 'NONE',  ( -17.12051304298577392, -18.86060527521767582, -19.00000000000000000 ) ) ;
#177 = EDGE_CURVE ( 'NONE', #8915, #10297, #2096, .T. ) ;
#178 = CARTESIAN_POINT ( 'NONE',  ( -34.71423156829899170, 1.278697662366830468, -19.00000000000000000 ) ) ;
#179 = CARTESIAN_POINT ( 'NONE',  ( -16.20000000000043983, -9.808529584835024906, -3.550268412859013178 ) ) ;
#180 = CARTESIAN_POINT ( 'NONE',  ( -25.77549016955369154, -3.855415271686121859, -17.44643385345202802 ) ) ;
#181 = CARTESIAN_POINT ( 'NONE',  ( -19.23050865276337262, -11.65944084089724342, 19.00000000000000000 ) ) ;
#182 = CARTESIAN_POINT ( 'NONE',  ( -28.41269646572743923, -4.524616531005486664, 15.92002929375861697 ) ) ;
#183 = ORIENTED_EDGE ( 'NONE', *, *, #1131, .F. ) ;
#184 = CARTESIAN_POINT ( 'NONE',  ( -34.00000000000000000, -8.000000000000031974, 0.000000000000000000 ) ) ;
#185 = CARTESIAN_POINT ( 'NONE',  ( -34.50000000000000000, -12.00000000000003197, -22.49999999999999289 ) ) ;
#186 = DIRECTION ( 'NONE',  ( 2.709307669882598235E-16, -1.000000000000000000, 0.000000000000000000 ) ) ;
#187 = CARTESIAN_POINT ( 'NONE',  ( -30.56044205871466346, -5.069621833441126491, -16.31621895853264803 ) ) ;
#188 = ORIENTED_EDGE ( 'NONE', *, *, #4124, .T. ) ;
#189 = CARTESIAN_POINT ( 'NONE',  ( -34.00000000000000000, -8.000000000000031974, 0.000000000000000000 ) ) ;
#190 = CARTESIAN_POINT ( 'NONE',  ( -34.00000000000000000, -11.50000000000001599, -10.50000000000000000 ) ) ;
#191 = CARTESIAN_POINT ( 'NONE',  ( -24.24048454215969883, -22.54132243378470690, -7.211047290636838802 ) ) ;
#192 = AXIS2_PLACEMENT_3D ( 'NONE', #5252, #6096, #2009 ) ;
#193 = CARTESIAN_POINT ( 'NONE',  ( -16.20000000000043983, -9.711187494247642604, -3.609787139473049411 ) ) ;
#194 = CARTESIAN_POINT ( 'NONE',  ( -17.04796840796678126, -18.80313735470862468, -18.42001242353532575 ) ) ;
#195 = VERTEX_POINT ( 'NONE', #4263 ) ;
#196 = CARTESIAN_POINT ( 'NONE',  ( -16.20000000000043983, -8.872802034495123280, -0.3147427693030675488 ) ) ;
#197 = LINE ( 'NONE', #3360, #2074 ) ;
#198 = B_SPLINE_SURFACE_WITH_KNOTS ( 'NONE', 3, 1, ( 
 ( #8864, #1029 ),
 ( #6603, #822 ),
 ( #9770, #4205 ),
 ( #1739, #7365 ),
 ( #5542, #6387 ),
 ( #6550, #34 ),
 ( #4156, #4929 ),
 ( #201, #9717 ),
 ( #3198, #262 ),
 ( #9548, #5599 ),
 ( #2410, #1636 ) ),
 .UNSPECIFIED., .F., .F., .F.,
 ( 4, 1, 1, 1, 1, 1, 1, 1, 4 ),
 ( 2, 2 ),
 ( 0.000000000000000000, 0.1850900618630605399, 0.3523569643820057551, 0.5030795117590483034, 0.6372794639743608602, 0.7524732703005150292, 0.8518857877882209939, 0.9343394349213434147, 1.000000000000000000 ),
 ( 0.000000000000000000, 1.000000000000000000 ),
 .UNSPECIFIED. ) ;
#199 = VECTOR ( 'NONE', #9525, 1000.000000000000000 ) ;
#200 = DIRECTION ( 'NONE',  ( 0.7071067811865453523, 0.000000000000000000, -0.7071067811865496822 ) ) ;
#201 = CARTESIAN_POINT ( 'NONE',  ( -16.20000000000043983, -8.488320065805471160, -3.982623725392821612 ) ) ;
#202 = CARTESIAN_POINT ( 'NONE',  ( -15.70000000000043983, -8.971562269813281532, -3.507771793593709386 ) ) ;
#203 = B_SPLINE_CURVE_WITH_KNOTS ( 'NONE', 3,
 ( #1534, #6392, #1484, #3108, #8711, #7062, #3897, #9450, #10241, #9500, #2362 ),
 .UNSPECIFIED., .F., .F.,
 ( 4, 1, 1, 1, 1, 1, 1, 1, 4 ),
 ( 0.000000000000000000, 0.1191762436674470571, 0.2364273787594516341, 0.3526638478564028678, 0.4690860844274158392, 0.5894629077907684866, 0.7176014692905111625, 0.8541894668533106527, 1.000000000000000000 ),
 .UNSPECIFIED. ) ;
#204 = ORIENTED_EDGE ( 'NONE', *, *, #5201, .F. ) ;
#205 = CARTESIAN_POINT ( 'NONE',  ( -15.70000000000043983, -8.446784103596193916, -0.6071527367392721697 ) ) ;
#206 = CARTESIAN_POINT ( 'NONE',  ( -23.01225337288697048, -23.21635244084942329, -6.193492042631667083 ) ) ;
#208 = EDGE_LOOP ( 'NONE', ( #1858, #9132, #5253, #7545 ) ) ;
#207 = DIRECTION ( 'NONE',  ( 0.000000000000000000, 0.000000000000000000, -1.000000000000000000 ) ) ;
#209 = CARTESIAN_POINT ( 'NONE',  ( -16.20000000000043983, -9.444990259596721671, 1.103440602228848544 ) ) ;
#210 = ORIENTED_EDGE ( 'NONE', *, *, #7477, .F. ) ;
#211 = CARTESIAN_POINT ( 'NONE',  ( -16.59463374454154305, -0.7898603272461107716, 15.41227228665714044 ) ) ;
#212 = CARTESIAN_POINT ( 'NONE',  ( -34.00000000000000000, -8.000000000000031974, 4.920725942163695521 ) ) ;
#213 = ORIENTED_EDGE ( 'NONE', *, *, #4313, .T. ) ;
#214 = AXIS2_PLACEMENT_3D ( 'NONE', #7318, #8344, #8449 ) ;
#215 = VECTOR ( 'NONE', #8102, 1000.000000000000000 ) ;
#216 = DIRECTION ( 'NONE',  ( -0.4248827947106128544, -0.9052483696527153789, -4.107008052972432830E-16 ) ) ;
#217 = VECTOR ( 'NONE', #6837, 1000.000000000000114 ) ;
#218 = VERTEX_POINT ( 'NONE', #8193 ) ;
#219 = CARTESIAN_POINT ( 'NONE',  ( -25.49150456647992158, -3.783354015943658499, 19.99797332315650777 ) ) ;
#220 = ORIENTED_EDGE ( 'NONE', *, *, #5125, .F. ) ;
#221 = CARTESIAN_POINT ( 'NONE',  ( -17.72290744451237288, -18.82294557349879938, 19.29528838535501478 ) ) ;
#222 = VECTOR ( 'NONE', #5913, 1000.000000000000114 ) ;
#223 = SECURITY_CLASSIFICATION_LEVEL ( 'unclassified' ) ;
#224 = CARTESIAN_POINT ( 'NONE',  ( -16.20000000000043983, -9.808529584835024906, -0.7375684428418834981 ) ) ;
#225 = ADVANCED_FACE ( 'NONE', ( #5282 ), #2037, .F. ) ;
#226 = VERTEX_POINT ( 'NONE', #2818 ) ;
#227 = CARTESIAN_POINT ( 'NONE',  ( -11.47363759657488558, -20.87313253318575335, 23.00000000000000000 ) ) ;
#228 = AXIS2_PLACEMENT_3D ( 'NONE', #6443, #4202, #5645 ) ;
#229 = CARTESIAN_POINT ( 'NONE',  ( -26.98506708158259926, -4.162348023017459653, -21.64514223358478873 ) ) ;
#230 = CARTESIAN_POINT ( 'NONE',  ( -24.00318665472543245, -23.44391195991605059, 6.973749403202572417 ) ) ;
#231 = CIRCLE ( 'NONE', #1871, 1.000000000000061506 ) ;
#232 = PLANE ( 'NONE',  #1551 ) ;
#233 = CARTESIAN_POINT ( 'NONE',  ( -30.94305905697244086, -5.166709276345105017, -21.46483300905441638 ) ) ;
#234 = EDGE_CURVE ( 'NONE', #8450, #562, #9776, .T. ) ;
#235 = CARTESIAN_POINT ( 'NONE',  ( -25.31198845677991471, -22.13275126118272951, 15.00000000000000000 ) ) ;
#236 = PRODUCT_DEFINITION_FORMATION_WITH_SPECIFIED_SOURCE ( 'ANY', '', #4086, .NOT_KNOWN. ) ;
#237 = AXIS2_PLACEMENT_3D ( 'NONE', #5236, #1282, #513 ) ;
#238 = CARTESIAN_POINT ( 'NONE',  ( -28.46100937976614986, -4.536877300394445811, 15.91547990241720711 ) ) ;
#239 = VERTEX_POINT ( 'NONE', #8435 ) ;
#240 = CARTESIAN_POINT ( 'NONE',  ( -16.97525427490553440, -18.74553637540620699, -18.20484555655496806 ) ) ;
#241 = EDGE_CURVE ( 'NONE', #6999, #1216, #7317, .T. ) ;
#242 = CARTESIAN_POINT ( 'NONE',  ( -16.20000000000043983, -9.421883442187549917, 0.2629493715200401094 ) ) ;
#243 = EDGE_CURVE ( 'NONE', #94, #1638, #6792, .T. ) ;
#244 = CARTESIAN_POINT ( 'NONE',  ( -15.19999999999932250, -3.999999999999346301, 23.00000000000000000 ) ) ;
#245 = CARTESIAN_POINT ( 'NONE',  ( -15.70000000000044693, -7.570223353500034058, 0.1282128092812644393 ) ) ;
#246 = CARTESIAN_POINT ( 'NONE',  ( -30.48280061459377421, -5.049919702351341577, -16.27759211262256756 ) ) ;
#247 = ORIENTED_EDGE ( 'NONE', *, *, #3470, .F. ) ;
#248 = DIRECTION ( 'NONE',  ( -0.7071067811865474617, -0.7071067811865474617, -0.000000000000000000 ) ) ;
#249 = CARTESIAN_POINT ( 'NONE',  ( -16.20000000000043983, -7.989098054934059334, 1.521234913361374730 ) ) ;
#250 = LOCAL_TIME ( 17, 37, 1.000000000000000000, #5617 ) ;
#251 = CARTESIAN_POINT ( 'NONE',  ( -23.78350276694050081, -22.61528316404555028, -7.383911178075585724 ) ) ;
#252 = CARTESIAN_POINT ( 'NONE',  ( -16.20000000000043627, -7.752223120512271137, -3.379186880525870240 ) ) ;
#253 = CARTESIAN_POINT ( 'NONE',  ( -16.61954035032799482, -0.7057424773177796151, 15.00000000000000000 ) ) ;
#254 = EDGE_CURVE ( 'NONE', #2464, #277, #5779, .T. ) ;
#255 = CARTESIAN_POINT ( 'NONE',  ( -45.10080138151387530, -12.00000000000003553, -7.682591274314915175 ) ) ;
#256 = VERTEX_POINT ( 'NONE', #9963 ) ;
#257 = CARTESIAN_POINT ( 'NONE',  ( -13.29893898089581050, -2.999999999999608313, -23.00000000000000000 ) ) ;
#258 = VECTOR ( 'NONE', #1872, 1000.000000000000114 ) ;
#259 = LINE ( 'NONE', #3417, #4901 ) ;
#260 = ADVANCED_FACE ( 'NONE', ( #6608 ), #9222, .F. ) ;
#261 = CARTESIAN_POINT ( 'NONE',  ( -27.02884101798163030, -3.787851072137795594, -21.96917793852620804 ) ) ;
#262 = CARTESIAN_POINT ( 'NONE',  ( -15.70000000000043983, -8.437525039241712932, -4.024967190672311013 ) ) ;
#263 = CARTESIAN_POINT ( 'NONE',  ( -15.70000000000043627, -9.844654437901985133, -2.745417130705918751 ) ) ;
#264 = EDGE_LOOP ( 'NONE', ( #5463, #3082, #8311, #9819 ) ) ;
#265 = CARTESIAN_POINT ( 'NONE',  ( -13.79893898089594551, -3.499999999999526157, -22.49999999999999289 ) ) ;
#266 = VECTOR ( 'NONE', #8719, 1000.000000000000000 ) ;
#267 = FACE_OUTER_BOUND ( 'NONE', #3662, .T. ) ;
#269 = ORIENTED_EDGE ( 'NONE', *, *, #3280, .F. ) ;
#268 = CARTESIAN_POINT ( 'NONE',  ( -34.00000000000000000, -8.000000000000031974, -10.00000000000000000 ) ) ;
#270 = LINE ( 'NONE', #3430, #7839 ) ;
#271 = VECTOR ( 'NONE', #7636, 1000.000000000000000 ) ;
#272 = ORIENTED_EDGE ( 'NONE', *, *, #9062, .F. ) ;
#273 = CARTESIAN_POINT ( 'NONE',  ( -32.60158332329182684, -5.437894384777097301, -19.00000000000000355 ) ) ;
#274 = LINE ( 'NONE', #6456, #1557 ) ;
#275 = ORIENTED_EDGE ( 'NONE', *, *, #3732, .F. ) ;
#276 = CARTESIAN_POINT ( 'NONE',  ( -34.00000000000000000, -12.00000000000003197, 0.000000000000000000 ) ) ;
#277 = VERTEX_POINT ( 'NONE', #4500 ) ;
#278 = DIRECTION ( 'NONE',  ( -1.000000000000000000, 1.734723475976577126E-13, 0.000000000000000000 ) ) ;
#279 = CARTESIAN_POINT ( 'NONE',  ( -25.96675076956927697, -3.903946491366623750, 20.80514341093089570 ) ) ;
#280 = VERTEX_POINT ( 'NONE', #7653 ) ;
#281 = CARTESIAN_POINT ( 'NONE',  ( -17.50380646141448082, -18.64095714301598505, -17.86946932774394625 ) ) ;
#282 = CARTESIAN_POINT ( 'NONE',  ( -34.00000000000000000, -2.000000000000030198, 0.000000000000000000 ) ) ;
#283 = PLANE ( 'NONE',  #4399 ) ;
#284 = EDGE_LOOP ( 'NONE', ( #1076, #10015, #6971, #2268 ) ) ;
#285 = VECTOR ( 'NONE', #1360, 1000.000000000000000 ) ;
#286 = DIRECTION ( 'NONE',  ( -0.000000000000000000, -0.000000000000000000, -1.000000000000000000 ) ) ;
#287 = AXIS2_PLACEMENT_3D ( 'NONE', #4365, #7581, #524 ) ;
#288 = CARTESIAN_POINT ( 'NONE',  ( -27.11018822544959761, -4.194097617092647390, -21.70916083961528287 ) ) ;
#289 = CARTESIAN_POINT ( 'NONE',  ( -15.70000000000044693, -7.781164840707617714, -4.884409680362193917 ) ) ;
#290 = CARTESIAN_POINT ( 'NONE',  ( -30.35966689724654444, -5.018670874133158044, -16.21361825676777357 ) ) ;
#291 = CARTESIAN_POINT ( 'NONE',  ( -23.20732313182898920, -23.31613278595499139, 6.494598029844611986 ) ) ;
#292 = CARTESIAN_POINT ( 'NONE',  ( -31.32366549361861274, -5.263289617260253017, 16.84432926103638906 ) ) ;
#293 = EDGE_LOOP ( 'NONE', ( #10294, #502, #7437, #8689 ) ) ;
#294 = DIRECTION ( 'NONE',  ( 0.000000000000000000, 0.000000000000000000, -1.000000000000000000 ) ) ;
#295 = CARTESIAN_POINT ( 'NONE',  ( -15.70000000000043983, -8.872802034495123280, -0.3147427693030675488 ) ) ;
#296 = LINE ( 'NONE', #9061, #2701 ) ;
#297 = CARTESIAN_POINT ( 'NONE',  ( -28.88629558517845553, -4.644796232068197916, -15.90000000000003233 ) ) ;
#298 = EDGE_LOOP ( 'NONE', ( #7619, #9620, #8575, #558 ) ) ;
#299 = CARTESIAN_POINT ( 'NONE',  ( -16.78744303732156951, -20.67859952137373369, 16.00000000000000000 ) ) ;
#300 = VECTOR ( 'NONE', #6988, 1000.000000000000114 ) ;
#301 = CARTESIAN_POINT ( 'NONE',  ( -14.31568718069704538, -16.63867996912463099, 18.59333607612262540 ) ) ;
#302 = LINE ( 'NONE', #1888, #2488 ) ;
#303 = CARTESIAN_POINT ( 'NONE',  ( -15.70000000000043627, -7.531772739748002543, -3.590462823894405631 ) ) ;
#304 = ADVANCED_FACE ( 'NONE', ( #552 ), #3715, .T. ) ;
#305 = FACE_OUTER_BOUND ( 'NONE', #5723, .T. ) ;
#306 = DIRECTION ( 'NONE',  ( 0.7071067811866370567, 0.7071067811864580888, 0.000000000000000000 ) ) ;
#307 = VERTEX_POINT ( 'NONE', #8870 ) ;
#308 = CARTESIAN_POINT ( 'NONE',  ( -4.499999999998109068, -1.000000000000833555, 23.00000000000000000 ) ) ;
#309 = CARTESIAN_POINT ( 'NONE',  ( -15.70000000000043983, -9.014403707535935339, -3.463223233939066947 ) ) ;
#310 = DIRECTION ( 'NONE',  ( 0.000000000000000000, 0.000000000000000000, 1.000000000000000000 ) ) ;
#311 = CARTESIAN_POINT ( 'NONE',  ( -17.12051304298577392, -18.86060527521767582, -19.00000000000000000 ) ) ;
#312 = EDGE_LOOP ( 'NONE', ( #2614, #9710, #2292, #8992 ) ) ;
#313 = EDGE_CURVE ( 'NONE', #9617, #8915, #1747, .T. ) ;
#314 = FACE_OUTER_BOUND ( 'NONE', #7016, .T. ) ;
#315 = EDGE_CURVE ( 'NONE', #6773, #483, #4160, .T. ) ;
#317 = VERTEX_POINT ( 'NONE', #4745 ) ;
#316 = LINE ( 'NONE', #9724, #6355 ) ;
#318 = EDGE_CURVE ( 'NONE', #4635, #9275, #7906, .T. ) ;
#319 = CARTESIAN_POINT ( 'NONE',  ( -32.41224973980343549, -5.381834262816073355, -20.09470427638998657 ) ) ;
#320 = DIRECTION ( 'NONE',  ( 0.7071067811864567565, -0.7071067811866382780, 0.000000000000000000 ) ) ;
#321 = CARTESIAN_POINT ( 'NONE',  ( -16.20000000000043983, -6.904353841145121073, 4.386515446198294477 ) ) ;
#322 = ORIENTED_EDGE ( 'NONE', *, *, #5895, .T. ) ;
#323 = CARTESIAN_POINT ( 'NONE',  ( -31.15579238467369549, -5.009807540088778488, 16.29867749701570645 ) ) ;
#324 = VERTEX_POINT ( 'NONE', #7700 ) ;
#325 = CARTESIAN_POINT ( 'NONE',  ( -17.06315140932398577, -18.27494271359445221, 20.80286759782839567 ) ) ;
#326 = LINE ( 'NONE', #1043, #3076 ) ;
#327 = EDGE_LOOP ( 'NONE', ( #2331, #8653, #7705, #5800 ) ) ;
#328 = CARTESIAN_POINT ( 'NONE',  ( -16.55293918803420894, -17.85115309817227569, -16.85934464029948288 ) ) ;
#329 = CARTESIAN_POINT ( 'NONE',  ( -14.27973368366544626, -16.61021580999513958, 19.00000000000000355 ) ) ;
#330 = DIRECTION ( 'NONE',  ( 0.000000000000000000, -0.7071067811865451302, -0.7071067811865500152 ) ) ;
#331 = EDGE_LOOP ( 'NONE', ( #9299, #5826, #7384, #4584, #8130 ) ) ;
#332 = CARTESIAN_POINT ( 'NONE',  ( -34.50000000000000000, -12.00000000000003197, -22.49999999999999289 ) ) ;
#333 = CARTESIAN_POINT ( 'NONE',  ( -28.73386078123834864, -4.606115210312770714, -22.09999999999996589 ) ) ;
#334 = FACE_BOUND ( 'NONE', #6314, .T. ) ;
#335 = CARTESIAN_POINT ( 'NONE',  ( -15.70000000000045048, -7.851904269214863952, 1.504896974694218459 ) ) ;
#336 = CARTESIAN_POINT ( 'NONE',  ( -23.31611369372396325, -23.33166209348946651, 6.662497533205289812 ) ) ;
#337 = CARTESIAN_POINT ( 'NONE',  ( -30.65851534966083491, -5.094506849086459788, 16.36841312965299622 ) ) ;
#338 = EDGE_LOOP ( 'NONE', ( #1394, #4167, #479, #6051 ) ) ;
#339 = CARTESIAN_POINT ( 'NONE',  ( -15.16619076365355490, -17.31244328261639609, -17.33200245513491922 ) ) ;
#340 = CARTESIAN_POINT ( 'NONE',  ( -16.20000000000044338, -9.097678803514757107, -0.09292530635218672341 ) ) ;
#341 = LINE ( 'NONE', #6736, #5923 ) ;
#342 = CARTESIAN_POINT ( 'NONE',  ( -16.20000000000043983, -8.784289032372960548, -0.3889521085299013636 ) ) ;
#343 = ORIENTED_EDGE ( 'NONE', *, *, #2692, .T. ) ;
#344 = CARTESIAN_POINT ( 'NONE',  ( -25.49192344381926745, -3.783458931001128178, 18.00113250729094716 ) ) ;
#345 = AXIS2_PLACEMENT_3D ( 'NONE', #7323, #108, #2468 ) ;
#346 = CARTESIAN_POINT ( 'NONE',  ( -23.14357987881414047, -23.29600064641583401, -6.396193771617765478 ) ) ;
#347 = CARTESIAN_POINT ( 'NONE',  ( -16.09744796990217708, -18.05016621657912168, 20.72839181979243506 ) ) ;
#348 = CARTESIAN_POINT ( 'NONE',  ( -4.499999999999996447, -14.70000000000013962, -16.00000000000001421 ) ) ;
#349 = DIRECTION ( 'NONE',  ( 0.000000000000000000, 0.000000000000000000, -1.000000000000000000 ) ) ;
#350 = CARTESIAN_POINT ( 'NONE',  ( -15.70000000000043983, -10.49999999999928768, -0.7375684428418834981 ) ) ;
#351 = EDGE_LOOP ( 'NONE', ( #204, #7794, #8558, #8980 ) ) ;
#352 = LINE ( 'NONE', #2667, #8670 ) ;
#353 = CARTESIAN_POINT ( 'NONE',  ( -15.70000000000044338, -9.219269289310588533, -3.254607032064900984 ) ) ;
#354 = LINE ( 'NONE', #6549, #9050 ) ;
#355 = LINE ( 'NONE', #7467, #9071 ) ;
#356 = FACE_OUTER_BOUND ( 'NONE', #1400, .T. ) ;
#357 = ADVANCED_FACE ( 'NONE', ( #8626 ), #2239, .T. ) ;
#358 = VERTEX_POINT ( 'NONE', #6215 ) ;
#359 = CARTESIAN_POINT ( 'NONE',  ( -31.12082105711134616, -5.211817188811624035, 16.66450008125596227 ) ) ;
#360 = CARTESIAN_POINT ( 'NONE',  ( -16.41195217664289530, -18.29930229902720384, 20.56209724421093199 ) ) ;
#362 = ORIENTED_EDGE ( 'NONE', *, *, #2676, .T. ) ;
#361 = CARTESIAN_POINT ( 'NONE',  ( -15.70000000000043983, -7.693545981567194048, -4.134198538537461332 ) ) ;
#363 = CARTESIAN_POINT ( 'NONE',  ( -32.57768753982544041, -5.430819039184422437, -19.44471594330206088 ) ) ;
#364 = ADVANCED_FACE ( 'NONE', ( #3822 ), #8898, .T. ) ;
#365 = DIRECTION ( 'NONE',  ( 0.000000000000000000, 0.000000000000000000, -1.000000000000000000 ) ) ;
#366 = DIRECTION ( 'NONE',  ( 0.000000000000000000, 0.000000000000000000, -1.000000000000000000 ) ) ;
#367 = EDGE_CURVE ( 'NONE', #4739, #307, #3166, .T. ) ;
#368 = EDGE_LOOP ( 'NONE', ( #5073, #3758, #1236, #5028 ) ) ;
#369 = ADVANCED_FACE ( 'NONE', ( #8947 ), #8161, .F. ) ;
#370 = DIRECTION ( 'NONE',  ( -0.7071067811865474617, -0.7071067811865474617, 0.000000000000000000 ) ) ;
#371 = ORIENTED_EDGE ( 'NONE', *, *, #560, .T. ) ;
#372 =( BOUNDED_CURVE ( )  B_SPLINE_CURVE ( 3, ( #5920, #9177, #5034, #4258 ),
 .UNSPECIFIED., .F., .T. ) 
 B_SPLINE_CURVE_WITH_KNOTS ( ( 4, 4 ),
 ( 0.8776648172018740590, 3.141592653589793560 ),
 .UNSPECIFIED. ) 
 CURVE ( )  GEOMETRIC_REPRESENTATION_ITEM ( )  RATIONAL_B_SPLINE_CURVE ( ( 1.000000000000000000, 0.6165885298070750142, 0.6165885298070750142, 1.000000000000000000 ) ) 
 REPRESENTATION_ITEM ( '' )  );
#374 = CARTESIAN_POINT ( 'NONE',  ( -17.73414117061782491, -18.83227646810957978, 19.29602064042712328 ) ) ;
#373 = CARTESIAN_POINT ( 'NONE',  ( -15.70000000000043983, -9.808529584835024906, -3.550268412859013178 ) ) ;
#375 = LINE ( 'NONE', #3537, #2930 ) ;
#376 = ORIENTED_EDGE ( 'NONE', *, *, #3538, .F. ) ;
#377 = CARTESIAN_POINT ( 'NONE',  ( -14.47899732625679903, -16.12850713373659772, -20.13053067225605375 ) ) ;
#378 = VECTOR ( 'NONE', #9554, 1000.000000000000114 ) ;
#379 = CARTESIAN_POINT ( 'NONE',  ( -35.98702377443470368, 0.005905456231108507231, 19.00000000000000000 ) ) ;
#380 = CARTESIAN_POINT ( 'NONE',  ( -4.499999999999996447, -14.70000000000013962, 23.00000000000000000 ) ) ;
#381 = EDGE_LOOP ( 'NONE', ( #2741, #3709 ) ) ;
#382 = DIRECTION ( 'NONE',  ( -1.000000000000000000, 0.000000000000000000, 0.000000000000000000 ) ) ;
#383 = CARTESIAN_POINT ( 'NONE',  ( -30.13456720156042223, -4.961550843736459271, -21.86904198721727610 ) ) ;
#384 = CARTESIAN_POINT ( 'NONE',  ( -13.29081169079639224, -22.69030662740703264, 19.00000000000000000 ) ) ;
#385 = AXIS2_PLACEMENT_3D ( 'NONE', #6013, #8973, #4455 ) ;
#386 = PLANE ( 'NONE',  #4212 ) ;
#387 = CARTESIAN_POINT ( 'NONE',  ( -31.20190536058012398, -5.232394685840772830, 16.73808185291551354 ) ) ;
#388 = CARTESIAN_POINT ( 'NONE',  ( -16.32143262927397132, -18.22759761705315640, -17.38083883593916568 ) ) ;
#389 = CARTESIAN_POINT ( 'NONE',  ( -16.20000000000043627, -9.364960579833843113, 0.1998809039068753513 ) ) ;
#390 = CIRCLE ( 'NONE', #6203, 10.50000000000000000 ) ;
#391 = CARTESIAN_POINT ( 'NONE',  ( -15.70000000000044338, -8.547785250849040395, 0.2186547933678696931 ) ) ;
#392 = CARTESIAN_POINT ( 'NONE',  ( -15.70000000000044338, -7.775883497587326332, -0.02180839233190947496 ) ) ;
#393 = ORIENTED_EDGE ( 'NONE', *, *, #7089, .T. ) ;
#394 = CARTESIAN_POINT ( 'NONE',  ( -29.03894100210026963, -4.683530697807767318, 15.90000000000003233 ) ) ;
#395 = CARTESIAN_POINT ( 'NONE',  ( -14.61566822083188200, -16.87633244497098062, 17.83715576367446687 ) ) ;
#396 = CARTESIAN_POINT ( 'NONE',  ( -15.70000000000043627, -8.798063577315152983, -4.526838106798516392 ) ) ;
#397 = CARTESIAN_POINT ( 'NONE',  ( -16.78457850600251433, -18.59448864039204707, 20.16284423604692577 ) ) ;
#398 = CIRCLE ( 'NONE', #5879, 10.00000000000000000 ) ;
#399 = DIRECTION ( 'NONE',  ( -1.000000000000000000, 0.000000000000000000, 0.000000000000000000 ) ) ;
#400 = DIRECTION ( 'NONE',  ( 0.4518053273690975646, -0.5439411238000816384, -0.7071067811865523467 ) ) ;
#401 = AXIS2_PLACEMENT_3D ( 'NONE', #402, #3568, #8331 ) ;
#402 = CARTESIAN_POINT ( 'NONE',  ( -34.00000000000000000, -12.00000000000003197, 0.000000000000000000 ) ) ;
#403 = ORIENTED_EDGE ( 'NONE', *, *, #1558, .T. ) ;
#404 = CIRCLE ( 'NONE', #3887, 1.799999999999904343 ) ;
#405 = PLANE ( 'NONE',  #8003 ) ;
#406 = VERTEX_POINT ( 'NONE', #1659 ) ;
#407 = CARTESIAN_POINT ( 'NONE',  ( -16.20000000000043983, -7.011879040948754138, -4.340261589742362425 ) ) ;
#408 = CARTESIAN_POINT ( 'NONE',  ( -12.75693438455825124, -16.64809086861041720, 16.00000000000000000 ) ) ;
#409 = DIRECTION ( 'NONE',  ( -0.000000000000000000, -0.000000000000000000, -1.000000000000000000 ) ) ;
#410 = CARTESIAN_POINT ( 'NONE',  ( -4.499999999998109068, -1.000000000000833555, 23.00000000000000000 ) ) ;
#411 = ORIENTED_EDGE ( 'NONE', *, *, #559, .T. ) ;
#412 = DIRECTION ( 'NONE',  ( 0.000000000000000000, 0.000000000000000000, -1.000000000000000000 ) ) ;
#413 = VECTOR ( 'NONE', #10269, 1000.000000000000000 ) ;
#415 = ORIENTED_EDGE ( 'NONE', *, *, #5974, .F. ) ;
#414 = CARTESIAN_POINT ( 'NONE',  ( -15.53953935239401574, -17.00940860696979229, -21.18372069080163556 ) ) ;
#416 = AXIS2_PLACEMENT_3D ( 'NONE', #224, #9792, #4330 ) ;
#417 = CARTESIAN_POINT ( 'NONE',  ( -27.70004900289878691, -3.986590254074724005, -22.22391131873876446 ) ) ;
#418 = CARTESIAN_POINT ( 'NONE',  ( -15.70000000000043983, -8.391015233748285951, -4.058066998995268015 ) ) ;
#419 = PLANE ( 'NONE',  #4408 ) ;
#420 = EDGE_LOOP ( 'NONE', ( #4640, #3522, #3438, #1920, #1726, #10198 ) ) ;
#421 = AXIS2_PLACEMENT_3D ( 'NONE', #2469, #4064, #8932 ) ;
#422 = CARTESIAN_POINT ( 'NONE',  ( -16.20000000000043983, -6.904353841145121073, 0.3659030946910857840 ) ) ;
#423 = VERTEX_POINT ( 'NONE', #176 ) ;
#424 = EDGE_CURVE ( 'NONE', #5644, #2840, #3174, .T. ) ;
#426 = LINE ( 'NONE', #1913, #3706 ) ;
#425 = FACE_OUTER_BOUND ( 'NONE', #1060, .T. ) ;
#427 = LINE ( 'NONE', #9040, #1112 ) ;
#428 = ORIENTED_EDGE ( 'NONE', *, *, #3850, .F. ) ;
#429 = CARTESIAN_POINT ( 'NONE',  ( -15.42986459963707802, -16.91831117858030353, -21.14065535970051712 ) ) ;
#430 = EDGE_CURVE ( 'NONE', #8915, #9216, #6520, .T. ) ;
#432 = EDGE_CURVE ( 'NONE', #9087, #6951, #2521, .T. ) ;
#431 = B_SPLINE_CURVE_WITH_KNOTS ( 'NONE', 3,
 ( #8077, #9592, #6485, #8908 ),
 .UNSPECIFIED., .F., .F.,
 ( 4, 4 ),
 ( 2.090470953394595507E-07, 0.001253607457495421870 ),
 .UNSPECIFIED. ) ;
#433 = VECTOR ( 'NONE', #2456, 1000.000000000000000 ) ;
#434 = PLANE ( 'NONE',  #8544 ) ;
#435 = DIRECTION ( 'NONE',  ( -0.2007533215770648805, 0.6780104010085522548, 0.7071067811865459074 ) ) ;
#436 = ORIENTED_EDGE ( 'NONE', *, *, #38, .F. ) ;
#437 = LINE ( 'NONE', #1260, #9565 ) ;
#438 = CIRCLE ( 'NONE', #6755, 1.799999999999904565 ) ;
#439 = EDGE_CURVE ( 'NONE', #4728, #8771, #8744, .T. ) ;
#440 = CARTESIAN_POINT ( 'NONE',  ( -28.53302916630973129, -4.555152007698545447, -22.09043914292080757 ) ) ;
#441 = VECTOR ( 'NONE', #3703, 1000.000000000000000 ) ;
#442 = DIRECTION ( 'NONE',  ( 0.000000000000000000, 0.000000000000000000, 1.000000000000000000 ) ) ;
#443 = EDGE_CURVE ( 'NONE', #3599, #3569, #5675, .T. ) ;
#444 = EDGE_CURVE ( 'NONE', #7019, #6118, #4180, .T. ) ;
#445 = CARTESIAN_POINT ( 'NONE',  ( -17.73414117061782136, -18.83227646810957978, 19.00000000000000355 ) ) ;
#446 = CARTESIAN_POINT ( 'NONE',  ( -25.18745909526081661, -3.242632980013717248, 18.99999999999999289 ) ) ;
#447 = VECTOR ( 'NONE', #646, 1000.000000000000114 ) ;
#448 = CARTESIAN_POINT ( 'NONE',  ( -16.50921586614269287, -18.37635224053192573, -17.52049652357425558 ) ) ;
#449 = CARTESIAN_POINT ( 'NONE',  ( -16.20000000000043983, -9.642235741182128450, 0.4817752022743757578 ) ) ;
#450 = VERTEX_POINT ( 'NONE', #64 ) ;
#451 = AXIS2_PLACEMENT_3D ( 'NONE', #5580, #7295, #7244 ) ;
#452 = CARTESIAN_POINT ( 'NONE',  ( -15.93075108558998920, -13.13894922151709999, 22.50000000000000000 ) ) ;
#453 = LINE ( 'NONE', #342, #1054 ) ;
#454 = ORIENTED_EDGE ( 'NONE', *, *, #9825, .T. ) ;
#455 = CARTESIAN_POINT ( 'NONE',  ( -30.94305905697243020, -5.166709276345110347, 21.46483300905441638 ) ) ;
#456 = CARTESIAN_POINT ( 'NONE',  ( -15.04724071607837921, -17.21821102597202824, 17.40115000372705722 ) ) ;
#457 = CARTESIAN_POINT ( 'NONE',  ( -15.70000000000043983, -9.300625348133955583, -4.018374807551416517 ) ) ;
#458 = CARTESIAN_POINT ( 'NONE',  ( 2.000000000000003109, -12.29893898089671822, 23.00000000000000000 ) ) ;
#459 = VECTOR ( 'NONE', #5079, 1000.000000000000000 ) ;
#460 = CARTESIAN_POINT ( 'NONE',  ( -16.97525427489972216, -18.74553637540146056, 19.79515444346023401 ) ) ;
#461 = PLANE ( 'NONE',  #4437 ) ;
#462 = CARTESIAN_POINT ( 'NONE',  ( -34.00000000000000000, -8.500000000000035527, 0.000000000000000000 ) ) ;
#463 = DIRECTION ( 'NONE',  ( 0.000000000000000000, 0.000000000000000000, -1.000000000000000000 ) ) ;
#464 = ORIENTED_EDGE ( 'NONE', *, *, #5446, .T. ) ;
#465 = CARTESIAN_POINT ( 'NONE',  ( -15.70000000000043983, -8.557471109539596554, -0.5455060359182346552 ) ) ;
#466 = CARTESIAN_POINT ( 'NONE',  ( -16.20000000000043983, -7.503628200954149285, -3.768513762645233633 ) ) ;
#467 = VECTOR ( 'NONE', #5429, 1000.000000000000000 ) ;
#468 = DIRECTION ( 'NONE',  ( 1.000000000000000000, -1.734723475976577126E-13, 0.000000000000000000 ) ) ;
#469 = PLANE ( 'NONE',  #3087 ) ;
#470 = DIRECTION ( 'NONE',  ( -0.6785983445458043661, 0.2810846377149183173, 0.6785983445458489971 ) ) ;
#471 = ORIENTED_EDGE ( 'NONE', *, *, #5457, .F. ) ;
#472 = PLANE ( 'NONE',  #3840 ) ;
#473 = CARTESIAN_POINT ( 'NONE',  ( -15.11802746069450087, -16.65929476213157301, -20.95771674510811522 ) ) ;
#474 = CARTESIAN_POINT ( 'NONE',  ( -29.85569912627356715, -4.624860584119469209, -22.28876940430921039 ) ) ;
#475 = CARTESIAN_POINT ( 'NONE',  ( -13.35797514856682255, -20.07755875736517481, 19.00000000000000000 ) ) ;
#476 = DIRECTION ( 'NONE',  ( 3.845925372767116786E-16, -0.8164965809277248132, -0.5773502691896272854 ) ) ;
#477 = ORIENTED_EDGE ( 'NONE', *, *, #879, .T. ) ;
#478 = CARTESIAN_POINT ( 'NONE',  ( -21.76175575615275193, -20.15905952401790913, -22.80000000000000071 ) ) ;
#479 = ORIENTED_EDGE ( 'NONE', *, *, #8352, .T. ) ;
#481 = CARTESIAN_POINT ( 'NONE',  ( -12.75693438455825124, -16.64809086861041720, 16.00000000000000000 ) ) ;
#480 = CARTESIAN_POINT ( 'NONE',  ( -9.831323759719349908, -21.05862573394120574, 19.35862573394106434 ) ) ;
#482 = CARTESIAN_POINT ( 'NONE',  ( -16.78744303732156951, -20.67859952137373369, 23.00000000000000000 ) ) ;
#483 = VERTEX_POINT ( 'NONE', #5008 ) ;
#484 = CARTESIAN_POINT ( 'NONE',  ( -16.55293918803420539, -17.85115309817227214, -21.14065535970050647 ) ) ;
#485 = LINE ( 'NONE', #9791, #3065 ) ;
#486 = PLANE ( 'NONE',  #9535 ) ;
#487 = ORIENTED_EDGE ( 'NONE', *, *, #6718, .F. ) ;
#488 = DIRECTION ( 'NONE',  ( 0.7071067811865475727, -0.7071067811865475727, 0.000000000000000000 ) ) ;
#489 = EDGE_CURVE ( 'NONE', #6864, #10216, #8063, .T. ) ;
#490 = CARTESIAN_POINT ( 'NONE',  ( -30.09727454129055602, -4.952088403652498805, -21.88234761207809598 ) ) ;
#491 = CARTESIAN_POINT ( 'NONE',  ( -30.80103224588026123, -5.130669995175755282, 21.54857391050962789 ) ) ;
#492 = CARTESIAN_POINT ( 'NONE',  ( -15.70000000000043983, -7.044589019802426577, -3.165579749391533415 ) ) ;
#493 = DIRECTION ( 'NONE',  ( 0.7071067811865502373, -0.7071067811865449082, -0.000000000000000000 ) ) ;
#494 = CARTESIAN_POINT ( 'NONE',  ( -23.71635244085108951, -22.51225337288521189, 23.00000000000000000 ) ) ;
#495 = EDGE_CURVE ( 'NONE', #7989, #2103, #961, .T. ) ;
#496 = CARTESIAN_POINT ( 'NONE',  ( -14.94800859477102861, -17.13960429561484133, -17.47299248707810904 ) ) ;
#497 = LINE ( 'NONE', #8613, #5886 ) ;
#498 = ORIENTED_EDGE ( 'NONE', *, *, #4685, .T. ) ;
#499 = DIRECTION ( 'NONE',  ( 0.9429811776828795900, -0.3328460583149656093, 0.000000000000000000 ) ) ;
#500 = CARTESIAN_POINT ( 'NONE',  ( -29.71672491231610991, -4.855521434125615876, 22.00085138962324294 ) ) ;
#501 = EDGE_CURVE ( 'NONE', #9772, #5368, #9484, .T. ) ;
#502 = ORIENTED_EDGE ( 'NONE', *, *, #2132, .T. ) ;
#503 = CARTESIAN_POINT ( 'NONE',  ( -31.84466619930807241, -5.395496171316336742, 20.55356614654796843 ) ) ;
#504 = EDGE_CURVE ( 'NONE', #3314, #9733, #7181, .T. ) ;
#505 = DIRECTION ( 'NONE',  ( 0.9588515045363131817, 0.2839080700657317657, 0.000000000000000000 ) ) ;
#506 = CARTESIAN_POINT ( 'NONE',  ( -23.06734646737592342, -23.45577394850602815, -6.037909215853080269 ) ) ;
#507 = DIRECTION ( 'NONE',  ( -0.9063077870366214039, 0.4226182617407605036, 0.000000000000000000 ) ) ;
#508 = CARTESIAN_POINT ( 'NONE',  ( -17.07327949057396665, -18.82320251290508750, 19.46409340158713874 ) ) ;
#509 = CARTESIAN_POINT ( 'NONE',  ( -21.68052538924104766, -20.06126400371732998, 5.244437972907830314 ) ) ;
#510 = DIRECTION ( 'NONE',  ( -0.7071067811865502373, 0.7071067811865449082, -0.000000000000000000 ) ) ;
#511 = DIRECTION ( 'NONE',  ( 1.000000000000000000, 0.000000000000000000, 0.000000000000000000 ) ) ;
#512 = ORIENTED_EDGE ( 'NONE', *, *, #6206, .T. ) ;
#513 = DIRECTION ( 'NONE',  ( 0.000000000000000000, 0.000000000000000000, 1.000000000000000000 ) ) ;
#514 = EDGE_LOOP ( 'NONE', ( #7042, #778, #3171, #7134, #7874, #3421 ) ) ;
#515 = EDGE_CURVE ( 'NONE', #7973, #7149, #8782, .T. ) ;
#516 = LINE ( 'NONE', #3679, #1090 ) ;
#517 = CARTESIAN_POINT ( 'NONE',  ( 2.000000000000019096, -14.70000000000013962, 23.00000000000000000 ) ) ;
#518 = DIRECTION ( 'NONE',  ( 1.000000000000000000, 0.000000000000000000, 0.000000000000000000 ) ) ;
#519 = LINE ( 'NONE', #9126, #86 ) ;
#520 = ORIENTED_EDGE ( 'NONE', *, *, #7586, .F. ) ;
#521 = PLANE ( 'NONE',  #5492 ) ;
#522 = DIRECTION ( 'NONE',  ( -2.709307669882598235E-16, 1.000000000000000000, 0.000000000000000000 ) ) ;
#523 = FACE_OUTER_BOUND ( 'NONE', #836, .T. ) ;
#524 = DIRECTION ( 'NONE',  ( -0.7071067811865938690, -0.7071067811865012764, 0.000000000000000000 ) ) ;
#525 = DIRECTION ( 'NONE',  ( -0.000000000000000000, -0.000000000000000000, 1.000000000000000000 ) ) ;
#526 = ORIENTED_EDGE ( 'NONE', *, *, #3129, .F. ) ;
#527 = DIRECTION ( 'NONE',  ( -0.7071067811865502373, 0.7071067811865449082, 0.000000000000000000 ) ) ;
#528 = ORIENTED_EDGE ( 'NONE', *, *, #1744, .F. ) ;
#530 = CARTESIAN_POINT ( 'NONE',  ( -15.70000000000044338, -8.032763167368990764, -3.320655163001625443 ) ) ;
#529 = CYLINDRICAL_SURFACE ( 'NONE', #8646, 1.000000000000061506 ) ;
#531 = CARTESIAN_POINT ( 'NONE',  ( -21.97582841255979602, -22.82406062717965156, 4.647309745298114692 ) ) ;
#532 = AXIS2_PLACEMENT_3D ( 'NONE', #7765, #3983, #7143 ) ;
#533 = CARTESIAN_POINT ( 'NONE',  ( -14.32516260720247736, -16.64620338875893779, -18.53329073061007293 ) ) ;
#534 = LINE ( 'NONE', #821, #7392 ) ;
#535 = CARTESIAN_POINT ( 'NONE',  ( -23.33172798364586242, -22.83172798364415712, -22.49999999999999289 ) ) ;
#536 = ORIENTED_EDGE ( 'NONE', *, *, #801, .F. ) ;
#537 = AXIS2_PLACEMENT_3D ( 'NONE', #1610, #9468, #10211 ) ;
#538 = DIRECTION ( 'NONE',  ( 0.5563015902038362936, 0.4364957511095482467, -0.7071067811865434649 ) ) ;
#539 = VERTEX_POINT ( 'NONE', #8259 ) ;
#540 = CARTESIAN_POINT ( 'NONE',  ( -30.35906233052086733, -5.018520820990997500, -21.77936039507266486 ) ) ;
#541 = CARTESIAN_POINT ( 'NONE',  ( -30.09784014480366210, -4.952231014842989332, 21.88252880777170262 ) ) ;
#542 = CARTESIAN_POINT ( 'NONE',  ( -4.633687006367768646, -13.43262598726449042, -21.86631299363222780 ) ) ;
#543 = DIRECTION ( 'NONE',  ( -0.7071067811865502373, 0.7071067811865449082, -0.000000000000000000 ) ) ;
#544 = EDGE_CURVE ( 'NONE', #7378, #3118, #9346, .T. ) ;
#545 = DIRECTION ( 'NONE',  ( 0.6389492215179006784, 0.7692489144104583954, 0.000000000000000000 ) ) ;
#546 = ORIENTED_EDGE ( 'NONE', *, *, #6384, .T. ) ;
#547 = DIRECTION ( 'NONE',  ( -0.000000000000000000, -0.000000000000000000, -1.000000000000000000 ) ) ;
#548 = CARTESIAN_POINT ( 'NONE',  ( -26.67709731188934086, -4.084202166657357580, 21.46483300905442348 ) ) ;
#549 = CARTESIAN_POINT ( 'NONE',  ( -25.33587154395001306, -3.743860054784425628, 19.40578292130128446 ) ) ;
#550 = VECTOR ( 'NONE', #1732, 1000.000000000000000 ) ;
#551 = CARTESIAN_POINT ( 'NONE',  ( -23.46428443207933157, -23.60263802036206826, -6.434847180556479529 ) ) ;
#552 = FACE_OUTER_BOUND ( 'NONE', #2033, .T. ) ;
#553 = CARTESIAN_POINT ( 'NONE',  ( -15.99916598534378842, -17.97230452554666513, 20.75968743620784096 ) ) ;
#554 = EDGE_CURVE ( 'NONE', #9087, #911, #426, .T. ) ;
#555 = CARTESIAN_POINT ( 'NONE',  ( -23.33172798364586242, -22.83172798364415712, -15.00000000000000000 ) ) ;
#556 = CARTESIAN_POINT ( 'NONE',  ( -16.20000000000043983, -8.391015233748285951, 0.09075549199030621961 ) ) ;
#557 = CARTESIAN_POINT ( 'NONE',  ( -15.19999999999932250, -3.999999999999346301, -23.00000000000000000 ) ) ;
#558 = ORIENTED_EDGE ( 'NONE', *, *, #6398, .T. ) ;
#559 = EDGE_CURVE ( 'NONE', #5945, #5168, #7182, .T. ) ;
#560 = EDGE_CURVE ( 'NONE', #2506, #5937, #2687, .T. ) ;
#561 = CARTESIAN_POINT ( 'NONE',  ( -26.43872947281849406, -4.023712532352180737, 16.72077250800922243 ) ) ;
#562 = VERTEX_POINT ( 'NONE', #7382 ) ;
#563 = CARTESIAN_POINT ( 'NONE',  ( -15.79308817027106748, -17.80905477741826815, 20.79999999999990123 ) ) ;
#564 = DIRECTION ( 'NONE',  ( 0.6785983445458447783, -0.6785983445458463326, -0.2810846377148275566 ) ) ;
#565 = DIRECTION ( 'NONE',  ( 0.000000000000000000, 0.000000000000000000, -1.000000000000000000 ) ) ;
#566 = CARTESIAN_POINT ( 'NONE',  ( -15.70000000000043983, -12.00000000000002487, -22.49999999999999289 ) ) ;
#567 = EDGE_LOOP ( 'NONE', ( #8076, #403, #3484, #6350 ) ) ;
#568 = CARTESIAN_POINT ( 'NONE',  ( -29.85569912627356359, -4.624860584119468321, 22.28876940430921394 ) ) ;
#569 = DIRECTION ( 'NONE',  ( 0.7071067811865492381, -0.7071067811865457964, 0.000000000000000000 ) ) ;
#570 = AXIS2_PLACEMENT_3D ( 'NONE', #1264, #10000, #6059 ) ;
#571 = EDGE_CURVE ( 'NONE', #2277, #4397, #8984, .T. ) ;
#573 = ORIENTED_EDGE ( 'NONE', *, *, #5452, .T. ) ;
#572 = CARTESIAN_POINT ( 'NONE',  ( -34.00000000000000000, -2.500000000000023093, 0.000000000000000000 ) ) ;
#574 = AXIS2_PLACEMENT_3D ( 'NONE', #9961, #5122, #505 ) ;
#575 = EDGE_CURVE ( 'NONE', #1426, #10257, #6767, .T. ) ;
#576 = CARTESIAN_POINT ( 'NONE',  ( -26.02978890764684650, -3.919944727977603627, -17.10903070182647667 ) ) ;
#577 = CARTESIAN_POINT ( 'NONE',  ( -27.26109403834717426, -4.232390622012283110, -16.22063960492484114 ) ) ;
#578 = CIRCLE ( 'NONE', #1227, 1.799999999999926548 ) ;
#579 = CARTESIAN_POINT ( 'NONE',  ( -16.20000000000043983, -7.503628200954149285, 0.3803087283403411289 ) ) ;
#580 = ORIENTED_EDGE ( 'NONE', *, *, #5953, .F. ) ;
#581 = CARTESIAN_POINT ( 'NONE',  ( -17.37706682787780110, -18.53568537900476443, 17.62394092679183188 ) ) ;
#582 = ORIENTED_EDGE ( 'NONE', *, *, #10083, .F. ) ;
#584 = DIRECTION ( 'NONE',  ( -0.6097197964539156079, -0.5064420397482746194, -0.6097197964539142756 ) ) ;
#583 = CARTESIAN_POINT ( 'NONE',  ( -13.00000000000000711, -16.20000000000014140, 23.00000000000000000 ) ) ;
#585 = PLANE ( 'NONE',  #9404 ) ;
#586 = CARTESIAN_POINT ( 'NONE',  ( -15.88604912907105948, -17.88269596383217674, -17.21160282967233712 ) ) ;
#587 = AXIS2_PLACEMENT_3D ( 'NONE', #2275, #3214, #10145 ) ;
#588 = DIRECTION ( 'NONE',  ( -0.7071067811865502373, 0.7071067811865449082, 0.000000000000000000 ) ) ;
#589 = CARTESIAN_POINT ( 'NONE',  ( -15.70000000000044338, -10.32274459731977601, 1.589555614066218592 ) ) ;
#590 = EDGE_LOOP ( 'NONE', ( #7756, #7432, #7375, #3595 ) ) ;
#591 = DIRECTION ( 'NONE',  ( -0.7071067811865943131, -0.7071067811865008323, 0.000000000000000000 ) ) ;
#592 = ORIENTED_EDGE ( 'NONE', *, *, #1626, .T. ) ;
#593 = CARTESIAN_POINT ( 'NONE',  ( -30.98333792867274639, -5.176934366209339444, -21.42910883018015866 ) ) ;
#594 = CARTESIAN_POINT ( 'NONE',  ( -31.54887328118308076, -5.320442581717554908, 20.92797056244898357 ) ) ;
#595 = CIRCLE ( 'NONE', #5903, 10.50000000000000000 ) ;
#596 = CARTESIAN_POINT ( 'NONE',  ( -25.28459767079053577, -3.271394915910051715, 19.89053694426623409 ) ) ;
#597 = FACE_OUTER_BOUND ( 'NONE', #4422, .T. ) ;
#598 = APPLICATION_PROTOCOL_DEFINITION ( 'international standard', 'config_control_design', 1994, #5288 ) ;
#599 = VECTOR ( 'NONE', #9204, 1000.000000000000000 ) ;
#600 = DIRECTION ( 'NONE',  ( -3.469446951953614189E-16, 1.000000000000000000, 0.000000000000000000 ) ) ;
#601 = CARTESIAN_POINT ( 'NONE',  ( -25.77549016955368089, -3.855415271686132073, 20.55356614654796843 ) ) ;
#602 = CARTESIAN_POINT ( 'NONE',  ( -31.84203381090134499, -5.212998000757312234, 21.07239918438350657 ) ) ;
#603 = CARTESIAN_POINT ( 'NONE',  ( -23.87907729418322589, -23.51852539821359045, -6.849640042660373851 ) ) ;
#604 = CARTESIAN_POINT ( 'NONE',  ( -16.20000000000043983, -7.011879040948755915, -0.1914390987567879676 ) ) ;
#605 = CARTESIAN_POINT ( 'NONE',  ( -15.19075368091054479, -17.33190020248662222, 20.68037030002912502 ) ) ;
#606 = FACE_OUTER_BOUND ( 'NONE', #5468, .T. ) ;
#607 = CARTESIAN_POINT ( 'NONE',  ( -25.18745909526083437, -3.242632980013720356, -19.22236257406619231 ) ) ;
#608 = CONICAL_SURFACE ( 'NONE', #5414, 6.500000000000000888, 0.7853981633974491672 ) ;
#609 = CARTESIAN_POINT ( 'NONE',  ( -13.29893898089587978, -3.499999999999612754, 23.00000000000000000 ) ) ;
#610 = ORIENTED_EDGE ( 'NONE', *, *, #5506, .T. ) ;
#611 = AXIS2_PLACEMENT_3D ( 'NONE', #3973, #4751, #4797 ) ;
#612 = CARTESIAN_POINT ( 'NONE',  ( -26.91361215402484319, -4.144219079001421946, 16.39506355177652352 ) ) ;
#613 = ORIENTED_EDGE ( 'NONE', *, *, #2494, .F. ) ;
#614 = CARTESIAN_POINT ( 'NONE',  ( -14.57076098651950247, -16.84075985921393581, 17.90201782688822973 ) ) ;
#615 = CARTESIAN_POINT ( 'NONE',  ( -15.37322947494847902, -22.09281308374683306, 16.00000000000000000 ) ) ;
#616 = CARTESIAN_POINT ( 'NONE',  ( -16.20000000000043983, -7.392272809534227385, -2.797623494700690383 ) ) ;
#617 = VERTEX_POINT ( 'NONE', #2636 ) ;
#618 = CIRCLE ( 'NONE', #2408, 11.00000000000002309 ) ;
#619 = DIRECTION ( 'NONE',  ( 0.000000000000000000, 0.000000000000000000, 1.000000000000000000 ) ) ;
#620 = EDGE_CURVE ( 'NONE', #8971, #1655, #6713, .T. ) ;
#621 = AXIS2_PLACEMENT_3D ( 'NONE', #6959, #7673, #2996 ) ;
#622 = CARTESIAN_POINT ( 'NONE',  ( -15.70000000000045404, -6.905854527548332733, 0.4795598492351008657 ) ) ;
#623 = LINE ( 'NONE', #5141, #5852 ) ;
#624 = VECTOR ( 'NONE', #9988, 1000.000000000000000 ) ;
#625 = CARTESIAN_POINT ( 'NONE',  ( -25.42516938566086537, -3.766519786471689279, -18.19622292480131165 ) ) ;
#626 = CARTESIAN_POINT ( 'NONE',  ( -27.03417087282592490, -4.174807529677030615, -16.32872491912715063 ) ) ;
#627 = EDGE_CURVE ( 'NONE', #8284, #6701, #3592, .T. ) ;
#628 = CARTESIAN_POINT ( 'NONE',  ( -16.22428746262622568, -18.15063983741353582, -20.67296578146099151 ) ) ;
#629 = ORIENTED_EDGE ( 'NONE', *, *, #9707, .T. ) ;
#630 = CARTESIAN_POINT ( 'NONE',  ( -17.30435913232909684, -18.47529332046699935, 17.50926056738638081 ) ) ;
#631 = EDGE_CURVE ( 'NONE', #7858, #6734, #6363, .T. ) ;
#632 = EDGE_CURVE ( 'NONE', #6821, #9097, #2012, .T. ) ;
#633 = VERTEX_POINT ( 'NONE', #5204 ) ;
#634 = CARTESIAN_POINT ( 'NONE',  ( -15.70000000000043983, -12.49999999999928946, -22.49999999999999289 ) ) ;
#635 = CARTESIAN_POINT ( 'NONE',  ( -15.19999999999933316, -5.499999999999345413, 15.00000000000000000 ) ) ;
#636 = CARTESIAN_POINT ( 'NONE',  ( -15.24245204779883167, -17.37285556148233923, -17.29193275965529963 ) ) ;
#637 = ORIENTED_EDGE ( 'NONE', *, *, #4383, .F. ) ;
#638 = CARTESIAN_POINT ( 'NONE',  ( -9.144523149573606347, 0.9860916591461383884, 23.00000000000000000 ) ) ;
#639 = ORIENTED_EDGE ( 'NONE', *, *, #4931, .T. ) ;
#640 = VERTEX_POINT ( 'NONE', #2119 ) ;
#641 = CARTESIAN_POINT ( 'NONE',  ( -31.11685028296152922, -5.210813442590828792, 21.32990303290637968 ) ) ;
#642 = LINE ( 'NONE', #1355, #1895 ) ;
#643 = LINE ( 'NONE', #2862, #5525 ) ;
#644 = CARTESIAN_POINT ( 'NONE',  ( 0.000000000000000000, 0.000000000000000000, 0.000000000000000000 ) ) ;
#645 = VERTEX_POINT ( 'NONE', #2220 ) ;
#646 = DIRECTION ( 'NONE',  ( 0.9588515045363131817, 0.2839080700657317657, 0.000000000000000000 ) ) ;
#647 = CARTESIAN_POINT ( 'NONE',  ( -26.02978890764684650, -3.919944727977612953, 17.10903070182647312 ) ) ;
#648 = CARTESIAN_POINT ( 'NONE',  ( -30.35966689724653378, -5.018670874133167814, 16.21361825676777357 ) ) ;
#649 = CARTESIAN_POINT ( 'NONE',  ( -15.70000000000043983, -9.642235741182128450, -3.667047288711199116 ) ) ;
#650 = CARTESIAN_POINT ( 'NONE',  ( -16.20000000000043983, -6.942179309626696160, 0.01213902943915207318 ) ) ;
#651 = CARTESIAN_POINT ( 'NONE',  ( -14.94800859478240618, -17.13960429562389720, 20.52700751293094328 ) ) ;
#652 = DIRECTION ( 'NONE',  ( -0.7071067811865452413, -0.7071067811865497932, 0.000000000000000000 ) ) ;
#653 = CARTESIAN_POINT ( 'NONE',  ( -32.60158332329182684, -5.437894384777096413, -19.00000000000000000 ) ) ;
#654 = DIRECTION ( 'NONE',  ( 0.000000000000000000, 0.000000000000000000, -1.000000000000000000 ) ) ;
#655 = ORIENTED_EDGE ( 'NONE', *, *, #1603, .F. ) ;
#656 = DIRECTION ( 'NONE',  ( 1.000000000000000000, 3.469446951953615175E-16, -0.000000000000000000 ) ) ;
#657 = ORIENTED_EDGE ( 'NONE', *, *, #5565, .T. ) ;
#658 = CARTESIAN_POINT ( 'NONE',  ( -23.14357987881412271, -23.29600064641583046, 6.396193771617733503 ) ) ;
#659 = CARTESIAN_POINT ( 'NONE',  ( -16.20000000000044338, -7.989098054934061111, -2.627587577624200144 ) ) ;
#660 = ORIENTED_EDGE ( 'NONE', *, *, #3734, .T. ) ;
#661 = CARTESIAN_POINT ( 'NONE',  ( -30.75231675888242222, -4.890341714885369839, 21.94839855693671993 ) ) ;
#662 = CARTESIAN_POINT ( 'NONE',  ( -15.70000000000043983, -7.989098054934059334, 1.521234913361374730 ) ) ;
#663 = CARTESIAN_POINT ( 'NONE',  ( -16.20000000000043627, -6.919033797933555441, 0.5897264415615001143 ) ) ;
#664 = CARTESIAN_POINT ( 'NONE',  ( -14.27973368366544982, -16.61021580999513958, -18.88218961675924845 ) ) ;
#665 = CARTESIAN_POINT ( 'NONE',  ( -32.19498698320090568, -5.484391656530766213, -19.80377707519868480 ) ) ;
#666 = EDGE_CURVE ( 'NONE', #8771, #7278, #9618, .T. ) ;
#667 = CARTESIAN_POINT ( 'NONE',  ( -26.63681844015642142, -4.073977076781807760, -16.57089116984533561 ) ) ;
#668 = DIRECTION ( 'NONE',  ( -0.7071067811866370567, -0.7071067811864580888, 0.000000000000000000 ) ) ;
#669 = CARTESIAN_POINT ( 'NONE',  ( -15.07881409713228038, -17.24322346796178707, -20.61916116391088138 ) ) ;
#670 = ORIENTED_EDGE ( 'NONE', *, *, #3792, .T. ) ;
#671 = B_SPLINE_SURFACE_WITH_KNOTS ( 'NONE', 3, 1, ( 
 ( #3455, #9803 ),
 ( #4963, #8120 ),
 ( #858, #1016 ),
 ( #5069, #914 ),
 ( #5687, #8848 ),
 ( #4913, #3558 ),
 ( #8321, #391 ),
 ( #4394, #9060 ),
 ( #4292, #2137 ),
 ( #7451, #7556 ),
 ( #6119, #7606 ) ),
 .UNSPECIFIED., .F., .F., .F.,
 ( 4, 1, 1, 1, 1, 1, 1, 1, 4 ),
 ( 2, 2 ),
 ( 0.000000000000000000, 0.1850900618630605399, 0.3523569643820058661, 0.5030795117590480814, 0.6372794639743607492, 0.7524732703005145851, 0.8518857877882206608, 0.9343394349213435257, 0.9999999999999998890 ),
 ( 0.000000000000000000, 1.000000000000000000 ),
 .UNSPECIFIED. ) ;
#672 = CARTESIAN_POINT ( 'NONE',  ( -14.30440138401530703, -15.98348523083166484, 18.41509111858083614 ) ) ;
#673 = B_SPLINE_CURVE_WITH_KNOTS ( 'NONE', 3,
 ( #3368, #9777, #3315, #5039, #8139, #3477, #2518, #9028, #2624, #4314, #1695, #4983, #5816, #1034, #2576, #1846, #8974, #1748, #8194 ),
 .UNSPECIFIED., .F., .F.,
 ( 4, 1, 1, 1, 1, 1, 1, 1, 1, 1, 1, 1, 1, 1, 1, 1, 4 ),
 ( 0.000000000000000000, 0.07567230238178881963, 0.1473813099735538645, 0.2160846766840669730, 0.2816980378616593672, 0.3454598829002485938, 0.4074856092774472027, 0.4687312995608494126, 0.5297823575334714707, 0.5900329257114982351, 0.6485481210783019534, 0.7059535135830398156, 0.7631016442005180700, 0.8202894288974419412, 0.8784792630440482197, 0.9382260550877835614, 0.9999999999999998890 ),
 .UNSPECIFIED. ) ;
#674 = VERTEX_POINT ( 'NONE', #3802 ) ;
#676 = FACE_BOUND ( 'NONE', #8611, .T. ) ;
#675 = CARTESIAN_POINT ( 'NONE',  ( -23.36785813496375042, -23.59343530502919251, -6.338420883440898379 ) ) ;
#677 = DIRECTION ( 'NONE',  ( -0.6785983445458797503, -0.2810846377147354080, 0.6785983445458495522 ) ) ;
#678 = ADVANCED_FACE ( 'NONE', ( #6965 ), #1298, .T. ) ;
#679 = CARTESIAN_POINT ( 'NONE',  ( -14.46746402760057215, -16.75893076982056229, -19.90207066575868922 ) ) ;
#680 = ADVANCED_FACE ( 'NONE', ( #8560, #676 ), #3847, .T. ) ;
#681 = EDGE_CURVE ( 'NONE', #5509, #2635, #9402, .T. ) ;
#682 = EDGE_LOOP ( 'NONE', ( #7788, #3539, #7786, #4273 ) ) ;
#683 = ORIENTED_EDGE ( 'NONE', *, *, #1538, .T. ) ;
#684 = AXIS2_PLACEMENT_3D ( 'NONE', #478, #6040, #9245 ) ;
#685 = EDGE_LOOP ( 'NONE', ( #9780, #220, #691, #3237 ) ) ;
#686 = CARTESIAN_POINT ( 'NONE',  ( -29.85367811811769911, -4.890275976180241457, 21.95874814787025642 ) ) ;
#687 = ADVANCED_FACE ( 'NONE', ( #3748 ), #8015, .T. ) ;
#688 = CARTESIAN_POINT ( 'NONE',  ( -29.37837499564628985, -4.483528822025892424, 22.39749392278303475 ) ) ;
#689 = CARTESIAN_POINT ( 'NONE',  ( -15.70000000000043983, -7.975412702967265233, -0.04609802767762088971 ) ) ;
#690 = EDGE_CURVE ( 'NONE', #723, #824, #2885, .T. ) ;
#691 = ORIENTED_EDGE ( 'NONE', *, *, #1446, .T. ) ;
#692 = PLANE ( 'NONE',  #3764 ) ;
#693 = CARTESIAN_POINT ( 'NONE',  ( -26.17567441090392677, -3.956963835019106757, 21.04856212461250919 ) ) ;
#694 = CARTESIAN_POINT ( 'NONE',  ( -16.20000000000044338, -7.939537600427850172, -0.04480299590733692605 ) ) ;
#695 = CARTESIAN_POINT ( 'NONE',  ( -15.70000000000043983, -6.919645622918274341, 0.1238050100435519191 ) ) ;
#696 = CARTESIAN_POINT ( 'NONE',  ( -15.43676275830235944, -17.52678237355398139, 20.76880202300372247 ) ) ;
#697 = FACE_OUTER_BOUND ( 'NONE', #7687, .T. ) ;
#699 = VERTEX_POINT ( 'NONE', #9384 ) ;
#698 = CARTESIAN_POINT ( 'NONE',  ( -32.11162760509515124, -5.292822513154850306, -17.29737626194150835 ) ) ;
#700 = CARTESIAN_POINT ( 'NONE',  ( -13.00000000000000711, -15.20000000000003482, 23.00000000000000000 ) ) ;
#701 = ORIENTED_EDGE ( 'NONE', *, *, #9295, .F. ) ;
#702 = CARTESIAN_POINT ( 'NONE',  ( -4.499999999999996447, -14.70000000000003482, 22.50000000000000000 ) ) ;
#703 = ORIENTED_EDGE ( 'NONE', *, *, #25, .F. ) ;
#704 = AXIS2_PLACEMENT_3D ( 'NONE', #7626, #9131, #522 ) ;
#705 = VECTOR ( 'NONE', #1336, 1000.000000000000114 ) ;
#706 = CARTESIAN_POINT ( 'NONE',  ( -13.63894922151781230, -15.43075108558958419, 22.50000000000000000 ) ) ;
#707 = ORIENTED_EDGE ( 'NONE', *, *, #6161, .F. ) ;
#708 = CARTESIAN_POINT ( 'NONE',  ( -27.93334329227907631, -4.055666780671347560, 15.71123059569078428 ) ) ;
#709 = CARTESIAN_POINT ( 'NONE',  ( -0.9999999999999986677, -14.70000000000052154, 16.50000000000000711 ) ) ;
#710 = CARTESIAN_POINT ( 'NONE',  ( -34.00000000000000000, -2.000000000000029310, 0.000000000000000000 ) ) ;
#711 = CARTESIAN_POINT ( 'NONE',  ( -14.28888953895404690, -16.61746883378910766, -18.76438411013190688 ) ) ;
#712 = CARTESIAN_POINT ( 'NONE',  ( -29.03894100210028029, -4.683530697807758436, -22.09999999999996945 ) ) ;
#713 = CARTESIAN_POINT ( 'NONE',  ( -26.37851884745360564, -4.008436263480795070, -16.77160869556785983 ) ) ;
#714 = CARTESIAN_POINT ( 'NONE',  ( -16.78744303732156951, -20.67859952137373369, 22.49999999999998579 ) ) ;
#715 = CARTESIAN_POINT ( 'NONE',  ( -15.19486027838317099, -17.33515471542959574, -20.68308561165914483 ) ) ;
#716 = ORIENTED_EDGE ( 'NONE', *, *, #8867, .F. ) ;
#717 = VECTOR ( 'NONE', #9310, 1000.000000000000000 ) ;
#718 = CARTESIAN_POINT ( 'NONE',  ( -17.72290744451237288, -18.82294557349879938, 19.29528838535501478 ) ) ;
#719 = CARTESIAN_POINT ( 'NONE',  ( 2.000000000000001332, -12.29893898089671822, 23.00000000000000000 ) ) ;
#721 = CARTESIAN_POINT ( 'NONE',  ( -15.70000000000043983, -7.620586924362267034, -3.461456893787351774 ) ) ;
#720 = CARTESIAN_POINT ( 'NONE',  ( -23.46536579900907782, -23.60695116750304479, -6.435928547486221341 ) ) ;
#722 = CARTESIAN_POINT ( 'NONE',  ( -15.70000000000043983, -6.904353841145121073, 0.3659030946910857840 ) ) ;
#723 = VERTEX_POINT ( 'NONE', #7712 ) ;
#724 =( GEOMETRIC_REPRESENTATION_CONTEXT ( 3 ) GLOBAL_UNCERTAINTY_ASSIGNED_CONTEXT ( ( #5591 ) ) GLOBAL_UNIT_ASSIGNED_CONTEXT ( ( #4594, #1357, #4540 ) ) REPRESENTATION_CONTEXT ( 'NONE', 'WORKASPACE' ) );
#725 = CARTESIAN_POINT ( 'NONE',  ( -16.97681622514102173, -18.74677249760230424, -18.20232721995042269 ) ) ;
#726 = VECTOR ( 'NONE', #5806, 1000.000000000000000 ) ;
#727 = AXIS2_PLACEMENT_3D ( 'NONE', #5802, #8752, #8125 ) ;
#728 = ORIENTED_EDGE ( 'NONE', *, *, #7147, .F. ) ;
#729 = CARTESIAN_POINT ( 'NONE',  ( -16.61954035032799482, -0.7057424773177796151, -15.00000000000000000 ) ) ;
#730 = LINE ( 'NONE', #4007, #2058 ) ;
#731 = ORIENTED_EDGE ( 'NONE', *, *, #1943, .F. ) ;
#732 = ADVANCED_FACE ( 'NONE', ( #760 ), #2106, .T. ) ;
#733 = CC_DESIGN_SECURITY_CLASSIFICATION ( #7206, ( #236 ) ) ;
#734 = ORIENTED_EDGE ( 'NONE', *, *, #7021, .T. ) ;
#735 = ADVANCED_FACE ( 'NONE', ( #2151 ), #8068, .T. ) ;
#736 = CARTESIAN_POINT ( 'NONE',  ( -27.65438918061535389, -4.332190316380420292, 21.92655734812393220 ) ) ;
#737 = CARTESIAN_POINT ( 'NONE',  ( -16.20000000000043983, -7.503628200954149285, 0.3803087283403411289 ) ) ;
#738 = AXIS2_PLACEMENT_3D ( 'NONE', #2757, #5113, #9212 ) ;
#739 = FACE_OUTER_BOUND ( 'NONE', #3490, .T. ) ;
#740 = DIRECTION ( 'NONE',  ( 0.5000000000000029976, 0.5000000000000005551, -0.7071067811865451302 ) ) ;
#741 = VERTEX_POINT ( 'NONE', #615 ) ;
#742 = CARTESIAN_POINT ( 'NONE',  ( -34.00000000000000000, -12.00000000000003197, 0.000000000000000000 ) ) ;
#743 = EDGE_CURVE ( 'NONE', #4052, #3812, #4654, .T. ) ;
#744 = CIRCLE ( 'NONE', #421, 3.499999999999996891 ) ;
#745 = CARTESIAN_POINT ( 'NONE',  ( -16.20000000000044338, -7.505149625707763228, 0.3487333291709960870 ) ) ;
#746 = ADVANCED_FACE ( 'NONE', ( #9432 ), #3252, .T. ) ;
#747 = CARTESIAN_POINT ( 'NONE',  ( -16.20000000000043983, -7.588739592671687184, -0.6974346157878572594 ) ) ;
#748 = EDGE_CURVE ( 'NONE', #3179, #8212, #453, .T. ) ;
#749 = CARTESIAN_POINT ( 'NONE',  ( -15.58405176932117442, -17.64344341533321270, 20.79494560586706697 ) ) ;
#750 = LINE ( 'NONE', #6940, #10091 ) ;
#752 = ORIENTED_EDGE ( 'NONE', *, *, #7658, .T. ) ;
#751 = CARTESIAN_POINT ( 'NONE',  ( -32.22655030452310143, -5.326850182347603102, -20.50557673824460991 ) ) ;
#753 = CARTESIAN_POINT ( 'NONE',  ( -17.73414117061782136, -18.83227646810957268, -19.29456478780042872 ) ) ;
#754 = ORIENTED_EDGE ( 'NONE', *, *, #7729, .T. ) ;
#755 = CARTESIAN_POINT ( 'NONE',  ( -27.69624111696950308, -4.342811489070835584, 16.06127531641815054 ) ) ;
#756 = AXIS2_PLACEMENT_3D ( 'NONE', #9943, #6624, #9146 ) ;
#757 = ORIENTED_EDGE ( 'NONE', *, *, #666, .T. ) ;
#758 = CARTESIAN_POINT ( 'NONE',  ( -34.00000000000000000, -2.500000000000023093, 2.899999999999999911 ) ) ;
#759 = CARTESIAN_POINT ( 'NONE',  ( -16.20000000000043983, -7.975412702967265233, -4.194920518663195708 ) ) ;
#760 = FACE_OUTER_BOUND ( 'NONE', #567, .T. ) ;
#761 = CARTESIAN_POINT ( 'NONE',  ( -16.20000000000043983, -7.942415086382099254, -2.633146892669006700 ) ) ;
#762 = ORIENTED_EDGE ( 'NONE', *, *, #4062, .F. ) ;
#763 =( BOUNDED_CURVE ( )  B_SPLINE_CURVE ( 3, ( #5888, #7592, #3597, #4223 ),
 .UNSPECIFIED., .F., .T. ) 
 B_SPLINE_CURVE_WITH_KNOTS ( ( 4, 4 ),
 ( 3.507878301497990847, 4.096909271714300971 ),
 .UNSPECIFIED. ) 
 CURVE ( )  GEOMETRIC_REPRESENTATION_ITEM ( )  RATIONAL_B_SPLINE_CURVE ( ( 1.000000000000000000, 0.9712952651971011875, 0.9712952651971011875, 1.000000000000000000 ) ) 
 REPRESENTATION_ITEM ( '' )  );
#764 = DIRECTION ( 'NONE',  ( -0.000000000000000000, -0.000000000000000000, -1.000000000000000000 ) ) ;
#765 = AXIS2_PLACEMENT_3D ( 'NONE', #8637, #6996, #9383 ) ;
#766 = CARTESIAN_POINT ( 'NONE',  ( -15.70000000000044693, -7.097036302006133113, 1.068809986304690707 ) ) ;
#767 = CARTESIAN_POINT ( 'NONE',  ( -16.21952248578919509, -17.57421238581036604, -16.75867021068663121 ) ) ;
#768 = CONICAL_SURFACE ( 'NONE', #9059, 11.00000000000001954, 0.7853981633974517207 ) ;
#769 = CARTESIAN_POINT ( 'NONE',  ( -30.08899341565386720, -4.693937110716094097, -15.77608868126123554 ) ) ;
#770 = CARTESIAN_POINT ( 'NONE',  ( -26.77156196104612818, -4.108171210536573525, -16.48077111204042566 ) ) ;
#771 = AXIS2_PLACEMENT_3D ( 'NONE', #8157, #9578, #5620 ) ;
#772 = LINE ( 'NONE', #4480, #1567 ) ;
#773 = FACE_OUTER_BOUND ( 'NONE', #7088, .T. ) ;
#774 = CARTESIAN_POINT ( 'NONE',  ( -15.96946545163934239, -17.94877649146330256, -20.76734345841338580 ) ) ;
#775 = VERTEX_POINT ( 'NONE', #3506 ) ;
#776 = VECTOR ( 'NONE', #1885, 1000.000000000000000 ) ;
#777 = CARTESIAN_POINT ( 'NONE',  ( -17.50380646141448082, -18.64095714301598505, 20.13053067225605375 ) ) ;
#778 = ORIENTED_EDGE ( 'NONE', *, *, #7457, .T. ) ;
#779 = CARTESIAN_POINT ( 'NONE',  ( -23.33172798364586598, -22.83172798364415357, 23.00000000000000000 ) ) ;
#780 = CARTESIAN_POINT ( 'NONE',  ( -16.20000000000043983, -7.588739592671686296, -4.846257106773431467 ) ) ;
#781 = CARTESIAN_POINT ( 'NONE',  ( -14.59854588839660927, -16.22780589033131093, 17.61258399134140973 ) ) ;
#782 = EDGE_LOOP ( 'NONE', ( #4758, #2431, #4430, #9034 ) ) ;
#783 = CARTESIAN_POINT ( 'NONE',  ( -13.31947461075891326, -15.81537554279485391, -23.00000000000000000 ) ) ;
#784 = LINE ( 'NONE', #10296, #9721 ) ;
#785 = APPROVAL ( #9520, 'UNSPECIFIED' ) ;
#786 = EDGE_LOOP ( 'NONE', ( #8806, #1989, #4169, #1960 ) ) ;
#787 = ORIENTED_EDGE ( 'NONE', *, *, #243, .T. ) ;
#788 = CARTESIAN_POINT ( 'NONE',  ( -28.60679022338185717, -4.573870242844853884, 22.09488481320148878 ) ) ;
#789 = CARTESIAN_POINT ( 'NONE',  ( -15.53953935239401574, -17.00940860696979229, 16.81627930919836800 ) ) ;
#790 = CARTESIAN_POINT ( 'NONE',  ( -16.61954035032799482, -0.7057424773177796151, 15.50000000000000000 ) ) ;
#791 = PERSON_AND_ORGANIZATION_ROLE ( 'creator' ) ;
#792 = CARTESIAN_POINT ( 'NONE',  ( -16.93278269905065159, -18.71189031539224956, 18.09792933424130368 ) ) ;
#793 = EDGE_CURVE ( 'NONE', #2824, #8392, #231, .T. ) ;
#794 = ORIENTED_EDGE ( 'NONE', *, *, #681, .T. ) ;
#795 = CARTESIAN_POINT ( 'NONE',  ( -13.29893898089548721, -0.4999999999996135869, 22.49999999999999289 ) ) ;
#796 = DIRECTION ( 'NONE',  ( 0.000000000000000000, 0.000000000000000000, 1.000000000000000000 ) ) ;
#797 = CARTESIAN_POINT ( 'NONE',  ( -15.70000000000043983, -7.588739592671687184, -0.6974346157878572594 ) ) ;
#798 = CARTESIAN_POINT ( 'NONE',  ( -15.06773885696102866, -17.23444914362647395, 20.61283393820205134 ) ) ;
#799 = DIRECTION ( 'NONE',  ( 0.000000000000000000, 0.09745061871804784615, 0.9952403613758183942 ) ) ;
#800 = CARTESIAN_POINT ( 'NONE',  ( -25.21135487872719949, -3.249708325606391668, -18.55528405669794267 ) ) ;
#801 = EDGE_CURVE ( 'NONE', #5187, #874, #296, .T. ) ;
#802 = CARTESIAN_POINT ( 'NONE',  ( -17.68830194245200360, -18.79420174534708821, -19.59178463608318310 ) ) ;
#803 = ORIENTED_EDGE ( 'NONE', *, *, #10089, .F. ) ;
#804 = CARTESIAN_POINT ( 'NONE',  ( -29.79937930283810843, -4.876497363097110238, 16.02663143879877694 ) ) ;
#805 = ORIENTED_EDGE ( 'NONE', *, *, #681, .F. ) ;
#806 = ADVANCED_FACE ( 'NONE', ( #9804 ), #9856, .T. ) ;
#807 = ADVANCED_FACE ( 'NONE', ( #2656 ), #7978, .T. ) ;
#808 = FACE_OUTER_BOUND ( 'NONE', #2569, .T. ) ;
#809 = CARTESIAN_POINT ( 'NONE',  ( -23.65425503233281290, -23.59386782185206499, 6.624817780809958201 ) ) ;
#810 = CARTESIAN_POINT ( 'NONE',  ( -16.20000000000043983, -6.904353841145121073, -3.782919396294488479 ) ) ;
#811 = ORIENTED_EDGE ( 'NONE', *, *, #2902, .F. ) ;
#812 = CARTESIAN_POINT ( 'NONE',  ( -32.11162760509515124, -5.292822513154850306, 17.29737626194150479 ) ) ;
#813 = CYLINDRICAL_SURFACE ( 'NONE', #4683, 3.499999999999996891 ) ;
#814 = DIRECTION ( 'NONE',  ( 3.469446951953614189E-16, -1.000000000000000000, 0.000000000000000000 ) ) ;
#815 = CARTESIAN_POINT ( 'NONE',  ( -16.82948574013173015, -18.63006122599886893, -20.09798217311175961 ) ) ;
#816 = ADVANCED_FACE ( 'NONE', ( #7404 ), #5070, .T. ) ;
#817 = CARTESIAN_POINT ( 'NONE',  ( -15.70000000000044338, -7.620586924362267034, 0.6873655971982225443 ) ) ;
#818 = ORIENTED_EDGE ( 'NONE', *, *, #2884, .T. ) ;
#819 = DIRECTION ( 'NONE',  ( -0.7071067811865502373, 0.7071067811865449082, 0.000000000000000000 ) ) ;
#820 = CARTESIAN_POINT ( 'NONE',  ( -23.20733212224466158, -23.31613518407118946, -6.494612210833256682 ) ) ;
#821 = CARTESIAN_POINT ( 'NONE',  ( -16.20000000000043983, -9.808529584835024906, -1.336842802650911377 ) ) ;
#822 = CARTESIAN_POINT ( 'NONE',  ( -15.70000000000043983, -8.937246535974217920, -3.543322053738093835 ) ) ;
#823 = CARTESIAN_POINT ( 'NONE',  ( -14.46929599736579242, -16.76038081744677655, -19.89887718095977931 ) ) ;
#824 = VERTEX_POINT ( 'NONE', #9159 ) ;
#825 = CARTESIAN_POINT ( 'NONE',  ( -15.88604912907105948, -17.88269596383217674, 17.21160282967233712 ) ) ;
#826 = DIRECTION ( 'NONE',  ( 0.5384253804618299721, 0.6482254386778325550, 0.5384253804618288619 ) ) ;
#828 = ORIENTED_EDGE ( 'NONE', *, *, #1191, .T. ) ;
#827 = CARTESIAN_POINT ( 'NONE',  ( -14.84644660940738703, -24.24594154601780716, 22.50000000000000000 ) ) ;
#829 = CARTESIAN_POINT ( 'NONE',  ( -16.20000000000043983, -10.49999999999928768, -1.336842802650911377 ) ) ;
#830 = DIRECTION ( 'NONE',  ( 0.000000000000000000, 0.000000000000000000, -1.000000000000000000 ) ) ;
#831 = VERTEX_POINT ( 'NONE', #4395 ) ;
#832 = CARTESIAN_POINT ( 'NONE',  ( -15.70000000000045048, -7.620586924362267034, 0.6873655971982225443 ) ) ;
#833 = DIRECTION ( 'NONE',  ( -3.489994118891832344E-16, 0.000000000000000000, 1.000000000000000000 ) ) ;
#834 = EDGE_LOOP ( 'NONE', ( #3117, #6812, #7714, #7097 ) ) ;
#835 = CARTESIAN_POINT ( 'NONE',  ( -32.22655030452309433, -5.326850182347603102, 20.50557673824461702 ) ) ;
#836 = EDGE_LOOP ( 'NONE', ( #498, #6697, #9073, #7879 ) ) ;
#837 = CARTESIAN_POINT ( 'NONE',  ( -28.73861465834173856, -4.607319737021584594, 22.09945627264141521 ) ) ;
#838 = B_SPLINE_SURFACE_WITH_KNOTS ( 'NONE', 3, 1, ( 
 ( #8926, #1795 ),
 ( #4936, #7474 ),
 ( #1903, #3524 ),
 ( #5092, #8250 ),
 ( #1087, #361 ),
 ( #6555, #5712 ),
 ( #4264, #6700 ),
 ( #9875, #5768 ),
 ( #8093, #937 ),
 ( #2732, #8817 ),
 ( #4881, #987 ) ),
 .UNSPECIFIED., .F., .F., .F.,
 ( 4, 1, 1, 1, 1, 1, 1, 1, 4 ),
 ( 2, 2 ),
 ( 0.000000000000000000, 0.1491402908464729560, 0.2821617981976309308, 0.4046557030353606366, 0.5211096910238625091, 0.6344164539698203820, 0.7487964497315260370, 0.8687105535463927053, 1.000000000000000000 ),
 ( 0.000000000000000000, 1.000000000000000000 ),
 .UNSPECIFIED. ) ;
#839 = CARTESIAN_POINT ( 'NONE',  ( -15.42986459963707624, -16.91831117858030353, 21.14065535970051002 ) ) ;
#840 = DIRECTION ( 'NONE',  ( -0.7071067811865426878, 9.077097026765631774E-14, 0.7071067811865524577 ) ) ;
#841 = COORDINATED_UNIVERSAL_TIME_OFFSET ( 1, 0, .AHEAD. ) ;
#842 = CARTESIAN_POINT ( 'NONE',  ( -15.24245204779883167, -17.37285556148233923, 20.70806724034470037 ) ) ;
#843 = EDGE_LOOP ( 'NONE', ( #1137, #9063, #1328, #376, #10147 ) ) ;
#844 = DIRECTION ( 'NONE',  ( -2.343490549363979779E-17, 0.7419605913142812703, -0.6704434957075517953 ) ) ;
#845 = CARTESIAN_POINT ( 'NONE',  ( -16.20000000000043272, -7.871664704474696350, -0.04235289680298059273 ) ) ;
#846 = CARTESIAN_POINT ( 'NONE',  ( 2.500000000000003997, -14.70000000000013962, 20.00000000000000000 ) ) ;
#847 = DIRECTION ( 'NONE',  ( -0.000000000000000000, -0.000000000000000000, 1.000000000000000000 ) ) ;
#848 = DIRECTION ( 'NONE',  ( -1.000000000000000000, -3.469446951953614682E-16, -3.489994118891832344E-16 ) ) ;
#849 = EDGE_CURVE ( 'NONE', #4122, #4739, #5848, .T. ) ;
#850 = CARTESIAN_POINT ( 'NONE',  ( -25.66708746122524687, -3.827907593585115453, -17.62623021204553098 ) ) ;
#851 = B_SPLINE_SURFACE_WITH_KNOTS ( 'NONE', 1, 3, ( 
 ( #9345, #5199, #7584, #2844, #8455, #1247, #9138, #581, #630, #6813, #8407, #8504, #7631, #1342, #4523, #9292, #8355, #9194, #3745, #6914, #10090, #2067, #3799, #6962, #2216, #2952, #6144, #3692, #2162, #1392, #672, #4577, #5402, #7730, #2999, #8557, #1442, #4625, #7776, #3844, #7009, #1589, #8037, #5545, #3052, #4772, #3107, #7158, #1639, #7213, #2312, #3260, #2461, #935, #9399, #8654, #4108, #97, #7881, #777, #5652, #8763, #10185, #718, #3949, #6338 ),
 ( #7110, #6242, #10240, #2269, #5453, #3203, #8605, #4821, #8815, #7824, #8710, #7983, #10289, #7932, #37, #825, #6390, #1483, #6449, #3998, #3155, #4667, #3894, #880, #9498, #4877, #4053, #9552, #2414, #9606, #1692, #5602, #7061, #6290, #9449, #5497, #1532, #4717, #4208, #5090, #9663, #1954, #7471, #3313, #9720, #1138, #6499, #2516, #4312, #985, #1084, #7316, #5709, #6607, #360, #2673, #8292, #5037, #6553, #1793, #5814, #8868, #3474, #9773, #1901, #1743 ) ),
 .UNSPECIFIED., .F., .T., .F.,
 ( 2, 2 ),
 ( 4, 2, 2, 2, 2, 2, 2, 2, 2, 2, 2, 2, 2, 2, 2, 2, 2, 2, 2, 2, 2, 2, 2, 2, 2, 2, 2, 2, 2, 2, 2, 2, 4 ),
 ( 0.000000000000000000, 1.000000000000000000 ),
 ( -6.283185307179586232, -6.086835766330223940, -5.890486225480861648, -5.694136684631500245, -5.497787143782137953, -5.301437602932775661, -5.105088062083414258, -4.908738521234051966, -4.712388980384689674, -4.516039439535327382, -4.319689898685965090, -4.123340357836603687, -3.926990816987241395, -3.730641276137879103, -3.534291735288517255, -3.337942194439155408, -3.141592653589793116, -2.945243112740430824, -2.748893571891068976, -2.552544031041707129, -2.356194490192344837, -2.159844949342982545, -1.963495408493620697, -1.767145867644258628, -1.570796326794896558, -1.374446785945534488, -1.178097245096172418, -0.9817477042468103487, -0.7853981633974482790, -0.5890486225480862092, -0.3926990816987241395, -0.1963495408493620697, 0.000000000000000000 ),
 .UNSPECIFIED. ) ;
#852 = CARTESIAN_POINT ( 'NONE',  ( -15.11474129960804191, -16.65656522942942175, -20.97177135938528636 ) ) ;
#853 = VERTEX_POINT ( 'NONE', #4341 ) ;
#854 = CARTESIAN_POINT ( 'NONE',  ( -28.97174209029088487, -4.666478946688894958, 15.90331402604553190 ) ) ;
#855 = VERTEX_POINT ( 'NONE', #2813 ) ;
#856 = CARTESIAN_POINT ( 'NONE',  ( -16.20000000000043983, -10.49999999999928768, -2.535391522268964692 ) ) ;
#857 = DIRECTION ( 'NONE',  ( 0.000000000000000000, 0.7071067811865479058, 0.7071067811865472397 ) ) ;
#858 = CARTESIAN_POINT ( 'NONE',  ( -16.20000000000044338, -8.871919485540690431, 0.5378232123258455122 ) ) ;
#859 = CARTESIAN_POINT ( 'NONE',  ( -23.77669066446225088, -23.06185192293296993, 7.373396735918248623 ) ) ;
#860 = CARTESIAN_POINT ( 'NONE',  ( -30.01966901783752562, -4.932398404823566729, -16.09060229404580511 ) ) ;
#861 = VERTEX_POINT ( 'NONE', #6008 ) ;
#862 = VECTOR ( 'NONE', #7633, 1000.000000000000000 ) ;
#863 = DIRECTION ( 'NONE',  ( -1.000000000000000000, 0.000000000000000000, 0.000000000000000000 ) ) ;
#864 = EDGE_CURVE ( 'NONE', #3851, #2282, #7502, .T. ) ;
#865 = DIRECTION ( 'NONE',  ( -0.000000000000000000, -0.000000000000000000, -1.000000000000000000 ) ) ;
#866 = CARTESIAN_POINT ( 'NONE',  ( -15.70000000000043983, -7.505049097994962892, -3.737151684137765439 ) ) ;
#867 = EDGE_CURVE ( 'NONE', #4158, #7858, #3559, .T. ) ;
#868 = CARTESIAN_POINT ( 'NONE',  ( -16.55293918803420894, -17.85115309817227569, -16.85934464029948288 ) ) ;
#869 = EDGE_CURVE ( 'NONE', #3837, #4882, #8173, .T. ) ;
#870 = CARTESIAN_POINT ( 'NONE',  ( -15.70000000000043983, -7.975412702967265233, -0.04609802767762088971 ) ) ;
#871 = ORIENTED_EDGE ( 'NONE', *, *, #5271, .F. ) ;
#872 = CARTESIAN_POINT ( 'NONE',  ( -32.30682491192607131, -5.512771037362598214, -19.00000000000000000 ) ) ;
#873 = CARTESIAN_POINT ( 'NONE',  ( -16.59463374454154305, -0.7898603272461107716, 15.41227228665714044 ) ) ;
#874 = VERTEX_POINT ( 'NONE', #7696 ) ;
#875 = CYLINDRICAL_SURFACE ( 'NONE', #7060, 1.799999999999904787 ) ;
#876 = LINE ( 'NONE', #8034, #8726 ) ;
#877 = CARTESIAN_POINT ( 'NONE',  ( -17.12051304298577747, -18.86060527521767938, -19.23255993190109336 ) ) ;
#878 = ORIENTED_EDGE ( 'NONE', *, *, #4237, .T. ) ;
#879 = EDGE_CURVE ( 'NONE', #4310, #9354, #3712, .T. ) ;
#880 = CARTESIAN_POINT ( 'NONE',  ( -14.83369972602802989, -17.04905289944865743, 17.56880663992192737 ) ) ;
#881 = AXIS2_PLACEMENT_3D ( 'NONE', #8235, #7412, #8082 ) ;
#882 = CARTESIAN_POINT ( 'NONE',  ( -23.83172798364585532, -22.83172798364415357, -22.80000000000000071 ) ) ;
#883 = EDGE_CURVE ( 'NONE', #8446, #8866, #2184, .T. ) ;
#885 = ORIENTED_EDGE ( 'NONE', *, *, #4742, .T. ) ;
#884 = DIRECTION ( 'NONE',  ( 0.6389492215177992041, -0.7692489144105426613, 0.000000000000000000 ) ) ;
#886 = CARTESIAN_POINT ( 'NONE',  ( -15.70000000000043983, -7.255515437167127324, -4.661518527979255033 ) ) ;
#887 = EDGE_CURVE ( 'NONE', #7742, #3958, #4543, .T. ) ;
#888 = CARTESIAN_POINT ( 'NONE',  ( -14.24871763908964439, -15.93723351073828987, 18.70616014130440163 ) ) ;
#889 = AXIS2_PLACEMENT_3D ( 'NONE', #7076, #4470, #9134 ) ;
#890 = ORIENTED_EDGE ( 'NONE', *, *, #504, .F. ) ;
#891 = DIRECTION ( 'NONE',  ( -0.5439411238000256832, 0.4518053273691734484, -0.7071067811865469066 ) ) ;
#892 = CARTESIAN_POINT ( 'NONE',  ( -13.29893898089548721, -0.4999999999996135869, 23.00000000000000000 ) ) ;
#893 = ORIENTED_EDGE ( 'NONE', *, *, #8470, .F. ) ;
#894 = VECTOR ( 'NONE', #278, 1000.000000000000000 ) ;
#895 = CARTESIAN_POINT ( 'NONE',  ( -32.30682491192607131, -5.512771037362598214, 19.00000000000000000 ) ) ;
#896 = VERTEX_POINT ( 'NONE', #7033 ) ;
#897 = CARTESIAN_POINT ( 'NONE',  ( -28.98956568240697962, -4.671001693678839217, 22.09591538386188603 ) ) ;
#898 = CONICAL_SURFACE ( 'NONE', #3548, 5.999999999999998224, 0.8441539861131710509 ) ;
#899 = DIRECTION ( 'NONE',  ( -1.000000000000000000, 0.000000000000000000, 0.000000000000000000 ) ) ;
#900 = CARTESIAN_POINT ( 'NONE',  ( -15.07067548303579052, -17.23677875902086498, 17.38210092330424317 ) ) ;
#901 = ORIENTED_EDGE ( 'NONE', *, *, #7769, .T. ) ;
#902 = PLANE ( 'NONE',  #3926 ) ;
#903 = CARTESIAN_POINT ( 'NONE',  ( -28.09818716276895501, -4.444809848839624600, -22.03508382680608690 ) ) ;
#904 = CARTESIAN_POINT ( 'NONE',  ( -15.70000000000043983, -7.693545981567194048, -4.134198538537461332 ) ) ;
#905 = FACE_OUTER_BOUND ( 'NONE', #834, .T. ) ;
#906 = AXIS2_PLACEMENT_3D ( 'NONE', #7693, #8620, #7840 ) ;
#907 = CARTESIAN_POINT ( 'NONE',  ( -16.78744303732156951, -20.67859952137373369, -23.00000000000000000 ) ) ;
#908 = CARTESIAN_POINT ( 'NONE',  ( -27.05768226856236325, -4.180777322755175440, -16.30972141277869980 ) ) ;
#909 = LINE ( 'NONE', #3178, #4922 ) ;
#910 = CARTESIAN_POINT ( 'NONE',  ( -28.11299195378925120, -4.448566853454875236, 15.96221649009661370 ) ) ;
#911 = VERTEX_POINT ( 'NONE', #2926 ) ;
#912 = PLANE ( 'NONE',  #8891 ) ;
#913 = VECTOR ( 'NONE', #7519, 1000.000000000000000 ) ;
#914 = CARTESIAN_POINT ( 'NONE',  ( -15.70000000000043983, -8.778373797084004337, 0.4414507127528360941 ) ) ;
#915 = CARTESIAN_POINT ( 'NONE',  ( -23.51197949499288953, -23.60484667552384863, 6.482542243470027721 ) ) ;
#916 = CARTESIAN_POINT ( 'NONE',  ( -30.77587776057271896, -5.124286365452634939, -16.43613452692675381 ) ) ;
#917 = VERTEX_POINT ( 'NONE', #2138 ) ;
#918 = CARTESIAN_POINT ( 'NONE',  ( -23.57106337572422916, -25.76045900977305791, -6.541626124201376236 ) ) ;
#919 = CARTESIAN_POINT ( 'NONE',  ( -21.76175575615275193, -20.15905952401790913, -22.80000000000000071 ) ) ;
#920 = CARTESIAN_POINT ( 'NONE',  ( -24.22119413496520224, -22.49764661255230536, -7.191756883442345760 ) ) ;
#921 = CARTESIAN_POINT ( 'NONE',  ( -16.20000000000044338, -8.032763167368990764, -3.320655163001625443 ) ) ;
#922 = DIRECTION ( 'NONE',  ( 0.7692489144105427723, 0.6389492215177990930, -0.000000000000000000 ) ) ;
#923 = AXIS2_PLACEMENT_3D ( 'NONE', #8917, #1736, #4926 ) ;
#924 = DIRECTION ( 'NONE',  ( -0.5563015902038362936, -0.4364957511095477471, 0.7071067811865439090 ) ) ;
#925 = ORIENTED_EDGE ( 'NONE', *, *, #9505, .F. ) ;
#926 = CARTESIAN_POINT ( 'NONE',  ( -23.83172756043340001, -22.83172798368552137, -7.458345222969279931 ) ) ;
#927 = CARTESIAN_POINT ( 'NONE',  ( -23.58742521813734427, -23.26199249498821686, -7.081261849669255426 ) ) ;
#928 = DIRECTION ( 'NONE',  ( 0.7071067811865492381, -0.7071067811865457964, 0.000000000000000000 ) ) ;
#929 = CARTESIAN_POINT ( 'NONE',  ( -16.20000000000043983, -8.391015233748285951, 0.09075549199030621961 ) ) ;
#930 = FACE_OUTER_BOUND ( 'NONE', #2879, .T. ) ;
#931 = ADVANCED_FACE ( 'NONE', ( #8577 ), #112, .T. ) ;
#932 = ORIENTED_EDGE ( 'NONE', *, *, #7477, .T. ) ;
#933 = VECTOR ( 'NONE', #1670, 1000.000000000000114 ) ;
#934 = B_SPLINE_SURFACE_WITH_KNOTS ( 'NONE', 1, 3, ( 
 ( #7525, #1338, #363, #2677, #319, #3637, #3479, #2059, #6086, #8252, #2004, #5247, #4363, #5194, #474, #1241, #6808, #4519, #6860, #2789, #417, #6656, #5095, #8403, #3582, #8451, #7627, #4419, #9932, #10029, #6759, #9981, #9240, #2839, #6034, #9824, #3527, #1905, #1142, #1291, #4317, #2112, #6704, #2734, #5930, #9083, #1957, #8297, #4660, #8599, #3888, #8703, #769, #10179, #1436, #1581, #2157, #5489, #4619, #2354, #1525, #6236, #7004, #4710, #2306, #9392 ),
 ( #7768, #6956, #1477, #665, #8647, #10082, #5539, #7875, #3738, #10131, #3943, #6907, #2946, #7104, #1385, #7819, #712, #5447, #4571, #7055, #3102, #7672, #10234, #2993, #2211, #2264, #6139, #6285, #3046, #10283, #9287, #3148, #3791, #6330, #7722, #625, #9443, #9490, #3838, #576, #5344, #8498, #6186, #9339, #5396, #8550, #9545, #6383, #5596, #2406, #1685, #4870, #6546, #9599, #5756, #3358, #7310, #7261, #147, #2564, #4765, #5702, #8085, #9653, #4815, #872 ) ),
 .UNSPECIFIED., .F., .T., .F.,
 ( 2, 2 ),
 ( 4, 2, 2, 2, 2, 2, 2, 2, 2, 2, 2, 2, 2, 2, 2, 2, 2, 2, 2, 2, 2, 2, 2, 2, 2, 2, 2, 2, 2, 2, 2, 2, 4 ),
 ( 0.000000000000000000, 1.000000000000000000 ),
 ( -6.283185307179586232, -6.086835766330223940, -5.890486225480861648, -5.694136684631500245, -5.497787143782137953, -5.301437602932775661, -5.105088062083414258, -4.908738521234051966, -4.712388980384689674, -4.516039439535327382, -4.319689898685965090, -4.123340357836603687, -3.926990816987241395, -3.730641276137879103, -3.534291735288517255, -3.337942194439155408, -3.141592653589793116, -2.945243112740430824, -2.748893571891068976, -2.552544031041707129, -2.356194490192344837, -2.159844949342982545, -1.963495408493620697, -1.767145867644258628, -1.570796326794896558, -1.374446785945534488, -1.178097245096172418, -0.9817477042468103487, -0.7853981633974482790, -0.5890486225480862092, -0.3926990816987241395, -0.1963495408493620697, 0.000000000000000000 ),
 .UNSPECIFIED. ) ;
#935 = CARTESIAN_POINT ( 'NONE',  ( -16.76369949594998943, -18.02621364378622104, 21.02765104802482909 ) ) ;
#936 = CARTESIAN_POINT ( 'NONE',  ( -33.44143936216327262, 2.551489868502552660, -19.00000000000000000 ) ) ;
#937 = CARTESIAN_POINT ( 'NONE',  ( -15.70000000000044693, -7.508060654049322657, -3.860504165356288819 ) ) ;
#938 = CARTESIAN_POINT ( 'NONE',  ( -15.70000000000043983, -7.588739592671686296, -4.846257106773431467 ) ) ;
#939 = CARTESIAN_POINT ( 'NONE',  ( -14.91965237836904024, -16.49452156317618545, 17.19713240214312222 ) ) ;
#940 = VECTOR ( 'NONE', #8790, 1000.000000000000000 ) ;
#941 = EDGE_CURVE ( 'NONE', #9137, #10205, #6486, .T. ) ;
#942 = AXIS2_PLACEMENT_3D ( 'NONE', #4885, #5501, #8715 ) ;
#943 = EDGE_LOOP ( 'NONE', ( #6337, #5970, #7887, #5884 ) ) ;
#944 = FACE_OUTER_BOUND ( 'NONE', #264, .T. ) ;
#945 = CARTESIAN_POINT ( 'NONE',  ( -17.73414117061782136, -18.83227646810957978, 19.00000000000000355 ) ) ;
#946 = EDGE_CURVE ( 'NONE', #2529, #9093, #4878, .T. ) ;
#947 = VERTEX_POINT ( 'NONE', #5693 ) ;
#948 = EDGE_CURVE ( 'NONE', #7860, #4318, #6088, .T. ) ;
#949 = CARTESIAN_POINT ( 'NONE',  ( -26.63325003387896217, -3.670719824702037393, 16.29867749701570645 ) ) ;
#950 = VECTOR ( 'NONE', #600, 1000.000000000000000 ) ;
#951 = EDGE_LOOP ( 'NONE', ( #2010, #7302, #6588, #6626, #3948, #3931, #683, #7690, #757, #9430, #8206, #9778, #4725 ) ) ;
#952 = CARTESIAN_POINT ( 'NONE',  ( -28.64246488151569281, -4.582922921711007902, 22.09643854880760827 ) ) ;
#953 = VERTEX_POINT ( 'NONE', #3406 ) ;
#954 = CARTESIAN_POINT ( 'NONE',  ( -16.86477632697677720, -18.11016951462100266, 20.95771674510811877 ) ) ;
#955 = VECTOR ( 'NONE', #9965, 1000.000000000000114 ) ;
#956 = PERSON_AND_ORGANIZATION ( #3075, #6207 ) ;
#957 = CARTESIAN_POINT ( 'NONE',  ( -15.70000000000044338, -9.519325745999390520, -3.784479560941150567 ) ) ;
#958 = ORIENTED_EDGE ( 'NONE', *, *, #8791, .F. ) ;
#959 = CARTESIAN_POINT ( 'NONE',  ( -15.70000000000043983, -8.336604908523492341, -4.803799551963891190 ) ) ;
#960 = CARTESIAN_POINT ( 'NONE',  ( -27.13735575421388191, -4.200991740638054139, -21.72240788735205186 ) ) ;
#961 = LINE ( 'NONE', #6420, #1518 ) ;
#962 = DIRECTION ( 'NONE',  ( 1.000000000000000000, 3.469446951953615175E-16, -0.000000000000000000 ) ) ;
#963 = CARTESIAN_POINT ( 'NONE',  ( -16.20000000000043983, -9.734325611388177535, 1.332515512099041732 ) ) ;
#964 = CARTESIAN_POINT ( 'NONE',  ( -25.77549016955369510, -3.855415271686121415, -20.55356614654797198 ) ) ;
#965 = DIRECTION ( 'NONE',  ( 0.000000000000000000, 0.000000000000000000, -1.000000000000000000 ) ) ;
#966 = CARTESIAN_POINT ( 'NONE',  ( -28.97681014418392564, -4.667764902670483274, 15.90352523689705855 ) ) ;
#967 = VERTEX_POINT ( 'NONE', #8852 ) ;
#968 = DIRECTION ( 'NONE',  ( -0.000000000000000000, -0.000000000000000000, -1.000000000000000000 ) ) ;
#969 = DIRECTION ( 'NONE',  ( 0.7071067811865943131, 0.7071067811865008323, 0.000000000000000000 ) ) ;
#970 = CARTESIAN_POINT ( 'NONE',  ( -29.49849254472317739, -4.800143990698105156, -15.96066476557677838 ) ) ;
#971 = ORIENTED_EDGE ( 'NONE', *, *, #9950, .T. ) ;
#972 = LINE ( 'NONE', #299, #7507 ) ;
#973 = DIRECTION ( 'NONE',  ( -0.000000000000000000, -0.000000000000000000, 1.000000000000000000 ) ) ;
#974 = DIRECTION ( 'NONE',  ( 1.000000000000000000, -1.832976439482318996E-13, -9.249748337406277055E-13 ) ) ;
#975 = CARTESIAN_POINT ( 'NONE',  ( -16.20000000000043983, -7.620586924362267034, -3.461456893787351774 ) ) ;
#976 = CARTESIAN_POINT ( 'NONE',  ( -16.20000000000043983, -10.49999999999928768, 1.613430968716609959 ) ) ;
#977 = CARTESIAN_POINT ( 'NONE',  ( -15.70000000000043627, -7.752223120512271137, 0.7696356104597047443 ) ) ;
#978 = ORIENTED_EDGE ( 'NONE', *, *, #4508, .T. ) ;
#979 = CARTESIAN_POINT ( 'NONE',  ( -16.20000000000043983, -8.827565459923031099, -0.3545921832689498121 ) ) ;
#980 = FACE_OUTER_BOUND ( 'NONE', #7008, .T. ) ;
#981 = FACE_OUTER_BOUND ( 'NONE', #5290, .T. ) ;
#982 = CARTESIAN_POINT ( 'NONE',  ( -15.37322947494847902, -22.09281308374683306, 22.49999999999998579 ) ) ;
#983 = CARTESIAN_POINT ( 'NONE',  ( -15.70000000000043983, -8.437525039241712932, -4.024967190672311013 ) ) ;
#984 = ORIENTED_EDGE ( 'NONE', *, *, #1358, .T. ) ;
#985 = CARTESIAN_POINT ( 'NONE',  ( -15.79308817027106748, -17.80905477741826815, 20.79999999999990123 ) ) ;
#986 = DIRECTION ( 'NONE',  ( 0.7071067811864567565, -0.7071067811866382780, 0.000000000000000000 ) ) ;
#987 = CARTESIAN_POINT ( 'NONE',  ( -15.70000000000043983, -7.503628200954149285, -3.768513762645233633 ) ) ;
#988 = CARTESIAN_POINT ( 'NONE',  ( -16.20000000000043983, -9.014403707535935339, 0.6855992570465070379 ) ) ;
#989 = EDGE_CURVE ( 'NONE', #7278, #6645, #1728, .T. ) ;
#990 = EDGE_LOOP ( 'NONE', ( #3316, #7500 ) ) ;
#991 = CARTESIAN_POINT ( 'NONE',  ( -16.20000000000043983, -7.721899528217678998, -2.670823752254260608 ) ) ;
#992 = CYLINDRICAL_SURFACE ( 'NONE', #6075, 2.100000000000004530 ) ;
#993 = ORIENTED_EDGE ( 'NONE', *, *, #864, .T. ) ;
#994 = CARTESIAN_POINT ( 'NONE',  ( -16.20000000000043272, -7.001565576049613604, 0.8919814093236719810 ) ) ;
#995 = ORIENTED_EDGE ( 'NONE', *, *, #3604, .T. ) ;
#996 = EDGE_CURVE ( 'NONE', #358, #1183, #9593, .T. ) ;
#997 = CARTESIAN_POINT ( 'NONE',  ( -25.93470442194003667, -3.895816298148454759, 20.76481102821895774 ) ) ;
#998 = ORIENTED_EDGE ( 'NONE', *, *, #4555, .F. ) ;
#999 = CARTESIAN_POINT ( 'NONE',  ( -17.64513293113374104, -18.75834494313550138, 19.72687625217249874 ) ) ;
#1000 = EDGE_CURVE ( 'NONE', #1655, #3693, #9539, .T. ) ;
#1001 = EDGE_CURVE ( 'NONE', #10003, #7925, #5876, .T. ) ;
#1002 = DATE_TIME_ROLE ( 'classification_date' ) ;
#1003 = CARTESIAN_POINT ( 'NONE',  ( -15.70000000000043983, -8.784289032372960548, -4.537774599515476126 ) ) ;
#1004 = ORIENTED_EDGE ( 'NONE', *, *, #1001, .F. ) ;
#1005 = CARTESIAN_POINT ( 'NONE',  ( -15.70000000000043983, -8.778373797084004337, 0.4414507127528360941 ) ) ;
#1006 = EDGE_CURVE ( 'NONE', #4697, #6961, #404, .T. ) ;
#1007 = CARTESIAN_POINT ( 'NONE',  ( -25.62290943789901121, -3.816697899292024410, -20.27921703961206390 ) ) ;
#1008 = CARTESIAN_POINT ( 'NONE',  ( -15.70000000000043272, -7.871664704474696350, -4.191175387788553586 ) ) ;
#1009 = FACE_OUTER_BOUND ( 'NONE', #5940, .T. ) ;
#1010 = CARTESIAN_POINT ( 'NONE',  ( -29.93678355119374146, -4.911362310197180392, -16.05832864166231744 ) ) ;
#1011 = CARTESIAN_POINT ( 'NONE',  ( -23.18583104152348895, -23.31009882508070419, 6.461413368391746737 ) ) ;
#1012 = CARTESIAN_POINT ( 'NONE',  ( -29.69280231793383606, -4.849454663824859679, 16.00029580818182851 ) ) ;
#1013 = ORIENTED_EDGE ( 'NONE', *, *, #3856, .F. ) ;
#1014 = CARTESIAN_POINT ( 'NONE',  ( -21.76175575615275193, -20.15905952401790557, -22.80000000000000071 ) ) ;
#1015 = CARTESIAN_POINT ( 'NONE',  ( -16.20000000000043983, -8.976728148939331575, -0.2166983543693092595 ) ) ;
#1016 = CARTESIAN_POINT ( 'NONE',  ( -15.70000000000044338, -8.871919485540690431, 0.5378232123258455122 ) ) ;
#1017 = CARTESIAN_POINT ( 'NONE',  ( -31.44022680839202977, -5.292871955167017362, -16.95657006686003143 ) ) ;
#1018 = CARTESIAN_POINT ( 'NONE',  ( -5.228090657773295291, -18.66862863660911032, 16.96862863660897958 ) ) ;
#1019 = LINE ( 'NONE', #249, #9192 ) ;
#1020 = CARTESIAN_POINT ( 'NONE',  ( -23.72682404136680745, -23.13970187851916904, -7.296427881472616228 ) ) ;
#1021 = VECTOR ( 'NONE', #412, 1000.000000000000000 ) ;
#1022 = CARTESIAN_POINT ( 'NONE',  ( -34.00000000000000000, -2.000000000000029310, 0.000000000000000000 ) ) ;
#1023 = CARTESIAN_POINT ( 'NONE',  ( -16.63875449233590587, -18.47896903035888272, -17.64390327298311334 ) ) ;
#1024 = CARTESIAN_POINT ( 'NONE',  ( -15.70000000000043627, -7.986455161460803254, 0.8250908901251585714 ) ) ;
#1025 = ORIENTED_EDGE ( 'NONE', *, *, #7425, .T. ) ;
#1026 = FACE_BOUND ( 'NONE', #7513, .T. ) ;
#1027 = CARTESIAN_POINT ( 'NONE',  ( -23.25661142308435103, -23.32619409427897850, -6.570661156012723048 ) ) ;
#1028 = CARTESIAN_POINT ( 'NONE',  ( 2.000000000000003109, -12.29893898089671822, 23.00000000000000000 ) ) ;
#1029 = CARTESIAN_POINT ( 'NONE',  ( -15.70000000000043983, -8.971562269813281532, -3.507771793593709386 ) ) ;
#1030 = CARTESIAN_POINT ( 'NONE',  ( -16.20000000000044338, -9.981714739563939176, -2.674143170406655834 ) ) ;
#1031 = ORIENTED_EDGE ( 'NONE', *, *, #8211, .T. ) ;
#1032 = CARTESIAN_POINT ( 'NONE',  ( -34.00000000000000000, -8.000000000000031974, 0.000000000000000000 ) ) ;
#1033 = DIRECTION ( 'NONE',  ( -0.7071067811865502373, 0.7071067811865449082, 0.000000000000000000 ) ) ;
#1035 = VERTEX_POINT ( 'NONE', #190 ) ;
#1034 = CARTESIAN_POINT ( 'NONE',  ( -16.20000000000043627, -7.498544083378710035, -0.6659494496248508089 ) ) ;
#1036 = ORIENTED_EDGE ( 'NONE', *, *, #7541, .F. ) ;
#1037 = LINE ( 'NONE', #4940, #7861 ) ;
#1038 = CARTESIAN_POINT ( 'NONE',  ( -23.33172798364586242, -22.83172798364415712, 23.00000000000000000 ) ) ;
#1039 = ORIENTED_EDGE ( 'NONE', *, *, #9950, .F. ) ;
#1040 = VECTOR ( 'NONE', #7587, 999.9999999999998863 ) ;
#1041 = DIRECTION ( 'NONE',  ( 0.7867292536359808963, 0.6172982111373501724, 0.000000000000000000 ) ) ;
#1042 = ORIENTED_EDGE ( 'NONE', *, *, #8519, .F. ) ;
#1043 = CARTESIAN_POINT ( 'NONE',  ( -4.499999999999996447, -15.70000000000003659, 23.00000000000000000 ) ) ;
#1044 = CARTESIAN_POINT ( 'NONE',  ( -16.44326443527726411, -17.76005566978278338, -16.81627930919837155 ) ) ;
#1045 = VECTOR ( 'NONE', #1833, 1000.000000000000000 ) ;
#1046 = ADVANCED_FACE ( 'NONE', ( #1781 ), #5710, .F. ) ;
#1047 = DIRECTION ( 'NONE',  ( 0.000000000000000000, 0.7071067811865486830, 0.7071067811865464625 ) ) ;
#1048 = CARTESIAN_POINT ( 'NONE',  ( -15.70000000000043983, -9.034412105976958429, -4.306265029607165395 ) ) ;
#1049 = ORIENTED_EDGE ( 'NONE', *, *, #7079, .T. ) ;
#1050 = CARTESIAN_POINT ( 'NONE',  ( -15.70000000000044338, -8.871919485540690431, 0.5378232123258455122 ) ) ;
#1051 = ADVANCED_FACE ( 'NONE', ( #6376 ), #5639, .T. ) ;
#1052 = VECTOR ( 'NONE', #4101, 1000.000000000000000 ) ;
#1053 = CARTESIAN_POINT ( 'NONE',  ( -26.03486112762823268, -3.921227348500046617, -20.88661141661174270 ) ) ;
#1054 = VECTOR ( 'NONE', #5224, 1000.000000000000000 ) ;
#1055 = CARTESIAN_POINT ( 'NONE',  ( -15.70000000000043983, -7.255515437167127324, -4.661518527979255033 ) ) ;
#1056 = CARTESIAN_POINT ( 'NONE',  ( -30.56247410029940070, -5.070134120247274723, -16.30972141277869980 ) ) ;
#1057 = CARTESIAN_POINT ( 'NONE',  ( -23.08979054231052785, -23.26944010463671830, 6.313169066613194325 ) ) ;
#1058 = VECTOR ( 'NONE', #10054, 1000.000000000000000 ) ;
#1059 = DIRECTION ( 'NONE',  ( 0.000000000000000000, 0.000000000000000000, -1.000000000000000000 ) ) ;
#1060 = EDGE_LOOP ( 'NONE', ( #4482, #655, #6511, #2443, #4152 ) ) ;
#1061 = EDGE_CURVE ( 'NONE', #5778, #2047, #1019, .T. ) ;
#1062 = CARTESIAN_POINT ( 'NONE',  ( -17.02986382696997936, -18.78879560605561849, -18.36462307416551099 ) ) ;
#1063 = CARTESIAN_POINT ( 'NONE',  ( -25.18745909526083082, -3.242632980013721689, -18.99999999999999289 ) ) ;
#1064 = DIRECTION ( 'NONE',  ( -0.000000000000000000, 1.000000000000000000, -0.000000000000000000 ) ) ;
#1065 = CARTESIAN_POINT ( 'NONE',  ( -16.20000000000043983, -7.975412702967265233, -0.04609802767762088971 ) ) ;
#1066 = CARTESIAN_POINT ( 'NONE',  ( -28.64246488152567593, -4.582922921713614706, -15.90356145119196185 ) ) ;
#1067 = EDGE_CURVE ( 'NONE', #6175, #7684, #6590, .T. ) ;
#1068 = VERTEX_POINT ( 'NONE', #3563 ) ;
#1069 = DIRECTION ( 'NONE',  ( -1.000000000000000000, -3.469446951953614189E-16, 0.000000000000000000 ) ) ;
#1070 = ADVANCED_FACE ( 'NONE', ( #4453 ), #1221, .T. ) ;
#1071 = CARTESIAN_POINT ( 'NONE',  ( -14.28865939082734116, -16.61726977359735002, 18.76669964196233664 ) ) ;
#1072 = CARTESIAN_POINT ( 'NONE',  ( -4.499999999999995559, -21.20000000000013785, -23.00000000000000000 ) ) ;
#1073 = PLANE ( 'NONE',  #8497 ) ;
#1074 = CARTESIAN_POINT ( 'NONE',  ( -15.93075108559001407, -13.13894922151707867, -22.49999999999999289 ) ) ;
#1075 = DIRECTION ( 'NONE',  ( -0.7071067811865502373, 0.7071067811865449082, -0.000000000000000000 ) ) ;
#1076 = ORIENTED_EDGE ( 'NONE', *, *, #5820, .T. ) ;
#1077 = DIRECTION ( 'NONE',  ( -0.7692489144105426613, -0.6389492215177992041, 0.000000000000000000 ) ) ;
#1078 = CIRCLE ( 'NONE', #6562, 0.4999999999999900080 ) ;
#1079 = CARTESIAN_POINT ( 'NONE',  ( -16.20000000000044693, -7.781164840707617714, -4.884409680362193917 ) ) ;
#1080 = CARTESIAN_POINT ( 'NONE',  ( -4.499999999999996447, -14.70000000000013962, -23.00000000000000000 ) ) ;
#1081 = CARTESIAN_POINT ( 'NONE',  ( -17.73414117061782136, -18.83227646810957978, -18.99999999999999645 ) ) ;
#1082 = CARTESIAN_POINT ( 'NONE',  ( -15.70000000000044338, -9.734325611388179311, -2.816306978886533585 ) ) ;
#1083 = ORIENTED_EDGE ( 'NONE', *, *, #6725, .F. ) ;
#1084 = CARTESIAN_POINT ( 'NONE',  ( -15.88604912907105948, -17.88269596383217674, 20.78839717032766288 ) ) ;
#1085 = AXIS2_PLACEMENT_3D ( 'NONE', #5977, #1235, #9024 ) ;
#1086 = CARTESIAN_POINT ( 'NONE',  ( -23.33172798364586242, -22.83172798364415712, 23.00000000000000000 ) ) ;
#1088 = ORIENTED_EDGE ( 'NONE', *, *, #9723, .F. ) ;
#1087 = CARTESIAN_POINT ( 'NONE',  ( -16.20000000000043983, -7.693545981567194048, -4.134198538537461332 ) ) ;
#1089 = LINE ( 'NONE', #3962, #5362 ) ;
#1090 = VECTOR ( 'NONE', #6848, 1000.000000000000114 ) ;
#1091 = DIRECTION ( 'NONE',  ( -0.7071067811866382780, -0.7071067811864567565, 0.000000000000000000 ) ) ;
#1092 = CARTESIAN_POINT ( 'NONE',  ( -11.34272082218515365, -18.06230443098350591, 22.49999999999998579 ) ) ;
#1093 = ORIENTED_EDGE ( 'NONE', *, *, #9253, .T. ) ;
#1094 = DIRECTION ( 'NONE',  ( -1.000000000000000000, -3.854941057726238590E-16, 0.000000000000000000 ) ) ;
#1095 = ORIENTED_EDGE ( 'NONE', *, *, #4539, .F. ) ;
#1096 = CARTESIAN_POINT ( 'NONE',  ( -15.76440033933666740, -17.19618137956034687, 21.25579994935925043 ) ) ;
#1097 = CARTESIAN_POINT ( 'NONE',  ( -25.66750633856459274, -3.828012508642600231, 20.37466395750703541 ) ) ;
#1098 = VECTOR ( 'NONE', #3630, 999.9999999999998863 ) ;
#1099 = VERTEX_POINT ( 'NONE', #2772 ) ;
#1100 = CARTESIAN_POINT ( 'NONE',  ( -16.76369949595000008, -18.02621364378622459, -21.02765104802483620 ) ) ;
#1101 = CIRCLE ( 'NONE', #451, 3.099999999999934364 ) ;
#1102 = CC_DESIGN_PERSON_AND_ORGANIZATION_ASSIGNMENT ( #7078, #10256, ( #4086 ) ) ;
#1103 = CARTESIAN_POINT ( 'NONE',  ( -17.00790417859402126, -0.9694041950233261984, -15.35744719025576188 ) ) ;
#1104 = DIRECTION ( 'NONE',  ( -1.000000000000000000, 0.000000000000000000, 0.000000000000000000 ) ) ;
#1105 = ORIENTED_EDGE ( 'NONE', *, *, #9712, .T. ) ;
#1106 = VECTOR ( 'NONE', #5311, 1000.000000000000227 ) ;
#1107 = CARTESIAN_POINT ( 'NONE',  ( -23.79169186374993572, -22.60295662022554097, -7.396558872692245323 ) ) ;
#1108 = AXIS2_PLACEMENT_3D ( 'NONE', #475, #2841, #9189 ) ;
#1109 = CARTESIAN_POINT ( 'NONE',  ( -26.07128308776259118, -3.930468861306012140, -20.92797056253946408 ) ) ;
#1110 = DIRECTION ( 'NONE',  ( -0.7071067811865474617, -0.7071067811865474617, 0.000000000000000000 ) ) ;
#1111 = CARTESIAN_POINT ( 'NONE',  ( -15.70000000000045048, -7.721899528217676334, 1.477998738731313821 ) ) ;
#1112 = VECTOR ( 'NONE', #4219, 1000.000000000000114 ) ;
#1113 = CARTESIAN_POINT ( 'NONE',  ( -23.04849357531393395, -23.24447693855059072, 6.249436730426013220 ) ) ;
#1114 = EDGE_CURVE ( 'NONE', #6293, #3032, #8919, .T. ) ;
#1115 = CARTESIAN_POINT ( 'NONE',  ( -31.65340559918373131, -5.346964951610777561, 17.19485658893697178 ) ) ;
#1116 = EDGE_LOOP ( 'NONE', ( #5556, #6094, #9941, #477 ) ) ;
#1117 = CARTESIAN_POINT ( 'NONE',  ( -16.02077288288668910, -17.98942193985134352, -17.24633880244861217 ) ) ;
#1118 = CARTESIAN_POINT ( 'NONE',  ( -34.00000000000000000, -12.00000000000003197, -15.00000000000000000 ) ) ;
#1119 = CARTESIAN_POINT ( 'NONE',  ( -16.20000000000043983, -7.503628200954149285, 0.3803087283403411289 ) ) ;
#1120 = ORIENTED_EDGE ( 'NONE', *, *, #6529, .F. ) ;
#1121 = CARTESIAN_POINT ( 'NONE',  ( -25.42516938566086182, -3.766519786471698605, 19.80377707519869901 ) ) ;
#1122 = LINE ( 'NONE', #1830, #7370 ) ;
#1123 = CARTESIAN_POINT ( 'NONE',  ( -23.81140189578768940, -22.97616396519454085, -7.426973327748110698 ) ) ;
#1124 = CARTESIAN_POINT ( 'NONE',  ( -15.98353117490710851, -17.95991867226445038, 20.76381040417716051 ) ) ;
#1125 = EDGE_CURVE ( 'NONE', #2515, #8429, #2870, .T. ) ;
#1126 = CARTESIAN_POINT ( 'NONE',  ( -21.76175575615275193, -20.15905952401790913, 22.50000000000000000 ) ) ;
#1127 = CARTESIAN_POINT ( 'NONE',  ( -14.83369972602802989, -17.04905289944865743, -17.56880663992192737 ) ) ;
#1128 = FACE_OUTER_BOUND ( 'NONE', #9533, .T. ) ;
#1129 = ORIENTED_EDGE ( 'NONE', *, *, #2676, .F. ) ;
#1130 = EDGE_CURVE ( 'NONE', #2593, #6671, #1122, .T. ) ;
#1131 = EDGE_CURVE ( 'NONE', #1151, #6143, #3305, .T. ) ;
#1132 = CARTESIAN_POINT ( 'NONE',  ( -15.70000000000043983, -10.49999999999928768, -1.336842802650911377 ) ) ;
#1133 = CARTESIAN_POINT ( 'NONE',  ( -16.20000000000044338, -7.505149625707762340, -3.800089161814578897 ) ) ;
#1134 = CARTESIAN_POINT ( 'NONE',  ( -34.71423156829899170, 1.278697662366830468, 19.00000000000000000 ) ) ;
#1135 = DIRECTION ( 'NONE',  ( -0.3396697554902050609, -0.9405447661888425293, -5.137334223141562458E-16 ) ) ;
#1136 = CARTESIAN_POINT ( 'NONE',  ( -11.02773492709895464, -3.733656740812838493, 20.72879594620302157 ) ) ;
#1137 = ORIENTED_EDGE ( 'NONE', *, *, #6409, .F. ) ;
#1138 = CARTESIAN_POINT ( 'NONE',  ( -15.24245204779883167, -17.37285556148233923, 20.70806724034470037 ) ) ;
#1139 = EDGE_CURVE ( 'NONE', #10071, #3724, #5528, .T. ) ;
#1141 = ORIENTED_EDGE ( 'NONE', *, *, #3917, .F. ) ;
#1140 = DIRECTION ( 'NONE',  ( 0.000000000000000000, 0.09745061871804777676, 0.9952403613758183942 ) ) ;
#1142 = CARTESIAN_POINT ( 'NONE',  ( -25.67741481345750287, -3.387704851635963355, -17.29737626194151900 ) ) ;
#1143 = CARTESIAN_POINT ( 'NONE',  ( -22.00000000000000355, -22.87556021811289142, 4.970562748477149739 ) ) ;
#1144 = DIRECTION ( 'NONE',  ( -0.7071067811865446862, -0.7071067811865503483, 0.000000000000000000 ) ) ;
#1145 = ORIENTED_EDGE ( 'NONE', *, *, #4661, .F. ) ;
#1146 = CARTESIAN_POINT ( 'NONE',  ( -16.20000000000044338, -7.303320638129065401, 1.291757677803803128 ) ) ;
#1147 = ORIENTED_EDGE ( 'NONE', *, *, #7037, .F. ) ;
#1149 = CARTESIAN_POINT ( 'NONE',  ( -14.59862370130980835, -16.22787052285712051, 20.38731528453385167 ) ) ;
#1148 = LINE ( 'NONE', #128, #2662 ) ;
#1150 = DIRECTION ( 'NONE',  ( 0.000000000000000000, 0.000000000000000000, 1.000000000000000000 ) ) ;
#1151 = VERTEX_POINT ( 'NONE', #4030 ) ;
#1152 = CARTESIAN_POINT ( 'NONE',  ( -17.72290744451237643, -18.82294557349879582, -19.29528838535500412 ) ) ;
#1153 = CARTESIAN_POINT ( 'NONE',  ( -17.69530102855359743, -1.545723573657745931, -15.00000000000000000 ) ) ;
#1154 = CARTESIAN_POINT ( 'NONE',  ( -15.70000000000043983, -9.711187494247642604, -3.609787139473049411 ) ) ;
#1155 = EDGE_LOOP ( 'NONE', ( #10031, #9607, #4679, #9555 ) ) ;
#1156 = FACE_OUTER_BOUND ( 'NONE', #8751, .T. ) ;
#1157 = CARTESIAN_POINT ( 'NONE',  ( -29.40202728788304043, -4.775668785444011633, -22.05542026095881170 ) ) ;
#1158 = CARTESIAN_POINT ( 'NONE',  ( -24.11754798141021894, -22.33862070490335938, 7.088110729887359795 ) ) ;
#1159 = CARTESIAN_POINT ( 'NONE',  ( -16.20000000000043983, -9.808529584835024906, -4.886390933827458483 ) ) ;
#1160 = CARTESIAN_POINT ( 'NONE',  ( -30.28261113408625604, -4.999120762600711032, 16.18748194295745790 ) ) ;
#1161 = CARTESIAN_POINT ( 'NONE',  ( -15.16225913637803124, -17.30932886876748000, -17.33402725711718517 ) ) ;
#1162 = CARTESIAN_POINT ( 'NONE',  ( -15.70000000000044338, -9.232888244074917594, 0.05490651978551771423 ) ) ;
#1163 = CARTESIAN_POINT ( 'NONE',  ( -16.20000000000044338, -12.49999999999928946, -23.00000000000000000 ) ) ;
#1164 = DIRECTION ( 'NONE',  ( 0.000000000000000000, 0.000000000000000000, 1.000000000000000000 ) ) ;
#1165 = B_SPLINE_CURVE_WITH_KNOTS ( 'NONE', 3,
 ( #2595, #2538, #5730, #8159, #63, #1007, #6574, #4954, #126, #6470, #8111, #3335, #9745, #1053, #1109, #175, #9686, #7393, #9628, #8995, #8946, #8894, #9580, #1868, #1817, #2434, #5007, #4178, #7239, #4228, #229, #4902, #288, #960, #2483, #3447, #5674, #6628, #9795, #8837, #1715, #2647, #5623, #5060, #8215, #8004, #4284, #8781, #4132, #1658, #4841, #903, #4078, #8062, #7289, #9948, #1209, #1353, #1924, #5269, #4386, #6673, #5112, #440, #3702, #9845, #9051, #7494, #3603, #5893, #333, #5215, #8421, #8268, #9896, #9997, #1972, #7547, #6776, #3654, #3496, #5314, #4486, #5159, #8313, #10048, #6055, #7443, #1157, #2804, #5999, #8465, #1307, #2022, #9151, #2700, #2756, #8371, #1261, #4440, #9099, #4333, #7597, #490, #7641, #383, #2916, #2858, #540, #2129, #3549, #6879, #9209, #6726, #6824, #2084, #5947, #6111, #9259, #593, #10104, #3759, #2964, #6928, #2176, #6157, #9305, #5360, #8514, #7691, #4534, #3175, #1200, #3289, #5677, #8006, #6364 ),
 .UNSPECIFIED., .F., .F.,
 ( 4, 2, 2, 2, 2, 2, 2, 2, 2, 2, 1, 2, 2, 1, 2, 2, 1, 2, 2, 1, 1, 2, 2, 1, 1, 2, 2, 2, 1, 1, 2, 2, 2, 1, 1, 2, 2, 1, 1, 1, 2, 2, 2, 2, 1, 1, 2, 2, 1, 1, 2, 2, 2, 1, 1, 2, 2, 2, 1, 2, 2, 1, 1, 2, 2, 1, 2, 2, 1, 2, 2, 2, 2, 2, 2, 2, 2, 2, 2, 2, 4 ),
 ( 0.5000000000000000000, 0.5312499999999962252, 0.5624999999999924505, 0.5781249999999905631, 0.5859374999999896749, 0.5937499999999886757, 0.6015624999999877875, 0.6093749999999867883, 0.6171874999999857891, 0.6249999999999849010, 0.6328124999999839018, 0.6367187499999834577, 0.6406249999999829026, 0.6484374999999820144, 0.6523437499999816813, 0.6562499999999813483, 0.6640624999999813483, 0.6679687499999814593, 0.6718749999999814593, 0.6796874999999819034, 0.6835937499999820144, 0.6855468749999821254, 0.6874999999999822364, 0.6953124999999829026, 0.6992187499999835687, 0.7011718749999836797, 0.7031249999999837907, 0.7109374999999833467, 0.7148437499999829026, 0.7167968749999829026, 0.7177734374999831246, 0.7187499999999833467, 0.7265624999999863443, 0.7304687499999878986, 0.7324218749999884537, 0.7333984374999886757, 0.7343749999999890088, 0.7382812499999888978, 0.7402343749999888978, 0.7412109374999891198, 0.7416992187499893419, 0.7421874999999893419, 0.7499999999999980016, 0.7539062500000024425, 0.7558593750000046629, 0.7568359375000057732, 0.7573242187500061062, 0.7578125000000064393, 0.7617187500000076605, 0.7636718750000082157, 0.7646484375000085487, 0.7656250000000088818, 0.7734375000000101030, 0.7773437500000109912, 0.7792968750000114353, 0.7802734375000116573, 0.7812500000000118794, 0.7890625000000132117, 0.7929687500000140998, 0.7949218750000146549, 0.7968750000000153211, 0.8046875000000179856, 0.8085937500000190958, 0.8105468750000194289, 0.8125000000000197620, 0.8203125000000199840, 0.8242187500000197620, 0.8281250000000195399, 0.8359375000000192069, 0.8398437500000186517, 0.8437500000000182077, 0.8515625000000175415, 0.8593750000000168754, 0.8671875000000162093, 0.8750000000000155431, 0.8828125000000148770, 0.8906250000000142109, 0.8984375000000135447, 0.9062500000000128786, 0.9375000000000088818, 1.000000000000000000 ),
 .UNSPECIFIED. ) ;
#1166 = ORIENTED_EDGE ( 'NONE', *, *, #948, .T. ) ;
#1167 = CARTESIAN_POINT ( 'NONE',  ( -32.28428482491175799, -5.507051388218040522, 19.40578292130129157 ) ) ;
#1168 = CARTESIAN_POINT ( 'NONE',  ( -14.35403709114520332, -16.66907129263446663, 18.42240390152230134 ) ) ;
#1169 = VECTOR ( 'NONE', #365, 1000.000000000000000 ) ;
#1170 = CARTESIAN_POINT ( 'NONE',  ( -23.37010936545581785, -23.58949317106465315, -6.340672113932962262 ) ) ;
#1171 = EDGE_CURVE ( 'NONE', #2794, #9931, #1723, .T. ) ;
#1172 = CARTESIAN_POINT ( 'NONE',  ( 2.500000000000003997, -14.70000000000013962, 23.00000000000000000 ) ) ;
#1173 = CARTESIAN_POINT ( 'NONE',  ( -15.70000000000043983, -7.882496365929569038, -4.886390933827458483 ) ) ;
#1174 = CARTESIAN_POINT ( 'NONE',  ( -32.48301878866097070, -5.402788398035632156, -19.88089582238713149 ) ) ;
#1175 = CARTESIAN_POINT ( 'NONE',  ( -25.18745909526083082, -3.242632980013721689, -18.99999999999999289 ) ) ;
#1176 = ORIENTED_EDGE ( 'NONE', *, *, #7023, .T. ) ;
#1177 = DIRECTION ( 'NONE',  ( -1.000000000000000000, 1.377879206612592155E-13, 0.000000000000000000 ) ) ;
#1178 = DIRECTION ( 'NONE',  ( -0.7071067811865474617, -0.7071067811865474617, 0.000000000000000000 ) ) ;
#1179 = CARTESIAN_POINT ( 'NONE',  ( -11.47363759657488558, -20.87313253318575335, 17.37294845814639643 ) ) ;
#1180 = EDGE_CURVE ( 'NONE', #741, #6821, #7864, .T. ) ;
#1181 = CARTESIAN_POINT ( 'NONE',  ( 2.000000000000002665, -14.70000000000013962, -23.00000000000000000 ) ) ;
#1182 = CARTESIAN_POINT ( 'NONE',  ( -4.499999999999996447, -14.70000000000013962, 22.50000000000001421 ) ) ;
#1183 = VERTEX_POINT ( 'NONE', #185 ) ;
#1184 = VECTOR ( 'NONE', #2659, 1000.000000000000000 ) ;
#1185 = CARTESIAN_POINT ( 'NONE',  ( -16.20000000000043983, -8.672004050072869674, -0.4739295540736536694 ) ) ;
#1186 = EDGE_CURVE ( 'NONE', #9025, #7742, #1669, .T. ) ;
#1187 = ADVANCED_FACE ( 'NONE', ( #135 ), #3296, .T. ) ;
#1189 = ORIENTED_EDGE ( 'NONE', *, *, #10277, .T. ) ;
#1188 = CARTESIAN_POINT ( 'NONE',  ( -17.73414117061781781, -18.83227646810957623, -19.14764724851166733 ) ) ;
#1190 = DIRECTION ( 'NONE',  ( 0.7071067811865477948, -0.7071067811865473507, 0.000000000000000000 ) ) ;
#1191 = EDGE_CURVE ( 'NONE', #9216, #6462, #4142, .T. ) ;
#1192 = CARTESIAN_POINT ( 'NONE',  ( -16.20000000000043983, -10.49999999999928768, -4.886390933827458483 ) ) ;
#1193 = LINE ( 'NONE', #2842, #3058 ) ;
#1194 = VERTEX_POINT ( 'NONE', #2296 ) ;
#1195 = CARTESIAN_POINT ( 'NONE',  ( -16.20000000000043983, -7.851904269214863952, 1.504896974694218459 ) ) ;
#1196 = EDGE_CURVE ( 'NONE', #5053, #824, #5481, .T. ) ;
#1197 = EDGE_CURVE ( 'NONE', #5755, #8907, #8690, .T. ) ;
#1198 = VECTOR ( 'NONE', #8258, 1000.000000000000114 ) ;
#1199 = EDGE_LOOP ( 'NONE', ( #520, #4531, #4451, #6145 ) ) ;
#1200 = CARTESIAN_POINT ( 'NONE',  ( -31.84577636341001750, -5.395776636377881630, -20.55209449921324349 ) ) ;
#1201 = CARTESIAN_POINT ( 'NONE',  ( -26.25677785644646178, -3.977542470963019383, 21.11865256687394776 ) ) ;
#1202 = ORIENTED_EDGE ( 'NONE', *, *, #1376, .F. ) ;
#1203 = CARTESIAN_POINT ( 'NONE',  ( -15.76328130188208299, -17.19525189094221318, -21.24132978931336169 ) ) ;
#1204 = AXIS2_PLACEMENT_3D ( 'NONE', #5188, #9129, #1289 ) ;
#1205 = LINE ( 'NONE', #1257, #9891 ) ;
#1206 = CARTESIAN_POINT ( 'NONE',  ( -32.60158332329182684, -5.437894384777097301, -19.00000000000000355 ) ) ;
#1207 = ORIENTED_EDGE ( 'NONE', *, *, #6039, .F. ) ;
#1208 = PLANE ( 'NONE',  #7735 ) ;
#1209 = CARTESIAN_POINT ( 'NONE',  ( -28.31583208765952975, -4.500033520799019193, -22.06898172400034852 ) ) ;
#1210 = CARTESIAN_POINT ( 'NONE',  ( -15.70000000000044338, -6.942179309626696160, -4.136683461546422969 ) ) ;
#1211 = VECTOR ( 'NONE', #4079, 1000.000000000000000 ) ;
#1212 = DIRECTION ( 'NONE',  ( 0.000000000000000000, 1.000000000000000000, 0.000000000000000000 ) ) ;
#1213 = CARTESIAN_POINT ( 'NONE',  ( -30.35906233056708459, -5.018520821005099997, 16.22063960494849155 ) ) ;
#1214 = CARTESIAN_POINT ( 'NONE',  ( -16.49831708708162381, -18.36771830334970090, -17.51103265890463234 ) ) ;
#1215 = CARTESIAN_POINT ( 'NONE',  ( -16.20000000000043983, -9.591254793415313173, 0.4367730361737560685 ) ) ;
#1216 = VERTEX_POINT ( 'NONE', #4391 ) ;
#1217 = DIRECTION ( 'NONE',  ( -0.4999999999999977240, -0.5000000000000001110, 0.7071067811865490160 ) ) ;
#1218 = DIRECTION ( 'NONE',  ( 1.000000000000000000, 3.469446951953615175E-16, 0.000000000000000000 ) ) ;
#1219 = ORIENTED_EDGE ( 'NONE', *, *, #9895, .T. ) ;
#1220 = CARTESIAN_POINT ( 'NONE',  ( -31.12082105711135327, -5.211817188811622259, 21.33549991874403418 ) ) ;
#1221 = PLANE ( 'NONE',  #574 ) ;
#1222 = CARTESIAN_POINT ( 'NONE',  ( -16.20000000000043983, -9.232888244074917594, -4.093915971200057236 ) ) ;
#1223 = LINE ( 'NONE', #4402, #3704 ) ;
#1224 = AXIS2_PLACEMENT_3D ( 'NONE', #644, #3765, #7793 ) ;
#1225 = CARTESIAN_POINT ( 'NONE',  ( -16.78744303732156951, -20.67859952137373369, 22.49999999999998579 ) ) ;
#1226 = CARTESIAN_POINT ( 'NONE',  ( -25.43172798364586740, -22.83172798364415712, 8.402290732123002925 ) ) ;
#1227 = AXIS2_PLACEMENT_3D ( 'NONE', #8964, #1075, #3514 ) ;
#1228 = CARTESIAN_POINT ( 'NONE',  ( -16.20000000000043983, -8.391015233748285951, -4.058066998995268015 ) ) ;
#1229 = ORIENTED_EDGE ( 'NONE', *, *, #243, .F. ) ;
#1230 = CARTESIAN_POINT ( 'NONE',  ( -16.61954035032799482, -0.7057424773177796151, 22.49999999999999289 ) ) ;
#1231 = ORIENTED_EDGE ( 'NONE', *, *, #8475, .T. ) ;
#1232 = CARTESIAN_POINT ( 'NONE',  ( -16.20000000000043983, -7.624399419883329365, -4.084037904257303175 ) ) ;
#1233 = DIRECTION ( 'NONE',  ( -1.000000000000000000, 0.000000000000000000, 0.000000000000000000 ) ) ;
#1234 = DIRECTION ( 'NONE',  ( 1.000000000000000000, 0.000000000000000000, 0.000000000000000000 ) ) ;
#1235 = DIRECTION ( 'NONE',  ( -0.7071067811865475727, 0.000000000000000000, -0.7071067811865475727 ) ) ;
#1236 = ORIENTED_EDGE ( 'NONE', *, *, #101, .T. ) ;
#1237 = DIRECTION ( 'NONE',  ( 0.6097197964539158299, 0.5064420397482747305, -0.6097197964539140536 ) ) ;
#1239 = EDGE_LOOP ( 'NONE', ( #512, #5813, #5036, #1650, #5358, #5782 ) ) ;
#1238 = CARTESIAN_POINT ( 'NONE',  ( -16.55293918803420539, -17.85115309817227214, -21.14065535970050647 ) ) ;
#1240 = VECTOR ( 'NONE', #6204, 1000.000000000000114 ) ;
#1241 = CARTESIAN_POINT ( 'NONE',  ( -29.37976717539323701, -4.483941035036213663, -22.37553097656676115 ) ) ;
#1242 = EDGE_CURVE ( 'NONE', #6773, #831, #4012, .T. ) ;
#1243 = CARTESIAN_POINT ( 'NONE',  ( -34.50000000000000000, -12.00000000000003197, -23.00000000000000000 ) ) ;
#1244 = DIRECTION ( 'NONE',  ( 0.000000000000000000, 0.000000000000000000, -1.000000000000000000 ) ) ;
#1245 = ORIENTED_EDGE ( 'NONE', *, *, #8601, .F. ) ;
#1246 = AXIS2_PLACEMENT_3D ( 'NONE', #892, #6036, #6092 ) ;
#1247 = CARTESIAN_POINT ( 'NONE',  ( -17.55783315318270255, -18.68583249090378473, 18.00030720596598854 ) ) ;
#1248 = ORIENTED_EDGE ( 'NONE', *, *, #1558, .F. ) ;
#1250 = DIRECTION ( 'NONE',  ( -1.000000000000000000, -3.212450881438532241E-16, 0.000000000000000000 ) ) ;
#1249 = CARTESIAN_POINT ( 'NONE',  ( -4.499999999999996447, -15.20000000000003482, -22.50000000000000000 ) ) ;
#1251 = CARTESIAN_POINT ( 'NONE',  ( -16.78744303732156951, -20.67859952137373369, 23.00000000000000000 ) ) ;
#1252 = ADVANCED_FACE ( 'NONE', ( #5954 ), #9004, .T. ) ;
#1253 = ORIENTED_EDGE ( 'NONE', *, *, #3129, .T. ) ;
#1254 = CARTESIAN_POINT ( 'NONE',  ( -16.21952248578919509, -17.57421238581036604, -16.75867021068663121 ) ) ;
#1255 = EDGE_CURVE ( 'NONE', #5499, #1786, #2547, .T. ) ;
#1256 = EDGE_CURVE ( 'NONE', #2577, #3114, #4291, .T. ) ;
#1257 = CARTESIAN_POINT ( 'NONE',  ( -15.19999999999933316, -0.4999999999993516298, -22.50000000000000711 ) ) ;
#1258 = CARTESIAN_POINT ( 'NONE',  ( -16.44857619592439590, -17.76446769463818853, -16.80346495166230270 ) ) ;
#1259 = ORIENTED_EDGE ( 'NONE', *, *, #7785, .T. ) ;
#1260 = CARTESIAN_POINT ( 'NONE',  ( -24.98385941628142959, -24.12805422703259595, -22.49999999999999289 ) ) ;
#1261 = CARTESIAN_POINT ( 'NONE',  ( -29.79937930284807734, -4.876497363099527860, -21.97336856119860471 ) ) ;
#1262 = ADVANCED_FACE ( 'NONE', ( #8903 ), #1663, .T. ) ;
#1263 = CARTESIAN_POINT ( 'NONE',  ( -15.70000000000043983, -7.060056848763239579, -4.431908663444811936 ) ) ;
#1264 = CARTESIAN_POINT ( 'NONE',  ( 2.500000000000001332, -12.29893898089671822, -20.00000000000000000 ) ) ;
#1265 = CARTESIAN_POINT ( 'NONE',  ( -25.20767379833516131, -18.78746430724002181, -3.783445265358420961 ) ) ;
#1266 = CIRCLE ( 'NONE', #4266, 0.5000000000000004441 ) ;
#1267 = CARTESIAN_POINT ( 'NONE',  ( -15.58405176932117442, -17.64344341533321270, -17.20505439413293303 ) ) ;
#1268 = DIRECTION ( 'NONE',  ( 0.7071067811865474617, 0.7071067811865474617, 0.000000000000000000 ) ) ;
#1269 = ORIENTED_EDGE ( 'NONE', *, *, #4746, .F. ) ;
#1270 = AXIS2_PLACEMENT_3D ( 'NONE', #8189, #3575, #5976 ) ;
#1271 = DIRECTION ( 'NONE',  ( 0.000000000000000000, 0.000000000000000000, 1.000000000000000000 ) ) ;
#1272 = CARTESIAN_POINT ( 'NONE',  ( -29.03894100210026608, -4.683530697807766430, 22.09999999999995879 ) ) ;
#1273 = ORIENTED_EDGE ( 'NONE', *, *, #8737, .F. ) ;
#1274 = CARTESIAN_POINT ( 'NONE',  ( -25.31333145693569620, -3.738140405639863939, 18.79710433981730944 ) ) ;
#1275 = LINE ( 'NONE', #4454, #2329 ) ;
#1276 = CARTESIAN_POINT ( 'NONE',  ( -34.71423156829899170, 1.278697662366830468, -19.00000000000000000 ) ) ;
#1277 = CARTESIAN_POINT ( 'NONE',  ( -16.50921586614268932, -18.37635224053191507, 20.47950347642575153 ) ) ;
#1278 = CARTESIAN_POINT ( 'NONE',  ( -32.30682491192607131, -5.512771037362598214, -19.00000000000000000 ) ) ;
#1279 = LINE ( 'NONE', #7511, #9678 ) ;
#1280 = DIRECTION ( 'NONE',  ( -3.469446951953614189E-16, 1.000000000000000000, 0.000000000000000000 ) ) ;
#1281 = ORIENTED_EDGE ( 'NONE', *, *, #1744, .T. ) ;
#1282 = DIRECTION ( 'NONE',  ( -0.000000000000000000, 1.000000000000000000, -0.000000000000000000 ) ) ;
#1283 = EDGE_LOOP ( 'NONE', ( #8156, #4993, #9919, #728 ) ) ;
#1284 = CARTESIAN_POINT ( 'NONE',  ( -16.20000000000043983, -7.682800240769650735, -4.869198567709881686 ) ) ;
#1285 = DIRECTION ( 'NONE',  ( 0.000000000000000000, 0.000000000000000000, 1.000000000000000000 ) ) ;
#1286 = LINE ( 'NONE', #9925, #7074 ) ;
#1287 = FACE_OUTER_BOUND ( 'NONE', #8000, .T. ) ;
#1288 = EDGE_LOOP ( 'NONE', ( #4065, #8101, #2125, #6943 ) ) ;
#1289 = DIRECTION ( 'NONE',  ( -0.7071067811865454633, -0.7071067811865495711, 0.000000000000000000 ) ) ;
#1290 = CARTESIAN_POINT ( 'NONE',  ( -14.30440138401530703, -15.98348523083166484, -19.58490888141916031 ) ) ;
#1291 = CARTESIAN_POINT ( 'NONE',  ( -25.94700860765130201, -3.467529364033505868, -16.92760081561649343 ) ) ;
#1292 = CARTESIAN_POINT ( 'NONE',  ( -15.70000000000043983, -7.975412702967265233, -4.194920518663195708 ) ) ;
#1293 = CARTESIAN_POINT ( 'NONE',  ( -14.37038289965070348, -16.68202547913551115, -19.63537692574535143 ) ) ;
#1294 = ORIENTED_EDGE ( 'NONE', *, *, #879, .F. ) ;
#1295 = LINE ( 'NONE', #4424, #7487 ) ;
#1296 = VERTEX_POINT ( 'NONE', #5460 ) ;
#1298 = PLANE ( 'NONE',  #6702 ) ;
#1297 = CARTESIAN_POINT ( 'NONE',  ( -31.17372232166937351, -5.015116447448013659, 16.28404954504834379 ) ) ;
#1299 = FACE_OUTER_BOUND ( 'NONE', #2988, .T. ) ;
#1300 = EDGE_LOOP ( 'NONE', ( #8377, #1568, #2638, #1625 ) ) ;
#1301 = CARTESIAN_POINT ( 'NONE',  ( -14.63002014350571045, -16.88770337918926501, -20.18948768525455151 ) ) ;
#1302 = DIRECTION ( 'NONE',  ( -0.000000000000000000, -1.000000000000000000, -0.000000000000000000 ) ) ;
#1303 = FACE_OUTER_BOUND ( 'NONE', #682, .T. ) ;
#1304 = ORIENTED_EDGE ( 'NONE', *, *, #5200, .F. ) ;
#1305 = DIRECTION ( 'NONE',  ( -0.000000000000000000, -0.000000000000000000, -1.000000000000000000 ) ) ;
#1306 = EDGE_LOOP ( 'NONE', ( #2218, #1632, #3452, #5959 ) ) ;
#1307 = CARTESIAN_POINT ( 'NONE',  ( -29.48479446033157103, -4.796668041344647193, -22.04175080149213883 ) ) ;
#1308 = EDGE_CURVE ( 'NONE', #8604, #3584, #6005, .T. ) ;
#1309 = CARTESIAN_POINT ( 'NONE',  ( -30.50996814332916429, -5.056813825888366587, 21.70916083965613552 ) ) ;
#1310 = EDGE_CURVE ( 'NONE', #4174, #5937, #497, .T. ) ;
#1311 = CARTESIAN_POINT ( 'NONE',  ( -11.34272082218515365, -18.06230443098350591, -22.50000000000000000 ) ) ;
#1312 = LINE ( 'NONE', #9213, #6541 ) ;
#1313 = LINE ( 'NONE', #494, #5708 ) ;
#1314 = CARTESIAN_POINT ( 'NONE',  ( -15.97912909640700185, -17.95643142756749810, -17.23506580103160601 ) ) ;
#1315 = EDGE_LOOP ( 'NONE', ( #60, #2621, #8585, #3038 ) ) ;
#1316 = CARTESIAN_POINT ( 'NONE',  ( -22.95245449189772913, -23.36033954572348037, -5.923017240374876202 ) ) ;
#1317 = ADVANCED_FACE ( 'NONE', ( #3902 ), #9655, .T. ) ;
#1318 = CARTESIAN_POINT ( 'NONE',  ( -27.90343145654564339, -4.395390008876850274, 15.99914861037675351 ) ) ;
#1319 = CARTESIAN_POINT ( 'NONE',  ( -25.49192344381926745, -3.783458931001130843, 19.99886749270905284 ) ) ;
#1320 = CARTESIAN_POINT ( 'NONE',  ( -16.07520745790708716, -18.03254791570167370, 17.26289639572241796 ) ) ;
#1321 = CARTESIAN_POINT ( 'NONE',  ( -16.20000000000044338, -8.922214634246472542, -4.417383216992182504 ) ) ;
#1322 = DIRECTION ( 'NONE',  ( -0.7071067811865502373, 0.7071067811865449082, -0.000000000000000000 ) ) ;
#1323 = ADVANCED_FACE ( 'NONE', ( #2225, #8718 ), #3005, .F. ) ;
#1324 = CARTESIAN_POINT ( 'NONE',  ( -16.16406060791524979, -18.10293472002314275, 20.70229425618911634 ) ) ;
#1325 = FACE_OUTER_BOUND ( 'NONE', #5106, .T. ) ;
#1326 = CARTESIAN_POINT ( 'NONE',  ( -25.43172798364586740, -22.59305724071017352, 8.402290732123004702 ) ) ;
#1327 = DIRECTION ( 'NONE',  ( 0.000000000000000000, -0.000000000000000000, 1.000000000000000000 ) ) ;
#1328 = ORIENTED_EDGE ( 'NONE', *, *, #9364, .F. ) ;
#1329 = CARTESIAN_POINT ( 'NONE',  ( -25.31333027604651420, -3.738141586529048155, 18.79748766505169399 ) ) ;
#1330 = ORIENTED_EDGE ( 'NONE', *, *, #3001, .T. ) ;
#1331 = CARTESIAN_POINT ( 'NONE',  ( -16.63875449233591297, -18.47896903035888627, 17.64390327298311689 ) ) ;
#1332 = CARTESIAN_POINT ( 'NONE',  ( -21.68052538924104411, -20.06126400371732643, -5.244437972907889822 ) ) ;
#1333 = CARTESIAN_POINT ( 'NONE',  ( -12.30050506338938199, -21.70000000000013785, 23.00000000000000000 ) ) ;
#1334 = LINE ( 'NONE', #3521, #913 ) ;
#1335 = VERTEX_POINT ( 'NONE', #7604 ) ;
#1336 = DIRECTION ( 'NONE',  ( -0.7071067811865502373, 0.7071067811865449082, 0.000000000000000000 ) ) ;
#1337 = FACE_OUTER_BOUND ( 'NONE', #6073, .T. ) ;
#1338 = CARTESIAN_POINT ( 'NONE',  ( -32.60158332329183395, -5.437894384777096413, -19.22236257406618876 ) ) ;
#1339 = CARTESIAN_POINT ( 'NONE',  ( -16.20000000000043627, -7.752223120512271137, 0.7696356104597047443 ) ) ;
#1340 = CARTESIAN_POINT ( 'NONE',  ( -20.50330085889908460, -12.93223304703296783, -19.00000000000000000 ) ) ;
#1341 = ORIENTED_EDGE ( 'NONE', *, *, #4731, .T. ) ;
#1342 = CARTESIAN_POINT ( 'NONE',  ( -16.55293918803420539, -17.85115309817227214, 16.85934464029948998 ) ) ;
#1343 = ORIENTED_EDGE ( 'NONE', *, *, #8354, .F. ) ;
#1344 = DIRECTION ( 'NONE',  ( -0.000000000000000000, 0.000000000000000000, -1.000000000000000000 ) ) ;
#1345 = LINE ( 'NONE', #2120, #2418 ) ;
#1346 = AXIS2_PLACEMENT_3D ( 'NONE', #5839, #5788, #6419 ) ;
#1347 = CARTESIAN_POINT ( 'NONE',  ( -14.28888953895404867, -16.61746883378910411, -19.23561588986809312 ) ) ;
#1348 = DIRECTION ( 'NONE',  ( 0.000000000000000000, 0.000000000000000000, -1.000000000000000000 ) ) ;
#1349 = DIRECTION ( 'NONE',  ( -0.000000000000000000, -0.000000000000000000, -1.000000000000000000 ) ) ;
#1350 = VERTEX_POINT ( 'NONE', #1593 ) ;
#1351 = CARTESIAN_POINT ( 'NONE',  ( -34.00000000000000000, -2.500000000000023093, 2.899999999999999911 ) ) ;
#1352 = EDGE_LOOP ( 'NONE', ( #3956, #4974, #2535, #5870 ) ) ;
#1353 = CARTESIAN_POINT ( 'NONE',  ( -28.35952188942992436, -4.511121051439229923, -22.07436376640063358 ) ) ;
#1354 = CARTESIAN_POINT ( 'NONE',  ( -29.83792960445842368, -4.886279545666130986, 21.96307250958805213 ) ) ;
#1355 = CARTESIAN_POINT ( 'NONE',  ( -45.10080138151387530, -12.00000000000003553, 7.682591274314916063 ) ) ;
#1356 = LINE ( 'NONE', #9363, #1381 ) ;
#1357 =( NAMED_UNIT ( * ) PLANE_ANGLE_UNIT ( ) SI_UNIT ( $, .RADIAN. ) );
#1358 = EDGE_CURVE ( 'NONE', #5413, #2529, #2028, .T. ) ;
#1359 = ORIENTED_EDGE ( 'NONE', *, *, #501, .T. ) ;
#1360 = DIRECTION ( 'NONE',  ( 1.000000000000000000, 3.469446951953615175E-16, -0.000000000000000000 ) ) ;
#1361 = CARTESIAN_POINT ( 'NONE',  ( -25.31333145693569620, -3.738140405639865271, 19.20289566018267635 ) ) ;
#1362 = CARTESIAN_POINT ( 'NONE',  ( -32.60158332329182684, -5.437894384777099077, 19.22236257406618520 ) ) ;
#1363 = AXIS2_PLACEMENT_3D ( 'NONE', #10175, #8545, #8495 ) ;
#1364 = CARTESIAN_POINT ( 'NONE',  ( -24.03597127404137268, -23.41105435832671233, -7.006534022518517091 ) ) ;
#1365 = CARTESIAN_POINT ( 'NONE',  ( -16.20000000000043272, -7.060056848763235138, -0.2830861724592369510 ) ) ;
#1366 = CARTESIAN_POINT ( 'NONE',  ( -15.63819572880134601, -17.68635312605422882, 20.79999999999990834 ) ) ;
#1367 = FACE_OUTER_BOUND ( 'NONE', #2519, .T. ) ;
#1368 = LINE ( 'NONE', #7460, #6038 ) ;
#1369 = EDGE_CURVE ( 'NONE', #1035, #4158, #3893, .T. ) ;
#1370 = DIRECTION ( 'NONE',  ( 1.000000000000000000, 0.000000000000000000, 0.000000000000000000 ) ) ;
#1371 = ORIENTED_EDGE ( 'NONE', *, *, #6265, .F. ) ;
#1372 = FACE_OUTER_BOUND ( 'NONE', #6797, .T. ) ;
#1373 = ORIENTED_EDGE ( 'NONE', *, *, #4812, .F. ) ;
#1374 = EDGE_CURVE ( 'NONE', #6497, #5382, #4778, .T. ) ;
#1375 = CARTESIAN_POINT ( 'NONE',  ( -14.83369972602802989, -17.04905289944865743, 20.43119336007807263 ) ) ;
#1376 = EDGE_CURVE ( 'NONE', #4967, #5053, #8566, .T. ) ;
#1377 = LINE ( 'NONE', #6694, #6580 ) ;
#1378 = ORIENTED_EDGE ( 'NONE', *, *, #2691, .T. ) ;
#1379 = CARTESIAN_POINT ( 'NONE',  ( -25.56249211402954913, -3.353677182443211890, 17.49442326175538298 ) ) ;
#1380 = CARTESIAN_POINT ( 'NONE',  ( -36.90626258997725984, -0.9133333593114507654, -19.00000000000000000 ) ) ;
#1381 = VECTOR ( 'NONE', #5217, 1000.000000000000227 ) ;
#1382 = CARTESIAN_POINT ( 'NONE',  ( -16.20000000000043983, -9.300625348133955583, -4.018374807551416517 ) ) ;
#1383 = CARTESIAN_POINT ( 'NONE',  ( -17.37706682787780110, -18.53568537900476443, -20.37605907320816101 ) ) ;
#1384 = AXIS2_PLACEMENT_3D ( 'NONE', #8910, #973, #4037 ) ;
#1385 = CARTESIAN_POINT ( 'NONE',  ( -29.71672491231612412, -4.855521434125607882, -22.00085138962325004 ) ) ;
#1386 = CARTESIAN_POINT ( 'NONE',  ( -25.31333145693570685, -3.738140405639854169, -18.99999999999999289 ) ) ;
#1387 = AXIS2_PLACEMENT_3D ( 'NONE', #4234, #7398, #3451 ) ;
#1388 = CARTESIAN_POINT ( 'NONE',  ( -16.20000000000043983, -7.858755298660814681, 0.8034127112542617244 ) ) ;
#1389 = CARTESIAN_POINT ( 'NONE',  ( -16.56746786951077510, -18.42249988784393722, -20.42665254479586423 ) ) ;
#1390 = ORIENTED_EDGE ( 'NONE', *, *, #3744, .F. ) ;
#1391 = VECTOR ( 'NONE', #1268, 1000.000000000000114 ) ;
#1392 = CARTESIAN_POINT ( 'NONE',  ( -14.33767085653754236, -16.01111933361707784, 18.27312374782750481 ) ) ;
#1393 = CIRCLE ( 'NONE', #7205, 1.000000000000073719 ) ;
#1394 = ORIENTED_EDGE ( 'NONE', *, *, #6977, .F. ) ;
#1396 = CARTESIAN_POINT ( 'NONE',  ( -15.70000000000044338, -8.056804533085561104, -3.319057992788463363 ) ) ;
#1395 = CARTESIAN_POINT ( 'NONE',  ( -9.635359786991235964, -21.40181008300286436, 19.70181008300271941 ) ) ;
#1397 = CARTESIAN_POINT ( 'NONE',  ( 2.000000000000000888, -14.70000000000013962, -23.00000000000000000 ) ) ;
#1398 = CARTESIAN_POINT ( 'NONE',  ( -14.57076098651949358, -16.84075985921393581, -17.90201782688823329 ) ) ;
#1399 = VECTOR ( 'NONE', #6475, 1000.000000000000000 ) ;
#1400 = EDGE_LOOP ( 'NONE', ( #752, #8511, #9502, #958 ) ) ;
#1401 = CARTESIAN_POINT ( 'NONE',  ( -15.70000000000044338, -9.335365825553143537, 1.004602319906079178 ) ) ;
#1402 = ORIENTED_EDGE ( 'NONE', *, *, #9774, .F. ) ;
#1403 = ORIENTED_EDGE ( 'NONE', *, *, #6786, .F. ) ;
#1404 = CARTESIAN_POINT ( 'NONE',  ( -15.70000000000043983, -9.014403707535935339, 0.6855992570465070379 ) ) ;
#1405 = CIRCLE ( 'NONE', #1902, 0.5000000000000593969 ) ;
#1406 = CARTESIAN_POINT ( 'NONE',  ( -17.67840240365596927, -18.78597904592091794, 18.41509111858084324 ) ) ;
#1407 = LINE ( 'NONE', #4592, #9854 ) ;
#1408 = EDGE_LOOP ( 'NONE', ( #10186, #6457, #4243, #6974 ) ) ;
#1409 = DIRECTION ( 'NONE',  ( -1.000000000000000000, 0.000000000000000000, 0.000000000000000000 ) ) ;
#1410 = CARTESIAN_POINT ( 'NONE',  ( -26.49933531175041779, -4.039094254190847444, 21.33549991874404839 ) ) ;
#1411 = CARTESIAN_POINT ( 'NONE',  ( -25.67741481345749577, -3.387704851635960690, 20.70262373805848455 ) ) ;
#1412 = CARTESIAN_POINT ( 'NONE',  ( -15.88546270392186166, -17.88224799725632153, 17.21514797978965206 ) ) ;
#1413 = CARTESIAN_POINT ( 'NONE',  ( -47.50000000000000000, -12.00000000000003730, 0.000000000000000000 ) ) ;
#1414 = CARTESIAN_POINT ( 'NONE',  ( -16.20000000000043983, -7.183698034253646725, -0.4438349079535793829 ) ) ;
#1415 = DIRECTION ( 'NONE',  ( 1.000000000000000000, 0.000000000000000000, 0.000000000000000000 ) ) ;
#1416 = DIRECTION ( 'NONE',  ( -1.000000000000000000, 0.000000000000000000, 0.000000000000000000 ) ) ;
#1417 = EDGE_CURVE ( 'NONE', #3651, #4655, #6616, .T. ) ;
#1418 = CARTESIAN_POINT ( 'NONE',  ( -27.03672565967021768, -3.790185649905446930, -21.94839855693671637 ) ) ;
#1419 = AXIS2_PLACEMENT_3D ( 'NONE', #3934, #6318, #4653 ) ;
#1420 = CARTESIAN_POINT ( 'NONE',  ( -15.70000000000043983, -7.975412702967265233, -4.194920518663195708 ) ) ;
#1421 = ORIENTED_EDGE ( 'NONE', *, *, #367, .T. ) ;
#1422 = VECTOR ( 'NONE', #6842, 1000.000000000000000 ) ;
#1423 = DIRECTION ( 'NONE',  ( 3.469446951953615175E-16, -1.000000000000000000, 0.000000000000000000 ) ) ;
#1424 = CARTESIAN_POINT ( 'NONE',  ( -4.499999999999996447, -14.70000000000013962, 20.00000000000000000 ) ) ;
#1425 = FACE_OUTER_BOUND ( 'NONE', #685, .T. ) ;
#1426 = VERTEX_POINT ( 'NONE', #9729 ) ;
#1427 = CIRCLE ( 'NONE', #9236, 0.5000000000000698330 ) ;
#1428 = CARTESIAN_POINT ( 'NONE',  ( -28.40927524315941710, -4.196586329754598665, 22.37553097656677181 ) ) ;
#1429 = EDGE_CURVE ( 'NONE', #5499, #7275, #5166, .T. ) ;
#1430 = CARTESIAN_POINT ( 'NONE',  ( -15.70000000000043627, -6.919033797933555441, 0.5897264415615001143 ) ) ;
#1431 = VECTOR ( 'NONE', #2358, 1000.000000000000000 ) ;
#1432 = CARTESIAN_POINT ( 'NONE',  ( -16.20000000000043983, -8.827565459923031099, -4.503414674254524463 ) ) ;
#1433 = EDGE_CURVE ( 'NONE', #1667, #7167, #1037, .T. ) ;
#1434 = CARTESIAN_POINT ( 'NONE',  ( -14.32516260720247914, -16.64620338875894134, -19.46670926938993418 ) ) ;
#1435 = VECTOR ( 'NONE', #677, 999.9999999999998863 ) ;
#1436 = CARTESIAN_POINT ( 'NONE',  ( -30.75231675888242577, -4.890341714885368951, -16.05160144306328718 ) ) ;
#1437 = CARTESIAN_POINT ( 'NONE',  ( -28.51308122992946892, -4.550090488633547814, -15.91116165473445143 ) ) ;
#1438 = CARTESIAN_POINT ( 'NONE',  ( -4.499999999999995559, -21.70000000000013785, -22.50000000000000355 ) ) ;
#1439 = CARTESIAN_POINT ( 'NONE',  ( -14.94726713163902865, -17.13901808649569958, -20.52735714619410601 ) ) ;
#1440 = ORIENTED_EDGE ( 'NONE', *, *, #4539, .T. ) ;
#1441 = ADVANCED_FACE ( 'NONE', ( #944 ), #1540, .F. ) ;
#1442 = CARTESIAN_POINT ( 'NONE',  ( -14.33767085653754059, -16.01111933361708140, 19.72687625217248453 ) ) ;
#1443 = EDGE_LOOP ( 'NONE', ( #5348, #7191, #901, #3123 ) ) ;
#1444 = DIRECTION ( 'NONE',  ( -0.5773502691896272854, 0.5773502691896278405, -0.5773502691896225114 ) ) ;
#1445 = CARTESIAN_POINT ( 'NONE',  ( -10.29230422291648317, 0.03828211267068414025, 19.99336524202104570 ) ) ;
#1446 = EDGE_CURVE ( 'NONE', #9127, #8570, #9003, .T. ) ;
#1447 = CARTESIAN_POINT ( 'NONE',  ( -16.77022658314550441, -18.58311770602354684, -20.18948768525454796 ) ) ;
#1448 = ORIENTED_EDGE ( 'NONE', *, *, #3859, .F. ) ;
#1449 = CARTESIAN_POINT ( 'NONE',  ( -15.70000000000043983, -10.49999999999928768, -1.336842802650911377 ) ) ;
#1450 = CARTESIAN_POINT ( 'NONE',  ( -34.00000000000000000, -11.50000000000001599, 0.000000000000000000 ) ) ;
#1451 = ORIENTED_EDGE ( 'NONE', *, *, #1808, .F. ) ;
#1452 = EDGE_LOOP ( 'NONE', ( #5707, #9531, #4820, #7993 ) ) ;
#1453 = CARTESIAN_POINT ( 'NONE',  ( -31.83914760189009030, -5.394100275670524525, 20.54959903898695117 ) ) ;
#1454 = CARTESIAN_POINT ( 'NONE',  ( -19.26635357184571617, -22.18490508109985271, -22.49999999999999289 ) ) ;
#1455 = PLANE ( 'NONE',  #2030 ) ;
#1456 = ORIENTED_EDGE ( 'NONE', *, *, #8871, .F. ) ;
#1457 = DIRECTION ( 'NONE',  ( -0.2839080700657318213, 0.9588515045363132927, 0.000000000000000000 ) ) ;
#1458 = CARTESIAN_POINT ( 'NONE',  ( -31.12082105711135327, -5.211817188811622259, 21.33549991874403418 ) ) ;
#1459 = CARTESIAN_POINT ( 'NONE',  ( -15.70000000000043983, -9.808529584835024906, -3.550268412859013178 ) ) ;
#1460 = CARTESIAN_POINT ( 'NONE',  ( -15.70000000000043983, -6.972028366947921718, -0.09330328558653168403 ) ) ;
#1461 = LINE ( 'NONE', #4747, #3192 ) ;
#1462 = CARTESIAN_POINT ( 'NONE',  ( -15.70000000000043983, -7.989098054934059334, -2.627587577624199699 ) ) ;
#1463 = CARTESIAN_POINT ( 'NONE',  ( -30.08899341565386720, -4.693937110716093208, -22.22391131873876446 ) ) ;
#1464 = DIRECTION ( 'NONE',  ( -0.000000000000000000, -0.000000000000000000, -1.000000000000000000 ) ) ;
#1465 = ORIENTED_EDGE ( 'NONE', *, *, #627, .T. ) ;
#1466 = CARTESIAN_POINT ( 'NONE',  ( -26.25674508596216938, -3.977533892083222611, 16.88137867231519706 ) ) ;
#1467 = ORIENTED_EDGE ( 'NONE', *, *, #3604, .F. ) ;
#1468 = CARTESIAN_POINT ( 'NONE',  ( -16.45223813169240401, -18.33121678945233057, 17.47299248693038365 ) ) ;
#1469 = DIRECTION ( 'NONE',  ( 1.000000000000000000, 3.469446951953615175E-16, -0.000000000000000000 ) ) ;
#1470 = CARTESIAN_POINT ( 'NONE',  ( -16.20000000000043983, -7.975412702967265233, -0.04609802767762088971 ) ) ;
#1471 = CARTESIAN_POINT ( 'NONE',  ( -16.20000000000043983, -7.155790662124284829, -2.998467124319056154 ) ) ;
#1472 = VERTEX_POINT ( 'NONE', #4006 ) ;
#1473 = CARTESIAN_POINT ( 'NONE',  ( -26.63325003387896217, -3.670719824702037393, 16.29867749701570645 ) ) ;
#1474 = CARTESIAN_POINT ( 'NONE',  ( -15.70000000000043983, -6.966107794308018519, 0.7960307797044599010 ) ) ;
#1475 = FACE_OUTER_BOUND ( 'NONE', #8123, .T. ) ;
#1476 = CARTESIAN_POINT ( 'NONE',  ( -17.73414117061782136, -18.83227646810957623, -18.99999999999999645 ) ) ;
#1477 = CARTESIAN_POINT ( 'NONE',  ( -32.28428482491175799, -5.507051388218035193, -19.40578292130129157 ) ) ;
#1478 = CARTESIAN_POINT ( 'NONE',  ( -27.21085992398871412, -4.219643598739148516, -16.24309078440350618 ) ) ;
#1479 = CARTESIAN_POINT ( 'NONE',  ( -16.20000000000043983, -7.882496365929569038, -0.7375684428418834981 ) ) ;
#1480 = CARTESIAN_POINT ( 'NONE',  ( -14.63092963599459750, -16.88842239273663637, -20.18533314562375480 ) ) ;
#1481 = ADVANCED_FACE ( 'NONE', ( #7990 ), #2525, .F. ) ;
#1482 = ORIENTED_EDGE ( 'NONE', *, *, #38, .T. ) ;
#1483 = CARTESIAN_POINT ( 'NONE',  ( -15.60715855638014560, -17.66176630779452950, 17.20000000000009521 ) ) ;
#1484 = CARTESIAN_POINT ( 'NONE',  ( -16.20000000000044338, -7.999445824094982171, -0.7349435097204172207 ) ) ;
#1485 = DIRECTION ( 'NONE',  ( 0.9063077870366214039, -0.4226182617407604480, 0.000000000000000000 ) ) ;
#1486 = CARTESIAN_POINT ( 'NONE',  ( -16.82948574013173371, -18.63006122599887249, -17.90201782688823684 ) ) ;
#1487 = EDGE_CURVE ( 'NONE', #7488, #3677, #8616, .T. ) ;
#1488 = CARTESIAN_POINT ( 'NONE',  ( -15.70000000000045048, -7.706673071872999436, 0.7483384280091044394 ) ) ;
#1489 = DIRECTION ( 'NONE',  ( 0.000000000000000000, 0.000000000000000000, 1.000000000000000000 ) ) ;
#1490 = EDGE_CURVE ( 'NONE', #1296, #9577, #8822, .T. ) ;
#1491 = B_SPLINE_CURVE_WITH_KNOTS ( 'NONE', 1,
 ( #1158, #4334 ),
 .UNSPECIFIED., .F., .F.,
 ( 2, 2 ),
 ( 0.000000000000000000, 1.000000000000000000 ),
 .UNSPECIFIED. ) ;
#1492 = ORIENTED_EDGE ( 'NONE', *, *, #1308, .T. ) ;
#1493 = EDGE_CURVE ( 'NONE', #8290, #7684, #4934, .T. ) ;
#1494 = ORIENTED_EDGE ( 'NONE', *, *, #1130, .T. ) ;
#1495 = CARTESIAN_POINT ( 'NONE',  ( -3.499999999999996003, -12.79893898089671822, -23.00000000000000000 ) ) ;
#1496 = PLANE ( 'NONE',  #5227 ) ;
#1497 = DIRECTION ( 'NONE',  ( -9.813077866773448702E-14, -0.7071067811865476838, 0.7071067811865474617 ) ) ;
#1498 = CARTESIAN_POINT ( 'NONE',  ( -34.00000000000000000, -4.500000000000031974, 2.899999999999999911 ) ) ;
#1499 = ORIENTED_EDGE ( 'NONE', *, *, #2199, .T. ) ;
#1500 = DIRECTION ( 'NONE',  ( -1.000000000000000000, -2.709307669882598235E-16, 0.000000000000000000 ) ) ;
#1501 = CARTESIAN_POINT ( 'NONE',  ( -15.96946545163933528, -17.94877649146329901, 17.23265654158661775 ) ) ;
#1502 = CARTESIAN_POINT ( 'NONE',  ( -12.30050506338938376, -21.20000000000013785, -23.00000000000000000 ) ) ;
#1503 = CARTESIAN_POINT ( 'NONE',  ( -16.20000000000043627, -6.905157355145649767, 0.3240958251316182759 ) ) ;
#1504 = AXIS2_PLACEMENT_3D ( 'NONE', #9630, #1912, #5576 ) ;
#1505 = CARTESIAN_POINT ( 'NONE',  ( -10.63561404099860930, -18.06230443098350591, -23.00000000000000000 ) ) ;
#1506 = DIRECTION ( 'NONE',  ( 0.000000000000000000, 0.000000000000000000, 1.000000000000000000 ) ) ;
#1508 = EDGE_LOOP ( 'NONE', ( #9813, #9407, #890, #3312 ) ) ;
#1507 = CARTESIAN_POINT ( 'NONE',  ( -26.10166854280220150, -3.513322902967791261, -16.75488767569456172 ) ) ;
#1509 = FACE_OUTER_BOUND ( 'NONE', #3194, .T. ) ;
#1510 = ORIENTED_EDGE ( 'NONE', *, *, #8933, .F. ) ;
#1511 = CARTESIAN_POINT ( 'NONE',  ( -27.28579330259346492, -4.238657720168332865, 16.20922847001989098 ) ) ;
#1512 = ORIENTED_EDGE ( 'NONE', *, *, #8281, .T. ) ;
#1513 = VECTOR ( 'NONE', #1784, 1000.000000000000000 ) ;
#1514 = DIRECTION ( 'NONE',  ( 0.000000000000000000, 0.000000000000000000, -1.000000000000000000 ) ) ;
#1515 = CARTESIAN_POINT ( 'NONE',  ( -15.70000000000043983, -8.391015233748285951, 0.09075549199030621961 ) ) ;
#1516 = CARTESIAN_POINT ( 'NONE',  ( -15.70000000000043983, -7.942415086382099254, -2.633146892669006700 ) ) ;
#1517 = ORIENTED_EDGE ( 'NONE', *, *, #8104, .F. ) ;
#1518 = VECTOR ( 'NONE', #4133, 1000.000000000000000 ) ;
#1519 = CARTESIAN_POINT ( 'NONE',  ( -31.84203381090134499, -5.212998000757312234, 21.07239918438350657 ) ) ;
#1520 = CARTESIAN_POINT ( 'NONE',  ( -15.70000000000044338, -7.044589019802428354, 0.9832427415940419024 ) ) ;
#1521 = CARTESIAN_POINT ( 'NONE',  ( -16.20000000000043627, -9.364960579833843113, -3.948941587078698134 ) ) ;
#1522 = CARTESIAN_POINT ( 'NONE',  ( -16.97681622514102173, -18.74677249760230779, -19.79767278004957376 ) ) ;
#1523 = AXIS2_PLACEMENT_3D ( 'NONE', #3624, #510, #6795 ) ;
#1524 = ORIENTED_EDGE ( 'NONE', *, *, #501, .F. ) ;
#1525 = CARTESIAN_POINT ( 'NONE',  ( -32.22655030452310143, -5.326850182347602214, -17.49442326175538653 ) ) ;
#1526 = CARTESIAN_POINT ( 'NONE',  ( -28.56161049236553140, -4.562404688302896361, -15.90765724925179470 ) ) ;
#1527 = LINE ( 'NONE', #7877, #8378 ) ;
#1528 = FACE_OUTER_BOUND ( 'NONE', #1199, .T. ) ;
#1529 = CARTESIAN_POINT ( 'NONE',  ( -14.81481165877896622, -17.03408798104082678, -20.40789321274670343 ) ) ;
#1530 = ORIENTED_EDGE ( 'NONE', *, *, #5490, .F. ) ;
#1531 = AXIS2_PLACEMENT_3D ( 'NONE', #7417, #4305, #9920 ) ;
#1532 = CARTESIAN_POINT ( 'NONE',  ( -14.35227831868444071, -16.66768373050418006, 19.57998757646466714 ) ) ;
#1533 = VECTOR ( 'NONE', #5322, 1000.000000000000000 ) ;
#1534 = CARTESIAN_POINT ( 'NONE',  ( -16.20000000000043983, -7.882496365929569038, -0.7375684428418834981 ) ) ;
#1535 = LINE ( 'NONE', #10187, #3014 ) ;
#1536 = CARTESIAN_POINT ( 'NONE',  ( -15.70000000000044338, -7.332120839148347891, -4.721834646099352994 ) ) ;
#1537 = DIRECTION ( 'NONE',  ( 1.000000000000000000, 3.469446951953615175E-16, -0.000000000000000000 ) ) ;
#1538 = EDGE_CURVE ( 'NONE', #9265, #4728, #85, .T. ) ;
#1539 = CIRCLE ( 'NONE', #1387, 5.000000000000000888 ) ;
#1540 = CONICAL_SURFACE ( 'NONE', #9294, 4.920725942163695521, 0.5235987755983000369 ) ;
#1541 = ORIENTED_EDGE ( 'NONE', *, *, #8107, .F. ) ;
#1542 = CARTESIAN_POINT ( 'NONE',  ( -15.70000000000044338, -7.752223120512271137, 0.7696356104597047443 ) ) ;
#1543 = LINE ( 'NONE', #3061, #6391 ) ;
#1544 = VERTEX_POINT ( 'NONE', #1143 ) ;
#1545 = ORIENTED_EDGE ( 'NONE', *, *, #6413, .F. ) ;
#1546 = EDGE_CURVE ( 'NONE', #324, #3797, #10252, .T. ) ;
#1547 = CARTESIAN_POINT ( 'NONE',  ( -26.89167546780770834, -4.138652240190347165, 21.59194175747782651 ) ) ;
#1548 = CARTESIAN_POINT ( 'NONE',  ( -16.86477632697677365, -18.11016951462100266, 17.04228325489188123 ) ) ;
#1549 = EDGE_CURVE ( 'NONE', #3677, #4075, #7628, .T. ) ;
#1550 = EDGE_CURVE ( 'NONE', #3254, #2198, #3638, .T. ) ;
#1551 = AXIS2_PLACEMENT_3D ( 'NONE', #907, #2597, #5790 ) ;
#1552 = CARTESIAN_POINT ( 'NONE',  ( -3.499999999999996447, -12.29893898089671822, 23.00000000000000000 ) ) ;
#1553 = CARTESIAN_POINT ( 'NONE',  ( -4.499999999999995559, -18.41163293905851717, 16.71163293905838643 ) ) ;
#1554 = CARTESIAN_POINT ( 'NONE',  ( -16.56654700062319918, -18.42176818576414377, 17.56880663992192737 ) ) ;
#1555 = ORIENTED_EDGE ( 'NONE', *, *, #2685, .T. ) ;
#1556 = DIRECTION ( 'NONE',  ( -0.9052483696527130475, 0.4248827947106177949, -1.927644520492574389E-16 ) ) ;
#1557 = VECTOR ( 'NONE', #6617, 1000.000000000000227 ) ;
#1558 = EDGE_CURVE ( 'NONE', #7235, #6951, #2061, .T. ) ;
#1559 = CARTESIAN_POINT ( 'NONE',  ( -15.70000000000043627, -9.558548413931021059, -3.744708575250041527 ) ) ;
#1560 = CARTESIAN_POINT ( 'NONE',  ( -16.20000000000043627, -7.848345631204846740, -0.7369007211100082610 ) ) ;
#1561 = DIRECTION ( 'NONE',  ( -0.5010645155784115845, 0.5010645155784794191, 0.7055981168174100260 ) ) ;
#1562 = DIRECTION ( 'NONE',  ( 0.000000000000000000, 0.9424406504766393855, -0.3343734743205101223 ) ) ;
#1563 = CARTESIAN_POINT ( 'NONE',  ( -28.40927524315941355, -4.196586329754599554, -22.37553097656676826 ) ) ;
#1564 = LINE ( 'NONE', #9530, #10233 ) ;
#1565 = ORIENTED_EDGE ( 'NONE', *, *, #8095, .F. ) ;
#1566 = CARTESIAN_POINT ( 'NONE',  ( -29.21607217274680579, -4.728479223815909904, 15.92045040880386786 ) ) ;
#1567 = VECTOR ( 'NONE', #10098, 1000.000000000000000 ) ;
#1568 = ORIENTED_EDGE ( 'NONE', *, *, #4729, .F. ) ;
#1569 = CARTESIAN_POINT ( 'NONE',  ( -15.70000000000044338, -6.906722299547403132, 0.2426709185257021895 ) ) ;
#1570 = CARTESIAN_POINT ( 'NONE',  ( -23.78350276694050081, -22.61528316404555028, 7.383911178075561743 ) ) ;
#1571 = CARTESIAN_POINT ( 'NONE',  ( -15.70000000000043983, -7.097036302006134889, -3.080012504680883723 ) ) ;
#1572 = ORIENTED_EDGE ( 'NONE', *, *, #869, .T. ) ;
#1573 = CARTESIAN_POINT ( 'NONE',  ( -16.75666241940257706, -14.13328707425802122, 19.00000000000000000 ) ) ;
#1574 = FACE_OUTER_BOUND ( 'NONE', #6894, .T. ) ;
#1575 = CIRCLE ( 'NONE', #6089, 4.499999999999995559 ) ;
#1576 = PLANE ( 'NONE',  #6360 ) ;
#1577 = CARTESIAN_POINT ( 'NONE',  ( -17.07508411944874993, -18.82461769645386696, -19.46670926938992352 ) ) ;
#1578 = CIRCLE ( 'NONE', #4098, 11.00000000000002309 ) ;
#1579 = CARTESIAN_POINT ( 'NONE',  ( -25.31198845677991471, -22.13275126118272951, -8.282551205257060900 ) ) ;
#1580 = VERTEX_POINT ( 'NONE', #8253 ) ;
#1581 = CARTESIAN_POINT ( 'NONE',  ( -31.15579238467368839, -5.009807540088775824, -16.29867749701571000 ) ) ;
#1582 = CARTESIAN_POINT ( 'NONE',  ( -27.92735405084126654, -4.401456779157266297, -16.00029580820157449 ) ) ;
#1583 = AXIS2_PLACEMENT_3D ( 'NONE', #5957, #1217, #5169 ) ;
#1584 = CARTESIAN_POINT ( 'NONE',  ( -21.73540983889273193, -12.00000000000002842, 0.000000000000000000 ) ) ;
#1585 = FACE_OUTER_BOUND ( 'NONE', #3378, .T. ) ;
#1586 = CARTESIAN_POINT ( 'NONE',  ( -15.97339220181311781, -17.95188688696994816, -20.76637517320308035 ) ) ;
#1587 = EDGE_LOOP ( 'NONE', ( #9412, #1141, #8492, #5595 ) ) ;
#1588 = VECTOR ( 'NONE', #2567, 1000.000000000000114 ) ;
#1589 = CARTESIAN_POINT ( 'NONE',  ( -14.83975361142345584, -16.42815649722192362, 20.69954417390184531 ) ) ;
#1590 = PLANE ( 'NONE',  #3361 ) ;
#1591 = CARTESIAN_POINT ( 'NONE',  ( -24.28534999012589424, -22.67532740062491214, -7.255912738603035095 ) ) ;
#1592 = CARTESIAN_POINT ( 'NONE',  ( -17.06322922221151117, -18.27500734609893840, 17.19703167801165833 ) ) ;
#1593 = CARTESIAN_POINT ( 'NONE',  ( -16.20000000000043983, -8.784289032372960548, -4.537774599515476126 ) ) ;
#1594 = CARTESIAN_POINT ( 'NONE',  ( -21.82798676115422509, -20.23879689121691783, 5.391899344821005080 ) ) ;
#1595 = ORIENTED_EDGE ( 'NONE', *, *, #7715, .F. ) ;
#1596 = AXIS2_PLACEMENT_3D ( 'NONE', #4646, #3824, #1506 ) ;
#1597 = EDGE_CURVE ( 'NONE', #8147, #6701, #4753, .T. ) ;
#1598 = CARTESIAN_POINT ( 'NONE',  ( -32.30682491192607841, -5.512771037362598214, 18.79710433981732365 ) ) ;
#1599 = ORIENTED_EDGE ( 'NONE', *, *, #5140, .F. ) ;
#1600 = CARTESIAN_POINT ( 'NONE',  ( -28.01057160252123879, -4.422574272959953312, 22.01830780487759398 ) ) ;
#1601 = CARTESIAN_POINT ( 'NONE',  ( -14.92834819478819597, -16.50174443346875108, 20.79365991259186330 ) ) ;
#1602 = CARTESIAN_POINT ( 'NONE',  ( -15.19999999999936691, -0.4999999999993447464, 22.49999999999999289 ) ) ;
#1603 = EDGE_CURVE ( 'NONE', #4321, #6009, #7430, .T. ) ;
#1604 = APPROVAL_ROLE ( '' ) ;
#1605 = CARTESIAN_POINT ( 'NONE',  ( -14.46746402760057748, -16.75893076982055874, 19.90207066575868922 ) ) ;
#1606 = ORIENTED_EDGE ( 'NONE', *, *, #7614, .F. ) ;
#1607 = CARTESIAN_POINT ( 'NONE',  ( -15.37322947494847902, -22.09281308374683306, -16.00000000000000000 ) ) ;
#1608 = EDGE_CURVE ( 'NONE', #9986, #5015, #2896, .T. ) ;
#1609 = EDGE_CURVE ( 'NONE', #4122, #3132, #6705, .T. ) ;
#1610 = CARTESIAN_POINT ( 'NONE',  ( -34.00000000000000000, -2.000000000000029310, 0.000000000000000000 ) ) ;
#1611 = CARTESIAN_POINT ( 'NONE',  ( -24.29055248123875543, -22.96090000440072743, 7.261115229715894515 ) ) ;
#1612 = CARTESIAN_POINT ( 'NONE',  ( -15.19999999999932250, -3.999999999999346301, 23.00000000000000000 ) ) ;
#1613 = CARTESIAN_POINT ( 'NONE',  ( -34.00000000000000000, -12.00000000000003197, 0.000000000000000000 ) ) ;
#1614 = CARTESIAN_POINT ( 'NONE',  ( -29.26779434669742130, -4.741603270279319382, -22.08001734887670864 ) ) ;
#1615 = CARTESIAN_POINT ( 'NONE',  ( -16.20000000000043983, -8.971562269813281532, -3.507771793593709386 ) ) ;
#1616 = ORIENTED_EDGE ( 'NONE', *, *, #6651, .T. ) ;
#1617 = CARTESIAN_POINT ( 'NONE',  ( -30.05849860057496770, -4.942249857253280254, 16.10411978864943805 ) ) ;
#1618 = ORIENTED_EDGE ( 'NONE', *, *, #7852, .F. ) ;
#1619 = EDGE_CURVE ( 'NONE', #3032, #6151, #2924, .T. ) ;
#1620 = CARTESIAN_POINT ( 'NONE',  ( -17.12051304298577392, -18.86060527521767582, -19.00000000000000000 ) ) ;
#1621 = CARTESIAN_POINT ( 'NONE',  ( -15.70000000000044693, -7.781164840707614161, -0.7355871893766171565 ) ) ;
#1622 = CARTESIAN_POINT ( 'NONE',  ( -23.87907729418321523, -23.51852539821358334, 6.849640042660345429 ) ) ;
#1623 = CARTESIAN_POINT ( 'NONE',  ( -30.98511279043224675, -5.177384281039079994, -16.57218222444531364 ) ) ;
#1624 = EDGE_CURVE ( 'NONE', #6992, #6316, #9879, .T. ) ;
#1625 = ORIENTED_EDGE ( 'NONE', *, *, #8998, .T. ) ;
#1626 = EDGE_CURVE ( 'NONE', #107, #3515, #3689, .T. ) ;
#1627 = CARTESIAN_POINT ( 'NONE',  ( -31.34424606100239075, -5.065607128753081945, 16.44041950790825979 ) ) ;
#1628 = CARTESIAN_POINT ( 'NONE',  ( -34.00000000000000000, -6.000000000000041744, 0.000000000000000000 ) ) ;
#1629 = CARTESIAN_POINT ( 'NONE',  ( -15.70000000000043983, -8.032763167368990764, -3.320655163001625443 ) ) ;
#1630 = CARTESIAN_POINT ( 'NONE',  ( -14.63002014350571045, -16.88770337918926501, -20.18948768525455151 ) ) ;
#1631 = CARTESIAN_POINT ( 'NONE',  ( -15.70000000000043627, -7.573282522577136078, 0.6336848591690863453 ) ) ;
#1632 = ORIENTED_EDGE ( 'NONE', *, *, #9723, .T. ) ;
#1633 = CARTESIAN_POINT ( 'NONE',  ( -16.20000000000043627, -8.798063577315152983, -0.3780156158129427957 ) ) ;
#1634 = CARTESIAN_POINT ( 'NONE',  ( -23.80498141865238537, -23.01915136638998405, -7.417051297684250422 ) ) ;
#1635 = CARTESIAN_POINT ( 'NONE',  ( -16.20000000000044693, -8.778373797084009666, -3.707371778232739779 ) ) ;
#1636 = CARTESIAN_POINT ( 'NONE',  ( -15.70000000000043983, -8.391015233748285951, -4.058066998995268015 ) ) ;
#1637 = CARTESIAN_POINT ( 'NONE',  ( -16.73823258714879358, -18.55777274458266390, -20.23003245088484903 ) ) ;
#1638 = VERTEX_POINT ( 'NONE', #5300 ) ;
#1639 = CARTESIAN_POINT ( 'NONE',  ( -15.87733923712664463, -17.28999005380109466, 21.25587117207535570 ) ) ;
#1640 = DIRECTION ( 'NONE',  ( -0.7071067811865479058, -0.7071067811865472397, -0.000000000000000000 ) ) ;
#1642 = ORIENTED_EDGE ( 'NONE', *, *, #3650, .F. ) ;
#1641 = DIRECTION ( 'NONE',  ( 0.000000000000000000, 0.000000000000000000, 1.000000000000000000 ) ) ;
#1643 = CARTESIAN_POINT ( 'NONE',  ( -16.20000000000044693, -6.906722299547404020, -3.906151572459874100 ) ) ;
#1644 = CARTESIAN_POINT ( 'NONE',  ( -17.68830194245203202, -18.79420174534710952, 18.40821536391785074 ) ) ;
#1645 = ORIENTED_EDGE ( 'NONE', *, *, #2302, .F. ) ;
#1646 = CARTESIAN_POINT ( 'NONE',  ( -32.50458338785758627, -5.409173499076500136, -18.10941042563521819 ) ) ;
#1647 = CARTESIAN_POINT ( 'NONE',  ( -10.18994949366040359, -20.70000000000014140, -19.00000000000000000 ) ) ;
#1648 = ORIENTED_EDGE ( 'NONE', *, *, #1130, .F. ) ;
#1649 = CARTESIAN_POINT ( 'NONE',  ( -25.30602362989166565, -3.277738966755181060, 18.11910417761285785 ) ) ;
#1650 = ORIENTED_EDGE ( 'NONE', *, *, #489, .F. ) ;
#1651 = CARTESIAN_POINT ( 'NONE',  ( -27.88654193769673384, -4.391100914536550270, 21.99009924510999170 ) ) ;
#1652 = CARTESIAN_POINT ( 'NONE',  ( -15.76328130188208299, -17.19525189094221318, 16.75867021068663476 ) ) ;
#1653 = LINE ( 'NONE', #5567, #4698 ) ;
#1654 = CARTESIAN_POINT ( 'NONE',  ( -16.93278269905064803, -18.71189031539224601, 19.90207066575869277 ) ) ;
#1655 = VERTEX_POINT ( 'NONE', #10032 ) ;
#1656 = VECTOR ( 'NONE', #2301, 1000.000000000000114 ) ;
#1657 = CARTESIAN_POINT ( 'NONE',  ( -15.70000000000043983, -7.921690559250706976, -4.885511219309480957 ) ) ;
#1658 = CARTESIAN_POINT ( 'NONE',  ( -28.02519727246425774, -4.426286352018327541, -22.02109707408795103 ) ) ;
#1659 = CARTESIAN_POINT ( 'NONE',  ( -17.49454981850811208, -20.67859952137373369, -23.00000000000000000 ) ) ;
#1660 = DIRECTION ( 'NONE',  ( -0.7071067811865502373, 0.7071067811865449082, 0.000000000000000000 ) ) ;
#1661 = CARTESIAN_POINT ( 'NONE',  ( -9.618932857080334742, -21.70000000000013785, -20.00000000000000000 ) ) ;
#1662 = CARTESIAN_POINT ( 'NONE',  ( -27.90343145654566115, -4.395390008876846721, -22.00085138962325360 ) ) ;
#1663 = B_SPLINE_SURFACE_WITH_KNOTS ( 'NONE', 3, 1, ( 
 ( #1776, #4962 ),
 ( #2603, #3504 ),
 ( #7450, #8954 ),
 ( #7402, #295 ),
 ( #8119, #3454 ),
 ( #1015, #9058 ),
 ( #4339, #4189 ),
 ( #340, #1977 ),
 ( #5846, #8273 ),
 ( #6634, #1162 ),
 ( #7499, #9904 ),
 ( #389, #7348 ),
 ( #242, #9802 ),
 ( #2654, #3556 ),
 ( #2763, #9105 ),
 ( #5167, #8319 ),
 ( #1215, #7553 ),
 ( #449, #3610 ),
 ( #9697, #2548 ),
 ( #3060, #9408 ),
 ( #2371, #2322 ) ),
 .UNSPECIFIED., .F., .F., .F.,
 ( 4, 1, 1, 1, 1, 1, 1, 1, 1, 1, 1, 1, 1, 1, 1, 1, 1, 1, 4 ),
 ( 2, 2 ),
 ( 0.000000000000000000, 0.03697531392137456963, 0.07919255229670577045, 0.1267009440549548283, 0.1791840785794688862, 0.2373686428140497906, 0.3005585397445009743, 0.3691531357212948228, 0.4431123780003068946, 0.5160183892506153835, 0.5824731789612760391, 0.6421368079450542332, 0.6946199424695685964, 0.7406794327797177058, 0.7795890342775176896, 0.8120737912440667561, 0.8378140957748625439, 0.9225648809653531623, 1.000000000000000000 ),
 ( 0.000000000000000000, 1.000000000000000000 ),
 .UNSPECIFIED. ) ;
#1664 = DIRECTION ( 'NONE',  ( 1.000000000000000000, 3.469446951953615175E-16, -0.000000000000000000 ) ) ;
#1665 = ADVANCED_FACE ( 'NONE', ( #9826 ), #2737, .F. ) ;
#1666 = CARTESIAN_POINT ( 'NONE',  ( -27.89956876079050474, -4.394406021433218790, 16.00650801398773382 ) ) ;
#1667 = VERTEX_POINT ( 'NONE', #9085 ) ;
#1668 = CARTESIAN_POINT ( 'NONE',  ( -15.19999999999925677, -3.499999999999345857, 23.00000000000000000 ) ) ;
#1669 = LINE ( 'NONE', #7249, #413 ) ;
#1670 = DIRECTION ( 'NONE',  ( 0.2007533215770641311, -0.6780104010085497013, 0.7071067811865484609 ) ) ;
#1671 = CARTESIAN_POINT ( 'NONE',  ( -23.58887677413711970, -23.26163880497598768, 7.083507044377700623 ) ) ;
#1672 = CARTESIAN_POINT ( 'NONE',  ( -31.24296853414292841, -5.242812407007194864, -16.77278831954025762 ) ) ;
#1673 = ORIENTED_EDGE ( 'NONE', *, *, #6718, .T. ) ;
#1674 = DIRECTION ( 'NONE',  ( 0.7071067811865486830, 0.000000000000000000, -0.7071067811865464625 ) ) ;
#1675 = AXIS2_PLACEMENT_3D ( 'NONE', #178, #1660, #2686 ) ;
#1676 = CARTESIAN_POINT ( 'NONE',  ( -29.13714921378207023, -4.412103845525189527, 15.60256912800725182 ) ) ;
#1677 = DIRECTION ( 'NONE',  ( 0.7071067811866370567, 0.7071067811864580888, 0.000000000000000000 ) ) ;
#1678 = CARTESIAN_POINT ( 'NONE',  ( -15.70000000000043627, -7.802724347855769516, -3.360315799912119594 ) ) ;
#1679 = EDGE_CURVE ( 'NONE', #10127, #2340, #8564, .T. ) ;
#1680 = PLANE ( 'NONE',  #6033 ) ;
#1681 = CARTESIAN_POINT ( 'NONE',  ( -15.70000000000044693, -7.570223353500034058, 0.1282128092812644393 ) ) ;
#1682 = ORIENTED_EDGE ( 'NONE', *, *, #3860, .T. ) ;
#1683 = EDGE_CURVE ( 'NONE', #8604, #8731, #3794, .T. ) ;
#1684 = ADVANCED_FACE ( 'NONE', ( #7771 ), #5346, .F. ) ;
#1685 = CARTESIAN_POINT ( 'NONE',  ( -29.26779434669741420, -4.741603270279318494, -15.91998265112329314 ) ) ;
#1686 = AXIS2_PLACEMENT_3D ( 'NONE', #189, #7197, #8798 ) ;
#1687 = CARTESIAN_POINT ( 'NONE',  ( -23.21875095210756967, -23.31895332509050789, -6.512238136620495332 ) ) ;
#1688 = PLANE ( 'NONE',  #3908 ) ;
#1689 = LINE ( 'NONE', #6446, #7894 ) ;
#1690 = CARTESIAN_POINT ( 'NONE',  ( -16.90740321195420037, -18.69178516248516786, -19.95020524468877454 ) ) ;
#1691 = EDGE_LOOP ( 'NONE', ( #1962, #5890, #9683, #9702, #1595, #4226, #5690 ) ) ;
#1692 = CARTESIAN_POINT ( 'NONE',  ( -14.32516260720247914, -16.64620338875894134, 18.53329073061007293 ) ) ;
#1693 = CIRCLE ( 'NONE', #1860, 5.999999999999998224 ) ;
#1694 = CARTESIAN_POINT ( 'NONE',  ( -22.00000000000000355, -23.95146571496291088, 4.970562748477149739 ) ) ;
#1696 = ORIENTED_EDGE ( 'NONE', *, *, #10281, .T. ) ;
#1695 = CARTESIAN_POINT ( 'NONE',  ( -16.20000000000043983, -7.255515437167127324, -0.5126960369936794937 ) ) ;
#1697 = CARTESIAN_POINT ( 'NONE',  ( -16.20000000000044338, -7.332120839148347891, -4.721834646099352994 ) ) ;
#1698 = VECTOR ( 'NONE', #3620, 1000.000000000000000 ) ;
#1699 = CYLINDRICAL_SURFACE ( 'NONE', #9906, 1.799999999999904787 ) ;
#1700 = AXIS2_PLACEMENT_3D ( 'NONE', #9573, #8775, #7429 ) ;
#1701 = ORIENTED_EDGE ( 'NONE', *, *, #443, .F. ) ;
#1702 = DIRECTION ( 'NONE',  ( -0.9588515045363131817, -0.2839080700657317657, 0.000000000000000000 ) ) ;
#1703 = CARTESIAN_POINT ( 'NONE',  ( -13.31947461075890971, -15.81537554279486102, 23.00000000000000000 ) ) ;
#1704 = EDGE_LOOP ( 'NONE', ( #1648, #4357, #9206, #2951, #5355, #4120 ) ) ;
#1705 = VECTOR ( 'NONE', #4374, 1000.000000000000000 ) ;
#1706 = CARTESIAN_POINT ( 'NONE',  ( -25.21135487872718883, -3.249708325606387227, 18.55528405669794267 ) ) ;
#1707 = ORIENTED_EDGE ( 'NONE', *, *, #8596, .T. ) ;
#1708 = CARTESIAN_POINT ( 'NONE',  ( -27.56165776857445948, -4.308661585818621909, 21.89588021144789209 ) ) ;
#1709 = VERTEX_POINT ( 'NONE', #10133 ) ;
#1710 = CARTESIAN_POINT ( 'NONE',  ( -17.55783315318269899, -18.68583249090378473, 19.99969279403401501 ) ) ;
#1711 = FACE_OUTER_BOUND ( 'NONE', #4068, .T. ) ;
#1712 = ORIENTED_EDGE ( 'NONE', *, *, #3099, .T. ) ;
#1713 = LINE ( 'NONE', #6468, #9742 ) ;
#1714 = CARTESIAN_POINT ( 'NONE',  ( -28.58121536676149788, -4.567380745194699720, 15.90000000000003944 ) ) ;
#1715 = CARTESIAN_POINT ( 'NONE',  ( -27.52231622405410860, -4.298680428158888844, -21.88252880777035969 ) ) ;
#1716 = DIRECTION ( 'NONE',  ( 0.1343323759575112408, -0.7618367615541710158, -0.6336872742246471013 ) ) ;
#1717 = CARTESIAN_POINT ( 'NONE',  ( -16.20000000000043627, -8.184834602055778063, -0.01425496572452945865 ) ) ;
#1718 = DIRECTION ( 'NONE',  ( -0.000000000000000000, -0.000000000000000000, -1.000000000000000000 ) ) ;
#1719 = CARTESIAN_POINT ( 'NONE',  ( -31.84466619930807596, -5.395496171316330525, -20.55356614654797198 ) ) ;
#1720 = CARTESIAN_POINT ( 'NONE',  ( -34.00000000000000000, -12.00000000000003197, 0.000000000000000000 ) ) ;
#1721 = CARTESIAN_POINT ( 'NONE',  ( -28.67662550189343662, -4.591591427799335712, 15.90207365551232499 ) ) ;
#1722 = CARTESIAN_POINT ( 'NONE',  ( -17.12051304298576682, -18.86060527521767938, -18.88373591014947905 ) ) ;
#1723 = LINE ( 'NONE', #3977, #2056 ) ;
#1724 = VECTOR ( 'NONE', #476, 1000.000000000000114 ) ;
#1725 = CARTESIAN_POINT ( 'NONE',  ( -29.72058760798654120, -4.856505421548256152, -16.00650801396757217 ) ) ;
#1726 = ORIENTED_EDGE ( 'NONE', *, *, #4491, .T. ) ;
#1727 = LINE ( 'NONE', #5801, #8236 ) ;
#1728 = LINE ( 'NONE', #23, #3384 ) ;
#1729 = LINE ( 'NONE', #4247, #8810 ) ;
#1730 = EDGE_CURVE ( 'NONE', #8335, #5581, #3049, .T. ) ;
#1731 = CARTESIAN_POINT ( 'NONE',  ( -15.70000000000043272, -7.986455161460803254, -3.323731600860414748 ) ) ;
#1732 = DIRECTION ( 'NONE',  ( 0.000000000000000000, 0.000000000000000000, 1.000000000000000000 ) ) ;
#1733 = AXIS2_PLACEMENT_3D ( 'NONE', #6693, #9868, #1178 ) ;
#1734 = CARTESIAN_POINT ( 'NONE',  ( -22.00000000000000000, -24.93172798364416565, -4.970562748477149739 ) ) ;
#1735 = CARTESIAN_POINT ( 'NONE',  ( -16.20000000000043983, -8.976728148939331575, -0.2166983543693092595 ) ) ;
#1736 = DIRECTION ( 'NONE',  ( -0.7071067811865502373, 0.7071067811865449082, -0.000000000000000000 ) ) ;
#1737 = DIRECTION ( 'NONE',  ( 0.6711116091139387452, -0.3149895493901386234, -0.6711116091139367468 ) ) ;
#1738 = ADVANCED_FACE ( 'NONE', ( #6188, #3104, #7006 ), #9341, .F. ) ;
#1739 = CARTESIAN_POINT ( 'NONE',  ( -16.20000000000044693, -8.778373797084009666, -3.707371778232739779 ) ) ;
#1740 = CARTESIAN_POINT ( 'NONE',  ( -15.70000000000043983, -10.49999999999928768, -2.535391522268964692 ) ) ;
#1741 = ORIENTED_EDGE ( 'NONE', *, *, #9049, .T. ) ;
#1742 = AXIS2_PLACEMENT_3D ( 'NONE', #10073, #9279, #7711 ) ;
#1743 = CARTESIAN_POINT ( 'NONE',  ( -17.12051304298577747, -18.86060527521767582, 19.00000000000000000 ) ) ;
#1744 = EDGE_CURVE ( 'NONE', #4294, #2894, #8553, .T. ) ;
#1745 = ADVANCED_FACE ( 'NONE', ( #773 ), #9445, .F. ) ;
#1746 = VECTOR ( 'NONE', #1464, 1000.000000000000000 ) ;
#1747 = LINE ( 'NONE', #4982, #5862 ) ;
#1748 = CARTESIAN_POINT ( 'NONE',  ( -16.20000000000043627, -7.848345631204846740, -0.7369007211100082610 ) ) ;
#1749 = CARTESIAN_POINT ( 'NONE',  ( -17.04796840796678126, -18.80313735470862468, -18.42001242353532575 ) ) ;
#1750 = CIRCLE ( 'NONE', #8722, 1.799999999999904343 ) ;
#1751 = VECTOR ( 'NONE', #8350, 1000.000000000000114 ) ;
#1752 = EDGE_LOOP ( 'NONE', ( #3273, #7266, #5439, #10119, #9428, #4164, #3365, #2352 ) ) ;
#1753 = EDGE_CURVE ( 'NONE', #3181, #5403, #8452, .T. ) ;
#1754 = CARTESIAN_POINT ( 'NONE',  ( -16.20000000000043272, -7.601964286192010256, -2.704889371330680081 ) ) ;
#1755 = FACE_OUTER_BOUND ( 'NONE', #5157, .T. ) ;
#1756 = VERTEX_POINT ( 'NONE', #2309 ) ;
#1757 = DIRECTION ( 'NONE',  ( -0.6172982111373501724, 0.7867292536359808963, 0.000000000000000000 ) ) ;
#1758 = EDGE_CURVE ( 'NONE', #6999, #2515, #1931, .T. ) ;
#1759 = AXIS2_PLACEMENT_3D ( 'NONE', #1251, #9297, #8360 ) ;
#1760 = ORIENTED_EDGE ( 'NONE', *, *, #7279, .T. ) ;
#1761 = CARTESIAN_POINT ( 'NONE',  ( -27.21085992409108556, -4.219643598765228099, 21.75690921564346780 ) ) ;
#1762 = CARTESIAN_POINT ( 'NONE',  ( -17.05445559288308033, -18.26771984328382814, 20.79365991259185975 ) ) ;
#1763 = B_SPLINE_CURVE_WITH_KNOTS ( 'NONE', 3,
 ( #5330, #4503, #5177, #8330, #10065, #2099 ),
 .UNSPECIFIED., .F., .F.,
 ( 4, 2, 4 ),
 ( 0.0008345313832625307713, 0.001549564374148170581, 0.002264597365033810174 ),
 .UNSPECIFIED. ) ;
#1764 = DIRECTION ( 'NONE',  ( -0.000000000000000000, -0.000000000000000000, -1.000000000000000000 ) ) ;
#1765 = ORIENTED_EDGE ( 'NONE', *, *, #1608, .T. ) ;
#1766 = DIRECTION ( 'NONE',  ( -0.000000000000000000, -0.000000000000000000, -1.000000000000000000 ) ) ;
#1767 = B_SPLINE_CURVE_WITH_KNOTS ( 'NONE', 3,
 ( #662, #7099, #6377, #7000, #3096, #9388, #4657, #7870, #9483, #4038, #2347, #1520, #5640, #1474, #3834, #1430, #4760, #4615, #3189 ),
 .UNSPECIFIED., .F., .F.,
 ( 4, 1, 1, 1, 1, 1, 1, 1, 1, 1, 1, 1, 1, 1, 1, 1, 4 ),
 ( 0.000000000000000000, 0.07943572267611462290, 0.1540131742839432327, 0.2241414790393983780, 0.2899341692032363360, 0.3527323106719889578, 0.4127257792496897282, 0.4703027418920649461, 0.5271687617359286371, 0.5835022647141645535, 0.6399482172133522662, 0.6965849669119866805, 0.7537269142919262865, 0.8127070377388639910, 0.8729634806368316013, 0.9350348604089697702, 1.000000000000000000 ),
 .UNSPECIFIED. ) ;
#1768 = CARTESIAN_POINT ( 'NONE',  ( -15.70000000000044338, -8.079962141299647627, -0.04068650288198152193 ) ) ;
#1769 = CARTESIAN_POINT ( 'NONE',  ( -24.22573231136449579, -22.49751136284879749, 7.196295059841634867 ) ) ;
#1770 = CARTESIAN_POINT ( 'NONE',  ( -15.69999999999932250, -3.999999999999281908, 22.50000000000000000 ) ) ;
#1771 = CARTESIAN_POINT ( 'NONE',  ( -29.71672491231610991, -4.855521434125610547, -15.99914861037674640 ) ) ;
#1772 = CARTESIAN_POINT ( 'NONE',  ( -23.32712131489066110, -23.33184579159449257, 6.679474439679339071 ) ) ;
#1773 = CARTESIAN_POINT ( 'NONE',  ( -28.63611825115684439, -4.581312421047677219, 15.90383786554255785 ) ) ;
#1774 = ORIENTED_EDGE ( 'NONE', *, *, #4994, .T. ) ;
#1775 = CARTESIAN_POINT ( 'NONE',  ( -17.04620769729180196, -18.80174831396534429, -18.42239698089753830 ) ) ;
#1776 = CARTESIAN_POINT ( 'NONE',  ( -16.20000000000043983, -8.784289032372960548, -0.3889521085299013636 ) ) ;
#1777 = CARTESIAN_POINT ( 'NONE',  ( -24.11754798141025802, -22.33862070490331320, -7.088110729887402428 ) ) ;
#1778 = CARTESIAN_POINT ( 'NONE',  ( -30.17546363485875816, -4.971928683311395147, -16.14606595746721140 ) ) ;
#1779 = EDGE_LOOP ( 'NONE', ( #5570, #6926, #2101, #9160 ) ) ;
#1780 = CARTESIAN_POINT ( 'NONE',  ( 2.500000000000003109, -12.29893898089671822, 20.00000000000000000 ) ) ;
#1781 = FACE_OUTER_BOUND ( 'NONE', #2527, .T. ) ;
#1782 = DIRECTION ( 'NONE',  ( -0.7692489144105426613, -0.6389492215177992041, 0.000000000000000000 ) ) ;
#1783 = LINE ( 'NONE', #2451, #8832 ) ;
#1784 = DIRECTION ( 'NONE',  ( -9.125027858361904182E-16, -1.000000000000000000, 1.183433552824446593E-15 ) ) ;
#1785 = PLANE ( 'NONE',  #7689 ) ;
#1786 = VERTEX_POINT ( 'NONE', #7057 ) ;
#1787 = CARTESIAN_POINT ( 'NONE',  ( -16.20000000000043983, -9.519325745999388744, 0.3643429300444248065 ) ) ;
#1788 = CARTESIAN_POINT ( 'NONE',  ( -23.10966022136948439, -23.27984819825134011, -6.343844827281714061 ) ) ;
#1789 = DIRECTION ( 'NONE',  ( -0.7071067811866370567, -0.7071067811864580888, 0.000000000000000000 ) ) ;
#1790 = CARTESIAN_POINT ( 'NONE',  ( -15.70000000000043627, -8.798063577315152983, -0.3780156158129427957 ) ) ;
#1791 = CARTESIAN_POINT ( 'NONE',  ( -16.97523693608058792, -18.74552286069868856, -19.79519877810368911 ) ) ;
#1792 = ORIENTED_EDGE ( 'NONE', *, *, #6775, .F. ) ;
#1793 = CARTESIAN_POINT ( 'NONE',  ( -16.93278269905064803, -18.71189031539224601, 19.90207066575869277 ) ) ;
#1794 = CARTESIAN_POINT ( 'NONE',  ( -27.89942448837109268, -26.89172805591147863, 10.86998723684822288 ) ) ;
#1796 = ORIENTED_EDGE ( 'NONE', *, *, #7326, .T. ) ;
#1795 = CARTESIAN_POINT ( 'NONE',  ( -15.70000000000043983, -7.975412702967265233, -4.194920518663195708 ) ) ;
#1797 = ADVANCED_FACE ( 'NONE', ( #1528 ), #4713, .F. ) ;
#1798 = CARTESIAN_POINT ( 'NONE',  ( -15.70000000000043983, -9.097256437510504057, 0.7717534568125474781 ) ) ;
#1799 = EDGE_CURVE ( 'NONE', #3300, #3901, #8002, .T. ) ;
#1800 = ORIENTED_EDGE ( 'NONE', *, *, #7719, .F. ) ;
#1801 = CARTESIAN_POINT ( 'NONE',  ( -29.37837499565288724, -4.483528822027844640, -15.60250607721777527 ) ) ;
#1802 = CARTESIAN_POINT ( 'NONE',  ( -25.31198845677991471, -22.13275126118272951, 23.00000000000000000 ) ) ;
#1803 = EDGE_LOOP ( 'NONE', ( #7566, #8320, #9996, #8565 ) ) ;
#1804 = FACE_OUTER_BOUND ( 'NONE', #7480, .T. ) ;
#1805 = ORIENTED_EDGE ( 'NONE', *, *, #2768, .T. ) ;
#1806 =( BOUNDED_CURVE ( )  B_SPLINE_CURVE ( 3, ( #4426, #480, #1395, #4579 ),
 .UNSPECIFIED., .F., .T. ) 
 B_SPLINE_CURVE_WITH_KNOTS ( ( 4, 4 ),
 ( 2.186276035465283929, 2.775307005681594053 ),
 .UNSPECIFIED. ) 
 CURVE ( )  GEOMETRIC_REPRESENTATION_ITEM ( )  RATIONAL_B_SPLINE_CURVE ( ( 1.000000000000000000, 0.9712952651971011875, 0.9712952651971011875, 1.000000000000000000 ) ) 
 REPRESENTATION_ITEM ( '' )  );
#1807 = CARTESIAN_POINT ( 'NONE',  ( -16.70000000000051443, -12.49999999999916156, -22.49999999999999289 ) ) ;
#1808 = EDGE_CURVE ( 'NONE', #3651, #10003, #8920, .T. ) ;
#1809 = ORIENTED_EDGE ( 'NONE', *, *, #4116, .T. ) ;
#1810 = FACE_OUTER_BOUND ( 'NONE', #8824, .T. ) ;
#1811 = ADVANCED_FACE ( 'NONE', ( #3995 ), #9569, .F. ) ;
#1812 = EDGE_CURVE ( 'NONE', #911, #8542, #4049, .T. ) ;
#1813 = CALENDAR_DATE ( 2022, 8, 12 ) ;
#1814 = PLANE ( 'NONE',  #3737 ) ;
#1815 = EDGE_LOOP ( 'NONE', ( #3730, #3234, #4924, #1572 ) ) ;
#1816 = CARTESIAN_POINT ( 'NONE',  ( -15.19999999999932250, -3.999999999999346301, 22.50000000000000000 ) ) ;
#1817 = CARTESIAN_POINT ( 'NONE',  ( -26.63504357834280967, -4.073527161944034525, -21.42781777549313560 ) ) ;
#1818 = CARTESIAN_POINT ( 'NONE',  ( -15.70000000000044338, -7.939537600427850172, -4.193625486892911702 ) ) ;
#1819 = FACE_OUTER_BOUND ( 'NONE', #2962, .T. ) ;
#1820 = CARTESIAN_POINT ( 'NONE',  ( -25.42516938566086537, -3.766519786471689279, -18.19622292480131165 ) ) ;
#1821 = CARTESIAN_POINT ( 'NONE',  ( -23.56689977813623216, -23.27365220567163817, 7.049579807818171062 ) ) ;
#1822 = CARTESIAN_POINT ( 'NONE',  ( -30.40929644490626060, -5.031267844272622192, 16.24309078441906351 ) ) ;
#1823 = ORIENTED_EDGE ( 'NONE', *, *, #2366, .F. ) ;
#1824 = LINE ( 'NONE', #856, #2580 ) ;
#1825 = LINE ( 'NONE', #8955, #9226 ) ;
#1826 = DIRECTION ( 'NONE',  ( -0.000000000000000000, -0.000000000000000000, -1.000000000000000000 ) ) ;
#1827 = CARTESIAN_POINT ( 'NONE',  ( -28.99740072382209277, -4.672989932101909716, -15.90444944333495592 ) ) ;
#1828 = ORIENTED_EDGE ( 'NONE', *, *, #7904, .F. ) ;
#1829 = DIRECTION ( 'NONE',  ( -0.4999999999999974465, 0.4999999999999974465, 0.7071067811865512365 ) ) ;
#1830 = CARTESIAN_POINT ( 'NONE',  ( -22.00000000000000000, -24.93172798364416565, -4.970562748477149739 ) ) ;
#1831 = FACE_OUTER_BOUND ( 'NONE', #3611, .T. ) ;
#1832 = VECTOR ( 'NONE', #6438, 1000.000000000000114 ) ;
#1833 = DIRECTION ( 'NONE',  ( -3.469446951953614682E-16, 1.000000000000000000, 0.000000000000000000 ) ) ;
#1834 = CARTESIAN_POINT ( 'NONE',  ( -15.60715855638015448, -17.66176630779454015, -17.20000000000010232 ) ) ;
#1835 = FACE_OUTER_BOUND ( 'NONE', #4892, .T. ) ;
#1836 = EDGE_LOOP ( 'NONE', ( #1741, #3263, #8834, #3284 ) ) ;
#1837 = DIRECTION ( 'NONE',  ( 3.489994118891831358E-16, 2.898839353028369670E-16, -1.000000000000000000 ) ) ;
#1838 = CARTESIAN_POINT ( 'NONE',  ( -23.83172798364194378, -22.92631484435356626, -7.458344270503287632 ) ) ;
#1839 = AXIS2_PLACEMENT_3D ( 'NONE', #2238, #6168, #4791 ) ;
#1840 = DIRECTION ( 'NONE',  ( 1.734723475976577126E-13, 1.000000000000000000, -0.000000000000000000 ) ) ;
#1841 = LINE ( 'NONE', #7420, #5931 ) ;
#1842 = CARTESIAN_POINT ( 'NONE',  ( -16.20000000000043983, -9.643921318474967919, -2.880625342095652464 ) ) ;
#1843 = ORIENTED_EDGE ( 'NONE', *, *, #9454, .F. ) ;
#1844 = CARTESIAN_POINT ( 'NONE',  ( -16.20000000000044338, -8.446784103596193916, -0.6071527367392721697 ) ) ;
#1845 = FACE_OUTER_BOUND ( 'NONE', #5171, .T. ) ;
#1847 = EDGE_LOOP ( 'NONE', ( #582, #4061, #7764, #4011 ) ) ;
#1846 = CARTESIAN_POINT ( 'NONE',  ( -16.20000000000043983, -7.682800240769650735, -0.7203760767243080343 ) ) ;
#1848 = DIRECTION ( 'NONE',  ( -0.000000000000000000, -0.000000000000000000, -1.000000000000000000 ) ) ;
#1849 = EDGE_LOOP ( 'NONE', ( #4755, #2764, #5718, #3581 ) ) ;
#1850 = CARTESIAN_POINT ( 'NONE',  ( -16.20000000000043983, -7.392272809534227385, -2.797623494700690383 ) ) ;
#1851 = CARTESIAN_POINT ( 'NONE',  ( -21.76175575615275193, -20.15905952401790913, 22.80000000000000071 ) ) ;
#1852 = EDGE_LOOP ( 'NONE', ( #1341, #4145, #8239, #3531 ) ) ;
#1853 = CARTESIAN_POINT ( 'NONE',  ( -28.65189320477058033, -4.268423519265626354, 15.60256912800725537 ) ) ;
#1854 = ORIENTED_EDGE ( 'NONE', *, *, #10267, .F. ) ;
#1855 = EDGE_CURVE ( 'NONE', #1956, #1580, #1689, .T. ) ;
#1856 = DIRECTION ( 'NONE',  ( 0.000000000000000000, 1.000000000000000000, 0.000000000000000000 ) ) ;
#1857 = DIRECTION ( 'NONE',  ( 0.000000000000000000, -0.000000000000000000, 1.000000000000000000 ) ) ;
#1858 = ORIENTED_EDGE ( 'NONE', *, *, #1242, .T. ) ;
#1859 = CARTESIAN_POINT ( 'NONE',  ( -17.37706682787780110, -18.53568537900476443, -20.37605907320816101 ) ) ;
#1860 = AXIS2_PLACEMENT_3D ( 'NONE', #710, #2991, #6184 ) ;
#1861 = CYLINDRICAL_SURFACE ( 'NONE', #2735, 13.49999999999999822 ) ;
#1862 = CARTESIAN_POINT ( 'NONE',  ( -4.499999999999996447, -14.70000000000013962, 20.00000000000000000 ) ) ;
#1863 = ORIENTED_EDGE ( 'NONE', *, *, #7540, .T. ) ;
#1864 = DIRECTION ( 'NONE',  ( 0.000000000000000000, -0.000000000000000000, -1.000000000000000000 ) ) ;
#1865 = EDGE_CURVE ( 'NONE', #539, #8203, #876, .T. ) ;
#1866 =( BOUNDED_CURVE ( )  B_SPLINE_CURVE ( 3, ( #6753, #2784, #6025, #5865 ),
 .UNSPECIFIED., .F., .T. ) 
 B_SPLINE_CURVE_WITH_KNOTS ( ( 4, 4 ),
 ( 2.012750625036560770, 3.028737898186415922 ),
 .UNSPECIFIED. ) 
 CURVE ( )  GEOMETRIC_REPRESENTATION_ITEM ( )  RATIONAL_B_SPLINE_CURVE ( ( 1.000000000000000000, 0.9158148075655528908, 0.9158148075655528908, 1.000000000000000000 ) ) 
 REPRESENTATION_ITEM ( '' )  );
#1867 = AXIS2_PLACEMENT_3D ( 'NONE', #2134, #493, #7601 ) ;
#1868 = CARTESIAN_POINT ( 'NONE',  ( -26.57013129616596103, -4.057054916124748445, -21.38058972040705186 ) ) ;
#1869 = EDGE_CURVE ( 'NONE', #8212, #8708, #2765, .T. ) ;
#1870 = EDGE_CURVE ( 'NONE', #3181, #3502, #6495, .T. ) ;
#1871 = AXIS2_PLACEMENT_3D ( 'NONE', #9108, #6636, #6682 ) ;
#1872 = DIRECTION ( 'NONE',  ( 0.2810846377147801500, -0.6785983445458577679, -0.6785983445458531049 ) ) ;
#1873 = CARTESIAN_POINT ( 'NONE',  ( -15.70000000000045048, -7.942415086382099254, 1.515675598316568395 ) ) ;
#1874 = CARTESIAN_POINT ( 'NONE',  ( -23.62517170936617461, -23.23719115962791193, 7.139531534349315756 ) ) ;
#1875 = CIRCLE ( 'NONE', #3042, 5.000000000000002665 ) ;
#1876 = FACE_OUTER_BOUND ( 'NONE', #10250, .T. ) ;
#1877 = ORIENTED_EDGE ( 'NONE', *, *, #1417, .T. ) ;
#1878 = CARTESIAN_POINT ( 'NONE',  ( -14.92928656600066972, -17.12477392887977246, -17.48805982794485203 ) ) ;
#1879 = VECTOR ( 'NONE', #6530, 1000.000000000000000 ) ;
#1880 = DIRECTION ( 'NONE',  ( -0.000000000000000000, -0.000000000000000000, -1.000000000000000000 ) ) ;
#1881 = ADVANCED_FACE ( 'NONE', ( #1585 ), #198, .T. ) ;
#1882 = CARTESIAN_POINT ( 'NONE',  ( -15.70000000000043983, -7.975412702967265233, -0.04609802767762088971 ) ) ;
#1883 = CARTESIAN_POINT ( 'NONE',  ( -28.64334622482883574, -4.583146540370338862, -15.90352523689061570 ) ) ;
#1884 = ORIENTED_EDGE ( 'NONE', *, *, #3917, .T. ) ;
#1885 = DIRECTION ( 'NONE',  ( 2.709307669882598235E-16, -1.000000000000000000, 0.000000000000000000 ) ) ;
#1886 = CARTESIAN_POINT ( 'NONE',  ( -14.81481165893384322, -17.03408798116206668, 17.59210678709771969 ) ) ;
#1887 = APPROVAL_PERSON_ORGANIZATION ( #4896, #6946, #1604 ) ;
#1888 = CARTESIAN_POINT ( 'NONE',  ( -14.85302288104032087, -4.346977118957196851, 23.00000000000000000 ) ) ;
#1889 = DIRECTION ( 'NONE',  ( -0.000000000000000000, -0.000000000000000000, -1.000000000000000000 ) ) ;
#1890 = CARTESIAN_POINT ( 'NONE',  ( -23.33172798364586598, -22.83172798364415357, 23.00000000000000000 ) ) ;
#1891 = CARTESIAN_POINT ( 'NONE',  ( -16.20000000000044338, -7.921690559250706976, -4.885511219309480957 ) ) ;
#1892 = CARTESIAN_POINT ( 'NONE',  ( -16.20000000000044338, -7.505049097994962892, -3.737151684137765439 ) ) ;
#1893 = EDGE_LOOP ( 'NONE', ( #2360, #978, #2078, #6490 ) ) ;
#1894 = DIRECTION ( 'NONE',  ( -0.7071067811865454633, -0.7071067811865495711, 0.000000000000000000 ) ) ;
#1895 = VECTOR ( 'NONE', #3013, 1000.000000000000000 ) ;
#1896 = CARTESIAN_POINT ( 'NONE',  ( -15.70000000000043983, -10.49999999999928768, -2.535391522268964692 ) ) ;
#1897 = CARTESIAN_POINT ( 'NONE',  ( -23.33172798364586242, -22.83172798364415712, 23.00000000000000000 ) ) ;
#1898 = DIRECTION ( 'NONE',  ( -1.000000000000000000, 0.000000000000000000, 0.000000000000000000 ) ) ;
#1899 = DIRECTION ( 'NONE',  ( 0.000000000000000000, -0.9383527442516602646, 0.3456792260975167230 ) ) ;
#1900 = VERTEX_POINT ( 'NONE', #9078 ) ;
#1901 = CARTESIAN_POINT ( 'NONE',  ( -17.12051304298577392, -18.86060527521767582, 19.11781038324074444 ) ) ;
#1902 = AXIS2_PLACEMENT_3D ( 'NONE', #2052, #5242, #6804 ) ;
#1904 = ORIENTED_EDGE ( 'NONE', *, *, #7482, .T. ) ;
#1903 = CARTESIAN_POINT ( 'NONE',  ( -16.20000000000043272, -7.871664704474696350, -4.191175387788553586 ) ) ;
#1905 = CARTESIAN_POINT ( 'NONE',  ( -25.56249211402955623, -3.353677182443212779, -17.49442326175539364 ) ) ;
#1906 = CIRCLE ( 'NONE', #923, 3.099999999999934364 ) ;
#1907 = CARTESIAN_POINT ( 'NONE',  ( -15.70000000000043983, -8.226686217178688310, -4.841528463549531480 ) ) ;
#1908 = LINE ( 'NONE', #2630, #7548 ) ;
#1909 = ORIENTED_EDGE ( 'NONE', *, *, #8724, .T. ) ;
#1910 = DIRECTION ( 'NONE',  ( -0.5690808351344379679, -1.862496709272781172E-16, 0.8222815838158425983 ) ) ;
#1911 = ORIENTED_EDGE ( 'NONE', *, *, #9557, .T. ) ;
#1913 = CARTESIAN_POINT ( 'NONE',  ( -18.50043412188942682, -2.835038795896987818, 23.00000000000000000 ) ) ;
#1912 = DIRECTION ( 'NONE',  ( -0.7867292536359808963, -0.6172982111373501724, 0.000000000000000000 ) ) ;
#1914 = FACE_OUTER_BOUND ( 'NONE', #1970, .T. ) ;
#1915 = VECTOR ( 'NONE', #9107, 1000.000000000000000 ) ;
#1916 = ORIENTED_EDGE ( 'NONE', *, *, #5325, .F. ) ;
#1917 = CARTESIAN_POINT ( 'NONE',  ( -17.73414117061782136, -18.83227646810957623, -18.99999999999999645 ) ) ;
#1918 = CARTESIAN_POINT ( 'NONE',  ( -15.70000000000043627, -9.558548413931021059, -3.744708575250041527 ) ) ;
#1919 = EDGE_CURVE ( 'NONE', #8731, #5040, #6850, .T. ) ;
#1920 = ORIENTED_EDGE ( 'NONE', *, *, #4115, .F. ) ;
#1921 = VECTOR ( 'NONE', #9417, 1000.000000000000000 ) ;
#1922 = CYLINDRICAL_SURFACE ( 'NONE', #6100, 5.000000000000000888 ) ;
#1923 = VECTOR ( 'NONE', #3529, 1000.000000000000000 ) ;
#1924 = CARTESIAN_POINT ( 'NONE',  ( -28.41269646570029650, -4.524616530998468278, -22.07997070623867231 ) ) ;
#1925 = CARTESIAN_POINT ( 'NONE',  ( -15.70000000000043627, -6.966107794308016743, -3.352791711281113418 ) ) ;
#1926 = EDGE_CURVE ( 'NONE', #10034, #423, #4278, .T. ) ;
#1927 = CARTESIAN_POINT ( 'NONE',  ( -19.05504444097533323, -21.73175118758153346, -23.00000000000000000 ) ) ;
#1928 = CARTESIAN_POINT ( 'NONE',  ( -31.68545194694278422, -5.355095144862644041, 17.23518897181247311 ) ) ;
#1929 = CARTESIAN_POINT ( 'NONE',  ( -14.77896825658904234, -17.00569380268799335, -17.62953346678586897 ) ) ;
#1930 = ADVANCED_FACE ( 'NONE', ( #7518 ), #469, .F. ) ;
#1931 = B_SPLINE_CURVE_WITH_KNOTS ( 'NONE', 3,
 ( #579, #3841, #10181, #5449, #6238, #2266, #6335, #8602, #1339, #4664, #1388, #7821, #5493, #8651, #3890 ),
 .UNSPECIFIED., .F., .F.,
 ( 4, 1, 1, 1, 1, 1, 1, 1, 1, 1, 1, 1, 4 ),
 ( 0.000000000000000000, 0.1168990281982813101, 0.2258236839530683437, 0.3300860790235573550, 0.4354514863452309537, 0.4903067309632215820, 0.5482440571677188457, 0.6107668331470277323, 0.6776750949389455103, 0.7491886027449009555, 0.8268587199157830803, 0.9101115940212832767, 1.000000000000000000 ),
 .UNSPECIFIED. ) ;
#1932 = CARTESIAN_POINT ( 'NONE',  ( -19.06670549790255365, -16.91441282030091742, -19.00000000000000000 ) ) ;
#1933 = EDGE_CURVE ( 'NONE', #2273, #7681, #2726, .T. ) ;
#1934 = CARTESIAN_POINT ( 'NONE',  ( -21.73540983889273548, -12.00000000000002842, -15.00000000000000000 ) ) ;
#1935 = CARTESIAN_POINT ( 'NONE',  ( -16.20000000000043272, -7.624399419883331142, 0.06478458672826999110 ) ) ;
#1936 = ORIENTED_EDGE ( 'NONE', *, *, #4039, .T. ) ;
#1937 = CARTESIAN_POINT ( 'NONE',  ( -34.00000000000000000, -11.50000000000001599, 0.000000000000000000 ) ) ;
#1938 = CARTESIAN_POINT ( 'NONE',  ( -14.27973368366544626, -16.61021580999513958, 19.00000000000000355 ) ) ;
#1939 = FACE_OUTER_BOUND ( 'NONE', #331, .T. ) ;
#1940 = CARTESIAN_POINT ( 'NONE',  ( -13.29893898089587978, -3.499999999999612754, 22.50000000000000000 ) ) ;
#1941 = CARTESIAN_POINT ( 'NONE',  ( -17.14099642791484257, -20.32504613078046063, -23.00000000000000000 ) ) ;
#1942 = CARTESIAN_POINT ( 'NONE',  ( -32.60158332329183395, -5.437894384777096413, -19.22236257406618876 ) ) ;
#1943 = EDGE_CURVE ( 'NONE', #6, #2563, #9238, .T. ) ;
#1944 = LINE ( 'NONE', #9764, #4060 ) ;
#1945 = EDGE_LOOP ( 'NONE', ( #6707, #2881, #9511, #5653 ) ) ;
#1946 = CARTESIAN_POINT ( 'NONE',  ( -12.79893898089581583, -2.999999999999674927, -22.50000000000000711 ) ) ;
#1947 = EDGE_CURVE ( 'NONE', #218, #2282, #372, .T. ) ;
#1948 = CARTESIAN_POINT ( 'NONE',  ( -15.70000000000043627, -9.844654437901985133, -2.745417130705918751 ) ) ;
#1949 = EDGE_CURVE ( 'NONE', #7640, #9497, #1841, .T. ) ;
#1950 = CARTESIAN_POINT ( 'NONE',  ( -13.35797514856682255, -20.07755875736517481, -19.00000000000000000 ) ) ;
#1951 = DIRECTION ( 'NONE',  ( 2.709307669882598235E-16, -1.000000000000000000, 0.000000000000000000 ) ) ;
#1952 = CARTESIAN_POINT ( 'NONE',  ( -15.70000000000043627, -9.335365825553139985, -3.144220171079494808 ) ) ;
#1953 = ORIENTED_EDGE ( 'NONE', *, *, #5638, .T. ) ;
#1954 = CARTESIAN_POINT ( 'NONE',  ( -14.76149223431532853, -16.99185205485392913, 20.35609672701688311 ) ) ;
#1956 = VERTEX_POINT ( 'NONE', #3471 ) ;
#1955 = CARTESIAN_POINT ( 'NONE',  ( -16.10546455054463522, -17.47947422295149167, -21.25587117207535215 ) ) ;
#1957 = CARTESIAN_POINT ( 'NONE',  ( -27.93334329227908341, -4.055666780671346672, -15.71123059569078784 ) ) ;
#1958 = DIRECTION ( 'NONE',  ( 0.000000000000000000, 0.000000000000000000, -1.000000000000000000 ) ) ;
#1959 = CARTESIAN_POINT ( 'NONE',  ( -14.35403709114441284, -16.66907129263367793, -19.57759609847450477 ) ) ;
#1960 = ORIENTED_EDGE ( 'NONE', *, *, #3542, .T. ) ;
#1961 = CARTESIAN_POINT ( 'NONE',  ( -34.50000000000000000, -6.000000000000042633, -23.00000000000000000 ) ) ;
#1962 = ORIENTED_EDGE ( 'NONE', *, *, #4442, .F. ) ;
#1964 = DIRECTION ( 'NONE',  ( 6.608470384673551024E-16, 0.000000000000000000, -1.000000000000000000 ) ) ;
#1963 = CARTESIAN_POINT ( 'NONE',  ( -16.61954035032799482, -0.7057424773177787269, -22.50000000000000711 ) ) ;
#1965 = CARTESIAN_POINT ( 'NONE',  ( -32.52220054662072357, 3.470728684045111478, -19.00000000000000000 ) ) ;
#1966 = ORIENTED_EDGE ( 'NONE', *, *, #3343, .F. ) ;
#1967 = CARTESIAN_POINT ( 'NONE',  ( -15.11802746069450087, -16.65929476213157301, -20.95771674510811522 ) ) ;
#1968 = CARTESIAN_POINT ( 'NONE',  ( -22.14638021335798257, -19.83958491325895324, -23.00000000000000000 ) ) ;
#1969 = CARTESIAN_POINT ( 'NONE',  ( -15.70000000000043983, -6.904353841145121073, -3.782919396294488479 ) ) ;
#1970 = EDGE_LOOP ( 'NONE', ( #8136, #3691, #7942, #6599 ) ) ;
#1971 = CARTESIAN_POINT ( 'NONE',  ( -24.59049478946344180, -23.81940512146392663, 23.00000000000000000 ) ) ;
#1972 = CARTESIAN_POINT ( 'NONE',  ( -28.97174209056664651, -4.666478946758720880, -22.09668597394311007 ) ) ;
#1973 = CARTESIAN_POINT ( 'NONE',  ( -11.68419828528930182, -23.18789618227209459, 21.01210381772806812 ) ) ;
#1974 = CARTESIAN_POINT ( 'NONE',  ( -23.10964777964582595, -23.27984181893045701, 6.343824764227956159 ) ) ;
#1975 = CARTESIAN_POINT ( 'NONE',  ( -31.95265003027074258, -5.422898934353160172, 17.62533604243640895 ) ) ;
#1976 = CARTESIAN_POINT ( 'NONE',  ( -15.99916598534379197, -17.97230452554666513, -17.24031256379216615 ) ) ;
#1977 = CARTESIAN_POINT ( 'NONE',  ( -15.70000000000044338, -9.097678803514757107, -0.09292530635218672341 ) ) ;
#1978 = VERTEX_POINT ( 'NONE', #9976 ) ;
#1979 = DIRECTION ( 'NONE',  ( -0.000000000000000000, -0.000000000000000000, -1.000000000000000000 ) ) ;
#1980 = CARTESIAN_POINT ( 'NONE',  ( -16.20000000000044338, -7.939537600427850172, -0.04480299590733692605 ) ) ;
#1981 = ORIENTED_EDGE ( 'NONE', *, *, #2640, .T. ) ;
#1982 = CARTESIAN_POINT ( 'NONE',  ( -28.35236202216434975, -4.509308172723138775, 15.91998265112328603 ) ) ;
#1983 = CARTESIAN_POINT ( 'NONE',  ( -15.07881409714734566, -17.24322346797365668, 17.38083883607999525 ) ) ;
#1984 = CARTESIAN_POINT ( 'NONE',  ( -24.29479231500897640, -22.77213013755232751, -7.265355063486118148 ) ) ;
#1985 = LINE ( 'NONE', #5855, #2350 ) ;
#1986 = PLANE ( 'NONE',  #7579 ) ;
#1987 = CARTESIAN_POINT ( 'NONE',  ( -16.20000000000043983, -8.746054593834681867, -4.566710480808124473 ) ) ;
#1988 = FACE_BOUND ( 'NONE', #156, .T. ) ;
#1989 = ORIENTED_EDGE ( 'NONE', *, *, #9571, .F. ) ;
#1990 = CARTESIAN_POINT ( 'NONE',  ( -22.00000000000000000, -22.87556021811288787, -4.970562748477149739 ) ) ;
#1991 = ORIENTED_EDGE ( 'NONE', *, *, #3476, .F. ) ;
#1992 = CARTESIAN_POINT ( 'NONE',  ( -24.59049478946342759, -23.81940512146391242, -23.00000000000000000 ) ) ;
#1993 = CYLINDRICAL_SURFACE ( 'NONE', #1742, 10.50000000000000178 ) ;
#1994 = CARTESIAN_POINT ( 'NONE',  ( -4.499999999999996447, -21.20000000000014850, 23.00000000000000000 ) ) ;
#1995 = CARTESIAN_POINT ( 'NONE',  ( -16.20000000000043983, -9.014403707535935339, -3.463223233939066947 ) ) ;
#1996 = ORIENTED_EDGE ( 'NONE', *, *, #1197, .F. ) ;
#1997 = AXIS2_PLACEMENT_3D ( 'NONE', #6563, #1041, #1757 ) ;
#1998 = EDGE_CURVE ( 'NONE', #855, #4406, #4412, .T. ) ;
#1999 = PLANE ( 'NONE',  #6332 ) ;
#2000 = ADVANCED_FACE ( 'NONE', ( #2050 ), #8245, .T. ) ;
#2002 = ORIENTED_EDGE ( 'NONE', *, *, #5327, .F. ) ;
#2001 = CARTESIAN_POINT ( 'NONE',  ( -17.64513293113373749, -18.75834494313550138, -19.72687625217248808 ) ) ;
#2003 = ADVANCED_FACE ( 'NONE', ( #2618 ), #2831, .F. ) ;
#2004 = CARTESIAN_POINT ( 'NONE',  ( -31.15579238467369549, -5.009807540088779376, -21.70132250298427934 ) ) ;
#2005 = ORIENTED_EDGE ( 'NONE', *, *, #8548, .T. ) ;
#2006 = CARTESIAN_POINT ( 'NONE',  ( -15.70000000000043983, -7.882496365929569038, -4.886390933827458483 ) ) ;
#2007 = CARTESIAN_POINT ( 'NONE',  ( -14.42499245179753409, -16.72528470984517313, -19.79515444357496889 ) ) ;
#2008 = VERTEX_POINT ( 'NONE', #1181 ) ;
#2009 = DIRECTION ( 'NONE',  ( -0.7071067811865486830, 0.000000000000000000, 0.7071067811865464625 ) ) ;
#2010 = ORIENTED_EDGE ( 'NONE', *, *, #7227, .T. ) ;
#2012 = LINE ( 'NONE', #481, #4692 ) ;
#2011 = DIRECTION ( 'NONE',  ( 0.000000000000000000, 0.000000000000000000, -1.000000000000000000 ) ) ;
#2013 = DIRECTION ( 'NONE',  ( 1.000000000000000000, 0.000000000000000000, 0.000000000000000000 ) ) ;
#2014 = ORIENTED_EDGE ( 'NONE', *, *, #1683, .F. ) ;
#2015 = CARTESIAN_POINT ( 'NONE',  ( -17.14305017624782934, -18.34130777953066627, -20.69954417390184176 ) ) ;
#2016 = B_SPLINE_CURVE_WITH_KNOTS ( 'NONE', 3,
 ( #2286, #694, #845, #6985, #7127, #4019, #5574, #8625, #4690, #745, #3920 ),
 .UNSPECIFIED., .F., .F.,
 ( 4, 1, 1, 1, 1, 1, 1, 1, 4 ),
 ( 0.000000000000000000, 0.1491402908464729560, 0.2821617981976309308, 0.4046557030353604145, 0.5211096910238619540, 0.6344164539698207150, 0.7487964497315251489, 0.8687105535463924832, 1.000000000000000000 ),
 .UNSPECIFIED. ) ;
#2017 = AXIS2_PLACEMENT_3D ( 'NONE', #276, #5100, #1094 ) ;
#2018 = DIRECTION ( 'NONE',  ( -0.7071067811865502373, 0.7071067811865449082, 0.000000000000000000 ) ) ;
#2019 = LINE ( 'NONE', #7544, #3896 ) ;
#2020 = ORIENTED_EDGE ( 'NONE', *, *, #318, .F. ) ;
#2021 = CARTESIAN_POINT ( 'NONE',  ( -15.19999999999933316, -0.4999999999993429700, -22.50000000000000711 ) ) ;
#2022 = CARTESIAN_POINT ( 'NONE',  ( -29.55198098290836484, -4.813716839064997366, -22.02990291131269274 ) ) ;
#2023 = VECTOR ( 'NONE', #143, 1000.000000000000114 ) ;
#2024 = CARTESIAN_POINT ( 'NONE',  ( -15.70000000000043983, -7.155790662124284829, -2.998467124319056154 ) ) ;
#2025 = CARTESIAN_POINT ( 'NONE',  ( -4.499999999999996447, -15.70000000000003304, -23.00000000000000000 ) ) ;
#2026 = CARTESIAN_POINT ( 'NONE',  ( -15.19999999999933316, -5.499999999999345413, 23.00000000000000000 ) ) ;
#2027 = CARTESIAN_POINT ( 'NONE',  ( -14.57207113904713047, -16.84179627724838113, -17.90579854145979155 ) ) ;
#2028 = LINE ( 'NONE', #3115, #2537 ) ;
#2029 = ORIENTED_EDGE ( 'NONE', *, *, #544, .F. ) ;
#2030 = AXIS2_PLACEMENT_3D ( 'NONE', #4639, #4444, #7792 ) ;
#2031 = LINE ( 'NONE', #452, #4587 ) ;
#2032 = CARTESIAN_POINT ( 'NONE',  ( -24.17491420533700008, -22.41458098564808310, 7.145476953814136500 ) ) ;
#2033 = EDGE_LOOP ( 'NONE', ( #3071, #10155, #9106, #9286, #3892 ) ) ;
#2034 = CARTESIAN_POINT ( 'NONE',  ( -26.67709731188934086, -4.084202166657357580, 21.46483300905442348 ) ) ;
#2035 = CARTESIAN_POINT ( 'NONE',  ( -15.14520317306226005, -17.29581750935235007, 17.34303532463711761 ) ) ;
#2036 = CARTESIAN_POINT ( 'NONE',  ( -24.18744723172753552, -23.22863570659707122, -7.158009980204675493 ) ) ;
#2037 = CYLINDRICAL_SURFACE ( 'NONE', #9338, 1.799999999999904787 ) ;
#2038 = CARTESIAN_POINT ( 'NONE',  ( -16.67294340115879336, -18.50605240808689800, 20.31277067769793376 ) ) ;
#2039 = LOCAL_TIME ( 17, 37, 1.000000000000000000, #841 ) ;
#2040 = CARTESIAN_POINT ( 'NONE',  ( -16.78744303732156951, -20.67859952137373369, -22.50000000000000000 ) ) ;
#2041 = LINE ( 'NONE', #8388, #3867 ) ;
#2042 = VECTOR ( 'NONE', #2600, 1000.000000000000000 ) ;
#2043 = CARTESIAN_POINT ( 'NONE',  ( -34.00000000000000000, -12.00000000000003197, 0.000000000000000000 ) ) ;
#2044 = VERTEX_POINT ( 'NONE', #4354 ) ;
#2045 = AXIS2_PLACEMENT_3D ( 'NONE', #8322, #2767, #1218 ) ;
#2046 = CARTESIAN_POINT ( 'NONE',  ( -13.00000000000000711, -16.20000000000014140, -23.00000000000000000 ) ) ;
#2047 = VERTEX_POINT ( 'NONE', #8395 ) ;
#2048 = LINE ( 'NONE', #8393, #2230 ) ;
#2049 = FACE_OUTER_BOUND ( 'NONE', #7286, .T. ) ;
#2050 = FACE_OUTER_BOUND ( 'NONE', #9332, .T. ) ;
#2051 = APPROVAL_PERSON_ORGANIZATION ( #4, #785, #8888 ) ;
#2052 = CARTESIAN_POINT ( 'NONE',  ( -13.00000000000000711, -16.20000000000014140, 23.00000000000000000 ) ) ;
#2053 = EDGE_CURVE ( 'NONE', #7605, #4697, #7845, .T. ) ;
#2054 = EDGE_LOOP ( 'NONE', ( #4017, #5684, #8720, #6566 ) ) ;
#2055 = FACE_OUTER_BOUND ( 'NONE', #2675, .T. ) ;
#2056 = VECTOR ( 'NONE', #74, 1000.000000000000000 ) ;
#2057 = CARTESIAN_POINT ( 'NONE',  ( -17.55783315318270255, -18.68583249090378473, -19.99969279403402211 ) ) ;
#2058 = VECTOR ( 'NONE', #7018, 1000.000000000000114 ) ;
#2059 = CARTESIAN_POINT ( 'NONE',  ( -31.84203381090135210, -5.212998000757310457, -21.07239918438350301 ) ) ;
#2060 = EDGE_CURVE ( 'NONE', #824, #7520, #1286, .T. ) ;
#2061 = LINE ( 'NONE', #9982, #9193 ) ;
#2062 = CARTESIAN_POINT ( 'NONE',  ( -16.20000000000043983, -10.49999999999928768, -1.336842802650911377 ) ) ;
#2063 = EDGE_CURVE ( 'NONE', #1472, #4310, #9817, .T. ) ;
#2064 = ORIENTED_EDGE ( 'NONE', *, *, #8158, .T. ) ;
#2065 = EDGE_CURVE ( 'NONE', #10143, #7217, #9125, .T. ) ;
#2066 = AXIS2_PLACEMENT_3D ( 'NONE', #1340, #2950, #1144 ) ;
#2067 = CARTESIAN_POINT ( 'NONE',  ( -15.21910429172128687, -16.74325063296636529, 16.97234895197516380 ) ) ;
#2068 = EDGE_LOOP ( 'NONE', ( #8144, #8103, #10109, #4807 ) ) ;
#2070 = CARTESIAN_POINT ( 'NONE',  ( -15.70000000000044338, -7.706673071872999436, -3.400484062976471211 ) ) ;
#2069 = LINE ( 'NONE', #7534, #7818 ) ;
#2071 = DIRECTION ( 'NONE',  ( -1.203332586682231335E-16, 0.3468370040950317090, -0.9379254195245926295 ) ) ;
#2072 = EDGE_LOOP ( 'NONE', ( #4327, #6710, #7475, #7319 ) ) ;
#2073 = CARTESIAN_POINT ( 'NONE',  ( -15.24245204779883522, -17.37285556148234278, -20.70806724034470037 ) ) ;
#2074 = VECTOR ( 'NONE', #8086, 1000.000000000000000 ) ;
#2075 = ADVANCED_FACE ( 'NONE', ( #9023 ), #5086, .T. ) ;
#2076 = DIRECTION ( 'NONE',  ( -0.000000000000000000, -0.000000000000000000, -1.000000000000000000 ) ) ;
#2077 = CARTESIAN_POINT ( 'NONE',  ( -15.70000000000044338, -8.056804533085561104, -3.319057992788463363 ) ) ;
#2078 = ORIENTED_EDGE ( 'NONE', *, *, #1131, .T. ) ;
#2079 = EDGE_CURVE ( 'NONE', #6671, #5350, #355, .T. ) ;
#2080 = CARTESIAN_POINT ( 'NONE',  ( -32.60158332329182684, -5.437894384777097301, -19.00000000000000355 ) ) ;
#2081 = VECTOR ( 'NONE', #6079, 1000.000000000000000 ) ;
#2082 = VERTEX_POINT ( 'NONE', #8176 ) ;
#2083 = B_SPLINE_CURVE_WITH_KNOTS ( 'NONE', 3,
 ( #1620, #1722, #3344, #4911, #6528, #1775, #1062, #7192, #240, #6371, #5795, #4961, #5016, #8169, #9534, #4801, #2395, #73, #3238, #6430, #9587, #2444, #7552, #5165, #448, #1214, #10002, #2709, #8318, #388, #4492, #3503, #5845, #3453, #6781, #6633, #5219, #6061, #1117, #1976, #5116, #4390, #1314, #2809, #8376, #6004, #1267, #5901, #9801, #4446, #9155, #7603, #9903, #5276, #2653, #4290, #6732, #2864, #9002, #5067, #6680, #339, #1161, #7498, #9057, #3609, #3555, #496, #1878, #8428, #3660, #8223, #1929, #6830, #7449, #9852, #9215, #8272, #9953, #2027, #2090, #4338, #2762, #7646, #5952, #9104, #8675, #10108, #3913 ),
 .UNSPECIFIED., .F., .F.,
 ( 4, 2, 2, 2, 2, 2, 2, 2, 2, 2, 2, 1, 2, 2, 2, 1, 1, 2, 2, 2, 1, 1, 1, 2, 2, 2, 2, 2, 1, 1, 2, 2, 2, 1, 1, 2, 2, 2, 1, 2, 2, 2, 2, 2, 2, 2, 2, 2, 2, 4 ),
 ( 0.000000000000000000, 0.03125000000001003364, 0.04687500000001536965, 0.06250000000002070566, 0.07812500000002604861, 0.08593750000002894907, 0.09375000000003184952, 0.1093750000000372063, 0.1171875000000392880, 0.1250000000000413836, 0.1406250000000451583, 0.1484375000000464628, 0.1523437500000470735, 0.1562500000000476841, 0.1718750000000532907, 0.1796875000000568989, 0.1835937500000586753, 0.1855468750000599798, 0.1875000000000613121, 0.2031250000000669464, 0.2109375000000696665, 0.2148437500000717204, 0.2167968750000724421, 0.2177734375000726919, 0.2187500000000729694, 0.2500000000000761613, 0.2656250000000775491, 0.2734375000000782152, 0.2773437500000787148, 0.2792968750000786038, 0.2802734375000784373, 0.2812500000000782707, 0.2968750000000739409, 0.3046875000000714984, 0.3085937500000703326, 0.3105468750000695555, 0.3125000000000687783, 0.3281250000000626721, 0.3359375000000596190, 0.3398437500000579536, 0.3437500000000562328, 0.3593750000000485723, 0.3671875000000449085, 0.3750000000000412448, 0.3906250000000348055, 0.3984375000000320299, 0.4062500000000291989, 0.4218750000000240918, 0.4375000000000189848, 0.5000000000000000000 ),
 .UNSPECIFIED. ) ;
#2084 = CARTESIAN_POINT ( 'NONE',  ( -30.72848090108912444, -5.112259202822110105, -21.59194175745654221 ) ) ;
#2085 = DIRECTION ( 'NONE',  ( 0.000000000000000000, 0.000000000000000000, -1.000000000000000000 ) ) ;
#2086 = DIRECTION ( 'NONE',  ( -1.000000000000000000, -3.854941057726238590E-16, 0.000000000000000000 ) ) ;
#2087 = PLANE ( 'NONE',  #10184 ) ;
#2088 = PLANE ( 'NONE',  #7368 ) ;
#2089 = AXIS2_PLACEMENT_3D ( 'NONE', #6982, #3916, #10156 ) ;
#2090 = CARTESIAN_POINT ( 'NONE',  ( -14.54478558206017347, -16.82018220359751126, -17.95251610975768486 ) ) ;
#2091 = EDGE_LOOP ( 'NONE', ( #5454, #6622, #7621, #3413 ) ) ;
#2092 = LINE ( 'NONE', #1118, #4095 ) ;
#2093 = CARTESIAN_POINT ( 'NONE',  ( -26.02978890764685005, -3.919944727977611176, 20.89096929817353399 ) ) ;
#2094 = CARTESIAN_POINT ( 'NONE',  ( -31.59036746121492811, -5.330966715024856306, 20.89096929817352688 ) ) ;
#2095 = CARTESIAN_POINT ( 'NONE',  ( -24.28602211650629172, -22.96210073760701675, -7.256584864983435246 ) ) ;
#2096 = LINE ( 'NONE', #458, #4036 ) ;
#2097 = CARTESIAN_POINT ( 'NONE',  ( -16.35300601031375933, -18.25261005903188050, 20.59884999644420134 ) ) ;
#2098 = DIRECTION ( 'NONE',  ( 1.164000408346812951E-16, -0.3355002755385478874, 0.9420401080174657382 ) ) ;
#2099 = CARTESIAN_POINT ( 'NONE',  ( -16.59463374454154305, -0.7898603272461111047, -15.41227228665714755 ) ) ;
#2100 = PLANE ( 'NONE',  #9229 ) ;
#2101 = ORIENTED_EDGE ( 'NONE', *, *, #104, .T. ) ;
#2102 = DIRECTION ( 'NONE',  ( -0.7071067811865502373, 0.7071067811865449082, -0.000000000000000000 ) ) ;
#2103 = VERTEX_POINT ( 'NONE', #5637 ) ;
#2104 = CARTESIAN_POINT ( 'NONE',  ( -15.33184056908448412, -17.44366675840021230, 17.25757016087622020 ) ) ;
#2105 = CARTESIAN_POINT ( 'NONE',  ( -23.33172798364586242, -22.83172798364415712, 15.00000000000000000 ) ) ;
#2106 = PLANE ( 'NONE',  #5529 ) ;
#2107 = DIRECTION ( 'NONE',  ( 1.000000000000000000, 3.469446951953614189E-16, 0.000000000000000000 ) ) ;
#2108 = ORIENTED_EDGE ( 'NONE', *, *, #4054, .F. ) ;
#2109 = CARTESIAN_POINT ( 'NONE',  ( -31.44448195795784784, -5.293947607983357173, 16.95143787538749436 ) ) ;
#2110 = DIRECTION ( 'NONE',  ( -2.709307669882598235E-16, 1.000000000000000000, 0.000000000000000000 ) ) ;
#2111 = CARTESIAN_POINT ( 'NONE',  ( -15.87733923712663930, -17.28999005380108045, -21.25587117207535925 ) ) ;
#2112 = CARTESIAN_POINT ( 'NONE',  ( -26.44479635755025981, -3.614920236037735712, -16.44041950790825979 ) ) ;
#2113 = CARTESIAN_POINT ( 'NONE',  ( -15.70000000000043983, -9.808529584835024906, -3.550268412859013178 ) ) ;
#2114 = FACE_OUTER_BOUND ( 'NONE', #8013, .T. ) ;
#2115 = ORIENTED_EDGE ( 'NONE', *, *, #3025, .F. ) ;
#2116 = CARTESIAN_POINT ( 'NONE',  ( -23.01225337288697048, -23.21635244084942329, -6.193492042631667083 ) ) ;
#2117 = VERTEX_POINT ( 'NONE', #6435 ) ;
#2119 = CARTESIAN_POINT ( 'NONE',  ( -24.11754798141025802, -22.33862070490331320, -7.088110729887402428 ) ) ;
#2118 = CARTESIAN_POINT ( 'NONE',  ( -28.41066742289003244, -4.196998542760095319, 15.60250607721696348 ) ) ;
#2120 = CARTESIAN_POINT ( 'NONE',  ( -16.78744303732156951, -20.67859952137373369, 16.00000000000000000 ) ) ;
#2121 = CARTESIAN_POINT ( 'NONE',  ( -14.98829455000832134, -17.17151878618560090, -17.43790275578907512 ) ) ;
#2122 = EDGE_CURVE ( 'NONE', #358, #107, #80, .T. ) ;
#2123 = CARTESIAN_POINT ( 'NONE',  ( -16.20000000000043983, -8.971562269813281532, -3.507771793593709386 ) ) ;
#2124 = DIRECTION ( 'NONE',  ( -0.000000000000000000, -0.000000000000000000, -1.000000000000000000 ) ) ;
#2125 = ORIENTED_EDGE ( 'NONE', *, *, #313, .F. ) ;
#2126 = PLANE ( 'NONE',  #4103 ) ;
#2127 = ORIENTED_EDGE ( 'NONE', *, *, #743, .F. ) ;
#2128 = EDGE_CURVE ( 'NONE', #4997, #9137, #1727, .T. ) ;
#2129 = CARTESIAN_POINT ( 'NONE',  ( -30.40929644487702888, -5.031267844263807021, -21.75690921559485957 ) ) ;
#2130 = CARTESIAN_POINT ( 'NONE',  ( -29.88190287169142678, -4.897438504167891615, 21.95080718432621936 ) ) ;
#2131 = CARTESIAN_POINT ( 'NONE',  ( -25.18745909526081661, -3.242632980013717248, 18.99999999999999289 ) ) ;
#2132 = EDGE_CURVE ( 'NONE', #5137, #10127, #4245, .T. ) ;
#2133 = EDGE_CURVE ( 'NONE', #2117, #617, #431, .T. ) ;
#2134 = CARTESIAN_POINT ( 'NONE',  ( -20.50330085889907750, -12.93223304703297316, -19.00000000000000000 ) ) ;
#2135 = DIRECTION ( 'NONE',  ( -0.7071067811865457964, 0.7071067811865492381, 0.000000000000000000 ) ) ;
#2136 = ORIENTED_EDGE ( 'NONE', *, *, #9424, .T. ) ;
#2137 = CARTESIAN_POINT ( 'NONE',  ( -15.70000000000043627, -8.437525039241711156, 0.1238553003132636804 ) ) ;
#2138 = CARTESIAN_POINT ( 'NONE',  ( -25.43172798364586740, -22.83172798364415712, -15.00000000000000000 ) ) ;
#2139 = CARTESIAN_POINT ( 'NONE',  ( -31.44448195795785495, -5.293947607983357173, 21.04856212461249498 ) ) ;
#2140 = DIRECTION ( 'NONE',  ( 0.000000000000000000, 0.7071067811865462405, 0.7071067811865489050 ) ) ;
#2141 = CARTESIAN_POINT ( 'NONE',  ( -16.20000000000043627, -10.32274459731977245, -2.559266876919356282 ) ) ;
#2142 = CARTESIAN_POINT ( 'NONE',  ( -14.31578327741798873, -16.63877422714600840, 19.46833503481557415 ) ) ;
#2143 = DIRECTION ( 'NONE',  ( -0.000000000000000000, -1.000000000000000000, -0.000000000000000000 ) ) ;
#2144 = CARTESIAN_POINT ( 'NONE',  ( -13.29893898089548721, -0.4999999999996135869, 23.00000000000000000 ) ) ;
#2145 = DIRECTION ( 'NONE',  ( 0.6097197964539160520, 0.5064420397482738423, 0.6097197964539146087 ) ) ;
#2146 = VERTEX_POINT ( 'NONE', #9644 ) ;
#2147 = CARTESIAN_POINT ( 'NONE',  ( -27.11018822534624206, -4.194097617064765693, 16.29083916043605385 ) ) ;
#2148 = CARTESIAN_POINT ( 'NONE',  ( -16.28924592867932475, -18.20209759289776130, 17.36093351625428127 ) ) ;
#2149 = CARTESIAN_POINT ( 'NONE',  ( -15.51419759758016603, -17.58812512138062800, 17.21160282967233712 ) ) ;
#2150 = FACE_OUTER_BOUND ( 'NONE', #10193, .T. ) ;
#2151 = FACE_OUTER_BOUND ( 'NONE', #7462, .T. ) ;
#2152 = CARTESIAN_POINT ( 'NONE',  ( -15.70000000000044338, -7.224479268694423695, -2.923993409270568833 ) ) ;
#2153 = ORIENTED_EDGE ( 'NONE', *, *, #1998, .T. ) ;
#2154 = CARTESIAN_POINT ( 'NONE',  ( -25.18745909526082016, -3.242632980013715915, 18.77763742593379703 ) ) ;
#2155 = CARTESIAN_POINT ( 'NONE',  ( -32.30682491192607131, -5.512771037362598214, 19.00000000000000355 ) ) ;
#2156 = CARTESIAN_POINT ( 'NONE',  ( -14.25989634315890342, -15.94651870325378162, -18.70471161464497456 ) ) ;
#2157 = CARTESIAN_POINT ( 'NONE',  ( -31.34424606100239785, -5.065607128753082833, -16.44041950790826334 ) ) ;
#2158 = CARTESIAN_POINT ( 'NONE',  ( -28.60679022330219468, -4.573870242823945276, -15.90511518680200886 ) ) ;
#2159 = CARTESIAN_POINT ( 'NONE',  ( -16.20000000000043983, -8.488320065805471160, 0.1661987655927519847 ) ) ;
#2160 = ORIENTED_EDGE ( 'NONE', *, *, #8994, .F. ) ;
#2161 = CC_DESIGN_PERSON_AND_ORGANIZATION_ASSIGNMENT ( #7123, #791, ( #2938 ) ) ;
#2162 = CARTESIAN_POINT ( 'NONE',  ( -14.42497063448857908, -16.08363178584879449, 18.00030720596597433 ) ) ;
#2163 = ORIENTED_EDGE ( 'NONE', *, *, #1812, .T. ) ;
#2165 = CARTESIAN_POINT ( 'NONE',  ( -15.70000000000043627, -7.573282522577134301, -3.515137631816488195 ) ) ;
#2164 = CARTESIAN_POINT ( 'NONE',  ( -29.37837499566261101, -4.483528822030725003, 15.60263217879754549 ) ) ;
#2166 = CARTESIAN_POINT ( 'NONE',  ( -34.00000000000000000, -8.000000000000031974, -4.920725942163695521 ) ) ;
#2167 = CIRCLE ( 'NONE', #7813, 1.799999999999926548 ) ;
#2168 = CARTESIAN_POINT ( 'NONE',  ( -14.27973368366544982, -16.61021580999513958, -18.88218961675924845 ) ) ;
#2169 = ORIENTED_EDGE ( 'NONE', *, *, #2366, .T. ) ;
#2170 = DIRECTION ( 'NONE',  ( 0.000000000000000000, 0.000000000000000000, -1.000000000000000000 ) ) ;
#2171 = LINE ( 'NONE', #4381, #3562 ) ;
#2172 = ORIENTED_EDGE ( 'NONE', *, *, #4177, .T. ) ;
#2173 = VECTOR ( 'NONE', #4324, 1000.000000000000000 ) ;
#2174 = EDGE_CURVE ( 'NONE', #9009, #450, #5851, .T. ) ;
#2175 = ORIENTED_EDGE ( 'NONE', *, *, #7102, .F. ) ;
#2176 = CARTESIAN_POINT ( 'NONE',  ( -31.32366549371869269, -5.263289617286259769, -21.15567073887447336 ) ) ;
#2177 = CARTESIAN_POINT ( 'NONE',  ( -30.40969122679952363, -5.031367480698881955, 21.75705198377949046 ) ) ;
#2178 = LINE ( 'NONE', #542, #8201 ) ;
#2179 = CARTESIAN_POINT ( 'NONE',  ( -4.499999999999996447, -21.70000000000014140, -19.99999999999999645 ) ) ;
#2180 = EDGE_CURVE ( 'NONE', #6666, #5644, #2499, .T. ) ;
#2181 = CARTESIAN_POINT ( 'NONE',  ( -16.20000000000043983, -6.904353841145121073, 5.116881072215547555 ) ) ;
#2182 = ORIENTED_EDGE ( 'NONE', *, *, #2754, .F. ) ;
#2183 = LINE ( 'NONE', #8522, #8232 ) ;
#2184 = LINE ( 'NONE', #3769, #1533 ) ;
#2185 = EDGE_CURVE ( 'NONE', #2506, #6666, #4968, .T. ) ;
#2186 = CARTESIAN_POINT ( 'NONE',  ( -27.93334329227907986, -4.055666780671350224, 22.28876940430922104 ) ) ;
#2187 = EDGE_CURVE ( 'NONE', #9097, #4505, #972, .T. ) ;
#2188 = CARTESIAN_POINT ( 'NONE',  ( 2.500000000000005773, -14.70000000000013962, -22.50000000000000000 ) ) ;
#2189 = CARTESIAN_POINT ( 'NONE',  ( -16.20000000000043627, -9.547735031181954213, -2.957354787762452641 ) ) ;
#2190 = AXIS2_PLACEMENT_3D ( 'NONE', #1086, #2623, #9166 ) ;
#2191 = CARTESIAN_POINT ( 'NONE',  ( -13.00000000000000711, -15.20000000000003482, -22.50000000000000000 ) ) ;
#2192 = DIRECTION ( 'NONE',  ( -0.8222815838158427093, -2.852862334617465125E-16, 0.5690808351344378568 ) ) ;
#2193 = CARTESIAN_POINT ( 'NONE',  ( -32.48301878866097070, -5.402788398035630379, -18.11910417761286141 ) ) ;
#2194 = CARTESIAN_POINT ( 'NONE',  ( -34.00000000000000000, -8.000000000000031974, 0.000000000000000000 ) ) ;
#2195 = EDGE_LOOP ( 'NONE', ( #1673, #2460, #4436, #48 ) ) ;
#2196 = AXIS2_PLACEMENT_3D ( 'NONE', #8285, #3676, #1077 ) ;
#2197 = PLANE ( 'NONE',  #3381 ) ;
#2198 = VERTEX_POINT ( 'NONE', #6589 ) ;
#2199 = EDGE_CURVE ( 'NONE', #3322, #9497, #7253, .T. ) ;
#2200 = CARTESIAN_POINT ( 'NONE',  ( -16.62127846984033042, -18.46512728234546330, 17.62953346654422404 ) ) ;
#2201 = CARTESIAN_POINT ( 'NONE',  ( -14.63002014350571045, -16.88770337918926501, 17.81051231474544849 ) ) ;
#2202 = CYLINDRICAL_SURFACE ( 'NONE', #9558, 1.799999999999904787 ) ;
#2203 = DIRECTION ( 'NONE',  ( 1.000000000000000000, 0.000000000000000000, 0.000000000000000000 ) ) ;
#2204 = DIRECTION ( 'NONE',  ( -1.000000000000000000, 0.000000000000000000, 0.000000000000000000 ) ) ;
#2205 = ORIENTED_EDGE ( 'NONE', *, *, #9839, .T. ) ;
#2206 = CARTESIAN_POINT ( 'NONE',  ( -31.15579238467369549, -5.009807540088778488, 21.70132250298429000 ) ) ;
#2207 = DIRECTION ( 'NONE',  ( -0.6097197964539161630, -0.5064420397482739533, 0.6097197964539143866 ) ) ;
#2208 = AXIS2_PLACEMENT_3D ( 'NONE', #2505, #924, #6380 ) ;
#2209 = PLANE ( 'NONE',  #6198 ) ;
#2210 = CARTESIAN_POINT ( 'NONE',  ( -15.53953935239401218, -17.00940860696979229, -16.81627930919836800 ) ) ;
#2211 = CARTESIAN_POINT ( 'NONE',  ( -26.49933531175042489, -4.039094254190833233, -21.33549991874404128 ) ) ;
#2212 = CARTESIAN_POINT ( 'NONE',  ( -27.84692396625423783, -4.381048521423003272, -16.01989205020073825 ) ) ;
#2213 = DIRECTION ( 'NONE',  ( -1.000000000000000000, 0.000000000000000000, 0.000000000000000000 ) ) ;
#2214 = CARTESIAN_POINT ( 'NONE',  ( -15.04724071606138835, -17.21821102595869135, -20.59884999626186186 ) ) ;
#2215 = ORIENTED_EDGE ( 'NONE', *, *, #5749, .F. ) ;
#2216 = CARTESIAN_POINT ( 'NONE',  ( -14.83975361142346294, -16.42815649722191296, 17.30045582609815469 ) ) ;
#2217 = VECTOR ( 'NONE', #7341, 1000.000000000000000 ) ;
#2218 = ORIENTED_EDGE ( 'NONE', *, *, #544, .T. ) ;
#2220 = CARTESIAN_POINT ( 'NONE',  ( -34.00000000000000000, -11.50000000000001599, 10.50000000000000000 ) ) ;
#2219 = LINE ( 'NONE', #2795, #5668 ) ;
#2221 = CARTESIAN_POINT ( 'NONE',  ( -34.00000000000000000, -2.000000000000030198, -3.399999999999991918 ) ) ;
#2222 = CARTESIAN_POINT ( 'NONE',  ( -16.32957124361544388, -18.23404232619194687, -20.61789907669574973 ) ) ;
#2223 = VECTOR ( 'NONE', #5438, 1000.000000000000000 ) ;
#2224 = ORIENTED_EDGE ( 'NONE', *, *, #3415, .T. ) ;
#2225 = FACE_BOUND ( 'NONE', #7484, .T. ) ;
#2226 = DIRECTION ( 'NONE',  ( -0.9619815801946219880, -3.337544061241752512E-16, -0.2731143338718385882 ) ) ;
#2227 = ORIENTED_EDGE ( 'NONE', *, *, #7284, .F. ) ;
#2228 = ORIENTED_EDGE ( 'NONE', *, *, #4239, .F. ) ;
#2229 = CARTESIAN_POINT ( 'NONE',  ( -30.77587776063854363, -5.124286365468608828, 21.56386547303458912 ) ) ;
#2230 = VECTOR ( 'NONE', #4463, 1000.000000000000000 ) ;
#2231 = DIRECTION ( 'NONE',  ( 0.000000000000000000, 0.000000000000000000, 1.000000000000000000 ) ) ;
#2232 = PLANE ( 'NONE',  #570 ) ;
#2233 = LINE ( 'NONE', #3816, #9691 ) ;
#2234 = ORIENTED_EDGE ( 'NONE', *, *, #10100, .F. ) ;
#2235 = CIRCLE ( 'NONE', #9735, 0.9999999999999991118 ) ;
#2236 = LINE ( 'NONE', #6259, #1921 ) ;
#2237 = CARTESIAN_POINT ( 'NONE',  ( -25.49192344381926745, -3.783458931001128178, 18.00113250729094716 ) ) ;
#2238 = CARTESIAN_POINT ( 'NONE',  ( -34.00000000000000000, -4.500000000000031974, 0.000000000000000000 ) ) ;
#2239 = PLANE ( 'NONE',  #5692 ) ;
#2240 = CARTESIAN_POINT ( 'NONE',  ( -15.37252107137792301, -17.47589281633005953, 20.75268431332582253 ) ) ;
#2241 = EDGE_CURVE ( 'NONE', #4406, #3651, #3459, .T. ) ;
#2242 = B_SPLINE_CURVE_WITH_KNOTS ( 'NONE', 1,
 ( #4366, #7629 ),
 .UNSPECIFIED., .F., .F.,
 ( 2, 2 ),
 ( 0.000000000000000000, 1.000000000000000000 ),
 .UNSPECIFIED. ) ;
#2243 = LINE ( 'NONE', #2337, #467 ) ;
#2245 = ORIENTED_EDGE ( 'NONE', *, *, #9974, .T. ) ;
#2244 = CARTESIAN_POINT ( 'NONE',  ( -26.63325003387897993, -3.670719824702043166, -21.70132250298428644 ) ) ;
#2246 = VECTOR ( 'NONE', #3547, 1000.000000000000114 ) ;
#2247 = CARTESIAN_POINT ( 'NONE',  ( -9.792938069261785117, -26.05074231935854812, 23.00000000000000000 ) ) ;
#2248 = ORIENTED_EDGE ( 'NONE', *, *, #8409, .F. ) ;
#2249 = EDGE_CURVE ( 'NONE', #4987, #6847, #3405, .T. ) ;
#2250 = ADVANCED_FACE ( 'NONE', ( #5691 ), #8851, .T. ) ;
#2251 = VECTOR ( 'NONE', #9227, 1000.000000000000000 ) ;
#2252 = CARTESIAN_POINT ( 'NONE',  ( -26.57013129613673641, -4.057054916118794097, 16.61941027961337269 ) ) ;
#2253 = CARTESIAN_POINT ( 'NONE',  ( -23.33172798364586598, -22.83172798364415357, 23.00000000000000000 ) ) ;
#2254 = CARTESIAN_POINT ( 'NONE',  ( -15.70000000000043983, -6.904861609162323610, -3.744462817509526698 ) ) ;
#2255 = ORIENTED_EDGE ( 'NONE', *, *, #8409, .T. ) ;
#2256 = VECTOR ( 'NONE', #2875, 1000.000000000000000 ) ;
#2257 = CARTESIAN_POINT ( 'NONE',  ( -25.94700860765129491, -3.467529364033501871, 16.92760081561648988 ) ) ;
#2258 = DIRECTION ( 'NONE',  ( -1.000000000000000000, -3.469446951953614189E-16, 0.000000000000000000 ) ) ;
#2259 = CARTESIAN_POINT ( 'NONE',  ( -16.20000000000043272, -9.474536338437763661, -3.832106621387972201 ) ) ;
#2260 = ADVANCED_FACE ( 'NONE', ( #4195, #7353 ), #5021, .T. ) ;
#2261 = CARTESIAN_POINT ( 'NONE',  ( -15.76328130188208299, -17.19525189094220963, -16.75867021068663476 ) ) ;
#2262 = EDGE_CURVE ( 'NONE', #3999, #3633, #5658, .T. ) ;
#2263 = EDGE_CURVE ( 'NONE', #7609, #2635, #9995, .T. ) ;
#2264 = CARTESIAN_POINT ( 'NONE',  ( -26.17567441090393388, -3.956963835019101428, -21.04856212461251630 ) ) ;
#2265 = CARTESIAN_POINT ( 'NONE',  ( -28.25930490531463590, -4.485689757272779410, -15.93859166421800211 ) ) ;
#2266 = CARTESIAN_POINT ( 'NONE',  ( -16.20000000000044338, -7.620586924362267034, 0.6873655971982225443 ) ) ;
#2267 = CARTESIAN_POINT ( 'NONE',  ( -16.14182058491231686, -18.08531690813785175, -20.71100827763334351 ) ) ;
#2268 = ORIENTED_EDGE ( 'NONE', *, *, #2631, .F. ) ;
#2269 = CARTESIAN_POINT ( 'NONE',  ( -17.07508411944874993, -18.82461769645386696, 18.53329073061007293 ) ) ;
#2270 = FACE_BOUND ( 'NONE', #2374, .T. ) ;
#2271 = CARTESIAN_POINT ( 'NONE',  ( -15.70000000000043983, -7.183698034253648501, -4.592657398939152813 ) ) ;
#2272 = CARTESIAN_POINT ( 'NONE',  ( -14.76149223431532853, -16.99185205485392913, -17.64390327298311689 ) ) ;
#2273 = VERTEX_POINT ( 'NONE', #9703 ) ;
#2274 = CARTESIAN_POINT ( 'NONE',  ( -16.20000000000043983, -7.858755298660814681, 0.8034127112542617244 ) ) ;
#2275 = CARTESIAN_POINT ( 'NONE',  ( -16.20000000000043983, -1.734723475976807587E-16, 0.000000000000000000 ) ) ;
#2276 = ORIENTED_EDGE ( 'NONE', *, *, #4675, .F. ) ;
#2277 = VERTEX_POINT ( 'NONE', #4858 ) ;
#2278 = CARTESIAN_POINT ( 'NONE',  ( -29.50716441508239285, -4.802344589550274101, 22.03778350990159751 ) ) ;
#2279 = LINE ( 'NONE', #6159, #3222 ) ;
#2280 = CARTESIAN_POINT ( 'NONE',  ( -22.00000000000000355, -23.95146571496291088, 4.970562748477149739 ) ) ;
#2281 = CARTESIAN_POINT ( 'NONE',  ( -15.19999999999917151, -2.999999999999341860, -23.00000000000000000 ) ) ;
#2282 = VERTEX_POINT ( 'NONE', #140 ) ;
#2283 = CARTESIAN_POINT ( 'NONE',  ( -15.20000000000064588, -23.89238815542450212, -23.00000000000000000 ) ) ;
#2284 = CARTESIAN_POINT ( 'NONE',  ( -15.70000000000044338, -3.999999999999281908, -22.49999999999999289 ) ) ;
#2285 = CARTESIAN_POINT ( 'NONE',  ( -15.96348396820765281, -17.94403871154612418, 17.23119797696215016 ) ) ;
#2286 = CARTESIAN_POINT ( 'NONE',  ( -16.20000000000043983, -7.975412702967265233, -0.04609802767762088971 ) ) ;
#2287 = CC_DESIGN_PERSON_AND_ORGANIZATION_ASSIGNMENT ( #7947, #6414, ( #236 ) ) ;
#2288 = CARTESIAN_POINT ( 'NONE',  ( -15.70000000000043627, -7.498544083378710035, -0.6659494496248508089 ) ) ;
#2289 = CARTESIAN_POINT ( 'NONE',  ( -14.66201413958420297, -16.91304834069538643, 20.23003245098880498 ) ) ;
#2290 = DIRECTION ( 'NONE',  ( 0.000000000000000000, 0.000000000000000000, -1.000000000000000000 ) ) ;
#2292 = ORIENTED_EDGE ( 'NONE', *, *, #7842, .F. ) ;
#2291 = CARTESIAN_POINT ( 'NONE',  ( -26.44479635755025981, -3.614920236037735712, -16.44041950790825979 ) ) ;
#2293 = CARTESIAN_POINT ( 'NONE',  ( -34.50000000000000000, -6.000000000000042633, 15.00000000000000000 ) ) ;
#2294 = VERTEX_POINT ( 'NONE', #6536 ) ;
#2295 = CARTESIAN_POINT ( 'NONE',  ( -27.21046514190689081, -4.219543962267100490, 16.24294801629301688 ) ) ;
#2296 = CARTESIAN_POINT ( 'NONE',  ( -23.71635244085108951, -22.51225337288521189, -7.280265024517916572 ) ) ;
#2297 = DIRECTION ( 'NONE',  ( -0.000000000000000000, -0.000000000000000000, -1.000000000000000000 ) ) ;
#2298 = CARTESIAN_POINT ( 'NONE',  ( -23.20198999892107139, -23.31558423302863403, 6.486349466019977861 ) ) ;
#2299 = CARTESIAN_POINT ( 'NONE',  ( -15.70000000000044338, -7.001565576049618045, -3.256841081661902670 ) ) ;
#2300 = ORIENTED_EDGE ( 'NONE', *, *, #4994, .F. ) ;
#2301 = DIRECTION ( 'NONE',  ( 0.000000000000000000, -0.7071067811865500152, -0.7071067811865451302 ) ) ;
#2302 = EDGE_CURVE ( 'NONE', #9497, #3181, #2554, .T. ) ;
#2303 = CARTESIAN_POINT ( 'NONE',  ( -19.26635357184571617, -22.18490508109985271, 23.00000000000000000 ) ) ;
#2304 = CARTESIAN_POINT ( 'NONE',  ( -15.24245204779883522, -17.37285556148234278, -20.70806724034470037 ) ) ;
#2305 = ORIENTED_EDGE ( 'NONE', *, *, #7607, .T. ) ;
#2306 = CARTESIAN_POINT ( 'NONE',  ( -32.60158332329181974, -5.437894384777096413, -18.77763742593380769 ) ) ;
#2307 = CARTESIAN_POINT ( 'NONE',  ( -25.93470442189023117, -3.895816298134403333, -17.23518897184861842 ) ) ;
#2308 = EDGE_CURVE ( 'NONE', #9787, #5538, #4295, .T. ) ;
#2309 = CARTESIAN_POINT ( 'NONE',  ( -34.00000000000000000, -6.000000000000041744, 10.50000000000001243 ) ) ;
#2310 = CARTESIAN_POINT ( 'NONE',  ( -16.39389957970612599, -18.28500482418192874, -20.57094950526911248 ) ) ;
#2311 = ORIENTED_EDGE ( 'NONE', *, *, #9261, .T. ) ;
#2312 = CARTESIAN_POINT ( 'NONE',  ( -16.21952248578919509, -17.57421238581036604, 21.24132978931336169 ) ) ;
#2313 = EDGE_CURVE ( 'NONE', #4158, #645, #5678, .T. ) ;
#2314 = EDGE_CURVE ( 'NONE', #4460, #9291, #4452, .T. ) ;
#2315 = CARTESIAN_POINT ( 'NONE',  ( -34.50000000000000000, -12.00000000000003197, -23.00000000000000000 ) ) ;
#2316 = CARTESIAN_POINT ( 'NONE',  ( -23.54433920200529684, -22.30516180317955133, -7.108251785672138112 ) ) ;
#2317 = DIRECTION ( 'NONE',  ( -0.7071067811865449082, -0.7071067811865502373, 0.000000000000000000 ) ) ;
#2318 = ORIENTED_EDGE ( 'NONE', *, *, #632, .T. ) ;
#2319 = CARTESIAN_POINT ( 'NONE',  ( -0.9999999999999970024, -12.79893898089672000, -16.50000000000001421 ) ) ;
#2320 = ORIENTED_EDGE ( 'NONE', *, *, #6839, .T. ) ;
#2321 = ADVANCED_FACE ( 'NONE', ( #7651 ), #8809, .T. ) ;
#2322 = CARTESIAN_POINT ( 'NONE',  ( -15.70000000000043983, -9.808529584835024906, 0.5985540781265616950 ) ) ;
#2323 = CARTESIAN_POINT ( 'NONE',  ( -10.33074279879292945, -20.56461020603852674, -18.86461020603838890 ) ) ;
#2324 = ORIENTED_EDGE ( 'NONE', *, *, #8671, .F. ) ;
#2325 = ORIENTED_EDGE ( 'NONE', *, *, #8293, .T. ) ;
#2326 = CARTESIAN_POINT ( 'NONE',  ( -26.96164101906573052, -4.156404593883346266, 21.63158687027285154 ) ) ;
#2327 = CARTESIAN_POINT ( 'NONE',  ( -17.50380646141448082, -18.64095714301598505, 20.13053067225605375 ) ) ;
#2328 = CARTESIAN_POINT ( 'NONE',  ( -25.39142907280059447, -22.35781327943306707, -8.361991821277737102 ) ) ;
#2329 = VECTOR ( 'NONE', #8278, 1000.000000000000000 ) ;
#2330 = APPROVAL_ROLE ( '' ) ;
#2331 = ORIENTED_EDGE ( 'NONE', *, *, #7227, .F. ) ;
#2332 = CARTESIAN_POINT ( 'NONE',  ( -16.61954035032799482, -0.7057424773177796151, 15.00000000000000000 ) ) ;
#2333 = DIRECTION ( 'NONE',  ( -0.7071067811865493491, 0.000000000000000000, -0.7071067811865456854 ) ) ;
#2334 = CARTESIAN_POINT ( 'NONE',  ( -16.20000000000044693, -7.781164840707614161, -0.7355871893766171565 ) ) ;
#2335 = AXIS2_PLACEMENT_3D ( 'NONE', #1612, #847, #3230 ) ;
#2336 = CARTESIAN_POINT ( 'NONE',  ( -15.49367774168135270, -17.57185695448259111, 20.78105402517883604 ) ) ;
#2337 = CARTESIAN_POINT ( 'NONE',  ( -19.61757716401679730, -6.000000000000036415, 0.000000000000000000 ) ) ;
#2338 = CARTESIAN_POINT ( 'NONE',  ( -30.53731151046286030, -4.826680423388182817, -22.05372237277335756 ) ) ;
#2339 = PLANE ( 'NONE',  #611 ) ;
#2340 = VERTEX_POINT ( 'NONE', #5776 ) ;
#2341 = CARTESIAN_POINT ( 'NONE',  ( -28.73386078243565578, -4.606115210616603228, 15.90000000000003588 ) ) ;
#2342 = ORIENTED_EDGE ( 'NONE', *, *, #9357, .F. ) ;
#2343 = CARTESIAN_POINT ( 'NONE',  ( -24.13371083836247877, -23.30708397160642065, 7.104273586839623178 ) ) ;
#2344 = CARTESIAN_POINT ( 'NONE',  ( -16.20000000000044338, -7.001565576049618045, -3.256841081661902670 ) ) ;
#2345 = ORIENTED_EDGE ( 'NONE', *, *, #2133, .F. ) ;
#2346 = CARTESIAN_POINT ( 'NONE',  ( -25.30602362989166565, -3.277738966755181060, 18.11910417761285785 ) ) ;
#2347 = CARTESIAN_POINT ( 'NONE',  ( -15.70000000000043627, -7.097036302006133113, 1.068809986304690707 ) ) ;
#2348 = CARTESIAN_POINT ( 'NONE',  ( -16.20000000000044338, -6.905854527548332733, 0.4795598492351008657 ) ) ;
#2349 = CARTESIAN_POINT ( 'NONE',  ( -16.06840615756674495, -18.02715432681260310, -20.74242983912377980 ) ) ;
#2350 = VECTOR ( 'NONE', #6014, 1000.000000000000114 ) ;
#2351 = PLANE ( 'NONE',  #2208 ) ;
#2352 = ORIENTED_EDGE ( 'NONE', *, *, #554, .F. ) ;
#2353 = B_SPLINE_CURVE_WITH_KNOTS ( 'NONE', 3,
 ( #5679, #3176, #8066, #4956, #9583, #7130, #963, #7184, #9688, #4135, #2439, #6365, #5626, #9747, #5732 ),
 .UNSPECIFIED., .F., .F.,
 ( 4, 1, 1, 1, 1, 1, 1, 1, 1, 1, 1, 1, 4 ),
 ( 0.000000000000000000, 0.09635745386823817149, 0.1926608788082142254, 0.2894549334517488859, 0.3884793011163928389, 0.4419214173673353674, 0.5015211030486822485, 0.5678827758176532292, 0.6408916507843542831, 0.7203706588124402233, 0.8066369162819659877, 0.9000159377788828907, 1.000000000000000000 ),
 .UNSPECIFIED. ) ;
#2354 = CARTESIAN_POINT ( 'NONE',  ( -32.11162760509515124, -5.292822513154850306, -17.29737626194150835 ) ) ;
#2355 = ADVANCED_FACE ( 'NONE', ( #1804 ), #5048, .F. ) ;
#2356 = CARTESIAN_POINT ( 'NONE',  ( -25.31333263782198628, -3.738139224753573409, -18.79748766525724690 ) ) ;
#2357 = CARTESIAN_POINT ( 'NONE',  ( -22.00000000000000355, -23.95146571496291088, 4.970562748477149739 ) ) ;
#2358 = DIRECTION ( 'NONE',  ( -0.7071067811864997221, 0.7071067811865953123, 0.000000000000000000 ) ) ;
#2359 = CARTESIAN_POINT ( 'NONE',  ( -15.57626809497670628, -17.63729571006269836, -20.79999999999990479 ) ) ;
#2360 = ORIENTED_EDGE ( 'NONE', *, *, #9249, .T. ) ;
#2361 = VECTOR ( 'NONE', #9766, 1000.000000000000000 ) ;
#2362 = CARTESIAN_POINT ( 'NONE',  ( -16.20000000000043983, -8.784289032372960548, -0.3889521085299013636 ) ) ;
#2364 = ORIENTED_EDGE ( 'NONE', *, *, #5972, .T. ) ;
#2363 = DIRECTION ( 'NONE',  ( -0.000000000000000000, -0.000000000000000000, -1.000000000000000000 ) ) ;
#2365 = CARTESIAN_POINT ( 'NONE',  ( -18.31126983722083779, -10.74020202535471036, 19.00000000000000000 ) ) ;
#2366 = EDGE_CURVE ( 'NONE', #775, #8630, #8981, .T. ) ;
#2367 = CARTESIAN_POINT ( 'NONE',  ( -17.12051304298577747, -18.86060527521767582, -19.00000000000000000 ) ) ;
#2368 = ADVANCED_FACE ( 'NONE', ( #9829 ), #6662, .T. ) ;
#2369 = EDGE_CURVE ( 'NONE', #3515, #5945, #4272, .T. ) ;
#2370 = ORIENTED_EDGE ( 'NONE', *, *, #996, .T. ) ;
#2371 = CARTESIAN_POINT ( 'NONE',  ( -16.20000000000043983, -9.808529584835024906, 0.5985540781265616950 ) ) ;
#2372 = ORIENTED_EDGE ( 'NONE', *, *, #5262, .T. ) ;
#2373 = CARTESIAN_POINT ( 'NONE',  ( -25.67741481345749577, -3.387704851635962466, 17.29737626194151545 ) ) ;
#2374 = EDGE_LOOP ( 'NONE', ( #4939, #6527 ) ) ;
#2375 = CARTESIAN_POINT ( 'NONE',  ( -28.13536190852229524, -4.454243401655735290, 22.04175080149073551 ) ) ;
#2376 = EDGE_CURVE ( 'NONE', #3118, #1099, #9673, .T. ) ;
#2377 = CARTESIAN_POINT ( 'NONE',  ( -15.87733923712663930, -17.28999005380108045, 16.74412882792464075 ) ) ;
#2378 = AXIS2_PLACEMENT_3D ( 'NONE', #3606, #2702, #8269 ) ;
#2379 = CARTESIAN_POINT ( 'NONE',  ( -15.70000000000043983, -7.975412702967265233, -4.194920518663195708 ) ) ;
#2380 = CARTESIAN_POINT ( 'NONE',  ( -14.35227831868444071, -16.66768373050418006, 19.57998757646466714 ) ) ;
#2381 = VERTEX_POINT ( 'NONE', #8256 ) ;
#2382 = CARTESIAN_POINT ( 'NONE',  ( -15.70000000000043272, -8.114391335053985799, -4.867056827388883455 ) ) ;
#2383 = B_SPLINE_CURVE_WITH_KNOTS ( 'NONE', 3,
 ( #3436, #6619, #1195, #4322, #9937, #9732, #9785, #1146, #5720, #3532, #6709, #2634, #994, #5825, #9883, #5936, #5148, #4371, #422 ),
 .UNSPECIFIED., .F., .F.,
 ( 4, 1, 1, 1, 1, 1, 1, 1, 1, 1, 1, 1, 1, 1, 1, 1, 4 ),
 ( 0.000000000000000000, 0.07943572267611462290, 0.1540131742839432327, 0.2241414790393983780, 0.2899341692032363360, 0.3527323106719889578, 0.4127257792496897282, 0.4703027418920649461, 0.5271687617359286371, 0.5835022647141645535, 0.6399482172133522662, 0.6965849669119866805, 0.7537269142919262865, 0.8127070377388639910, 0.8729634806368316013, 0.9350348604089697702, 1.000000000000000000 ),
 .UNSPECIFIED. ) ;
#2384 = VECTOR ( 'NONE', #109, 1000.000000000000000 ) ;
#2385 = CARTESIAN_POINT ( 'NONE',  ( -34.00000000000000000, -6.000000000000041744, 0.000000000000000000 ) ) ;
#2386 = CARTESIAN_POINT ( 'NONE',  ( -23.46537017361184141, -23.60704592510850830, 6.435932922088986707 ) ) ;
#2387 = PLANE ( 'NONE',  #1504 ) ;
#2388 = CARTESIAN_POINT ( 'NONE',  ( -34.50000000000000000, -6.000000000000042633, -15.00000000000000000 ) ) ;
#2389 = CARTESIAN_POINT ( 'NONE',  ( -25.30602362989168341, -3.277738966755187722, -19.88089582238714925 ) ) ;
#2390 = CARTESIAN_POINT ( 'NONE',  ( -17.38418008637347256, -18.54159375390542763, -20.38731528451761932 ) ) ;
#2391 = ORIENTED_EDGE ( 'NONE', *, *, #3796, .T. ) ;
#2392 = CARTESIAN_POINT ( 'NONE',  ( -28.17776006140752898, -4.465002198846695691, 15.95077255207929134 ) ) ;
#2393 = VECTOR ( 'NONE', #2960, 1000.000000000000000 ) ;
#2394 = ORIENTED_EDGE ( 'NONE', *, *, #10228, .F. ) ;
#2395 = CARTESIAN_POINT ( 'NONE',  ( -16.76931709073716803, -18.58239869254247623, -17.81466685449421306 ) ) ;
#2396 = CARTESIAN_POINT ( 'NONE',  ( -15.70000000000043627, -7.498544083378710035, -0.6659494496248508089 ) ) ;
#2397 = CARTESIAN_POINT ( 'NONE',  ( -24.29261579962540907, -22.91481204438149888, 7.263178548102544596 ) ) ;
#2398 = CARTESIAN_POINT ( 'NONE',  ( -29.63737023575164642, -4.835388107078549602, -15.98790339539951688 ) ) ;
#2399 = CARTESIAN_POINT ( 'NONE',  ( -15.19999999999932250, -3.999999999999346301, 23.00000000000000000 ) ) ;
#2400 = LINE ( 'NONE', #9540, #2995 ) ;
#2401 = AXIS2_PLACEMENT_3D ( 'NONE', #1950, #8287, #6899 ) ;
#2402 = CARTESIAN_POINT ( 'NONE',  ( -16.20000000000044338, -7.392272809534230937, 1.351198996284884268 ) ) ;
#2403 = CARTESIAN_POINT ( 'NONE',  ( -14.76149223431533386, -16.99185205485391847, -20.35609672701688311 ) ) ;
#2404 = AXIS2_PLACEMENT_3D ( 'NONE', #6072, #8439, #1327 ) ;
#2405 = CARTESIAN_POINT ( 'NONE',  ( -15.70000000000043983, -8.032763167368988988, 0.8281673279839496526 ) ) ;
#2406 = CARTESIAN_POINT ( 'NONE',  ( -29.03894100210028029, -4.683530697807761101, -15.90000000000003944 ) ) ;
#2407 = CARTESIAN_POINT ( 'NONE',  ( -23.18583250616781299, -23.31009936218885770, -6.461416125413101952 ) ) ;
#2408 = AXIS2_PLACEMENT_3D ( 'NONE', #742, #3865, #6165 ) ;
#2409 = CARTESIAN_POINT ( 'NONE',  ( -13.00000000000000711, -15.70000000000008278, 23.00000000000000000 ) ) ;
#2410 = CARTESIAN_POINT ( 'NONE',  ( -16.20000000000043983, -8.391015233748285951, -4.058066998995268015 ) ) ;
#2411 = CARTESIAN_POINT ( 'NONE',  ( -16.20000000000043627, -9.335365825553139985, -3.144220171079494808 ) ) ;
#2412 = ORIENTED_EDGE ( 'NONE', *, *, #5622, .T. ) ;
#2413 = AXIS2_PLACEMENT_3D ( 'NONE', #7571, #1135, #4308 ) ;
#2414 = CARTESIAN_POINT ( 'NONE',  ( -14.42343050151019845, -16.72404858761051116, 18.20232721995041913 ) ) ;
#2415 = EDGE_LOOP ( 'NONE', ( #6031, #6867 ) ) ;
#2416 = LINE ( 'NONE', #2316, #8488 ) ;
#2417 = CARTESIAN_POINT ( 'NONE',  ( -16.20000000000044338, -6.942179309626696160, -4.136683461546422969 ) ) ;
#2418 = VECTOR ( 'NONE', #10189, 1000.000000000000000 ) ;
#2419 = ORIENTED_EDGE ( 'NONE', *, *, #1626, .F. ) ;
#2420 = CARTESIAN_POINT ( 'NONE',  ( -16.20000000000044338, -7.224479268694423695, -2.923993409270568833 ) ) ;
#2421 = PLANE ( 'NONE',  #3053 ) ;
#2422 = ORIENTED_EDGE ( 'NONE', *, *, #1947, .T. ) ;
#2423 = CARTESIAN_POINT ( 'NONE',  ( -25.37679267874919375, -3.298693101974738529, 20.09470427638999368 ) ) ;
#2424 = ORIENTED_EDGE ( 'NONE', *, *, #1933, .F. ) ;
#2425 = EDGE_CURVE ( 'NONE', #5778, #674, #2383, .T. ) ;
#2426 = CARTESIAN_POINT ( 'NONE',  ( -28.98403811773137306, -4.669599021961572838, 22.09616213445628929 ) ) ;
#2427 = CARTESIAN_POINT ( 'NONE',  ( -14.42497063448857908, -16.08363178584879449, 18.00030720596597433 ) ) ;
#2428 = CARTESIAN_POINT ( 'NONE',  ( -16.20000000000043983, -9.808529584835024906, 0.5985540781265616950 ) ) ;
#2429 = DATE_TIME_ROLE ( 'creation_date' ) ;
#2430 = CARTESIAN_POINT ( 'NONE',  ( -14.76149223431533386, -16.99185205485391847, 17.64390327298311334 ) ) ;
#2431 = ORIENTED_EDGE ( 'NONE', *, *, #5622, .F. ) ;
#2432 = CARTESIAN_POINT ( 'NONE',  ( -15.70000000000043983, -9.808529584835024906, -0.7375684428418834981 ) ) ;
#2433 = ADVANCED_FACE ( 'NONE', ( #7532 ), #4168, .T. ) ;
#2434 = CARTESIAN_POINT ( 'NONE',  ( -26.70195129687666125, -4.090505238962547807, -21.47418434231992634 ) ) ;
#2435 = ADVANCED_FACE ( 'NONE', ( #6866 ), #4474, .F. ) ;
#2436 = CARTESIAN_POINT ( 'NONE',  ( -15.70000000000043983, -7.975412702967265233, -4.194920518663195708 ) ) ;
#2437 = ADVANCED_FACE ( 'NONE', ( #2793 ), #7677, .F. ) ;
#2438 = CARTESIAN_POINT ( 'NONE',  ( -16.20000000000043983, -7.975412702967265233, -0.04609802767762088971 ) ) ;
#2439 = CARTESIAN_POINT ( 'NONE',  ( -16.20000000000044338, -9.335365825553143537, 1.004602319906079178 ) ) ;
#2440 = CARTESIAN_POINT ( 'NONE',  ( -32.19498698320090568, -5.484391656530766213, -19.80377707519868480 ) ) ;
#2441 = DIRECTION ( 'NONE',  ( -1.000000000000000000, 1.734723475976577126E-13, 0.000000000000000000 ) ) ;
#2442 = CARTESIAN_POINT ( 'NONE',  ( -28.61107839214456661, -4.574958239933526016, 15.90501076105629785 ) ) ;
#2443 = ORIENTED_EDGE ( 'NONE', *, *, #9130, .F. ) ;
#2444 = CARTESIAN_POINT ( 'NONE',  ( -16.58543506800456413, -18.43673310427550049, -17.59210678738618228 ) ) ;
#2445 = LINE ( 'NONE', #9006, #7724 ) ;
#2446 = CARTESIAN_POINT ( 'NONE',  ( -23.32363242292742456, -23.57855740420601620, 6.294195171404569855 ) ) ;
#2447 = CARTESIAN_POINT ( 'NONE',  ( -31.86720881251450876, -5.401221632627777325, -17.49435151623646334 ) ) ;
#2448 = ORIENTED_EDGE ( 'NONE', *, *, #4313, .F. ) ;
#2449 = CARTESIAN_POINT ( 'NONE',  ( -34.50000000000000000, -12.00000000000003197, 15.00000000000000000 ) ) ;
#2450 = DIRECTION ( 'NONE',  ( 1.000000000000000000, 3.469446951953615175E-16, -0.000000000000000000 ) ) ;
#2451 = CARTESIAN_POINT ( 'NONE',  ( -18.50043412188944103, -2.835038795896980268, -15.00000000000000000 ) ) ;
#2452 = CARTESIAN_POINT ( 'NONE',  ( -15.07067548303578697, -17.23677875902086853, -17.38210092330425027 ) ) ;
#2453 = CARTESIAN_POINT ( 'NONE',  ( -15.70000000000043983, -7.693545981567194936, 0.01462395244811256524 ) ) ;
#2454 = ORIENTED_EDGE ( 'NONE', *, *, #5184, .F. ) ;
#2455 = CARTESIAN_POINT ( 'NONE',  ( -16.20000000000044338, -9.097678803514757107, -0.09292530635218672341 ) ) ;
#2456 = DIRECTION ( 'NONE',  ( -0.5384253804618300832, -0.6482254386778325550, 0.5384253804618286399 ) ) ;
#2457 = DIRECTION ( 'NONE',  ( 1.000000000000000000, 3.469446951953615175E-16, 0.000000000000000000 ) ) ;
#2458 = DIRECTION ( 'NONE',  ( 0.000000000000000000, 1.000000000000000000, 0.000000000000000000 ) ) ;
#2459 = CARTESIAN_POINT ( 'NONE',  ( -15.70000000000044338, -8.547785250849040395, -3.930167697617706679 ) ) ;
#2460 = ORIENTED_EDGE ( 'NONE', *, *, #5189, .T. ) ;
#2461 = CARTESIAN_POINT ( 'NONE',  ( -16.55293918803420894, -17.85115309817227569, 21.14065535970051357 ) ) ;
#2462 = ORIENTED_EDGE ( 'NONE', *, *, #9318, .F. ) ;
#2464 = VERTEX_POINT ( 'NONE', #2116 ) ;
#2463 = CARTESIAN_POINT ( 'NONE',  ( -13.63894922151781230, -15.43075108558958419, 23.00000000000000000 ) ) ;
#2465 = CARTESIAN_POINT ( 'NONE',  ( -15.70000000000043983, -7.011879040948754138, -4.340261589742362425 ) ) ;
#2466 = CARTESIAN_POINT ( 'NONE',  ( -16.20000000000044338, -10.32274459731977601, 1.589555614066218592 ) ) ;
#2467 = EDGE_LOOP ( 'NONE', ( #8633, #5650 ) ) ;
#2468 = DIRECTION ( 'NONE',  ( -1.000000000000000000, 0.000000000000000000, 0.000000000000000000 ) ) ;
#2469 = CARTESIAN_POINT ( 'NONE',  ( -4.499999999999996447, -14.70000000000013962, -16.50000000000000355 ) ) ;
#2470 = ORIENTED_EDGE ( 'NONE', *, *, #4744, .F. ) ;
#2471 = CARTESIAN_POINT ( 'NONE',  ( -28.40927524315941710, -4.196586329754598665, 22.37553097656677181 ) ) ;
#2472 = ORIENTED_EDGE ( 'NONE', *, *, #2901, .T. ) ;
#2473 = CARTESIAN_POINT ( 'NONE',  ( -28.06817538601668716, -4.437194603954112360, 22.02990291132392997 ) ) ;
#2474 = B_SPLINE_SURFACE_WITH_KNOTS ( 'NONE', 3, 1, ( 
 ( #6642, #3408 ),
 ( #2502, #866 ),
 ( #3354, #8855 ),
 ( #7257, #303 ),
 ( #9763, #9810 ),
 ( #975, #4149 ),
 ( #6539, #4810 ),
 ( #4198, #7969 ),
 ( #252, #4040 ),
 ( #9595, #1678 ),
 ( #9706, #8179 ),
 ( #2611, #5695 ),
 ( #8024, #1731 ),
 ( #921, #1629 ),
 ( #4096, #4920 ) ),
 .UNSPECIFIED., .F., .F., .F.,
 ( 4, 1, 1, 1, 1, 1, 1, 1, 1, 1, 1, 1, 4 ),
 ( 2, 2 ),
 ( 0.000000000000000000, 0.1168990281982815460, 0.2258236839530682882, 0.3300860790235575770, 0.4354514863452308981, 0.4903067309632216375, 0.5482440571677190677, 0.6107668331470279544, 0.6776750949389457324, 0.7491886027449011776, 0.8268587199157831913, 0.9101115940212833877, 1.000000000000000000 ),
 ( 0.000000000000000000, 1.000000000000000000 ),
 .UNSPECIFIED. ) ;
#2475 = ORIENTED_EDGE ( 'NONE', *, *, #6548, .F. ) ;
#2476 = CARTESIAN_POINT ( 'NONE',  ( -17.14305017624782579, -18.34130777953066982, 20.69954417390183821 ) ) ;
#2477 = DATE_AND_TIME ( #6465, #3047 ) ;
#2478 = CARTESIAN_POINT ( 'NONE',  ( -15.70000000000043627, -8.798063577315152983, -4.526838106798516392 ) ) ;
#2479 = ADVANCED_FACE ( 'NONE', ( #2900 ), #5349, .T. ) ;
#2480 = EDGE_LOOP ( 'NONE', ( #5830, #6026, #3487, #3781, #9956 ) ) ;
#2481 = VECTOR ( 'NONE', #2869, 1000.000000000000114 ) ;
#2482 = CARTESIAN_POINT ( 'NONE',  ( -16.20000000000043983, -8.784289032372960548, -4.537774599515476126 ) ) ;
#2483 = CARTESIAN_POINT ( 'NONE',  ( -27.21046514200756050, -4.219543962290432049, -21.75705198375385407 ) ) ;
#2484 = DIRECTION ( 'NONE',  ( -0.5000000000000655032, -0.4999999999999371059, -0.7071067811865456854 ) ) ;
#2485 = CARTESIAN_POINT ( 'NONE',  ( -16.20000000000043983, -8.391015233748285951, 0.09075549199030621961 ) ) ;
#2486 = CARTESIAN_POINT ( 'NONE',  ( -10.22461150894131521, -21.70000000000013429, -20.64099003489796047 ) ) ;
#2487 = CARTESIAN_POINT ( 'NONE',  ( -32.30682491192607131, -5.512771037362598214, -19.00000000000000000 ) ) ;
#2488 = VECTOR ( 'NONE', #1677, 1000.000000000000000 ) ;
#2489 = EDGE_CURVE ( 'NONE', #8203, #5137, #1295, .T. ) ;
#2490 = CARTESIAN_POINT ( 'NONE',  ( -14.46824131327434060, -16.11957303452236800, -20.13472989862566820 ) ) ;
#2491 = CARTESIAN_POINT ( 'NONE',  ( -28.35952188947636898, -4.511121051451201680, 15.92563623359412261 ) ) ;
#2492 = EDGE_LOOP ( 'NONE', ( #6416, #4886, #5295, #2205 ) ) ;
#2493 = DIRECTION ( 'NONE',  ( -0.7899396958228713794, 0.4514375718697162254, 0.4149691502601659532 ) ) ;
#2494 = EDGE_CURVE ( 'NONE', #10127, #3458, #6192, .T. ) ;
#2495 = ADVANCED_FACE ( 'NONE', ( #3641 ), #851, .T. ) ;
#2496 = CARTESIAN_POINT ( 'NONE',  ( -23.71635244085108951, -22.51225337288521189, -7.280265024517916572 ) ) ;
#2497 = CARTESIAN_POINT ( 'NONE',  ( -30.91820507183021860, -5.160406204002951469, -16.52581565757784077 ) ) ;
#2498 = VERTEX_POINT ( 'NONE', #9026 ) ;
#2499 = LINE ( 'NONE', #1780, #776 ) ;
#2500 = DIRECTION ( 'NONE',  ( -0.7071067811864997221, 0.7071067811865953123, 0.000000000000000000 ) ) ;
#2501 = CARTESIAN_POINT ( 'NONE',  ( -23.32401640197698711, -23.33261654036800792, -6.674696538115909128 ) ) ;
#2502 = CARTESIAN_POINT ( 'NONE',  ( -16.20000000000044338, -7.505049097994962892, -3.737151684137765439 ) ) ;
#2503 = LINE ( 'NONE', #5642, #6521 ) ;
#2504 = ADVANCED_FACE ( 'NONE', ( #3523 ), #8972, .T. ) ;
#2505 = CARTESIAN_POINT ( 'NONE',  ( -21.36367721449972024, -27.93189360202073246, 23.00000000000000000 ) ) ;
#2506 = VERTEX_POINT ( 'NONE', #2730 ) ;
#2507 = CARTESIAN_POINT ( 'NONE',  ( -19.26635357184571617, -22.18490508109985271, -22.49999999999999289 ) ) ;
#2508 = VECTOR ( 'NONE', #10079, 1000.000000000000114 ) ;
#2509 = CARTESIAN_POINT ( 'NONE',  ( -23.07932099155447503, -23.26351087221546621, -6.297010897366575044 ) ) ;
#2510 = ADVANCED_FACE ( 'NONE', ( #5868 ), #7328, .T. ) ;
#2511 = CARTESIAN_POINT ( 'NONE',  ( -25.28445903066831590, -3.271353865706401187, -19.89058957429456953 ) ) ;
#2512 = CARTESIAN_POINT ( 'NONE',  ( -15.70000000000043983, -9.163291940019410831, -0.02030771145309335363 ) ) ;
#2513 = CARTESIAN_POINT ( 'NONE',  ( -16.20000000000043983, -10.49999999999928768, -2.535391522268964692 ) ) ;
#2514 = MANIFOLD_SOLID_BREP ( 'Chanfrein7', #3187 ) ;
#2515 = VERTEX_POINT ( 'NONE', #8137 ) ;
#2516 = CARTESIAN_POINT ( 'NONE',  ( -15.51419759758015537, -17.58812512138062445, 20.78839717032765932 ) ) ;
#2517 = DIRECTION ( 'NONE',  ( 0.5384253804618300832, 0.6482254386778325550, -0.5384253804618286399 ) ) ;
#2519 = EDGE_LOOP ( 'NONE', ( #7669, #7125, #9674, #7315 ) ) ;
#2518 = CARTESIAN_POINT ( 'NONE',  ( -16.20000000000043983, -7.011879040948755915, -0.1914390987567879676 ) ) ;
#2520 = DIRECTION ( 'NONE',  ( -1.000000000000000000, 0.000000000000000000, 0.000000000000000000 ) ) ;
#2521 = CIRCLE ( 'NONE', #3870, 3.500000000000013323 ) ;
#2522 = CARTESIAN_POINT ( 'NONE',  ( -16.20000000000044338, -9.643921318474971471, 1.268197148889921300 ) ) ;
#2523 = VECTOR ( 'NONE', #8807, 999.9999999999998863 ) ;
#2524 = ORIENTED_EDGE ( 'NONE', *, *, #9762, .T. ) ;
#2525 = PLANE ( 'NONE',  #7374 ) ;
#2526 = CARTESIAN_POINT ( 'NONE',  ( -16.20000000000044693, -8.079962141299649403, -4.189508993867558928 ) ) ;
#2527 = EDGE_LOOP ( 'NONE', ( #5102, #6571, #247, #4522 ) ) ;
#2528 = CARTESIAN_POINT ( 'NONE',  ( -31.84466619930807596, -5.395496171316335854, 17.44643385345202802 ) ) ;
#2529 = VERTEX_POINT ( 'NONE', #4262 ) ;
#2530 = CARTESIAN_POINT ( 'NONE',  ( -27.33754523505028189, -4.251790680476097428, 21.81251805715750081 ) ) ;
#2531 = ORIENTED_EDGE ( 'NONE', *, *, #2185, .F. ) ;
#2532 = CARTESIAN_POINT ( 'NONE',  ( -14.67844465534218301, -16.29417095628558343, 20.49073943261362629 ) ) ;
#2533 = VECTOR ( 'NONE', #4495, 999.9999999999998863 ) ;
#2534 = CARTESIAN_POINT ( 'NONE',  ( -15.70000000000043983, -9.777072844231996740, -3.569502283149066368 ) ) ;
#2535 = ORIENTED_EDGE ( 'NONE', *, *, #6093, .T. ) ;
#2536 = CARTESIAN_POINT ( 'NONE',  ( -15.70000000000043983, -8.391015233748285951, 0.09075549199030621961 ) ) ;
#2537 = VECTOR ( 'NONE', #5411, 1000.000000000000000 ) ;
#2538 = CARTESIAN_POINT ( 'NONE',  ( -25.31333027604942743, -3.738141586526134930, -19.20251233474273533 ) ) ;
#2539 = DIRECTION ( 'NONE',  ( -0.000000000000000000, -0.000000000000000000, -1.000000000000000000 ) ) ;
#2540 = VECTOR ( 'NONE', #8666, 1000.000000000000000 ) ;
#2541 = CARTESIAN_POINT ( 'NONE',  ( -34.00000000000000000, -8.500000000000035527, -10.50000000000000000 ) ) ;
#2542 = CARTESIAN_POINT ( 'NONE',  ( -29.03894100210028029, -4.683530697807758436, -22.09999999999996945 ) ) ;
#2543 = DIRECTION ( 'NONE',  ( -0.8947212001798815484, -0.3158116321073947130, -0.3158116321073938249 ) ) ;
#2544 = CARTESIAN_POINT ( 'NONE',  ( -29.40202728783656738, -4.775668785432134023, 15.94457973903398695 ) ) ;
#2545 = ORIENTED_EDGE ( 'NONE', *, *, #7599, .F. ) ;
#2546 = CARTESIAN_POINT ( 'NONE',  ( -15.70000000000043983, -10.49999999999928768, -2.535391522268964692 ) ) ;
#2547 = B_SPLINE_CURVE_WITH_KNOTS ( 'NONE', 1,
 ( #1063, #6733 ),
 .UNSPECIFIED., .F., .F.,
 ( 2, 2 ),
 ( 0.000000000000000000, 1.000000000000000000 ),
 .UNSPECIFIED. ) ;
#2548 = CARTESIAN_POINT ( 'NONE',  ( -15.70000000000043983, -9.711187494247642604, 0.5390353515125253514 ) ) ;
#2549 = AXIS2_PLACEMENT_3D ( 'NONE', #1450, #3903, #10249 ) ;
#2550 = CARTESIAN_POINT ( 'NONE',  ( -34.00000000000000000, 10.73499399519519848, -2.899999999999999911 ) ) ;
#2551 = CARTESIAN_POINT ( 'NONE',  ( -23.06734646737592342, -23.45577394850601749, 6.037909215853060729 ) ) ;
#2552 = CARTESIAN_POINT ( 'NONE',  ( -29.16858755581128193, -4.716429846380086666, -15.91632837097120579 ) ) ;
#2553 = EDGE_LOOP ( 'NONE', ( #1823, #8723, #4946, #3186 ) ) ;
#2554 = LINE ( 'NONE', #7559, #2481 ) ;
#2555 = DIRECTION ( 'NONE',  ( 0.6172982111373501724, -0.7867292536359808963, 0.000000000000000000 ) ) ;
#2556 = EDGE_CURVE ( 'NONE', #8907, #7103, #8631, .T. ) ;
#2557 = PLANE ( 'NONE',  #6194 ) ;
#2558 = LINE ( 'NONE', #5751, #2681 ) ;
#2559 = ADVANCED_FACE ( 'NONE', ( #314 ), #472, .T. ) ;
#2560 = CARTESIAN_POINT ( 'NONE',  ( -16.97681622514102173, -18.74677249760230424, -18.20232721995042269 ) ) ;
#2561 = AXIS2_PLACEMENT_3D ( 'NONE', #7208, #6445, #4712 ) ;
#2562 = CARTESIAN_POINT ( 'NONE',  ( -15.70000000000043627, -7.802724347855767739, 0.7885066910734543910 ) ) ;
#2563 = VERTEX_POINT ( 'NONE', #3578 ) ;
#2564 = CARTESIAN_POINT ( 'NONE',  ( -31.84466619930807596, -5.395496171316328748, -17.44643385345202091 ) ) ;
#2565 = CARTESIAN_POINT ( 'NONE',  ( -23.02957627359431925, -23.23074109153717615, -6.220228594850975234 ) ) ;
#2566 = FACE_OUTER_BOUND ( 'NONE', #9358, .T. ) ;
#2567 = DIRECTION ( 'NONE',  ( -0.3328460583149656093, -0.9429811776828795900, -0.000000000000000000 ) ) ;
#2568 = CARTESIAN_POINT ( 'NONE',  ( -15.70000000000044338, -9.981714739563939176, -2.674143170406655834 ) ) ;
#2569 = EDGE_LOOP ( 'NONE', ( #4125, #6097, #114, #3906 ) ) ;
#2570 = AXIS2_PLACEMENT_3D ( 'NONE', #6023, #7623, #4560 ) ;
#2571 = ADVANCED_FACE ( 'NONE', ( #10128 ), #2888, .T. ) ;
#2572 = CARTESIAN_POINT ( 'NONE',  ( -15.70000000000043983, -7.921690559250708752, -0.7366887283239051953 ) ) ;
#2573 = CONICAL_SURFACE ( 'NONE', #8061, 10.50000000000000000, 0.7853981633974447263 ) ;
#2574 = CARTESIAN_POINT ( 'NONE',  ( -23.01842724843653087, -23.28603285615899310, -6.129440611099780334 ) ) ;
#2575 = EDGE_CURVE ( 'NONE', #1900, #8915, #9284, .T. ) ;
#2577 = VERTEX_POINT ( 'NONE', #5297 ) ;
#2576 = CARTESIAN_POINT ( 'NONE',  ( -16.20000000000043983, -7.588739592671687184, -0.6974346157878572594 ) ) ;
#2578 = ADVANCED_FACE ( 'NONE', ( #8448 ), #1999, .T. ) ;
#2579 = CARTESIAN_POINT ( 'NONE',  ( -15.70000000000044338, -9.335365825553143537, 1.004602319906079178 ) ) ;
#2580 = VECTOR ( 'NONE', #8747, 1000.000000000000000 ) ;
#2581 = VECTOR ( 'NONE', #2783, 1000.000000000000114 ) ;
#2582 = ORIENTED_EDGE ( 'NONE', *, *, #2302, .T. ) ;
#2583 = CARTESIAN_POINT ( 'NONE',  ( -29.86610352554655989, -4.627941241451511978, -15.69154424701440043 ) ) ;
#2584 = LINE ( 'NONE', #3270, #9543 ) ;
#2585 = EDGE_LOOP ( 'NONE', ( #8890, #7373, #5179, #6564 ) ) ;
#2586 = CARTESIAN_POINT ( 'NONE',  ( -34.50000000000000000, -6.000000000000042633, -23.00000000000000000 ) ) ;
#2587 = ORIENTED_EDGE ( 'NONE', *, *, #8662, .T. ) ;
#2588 = CARTESIAN_POINT ( 'NONE',  ( -26.37851884748346976, -4.008436263488388107, 21.22839130445863987 ) ) ;
#2589 = ORIENTED_EDGE ( 'NONE', *, *, #6529, .T. ) ;
#2590 = CARTESIAN_POINT ( 'NONE',  ( -17.73414117061781781, -18.83227646810957623, -19.14764724851166733 ) ) ;
#2591 = VECTOR ( 'NONE', #4748, 1000.000000000000000 ) ;
#2592 = DIRECTION ( 'NONE',  ( 1.000000000000000000, 3.469446951953615175E-16, -0.000000000000000000 ) ) ;
#2593 = VERTEX_POINT ( 'NONE', #4564 ) ;
#2594 = CARTESIAN_POINT ( 'NONE',  ( -22.30940922921739045, -24.06252624670102236, -23.00000000000000000 ) ) ;
#2595 = CARTESIAN_POINT ( 'NONE',  ( -25.31333145693570685, -3.738140405639854169, -18.99999999999999289 ) ) ;
#2596 = CARTESIAN_POINT ( 'NONE',  ( -23.65357566028303538, -23.59826225541369027, 6.624138408760170904 ) ) ;
#2597 = DIRECTION ( 'NONE',  ( -0.7071067811865492381, -0.7071067811865457964, 0.000000000000000000 ) ) ;
#2598 = CARTESIAN_POINT ( 'NONE',  ( -31.12082105711135327, -5.211817188811617818, -21.33549991874403773 ) ) ;
#2599 = CARTESIAN_POINT ( 'NONE',  ( -23.47431322384167274, -23.31100454276459288, 6.906670344172730402 ) ) ;
#2600 = DIRECTION ( 'NONE',  ( 0.000000000000000000, 0.000000000000000000, 1.000000000000000000 ) ) ;
#2601 = ORIENTED_EDGE ( 'NONE', *, *, #2314, .T. ) ;
#2602 = DIRECTION ( 'NONE',  ( 1.286213965497902515E-17, -0.7071067811865486830, -0.7071067811865464625 ) ) ;
#2603 = CARTESIAN_POINT ( 'NONE',  ( -16.20000000000043627, -8.798063577315152983, -0.3780156158129427957 ) ) ;
#2604 = LINE ( 'NONE', #7193, #933 ) ;
#2605 = CARTESIAN_POINT ( 'NONE',  ( -15.70000000000044338, -7.939537600427850172, -0.04480299590733692605 ) ) ;
#2606 = CARTESIAN_POINT ( 'NONE',  ( -31.58529524127844823, -5.329684094510230175, -17.11338858343688329 ) ) ;
#2607 = ORIENTED_EDGE ( 'NONE', *, *, #6027, .F. ) ;
#2608 = DIRECTION ( 'NONE',  ( 0.8947212001798816594, 0.3158116321073947685, -0.3158116321073935473 ) ) ;
#2609 = CARTESIAN_POINT ( 'NONE',  ( -32.60158332329182684, -5.437894384777097301, 19.00000000000000000 ) ) ;
#2610 = CARTESIAN_POINT ( 'NONE',  ( -23.82550355473236792, -22.91619395403492376, -7.448739159628861017 ) ) ;
#2611 = CARTESIAN_POINT ( 'NONE',  ( -16.20000000000043983, -7.919889240714610423, -3.333405396806222054 ) ) ;
#2612 = LINE ( 'NONE', #9650, #4689 ) ;
#2613 = DIRECTION ( 'NONE',  ( -0.000000000000000000, -1.000000000000000000, -0.000000000000000000 ) ) ;
#2614 = ORIENTED_EDGE ( 'NONE', *, *, #1919, .F. ) ;
#2615 = LINE ( 'NONE', #8966, #6047 ) ;
#2616 = CARTESIAN_POINT ( 'NONE',  ( -23.13043743363042637, -23.28987968102746464, -6.375922088478161776 ) ) ;
#2617 = DIRECTION ( 'NONE',  ( 3.469446951953615175E-16, -1.000000000000000000, 0.000000000000000000 ) ) ;
#2618 = FACE_OUTER_BOUND ( 'NONE', #298, .T. ) ;
#2619 = CARTESIAN_POINT ( 'NONE',  ( -16.62127846984033397, -18.46512728234546330, -20.37046653345577241 ) ) ;
#2620 = ADVANCED_FACE ( 'NONE', ( #9180 ), #521, .T. ) ;
#2621 = ORIENTED_EDGE ( 'NONE', *, *, #1549, .F. ) ;
#2622 = CARTESIAN_POINT ( 'NONE',  ( -15.70000000000044338, -8.226686217178693639, -0.6927059725639584942 ) ) ;
#2623 = DIRECTION ( 'NONE',  ( -0.000000000000000000, -0.000000000000000000, -1.000000000000000000 ) ) ;
#2625 = VERTEX_POINT ( 'NONE', #3685 ) ;
#2624 = CARTESIAN_POINT ( 'NONE',  ( -16.20000000000044338, -7.118390235841741465, -0.3668021421790762515 ) ) ;
#2626 = CYLINDRICAL_SURFACE ( 'NONE', #3202, 1.799999999999904787 ) ;
#2627 = ADVANCED_FACE ( 'NONE', ( #8494 ), #5980, .F. ) ;
#2628 = ORIENTED_EDGE ( 'NONE', *, *, #4128, .F. ) ;
#2629 = CARTESIAN_POINT ( 'NONE',  ( -16.20000000000043983, -6.919033797933555441, -3.559096049424074870 ) ) ;
#2630 = CARTESIAN_POINT ( 'NONE',  ( -21.68052538924104411, -20.06126400371732643, -4.970562748477149739 ) ) ;
#2631 = EDGE_CURVE ( 'NONE', #256, #6442, #5392, .T. ) ;
#2632 = ORIENTED_EDGE ( 'NONE', *, *, #7773, .F. ) ;
#2633 = ADVANCED_FACE ( 'NONE', ( #9929 ), #8342, .T. ) ;
#2634 = CARTESIAN_POINT ( 'NONE',  ( -16.20000000000044338, -7.044589019802428354, 0.9832427415940419024 ) ) ;
#2635 = VERTEX_POINT ( 'NONE', #4468 ) ;
#2636 = CARTESIAN_POINT ( 'NONE',  ( -4.499999999999995559, -18.41163293905851717, -16.71163293905838287 ) ) ;
#2637 = DIRECTION ( 'NONE',  ( 0.000000000000000000, 0.9379254195245926295, 0.3468370040950315980 ) ) ;
#2638 = ORIENTED_EDGE ( 'NONE', *, *, #3350, .T. ) ;
#2639 = CARTESIAN_POINT ( 'NONE',  ( -17.50380646141447727, -18.64095714301598505, -20.13053067225605375 ) ) ;
#2640 = EDGE_CURVE ( 'NONE', #218, #10135, #7670, .T. ) ;
#2641 = B_SPLINE_CURVE_WITH_KNOTS ( 'NONE', 3,
 ( #4600, #7750, #9370, #3228, #1768, #3287, #7339 ),
 .UNSPECIFIED., .F., .F.,
 ( 4, 1, 1, 1, 4 ),
 ( 0.000000000000000000, 0.2727955500866144356, 0.5261910092278064832, 0.7669044194616166932, 0.9999999999999998890 ),
 .UNSPECIFIED. ) ;
#2642 = VECTOR ( 'NONE', #4269, 1000.000000000000000 ) ;
#2643 = DIRECTION ( 'NONE',  ( 1.000000000000000000, 3.469446951953615175E-16, -0.000000000000000000 ) ) ;
#2644 = DIRECTION ( 'NONE',  ( -0.7071067811865502373, 0.7071067811865449082, -0.000000000000000000 ) ) ;
#2645 = VERTEX_POINT ( 'NONE', #6806 ) ;
#2646 = PLANE ( 'NONE',  #6593 ) ;
#2647 = CARTESIAN_POINT ( 'NONE',  ( -27.60048735112927432, -4.318513038204668142, -21.90939770598817304 ) ) ;
#2648 = CARTESIAN_POINT ( 'NONE',  ( -15.70000000000043983, -7.682800240769650735, -4.869198567709881686 ) ) ;
#2649 = CARTESIAN_POINT ( 'NONE',  ( -26.17567441090393388, -3.956963835019101428, -21.04856212461251630 ) ) ;
#2650 = DIRECTION ( 'NONE',  ( 0.000000000000000000, 0.000000000000000000, 1.000000000000000000 ) ) ;
#2651 = CARTESIAN_POINT ( 'NONE',  ( -31.58526608892605481, -5.329676412686664477, 17.11335461759950505 ) ) ;
#2652 = VERTEX_POINT ( 'NONE', #2155 ) ;
#2653 = CARTESIAN_POINT ( 'NONE',  ( -15.42617520908080309, -17.51839613511400984, -17.23379092081145458 ) ) ;
#2654 = CARTESIAN_POINT ( 'NONE',  ( -16.20000000000044338, -9.474536338437768990, 0.3167158695976008409 ) ) ;
#2655 = DIRECTION ( 'NONE',  ( -0.7071067811865943131, -0.7071067811865008323, 0.000000000000000000 ) ) ;
#2656 = FACE_OUTER_BOUND ( 'NONE', #5057, .T. ) ;
#2657 = CARTESIAN_POINT ( 'NONE',  ( -28.98403811779089523, -4.669599021976615028, -15.90383786554630596 ) ) ;
#2658 = ORIENTED_EDGE ( 'NONE', *, *, #3292, .T. ) ;
#2659 = DIRECTION ( 'NONE',  ( -0.7071067811864567565, 0.7071067811866382780, 0.000000000000000000 ) ) ;
#2660 = CARTESIAN_POINT ( 'NONE',  ( -14.89103086060253922, -17.09446884475540074, 17.52049652349225894 ) ) ;
#2661 = CARTESIAN_POINT ( 'NONE',  ( -23.63970187849691840, -23.22682404138150858, -7.161955309305683137 ) ) ;
#2662 = VECTOR ( 'NONE', #962, 1000.000000000000000 ) ;
#2663 = CARTESIAN_POINT ( 'NONE',  ( -15.97912909640699830, -17.95643142756748745, 20.76493419896839399 ) ) ;
#2664 = CARTESIAN_POINT ( 'NONE',  ( -15.79308817027106748, -17.80905477741826815, -17.20000000000009521 ) ) ;
#2665 = CARTESIAN_POINT ( 'NONE',  ( -16.20000000000043983, -7.666587019310798112, -3.425193009018104640 ) ) ;
#2666 = ORIENTED_EDGE ( 'NONE', *, *, #4364, .T. ) ;
#2667 = CARTESIAN_POINT ( 'NONE',  ( -15.93075108559001407, -13.13894922151707867, 23.00000000000000000 ) ) ;
#2668 = CARTESIAN_POINT ( 'NONE',  ( -3.335038795898049635, -18.00043412189036829, 16.50000000000000711 ) ) ;
#2669 = FACE_OUTER_BOUND ( 'NONE', #9109, .T. ) ;
#2670 = CARTESIAN_POINT ( 'NONE',  ( -10.22461150894131521, -21.70000000000013429, 20.64099003489796047 ) ) ;
#2671 = CARTESIAN_POINT ( 'NONE',  ( -15.70000000000043983, -9.014403707535935339, -3.463223233939066947 ) ) ;
#2672 = EDGE_LOOP ( 'NONE', ( #7297, #2234, #7869, #8151 ) ) ;
#2673 = CARTESIAN_POINT ( 'NONE',  ( -16.56654700062320273, -18.42176818576414377, 20.43119336007807263 ) ) ;
#2675 = EDGE_LOOP ( 'NONE', ( #1219, #8927, #2002, #8589 ) ) ;
#2674 = DIRECTION ( 'NONE',  ( 1.060575238724909010E-16, -0.4999999999999969469, 0.8660254037844403729 ) ) ;
#2676 = EDGE_CURVE ( 'NONE', #4265, #9933, #9334, .T. ) ;
#2677 = CARTESIAN_POINT ( 'NONE',  ( -32.48301878866097070, -5.402788398035632156, -19.88089582238713149 ) ) ;
#2678 = CARTESIAN_POINT ( 'NONE',  ( -15.70000000000043983, -8.557471109539596554, -4.694328526903809085 ) ) ;
#2679 = FACE_OUTER_BOUND ( 'NONE', #9481, .T. ) ;
#2680 = ORIENTED_EDGE ( 'NONE', *, *, #941, .T. ) ;
#2681 = VECTOR ( 'NONE', #7200, 1000.000000000000114 ) ;
#2682 = CARTESIAN_POINT ( 'NONE',  ( -29.13714921378207023, -4.412103845525189527, 15.60256912800725182 ) ) ;
#2683 = VECTOR ( 'NONE', #8041, 1000.000000000000000 ) ;
#2684 = ORIENTED_EDGE ( 'NONE', *, *, #5760, .T. ) ;
#2685 = EDGE_CURVE ( 'NONE', #5206, #2652, #3635, .T. ) ;
#2687 = LINE ( 'NONE', #9887, #1705 ) ;
#2686 = DIRECTION ( 'NONE',  ( -0.7071067811865452413, -0.7071067811865497932, 0.000000000000000000 ) ) ;
#2688 = DIRECTION ( 'NONE',  ( -1.000000000000000000, 0.000000000000000000, 0.000000000000000000 ) ) ;
#2689 = VERTEX_POINT ( 'NONE', #7575 ) ;
#2690 = CARTESIAN_POINT ( 'NONE',  ( -14.24866261705345494, -15.93718780864300122, -18.85235275148831846 ) ) ;
#2691 = EDGE_CURVE ( 'NONE', #9291, #3278, #6522, .T. ) ;
#2692 = EDGE_CURVE ( 'NONE', #4987, #8284, #3553, .T. ) ;
#2693 = VECTOR ( 'NONE', #7896, 1000.000000000000000 ) ;
#2694 = DIRECTION ( 'NONE',  ( -0.6389492215179006784, -0.7692489144104583954, 0.000000000000000000 ) ) ;
#2695 = CARTESIAN_POINT ( 'NONE',  ( -15.70000000000043627, -9.364960579833843113, -3.948941587078698134 ) ) ;
#2696 = ORIENTED_EDGE ( 'NONE', *, *, #10083, .T. ) ;
#2697 = CARTESIAN_POINT ( 'NONE',  ( -16.20000000000043983, -8.784289032372960548, -4.537774599515476126 ) ) ;
#2698 = VECTOR ( 'NONE', #1497, 1000.000000000000000 ) ;
#2699 = EDGE_CURVE ( 'NONE', #2273, #1638, #6183, .T. ) ;
#2700 = CARTESIAN_POINT ( 'NONE',  ( -29.69280231796592773, -4.849454663832791113, -21.99970419181078540 ) ) ;
#2701 = VECTOR ( 'NONE', #7452, 1000.000000000000000 ) ;
#2702 = DIRECTION ( 'NONE',  ( -3.469446951953615175E-16, 1.000000000000000000, 0.000000000000000000 ) ) ;
#2703 = ADVANCED_FACE ( 'NONE', ( #2055 ), #7321, .T. ) ;
#2704 = CARTESIAN_POINT ( 'NONE',  ( -15.70000000000044693, -7.492321121360797420, 1.401076094599630784 ) ) ;
#2705 = CARTESIAN_POINT ( 'NONE',  ( -13.00000000000000711, -15.20000000000003482, -22.50000000000000000 ) ) ;
#2706 = VECTOR ( 'NONE', #7202, 1000.000000000000000 ) ;
#2707 = CARTESIAN_POINT ( 'NONE',  ( -32.21665268847702635, -5.489886673421691121, 18.19037199413187267 ) ) ;
#2708 = ORIENTED_EDGE ( 'NONE', *, *, #1919, .T. ) ;
#2709 = CARTESIAN_POINT ( 'NONE',  ( -16.41439691648427157, -18.30124213771122399, -17.44303654908292600 ) ) ;
#2710 = VECTOR ( 'NONE', #4634, 1000.000000000000000 ) ;
#2711 = PLANE ( 'NONE',  #9389 ) ;
#2712 = CARTESIAN_POINT ( 'NONE',  ( -16.20000000000044338, -7.775883497587326332, -0.02180839233190947496 ) ) ;
#2713 = ORIENTED_EDGE ( 'NONE', *, *, #33, .F. ) ;
#2714 = DIRECTION ( 'NONE',  ( -0.000000000000000000, -1.000000000000000000, -0.000000000000000000 ) ) ;
#2715 = VECTOR ( 'NONE', #10195, 1000.000000000000000 ) ;
#2716 = CARTESIAN_POINT ( 'NONE',  ( -10.40885045885109328, -20.49729236784272146, -18.79729236784258717 ) ) ;
#2717 = CARTESIAN_POINT ( 'NONE',  ( -24.11754798141023315, -22.33862070490335228, -7.088110729887378447 ) ) ;
#2718 = CARTESIAN_POINT ( 'NONE',  ( -16.28306540817738224, -18.19720249416325686, 20.64154855904243391 ) ) ;
#2719 = CARTESIAN_POINT ( 'NONE',  ( -5.253805922287420493, -13.94619407771261699, 23.00000000000000000 ) ) ;
#2720 = LINE ( 'NONE', #9918, #8512 ) ;
#2721 = ORIENTED_EDGE ( 'NONE', *, *, #2901, .F. ) ;
#2722 = LINE ( 'NONE', #1230, #61 ) ;
#2723 = CIRCLE ( 'NONE', #2549, 10.50000000000000000 ) ;
#2724 = CARTESIAN_POINT ( 'NONE',  ( -15.70000000000043627, -10.44090382043026288, -2.543351461567653793 ) ) ;
#2725 = FACE_OUTER_BOUND ( 'NONE', #5202, .T. ) ;
#2726 = LINE ( 'NONE', #8969, #3431 ) ;
#2727 = DIRECTION ( 'NONE',  ( -0.000000000000000000, -0.000000000000000000, -1.000000000000000000 ) ) ;
#2728 = ORIENTED_EDGE ( 'NONE', *, *, #4442, .T. ) ;
#2729 = CARTESIAN_POINT ( 'NONE',  ( -32.57768753982544752, -5.430819039184425989, 19.44471594330206088 ) ) ;
#2730 = CARTESIAN_POINT ( 'NONE',  ( -0.9999999999999970024, -12.79893898089672000, 16.50000000000001421 ) ) ;
#2731 = VECTOR ( 'NONE', #5250, 1000.000000000000000 ) ;
#2733 = ORIENTED_EDGE ( 'NONE', *, *, #10023, .T. ) ;
#2732 = CARTESIAN_POINT ( 'NONE',  ( -16.20000000000044338, -7.505149625707762340, -3.800089161814578897 ) ) ;
#2734 = CARTESIAN_POINT ( 'NONE',  ( -27.03672565967021768, -3.790185649905445153, -16.05160144306329073 ) ) ;
#2735 = AXIS2_PLACEMENT_3D ( 'NONE', #5942, #4329, #9045 ) ;
#2736 = ORIENTED_EDGE ( 'NONE', *, *, #6828, .F. ) ;
#2737 = PLANE ( 'NONE',  #3767 ) ;
#2738 = CARTESIAN_POINT ( 'NONE',  ( -14.32696473015855432, -16.64761678861949079, -19.46408229552890745 ) ) ;
#2739 = ORIENTED_EDGE ( 'NONE', *, *, #1417, .F. ) ;
#2740 = CARTESIAN_POINT ( 'NONE',  ( -32.11162760509515124, -5.292822513154850306, 17.29737626194150479 ) ) ;
#2741 = ORIENTED_EDGE ( 'NONE', *, *, #8420, .F. ) ;
#2743 = CARTESIAN_POINT ( 'NONE',  ( -34.00000000000000000, -8.500000000000035527, 0.000000000000000000 ) ) ;
#2742 = CARTESIAN_POINT ( 'NONE',  ( -34.50000000000000000, -6.000000000000042633, 22.49999999999999289 ) ) ;
#2744 = CARTESIAN_POINT ( 'NONE',  ( -26.54671900688206776, -4.051114252657557202, 21.36355598065822292 ) ) ;
#2745 = VECTOR ( 'NONE', #10004, 1000.000000000000114 ) ;
#2746 = EDGE_LOOP ( 'NONE', ( #42, #580, #1863, #183 ) ) ;
#2747 = CARTESIAN_POINT ( 'NONE',  ( -14.42497063448857908, -16.08363178584879449, -19.99969279403401856 ) ) ;
#2748 = VECTOR ( 'NONE', #1537, 1000.000000000000000 ) ;
#2749 = PLANE ( 'NONE',  #756 ) ;
#2750 = CARTESIAN_POINT ( 'NONE',  ( -17.51456247439381642, -18.64989124222761063, -17.86527010136215665 ) ) ;
#2751 = ORIENTED_EDGE ( 'NONE', *, *, #4986, .F. ) ;
#2752 = VECTOR ( 'NONE', #5158, 1000.000000000000000 ) ;
#2753 = CARTESIAN_POINT ( 'NONE',  ( -23.33172798364586598, -22.83172798364415357, 22.80000000000000071 ) ) ;
#2754 = EDGE_CURVE ( 'NONE', #2840, #10247, #10275, .T. ) ;
#2755 = AXIS2_PLACEMENT_3D ( 'NONE', #9494, #4622, #668 ) ;
#2756 = CARTESIAN_POINT ( 'NONE',  ( -29.73361443124717240, -4.859810528486853798, -21.99009924508981229 ) ) ;
#2757 = CARTESIAN_POINT ( 'NONE',  ( -36.90000000000000568, -2.000000000000030198, 0.000000000000000000 ) ) ;
#2758 = AXIS2_PLACEMENT_3D ( 'NONE', #8609, #3264, #3111 ) ;
#2759 = CARTESIAN_POINT ( 'NONE',  ( -23.72836448099780426, -23.13986841597034783, 7.298809589766560357 ) ) ;
#2760 = CARTESIAN_POINT ( 'NONE',  ( -31.36337851230923945, -5.273368972010810118, 16.88134743302427765 ) ) ;
#2761 = EDGE_CURVE ( 'NONE', #2381, #7278, #8642, .T. ) ;
#2762 = CARTESIAN_POINT ( 'NONE',  ( -14.49284351478746125, -16.77903592280208400, -18.04979475513673748 ) ) ;
#2763 = CARTESIAN_POINT ( 'NONE',  ( -16.20000000000043983, -9.519325745999388744, 0.3643429300444248065 ) ) ;
#2764 = ORIENTED_EDGE ( 'NONE', *, *, #3732, .T. ) ;
#2765 = B_SPLINE_CURVE_WITH_KNOTS ( 'NONE', 3,
 ( #7209, #1790, #8088, #92, #5648, #7929, #3256, #4873, #2512, #3310, #7264, #3419, #4105, #8706, #150, #8760, #5705, #7313, #5761, #8812, #4978 ),
 .UNSPECIFIED., .F., .F.,
 ( 4, 1, 1, 1, 1, 1, 1, 1, 1, 1, 1, 1, 1, 1, 1, 1, 1, 1, 4 ),
 ( 0.000000000000000000, 0.03697531392137456963, 0.07919255229670577045, 0.1267009440549548283, 0.1791840785794688862, 0.2373686428140497906, 0.3005585397445009743, 0.3691531357212948228, 0.4431123780003068946, 0.5160183892506153835, 0.5824731789612760391, 0.6421368079450542332, 0.6946199424695685964, 0.7406794327797177058, 0.7795890342775176896, 0.8120737912440667561, 0.8378140957748625439, 0.9225648809653531623, 1.000000000000000000 ),
 .UNSPECIFIED. ) ;
#2766 = DIRECTION ( 'NONE',  ( -0.7071067811865474617, -0.7071067811865474617, 0.000000000000000000 ) ) ;
#2767 = DIRECTION ( 'NONE',  ( 3.469446951953615175E-16, -1.000000000000000000, 0.000000000000000000 ) ) ;
#2768 = EDGE_CURVE ( 'NONE', #2047, #6367, #1767, .T. ) ;
#2769 = ORIENTED_EDGE ( 'NONE', *, *, #8095, .T. ) ;
#2770 = CARTESIAN_POINT ( 'NONE',  ( -26.02978890764685005, -3.919944727977611176, 20.89096929817353399 ) ) ;
#2771 = ADVANCED_FACE ( 'NONE', ( #10174, #8753 ), #7968, .T. ) ;
#2772 = CARTESIAN_POINT ( 'NONE',  ( -45.10080138151387530, -12.00000000000003553, 7.682591274314916063 ) ) ;
#2773 = CARTESIAN_POINT ( 'NONE',  ( -15.70000000000043983, -9.163291940019410831, -4.169130202438667609 ) ) ;
#2774 = DIRECTION ( 'NONE',  ( 0.000000000000000000, -0.7071067811865500152, -0.7071067811865451302 ) ) ;
#2775 = FACE_OUTER_BOUND ( 'NONE', #8965, .T. ) ;
#2776 = CARTESIAN_POINT ( 'NONE',  ( -16.04498091707564100, -19.93613740112780519, -19.00000000000000000 ) ) ;
#2777 = CARTESIAN_POINT ( 'NONE',  ( -16.20000000000044338, -7.507793964305823131, -3.676566919541011558 ) ) ;
#2778 = ORIENTED_EDGE ( 'NONE', *, *, #4484, .F. ) ;
#2779 = CYLINDRICAL_SURFACE ( 'NONE', #4378, 1.799999999999904787 ) ;
#2780 = ORIENTED_EDGE ( 'NONE', *, *, #2060, .F. ) ;
#2781 = CARTESIAN_POINT ( 'NONE',  ( -16.20000000000044338, -7.118390235841737912, -4.515624633164652124 ) ) ;
#2782 = DIRECTION ( 'NONE',  ( -0.3910492696910775057, -0.8331632117107370394, 0.3910492696910767840 ) ) ;
#2783 = DIRECTION ( 'NONE',  ( 0.7071067811865474617, 0.7071067811865474617, 0.000000000000000000 ) ) ;
#2784 = CARTESIAN_POINT ( 'NONE',  ( -10.87143221835817997, -20.66057082869027539, 17.64555472256233770 ) ) ;
#2785 = ORIENTED_EDGE ( 'NONE', *, *, #7157, .F. ) ;
#2786 = DIRECTION ( 'NONE',  ( 1.000000000000000000, 0.000000000000000000, -0.000000000000000000 ) ) ;
#2788 = ORIENTED_EDGE ( 'NONE', *, *, #5457, .T. ) ;
#2787 = CARTESIAN_POINT ( 'NONE',  ( -14.47899732625679903, -16.12850713373659772, -20.13053067225605375 ) ) ;
#2789 = CARTESIAN_POINT ( 'NONE',  ( -27.93334329227909762, -4.055666780671352889, -22.28876940430920328 ) ) ;
#2790 = CARTESIAN_POINT ( 'NONE',  ( -15.70000000000043627, -8.184834602055778063, -4.163077456710102098 ) ) ;
#2791 = LINE ( 'NONE', #7529, #6400 ) ;
#2792 = ORIENTED_EDGE ( 'NONE', *, *, #4256, .T. ) ;
#2793 = FACE_OUTER_BOUND ( 'NONE', #7169, .T. ) ;
#2794 = VERTEX_POINT ( 'NONE', #6232 ) ;
#2796 = CARTESIAN_POINT ( 'NONE',  ( -15.11478341165216044, -16.65660020829946575, 20.97163975696791027 ) ) ;
#2795 = CARTESIAN_POINT ( 'NONE',  ( -22.77266095476933927, -19.66684851830845204, 4.792060609715984576 ) ) ;
#2797 = CARTESIAN_POINT ( 'NONE',  ( -25.31333263782487464, -3.738139224750681944, 19.20251233494829179 ) ) ;
#2798 = ORIENTED_EDGE ( 'NONE', *, *, #8994, .T. ) ;
#2799 = CARTESIAN_POINT ( 'NONE',  ( -17.30435913232909684, -18.47529332046699935, -20.49073943261361563 ) ) ;
#2800 = CARTESIAN_POINT ( 'NONE',  ( 1.467273577287991015, -11.76621255818470679, 20.42776929050837609 ) ) ;
#2801 = PLANE ( 'NONE',  #10042 ) ;
#2802 = ORIENTED_EDGE ( 'NONE', *, *, #7415, .T. ) ;
#2803 = CARTESIAN_POINT ( 'NONE',  ( -16.20000000000043983, -9.808529584835024906, -4.886390933827458483 ) ) ;
#2804 = CARTESIAN_POINT ( 'NONE',  ( -29.44787326422168761, -4.787300176616338554, -22.04803605644703524 ) ) ;
#2805 = CARTESIAN_POINT ( 'NONE',  ( -15.70000000000043983, -7.303320638129067177, -2.857064813181771079 ) ) ;
#2806 = CARTESIAN_POINT ( 'NONE',  ( -12.79893898089554938, -0.9999999999996799227, -22.50000000000000711 ) ) ;
#2807 = EDGE_CURVE ( 'NONE', #1756, #2625, #8326, .T. ) ;
#2808 = LINE ( 'NONE', #6002, #3720 ) ;
#2809 = CARTESIAN_POINT ( 'NONE',  ( -15.91638114449957264, -17.90672411347908621, -17.21924871103989929 ) ) ;
#2810 = CARTESIAN_POINT ( 'NONE',  ( -15.70000000000044338, -7.986455161460803254, 0.8250908901251585714 ) ) ;
#2811 = EDGE_LOOP ( 'NONE', ( #1281, #9676, #4814, #7638 ) ) ;
#2812 = CARTESIAN_POINT ( 'NONE',  ( -15.37322947494847902, -22.09281308374683306, 23.00000000000000000 ) ) ;
#2813 = CARTESIAN_POINT ( 'NONE',  ( -12.79893898089554938, -0.9999999999996799227, 22.50000000000000000 ) ) ;
#2814 = ORIENTED_EDGE ( 'NONE', *, *, #7596, .F. ) ;
#2815 = CARTESIAN_POINT ( 'NONE',  ( -32.12823292504249650, -5.467452512001335307, 19.99886749270904573 ) ) ;
#2816 = CARTESIAN_POINT ( 'NONE',  ( -14.45780615572659755, -16.75127867839738371, 18.12688505280143048 ) ) ;
#2817 = CARTESIAN_POINT ( 'NONE',  ( -16.20000000000043983, -8.784289032372960548, -4.537774599515476126 ) ) ;
#2818 = CARTESIAN_POINT ( 'NONE',  ( -13.63894922151784073, -15.43075108558954867, -22.50000000000000000 ) ) ;
#2819 = CARTESIAN_POINT ( 'NONE',  ( -16.76931709072826138, -18.58239869253554488, 20.18533314551849500 ) ) ;
#2820 = EDGE_CURVE ( 'NONE', #2381, #9127, #2400, .T. ) ;
#2821 = CARTESIAN_POINT ( 'NONE',  ( -16.78744303732156951, -20.67859952137373369, -16.00000000000000000 ) ) ;
#2822 = CARTESIAN_POINT ( 'NONE',  ( -16.20000000000044338, -8.336604908523492341, -4.803799551963891190 ) ) ;
#2823 = PLANE ( 'NONE',  #9523 ) ;
#2824 = VERTEX_POINT ( 'NONE', #3141 ) ;
#2825 = ADVANCED_FACE ( 'NONE', ( #1574 ), #813, .T. ) ;
#2826 = ADVANCED_FACE ( 'NONE', ( #9437 ), #9473, .T. ) ;
#2827 = PLANE ( 'NONE',  #2196 ) ;
#2828 = ORIENTED_EDGE ( 'NONE', *, *, #3025, .T. ) ;
#2829 = CARTESIAN_POINT ( 'NONE',  ( -15.70000000000044338, -9.734325611388179311, -2.816306978886533585 ) ) ;
#2830 = CARTESIAN_POINT ( 'NONE',  ( -15.69999999999932250, -3.999999999999281908, 22.50000000000000000 ) ) ;
#2831 = PLANE ( 'NONE',  #1270 ) ;
#2832 = DIRECTION ( 'NONE',  ( 0.000000000000000000, 0.000000000000000000, -1.000000000000000000 ) ) ;
#2833 = ORIENTED_EDGE ( 'NONE', *, *, #10023, .F. ) ;
#2834 = VECTOR ( 'NONE', #7921, 1000.000000000000000 ) ;
#2835 = CARTESIAN_POINT ( 'NONE',  ( -23.33172798364586242, -22.83172798364415712, 22.50000000000000000 ) ) ;
#2836 = EDGE_CURVE ( 'NONE', #4608, #9087, #7199, .T. ) ;
#2837 = CARTESIAN_POINT ( 'NONE',  ( -17.14305017624782934, -18.34130777953066627, -20.69954417390184176 ) ) ;
#2838 = ADVANCED_FACE ( 'NONE', ( #8595 ), #5442, .F. ) ;
#2839 = CARTESIAN_POINT ( 'NONE',  ( -25.18745909526082727, -3.242632980013721244, -18.77763742593378993 ) ) ;
#2840 = VERTEX_POINT ( 'NONE', #709 ) ;
#2841 = DIRECTION ( 'NONE',  ( -0.7071067811865475727, 0.7071067811865475727, 0.000000000000000000 ) ) ;
#2842 = CARTESIAN_POINT ( 'NONE',  ( -16.20000000000043983, -9.578039446446936722, 3.434303061982507455 ) ) ;
#2843 = ORIENTED_EDGE ( 'NONE', *, *, #6916, .F. ) ;
#2844 = CARTESIAN_POINT ( 'NONE',  ( -17.67840240365596927, -18.78597904592091794, 18.41509111858084324 ) ) ;
#2845 = ORIENTED_EDGE ( 'NONE', *, *, #4369, .F. ) ;
#2847 = CARTESIAN_POINT ( 'NONE',  ( -15.70000000000043627, -7.752223120512271137, -3.379186880525870240 ) ) ;
#2846 = CARTESIAN_POINT ( 'NONE',  ( -22.30940922921737979, -24.06252624670103657, 23.00000000000000000 ) ) ;
#2848 = LINE ( 'NONE', #2166, #9076 ) ;
#2849 = ORIENTED_EDGE ( 'NONE', *, *, #1255, .T. ) ;
#2850 = CARTESIAN_POINT ( 'NONE',  ( -17.07508411944874993, -18.82461769645386696, -19.46670926938992352 ) ) ;
#2851 = AXIS2_PLACEMENT_3D ( 'NONE', #779, #2363, #7012 ) ;
#2852 = DIRECTION ( 'NONE',  ( 0.000000000000000000, 0.000000000000000000, 1.000000000000000000 ) ) ;
#2853 = CARTESIAN_POINT ( 'NONE',  ( -16.59463374454154305, -0.7898603272461111047, -15.41227228665714755 ) ) ;
#2854 = ORIENTED_EDGE ( 'NONE', *, *, #7466, .T. ) ;
#2855 = VECTOR ( 'NONE', #4903, 1000.000000000000000 ) ;
#2856 = FACE_OUTER_BOUND ( 'NONE', #2585, .T. ) ;
#2857 = ORIENTED_EDGE ( 'NONE', *, *, #3734, .F. ) ;
#2858 = CARTESIAN_POINT ( 'NONE',  ( -30.28261113402697902, -4.999120762582291988, -21.81251805706812519 ) ) ;
#2859 = CARTESIAN_POINT ( 'NONE',  ( -15.70000000000043983, -8.971562269813281532, 0.6410506973918653761 ) ) ;
#2860 = CARTESIAN_POINT ( 'NONE',  ( -15.70000000000044338, -7.413460869489649774, -4.772367291226591313 ) ) ;
#2861 = AXIS2_PLACEMENT_3D ( 'NONE', #6869, #7013, #10188 ) ;
#2862 = CARTESIAN_POINT ( 'NONE',  ( -16.20000000000043983, -10.49999999999928768, 3.076323065798509226 ) ) ;
#2863 = DIRECTION ( 'NONE',  ( 0.000000000000000000, 0.000000000000000000, -1.000000000000000000 ) ) ;
#2864 = CARTESIAN_POINT ( 'NONE',  ( -15.25842614217425997, -17.38550417742213483, -17.28899172218565283 ) ) ;
#2865 = VERTEX_POINT ( 'NONE', #7051 ) ;
#2866 = AXIS2_PLACEMENT_3D ( 'NONE', #2046, #8185, #7463 ) ;
#2867 = FACE_OUTER_BOUND ( 'NONE', #4666, .T. ) ;
#2868 = CARTESIAN_POINT ( 'NONE',  ( -25.49192344381926745, -3.783458931001130843, 19.99886749270905284 ) ) ;
#2869 = DIRECTION ( 'NONE',  ( -0.7071067811865474617, -0.7071067811865474617, 0.000000000000000000 ) ) ;
#2870 = LINE ( 'NONE', #6640, #8026 ) ;
#2871 = PLANE ( 'NONE',  #4831 ) ;
#2872 = CARTESIAN_POINT ( 'NONE',  ( -23.03077499953565876, -23.42539368677809719, -6.001337748012807616 ) ) ;
#2873 = CARTESIAN_POINT ( 'NONE',  ( -16.93095072933261136, -18.71044026780201008, 19.89887718085845236 ) ) ;
#2874 =( BOUNDED_CURVE ( )  B_SPLINE_CURVE ( 3, ( #5055, #1103, #6721, #8264 ),
 .UNSPECIFIED., .F., .T. ) 
 B_SPLINE_CURVE_WITH_KNOTS ( ( 4, 4 ),
 ( 0.1219771334282378078, 0.5058190330905069088 ),
 .UNSPECIFIED. ) 
 CURVE ( )  GEOMETRIC_REPRESENTATION_ITEM ( )  RATIONAL_B_SPLINE_CURVE ( ( 1.000000000000000000, 0.9877597567046836335, 0.9877597567046836335, 1.000000000000000000 ) ) 
 REPRESENTATION_ITEM ( '' )  );
#2875 = DIRECTION ( 'NONE',  ( -0.000000000000000000, -0.000000000000000000, -1.000000000000000000 ) ) ;
#2876 = CARTESIAN_POINT ( 'NONE',  ( -16.20000000000043983, -8.784289032372960548, -4.537774599515476126 ) ) ;
#2877 = VECTOR ( 'NONE', #7148, 1000.000000000000114 ) ;
#2878 = DIRECTION ( 'NONE',  ( 0.000000000000000000, -1.000000000000000000, 0.000000000000000000 ) ) ;
#2879 = EDGE_LOOP ( 'NONE', ( #3572, #8019, #8814, #6679 ) ) ;
#2880 = DIRECTION ( 'NONE',  ( -0.7071067811865502373, 0.7071067811865449082, 0.000000000000000000 ) ) ;
#2881 = ORIENTED_EDGE ( 'NONE', *, *, #3805, .T. ) ;
#2882 = CARTESIAN_POINT ( 'NONE',  ( -16.20000000000043983, -7.255515437167127324, -4.661518527979255033 ) ) ;
#2883 = LINE ( 'NONE', #7517, #3915 ) ;
#2884 = EDGE_CURVE ( 'NONE', #7217, #3677, #10229, .T. ) ;
#2885 = LINE ( 'NONE', #8591, #6708 ) ;
#2886 = DIRECTION ( 'NONE',  ( 0.6172982111373501724, -0.7867292536359808963, 0.000000000000000000 ) ) ;
#2887 = ORIENTED_EDGE ( 'NONE', *, *, #10209, .F. ) ;
#2888 = PLANE ( 'NONE',  #9648 ) ;
#2889 = ADVANCED_FACE ( 'NONE', ( #1831 ), #2557, .T. ) ;
#2890 = B_SPLINE_CURVE_WITH_KNOTS ( 'NONE', 1,
 ( #8294, #5190 ),
 .UNSPECIFIED., .F., .F.,
 ( 2, 2 ),
 ( 0.000000000000000000, 1.000000000000000000 ),
 .UNSPECIFIED. ) ;
#2891 = CARTESIAN_POINT ( 'NONE',  ( -17.50380646141447727, -18.64095714301598505, -20.13053067225605375 ) ) ;
#2892 = AXIS2_PLACEMENT_3D ( 'NONE', #9463, #10150, #9309 ) ;
#2893 = CARTESIAN_POINT ( 'NONE',  ( -15.70000000000043983, -6.904353841145121073, 5.116881072215547555 ) ) ;
#2894 = VERTEX_POINT ( 'NONE', #1072 ) ;
#2895 = EDGE_CURVE ( 'NONE', #6497, #1978, #1729, .T. ) ;
#2896 = LINE ( 'NONE', #6091, #1923 ) ;
#2897 = DIRECTION ( 'NONE',  ( 1.000000000000000000, 0.000000000000000000, 0.000000000000000000 ) ) ;
#2898 = ORIENTED_EDGE ( 'NONE', *, *, #6703, .F. ) ;
#2899 = VECTOR ( 'NONE', #8453, 1000.000000000000227 ) ;
#2900 = FACE_OUTER_BOUND ( 'NONE', #7361, .T. ) ;
#2901 = EDGE_CURVE ( 'NONE', #7632, #94, #142, .T. ) ;
#2902 = EDGE_CURVE ( 'NONE', #3114, #7989, #302, .T. ) ;
#2903 = ORIENTED_EDGE ( 'NONE', *, *, #5818, .F. ) ;
#2905 = CARTESIAN_POINT ( 'NONE',  ( -15.70000000000043983, -7.666587019310798112, -3.425193009018104640 ) ) ;
#2904 = CARTESIAN_POINT ( 'NONE',  ( -30.76014874558407897, -4.892660701943038148, 16.03093856413946838 ) ) ;
#2906 = DIRECTION ( 'NONE',  ( 0.7692489144105419951, 0.6389492215177999812, 0.000000000000000000 ) ) ;
#2907 = ORIENTED_EDGE ( 'NONE', *, *, #7541, .T. ) ;
#2908 = CARTESIAN_POINT ( 'NONE',  ( -14.83369972602802989, -17.04905289944865743, -17.56880663992192737 ) ) ;
#2909 = B_SPLINE_CURVE_WITH_KNOTS ( 'NONE', 3,
 ( #6578, #4233, #1113, #6778, #1057, #1974, #4335, #7396, #5842, #1011, #291, #4287, #9798, #6677, #3607, #9951, #336, #1772, #3500, #3450, #5162, #6730, #3395, #9750, #5064, #2599, #5792, #8950, #1821, #9000, #1874, #9900, #6631, #2759, #7496, #5950, #9850 ),
 .UNSPECIFIED., .F., .F.,
 ( 4, 2, 2, 1, 2, 2, 2, 2, 2, 2, 2, 2, 2, 2, 2, 2, 2, 2, 4 ),
 ( 0.000000000000000000, 0.04785156249912263238, 0.07177734374868352529, 0.09570312499824443209, 0.1196289062478053528, 0.1435546874973662457, 0.1674804687469271802, 0.1914062499964880593, 0.2153320312460489938, 0.2392578124956099006, 0.2871093749947296048, 0.3110351562442890683, 0.3229980468690700213, 0.3349609374938509743, 0.3828124999929682915, 0.4306640624920856641, 0.4785156249912030368, 0.5742187499894400027, 0.7656249999859153776 ),
 .UNSPECIFIED. ) ;
#2910 = AXIS2_PLACEMENT_3D ( 'NONE', #4928, #1840, #4155 ) ;
#2911 = CARTESIAN_POINT ( 'NONE',  ( -15.70000000000043627, -9.808529584835024906, 0.5985540781265616950 ) ) ;
#2912 = CARTESIAN_POINT ( 'NONE',  ( -17.38425789925304699, -18.54165838640331287, -17.61258399131119745 ) ) ;
#2913 = ORIENTED_EDGE ( 'NONE', *, *, #9781, .F. ) ;
#2914 = DIRECTION ( 'NONE',  ( 0.000000000000000000, 0.000000000000000000, 1.000000000000000000 ) ) ;
#2915 = ORIENTED_EDGE ( 'NONE', *, *, #430, .F. ) ;
#2916 = CARTESIAN_POINT ( 'NONE',  ( -30.20285731485900627, -4.978879585880013892, -21.84396480505570892 ) ) ;
#2917 = CARTESIAN_POINT ( 'NONE',  ( -31.74888361587054675, -5.371191211312484448, 20.68065000030278711 ) ) ;
#2918 = VECTOR ( 'NONE', #7859, 1000.000000000000114 ) ;
#2919 = PLANE ( 'NONE',  #5719 ) ;
#2920 = LINE ( 'NONE', #2025, #9685 ) ;
#2921 = VECTOR ( 'NONE', #5469, 1000.000000000000000 ) ;
#2922 = CARTESIAN_POINT ( 'NONE',  ( -21.76434591536393270, -22.37347945943190552, -4.734908663841082443 ) ) ;
#2923 = ORIENTED_EDGE ( 'NONE', *, *, #560, .F. ) ;
#2924 = CIRCLE ( 'NONE', #287, 1.799999999999904343 ) ;
#2925 = DIRECTION ( 'NONE',  ( -0.7071067811865457964, 0.7071067811865492381, 0.000000000000000000 ) ) ;
#2926 = CARTESIAN_POINT ( 'NONE',  ( -18.50043412188942682, -2.835038795896987818, -15.00000000000000000 ) ) ;
#2927 = CARTESIAN_POINT ( 'NONE',  ( -26.17567441090392322, -3.956963835019105868, 16.95143787538748725 ) ) ;
#2928 = CARTESIAN_POINT ( 'NONE',  ( -24.13371083836250008, -23.30708397160641354, -7.104273586839646271 ) ) ;
#2929 = CARTESIAN_POINT ( 'NONE',  ( -15.70000000000043627, -7.848345631204846740, -0.7369007211100082610 ) ) ;
#2930 = VECTOR ( 'NONE', #6714, 1000.000000000000227 ) ;
#2931 = CARTESIAN_POINT ( 'NONE',  ( -14.27973420892396383, -16.61021528473661490, 19.23251143987549838 ) ) ;
#2932 = CARTESIAN_POINT ( 'NONE',  ( -12.08518294243110525, -18.80476655122945928, 19.00000000000000000 ) ) ;
#2933 = DIRECTION ( 'NONE',  ( -0.000000000000000000, -0.000000000000000000, -1.000000000000000000 ) ) ;
#2934 = CARTESIAN_POINT ( 'NONE',  ( -17.73414117061782136, -18.83227646810957978, -18.99999999999999645 ) ) ;
#2935 = ORIENTED_EDGE ( 'NONE', *, *, #5248, .F. ) ;
#2936 = CARTESIAN_POINT ( 'NONE',  ( -25.49269748167401417, -3.783653988270959001, 17.99947815843217569 ) ) ;
#2937 = ORIENTED_EDGE ( 'NONE', *, *, #5894, .T. ) ;
#2938 = PRODUCT_DEFINITION ( 'UNKNOWN', '', #236, #9335 ) ;
#2939 = CARTESIAN_POINT ( 'NONE',  ( -14.35227831868443538, -16.66768373050418361, 18.42001242353532930 ) ) ;
#2940 = CARTESIAN_POINT ( 'NONE',  ( -15.19999999999919282, -2.999999999999284572, 23.00000000000000000 ) ) ;
#2941 = CARTESIAN_POINT ( 'NONE',  ( -15.70000000000043983, -8.009886963018898243, -0.04431362485292446307 ) ) ;
#2942 = CARTESIAN_POINT ( 'NONE',  ( -17.37933973484170025, -1.224480810324092062, 15.21832014583065451 ) ) ;
#2943 = ORIENTED_EDGE ( 'NONE', *, *, #10208, .T. ) ;
#2944 = DIRECTION ( 'NONE',  ( 0.000000000000000000, 0.000000000000000000, -1.000000000000000000 ) ) ;
#2945 = DIRECTION ( 'NONE',  ( 0.7692489144105427723, 0.6389492215177990930, 0.000000000000000000 ) ) ;
#2946 = CARTESIAN_POINT ( 'NONE',  ( -30.35966689724654444, -5.018670874133162485, -21.78638174323221577 ) ) ;
#2947 = EDGE_CURVE ( 'NONE', #483, #6406, #2167, .T. ) ;
#2948 = CARTESIAN_POINT ( 'NONE',  ( -26.67968715317418571, -4.084855398228803836, -16.54124513649778194 ) ) ;
#2949 = CARTESIAN_POINT ( 'NONE',  ( -16.20000000000043627, -8.692378719687910760, 0.3567293549256532748 ) ) ;
#2950 = DIRECTION ( 'NONE',  ( 0.7071067811865502373, -0.7071067811865449082, -0.000000000000000000 ) ) ;
#2951 = ORIENTED_EDGE ( 'NONE', *, *, #9786, .T. ) ;
#2952 = CARTESIAN_POINT ( 'NONE',  ( -14.67844465534218301, -16.29417095628558698, 17.50926056738637371 ) ) ;
#2953 = ORIENTED_EDGE ( 'NONE', *, *, #9439, .T. ) ;
#2954 = CARTESIAN_POINT ( 'NONE',  ( -16.20000000000043983, -7.975412702967265233, -0.04609802767762088971 ) ) ;
#2955 = DIRECTION ( 'NONE',  ( 9.077097026765583812E-14, 0.7071067811865462405, 0.7071067811865489050 ) ) ;
#2956 = ADVANCED_FACE ( 'NONE', ( #5024 ), #4197, .F. ) ;
#2957 = CARTESIAN_POINT ( 'NONE',  ( -17.12051304298577747, -18.86060527521767582, -19.00000000000000000 ) ) ;
#2958 = ADVANCED_FACE ( 'NONE', ( #8854 ), #5758, .T. ) ;
#2959 = EDGE_CURVE ( 'NONE', #6666, #9617, #1275, .T. ) ;
#2960 = DIRECTION ( 'NONE',  ( 0.000000000000000000, -1.000000000000000000, 0.000000000000000000 ) ) ;
#2961 = CARTESIAN_POINT ( 'NONE',  ( -15.70000000000044338, -9.643921318474971471, 1.268197148889921300 ) ) ;
#2962 = EDGE_LOOP ( 'NONE', ( #1088, #6019, #734, #8356 ) ) ;
#2963 = ORIENTED_EDGE ( 'NONE', *, *, #9102, .F. ) ;
#2964 = CARTESIAN_POINT ( 'NONE',  ( -31.20190536061059916, -5.232394685848039906, -21.26191814705946825 ) ) ;
#2965 = CARTESIAN_POINT ( 'NONE',  ( -31.32233448101354156, -5.262952389806946130, 21.15685036282155096 ) ) ;
#2966 = ADVANCED_FACE ( 'NONE', ( #1939 ), #2871, .F. ) ;
#2967 = CARTESIAN_POINT ( 'NONE',  ( -16.47758631529513096, -1.185168229585930932, -23.00000000000000000 ) ) ;
#2968 = DIRECTION ( 'NONE',  ( 1.000000000000000000, 0.000000000000000000, 0.000000000000000000 ) ) ;
#2969 = LINE ( 'NONE', #10154, #1058 ) ;
#2970 = ORIENTED_EDGE ( 'NONE', *, *, #9839, .F. ) ;
#2971 = CARTESIAN_POINT ( 'NONE',  ( -25.31198845677991471, -22.13275126118272951, -15.00000000000000000 ) ) ;
#2972 = CARTESIAN_POINT ( 'NONE',  ( -32.30682491192606420, -5.512771037362598214, 19.20289566018267635 ) ) ;
#2973 = CARTESIAN_POINT ( 'NONE',  ( -29.13714921378206313, -4.412103845525188639, 22.39743087199274285 ) ) ;
#2974 = CARTESIAN_POINT ( 'NONE',  ( -15.57626809497670983, -17.63729571006270191, 17.20000000000010232 ) ) ;
#2975 = DIRECTION ( 'NONE',  ( -0.000000000000000000, -1.000000000000000000, -0.000000000000000000 ) ) ;
#2976 = CARTESIAN_POINT ( 'NONE',  ( -15.70000000000043983, -7.413460869489647997, -0.6235448002410136636 ) ) ;
#2977 = CARTESIAN_POINT ( 'NONE',  ( -14.71262721357367198, -16.95314240518469973, 20.29417208370917791 ) ) ;
#2978 = CARTESIAN_POINT ( 'NONE',  ( -34.71423156829899170, 1.278697662366830468, -19.00000000000000000 ) ) ;
#2979 = CARTESIAN_POINT ( 'NONE',  ( -29.37976717539322635, -4.483941035036213663, -15.62446902343323529 ) ) ;
#2980 = CARTESIAN_POINT ( 'NONE',  ( -16.20000000000044338, -8.009886963018898243, -4.193136115838499656 ) ) ;
#2981 = VERTEX_POINT ( 'NONE', #3668 ) ;
#2982 = DIRECTION ( 'NONE',  ( -0.000000000000000000, -0.000000000000000000, 1.000000000000000000 ) ) ;
#2983 = EDGE_LOOP ( 'NONE', ( #9084, #2751, #5932, #5850 ) ) ;
#2984 = CARTESIAN_POINT ( 'NONE',  ( -17.04796840796678126, -18.80313735470862468, 19.57998757646467780 ) ) ;
#2985 = CARTESIAN_POINT ( 'NONE',  ( -16.20000000000043983, -7.975412702967265233, -4.194920518663195708 ) ) ;
#2986 = CARTESIAN_POINT ( 'NONE',  ( -15.70000000000043983, -8.356433291003840580, 0.06993687746672212768 ) ) ;
#2987 = CARTESIAN_POINT ( 'NONE',  ( -17.00790417859401771, -0.9694041950233238669, 15.35744719025575655 ) ) ;
#2988 = EDGE_LOOP ( 'NONE', ( #707, #8779, #7492, #1371 ) ) ;
#2989 = CARTESIAN_POINT ( 'NONE',  ( -32.11162760509515124, -5.292822513154851194, 20.70262373805849165 ) ) ;
#2990 = DIRECTION ( 'NONE',  ( 1.058639460636341798E-12, 0.000000000000000000, -1.000000000000000000 ) ) ;
#2991 = DIRECTION ( 'NONE',  ( -0.000000000000000000, 1.000000000000000000, -0.000000000000000000 ) ) ;
#2992 = CARTESIAN_POINT ( 'NONE',  ( -16.77022658314550441, -18.58311770602354684, -20.18948768525454796 ) ) ;
#2993 = CARTESIAN_POINT ( 'NONE',  ( -26.67709731188935507, -4.084202166657348698, -21.46483300905441993 ) ) ;
#2994 = CARTESIAN_POINT ( 'NONE',  ( -28.13536190853479368, -4.454243401658877666, -15.95824919850705825 ) ) ;
#2995 = VECTOR ( 'NONE', #3244, 1000.000000000000114 ) ;
#2996 = DIRECTION ( 'NONE',  ( -0.7071067811865454633, -0.7071067811865495711, 0.000000000000000000 ) ) ;
#2997 = CARTESIAN_POINT ( 'NONE',  ( -15.41044744583515858, -17.50593686758201528, -20.76217430859221480 ) ) ;
#2998 = EDGE_LOOP ( 'NONE', ( #4201, #7434, #1403, #2970 ) ) ;
#2999 = CARTESIAN_POINT ( 'NONE',  ( -14.25989634315890342, -15.94651870325378162, 19.29528838535501478 ) ) ;
#3000 = ORIENTED_EDGE ( 'NONE', *, *, #2174, .T. ) ;
#3001 = EDGE_CURVE ( 'NONE', #2008, #2894, #4671, .T. ) ;
#3002 = DIRECTION ( 'NONE',  ( 1.000000000000000000, 0.000000000000000000, 0.000000000000000000 ) ) ;
#3003 = DIRECTION ( 'NONE',  ( 0.000000000000000000, 0.000000000000000000, 1.000000000000000000 ) ) ;
#3004 = CARTESIAN_POINT ( 'NONE',  ( -14.28888953895404690, -16.61746883378910766, -18.76438411013190688 ) ) ;
#3005 = PLANE ( 'NONE',  #7045 ) ;
#3006 = LINE ( 'NONE', #6200, #266 ) ;
#3007 = ORIENTED_EDGE ( 'NONE', *, *, #2241, .F. ) ;
#3008 = ADVANCED_FACE ( 'NONE', ( #9221 ), #4830, .T. ) ;
#3009 = ORIENTED_EDGE ( 'NONE', *, *, #4675, .T. ) ;
#3010 = EDGE_CURVE ( 'NONE', #2894, #853, #3821, .T. ) ;
#3011 = CARTESIAN_POINT ( 'NONE',  ( -31.68615004465243601, -5.355271675028706824, 20.76388544441869755 ) ) ;
#3012 = EDGE_CURVE ( 'NONE', #5168, #4800, #6182, .T. ) ;
#3013 = DIRECTION ( 'NONE',  ( -3.469446951953614189E-16, 1.000000000000000000, 0.000000000000000000 ) ) ;
#3014 = VECTOR ( 'NONE', #3055, 1000.000000000000000 ) ;
#3015 = VECTOR ( 'NONE', #3617, 1000.000000000000000 ) ;
#3016 = DIRECTION ( 'NONE',  ( -1.000000000000000000, -3.469446951953615175E-16, 0.000000000000000000 ) ) ;
#3017 = CARTESIAN_POINT ( 'NONE',  ( -4.121845739847921131, -18.27815503100963923, 16.57815503100950849 ) ) ;
#3018 = ORIENTED_EDGE ( 'NONE', *, *, #7415, .F. ) ;
#3019 = LINE ( 'NONE', #795, #2921 ) ;
#3020 = EDGE_CURVE ( 'NONE', #3699, #6999, #2016, .T. ) ;
#3021 = CARTESIAN_POINT ( 'NONE',  ( -31.44448195795785495, -5.293947607983357173, 21.04856212461249498 ) ) ;
#3022 = CARTESIAN_POINT ( 'NONE',  ( -27.03672565967020347, -3.790185649905443377, 21.94839855693671637 ) ) ;
#3023 = AXIS2_PLACEMENT_3D ( 'NONE', #462, #9070, #5965 ) ;
#3024 = CARTESIAN_POINT ( 'NONE',  ( -13.50604576208235841, -2.999999999999578115, 23.00000000000000000 ) ) ;
#3025 = EDGE_CURVE ( 'NONE', #10205, #5040, #7083, .T. ) ;
#3026 = CARTESIAN_POINT ( 'NONE',  ( -16.20000000000043983, -10.49999999999928768, -2.028313217815174152 ) ) ;
#3027 = CARTESIAN_POINT ( 'NONE',  ( -14.46876341253043385, -16.75995886594838424, 19.89914459530467283 ) ) ;
#3028 = CARTESIAN_POINT ( 'NONE',  ( 2.500000000000003109, -12.29893898089671822, 23.00000000000000000 ) ) ;
#3030 = ORIENTED_EDGE ( 'NONE', *, *, #4251, .T. ) ;
#3029 = CARTESIAN_POINT ( 'NONE',  ( -32.30682491192607131, -5.512771037362598214, -19.00000000000000000 ) ) ;
#3031 = LINE ( 'NONE', #3875, #4423 ) ;
#3032 = VERTEX_POINT ( 'NONE', #10259 ) ;
#3033 = CIRCLE ( 'NONE', #2866, 0.5000000000000593969 ) ;
#3034 = CARTESIAN_POINT ( 'NONE',  ( -25.62290943794637599, -3.816697899304208441, 17.72078296028627165 ) ) ;
#3035 = VERTEX_POINT ( 'NONE', #3125 ) ;
#3036 = CARTESIAN_POINT ( 'NONE',  ( -23.38555652982251232, -23.32977547371436700, 6.769683381994282101 ) ) ;
#3037 = CARTESIAN_POINT ( 'NONE',  ( -15.70000000000044338, -7.851904269214863952, -2.643925516291357525 ) ) ;
#3038 = ORIENTED_EDGE ( 'NONE', *, *, #2065, .F. ) ;
#3039 = CARTESIAN_POINT ( 'NONE',  ( -28.65189320477057322, -4.268423519265623689, 22.39743087199274996 ) ) ;
#3040 = AXIS2_PLACEMENT_3D ( 'NONE', #4188, #8014, #294 ) ;
#3041 = DIRECTION ( 'NONE',  ( -1.000000000000000000, -3.304235192336775019E-16, 0.000000000000000000 ) ) ;
#3042 = AXIS2_PLACEMENT_3D ( 'NONE', #9054, #5115, #9851 ) ;
#3043 = CARTESIAN_POINT ( 'NONE',  ( -16.20000000000043983, -8.784289032372960548, -4.537774599515476126 ) ) ;
#3044 = CARTESIAN_POINT ( 'NONE',  ( -16.32957124361544388, -18.23404232619194687, -20.61789907669574973 ) ) ;
#3045 = VECTOR ( 'NONE', #1826, 1000.000000000000000 ) ;
#3046 = CARTESIAN_POINT ( 'NONE',  ( -25.66708746122525042, -3.827907593585119006, -20.37376978795448323 ) ) ;
#3047 = LOCAL_TIME ( 17, 37, 1.000000000000000000, #6569 ) ;
#3048 = CARTESIAN_POINT ( 'NONE',  ( -28.40408419635505055, -4.522432219248482710, -15.92045040878283579 ) ) ;
#3049 = LINE ( 'NONE', #1479, #10080 ) ;
#3050 = CARTESIAN_POINT ( 'NONE',  ( -15.76205099750005090, -17.78446795887825260, -20.79999999999990123 ) ) ;
#3051 = VERTEX_POINT ( 'NONE', #3868 ) ;
#3052 = CARTESIAN_POINT ( 'NONE',  ( -15.21910429172128154, -16.74325063296635818, 21.02765104802483265 ) ) ;
#3053 = AXIS2_PLACEMENT_3D ( 'NONE', #9459, #9409, #833 ) ;
#3054 = ORIENTED_EDGE ( 'NONE', *, *, #5383, .F. ) ;
#3055 = DIRECTION ( 'NONE',  ( 1.000000000000000000, 3.469446951953615175E-16, -0.000000000000000000 ) ) ;
#3056 = FACE_OUTER_BOUND ( 'NONE', #8937, .T. ) ;
#3057 = CARTESIAN_POINT ( 'NONE',  ( -15.33184056908448412, -17.44366675840021230, -20.74242983912377980 ) ) ;
#3058 = VECTOR ( 'NONE', #9880, 1000.000000000000000 ) ;
#3059 = VERTEX_POINT ( 'NONE', #4743 ) ;
#3060 = CARTESIAN_POINT ( 'NONE',  ( -16.20000000000043983, -9.777072844231996740, 0.5793202078365085050 ) ) ;
#3061 = CARTESIAN_POINT ( 'NONE',  ( -17.69053861365549452, -6.000000000000036415, -10.72765825895847769 ) ) ;
#3062 = ORIENTED_EDGE ( 'NONE', *, *, #3856, .T. ) ;
#3063 = ORIENTED_EDGE ( 'NONE', *, *, #8606, .F. ) ;
#3064 = CARTESIAN_POINT ( 'NONE',  ( -30.16082149407426272, -4.968212986495725403, 21.85940098653826880 ) ) ;
#3065 = VECTOR ( 'NONE', #2643, 1000.000000000000000 ) ;
#3066 = B_SPLINE_SURFACE_WITH_KNOTS ( 'NONE', 1, 3, ( 
 ( #9273, #1942, #5127, #1174, #9116, #751, #5578, #7909, #7041, #8584, #8741, #9324, #2338, #1463, #9529, #8685, #3081, #3873, #1563, #9472, #6267, #9425, #1418, #2244, #4647, #3825, #5475, #7802, #5522, #6941, #2389, #4749, #607, #6989, #800, #3777, #10117, #3972, #8532, #8629, #1507, #2291, #4604, #3924, #10264, #4551, #4695, #10163, #9374, #7857, #2979, #7087, #10215, #7132, #6172, #12, #3130, #3177, #7703, #698, #6312, #6366, #2193, #5377, #7754, #653 ),
 ( #3029, #6218, #5431, #2440, #3232, #8842, #1719, #3394, #6476, #2598, #233, #4183, #4136, #7293, #9748, #1614, #2542, #4957, #6523, #1662, #8008, #3339, #4906, #8114, #5791, #2649, #8067, #964, #8949, #4847, #7395, #7342, #5010, #6630, #4795, #1820, #6577, #850, #180, #8165, #7185, #3291, #9584, #908, #9689, #5733, #4231, #8897, #9632, #5627, #4082, #1771, #1010, #290, #1056, #3449, #5841, #7243, #4024, #7955, #9797, #68, #6423, #8785, #130, #2487 ) ),
 .UNSPECIFIED., .F., .T., .F.,
 ( 2, 2 ),
 ( 4, 2, 2, 2, 2, 2, 2, 2, 2, 2, 2, 2, 2, 2, 2, 2, 2, 2, 2, 2, 2, 2, 2, 2, 2, 2, 2, 2, 2, 2, 2, 2, 4 ),
 ( 0.000000000000000000, 1.000000000000000000 ),
 ( -6.283185307179586232, -6.086835766330223940, -5.890486225480861648, -5.694136684631500245, -5.497787143782137953, -5.301437602932775661, -5.105088062083414258, -4.908738521234051966, -4.712388980384689674, -4.516039439535327382, -4.319689898685965090, -4.123340357836603687, -3.926990816987241395, -3.730641276137879103, -3.534291735288517255, -3.337942194439155408, -3.141592653589793116, -2.945243112740430824, -2.748893571891068976, -2.552544031041707129, -2.356194490192344837, -2.159844949342982545, -1.963495408493620697, -1.767145867644258628, -1.570796326794896558, -1.374446785945534488, -1.178097245096172418, -0.9817477042468103487, -0.7853981633974482790, -0.5890486225480862092, -0.3926990816987241395, -0.1963495408493620697, 0.000000000000000000 ),
 .UNSPECIFIED. ) ;
#3067 = DIRECTION ( 'NONE',  ( 1.000000000000000000, 0.000000000000000000, -0.000000000000000000 ) ) ;
#3068 = CARTESIAN_POINT ( 'NONE',  ( -12.30050506338938199, -21.70000000000013785, 20.75510791566222579 ) ) ;
#3069 = FACE_OUTER_BOUND ( 'NONE', #1443, .T. ) ;
#3070 = ADVANCED_FACE ( 'NONE', ( #6307 ), #5012, .T. ) ;
#3071 = ORIENTED_EDGE ( 'NONE', *, *, #3462, .T. ) ;
#3072 = VECTOR ( 'NONE', #1469, 1000.000000000000000 ) ;
#3073 = CARTESIAN_POINT ( 'NONE',  ( 2.500000000000003109, -12.79893898089671822, 22.50000000000001421 ) ) ;
#3074 = CARTESIAN_POINT ( 'NONE',  ( -26.49933531175041423, -4.039094254190844779, 16.66450008125596227 ) ) ;
#3075 = PERSON ( 'UNSPECIFIED', 'UNSPECIFIED', 'UNSPECIFIED', ('UNSPECIFIED'), ('UNSPECIFIED'), ('UNSPECIFIED') ) ;
#3076 = VECTOR ( 'NONE', #2688, 1000.000000000000000 ) ;
#3077 = CARTESIAN_POINT ( 'NONE',  ( -16.20000000000044338, -9.421883442187551694, -3.885873119465535375 ) ) ;
#3078 = CARTESIAN_POINT ( 'NONE',  ( -15.70000000000043983, -6.904353841145121073, 0.3659030946910857840 ) ) ;
#3079 = CARTESIAN_POINT ( 'NONE',  ( -15.42617520907946549, -17.51839613511295468, 20.76620907918821857 ) ) ;
#3080 = FACE_OUTER_BOUND ( 'NONE', #1315, .T. ) ;
#3082 = ORIENTED_EDGE ( 'NONE', *, *, #3678, .T. ) ;
#3081 = CARTESIAN_POINT ( 'NONE',  ( -29.13714921378207023, -4.412103845525189527, -22.39743087199273575 ) ) ;
#3083 = AXIS2_PLACEMENT_3D ( 'NONE', #7639, #6822, #382 ) ;
#3084 = EDGE_CURVE ( 'NONE', #9931, #2008, #7180, .T. ) ;
#3085 = FACE_OUTER_BOUND ( 'NONE', #2672, .T. ) ;
#3086 = ORIENTED_EDGE ( 'NONE', *, *, #4367, .T. ) ;
#3087 = AXIS2_PLACEMENT_3D ( 'NONE', #8339, #3631, #1951 ) ;
#3088 = CARTESIAN_POINT ( 'NONE',  ( -25.31333145693569620, -3.738140405639864827, 18.99999999999999289 ) ) ;
#3089 = EDGE_LOOP ( 'NONE', ( #4372, #4595, #9041, #5400 ) ) ;
#3090 = EDGE_CURVE ( 'NONE', #5043, #10221, #9482, .T. ) ;
#3091 = EDGE_CURVE ( 'NONE', #5755, #8183, #7654, .T. ) ;
#3092 = CARTESIAN_POINT ( 'NONE',  ( -32.73886654618792136, -6.000000000000039968, -23.00000000000000000 ) ) ;
#3093 = CARTESIAN_POINT ( 'NONE',  ( -15.70000000000043983, -6.937770218718535276, -3.453388276238173127 ) ) ;
#3094 = ORIENTED_EDGE ( 'NONE', *, *, #690, .F. ) ;
#3095 = VECTOR ( 'NONE', #7935, 1000.000000000000000 ) ;
#3096 = CARTESIAN_POINT ( 'NONE',  ( -15.70000000000044693, -7.601964286192017362, 1.443933119654894348 ) ) ;
#3097 = CARTESIAN_POINT ( 'NONE',  ( -16.20000000000043627, -8.798063577315152983, -4.526838106798516392 ) ) ;
#3098 = CARTESIAN_POINT ( 'NONE',  ( -15.33184056908448412, -17.44366675840021230, -20.74242983912377980 ) ) ;
#3099 = EDGE_CURVE ( 'NONE', #3599, #10143, #9317, .T. ) ;
#3100 = B_SPLINE_CURVE_WITH_KNOTS ( 'NONE', 1,
 ( #5834, #329 ),
 .UNSPECIFIED., .F., .F.,
 ( 2, 2 ),
 ( 0.000000000000000000, 1.000000000000000000 ),
 .UNSPECIFIED. ) ;
#3101 = AXIS2_PLACEMENT_3D ( 'NONE', #1890, #6015, #9224 ) ;
#3102 = CARTESIAN_POINT ( 'NONE',  ( -27.68337281766804736, -4.339549132805275988, -21.94167135833769322 ) ) ;
#3103 = CARTESIAN_POINT ( 'NONE',  ( -27.49724568350988463, -4.292318292137606406, -16.12675421609485937 ) ) ;
#3104 = FACE_BOUND ( 'NONE', #3226, .T. ) ;
#3105 = CARTESIAN_POINT ( 'NONE',  ( -16.23798759030324135, -18.16149221646913148, -20.66597274286703723 ) ) ;
#3106 = ORIENTED_EDGE ( 'NONE', *, *, #9762, .F. ) ;
#3107 = CARTESIAN_POINT ( 'NONE',  ( -15.53953935239401218, -17.00940860696979229, 21.18372069080163911 ) ) ;
#3108 = CARTESIAN_POINT ( 'NONE',  ( -16.20000000000043627, -8.114391335053984022, -0.7182343364033092481 ) ) ;
#3110 = ORIENTED_EDGE ( 'NONE', *, *, #5502, .F. ) ;
#3109 = CARTESIAN_POINT ( 'NONE',  ( -23.33172798364586598, -22.83172798364415357, -22.80000000000000071 ) ) ;
#3111 = DIRECTION ( 'NONE',  ( 0.000000000000000000, -0.000000000000000000, -1.000000000000000000 ) ) ;
#3112 = ORIENTED_EDGE ( 'NONE', *, *, #9119, .T. ) ;
#3113 = DIRECTION ( 'NONE',  ( -1.000000000000000000, 0.000000000000000000, 0.000000000000000000 ) ) ;
#3114 = VERTEX_POINT ( 'NONE', #3024 ) ;
#3115 = CARTESIAN_POINT ( 'NONE',  ( -16.20000000000043627, -3.999999999999281908, 23.00000000000000000 ) ) ;
#3116 = CARTESIAN_POINT ( 'NONE',  ( -23.33172798364586598, -22.83172798364415357, -22.80000000000000071 ) ) ;
#3117 = ORIENTED_EDGE ( 'NONE', *, *, #6029, .F. ) ;
#3118 = VERTEX_POINT ( 'NONE', #1413 ) ;
#3119 = CARTESIAN_POINT ( 'NONE',  ( -27.18765728211916510, -4.213756066125248445, 21.74624403334375700 ) ) ;
#3120 = CARTESIAN_POINT ( 'NONE',  ( -13.63894922151781230, -15.43075108558958419, -22.50000000000000000 ) ) ;
#3121 = DIRECTION ( 'NONE',  ( -0.7071067811865454633, -0.7071067811865495711, 0.000000000000000000 ) ) ;
#3122 = APPLICATION_PROTOCOL_DEFINITION ( 'international standard', 'config_control_design', 1994, #3615 ) ;
#3123 = ORIENTED_EDGE ( 'NONE', *, *, #9382, .F. ) ;
#3124 = LINE ( 'NONE', #2283, #6920 ) ;
#3125 = CARTESIAN_POINT ( 'NONE',  ( -44.50000000000000711, -8.500000000000035527, 0.000000000000000000 ) ) ;
#3126 = CARTESIAN_POINT ( 'NONE',  ( -16.20000000000043627, -10.44090382043026288, -2.543351461567653793 ) ) ;
#3127 = DIRECTION ( 'NONE',  ( 1.000000000000000000, 3.469446951953615175E-16, -0.000000000000000000 ) ) ;
#3128 = FACE_OUTER_BOUND ( 'NONE', #3997, .T. ) ;
#3129 = EDGE_CURVE ( 'NONE', #5771, #4578, #2641, .T. ) ;
#3130 = CARTESIAN_POINT ( 'NONE',  ( -31.34424606100239785, -5.065607128753082833, -16.44041950790826334 ) ) ;
#3131 = CARTESIAN_POINT ( 'NONE',  ( -14.59854588840660838, -16.22780589033961718, -20.38741600867247428 ) ) ;
#3132 = VERTEX_POINT ( 'NONE', #6519 ) ;
#3133 = CARTESIAN_POINT ( 'NONE',  ( -25.93400632416567220, -3.895639767964733657, 17.23611455563703743 ) ) ;
#3134 = CARTESIAN_POINT ( 'NONE',  ( -15.70000000000043983, -9.808529584835024906, -1.336842802650911377 ) ) ;
#3135 = CARTESIAN_POINT ( 'NONE',  ( -34.71423156829899170, 1.278697662366830468, -19.00000000000000000 ) ) ;
#3136 = CARTESIAN_POINT ( 'NONE',  ( -23.46428443207931025, -23.60263802036205050, 6.434847180556454660 ) ) ;
#3137 = CARTESIAN_POINT ( 'NONE',  ( -3.999999999999996447, -12.79893898089671822, 22.50000000000000000 ) ) ;
#3138 = VERTEX_POINT ( 'NONE', #3389 ) ;
#3139 = CARTESIAN_POINT ( 'NONE',  ( -25.37679267874919375, -3.298693101974738529, 20.09470427638999368 ) ) ;
#3140 = EDGE_CURVE ( 'NONE', #8406, #2840, #5837, .T. ) ;
#3141 = CARTESIAN_POINT ( 'NONE',  ( -13.63894922151784073, -15.43075108558954867, 22.50000000000000000 ) ) ;
#3142 = CARTESIAN_POINT ( 'NONE',  ( -16.20000000000043983, -7.155790662124287493, 1.150355366666517609 ) ) ;
#3143 = EDGE_CURVE ( 'NONE', #1786, #6442, #1165, .T. ) ;
#3144 = CARTESIAN_POINT ( 'NONE',  ( -17.30435913232909328, -18.47529332046699579, -17.50926056738636660 ) ) ;
#3145 = EDGE_CURVE ( 'NONE', #8570, #7322, #1148, .T. ) ;
#3146 = CARTESIAN_POINT ( 'NONE',  ( -15.70000000000043272, -7.624399419883331142, 0.06478458672826999110 ) ) ;
#3147 = ORIENTED_EDGE ( 'NONE', *, *, #9825, .F. ) ;
#3148 = CARTESIAN_POINT ( 'NONE',  ( -25.33587154395003793, -3.743860054784413638, -19.40578292130128446 ) ) ;
#3149 = CARTESIAN_POINT ( 'NONE',  ( -28.01057160237198929, -4.422574272922811467, -15.98169219515335016 ) ) ;
#3150 = DIRECTION ( 'NONE',  ( 1.000000000000000000, 0.000000000000000000, -4.956352788505162282E-16 ) ) ;
#3151 = CARTESIAN_POINT ( 'NONE',  ( -16.20000000000044338, -8.871919485540690431, 0.5378232123258455122 ) ) ;
#3152 = CARTESIAN_POINT ( 'NONE',  ( -15.30279875589702421, -17.42065486795743823, -20.72839181947760778 ) ) ;
#3153 = ORIENTED_EDGE ( 'NONE', *, *, #989, .F. ) ;
#3154 = EDGE_CURVE ( 'NONE', #3965, #423, #9527, .T. ) ;
#3155 = CARTESIAN_POINT ( 'NONE',  ( -15.24245204779883522, -17.37285556148234278, 17.29193275965529963 ) ) ;
#3157 = ORIENTED_EDGE ( 'NONE', *, *, #2128, .F. ) ;
#3156 = CARTESIAN_POINT ( 'NONE',  ( -24.00302792623178050, -23.44392462972547975, -6.973590674708924908 ) ) ;
#3158 = CARTESIAN_POINT ( 'NONE',  ( -16.20000000000043983, -7.682800240769650735, -4.869198567709881686 ) ) ;
#3159 = EDGE_CURVE ( 'NONE', #2198, #3132, #7183, .T. ) ;
#3160 = CARTESIAN_POINT ( 'NONE',  ( -16.20000000000044338, -9.844654437901986910, 1.403405360279655456 ) ) ;
#3161 = ORIENTED_EDGE ( 'NONE', *, *, #9308, .F. ) ;
#3162 = CARTESIAN_POINT ( 'NONE',  ( -16.20000000000043627, -7.986455161460803254, 0.8250908901251585714 ) ) ;
#3163 = DIRECTION ( 'NONE',  ( -1.000000000000000000, 0.000000000000000000, 0.000000000000000000 ) ) ;
#3164 = VERTEX_POINT ( 'NONE', #10 ) ;
#3165 = VERTEX_POINT ( 'NONE', #65 ) ;
#3166 = B_SPLINE_CURVE_WITH_KNOTS ( 'NONE', 3,
 ( #10260, #3126, #2141, #4546, #6308, #6169, #9319, #5519, #2189, #5374, #8682, #8528, #4601, #7751, #3288 ),
 .UNSPECIFIED., .F., .F.,
 ( 4, 1, 1, 1, 1, 1, 1, 1, 1, 1, 1, 1, 4 ),
 ( 0.000000000000000000, 0.09635745386823814373, 0.1926608788082141976, 0.2894549334517488304, 0.3884793011163927834, 0.4419214173673352564, 0.5015211030486821375, 0.5678827758176531182, 0.6408916507843539501, 0.7203706588124400012, 0.8066369162819658767, 0.9000159377788827797, 0.9999999999999998890 ),
 .UNSPECIFIED. ) ;
#3167 = CARTESIAN_POINT ( 'NONE',  ( -27.84692396633753120, -4.381048521443225319, 21.98010794982030092 ) ) ;
#3168 = DIRECTION ( 'NONE',  ( 0.000000000000000000, 0.000000000000000000, -1.000000000000000000 ) ) ;
#3169 = SHAPE_DEFINITION_REPRESENTATION ( #6498, #9662 ) ;
#3170 = CARTESIAN_POINT ( 'NONE',  ( -14.27973368366544982, -16.61021580999513958, 19.11781038324074444 ) ) ;
#3171 = ORIENTED_EDGE ( 'NONE', *, *, #1114, .T. ) ;
#3172 = LINE ( 'NONE', #6359, #3594 ) ;
#3173 = CARTESIAN_POINT ( 'NONE',  ( -15.70000000000043983, -9.777072844231996740, -3.569502283149066368 ) ) ;
#3174 = LINE ( 'NONE', #846, #1211 ) ;
#3175 = CARTESIAN_POINT ( 'NONE',  ( -31.68545194697437850, -5.355095144868766255, -20.76481102814762636 ) ) ;
#3176 = CARTESIAN_POINT ( 'NONE',  ( -16.20000000000044338, -10.44090382043026644, 1.605471029417921081 ) ) ;
#3177 = CARTESIAN_POINT ( 'NONE',  ( -31.68737387575045616, -5.167204461823024175, -16.75488767569455817 ) ) ;
#3178 = CARTESIAN_POINT ( 'NONE',  ( 7.769824017681854045, -14.08072723578964514, -12.38072723578952861 ) ) ;
#3179 = VERTEX_POINT ( 'NONE', #9886 ) ;
#3180 = CARTESIAN_POINT ( 'NONE',  ( -28.92443578729400500, -4.654476155757612865, 15.90163233705608725 ) ) ;
#3181 = VERTEX_POINT ( 'NONE', #8739 ) ;
#3182 = CARTESIAN_POINT ( 'NONE',  ( -17.12051304298577392, -18.86060527521768293, 18.76744006809891019 ) ) ;
#3183 = CARTESIAN_POINT ( 'NONE',  ( -15.70000000000043983, -7.332120839148347891, -0.5730121551137794533 ) ) ;
#3184 = CARTESIAN_POINT ( 'NONE',  ( -24.26425628465535667, -23.05466411501656054, 7.234819033132495747 ) ) ;
#3185 = CARTESIAN_POINT ( 'NONE',  ( -30.24258923561371759, -4.988963526419476935, -16.17186894492267513 ) ) ;
#3186 = ORIENTED_EDGE ( 'NONE', *, *, #8612, .T. ) ;
#3187 = CLOSED_SHELL ( 'NONE', ( #931, #3985, #7131, #3736, #3975, #5833, #9181, #8658, #4950, #6595, #9188, #1797, #5905, #120, #2627, #2437, #8989, #8473, #3070, #5560, #5059, #7663, #4055, #9196, #6606, #121, #9496, #6531, #3528, #3590, #1738, #6032, #5772, #5508, #2771, #6609, #1441, #4569, #5257, #6957, #6668, #6904, #1187, #8983, #3348, #3811, #225, #7160, #3932, #260, #3809, #6156, #3786, #2825, #7919, #6334, #4802, #7782, #2838, #9967, #3396, #2000, #9303, #8853, #1745, #2003, #1665, #7721, #806, #9195, #4048, #166, #5386, #10035, #3200, #9572, #732, #2966, #7032, #687, #5261, #8733, #6660, #8536, #6469, #4498, #5700, #4999, #9711, #1684, #8935, #6396, #2260, #6281, #8369, #8858, #5610, #678, #7093, #1051, #1323, #2355, #6095, #8674, #680, #3267, #4626, #4876, #4170, #9954, #6858, #4627, #2435, #3602, #6967, #6150, #9615, #6412, #7288, #5766, #4944, #7411, #816, #4316, #4432, #7970, #1881, #5551, #3673, #4113, #3605, #8172, #6399, #9769, #3008, #2889, #357, #7787, #8841, #2633, #6729, #5066, #7211, #7334, #5956, #9376, #735, #807, #1317, #4672, #3989, #364, #2510, #1262, #2620, #5130, #6789, #7351, #2479, #9897, #2703, #9642, #4570, #10076, #7195, #8929, #3680, #118, #2956, #5317, #6212, #6657, #5566, #6524, #89, #6711, #7831, #8038, #1930, #5880, #2495, #4566, #6087, #8023, #9913, #2504, #8856, #8530, #1252, #4796, #8942, #7914, #7974, #1046, #4300, #3426, #7035, #2559, #8296, #2368, #10282, #6516, #8241, #9512, #2250, #4938, #3621, #6460, #5696, #8874, #7283, #5195, #4942, #369, #39, #5441, #10012, #3215, #3990, #9579, #1481, #9838, #6230, #1070, #2826, #4846, #2321, #6717, #1811, #2433, #2075, #304, #2571, #746, #2958, #2578, #10102, #9645, #5495, #5966 ) ) ;
#3188 = DIRECTION ( 'NONE',  ( -0.7071067811865938690, -0.7071067811865012764, 0.000000000000000000 ) ) ;
#3189 = CARTESIAN_POINT ( 'NONE',  ( -15.70000000000043983, -6.904353841145121073, 0.3659030946910857840 ) ) ;
#3190 = CARTESIAN_POINT ( 'NONE',  ( -15.70000000000045404, -7.044589019802428354, 0.9832427415940419024 ) ) ;
#3191 = CARTESIAN_POINT ( 'NONE',  ( -15.60715855638014560, -17.66176630779452950, -20.79999999999990123 ) ) ;
#3192 = VECTOR ( 'NONE', #7800, 1000.000000000000114 ) ;
#3193 = CARTESIAN_POINT ( 'NONE',  ( -15.70000000000043983, -7.503628200954149285, 0.3803087283403411289 ) ) ;
#3194 = EDGE_LOOP ( 'NONE', ( #3817, #6902, #9475, #9560 ) ) ;
#3195 = CARTESIAN_POINT ( 'NONE',  ( -16.20000000000044338, -9.232888244074917594, 0.05490651978551771423 ) ) ;
#3196 = DIRECTION ( 'NONE',  ( 0.5000000000000017764, -0.5000000000000017764, -0.7071067811865450192 ) ) ;
#3197 = CARTESIAN_POINT ( 'NONE',  ( -15.70000000000043983, -12.00000000000002487, -22.49999999999999289 ) ) ;
#3198 = CARTESIAN_POINT ( 'NONE',  ( -16.20000000000043983, -8.437525039241712932, -4.024967190672311013 ) ) ;
#3199 = CARTESIAN_POINT ( 'NONE',  ( -14.67998262057923320, -16.92728223693869793, -20.25280297030436216 ) ) ;
#3200 = ADVANCED_FACE ( 'NONE', ( #6474 ), #2387, .T. ) ;
#3201 = VERTEX_POINT ( 'NONE', #9582 ) ;
#3202 = AXIS2_PLACEMENT_3D ( 'NONE', #5466, #4684, #3121 ) ;
#3203 = CARTESIAN_POINT ( 'NONE',  ( -16.97681622514102173, -18.74677249760230779, 18.20232721995042269 ) ) ;
#3204 = FACE_OUTER_BOUND ( 'NONE', #6852, .T. ) ;
#3206 = ORIENTED_EDGE ( 'NONE', *, *, #4181, .F. ) ;
#3205 = CARTESIAN_POINT ( 'NONE',  ( -24.22584625089816868, -22.49747316153289844, -7.196408999375315751 ) ) ;
#3207 = DIRECTION ( 'NONE',  ( -1.327063459122260961E-13, -1.000000000000000000, 0.000000000000000000 ) ) ;
#3208 = VECTOR ( 'NONE', #545, 1000.000000000000000 ) ;
#3209 = CARTESIAN_POINT ( 'NONE',  ( -16.21840344832781966, -17.57328289718659065, 16.74420005063981520 ) ) ;
#3210 = VECTOR ( 'NONE', #9952, 1000.000000000000000 ) ;
#3211 = VECTOR ( 'NONE', #6317, 1000.000000000000000 ) ;
#3212 = VERTEX_POINT ( 'NONE', #4793 ) ;
#3213 = CARTESIAN_POINT ( 'NONE',  ( -32.13421665646895775, -5.299510946087178986, -17.29030855973017822 ) ) ;
#3214 = DIRECTION ( 'NONE',  ( -1.000000000000000000, 0.000000000000000000, 0.000000000000000000 ) ) ;
#3215 = ADVANCED_FACE ( 'NONE', ( #8839 ), #9489, .F. ) ;
#3216 = ORIENTED_EDGE ( 'NONE', *, *, #6800, .F. ) ;
#3217 = EDGE_CURVE ( 'NONE', #7149, #5434, #7291, .T. ) ;
#3218 = CARTESIAN_POINT ( 'NONE',  ( -26.44479635755024916, -3.614920236037733936, 21.55958049209175798 ) ) ;
#3219 = EDGE_LOOP ( 'NONE', ( #8055, #8639, #8678, #8940, #8645 ) ) ;
#3220 = CARTESIAN_POINT ( 'NONE',  ( -29.08712720255218898, -4.695759435304579732, 22.09043914292076138 ) ) ;
#3221 = CARTESIAN_POINT ( 'NONE',  ( -15.87733923712664463, -17.28999005380109466, 21.25587117207535570 ) ) ;
#3222 = VECTOR ( 'NONE', #6978, 1000.000000000000000 ) ;
#3223 = DIRECTION ( 'NONE',  ( -0.7071067811865457964, 0.7071067811865492381, 0.000000000000000000 ) ) ;
#3224 = APPROVAL_DATE_TIME ( #2477, #6946 ) ;
#3225 = CARTESIAN_POINT ( 'NONE',  ( -15.07067548303578697, -17.23677875902086853, 20.61789907669574973 ) ) ;
#3226 = EDGE_LOOP ( 'NONE', ( #10164, #5129 ) ) ;
#3227 = CARTESIAN_POINT ( 'NONE',  ( -15.70000000000043983, -7.882496365929570814, -4.886390933827459371 ) ) ;
#3228 = CARTESIAN_POINT ( 'NONE',  ( -15.70000000000043627, -8.184834602055778063, -0.01425496572452945865 ) ) ;
#3229 = CARTESIAN_POINT ( 'NONE',  ( -34.50000000000000000, -6.000000000000042633, 23.00000000000000000 ) ) ;
#3230 = DIRECTION ( 'NONE',  ( 1.000000000000000000, 0.000000000000000000, 0.000000000000000000 ) ) ;
#3231 = LINE ( 'NONE', #7292, #1399 ) ;
#3232 = CARTESIAN_POINT ( 'NONE',  ( -32.12823292504249650, -5.467452512001335307, -19.99886749270905284 ) ) ;
#3233 = LINE ( 'NONE', #3293, #2918 ) ;
#3234 = ORIENTED_EDGE ( 'NONE', *, *, #5892, .F. ) ;
#3235 = CARTESIAN_POINT ( 'NONE',  ( -29.10707513901621013, -4.700820954389718587, 15.91116165474086230 ) ) ;
#3236 = VECTOR ( 'NONE', #8650, 1000.000000000000000 ) ;
#3237 = ORIENTED_EDGE ( 'NONE', *, *, #3145, .T. ) ;
#3238 = CARTESIAN_POINT ( 'NONE',  ( -16.72026410603165658, -18.54353884824338650, -17.74719702964538826 ) ) ;
#3239 = CARTESIAN_POINT ( 'NONE',  ( -23.73603522126971654, -22.53594731527232398, 7.310645286245805785 ) ) ;
#3240 = CARTESIAN_POINT ( 'NONE',  ( -29.18419931028901715, -4.720391741993486434, -15.91778632812216721 ) ) ;
#3241 = ORIENTED_EDGE ( 'NONE', *, *, #3217, .F. ) ;
#3242 = DIRECTION ( 'NONE',  ( 0.000000000000000000, -1.000000000000000000, 0.000000000000000000 ) ) ;
#3243 = DIRECTION ( 'NONE',  ( -0.000000000000000000, -0.000000000000000000, -1.000000000000000000 ) ) ;
#3244 = DIRECTION ( 'NONE',  ( 0.000000000000000000, 0.09745061871804777676, 0.9952403613758183942 ) ) ;
#3245 = VECTOR ( 'NONE', #1064, 1000.000000000000000 ) ;
#3246 = CARTESIAN_POINT ( 'NONE',  ( -12.30050506338938199, -21.70000000000013785, 22.50000000000000000 ) ) ;
#3247 = CARTESIAN_POINT ( 'NONE',  ( -15.51419759758015537, -17.58812512138062445, -17.21160282967234423 ) ) ;
#3248 = CARTESIAN_POINT ( 'NONE',  ( -21.98993461845848429, -24.44715070390630274, -22.49999999999999289 ) ) ;
#3249 = ORIENTED_EDGE ( 'NONE', *, *, #6160, .F. ) ;
#3250 = PLANE ( 'NONE',  #228 ) ;
#3251 = CARTESIAN_POINT ( 'NONE',  ( -23.64520008337003176, -23.22195657303358018, -7.170434600900287947 ) ) ;
#3252 = B_SPLINE_SURFACE_WITH_KNOTS ( 'NONE', 1, 3, ( 
 ( #4511, #4611, #7761, #7810, #658, #2298, #5483, #3728, #3830, #3036, #6900, #10074, #5337, #8490, #1671, #7138, #9700, #4756, #5634, #8074, #859, #4855, #7250, #8017, #3298, #8121, #3346, #9589, #77, #10271, #1570, #6533, #3239, #4964 ),
 ( #6432, #2551, #9479, #8693, #20, #2446, #5531, #3136, #915, #5743, #809, #9537, #9640, #1622, #8795, #137, #6482, #6319, #2343, #5688, #8905, #3979, #3184, #6373, #2397, #8749, #4805, #7964, #3402, #5958, #4293, #2032, #3456, #7557 ) ),
 .UNSPECIFIED., .F., .F., .F.,
 ( 2, 2 ),
 ( 4, 2, 2, 2, 2, 2, 2, 2, 2, 2, 2, 2, 2, 2, 2, 2, 4 ),
 ( 0.000000000000000000, 1.000000000000000000 ),
 ( 0.8776648172018691740, 1.062481026325686750, 1.247297235449504216, 1.432113444573321681, 1.616929653697139146, 1.801745862820956834, 1.986562071944774299, 2.171378281068591765, 2.356194490192409230, 2.541010699316226695, 2.725826908440044161, 2.910643117563861626, 3.095459326687679091, 3.280275535811496557, 3.465091744935314022, 3.649907954059131487, 3.834724163182948953 ),
 .UNSPECIFIED. ) ;
#3253 = VECTOR ( 'NONE', #547, 1000.000000000000000 ) ;
#3254 = VERTEX_POINT ( 'NONE', #373 ) ;
#3255 = CARTESIAN_POINT ( 'NONE',  ( -34.71423156829899170, 1.278697662366830468, -19.00000000000000000 ) ) ;
#3256 = CARTESIAN_POINT ( 'NONE',  ( -15.70000000000043627, -9.034412105976956653, -0.1574425386215917710 ) ) ;
#3257 = CARTESIAN_POINT ( 'NONE',  ( -16.86799972340968878, -18.66057107480075317, -20.02493700680845734 ) ) ;
#3258 = ORIENTED_EDGE ( 'NONE', *, *, #8104, .T. ) ;
#3259 = AXIS2_PLACEMENT_3D ( 'NONE', #8288, #3682, #1898 ) ;
#3260 = CARTESIAN_POINT ( 'NONE',  ( -16.44326443527726411, -17.76005566978278338, 21.18372069080163556 ) ) ;
#3261 = DIRECTION ( 'NONE',  ( 0.000000000000000000, 0.000000000000000000, -1.000000000000000000 ) ) ;
#3263 = ORIENTED_EDGE ( 'NONE', *, *, #6613, .T. ) ;
#3262 = DIRECTION ( 'NONE',  ( 1.000000000000000000, 0.000000000000000000, 0.000000000000000000 ) ) ;
#3264 = DIRECTION ( 'NONE',  ( 0.000000000000000000, -1.000000000000000000, 0.000000000000000000 ) ) ;
#3265 = VECTOR ( 'NONE', #8458, 1000.000000000000000 ) ;
#3266 = CARTESIAN_POINT ( 'NONE',  ( -15.70000000000043983, -10.49999999999928768, 1.613430968716609959 ) ) ;
#3267 = ADVANCED_FACE ( 'NONE', ( #905 ), #9832, .F. ) ;
#3268 = EDGE_LOOP ( 'NONE', ( #1304, #9806, #4216, #536 ) ) ;
#3269 = CARTESIAN_POINT ( 'NONE',  ( -27.92288623799363378, -4.052570532621773580, -15.69142774435797527 ) ) ;
#3270 = CARTESIAN_POINT ( 'NONE',  ( -15.70000000000043983, -12.49999999999928946, -22.49999999999999289 ) ) ;
#3271 = ORIENTED_EDGE ( 'NONE', *, *, #6103, .T. ) ;
#3272 = CARTESIAN_POINT ( 'NONE',  ( -25.94700860765129491, -3.467529364033501871, 16.92760081561648988 ) ) ;
#3273 = ORIENTED_EDGE ( 'NONE', *, *, #432, .T. ) ;
#3274 = EDGE_CURVE ( 'NONE', #7520, #4967, #3337, .T. ) ;
#3275 =( BOUNDED_CURVE ( )  B_SPLINE_CURVE ( 3, ( #8694, #2942, #2987, #6180 ),
 .UNSPECIFIED., .F., .T. ) 
 B_SPLINE_CURVE_WITH_KNOTS ( ( 4, 4 ),
 ( 2.635773620499291425, 3.019615520161555544 ),
 .UNSPECIFIED. ) 
 CURVE ( )  GEOMETRIC_REPRESENTATION_ITEM ( )  RATIONAL_B_SPLINE_CURVE ( ( 1.000000000000000000, 0.9877597567046839666, 0.9877597567046839666, 1.000000000000000000 ) ) 
 REPRESENTATION_ITEM ( '' )  );
#3276 = B_SPLINE_CURVE_WITH_KNOTS ( 'NONE', 3,
 ( #870, #8027, #4973, #8129, #2453, #3146, #1681, #8756, #6543, #9487, #3193 ),
 .UNSPECIFIED., .F., .F.,
 ( 4, 1, 1, 1, 1, 1, 1, 1, 4 ),
 ( 0.000000000000000000, 0.1491402908464729560, 0.2821617981976309308, 0.4046557030353604145, 0.5211096910238619540, 0.6344164539698207150, 0.7487964497315251489, 0.8687105535463924832, 1.000000000000000000 ),
 .UNSPECIFIED. ) ;
#3277 = CARTESIAN_POINT ( 'NONE',  ( -28.40408419613510205, -4.522432219191308889, 22.07954959119786409 ) ) ;
#3278 = VERTEX_POINT ( 'NONE', #6421 ) ;
#3279 = CARTESIAN_POINT ( 'NONE',  ( -14.30440138401530525, -15.98348523083166484, 19.58490888141914610 ) ) ;
#3280 = EDGE_CURVE ( 'NONE', #3901, #3699, #3390, .T. ) ;
#3281 = EDGE_CURVE ( 'NONE', #4368, #226, #3351, .T. ) ;
#3282 = DATE_AND_TIME ( #3385, #2039 ) ;
#3283 = CARTESIAN_POINT ( 'NONE',  ( -17.07508411944874993, -18.82461769645386696, 18.53329073061007293 ) ) ;
#3284 = ORIENTED_EDGE ( 'NONE', *, *, #1000, .T. ) ;
#3285 = LINE ( 'NONE', #227, #7071 ) ;
#3286 = EDGE_CURVE ( 'NONE', #3952, #4730, #4844, .T. ) ;
#3287 = CARTESIAN_POINT ( 'NONE',  ( -15.70000000000043983, -8.009886963018898243, -0.04431362485292446307 ) ) ;
#3288 = CARTESIAN_POINT ( 'NONE',  ( -16.20000000000043983, -8.971562269813281532, -3.507771793593709386 ) ) ;
#3289 = CARTESIAN_POINT ( 'NONE',  ( -31.95265003005246740, -5.422898934282616601, -20.37466395805665798 ) ) ;
#3290 = LINE ( 'NONE', #7242, #5896 ) ;
#3291 = CARTESIAN_POINT ( 'NONE',  ( -26.49933531175042489, -4.039094254190835009, -16.66450008125595872 ) ) ;
#3292 = EDGE_CURVE ( 'NONE', #10221, #10071, #3535, .T. ) ;
#3293 = CARTESIAN_POINT ( 'NONE',  ( -19.26635357184571617, -22.18490508109985271, 22.50000000000000000 ) ) ;
#3294 = CARTESIAN_POINT ( 'NONE',  ( -28.88154171292233130, -4.643591706591292834, 15.90054372740212685 ) ) ;
#3295 = DIRECTION ( 'NONE',  ( -1.000000000000000000, 0.000000000000000000, 0.000000000000000000 ) ) ;
#3296 = PLANE ( 'NONE',  #6221 ) ;
#3297 = CARTESIAN_POINT ( 'NONE',  ( -13.00000000000000711, -15.20000000000003482, -22.50000000000000000 ) ) ;
#3298 = CARTESIAN_POINT ( 'NONE',  ( -23.82977547370924398, -22.88555652996909018, 7.455332842728344289 ) ) ;
#3299 = CARTESIAN_POINT ( 'NONE',  ( -31.18142689601601703, -5.227198910644432317, -16.72077250798768233 ) ) ;
#3300 = VERTEX_POINT ( 'NONE', #7241 ) ;
#3301 = DIRECTION ( 'NONE',  ( -0.3158116321075011834, -0.8947212001798062753, -0.3158116321075006838 ) ) ;
#3302 = CARTESIAN_POINT ( 'NONE',  ( -23.83261654037655930, -22.82401640182685654, -7.459718013273583637 ) ) ;
#3303 = CARTESIAN_POINT ( 'NONE',  ( -15.19999999999925677, -3.499999999999345857, -22.49999999999999289 ) ) ;
#3304 = CARTESIAN_POINT ( 'NONE',  ( -15.19999999999933316, -5.499999999999345413, -15.00000000000000000 ) ) ;
#3305 = B_SPLINE_CURVE_WITH_KNOTS ( 'NONE', 3,
 ( #1938, #5228, #1071, #301, #9011, #1168, #7408, #8177, #6740, #2816, #3460, #4296, #4400, #3509, #5909, #395, #5173, #4246, #9808, #9911, #5961, #1886, #6835, #6011, #2660, #7611, #9111, #5853, #456, #1983, #8960, #8230, #2035, #7560, #7455, #8325, #5076, #6685, #3618, #9163, #8383, #3667, #9859, #8526, #2974, #9369, #8578, #1412, #7797, #9419, #10060, #2285, #1501, #3919, #7082, #8433, #1320, #7943, #5559, #4833, #115, #10122, #3725, #2148, #6947, #4558, #4609, #1468, #6274, #7709, #6177, #4652, #2200, #10223, #7759, #7808, #6077, #5384, #3829, #6995, #10169, #7962, #9477, #4852, #8792, #18, #4088, #3182, #7915 ),
 .UNSPECIFIED., .F., .F.,
 ( 4, 2, 2, 2, 2, 2, 2, 2, 2, 2, 2, 1, 2, 2, 2, 1, 1, 2, 2, 2, 1, 1, 1, 2, 2, 2, 2, 2, 1, 1, 2, 2, 2, 1, 1, 2, 2, 2, 1, 2, 2, 2, 2, 2, 2, 2, 2, 2, 2, 4 ),
 ( 0.5000000000000000000, 0.5312500000000232037, 0.5468750000000343059, 0.5625000000000455191, 0.5781250000000566214, 0.5859375000000625056, 0.5937500000000683897, 0.6093750000000788258, 0.6171875000000837108, 0.6250000000000885958, 0.6406250000000976996, 0.6484375000001019185, 0.6523437500001036948, 0.6562500000001054712, 0.6718750000001109113, 0.6796875000001135758, 0.6835937500001145750, 0.6855468750001147971, 0.6875000000001151301, 0.7031250000001212364, 0.7109375000001242340, 0.7148437500001257883, 0.7167968750001264544, 0.7177734375001267875, 0.7187500000001270095, 0.7500000000001083578, 0.7656250000000986988, 0.7734375000000935918, 0.7773437500000910383, 0.7792968750000904832, 0.7802734375000901501, 0.7812500000000898170, 0.7968750000000888178, 0.8046875000000884848, 0.8085937500000881517, 0.8105468750000884848, 0.8125000000000888178, 0.8281250000000844880, 0.8359375000000821565, 0.8398437500000811573, 0.8437500000000800471, 0.8593750000000728306, 0.8671875000000690559, 0.8750000000000652811, 0.8906250000000570655, 0.8984375000000528466, 0.9062500000000486278, 0.9218750000000406342, 0.9375000000000324185, 1.000000000000000000 ),
 .UNSPECIFIED. ) ;
#3306 = CARTESIAN_POINT ( 'NONE',  ( -15.70000000000043983, -7.505049097994959340, 0.4116708068478105997 ) ) ;
#3307 = LINE ( 'NONE', #257, #1052 ) ;
#3308 = CARTESIAN_POINT ( 'NONE',  ( -23.69760820804050283, -23.17568161209760902, -7.251336497018254335 ) ) ;
#3309 = CARTESIAN_POINT ( 'NONE',  ( -29.37837499564188803, -4.483528822024589466, -22.39736782120246161 ) ) ;
#3310 = CARTESIAN_POINT ( 'NONE',  ( -15.70000000000044338, -9.232888244074917594, 0.05490651978551771423 ) ) ;
#3311 = DIRECTION ( 'NONE',  ( -1.000000000000000000, 9.125027858361904182E-16, 0.000000000000000000 ) ) ;
#3312 = ORIENTED_EDGE ( 'NONE', *, *, #5006, .T. ) ;
#3313 = CARTESIAN_POINT ( 'NONE',  ( -14.98829455000832134, -17.17151878618560090, 20.56209724421092488 ) ) ;
#3314 = VERTEX_POINT ( 'NONE', #2742 ) ;
#3316 = ORIENTED_EDGE ( 'NONE', *, *, #5953, .T. ) ;
#3315 = CARTESIAN_POINT ( 'NONE',  ( -16.20000000000044338, -6.906722299547403132, 0.2426709185257021895 ) ) ;
#3317 = CARTESIAN_POINT ( 'NONE',  ( -16.20000000000043983, -6.904353841145121073, -3.782919396294488479 ) ) ;
#3318 = CARTESIAN_POINT ( 'NONE',  ( -15.70000000000044338, -9.844654437901986910, 1.403405360279655456 ) ) ;
#3319 = ORIENTED_EDGE ( 'NONE', *, *, #7975, .T. ) ;
#3320 = CARTESIAN_POINT ( 'NONE',  ( -16.20000000000044338, -7.851904269214863952, -2.643925516291357525 ) ) ;
#3321 = CARTESIAN_POINT ( 'NONE',  ( -44.50000000000000711, -12.00000000000003553, 0.000000000000000000 ) ) ;
#3322 = VERTEX_POINT ( 'NONE', #5938 ) ;
#3323 = CARTESIAN_POINT ( 'NONE',  ( -32.19498698320091279, -5.484391656530767101, 18.19622292480130810 ) ) ;
#3324 = EDGE_CURVE ( 'NONE', #7925, #2498, #9090, .T. ) ;
#3325 = CARTESIAN_POINT ( 'NONE',  ( -27.70004900289877625, -3.986590254074723116, 15.77608868126122488 ) ) ;
#3326 = ORIENTED_EDGE ( 'NONE', *, *, #6855, .F. ) ;
#3327 = CARTESIAN_POINT ( 'NONE',  ( -28.56161049250483686, -4.562404688339369407, 22.09234275075715104 ) ) ;
#3328 = CARTESIAN_POINT ( 'NONE',  ( -17.30435913232909684, -18.47529332046699935, 17.50926056738638081 ) ) ;
#3329 = EDGE_CURVE ( 'NONE', #3699, #4578, #10093, .T. ) ;
#3330 = CARTESIAN_POINT ( 'NONE',  ( -32.73886654618790715, -6.000000000000041744, 15.00000000000000000 ) ) ;
#3331 = EDGE_LOOP ( 'NONE', ( #3241, #8295, #2728, #5243 ) ) ;
#3332 = VECTOR ( 'NONE', #8124, 1000.000000000000000 ) ;
#3333 = CARTESIAN_POINT ( 'NONE',  ( -16.20000000000043983, -8.557471109539596554, -4.694328526903809085 ) ) ;
#3334 = EDGE_CURVE ( 'NONE', #9354, #5382, #5404, .T. ) ;
#3335 = CARTESIAN_POINT ( 'NONE',  ( -25.93400632420258489, -3.895639767972286283, -20.76388544441001827 ) ) ;
#3336 = CARTESIAN_POINT ( 'NONE',  ( -24.11754798141021894, -22.33862070490335938, 7.088110729887359795 ) ) ;
#3337 = LINE ( 'NONE', #8783, #7165 ) ;
#3338 = CARTESIAN_POINT ( 'NONE',  ( -16.31537554279525182, -12.81947461075813166, -23.00000000000000000 ) ) ;
#3339 = CARTESIAN_POINT ( 'NONE',  ( -27.26048947161523373, -4.232240568869290342, -21.78638174323222287 ) ) ;
#3340 = CARTESIAN_POINT ( 'NONE',  ( -25.31198845677991471, -22.13275126118272951, 8.282551205257050242 ) ) ;
#3341 = CARTESIAN_POINT ( 'NONE',  ( -28.49265028589072557, -4.544906400559614035, 15.91271712691102636 ) ) ;
#3342 = ORIENTED_EDGE ( 'NONE', *, *, #5383, .T. ) ;
#3343 = EDGE_CURVE ( 'NONE', #7662, #5053, #7732, .T. ) ;
#3344 = CARTESIAN_POINT ( 'NONE',  ( -17.11158579120756329, -18.85355055488693310, -18.76668716591087716 ) ) ;
#3345 = CARTESIAN_POINT ( 'NONE',  ( -12.75693438455825124, -16.64809086861041720, -16.00000000000000000 ) ) ;
#3346 = CARTESIAN_POINT ( 'NONE',  ( -23.83118559568538686, -22.79311569890338873, 7.457509358128730170 ) ) ;
#3347 = CARTESIAN_POINT ( 'NONE',  ( -29.26063447981012899, -4.739790391661398594, -15.92563623364209491 ) ) ;
#3348 = ADVANCED_FACE ( 'NONE', ( #425 ), #8410, .T. ) ;
#3349 = CARTESIAN_POINT ( 'NONE',  ( -25.43172798364586740, -24.88714688336054337, -8.402290732123008254 ) ) ;
#3350 = EDGE_CURVE ( 'NONE', #6757, #9936, #2069, .T. ) ;
#3351 = CIRCLE ( 'NONE', #5022, 1.000000000000061506 ) ;
#3352 = CARTESIAN_POINT ( 'NONE',  ( -32.57768753982545462, -5.430819039184426877, 18.55528405669793202 ) ) ;
#3353 = CARTESIAN_POINT ( 'NONE',  ( -23.75351890106973229, -22.56146656070199086, -7.337631248441927490 ) ) ;
#3354 = CARTESIAN_POINT ( 'NONE',  ( -16.20000000000044338, -7.507793964305823131, -3.676566919541011558 ) ) ;
#3355 = CARTESIAN_POINT ( 'NONE',  ( -17.12051304298577747, -18.86060527521767582, -19.00000000000000000 ) ) ;
#3356 = CARTESIAN_POINT ( 'NONE',  ( -12.75693438455825124, -16.64809086861041720, -22.50000000000000000 ) ) ;
#3357 = EDGE_LOOP ( 'NONE', ( #1800, #1166, #7059, #393 ) ) ;
#3358 = CARTESIAN_POINT ( 'NONE',  ( -30.94305905697243730, -5.166709276345103241, -16.53516699094557296 ) ) ;
#3359 = AXIS2_PLACEMENT_3D ( 'NONE', #2835, #2944, #5341 ) ;
#3360 = CARTESIAN_POINT ( 'NONE',  ( -13.63894922151784073, -15.43075108558954867, -22.50000000000000000 ) ) ;
#3361 = AXIS2_PLACEMENT_3D ( 'NONE', #8655, #6291, #4719 ) ;
#3362 = CARTESIAN_POINT ( 'NONE',  ( -13.29893898089587978, -3.499999999999612754, -22.50000000000000711 ) ) ;
#3363 = DIRECTION ( 'NONE',  ( 0.000000000000000000, 1.000000000000000000, 0.000000000000000000 ) ) ;
#3364 = CARTESIAN_POINT ( 'NONE',  ( -15.70000000000043627, -10.44090382043026288, -2.543351461567653793 ) ) ;
#3365 = ORIENTED_EDGE ( 'NONE', *, *, #7841, .T. ) ;
#3366 = CARTESIAN_POINT ( 'NONE',  ( -15.70000000000043627, -8.672004050072869674, -0.4739295540736536694 ) ) ;
#3367 = CARTESIAN_POINT ( 'NONE',  ( -34.71423156829899170, 1.278697662366830468, 19.00000000000000000 ) ) ;
#3369 = ORIENTED_EDGE ( 'NONE', *, *, #6591, .T. ) ;
#3368 = CARTESIAN_POINT ( 'NONE',  ( -16.20000000000043983, -6.904353841145121073, 0.3659030946910857840 ) ) ;
#3370 = AXIS2_PLACEMENT_3D ( 'NONE', #5038, #8385, #507 ) ;
#3371 = CARTESIAN_POINT ( 'NONE',  ( -15.70000000000043983, -9.444990259596721671, 1.103440602228848544 ) ) ;
#3372 = AXIS2_PLACEMENT_3D ( 'NONE', #9519, #4267, #899 ) ;
#3373 = ORIENTED_EDGE ( 'NONE', *, *, #2065, .T. ) ;
#3374 = CARTESIAN_POINT ( 'NONE',  ( -25.65468712199255918, -3.380975368509190115, -17.29025592962199553 ) ) ;
#3375 = DIRECTION ( 'NONE',  ( 3.489994118891828400E-16, 9.887450015180092370E-16, -1.000000000000000000 ) ) ;
#3376 = VERTEX_POINT ( 'NONE', #10038 ) ;
#3377 = DIRECTION ( 'NONE',  ( 3.489994118891831358E-16, 2.898839353028375094E-16, -1.000000000000000000 ) ) ;
#3378 = EDGE_LOOP ( 'NONE', ( #1828, #7406, #8880, #1884 ) ) ;
#3379 = LOCAL_TIME ( 17, 37, 1.000000000000000000, #58 ) ;
#3380 = CYLINDRICAL_SURFACE ( 'NONE', #122, 2.100000000000004530 ) ;
#3381 = AXIS2_PLACEMENT_3D ( 'NONE', #5435, #10219, #10268 ) ;
#3382 = ORIENTED_EDGE ( 'NONE', *, *, #7284, .T. ) ;
#3383 = CARTESIAN_POINT ( 'NONE',  ( -17.73414117061782491, -18.83227646810957623, 19.14764724851167088 ) ) ;
#3384 = VECTOR ( 'NONE', #5589, 1000.000000000000114 ) ;
#3385 = CALENDAR_DATE ( 2022, 8, 12 ) ;
#3386 = CARTESIAN_POINT ( 'NONE',  ( -14.24866261705345849, -15.93718780864300122, -18.99999999999999645 ) ) ;
#3387 = ORIENTED_EDGE ( 'NONE', *, *, #6471, .T. ) ;
#3388 = CARTESIAN_POINT ( 'NONE',  ( -15.70000000000043627, -8.405300642668384725, 0.1009220427220039323 ) ) ;
#3389 = CARTESIAN_POINT ( 'NONE',  ( -23.01225337288697048, -23.21635244084942329, 6.193492042643286233 ) ) ;
#3390 = B_SPLINE_CURVE_WITH_KNOTS ( 'NONE', 3,
 ( #2485, #6664, #4904, #1717, #5150, #8064, #2438 ),
 .UNSPECIFIED., .F., .F.,
 ( 4, 1, 1, 1, 4 ),
 ( 0.000000000000000000, 0.2727955500866144356, 0.5261910092278064832, 0.7669044194616166932, 0.9999999999999998890 ),
 .UNSPECIFIED. ) ;
#3391 = CARTESIAN_POINT ( 'NONE',  ( -23.92174410275515228, -23.49963601006571068, 6.892306851232294918 ) ) ;
#3392 = AXIS2_PLACEMENT_3D ( 'NONE', #7954, #848, #4905 ) ;
#3393 = PLANE ( 'NONE',  #3392 ) ;
#3394 = CARTESIAN_POINT ( 'NONE',  ( -31.59036746121493522, -5.330966715024849201, -20.89096929817352333 ) ) ;
#3395 = CARTESIAN_POINT ( 'NONE',  ( -23.44928127291812814, -23.31773870155657491, 6.868042366384684350 ) ) ;
#3396 = ADVANCED_FACE ( 'NONE', ( #7679 ), #529, .T. ) ;
#3397 = CARTESIAN_POINT ( 'NONE',  ( -15.70000000000043983, -10.49999999999928768, -4.886390933827458483 ) ) ;
#3398 = ORIENTED_EDGE ( 'NONE', *, *, #2691, .F. ) ;
#3399 = DIRECTION ( 'NONE',  ( 1.000000000000000000, 3.469446951953615175E-16, -0.000000000000000000 ) ) ;
#3400 = DIRECTION ( 'NONE',  ( 0.5000000000000619504, 0.4999999999999335532, -0.7071067811865506814 ) ) ;
#3401 = AXIS2_PLACEMENT_3D ( 'NONE', #566, #6851, #4413 ) ;
#3402 = CARTESIAN_POINT ( 'NONE',  ( -24.27071169886434987, -22.63147812837311079, 7.241274447341490728 ) ) ;
#3403 = CARTESIAN_POINT ( 'NONE',  ( -29.88190287174594673, -4.897438504181311991, -16.04919281568919587 ) ) ;
#3404 = VERTEX_POINT ( 'NONE', #634 ) ;
#3405 = LINE ( 'NONE', #1018, #7804 ) ;
#3406 = CARTESIAN_POINT ( 'NONE',  ( -44.50000000000000711, -11.50000000000001599, 0.000000000000000000 ) ) ;
#3407 = DIRECTION ( 'NONE',  ( -9.249748337406277055E-13, 0.000000000000000000, -1.000000000000000000 ) ) ;
#3408 = CARTESIAN_POINT ( 'NONE',  ( -15.70000000000043983, -7.503628200954150174, -3.768513762645234078 ) ) ;
#3409 = EDGE_CURVE ( 'NONE', #8098, #5181, #6382, .T. ) ;
#3410 = CARTESIAN_POINT ( 'NONE',  ( -15.33184056908448056, -17.44366675840021585, -17.25757016087621665 ) ) ;
#3411 = AXIS2_PLACEMENT_3D ( 'NONE', #7049, #6277, #2204 ) ;
#3412 = CARTESIAN_POINT ( 'NONE',  ( -10.63561404099858088, -18.06230443098350591, 23.00000000000000000 ) ) ;
#3413 = ORIENTED_EDGE ( 'NONE', *, *, #7483, .T. ) ;
#3414 = EDGE_CURVE ( 'NONE', #7742, #8361, #7987, .T. ) ;
#3415 = EDGE_CURVE ( 'NONE', #8284, #7605, #1806, .T. ) ;
#3416 = LINE ( 'NONE', #6600, #2361 ) ;
#3417 = CARTESIAN_POINT ( 'NONE',  ( -11.34272082218515365, -18.06230443098350591, -23.00000000000000000 ) ) ;
#3418 = CARTESIAN_POINT ( 'NONE',  ( -28.41066742291074831, -4.196998542766227303, -22.39749392278301698 ) ) ;
#3419 = CARTESIAN_POINT ( 'NONE',  ( -15.70000000000043627, -9.364960579833843113, 0.1998809039068753513 ) ) ;
#3420 = CARTESIAN_POINT ( 'NONE',  ( -15.70000000000043983, -8.616162754740134488, -3.866934758321899146 ) ) ;
#3421 = ORIENTED_EDGE ( 'NONE', *, *, #9898, .F. ) ;
#3422 = VECTOR ( 'NONE', #4190, 1000.000000000000000 ) ;
#3423 = CARTESIAN_POINT ( 'NONE',  ( -16.20000000000043627, -8.114391335053984022, -0.7182343364033092481 ) ) ;
#3424 = VECTOR ( 'NONE', #5152, 1000.000000000000114 ) ;
#3425 = CARTESIAN_POINT ( 'NONE',  ( -16.20000000000043983, -7.503628200954149285, 0.3803087283403411289 ) ) ;
#3426 = ADVANCED_FACE ( 'NONE', ( #3801 ), #7003, .T. ) ;
#3428 = ORIENTED_EDGE ( 'NONE', *, *, #9114, .T. ) ;
#3427 = CARTESIAN_POINT ( 'NONE',  ( -11.34272082218515365, -18.06230443098350591, 22.49999999999998579 ) ) ;
#3429 = VECTOR ( 'NONE', #3399, 1000.000000000000000 ) ;
#3430 = CARTESIAN_POINT ( 'NONE',  ( 2.500000000000002220, -14.70000000000013962, -20.00000000000000000 ) ) ;
#3431 = VECTOR ( 'NONE', #5811, 1000.000000000000000 ) ;
#3432 = ORIENTED_EDGE ( 'NONE', *, *, #9774, .T. ) ;
#3433 = CARTESIAN_POINT ( 'NONE',  ( -16.20000000000043627, -6.966107794308016743, -3.352791711281113418 ) ) ;
#3434 = CARTESIAN_POINT ( 'NONE',  ( -20.50330085889907750, -12.93223304703297316, 19.00000000000000000 ) ) ;
#3435 = ORIENTED_EDGE ( 'NONE', *, *, #2308, .T. ) ;
#3436 = CARTESIAN_POINT ( 'NONE',  ( -16.20000000000043983, -7.989098054934059334, 1.521234913361374730 ) ) ;
#3437 = CONICAL_SURFACE ( 'NONE', #7741, 1.000000000000073719, 0.7853981633974447263 ) ;
#3438 = ORIENTED_EDGE ( 'NONE', *, *, #9065, .F. ) ;
#3439 = CARTESIAN_POINT ( 'NONE',  ( -16.86806248807788933, -18.11289904733532552, 20.97177135937609549 ) ) ;
#3440 = CARTESIAN_POINT ( 'NONE',  ( -19.06670549790255365, -16.91441282030091742, 19.00000000000000000 ) ) ;
#3441 = ORIENTED_EDGE ( 'NONE', *, *, #5321, .T. ) ;
#3442 = CARTESIAN_POINT ( 'NONE',  ( -17.55783315318269899, -18.68583249090378473, -18.00030720596598144 ) ) ;
#3443 = CARTESIAN_POINT ( 'NONE',  ( -15.70000000000043983, -10.49999999999928768, 3.787241086389266709 ) ) ;
#3444 = DIRECTION ( 'NONE',  ( 1.000000000000000000, 0.000000000000000000, 0.000000000000000000 ) ) ;
#3445 = ORIENTED_EDGE ( 'NONE', *, *, #3661, .T. ) ;
#3446 = CARTESIAN_POINT ( 'NONE',  ( -15.70000000000043983, -7.999445824094980395, -4.883766000705993093 ) ) ;
#3447 = CARTESIAN_POINT ( 'NONE',  ( -27.28579330277194970, -4.238657720211500113, -21.79077153005580314 ) ) ;
#3448 = CARTESIAN_POINT ( 'NONE',  ( -15.70000000000043983, -7.848345631204846740, -4.885723212095583357 ) ) ;
#3449 = CARTESIAN_POINT ( 'NONE',  ( -30.94305905697243730, -5.166709276345103241, -16.53516699094557296 ) ) ;
#3450 = CARTESIAN_POINT ( 'NONE',  ( -23.39018854678357329, -23.32882604274593064, 6.776847024138737297 ) ) ;
#3451 = DIRECTION ( 'NONE',  ( 1.000000000000000000, 0.000000000000000000, 0.000000000000000000 ) ) ;
#3452 = ORIENTED_EDGE ( 'NONE', *, *, #559, .F. ) ;
#3453 = CARTESIAN_POINT ( 'NONE',  ( -16.24847002542323793, -18.16979611941240336, -17.33952964815802389 ) ) ;
#3454 = CARTESIAN_POINT ( 'NONE',  ( -15.70000000000044338, -8.922214634246472542, -0.2685607260066071866 ) ) ;
#3455 = CARTESIAN_POINT ( 'NONE',  ( -16.20000000000043983, -8.971562269813281532, 0.6410506973918653761 ) ) ;
#3456 = CARTESIAN_POINT ( 'NONE',  ( -24.14792824313816411, -22.37519217274362049, 7.118490991615308516 ) ) ;
#3457 = CARTESIAN_POINT ( 'NONE',  ( -28.73861465687508954, -4.607319736649311714, -15.90054372738516619 ) ) ;
#3458 = VERTEX_POINT ( 'NONE', #6195 ) ;
#3459 = LINE ( 'NONE', #9807, #1184 ) ;
#3460 = CARTESIAN_POINT ( 'NONE',  ( -14.46929599737137906, -16.76038081745132047, 18.10112281902788567 ) ) ;
#3461 = DIRECTION ( 'NONE',  ( 0.7071067811865502373, -0.7071067811865449082, -0.000000000000000000 ) ) ;
#3462 = EDGE_CURVE ( 'NONE', #874, #6467, #2219, .T. ) ;
#3463 = CARTESIAN_POINT ( 'NONE',  ( 2.500000000000001332, -12.79893898089671822, -20.00000000000000000 ) ) ;
#3464 = CARTESIAN_POINT ( 'NONE',  ( -16.93278269905064803, -18.71189031539224601, -18.09792933424130723 ) ) ;
#3465 = CARTESIAN_POINT ( 'NONE',  ( -15.93075108559001407, -13.13894922151707867, 22.50000000000000000 ) ) ;
#3466 = EDGE_LOOP ( 'NONE', ( #9823, #1093, #9927, #6062 ) ) ;
#3467 = CARTESIAN_POINT ( 'NONE',  ( -15.70000000000044693, -8.226686217178693639, -0.6927059725639584942 ) ) ;
#3468 = CARTESIAN_POINT ( 'NONE',  ( -15.70000000000043983, -8.971562269813281532, -3.507771793593709386 ) ) ;
#3469 = CARTESIAN_POINT ( 'NONE',  ( -4.499999999999996447, -15.70000000000003659, 23.00000000000000000 ) ) ;
#3470 = EDGE_CURVE ( 'NONE', #2340, #5775, #8358, .T. ) ;
#3471 = CARTESIAN_POINT ( 'NONE',  ( -16.20000000000043983, -6.904353841145121073, 5.116881072215547555 ) ) ;
#3472 = CARTESIAN_POINT ( 'NONE',  ( -16.20000000000044338, -9.444990259596723448, -3.045381888756725886 ) ) ;
#3473 = VERTEX_POINT ( 'NONE', #2846 ) ;
#3474 = CARTESIAN_POINT ( 'NONE',  ( -17.07508411944874993, -18.82461769645386696, 19.46670926938992707 ) ) ;
#3475 = EDGE_CURVE ( 'NONE', #9884, #9993, #9198, .T. ) ;
#3476 = EDGE_CURVE ( 'NONE', #9828, #6193, #4629, .T. ) ;
#3478 = EDGE_LOOP ( 'NONE', ( #8345, #9197, #528, #6389 ) ) ;
#3477 = CARTESIAN_POINT ( 'NONE',  ( -16.20000000000043983, -6.972028366947921718, -0.09330328558653168403 ) ) ;
#3479 = CARTESIAN_POINT ( 'NONE',  ( -32.11162760509514413, -5.292822513154850306, -20.70262373805848100 ) ) ;
#3480 = EDGE_LOOP ( 'NONE', ( #4382, #7072 ) ) ;
#3481 = EDGE_CURVE ( 'NONE', #277, #640, #3895, .T. ) ;
#3482 = CARTESIAN_POINT ( 'NONE',  ( -15.37322947494847902, -22.09281308374683306, -22.50000000000000000 ) ) ;
#3483 = CARTESIAN_POINT ( 'NONE',  ( -16.20000000000043627, -8.356433291003842356, -4.078885613518853148 ) ) ;
#3484 = ORIENTED_EDGE ( 'NONE', *, *, #432, .F. ) ;
#3485 = CARTESIAN_POINT ( 'NONE',  ( -29.37976717539322991, -4.483941035036213663, 15.62446902343322641 ) ) ;
#3486 = EDGE_CURVE ( 'NONE', #8203, #9216, #7827, .T. ) ;
#3487 = ORIENTED_EDGE ( 'NONE', *, *, #10096, .T. ) ;
#3488 = CARTESIAN_POINT ( 'NONE',  ( -14.29450184521404665, -15.97526253140114605, 19.59178463606501452 ) ) ;
#3489 = DIRECTION ( 'NONE',  ( -0.000000000000000000, -0.000000000000000000, -1.000000000000000000 ) ) ;
#3490 = EDGE_LOOP ( 'NONE', ( #1877, #6783, #1245, #1451 ) ) ;
#3491 = CARTESIAN_POINT ( 'NONE',  ( -17.64513293113374104, -18.75834494313550138, -18.27312374782750481 ) ) ;
#3492 = DIRECTION ( 'NONE',  ( 0.000000000000000000, -1.000000000000000000, 0.000000000000000000 ) ) ;
#3493 = CARTESIAN_POINT ( 'NONE',  ( -35.98702377443470368, 0.005905456231108507231, 19.00000000000000000 ) ) ;
#3494 = ORIENTED_EDGE ( 'NONE', *, *, #575, .T. ) ;
#3495 = CARTESIAN_POINT ( 'NONE',  ( -16.20000000000043983, -9.808529584835024906, 0.5985540781265616950 ) ) ;
#3496 = CARTESIAN_POINT ( 'NONE',  ( -29.05854587728982708, -4.688506754900922502, -22.09234275069756848 ) ) ;
#3497 = PLANE ( 'NONE',  #738 ) ;
#3498 = CARTESIAN_POINT ( 'NONE',  ( -15.70000000000045048, -7.989098054934059334, 1.521234913361374730 ) ) ;
#3499 = B_SPLINE_CURVE_WITH_KNOTS ( 'NONE', 3,
 ( #9152, #5062, #5897, #6728, #6629, #4387, #3551, #2805, #9796, #2024, #9847, #492, #9052, #1925, #5161, #5216, #5948, #9999, #7394 ),
 .UNSPECIFIED., .F., .F.,
 ( 4, 1, 1, 1, 1, 1, 1, 1, 1, 1, 1, 1, 1, 1, 1, 1, 4 ),
 ( 0.000000000000000000, 0.07943572267611463678, 0.1540131742839432327, 0.2241414790393983225, 0.2899341692032362805, 0.3527323106719889578, 0.4127257792496897837, 0.4703027418920649461, 0.5271687617359286371, 0.5835022647141646646, 0.6399482172133523772, 0.6965849669119869025, 0.7537269142919263976, 0.8127070377388639910, 0.8729634806368319344, 0.9350348604089698812, 1.000000000000000000 ),
 .UNSPECIFIED. ) ;
#3500 = CARTESIAN_POINT ( 'NONE',  ( -23.36249264105978440, -23.33133753995638315, 6.734068275860435548 ) ) ;
#3501 = CARTESIAN_POINT ( 'NONE',  ( -30.70616695784601191, -5.106597515079533522, 16.39519427489754477 ) ) ;
#3502 = VERTEX_POINT ( 'NONE', #6393 ) ;
#3503 = CARTESIAN_POINT ( 'NONE',  ( -16.26629571422893861, -18.18391748572527433, -17.34915985740085276 ) ) ;
#3504 = CARTESIAN_POINT ( 'NONE',  ( -15.70000000000043627, -8.798063577315152983, -0.3780156158129427957 ) ) ;
#3505 = DIRECTION ( 'NONE',  ( 1.000000000000000000, 3.469446951953614189E-16, 0.000000000000000000 ) ) ;
#3506 = CARTESIAN_POINT ( 'NONE',  ( -34.50000000000000000, -6.000000000000042633, -15.50000000000000711 ) ) ;
#3507 = ORIENTED_EDGE ( 'NONE', *, *, #5573, .T. ) ;
#3508 = CARTESIAN_POINT ( 'NONE',  ( -27.05768226856235614, -4.180777322755182546, 16.30972141277869980 ) ) ;
#3509 = CARTESIAN_POINT ( 'NONE',  ( -14.54423529227769407, -16.81974710626642988, 17.95232586798234209 ) ) ;
#3510 = CARTESIAN_POINT ( 'NONE',  ( -23.11528316400668004, -23.28350276691617893, -6.352517950234454425 ) ) ;
#3511 = DIRECTION ( 'NONE',  ( 0.5690808351344378568, 1.862496709272780678E-16, 0.8222815838158425983 ) ) ;
#3512 = PLANE ( 'NONE',  #6764 ) ;
#3513 = CARTESIAN_POINT ( 'NONE',  ( -16.20000000000043627, -8.114391335053985799, -4.867056827388883455 ) ) ;
#3514 = DIRECTION ( 'NONE',  ( -0.7071067811865446862, -0.7071067811865503483, 0.000000000000000000 ) ) ;
#3515 = VERTEX_POINT ( 'NONE', #4774 ) ;
#3516 = CARTESIAN_POINT ( 'NONE',  ( -34.00000000000000000, -4.500000000000031974, -2.899999999999999911 ) ) ;
#3517 = CARTESIAN_POINT ( 'NONE',  ( -16.20000000000043983, -7.588739592671686296, -4.846257106773431467 ) ) ;
#3518 = AXIS2_PLACEMENT_3D ( 'NONE', #6766, #2011, #6918 ) ;
#3519 = FACE_OUTER_BOUND ( 'NONE', #4260, .T. ) ;
#3520 = CARTESIAN_POINT ( 'NONE',  ( -12.79893898089554938, -0.9999999999996799227, 23.00000000000000000 ) ) ;
#3521 = CARTESIAN_POINT ( 'NONE',  ( -23.71635244085108951, -22.51225337288521189, 23.00000000000000000 ) ) ;
#3522 = ORIENTED_EDGE ( 'NONE', *, *, #4884, .T. ) ;
#3523 = FACE_OUTER_BOUND ( 'NONE', #6738, .T. ) ;
#3525 = ORIENTED_EDGE ( 'NONE', *, *, #5114, .T. ) ;
#3524 = CARTESIAN_POINT ( 'NONE',  ( -15.70000000000043272, -7.871664704474696350, -4.191175387788553586 ) ) ;
#3526 = AXIS2_PLACEMENT_3D ( 'NONE', #4110, #207, #6501 ) ;
#3527 = CARTESIAN_POINT ( 'NONE',  ( -25.37679267874920441, -3.298693101974742969, -17.90529572361001698 ) ) ;
#3528 = ADVANCED_FACE ( 'NONE', ( #3846 ), #10290, .F. ) ;
#3529 = DIRECTION ( 'NONE',  ( -3.489994118891831851E-16, -2.898839353028370656E-16, 1.000000000000000000 ) ) ;
#3530 = LINE ( 'NONE', #6811, #2899 ) ;
#3531 = ORIENTED_EDGE ( 'NONE', *, *, #9692, .F. ) ;
#3532 = CARTESIAN_POINT ( 'NONE',  ( -16.20000000000043983, -7.155790662124287493, 1.150355366666517609 ) ) ;
#3533 = VECTOR ( 'NONE', #1033, 1000.000000000000114 ) ;
#3534 = VERTEX_POINT ( 'NONE', #5548 ) ;
#3536 = CARTESIAN_POINT ( 'NONE',  ( -17.73414117061782136, -18.83227646810957978, 19.00000000000000355 ) ) ;
#3535 = LINE ( 'NONE', #6712, #8478 ) ;
#3537 = CARTESIAN_POINT ( 'NONE',  ( -16.20000000000043983, -6.904353841145121073, 1.751725051749468021 ) ) ;
#3538 = EDGE_CURVE ( 'NONE', #9037, #1194, #2416, .T. ) ;
#3539 = ORIENTED_EDGE ( 'NONE', *, *, #7775, .F. ) ;
#3540 = CARTESIAN_POINT ( 'NONE',  ( -16.10546455054463522, -17.47947422295148456, -16.74412882792464075 ) ) ;
#3541 = AXIS2_PLACEMENT_3D ( 'NONE', #6116, #9263, #3016 ) ;
#3542 = EDGE_CURVE ( 'NONE', #3901, #5771, #1535, .T. ) ;
#3543 = EDGE_CURVE ( 'NONE', #6316, #1709, #5604, .T. ) ;
#3544 = LINE ( 'NONE', #8154, #599 ) ;
#3545 = CARTESIAN_POINT ( 'NONE',  ( -4.499999999999996447, -21.20000000000013785, -23.00000000000000000 ) ) ;
#3546 = VERTEX_POINT ( 'NONE', #9401 ) ;
#3547 = DIRECTION ( 'NONE',  ( -0.5563015902038314087, -0.4364957511095402531, -0.7071067811865523467 ) ) ;
#3548 = AXIS2_PLACEMENT_3D ( 'NONE', #10001, #6060, #2863 ) ;
#3549 = CARTESIAN_POINT ( 'NONE',  ( -30.43249908676444448, -5.037155376882291868, -21.74624403333358913 ) ) ;
#3550 = VECTOR ( 'NONE', #5018, 1000.000000000000000 ) ;
#3551 = CARTESIAN_POINT ( 'NONE',  ( -15.70000000000043983, -7.392272809534227385, -2.797623494700690383 ) ) ;
#3552 = DIRECTION ( 'NONE',  ( 0.000000000000000000, 0.000000000000000000, 1.000000000000000000 ) ) ;
#3553 =( BOUNDED_CURVE ( )  B_SPLINE_CURVE ( 3, ( #6952, #8543, #6028, #4359 ),
 .UNSPECIFIED., .F., .T. ) 
 B_SPLINE_CURVE_WITH_KNOTS ( ( 4, 4 ),
 ( 2.073421280061906735, 2.186276035465283929 ),
 .UNSPECIFIED. ) 
 CURVE ( )  GEOMETRIC_REPRESENTATION_ITEM ( )  RATIONAL_B_SPLINE_CURVE ( ( 1.000000000000000000, 0.9989389319344532669, 0.9989389319344532669, 1.000000000000000000 ) ) 
 REPRESENTATION_ITEM ( '' )  );
#3554 = CARTESIAN_POINT ( 'NONE',  ( -31.24163752145057416, -5.242475179534729079, 16.77160869560707468 ) ) ;
#3555 = CARTESIAN_POINT ( 'NONE',  ( -14.97652491440215705, -17.16219280207759112, -17.45062772300290632 ) ) ;
#3556 = CARTESIAN_POINT ( 'NONE',  ( -15.70000000000044338, -9.474536338437768990, 0.3167158695976008409 ) ) ;
#3557 = ORIENTED_EDGE ( 'NONE', *, *, #7457, .F. ) ;
#3558 = CARTESIAN_POINT ( 'NONE',  ( -15.70000000000043983, -8.616162754740134488, 0.2818877326636745617 ) ) ;
#3559 = LINE ( 'NONE', #4192, #3550 ) ;
#3560 = ORIENTED_EDGE ( 'NONE', *, *, #6284, .F. ) ;
#3561 = CARTESIAN_POINT ( 'NONE',  ( -27.05768226856235614, -4.180777322755189651, 21.69027858722130020 ) ) ;
#3562 = VECTOR ( 'NONE', #9096, 1000.000000000000000 ) ;
#3563 = CARTESIAN_POINT ( 'NONE',  ( -16.20000000000043983, -7.882496365929569038, -4.886390933827458483 ) ) ;
#3564 = CARTESIAN_POINT ( 'NONE',  ( -23.23347672849502032, -23.54833024755367532, -6.204039476972168288 ) ) ;
#3565 = CARTESIAN_POINT ( 'NONE',  ( -15.98979928067720202, -17.96488421752009401, 20.76217430862887880 ) ) ;
#3566 = FACE_OUTER_BOUND ( 'NONE', #2480, .T. ) ;
#3567 = CARTESIAN_POINT ( 'NONE',  ( -25.31198845677991471, -22.13275126118272951, 8.282551205257050242 ) ) ;
#3568 = DIRECTION ( 'NONE',  ( -3.469446951953614189E-16, 1.000000000000000000, 0.000000000000000000 ) ) ;
#3569 = VERTEX_POINT ( 'NONE', #827 ) ;
#3570 = CARTESIAN_POINT ( 'NONE',  ( -10.40885045885110394, -20.49729236784272857, 18.79729236784259427 ) ) ;
#3571 = CIRCLE ( 'NONE', #4724, 7.000000000000001776 ) ;
#3572 = ORIENTED_EDGE ( 'NONE', *, *, #3324, .T. ) ;
#3573 = CARTESIAN_POINT ( 'NONE',  ( -13.00000000000000711, -15.20000000000003482, 22.50000000000000000 ) ) ;
#3574 = CARTESIAN_POINT ( 'NONE',  ( -34.50000000000000000, -12.00000000000003197, 22.50000000000000000 ) ) ;
#3575 = DIRECTION ( 'NONE',  ( -1.000000000000000000, 1.327063459122260961E-13, 0.000000000000000000 ) ) ;
#3576 = CARTESIAN_POINT ( 'NONE',  ( -13.29893898089578208, -2.792893218813054634, 23.00000000000000000 ) ) ;
#3577 = ORIENTED_EDGE ( 'NONE', *, *, #5315, .T. ) ;
#3578 = CARTESIAN_POINT ( 'NONE',  ( -23.01225337288697048, -23.21635244084942329, -22.80000000000000071 ) ) ;
#3579 = VECTOR ( 'NONE', #8759, 1000.000000000000000 ) ;
#3581 = ORIENTED_EDGE ( 'NONE', *, *, #7785, .F. ) ;
#3580 = CARTESIAN_POINT ( 'NONE',  ( -17.67840240365596927, -18.78597904592091794, -19.58490888141915676 ) ) ;
#3582 = CARTESIAN_POINT ( 'NONE',  ( -26.44479635755025981, -3.614920236037738377, -21.55958049209175442 ) ) ;
#3583 = VECTOR ( 'NONE', #1979, 1000.000000000000000 ) ;
#3584 = VERTEX_POINT ( 'NONE', #4721 ) ;
#3585 = CARTESIAN_POINT ( 'NONE',  ( -4.499999999999995559, -21.70000000000013785, 22.50000000000001421 ) ) ;
#3586 = CARTESIAN_POINT ( 'NONE',  ( -21.76175575615275193, -20.15905952401790913, 23.00000000000000000 ) ) ;
#3587 = ORIENTED_EDGE ( 'NONE', *, *, #2699, .T. ) ;
#3588 = CARTESIAN_POINT ( 'NONE',  ( -30.08899341565387076, -4.693937110716094097, 15.77608868126122488 ) ) ;
#3589 = VERTEX_POINT ( 'NONE', #41 ) ;
#3590 = ADVANCED_FACE ( 'NONE', ( #2270, #5455, #4823 ), #7985, .F. ) ;
#3592 = LINE ( 'NONE', #9141, #49 ) ;
#3591 = CARTESIAN_POINT ( 'NONE',  ( -29.86615618053266275, -4.627956832161242318, 15.69142774434839005 ) ) ;
#3593 = DIRECTION ( 'NONE',  ( -1.000000000000000000, 0.000000000000000000, 0.000000000000000000 ) ) ;
#3594 = VECTOR ( 'NONE', #7695, 1000.000000000000000 ) ;
#3595 = ORIENTED_EDGE ( 'NONE', *, *, #4239, .T. ) ;
#3596 = CARTESIAN_POINT ( 'NONE',  ( -14.30440138401530525, -15.98348523083166484, -18.41509111858085745 ) ) ;
#3597 = CARTESIAN_POINT ( 'NONE',  ( -9.831323759719346356, -21.05862573394120929, -19.35862573394106789 ) ) ;
#3598 = DIRECTION ( 'NONE',  ( 0.000000000000000000, 0.9424406504766393855, -0.3343734743205101223 ) ) ;
#3599 = VERTEX_POINT ( 'NONE', #7216 ) ;
#3600 = AXIS2_PLACEMENT_3D ( 'NONE', #348, #8280, #2520 ) ;
#3601 = DIRECTION ( 'NONE',  ( -0.000000000000000000, -0.000000000000000000, -1.000000000000000000 ) ) ;
#3602 = ADVANCED_FACE ( 'NONE', ( #8608 ), #99, .F. ) ;
#3603 = CARTESIAN_POINT ( 'NONE',  ( -28.63611825123180665, -4.581312421066648710, -22.09616213446069111 ) ) ;
#3604 = EDGE_CURVE ( 'NONE', #9635, #3599, #6450, .T. ) ;
#3605 = ADVANCED_FACE ( 'NONE', ( #9451 ), #155, .T. ) ;
#3606 = CARTESIAN_POINT ( 'NONE',  ( -16.20000000000043983, -10.49999999999928768, 3.076323065798509226 ) ) ;
#3607 = CARTESIAN_POINT ( 'NONE',  ( -23.27771254811343482, -23.32890859184540844, 6.603228883978194297 ) ) ;
#3608 = LINE ( 'NONE', #6779, #3210 ) ;
#3609 = CARTESIAN_POINT ( 'NONE',  ( -15.00634714660238167, -17.18581626076311508, -17.42905049497248626 ) ) ;
#3610 = CARTESIAN_POINT ( 'NONE',  ( -15.70000000000043983, -9.642235741182128450, 0.4817752022743757578 ) ) ;
#3611 = EDGE_LOOP ( 'NONE', ( #7803, #762, #428, #5584, #5310, #3722, #5662, #9611, #4207, #4044, #8521, #6876, #1273 ) ) ;
#3612 = DIRECTION ( 'NONE',  ( -0.5439411238000247950, 0.4518053273691712834, 0.7071067811865487940 ) ) ;
#3613 = EDGE_CURVE ( 'NONE', #8183, #7103, #316, .T. ) ;
#3614 = CARTESIAN_POINT ( 'NONE',  ( -15.19999999999932250, -3.999999999999346301, 23.00000000000000000 ) ) ;
#3615 = APPLICATION_CONTEXT ( 'configuration controlled 3d designs of mechanical parts and assemblies' ) ;
#3616 = ORIENTED_EDGE ( 'NONE', *, *, #3860, .F. ) ;
#3617 = DIRECTION ( 'NONE',  ( 0.000000000000000000, -1.000000000000000000, 0.000000000000000000 ) ) ;
#3618 = CARTESIAN_POINT ( 'NONE',  ( -15.37947384332358247, -17.48139914501023640, 17.24633880257610841 ) ) ;
#3619 = CARTESIAN_POINT ( 'NONE',  ( -16.20000000000043627, -9.364960579833843113, -3.948941587078698134 ) ) ;
#3620 = DIRECTION ( 'NONE',  ( 1.000000000000000000, 3.469446951953615175E-16, -0.000000000000000000 ) ) ;
#3621 = ADVANCED_FACE ( 'NONE', ( #7372 ), #8163, .T. ) ;
#3622 = CARTESIAN_POINT ( 'NONE',  ( -16.94244057098047307, -18.71954240685791859, 19.87311494707318005 ) ) ;
#3623 = DIRECTION ( 'NONE',  ( 0.7071067811865943131, 0.7071067811865008323, 0.000000000000000000 ) ) ;
#3624 = CARTESIAN_POINT ( 'NONE',  ( -34.71423156829899170, 1.278697662366830468, 19.00000000000000000 ) ) ;
#3625 = CARTESIAN_POINT ( 'NONE',  ( -15.70000000000043983, -8.391015233748285951, -4.058066998995268015 ) ) ;
#3626 = ORIENTED_EDGE ( 'NONE', *, *, #1597, .T. ) ;
#3627 = CARTESIAN_POINT ( 'NONE',  ( -15.70000000000043983, -8.784289032372960548, -0.3889521085299013636 ) ) ;
#3628 = ORIENTED_EDGE ( 'NONE', *, *, #495, .F. ) ;
#3629 = CARTESIAN_POINT ( 'NONE',  ( -34.00000000000000000, -6.000000000000041744, 0.000000000000000000 ) ) ;
#3630 = DIRECTION ( 'NONE',  ( 0.7071067811865489050, 0.000000000000000000, -0.7071067811865462405 ) ) ;
#3631 = DIRECTION ( 'NONE',  ( -0.7071067811865463515, -1.915769825694706165E-16, -0.7071067811865486830 ) ) ;
#3632 = DIRECTION ( 'NONE',  ( 1.000000000000000000, -1.734723475976577126E-13, 0.000000000000000000 ) ) ;
#3633 = VERTEX_POINT ( 'NONE', #268 ) ;
#3634 = CARTESIAN_POINT ( 'NONE',  ( -29.26779434669741420, -4.741603270279323823, 15.91998265112328959 ) ) ;
#3635 = LINE ( 'NONE', #6903, #2508 ) ;
#3636 = CARTESIAN_POINT ( 'NONE',  ( -14.25989634315890520, -15.94651870325378162, -19.29528838535501478 ) ) ;
#3637 = CARTESIAN_POINT ( 'NONE',  ( -32.22655030452310143, -5.326850182347603102, -20.50557673824460991 ) ) ;
#3638 = LINE ( 'NONE', #2113, #1169 ) ;
#3639 = LINE ( 'NONE', #6912, #5552 ) ;
#3640 = ORIENTED_EDGE ( 'NONE', *, *, #8039, .T. ) ;
#3641 = FACE_OUTER_BOUND ( 'NONE', #2746, .T. ) ;
#3642 = ORIENTED_EDGE ( 'NONE', *, *, #489, .T. ) ;
#3644 = DIRECTION ( 'NONE',  ( -3.469446951953614189E-16, 1.000000000000000000, 0.000000000000000000 ) ) ;
#3643 = DIRECTION ( 'NONE',  ( 0.000000000000000000, 0.000000000000000000, -1.000000000000000000 ) ) ;
#3645 = CARTESIAN_POINT ( 'NONE',  ( -16.61954035032799482, -0.7057424773177796151, -15.50000000000000711 ) ) ;
#3646 = ORIENTED_EDGE ( 'NONE', *, *, #9626, .T. ) ;
#3647 = CARTESIAN_POINT ( 'NONE',  ( -14.33767085653754059, -16.01111933361708140, -18.27312374782750837 ) ) ;
#3648 = CARTESIAN_POINT ( 'NONE',  ( -15.70000000000043983, -8.056804533085559328, 0.8297644981971120659 ) ) ;
#3649 = CARTESIAN_POINT ( 'NONE',  ( -16.86806248805979891, -18.11289904732030109, -17.02822864061235109 ) ) ;
#3650 = EDGE_CURVE ( 'NONE', #3502, #7640, #8872, .T. ) ;
#3651 = VERTEX_POINT ( 'NONE', #9665 ) ;
#3652 = LINE ( 'NONE', #2697, #2752 ) ;
#3653 = EDGE_LOOP ( 'NONE', ( #10045, #9800, #1701, #1467 ) ) ;
#3654 = CARTESIAN_POINT ( 'NONE',  ( -29.01336614601343200, -4.677041200293940548, -22.09488481317822206 ) ) ;
#3655 = CARTESIAN_POINT ( 'NONE',  ( -31.94736955348194485, -5.421563895055236060, 20.37269268462463145 ) ) ;
#3656 = CARTESIAN_POINT ( 'NONE',  ( -15.70000000000043983, -6.905157355145650655, -3.824726665853956487 ) ) ;
#3657 = EDGE_CURVE ( 'NONE', #7167, #3164, #4396, .T. ) ;
#3658 = DIRECTION ( 'NONE',  ( 0.7071067811865008323, -0.7071067811865943131, -0.000000000000000000 ) ) ;
#3659 = DIRECTION ( 'NONE',  ( -0.000000000000000000, -0.000000000000000000, -1.000000000000000000 ) ) ;
#3660 = CARTESIAN_POINT ( 'NONE',  ( -14.87081721379646382, -17.07845651872605686, -17.53737716994557161 ) ) ;
#3661 = EDGE_CURVE ( 'NONE', #674, #8335, #673, .T. ) ;
#3662 = EDGE_LOOP ( 'NONE', ( #343, #1465, #8885, #9668, #629, #3319 ) ) ;
#3663 = LINE ( 'NONE', #6832, #3253 ) ;
#3664 = CARTESIAN_POINT ( 'NONE',  ( -26.67709731188933375, -4.084202166657355804, 16.53516699094558362 ) ) ;
#3665 = ORIENTED_EDGE ( 'NONE', *, *, #10208, .F. ) ;
#3666 = CARTESIAN_POINT ( 'NONE',  ( -29.71672491231610991, -4.855521434125615876, 22.00085138962324294 ) ) ;
#3667 = CARTESIAN_POINT ( 'NONE',  ( -15.41671555167291174, -17.51090241289157845, 17.23618959584116084 ) ) ;
#3668 = CARTESIAN_POINT ( 'NONE',  ( -13.00000000000000711, -15.70000000000003304, -23.00000000000000000 ) ) ;
#3669 = DIRECTION ( 'NONE',  ( -0.7071067811865454633, -0.7071067811865495711, 0.000000000000000000 ) ) ;
#3670 = CARTESIAN_POINT ( 'NONE',  ( -16.63924458250181360, -18.47935941294473849, 20.35170533759678335 ) ) ;
#3671 = PLANE ( 'NONE',  #5427 ) ;
#3672 = DIRECTION ( 'NONE',  ( 0.7071067811865493491, 0.000000000000000000, 0.7071067811865456854 ) ) ;
#3673 = ADVANCED_FACE ( 'NONE', ( #6654 ), #838, .T. ) ;
#3674 = CARTESIAN_POINT ( 'NONE',  ( -15.70000000000043983, -10.49999999999928768, -0.7375684428418834981 ) ) ;
#3675 = EDGE_LOOP ( 'NONE', ( #7159, #2276, #7113, #9461 ) ) ;
#3676 = DIRECTION ( 'NONE',  ( 0.4518053273690997851, -0.5439411238000829707, -0.7071067811865499042 ) ) ;
#3677 = VERTEX_POINT ( 'NONE', #4161 ) ;
#3678 = EDGE_CURVE ( 'NONE', #10221, #5043, #9499, .T. ) ;
#3679 = CARTESIAN_POINT ( 'NONE',  ( -24.98385941628142959, -24.12805422703259595, -22.49999999999999289 ) ) ;
#3680 = ADVANCED_FACE ( 'NONE', ( #1337 ), #9239, .T. ) ;
#3681 = DIRECTION ( 'NONE',  ( 0.000000000000000000, 0.000000000000000000, 1.000000000000000000 ) ) ;
#3682 = DIRECTION ( 'NONE',  ( -0.000000000000000000, -0.000000000000000000, -1.000000000000000000 ) ) ;
#3683 = PLANE ( 'NONE',  #3401 ) ;
#3684 = ORIENTED_EDGE ( 'NONE', *, *, #4237, .F. ) ;
#3685 = CARTESIAN_POINT ( 'NONE',  ( -34.00000000000000000, -6.000000000000041744, -10.50000000000001243 ) ) ;
#3686 = CARTESIAN_POINT ( 'NONE',  ( -24.98385941628142959, -24.12805422703259595, 15.00000000000000000 ) ) ;
#3687 = FACE_OUTER_BOUND ( 'NONE', #4475, .T. ) ;
#3688 = ORIENTED_EDGE ( 'NONE', *, *, #8148, .T. ) ;
#3689 = LINE ( 'NONE', #1243, #6597 ) ;
#3690 = CARTESIAN_POINT ( 'NONE',  ( -14.31568718069611990, -16.63867996912369662, -19.40666392387172934 ) ) ;
#3691 = ORIENTED_EDGE ( 'NONE', *, *, #9775, .F. ) ;
#3692 = CARTESIAN_POINT ( 'NONE',  ( -14.47899732625679903, -16.12850713373659772, 17.86946932774394625 ) ) ;
#3693 = VERTEX_POINT ( 'NONE', #3686 ) ;
#3694 = CARTESIAN_POINT ( 'NONE',  ( -16.20000000000043983, -9.808529584835024906, -1.336842802650911377 ) ) ;
#3695 = CARTESIAN_POINT ( 'NONE',  ( -14.84644660940738703, -24.24594154601780716, 23.00000000000000000 ) ) ;
#3696 = CARTESIAN_POINT ( 'NONE',  ( -14.35227831868444071, -16.66768373050418006, -18.42001242353533641 ) ) ;
#3697 = LINE ( 'NONE', #10043, #3236 ) ;
#3698 = PLANE ( 'NONE',  #4890 ) ;
#3699 = VERTEX_POINT ( 'NONE', #6856 ) ;
#3700 = LINE ( 'NONE', #4332, #5579 ) ;
#3701 = EDGE_LOOP ( 'NONE', ( #2325, #7331, #1517, #3326 ) ) ;
#3702 = CARTESIAN_POINT ( 'NONE',  ( -28.58435873798236315, -4.568177656604973436, -22.09358560390188231 ) ) ;
#3703 = DIRECTION ( 'NONE',  ( 0.000000000000000000, 1.000000000000000000, 0.000000000000000000 ) ) ;
#3704 = VECTOR ( 'NONE', #2774, 1000.000000000000114 ) ;
#3705 = LINE ( 'NONE', #2967, #1240 ) ;
#3706 = VECTOR ( 'NONE', #8359, 1000.000000000000000 ) ;
#3707 = PLANE ( 'NONE',  #7359 ) ;
#3708 = CARTESIAN_POINT ( 'NONE',  ( -0.9999999999999986677, -14.70000000000013962, -16.50000000000001066 ) ) ;
#3709 = ORIENTED_EDGE ( 'NONE', *, *, #2807, .F. ) ;
#3710 = VECTOR ( 'NONE', #9053, 1000.000000000000114 ) ;
#3711 = LINE ( 'NONE', #6885, #113 ) ;
#3712 = LINE ( 'NONE', #9367, #6873 ) ;
#3713 = CARTESIAN_POINT ( 'NONE',  ( -25.77549016955367733, -3.855415271686131629, 17.44643385345203157 ) ) ;
#3714 = CARTESIAN_POINT ( 'NONE',  ( -16.20000000000043983, -8.872802034495123280, -4.463565260288642200 ) ) ;
#3715 = PLANE ( 'NONE',  #4686 ) ;
#3716 = LINE ( 'NONE', #10010, #4370 ) ;
#3717 = FACE_OUTER_BOUND ( 'NONE', #6346, .T. ) ;
#3718 = EDGE_CURVE ( 'NONE', #2563, #9137, #623, .T. ) ;
#3719 = CARTESIAN_POINT ( 'NONE',  ( -25.39142907280059447, -22.35781327943306707, 8.361991821277731773 ) ) ;
#3720 = VECTOR ( 'NONE', #9154, 1000.000000000000114 ) ;
#3721 = DIRECTION ( 'NONE',  ( 0.7071067811865474617, 0.7071067811865474617, 0.000000000000000000 ) ) ;
#3722 = ORIENTED_EDGE ( 'NONE', *, *, #2820, .F. ) ;
#3723 = CARTESIAN_POINT ( 'NONE',  ( -26.81912412289743486, -4.120241447803310919, 16.45142608954273911 ) ) ;
#3724 = VERTEX_POINT ( 'NONE', #8496 ) ;
#3725 = CARTESIAN_POINT ( 'NONE',  ( -16.23798759030323779, -18.16149221646913503, 17.33402725713296277 ) ) ;
#3726 = CARTESIAN_POINT ( 'NONE',  ( -16.32957124361543322, -18.23404232619193976, 20.61789907669575328 ) ) ;
#3727 = LINE ( 'NONE', #9924, #8884 ) ;
#3728 = CARTESIAN_POINT ( 'NONE',  ( -23.29311569877067356, -23.33118559566490191, 6.627001475171637068 ) ) ;
#3729 = LINE ( 'NONE', #9818, #8208 ) ;
#3730 = ORIENTED_EDGE ( 'NONE', *, *, #5616, .F. ) ;
#3731 = CARTESIAN_POINT ( 'NONE',  ( -27.93334329227907986, -4.055666780671350224, 22.28876940430922104 ) ) ;
#3732 = EDGE_CURVE ( 'NONE', #3589, #5181, #2890, .T. ) ;
#3733 = DIRECTION ( 'NONE',  ( 0.000000000000000000, -0.9420401080174656272, -0.3355002755385478319 ) ) ;
#3734 = EDGE_CURVE ( 'NONE', #6917, #10071, #5029, .T. ) ;
#3735 = CARTESIAN_POINT ( 'NONE',  ( -17.73414117061782136, -18.83227646810957623, -18.99999999999999645 ) ) ;
#3736 = ADVANCED_FACE ( 'NONE', ( #10081 ), #5738, .T. ) ;
#3737 = AXIS2_PLACEMENT_3D ( 'NONE', #3545, #330, #3444 ) ;
#3738 = CARTESIAN_POINT ( 'NONE',  ( -31.44448195795785495, -5.293947607983358061, -21.04856212461249854 ) ) ;
#3739 = CARTESIAN_POINT ( 'NONE',  ( -28.34416479985692305, -4.507222953812919819, -15.92722283216315482 ) ) ;
#3740 = DIRECTION ( 'NONE',  ( 1.000000000000000000, 3.469446951953615175E-16, -0.000000000000000000 ) ) ;
#3741 = CARTESIAN_POINT ( 'NONE',  ( -15.69999999999932250, -3.999999999999281908, -22.49999999999999289 ) ) ;
#3742 = ORIENTED_EDGE ( 'NONE', *, *, #8737, .T. ) ;
#3743 = AXIS2_PLACEMENT_3D ( 'NONE', #9613, #9033, #161 ) ;
#3744 = EDGE_CURVE ( 'NONE', #5509, #1335, #2503, .T. ) ;
#3745 = CARTESIAN_POINT ( 'NONE',  ( -15.76328130188208299, -17.19525189094221318, 16.75867021068663476 ) ) ;
#3746 = VERTEX_POINT ( 'NONE', #1074 ) ;
#3748 = FACE_OUTER_BOUND ( 'NONE', #9605, .T. ) ;
#3747 = DIRECTION ( 'NONE',  ( 1.000000000000000000, 3.469446951953615175E-16, -0.000000000000000000 ) ) ;
#3749 = FACE_OUTER_BOUND ( 'NONE', #1352, .T. ) ;
#3750 = ORIENTED_EDGE ( 'NONE', *, *, #8580, .T. ) ;
#3751 = CARTESIAN_POINT ( 'NONE',  ( -14.27973368366544271, -16.61021580999513247, -19.11781038324074444 ) ) ;
#3752 = VECTOR ( 'NONE', #1737, 999.9999999999998863 ) ;
#3753 = ORIENTED_EDGE ( 'NONE', *, *, #8998, .F. ) ;
#3754 = CARTESIAN_POINT ( 'NONE',  ( -34.50000000000000000, -6.000000000000042633, -22.50000000000000711 ) ) ;
#3755 = CARTESIAN_POINT ( 'NONE',  ( -15.70000000000043272, -10.15014371292751072, 1.540350839801835736 ) ) ;
#3756 = ORIENTED_EDGE ( 'NONE', *, *, #1001, .T. ) ;
#3757 = AXIS2_PLACEMENT_3D ( 'NONE', #7866, #10270, #4804 ) ;
#3758 = ORIENTED_EDGE ( 'NONE', *, *, #1730, .F. ) ;
#3759 = CARTESIAN_POINT ( 'NONE',  ( -31.11715136395633863, -5.210889769895400647, -21.33008022501318024 ) ) ;
#3760 = LINE ( 'NONE', #1495, #441 ) ;
#3761 = VECTOR ( 'NONE', #3721, 1000.000000000000114 ) ;
#3762 = CARTESIAN_POINT ( 'NONE',  ( -32.60158332329182684, -5.437894384777098189, 19.00000000000000000 ) ) ;
#3763 = LINE ( 'NONE', #8468, #7189 ) ;
#3764 = AXIS2_PLACEMENT_3D ( 'NONE', #4641, #7795, #4542 ) ;
#3765 = DIRECTION ( 'NONE',  ( 0.000000000000000000, 0.000000000000000000, 1.000000000000000000 ) ) ;
#3766 = ORIENTED_EDGE ( 'NONE', *, *, #4861, .T. ) ;
#3767 = AXIS2_PLACEMENT_3D ( 'NONE', #9242, #1091, #320 ) ;
#3768 = PLANE ( 'NONE',  #2089 ) ;
#3769 = CARTESIAN_POINT ( 'NONE',  ( -4.499999999999996447, -15.20000000000003482, 22.50000000000000000 ) ) ;
#3770 = B_SPLINE_CURVE_WITH_KNOTS ( 'NONE', 3,
 ( #9015, #1891, #5080, #3513, #6841, #2822, #4348, #10013, #4458, #1987, #2876 ),
 .UNSPECIFIED., .F., .F.,
 ( 4, 1, 1, 1, 1, 1, 1, 1, 4 ),
 ( 0.000000000000000000, 0.1191762436674470571, 0.2364273787594516341, 0.3526638478564029788, 0.4690860844274157837, 0.5894629077907684866, 0.7176014692905113845, 0.8541894668533106527, 1.000000000000000000 ),
 .UNSPECIFIED. ) ;
#3771 = CARTESIAN_POINT ( 'NONE',  ( -30.75231675888242222, -4.890341714885369839, 21.94839855693671993 ) ) ;
#3772 = CARTESIAN_POINT ( 'NONE',  ( -16.20000000000043983, -8.976728148939328022, -4.365520845354883939 ) ) ;
#3773 = CARTESIAN_POINT ( 'NONE',  ( -15.70000000000043272, -7.060056848763235138, -0.2830861724592369510 ) ) ;
#3774 = VECTOR ( 'NONE', #4478, 1000.000000000000000 ) ;
#3775 = CARTESIAN_POINT ( 'NONE',  ( -14.83277885691038023, -17.04832119718130912, 20.42665254456834489 ) ) ;
#3776 = DIRECTION ( 'NONE',  ( 0.7692489144105421062, 0.6389492215177998702, 0.000000000000000000 ) ) ;
#3777 = CARTESIAN_POINT ( 'NONE',  ( -25.30602362989167631, -3.277738966755185501, -18.11910417761286496 ) ) ;
#3778 = DIRECTION ( 'NONE',  ( 0.000000000000000000, 0.000000000000000000, -1.000000000000000000 ) ) ;
#3779 = EDGE_LOOP ( 'NONE', ( #275, #415, #1259, #1147 ) ) ;
#3780 = CARTESIAN_POINT ( 'NONE',  ( -26.07128308776728076, -3.930468861306672945, 17.07202943745592805 ) ) ;
#3781 = ORIENTED_EDGE ( 'NONE', *, *, #8661, .F. ) ;
#3782 = CARTESIAN_POINT ( 'NONE',  ( -14.46746402760057215, -16.75893076982056229, 18.09792933424130723 ) ) ;
#3783 = DIRECTION ( 'NONE',  ( 3.469446951953614189E-16, -1.000000000000000000, 0.000000000000000000 ) ) ;
#3784 = DIRECTION ( 'NONE',  ( 1.000000000000000000, 3.469446951953615175E-16, -0.000000000000000000 ) ) ;
#3785 = CARTESIAN_POINT ( 'NONE',  ( -16.20000000000043983, -6.937770218718535276, -3.453388276238173127 ) ) ;
#3786 = ADVANCED_FACE ( 'NONE', ( #9708 ), #1680, .F. ) ;
#3787 = ORIENTED_EDGE ( 'NONE', *, *, #2199, .F. ) ;
#3788 = CARTESIAN_POINT ( 'NONE',  ( -26.10166854280219795, -3.513322902967789485, 21.24511232430544538 ) ) ;
#3789 = CARTESIAN_POINT ( 'NONE',  ( -15.70000000000045048, -6.904353841145121073, 0.3659030946910857840 ) ) ;
#3790 = CARTESIAN_POINT ( 'NONE',  ( -14.67844465534218301, -16.29417095628558343, -17.50926056738636660 ) ) ;
#3791 = CARTESIAN_POINT ( 'NONE',  ( -25.31333145693570330, -3.738140405639853281, -19.20289566018267635 ) ) ;
#3792 = EDGE_CURVE ( 'NONE', #5937, #10247, #8963, .T. ) ;
#3793 = CARTESIAN_POINT ( 'NONE',  ( -28.14042227127259821, -4.455527396554126440, -15.95737252812660323 ) ) ;
#3794 = LINE ( 'NONE', #10237, #1431 ) ;
#3795 = CARTESIAN_POINT ( 'NONE',  ( -14.66253356470366143, -16.91345899833688904, -20.22961138430373751 ) ) ;
#3796 = EDGE_CURVE ( 'NONE', #4773, #4026, #4199, .T. ) ;
#3797 = VERTEX_POINT ( 'NONE', #7258 ) ;
#3798 = EDGE_CURVE ( 'NONE', #9179, #2273, #5697, .T. ) ;
#3799 = CARTESIAN_POINT ( 'NONE',  ( -15.11802746069450087, -16.65929476213157301, 17.04228325489188478 ) ) ;
#3800 = ORIENTED_EDGE ( 'NONE', *, *, #8097, .F. ) ;
#3802 = CARTESIAN_POINT ( 'NONE',  ( -16.20000000000043983, -6.904353841145121073, 0.3659030946910857840 ) ) ;
#3801 = FACE_OUTER_BOUND ( 'NONE', #2983, .T. ) ;
#3803 = CARTESIAN_POINT ( 'NONE',  ( -15.19999999999925677, -3.499999999999283240, 22.50000000000000000 ) ) ;
#3804 = CARTESIAN_POINT ( 'NONE',  ( -15.60715855638015448, -17.66176630779454015, -17.20000000000010232 ) ) ;
#3805 = EDGE_CURVE ( 'NONE', #7019, #3546, #2612, .T. ) ;
#3806 = ORIENTED_EDGE ( 'NONE', *, *, #9622, .T. ) ;
#3807 = DIRECTION ( 'NONE',  ( -0.7071067811865486830, 1.232595164407830946E-32, 0.7071067811865464625 ) ) ;
#3808 = CARTESIAN_POINT ( 'NONE',  ( 2.500000000000001332, -12.29893898089671822, -22.50000000000000355 ) ) ;
#3809 = ADVANCED_FACE ( 'NONE', ( #5805 ), #8857, .F. ) ;
#3810 = ORIENTED_EDGE ( 'NONE', *, *, #8341, .T. ) ;
#3811 = ADVANCED_FACE ( 'NONE', ( #305 ), #6643, .T. ) ;
#3812 = VERTEX_POINT ( 'NONE', #9811 ) ;
#3813 = CARTESIAN_POINT ( 'NONE',  ( -31.07312476792137090, -5.199718247042148356, 21.36336499496339414 ) ) ;
#3814 = CARTESIAN_POINT ( 'NONE',  ( -27.92288623803985459, -4.052570532635460410, 22.30857225565798885 ) ) ;
#3815 = DIRECTION ( 'NONE',  ( -0.000000000000000000, -1.000000000000000000, -0.000000000000000000 ) ) ;
#3816 = CARTESIAN_POINT ( 'NONE',  ( -4.499999999999995559, -21.70000000000013785, 20.00000000000000000 ) ) ;
#3817 = ORIENTED_EDGE ( 'NONE', *, *, #4744, .T. ) ;
#3818 = CARTESIAN_POINT ( 'NONE',  ( -19.34214510301534418, -21.59787395021090006, 23.00000000000000000 ) ) ;
#3819 = CARTESIAN_POINT ( 'NONE',  ( -25.77549016955367733, -3.855415271686131629, 17.44643385345203157 ) ) ;
#3820 = CARTESIAN_POINT ( 'NONE',  ( -30.56247410029939360, -5.070134120247282716, 16.30972141277869625 ) ) ;
#3821 = LINE ( 'NONE', #1502, #199 ) ;
#3822 = FACE_OUTER_BOUND ( 'NONE', #3974, .T. ) ;
#3823 = CARTESIAN_POINT ( 'NONE',  ( -15.42685452479578245, -17.51893419820910935, 20.76637517319250037 ) ) ;
#3824 = DIRECTION ( 'NONE',  ( -0.000000000000000000, 1.000000000000000000, -0.000000000000000000 ) ) ;
#3825 = CARTESIAN_POINT ( 'NONE',  ( -26.10166854280221571, -3.513322902967793482, -21.24511232430543828 ) ) ;
#3826 = DIRECTION ( 'NONE',  ( -3.469446951953614189E-16, 1.000000000000000000, 0.000000000000000000 ) ) ;
#3827 = ORIENTED_EDGE ( 'NONE', *, *, #3280, .T. ) ;
#3828 = DIRECTION ( 'NONE',  ( -1.000000000000000000, 0.000000000000000000, 0.000000000000000000 ) ) ;
#3829 = CARTESIAN_POINT ( 'NONE',  ( -16.81399438882110076, -18.61779111663125974, 17.88270092571182701 ) ) ;
#3830 = CARTESIAN_POINT ( 'NONE',  ( -23.32401640197696935, -23.33261654036801147, 6.674696538115878930 ) ) ;
#3831 = CARTESIAN_POINT ( 'NONE',  ( -11.87494185511976319, -22.72740046905179767, -21.47259953094835438 ) ) ;
#3832 = ORIENTED_EDGE ( 'NONE', *, *, #1493, .F. ) ;
#3833 = CARTESIAN_POINT ( 'NONE',  ( -29.13714921378206313, -4.412103845525188639, 22.39743087199274285 ) ) ;
#3834 = CARTESIAN_POINT ( 'NONE',  ( -15.70000000000043983, -6.937770218718534387, 0.6954342147474026348 ) ) ;
#3835 = CARTESIAN_POINT ( 'NONE',  ( -16.20000000000043272, -14.70000000000014317, 23.00000000000000000 ) ) ;
#3837 = VERTEX_POINT ( 'NONE', #976 ) ;
#3836 = CARTESIAN_POINT ( 'NONE',  ( -14.32516260720247736, -16.64620338875893779, -18.53329073061007293 ) ) ;
#3838 = CARTESIAN_POINT ( 'NONE',  ( -25.77549016955369154, -3.855415271686121859, -17.44643385345202802 ) ) ;
#3839 = CARTESIAN_POINT ( 'NONE',  ( -26.89167546772835848, -4.138652240169101049, -16.40805824256970169 ) ) ;
#3840 = AXIS2_PLACEMENT_3D ( 'NONE', #6083, #7625, #569 ) ;
#3841 = CARTESIAN_POINT ( 'NONE',  ( -16.20000000000043983, -7.505049097994959340, 0.4116708068478105997 ) ) ;
#3842 = CARTESIAN_POINT ( 'NONE',  ( -15.42111763022157334, -17.51438965762725886, -20.76493419896266701 ) ) ;
#3843 = ORIENTED_EDGE ( 'NONE', *, *, #9895, .F. ) ;
#3844 = CARTESIAN_POINT ( 'NONE',  ( -14.60573695979348230, -16.23377889774781124, 20.37605907320817522 ) ) ;
#3845 = ORIENTED_EDGE ( 'NONE', *, *, #1171, .F. ) ;
#3847 = PLANE ( 'NONE',  #2861 ) ;
#3846 = FACE_OUTER_BOUND ( 'NONE', #5302, .T. ) ;
#3848 = FACE_OUTER_BOUND ( 'NONE', #7937, .T. ) ;
#3849 = CARTESIAN_POINT ( 'NONE',  ( -16.15779467885239384, -18.09796552373046197, -17.29193275965529963 ) ) ;
#3850 = EDGE_CURVE ( 'NONE', #1068, #1350, #3770, .T. ) ;
#3851 = VERTEX_POINT ( 'NONE', #9225 ) ;
#3852 = CARTESIAN_POINT ( 'NONE',  ( -15.70000000000044338, -7.507793964305819578, 0.4722555714445640374 ) ) ;
#3853 = CARTESIAN_POINT ( 'NONE',  ( -21.98993461845848429, -24.44715070390630274, 23.00000000000000000 ) ) ;
#3854 = ORIENTED_EDGE ( 'NONE', *, *, #6398, .F. ) ;
#3855 = ORIENTED_EDGE ( 'NONE', *, *, #8218, .F. ) ;
#3856 = EDGE_CURVE ( 'NONE', #645, #3534, #5233, .T. ) ;
#3857 = CARTESIAN_POINT ( 'NONE',  ( -29.63737023589751729, -4.835388107116152412, 22.01209660456889239 ) ) ;
#3858 = CARTESIAN_POINT ( 'NONE',  ( -17.73414117061782136, -18.83227646810957623, 19.00000000000000000 ) ) ;
#3859 = EDGE_CURVE ( 'NONE', #3677, #3165, #6017, .T. ) ;
#3860 = EDGE_CURVE ( 'NONE', #6451, #3651, #9966, .T. ) ;
#3861 = AXIS2_PLACEMENT_3D ( 'NONE', #9594, #764, #7815 ) ;
#3862 = FACE_OUTER_BOUND ( 'NONE', #351, .T. ) ;
#3863 = CARTESIAN_POINT ( 'NONE',  ( -3.335038795898049635, -18.00043412189036829, 23.00000000000000000 ) ) ;
#3864 = ORIENTED_EDGE ( 'NONE', *, *, #4369, .T. ) ;
#3865 = DIRECTION ( 'NONE',  ( -3.469446951953614189E-16, 1.000000000000000000, 0.000000000000000000 ) ) ;
#3866 = CARTESIAN_POINT ( 'NONE',  ( -30.35966689724654088, -5.018670874133167814, 21.78638174323221577 ) ) ;
#3867 = VECTOR ( 'NONE', #7657, 1000.000000000000000 ) ;
#3868 = CARTESIAN_POINT ( 'NONE',  ( -16.20000000000043983, -10.49999999999928768, -0.7375684428418834981 ) ) ;
#3869 = CARTESIAN_POINT ( 'NONE',  ( -15.70000000000043983, -7.255515437167127324, -0.5126960369936794937 ) ) ;
#3870 = AXIS2_PLACEMENT_3D ( 'NONE', #4955, #2539, #9687 ) ;
#3871 = CARTESIAN_POINT ( 'NONE',  ( -15.70000000000043983, -6.904353841145121073, 4.386515446198294477 ) ) ;
#3872 = CARTESIAN_POINT ( 'NONE',  ( -34.00000000000000000, -8.000000000000031974, 0.000000000000000000 ) ) ;
#3874 = EDGE_LOOP ( 'NONE', ( #1765, #8743, #1792, #8923, #3587, #4376, #1696, #9460, #8109, #8702, #7352, #6434 ) ) ;
#3873 = CARTESIAN_POINT ( 'NONE',  ( -28.65189320477056611, -4.268423519265622801, -22.39743087199274285 ) ) ;
#3875 = CARTESIAN_POINT ( 'NONE',  ( -21.92167949236209523, -22.31050607705835631, -5.102918162118348810 ) ) ;
#3876 = ORIENTED_EDGE ( 'NONE', *, *, #3970, .F. ) ;
#3877 = CIRCLE ( 'NONE', #6368, 1.599999999999990319 ) ;
#3878 = CARTESIAN_POINT ( 'NONE',  ( -26.37718783470363704, -4.008099035992295001, 16.77278831955312199 ) ) ;
#3879 = ORIENTED_EDGE ( 'NONE', *, *, #5006, .F. ) ;
#3880 = CARTESIAN_POINT ( 'NONE',  ( -15.70000000000043983, -7.183698034253646725, -0.4438349079535793829 ) ) ;
#3881 = CARTESIAN_POINT ( 'NONE',  ( -15.70000000000043983, -6.905854527548331845, -3.669262641750473897 ) ) ;
#3882 = VERTEX_POINT ( 'NONE', #7564 ) ;
#3883 = DIRECTION ( 'NONE',  ( -1.000000000000000000, 0.000000000000000000, 0.000000000000000000 ) ) ;
#3884 = AXIS2_PLACEMENT_3D ( 'NONE', #2247, #9274, #5433 ) ;
#3885 = CARTESIAN_POINT ( 'NONE',  ( -16.20000000000044338, -8.922214634246472542, -4.417383216992182504 ) ) ;
#3886 = CARTESIAN_POINT ( 'NONE',  ( -14.35227831868444071, -16.66768373050418006, -18.42001242353533641 ) ) ;
#3887 = AXIS2_PLACEMENT_3D ( 'NONE', #4147, #7304, #3188 ) ;
#3888 = CARTESIAN_POINT ( 'NONE',  ( -29.37976717539322635, -4.483941035036213663, -15.62446902343323529 ) ) ;
#3889 = CARTESIAN_POINT ( 'NONE',  ( -27.18765728208590104, -4.213756066116947530, -16.25375596667196021 ) ) ;
#3890 = CARTESIAN_POINT ( 'NONE',  ( -16.20000000000043983, -8.056804533085559328, 0.8297644981971120659 ) ) ;
#3891 = CARTESIAN_POINT ( 'NONE',  ( -15.40108074107057590, -17.49851655947736262, -20.75968743614368961 ) ) ;
#3892 = ORIENTED_EDGE ( 'NONE', *, *, #9786, .F. ) ;
#3893 = CIRCLE ( 'NONE', #4716, 10.50000000000000000 ) ;
#3894 = CARTESIAN_POINT ( 'NONE',  ( -14.98829455000832489, -17.17151878618560801, 17.43790275578906801 ) ) ;
#3895 = B_SPLINE_CURVE_WITH_KNOTS ( 'NONE', 3,
 ( #4000, #7063, #8656, #675, #720, #7883, #8712, #9501, #3156, #9608, #3951, #7778, #6342, #4669, #1591, #3205, #8765, #10242 ),
 .UNSPECIFIED., .F., .F.,
 ( 4, 2, 2, 2, 2, 2, 2, 2, 4 ),
 ( 0.000000000000000000, 0.1250000000000000000, 0.2500000000000000000, 0.3750000000000000000, 0.5000000000000000000, 0.6250000000000000000, 0.7500000000000000000, 0.8750000000000000000, 1.000000000000000000 ),
 .UNSPECIFIED. ) ;
#3896 = VECTOR ( 'NONE', #9301, 1000.000000000000000 ) ;
#3897 = CARTESIAN_POINT ( 'NONE',  ( -16.20000000000044338, -8.446784103596193916, -0.6071527367392721697 ) ) ;
#3898 = CARTESIAN_POINT ( 'NONE',  ( 2.800353673034478685, -13.09929265393119735, -22.19964632696552798 ) ) ;
#3899 = FACE_BOUND ( 'NONE', #4001, .T. ) ;
#3900 = CARTESIAN_POINT ( 'NONE',  ( -15.53422759175646384, -17.00499658212234522, 16.80346495165758469 ) ) ;
#3901 = VERTEX_POINT ( 'NONE', #556 ) ;
#3902 = FACE_OUTER_BOUND ( 'NONE', #2054, .T. ) ;
#3903 = DIRECTION ( 'NONE',  ( -0.000000000000000000, -1.000000000000000000, -0.000000000000000000 ) ) ;
#3904 = VERTEX_POINT ( 'NONE', #6071 ) ;
#3905 = EDGE_CURVE ( 'NONE', #3882, #7272, #1763, .T. ) ;
#3906 = ORIENTED_EDGE ( 'NONE', *, *, #8148, .F. ) ;
#3907 = CARTESIAN_POINT ( 'NONE',  ( -28.34416479952783163, -4.507222953727985093, 22.07277716779749710 ) ) ;
#3908 = AXIS2_PLACEMENT_3D ( 'NONE', #9602, #2617, #2457 ) ;
#3909 = B_SPLINE_SURFACE_WITH_KNOTS ( 'NONE', 3, 1, ( 
 ( #4018, #3227 ),
 ( #8945, #1657 ),
 ( #9625, #3446 ),
 ( #4790, #2382 ),
 ( #5572, #4176 ),
 ( #62, #959 ),
 ( #125, #7237 ),
 ( #3333, #8892 ),
 ( #5787, #4899 ),
 ( #6627, #7179 ),
 ( #2482, #7391 ) ),
 .UNSPECIFIED., .F., .F., .F.,
 ( 4, 1, 1, 1, 1, 1, 1, 1, 4 ),
 ( 2, 2 ),
 ( 0.000000000000000000, 0.1191762436674470571, 0.2364273787594516341, 0.3526638478564029788, 0.4690860844274157837, 0.5894629077907684866, 0.7176014692905113845, 0.8541894668533106527, 1.000000000000000000 ),
 ( 0.000000000000000000, 1.000000000000000000 ),
 .UNSPECIFIED. ) ;
#3910 = FACE_OUTER_BOUND ( 'NONE', #3701, .T. ) ;
#3911 = PLANE ( 'NONE',  #889 ) ;
#3912 = EDGE_CURVE ( 'NONE', #6451, #9018, #5285, .T. ) ;
#3913 = CARTESIAN_POINT ( 'NONE',  ( -14.27973368366544626, -16.61021580999513958, -18.99999999999999645 ) ) ;
#3914 = ORIENTED_EDGE ( 'NONE', *, *, #10197, .F. ) ;
#3915 = VECTOR ( 'NONE', #8443, 1000.000000000000000 ) ;
#3916 = DIRECTION ( 'NONE',  ( 0.4518053273690987304, -0.5439411238000807503, -0.7071067811865524577 ) ) ;
#3917 = EDGE_CURVE ( 'NONE', #10103, #9265, #2041, .T. ) ;
#3918 = EDGE_CURVE ( 'NONE', #3473, #9291, #1279, .T. ) ;
#3919 = CARTESIAN_POINT ( 'NONE',  ( -15.97339220181311781, -17.95188688696994461, 17.23362482679691254 ) ) ;
#3920 = CARTESIAN_POINT ( 'NONE',  ( -16.20000000000043983, -7.503628200954149285, 0.3803087283403411289 ) ) ;
#3921 = CARTESIAN_POINT ( 'NONE',  ( -15.70000000000043983, -7.682800240769650735, -0.7203760767243080343 ) ) ;
#3922 = CARTESIAN_POINT ( 'NONE',  ( -15.32503926921702764, -17.43827316988918597, 20.73710360444222900 ) ) ;
#3923 = CYLINDRICAL_SURFACE ( 'NONE', #4764, 2.100000000000004530 ) ;
#3925 = ORIENTED_EDGE ( 'NONE', *, *, #10087, .T. ) ;
#3924 = CARTESIAN_POINT ( 'NONE',  ( -27.03672565967021768, -3.790185649905445153, -16.05160144306329073 ) ) ;
#3926 = AXIS2_PLACEMENT_3D ( 'NONE', #4953, #8110, #7337 ) ;
#3927 = DIRECTION ( 'NONE',  ( -3.469446951953614189E-16, 1.000000000000000000, 0.000000000000000000 ) ) ;
#3928 = EDGE_LOOP ( 'NONE', ( #7918, #8873 ) ) ;
#3929 = VECTOR ( 'NONE', #1674, 1000.000000000000000 ) ;
#3930 = CARTESIAN_POINT ( 'NONE',  ( -26.63504357840124470, -4.073527161955954767, 16.57218222446602240 ) ) ;
#3931 = ORIENTED_EDGE ( 'NONE', *, *, #7904, .T. ) ;
#3932 = ADVANCED_FACE ( 'NONE', ( #8481 ), #6689, .F. ) ;
#3933 = CARTESIAN_POINT ( 'NONE',  ( -15.37322947494847902, -22.09281308374683306, 16.00000000000000000 ) ) ;
#3934 = CARTESIAN_POINT ( 'NONE',  ( -14.77218871093992369, -18.66334519499208611, 19.00000000000000000 ) ) ;
#3935 = CARTESIAN_POINT ( 'NONE',  ( -16.20000000000043272, -7.601964286192010256, -2.704889371330680081 ) ) ;
#3936 = VERTEX_POINT ( 'NONE', #9863 ) ;
#3937 = EDGE_CURVE ( 'NONE', #539, #6462, #1368, .T. ) ;
#3938 = CIRCLE ( 'NONE', #8899, 4.670725942163688416 ) ;
#3939 = CARTESIAN_POINT ( 'NONE',  ( -26.44479635755024916, -3.614920236037733936, 21.55958049209175798 ) ) ;
#3940 = CARTESIAN_POINT ( 'NONE',  ( -16.20000000000044338, -8.056804533085561104, -3.319057992788463363 ) ) ;
#3941 = CARTESIAN_POINT ( 'NONE',  ( -34.00000000000000000, -8.000000000000031974, 10.00000000000000000 ) ) ;
#3942 = CARTESIAN_POINT ( 'NONE',  ( -16.93278269905065159, -18.71189031539224956, -19.90207066575869632 ) ) ;
#3943 = CARTESIAN_POINT ( 'NONE',  ( -30.94305905697244086, -5.166709276345105017, -21.46483300905441638 ) ) ;
#3944 = CARTESIAN_POINT ( 'NONE',  ( -28.06817538591671735, -4.437194603928890757, -15.97009708869367728 ) ) ;
#3945 = CARTESIAN_POINT ( 'NONE',  ( -16.20000000000043983, -8.437525039241712932, -4.024967190672311013 ) ) ;
#3946 = DIRECTION ( 'NONE',  ( -0.7071067811865452413, -0.7071067811865497932, 0.000000000000000000 ) ) ;
#3947 = CARTESIAN_POINT ( 'NONE',  ( -16.45223813169240756, -18.33121678945232347, -20.52700751306961990 ) ) ;
#3948 = ORIENTED_EDGE ( 'NONE', *, *, #8354, .T. ) ;
#3949 = CARTESIAN_POINT ( 'NONE',  ( -17.73414117061782491, -18.83227646810957623, 19.14764724851167088 ) ) ;
#3950 = CARTESIAN_POINT ( 'NONE',  ( 10.24147778949298804, -20.54041677038971159, -16.79337490678198108 ) ) ;
#3952 = VERTEX_POINT ( 'NONE', #8438 ) ;
#3951 = CARTESIAN_POINT ( 'NONE',  ( -24.19195364344881938, -23.22918850947582214, -7.162516391925961123 ) ) ;
#3953 = CARTESIAN_POINT ( 'NONE',  ( -16.20000000000043983, -6.905157355145650655, -3.824726665853956487 ) ) ;
#3954 =( BOUNDED_CURVE ( )  B_SPLINE_CURVE ( 3, ( #4836, #2328, #6256, #4072 ),
 .UNSPECIFIED., .F., .T. ) 
 B_SPLINE_CURVE_WITH_KNOTS ( ( 4, 4 ),
 ( 5.943865183741793956, 6.283185307179586232 ),
 .UNSPECIFIED. ) 
 CURVE ( )  GEOMETRIC_REPRESENTATION_ITEM ( )  RATIONAL_B_SPLINE_CURVE ( ( 1.000000000000000000, 0.9904281476795127048, 0.9904281476795127048, 1.000000000000000000 ) ) 
 REPRESENTATION_ITEM ( '' )  );
#3955 = CARTESIAN_POINT ( 'NONE',  ( -16.20000000000043272, -10.15014371292751072, 1.540350839801835736 ) ) ;
#3956 = ORIENTED_EDGE ( 'NONE', *, *, #8596, .F. ) ;
#3957 = CARTESIAN_POINT ( 'NONE',  ( -16.20000000000044338, -7.706673071872999436, 0.7483384280091044394 ) ) ;
#3958 = VERTEX_POINT ( 'NONE', #4404 ) ;
#3959 = ORIENTED_EDGE ( 'NONE', *, *, #1067, .F. ) ;
#3960 = CARTESIAN_POINT ( 'NONE',  ( -28.88629558322266178, -4.644796231571628908, 22.09999999999996589 ) ) ;
#3961 = CARTESIAN_POINT ( 'NONE',  ( -16.10546455054463522, -17.47947422295149167, 16.74412882792463719 ) ) ;
#3962 = CARTESIAN_POINT ( 'NONE',  ( -45.10080138151387530, -12.00000000000003553, 7.682591274314911622 ) ) ;
#3963 = APPROVAL_STATUS ( 'not_yet_approved' ) ;
#3964 = CARTESIAN_POINT ( 'NONE',  ( -16.06840615756674495, -18.02715432681260310, 17.25757016087622020 ) ) ;
#3965 = VERTEX_POINT ( 'NONE', #2776 ) ;
#3966 = CARTESIAN_POINT ( 'NONE',  ( 2.500000000000001332, -12.29893898089671822, -23.00000000000000000 ) ) ;
#3967 = CARTESIAN_POINT ( 'NONE',  ( -15.70000000000043627, -9.364960579833843113, -3.948941587078698134 ) ) ;
#3968 = CARTESIAN_POINT ( 'NONE',  ( -15.70000000000043627, -7.530192499262723160, -3.946460245009856926 ) ) ;
#3969 = CARTESIAN_POINT ( 'NONE',  ( -14.87081721379646382, -17.07845651872604975, 20.46262283005444260 ) ) ;
#3970 = EDGE_CURVE ( 'NONE', #2282, #5859, #9658, .T. ) ;
#3971 = FACE_OUTER_BOUND ( 'NONE', #1704, .T. ) ;
#3972 = CARTESIAN_POINT ( 'NONE',  ( -25.56249211402955623, -3.353677182443212779, -17.49442326175539364 ) ) ;
#3973 = CARTESIAN_POINT ( 'NONE',  ( -16.20000000000043983, -6.904353841145121073, 2.485692086179034810 ) ) ;
#3974 = EDGE_LOOP ( 'NONE', ( #6831, #8257, #3445, #6243 ) ) ;
#3975 = ADVANCED_FACE ( 'NONE', ( #9917 ), #10016, .F. ) ;
#3976 = CARTESIAN_POINT ( 'NONE',  ( -29.46705228947656252, -4.792166292498039049, 15.95520040786552229 ) ) ;
#3977 = CARTESIAN_POINT ( 'NONE',  ( 2.500000000000002220, -14.70000000000013962, -23.00000000000000000 ) ) ;
#3978 = CARTESIAN_POINT ( 'NONE',  ( -15.70000000000043983, -6.972028366947921718, -0.09330328558653168403 ) ) ;
#3979 = CARTESIAN_POINT ( 'NONE',  ( -24.24908484354985916, -23.09993578985304907, 7.219647592026994687 ) ) ;
#3980 = CARTESIAN_POINT ( 'NONE',  ( -31.68615004468761143, -5.355271675033849377, -17.23611455562393857 ) ) ;
#3981 = EDGE_LOOP ( 'NONE', ( #9405, #6429, #5422, #9563 ) ) ;
#3982 = CARTESIAN_POINT ( 'NONE',  ( -32.48301878866097070, -5.402788398035629491, 18.11910417761286141 ) ) ;
#3983 = DIRECTION ( 'NONE',  ( -0.000000000000000000, -0.000000000000000000, -1.000000000000000000 ) ) ;
#3984 = CARTESIAN_POINT ( 'NONE',  ( -16.61954035032799482, -0.7057424773177796151, 22.49999999999999289 ) ) ;
#3985 = ADVANCED_FACE ( 'NONE', ( #6126 ), #3066, .T. ) ;
#3986 = CARTESIAN_POINT ( 'NONE',  ( -17.11135718769718039, -18.85335225142369708, -19.23561588986809667 ) ) ;
#3987 = CARTESIAN_POINT ( 'NONE',  ( -15.70000000000043983, -8.056804533085559328, 0.8297644981971120659 ) ) ;
#3988 = ORIENTED_EDGE ( 'NONE', *, *, #2063, .F. ) ;
#3989 = ADVANCED_FACE ( 'NONE', ( #5680 ), #5563, .T. ) ;
#3990 = ADVANCED_FACE ( 'NONE', ( #4707 ), #1576, .T. ) ;
#3991 = LINE ( 'NONE', #7150, #8836 ) ;
#3992 = B_SPLINE_CURVE_WITH_KNOTS ( 'NONE', 3,
 ( #7977, #1838, #1634, #6601, #3308, #3251, #4976, #927, #90, #6444, #4102, #8758, #9600, #3993, #7927, #7262, #7151, #148, #8862, #5809, #7311, #4154, #8967, #1027, #6492, #1687, #820, #2407, #5757, #4871, #2616, #1788, #9654, #2509, #8132, #2565, #5703 ),
 .UNSPECIFIED., .F., .F.,
 ( 4, 2, 2, 2, 2, 2, 2, 2, 2, 2, 2, 2, 2, 2, 2, 1, 2, 2, 4 ),
 ( 0.2344360351702293177, 0.4258270263776828823, 0.5215225219814074720, 0.5693702697832687676, 0.6172180175851300632, 0.6650657653869913588, 0.6770277023374566827, 0.6889896392879220066, 0.7129135131888498789, 0.7368373870897777511, 0.7607612609907057344, 0.8086090087925625891, 0.8325328826934921267, 0.8564567565944214422, 0.8803806304953507578, 0.9043045043962802954, 0.9282283782972096109, 0.9521522521981391485, 1.000000000000000000 ),
 .UNSPECIFIED. ) ;
#3993 = CARTESIAN_POINT ( 'NONE',  ( -23.45630511570890775, -23.31600032629197727, -6.878881744992216163 ) ) ;
#3994 = CARTESIAN_POINT ( 'NONE',  ( -15.70000000000043983, -7.503628200954149285, -3.768513762645233633 ) ) ;
#3995 = FACE_OUTER_BOUND ( 'NONE', #8105, .T. ) ;
#3996 = CARTESIAN_POINT ( 'NONE',  ( -15.88546270392185100, -17.88224799725631797, -20.78485202021034794 ) ) ;
#3997 = EDGE_LOOP ( 'NONE', ( #8534, #993, #10177, #3018, #1378, #7414 ) ) ;
#3998 = CARTESIAN_POINT ( 'NONE',  ( -15.33184056908448412, -17.44366675840021230, 17.25757016087622020 ) ) ;
#3999 = VERTEX_POINT ( 'NONE', #3941 ) ;
#4001 = EDGE_LOOP ( 'NONE', ( #7731, #9386 ) ) ;
#4000 = CARTESIAN_POINT ( 'NONE',  ( -23.03077499953565876, -23.42539368677809719, -6.001337748012807616 ) ) ;
#4002 = B_SPLINE_CURVE_WITH_KNOTS ( 'NONE', 3,
 ( #1003, #2478, #7285, #6670, #4897, #9842, #1048, #5056, #8210, #4280, #8057, #2695, #9046, #7335, #957, #1918, #9682, #5109, #1154, #2534, #4129 ),
 .UNSPECIFIED., .F., .F.,
 ( 4, 1, 1, 1, 1, 1, 1, 1, 1, 1, 1, 1, 1, 1, 1, 1, 1, 1, 4 ),
 ( 0.000000000000000000, 0.03697531392137456963, 0.07919255229670577045, 0.1267009440549548283, 0.1791840785794688862, 0.2373686428140497906, 0.3005585397445010853, 0.3691531357212948228, 0.4431123780003068946, 0.5160183892506156056, 0.5824731789612762611, 0.6421368079450540112, 0.6946199424695685964, 0.7406794327797177058, 0.7795890342775176896, 0.8120737912440667561, 0.8378140957748625439, 0.9225648809653531623, 1.000000000000000000 ),
 .UNSPECIFIED. ) ;
#4003 = DIRECTION ( 'NONE',  ( -0.6389492215179006784, -0.7692489144104582843, -0.000000000000000000 ) ) ;
#4004 = CARTESIAN_POINT ( 'NONE',  ( -17.51466414186440801, -18.64997568869217304, 17.86521558987564617 ) ) ;
#4005 = EDGE_LOOP ( 'NONE', ( #7966, #5527, #6618, #3855, #1248 ) ) ;
#4006 = CARTESIAN_POINT ( 'NONE',  ( -15.37322947494847902, -22.79991986493337564, -23.00000000000000000 ) ) ;
#4007 = CARTESIAN_POINT ( 'NONE',  ( -12.93381505259071140, -2.944132501864019869, -22.63487607169490801 ) ) ;
#4008 = ORIENTED_EDGE ( 'NONE', *, *, #7142, .F. ) ;
#4009 = CARTESIAN_POINT ( 'NONE',  ( -31.34424606100239075, -5.065607128753081945, 21.55958049209173666 ) ) ;
#4010 = VECTOR ( 'NONE', #8303, 1000.000000000000114 ) ;
#4011 = ORIENTED_EDGE ( 'NONE', *, *, #8039, .F. ) ;
#4012 =( BOUNDED_CURVE ( )  B_SPLINE_CURVE ( 3, ( #1932, #5902, #4238, #5117 ),
 .UNSPECIFIED., .F., .T. ) 
 B_SPLINE_CURVE_WITH_KNOTS ( ( 4, 4 ),
 ( 3.141592653589793116, 6.283185307179586232 ),
 .UNSPECIFIED. ) 
 CURVE ( )  GEOMETRIC_REPRESENTATION_ITEM ( )  RATIONAL_B_SPLINE_CURVE ( ( 1.000000000000000000, 0.3333333333333333703, 0.3333333333333333703, 1.000000000000000000 ) ) 
 REPRESENTATION_ITEM ( '' )  );
#4013 = CARTESIAN_POINT ( 'NONE',  ( -28.64334622506547845, -4.583146540430306892, 22.09647476311946335 ) ) ;
#4014 = CARTESIAN_POINT ( 'NONE',  ( -15.53953935239401218, -17.00940860696979229, 21.18372069080163911 ) ) ;
#4015 = COORDINATED_UNIVERSAL_TIME_OFFSET ( 1, 0, .AHEAD. ) ;
#4016 = CARTESIAN_POINT ( 'NONE',  ( -14.57076098651949358, -16.84075985921393581, 20.09798217311177027 ) ) ;
#4017 = ORIENTED_EDGE ( 'NONE', *, *, #5378, .F. ) ;
#4018 = CARTESIAN_POINT ( 'NONE',  ( -16.20000000000044338, -7.882496365929570814, -4.886390933827459371 ) ) ;
#4019 = CARTESIAN_POINT ( 'NONE',  ( -16.20000000000043272, -7.624399419883331142, 0.06478458672826999110 ) ) ;
#4020 = CARTESIAN_POINT ( 'NONE',  ( -23.03077499953564455, -23.42539368677807587, 6.001337748012788964 ) ) ;
#4021 = VECTOR ( 'NONE', #1485, 1000.000000000000114 ) ;
#4022 = DIRECTION ( 'NONE',  ( 0.000000000000000000, 0.000000000000000000, 1.000000000000000000 ) ) ;
#4023 = LINE ( 'NONE', #2388, #2217 ) ;
#4024 = CARTESIAN_POINT ( 'NONE',  ( -31.59036746121493522, -5.330966715024850977, -17.10903070182648378 ) ) ;
#4025 = FACE_OUTER_BOUND ( 'NONE', #5769, .T. ) ;
#4026 = VERTEX_POINT ( 'NONE', #3984 ) ;
#4027 = CARTESIAN_POINT ( 'NONE',  ( -30.20285731489329706, -4.978879585890956250, 16.15603519495754270 ) ) ;
#4028 = ORIENTED_EDGE ( 'NONE', *, *, #1487, .F. ) ;
#4029 = DIRECTION ( 'NONE',  ( 0.000000000000000000, 0.000000000000000000, -1.000000000000000000 ) ) ;
#4030 = CARTESIAN_POINT ( 'NONE',  ( -14.27973368366544626, -16.61021580999513958, 19.00000000000000355 ) ) ;
#4031 = VECTOR ( 'NONE', #9915, 1000.000000000000000 ) ;
#4032 = CARTESIAN_POINT ( 'NONE',  ( -15.15589971946330117, -20.67859952137373369, -21.34632465614280861 ) ) ;
#4033 = CARTESIAN_POINT ( 'NONE',  ( -31.74888361583541041, -5.371191211307333013, -17.31934999965456612 ) ) ;
#4034 = ORIENTED_EDGE ( 'NONE', *, *, #8341, .F. ) ;
#4035 = DIRECTION ( 'NONE',  ( 0.7071067811865474617, 0.7071067811865474617, 0.000000000000000000 ) ) ;
#4036 = VECTOR ( 'NONE', #5815, 1000.000000000000000 ) ;
#4037 = DIRECTION ( 'NONE',  ( -1.000000000000000000, -3.469446951953612217E-15, 0.000000000000000000 ) ) ;
#4038 = CARTESIAN_POINT ( 'NONE',  ( -15.70000000000043983, -7.155790662124287493, 1.150355366666517609 ) ) ;
#4039 = EDGE_CURVE ( 'NONE', #5436, #7640, #9541, .T. ) ;
#4040 = CARTESIAN_POINT ( 'NONE',  ( -15.70000000000043272, -7.752223120512271137, -3.379186880525870240 ) ) ;
#4041 = CARTESIAN_POINT ( 'NONE',  ( -17.72290744451237288, -18.82294557349879938, -18.70471161464498167 ) ) ;
#4042 = CIRCLE ( 'NONE', #8181, 0.5000000000000768274 ) ;
#4043 = CARTESIAN_POINT ( 'NONE',  ( -17.49454981850813695, -20.67859952137373369, 23.00000000000000000 ) ) ;
#4044 = ORIENTED_EDGE ( 'NONE', *, *, #8793, .F. ) ;
#4045 = CARTESIAN_POINT ( 'NONE',  ( -16.20000000000043627, -9.034412105976956653, -0.1574425386215917710 ) ) ;
#4046 = CARTESIAN_POINT ( 'NONE',  ( -16.20000000000043627, -6.919645622918274341, -4.025017480942022274 ) ) ;
#4047 = LINE ( 'NONE', #2357, #3752 ) ;
#4048 = ADVANCED_FACE ( 'NONE', ( #10129 ), #2209, .F. ) ;
#4049 = LINE ( 'NONE', #7154, #1588 ) ;
#4050 = VECTOR ( 'NONE', #6117, 1000.000000000000000 ) ;
#4051 = CARTESIAN_POINT ( 'NONE',  ( -15.70000000000044338, -8.405300642668386502, -4.047900448263570539 ) ) ;
#4052 = VERTEX_POINT ( 'NONE', #7001 ) ;
#4053 = CARTESIAN_POINT ( 'NONE',  ( -14.57076098651950247, -16.84075985921393581, 17.90201782688822973 ) ) ;
#4054 = EDGE_CURVE ( 'NONE', #5251, #5265, #1693, .T. ) ;
#4055 = ADVANCED_FACE ( 'NONE', ( #1475 ), #9336, .F. ) ;
#4056 = LINE ( 'NONE', #8764, #7835 ) ;
#4057 = DIRECTION ( 'NONE',  ( 0.7692489144105426613, 0.6389492215177992041, 0.000000000000000000 ) ) ;
#4058 = CARTESIAN_POINT ( 'NONE',  ( -19.06670549790255365, -16.91441282030091742, -19.00000000000000000 ) ) ;
#4059 = CARTESIAN_POINT ( 'NONE',  ( -34.00000000000000000, -12.00000000000003197, -11.00000000000001954 ) ) ;
#4060 = VECTOR ( 'NONE', #7360, 1000.000000000000000 ) ;
#4061 = ORIENTED_EDGE ( 'NONE', *, *, #6613, .F. ) ;
#4062 = EDGE_CURVE ( 'NONE', #1350, #6757, #4141, .T. ) ;
#4063 = DIRECTION ( 'NONE',  ( 0.6389492215179006784, 0.7692489144104583954, 0.000000000000000000 ) ) ;
#4064 = DIRECTION ( 'NONE',  ( -0.000000000000000000, -0.000000000000000000, -1.000000000000000000 ) ) ;
#4065 = ORIENTED_EDGE ( 'NONE', *, *, #8464, .T. ) ;
#4066 = VECTOR ( 'NONE', #6973, 999.9999999999998863 ) ;
#4067 = CARTESIAN_POINT ( 'NONE',  ( -32.48301878866097780, -5.402788398035632156, 19.88089582238713504 ) ) ;
#4068 = EDGE_LOOP ( 'NONE', ( #3373, #454, #5763, #5478, #828, #7345, #8944, #6493, #2472, #124, #5149, #3086, #984, #9452, #6343, #7329, #5221, #5503, #6181, #5003, #5872, #754, #5794, #8485, #3640, #8667, #8818, #995, #1712 ) ) ;
#4069 = CARTESIAN_POINT ( 'NONE',  ( -28.69572058396954972, -4.596435287854736096, 22.09836766301360100 ) ) ;
#4070 = CARTESIAN_POINT ( 'NONE',  ( -15.21910429172128154, -16.74325063296635818, 21.02765104802483265 ) ) ;
#4071 = CONICAL_SURFACE ( 'NONE', #6896, 7.000000000000003553, 0.7853981633974500554 ) ;
#4072 = CARTESIAN_POINT ( 'NONE',  ( -25.43172798364586740, -22.83172798364415712, -8.402290732123008254 ) ) ;
#4073 = PERSON_AND_ORGANIZATION_ROLE ( 'classification_officer' ) ;
#4074 = CARTESIAN_POINT ( 'NONE',  ( -15.60715855638015448, -17.66176630779454015, 20.79999999999990123 ) ) ;
#4075 = VERTEX_POINT ( 'NONE', #3246 ) ;
#4076 = DIRECTION ( 'NONE',  ( -0.000000000000000000, -0.000000000000000000, -1.000000000000000000 ) ) ;
#4077 = VECTOR ( 'NONE', #4767, 1000.000000000000114 ) ;
#4078 = CARTESIAN_POINT ( 'NONE',  ( -28.11299195380066607, -4.448566853457738723, -22.03778350990542378 ) ) ;
#4079 = DIRECTION ( 'NONE',  ( -0.7071067811865489050, 0.000000000000000000, -0.7071067811865462405 ) ) ;
#4080 = DIRECTION ( 'NONE',  ( -0.000000000000000000, 1.000000000000000000, -0.000000000000000000 ) ) ;
#4081 = LINE ( 'NONE', #8784, #10201 ) ;
#4082 = CARTESIAN_POINT ( 'NONE',  ( -29.26779434669741420, -4.741603270279318494, -15.91998265112329314 ) ) ;
#4083 = CARTESIAN_POINT ( 'NONE',  ( -34.00000000000000000, -7.566987298107801685, -4.670725942163687527 ) ) ;
#4084 = CARTESIAN_POINT ( 'NONE',  ( -28.58435873847422215, -4.568177656730348701, 15.90641439607056284 ) ) ;
#4085 = VECTOR ( 'NONE', #9547, 1000.000000000000114 ) ;
#4086 = PRODUCT ( 'PB_feet_elastomer_v2.2', 'PB_feet_elastomer_v2.2', '', ( #7846 ) ) ;
#4087 = CARTESIAN_POINT ( 'NONE',  ( -12.50761184457591391, -21.20000000000014850, 23.00000000000000000 ) ) ;
#4088 = CARTESIAN_POINT ( 'NONE',  ( -17.08446850517401927, -18.83205086319581767, 18.53168043339813664 ) ) ;
#4089 = DIRECTION ( 'NONE',  ( -1.000000000000000000, 0.000000000000000000, 0.000000000000000000 ) ) ;
#4090 = CARTESIAN_POINT ( 'NONE',  ( -31.36341128280196244, -5.273377550894658761, -16.88137867222285493 ) ) ;
#4091 = ORIENTED_EDGE ( 'NONE', *, *, #10152, .F. ) ;
#4092 = CARTESIAN_POINT ( 'NONE',  ( -21.98993461845848429, -24.44715070390630274, -4.960497366935639363 ) ) ;
#4093 = CARTESIAN_POINT ( 'NONE',  ( -30.53731151046286030, -4.826680423388182817, 15.94627762722663000 ) ) ;
#4094 = CARTESIAN_POINT ( 'NONE',  ( -16.20000000000043983, -9.650163169391882789, -2.877272818950133093 ) ) ;
#4095 = VECTOR ( 'NONE', #3505, 1000.000000000000000 ) ;
#4096 = CARTESIAN_POINT ( 'NONE',  ( -16.20000000000044338, -8.056804533085561104, -3.319057992788463363 ) ) ;
#4097 = DIRECTION ( 'NONE',  ( 0.9063077870366214039, -0.4226182617407605036, 0.000000000000000000 ) ) ;
#4098 = AXIS2_PLACEMENT_3D ( 'NONE', #7704, #3826, #10014 ) ;
#4099 = LINE ( 'NONE', #1734, #9693 ) ;
#4100 = ORIENTED_EDGE ( 'NONE', *, *, #3657, .T. ) ;
#4101 = DIRECTION ( 'NONE',  ( -1.327063459122260961E-13, -1.000000000000000000, 0.000000000000000000 ) ) ;
#4102 = CARTESIAN_POINT ( 'NONE',  ( -23.50318034387528243, -23.30203595226615931, -6.951219018098289126 ) ) ;
#4103 = AXIS2_PLACEMENT_3D ( 'NONE', #4532, #7688, #591 ) ;
#4104 = CARTESIAN_POINT ( 'NONE',  ( -30.76014874558717693, -4.892660701943958301, -21.96906143585774984 ) ) ;
#4105 = CARTESIAN_POINT ( 'NONE',  ( -15.70000000000043983, -9.421883442187549917, 0.2629493715200401094 ) ) ;
#4106 = FACE_OUTER_BOUND ( 'NONE', #5410, .T. ) ;
#4107 = EDGE_LOOP ( 'NONE', ( #8140, #657, #10166, #6509, #9857 ) ) ;
#4108 = CARTESIAN_POINT ( 'NONE',  ( -17.14305017624782579, -18.34130777953066982, 20.69954417390183821 ) ) ;
#4109 = DIRECTION ( 'NONE',  ( -0.7071067811865502373, 0.7071067811865449082, 0.000000000000000000 ) ) ;
#4110 = CARTESIAN_POINT ( 'NONE',  ( -13.00000000000000711, -16.20000000000014140, 23.00000000000000000 ) ) ;
#4111 = LINE ( 'NONE', #7829, #3095 ) ;
#4112 = AXIS2_PLACEMENT_3D ( 'NONE', #2365, #6452, #2317 ) ;
#4113 = ADVANCED_FACE ( 'NONE', ( #8081 ), #2474, .T. ) ;
#4114 = DIRECTION ( 'NONE',  ( -0.7071067811865454633, -0.7071067811865495711, 0.000000000000000000 ) ) ;
#4115 = EDGE_CURVE ( 'NONE', #6151, #3904, #2558, .T. ) ;
#4116 = EDGE_CURVE ( 'NONE', #9488, #9728, #1783, .T. ) ;
#4117 = EDGE_LOOP ( 'NONE', ( #1390, #925, #9397, #703 ) ) ;
#4118 = CARTESIAN_POINT ( 'NONE',  ( -25.28459767078618725, -3.271394915908766965, -18.10946305574340442 ) ) ;
#4119 = DIRECTION ( 'NONE',  ( -0.7071067811865450192, -0.7071067811865500152, 0.000000000000000000 ) ) ;
#4120 = ORIENTED_EDGE ( 'NONE', *, *, #7599, .T. ) ;
#4121 = CARTESIAN_POINT ( 'NONE',  ( -27.03672565967019992, -3.790185649905442045, 16.05160144306328363 ) ) ;
#4122 = VERTEX_POINT ( 'NONE', #4971 ) ;
#4123 = CARTESIAN_POINT ( 'NONE',  ( -27.82077706604292544, -4.374414079910318165, 21.97336856120630344 ) ) ;
#4124 = EDGE_CURVE ( 'NONE', #8361, #10257, #8127, .T. ) ;
#4125 = ORIENTED_EDGE ( 'NONE', *, *, #10028, .T. ) ;
#4126 = CARTESIAN_POINT ( 'NONE',  ( -16.44326443527726411, -17.76005566978278338, 21.18372069080163556 ) ) ;
#4127 = EDGE_CURVE ( 'NONE', #5265, #5251, #7676, .T. ) ;
#4128 = EDGE_CURVE ( 'NONE', #6370, #9978, #6594, .T. ) ;
#4129 = CARTESIAN_POINT ( 'NONE',  ( -15.70000000000043983, -9.808529584835024906, -3.550268412859013178 ) ) ;
#4130 = ORIENTED_EDGE ( 'NONE', *, *, #7526, .F. ) ;
#4131 = FACE_OUTER_BOUND ( 'NONE', #7554, .T. ) ;
#4132 = CARTESIAN_POINT ( 'NONE',  ( -27.98278613309526719, -4.415523335919986359, -22.01209660459725015 ) ) ;
#4133 = DIRECTION ( 'NONE',  ( 1.327063459122260961E-13, 1.000000000000000000, 0.000000000000000000 ) ) ;
#4134 = CARTESIAN_POINT ( 'NONE',  ( -15.70000000000043983, -9.808529584835024906, -4.886390933827458483 ) ) ;
#4135 = CARTESIAN_POINT ( 'NONE',  ( -16.20000000000043983, -9.444990259596721671, 1.103440602228848544 ) ) ;
#4136 = CARTESIAN_POINT ( 'NONE',  ( -30.35966689724654444, -5.018670874133162485, -21.78638174323221577 ) ) ;
#4137 = CARTESIAN_POINT ( 'NONE',  ( -14.24871763908964439, -15.93723351073828987, -19.29383985869748486 ) ) ;
#4138 = CARTESIAN_POINT ( 'NONE',  ( -27.98278613302506912, -4.415523335902596713, 15.98790339541783823 ) ) ;
#4139 = EDGE_LOOP ( 'NONE', ( #2153, #10239, #3616, #4828 ) ) ;
#4140 = CARTESIAN_POINT ( 'NONE',  ( -16.20000000000043983, -8.391015233748285951, -4.058066998995268015 ) ) ;
#4141 = B_SPLINE_CURVE_WITH_KNOTS ( 'NONE', 3,
 ( #3043, #3097, #1432, #7100, #3885, #7922, #4617, #7144, #8643, #26, #1382, #1521, #6378, #2259, #9649, #8912, #7306, #8802, #193, #5804, #6439 ),
 .UNSPECIFIED., .F., .F.,
 ( 4, 1, 1, 1, 1, 1, 1, 1, 1, 1, 1, 1, 1, 1, 1, 1, 1, 1, 4 ),
 ( 0.000000000000000000, 0.03697531392137456963, 0.07919255229670577045, 0.1267009440549548283, 0.1791840785794688862, 0.2373686428140497906, 0.3005585397445010853, 0.3691531357212948228, 0.4431123780003068946, 0.5160183892506156056, 0.5824731789612762611, 0.6421368079450540112, 0.6946199424695685964, 0.7406794327797177058, 0.7795890342775176896, 0.8120737912440667561, 0.8378140957748625439, 0.9225648809653531623, 1.000000000000000000 ),
 .UNSPECIFIED. ) ;
#4142 = LINE ( 'NONE', #7299, #1879 ) ;
#4143 = CARTESIAN_POINT ( 'NONE',  ( -15.70000000000043983, -8.391015233748285951, -4.058066998995268015 ) ) ;
#4144 = CARTESIAN_POINT ( 'NONE',  ( -29.38918406914681114, -4.772411011825743898, -15.94238810967934761 ) ) ;
#4145 = ORIENTED_EDGE ( 'NONE', *, *, #8160, .F. ) ;
#4146 = CARTESIAN_POINT ( 'NONE',  ( 2.500000000000003109, -12.79893898089671822, 20.00000000000000000 ) ) ;
#4147 = CARTESIAN_POINT ( 'NONE',  ( -12.01801948466059500, -21.41751442127139526, 19.00000000000000000 ) ) ;
#4148 = CARTESIAN_POINT ( 'NONE',  ( -22.35355339059327662, -12.29893898089671822, 4.146446609406658546 ) ) ;
#4149 = CARTESIAN_POINT ( 'NONE',  ( -15.70000000000043627, -7.620586924362267034, -3.461456893787351774 ) ) ;
#4150 = CARTESIAN_POINT ( 'NONE',  ( -16.32957124361543322, -18.23404232619193976, -17.38210092330425027 ) ) ;
#4151 = LINE ( 'NONE', #3248, #8845 ) ;
#4152 = ORIENTED_EDGE ( 'NONE', *, *, #1000, .F. ) ;
#4153 = CARTESIAN_POINT ( 'NONE',  ( -16.20000000000043983, -9.300625348133955583, 0.1304476834341581626 ) ) ;
#4154 = CARTESIAN_POINT ( 'NONE',  ( -23.31530453578507078, -23.33201425628509540, -6.661275075250514099 ) ) ;
#4155 = DIRECTION ( 'NONE',  ( -1.000000000000000000, 1.734723475976577126E-13, 0.000000000000000000 ) ) ;
#4156 = CARTESIAN_POINT ( 'NONE',  ( -16.20000000000044338, -8.547785250849040395, -3.930167697617706679 ) ) ;
#4157 = CARTESIAN_POINT ( 'NONE',  ( -15.70000000000043627, -10.32274459731977245, -2.559266876919356282 ) ) ;
#4158 = VERTEX_POINT ( 'NONE', #5025 ) ;
#4159 = CARTESIAN_POINT ( 'NONE',  ( -15.70000000000042917, -8.336604908523488788, -0.6549770609783159836 ) ) ;
#4160 = LINE ( 'NONE', #8138, #3533 ) ;
#4162 = ORIENTED_EDGE ( 'NONE', *, *, #3486, .F. ) ;
#4161 = CARTESIAN_POINT ( 'NONE',  ( -4.499999999999995559, -21.70000000000013785, 22.50000000000001421 ) ) ;
#4163 = CARTESIAN_POINT ( 'NONE',  ( -16.20000000000044338, -9.335365825553143537, 1.004602319906079178 ) ) ;
#4164 = ORIENTED_EDGE ( 'NONE', *, *, #8470, .T. ) ;
#4165 = CARTESIAN_POINT ( 'NONE',  ( -16.20000000000043983, -7.044589019802426577, -3.165579749391533415 ) ) ;
#4166 = CARTESIAN_POINT ( 'NONE',  ( -17.12051304298577392, -18.86060527521767582, 19.00000000000000000 ) ) ;
#4167 = ORIENTED_EDGE ( 'NONE', *, *, #3145, .F. ) ;
#4168 = PLANE ( 'NONE',  #6003 ) ;
#4169 = ORIENTED_EDGE ( 'NONE', *, *, #1799, .T. ) ;
#4170 = ADVANCED_FACE ( 'NONE', ( #6488 ), #1073, .F. ) ;
#4171 = CARTESIAN_POINT ( 'NONE',  ( -26.41825100818551775, -4.018516757139289020, 21.26191814700591820 ) ) ;
#4172 = CARTESIAN_POINT ( 'NONE',  ( -17.05445559288309099, -18.26771984328383169, 17.20634008740814380 ) ) ;
#4173 = DIRECTION ( 'NONE',  ( 1.025580099404569144E-15, -0.8164965809277284770, 0.5773502691896221783 ) ) ;
#4174 = VERTEX_POINT ( 'NONE', #3463 ) ;
#4175 = VECTOR ( 'NONE', #2450, 1000.000000000000000 ) ;
#4176 = CARTESIAN_POINT ( 'NONE',  ( -15.70000000000043627, -8.226686217178688310, -4.841528463549531480 ) ) ;
#4177 = EDGE_CURVE ( 'NONE', #4800, #2082, #8754, .T. ) ;
#4178 = CARTESIAN_POINT ( 'NONE',  ( -26.81912412284429337, -4.120241447790865763, -21.54857391042530423 ) ) ;
#4179 = EDGE_CURVE ( 'NONE', #7488, #5644, #6687, .T. ) ;
#4180 = LINE ( 'NONE', #6362, #2855 ) ;
#4181 = EDGE_CURVE ( 'NONE', #4850, #6, #9113, .T. ) ;
#4182 = CARTESIAN_POINT ( 'NONE',  ( -1.499999999999996891, -12.29893898089671822, 16.70710678118656745 ) ) ;
#4183 = CARTESIAN_POINT ( 'NONE',  ( -30.56247410029940781, -5.070134120247276499, -21.69027858722130020 ) ) ;
#4184 = VECTOR ( 'NONE', #796, 1000.000000000000000 ) ;
#4185 = DIRECTION ( 'NONE',  ( 0.000000000000000000, 0.000000000000000000, 1.000000000000000000 ) ) ;
#4186 = CARTESIAN_POINT ( 'NONE',  ( -29.73361443121914860, -4.859810528479985514, 16.00990075490336295 ) ) ;
#4187 = ORIENTED_EDGE ( 'NONE', *, *, #5490, .T. ) ;
#4188 = CARTESIAN_POINT ( 'NONE',  ( -34.00000000000000000, -8.500000000000035527, 0.000000000000000000 ) ) ;
#4189 = CARTESIAN_POINT ( 'NONE',  ( -15.70000000000043627, -9.034412105976956653, -0.1574425386215917710 ) ) ;
#4190 = DIRECTION ( 'NONE',  ( -1.000000000000000000, 0.000000000000000000, 0.000000000000000000 ) ) ;
#4191 = EDGE_CURVE ( 'NONE', #3376, #2577, #9223, .T. ) ;
#4192 = CARTESIAN_POINT ( 'NONE',  ( -23.50000000000000000, -12.00000000000002842, 1.285879139104720831E-15 ) ) ;
#4193 = CARTESIAN_POINT ( 'NONE',  ( -29.08712720307509869, -4.695759435435610918, -15.90956085711579071 ) ) ;
#4194 = EDGE_LOOP ( 'NONE', ( #1049, #5900, #210, #7675 ) ) ;
#4195 = FACE_BOUND ( 'NONE', #3480, .T. ) ;
#4196 = DIRECTION ( 'NONE',  ( -0.7859306606739703271, -2.726744735122196571E-16, 0.6183146420816642008 ) ) ;
#4197 = PLANE ( 'NONE',  #9149 ) ;
#4198 = CARTESIAN_POINT ( 'NONE',  ( -16.20000000000044338, -7.706673071872999436, -3.400484062976471211 ) ) ;
#4199 = LINE ( 'NONE', #253, #550 ) ;
#4200 = CARTESIAN_POINT ( 'NONE',  ( -4.499999999999996447, -14.70000000000013962, -23.00000000000000000 ) ) ;
#4201 = ORIENTED_EDGE ( 'NONE', *, *, #6213, .T. ) ;
#4202 = DIRECTION ( 'NONE',  ( -0.7071067811865475727, 0.7071067811865475727, 0.000000000000000000 ) ) ;
#4203 = CARTESIAN_POINT ( 'NONE',  ( -10.18994949366041070, -20.70000000000013785, 19.00000000000000000 ) ) ;
#4204 = CARTESIAN_POINT ( 'NONE',  ( -25.18753412674395520, -3.242655196220787239, -19.44332321880112247 ) ) ;
#4205 = CARTESIAN_POINT ( 'NONE',  ( -15.70000000000043627, -8.871919485540688655, -3.610999278659728695 ) ) ;
#4206 = CARTESIAN_POINT ( 'NONE',  ( -0.9999999999999970024, -12.79893898089672000, 23.00000000000000000 ) ) ;
#4207 = ORIENTED_EDGE ( 'NONE', *, *, #7647, .F. ) ;
#4208 = CARTESIAN_POINT ( 'NONE',  ( -14.46746402760057748, -16.75893076982055874, 19.90207066575868922 ) ) ;
#4209 = DIRECTION ( 'NONE',  ( -0.9588515045363131817, -0.2839080700657317657, 0.000000000000000000 ) ) ;
#4211 = EDGE_LOOP ( 'NONE', ( #818, #4028, #272, #3147 ) ) ;
#4210 = DIRECTION ( 'NONE',  ( -3.452933638236548795E-16, 0.9952403613758185053, -0.09745061871804779063 ) ) ;
#4212 = AXIS2_PLACEMENT_3D ( 'NONE', #1159, #3552, #8167 ) ;
#4213 = ORIENTED_EDGE ( 'NONE', *, *, #6780, .T. ) ;
#4214 = DIRECTION ( 'NONE',  ( -0.000000000000000000, -0.000000000000000000, -1.000000000000000000 ) ) ;
#4215 = DIRECTION ( 'NONE',  ( -1.000000000000000000, 0.000000000000000000, 0.000000000000000000 ) ) ;
#4216 = ORIENTED_EDGE ( 'NONE', *, *, #3462, .F. ) ;
#4217 = CARTESIAN_POINT ( 'NONE',  ( -32.60158332329182684, -5.437894384777097301, 19.00000000000000000 ) ) ;
#4218 = ORIENTED_EDGE ( 'NONE', *, *, #9781, .T. ) ;
#4219 = DIRECTION ( 'NONE',  ( -0.7071067811865502373, 0.7071067811865449082, -0.000000000000000000 ) ) ;
#4220 = VECTOR ( 'NONE', #8859, 1000.000000000000227 ) ;
#4221 = ORIENTED_EDGE ( 'NONE', *, *, #7763, .T. ) ;
#4222 = CARTESIAN_POINT ( 'NONE',  ( -17.30435913232909328, -18.47529332046699579, -17.50926056738636660 ) ) ;
#4223 = CARTESIAN_POINT ( 'NONE',  ( -10.18994949366040359, -20.70000000000014140, -19.00000000000000000 ) ) ;
#4224 = CARTESIAN_POINT ( 'NONE',  ( -16.20000000000043983, -6.904353841145121073, 1.751725051749468021 ) ) ;
#4225 = EDGE_CURVE ( 'NONE', #4406, #896, #1985, .T. ) ;
#4226 = ORIENTED_EDGE ( 'NONE', *, *, #1855, .F. ) ;
#4227 = CARTESIAN_POINT ( 'NONE',  ( -14.95243925074761115, -23.64482740617150114, -23.00000000000000000 ) ) ;
#4228 = CARTESIAN_POINT ( 'NONE',  ( -26.91361215413923347, -4.144219079029552333, -21.60493644829080395 ) ) ;
#4229 = VECTOR ( 'NONE', #129, 1000.000000000000114 ) ;
#4230 = CARTESIAN_POINT ( 'NONE',  ( -15.70000000000043983, -7.588739592671686296, -4.846257106773431467 ) ) ;
#4231 = CARTESIAN_POINT ( 'NONE',  ( -27.90343145654566115, -4.395390008876841392, -15.99914861037674996 ) ) ;
#4232 = EDGE_CURVE ( 'NONE', #5265, #1756, #3716, .T. ) ;
#4233 = CARTESIAN_POINT ( 'NONE',  ( -23.02956804572643890, -23.23073425735167419, 6.220215895775752735 ) ) ;
#4234 = CARTESIAN_POINT ( 'NONE',  ( -15.19999999999933316, -5.499999999999345413, -15.50000000000000711 ) ) ;
#4235 = ORIENTED_EDGE ( 'NONE', *, *, #5631, .F. ) ;
#4236 = LINE ( 'NONE', #9753, #5420 ) ;
#4237 = EDGE_CURVE ( 'NONE', #3633, #6734, #1223, .T. ) ;
#4238 = CARTESIAN_POINT ( 'NONE',  ( -16.75666241940257706, -14.13328707425802300, -22.59999999999980602 ) ) ;
#4239 = EDGE_CURVE ( 'NONE', #6143, #1151, #4416, .T. ) ;
#4240 = CIRCLE ( 'NONE', #7387, 3.500000000000015099 ) ;
#4241 = CARTESIAN_POINT ( 'NONE',  ( -15.70000000000043272, -7.624399419883331142, 0.06478458672826999110 ) ) ;
#4242 = CARTESIAN_POINT ( 'NONE',  ( -28.65623923000367057, -4.586417924849280681, -15.90299527991892781 ) ) ;
#4243 = ORIENTED_EDGE ( 'NONE', *, *, #9062, .T. ) ;
#4244 = B_SPLINE_CURVE_WITH_KNOTS ( 'NONE', 3,
 ( #8234, #8437, #4502, #7656 ),
 .UNSPECIFIED., .F., .F.,
 ( 4, 4 ),
 ( 0.000000000000000000, 1.000000000000000000 ),
 .UNSPECIFIED. ) ;
#4245 = LINE ( 'NONE', #9759, #9744 ) ;
#4246 = CARTESIAN_POINT ( 'NONE',  ( -14.66253356476940262, -16.91345899839121714, 17.77038861560632199 ) ) ;
#4247 = CARTESIAN_POINT ( 'NONE',  ( -16.78744303732156951, -20.67859952137373369, -23.00000000000000000 ) ) ;
#4248 = DIRECTION ( 'NONE',  ( 0.7071067811865457964, 0.7071067811865492381, -0.000000000000000000 ) ) ;
#4249 = CARTESIAN_POINT ( 'NONE',  ( -3.335038795898049635, -18.00043412189036829, 23.00000000000000000 ) ) ;
#4250 = AXIS2_PLACEMENT_3D ( 'NONE', #7364, #7419, #928 ) ;
#4251 = EDGE_CURVE ( 'NONE', #6992, #4310, #1461, .T. ) ;
#4252 = CARTESIAN_POINT ( 'NONE',  ( -16.20000000000043627, -7.986455161460803254, -3.323731600860414748 ) ) ;
#4253 = ORIENTED_EDGE ( 'NONE', *, *, #3805, .F. ) ;
#4254 = CARTESIAN_POINT ( 'NONE',  ( -15.70000000000043983, -7.882496365929569038, -0.7375684428418834981 ) ) ;
#4255 = CARTESIAN_POINT ( 'NONE',  ( -15.70000000000043627, -9.335365825553139985, -3.144220171079494808 ) ) ;
#4256 = EDGE_CURVE ( 'NONE', #9029, #1667, #9005, .T. ) ;
#4257 = DIRECTION ( 'NONE',  ( 1.000000000000000000, 0.000000000000000000, 0.000000000000000000 ) ) ;
#4258 = CARTESIAN_POINT ( 'NONE',  ( -25.43172798364586740, -22.83172798364415712, 8.402290732123002925 ) ) ;
#4259 = CARTESIAN_POINT ( 'NONE',  ( -16.20000000000043627, -9.547735031181954213, -2.957354787762452641 ) ) ;
#4260 = EDGE_LOOP ( 'NONE', ( #4162, #6861, #4613, #8555 ) ) ;
#4261 = CIRCLE ( 'NONE', #1419, 1.799999999999904565 ) ;
#4262 = CARTESIAN_POINT ( 'NONE',  ( -16.19999999999932072, -3.999999999999281908, 23.00000000000000000 ) ) ;
#4263 = CARTESIAN_POINT ( 'NONE',  ( -21.98993461845848429, -24.44715070390630274, -22.49999999999999289 ) ) ;
#4265 = VERTEX_POINT ( 'NONE', #3871 ) ;
#4264 = CARTESIAN_POINT ( 'NONE',  ( -16.20000000000043983, -7.570223353500030505, -4.020609681704311100 ) ) ;
#4266 = AXIS2_PLACEMENT_3D ( 'NONE', #1816, #6572, #9743 ) ;
#4267 = DIRECTION ( 'NONE',  ( 0.000000000000000000, 0.000000000000000000, 1.000000000000000000 ) ) ;
#4268 = VECTOR ( 'NONE', #5249, 1000.000000000000114 ) ;
#4269 = DIRECTION ( 'NONE',  ( -1.000000000000000000, 0.000000000000000000, 0.000000000000000000 ) ) ;
#4270 = DIRECTION ( 'NONE',  ( -0.000000000000000000, -0.000000000000000000, -1.000000000000000000 ) ) ;
#4271 = ORIENTED_EDGE ( 'NONE', *, *, #2262, .T. ) ;
#4272 = LINE ( 'NONE', #1961, #4663 ) ;
#4273 = ORIENTED_EDGE ( 'NONE', *, *, #8606, .T. ) ;
#4274 = CARTESIAN_POINT ( 'NONE',  ( -16.21840344833461245, -17.57328289719223235, 21.25594239479146808 ) ) ;
#4275 = CARTESIAN_POINT ( 'NONE',  ( -25.42523047582367823, -3.766533831590951120, 19.80404417104678316 ) ) ;
#4276 = ORIENTED_EDGE ( 'NONE', *, *, #9314, .F. ) ;
#4277 = CARTESIAN_POINT ( 'NONE',  ( -15.53953935239401574, -17.00940860696979229, -21.18372069080163556 ) ) ;
#4278 = B_SPLINE_CURVE_WITH_KNOTS ( 'NONE', 1,
 ( #1081, #6803 ),
 .UNSPECIFIED., .F., .F.,
 ( 2, 2 ),
 ( 0.000000000000000000, 1.000000000000000000 ),
 .UNSPECIFIED. ) ;
#4279 = DIRECTION ( 'NONE',  ( 0.000000000000000000, 0.7071067811865464625, -0.7071067811865486830 ) ) ;
#4280 = CARTESIAN_POINT ( 'NONE',  ( -15.70000000000043983, -9.232888244074917594, -4.093915971200057236 ) ) ;
#4281 = ORIENTED_EDGE ( 'NONE', *, *, #9636, .F. ) ;
#4282 = CARTESIAN_POINT ( 'NONE',  ( -23.83172798365065859, -22.71586793999637521, -7.458346386319540500 ) ) ;
#4283 = B_SPLINE_CURVE_WITH_KNOTS ( 'NONE', 3,
 ( #4763, #3306, #8083, #7924, #1631, #817, #9544, #9597, #977, #2562, #7308, #87, #1024, #2405, #3987 ),
 .UNSPECIFIED., .F., .F.,
 ( 4, 1, 1, 1, 1, 1, 1, 1, 1, 1, 1, 1, 4 ),
 ( 0.000000000000000000, 0.1168990281982813101, 0.2258236839530683437, 0.3300860790235573550, 0.4354514863452309537, 0.4903067309632215820, 0.5482440571677188457, 0.6107668331470277323, 0.6776750949389455103, 0.7491886027449009555, 0.8268587199157830803, 0.9101115940212832767, 1.000000000000000000 ),
 .UNSPECIFIED. ) ;
#4284 = CARTESIAN_POINT ( 'NONE',  ( -27.84623116276698340, -4.380873543498886136, -21.98028516553129563 ) ) ;
#4285 = LINE ( 'NONE', #1973, #258 ) ;
#4286 = CARTESIAN_POINT ( 'NONE',  ( -16.20000000000043983, -7.989098054934059334, 1.521234913361374730 ) ) ;
#4287 = CARTESIAN_POINT ( 'NONE',  ( -23.21874306242014896, -23.31895165658413660, 6.512225963670948303 ) ) ;
#4288 = CARTESIAN_POINT ( 'NONE',  ( -22.69685413737613544, -24.36026630552964178, -4.348651111259365543 ) ) ;
#4289 = ORIENTED_EDGE ( 'NONE', *, *, #4931, .F. ) ;
#4290 = CARTESIAN_POINT ( 'NONE',  ( -15.37252107135656054, -17.47589281631313085, -17.24731568667956338 ) ) ;
#4291 = LINE ( 'NONE', #9754, #4393 ) ;
#4292 = CARTESIAN_POINT ( 'NONE',  ( -16.20000000000043627, -8.437525039241711156, 0.1238553003132636804 ) ) ;
#4293 = CARTESIAN_POINT ( 'NONE',  ( -24.22119413496518803, -22.49764661255231246, 7.191756883442330661 ) ) ;
#4294 = VERTEX_POINT ( 'NONE', #7701 ) ;
#4295 = LINE ( 'NONE', #5280, #3015 ) ;
#4296 = CARTESIAN_POINT ( 'NONE',  ( -14.49337837014495811, -16.77945887011195936, 18.05012921625628053 ) ) ;
#4297 = CARTESIAN_POINT ( 'NONE',  ( -23.41619395414825533, -23.32550355470442227, -6.816972075455736579 ) ) ;
#4298 = CARTESIAN_POINT ( 'NONE',  ( -15.82397863237414448, -17.83352537571077079, 20.79999999999990123 ) ) ;
#4299 = CARTESIAN_POINT ( 'NONE',  ( -16.20000000000043983, -7.848345631204846740, -4.885723212095583357 ) ) ;
#4300 = ADVANCED_FACE ( 'NONE', ( #10213 ), #8479, .T. ) ;
#4301 = CARTESIAN_POINT ( 'NONE',  ( -16.82948574013173371, -18.63006122599887249, -17.90201782688823684 ) ) ;
#4302 = DIRECTION ( 'NONE',  ( 0.000000000000000000, 0.000000000000000000, -1.000000000000000000 ) ) ;
#4303 = ORIENTED_EDGE ( 'NONE', *, *, #5011, .T. ) ;
#4304 = B_SPLINE_CURVE_WITH_KNOTS ( 'NONE', 3,
 ( #8096, #8044, #1644, #4004, #8660, #1592, #4825, #7166, #3209, #4776, #3900, #7884, #939, #781, #7270, #7988, #888, #45 ),
 .UNSPECIFIED., .F., .F.,
 ( 4, 2, 2, 2, 2, 2, 2, 2, 4 ),
 ( 0.000000000000000000, 0.06250000000000000000, 0.1250000000000000000, 0.1875000000000000000, 0.2500000000000000000, 0.3125000000000000000, 0.3750000000000000000, 0.4375000000000000000, 0.5000000000000000000 ),
 .UNSPECIFIED. ) ;
#4305 = DIRECTION ( 'NONE',  ( -1.199315737337714262E-16, 0.3456792260975168340, 0.9383527442516603756 ) ) ;
#4306 = CARTESIAN_POINT ( 'NONE',  ( -15.70000000000044338, -10.15014371292751250, -2.608471651183738249 ) ) ;
#4307 = CARTESIAN_POINT ( 'NONE',  ( -32.60158332329182684, -5.437894384777097301, -19.00000000000000355 ) ) ;
#4308 = DIRECTION ( 'NONE',  ( 3.489994118891830372E-16, 4.201701945701817859E-16, -1.000000000000000000 ) ) ;
#4309 = LINE ( 'NONE', #7469, #7707 ) ;
#4310 = VERTEX_POINT ( 'NONE', #1505 ) ;
#4311 = EDGE_CURVE ( 'NONE', #6252, #5434, #10261, .T. ) ;
#4312 = CARTESIAN_POINT ( 'NONE',  ( -15.60715855638015448, -17.66176630779454015, 20.79999999999990123 ) ) ;
#4313 = EDGE_CURVE ( 'NONE', #6581, #5786, #6309, .T. ) ;
#4315 = EDGE_LOOP ( 'NONE', ( #6754, #6037, #5459, #9793 ) ) ;
#4314 = CARTESIAN_POINT ( 'NONE',  ( -16.20000000000043983, -7.183698034253646725, -0.4438349079535793829 ) ) ;
#4316 = ADVANCED_FACE ( 'NONE', ( #8115 ), #386, .T. ) ;
#4317 = CARTESIAN_POINT ( 'NONE',  ( -26.10166854280220150, -3.513322902967791261, -16.75488767569456172 ) ) ;
#4318 = VERTEX_POINT ( 'NONE', #7446 ) ;
#4319 = CARTESIAN_POINT ( 'NONE',  ( -15.70000000000044693, -8.079962141299649403, -4.189508993867558928 ) ) ;
#4320 = PLANE ( 'NONE',  #7873 ) ;
#4321 = VERTEX_POINT ( 'NONE', #235 ) ;
#4322 = CARTESIAN_POINT ( 'NONE',  ( -16.20000000000043983, -7.721899528217676334, 1.477998738731313821 ) ) ;
#4323 = ORIENTED_EDGE ( 'NONE', *, *, #7473, .T. ) ;
#4325 = CARTESIAN_POINT ( 'NONE',  ( -17.68840360992098226, -18.79428619181031124, 19.59183914757474199 ) ) ;
#4324 = DIRECTION ( 'NONE',  ( 0.000000000000000000, -1.000000000000000000, 0.000000000000000000 ) ) ;
#4326 = CARTESIAN_POINT ( 'NONE',  ( -25.31333145693569620, -3.738140405639864827, 18.99999999999999289 ) ) ;
#4327 = ORIENTED_EDGE ( 'NONE', *, *, #5327, .T. ) ;
#4328 = CARTESIAN_POINT ( 'NONE',  ( -14.33767085653754236, -16.01111933361707784, -19.72687625217249519 ) ) ;
#4329 = DIRECTION ( 'NONE',  ( -3.469446951953614189E-16, 1.000000000000000000, 0.000000000000000000 ) ) ;
#4330 = DIRECTION ( 'NONE',  ( 1.000000000000000000, 0.000000000000000000, -0.000000000000000000 ) ) ;
#4331 = ORIENTED_EDGE ( 'NONE', *, *, #10151, .F. ) ;
#4332 = CARTESIAN_POINT ( 'NONE',  ( -1.499999999999998002, -12.29893898089671822, 23.00000000000000000 ) ) ;
#4333 = CARTESIAN_POINT ( 'NONE',  ( -29.96576718844037046, -4.918721126670261512, -21.92655734806372791 ) ) ;
#4334 = CARTESIAN_POINT ( 'NONE',  ( -23.71635244085108951, -22.51225337288521189, 7.280265024517864170 ) ) ;
#4335 = CARTESIAN_POINT ( 'NONE',  ( -23.13041856554184150, -23.28987153931464604, 6.375893022031573487 ) ) ;
#4336 = CARTESIAN_POINT ( 'NONE',  ( -30.98333792869380332, -5.176934366214937633, 16.57089116983531341 ) ) ;
#4337 = AXIS2_PLACEMENT_3D ( 'NONE', #265, #6653, #8249 ) ;
#4338 = CARTESIAN_POINT ( 'NONE',  ( -14.53224700319631246, -16.81025001037483690, -17.97506299327878665 ) ) ;
#4339 = CARTESIAN_POINT ( 'NONE',  ( -16.20000000000043627, -9.034412105976956653, -0.1574425386215917710 ) ) ;
#4340 = LINE ( 'NONE', #5904, #4909 ) ;
#4341 = CARTESIAN_POINT ( 'NONE',  ( -12.50761184457592456, -21.20000000000013785, -23.00000000000000000 ) ) ;
#4342 = EDGE_LOOP ( 'NONE', ( #371, #6927, #1039, #2798 ) ) ;
#4343 = CARTESIAN_POINT ( 'NONE',  ( -30.35966689724654088, -5.018670874133167814, 21.78638174323221577 ) ) ;
#4344 = CARTESIAN_POINT ( 'NONE',  ( -10.48387673991881464, -20.52377455276265295, -18.16397973525036846 ) ) ;
#4345 = DIRECTION ( 'NONE',  ( -0.000000000000000000, -0.000000000000000000, -1.000000000000000000 ) ) ;
#4346 = CARTESIAN_POINT ( 'NONE',  ( -16.06298771417291960, -18.02286624034832130, 20.74075865188143908 ) ) ;
#4347 = CARTESIAN_POINT ( 'NONE',  ( -16.20000000000043983, -7.882496365929569038, -4.886390933827458483 ) ) ;
#4348 = CARTESIAN_POINT ( 'NONE',  ( -16.20000000000043272, -8.446784103596192139, -4.755975227724845489 ) ) ;
#4349 = CARTESIAN_POINT ( 'NONE',  ( -16.20000000000043983, -7.503628200954149285, -3.768513762645233633 ) ) ;
#4350 = ORIENTED_EDGE ( 'NONE', *, *, #4621, .T. ) ;
#4351 = FACE_OUTER_BOUND ( 'NONE', #8538, .T. ) ;
#4352 = FACE_BOUND ( 'NONE', #6076, .T. ) ;
#4353 = DIRECTION ( 'NONE',  ( -1.000000000000000000, 0.000000000000000000, 0.000000000000000000 ) ) ;
#4354 = CARTESIAN_POINT ( 'NONE',  ( -16.04498091707564100, -19.93613740112780519, 19.00000000000000000 ) ) ;
#4355 = DIRECTION ( 'NONE',  ( 0.5010645155784113625, -0.5010645155784791971, -0.7055981168174103590 ) ) ;
#4356 = EDGE_CURVE ( 'NONE', #3138, #7167, #2909, .T. ) ;
#4357 = ORIENTED_EDGE ( 'NONE', *, *, #6409, .T. ) ;
#4358 = CARTESIAN_POINT ( 'NONE',  ( -32.22655030452309433, -5.326850182347603102, 20.50557673824461702 ) ) ;
#4359 = CARTESIAN_POINT ( 'NONE',  ( -10.18994949366041070, -20.70000000000013785, 19.00000000000000000 ) ) ;
#4361 = ORIENTED_EDGE ( 'NONE', *, *, #1139, .F. ) ;
#4360 = CARTESIAN_POINT ( 'NONE',  ( -16.76369949595000008, -18.02621364378622459, -21.02765104802483620 ) ) ;
#4362 = VECTOR ( 'NONE', #5987, 1000.000000000000114 ) ;
#4363 = CARTESIAN_POINT ( 'NONE',  ( -30.53731151046286030, -4.826680423388182817, -22.05372237277335756 ) ) ;
#4364 = EDGE_CURVE ( 'NONE', #9881, #8412, #3877, .T. ) ;
#4365 = CARTESIAN_POINT ( 'NONE',  ( -12.01801948466059500, -21.41751442127139526, -19.00000000000000000 ) ) ;
#4366 = CARTESIAN_POINT ( 'NONE',  ( -32.30682491192607131, -5.512771037362598214, 19.00000000000000355 ) ) ;
#4367 = EDGE_CURVE ( 'NONE', #2645, #5413, #4042, .T. ) ;
#4368 = VERTEX_POINT ( 'NONE', #2705 ) ;
#4369 = EDGE_CURVE ( 'NONE', #10071, #6917, #8503, .T. ) ;
#4370 = VECTOR ( 'NONE', #8328, 1000.000000000000000 ) ;
#4371 = CARTESIAN_POINT ( 'NONE',  ( -16.20000000000043983, -6.904861609162323610, 0.4043596734760470102 ) ) ;
#4372 = ORIENTED_EDGE ( 'NONE', *, *, #5321, .F. ) ;
#4374 = DIRECTION ( 'NONE',  ( -0.000000000000000000, -0.000000000000000000, -1.000000000000000000 ) ) ;
#4373 = CARTESIAN_POINT ( 'NONE',  ( -32.13435529658259071, -5.299551996288293765, 17.29025592967200353 ) ) ;
#4375 = DIRECTION ( 'NONE',  ( -1.000000000000000000, 0.000000000000000000, 0.000000000000000000 ) ) ;
#4376 = ORIENTED_EDGE ( 'NONE', *, *, #8224, .T. ) ;
#4377 = CARTESIAN_POINT ( 'NONE',  ( -15.76328130188208299, -17.19525189094220963, -16.75867021068663476 ) ) ;
#4378 = AXIS2_PLACEMENT_3D ( 'NONE', #9074, #2880, #1894 ) ;
#4379 = EDGE_CURVE ( 'NONE', #5015, #3138, #4388, .T. ) ;
#4380 = DIRECTION ( 'NONE',  ( 0.000000000000000000, -0.7071067811865513475, -0.7071067811865436870 ) ) ;
#4381 = CARTESIAN_POINT ( 'NONE',  ( -15.19999999999933316, -0.4999999999993429700, -15.00000000000000000 ) ) ;
#4382 = ORIENTED_EDGE ( 'NONE', *, *, #9249, .F. ) ;
#4383 = EDGE_CURVE ( 'NONE', #9843, #6118, #7550, .T. ) ;
#4384 = CARTESIAN_POINT ( 'NONE',  ( 2.500000000000001332, -12.79893898089671822, -22.50000000000000355 ) ) ;
#4385 = VECTOR ( 'NONE', #656, 1000.000000000000000 ) ;
#4386 = CARTESIAN_POINT ( 'NONE',  ( -28.45156881312041364, -4.534481596640604018, -22.08367162903514469 ) ) ;
#4387 = CARTESIAN_POINT ( 'NONE',  ( -15.70000000000043983, -7.492321121360799197, -2.747746396385943424 ) ) ;
#4388 = LINE ( 'NONE', #5898, #3710 ) ;
#4389 = LINE ( 'NONE', #4288, #5369 ) ;
#4390 = CARTESIAN_POINT ( 'NONE',  ( -15.98353117490711561, -17.95991867226446104, -17.23618959582284660 ) ) ;
#4391 = CARTESIAN_POINT ( 'NONE',  ( -15.70000000000043983, -7.503628200954149285, 0.3803087283403411289 ) ) ;
#4392 = ORIENTED_EDGE ( 'NONE', *, *, #9571, .T. ) ;
#4393 = VECTOR ( 'NONE', #6583, 1000.000000000000114 ) ;
#4394 = CARTESIAN_POINT ( 'NONE',  ( -16.20000000000043983, -8.488320065805471160, 0.1661987655927519847 ) ) ;
#4395 = CARTESIAN_POINT ( 'NONE',  ( -16.75666241940257706, -14.13328707425802122, -19.00000000000000000 ) ) ;
#4396 = B_SPLINE_CURVE_WITH_KNOTS ( 'NONE', 3,
 ( #5869, #7426, #8042, #6610 ),
 .UNSPECIFIED., .F., .F.,
 ( 4, 4 ),
 ( 0.7656249999859153776, 1.000000000000000000 ),
 .UNSPECIFIED. ) ;
#4397 = VERTEX_POINT ( 'NONE', #445 ) ;
#4398 = CARTESIAN_POINT ( 'NONE',  ( -31.95306890763652419, -5.423003849417342259, 20.37376978795447613 ) ) ;
#4399 = AXIS2_PLACEMENT_3D ( 'NONE', #380, #8991, #1104 ) ;
#4400 = CARTESIAN_POINT ( 'NONE',  ( -14.50655111445120049, -16.78989441864266041, 18.02379743685598612 ) ) ;
#4401 = CARTESIAN_POINT ( 'NONE',  ( -16.20000000000043983, -9.300625348133955583, -4.018374807551416517 ) ) ;
#4402 = CARTESIAN_POINT ( 'NONE',  ( -34.00000000000000000, -8.500000000000035527, -10.50000000000000000 ) ) ;
#4403 = DIRECTION ( 'NONE',  ( 0.4999999999999987232, -0.4999999999999987232, 0.7071067811865494601 ) ) ;
#4404 = CARTESIAN_POINT ( 'NONE',  ( -16.20000000000044338, -3.999999999999217515, -23.00000000000000000 ) ) ;
#4405 = CARTESIAN_POINT ( 'NONE',  ( -16.20000000000044338, -7.706673071872999436, -3.400484062976471211 ) ) ;
#4406 = VERTEX_POINT ( 'NONE', #2806 ) ;
#4407 = DIRECTION ( 'NONE',  ( 0.9588515045363131817, 0.2839080700657317657, 0.000000000000000000 ) ) ;
#4408 = AXIS2_PLACEMENT_3D ( 'NONE', #2062, #1244, #7582 ) ;
#4409 = ORIENTED_EDGE ( 'NONE', *, *, #1943, .T. ) ;
#4410 = CARTESIAN_POINT ( 'NONE',  ( -16.20000000000043627, -7.530192499262723160, -3.946460245009856926 ) ) ;
#4411 = LINE ( 'NONE', #5919, #7399 ) ;
#4412 = LINE ( 'NONE', #3520, #5753 ) ;
#4413 = DIRECTION ( 'NONE',  ( -3.469446951953614189E-16, 1.000000000000000000, 0.000000000000000000 ) ) ;
#4414 = VERTEX_POINT ( 'NONE', #8900 ) ;
#4415 = CARTESIAN_POINT ( 'NONE',  ( -15.70000000000043983, -6.904353841145121073, 4.386515446198294477 ) ) ;
#4416 = B_SPLINE_CURVE_WITH_KNOTS ( 'NONE', 3,
 ( #5175, #5963, #6891, #7458, #508, #7562, #7655, #6838, #460, #3622, #2873, #7615, #6793, #9964, #9861, #397, #2819, #5124, #9167, #2038, #3670, #7509, #5231, #8386, #1277, #9013, #5078, #4456, #2097, #5283, #2718, #8436, #5911, #8279, #9068, #1324, #347, #4346, #4501, #553, #3565, #1124, #2663, #8233, #4298, #1366, #749, #6170, #2336, #6939, #10115, #696, #9372, #3823, #3079, #2240, #3922, #4693, #4547, #605, #6216, #7907, #9271, #8529, #798, #7085, #7752, #651, #5520, #8627, #3969, #3775, #6987, #5428, #8582, #2977, #2289, #7038, #4602, #5473, #10161, #8683, #4645, #3027, #10063, #9321, #2142, #2931, #6264 ),
 .UNSPECIFIED., .F., .F.,
 ( 4, 2, 2, 2, 2, 2, 2, 2, 2, 2, 2, 1, 2, 2, 2, 1, 1, 2, 2, 2, 1, 1, 1, 2, 2, 2, 2, 2, 1, 1, 2, 2, 2, 1, 1, 2, 2, 2, 1, 2, 2, 2, 2, 2, 2, 2, 2, 2, 2, 4 ),
 ( 0.000000000000000000, 0.03125000000000644623, 0.04687500000000999201, 0.06250000000001353084, 0.07812500000001706968, 0.08593750000001866562, 0.09375000000002027545, 0.1093750000000234812, 0.1171875000000252576, 0.1250000000000270339, 0.1406250000000301703, 0.1484375000000311695, 0.1523437500000316136, 0.1562500000000320577, 0.1718750000000369982, 0.1796875000000402456, 0.1835937500000418832, 0.1855468750000431322, 0.1875000000000443812, 0.2031250000000493772, 0.2109375000000517919, 0.2148437500000537070, 0.2167968750000543177, 0.2177734375000545397, 0.2187500000000547895, 0.2500000000000567324, 0.2656250000000575096, 0.2734375000000577871, 0.2773437500000581757, 0.2792968750000579536, 0.2802734375000576761, 0.2812500000000574540, 0.2968750000000504041, 0.3046875000000466294, 0.3085937500000454081, 0.3105468750000447420, 0.3125000000000440759, 0.3281250000000414113, 0.3359375000000394684, 0.3398437500000385247, 0.3437500000000375255, 0.3593750000000326406, 0.3671875000000304201, 0.3750000000000281997, 0.3906250000000240363, 0.3984375000000220379, 0.4062500000000200395, 0.4218750000000164868, 0.4375000000000129341, 0.5000000000000000000 ),
 .UNSPECIFIED. ) ;
#4417 = VECTOR ( 'NONE', #7388, 1000.000000000000000 ) ;
#4418 = CARTESIAN_POINT ( 'NONE',  ( -15.42986459963707802, -16.91831117858030353, -21.14065535970051712 ) ) ;
#4419 = CARTESIAN_POINT ( 'NONE',  ( -25.67741481345750287, -3.387704851635965131, -20.70262373805847744 ) ) ;
#4420 = CARTESIAN_POINT ( 'NONE',  ( -15.70000000000044338, -8.289728730214712016, -4.119042308829357069 ) ) ;
#4421 = DIRECTION ( 'NONE',  ( 1.000000000000000000, 3.469446951953615175E-16, -0.000000000000000000 ) ) ;
#4422 = EDGE_LOOP ( 'NONE', ( #7783, #4271 ) ) ;
#4423 = VECTOR ( 'NONE', #2145, 999.9999999999998863 ) ;
#4424 = CARTESIAN_POINT ( 'NONE',  ( -3.999999999999996447, -12.79893898089671822, 23.00000000000000000 ) ) ;
#4425 = ORIENTED_EDGE ( 'NONE', *, *, #9308, .T. ) ;
#4427 = DIRECTION ( 'NONE',  ( -0.7071067811865492381, 0.7071067811865457964, -0.000000000000000000 ) ) ;
#4426 = CARTESIAN_POINT ( 'NONE',  ( -10.18994949366041070, -20.70000000000013785, 19.00000000000000000 ) ) ;
#4428 = CARTESIAN_POINT ( 'NONE',  ( -14.24866261705345849, -15.93718780864300122, -18.99999999999999645 ) ) ;
#4429 = AXIS2_PLACEMENT_3D ( 'NONE', #7546, #6672, #7493 ) ;
#4430 = ORIENTED_EDGE ( 'NONE', *, *, #8549, .T. ) ;
#4431 = CARTESIAN_POINT ( 'NONE',  ( -15.21910429172128154, -16.74325063296635818, -16.97234895197517091 ) ) ;
#4432 = ADVANCED_FACE ( 'NONE', ( #3862 ), #7027, .T. ) ;
#4433 = VECTOR ( 'NONE', #9603, 1000.000000000000000 ) ;
#4434 = CARTESIAN_POINT ( 'NONE',  ( -20.30399585276242647, -21.61681942740842999, -23.00000000000000000 ) ) ;
#4435 = CARTESIAN_POINT ( 'NONE',  ( -16.20000000000043983, -10.49999999999928768, -0.7375684428418834981 ) ) ;
#4436 = ORIENTED_EDGE ( 'NONE', *, *, #4788, .T. ) ;
#4437 = AXIS2_PLACEMENT_3D ( 'NONE', #2719, #5284, #3623 ) ;
#4438 = CARTESIAN_POINT ( 'NONE',  ( -32.30682491192607131, -5.512771037362598214, -19.00000000000000000 ) ) ;
#4439 = EDGE_CURVE ( 'NONE', #5937, #9009, #8374, .T. ) ;
#4440 = CARTESIAN_POINT ( 'NONE',  ( -29.81080757603551490, -4.879397162376712060, -21.97036640479264236 ) ) ;
#4441 = CARTESIAN_POINT ( 'NONE',  ( -15.70000000000044338, -7.118390235841737912, -4.515624633164652124 ) ) ;
#4442 = EDGE_CURVE ( 'NONE', #7973, #6252, #643, .T. ) ;
#4443 = EDGE_CURVE ( 'NONE', #9959, #8708, #9153, .T. ) ;
#4444 = DIRECTION ( 'NONE',  ( -0.2988362387301629619, -0.6408563820557682256, -0.7071067811865477948 ) ) ;
#4445 = CARTESIAN_POINT ( 'NONE',  ( -31.47633952214805930, -5.302036689268391001, 16.99367473293219888 ) ) ;
#4446 = CARTESIAN_POINT ( 'NONE',  ( -15.46497366551788488, -17.54912461106909305, -17.22479668989322121 ) ) ;
#4447 = CARTESIAN_POINT ( 'NONE',  ( -15.70000000000044693, -7.505049097994959340, 0.4116708068478105997 ) ) ;
#4448 = VERTEX_POINT ( 'NONE', #2179 ) ;
#4449 = CARTESIAN_POINT ( 'NONE',  ( -16.78744303732156951, -20.67859952137373369, -22.50000000000000000 ) ) ;
#4450 = CARTESIAN_POINT ( 'NONE',  ( -32.12823292504249650, -5.467452512001335307, 19.99886749270904573 ) ) ;
#4451 = ORIENTED_EDGE ( 'NONE', *, *, #5131, .T. ) ;
#4452 = LINE ( 'NONE', #5121, #7826 ) ;
#4453 = FACE_OUTER_BOUND ( 'NONE', #5287, .T. ) ;
#4454 = CARTESIAN_POINT ( 'NONE',  ( 2.500000000000003109, -12.79893898089671822, 23.00000000000000000 ) ) ;
#4455 = DIRECTION ( 'NONE',  ( -0.7071067811865454633, -0.7071067811865495711, 0.000000000000000000 ) ) ;
#4456 = CARTESIAN_POINT ( 'NONE',  ( -16.41439691648426802, -18.30124213771121688, 20.55696345091707045 ) ) ;
#4457 = CARTESIAN_POINT ( 'NONE',  ( -21.99999999999999645, -26.63382658289864224, -11.15539940154597787 ) ) ;
#4458 = CARTESIAN_POINT ( 'NONE',  ( -16.20000000000044338, -8.672004050072873227, -4.622752045059229431 ) ) ;
#4459 = CARTESIAN_POINT ( 'NONE',  ( -16.20000000000043627, -8.184834602055778063, -4.163077456710102098 ) ) ;
#4460 = VERTEX_POINT ( 'NONE', #10107 ) ;
#4461 = DIRECTION ( 'NONE',  ( -0.000000000000000000, -0.000000000000000000, -1.000000000000000000 ) ) ;
#4462 = ORIENTED_EDGE ( 'NONE', *, *, #4251, .F. ) ;
#4463 = DIRECTION ( 'NONE',  ( -0.6172982111373501724, 0.7867292536359808963, 0.000000000000000000 ) ) ;
#4464 = CARTESIAN_POINT ( 'NONE',  ( -4.499999999999996447, -14.70000000000003482, -23.00000000000000000 ) ) ;
#4465 = CARTESIAN_POINT ( 'NONE',  ( -11.23747366716055041, -21.70000000000013429, 20.92620340015683311 ) ) ;
#4466 = LINE ( 'NONE', #1136, #7054 ) ;
#4467 = ORIENTED_EDGE ( 'NONE', *, *, #1546, .F. ) ;
#4468 = CARTESIAN_POINT ( 'NONE',  ( -21.98993461845848429, -24.44715070390630274, -4.960497366935639363 ) ) ;
#4469 = DIRECTION ( 'NONE',  ( 0.000000000000000000, 1.000000000000000000, 0.000000000000000000 ) ) ;
#4470 = DIRECTION ( 'NONE',  ( 9.743077306516985751E-14, 0.7071067811865436870, -0.7071067811865513475 ) ) ;
#4471 = CARTESIAN_POINT ( 'NONE',  ( -15.70000000000043627, -8.114391335053985799, -4.867056827388883455 ) ) ;
#4472 = DIRECTION ( 'NONE',  ( 0.000000000000000000, 0.000000000000000000, -1.000000000000000000 ) ) ;
#4473 = ORIENTED_EDGE ( 'NONE', *, *, #1812, .F. ) ;
#4474 = PLANE ( 'NONE',  #684 ) ;
#4475 = EDGE_LOOP ( 'NONE', ( #6506, #716, #2733, #6843 ) ) ;
#4477 = DIRECTION ( 'NONE',  ( -0.7071067811864997221, 0.7071067811865954233, 0.000000000000000000 ) ) ;
#4476 = CARTESIAN_POINT ( 'NONE',  ( -27.92293889303208587, -4.052586123347008851, 15.69154424700307260 ) ) ;
#4478 = DIRECTION ( 'NONE',  ( 0.000000000000000000, 0.000000000000000000, -1.000000000000000000 ) ) ;
#4479 = CARTESIAN_POINT ( 'NONE',  ( -15.60715855638014560, -17.66176630779452950, -20.79999999999990123 ) ) ;
#4480 = CARTESIAN_POINT ( 'NONE',  ( -12.79893898089554938, -0.9999999999996799227, -22.50000000000000711 ) ) ;
#4481 = CARTESIAN_POINT ( 'NONE',  ( -14.91957456544375837, -16.49445693064034302, -17.19703167803123023 ) ) ;
#4482 = ORIENTED_EDGE ( 'NONE', *, *, #7225, .T. ) ;
#4483 = CARTESIAN_POINT ( 'NONE',  ( -23.71635244085108951, -22.51225337288521189, -7.280265024517916572 ) ) ;
#4484 = EDGE_CURVE ( 'NONE', #2294, #256, #9344, .T. ) ;
#4485 = EDGE_LOOP ( 'NONE', ( #172, #8877, #8828, #40 ) ) ;
#4486 = CARTESIAN_POINT ( 'NONE',  ( -29.12697795803827105, -4.705871205514670308, -22.08724863677190342 ) ) ;
#4487 = CARTESIAN_POINT ( 'NONE',  ( -30.24258923539509070, -4.988963526363203727, 21.82813105516392227 ) ) ;
#4488 = CARTESIAN_POINT ( 'NONE',  ( -25.65468712198820711, -3.380975368507902257, 20.70974407036838016 ) ) ;
#4489 = CARTESIAN_POINT ( 'NONE',  ( -15.93075108559001407, -13.13894922151707867, -22.49999999999999289 ) ) ;
#4490 = DIRECTION ( 'NONE',  ( 0.000000000000000000, -0.000000000000000000, 1.000000000000000000 ) ) ;
#4491 = EDGE_CURVE ( 'NONE', #6151, #4052, #4867, .T. ) ;
#4492 = CARTESIAN_POINT ( 'NONE',  ( -16.28306540817737869, -18.19720249416325331, -17.35845144095756609 ) ) ;
#4493 = ORIENTED_EDGE ( 'NONE', *, *, #4548, .F. ) ;
#4494 = DIRECTION ( 'NONE',  ( 3.489994118891830865E-16, 2.898839353028374601E-16, -1.000000000000000000 ) ) ;
#4495 = DIRECTION ( 'NONE',  ( -0.7071067811865425767, 9.077097026765505557E-14, -0.7071067811865525687 ) ) ;
#4496 = EDGE_CURVE ( 'NONE', #9577, #3314, #1407, .T. ) ;
#4497 = CARTESIAN_POINT ( 'NONE',  ( -29.26779434669742130, -4.741603270279325599, 22.08001734887671574 ) ) ;
#4498 = ADVANCED_FACE ( 'NONE', ( #7745 ), #2232, .F. ) ;
#4499 = CARTESIAN_POINT ( 'NONE',  ( -23.65425503233283422, -23.59386782185207920, -6.624817780809984846 ) ) ;
#4500 = CARTESIAN_POINT ( 'NONE',  ( -23.03077499953565876, -23.42539368677809719, -6.001337748012807616 ) ) ;
#4501 = CARTESIAN_POINT ( 'NONE',  ( -16.02077288288669621, -17.98942193985134708, 20.75366119755138072 ) ) ;
#4502 = CARTESIAN_POINT ( 'NONE',  ( -23.01842724843653087, -23.28603285615897178, 6.129440611099790104 ) ) ;
#4503 = CARTESIAN_POINT ( 'NONE',  ( -15.43910932942960379, -0.4999999999993297584, -15.50000000000001954 ) ) ;
#4504 = FACE_OUTER_BOUND ( 'NONE', #4107, .T. ) ;
#4505 = VERTEX_POINT ( 'NONE', #6205 ) ;
#4506 = CARTESIAN_POINT ( 'NONE',  ( -25.33610418366307471, -3.743917640865330299, 18.59318536493602281 ) ) ;
#4507 = ORIENTED_EDGE ( 'NONE', *, *, #7665, .T. ) ;
#4508 = EDGE_CURVE ( 'NONE', #317, #1151, #3763, .T. ) ;
#4509 = CARTESIAN_POINT ( 'NONE',  ( -14.28888953895404690, -16.61746883378910766, 19.23561588986809667 ) ) ;
#4510 = LINE ( 'NONE', #517, #1098 ) ;
#4511 = CARTESIAN_POINT ( 'NONE',  ( -23.01225337288697048, -23.21635244084941974, 6.193492042643286233 ) ) ;
#4512 = CARTESIAN_POINT ( 'NONE',  ( -15.70000000000043983, -9.097256437510504057, -3.377069034173027173 ) ) ;
#4513 = EDGE_LOOP ( 'NONE', ( #436, #6459, #4687, #2943 ) ) ;
#4514 = AXIS2_PLACEMENT_3D ( 'NONE', #8681, #2975, #7034 ) ;
#4515 = CARTESIAN_POINT ( 'NONE',  ( -27.03672565967019992, -3.790185649905442045, 16.05160144306328363 ) ) ;
#4516 = CARTESIAN_POINT ( 'NONE',  ( -16.20000000000043983, -9.808529584835024906, -2.028313217815174152 ) ) ;
#4518 = ORIENTED_EDGE ( 'NONE', *, *, #10148, .T. ) ;
#4517 = CARTESIAN_POINT ( 'NONE',  ( -15.21910429172128687, -16.74325063296636529, -21.02765104802483975 ) ) ;
#4519 = CARTESIAN_POINT ( 'NONE',  ( -28.65189320477056611, -4.268423519265622801, -22.39743087199274285 ) ) ;
#4520 = DIRECTION ( 'NONE',  ( -0.7071067811865502373, 0.7071067811865449082, -0.000000000000000000 ) ) ;
#4521 = CARTESIAN_POINT ( 'NONE',  ( -23.50000000000000000, -8.500000000000035527, 1.285879139104720633E-15 ) ) ;
#4522 = ORIENTED_EDGE ( 'NONE', *, *, #1679, .F. ) ;
#4523 = CARTESIAN_POINT ( 'NONE',  ( -16.44326443527726767, -17.76005566978279404, 16.81627930919836444 ) ) ;
#4524 = ORIENTED_EDGE ( 'NONE', *, *, #10152, .T. ) ;
#4526 = CARTESIAN_POINT ( 'NONE',  ( -27.41060670662722032, -28.94963896999987085, -10.38116945510435585 ) ) ;
#4525 = CARTESIAN_POINT ( 'NONE',  ( -25.28445903067358103, -3.271353865707959940, 18.10941042569228898 ) ) ;
#4527 = CARTESIAN_POINT ( 'NONE',  ( -24.98385941628142604, -24.12805422703258884, -15.00000000000000000 ) ) ;
#4528 = CARTESIAN_POINT ( 'NONE',  ( -15.51419759758015537, -17.58812512138062445, -17.21160282967234423 ) ) ;
#4529 = CARTESIAN_POINT ( 'NONE',  ( -16.20000000000043983, -8.692378719687910760, -3.792093136059921932 ) ) ;
#4530 = CARTESIAN_POINT ( 'NONE',  ( -15.11478341164562345, -16.65660020829403365, -17.02836024303653062 ) ) ;
#4531 = ORIENTED_EDGE ( 'NONE', *, *, #6039, .T. ) ;
#4532 = CARTESIAN_POINT ( 'NONE',  ( -14.84644660940738703, -24.24594154601780716, -22.49999999999999289 ) ) ;
#4533 = ORIENTED_EDGE ( 'NONE', *, *, #10096, .F. ) ;
#4534 = CARTESIAN_POINT ( 'NONE',  ( -31.65340559932986508, -5.346964951648230269, -20.80514341088175811 ) ) ;
#4535 = CARTESIAN_POINT ( 'NONE',  ( -29.72058760813184008, -4.856505421585290527, 21.99349198599766098 ) ) ;
#4536 = VECTOR ( 'NONE', #1561, 1000.000000000000227 ) ;
#4537 = CARTESIAN_POINT ( 'NONE',  ( -32.13421665645978464, -5.299510946084468266, 20.70969144029303521 ) ) ;
#4538 = DIRECTION ( 'NONE',  ( 0.5439411238000270155, -0.4518053273691745031, -0.7071067811865453523 ) ) ;
#4539 = EDGE_CURVE ( 'NONE', #5859, #9978, #1356, .T. ) ;
#4540 =( NAMED_UNIT ( * ) SI_UNIT ( $, .STERADIAN. ) SOLID_ANGLE_UNIT ( ) );
#4541 = AXIS2_PLACEMENT_3D ( 'NONE', #9101, #1212, #4185 ) ;
#4542 = DIRECTION ( 'NONE',  ( 1.000000000000000000, 3.469446951953615175E-16, 0.000000000000000000 ) ) ;
#4543 = LINE ( 'NONE', #2284, #2533 ) ;
#4544 = CARTESIAN_POINT ( 'NONE',  ( -31.59036746121492101, -5.330966715024858082, 17.10903070182647667 ) ) ;
#4545 = DIRECTION ( 'NONE',  ( -1.000000000000000000, 0.000000000000000000, 0.000000000000000000 ) ) ;
#4546 = CARTESIAN_POINT ( 'NONE',  ( -16.20000000000044338, -10.15014371292751250, -2.608471651183738249 ) ) ;
#4547 = CARTESIAN_POINT ( 'NONE',  ( -15.22626888413409141, -17.36003171190708017, 20.69727690213881743 ) ) ;
#4548 = EDGE_CURVE ( 'NONE', #2981, #5775, #2920, .T. ) ;
#4549 = VECTOR ( 'NONE', #4737, 1000.000000000000000 ) ;
#4550 = PLANE ( 'NONE',  #6720 ) ;
#4551 = CARTESIAN_POINT ( 'NONE',  ( -27.70004900289878336, -3.986590254074722228, -15.77608868126123198 ) ) ;
#4552 = PLANE ( 'NONE',  #3884 ) ;
#4553 = ORIENTED_EDGE ( 'NONE', *, *, #3661, .F. ) ;
#4554 = EDGE_CURVE ( 'NONE', #645, #953, #390, .T. ) ;
#4555 = EDGE_CURVE ( 'NONE', #5382, #6992, #1312, .T. ) ;
#4556 = CARTESIAN_POINT ( 'NONE',  ( -24.98385941628142959, -24.12805422703259595, -22.49999999999999289 ) ) ;
#4557 = ORIENTED_EDGE ( 'NONE', *, *, #4225, .F. ) ;
#4558 = CARTESIAN_POINT ( 'NONE',  ( -16.39389957970612954, -18.28500482418192874, 17.42905049473090173 ) ) ;
#4559 = CARTESIAN_POINT ( 'NONE',  ( -16.32957124361544388, -18.23404232619194687, 17.38210092330425383 ) ) ;
#4560 = DIRECTION ( 'NONE',  ( 1.000000000000000000, 0.000000000000000000, 0.000000000000000000 ) ) ;
#4561 = CARTESIAN_POINT ( 'NONE',  ( -16.20000000000043983, -6.905854527548331845, -3.669262641750473897 ) ) ;
#4562 = ORIENTED_EDGE ( 'NONE', *, *, #6283, .F. ) ;
#4563 = CARTESIAN_POINT ( 'NONE',  ( -25.67741481345749577, -3.387704851635962466, 17.29737626194151545 ) ) ;
#4564 = CARTESIAN_POINT ( 'NONE',  ( -22.00000000000000355, -19.78924521299461148, -4.970562748477149739 ) ) ;
#4565 = CARTESIAN_POINT ( 'NONE',  ( -15.70000000000045404, -7.303320638129065401, 1.291757677803803128 ) ) ;
#4566 = ADVANCED_FACE ( 'NONE', ( #5274 ), #2087, .T. ) ;
#4567 = CARTESIAN_POINT ( 'NONE',  ( -14.33767085653754059, -16.01111933361708140, -18.27312374782750837 ) ) ;
#4568 = VECTOR ( 'NONE', #8833, 1000.000000000000000 ) ;
#4569 = ADVANCED_FACE ( 'NONE', ( #6979, #597 ), #3707, .T. ) ;
#4570 = ADVANCED_FACE ( 'NONE', ( #6001 ), #1455, .T. ) ;
#4571 = CARTESIAN_POINT ( 'NONE',  ( -28.35236202216436041, -4.509308172723131669, -22.08001734887670509 ) ) ;
#4572 = PLANE ( 'NONE',  #5729 ) ;
#4573 = CARTESIAN_POINT ( 'NONE',  ( -16.20000000000043627, -8.405300642668384725, 0.1009220427220039323 ) ) ;
#4574 = CARTESIAN_POINT ( 'NONE',  ( -15.41671555167291530, -17.51090241289158200, -20.76381040415883916 ) ) ;
#4575 = EDGE_LOOP ( 'NONE', ( #1618, #787, #9466, #5630, #2903, #213 ) ) ;
#4576 = VECTOR ( 'NONE', #2107, 1000.000000000000000 ) ;
#4577 = CARTESIAN_POINT ( 'NONE',  ( -14.25989634315890520, -15.94651870325378162, 18.70471161464498877 ) ) ;
#4578 = VERTEX_POINT ( 'NONE', #689 ) ;
#4580 = CARTESIAN_POINT ( 'NONE',  ( -15.70000000000044338, -7.505049097994962892, -3.737151684137765439 ) ) ;
#4579 = CARTESIAN_POINT ( 'NONE',  ( -9.618932857080334742, -21.70000000000013785, 20.00000000000000000 ) ) ;
#4581 = CARTESIAN_POINT ( 'NONE',  ( -23.33172798364586242, -22.83172798364415712, 23.00000000000000000 ) ) ;
#4582 = CARTESIAN_POINT ( 'NONE',  ( -14.57076098651950247, -16.84075985921393581, -20.09798217311177027 ) ) ;
#4583 = AXIS2_PLACEMENT_3D ( 'NONE', #4977, #200, #8133 ) ;
#4584 = ORIENTED_EDGE ( 'NONE', *, *, #10222, .T. ) ;
#4585 = CARTESIAN_POINT ( 'NONE',  ( -15.70000000000043983, -9.219269289310586757, 0.8942154589206734450 ) ) ;
#4586 = ORIENTED_EDGE ( 'NONE', *, *, #5189, .F. ) ;
#4587 = VECTOR ( 'NONE', #3612, 1000.000000000000114 ) ;
#4588 = ORIENTED_EDGE ( 'NONE', *, *, #2262, .F. ) ;
#4589 = FACE_OUTER_BOUND ( 'NONE', #7503, .T. ) ;
#4590 = CIRCLE ( 'NONE', #106, 5.000000000000002665 ) ;
#4591 = CARTESIAN_POINT ( 'NONE',  ( -29.86610352557771364, -4.627941241460734823, 22.30845575297262329 ) ) ;
#4592 = CARTESIAN_POINT ( 'NONE',  ( -10.90445918442883766, -6.000000000000032863, 29.19896445510604011 ) ) ;
#4593 = AXIS2_PLACEMENT_3D ( 'NONE', #2753, #5998, #5058 ) ;
#4594 =( LENGTH_UNIT ( ) NAMED_UNIT ( * ) SI_UNIT ( .MILLI., .METRE. ) );
#4595 = ORIENTED_EDGE ( 'NONE', *, *, #25, .T. ) ;
#4596 = VECTOR ( 'NONE', #6911, 1000.000000000000114 ) ;
#4597 = FACE_OUTER_BOUND ( 'NONE', #943, .T. ) ;
#4598 = CARTESIAN_POINT ( 'NONE',  ( -25.31333145693569620, -3.738140405639863939, 18.79710433981730944 ) ) ;
#4599 = CARTESIAN_POINT ( 'NONE',  ( -25.21135487872718883, -3.249708325606387671, 19.44471594330205733 ) ) ;
#4600 = CARTESIAN_POINT ( 'NONE',  ( -15.70000000000043983, -8.391015233748285951, 0.09075549199030621961 ) ) ;
#4601 = CARTESIAN_POINT ( 'NONE',  ( -16.20000000000043983, -9.097256437510504057, -3.377069034173027173 ) ) ;
#4602 = CARTESIAN_POINT ( 'NONE',  ( -14.58625233793930853, -16.85302996866593617, 20.11729907446109777 ) ) ;
#4603 = DIRECTION ( 'NONE',  ( 0.000000000000000000, -0.7071067811865462405, -0.7071067811865489050 ) ) ;
#4604 = CARTESIAN_POINT ( 'NONE',  ( -26.63325003387896572, -3.670719824702040501, -16.29867749701571356 ) ) ;
#4605 = DIRECTION ( 'NONE',  ( 1.000000000000000000, 3.460219699421904391E-16, 0.000000000000000000 ) ) ;
#4606 = ORIENTED_EDGE ( 'NONE', *, *, #7425, .F. ) ;
#4607 = CARTESIAN_POINT ( 'NONE',  ( -26.50330608575385583, -4.040098000375704324, 16.67009696720644740 ) ) ;
#4608 = VERTEX_POINT ( 'NONE', #10202 ) ;
#4609 = CARTESIAN_POINT ( 'NONE',  ( -16.42372181195375447, -18.30862828290548450, 17.45062772278031460 ) ) ;
#4610 = FACE_OUTER_BOUND ( 'NONE', #208, .T. ) ;
#4611 = CARTESIAN_POINT ( 'NONE',  ( -23.03594731527408612, -23.23603522126804677, 6.230063510483562439 ) ) ;
#4612 = CARTESIAN_POINT ( 'NONE',  ( -15.70000000000043272, -7.601964286192010256, -2.704889371330680081 ) ) ;
#4613 = ORIENTED_EDGE ( 'NONE', *, *, #3937, .T. ) ;
#4614 = CARTESIAN_POINT ( 'NONE',  ( -31.68737387575046327, -5.167204461823026840, 21.24511232430544183 ) ) ;
#4615 = CARTESIAN_POINT ( 'NONE',  ( -15.70000000000043983, -6.904861609162323610, 0.4043596734760470102 ) ) ;
#4616 = EDGE_CURVE ( 'NONE', #8392, #8446, #9779, .T. ) ;
#4617 = CARTESIAN_POINT ( 'NONE',  ( -16.20000000000043983, -9.034412105976958429, -4.306265029607165395 ) ) ;
#4618 = CARTESIAN_POINT ( 'NONE',  ( -14.28888953895404867, -16.61746883378910411, -19.23561588986809312 ) ) ;
#4619 = CARTESIAN_POINT ( 'NONE',  ( -31.84203381090134499, -5.212998000757311345, -16.92760081561650409 ) ) ;
#4620 = CARTESIAN_POINT ( 'NONE',  ( -16.78744303732156951, -20.67859952137373369, 22.49999999999998579 ) ) ;
#4621 = EDGE_CURVE ( 'NONE', #10247, #2794, #270, .T. ) ;
#4622 = DIRECTION ( 'NONE',  ( -0.7071067811864580888, 0.7071067811866370567, 0.000000000000000000 ) ) ;
#4623 = CARTESIAN_POINT ( 'NONE',  ( -14.50655111448221746, -16.78989441866715637, -19.97620256320276155 ) ) ;
#4624 = ORIENTED_EDGE ( 'NONE', *, *, #2376, .F. ) ;
#4625 = CARTESIAN_POINT ( 'NONE',  ( -14.42497063448857730, -16.08363178584879094, 19.99969279403402211 ) ) ;
#4626 = ADVANCED_FACE ( 'NONE', ( #6614 ), #2626, .F. ) ;
#4627 = ADVANCED_FACE ( 'NONE', ( #5615 ), #7122, .F. ) ;
#4628 = ORIENTED_EDGE ( 'NONE', *, *, #2313, .F. ) ;
#4630 = CARTESIAN_POINT ( 'NONE',  ( -15.70000000000043983, -7.919889240714610423, -3.333405396806222054 ) ) ;
#4629 = LINE ( 'NONE', #5498, #378 ) ;
#4631 = CARTESIAN_POINT ( 'NONE',  ( -33.86445734324843215, -12.00000000000003197, 23.00000000000000000 ) ) ;
#4632 = CARTESIAN_POINT ( 'NONE',  ( -16.41195217664290595, -18.29930229902720384, -20.56209724421092844 ) ) ;
#4633 = ORIENTED_EDGE ( 'NONE', *, *, #8549, .F. ) ;
#4634 = DIRECTION ( 'NONE',  ( 0.000000000000000000, 1.000000000000000000, 0.000000000000000000 ) ) ;
#4635 = VERTEX_POINT ( 'NONE', #5819 ) ;
#4636 = ORIENTED_EDGE ( 'NONE', *, *, #4866, .F. ) ;
#4637 = CARTESIAN_POINT ( 'NONE',  ( -30.33436306599283228, -5.012253722766685016, 21.79077153009721002 ) ) ;
#4638 = FACE_OUTER_BOUND ( 'NONE', #5935, .T. ) ;
#4639 = CARTESIAN_POINT ( 'NONE',  ( -19.26635357184571617, -22.18490508109985271, -22.49999999999999289 ) ) ;
#4640 = ORIENTED_EDGE ( 'NONE', *, *, #8546, .T. ) ;
#4641 = CARTESIAN_POINT ( 'NONE',  ( -16.20000000000043983, -6.904353841145121073, 5.116881072215547555 ) ) ;
#4642 = CARTESIAN_POINT ( 'NONE',  ( -30.56247410029940070, -5.070134120247284493, 21.69027858722130375 ) ) ;
#4643 = CARTESIAN_POINT ( 'NONE',  ( -16.20000000000043983, -9.642235741182128450, -3.667047288711199116 ) ) ;
#4644 = CARTESIAN_POINT ( 'NONE',  ( -15.70000000000043983, -7.011879040948755915, -0.1914390987567879676 ) ) ;
#4645 = CARTESIAN_POINT ( 'NONE',  ( -14.49284351479010624, -16.77903592280432576, 19.95020524486843883 ) ) ;
#4646 = CARTESIAN_POINT ( 'NONE',  ( -34.00000000000000000, 10.73499399519519848, 0.000000000000000000 ) ) ;
#4647 = CARTESIAN_POINT ( 'NONE',  ( -26.44479635755025981, -3.614920236037738377, -21.55958049209175442 ) ) ;
#4648 = LINE ( 'NONE', #2293, #7067 ) ;
#4649 = ORIENTED_EDGE ( 'NONE', *, *, #3538, .T. ) ;
#4650 = CARTESIAN_POINT ( 'NONE',  ( -25.87127275303484097, -3.879720231699007815, 17.31934999964147437 ) ) ;
#4651 = ORIENTED_EDGE ( 'NONE', *, *, #7142, .T. ) ;
#4652 = CARTESIAN_POINT ( 'NONE',  ( -16.56746786951078221, -18.42249988784394077, 17.57334745520413932 ) ) ;
#4653 = DIRECTION ( 'NONE',  ( 0.7071067811865474617, 0.7071067811865474617, 0.000000000000000000 ) ) ;
#4654 = LINE ( 'NONE', #1333, #6057 ) ;
#4655 = VERTEX_POINT ( 'NONE', #8673 ) ;
#4656 = CARTESIAN_POINT ( 'NONE',  ( -27.25173090808977960, -3.853846941402630843, 15.94627762722663711 ) ) ;
#4657 = CARTESIAN_POINT ( 'NONE',  ( -15.70000000000044338, -7.392272809534230937, 1.351198996284884268 ) ) ;
#4658 = CARTESIAN_POINT ( 'NONE',  ( -15.70000000000045404, -7.392272809534230937, 1.351198996284884268 ) ) ;
#4659 = CARTESIAN_POINT ( 'NONE',  ( -14.98829455000832489, -17.17151878618560801, -20.56209724421092844 ) ) ;
#4660 = CARTESIAN_POINT ( 'NONE',  ( -28.65189320477059098, -4.268423519265626354, -15.60256912800726070 ) ) ;
#4661 = EDGE_CURVE ( 'NONE', #5368, #3201, #3, .T. ) ;
#4662 = CARTESIAN_POINT ( 'NONE',  ( -26.91398941098678677, -4.144313927915448836, -16.39519427491427450 ) ) ;
#4663 = VECTOR ( 'NONE', #1910, 1000.000000000000114 ) ;
#4664 = CARTESIAN_POINT ( 'NONE',  ( -16.20000000000043627, -7.802724347855767739, 0.7885066910734543910 ) ) ;
#4665 = CARTESIAN_POINT ( 'NONE',  ( -14.84253081851918310, -17.05604692023166891, -20.43543277419838233 ) ) ;
#4666 = EDGE_LOOP ( 'NONE', ( #1499, #7400, #6605, #487 ) ) ;
#4667 = CARTESIAN_POINT ( 'NONE',  ( -15.07067548303579052, -17.23677875902086498, 17.38210092330424317 ) ) ;
#4668 = LINE ( 'NONE', #7825, #5032 ) ;
#4669 = CARTESIAN_POINT ( 'NONE',  ( -24.29919277910247288, -22.77374317213648425, -7.269755527579617294 ) ) ;
#4670 = CARTESIAN_POINT ( 'NONE',  ( -16.75666241940257706, -14.13328707425802300, -15.40000000000019398 ) ) ;
#4671 = CIRCLE ( 'NONE', #8146, 6.500000000000000000 ) ;
#4672 = ADVANCED_FACE ( 'NONE', ( #8622 ), #10255, .T. ) ;
#4673 = CARTESIAN_POINT ( 'NONE',  ( -15.79308817027106748, -17.80905477741826815, -17.20000000000009521 ) ) ;
#4674 = EDGE_CURVE ( 'NONE', #633, #5413, #8728, .T. ) ;
#4675 = EDGE_CURVE ( 'NONE', #5350, #7609, #3954, .T. ) ;
#4676 = VERTEX_POINT ( 'NONE', #2280 ) ;
#4677 = CARTESIAN_POINT ( 'NONE',  ( -16.20000000000043627, -7.802724347855767739, 0.7885066910734543910 ) ) ;
#4678 = CARTESIAN_POINT ( 'NONE',  ( -15.70000000000043983, -10.49999999999928768, -2.028313217815174152 ) ) ;
#4679 = ORIENTED_EDGE ( 'NONE', *, *, #4124, .F. ) ;
#4680 = ORIENTED_EDGE ( 'NONE', *, *, #6161, .T. ) ;
#4681 = CARTESIAN_POINT ( 'NONE',  ( -32.19521962278971472, -5.484449242593532503, 19.80274536194225021 ) ) ;
#4682 = CARTESIAN_POINT ( 'NONE',  ( -34.00000000000000000, -8.000000000000031974, 5.420725942163712396 ) ) ;
#4683 = AXIS2_PLACEMENT_3D ( 'NONE', #5590, #865, #3883 ) ;
#4684 = DIRECTION ( 'NONE',  ( -0.7071067811865502373, 0.7071067811865449082, 0.000000000000000000 ) ) ;
#4685 = EDGE_CURVE ( 'NONE', #9216, #139, #6411, .T. ) ;
#4686 = AXIS2_PLACEMENT_3D ( 'NONE', #1794, #9664, #2517 ) ;
#4687 = ORIENTED_EDGE ( 'NONE', *, *, #3154, .T. ) ;
#4688 = DIRECTION ( 'NONE',  ( 2.709307669882598235E-16, -1.000000000000000000, 0.000000000000000000 ) ) ;
#4689 = VECTOR ( 'NONE', #4097, 1000.000000000000114 ) ;
#4690 = CARTESIAN_POINT ( 'NONE',  ( -16.20000000000044693, -7.508060654049326210, 0.2883183256292867203 ) ) ;
#4691 = CARTESIAN_POINT ( 'NONE',  ( -15.70000000000044693, -7.781164840707614161, -0.7355871893766171565 ) ) ;
#4692 = VECTOR ( 'NONE', #4427, 1000.000000000000000 ) ;
#4693 = CARTESIAN_POINT ( 'NONE',  ( -15.25842614220541549, -17.38550417744662724, 20.71100827782723286 ) ) ;
#4694 = PLANE ( 'NONE',  #6115 ) ;
#4695 = CARTESIAN_POINT ( 'NONE',  ( -27.93334329227908341, -4.055666780671346672, -15.71123059569078784 ) ) ;
#4696 = DIRECTION ( 'NONE',  ( 0.000000000000000000, 0.000000000000000000, 1.000000000000000000 ) ) ;
#4697 = VERTEX_POINT ( 'NONE', #3068 ) ;
#4698 = VECTOR ( 'NONE', #5512, 1000.000000000000000 ) ;
#4699 = CARTESIAN_POINT ( 'NONE',  ( -27.52231622401349398, -4.298680428148589527, 16.11747119224455105 ) ) ;
#4700 = ORIENTED_EDGE ( 'NONE', *, *, #8724, .F. ) ;
#4701 = AXIS2_PLACEMENT_3D ( 'NONE', #2743, #1856, #1964 ) ;
#4702 = CARTESIAN_POINT ( 'NONE',  ( -15.70000000000043983, -7.303320638129067177, -2.857064813181771079 ) ) ;
#4703 = ORIENTED_EDGE ( 'NONE', *, *, #1067, .T. ) ;
#4704 = CARTESIAN_POINT ( 'NONE',  ( -26.63325003387896572, -3.670719824702039613, 21.70132250298429710 ) ) ;
#4705 = DIRECTION ( 'NONE',  ( -3.469446951953614189E-16, 1.000000000000000000, 0.000000000000000000 ) ) ;
#4706 = CIRCLE ( 'NONE', #6053, 0.4999999999999995559 ) ;
#4707 = FACE_OUTER_BOUND ( 'NONE', #4315, .T. ) ;
#4708 = CARTESIAN_POINT ( 'NONE',  ( -16.44326443527726411, -17.76005566978278338, -16.81627930919837155 ) ) ;
#4709 = ORIENTED_EDGE ( 'NONE', *, *, #3543, .F. ) ;
#4710 = CARTESIAN_POINT ( 'NONE',  ( -32.57768753982544041, -5.430819039184424213, -18.55528405669793912 ) ) ;
#4711 = CARTESIAN_POINT ( 'NONE',  ( -27.56165776829133307, -4.308661585748236433, -16.10411978864845395 ) ) ;
#4712 = DIRECTION ( 'NONE',  ( -1.000000000000000000, 0.000000000000000000, 0.000000000000000000 ) ) ;
#4713 = CYLINDRICAL_SURFACE ( 'NONE', #6427, 3.099999999999967670 ) ;
#4714 = CARTESIAN_POINT ( 'NONE',  ( -14.57150806877305804, -16.84135011276826788, -20.09446847363330946 ) ) ;
#4715 = ORIENTED_EDGE ( 'NONE', *, *, #8519, .T. ) ;
#4716 = AXIS2_PLACEMENT_3D ( 'NONE', #6297, #5504, #7888 ) ;
#4717 = CARTESIAN_POINT ( 'NONE',  ( -14.42343050151020734, -16.72404858761049340, 19.79767278004957731 ) ) ;
#4718 = AXIS2_PLACEMENT_3D ( 'NONE', #8996, #7444, #1110 ) ;
#4719 = DIRECTION ( 'NONE',  ( -0.7071067811865489050, 0.000000000000000000, -0.7071067811865462405 ) ) ;
#4720 = B_SPLINE_CURVE_WITH_KNOTS ( 'NONE', 3,
 ( #5182, #9021, #8336, #6647, #5031, #1232, #5084, #4410, #7569, #1133, #466 ),
 .UNSPECIFIED., .F., .F.,
 ( 4, 1, 1, 1, 1, 1, 1, 1, 4 ),
 ( 0.000000000000000000, 0.1491402908464729560, 0.2821617981976309308, 0.4046557030353606366, 0.5211096910238625091, 0.6344164539698203820, 0.7487964497315260370, 0.8687105535463927053, 1.000000000000000000 ),
 .UNSPECIFIED. ) ;
#4721 = CARTESIAN_POINT ( 'NONE',  ( -13.31947461075893990, -15.81537554279481839, -23.00000000000000000 ) ) ;
#4722 = CARTESIAN_POINT ( 'NONE',  ( -15.70000000000044338, -7.498544083378710035, -4.814771940610424572 ) ) ;
#4723 = FACE_OUTER_BOUND ( 'NONE', #5993, .T. ) ;
#4724 = AXIS2_PLACEMENT_3D ( 'NONE', #6249, #1489, #3163 ) ;
#4725 = ORIENTED_EDGE ( 'NONE', *, *, #1546, .T. ) ;
#4726 = CARTESIAN_POINT ( 'NONE',  ( -16.20000000000043627, -7.666587019310798112, 0.7236294819674692347 ) ) ;
#4727 = CARTESIAN_POINT ( 'NONE',  ( -16.70000000000051443, -12.49999999999916156, -22.49999999999999289 ) ) ;
#4728 = VERTEX_POINT ( 'NONE', #2379 ) ;
#4729 = EDGE_CURVE ( 'NONE', #6757, #3254, #1653, .T. ) ;
#4730 = VERTEX_POINT ( 'NONE', #7997 ) ;
#4731 = EDGE_CURVE ( 'NONE', #6175, #3212, #6356, .T. ) ;
#4732 = CARTESIAN_POINT ( 'NONE',  ( -28.17228310468248509, -4.463611266396538824, 22.04803605645403053 ) ) ;
#4733 = AXIS2_PLACEMENT_3D ( 'NONE', #32, #2076, #3150 ) ;
#4734 = B_SPLINE_SURFACE_WITH_KNOTS ( 'NONE', 3, 1, ( 
 ( #2513, #1740 ),
 ( #4930, #3364 ),
 ( #8089, #4157 ),
 ( #7314, #9718 ),
 ( #1030, #2568 ),
 ( #5762, #263 ),
 ( #8970, #1082 ),
 ( #1842, #5035 ),
 ( #4259, #7421 ),
 ( #3472, #6650 ),
 ( #2411, #1952 ),
 ( #9079, #5186 ),
 ( #7572, #4512 ),
 ( #1995, #2671 ),
 ( #8289, #6080 ) ),
 .UNSPECIFIED., .F., .F., .F.,
 ( 4, 1, 1, 1, 1, 1, 1, 1, 1, 1, 1, 1, 4 ),
 ( 2, 2 ),
 ( 0.000000000000000000, 0.09635745386823814373, 0.1926608788082141976, 0.2894549334517488304, 0.3884793011163927834, 0.4419214173673352564, 0.5015211030486821375, 0.5678827758176531182, 0.6408916507843539501, 0.7203706588124400012, 0.8066369162819658767, 0.9000159377788827797, 0.9999999999999998890 ),
 ( 0.000000000000000000, 1.000000000000000000 ),
 .UNSPECIFIED. ) ;
#4735 = CARTESIAN_POINT ( 'NONE',  ( -16.21952248578919864, -17.57421238581036249, 16.75867021068663831 ) ) ;
#4736 = CARTESIAN_POINT ( 'NONE',  ( -16.20000000000043983, -10.49999999999928768, -2.535391522268964692 ) ) ;
#4737 = DIRECTION ( 'NONE',  ( 1.000000000000000000, 3.469446951953615175E-16, -0.000000000000000000 ) ) ;
#4738 = CARTESIAN_POINT ( 'NONE',  ( -16.77022658314550441, -18.58311770602354684, 17.81051231474545204 ) ) ;
#4739 = VERTEX_POINT ( 'NONE', #4736 ) ;
#4740 = VECTOR ( 'NONE', #6063, 1000.000000000000114 ) ;
#4741 = DIRECTION ( 'NONE',  ( -0.7071067811865938690, -0.7071067811865012764, 0.000000000000000000 ) ) ;
#4742 = EDGE_CURVE ( 'NONE', #9959, #2865, #5041, .T. ) ;
#4743 = CARTESIAN_POINT ( 'NONE',  ( -14.27973368366544626, -16.61021580999513958, -18.99999999999999645 ) ) ;
#4744 = EDGE_CURVE ( 'NONE', #633, #3404, #4785, .T. ) ;
#4745 = CARTESIAN_POINT ( 'NONE',  ( -13.49939650480420639, -17.39055298885636702, 19.00000000000000000 ) ) ;
#4746 = EDGE_CURVE ( 'NONE', #1099, #5235, #1089, .T. ) ;
#4747 = CARTESIAN_POINT ( 'NONE',  ( -9.711177504326853338, -18.06230443098350591, -23.65367534385720916 ) ) ;
#4748 = DIRECTION ( 'NONE',  ( 0.7071067811865492381, -0.7071067811865457964, 0.000000000000000000 ) ) ;
#4749 = CARTESIAN_POINT ( 'NONE',  ( -25.21135487872719949, -3.249708325606390336, -19.44471594330205377 ) ) ;
#4750 = AXIS2_PLACEMENT_3D ( 'NONE', #5213, #8370, #9207 ) ;
#4751 = DIRECTION ( 'NONE',  ( 3.469446951953615175E-16, -1.000000000000000000, 0.000000000000000000 ) ) ;
#4752 = ORIENTED_EDGE ( 'NONE', *, *, #1624, .T. ) ;
#4753 = CIRCLE ( 'NONE', #1108, 1.799999999999904565 ) ;
#4754 = CARTESIAN_POINT ( 'NONE',  ( -29.36085146390554357, -4.765221685820844044, 15.93859166426870466 ) ) ;
#4755 = ORIENTED_EDGE ( 'NONE', *, *, #5131, .F. ) ;
#4756 = CARTESIAN_POINT ( 'NONE',  ( -23.70706226896328062, -23.16350047951327795, 7.265925696056835470 ) ) ;
#4757 = CARTESIAN_POINT ( 'NONE',  ( -16.20000000000043627, -6.966107794308016743, -3.352791711281113418 ) ) ;
#4758 = ORIENTED_EDGE ( 'NONE', *, *, #2308, .F. ) ;
#4759 = CARTESIAN_POINT ( 'NONE',  ( -29.85569912627356004, -4.624860584119465656, 15.71123059569077718 ) ) ;
#4760 = CARTESIAN_POINT ( 'NONE',  ( -15.70000000000044338, -6.905854527548332733, 0.4795598492351008657 ) ) ;
#4761 = DIRECTION ( 'NONE',  ( 0.7071067811865517916, 2.453269466693413412E-16, 0.7071067811865433539 ) ) ;
#4762 = CARTESIAN_POINT ( 'NONE',  ( -17.37706682787779755, -18.53568537900476443, -17.62394092679182478 ) ) ;
#4763 = CARTESIAN_POINT ( 'NONE',  ( -15.70000000000043983, -7.503628200954149285, 0.3803087283403411289 ) ) ;
#4764 = AXIS2_PLACEMENT_3D ( 'NONE', #10064, #6171, #7856 ) ;
#4765 = CARTESIAN_POINT ( 'NONE',  ( -31.95306890763653129, -5.423003849417333377, -17.62623021204553098 ) ) ;
#4766 = CARTESIAN_POINT ( 'NONE',  ( -27.82077706599671885, -4.374414079899146657, -16.02663143880573671 ) ) ;
#4767 = DIRECTION ( 'NONE',  ( 0.000000000000000000, 0.09745061871804784615, 0.9952403613758183942 ) ) ;
#4768 = DIRECTION ( 'NONE',  ( 0.000000000000000000, 0.000000000000000000, 1.000000000000000000 ) ) ;
#4769 = CARTESIAN_POINT ( 'NONE',  ( -16.20949304597468910, -18.13892088291178339, -20.68037029991402420 ) ) ;
#4770 = B_SPLINE_CURVE_WITH_KNOTS ( 'NONE', 3,
 ( #3088, #1329, #4506, #6272, #2936, #3034, #6222, #6993, #6129, #8588, #4650, #3133, #10167, #7706, #3780, #9379, #7661, #1466, #8537, #3878, #561, #4607, #10120, #2252, #3930, #9230, #7807, #3723, #7046, #612, #8634, #10070, #2147, #6944, #2295, #1511, #9276, #5333, #6176, #9429, #4699, #7862, #755, #7296, #4908, #8846, #8788, #1666, #4138, #6315, #7246, #9634, #910, #6369, #2392, #8012, #9586, #2491, #182, #7344, #6428, #238, #3341, #4849, #4084, #2442, #132, #5526, #1773, #1721, #2341, #5683, #3294, #3180, #8071, #6478, #854, #966, #7190, #8745, #6526, #3235, #9476, #9532, #8688, #1566, #9694, #4754, #2544, #8901, #3976, #5735, #4959, #71, #8116, #1012, #4186, #7912, #804, #7135, #16, #5583, #1617, #4799, #5629, #7959, #4027, #1160, #1213, #1822, #5843, #5951, #8220, #337, #3501, #9901, #6579, #9751, #5899, #4336, #6678, #7497, #387, #3554, #292, #2760, #9103, #4445, #6731, #2651, #1115, #1928, #5014, #1975, #2707, #8317, #8168 ),
 .UNSPECIFIED., .F., .F.,
 ( 4, 2, 2, 2, 2, 2, 2, 2, 2, 2, 1, 2, 2, 1, 2, 2, 1, 2, 2, 1, 1, 2, 2, 1, 1, 2, 2, 2, 1, 1, 2, 2, 2, 1, 1, 2, 2, 1, 1, 1, 2, 2, 2, 2, 1, 1, 2, 2, 1, 1, 2, 2, 2, 1, 1, 2, 2, 2, 1, 2, 2, 1, 1, 2, 2, 1, 2, 2, 1, 2, 2, 2, 2, 2, 2, 2, 2, 2, 2, 2, 4 ),
 ( 0.5000000000000000000, 0.5312500000000131006, 0.5625000000000263123, 0.5781250000000326406, 0.5859375000000360822, 0.5937500000000396350, 0.6015625000000431877, 0.6093750000000466294, 0.6171875000000501821, 0.6250000000000537348, 0.6328125000000571765, 0.6367187500000589528, 0.6406250000000607292, 0.6484375000000642819, 0.6523437500000658362, 0.6562500000000675016, 0.6640625000000707212, 0.6679687500000722755, 0.6718750000000737188, 0.6796875000000761613, 0.6835937500000772715, 0.6855468750000778266, 0.6875000000000783817, 0.6953125000000802691, 0.6992187500000814904, 0.7011718750000821565, 0.7031250000000827116, 0.7109375000000859313, 0.7148437500000878186, 0.7167968750000885958, 0.7177734375000891509, 0.7187500000000897060, 0.7265625000000931477, 0.7304687500000949241, 0.7324218750000955902, 0.7333984375000957012, 0.7343750000000958122, 0.7382812500000953682, 0.7402343750000953682, 0.7412109375000953682, 0.7416992187500953682, 0.7421875000000953682, 0.7500000000000862643, 0.7539062500000819345, 0.7558593750000797140, 0.7568359375000783817, 0.7573242187500779377, 0.7578125000000777156, 0.7617187500000766054, 0.7636718750000761613, 0.7646484375000756062, 0.7656250000000750511, 0.7734375000000712763, 0.7773437500000697220, 0.7792968750000690559, 0.7802734375000686118, 0.7812500000000682787, 0.7890625000000661693, 0.7929687500000651701, 0.7949218750000646150, 0.7968750000000641709, 0.8046875000000630607, 0.8085937500000628386, 0.8105468750000623945, 0.8125000000000621725, 0.8203125000000601741, 0.8242187500000592859, 0.8281250000000583977, 0.8359375000000561773, 0.8398437500000551781, 0.8437500000000541789, 0.8515625000000518474, 0.8593750000000495159, 0.8671875000000471845, 0.8750000000000448530, 0.8828125000000421885, 0.8906250000000395239, 0.8984375000000367484, 0.9062500000000339728, 0.9375000000000228706, 1.000000000000000000 ),
 .UNSPECIFIED. ) ;
#4771 = ORIENTED_EDGE ( 'NONE', *, *, #8237, .F. ) ;
#4772 = CARTESIAN_POINT ( 'NONE',  ( -15.42986459963707624, -16.91831117858030353, 21.14065535970051002 ) ) ;
#4773 = VERTEX_POINT ( 'NONE', #790 ) ;
#4774 = CARTESIAN_POINT ( 'NONE',  ( -34.50000000000000000, -6.000000000000031086, -23.00000000000000000 ) ) ;
#4775 = CARTESIAN_POINT ( 'NONE',  ( -19.06670549790255365, -16.91441282030091742, -15.40000000000019398 ) ) ;
#4776 = CARTESIAN_POINT ( 'NONE',  ( -15.76440033934345308, -17.19618137956597792, 16.74405760520946629 ) ) ;
#4777 = ORIENTED_EDGE ( 'NONE', *, *, #8535, .F. ) ;
#4778 = LINE ( 'NONE', #7784, #1391 ) ;
#4779 = LINE ( 'NONE', #1594, #7047 ) ;
#4780 = ORIENTED_EDGE ( 'NONE', *, *, #5894, .F. ) ;
#4781 = CARTESIAN_POINT ( 'NONE',  ( -30.94305905697243020, -5.166709276345106794, 16.53516699094557652 ) ) ;
#4782 = EDGE_LOOP ( 'NONE', ( #1448, #10196, #6375, #9343, #8419 ) ) ;
#4783 = CARTESIAN_POINT ( 'NONE',  ( -27.26109403850891866, -4.232390622054122531, 21.77936039514654354 ) ) ;
#4784 = CARTESIAN_POINT ( 'NONE',  ( -14.83975361142346294, -16.42815649722191296, 17.30045582609815469 ) ) ;
#4785 = LINE ( 'NONE', #8197, #2693 ) ;
#4786 = APPROVAL_DATE_TIME ( #5670, #785 ) ;
#4787 = CARTESIAN_POINT ( 'NONE',  ( -15.79308817027107104, -17.80905477741827170, 17.20000000000010232 ) ) ;
#4788 = EDGE_CURVE ( 'NONE', #4798, #5403, #7946, .T. ) ;
#4789 = EDGE_LOOP ( 'NONE', ( #7162, #8483, #7678, #6154 ) ) ;
#4790 = CARTESIAN_POINT ( 'NONE',  ( -16.20000000000043627, -8.114391335053985799, -4.867056827388883455 ) ) ;
#4791 = DIRECTION ( 'NONE',  ( 0.000000000000000000, 0.000000000000000000, 1.000000000000000000 ) ) ;
#4792 = CARTESIAN_POINT ( 'NONE',  ( -3.499999999999996447, -12.29893898089671822, 23.00000000000000000 ) ) ;
#4793 = CARTESIAN_POINT ( 'NONE',  ( -15.19999999999943618, -0.9999999999993522959, 23.00000000000000000 ) ) ;
#4794 = DIRECTION ( 'NONE',  ( 0.000000000000000000, 0.000000000000000000, 1.000000000000000000 ) ) ;
#4795 = CARTESIAN_POINT ( 'NONE',  ( -25.33587154395002372, -3.743860054784415414, -18.59421707869871199 ) ) ;
#4796 = ADVANCED_FACE ( 'NONE', ( #739 ), #3911, .T. ) ;
#4797 = DIRECTION ( 'NONE',  ( 1.000000000000000000, 3.469446951953615175E-16, 0.000000000000000000 ) ) ;
#4798 = VERTEX_POINT ( 'NONE', #9030 ) ;
#4799 = CARTESIAN_POINT ( 'NONE',  ( -30.09727454138238301, -4.952088403674324013, 16.11765238795381094 ) ) ;
#4800 = VERTEX_POINT ( 'NONE', #5299 ) ;
#4801 = CARTESIAN_POINT ( 'NONE',  ( -16.78457850601201073, -18.59448864039941895, -17.83715576396717850 ) ) ;
#4802 = ADVANCED_FACE ( 'NONE', ( #523 ), #9878, .F. ) ;
#4803 = EDGE_CURVE ( 'NONE', #7448, #4265, #5144, .T. ) ;
#4804 = DIRECTION ( 'NONE',  ( 0.000000000000000000, 0.000000000000000000, 1.000000000000000000 ) ) ;
#4805 = CARTESIAN_POINT ( 'NONE',  ( -24.29479231500895864, -22.77213013755233106, 7.265355063486099496 ) ) ;
#4806 = CARTESIAN_POINT ( 'NONE',  ( -31.94736955323975636, -5.421563895005492739, -17.62730731498916725 ) ) ;
#4807 = ORIENTED_EDGE ( 'NONE', *, *, #1196, .T. ) ;
#4808 = CARTESIAN_POINT ( 'NONE',  ( -19.06670549790255365, -16.91441282030091742, 19.00000000000000000 ) ) ;
#4809 = CARTESIAN_POINT ( 'NONE',  ( -0.9999999999999986677, -14.70000000000052154, 23.00000000000000000 ) ) ;
#4810 = CARTESIAN_POINT ( 'NONE',  ( -15.70000000000043627, -7.666587019310798112, -3.425193009018104640 ) ) ;
#4811 = CARTESIAN_POINT ( 'NONE',  ( -14.42343050151019845, -16.72404858761051116, -19.79767278004957731 ) ) ;
#4812 = EDGE_CURVE ( 'NONE', #4321, #5859, #7476, .T. ) ;
#4813 = FACE_OUTER_BOUND ( 'NONE', #5476, .T. ) ;
#4814 = ORIENTED_EDGE ( 'NONE', *, *, #3084, .F. ) ;
#4815 = CARTESIAN_POINT ( 'NONE',  ( -32.30682491192607841, -5.512771037362599991, -18.79710433981732365 ) ) ;
#4816 = CARTESIAN_POINT ( 'NONE',  ( -16.20000000000043983, -6.905157355145650655, -3.824726665853956487 ) ) ;
#4817 = CARTESIAN_POINT ( 'NONE',  ( -16.20000000000043983, -8.616162754740134488, -3.866934758321899146 ) ) ;
#4818 = CARTESIAN_POINT ( 'NONE',  ( -15.19999999999936691, -0.4999999999993516298, -22.50000000000000711 ) ) ;
#4819 = CARTESIAN_POINT ( 'NONE',  ( -16.76983291203426063, -18.58280745968095715, -20.18567330332729171 ) ) ;
#4820 = ORIENTED_EDGE ( 'NONE', *, *, #7416, .F. ) ;
#4821 = CARTESIAN_POINT ( 'NONE',  ( -16.82948574013173015, -18.63006122599886893, 17.90201782688823684 ) ) ;
#4822 = DIRECTION ( 'NONE',  ( -0.7071067811865512365, 9.383755710102323030E-14, -0.7071067811865437980 ) ) ;
#4823 = FACE_OUTER_BOUND ( 'NONE', #3874, .T. ) ;
#4824 = CARTESIAN_POINT ( 'NONE',  ( -15.70000000000043983, -7.060056848763239579, -4.431908663444811936 ) ) ;
#4825 = CARTESIAN_POINT ( 'NONE',  ( -16.86802037601687232, -18.11286406845124830, 17.02836024303146445 ) ) ;
#4826 = ORIENTED_EDGE ( 'NONE', *, *, #7903, .F. ) ;
#4827 = CARTESIAN_POINT ( 'NONE',  ( -16.20000000000043983, -6.904353841145121073, -3.782919396294488479 ) ) ;
#4828 = ORIENTED_EDGE ( 'NONE', *, *, #174, .T. ) ;
#4829 = CARTESIAN_POINT ( 'NONE',  ( -26.10166854280219795, -3.513322902967789485, 21.24511232430544538 ) ) ;
#4830 = B_SPLINE_SURFACE_WITH_KNOTS ( 'NONE', 3, 1, ( 
 ( #2817, #10008 ),
 ( #7508, #396 ),
 ( #6067, #5281 ),
 ( #3714, #10061 ),
 ( #1321, #5324 ),
 ( #3772, #7699 ),
 ( #6791, #10113 ),
 ( #5910, #6741 ),
 ( #9912, #2773 ),
 ( #1222, #9962 ),
 ( #4401, #457 ),
 ( #3619, #3967 ),
 ( #3077, #6261 ),
 ( #6214, #8734 ),
 ( #6361, #7951 ),
 ( #8, #1559 ),
 ( #5471, #7905 ),
 ( #4643, #649 ),
 ( #9420, #7853 ),
 ( #8579, #3173 ),
 ( #5425, #1459 ) ),
 .UNSPECIFIED., .F., .F., .F.,
 ( 4, 1, 1, 1, 1, 1, 1, 1, 1, 1, 1, 1, 1, 1, 1, 1, 1, 1, 4 ),
 ( 2, 2 ),
 ( 0.000000000000000000, 0.03697531392137456963, 0.07919255229670577045, 0.1267009440549548283, 0.1791840785794688862, 0.2373686428140497906, 0.3005585397445010853, 0.3691531357212948228, 0.4431123780003068946, 0.5160183892506156056, 0.5824731789612762611, 0.6421368079450540112, 0.6946199424695685964, 0.7406794327797177058, 0.7795890342775176896, 0.8120737912440667561, 0.8378140957748625439, 0.9225648809653531623, 1.000000000000000000 ),
 ( 0.000000000000000000, 1.000000000000000000 ),
 .UNSPECIFIED. ) ;
#4831 = AXIS2_PLACEMENT_3D ( 'NONE', #7652, #2140, #8327 ) ;
#4832 = ORIENTED_EDGE ( 'NONE', *, *, #3020, .T. ) ;
#4833 = CARTESIAN_POINT ( 'NONE',  ( -16.20949304597468910, -18.13892088291179050, 17.31962970008596869 ) ) ;
#4834 = CARTESIAN_POINT ( 'NONE',  ( -28.14042227121979778, -4.455527396540756691, 22.04262747186422899 ) ) ;
#4835 = CARTESIAN_POINT ( 'NONE',  ( -14.33767085653754059, -16.01111933361708140, 19.72687625217248453 ) ) ;
#4836 = CARTESIAN_POINT ( 'NONE',  ( -25.31198845677991471, -22.13275126118272951, -8.282551205257060900 ) ) ;
#4837 = VECTOR ( 'NONE', #6868, 1000.000000000000114 ) ;
#4838 = CARTESIAN_POINT ( 'NONE',  ( -16.97681622514102173, -18.74677249760230424, 19.79767278004957376 ) ) ;
#4839 = ORIENTED_EDGE ( 'NONE', *, *, #6910, .F. ) ;
#4840 = CARTESIAN_POINT ( 'NONE',  ( -15.70000000000043627, -8.437525039241711156, 0.1238553003132636804 ) ) ;
#4841 = CARTESIAN_POINT ( 'NONE',  ( -28.07607999722205250, -4.439199601114601101, -22.03098599599933038 ) ) ;
#4842 = DIRECTION ( 'NONE',  ( -0.7071067811864567565, 0.7071067811866382780, 0.000000000000000000 ) ) ;
#4843 = VECTOR ( 'NONE', #7268, 1000.000000000000114 ) ;
#4844 = LINE ( 'NONE', #5103, #1198 ) ;
#4845 = LINE ( 'NONE', #8840, #6888 ) ;
#4846 = ADVANCED_FACE ( 'NONE', ( #3687 ), #934, .T. ) ;
#4847 = CARTESIAN_POINT ( 'NONE',  ( -25.49192344381928521, -3.783458931001117076, -19.99886749270905284 ) ) ;
#4848 = FACE_OUTER_BOUND ( 'NONE', #9741, .T. ) ;
#4849 = CARTESIAN_POINT ( 'NONE',  ( -28.53302916696510394, -4.555152007865282293, 15.90956085703323275 ) ) ;
#4850 = VERTEX_POINT ( 'NONE', #926 ) ;
#4851 = LINE ( 'NONE', #7961, #3429 ) ;
#4852 = CARTESIAN_POINT ( 'NONE',  ( -16.93148331424756847, -18.71086221936661076, 18.10085540497631484 ) ) ;
#4853 = AXIS2_PLACEMENT_3D ( 'NONE', #3304, #4921, #6489 ) ;
#4854 = CARTESIAN_POINT ( 'NONE',  ( -12.75693438455825479, -15.94098408742387285, -23.00000000000000000 ) ) ;
#4855 = CARTESIAN_POINT ( 'NONE',  ( -23.80157261432427873, -23.00549460234800137, 7.411801886665859485 ) ) ;
#4856 = CARTESIAN_POINT ( 'NONE',  ( -30.84830051002107965, -5.142665691420558183, -16.48096446084967681 ) ) ;
#4857 = ORIENTED_EDGE ( 'NONE', *, *, #9636, .T. ) ;
#4858 = CARTESIAN_POINT ( 'NONE',  ( -14.24866261705345849, -15.93718780864300122, 19.00000000000000355 ) ) ;
#4859 = AXIS2_PLACEMENT_3D ( 'NONE', #127, #2484, #4842 ) ;
#4860 = CARTESIAN_POINT ( 'NONE',  ( -31.15579238467369549, -5.009807540088778488, 16.29867749701570645 ) ) ;
#4861 = EDGE_CURVE ( 'NONE', #896, #7740, #3307, .T. ) ;
#4862 = CARTESIAN_POINT ( 'NONE',  ( -23.80157261432428228, -23.00549460234799426, -7.411801886665893235 ) ) ;
#4863 = CARTESIAN_POINT ( 'NONE',  ( -45.10080138151387530, -6.000000000000046185, 7.682591274314911622 ) ) ;
#4864 = EDGE_CURVE ( 'NONE', #195, #7019, #6491, .T. ) ;
#4865 = CARTESIAN_POINT ( 'NONE',  ( -17.11135718769717329, -18.85335225142369708, -18.76438411013189622 ) ) ;
#4866 = EDGE_CURVE ( 'NONE', #3179, #9959, #4900, .T. ) ;
#4867 = CIRCLE ( 'NONE', #7683, 1.799999999999904343 ) ;
#4868 = CARTESIAN_POINT ( 'NONE',  ( -34.00000000000000000, -2.000000000000029310, -5.999999999999998224 ) ) ;
#4869 = ORIENTED_EDGE ( 'NONE', *, *, #443, .T. ) ;
#4870 = CARTESIAN_POINT ( 'NONE',  ( -29.71672491231610991, -4.855521434125610547, -15.99914861037674640 ) ) ;
#4871 = CARTESIAN_POINT ( 'NONE',  ( -23.15303743532486536, -23.29887367143428278, -6.410794526805497995 ) ) ;
#4872 = CARTESIAN_POINT ( 'NONE',  ( -31.17372232163641499, -5.015116447438253466, -21.71595045497785037 ) ) ;
#4873 = CARTESIAN_POINT ( 'NONE',  ( -15.70000000000044338, -9.097678803514757107, -0.09292530635218672341 ) ) ;
#4874 = CARTESIAN_POINT ( 'NONE',  ( -16.67238954540690798, -18.50561460805293734, -20.31252890782125675 ) ) ;
#4875 = ORIENTED_EDGE ( 'NONE', *, *, #4864, .T. ) ;
#4876 = ADVANCED_FACE ( 'NONE', ( #1026, #8029 ), #3250, .F. ) ;
#4877 = CARTESIAN_POINT ( 'NONE',  ( -14.63002014350571045, -16.88770337918926501, 17.81051231474544849 ) ) ;
#4878 = CIRCLE ( 'NONE', #8184, 0.9999999999999974465 ) ;
#4879 = LINE ( 'NONE', #936, #5513 ) ;
#4880 = EDGE_CURVE ( 'NONE', #5235, #2082, #3416, .T. ) ;
#4882 = VERTEX_POINT ( 'NONE', #7926 ) ;
#4881 = CARTESIAN_POINT ( 'NONE',  ( -16.20000000000043983, -7.503628200954149285, -3.768513762645233633 ) ) ;
#4883 = CARTESIAN_POINT ( 'NONE',  ( -15.70000000000044338, -7.118390235841737912, -4.515624633164652124 ) ) ;
#4884 = EDGE_CURVE ( 'NONE', #7708, #861, #2615, .T. ) ;
#4885 = CARTESIAN_POINT ( 'NONE',  ( -34.00000000000000000, -8.000000000000031974, 0.000000000000000000 ) ) ;
#4886 = ORIENTED_EDGE ( 'NONE', *, *, #3414, .T. ) ;
#4887 = CARTESIAN_POINT ( 'NONE',  ( -25.18745909526083082, -3.242632980013721689, -18.99999999999999289 ) ) ;
#4888 = DIRECTION ( 'NONE',  ( -0.000000000000000000, -0.000000000000000000, -1.000000000000000000 ) ) ;
#4889 = ORIENTED_EDGE ( 'NONE', *, *, #9491, .F. ) ;
#4890 = AXIS2_PLACEMENT_3D ( 'NONE', #5996, #6722, #3598 ) ;
#4891 = CARTESIAN_POINT ( 'NONE',  ( -31.15579238467369549, -5.009807540088778488, 21.70132250298429000 ) ) ;
#4892 = EDGE_LOOP ( 'NONE', ( #1013, #4628, #6394, #9514, #4235 ) ) ;
#4893 = ORIENTED_EDGE ( 'NONE', *, *, #7903, .T. ) ;
#4894 = CARTESIAN_POINT ( 'NONE',  ( -17.37706682787780110, -18.53568537900476443, 17.62394092679183188 ) ) ;
#4895 = CIRCLE ( 'NONE', #5395, 3.099999999999934364 ) ;
#4896 = PERSON_AND_ORGANIZATION ( #3075, #6207 ) ;
#4897 = CARTESIAN_POINT ( 'NONE',  ( -15.70000000000044338, -8.922214634246472542, -4.417383216992182504 ) ) ;
#4898 = ORIENTED_EDGE ( 'NONE', *, *, #105, .T. ) ;
#4899 = CARTESIAN_POINT ( 'NONE',  ( -15.70000000000043983, -8.672004050072873227, -4.622752045059229431 ) ) ;
#4900 = B_SPLINE_CURVE_WITH_KNOTS ( 'NONE', 3,
 ( #8860, #1633, #979, #196, #5808, #1735, #4045, #2455, #4925, #3195, #4153, #9713, #8916, #8757, #1787, #7204, #7362, #7976, #88, #4975, #8131 ),
 .UNSPECIFIED., .F., .F.,
 ( 4, 1, 1, 1, 1, 1, 1, 1, 1, 1, 1, 1, 1, 1, 1, 1, 1, 1, 4 ),
 ( 0.000000000000000000, 0.03697531392137456963, 0.07919255229670577045, 0.1267009440549548283, 0.1791840785794688862, 0.2373686428140497906, 0.3005585397445009743, 0.3691531357212948228, 0.4431123780003068946, 0.5160183892506153835, 0.5824731789612760391, 0.6421368079450542332, 0.6946199424695685964, 0.7406794327797177058, 0.7795890342775176896, 0.8120737912440667561, 0.8378140957748625439, 0.9225648809653531623, 1.000000000000000000 ),
 .UNSPECIFIED. ) ;
#4901 = VECTOR ( 'NONE', #9767, 1000.000000000000000 ) ;
#4902 = CARTESIAN_POINT ( 'NONE',  ( -27.05971431020322626, -4.181289609577071076, -21.68378104149663343 ) ) ;
#4903 = DIRECTION ( 'NONE',  ( -0.09781792768725058873, 0.7576330471928550692, -0.6453090878208991299 ) ) ;
#4904 = CARTESIAN_POINT ( 'NONE',  ( -16.20000000000044338, -8.289728730214710239, 0.02978018215621859241 ) ) ;
#4905 = DIRECTION ( 'NONE',  ( -3.489994118891832344E-16, 0.000000000000000000, 1.000000000000000000 ) ) ;
#4906 = CARTESIAN_POINT ( 'NONE',  ( -27.05768226856236680, -4.180777322755174552, -21.69027858722130375 ) ) ;
#4907 = CARTESIAN_POINT ( 'NONE',  ( -4.499999999999996447, -15.70000000000003304, -23.00000000000000000 ) ) ;
#4908 = CARTESIAN_POINT ( 'NONE',  ( -27.76647825072272013, -4.360635466816685124, 16.04125185213564109 ) ) ;
#4909 = VECTOR ( 'NONE', #4494, 1000.000000000000000 ) ;
#4910 = ORIENTED_EDGE ( 'NONE', *, *, #9775, .T. ) ;
#4911 = CARTESIAN_POINT ( 'NONE',  ( -17.08455714630615319, -18.83213950432794803, -18.59332383897241670 ) ) ;
#4912 = DIRECTION ( 'NONE',  ( -0.5690808351344379679, 0.000000000000000000, 0.8222815838158425983 ) ) ;
#4913 = CARTESIAN_POINT ( 'NONE',  ( -16.20000000000043983, -8.616162754740134488, 0.2818877326636745617 ) ) ;
#4914 = CARTESIAN_POINT ( 'NONE',  ( -30.63508928734992054, -5.088563420004368787, -16.35485776645409928 ) ) ;
#4915 = EDGE_LOOP ( 'NONE', ( #4588, #2320, #4008, #4091, #3684 ) ) ;
#4916 = DIRECTION ( 'NONE',  ( -0.7071067811865474617, -0.7071067811865474617, 0.000000000000000000 ) ) ;
#4917 = CARTESIAN_POINT ( 'NONE',  ( -16.75666241940257706, -14.13328707425802300, 22.59999999999980602 ) ) ;
#4918 = CARTESIAN_POINT ( 'NONE',  ( -23.58887677413712680, -23.26163880497598413, -7.083507044377733486 ) ) ;
#4919 = CIRCLE ( 'NONE', #7574, 1.000000000000002665 ) ;
#4920 = CARTESIAN_POINT ( 'NONE',  ( -15.70000000000043983, -8.056804533085561104, -3.319057992788463363 ) ) ;
#4921 = DIRECTION ( 'NONE',  ( 0.000000000000000000, -0.000000000000000000, 1.000000000000000000 ) ) ;
#4922 = VECTOR ( 'NONE', #2543, 1000.000000000000114 ) ;
#4923 = CARTESIAN_POINT ( 'NONE',  ( -23.03077499953564455, -23.42539368677807587, 6.001337748012788964 ) ) ;
#4924 = ORIENTED_EDGE ( 'NONE', *, *, #8871, .T. ) ;
#4925 = CARTESIAN_POINT ( 'NONE',  ( -16.20000000000043983, -9.163291940019410831, -0.02030771145309335363 ) ) ;
#4926 = DIRECTION ( 'NONE',  ( -0.7071067811865450192, -0.7071067811865500152, 0.000000000000000000 ) ) ;
#4927 = VECTOR ( 'NONE', #7510, 1000.000000000000114 ) ;
#4928 = CARTESIAN_POINT ( 'NONE',  ( -13.79893898089594551, -3.499999999999526157, 23.00000000000000000 ) ) ;
#4929 = CARTESIAN_POINT ( 'NONE',  ( -15.70000000000044338, -8.547785250849040395, -3.930167697617706679 ) ) ;
#4930 = CARTESIAN_POINT ( 'NONE',  ( -16.20000000000043627, -10.44090382043026288, -2.543351461567653793 ) ) ;
#4931 = EDGE_CURVE ( 'NONE', #4655, #896, #3991, .T. ) ;
#4932 = ORIENTED_EDGE ( 'NONE', *, *, #869, .F. ) ;
#4933 = CARTESIAN_POINT ( 'NONE',  ( -16.20000000000044693, -8.226686217178693639, -0.6927059725639584942 ) ) ;
#4934 = B_SPLINE_CURVE_WITH_KNOTS ( 'NONE', 3,
 ( #211, #8047, #8404, #6035, #9934, #5984 ),
 .UNSPECIFIED., .F., .F.,
 ( 4, 2, 4 ),
 ( 0.000000000000000000, 0.0007151226685333976962, 0.001430245337066795392 ),
 .UNSPECIFIED. ) ;
#4935 = DIRECTION ( 'NONE',  ( -0.5773502691896262862, 0.5773502691896266192, 0.5773502691896243988 ) ) ;
#4936 = CARTESIAN_POINT ( 'NONE',  ( -16.20000000000044338, -7.939537600427850172, -4.193625486892911702 ) ) ;
#4937 = DIRECTION ( 'NONE',  ( -0.7071067811865502373, 0.7071067811865449082, -0.000000000000000000 ) ) ;
#4938 = ADVANCED_FACE ( 'NONE', ( #6748 ), #2827, .F. ) ;
#4939 = ORIENTED_EDGE ( 'NONE', *, *, #5749, .T. ) ;
#4940 = CARTESIAN_POINT ( 'NONE',  ( -23.83172798364585532, -22.83172798364415357, 23.00000000000000000 ) ) ;
#4941 = CARTESIAN_POINT ( 'NONE',  ( -25.43172798364586740, -22.83172798364415712, -8.402290732123008254 ) ) ;
#4942 = ADVANCED_FACE ( 'NONE', ( #9970 ), #405, .F. ) ;
#4943 = ORIENTED_EDGE ( 'NONE', *, *, #7157, .T. ) ;
#4944 = ADVANCED_FACE ( 'NONE', ( #5180 ), #5917, .T. ) ;
#4945 = CARTESIAN_POINT ( 'NONE',  ( -32.60158332329182684, -5.437894384777096413, 18.77763742593381124 ) ) ;
#4946 = ORIENTED_EDGE ( 'NONE', *, *, #7145, .T. ) ;
#4947 = CARTESIAN_POINT ( 'NONE',  ( -25.77438000524119133, -3.855134806565545524, 20.55209449892794282 ) ) ;
#4948 = ORIENTED_EDGE ( 'NONE', *, *, #2836, .T. ) ;
#4949 = CARTESIAN_POINT ( 'NONE',  ( -14.24866261705346204, -15.93718780864300122, 18.85235275148832557 ) ) ;
#4950 = ADVANCED_FACE ( 'NONE', ( #7620 ), #2779, .F. ) ;
#4951 = LINE ( 'NONE', #7440, #8517 ) ;
#4952 = ORIENTED_EDGE ( 'NONE', *, *, #9898, .T. ) ;
#4953 = CARTESIAN_POINT ( 'NONE',  ( -16.61954035032799482, -0.7057424773177796151, 15.50000000000000000 ) ) ;
#4954 = CARTESIAN_POINT ( 'NONE',  ( -25.75294755637884947, -3.849689810383591038, -20.50564848381709737 ) ) ;
#4955 = CARTESIAN_POINT ( 'NONE',  ( -15.19999999999932250, -3.999999999999346301, 15.00000000000000000 ) ) ;
#4956 = CARTESIAN_POINT ( 'NONE',  ( -16.20000000000043272, -10.15014371292751072, 1.540350839801835736 ) ) ;
#4957 = CARTESIAN_POINT ( 'NONE',  ( -28.58121536676148722, -4.567380745194690839, -22.09999999999996234 ) ) ;
#4958 = DIRECTION ( 'NONE',  ( -1.000000000000000000, 0.000000000000000000, 0.000000000000000000 ) ) ;
#4959 = CARTESIAN_POINT ( 'NONE',  ( -29.48479446033426044, -4.796668041345336420, 15.95824919850832835 ) ) ;
#4960 = ORIENTED_EDGE ( 'NONE', *, *, #4232, .F. ) ;
#4961 = CARTESIAN_POINT ( 'NONE',  ( -16.90686835654563680, -18.69136221513179308, -18.05012921633549539 ) ) ;
#4962 = CARTESIAN_POINT ( 'NONE',  ( -15.70000000000043983, -8.784289032372960548, -0.3889521085299013636 ) ) ;
#4963 = CARTESIAN_POINT ( 'NONE',  ( -16.20000000000043983, -8.937246535974217920, 0.6055004372474811492 ) ) ;
#4964 = CARTESIAN_POINT ( 'NONE',  ( -23.71635244085109306, -22.51225337288521189, 7.280265024517860617 ) ) ;
#4965 = B_SPLINE_CURVE_WITH_KNOTS ( 'NONE', 1,
 ( #2496, #1777 ),
 .UNSPECIFIED., .F., .F.,
 ( 2, 2 ),
 ( 0.000000000000000000, 1.000000000000000000 ),
 .UNSPECIFIED. ) ;
#4966 = CARTESIAN_POINT ( 'NONE',  ( -29.52196920608823305, -4.806101594161601653, -15.96491617319306400 ) ) ;
#4967 = VERTEX_POINT ( 'NONE', #1132 ) ;
#4968 = LINE ( 'NONE', #4146, #3332 ) ;
#4969 = DIRECTION ( 'NONE',  ( 0.000000000000000000, 0.000000000000000000, -1.000000000000000000 ) ) ;
#4970 = CARTESIAN_POINT ( 'NONE',  ( -23.77669066446225443, -23.06185192293296282, -7.373396735918277933 ) ) ;
#4971 = CARTESIAN_POINT ( 'NONE',  ( -16.20000000000043983, -10.49999999999928768, -4.886390933827458483 ) ) ;
#4972 = CARTESIAN_POINT ( 'NONE',  ( -14.63002014350571045, -16.88770337918926145, -17.81051231474544494 ) ) ;
#4973 = CARTESIAN_POINT ( 'NONE',  ( -15.70000000000043272, -7.871664704474696350, -0.04235289680298059273 ) ) ;
#4974 = ORIENTED_EDGE ( 'NONE', *, *, #4311, .F. ) ;
#4975 = CARTESIAN_POINT ( 'NONE',  ( -16.20000000000043983, -9.777072844231996740, 0.5793202078365085050 ) ) ;
#4976 = CARTESIAN_POINT ( 'NONE',  ( -23.62512264017730956, -23.23722545708575637, -7.139455540850295101 ) ) ;
#4977 = CARTESIAN_POINT ( 'NONE',  ( -3.499999999999993339, -14.70000000000013962, 23.00000000000000000 ) ) ;
#4978 = CARTESIAN_POINT ( 'NONE',  ( -15.70000000000043627, -9.808529584835024906, 0.5985540781265616950 ) ) ;
#4979 = CARTESIAN_POINT ( 'NONE',  ( -15.70000000000043983, -8.391015233748285951, -4.058066998995268015 ) ) ;
#4980 = ORIENTED_EDGE ( 'NONE', *, *, #6915, .T. ) ;
#4981 = CARTESIAN_POINT ( 'NONE',  ( -15.70000000000043627, -8.784289032372960548, -0.3889521085299013636 ) ) ;
#4982 = CARTESIAN_POINT ( 'NONE',  ( 2.000000000000007105, -12.29893898089672177, 23.00000000000000711 ) ) ;
#4984 = EDGE_LOOP ( 'NONE', ( #3153, #72, #10040, #5558 ) ) ;
#4983 = CARTESIAN_POINT ( 'NONE',  ( -16.20000000000043983, -7.332120839148347891, -0.5730121551137794533 ) ) ;
#4985 = CARTESIAN_POINT ( 'NONE',  ( -15.70000000000043627, -9.547735031181955989, 1.191467703223121788 ) ) ;
#4986 = EDGE_CURVE ( 'NONE', #3584, #2981, #3033, .T. ) ;
#4987 = VERTEX_POINT ( 'NONE', #3570 ) ;
#4988 = CARTESIAN_POINT ( 'NONE',  ( -13.35480647903114360, -0.6348760716945160976, -22.63487607169491511 ) ) ;
#4989 = CARTESIAN_POINT ( 'NONE',  ( -16.20000000000043983, -9.808529584835024906, -1.336842802650911377 ) ) ;
#4990 = VERTEX_POINT ( 'NONE', #1946 ) ;
#4991 = CARTESIAN_POINT ( 'NONE',  ( -28.40927524315940644, -4.196586329754597777, 15.62446902343322641 ) ) ;
#4992 = B_SPLINE_CURVE_WITH_KNOTS ( 'NONE', 3,
 ( #10044, #5264, #589, #3755, #8416, #6875, #6925, #2961, #6153, #8510, #1401, #4585, #7739, #5555, #8614 ),
 .UNSPECIFIED., .F., .F.,
 ( 4, 1, 1, 1, 1, 1, 1, 1, 1, 1, 1, 1, 4 ),
 ( 0.000000000000000000, 0.09635745386823817149, 0.1926608788082142254, 0.2894549334517488859, 0.3884793011163928389, 0.4419214173673353674, 0.5015211030486822485, 0.5678827758176532292, 0.6408916507843542831, 0.7203706588124402233, 0.8066369162819659877, 0.9000159377788828907, 1.000000000000000000 ),
 .UNSPECIFIED. ) ;
#4993 = ORIENTED_EDGE ( 'NONE', *, *, #1487, .T. ) ;
#4994 = EDGE_CURVE ( 'NONE', #9118, #3746, #352, .T. ) ;
#4995 = DIRECTION ( 'NONE',  ( -3.469446951953614189E-16, 1.000000000000000000, 0.000000000000000000 ) ) ;
#4996 = CARTESIAN_POINT ( 'NONE',  ( -26.07030372422457987, -3.930220911721810761, 20.92691309469571692 ) ) ;
#4997 = VERTEX_POINT ( 'NONE', #5132 ) ;
#4998 = CARTESIAN_POINT ( 'NONE',  ( -15.42986459963707624, -16.91831117858030353, -16.85934464029948643 ) ) ;
#4999 = ADVANCED_FACE ( 'NONE', ( #4351 ), #10017, .T. ) ;
#5000 = EDGE_CURVE ( 'NONE', #1544, #6864, #9121, .T. ) ;
#5001 = CARTESIAN_POINT ( 'NONE',  ( -33.44143936216327262, 2.551489868502552660, -19.00000000000000000 ) ) ;
#5002 = PLANE ( 'NONE',  #416 ) ;
#5003 = ORIENTED_EDGE ( 'NONE', *, *, #9102, .T. ) ;
#5004 = VECTOR ( 'NONE', #1237, 1000.000000000000000 ) ;
#5005 = CARTESIAN_POINT ( 'NONE',  ( -16.70000000000051443, -12.49999999999916156, -23.00000000000000000 ) ) ;
#5006 = EDGE_CURVE ( 'NONE', #3314, #4026, #2722, .T. ) ;
#5007 = CARTESIAN_POINT ( 'NONE',  ( -26.77185585871762896, -4.108245751551486968, -21.51903553907272126 ) ) ;
#5008 = CARTESIAN_POINT ( 'NONE',  ( -21.77609306503480013, -14.20502525316868869, -19.00000000000000000 ) ) ;
#5009 = DIRECTION ( 'NONE',  ( -1.000000000000000000, 0.000000000000000000, 0.000000000000000000 ) ) ;
#5010 = CARTESIAN_POINT ( 'NONE',  ( -25.31333145693570330, -3.738140405639853281, -19.20289566018267635 ) ) ;
#5011 = EDGE_CURVE ( 'NONE', #5581, #8212, #7386, .T. ) ;
#5012 = CONICAL_SURFACE ( 'NONE', #537, 5.999999999999998224, 0.8441539861131710509 ) ;
#5013 = CARTESIAN_POINT ( 'NONE',  ( -16.70000000000051443, -12.49999999999916156, 23.00000000000000000 ) ) ;
#5014 = CARTESIAN_POINT ( 'NONE',  ( -31.84577636353632002, -5.395776636402403348, 17.44790550094636572 ) ) ;
#5015 = VERTEX_POINT ( 'NONE', #8240 ) ;
#5016 = CARTESIAN_POINT ( 'NONE',  ( -16.89369561214396853, -18.68092666652578515, -18.02379743674973511 ) ) ;
#5017 = LINE ( 'NONE', #8794, #7885 ) ;
#5018 = DIRECTION ( 'NONE',  ( -3.469446951953614189E-16, 1.000000000000000000, 0.000000000000000000 ) ) ;
#5019 = CARTESIAN_POINT ( 'NONE',  ( -30.50996814344813046, -5.056813825920055017, -16.29083916040278979 ) ) ;
#5020 = VERTEX_POINT ( 'NONE', #6798 ) ;
#5021 = PLANE ( 'NONE',  #9164 ) ;
#5022 = AXIS2_PLACEMENT_3D ( 'NONE', #5881, #9038, #5625 ) ;
#5023 = DIRECTION ( 'NONE',  ( -3.469446951953614682E-16, 1.000000000000000000, 0.000000000000000000 ) ) ;
#5024 = FACE_OUTER_BOUND ( 'NONE', #1779, .T. ) ;
#5025 = CARTESIAN_POINT ( 'NONE',  ( -23.50000000000000000, -11.50000000000001599, 1.285879139104720633E-15 ) ) ;
#5026 = CARTESIAN_POINT ( 'NONE',  ( -16.15779467885239384, -18.09796552373046197, -17.29193275965529963 ) ) ;
#5027 = CARTESIAN_POINT ( 'NONE',  ( -24.98385941628142959, -24.12805422703259595, -15.00000000000000000 ) ) ;
#5028 = ORIENTED_EDGE ( 'NONE', *, *, #748, .T. ) ;
#5029 = CIRCLE ( 'NONE', #9840, 2.899999999999999911 ) ;
#5030 = DIRECTION ( 'NONE',  ( -0.000000000000000000, -0.000000000000000000, -1.000000000000000000 ) ) ;
#5031 = CARTESIAN_POINT ( 'NONE',  ( -16.20000000000043983, -7.693545981567194048, -4.134198538537461332 ) ) ;
#5032 = VECTOR ( 'NONE', #826, 1000.000000000000114 ) ;
#5033 = LINE ( 'NONE', #9768, #95 ) ;
#5034 = CARTESIAN_POINT ( 'NONE',  ( -25.43172798364586740, -24.88714688336054692, 8.402290732123004702 ) ) ;
#5035 = CARTESIAN_POINT ( 'NONE',  ( -15.70000000000043983, -9.643921318474967919, -2.880625342095652464 ) ) ;
#5036 = ORIENTED_EDGE ( 'NONE', *, *, #5143, .T. ) ;
#5037 = CARTESIAN_POINT ( 'NONE',  ( -16.77022658314550441, -18.58311770602355040, 20.18948768525455506 ) ) ;
#5038 = CARTESIAN_POINT ( 'NONE',  ( -19.26635357184571617, -22.18490508109985271, 23.00000000000000000 ) ) ;
#5040 = VERTEX_POINT ( 'NONE', #6020 ) ;
#5039 = CARTESIAN_POINT ( 'NONE',  ( -16.20000000000043983, -6.919645622918274341, 0.1238050100435519191 ) ) ;
#5041 = LINE ( 'NONE', #2428, #9182 ) ;
#5042 = VECTOR ( 'NONE', #7343, 1000.000000000000114 ) ;
#5043 = VERTEX_POINT ( 'NONE', #3516 ) ;
#5044 = CARTESIAN_POINT ( 'NONE',  ( -16.20000000000043983, -6.904861609162323610, -3.744462817509526698 ) ) ;
#5045 = CARTESIAN_POINT ( 'NONE',  ( -10.18994949366040359, -20.70000000000014140, -19.00000000000000000 ) ) ;
#5046 = ORIENTED_EDGE ( 'NONE', *, *, #5829, .T. ) ;
#5047 = VECTOR ( 'NONE', #3243, 1000.000000000000000 ) ;
#5048 = PLANE ( 'NONE',  #1997 ) ;
#5049 = EDGE_LOOP ( 'NONE', ( #8568, #2607, #4533, #2684, #3557 ) ) ;
#5050 = CARTESIAN_POINT ( 'NONE',  ( -14.46813964581206946, -16.11948858806472629, 20.13478441014148856 ) ) ;
#5051 = LINE ( 'NONE', #1965, #3424 ) ;
#5052 = VECTOR ( 'NONE', #1280, 1000.000000000000000 ) ;
#5053 = VERTEX_POINT ( 'NONE', #6692 ) ;
#5054 = CARTESIAN_POINT ( 'NONE',  ( -16.86477632697677720, -18.11016951462100266, -17.04228325489188123 ) ) ;
#5055 = CARTESIAN_POINT ( 'NONE',  ( -16.59463374454154305, -0.7898603272461111047, -15.41227228665714755 ) ) ;
#5056 = CARTESIAN_POINT ( 'NONE',  ( -15.70000000000043983, -9.097678803514755330, -4.241747797337761305 ) ) ;
#5057 = EDGE_LOOP ( 'NONE', ( #7806, #10121, #4832, #5821 ) ) ;
#5058 = DIRECTION ( 'NONE',  ( 1.000000000000000000, 0.000000000000000000, 0.000000000000000000 ) ) ;
#5059 = ADVANCED_FACE ( 'NONE', ( #9867 ), #9173, .F. ) ;
#5060 = CARTESIAN_POINT ( 'NONE',  ( -27.73825349716689814, -4.353472938834018535, -21.95080718432532407 ) ) ;
#5061 = CIRCLE ( 'NONE', #9877, 7.000000000000003553 ) ;
#5062 = CARTESIAN_POINT ( 'NONE',  ( -15.70000000000043983, -7.942415086382099254, -2.633146892669006700 ) ) ;
#5063 = CARTESIAN_POINT ( 'NONE',  ( -16.20000000000044693, -7.601964286192017362, 1.443933119654894348 ) ) ;
#5064 = CARTESIAN_POINT ( 'NONE',  ( -23.46840707730335041, -23.31272479618850113, 6.897556807335274875 ) ) ;
#5065 = ORIENTED_EDGE ( 'NONE', *, *, #9885, .T. ) ;
#5066 = ADVANCED_FACE ( 'NONE', ( #6846 ), #6074, .T. ) ;
#5067 = CARTESIAN_POINT ( 'NONE',  ( -15.19075368089491462, -17.33190020247439023, -17.31962969997850976 ) ) ;
#5068 = VECTOR ( 'NONE', #3632, 1000.000000000000000 ) ;
#5069 = CARTESIAN_POINT ( 'NONE',  ( -16.20000000000043983, -8.778373797084004337, 0.4414507127528360941 ) ) ;
#5070 = PLANE ( 'NONE',  #2045 ) ;
#5071 = CARTESIAN_POINT ( 'NONE',  ( -28.94353086559310029, -4.659320014853867598, -15.90207365545241380 ) ) ;
#5072 = EDGE_CURVE ( 'NONE', #8446, #539, #4706, .T. ) ;
#5073 = ORIENTED_EDGE ( 'NONE', *, *, #5011, .F. ) ;
#5074 = CARTESIAN_POINT ( 'NONE',  ( -15.37322947494847902, -22.09281308374683306, 22.49999999999998579 ) ) ;
#5075 = EDGE_CURVE ( 'NONE', #4318, #4414, #9327, .T. ) ;
#5076 = CARTESIAN_POINT ( 'NONE',  ( -15.30279875589702776, -17.42065486795744533, 17.27160818052238866 ) ) ;
#5077 = CARTESIAN_POINT ( 'NONE',  ( -23.56185192287345487, -23.27669066448756752, -7.041794337276083837 ) ) ;
#5078 = CARTESIAN_POINT ( 'NONE',  ( -16.45297959483876227, -18.33180299857956541, 20.52735714634103203 ) ) ;
#5079 = DIRECTION ( 'NONE',  ( 0.6389492215179006784, 0.7692489144104583954, 0.000000000000000000 ) ) ;
#5080 = CARTESIAN_POINT ( 'NONE',  ( -16.20000000000044338, -7.999445824094980395, -4.883766000705993093 ) ) ;
#5081 = CARTESIAN_POINT ( 'NONE',  ( -16.20000000000044338, -8.032763167368990764, -3.320655163001625443 ) ) ;
#5082 = VERTEX_POINT ( 'NONE', #4556 ) ;
#5083 = CARTESIAN_POINT ( 'NONE',  ( -15.70000000000044338, -8.446784103596193916, -0.6071527367392721697 ) ) ;
#5084 = CARTESIAN_POINT ( 'NONE',  ( -16.20000000000043983, -7.570223353500030505, -4.020609681704311100 ) ) ;
#5085 = DIRECTION ( 'NONE',  ( -1.000000000000000000, 0.000000000000000000, 0.000000000000000000 ) ) ;
#5086 = PLANE ( 'NONE',  #2413 ) ;
#5087 = LINE ( 'NONE', #6696, #5068 ) ;
#5088 = ORIENTED_EDGE ( 'NONE', *, *, #1758, .F. ) ;
#5089 = VECTOR ( 'NONE', #9077, 1000.000000000000000 ) ;
#5090 = CARTESIAN_POINT ( 'NONE',  ( -14.57076098651949358, -16.84075985921393581, 20.09798217311177027 ) ) ;
#5091 = AXIS2_PLACEMENT_3D ( 'NONE', #557, #10067, #6127 ) ;
#5093 = ORIENTED_EDGE ( 'NONE', *, *, #1125, .F. ) ;
#5092 = CARTESIAN_POINT ( 'NONE',  ( -16.20000000000044338, -7.775883497587325444, -4.170630883317484994 ) ) ;
#5094 = AXIS2_PLACEMENT_3D ( 'NONE', #332, #5111, #5838 ) ;
#5095 = CARTESIAN_POINT ( 'NONE',  ( -27.03672565967021768, -3.790185649905446930, -21.94839855693671637 ) ) ;
#5096 = AXIS2_PLACEMENT_3D ( 'NONE', #7980, #2458, #4768 ) ;
#5097 = CARTESIAN_POINT ( 'NONE',  ( -15.70000000000044338, -8.672004050072873227, -4.622752045059229431 ) ) ;
#5098 = CARTESIAN_POINT ( 'NONE',  ( -22.00000000000001421, -12.74960641861696331, 22.99999999999998934 ) ) ;
#5099 = ORIENTED_EDGE ( 'NONE', *, *, #5262, .F. ) ;
#5100 = DIRECTION ( 'NONE',  ( -3.469446951953614189E-16, 1.000000000000000000, 0.000000000000000000 ) ) ;
#5101 = AXIS2_PLACEMENT_3D ( 'NONE', #635, #3003, #2013 ) ;
#5102 = ORIENTED_EDGE ( 'NONE', *, *, #2494, .T. ) ;
#5104 = CARTESIAN_POINT ( 'NONE',  ( -34.00000000000000000, -6.000000000000041744, 0.000000000000000000 ) ) ;
#5103 = CARTESIAN_POINT ( 'NONE',  ( -16.20000000000043983, -9.578039446446936722, 3.434303061982507455 ) ) ;
#5105 = CARTESIAN_POINT ( 'NONE',  ( -34.00000000000000000, -7.566987298107801685, 0.000000000000000000 ) ) ;
#5106 = EDGE_LOOP ( 'NONE', ( #4869, #8623, #2843, #5715 ) ) ;
#5107 = CARTESIAN_POINT ( 'NONE',  ( -14.92834819478820307, -16.50174443346875819, -20.79365991259185265 ) ) ;
#5108 = CARTESIAN_POINT ( 'NONE',  ( -16.20000000000043983, -6.904353841145121073, -3.782919396294488479 ) ) ;
#5109 = CARTESIAN_POINT ( 'NONE',  ( -15.70000000000043983, -9.642235741182128450, -3.667047288711199116 ) ) ;
#5110 = ORIENTED_EDGE ( 'NONE', *, *, #4746, .T. ) ;
#5111 = DIRECTION ( 'NONE',  ( -0.5563015902038325189, -0.4364957511095447495, -0.7071067811865486830 ) ) ;
#5112 = CARTESIAN_POINT ( 'NONE',  ( -28.49265028551662837, -4.544906400464752139, -22.08728287305630289 ) ) ;
#5113 = DIRECTION ( 'NONE',  ( -0.000000000000000000, 1.000000000000000000, 0.000000000000000000 ) ) ;
#5114 = EDGE_CURVE ( 'NONE', #4174, #2794, #6895, .T. ) ;
#5115 = DIRECTION ( 'NONE',  ( 0.000000000000000000, 0.000000000000000000, 1.000000000000000000 ) ) ;
#5116 = CARTESIAN_POINT ( 'NONE',  ( -15.98979928067720202, -17.96488421752009046, -17.23782569137112830 ) ) ;
#5117 = CARTESIAN_POINT ( 'NONE',  ( -16.75666241940257706, -14.13328707425802122, -19.00000000000000000 ) ) ;
#5118 = PLANE ( 'NONE',  #1583 ) ;
#5119 = CARTESIAN_POINT ( 'NONE',  ( -16.20000000000043272, -7.530192499262718719, 0.2023622459757175585 ) ) ;
#5120 = ORIENTED_EDGE ( 'NONE', *, *, #3918, .T. ) ;
#5121 = CARTESIAN_POINT ( 'NONE',  ( -19.26635357184571617, -22.18490508109985271, 22.50000000000000000 ) ) ;
#5122 = DIRECTION ( 'NONE',  ( -0.2007533215770646862, 0.6780104010085516997, 0.7071067811865465735 ) ) ;
#5123 = CARTESIAN_POINT ( 'NONE',  ( -23.60696633890200857, -23.60046150499835704, -6.577529087379156536 ) ) ;
#5124 = CARTESIAN_POINT ( 'NONE',  ( -16.73771316199477610, -18.55736208691532951, 20.22961138423885430 ) ) ;
#5125 = EDGE_CURVE ( 'NONE', #9127, #6645, #8484, .T. ) ;
#5126 = CARTESIAN_POINT ( 'NONE',  ( -3.499999999999993783, -14.70000000000003482, 23.00000000000000000 ) ) ;
#5127 = CARTESIAN_POINT ( 'NONE',  ( -32.57768753982544041, -5.430819039184422437, -19.44471594330206088 ) ) ;
#5128 = LINE ( 'NONE', #3465, #9873 ) ;
#5129 = ORIENTED_EDGE ( 'NONE', *, *, #948, .F. ) ;
#5130 = ADVANCED_FACE ( 'NONE', ( #1372 ), #2197, .T. ) ;
#5131 = EDGE_CURVE ( 'NONE', #3589, #2652, #4770, .T. ) ;
#5132 = CARTESIAN_POINT ( 'NONE',  ( -20.65905952401941192, -21.26175575615139834, -22.50000000000000000 ) ) ;
#5133 = FACE_OUTER_BOUND ( 'NONE', #9789, .T. ) ;
#5134 = CARTESIAN_POINT ( 'NONE',  ( -4.499999999997966960, -3.000000000001140421, 23.00000000000000000 ) ) ;
#5135 = DIRECTION ( 'NONE',  ( -0.7071067811865492381, 0.7071067811865457964, 0.000000000000000000 ) ) ;
#5136 = LINE ( 'NONE', #410, #2223 ) ;
#5137 = VERTEX_POINT ( 'NONE', #5163 ) ;
#5138 = CARTESIAN_POINT ( 'NONE',  ( -32.60158332329182684, -5.437894384777099077, 19.22236257406618520 ) ) ;
#5139 = CARTESIAN_POINT ( 'NONE',  ( -15.70000000000043272, -8.114391335053984022, -0.7182343364033092481 ) ) ;
#5140 = EDGE_CURVE ( 'NONE', #7684, #4773, #1875, .T. ) ;
#5142 = EDGE_LOOP ( 'NONE', ( #2857, #9671, #10055, #4361 ) ) ;
#5141 = CARTESIAN_POINT ( 'NONE',  ( -20.65905952401941192, -21.26175575615139834, -22.80000000000000071 ) ) ;
#5143 = EDGE_CURVE ( 'NONE', #9986, #10216, #4389, .T. ) ;
#5144 = LINE ( 'NONE', #2893, #6872 ) ;
#5145 = CARTESIAN_POINT ( 'NONE',  ( -15.70000000000043627, -8.356433291003842356, -4.078885613518853148 ) ) ;
#5146 = DIRECTION ( 'NONE',  ( 1.000000000000000000, 0.000000000000000000, 0.000000000000000000 ) ) ;
#5147 = ORIENTED_EDGE ( 'NONE', *, *, #1855, .T. ) ;
#5148 = CARTESIAN_POINT ( 'NONE',  ( -16.20000000000044338, -6.905854527548332733, 0.4795598492351008657 ) ) ;
#5149 = ORIENTED_EDGE ( 'NONE', *, *, #6473, .T. ) ;
#5151 = CARTESIAN_POINT ( 'NONE',  ( -16.20000000000043983, -10.49999999999928768, 3.076323065798509226 ) ) ;
#5150 = CARTESIAN_POINT ( 'NONE',  ( -16.20000000000044338, -8.079962141299647627, -0.04068650288198152193 ) ) ;
#5152 = DIRECTION ( 'NONE',  ( -0.7071067811865502373, 0.7071067811865449082, 0.000000000000000000 ) ) ;
#5153 = ORIENTED_EDGE ( 'NONE', *, *, #8033, .F. ) ;
#5154 = CARTESIAN_POINT ( 'NONE',  ( -14.92834819478819597, -16.50174443346875108, -17.20634008740813670 ) ) ;
#5155 = LINE ( 'NONE', #3443, #6905 ) ;
#5156 = CARTESIAN_POINT ( 'NONE',  ( -14.46813964580944400, -16.11948858806253781, -17.86521558986486724 ) ) ;
#5157 = EDGE_LOOP ( 'NONE', ( #6352, #8456, #2255, #610, #9378, #5922 ) ) ;
#5158 = DIRECTION ( 'NONE',  ( 1.000000000000000000, 3.469446951953615175E-16, -0.000000000000000000 ) ) ;
#5159 = CARTESIAN_POINT ( 'NONE',  ( -29.14004756891850434, -4.709187587741132219, -22.08617230397014808 ) ) ;
#5160 = B_SPLINE_CURVE_WITH_KNOTS ( 'NONE', 1,
 ( #4428, #7589 ),
 .UNSPECIFIED., .F., .F.,
 ( 2, 2 ),
 ( 0.000000000000000000, 1.000000000000000000 ),
 .UNSPECIFIED. ) ;
#5161 = CARTESIAN_POINT ( 'NONE',  ( -15.70000000000043983, -6.937770218718535276, -3.453388276238173127 ) ) ;
#5162 = CARTESIAN_POINT ( 'NONE',  ( -23.42407478510315855, -23.32325936383455911, 6.829134396655305750 ) ) ;
#5163 = CARTESIAN_POINT ( 'NONE',  ( -3.999999999999996447, -12.79893898089671822, -22.50000000000000000 ) ) ;
#5164 = AXIS2_PLACEMENT_3D ( 'NONE', #4516, #619, #2786 ) ;
#5165 = CARTESIAN_POINT ( 'NONE',  ( -16.52877782087075076, -18.39184922470606054, -17.53798792354253777 ) ) ;
#5166 = B_SPLINE_CURVE_WITH_KNOTS ( 'NONE', 3,
 ( #4887, #47, #4118, #3374, #5773, #6559, #8931, #3269, #7168, #1801, #2583, #8142, #160, #5822, #3213, #1646, #7273, #273 ),
 .UNSPECIFIED., .F., .F.,
 ( 4, 2, 2, 2, 2, 2, 2, 2, 4 ),
 ( 0.5000000000000000000, 0.5624999999999998890, 0.6249999999999996669, 0.6874999999999995559, 0.7499999999999993339, 0.8124999999999991118, 0.8749999999999991118, 0.9374999999999995559, 1.000000000000000000 ),
 .UNSPECIFIED. ) ;
#5167 = CARTESIAN_POINT ( 'NONE',  ( -16.20000000000044338, -9.558548413931021059, 0.4041139157355321809 ) ) ;
#5168 = VERTEX_POINT ( 'NONE', #7551 ) ;
#5169 = DIRECTION ( 'NONE',  ( 0.7071067811865492381, -0.7071067811865457964, 0.000000000000000000 ) ) ;
#5170 = CARTESIAN_POINT ( 'NONE',  ( -16.20000000000044693, -7.570223353500034058, 0.1282128092812644393 ) ) ;
#5171 = EDGE_LOOP ( 'NONE', ( #10077, #1031, #9984, #3876 ) ) ;
#5172 = CARTESIAN_POINT ( 'NONE',  ( -27.68337281766804736, -4.339549132805283094, 21.94167135833769322 ) ) ;
#5173 = CARTESIAN_POINT ( 'NONE',  ( -14.63092963609434882, -16.88842239281845536, 17.81466685423037433 ) ) ;
#5174 = CARTESIAN_POINT ( 'NONE',  ( -23.18980090714106979, -23.52903984030876927, -6.160363655618216860 ) ) ;
#5175 = CARTESIAN_POINT ( 'NONE',  ( -17.12051304298577392, -18.86060527521767582, 19.00000000000000000 ) ) ;
#5176 = CARTESIAN_POINT ( 'NONE',  ( -15.70000000000043983, -7.848345631204846740, -4.885723212095583357 ) ) ;
#5177 = CARTESIAN_POINT ( 'NONE',  ( -15.68151320503441148, -0.5251096965004101724, -15.49248291233213060 ) ) ;
#5178 = PLANE ( 'NONE',  #401 ) ;
#5179 = ORIENTED_EDGE ( 'NONE', *, *, #6213, .F. ) ;
#5180 = FACE_OUTER_BOUND ( 'NONE', #5836, .T. ) ;
#5181 = VERTEX_POINT ( 'NONE', #446 ) ;
#5182 = CARTESIAN_POINT ( 'NONE',  ( -16.20000000000043983, -7.975412702967265233, -4.194920518663195708 ) ) ;
#5183 = LINE ( 'NONE', #8394, #5089 ) ;
#5184 = EDGE_CURVE ( 'NONE', #4460, #7019, #3608, .T. ) ;
#5185 = CARTESIAN_POINT ( 'NONE',  ( -21.86782080973160092, -20.05299447043904593, -22.64936061073687767 ) ) ;
#5186 = CARTESIAN_POINT ( 'NONE',  ( -15.70000000000044338, -9.219269289310588533, -3.254607032064900984 ) ) ;
#5187 = VERTEX_POINT ( 'NONE', #9001 ) ;
#5188 = CARTESIAN_POINT ( 'NONE',  ( -34.71423156829899170, 1.278697662366830468, 19.00000000000000000 ) ) ;
#5189 = EDGE_CURVE ( 'NONE', #5436, #4798, #2808, .T. ) ;
#5191 = ORIENTED_EDGE ( 'NONE', *, *, #3090, .F. ) ;
#5190 = CARTESIAN_POINT ( 'NONE',  ( -25.18745909526081661, -3.242632980013717248, 18.99999999999999289 ) ) ;
#5192 = VECTOR ( 'NONE', #7161, 1000.000000000000114 ) ;
#5193 = VECTOR ( 'NONE', #8959, 1000.000000000000114 ) ;
#5194 = CARTESIAN_POINT ( 'NONE',  ( -30.08899341565386720, -4.693937110716093208, -22.22391131873876446 ) ) ;
#5195 = ADVANCED_FACE ( 'NONE', ( #7447 ), #9186, .T. ) ;
#5196 = CARTESIAN_POINT ( 'NONE',  ( -15.70000000000044338, -7.999445824094980395, -4.883766000705993093 ) ) ;
#5197 = CARTESIAN_POINT ( 'NONE',  ( -13.29893898089578208, -2.792893218813054634, -23.00000000000000000 ) ) ;
#5198 = ORIENTED_EDGE ( 'NONE', *, *, #5818, .T. ) ;
#5199 = CARTESIAN_POINT ( 'NONE',  ( -17.73414117061781781, -18.83227646810957623, 18.85235275148832912 ) ) ;
#5200 = EDGE_CURVE ( 'NONE', #9037, #5187, #8375, .T. ) ;
#5201 = EDGE_CURVE ( 'NONE', #3132, #10101, #9799, .T. ) ;
#5202 = EDGE_LOOP ( 'NONE', ( #7823, #7558, #5390, #2907, #4651, #6963 ) ) ;
#5204 = CARTESIAN_POINT ( 'NONE',  ( -15.70000000000043983, -12.49999999999928946, 22.50000000000000000 ) ) ;
#5203 = CARTESIAN_POINT ( 'NONE',  ( -31.85789761508348761, -5.217695143128099566, 16.91125763855447062 ) ) ;
#5205 = PLANE ( 'NONE',  #1759 ) ;
#5206 = VERTEX_POINT ( 'NONE', #8951 ) ;
#5207 = CARTESIAN_POINT ( 'NONE',  ( -14.83975361142345584, -16.42815649722192362, -17.30045582609816179 ) ) ;
#5208 = VECTOR ( 'NONE', #57, 1000.000000000000114 ) ;
#5209 = AXIS2_PLACEMENT_3D ( 'NONE', #9091, #3644, #5991 ) ;
#5210 = FACE_OUTER_BOUND ( 'NONE', #1306, .T. ) ;
#5211 = CARTESIAN_POINT ( 'NONE',  ( -3.999999999999996447, -14.70000000000003482, 23.00000000000000000 ) ) ;
#5212 = ORIENTED_EDGE ( 'NONE', *, *, #620, .F. ) ;
#5213 = CARTESIAN_POINT ( 'NONE',  ( -4.499999999997966960, -3.000000000001140421, 23.00000000000000000 ) ) ;
#5214 = AXIS2_PLACEMENT_3D ( 'NONE', #2026, #1059, #5218 ) ;
#5215 = CARTESIAN_POINT ( 'NONE',  ( -28.84818688602715397, -4.635125977095452043, -22.09999999999996945 ) ) ;
#5216 = CARTESIAN_POINT ( 'NONE',  ( -15.70000000000043983, -6.919033797933555441, -3.559096049424074870 ) ) ;
#5217 = DIRECTION ( 'NONE',  ( 0.3158116321075012944, 0.8947212001798062753, -0.3158116321075005173 ) ) ;
#5218 = DIRECTION ( 'NONE',  ( -1.000000000000000000, 0.000000000000000000, 0.000000000000000000 ) ) ;
#5219 = CARTESIAN_POINT ( 'NONE',  ( -16.09744796990218774, -18.05016621657912879, -17.27160818020756849 ) ) ;
#5220 = DIRECTION ( 'NONE',  ( 0.2839080700657318213, -0.9588515045363132927, 0.000000000000000000 ) ) ;
#5221 = ORIENTED_EDGE ( 'NONE', *, *, #495, .T. ) ;
#5222 = VECTOR ( 'NONE', #8198, 1000.000000000000114 ) ;
#5223 = CARTESIAN_POINT ( 'NONE',  ( -34.50000000000000000, -12.00000000000003197, -23.00000000000000000 ) ) ;
#5224 = DIRECTION ( 'NONE',  ( 1.000000000000000000, 3.469446951953615175E-16, -0.000000000000000000 ) ) ;
#5225 = ORIENTED_EDGE ( 'NONE', *, *, #1429, .F. ) ;
#5226 = CARTESIAN_POINT ( 'NONE',  ( -26.17567441090392677, -3.956963835019106757, 21.04856212461250919 ) ) ;
#5227 = AXIS2_PLACEMENT_3D ( 'NONE', #3120, #8423, #6930 ) ;
#5228 = CARTESIAN_POINT ( 'NONE',  ( -14.27973342103618393, -16.61021607262440014, 18.88374428006225614 ) ) ;
#5229 = CARTESIAN_POINT ( 'NONE',  ( -23.10673528032395652, -23.48275991072913627, -6.077298028801106256 ) ) ;
#5230 = PLANE ( 'NONE',  #3370 ) ;
#5231 = CARTESIAN_POINT ( 'NONE',  ( -16.55771590825028028, -18.41477416507419917, 20.43543277408664949 ) ) ;
#5232 = FACE_OUTER_BOUND ( 'NONE', #6268, .T. ) ;
#5233 = LINE ( 'NONE', #6744, #222 ) ;
#5234 = CARTESIAN_POINT ( 'NONE',  ( -21.61226359266545671, -24.13345171337189043, -4.582826341142611781 ) ) ;
#5235 = VERTEX_POINT ( 'NONE', #5793 ) ;
#5236 = CARTESIAN_POINT ( 'NONE',  ( -34.00000000000000000, 10.73499399519519848, 0.000000000000000000 ) ) ;
#5237 = CIRCLE ( 'NONE', #3743, 1.799999999999904565 ) ;
#5238 = ORIENTED_EDGE ( 'NONE', *, *, #8648, .F. ) ;
#5239 = CARTESIAN_POINT ( 'NONE',  ( -15.70000000000044338, -9.444990259596723448, -3.045381888756725886 ) ) ;
#5240 = DIRECTION ( 'NONE',  ( -3.469446951953614189E-16, 1.000000000000000000, 0.000000000000000000 ) ) ;
#5241 = DIRECTION ( 'NONE',  ( -0.000000000000000000, -0.000000000000000000, 1.000000000000000000 ) ) ;
#5242 = DIRECTION ( 'NONE',  ( 0.000000000000000000, 0.000000000000000000, 1.000000000000000000 ) ) ;
#5243 = ORIENTED_EDGE ( 'NONE', *, *, #4311, .T. ) ;
#5244 = CARTESIAN_POINT ( 'NONE',  ( 2.000000000000015543, -14.70000000000013785, 23.00000000000000000 ) ) ;
#5245 = VECTOR ( 'NONE', #6819, 1000.000000000000114 ) ;
#5246 = CARTESIAN_POINT ( 'NONE',  ( -14.83975361142346294, -16.42815649722191296, -20.69954417390184886 ) ) ;
#5247 = CARTESIAN_POINT ( 'NONE',  ( -30.75231675888242222, -4.890341714885367175, -21.94839855693671637 ) ) ;
#5248 = EDGE_CURVE ( 'NONE', #6201, #3882, #1539, .T. ) ;
#5249 = DIRECTION ( 'NONE',  ( 0.3328460583149656093, 0.9429811776828795900, 0.000000000000000000 ) ) ;
#5250 = DIRECTION ( 'NONE',  ( -0.7071067811864997221, 0.7071067811865953123, -0.000000000000000000 ) ) ;
#5251 = VERTEX_POINT ( 'NONE', #6632 ) ;
#5252 = CARTESIAN_POINT ( 'NONE',  ( -29.07927405783630093, -24.93172798364416920, 12.04983680631342757 ) ) ;
#5253 = ORIENTED_EDGE ( 'NONE', *, *, #2947, .F. ) ;
#5254 = CARTESIAN_POINT ( 'NONE',  ( -32.60158332329182684, -5.437894384777098189, 19.00000000000000000 ) ) ;
#5255 = LINE ( 'NONE', #1397, #624 ) ;
#5256 = CIRCLE ( 'NONE', #3040, 10.50000000000000000 ) ;
#5257 = ADVANCED_FACE ( 'NONE', ( #1876 ), #898, .T. ) ;
#5258 = ORIENTED_EDGE ( 'NONE', *, *, #3324, .F. ) ;
#5259 = CARTESIAN_POINT ( 'NONE',  ( -14.76149223431533386, -16.99185205485391847, -20.35609672701688311 ) ) ;
#5260 = AXIS2_PLACEMENT_3D ( 'NONE', #6024, #5241, #518 ) ;
#5261 = ADVANCED_FACE ( 'NONE', ( #9214 ), #2088, .F. ) ;
#5262 = EDGE_CURVE ( 'NONE', #9029, #3164, #1313, .T. ) ;
#5263 = FACE_OUTER_BOUND ( 'NONE', #5807, .T. ) ;
#5264 = CARTESIAN_POINT ( 'NONE',  ( -15.70000000000044338, -10.44090382043026644, 1.605471029417921081 ) ) ;
#5265 = VERTEX_POINT ( 'NONE', #6829 ) ;
#5266 = VECTOR ( 'NONE', #8714, 1000.000000000000000 ) ;
#5267 = CARTESIAN_POINT ( 'NONE',  ( -25.43172798364586740, -22.83172798364415712, 23.00000000000000000 ) ) ;
#5268 = ORIENTED_EDGE ( 'NONE', *, *, #3470, .T. ) ;
#5269 = CARTESIAN_POINT ( 'NONE',  ( -28.43595705870578527, -4.530519701043631109, -22.08221367189052842 ) ) ;
#5270 = DIRECTION ( 'NONE',  ( -0.000000000000000000, -1.000000000000000000, -0.000000000000000000 ) ) ;
#5271 = EDGE_CURVE ( 'NONE', #4026, #1296, #8805, .T. ) ;
#5272 = CARTESIAN_POINT ( 'NONE',  ( -17.73414117061781781, -18.83227646810957623, 18.85235275148832912 ) ) ;
#5273 = CIRCLE ( 'NONE', #8738, 2.100000000000004530 ) ;
#5274 = FACE_OUTER_BOUND ( 'NONE', #312, .T. ) ;
#5275 = CARTESIAN_POINT ( 'NONE',  ( -4.499999999999995559, -21.70000000000013785, 23.00000000000000000 ) ) ;
#5276 = CARTESIAN_POINT ( 'NONE',  ( -15.42685452479578068, -17.51893419820910935, -17.23362482680751029 ) ) ;
#5277 = EDGE_LOOP ( 'NONE', ( #4777, #8882, #5524, #8058 ) ) ;
#5278 = LINE ( 'NONE', #5223, #3583 ) ;
#5279 = CARTESIAN_POINT ( 'NONE',  ( -25.42516938566086182, -3.766519786471698605, 19.80377707519869901 ) ) ;
#5280 = CARTESIAN_POINT ( 'NONE',  ( -15.70000000000043983, -9.808529584835024906, -0.7375684428418834981 ) ) ;
#5281 = CARTESIAN_POINT ( 'NONE',  ( -15.70000000000043983, -8.827565459923031099, -4.503414674254524463 ) ) ;
#5282 = FACE_OUTER_BOUND ( 'NONE', #4513, .T. ) ;
#5283 = CARTESIAN_POINT ( 'NONE',  ( -16.32143262927397487, -18.22759761705315995, 20.61916116406083432 ) ) ;
#5284 = DIRECTION ( 'NONE',  ( -0.4999999999999700240, 0.5000000000000360822, -0.7071067811865432429 ) ) ;
#5285 = LINE ( 'NONE', #8282, #8333 ) ;
#5286 = LINE ( 'NONE', #7805, #2251 ) ;
#5287 = EDGE_LOOP ( 'NONE', ( #6054, #893, #3161, #7901, #4606 ) ) ;
#5288 = APPLICATION_CONTEXT ( 'configuration controlled 3d designs of mechanical parts and assemblies' ) ;
#5289 = CARTESIAN_POINT ( 'NONE',  ( -35.98702377443470368, 0.005905456231108507231, 19.00000000000000000 ) ) ;
#5290 = EDGE_LOOP ( 'NONE', ( #159, #7727, #8045, #7624 ) ) ;
#5291 = CARTESIAN_POINT ( 'NONE',  ( -14.27973368366544271, -16.61021580999513247, 18.88218961675926266 ) ) ;
#5292 = DIRECTION ( 'NONE',  ( -1.000000000000000000, 0.000000000000000000, 0.000000000000000000 ) ) ;
#5293 = CARTESIAN_POINT ( 'NONE',  ( -16.20000000000044338, -8.289728730214710239, 0.02978018215621859241 ) ) ;
#5294 = LINE ( 'NONE', #9234, #4576 ) ;
#5295 = ORIENTED_EDGE ( 'NONE', *, *, #10148, .F. ) ;
#5296 = CARTESIAN_POINT ( 'NONE',  ( -31.84466619930807596, -5.395496171316335854, 17.44643385345202802 ) ) ;
#5297 = CARTESIAN_POINT ( 'NONE',  ( -13.29893898089587978, -3.499999999999612754, 22.50000000000000000 ) ) ;
#5298 = CARTESIAN_POINT ( 'NONE',  ( -14.67844465534218301, -16.29417095628558698, -20.49073943261362274 ) ) ;
#5299 = CARTESIAN_POINT ( 'NONE',  ( -45.10080138151387530, -6.000000000000046185, 7.682591274314916063 ) ) ;
#5300 = CARTESIAN_POINT ( 'NONE',  ( -20.65905952401941192, -21.26175575615139834, 22.50000000000000000 ) ) ;
#5301 = CARTESIAN_POINT ( 'NONE',  ( -16.75666241940257706, -14.13328707425802122, 19.00000000000000000 ) ) ;
#5302 = EDGE_LOOP ( 'NONE', ( #7982, #5968, #5507, #10298 ) ) ;
#5303 = CARTESIAN_POINT ( 'NONE',  ( -3.999999999999996447, -14.70000000000003482, -22.50000000000000000 ) ) ;
#5304 = ORIENTED_EDGE ( 'NONE', *, *, #6542, .F. ) ;
#5305 = DIRECTION ( 'NONE',  ( -1.000000000000000000, 0.000000000000000000, 0.000000000000000000 ) ) ;
#5306 = CARTESIAN_POINT ( 'NONE',  ( -7.169015500588902690, -11.48669727228763726, 23.00000000000000000 ) ) ;
#5307 = CARTESIAN_POINT ( 'NONE',  ( -15.07067548303578697, -17.23677875902086853, -17.38210092330425027 ) ) ;
#5308 = CARTESIAN_POINT ( 'NONE',  ( -16.20000000000043983, -8.937246535974217920, -3.543322053738093835 ) ) ;
#5309 = DIRECTION ( 'NONE',  ( -1.000000000000000000, -1.652117596168384206E-15, 0.000000000000000000 ) ) ;
#5310 = ORIENTED_EDGE ( 'NONE', *, *, #1446, .F. ) ;
#5311 = DIRECTION ( 'NONE',  ( 0.7859306606739662193, 2.726744735122181779E-16, 0.6183146420816693078 ) ) ;
#5312 = EDGE_CURVE ( 'NONE', #5251, #2625, #6327, .T. ) ;
#5313 = ORIENTED_EDGE ( 'NONE', *, *, #5949, .F. ) ;
#5314 = CARTESIAN_POINT ( 'NONE',  ( -29.10707513952701575, -4.700820954519467243, -22.08883834521989797 ) ) ;
#5315 = EDGE_CURVE ( 'NONE', #4578, #1216, #3276, .T. ) ;
#5316 = CARTESIAN_POINT ( 'NONE',  ( -31.65343395586332775, -5.346971837806569816, 20.80510861135543266 ) ) ;
#5317 = ADVANCED_FACE ( 'NONE', ( #5643 ), #2351, .T. ) ;
#5318 = CARTESIAN_POINT ( 'NONE',  ( -32.60158332329182684, -5.437894384777099965, 19.44542559394751180 ) ) ;
#5319 = CARTESIAN_POINT ( 'NONE',  ( -12.01801948466059500, -21.41751442127139526, -19.00000000000000000 ) ) ;
#5320 = CARTESIAN_POINT ( 'NONE',  ( -47.50000000000000000, -12.00000000000003730, 0.000000000000000000 ) ) ;
#5321 = EDGE_CURVE ( 'NONE', #1335, #6864, #4099, .T. ) ;
#5322 = DIRECTION ( 'NONE',  ( 0.000000000000000000, -0.7071067811865487940, 0.7071067811865463515 ) ) ;
#5323 = CARTESIAN_POINT ( 'NONE',  ( -28.58121536676148722, -4.567380745194697056, 22.09999999999996589 ) ) ;
#5324 = CARTESIAN_POINT ( 'NONE',  ( -15.70000000000044338, -8.922214634246472542, -4.417383216992182504 ) ) ;
#5325 = EDGE_CURVE ( 'NONE', #4075, #4697, #5699, .T. ) ;
#5326 = CARTESIAN_POINT ( 'NONE',  ( -16.20000000000043983, -6.904353841145121073, 0.3659030946910857840 ) ) ;
#5327 = EDGE_CURVE ( 'NONE', #195, #9881, #4151, .T. ) ;
#5328 = DIRECTION ( 'NONE',  ( 0.000000000000000000, 0.000000000000000000, 1.000000000000000000 ) ) ;
#5329 = DIRECTION ( 'NONE',  ( 0.000000000000000000, 0.7071067811865451302, -0.7071067811865500152 ) ) ;
#5330 = CARTESIAN_POINT ( 'NONE',  ( -15.19999999999933316, -0.4999999999993429700, -15.50000000000000711 ) ) ;
#5331 = DIRECTION ( 'NONE',  ( -0.000000000000000000, -0.000000000000000000, 1.000000000000000000 ) ) ;
#5332 = ORIENTED_EDGE ( 'NONE', *, *, #1374, .F. ) ;
#5333 = CARTESIAN_POINT ( 'NONE',  ( -27.41773155889958602, -4.272140749480507260, 16.15632246477933620 ) ) ;
#5334 = ORIENTED_EDGE ( 'NONE', *, *, #1603, .T. ) ;
#5335 = CARTESIAN_POINT ( 'NONE',  ( -16.56654700062320273, -18.42176818576414377, 20.43119336007807263 ) ) ;
#5336 = CARTESIAN_POINT ( 'NONE',  ( -1.500000000000002665, -12.29893898089671822, -16.70710678118654968 ) ) ;
#5337 = CARTESIAN_POINT ( 'NONE',  ( -23.50549460241105493, -23.30157261429549465, 6.954807127668637179 ) ) ;
#5338 = LINE ( 'NONE', #3831, #8040 ) ;
#5339 = ORIENTED_EDGE ( 'NONE', *, *, #7094, .F. ) ;
#5340 = CARTESIAN_POINT ( 'NONE',  ( -30.53731151046286030, -4.826680423388182817, 22.05372237277336467 ) ) ;
#5341 = DIRECTION ( 'NONE',  ( -1.000000000000000000, 0.000000000000000000, 0.000000000000000000 ) ) ;
#5342 = CARTESIAN_POINT ( 'NONE',  ( -14.30440138401530525, -15.98348523083166484, -18.41509111858085745 ) ) ;
#5343 = VECTOR ( 'NONE', #3747, 1000.000000000000000 ) ;
#5344 = CARTESIAN_POINT ( 'NONE',  ( -26.17567441090392677, -3.956963835019099651, -16.95143787538749791 ) ) ;
#5345 = CARTESIAN_POINT ( 'NONE',  ( -25.42523047578878703, -3.766533831582087988, -18.19595582910873688 ) ) ;
#5346 = CYLINDRICAL_SURFACE ( 'NONE', #621, 1.799999999999904787 ) ;
#5347 = CARTESIAN_POINT ( 'NONE',  ( -16.52942951269455207, -18.39236456635486761, -20.46262283019244776 ) ) ;
#5348 = ORIENTED_EDGE ( 'NONE', *, *, #9318, .T. ) ;
#5349 = PLANE ( 'NONE',  #192 ) ;
#5350 = VERTEX_POINT ( 'NONE', #1579 ) ;
#5351 = DIRECTION ( 'NONE',  ( -0.000000000000000000, -0.000000000000000000, -1.000000000000000000 ) ) ;
#5352 = PLANE ( 'NONE',  #7897 ) ;
#5353 = CARTESIAN_POINT ( 'NONE',  ( -17.12051304298578103, -18.86060527521767938, -19.11781038324074089 ) ) ;
#5354 = VECTOR ( 'NONE', #6742, 1000.000000000000000 ) ;
#5355 = ORIENTED_EDGE ( 'NONE', *, *, #4128, .T. ) ;
#5356 = FACE_OUTER_BOUND ( 'NONE', #5277, .T. ) ;
#5357 = DIRECTION ( 'NONE',  ( 0.9588515045363131817, 0.2839080700657317657, 0.000000000000000000 ) ) ;
#5358 = ORIENTED_EDGE ( 'NONE', *, *, #5000, .F. ) ;
#5359 = EDGE_LOOP ( 'NONE', ( #5268, #4493, #1083, #701 ) ) ;
#5360 = CARTESIAN_POINT ( 'NONE',  ( -31.47633952204520469, -5.302036689237949574, -21.00632526718268167 ) ) ;
#5361 = CARTESIAN_POINT ( 'NONE',  ( -29.92391525183270318, -4.908099953916351232, 21.93872468359943895 ) ) ;
#5362 = VECTOR ( 'NONE', #7844, 1000.000000000000114 ) ;
#5363 = CARTESIAN_POINT ( 'NONE',  ( -4.499999999999997335, -12.00000000000002132, 23.00000000000000000 ) ) ;
#5364 = VECTOR ( 'NONE', #9833, 1000.000000000000000 ) ;
#5365 = DIRECTION ( 'NONE',  ( -0.9619815801946218770, -3.337544061241752019E-16, -0.2731143338718390323 ) ) ;
#5366 = CARTESIAN_POINT ( 'NONE',  ( -13.63894922151784073, -15.43075108558954867, 23.00000000000000000 ) ) ;
#5367 = EDGE_CURVE ( 'NONE', #9733, #7235, #145, .T. ) ;
#5368 = VERTEX_POINT ( 'NONE', #4923 ) ;
#5369 = VECTOR ( 'NONE', #8271, 1000.000000000000114 ) ;
#5370 = CARTESIAN_POINT ( 'NONE',  ( -12.01801948466059500, -21.41751442127139526, 19.00000000000000000 ) ) ;
#5371 = CARTESIAN_POINT ( 'NONE',  ( -31.95306890763652419, -5.423003849417342259, 20.37376978795447613 ) ) ;
#5372 = CARTESIAN_POINT ( 'NONE',  ( -25.94700860765129491, -3.467529364033503647, 21.07239918438352078 ) ) ;
#5373 = CARTESIAN_POINT ( 'NONE',  ( -5.253805922287422270, -13.94619407771261521, 23.00000000000000000 ) ) ;
#5374 = CARTESIAN_POINT ( 'NONE',  ( -16.20000000000044338, -9.444990259596723448, -3.045381888756725886 ) ) ;
#5375 = CARTESIAN_POINT ( 'NONE',  ( -16.20000000000043983, -10.49999999999928768, 3.787241086389266709 ) ) ;
#5376 = DIRECTION ( 'NONE',  ( 2.709307669882598235E-16, -1.000000000000000000, 0.000000000000000000 ) ) ;
#5377 = CARTESIAN_POINT ( 'NONE',  ( -32.57768753982544041, -5.430819039184424213, -18.55528405669793912 ) ) ;
#5378 = EDGE_CURVE ( 'NONE', #1216, #8429, #4283, .T. ) ;
#5379 = DIRECTION ( 'NONE',  ( -1.000000000000000000, 0.000000000000000000, -0.000000000000000000 ) ) ;
#5380 = ORIENTED_EDGE ( 'NONE', *, *, #6845, .F. ) ;
#5381 = CARTESIAN_POINT ( 'NONE',  ( -16.20000000000043983, -9.808529584835024906, 0.5985540781265616950 ) ) ;
#5382 = VERTEX_POINT ( 'NONE', #3356 ) ;
#5383 = EDGE_CURVE ( 'NONE', #7681, #9029, #9709, .T. ) ;
#5384 = CARTESIAN_POINT ( 'NONE',  ( -16.76983291203426063, -18.58280745968096070, 17.81432669667271540 ) ) ;
#5385 = CARTESIAN_POINT ( 'NONE',  ( -16.06840615756673785, -18.02715432681259600, 20.74242983912377625 ) ) ;
#5386 = ADVANCED_FACE ( 'NONE', ( #5594, #4813 ), #1785, .T. ) ;
#5387 = VECTOR ( 'NONE', #4603, 999.9999999999998863 ) ;
#5388 = CARTESIAN_POINT ( 'NONE',  ( -3.499999999999996447, -12.29893898089671822, 23.00000000000000000 ) ) ;
#5389 = CARTESIAN_POINT ( 'NONE',  ( -15.70000000000043983, -7.721899528217678998, -2.670823752254260608 ) ) ;
#5390 = ORIENTED_EDGE ( 'NONE', *, *, #4554, .T. ) ;
#5391 = CARTESIAN_POINT ( 'NONE',  ( -30.08899341565386720, -4.693937110716093208, 22.22391131873877157 ) ) ;
#5392 = LINE ( 'NONE', #1380, #705 ) ;
#5393 = CARTESIAN_POINT ( 'NONE',  ( -16.20000000000043983, -6.937770218718534387, 0.6954342147474026348 ) ) ;
#5394 = CARTESIAN_POINT ( 'NONE',  ( -17.73414117061782491, -18.83227646810957623, -18.85235275148832557 ) ) ;
#5395 = AXIS2_PLACEMENT_3D ( 'NONE', #3434, #8143, #4119 ) ;
#5396 = CARTESIAN_POINT ( 'NONE',  ( -27.26048947161523017, -4.232240568869286790, -16.21361825676777713 ) ) ;
#5397 = CARTESIAN_POINT ( 'NONE',  ( -27.65438918023518156, -4.332190316283895726, -16.07344265199456146 ) ) ;
#5398 = CARTESIAN_POINT ( 'NONE',  ( -15.93075108559001407, -13.13894922151707867, 23.00000000000000000 ) ) ;
#5399 = CARTESIAN_POINT ( 'NONE',  ( -14.45780615572069294, -16.75127867839263018, -19.87311494718495908 ) ) ;
#5400 = ORIENTED_EDGE ( 'NONE', *, *, #5000, .T. ) ;
#5401 = VECTOR ( 'NONE', #5861, 1000.000000000000114 ) ;
#5402 = CARTESIAN_POINT ( 'NONE',  ( -14.24866261705346204, -15.93718780864300122, 18.85235275148832557 ) ) ;
#5403 = VERTEX_POINT ( 'NONE', #4043 ) ;
#5405 = DIRECTION ( 'NONE',  ( 0.7071067811865954233, 0.7071067811864997221, -0.000000000000000000 ) ) ;
#5404 = LINE ( 'NONE', #6146, #4837 ) ;
#5406 = LINE ( 'NONE', #482, #3774 ) ;
#5407 =( BOUNDED_CURVE ( )  B_SPLINE_CURVE ( 3, ( #7986, #4670, #4775, #4058 ),
 .UNSPECIFIED., .F., .T. ) 
 B_SPLINE_CURVE_WITH_KNOTS ( ( 4, 4 ),
 ( 0.000000000000000000, 3.141592653589793116 ),
 .UNSPECIFIED. ) 
 CURVE ( )  GEOMETRIC_REPRESENTATION_ITEM ( )  RATIONAL_B_SPLINE_CURVE ( ( 1.000000000000000000, 0.3333333333333333703, 0.3333333333333333703, 1.000000000000000000 ) ) 
 REPRESENTATION_ITEM ( '' )  );
#5408 = CARTESIAN_POINT ( 'NONE',  ( -14.32516260720247914, -16.64620338875894134, -19.46670926938993418 ) ) ;
#5409 = VECTOR ( 'NONE', #468, 1000.000000000000000 ) ;
#5410 = EDGE_LOOP ( 'NONE', ( #8251, #2923, #471, #7441 ) ) ;
#5411 = DIRECTION ( 'NONE',  ( -3.469446951953614189E-16, 1.000000000000000000, 0.000000000000000000 ) ) ;
#5412 = CARTESIAN_POINT ( 'NONE',  ( 2.500000000000003997, -14.70000000000013962, 22.50000000000001421 ) ) ;
#5413 = VERTEX_POINT ( 'NONE', #8389 ) ;
#5414 = AXIS2_PLACEMENT_3D ( 'NONE', #1080, #310, #4257 ) ;
#5415 = ORIENTED_EDGE ( 'NONE', *, *, #10228, .T. ) ;
#5416 = CARTESIAN_POINT ( 'NONE',  ( -30.48280061467525570, -5.049919702370978314, 21.72240788733923011 ) ) ;
#5417 = CIRCLE ( 'NONE', #942, 5.420725942163712396 ) ;
#5418 = CARTESIAN_POINT ( 'NONE',  ( -17.64513293113373749, -18.75834494313550138, 18.27312374782750837 ) ) ;
#5419 = DIRECTION ( 'NONE',  ( 0.000000000000000000, -0.000000000000000000, -1.000000000000000000 ) ) ;
#5420 = VECTOR ( 'NONE', #8118, 1000.000000000000000 ) ;
#5421 = CARTESIAN_POINT ( 'NONE',  ( -3.335038795898049635, -18.00043412189036829, 16.50000000000000711 ) ) ;
#5422 = ORIENTED_EDGE ( 'NONE', *, *, #2807, .T. ) ;
#5423 = LINE ( 'NONE', #10258, #447 ) ;
#5424 = CARTESIAN_POINT ( 'NONE',  ( -25.66708746122525042, -3.827907593585125223, 17.62623021204552742 ) ) ;
#5425 = CARTESIAN_POINT ( 'NONE',  ( -16.20000000000043983, -9.808529584835024906, -3.550268412859013178 ) ) ;
#5426 = CARTESIAN_POINT ( 'NONE',  ( -16.20000000000044338, -6.906722299547403132, 0.2426709185257021895 ) ) ;
#5427 = AXIS2_PLACEMENT_3D ( 'NONE', #9862, #2098, #9168 ) ;
#5428 = CARTESIAN_POINT ( 'NONE',  ( -14.76157180338599950, -16.99191319356363650, 20.35136566092169375 ) ) ;
#5429 = DIRECTION ( 'NONE',  ( 0.000000000000000000, 0.000000000000000000, -1.000000000000000000 ) ) ;
#5430 = EDGE_CURVE ( 'NONE', #7378, #5945, #9865, .T. ) ;
#5432 = ORIENTED_EDGE ( 'NONE', *, *, #554, .T. ) ;
#5431 = CARTESIAN_POINT ( 'NONE',  ( -32.28428482491175799, -5.507051388218035193, -19.40578292130129157 ) ) ;
#5433 = DIRECTION ( 'NONE',  ( 0.9063077870366214039, -0.4226182617407605036, 0.000000000000000000 ) ) ;
#5434 = VERTEX_POINT ( 'NONE', #7565 ) ;
#5435 = CARTESIAN_POINT ( 'NONE',  ( -29.07927405783629737, -24.93172798364416920, -12.04983680631343113 ) ) ;
#5436 = VERTEX_POINT ( 'NONE', #3412 ) ;
#5437 = DIRECTION ( 'NONE',  ( -1.000000000000000000, 0.000000000000000000, 0.000000000000000000 ) ) ;
#5438 = DIRECTION ( 'NONE',  ( -1.000000000000000000, 1.377879206612592155E-13, 0.000000000000000000 ) ) ;
#5439 = ORIENTED_EDGE ( 'NONE', *, *, #1493, .T. ) ;
#5440 = CARTESIAN_POINT ( 'NONE',  ( -26.10166854280219795, -3.513322902967789485, 16.75488767569455462 ) ) ;
#5441 = ADVANCED_FACE ( 'NONE', ( #7413 ), #2823, .F. ) ;
#5442 = CYLINDRICAL_SURFACE ( 'NONE', #3861, 0.4999999999999995559 ) ;
#5443 = CARTESIAN_POINT ( 'NONE',  ( -16.20000000000044338, -7.044589019802428354, 0.9832427415940419024 ) ) ;
#5444 = EDGE_CURVE ( 'NONE', #5844, #4414, #578, .T. ) ;
#5445 = CARTESIAN_POINT ( 'NONE',  ( -15.21910429172128154, -16.74325063296635818, -16.97234895197517091 ) ) ;
#5446 = EDGE_CURVE ( 'NONE', #10297, #6762, #2720, .T. ) ;
#5447 = CARTESIAN_POINT ( 'NONE',  ( -28.58121536676148722, -4.567380745194690839, -22.09999999999996234 ) ) ;
#5448 = CARTESIAN_POINT ( 'NONE',  ( -27.10986208626350802, -4.194015311332646156, -16.29062030819815732 ) ) ;
#5449 = CARTESIAN_POINT ( 'NONE',  ( -16.20000000000044338, -7.531772739748006096, 0.5583596670911684656 ) ) ;
#5450 = CARTESIAN_POINT ( 'NONE',  ( -16.28924592867932830, -18.20209759289777196, -20.63906648374573294 ) ) ;
#5451 = EDGE_LOOP ( 'NONE', ( #3030, #3988, #6299, #7892 ) ) ;
#5452 = EDGE_CURVE ( 'NONE', #2146, #2381, #8263, .T. ) ;
#5453 = CARTESIAN_POINT ( 'NONE',  ( -17.04796840796678126, -18.80313735470862824, 18.42001242353533286 ) ) ;
#5454 = ORIENTED_EDGE ( 'NONE', *, *, #2895, .F. ) ;
#5455 = FACE_BOUND ( 'NONE', #990, .T. ) ;
#5456 = PLANE ( 'NONE',  #2758 ) ;
#5457 = EDGE_CURVE ( 'NONE', #2840, #2506, #1944, .T. ) ;
#5458 = CARTESIAN_POINT ( 'NONE',  ( -16.77022658314550441, -18.58311770602355040, -17.81051231474544849 ) ) ;
#5459 = ORIENTED_EDGE ( 'NONE', *, *, #4674, .F. ) ;
#5460 = CARTESIAN_POINT ( 'NONE',  ( -16.47758631529512741, -1.185168229585940258, 23.00000000000000000 ) ) ;
#5461 = FACE_OUTER_BOUND ( 'NONE', #3089, .T. ) ;
#5462 = EDGE_LOOP ( 'NONE', ( #6799, #2224, #6691, #10021, #9872, #3626 ) ) ;
#5463 = ORIENTED_EDGE ( 'NONE', *, *, #7598, .F. ) ;
#5464 = CARTESIAN_POINT ( 'NONE',  ( -29.49849254476494664, -4.800143990708796160, 22.03933523441584441 ) ) ;
#5465 = DIRECTION ( 'NONE',  ( 1.000000000000000000, 3.469446951953614189E-16, 0.000000000000000000 ) ) ;
#5466 = CARTESIAN_POINT ( 'NONE',  ( -34.71423156829899170, 1.278697662366830468, -19.00000000000000000 ) ) ;
#5467 = CARTESIAN_POINT ( 'NONE',  ( -15.93075108559001407, -13.13894922151707867, -22.49999999999999289 ) ) ;
#5468 = EDGE_LOOP ( 'NONE', ( #8746, #6981, #2658, #3864 ) ) ;
#5469 = DIRECTION ( 'NONE',  ( 1.000000000000000000, -1.377879206612592155E-13, 0.000000000000000000 ) ) ;
#5470 = CARTESIAN_POINT ( 'NONE',  ( -29.93678355119373791, -4.911362310197185721, 21.94167135833769322 ) ) ;
#5471 = CARTESIAN_POINT ( 'NONE',  ( -16.20000000000043983, -9.591254793415313173, -3.712049454811818361 ) ) ;
#5472 = CARTESIAN_POINT ( 'NONE',  ( -16.20000000000043983, -7.682800240769650735, -0.7203760767243080343 ) ) ;
#5473 = CARTESIAN_POINT ( 'NONE',  ( -14.57207113905167795, -16.84179627725183437, 20.09420145854764783 ) ) ;
#5474 = CARTESIAN_POINT ( 'NONE',  ( -45.10080138151387530, -12.00000000000003553, 7.682591274314911622 ) ) ;
#5476 = EDGE_LOOP ( 'NONE', ( #592, #8028, #1176, #2064, #6749, #639, #3766, #3925, #3494, #165, #1616, #4910, #2005, #2014, #1492, #6661, #152, #3428, #2364, #1042, #10218, #1330, #6250, #4857, #5672, #4323, #2666, #7229, #5601 ) ) ;
#5475 = CARTESIAN_POINT ( 'NONE',  ( -25.94700860765131623, -3.467529364033508532, -21.07239918438351367 ) ) ;
#5477 = CARTESIAN_POINT ( 'NONE',  ( -15.70000000000043983, -7.882496365929569038, -0.7375684428418834981 ) ) ;
#5478 = ORIENTED_EDGE ( 'NONE', *, *, #430, .T. ) ;
#5479 = DIRECTION ( 'NONE',  ( 2.709307669882598235E-16, -1.000000000000000000, 0.000000000000000000 ) ) ;
#5480 = ORIENTED_EDGE ( 'NONE', *, *, #3905, .F. ) ;
#5481 = LINE ( 'NONE', #3134, #3211 ) ;
#5482 = FACE_OUTER_BOUND ( 'NONE', #8830, .T. ) ;
#5483 = CARTESIAN_POINT ( 'NONE',  ( -23.23210150563244625, -23.32266930358717971, 6.532826408578754851 ) ) ;
#5484 = CARTESIAN_POINT ( 'NONE',  ( -15.70000000000043983, -7.492321121360799197, -2.747746396385943424 ) ) ;
#5485 = ORIENTED_EDGE ( 'NONE', *, *, #9441, .F. ) ;
#5486 = CARTESIAN_POINT ( 'NONE',  ( -23.33172798364586242, -22.83172798364415712, -22.49999999999999289 ) ) ;
#5487 = DIRECTION ( 'NONE',  ( -0.6389492215177998702, 0.7692489144105421062, 0.000000000000000000 ) ) ;
#5488 = ORIENTED_EDGE ( 'NONE', *, *, #4616, .F. ) ;
#5489 = CARTESIAN_POINT ( 'NONE',  ( -31.68737387575045616, -5.167204461823024175, -16.75488767569455817 ) ) ;
#5490 = EDGE_CURVE ( 'NONE', #9118, #6581, #5128, .T. ) ;
#5491 = CARTESIAN_POINT ( 'NONE',  ( -25.66750633859113506, -3.828012508645346479, -17.62533604244297081 ) ) ;
#5492 = AXIS2_PLACEMENT_3D ( 'NONE', #10024, #6756, #2990 ) ;
#5493 = CARTESIAN_POINT ( 'NONE',  ( -16.20000000000043627, -7.986455161460803254, 0.8250908901251585714 ) ) ;
#5494 = CARTESIAN_POINT ( 'NONE',  ( -16.42372181195375447, -18.30862828290548094, -20.54937227721968540 ) ) ;
#5495 = ADVANCED_FACE ( 'NONE', ( #1835 ), #8011, .F. ) ;
#5496 = ORIENTED_EDGE ( 'NONE', *, *, #4491, .F. ) ;
#5497 = CARTESIAN_POINT ( 'NONE',  ( -14.32516260720247736, -16.64620338875893779, 19.46670926938992352 ) ) ;
#5499 = VERTEX_POINT ( 'NONE', #1175 ) ;
#5498 = CARTESIAN_POINT ( 'NONE',  ( -34.50000000000000000, -12.00000000000003197, -15.00000000000000000 ) ) ;
#5500 = CARTESIAN_POINT ( 'NONE',  ( -16.20000000000043983, -6.972028366947922606, -4.242125776572106766 ) ) ;
#5501 = DIRECTION ( 'NONE',  ( -0.000000000000000000, 1.000000000000000000, -0.000000000000000000 ) ) ;
#5502 = EDGE_CURVE ( 'NONE', #7684, #3882, #7512, .T. ) ;
#5503 = ORIENTED_EDGE ( 'NONE', *, *, #6340, .T. ) ;
#5504 = DIRECTION ( 'NONE',  ( -0.000000000000000000, -1.000000000000000000, -0.000000000000000000 ) ) ;
#5505 = PLANE ( 'NONE',  #587 ) ;
#5506 = EDGE_CURVE ( 'NONE', #6193, #5082, #5967, .T. ) ;
#5507 = ORIENTED_EDGE ( 'NONE', *, *, #6775, .T. ) ;
#5508 = ADVANCED_FACE ( 'NONE', ( #1988, #1128 ), #5178, .F. ) ;
#5509 = VERTEX_POINT ( 'NONE', #5234 ) ;
#5510 = CARTESIAN_POINT ( 'NONE',  ( -27.41729905412735846, -4.272031857155863754, 21.84396480510197947 ) ) ;
#5511 = CARTESIAN_POINT ( 'NONE',  ( -15.42986459963707802, -16.91831117858030353, 16.85934464029948643 ) ) ;
#5512 = DIRECTION ( 'NONE',  ( 1.000000000000000000, 3.469446951953615175E-16, -0.000000000000000000 ) ) ;
#5513 = VECTOR ( 'NONE', #4109, 1000.000000000000114 ) ;
#5514 = CARTESIAN_POINT ( 'NONE',  ( -13.98657466994088239, -24.18657466994098115, -23.00000000000000000 ) ) ;
#5515 = ORIENTED_EDGE ( 'NONE', *, *, #33, .T. ) ;
#5516 = DIRECTION ( 'NONE',  ( 0.000000000000000000, 0.000000000000000000, -1.000000000000000000 ) ) ;
#5517 = AXIS2_PLACEMENT_3D ( 'NONE', #1022, #7357, #5592 ) ;
#5518 = DIRECTION ( 'NONE',  ( -3.469446951953614189E-16, 1.000000000000000000, 0.000000000000000000 ) ) ;
#5519 = CARTESIAN_POINT ( 'NONE',  ( -16.20000000000043983, -9.643921318474967919, -2.880625342095652464 ) ) ;
#5520 = CARTESIAN_POINT ( 'NONE',  ( -14.92928656600693138, -17.12477392888474270, 20.51194017206031006 ) ) ;
#5521 = PLANE ( 'NONE',  #6263 ) ;
#5522 = CARTESIAN_POINT ( 'NONE',  ( -25.56249211402955623, -3.353677182443215887, -20.50557673824462057 ) ) ;
#5523 = CARTESIAN_POINT ( 'NONE',  ( -15.70000000000043983, -12.00000000000002487, -15.00000000000000000 ) ) ;
#5524 = ORIENTED_EDGE ( 'NONE', *, *, #315, .T. ) ;
#5525 = VECTOR ( 'NONE', #7645, 1000.000000000000000 ) ;
#5526 = CARTESIAN_POINT ( 'NONE',  ( -28.63059068654560235, -4.579909749346890990, 15.90408461613400704 ) ) ;
#5527 = ORIENTED_EDGE ( 'NONE', *, *, #9381, .F. ) ;
#5528 = LINE ( 'NONE', #758, #6881 ) ;
#5529 = AXIS2_PLACEMENT_3D ( 'NONE', #9280, #6179, #6997 ) ;
#5530 = CARTESIAN_POINT ( 'NONE',  ( -15.70000000000043627, -6.905157355145649767, 0.3240958251316182759 ) ) ;
#5531 = CARTESIAN_POINT ( 'NONE',  ( -23.37010936545578943, -23.58949317106463539, 6.340672113932933840 ) ) ;
#5532 = CARTESIAN_POINT ( 'NONE',  ( -16.20000000000043983, -6.904861609162323610, -3.744462817509526698 ) ) ;
#5533 = ORIENTED_EDGE ( 'NONE', *, *, #7225, .F. ) ;
#5534 = CARTESIAN_POINT ( 'NONE',  ( -34.00000000000000000, -6.000000000000041744, 0.000000000000000000 ) ) ;
#5535 = CARTESIAN_POINT ( 'NONE',  ( -16.20000000000043983, -6.904353841145121073, 0.3659030946910857840 ) ) ;
#5536 = CARTESIAN_POINT ( 'NONE',  ( -15.11802746069450087, -16.65929476213157301, -17.04228325489188123 ) ) ;
#5537 = DIRECTION ( 'NONE',  ( -3.469446951953614682E-16, 1.000000000000000000, 0.000000000000000000 ) ) ;
#5538 = VERTEX_POINT ( 'NONE', #350 ) ;
#5539 = CARTESIAN_POINT ( 'NONE',  ( -31.84466619930807596, -5.395496171316330525, -20.55356614654797198 ) ) ;
#5540 = CARTESIAN_POINT ( 'NONE',  ( -28.48010880015556268, -4.541723855314984348, -15.91382769601188940 ) ) ;
#5541 = CARTESIAN_POINT ( 'NONE',  ( -15.13712977430246376, -22.59739539767880601, -23.87124219766359445 ) ) ;
#5542 = CARTESIAN_POINT ( 'NONE',  ( -16.20000000000043983, -8.692378719687910760, -3.792093136059921932 ) ) ;
#5543 = CARTESIAN_POINT ( 'NONE',  ( -15.96348396820765281, -17.94403871154612773, -20.76880202303785339 ) ) ;
#5544 = ORIENTED_EDGE ( 'NONE', *, *, #5832, .T. ) ;
#5545 = CARTESIAN_POINT ( 'NONE',  ( -15.11802746069450087, -16.65929476213157301, 20.95771674510811522 ) ) ;
#5546 = CIRCLE ( 'NONE', #6225, 2.100000000000004530 ) ;
#5547 = CARTESIAN_POINT ( 'NONE',  ( -20.30399585276242291, -21.61681942740843709, 23.00000000000000000 ) ) ;
#5548 = CARTESIAN_POINT ( 'NONE',  ( -34.00000000000000000, -12.00000000000003197, 11.00000000000001954 ) ) ;
#5549 = LINE ( 'NONE', #829, #5266 ) ;
#5550 = DIRECTION ( 'NONE',  ( 1.000000000000000000, 3.469446951953615175E-16, -0.000000000000000000 ) ) ;
#5551 = ADVANCED_FACE ( 'NONE', ( #6746 ), #5651, .T. ) ;
#5552 = VECTOR ( 'NONE', #4421, 1000.000000000000000 ) ;
#5553 = ORIENTED_EDGE ( 'NONE', *, *, #7346, .F. ) ;
#5554 = CARTESIAN_POINT ( 'NONE',  ( -16.20000000000043983, -8.056804533085559328, 0.8297644981971120659 ) ) ;
#5555 = CARTESIAN_POINT ( 'NONE',  ( -15.70000000000043983, -9.014403707535935339, 0.6855992570465070379 ) ) ;
#5556 = ORIENTED_EDGE ( 'NONE', *, *, #6413, .T. ) ;
#5557 = CARTESIAN_POINT ( 'NONE',  ( -26.63325003387896572, -3.670719824702039613, 21.70132250298429710 ) ) ;
#5558 = ORIENTED_EDGE ( 'NONE', *, *, #5125, .T. ) ;
#5559 = CARTESIAN_POINT ( 'NONE',  ( -16.17397784292165497, -18.11078937362727004, 17.30272309804604092 ) ) ;
#5560 = ADVANCED_FACE ( 'NONE', ( #6174 ), #8348, .F. ) ;
#5561 = CARTESIAN_POINT ( 'NONE',  ( -29.26063447936831352, -4.739790391546024217, 22.07436376640787756 ) ) ;
#5562 = VECTOR ( 'NONE', #2694, 1000.000000000000000 ) ;
#5563 = B_SPLINE_SURFACE_WITH_KNOTS ( 'NONE', 3, 1, ( 
 ( #4286, #3498 ),
 ( #8217, #1873 ),
 ( #7445, #335 ),
 ( #6675, #1111 ),
 ( #5063, #8997 ),
 ( #9848, #2704 ),
 ( #2402, #4658 ),
 ( #9390, #4565 ),
 ( #7871, #10276 ),
 ( #3142, #7766 ),
 ( #6325, #766 ),
 ( #5443, #3190 ),
 ( #7052, #7816 ),
 ( #9485, #10231 ),
 ( #5393, #6233 ),
 ( #663, #9438 ),
 ( #2348, #622 ),
 ( #8698, #7718 ),
 ( #5535, #3789 ) ),
 .UNSPECIFIED., .F., .F., .F.,
 ( 4, 1, 1, 1, 1, 1, 1, 1, 1, 1, 1, 1, 1, 1, 1, 1, 4 ),
 ( 2, 2 ),
 ( 0.000000000000000000, 0.07943572267611462290, 0.1540131742839432327, 0.2241414790393983780, 0.2899341692032363360, 0.3527323106719889578, 0.4127257792496897282, 0.4703027418920649461, 0.5271687617359286371, 0.5835022647141645535, 0.6399482172133522662, 0.6965849669119866805, 0.7537269142919262865, 0.8127070377388639910, 0.8729634806368316013, 0.9350348604089697702, 1.000000000000000000 ),
 ( 0.000000000000000000, 1.000000000000000000 ),
 .UNSPECIFIED. ) ;
#5564 = CARTESIAN_POINT ( 'NONE',  ( -14.25989634315890342, -15.94651870325378162, 19.29528838535501478 ) ) ;
#5565 = EDGE_CURVE ( 'NONE', #3812, #4294, #8586, .T. ) ;
#5566 = ADVANCED_FACE ( 'NONE', ( #6893 ), #4552, .F. ) ;
#5567 = CARTESIAN_POINT ( 'NONE',  ( -16.20000000000043983, -9.808529584835024906, -3.550268412859013178 ) ) ;
#5568 = PERSON_AND_ORGANIZATION ( #3075, #6207 ) ;
#5569 = CARTESIAN_POINT ( 'NONE',  ( -15.51419759758015537, -17.58812512138062445, 20.78839717032765932 ) ) ;
#5570 = ORIENTED_EDGE ( 'NONE', *, *, #4439, .F. ) ;
#5571 = AXIS2_PLACEMENT_3D ( 'NONE', #1134, #8863, #9124 ) ;
#5572 = CARTESIAN_POINT ( 'NONE',  ( -16.20000000000043983, -8.226686217178688310, -4.841528463549531480 ) ) ;
#5573 = EDGE_CURVE ( 'NONE', #2577, #10138, #6991, .T. ) ;
#5574 = CARTESIAN_POINT ( 'NONE',  ( -16.20000000000044693, -7.570223353500034058, 0.1282128092812644393 ) ) ;
#5575 = CARTESIAN_POINT ( 'NONE',  ( -23.18922086225074963, -23.53354228484663579, 6.159783610727894043 ) ) ;
#5576 = DIRECTION ( 'NONE',  ( 0.6172982111373501724, -0.7867292536359808963, 0.000000000000000000 ) ) ;
#5577 = DIRECTION ( 'NONE',  ( -0.7071067811865451302, 0.000000000000000000, 0.7071067811865500152 ) ) ;
#5578 = CARTESIAN_POINT ( 'NONE',  ( -32.11162760509514413, -5.292822513154850306, -20.70262373805848100 ) ) ;
#5579 = VECTOR ( 'NONE', #3601, 1000.000000000000000 ) ;
#5580 = CARTESIAN_POINT ( 'NONE',  ( -20.50330085889907750, -12.93223304703297316, -19.00000000000000000 ) ) ;
#5581 = VERTEX_POINT ( 'NONE', #5477 ) ;
#5582 = VECTOR ( 'NONE', #6695, 1000.000000000000000 ) ;
#5583 = CARTESIAN_POINT ( 'NONE',  ( -29.96576718863266464, -4.918721126717337633, 16.07344265199577293 ) ) ;
#5584 = ORIENTED_EDGE ( 'NONE', *, *, #8352, .F. ) ;
#5585 = CARTESIAN_POINT ( 'NONE',  ( -3.999999999999996447, -14.70000000000003482, -22.50000000000000000 ) ) ;
#5586 = CARTESIAN_POINT ( 'NONE',  ( -15.70000000000043983, -7.682800240769650735, -0.7203760767243080343 ) ) ;
#5587 = CARTESIAN_POINT ( 'NONE',  ( -29.83792960448250398, -4.886279545672161717, -16.03692749041841381 ) ) ;
#5588 = ORIENTED_EDGE ( 'NONE', *, *, #7147, .T. ) ;
#5589 = DIRECTION ( 'NONE',  ( 0.000000000000000000, 0.09745061871804777676, 0.9952403613758183942 ) ) ;
#5590 = CARTESIAN_POINT ( 'NONE',  ( -4.499999999999996447, -14.70000000000013962, 23.00000000000000000 ) ) ;
#5591 = UNCERTAINTY_MEASURE_WITH_UNIT (LENGTH_MEASURE( 1.000000000000000082E-05 ), #4594, 'distance_accuracy_value', 'NONE');
#5592 = DIRECTION ( 'NONE',  ( 0.000000000000000000, 0.000000000000000000, 1.000000000000000000 ) ) ;
#5593 = CARTESIAN_POINT ( 'NONE',  ( -17.67840240365597282, -18.78597904592091439, -18.41509111858085035 ) ) ;
#5594 = FACE_BOUND ( 'NONE', #1116, .T. ) ;
#5595 = ORIENTED_EDGE ( 'NONE', *, *, #9241, .T. ) ;
#5596 = CARTESIAN_POINT ( 'NONE',  ( -28.58121536676150498, -4.567380745194691727, -15.90000000000003233 ) ) ;
#5597 = CARTESIAN_POINT ( 'NONE',  ( -16.20000000000043983, -6.904353841145121073, -3.782919396294488479 ) ) ;
#5598 = LINE ( 'NONE', #1584, #8214 ) ;
#5599 = CARTESIAN_POINT ( 'NONE',  ( -15.70000000000044338, -8.405300642668386502, -4.047900448263570539 ) ) ;
#5600 = CARTESIAN_POINT ( 'NONE',  ( -15.70000000000043983, -8.692378719687910760, -3.792093136059921932 ) ) ;
#5601 = ORIENTED_EDGE ( 'NONE', *, *, #2122, .T. ) ;
#5602 = CARTESIAN_POINT ( 'NONE',  ( -14.28888953895404867, -16.61746883378910411, 18.76438411013189977 ) ) ;
#5603 = PLANE ( 'NONE',  #6859 ) ;
#5604 = LINE ( 'NONE', #6244, #8825 ) ;
#5605 = CARTESIAN_POINT ( 'NONE',  ( -16.20000000000043983, -7.011879040948754138, -4.340261589742362425 ) ) ;
#5606 = CARTESIAN_POINT ( 'NONE',  ( -17.12051304298577392, -18.86060527521767582, -18.88218961675925911 ) ) ;
#5607 = ORIENTED_EDGE ( 'NONE', *, *, #7729, .F. ) ;
#5608 = DIRECTION ( 'NONE',  ( 0.5384253804618299721, 0.6482254386778326660, -0.5384253804618286399 ) ) ;
#5609 = EDGE_LOOP ( 'NONE', ( #7050, #10243, #4557, #2324 ) ) ;
#5610 = ADVANCED_FACE ( 'NONE', ( #8632 ), #2100, .F. ) ;
#5611 = CARTESIAN_POINT ( 'NONE',  ( -25.30602362989166565, -3.277738966755182393, 19.88089582238714570 ) ) ;
#5612 = ORIENTED_EDGE ( 'NONE', *, *, #3154, .F. ) ;
#5613 = CARTESIAN_POINT ( 'NONE',  ( -28.21812908105146889, -4.475242657576411709, 22.05542026097001695 ) ) ;
#5614 = CARTESIAN_POINT ( 'NONE',  ( -16.55293918803420539, -17.85115309817227214, 16.85934464029948998 ) ) ;
#5615 = FACE_OUTER_BOUND ( 'NONE', #9139, .T. ) ;
#5616 = EDGE_CURVE ( 'NONE', #5538, #4882, #6942, .T. ) ;
#5617 = COORDINATED_UNIVERSAL_TIME_OFFSET ( 1, 0, .AHEAD. ) ;
#5618 = CARTESIAN_POINT ( 'NONE',  ( -15.33184056908448056, -17.44366675840021585, 20.74242983912377980 ) ) ;
#5619 = ORIENTED_EDGE ( 'NONE', *, *, #6839, .F. ) ;
#5620 = DIRECTION ( 'NONE',  ( -1.000000000000000000, 0.000000000000000000, 0.000000000000000000 ) ) ;
#5621 = EDGE_CURVE ( 'NONE', #5403, #3322, #10217, .T. ) ;
#5622 = EDGE_CURVE ( 'NONE', #2865, #9787, #5286, .T. ) ;
#5623 = CARTESIAN_POINT ( 'NONE',  ( -27.69624111702372460, -4.342811489085266707, -21.93872468359798944 ) ) ;
#5624 = CARTESIAN_POINT ( 'NONE',  ( -24.28546392965954226, -22.67528919930902020, 7.256026678136678676 ) ) ;
#5625 = DIRECTION ( 'NONE',  ( -1.000000000000000000, -3.469446951953400802E-15, 0.000000000000000000 ) ) ;
#5626 = CARTESIAN_POINT ( 'NONE',  ( -16.20000000000043983, -9.097256437510504057, 0.7717534568125474781 ) ) ;
#5627 = CARTESIAN_POINT ( 'NONE',  ( -29.03894100210028029, -4.683530697807761101, -15.90000000000003944 ) ) ;
#5628 = CARTESIAN_POINT ( 'NONE',  ( -16.20000000000043983, -7.989098054934059334, 1.521234913361374730 ) ) ;
#5629 = CARTESIAN_POINT ( 'NONE',  ( -30.12291068535351357, -4.958593150864513355, 16.12675421609522886 ) ) ;
#5630 = ORIENTED_EDGE ( 'NONE', *, *, #1933, .T. ) ;
#5631 = EDGE_CURVE ( 'NONE', #3534, #5955, #1578, .T. ) ;
#5632 = CARTESIAN_POINT ( 'NONE',  ( -4.499999999999996447, -14.70000000000003482, 23.00000000000000000 ) ) ;
#5633 = CARTESIAN_POINT ( 'NONE',  ( -34.00000000000000000, -12.00000000000003197, -11.00000000000001954 ) ) ;
#5634 = CARTESIAN_POINT ( 'NONE',  ( -23.72682404136680034, -23.13970187851917615, 7.296427881472588695 ) ) ;
#5635 = CARTESIAN_POINT ( 'NONE',  ( -31.47731888555212265, -5.302284638819086737, -16.99473220063164547 ) ) ;
#5636 = EDGE_CURVE ( 'NONE', #8392, #4368, #10118, .T. ) ;
#5637 = CARTESIAN_POINT ( 'NONE',  ( -13.29893898089557247, -1.207106781186167099, 23.00000000000000000 ) ) ;
#5638 = EDGE_CURVE ( 'NONE', #7235, #4608, #4648, .T. ) ;
#5639 = CYLINDRICAL_SURFACE ( 'NONE', #727, 5.000000000000002665 ) ;
#5640 = CARTESIAN_POINT ( 'NONE',  ( -15.70000000000043272, -7.001565576049613604, 0.8919814093236719810 ) ) ;
#5641 = DIRECTION ( 'NONE',  ( -0.3328460583149656093, -0.9429811776828795900, -0.000000000000000000 ) ) ;
#5642 = CARTESIAN_POINT ( 'NONE',  ( -17.52260861517375190, -26.05295148215408574, -0.4931713636509137966 ) ) ;
#5643 = FACE_OUTER_BOUND ( 'NONE', #1847, .T. ) ;
#5644 = VERTEX_POINT ( 'NONE', #10165 ) ;
#5645 = DIRECTION ( 'NONE',  ( -0.7071067811865474617, -0.7071067811865474617, 0.000000000000000000 ) ) ;
#5646 = CARTESIAN_POINT ( 'NONE',  ( -16.20000000000044693, -6.906722299547404020, -3.906151572459874100 ) ) ;
#5647 = PLANE ( 'NONE',  #4250 ) ;
#5648 = CARTESIAN_POINT ( 'NONE',  ( -15.70000000000044338, -8.922214634246472542, -0.2685607260066071866 ) ) ;
#5649 = CARTESIAN_POINT ( 'NONE',  ( -16.93148331424757203, -18.71086221936661076, -19.89914459502368516 ) ) ;
#5650 = ORIENTED_EDGE ( 'NONE', *, *, #6339, .F. ) ;
#5651 = B_SPLINE_SURFACE_WITH_KNOTS ( 'NONE', 3, 1, ( 
 ( #1228, #3625 ),
 ( #9968, #6796 ),
 ( #6018, #9170 ),
 ( #4459, #7755 ),
 ( #6219, #7043 ),
 ( #2980, #9377 ),
 ( #9325, #1420 ) ),
 .UNSPECIFIED., .F., .F., .F.,
 ( 4, 1, 1, 1, 4 ),
 ( 2, 2 ),
 ( 0.000000000000000000, 0.2727955500866146021, 0.5261910092278064832, 0.7669044194616168042, 0.9999999999999998890 ),
 ( 0.000000000000000000, 1.000000000000000000 ),
 .UNSPECIFIED. ) ;
#5652 = CARTESIAN_POINT ( 'NONE',  ( -17.55783315318269899, -18.68583249090378473, 19.99969279403401501 ) ) ;
#5653 = ORIENTED_EDGE ( 'NONE', *, *, #5765, .T. ) ;
#5655 = ORIENTED_EDGE ( 'NONE', *, *, #7644, .T. ) ;
#5654 = CARTESIAN_POINT ( 'NONE',  ( -9.792938069261785117, -26.05074231935854812, 23.00000000000000000 ) ) ;
#5656 = CARTESIAN_POINT ( 'NONE',  ( -16.20000000000043983, -7.183698034253648501, -4.592657398939152813 ) ) ;
#5657 = CARTESIAN_POINT ( 'NONE',  ( -15.70000000000044338, -10.32274459731977601, 1.589555614066218592 ) ) ;
#5658 = CIRCLE ( 'NONE', #1686, 10.00000000000000000 ) ;
#5659 = ORIENTED_EDGE ( 'NONE', *, *, #5143, .F. ) ;
#5660 = CARTESIAN_POINT ( 'NONE',  ( -12.41597521815519478, -8.124877034670292986, 23.00000000000000000 ) ) ;
#5661 = CARTESIAN_POINT ( 'NONE',  ( -15.19999999999936691, -0.4999999999993516298, 15.50000000000000000 ) ) ;
#5662 = ORIENTED_EDGE ( 'NONE', *, *, #5452, .F. ) ;
#5663 = CARTESIAN_POINT ( 'NONE',  ( -25.18745909526081306, -3.242632980013716804, 19.22236257406618520 ) ) ;
#5664 = ORIENTED_EDGE ( 'NONE', *, *, #7841, .F. ) ;
#5665 = CARTESIAN_POINT ( 'NONE',  ( -29.03579763087951804, -4.682733786397988318, 22.09358560390185389 ) ) ;
#5666 = ORIENTED_EDGE ( 'NONE', *, *, #3613, .F. ) ;
#5667 = CARTESIAN_POINT ( 'NONE',  ( -14.47899732625679903, -16.12850713373659772, 20.13053067225604664 ) ) ;
#5668 = VECTOR ( 'NONE', #9140, 1000.000000000000227 ) ;
#5669 =( BOUNDED_CURVE ( )  B_SPLINE_CURVE ( 3, ( #1647, #6403, #2323, #6298 ),
 .UNSPECIFIED., .F., .T. ) 
 B_SPLINE_CURVE_WITH_KNOTS ( ( 4, 4 ),
 ( 4.096909271714300971, 4.209764027117683938 ),
 .UNSPECIFIED. ) 
 CURVE ( )  GEOMETRIC_REPRESENTATION_ITEM ( )  RATIONAL_B_SPLINE_CURVE ( ( 1.000000000000000000, 0.9989389319344532669, 0.9989389319344532669, 1.000000000000000000 ) ) 
 REPRESENTATION_ITEM ( '' )  );
#5670 = DATE_AND_TIME ( #9739, #7039 ) ;
#5671 = FACE_OUTER_BOUND ( 'NONE', #782, .T. ) ;
#5672 = ORIENTED_EDGE ( 'NONE', *, *, #4383, .T. ) ;
#5673 = DIRECTION ( 'NONE',  ( 0.7071067811865474617, 0.7071067811865474617, 0.000000000000000000 ) ) ;
#5674 = CARTESIAN_POINT ( 'NONE',  ( -27.37756713339329906, -4.261947916620409060, -21.82813105513486462 ) ) ;
#5675 = LINE ( 'NONE', #8838, #9681 ) ;
#5676 = AXIS2_PLACEMENT_3D ( 'NONE', #9822, #4210, #1140 ) ;
#5677 = CARTESIAN_POINT ( 'NONE',  ( -32.21665268891362643, -5.489886673562768493, -19.80962800488199704 ) ) ;
#5678 = CIRCLE ( 'NONE', #8826, 10.50000000000000000 ) ;
#5679 = CARTESIAN_POINT ( 'NONE',  ( -16.20000000000043983, -10.49999999999928768, 1.613430968716609959 ) ) ;
#5680 = FACE_OUTER_BOUND ( 'NONE', #4485, .T. ) ;
#5681 = LINE ( 'NONE', #6313, #9738 ) ;
#5682 = EDGE_CURVE ( 'NONE', #2464, #9986, #3031, .T. ) ;
#5683 = CARTESIAN_POINT ( 'NONE',  ( -28.84818688542851106, -4.635125976943548665, 15.90000000000003944 ) ) ;
#5684 = ORIENTED_EDGE ( 'NONE', *, *, #241, .F. ) ;
#5685 = DIRECTION ( 'NONE',  ( 0.000000000000000000, -1.000000000000000000, 0.000000000000000000 ) ) ;
#5686 = AXIS2_PLACEMENT_3D ( 'NONE', #2191, #9422, #7855 ) ;
#5687 = CARTESIAN_POINT ( 'NONE',  ( -16.20000000000043627, -8.692378719687910760, 0.3567293549256532748 ) ) ;
#5688 = CARTESIAN_POINT ( 'NONE',  ( -24.18744723172751421, -23.22863570659707122, 7.158009980204647960 ) ) ;
#5689 = CARTESIAN_POINT ( 'NONE',  ( -30.16082149405841406, -4.968212986492042127, -16.14059901345600778 ) ) ;
#5690 = ORIENTED_EDGE ( 'NONE', *, *, #6093, .F. ) ;
#5691 = FACE_OUTER_BOUND ( 'NONE', #9831, .T. ) ;
#5692 = AXIS2_PLACEMENT_3D ( 'NONE', #3026, #9371, #6123 ) ;
#5693 = CARTESIAN_POINT ( 'NONE',  ( -34.00000000000000000, -8.500000000000035527, 10.50000000000000000 ) ) ;
#5694 = CARTESIAN_POINT ( 'NONE',  ( -23.29311569877069488, -23.33118559566491257, -6.627001475171665490 ) ) ;
#5695 = CARTESIAN_POINT ( 'NONE',  ( -15.70000000000043627, -7.919889240714610423, -3.333405396806222054 ) ) ;
#5696 = ADVANCED_FACE ( 'NONE', ( #3085 ), #6584, .F. ) ;
#5697 = LINE ( 'NONE', #8803, #8663 ) ;
#5698 = VECTOR ( 'NONE', #7580, 1000.000000000000000 ) ;
#5699 = LINE ( 'NONE', #8701, #2706 ) ;
#5700 = ADVANCED_FACE ( 'NONE', ( #4504 ), #8482, .F. ) ;
#5701 = EDGE_CURVE ( 'NONE', #10257, #3958, #9559, .T. ) ;
#5702 = CARTESIAN_POINT ( 'NONE',  ( -32.12823292504250361, -5.467452512001333531, -18.00113250729093650 ) ) ;
#5703 = CARTESIAN_POINT ( 'NONE',  ( -23.01225337288697048, -23.21635244084942329, -6.193492042631667083 ) ) ;
#5704 = DIRECTION ( 'NONE',  ( 0.000000000000000000, 0.000000000000000000, 1.000000000000000000 ) ) ;
#5705 = CARTESIAN_POINT ( 'NONE',  ( -15.70000000000043983, -9.591254793415313173, 0.4367730361737560685 ) ) ;
#5706 = PLANE ( 'NONE',  #7221 ) ;
#5707 = ORIENTED_EDGE ( 'NONE', *, *, #8364, .T. ) ;
#5708 = VECTOR ( 'NONE', #3659, 1000.000000000000000 ) ;
#5709 = CARTESIAN_POINT ( 'NONE',  ( -16.15779467885239384, -18.09796552373046197, 20.70806724034469681 ) ) ;
#5710 = CONICAL_SURFACE ( 'NONE', #9698, 0.4999999999999995559, 0.7853981633974471688 ) ;
#5711 = FACE_OUTER_BOUND ( 'NONE', #1945, .T. ) ;
#5712 = CARTESIAN_POINT ( 'NONE',  ( -15.70000000000043983, -7.624399419883329365, -4.084037904257303175 ) ) ;
#5713 = LINE ( 'NONE', #8875, #2748 ) ;
#5714 = VECTOR ( 'NONE', #10194, 1000.000000000000000 ) ;
#5715 = ORIENTED_EDGE ( 'NONE', *, *, #3099, .F. ) ;
#5716 = CARTESIAN_POINT ( 'NONE',  ( -16.20000000000043983, -7.492321121360799197, -2.747746396385943424 ) ) ;
#5717 = CARTESIAN_POINT ( 'NONE',  ( -16.20000000000043983, -7.975412702967265233, -4.194920518663195708 ) ) ;
#5718 = ORIENTED_EDGE ( 'NONE', *, *, #3409, .F. ) ;
#5719 = AXIS2_PLACEMENT_3D ( 'NONE', #7643, #2231, #3067 ) ;
#5720 = CARTESIAN_POINT ( 'NONE',  ( -16.20000000000043983, -7.224479268694421918, 1.224829081715006929 ) ) ;
#5721 = ORIENTED_EDGE ( 'NONE', *, *, #9439, .F. ) ;
#5722 = CARTESIAN_POINT ( 'NONE',  ( -29.38918406864373978, -4.772411011695743888, 22.05761189039582604 ) ) ;
#5723 = EDGE_LOOP ( 'NONE', ( #1843, #8049, #2248, #2475, #7777 ) ) ;
#5724 = CARTESIAN_POINT ( 'NONE',  ( -16.76369949594998943, -18.02621364378622104, 21.02765104802482909 ) ) ;
#5725 = VECTOR ( 'NONE', #10086, 1000.000000000000000 ) ;
#5726 = LINE ( 'NONE', #4224, #8365 ) ;
#5727 = ORIENTED_EDGE ( 'NONE', *, *, #1256, .F. ) ;
#5728 = FACE_OUTER_BOUND ( 'NONE', #4005, .T. ) ;
#5729 = AXIS2_PLACEMENT_3D ( 'NONE', #4620, #7770, #8031 ) ;
#5730 = CARTESIAN_POINT ( 'NONE',  ( -25.33610418361229222, -3.743917640852096440, -19.40681463483637970 ) ) ;
#5731 = CARTESIAN_POINT ( 'NONE',  ( -15.70000000000043983, -7.570223353500030505, -4.020609681704311100 ) ) ;
#5732 = CARTESIAN_POINT ( 'NONE',  ( -16.20000000000043983, -8.971562269813281532, 0.6410506973918653761 ) ) ;
#5733 = CARTESIAN_POINT ( 'NONE',  ( -27.68337281766803315, -4.339549132805276876, -16.05832864166231388 ) ) ;
#5734 = CARTESIAN_POINT ( 'NONE',  ( -22.11681942740973739, -19.80399585276087393, 23.00000000000000000 ) ) ;
#5735 = CARTESIAN_POINT ( 'NONE',  ( -29.47973409764680497, -4.795384046462822347, 15.95737252813660056 ) ) ;
#5736 = AXIS2_PLACEMENT_3D ( 'NONE', #244, #1880, #4089 ) ;
#5737 = ORIENTED_EDGE ( 'NONE', *, *, #7354, .T. ) ;
#5738 = B_SPLINE_SURFACE_WITH_KNOTS ( 'NONE', 1, 3, ( 
 ( #3735, #1188, #7578, #3580, #2001, #2057, #2891, #1383, #6085, #2837, #6954, #5981, #4360, #1238, #9183, #7523, #1955, #2111, #6906, #414, #4418, #4517, #473, #6030, #5246, #5298, #9930, #2787, #8402, #7671, #1290, #3636, #6138, #9285, #2156, #5342, #4567, #6807, #9980, #7720, #3790, #10130, #5927, #5536, #5445, #10232, #2210, #2261, #9440, #10278, #767, #4708, #868, #8644, #6185, #7872, #6234, #3144, #4762, #27, #8598, #6379, #5593, #4041, #5394, #1476 ),
 ( #7923, #7817, #3986, #1577, #8699, #1522, #3942, #815, #2992, #7101, #6326, #9486, #3044, #9391, #2349, #6282, #7146, #3191, #7201, #3098, #2304, #9542, #4659, #8755, #2403, #1630, #7971, #9337, #4811, #8547, #1434, #4618, #7767, #664, #711, #3836, #3886, #7002, #10176, #7053, #4972, #7307, #1127, #144, #2452, #84, #3410, #3247, #1834, #2664, #8025, #8913, #5026, #4150, #8128, #7358, #1023, #6596, #4301, #3464, #2560, #194, #6440, #4865, #8180, #3355 ) ),
 .UNSPECIFIED., .F., .T., .F.,
 ( 2, 2 ),
 ( 4, 2, 2, 2, 2, 2, 2, 2, 2, 2, 2, 2, 2, 2, 2, 2, 2, 2, 2, 2, 2, 2, 2, 2, 2, 2, 2, 2, 2, 2, 2, 2, 4 ),
 ( 0.000000000000000000, 1.000000000000000000 ),
 ( -6.283185307179586232, -6.086835766330223940, -5.890486225480861648, -5.694136684631500245, -5.497787143782137953, -5.301437602932775661, -5.105088062083414258, -4.908738521234051966, -4.712388980384689674, -4.516039439535327382, -4.319689898685965090, -4.123340357836603687, -3.926990816987241395, -3.730641276137879103, -3.534291735288517255, -3.337942194439155408, -3.141592653589793116, -2.945243112740430824, -2.748893571891068976, -2.552544031041707129, -2.356194490192344837, -2.159844949342982545, -1.963495408493620697, -1.767145867644258628, -1.570796326794896558, -1.374446785945534488, -1.178097245096172418, -0.9817477042468103487, -0.7853981633974482790, -0.5890486225480862092, -0.3926990816987241395, -0.1963495408493620697, 0.000000000000000000 ),
 .UNSPECIFIED. ) ;
#5739 = DIRECTION ( 'NONE',  ( 0.6097197964539159409, 0.5064420397482739533, 0.6097197964539146087 ) ) ;
#5740 = CARTESIAN_POINT ( 'NONE',  ( -34.00000000000000000, -8.000000000000031974, -5.420725942163712396 ) ) ;
#5741 = VECTOR ( 'NONE', #5550, 1000.000000000000000 ) ;
#5742 = DIRECTION ( 'NONE',  ( 0.000000000000000000, -0.7071067811865451302, -0.7071067811865500152 ) ) ;
#5743 = CARTESIAN_POINT ( 'NONE',  ( -23.60696633890198370, -23.60046150499834994, 6.577529087379129002 ) ) ;
#5744 = CARTESIAN_POINT ( 'NONE',  ( -31.07312476800146328, -5.199718247062649290, -16.63663500509668580 ) ) ;
#5745 = ORIENTED_EDGE ( 'NONE', *, *, #3140, .T. ) ;
#5746 = CARTESIAN_POINT ( 'NONE',  ( -12.75693438455825124, -16.64809086861041720, 22.49999999999998579 ) ) ;
#5747 = CARTESIAN_POINT ( 'NONE',  ( -4.499999999999996447, -14.70000000000003482, -22.50000000000000000 ) ) ;
#5748 = CARTESIAN_POINT ( 'NONE',  ( -23.70706226896328772, -23.16350047951327085, -7.265925696056866556 ) ) ;
#5749 = EDGE_CURVE ( 'NONE', #10034, #2689, #8621, .T. ) ;
#5750 = CIRCLE ( 'NONE', #771, 6.500000000000015099 ) ;
#5751 = CARTESIAN_POINT ( 'NONE',  ( -35.98702377443470368, 0.005905456231108507231, -19.00000000000000000 ) ) ;
#5752 = DIRECTION ( 'NONE',  ( -0.3328460583148409313, 0.9429811776829236658, 0.000000000000000000 ) ) ;
#5753 = VECTOR ( 'NONE', #409, 1000.000000000000000 ) ;
#5754 = CARTESIAN_POINT ( 'NONE',  ( -21.76175575615275193, -20.15905952401790913, 22.80000000000000071 ) ) ;
#5755 = VERTEX_POINT ( 'NONE', #4083 ) ;
#5756 = CARTESIAN_POINT ( 'NONE',  ( -30.56247410029940070, -5.070134120247274723, -16.30972141277869980 ) ) ;
#5757 = CARTESIAN_POINT ( 'NONE',  ( -23.17653907402980806, -23.30719807525071730, -6.447064553698271361 ) ) ;
#5758 = B_SPLINE_SURFACE_WITH_KNOTS ( 'NONE', 1, 3, ( 
 ( #9761, #8080, #3353, #251, #7256, #8178, #8126, #6641, #3302, #9809, #2610, #1123, #4862, #4970, #8961, #1020, #5748, #7409, #2661, #4918, #5077, #8231, #9647, #4297, #6487, #2501, #5694, #7305, #7456, #346, #3510, #6538, #6686, #9860 ),
 ( #2717, #8800, #8022, #920, #191, #9705, #5962, #1984, #7612, #9165, #2095, #6889, #6937, #6012, #2036, #2928, #9112, #1364, #8434, #9269, #603, #9066, #6122, #4499, #5123, #8384, #551, #1170, #7561, #3564, #5174, #5229, #506, #8476 ) ),
 .UNSPECIFIED., .F., .F., .F.,
 ( 2, 2 ),
 ( 4, 2, 2, 2, 2, 2, 2, 2, 2, 2, 2, 2, 2, 2, 2, 2, 4 ),
 ( 0.000000000000000000, 1.000000000000000000 ),
 ( -0.6931315095931545045, -0.5083153004693392596, -0.3234990913455239037, -0.1386828822217086032, 0.04613332690210669718, 0.2309495360259219976, 0.4157657451497372980, 0.6005819542735526539, 0.7853981633973678989, 0.9702143725211831438, 1.155030581644998389, 1.339846790768813634, 1.524662999892629101, 1.709479209016444567, 1.894295418140259812, 2.079111627264075057, 2.263927836387890302 ),
 .UNSPECIFIED. ) ;
#5759 = FACE_OUTER_BOUND ( 'NONE', #1452, .T. ) ;
#5760 = EDGE_CURVE ( 'NONE', #617, #6293, #909, .T. ) ;
#5761 = CARTESIAN_POINT ( 'NONE',  ( -15.70000000000043983, -9.711187494247642604, 0.5390353515125253514 ) ) ;
#5762 = CARTESIAN_POINT ( 'NONE',  ( -16.20000000000043627, -9.844654437901985133, -2.745417130705918751 ) ) ;
#5763 = ORIENTED_EDGE ( 'NONE', *, *, #2575, .T. ) ;
#5764 = CARTESIAN_POINT ( 'NONE',  ( -16.20000000000043983, -8.557471109539596554, -0.5455060359182346552 ) ) ;
#5765 = EDGE_CURVE ( 'NONE', #3569, #4460, #3233, .T. ) ;
#5766 = ADVANCED_FACE ( 'NONE', ( #4025 ), #2339, .T. ) ;
#5767 = CYLINDRICAL_SURFACE ( 'NONE', #2190, 2.100000000000004530 ) ;
#5769 = EDGE_LOOP ( 'NONE', ( #2020, #3063, #3646, #4943 ) ) ;
#5768 = CARTESIAN_POINT ( 'NONE',  ( -15.70000000000043627, -7.530192499262723160, -3.946460245009856926 ) ) ;
#5770 = CARTESIAN_POINT ( 'NONE',  ( -16.20000000000043627, -9.547735031181955989, 1.191467703223121788 ) ) ;
#5771 = VERTEX_POINT ( 'NONE', #9633 ) ;
#5772 = ADVANCED_FACE ( 'NONE', ( #1509, #7090, #7956, #9474, #7133 ), #6425, .T. ) ;
#5773 = CARTESIAN_POINT ( 'NONE',  ( -25.93114480346578432, -3.462832221661716670, -16.91125763855458786 ) ) ;
#5774 = CARTESIAN_POINT ( 'NONE',  ( -12.75693438455825124, -16.64809086861041720, -16.00000000000000000 ) ) ;
#5775 = VERTEX_POINT ( 'NONE', #4907 ) ;
#5776 = CARTESIAN_POINT ( 'NONE',  ( -4.499999999999996447, -15.20000000000003482, -22.50000000000000000 ) ) ;
#5777 = EDGE_CURVE ( 'NONE', #2577, #967, #5681, .T. ) ;
#5778 = VERTEX_POINT ( 'NONE', #5628 ) ;
#5779 = B_SPLINE_CURVE_WITH_KNOTS ( 'NONE', 3,
 ( #206, #2574, #10009, #2872 ),
 .UNSPECIFIED., .F., .F.,
 ( 4, 4 ),
 ( 0.000000000000000000, 1.000000000000000000 ),
 .UNSPECIFIED. ) ;
#5780 = CARTESIAN_POINT ( 'NONE',  ( -17.51456247439545777, -18.64989124222897487, 20.13472989863177887 ) ) ;
#5781 = CARTESIAN_POINT ( 'NONE',  ( -26.03489027982393011, -3.921235030287713474, 20.88664538227152789 ) ) ;
#5782 = ORIENTED_EDGE ( 'NONE', *, *, #9119, .F. ) ;
#5783 = CARTESIAN_POINT ( 'NONE',  ( -17.55783315318270255, -18.68583249090378473, -19.99969279403402211 ) ) ;
#5784 = DATE_AND_TIME ( #8776, #250 ) ;
#5785 = LINE ( 'NONE', #6570, #4568 ) ;
#5786 = VERTEX_POINT ( 'NONE', #5734 ) ;
#5787 = CARTESIAN_POINT ( 'NONE',  ( -16.20000000000044338, -8.672004050072873227, -4.622752045059229431 ) ) ;
#5788 = DIRECTION ( 'NONE',  ( 0.000000000000000000, 0.000000000000000000, 1.000000000000000000 ) ) ;
#5789 = CARTESIAN_POINT ( 'NONE',  ( -23.36788828917167749, -23.59334536691304152, 6.338451037648816566 ) ) ;
#5790 = DIRECTION ( 'NONE',  ( 0.7071067811865457964, -0.7071067811865492381, 0.000000000000000000 ) ) ;
#5791 = CARTESIAN_POINT ( 'NONE',  ( -26.49933531175042489, -4.039094254190833233, -21.33549991874404128 ) ) ;
#5792 = CARTESIAN_POINT ( 'NONE',  ( -23.50318840093053652, -23.30203262832561251, 6.951231181818200433 ) ) ;
#5793 = CARTESIAN_POINT ( 'NONE',  ( -34.50000000000000000, -12.00000000000003197, 23.00000000000000000 ) ) ;
#5794 = ORIENTED_EDGE ( 'NONE', *, *, #4880, .F. ) ;
#5795 = CARTESIAN_POINT ( 'NONE',  ( -16.93095072933860834, -18.71044026780703007, -18.10112281915497690 ) ) ;
#5796 = CARTESIAN_POINT ( 'NONE',  ( -12.79893898089554938, -0.9999999999996799227, -22.50000000000000711 ) ) ;
#5797 = LINE ( 'NONE', #76, #10230 ) ;
#5798 = DIRECTION ( 'NONE',  ( -1.000000000000000000, 0.000000000000000000, 0.000000000000000000 ) ) ;
#5799 = CARTESIAN_POINT ( 'NONE',  ( -29.00907797723325388, -4.675953203199979313, -15.90501076108194844 ) ) ;
#5800 = ORIENTED_EDGE ( 'NONE', *, *, #4729, .T. ) ;
#5801 = CARTESIAN_POINT ( 'NONE',  ( -20.65905952401941192, -21.26175575615139834, 23.00000000000000000 ) ) ;
#5802 = CARTESIAN_POINT ( 'NONE',  ( -15.19999999999933316, -5.499999999999345413, -15.00000000000000000 ) ) ;
#5803 = CARTESIAN_POINT ( 'NONE',  ( -20.50330085889908460, -12.93223304703296783, -19.00000000000000000 ) ) ;
#5804 = CARTESIAN_POINT ( 'NONE',  ( -16.20000000000043983, -9.777072844231996740, -3.569502283149066368 ) ) ;
#5805 = FACE_OUTER_BOUND ( 'NONE', #4342, .T. ) ;
#5806 = DIRECTION ( 'NONE',  ( -0.000000000000000000, -0.000000000000000000, -1.000000000000000000 ) ) ;
#5807 = EDGE_LOOP ( 'NONE', ( #6663, #9089, #9643, #1996 ) ) ;
#5808 = CARTESIAN_POINT ( 'NONE',  ( -16.20000000000044338, -8.922214634246472542, -0.2685607260066071866 ) ) ;
#5809 = CARTESIAN_POINT ( 'NONE',  ( -23.36402210883566610, -23.33083068718646658, -6.736443260346573148 ) ) ;
#5810 = DIRECTION ( 'NONE',  ( 0.4999999999999326095, -0.5000000000000591749, -0.7071067811865534569 ) ) ;
#5811 = DIRECTION ( 'NONE',  ( -0.7071067811864997221, 0.7071067811865953123, -0.000000000000000000 ) ) ;
#5812 = CARTESIAN_POINT ( 'NONE',  ( -16.61954035032799482, -0.7057424773177796151, -22.50000000000000711 ) ) ;
#5813 = ORIENTED_EDGE ( 'NONE', *, *, #1608, .F. ) ;
#5814 = CARTESIAN_POINT ( 'NONE',  ( -16.97681622514102173, -18.74677249760230424, 19.79767278004957376 ) ) ;
#5815 = DIRECTION ( 'NONE',  ( 0.000000000000000000, 0.000000000000000000, -1.000000000000000000 ) ) ;
#5817 = ORIENTED_EDGE ( 'NONE', *, *, #5072, .T. ) ;
#5816 = CARTESIAN_POINT ( 'NONE',  ( -16.20000000000043983, -7.413460869489647997, -0.6235448002410136636 ) ) ;
#5818 = EDGE_CURVE ( 'NONE', #6581, #7681, #1564, .T. ) ;
#5819 = CARTESIAN_POINT ( 'NONE',  ( -15.70000000000043983, -6.904353841145121073, 2.485692086179034810 ) ) ;
#5820 = EDGE_CURVE ( 'NONE', #256, #2294, #1101, .T. ) ;
#5821 = ORIENTED_EDGE ( 'NONE', *, *, #241, .T. ) ;
#5822 = CARTESIAN_POINT ( 'NONE',  ( -31.85799490884167540, -5.217723951012307460, -16.91116847131173273 ) ) ;
#5823 = DIRECTION ( 'NONE',  ( -3.469446951953614189E-16, 1.000000000000000000, 0.000000000000000000 ) ) ;
#5824 = ORIENTED_EDGE ( 'NONE', *, *, #4616, .T. ) ;
#5825 = CARTESIAN_POINT ( 'NONE',  ( -16.20000000000043983, -6.966107794308018519, 0.7960307797044599010 ) ) ;
#5826 = ORIENTED_EDGE ( 'NONE', *, *, #2249, .T. ) ;
#5827 = DIRECTION ( 'NONE',  ( 0.000000000000000000, 0.000000000000000000, -1.000000000000000000 ) ) ;
#5828 = CARTESIAN_POINT ( 'NONE',  ( -15.19999999999933316, -5.499999999999345413, -15.00000000000000000 ) ) ;
#5829 = EDGE_CURVE ( 'NONE', #7640, #6821, #8843, .T. ) ;
#5830 = ORIENTED_EDGE ( 'NONE', *, *, #7596, .T. ) ;
#5831 = CARTESIAN_POINT ( 'NONE',  ( -14.25989634315890520, -15.94651870325378162, -19.29528838535501478 ) ) ;
#5832 = EDGE_CURVE ( 'NONE', #307, #9191, #131, .T. ) ;
#5833 = ADVANCED_FACE ( 'NONE', ( #4848 ), #768, .F. ) ;
#5834 = CARTESIAN_POINT ( 'NONE',  ( -14.24866261705345849, -15.93718780864300122, 19.00000000000000355 ) ) ;
#5835 = FACE_BOUND ( 'NONE', #2195, .T. ) ;
#5836 = EDGE_LOOP ( 'NONE', ( #7212, #2785, #9277, #9457 ) ) ;
#5837 = CIRCLE ( 'NONE', #1346, 3.499999999999997335 ) ;
#5838 = DIRECTION ( 'NONE',  ( -0.6172982111373501724, 0.7867292536359808963, 0.000000000000000000 ) ) ;
#5839 = CARTESIAN_POINT ( 'NONE',  ( -4.499999999999996447, -14.70000000000013962, 16.50000000000000711 ) ) ;
#5840 = CARTESIAN_POINT ( 'NONE',  ( -15.70000000000044693, -6.906722299547404020, -3.906151572459874100 ) ) ;
#5841 = CARTESIAN_POINT ( 'NONE',  ( -31.12082105711135682, -5.211817188811616930, -16.66450008125597293 ) ) ;
#5842 = CARTESIAN_POINT ( 'NONE',  ( -23.17655708192848962, -23.30720428101476926, 6.447092338583144233 ) ) ;
#5843 = CARTESIAN_POINT ( 'NONE',  ( -30.43249908679295856, -5.037155376890317449, 16.25375596668023093 ) ) ;
#5844 = VERTEX_POINT ( 'NONE', #181 ) ;
#5845 = CARTESIAN_POINT ( 'NONE',  ( -16.25504355354571828, -18.17500357582531834, -17.34303532461372299 ) ) ;
#5846 = CARTESIAN_POINT ( 'NONE',  ( -16.20000000000043983, -9.163291940019410831, -0.02030771145309335363 ) ) ;
#5847 = FACE_OUTER_BOUND ( 'NONE', #2492, .T. ) ;
#5848 = LINE ( 'NONE', #9958, #56 ) ;
#5849 = CARTESIAN_POINT ( 'NONE',  ( -28.67605774906965621, -4.591446261348129276, -15.90224730858018276 ) ) ;
#5850 = ORIENTED_EDGE ( 'NONE', *, *, #3281, .F. ) ;
#5851 = LINE ( 'NONE', #9010, #3929 ) ;
#5852 = VECTOR ( 'NONE', #2945, 1000.000000000000000 ) ;
#5853 = CARTESIAN_POINT ( 'NONE',  ( -14.98584980991399895, -17.16957894729881673, 17.44303654927028191 ) ) ;
#5854 = DIRECTION ( 'NONE',  ( -0.7071067811865446862, -0.7071067811865503483, 0.000000000000000000 ) ) ;
#5855 = CARTESIAN_POINT ( 'NONE',  ( -13.18042612055667107, -1.158017147118180601, -22.88148713966110392 ) ) ;
#5856 = DIRECTION ( 'NONE',  ( 1.000000000000000000, 0.000000000000000000, 0.000000000000000000 ) ) ;
#5857 = DIRECTION ( 'NONE',  ( -0.9429811776829235548, -0.3328460583148408758, 0.000000000000000000 ) ) ;
#5858 = CARTESIAN_POINT ( 'NONE',  ( -16.20000000000043983, -7.802724347855769516, -3.360315799912119594 ) ) ;
#5859 = VERTEX_POINT ( 'NONE', #3340 ) ;
#5860 = CARTESIAN_POINT ( 'NONE',  ( -15.70000000000043983, -8.672004050072869674, -0.4739295540736536694 ) ) ;
#5861 = DIRECTION ( 'NONE',  ( -0.2810846377147424024, 0.6785983445458838581, -0.6785983445458423358 ) ) ;
#5862 = VECTOR ( 'NONE', #4935, 999.9999999999998863 ) ;
#5863 = CARTESIAN_POINT ( 'NONE',  ( -29.86615618052955412, -4.627956832160322165, -22.30857225565437574 ) ) ;
#5864 = CARTESIAN_POINT ( 'NONE',  ( -10.98916743159188059, -18.41585782157677897, -23.00000000000000000 ) ) ;
#5865 = CARTESIAN_POINT ( 'NONE',  ( -10.40885045885110394, -20.49729236784272857, 18.79729236784259427 ) ) ;
#5866 = ORIENTED_EDGE ( 'NONE', *, *, #3274, .F. ) ;
#5867 = CARTESIAN_POINT ( 'NONE',  ( -32.30682491192607841, -5.512771037362598214, 18.79710433981732365 ) ) ;
#5868 = FACE_OUTER_BOUND ( 'NONE', #368, .T. ) ;
#5870 = ORIENTED_EDGE ( 'NONE', *, *, #10267, .T. ) ;
#5869 = CARTESIAN_POINT ( 'NONE',  ( -23.83172756043340001, -22.83172798368561018, 7.458345222969253285 ) ) ;
#5871 = CARTESIAN_POINT ( 'NONE',  ( -25.31198845677991471, -22.13275126118272951, 23.00000000000000000 ) ) ;
#5872 = ORIENTED_EDGE ( 'NONE', *, *, #1490, .T. ) ;
#5873 = CARTESIAN_POINT ( 'NONE',  ( -15.70000000000043272, -8.446784103596192139, -4.755975227724845489 ) ) ;
#5874 = PLANE ( 'NONE',  #1246 ) ;
#5875 = EDGE_LOOP ( 'NONE', ( #2372, #5737, #2305, #4649, #3688, #9244, #2828, #1189, #2300, #4187, #5198, #3342 ) ) ;
#5876 = CIRCLE ( 'NONE', #1384, 5.000000000000002665 ) ;
#5877 = CARTESIAN_POINT ( 'NONE',  ( -31.68737387575046327, -5.167204461823026840, 16.75488767569455462 ) ) ;
#5878 = ORIENTED_EDGE ( 'NONE', *, *, #9065, .T. ) ;
#5879 = AXIS2_PLACEMENT_3D ( 'NONE', #184, #5685, #7248 ) ;
#5880 = ADVANCED_FACE ( 'NONE', ( #1810 ), #96, .T. ) ;
#5882 = CARTESIAN_POINT ( 'NONE',  ( -15.53418547970618846, -17.00496160324719597, 21.19666665075743239 ) ) ;
#5881 = CARTESIAN_POINT ( 'NONE',  ( -13.00000000000000711, -16.20000000000014140, -22.50000000000000000 ) ) ;
#5883 = CARTESIAN_POINT ( 'NONE',  ( -25.33581045378719665, -3.743846009665170005, 19.40551582545320031 ) ) ;
#5884 = ORIENTED_EDGE ( 'NONE', *, *, #8225, .F. ) ;
#5885 = CARTESIAN_POINT ( 'NONE',  ( -14.42497063448857730, -16.08363178584879094, -18.00030720596599210 ) ) ;
#5886 = VECTOR ( 'NONE', #3807, 1000.000000000000000 ) ;
#5887 = VECTOR ( 'NONE', #1349, 1000.000000000000000 ) ;
#5888 = CARTESIAN_POINT ( 'NONE',  ( -9.618932857080334742, -21.70000000000013785, -20.00000000000000000 ) ) ;
#5889 = DIRECTION ( 'NONE',  ( 0.000000000000000000, 0.000000000000000000, -1.000000000000000000 ) ) ;
#5890 = ORIENTED_EDGE ( 'NONE', *, *, #6107, .F. ) ;
#5891 = LINE ( 'NONE', #5267, #9914 ) ;
#5892 = EDGE_CURVE ( 'NONE', #3051, #5538, #5713, .T. ) ;
#5893 = CARTESIAN_POINT ( 'NONE',  ( -28.67662550069396232, -4.591591427495631983, -22.09792634443546078 ) ) ;
#5894 = EDGE_CURVE ( 'NONE', #4026, #6175, #4590, .T. ) ;
#5895 = EDGE_CURVE ( 'NONE', #6321, #3724, #5926, .T. ) ;
#5896 = VECTOR ( 'NONE', #799, 1000.000000000000114 ) ;
#5897 = CARTESIAN_POINT ( 'NONE',  ( -15.70000000000044338, -7.851904269214863952, -2.643925516291357525 ) ) ;
#5898 = CARTESIAN_POINT ( 'NONE',  ( -22.93393286524903374, -23.15129829979484910, 6.115171535005368142 ) ) ;
#5899 = CARTESIAN_POINT ( 'NONE',  ( -30.94046921580606124, -5.166056044801084823, 16.54124513657702877 ) ) ;
#5900 = ORIENTED_EDGE ( 'NONE', *, *, #8046, .F. ) ;
#5901 = CARTESIAN_POINT ( 'NONE',  ( -15.51478402220860531, -17.58857308753997728, -17.21514797987687473 ) ) ;
#5902 = CARTESIAN_POINT ( 'NONE',  ( -19.06670549790255365, -16.91441282030091742, -22.59999999999980602 ) ) ;
#5903 = AXIS2_PLACEMENT_3D ( 'NONE', #8246, #9977, #2832 ) ;
#5904 = CARTESIAN_POINT ( 'NONE',  ( -21.61226359266545671, -24.13345171337189043, -4.970562748477149739 ) ) ;
#5905 = ADVANCED_FACE ( 'NONE', ( #4723 ), #1699, .F. ) ;
#5906 = CARTESIAN_POINT ( 'NONE',  ( -15.70000000000043983, -7.693545981567194936, 0.01462395244811256524 ) ) ;
#5907 = ORIENTED_EDGE ( 'NONE', *, *, #3292, .F. ) ;
#5908 = CARTESIAN_POINT ( 'NONE',  ( -27.90343145654564339, -4.395390008876850274, 15.99914861037675351 ) ) ;
#5909 = CARTESIAN_POINT ( 'NONE',  ( -14.57150806887398709, -16.84135011284963213, 17.90553152619827060 ) ) ;
#5910 = CARTESIAN_POINT ( 'NONE',  ( -16.20000000000043983, -9.097678803514755330, -4.241747797337761305 ) ) ;
#5911 = CARTESIAN_POINT ( 'NONE',  ( -16.25504355354572184, -18.17500357582531834, 20.65696467538627346 ) ) ;
#5912 = CARTESIAN_POINT ( 'NONE',  ( -12.41597521815519478, -8.124877034670292986, 23.00000000000000000 ) ) ;
#5913 = DIRECTION ( 'NONE',  ( 8.659560562354963673E-17, -0.7071067811865451302, 0.7071067811865500152 ) ) ;
#5914 = CIRCLE ( 'NONE', #7555, 3.399999999999991918 ) ;
#5915 = DIRECTION ( 'NONE',  ( -0.7071067811865489050, 0.000000000000000000, -0.7071067811865462405 ) ) ;
#5916 = EDGE_LOOP ( 'NONE', ( #3787, #10092, #8687, #1645 ) ) ;
#5917 = PLANE ( 'NONE',  #1531 ) ;
#5918 = CARTESIAN_POINT ( 'NONE',  ( -16.20000000000043983, -7.060056848763239579, -4.431908663444811936 ) ) ;
#5919 = CARTESIAN_POINT ( 'NONE',  ( -24.98385941628142959, -24.12805422703259595, 15.00000000000000000 ) ) ;
#5920 = CARTESIAN_POINT ( 'NONE',  ( -21.98993461845848074, -24.44715070390630274, 4.960497366935632257 ) ) ;
#5921 = DIRECTION ( 'NONE',  ( -1.000000000000000000, 0.000000000000000000, 0.000000000000000000 ) ) ;
#5922 = ORIENTED_EDGE ( 'NONE', *, *, #6780, .F. ) ;
#5923 = VECTOR ( 'NONE', #1271, 1000.000000000000000 ) ;
#5924 = CARTESIAN_POINT ( 'NONE',  ( -32.41224973980344259, -5.381834262816073355, 20.09470427638998657 ) ) ;
#5925 = CARTESIAN_POINT ( 'NONE',  ( -16.20000000000044338, -7.999445824094982171, -0.7349435097204172207 ) ) ;
#5926 = CIRCLE ( 'NONE', #8556, 3.399999999999991918 ) ;
#5928 = ORIENTED_EDGE ( 'NONE', *, *, #1609, .T. ) ;
#5927 = CARTESIAN_POINT ( 'NONE',  ( -14.92834819478819597, -16.50174443346875108, -17.20634008740813670 ) ) ;
#5929 = AXIS2_PLACEMENT_3D ( 'NONE', #8680, #1556, #10110 ) ;
#5930 = CARTESIAN_POINT ( 'NONE',  ( -27.25173090808979026, -3.853846941402633508, -15.94627762722664421 ) ) ;
#5931 = VECTOR ( 'NONE', #5135, 1000.000000000000000 ) ;
#5932 = ORIENTED_EDGE ( 'NONE', *, *, #8293, .F. ) ;
#5933 = DIRECTION ( 'NONE',  ( 1.000000000000000000, 3.469446951953615175E-16, -0.000000000000000000 ) ) ;
#5934 = LINE ( 'NONE', #3586, #2731 ) ;
#5935 = EDGE_LOOP ( 'NONE', ( #2788, #6110, #8261, #9304 ) ) ;
#5936 = CARTESIAN_POINT ( 'NONE',  ( -16.20000000000043627, -6.919033797933555441, 0.5897264415615001143 ) ) ;
#5937 = VERTEX_POINT ( 'NONE', #2319 ) ;
#5938 = CARTESIAN_POINT ( 'NONE',  ( -12.75693438455825302, -15.94098408742384798, 23.00000000000000000 ) ) ;
#5939 = CARTESIAN_POINT ( 'NONE',  ( -16.20000000000043983, -10.49999999999928768, 3.787241086389266709 ) ) ;
#5940 = EDGE_LOOP ( 'NONE', ( #4709, #7583, #8117, #2589 ) ) ;
#5941 = CARTESIAN_POINT ( 'NONE',  ( -14.25989634315890342, -15.94651870325378162, -18.70471161464497456 ) ) ;
#5942 = CARTESIAN_POINT ( 'NONE',  ( -34.00000000000000000, -12.00000000000003197, 0.000000000000000000 ) ) ;
#5943 = CARTESIAN_POINT ( 'NONE',  ( -17.68840360992262362, -18.79428619181167548, -18.40816085243132960 ) ) ;
#5944 = EDGE_CURVE ( 'NONE', #2146, #8771, #10246, .T. ) ;
#5945 = VERTEX_POINT ( 'NONE', #8767 ) ;
#5946 = PLANE ( 'NONE',  #5094 ) ;
#5947 = CARTESIAN_POINT ( 'NONE',  ( -30.80133793372952056, -5.130746689244347181, -21.54878387950049756 ) ) ;
#5948 = CARTESIAN_POINT ( 'NONE',  ( -15.70000000000043983, -6.905854527548331845, -3.669262641750473897 ) ) ;
#5949 = EDGE_CURVE ( 'NONE', #7103, #8907, #5417, .T. ) ;
#5950 = CARTESIAN_POINT ( 'NONE',  ( -23.83172798364192957, -22.92602702222653122, 7.458354766267351721 ) ) ;
#5951 = CARTESIAN_POINT ( 'NONE',  ( -30.51029428256406817, -5.056896131660200133, 16.29062030818159101 ) ) ;
#5952 = CARTESIAN_POINT ( 'NONE',  ( -14.42500979068096711, -16.72529822460044358, -18.20480122161374226 ) ) ;
#5953 = EDGE_CURVE ( 'NONE', #4397, #2277, #4304, .T. ) ;
#5954 = FACE_OUTER_BOUND ( 'NONE', #9876, .T. ) ;
#5955 = VERTEX_POINT ( 'NONE', #4059 ) ;
#5956 = ADVANCED_FACE ( 'NONE', ( #7219 ), #1, .T. ) ;
#5957 = CARTESIAN_POINT ( 'NONE',  ( -12.75693438455825124, -16.64809086861041720, 22.49999999999998579 ) ) ;
#5958 = CARTESIAN_POINT ( 'NONE',  ( -24.24048454215968462, -22.54132243378470690, 7.211047290636821927 ) ) ;
#5959 = ORIENTED_EDGE ( 'NONE', *, *, #5430, .F. ) ;
#5960 = CARTESIAN_POINT ( 'NONE',  ( -27.68337281766803670, -4.339549132805277765, 16.05832864166230678 ) ) ;
#5961 = CARTESIAN_POINT ( 'NONE',  ( -14.76100214442635838, -16.99146167248261108, 17.64829466209721431 ) ) ;
#5962 = CARTESIAN_POINT ( 'NONE',  ( -24.28164746568213772, -22.67795507071814853, -7.252210214159283908 ) ) ;
#5963 = CARTESIAN_POINT ( 'NONE',  ( -17.12051304298577392, -18.86060527521768648, 19.11626408985051739 ) ) ;
#5964 = DIRECTION ( 'NONE',  ( -0.000000000000000000, -0.7071067811865463515, -0.7071067811865487940 ) ) ;
#5965 = DIRECTION ( 'NONE',  ( 0.000000000000000000, 0.000000000000000000, -1.000000000000000000 ) ) ;
#5966 = ADVANCED_FACE ( 'NONE', ( #4589 ), #2573, .F. ) ;
#5967 = LINE ( 'NONE', #5027, #9864 ) ;
#5968 = ORIENTED_EDGE ( 'NONE', *, *, #9972, .T. ) ;
#5969 = DIRECTION ( 'NONE',  ( -1.000000000000000000, 0.000000000000000000, 0.000000000000000000 ) ) ;
#5970 = ORIENTED_EDGE ( 'NONE', *, *, #4367, .F. ) ;
#5971 = B_SPLINE_CURVE_WITH_KNOTS ( 'NONE', 3,
 ( #1896, #2724, #9075, #4306, #5973, #1948, #2829, #7418, #6078, #5239, #4255, #353, #9174, #309, #3468 ),
 .UNSPECIFIED., .F., .F.,
 ( 4, 1, 1, 1, 1, 1, 1, 1, 1, 1, 1, 1, 4 ),
 ( 0.000000000000000000, 0.09635745386823814373, 0.1926608788082141976, 0.2894549334517488304, 0.3884793011163927834, 0.4419214173673352564, 0.5015211030486821375, 0.5678827758176531182, 0.6408916507843539501, 0.7203706588124400012, 0.8066369162819658767, 0.9000159377788827797, 0.9999999999999998890 ),
 .UNSPECIFIED. ) ;
#5972 = EDGE_CURVE ( 'NONE', #3458, #139, #3760, .T. ) ;
#5973 = CARTESIAN_POINT ( 'NONE',  ( -15.70000000000044338, -9.981714739563939176, -2.674143170406655834 ) ) ;
#5974 = EDGE_CURVE ( 'NONE', #2652, #3589, #7996, .T. ) ;
#5975 = DIRECTION ( 'NONE',  ( 0.000000000000000000, 0.000000000000000000, 1.000000000000000000 ) ) ;
#5976 = DIRECTION ( 'NONE',  ( -1.327063459122260961E-13, -1.000000000000000000, 0.000000000000000000 ) ) ;
#5977 = CARTESIAN_POINT ( 'NONE',  ( -3.999999999999996447, -14.70000000000003482, -22.50000000000000000 ) ) ;
#5978 = ORIENTED_EDGE ( 'NONE', *, *, #504, .T. ) ;
#5979 = CARTESIAN_POINT ( 'NONE',  ( -30.56247410029939360, -5.070134120247282716, 16.30972141277869625 ) ) ;
#5980 = CYLINDRICAL_SURFACE ( 'NONE', #1204, 1.799999999999904787 ) ;
#5982 = ORIENTED_EDGE ( 'NONE', *, *, #3343, .T. ) ;
#5981 = CARTESIAN_POINT ( 'NONE',  ( -16.86477632697677720, -18.11016951462100266, -20.95771674510811167 ) ) ;
#5983 = CARTESIAN_POINT ( 'NONE',  ( -3.999999999999996447, -12.79893898089671822, 23.00000000000000000 ) ) ;
#5984 = CARTESIAN_POINT ( 'NONE',  ( -15.19999999999936691, -0.4999999999993516298, 15.50000000000000000 ) ) ;
#5985 = LINE ( 'NONE', #9243, #5725 ) ;
#5986 = ORIENTED_EDGE ( 'NONE', *, *, #9835, .T. ) ;
#5987 = DIRECTION ( 'NONE',  ( 0.7071067811865474617, 0.000000000000000000, -0.7071067811865474617 ) ) ;
#5988 = ORIENTED_EDGE ( 'NONE', *, *, #8158, .F. ) ;
#5989 = B_SPLINE_CURVE_WITH_KNOTS ( 'NONE', 3,
 ( #202, #9604, #8921, #8035, #5600, #3420, #2459, #151, #983, #4051, #4979 ),
 .UNSPECIFIED., .F., .F.,
 ( 4, 1, 1, 1, 1, 1, 1, 1, 4 ),
 ( 0.000000000000000000, 0.1850900618630605399, 0.3523569643820057551, 0.5030795117590483034, 0.6372794639743608602, 0.7524732703005150292, 0.8518857877882209939, 0.9343394349213434147, 1.000000000000000000 ),
 .UNSPECIFIED. ) ;
#5991 = DIRECTION ( 'NONE',  ( -1.000000000000000000, -3.854941057726238590E-16, 0.000000000000000000 ) ) ;
#5990 = DIRECTION ( 'NONE',  ( 0.2007533215770649637, -0.6780104010085544752, -0.7071067811865436870 ) ) ;
#5992 = CARTESIAN_POINT ( 'NONE',  ( -4.499999999999995559, -21.70000000000013785, -20.00000000000000000 ) ) ;
#5993 = EDGE_LOOP ( 'NONE', ( #36, #9171, #9752, #6208 ) ) ;
#5994 = CARTESIAN_POINT ( 'NONE',  ( -17.64513293113373749, -18.75834494313550138, -19.72687625217248808 ) ) ;
#5995 = LINE ( 'NONE', #2800, #5245 ) ;
#5996 = CARTESIAN_POINT ( 'NONE',  ( -16.20000000000043983, -9.578039446446936722, 3.434303061982507455 ) ) ;
#5997 = ORIENTED_EDGE ( 'NONE', *, *, #1196, .F. ) ;
#5998 = DIRECTION ( 'NONE',  ( 0.000000000000000000, 0.000000000000000000, 1.000000000000000000 ) ) ;
#5999 = CARTESIAN_POINT ( 'NONE',  ( -29.46705228949284461, -4.792166292502176184, -22.04479959213171369 ) ) ;
#6000 = CARTESIAN_POINT ( 'NONE',  ( -15.70000000000043983, -6.904353841145121073, -3.782919396294488479 ) ) ;
#6001 = FACE_OUTER_BOUND ( 'NONE', #8276, .T. ) ;
#6002 = CARTESIAN_POINT ( 'NONE',  ( -15.01967608435518997, -22.44636647434011678, 23.00000000000000000 ) ) ;
#6003 = AXIS2_PLACEMENT_3D ( 'NONE', #7327, #216, #3377 ) ;
#6004 = CARTESIAN_POINT ( 'NONE',  ( -15.63819572880133890, -17.68635312605422527, -17.20000000000009521 ) ) ;
#6005 = LINE ( 'NONE', #783, #5714 ) ;
#6006 = ORIENTED_EDGE ( 'NONE', *, *, #177, .T. ) ;
#6007 = DIRECTION ( 'NONE',  ( 0.3328460583149656093, 0.9429811776828795900, 0.000000000000000000 ) ) ;
#6008 = CARTESIAN_POINT ( 'NONE',  ( -12.08518294243110525, -18.80476655122945928, -19.00000000000000000 ) ) ;
#6009 = VERTEX_POINT ( 'NONE', #7436 ) ;
#6010 = CARTESIAN_POINT ( 'NONE',  ( -32.30682491192606420, -5.512771037362598214, 19.20289566018267635 ) ) ;
#6011 = CARTESIAN_POINT ( 'NONE',  ( -14.87146890594773652, -17.07897186063890871, 17.53798792339106427 ) ) ;
#6012 = CARTESIAN_POINT ( 'NONE',  ( -24.21067969281899579, -23.18692299961175607, -7.181242441296139312 ) ) ;
#6013 = CARTESIAN_POINT ( 'NONE',  ( -34.71423156829899170, 1.278697662366830468, 19.00000000000000000 ) ) ;
#6014 = DIRECTION ( 'NONE',  ( -0.6785983445458838581, -0.2810846377147374064, -0.6785983445458445562 ) ) ;
#6015 = DIRECTION ( 'NONE',  ( -0.000000000000000000, -0.000000000000000000, -1.000000000000000000 ) ) ;
#6016 = EDGE_CURVE ( 'NONE', #8866, #8659, #326, .T. ) ;
#6017 = LINE ( 'NONE', #7617, #9172 ) ;
#6018 = CARTESIAN_POINT ( 'NONE',  ( -16.20000000000044338, -8.289728730214712016, -4.119042308829357069 ) ) ;
#6019 = ORIENTED_EDGE ( 'NONE', *, *, #2376, .T. ) ;
#6020 = CARTESIAN_POINT ( 'NONE',  ( -21.76175575615275193, -20.15905952401790913, -22.49999999999999289 ) ) ;
#6021 = ORIENTED_EDGE ( 'NONE', *, *, #424, .F. ) ;
#6022 = DIRECTION ( 'NONE',  ( -1.000000000000000000, -3.304235192336775019E-16, 0.000000000000000000 ) ) ;
#6023 = CARTESIAN_POINT ( 'NONE',  ( -15.19999999999933316, -5.499999999999345413, -22.50000000000000711 ) ) ;
#6024 = CARTESIAN_POINT ( 'NONE',  ( -23.33172798364586598, -22.83172798364415357, -22.80000000000000071 ) ) ;
#6025 = CARTESIAN_POINT ( 'NONE',  ( -10.48387673991881108, -20.52377455276265295, 18.16397973525037912 ) ) ;
#6026 = ORIENTED_EDGE ( 'NONE', *, *, #2133, .T. ) ;
#6027 = EDGE_CURVE ( 'NONE', #4448, #7118, #9940, .T. ) ;
#6028 = CARTESIAN_POINT ( 'NONE',  ( -10.25769830521653603, -20.63225118844401962, 18.93225118844387467 ) ) ;
#6029 = EDGE_CURVE ( 'NONE', #2294, #1786, #5051, .T. ) ;
#6031 = ORIENTED_EDGE ( 'NONE', *, *, #4054, .T. ) ;
#6030 = CARTESIAN_POINT ( 'NONE',  ( -14.92834819478820307, -16.50174443346875819, -20.79365991259185265 ) ) ;
#6032 = ADVANCED_FACE ( 'NONE', ( #7383 ), #3380, .T. ) ;
#6033 = AXIS2_PLACEMENT_3D ( 'NONE', #4249, #5752, #5857 ) ;
#6034 = CARTESIAN_POINT ( 'NONE',  ( -25.21135487872719949, -3.249708325606391668, -18.55528405669794267 ) ) ;
#6035 = CARTESIAN_POINT ( 'NONE',  ( -15.68151320503442392, -0.5251096965004137251, 15.49248291233212171 ) ) ;
#6036 = DIRECTION ( 'NONE',  ( -1.377879206612592155E-13, -1.000000000000000000, 0.000000000000000000 ) ) ;
#6037 = ORIENTED_EDGE ( 'NONE', *, *, #1358, .F. ) ;
#6038 = VECTOR ( 'NONE', #3672, 1000.000000000000000 ) ;
#6039 = EDGE_CURVE ( 'NONE', #5020, #3589, #427, .T. ) ;
#6040 = DIRECTION ( 'NONE',  ( -0.7071067811865954233, -0.7071067811864997221, 0.000000000000000000 ) ) ;
#6041 = ORIENTED_EDGE ( 'NONE', *, *, #10142, .F. ) ;
#6043 = CARTESIAN_POINT ( 'NONE',  ( -15.70000000000043627, -7.858755298660814681, -3.345409779731312483 ) ) ;
#6042 = CARTESIAN_POINT ( 'NONE',  ( -25.18753412674465153, -3.242655196220990632, 18.55667678121343656 ) ) ;
#6044 = DIRECTION ( 'NONE',  ( 0.000000000000000000, -0.8660254037844380415, -0.5000000000000009992 ) ) ;
#6045 = ORIENTED_EDGE ( 'NONE', *, *, #8162, .F. ) ;
#6046 = CARTESIAN_POINT ( 'NONE',  ( -16.56654700062319918, -18.42176818576414377, -20.43119336007807618 ) ) ;
#6047 = VECTOR ( 'NONE', #819, 1000.000000000000114 ) ;
#6048 = AXIS2_PLACEMENT_3D ( 'NONE', #1424, #7867, #2203 ) ;
#6049 = CARTESIAN_POINT ( 'NONE',  ( -4.499999999999996447, -15.20000000000003482, 22.50000000000000000 ) ) ;
#6050 = DIRECTION ( 'NONE',  ( -0.000000000000000000, -0.000000000000000000, 1.000000000000000000 ) ) ;
#6051 = ORIENTED_EDGE ( 'NONE', *, *, #10142, .T. ) ;
#6052 = DIRECTION ( 'NONE',  ( 0.000000000000000000, -1.000000000000000000, 0.000000000000000000 ) ) ;
#6053 = AXIS2_PLACEMENT_3D ( 'NONE', #702, #2982, #3828 ) ;
#6054 = ORIENTED_EDGE ( 'NONE', *, *, #234, .F. ) ;
#6055 = CARTESIAN_POINT ( 'NONE',  ( -29.27599156941739977, -4.743688489295315946, -22.07277716778757437 ) ) ;
#6056 = CARTESIAN_POINT ( 'NONE',  ( -31.36341128276032819, -5.273377550880207210, 21.11862132781950407 ) ) ;
#6057 = VECTOR ( 'NONE', #565, 1000.000000000000000 ) ;
#6058 = CARTESIAN_POINT ( 'NONE',  ( -15.70000000000044338, -7.498544083378710035, -4.814771940610424572 ) ) ;
#6059 = DIRECTION ( 'NONE',  ( -0.7071067811865486830, 0.000000000000000000, 0.7071067811865464625 ) ) ;
#6060 = DIRECTION ( 'NONE',  ( 0.000000000000000000, -1.000000000000000000, 0.000000000000000000 ) ) ;
#6061 = CARTESIAN_POINT ( 'NONE',  ( -16.06298771417291960, -18.02286624034832130, -17.25924134811856447 ) ) ;
#6062 = ORIENTED_EDGE ( 'NONE', *, *, #2180, .F. ) ;
#6063 = DIRECTION ( 'NONE',  ( -0.9588515045363131817, -0.2839080700657317657, 0.000000000000000000 ) ) ;
#6064 = CARTESIAN_POINT ( 'NONE',  ( -25.66708746122524687, -3.827907593585126111, 20.37376978795448323 ) ) ;
#6065 = DIRECTION ( 'NONE',  ( -0.7692489144105419951, -0.6389492215177999812, 0.000000000000000000 ) ) ;
#6066 = VECTOR ( 'NONE', #8108, 1000.000000000000000 ) ;
#6067 = CARTESIAN_POINT ( 'NONE',  ( -16.20000000000043983, -8.827565459923031099, -4.503414674254524463 ) ) ;
#6068 = CARTESIAN_POINT ( 'NONE',  ( -19.76170928721006348, -22.15910599296086403, 23.76364693074986079 ) ) ;
#6069 = CARTESIAN_POINT ( 'NONE',  ( -23.83172798364585532, -22.83172798364415357, 23.00000000000000000 ) ) ;
#6070 = DIRECTION ( 'NONE',  ( 0.7071067811865457964, -0.7071067811865492381, 0.000000000000000000 ) ) ;
#6071 = CARTESIAN_POINT ( 'NONE',  ( -14.63076735470254164, -21.35035096350089390, -19.00000000000000000 ) ) ;
#6072 = CARTESIAN_POINT ( 'NONE',  ( -4.499999999999995559, -21.70000000000013785, -23.00000000000000000 ) ) ;
#6073 = EDGE_LOOP ( 'NONE', ( #8323, #8175, #15, #6229 ) ) ;
#6074 = PLANE ( 'NONE',  #8191 ) ;
#6075 = AXIS2_PLACEMENT_3D ( 'NONE', #1038, #4270, #4215 ) ;
#6076 = EDGE_LOOP ( 'NONE', ( #9208, #2632 ) ) ;
#6077 = CARTESIAN_POINT ( 'NONE',  ( -16.73823258714879358, -18.55777274458266390, 17.76996754911515808 ) ) ;
#6078 = CARTESIAN_POINT ( 'NONE',  ( -15.70000000000043627, -9.547735031181954213, -2.957354787762452641 ) ) ;
#6079 = DIRECTION ( 'NONE',  ( -0.2007533215770642143, 0.6780104010085500343, 0.7071067811865482389 ) ) ;
#6080 = CARTESIAN_POINT ( 'NONE',  ( -15.70000000000043983, -8.971562269813281532, -3.507771793593709386 ) ) ;
#6081 = EDGE_CURVE ( 'NONE', #4318, #7860, #8188, .T. ) ;
#6082 = ORIENTED_EDGE ( 'NONE', *, *, #10197, .T. ) ;
#6083 = CARTESIAN_POINT ( 'NONE',  ( -9.248959235990970029, -19.44895923599113985, -23.00000000000000000 ) ) ;
#6084 = AXIS2_PLACEMENT_3D ( 'NONE', #3629, #6801, #6022 ) ;
#6085 = CARTESIAN_POINT ( 'NONE',  ( -17.30435913232909684, -18.47529332046699935, -20.49073943261361563 ) ) ;
#6086 = CARTESIAN_POINT ( 'NONE',  ( -31.68737387575046327, -5.167204461823027728, -21.24511232430543473 ) ) ;
#6087 = ADVANCED_FACE ( 'NONE', ( #1914 ), #3437, .T. ) ;
#6088 =( BOUNDED_CURVE ( )  B_SPLINE_CURVE ( 3, ( #1573, #4917, #7141, #4808 ),
 .UNSPECIFIED., .F., .T. ) 
 B_SPLINE_CURVE_WITH_KNOTS ( ( 4, 4 ),
 ( 0.000000000000000000, 3.141592653589793116 ),
 .UNSPECIFIED. ) 
 CURVE ( )  GEOMETRIC_REPRESENTATION_ITEM ( )  RATIONAL_B_SPLINE_CURVE ( ( 1.000000000000000000, 0.3333333333333333703, 0.3333333333333333703, 1.000000000000000000 ) ) 
 REPRESENTATION_ITEM ( '' )  );
#6089 = AXIS2_PLACEMENT_3D ( 'NONE', #9975, #1285, #1233 ) ;
#6090 = ORIENTED_EDGE ( 'NONE', *, *, #5140, .T. ) ;
#6091 = CARTESIAN_POINT ( 'NONE',  ( -21.61537554279473028, -22.05608560735400303, 4.970562748477148851 ) ) ;
#6092 = DIRECTION ( 'NONE',  ( 1.000000000000000000, -1.377879206612592155E-13, 0.000000000000000000 ) ) ;
#6093 = EDGE_CURVE ( 'NONE', #6252, #1956, #7536, .T. ) ;
#6094 = ORIENTED_EDGE ( 'NONE', *, *, #9382, .T. ) ;
#6095 = ADVANCED_FACE ( 'NONE', ( #7486 ), #8305, .T. ) ;
#6096 = DIRECTION ( 'NONE',  ( -0.7071067811865464625, -2.453269466693395663E-16, -0.7071067811865486830 ) ) ;
#6097 = ORIENTED_EDGE ( 'NONE', *, *, #4181, .T. ) ;
#6098 = CARTESIAN_POINT ( 'NONE',  ( -25.65482576210516541, -3.381016418709994031, 17.29030855967311098 ) ) ;
#6099 = DIRECTION ( 'NONE',  ( 0.000000000000000000, 0.000000000000000000, -1.000000000000000000 ) ) ;
#6100 = AXIS2_PLACEMENT_3D ( 'NONE', #6109, #2914, #8463 ) ;
#6101 = ORIENTED_EDGE ( 'NONE', *, *, #3657, .F. ) ;
#6102 = CARTESIAN_POINT ( 'NONE',  ( -16.63875449233591297, -18.47896903035888627, -20.35609672701688311 ) ) ;
#6103 = EDGE_CURVE ( 'NONE', #8183, #5755, #3938, .T. ) ;
#6104 = LINE ( 'NONE', #3197, #3579 ) ;
#6105 = CARTESIAN_POINT ( 'NONE',  ( -12.79893898089581583, -2.999999999999674927, 23.00000000000000000 ) ) ;
#6106 = ORIENTED_EDGE ( 'NONE', *, *, #5573, .F. ) ;
#6107 = EDGE_CURVE ( 'NONE', #3936, #7973, #375, .T. ) ;
#6108 = CONICAL_SURFACE ( 'NONE', #7077, 1.600000000000007638, 0.7853981633974416177 ) ;
#6109 = CARTESIAN_POINT ( 'NONE',  ( -15.19999999999933316, -5.499999999999345413, 15.00000000000000000 ) ) ;
#6110 = ORIENTED_EDGE ( 'NONE', *, *, #2185, .T. ) ;
#6111 = CARTESIAN_POINT ( 'NONE',  ( -30.84859440794665275, -5.142740232497709840, -21.51922888787696664 ) ) ;
#6112 = CARTESIAN_POINT ( 'NONE',  ( -30.01966901772542329, -4.932398404796708213, 21.90939770599030822 ) ) ;
#6113 = CARTESIAN_POINT ( 'NONE',  ( -26.61532009690667877, -3.665410917349735342, 21.71595045496941623 ) ) ;
#6114 = B_SPLINE_CURVE_WITH_KNOTS ( 'NONE', 3,
 ( #3386, #6772, #9992, #5156, #9892, #4481, #4530, #8310, #9147, #9255, #1258, #3649, #6820, #2912, #2750, #5943, #9205, #7637 ),
 .UNSPECIFIED., .F., .F.,
 ( 4, 2, 2, 2, 2, 2, 2, 2, 4 ),
 ( 0.5000000000000000000, 0.5625000000000000000, 0.6250000000000000000, 0.6875000000000000000, 0.7500000000000000000, 0.8125000000000000000, 0.8750000000000000000, 0.9375000000000000000, 1.000000000000000000 ),
 .UNSPECIFIED. ) ;
#6115 = AXIS2_PLACEMENT_3D ( 'NONE', #10116, #6311, #3776 ) ;
#6116 = CARTESIAN_POINT ( 'NONE',  ( -16.20000000000043983, -10.49999999999928768, -4.886390933827458483 ) ) ;
#6117 = DIRECTION ( 'NONE',  ( -0.000000000000000000, -0.000000000000000000, -1.000000000000000000 ) ) ;
#6118 = VERTEX_POINT ( 'NONE', #9888 ) ;
#6119 = CARTESIAN_POINT ( 'NONE',  ( -16.20000000000043983, -8.391015233748285951, 0.09075549199030621961 ) ) ;
#6120 = DIRECTION ( 'NONE',  ( -0.7071067811865492381, 0.7071067811865457964, 0.000000000000000000 ) ) ;
#6121 = CARTESIAN_POINT ( 'NONE',  ( -25.77549016955368089, -3.855415271686132073, 20.55356614654796843 ) ) ;
#6122 = CARTESIAN_POINT ( 'NONE',  ( -23.74681840955541645, -23.57210199004510187, -6.717381158032556421 ) ) ;
#6123 = DIRECTION ( 'NONE',  ( -1.000000000000000000, -3.469446951953615175E-16, 0.000000000000000000 ) ) ;
#6124 = CARTESIAN_POINT ( 'NONE',  ( -23.33172798364586598, -22.83172798364415357, 22.80000000000000071 ) ) ;
#6125 = CARTESIAN_POINT ( 'NONE',  ( -4.499999999999995559, -21.70000000000013785, 22.50000000000001421 ) ) ;
#6126 = FACE_OUTER_BOUND ( 'NONE', #6426, .T. ) ;
#6127 = DIRECTION ( 'NONE',  ( -1.000000000000000000, -3.851086116668494584E-13, 0.000000000000000000 ) ) ;
#6128 = EDGE_LOOP ( 'NONE', ( #8821, #6101, #7758, #5304, #1524 ) ) ;
#6129 = CARTESIAN_POINT ( 'NONE',  ( -25.78100876685003939, -3.856811167304151855, 17.45040096119613438 ) ) ;
#6130 = ORIENTED_EDGE ( 'NONE', *, *, #3481, .T. ) ;
#6131 = CARTESIAN_POINT ( 'NONE',  ( -15.24245204779883522, -17.37285556148234278, 17.29193275965529963 ) ) ;
#6132 = DIRECTION ( 'NONE',  ( -0.000000000000000000, -0.000000000000000000, -1.000000000000000000 ) ) ;
#6133 = CARTESIAN_POINT ( 'NONE',  ( -15.70000000000044338, -8.289728730214710239, 0.02978018215621859241 ) ) ;
#6134 = CARTESIAN_POINT ( 'NONE',  ( -16.20000000000043983, -7.721899528217678998, -2.670823752254260608 ) ) ;
#6135 = VERTEX_POINT ( 'NONE', #4631 ) ;
#6136 = CARTESIAN_POINT ( 'NONE',  ( -25.94700860765129491, -3.467529364033503647, 21.07239918438352078 ) ) ;
#6137 = CARTESIAN_POINT ( 'NONE',  ( -27.89942448837109978, -26.89172805591146087, -10.86998723684823709 ) ) ;
#6138 = CARTESIAN_POINT ( 'NONE',  ( -14.24866261705346204, -15.93718780864300122, -19.14764724851167443 ) ) ;
#6139 = CARTESIAN_POINT ( 'NONE',  ( -26.02978890764685715, -3.919944727977600962, -20.89096929817353043 ) ) ;
#6140 = CARTESIAN_POINT ( 'NONE',  ( -26.17996159715213622, -3.958047332952945752, -16.95653788787778993 ) ) ;
#6141 = CARTESIAN_POINT ( 'NONE',  ( -16.20000000000043983, -8.616162754740134488, 0.2818877326636745617 ) ) ;
#6142 = PLANE ( 'NONE',  #6727 ) ;
#6143 = VERTEX_POINT ( 'NONE', #7014 ) ;
#6144 = CARTESIAN_POINT ( 'NONE',  ( -14.60573695979348585, -16.23377889774781835, 17.62394092679182478 ) ) ;
#6145 = ORIENTED_EDGE ( 'NONE', *, *, #2685, .F. ) ;
#6147 = CARTESIAN_POINT ( 'NONE',  ( -15.70000000000043983, -7.503628200954149285, -3.768513762645233633 ) ) ;
#6146 = CARTESIAN_POINT ( 'NONE',  ( -12.75693438455825479, -12.77501126342989579, -25.23868085289848295 ) ) ;
#6148 = CARTESIAN_POINT ( 'NONE',  ( -16.20000000000043983, -10.49999999999928768, -1.336842802650911377 ) ) ;
#6149 = CARTESIAN_POINT ( 'NONE',  ( -16.06840615756674495, -18.02715432681260310, -20.74242983912377980 ) ) ;
#6150 = ADVANCED_FACE ( 'NONE', ( #3749 ), #5352, .T. ) ;
#6151 = VERTEX_POINT ( 'NONE', #7680 ) ;
#6152 = CARTESIAN_POINT ( 'NONE',  ( -16.20000000000043983, -8.056804533085559328, 0.8297644981971120659 ) ) ;
#6153 = CARTESIAN_POINT ( 'NONE',  ( -15.70000000000043627, -9.547735031181955989, 1.191467703223121788 ) ) ;
#6154 = ORIENTED_EDGE ( 'NONE', *, *, #1870, .F. ) ;
#6155 = EDGE_LOOP ( 'NONE', ( #8986, #3753, #3742, #5928 ) ) ;
#6156 = ADVANCED_FACE ( 'NONE', ( #7780 ), #585, .F. ) ;
#6157 = CARTESIAN_POINT ( 'NONE',  ( -31.36337851245617259, -5.273368972046649006, -21.11865256683764258 ) ) ;
#6158 = CARTESIAN_POINT ( 'NONE',  ( -31.18142689585951288, -5.227198910607089744, 21.27922749213847453 ) ) ;
#6159 = CARTESIAN_POINT ( 'NONE',  ( -13.63894922151781230, -15.43075108558958419, 22.50000000000000000 ) ) ;
#6160 = EDGE_CURVE ( 'NONE', #3473, #9635, #10094, .T. ) ;
#6161 = EDGE_CURVE ( 'NONE', #3181, #4505, #5406, .T. ) ;
#6162 = CARTESIAN_POINT ( 'NONE',  ( -34.00000000000000000, -11.50000000000001599, 0.000000000000000000 ) ) ;
#6163 = DIRECTION ( 'NONE',  ( -0.000000000000000000, -0.000000000000000000, -1.000000000000000000 ) ) ;
#6164 = ORIENTED_EDGE ( 'NONE', *, *, #9448, .T. ) ;
#6165 = DIRECTION ( 'NONE',  ( -1.000000000000000000, -3.154042683594188218E-16, 0.000000000000000000 ) ) ;
#6166 = CARTESIAN_POINT ( 'NONE',  ( -16.20000000000043983, -10.49999999999928768, 1.613430968716609959 ) ) ;
#6167 = CARTESIAN_POINT ( 'NONE',  ( -31.68737387575046327, -5.167204461823026840, 21.24511232430544183 ) ) ;
#6168 = DIRECTION ( 'NONE',  ( -0.000000000000000000, 1.000000000000000000, -0.000000000000000000 ) ) ;
#6169 = CARTESIAN_POINT ( 'NONE',  ( -16.20000000000043627, -9.844654437901985133, -2.745417130705918751 ) ) ;
#6170 = CARTESIAN_POINT ( 'NONE',  ( -15.51478402220860708, -17.58857308753998083, 20.78485202012313238 ) ) ;
#6171 = DIRECTION ( 'NONE',  ( -0.000000000000000000, -0.000000000000000000, -1.000000000000000000 ) ) ;
#6172 = CARTESIAN_POINT ( 'NONE',  ( -30.75231675888242577, -4.890341714885368951, -16.05160144306328718 ) ) ;
#6173 = AXIS2_PLACEMENT_3D ( 'NONE', #5486, #6323, #8697 ) ;
#6174 = FACE_OUTER_BOUND ( 'NONE', #9312, .T. ) ;
#6175 = VERTEX_POINT ( 'NONE', #6196 ) ;
#6176 = CARTESIAN_POINT ( 'NONE',  ( -27.44469273400667930, -4.278982759692468996, 16.14606595746569084 ) ) ;
#6177 = CARTESIAN_POINT ( 'NONE',  ( -16.52942951269455207, -18.39236456635486405, 17.53737716980755224 ) ) ;
#6178 = CARTESIAN_POINT ( 'NONE',  ( -17.07508411944874993, -18.82461769645386696, 19.46670926938992707 ) ) ;
#6179 = DIRECTION ( 'NONE',  ( -0.000000000000000000, 0.000000000000000000, -1.000000000000000000 ) ) ;
#6180 = CARTESIAN_POINT ( 'NONE',  ( -16.59463374454154305, -0.7898603272461107716, 15.41227228665714044 ) ) ;
#6181 = ORIENTED_EDGE ( 'NONE', *, *, #8160, .T. ) ;
#6182 = CIRCLE ( 'NONE', #8640, 13.49999999999999822 ) ;
#6183 = LINE ( 'NONE', #7522, #1021 ) ;
#6184 = DIRECTION ( 'NONE',  ( 0.000000000000000000, 0.000000000000000000, 1.000000000000000000 ) ) ;
#6185 = CARTESIAN_POINT ( 'NONE',  ( -16.86477632697677720, -18.11016951462100266, -17.04228325489188123 ) ) ;
#6186 = CARTESIAN_POINT ( 'NONE',  ( -26.67709731188934796, -4.084202166657346034, -16.53516699094558362 ) ) ;
#6187 = CARTESIAN_POINT ( 'NONE',  ( -26.03489027989380489, -3.921235030306251090, -17.11335461764696575 ) ) ;
#6188 = FACE_BOUND ( 'NONE', #2467, .T. ) ;
#6189 = CARTESIAN_POINT ( 'NONE',  ( -14.49337837014121178, -16.77945887010887560, -19.94987078373603495 ) ) ;
#6190 = ORIENTED_EDGE ( 'NONE', *, *, #7715, .T. ) ;
#6191 = PRODUCT_RELATED_PRODUCT_CATEGORY ( 'detail', '', ( #4086 ) ) ;
#6192 = LINE ( 'NONE', #5303, #4362 ) ;
#6193 = VERTEX_POINT ( 'NONE', #4527 ) ;
#6194 = AXIS2_PLACEMENT_3D ( 'NONE', #4094, #974, #3407 ) ;
#6195 = CARTESIAN_POINT ( 'NONE',  ( -3.499999999999996003, -14.70000000000003482, -23.00000000000000000 ) ) ;
#6196 = CARTESIAN_POINT ( 'NONE',  ( -15.19999999999936691, -0.4999999999993516298, 22.49999999999999289 ) ) ;
#6197 = CARTESIAN_POINT ( 'NONE',  ( -16.97681622514102173, -18.74677249760230779, -19.79767278004957376 ) ) ;
#6198 = AXIS2_PLACEMENT_3D ( 'NONE', #2303, #5487, #6280 ) ;
#6199 = CARTESIAN_POINT ( 'NONE',  ( -15.70000000000044693, -7.858755298660814681, 0.8034127112542617244 ) ) ;
#6200 = CARTESIAN_POINT ( 'NONE',  ( -13.00000000000000711, -15.20000000000007923, 22.50000000000000000 ) ) ;
#6201 = VERTEX_POINT ( 'NONE', #3645 ) ;
#6202 = CARTESIAN_POINT ( 'NONE',  ( -30.91820507171581767, -5.160406203973402661, 21.47418434249887653 ) ) ;
#6203 = AXIS2_PLACEMENT_3D ( 'NONE', #6162, #3815, #6932 ) ;
#6204 = DIRECTION ( 'NONE',  ( 0.9588515045363131817, 0.2839080700657317657, 0.000000000000000000 ) ) ;
#6205 = CARTESIAN_POINT ( 'NONE',  ( -16.78744303732156951, -20.67859952137373369, 16.00000000000000000 ) ) ;
#6206 = EDGE_CURVE ( 'NONE', #3201, #5015, #8506, .T. ) ;
#6207 = ORGANIZATION ( 'UNSPECIFIED', 'UNSPECIFIED', '' ) ;
#6208 = ORIENTED_EDGE ( 'NONE', *, *, #5075, .F. ) ;
#6209 = VECTOR ( 'NONE', #511, 1000.000000000000000 ) ;
#6210 = CARTESIAN_POINT ( 'NONE',  ( -34.50000000000000000, -6.000000000000042633, 15.50000000000000000 ) ) ;
#6211 = CARTESIAN_POINT ( 'NONE',  ( -25.33587154395001662, -3.743860054784426517, 18.59421707869871554 ) ) ;
#6212 = ADVANCED_FACE ( 'NONE', ( #3056 ), #6108, .T. ) ;
#6213 = EDGE_CURVE ( 'NONE', #967, #9093, #6245, .T. ) ;
#6214 = CARTESIAN_POINT ( 'NONE',  ( -16.20000000000043272, -9.474536338437763661, -3.832106621387972201 ) ) ;
#6215 = CARTESIAN_POINT ( 'NONE',  ( -33.86445734324841084, -12.00000000000003197, -23.00000000000000000 ) ) ;
#6216 = CARTESIAN_POINT ( 'NONE',  ( -15.17595926416544572, -17.32018124791057545, 20.67296578153185749 ) ) ;
#6217 = DIRECTION ( 'NONE',  ( -1.000000000000000000, -2.709307669882598235E-16, 0.000000000000000000 ) ) ;
#6218 = CARTESIAN_POINT ( 'NONE',  ( -32.30682491192606420, -5.512771037362596438, -19.20289566018267635 ) ) ;
#6219 = CARTESIAN_POINT ( 'NONE',  ( -16.20000000000044693, -8.079962141299649403, -4.189508993867558928 ) ) ;
#6220 = ORIENTED_EDGE ( 'NONE', *, *, #7586, .T. ) ;
#6221 = AXIS2_PLACEMENT_3D ( 'NONE', #6481, #9638, #4912 ) ;
#6222 = CARTESIAN_POINT ( 'NONE',  ( -25.67278681553628772, -3.829347547978617428, 17.62730731512683491 ) ) ;
#6223 = ORIENTED_EDGE ( 'NONE', *, *, #7598, .T. ) ;
#6224 = EDGE_CURVE ( 'NONE', #9993, #2008, #5255, .T. ) ;
#6225 = AXIS2_PLACEMENT_3D ( 'NONE', #535, #6050, #5309 ) ;
#6226 = CARTESIAN_POINT ( 'NONE',  ( -20.65905952401941192, -21.26175575615139479, -22.80000000000000071 ) ) ;
#6227 = CARTESIAN_POINT ( 'NONE',  ( -15.70000000000043627, -8.184834602055778063, -0.01425496572452945865 ) ) ;
#6228 = CARTESIAN_POINT ( 'NONE',  ( -15.70000000000043983, -7.155790662124284829, -2.998467124319056154 ) ) ;
#6229 = ORIENTED_EDGE ( 'NONE', *, *, #7472, .F. ) ;
#6230 = ADVANCED_FACE ( 'NONE', ( #7734 ), #9575, .T. ) ;
#6231 = CARTESIAN_POINT ( 'NONE',  ( -25.30602362989166565, -3.277738966755182393, 19.88089582238714570 ) ) ;
#6232 = CARTESIAN_POINT ( 'NONE',  ( 2.500000000000002220, -14.70000000000013962, -20.00000000000000000 ) ) ;
#6233 = CARTESIAN_POINT ( 'NONE',  ( -15.70000000000045048, -6.937770218718534387, 0.6954342147474026348 ) ) ;
#6234 = CARTESIAN_POINT ( 'NONE',  ( -17.14305017624782579, -18.34130777953066982, -17.30045582609816179 ) ) ;
#6235 = VECTOR ( 'NONE', #9670, 1000.000000000000000 ) ;
#6236 = CARTESIAN_POINT ( 'NONE',  ( -32.41224973980343549, -5.381834262816074244, -17.90529572361000987 ) ) ;
#6237 = CARTESIAN_POINT ( 'NONE',  ( -27.48558916730018709, -4.289360599265822138, -16.13095801278312535 ) ) ;
#6238 = CARTESIAN_POINT ( 'NONE',  ( -16.20000000000043627, -7.573282522577136078, 0.6336848591690863453 ) ) ;
#6239 = CARTESIAN_POINT ( 'NONE',  ( -15.81619495680664222, -17.82737766946043223, -20.79494560592168995 ) ) ;
#6240 = ORIENTED_EDGE ( 'NONE', *, *, #101, .F. ) ;
#6241 = CIRCLE ( 'NONE', #6084, 10.50000000000000178 ) ;
#6242 = CARTESIAN_POINT ( 'NONE',  ( -17.12051304298578103, -18.86060527521767938, 18.88218961675925556 ) ) ;
#6243 = ORIENTED_EDGE ( 'NONE', *, *, #1730, .T. ) ;
#6244 = CARTESIAN_POINT ( 'NONE',  ( -15.37322947494847902, -22.09281308374683306, -23.00000000000000000 ) ) ;
#6245 = LINE ( 'NONE', #3803, #9749 ) ;
#6246 = CARTESIAN_POINT ( 'NONE',  ( -16.56654700062320273, -18.42176818576414377, -17.56880663992192737 ) ) ;
#6247 = AXIS2_PLACEMENT_3D ( 'NONE', #1897, #5704, #5085 ) ;
#6248 = CARTESIAN_POINT ( 'NONE',  ( -15.70000000000044338, -7.666587019310798112, 0.7236294819674692347 ) ) ;
#6249 = CARTESIAN_POINT ( 'NONE',  ( -4.499999999999996447, -14.70000000000013962, -22.50000000000000000 ) ) ;
#6250 = ORIENTED_EDGE ( 'NONE', *, *, #3010, .T. ) ;
#6251 = AXIS2_PLACEMENT_3D ( 'NONE', #2332, #1457, #7126 ) ;
#6252 = VERTEX_POINT ( 'NONE', #9248 ) ;
#6253 = CARTESIAN_POINT ( 'NONE',  ( -29.54407637170687906, -4.811711841905329301, 22.03098599598660101 ) ) ;
#6254 = VECTOR ( 'NONE', #8742, 1000.000000000000000 ) ;
#6255 = CARTESIAN_POINT ( 'NONE',  ( -25.93114480344576833, -3.462832221655791187, 21.08874236142778713 ) ) ;
#6256 = CARTESIAN_POINT ( 'NONE',  ( -25.43172798364586740, -22.59305724071017352, -8.402290732123008254 ) ) ;
#6257 = VECTOR ( 'NONE', #2906, 999.9999999999998863 ) ;
#6258 = ORIENTED_EDGE ( 'NONE', *, *, #2249, .F. ) ;
#6259 = CARTESIAN_POINT ( 'NONE',  ( -16.20000000000043983, -6.904353841145121073, 2.485692086179034810 ) ) ;
#6260 = CARTESIAN_POINT ( 'NONE',  ( -27.05768226856235614, -4.180777322755182546, 16.30972141277869980 ) ) ;
#6261 = CARTESIAN_POINT ( 'NONE',  ( -15.70000000000044338, -9.421883442187551694, -3.885873119465535375 ) ) ;
#6262 = CARTESIAN_POINT ( 'NONE',  ( -16.20000000000043983, -7.413460869489647997, -0.6235448002410136636 ) ) ;
#6263 = AXIS2_PLACEMENT_3D ( 'NONE', #6125, #5329, #1416 ) ;
#6264 = CARTESIAN_POINT ( 'NONE',  ( -14.27973368366544626, -16.61021580999513958, 19.00000000000000355 ) ) ;
#6265 = EDGE_CURVE ( 'NONE', #4505, #741, #1345, .T. ) ;
#6266 = LINE ( 'NONE', #10214, #300 ) ;
#6268 = EDGE_LOOP ( 'NONE', ( #3206, #9144, #3387, #731 ) ) ;
#6267 = CARTESIAN_POINT ( 'NONE',  ( -27.70004900289878691, -3.986590254074724005, -22.22391131873876446 ) ) ;
#6269 = CARTESIAN_POINT ( 'NONE',  ( -4.499999999999996447, -14.70000000000003482, 23.00000000000000000 ) ) ;
#6270 = ORIENTED_EDGE ( 'NONE', *, *, #3334, .F. ) ;
#6271 = EDGE_CURVE ( 'NONE', #9550, #4967, #6816, .T. ) ;
#6272 = CARTESIAN_POINT ( 'NONE',  ( -25.42493674594779307, -3.766462200390786386, 18.19725463856398662 ) ) ;
#6273 = ORIENTED_EDGE ( 'NONE', *, *, #6271, .F. ) ;
#6274 = CARTESIAN_POINT ( 'NONE',  ( -16.47096016054722512, -18.34604715625311400, 17.48805982786055679 ) ) ;
#6275 = LINE ( 'NONE', #10224, #9902 ) ;
#6276 = CARTESIAN_POINT ( 'NONE',  ( -15.70000000000043983, -7.975412702967265233, -0.04609802767762088971 ) ) ;
#6277 = DIRECTION ( 'NONE',  ( 0.000000000000000000, 0.000000000000000000, -1.000000000000000000 ) ) ;
#6278 = ORIENTED_EDGE ( 'NONE', *, *, #8464, .F. ) ;
#6279 = CARTESIAN_POINT ( 'NONE',  ( -4.499999999999995559, -21.20000000000014850, 23.00000000000000000 ) ) ;
#6280 = DIRECTION ( 'NONE',  ( -0.7692489144105421062, -0.6389492215177998702, 0.000000000000000000 ) ) ;
#6281 = ADVANCED_FACE ( 'NONE', ( #1299 ), #5205, .T. ) ;
#6282 = CARTESIAN_POINT ( 'NONE',  ( -15.88604912907105948, -17.88269596383217674, -20.78839717032765932 ) ) ;
#6283 = EDGE_CURVE ( 'NONE', #2689, #3059, #5160, .T. ) ;
#6284 = EDGE_CURVE ( 'NONE', #5043, #5755, #2848, .T. ) ;
#6285 = CARTESIAN_POINT ( 'NONE',  ( -25.77549016955369510, -3.855415271686121415, -20.55356614654797198 ) ) ;
#6286 = CARTESIAN_POINT ( 'NONE',  ( -26.14381684674236084, -3.948874753741155263, -16.99367473290138619 ) ) ;
#6287 = DIRECTION ( 'NONE',  ( -0.8164965809277271447, 1.025580099404570130E-15, 0.5773502691896242878 ) ) ;
#6288 = CARTESIAN_POINT ( 'NONE',  ( -15.11718131832931178, -17.27361859093250018, -20.64154855896002516 ) ) ;
#6289 = ORIENTED_EDGE ( 'NONE', *, *, #6271, .T. ) ;
#6290 = CARTESIAN_POINT ( 'NONE',  ( -14.27973368366544982, -16.61021580999513958, 19.11781038324074444 ) ) ;
#6291 = DIRECTION ( 'NONE',  ( -0.4999999999999977240, -0.7071067811865494601, 0.4999999999999996114 ) ) ;
#6293 = VERTEX_POINT ( 'NONE', #9200 ) ;
#6292 = DIRECTION ( 'NONE',  ( 0.000000000000000000, 0.000000000000000000, -1.000000000000000000 ) ) ;
#6294 = LINE ( 'NONE', #9453, #9923 ) ;
#6295 = CARTESIAN_POINT ( 'NONE',  ( -34.71423156829899170, 1.278697662366830468, 19.00000000000000000 ) ) ;
#6296 = EDGE_LOOP ( 'NONE', ( #79, #9507, #3843, #8266 ) ) ;
#6297 = CARTESIAN_POINT ( 'NONE',  ( -34.00000000000000000, -11.50000000000001599, 0.000000000000000000 ) ) ;
#6298 = CARTESIAN_POINT ( 'NONE',  ( -10.40885045885109328, -20.49729236784272146, -18.79729236784258717 ) ) ;
#6299 = ORIENTED_EDGE ( 'NONE', *, *, #7769, .F. ) ;
#6300 = VERTEX_POINT ( 'NONE', #6966 ) ;
#6301 = CARTESIAN_POINT ( 'NONE',  ( -27.10986208619694082, -4.194015311316082517, 21.70937969177042959 ) ) ;
#6302 = CARTESIAN_POINT ( 'NONE',  ( -9.618932857080334742, -21.70000000000013785, -20.00000000000000000 ) ) ;
#6303 = DIRECTION ( 'NONE',  ( 1.000000000000000000, 0.000000000000000000, 0.000000000000000000 ) ) ;
#6304 = PERSON_AND_ORGANIZATION ( #3075, #6207 ) ;
#6305 = ORIENTED_EDGE ( 'NONE', *, *, #7294, .F. ) ;
#6306 = FACE_OUTER_BOUND ( 'NONE', #1508, .T. ) ;
#6307 = FACE_OUTER_BOUND ( 'NONE', #3981, .T. ) ;
#6308 = CARTESIAN_POINT ( 'NONE',  ( -16.20000000000044338, -9.981714739563939176, -2.674143170406655834 ) ) ;
#6309 = LINE ( 'NONE', #9470, #4536 ) ;
#6310 = VECTOR ( 'NONE', #1702, 1000.000000000000114 ) ;
#6311 = DIRECTION ( 'NONE',  ( -0.4518053273691038374, 0.5439411238000868565, -0.7071067811865444641 ) ) ;
#6312 = CARTESIAN_POINT ( 'NONE',  ( -32.22655030452310143, -5.326850182347602214, -17.49442326175538653 ) ) ;
#6313 = CARTESIAN_POINT ( 'NONE',  ( -13.79893898089594551, -3.499999999999526157, 22.50000000000000000 ) ) ;
#6314 = EDGE_LOOP ( 'NONE', ( #3750, #322 ) ) ;
#6315 = CARTESIAN_POINT ( 'NONE',  ( -28.02519727240267144, -4.426286352002965607, 15.97890292592439643 ) ) ;
#6316 = VERTEX_POINT ( 'NONE', #10140 ) ;
#6317 = DIRECTION ( 'NONE',  ( 0.000000000000000000, 0.000000000000000000, -1.000000000000000000 ) ) ;
#6318 = DIRECTION ( 'NONE',  ( 0.7071067811865475727, -0.7071067811865475727, 0.000000000000000000 ) ) ;
#6319 = CARTESIAN_POINT ( 'NONE',  ( -24.10320865295899395, -23.34381697940906619, 7.073771401436129480 ) ) ;
#6320 = CARTESIAN_POINT ( 'NONE',  ( -32.30682491192608552, -5.512771037362599991, -18.79745903554979947 ) ) ;
#6321 = VERTEX_POINT ( 'NONE', #2221 ) ;
#6322 = CARTESIAN_POINT ( 'NONE',  ( -25.21135487872718883, -3.249708325606387671, 19.44471594330205733 ) ) ;
#6323 = DIRECTION ( 'NONE',  ( -0.000000000000000000, -0.000000000000000000, 1.000000000000000000 ) ) ;
#6324 = EDGE_CURVE ( 'NONE', #855, #2103, #8561, .T. ) ;
#6325 = CARTESIAN_POINT ( 'NONE',  ( -16.20000000000043627, -7.097036302006133113, 1.068809986304690707 ) ) ;
#6326 = CARTESIAN_POINT ( 'NONE',  ( -16.56654700062319918, -18.42176818576414377, -20.43119336007807618 ) ) ;
#6327 = LINE ( 'NONE', #4868, #8679 ) ;
#6328 = ORIENTED_EDGE ( 'NONE', *, *, #9972, .F. ) ;
#6329 = B_SPLINE_CURVE_WITH_KNOTS ( 'NONE', 3,
 ( #7287, #173, #1050, #1005, #6418, #8780, #6518, #9684, #4840, #3388, #2536 ),
 .UNSPECIFIED., .F., .F.,
 ( 4, 1, 1, 1, 1, 1, 1, 1, 4 ),
 ( 0.000000000000000000, 0.1850900618630605399, 0.3523569643820058661, 0.5030795117590480814, 0.6372794639743607492, 0.7524732703005145851, 0.8518857877882206608, 0.9343394349213435257, 0.9999999999999998890 ),
 .UNSPECIFIED. ) ;
#6330 = CARTESIAN_POINT ( 'NONE',  ( -25.31333145693571041, -3.738140405639855945, -18.79710433981730944 ) ) ;
#6331 = CARTESIAN_POINT ( 'NONE',  ( -26.07030372427240650, -3.930220911735412770, -17.07308690525135830 ) ) ;
#6332 = AXIS2_PLACEMENT_3D ( 'NONE', #9979, #6854, #2207 ) ;
#6333 = CARTESIAN_POINT ( 'NONE',  ( -16.20000000000044338, -8.405300642668386502, -4.047900448263570539 ) ) ;
#6334 = ADVANCED_FACE ( 'NONE', ( #3848 ), #5456, .F. ) ;
#6335 = CARTESIAN_POINT ( 'NONE',  ( -16.20000000000043627, -7.666587019310798112, 0.7236294819674692347 ) ) ;
#6336 = CARTESIAN_POINT ( 'NONE',  ( -14.90192963961295369, -17.10310278189749766, -20.48896734113210272 ) ) ;
#6337 = ORIENTED_EDGE ( 'NONE', *, *, #4674, .T. ) ;
#6338 = CARTESIAN_POINT ( 'NONE',  ( -17.73414117061782136, -18.83227646810957623, 19.00000000000000000 ) ) ;
#6339 = EDGE_CURVE ( 'NONE', #831, #6773, #5407, .T. ) ;
#6340 = EDGE_CURVE ( 'NONE', #2103, #9018, #4111, .T. ) ;
#6341 = DIRECTION ( 'NONE',  ( 1.327063459122260961E-13, 1.000000000000000000, 0.000000000000000000 ) ) ;
#6343 = ORIENTED_EDGE ( 'NONE', *, *, #8988, .T. ) ;
#6342 = CARTESIAN_POINT ( 'NONE',  ( -24.29042399068419300, -22.96089407249376180, -7.260986739161334746 ) ) ;
#6344 = CARTESIAN_POINT ( 'NONE',  ( -15.70000000000043983, -7.682800240769650735, -4.869198567709881686 ) ) ;
#6345 = CARTESIAN_POINT ( 'NONE',  ( -15.19999999999933316, -5.499999999999345413, 22.49999999999999289 ) ) ;
#6346 = EDGE_LOOP ( 'NONE', ( #5120, #8772, #7029, #3249 ) ) ;
#6347 = EDGE_CURVE ( 'NONE', #9550, #7662, #5549, .T. ) ;
#6348 = CARTESIAN_POINT ( 'NONE',  ( -16.20000000000043983, -8.032763167368988988, 0.8281673279839496526 ) ) ;
#6349 = CARTESIAN_POINT ( 'NONE',  ( -15.70000000000043983, -6.904353841145121073, 5.116881072215547555 ) ) ;
#6350 = ORIENTED_EDGE ( 'NONE', *, *, #2836, .F. ) ;
#6351 = CARTESIAN_POINT ( 'NONE',  ( -25.56249211402954913, -3.353677182443211890, 17.49442326175538298 ) ) ;
#6352 = ORIENTED_EDGE ( 'NONE', *, *, #2263, .F. ) ;
#6353 = CARTESIAN_POINT ( 'NONE',  ( -29.44239630744133862, -4.785909244151873132, 22.04922744792306943 ) ) ;
#6354 = CARTESIAN_POINT ( 'NONE',  ( -14.33767085653754236, -16.01111933361707784, 18.27312374782750481 ) ) ;
#6355 = VECTOR ( 'NONE', #2674, 1000.000000000000000 ) ;
#6356 = LINE ( 'NONE', #1602, #2698 ) ;
#6357 = CARTESIAN_POINT ( 'NONE',  ( -14.32516260720247736, -16.64620338875893779, 19.46670926938992352 ) ) ;
#6358 = EDGE_LOOP ( 'NONE', ( #5978, #6878, #1953, #6933, #8587, #1025, #2169, #4507, #1541, #7538, #411, #6544, #2172, #5607, #6683 ) ) ;
#6359 = CARTESIAN_POINT ( 'NONE',  ( -4.499999999999995559, -21.70000000000013785, 20.00000000000000000 ) ) ;
#6360 = AXIS2_PLACEMENT_3D ( 'NONE', #3835, #4761, #814 ) ;
#6361 = CARTESIAN_POINT ( 'NONE',  ( -16.20000000000044338, -9.519325745999390520, -3.784479560941150567 ) ) ;
#6362 = CARTESIAN_POINT ( 'NONE',  ( -19.26635357184571617, -22.18490508109985271, -22.49999999999999289 ) ) ;
#6363 = CIRCLE ( 'NONE', #4701, 10.50000000000000000 ) ;
#6364 = CARTESIAN_POINT ( 'NONE',  ( -32.30682491192607131, -5.512771037362598214, -19.00000000000000000 ) ) ;
#6365 = CARTESIAN_POINT ( 'NONE',  ( -16.20000000000043983, -9.219269289310586757, 0.8942154589206734450 ) ) ;
#6366 = CARTESIAN_POINT ( 'NONE',  ( -32.41224973980343549, -5.381834262816074244, -17.90529572361000987 ) ) ;
#6367 = VERTEX_POINT ( 'NONE', #722 ) ;
#6368 = AXIS2_PLACEMENT_3D ( 'NONE', #8219, #8270, #4958 ) ;
#6369 = CARTESIAN_POINT ( 'NONE',  ( -28.12166382409843024, -4.450767452294157600, 15.96066476558386249 ) ) ;
#6370 = VERTEX_POINT ( 'NONE', #43 ) ;
#6371 = CARTESIAN_POINT ( 'NONE',  ( -16.94244057098681822, -18.71954240686318727, -18.12688505294162766 ) ) ;
#6372 = CYLINDRICAL_SURFACE ( 'NONE', #8054, 0.4999999999999900080 ) ;
#6373 = CARTESIAN_POINT ( 'NONE',  ( -24.28602211650627751, -22.96210073760703096, 7.256584864983417482 ) ) ;
#6374 = CARTESIAN_POINT ( 'NONE',  ( -29.85367811814804284, -4.890275976187749229, -16.04125185213805693 ) ) ;
#6375 = ORIENTED_EDGE ( 'NONE', *, *, #5325, .T. ) ;
#6376 = FACE_OUTER_BOUND ( 'NONE', #6535, .T. ) ;
#6377 = CARTESIAN_POINT ( 'NONE',  ( -15.70000000000043983, -7.851904269214863952, 1.504896974694218459 ) ) ;
#6378 = CARTESIAN_POINT ( 'NONE',  ( -16.20000000000044338, -9.421883442187551694, -3.885873119465535375 ) ) ;
#6379 = CARTESIAN_POINT ( 'NONE',  ( -17.64513293113374104, -18.75834494313550138, -18.27312374782750481 ) ) ;
#6380 = DIRECTION ( 'NONE',  ( -0.6172982111373501724, 0.7867292536359808963, 0.000000000000000000 ) ) ;
#6381 = ORIENTED_EDGE ( 'NONE', *, *, #2187, .T. ) ;
#6382 = B_SPLINE_CURVE_WITH_KNOTS ( 'NONE', 3,
 ( #5254, #6964, #9296, #4373, #5203, #1297, #2904, #3591, #2164, #2118, #4476, #9939, #6815, #8457, #6098, #4525, #6042, #9348 ),
 .UNSPECIFIED., .F., .F.,
 ( 4, 2, 2, 2, 2, 2, 2, 2, 4 ),
 ( 0.000000000000000000, 0.06249999999999975020, 0.1249999999999995004, 0.1874999999999995837, 0.2499999999999996669, 0.3124999999999997224, 0.3749999999999998335, 0.4374999999999998890, 0.5000000000000000000 ),
 .UNSPECIFIED. ) ;
#6383 = CARTESIAN_POINT ( 'NONE',  ( -28.35236202216435331, -4.509308172723134334, -15.91998265112328959 ) ) ;
#6384 = EDGE_CURVE ( 'NONE', #10205, #6300, #7064, .T. ) ;
#6385 = LINE ( 'NONE', #9546, #433 ) ;
#6386 = CARTESIAN_POINT ( 'NONE',  ( -34.50000000000000000, -6.000000000000030198, -22.50000000000000711 ) ) ;
#6387 = CARTESIAN_POINT ( 'NONE',  ( -15.70000000000043983, -8.692378719687910760, -3.792093136059921932 ) ) ;
#6388 = CARTESIAN_POINT ( 'NONE',  ( -15.48386558287606718, -17.56409697231136491, -20.78075128914323244 ) ) ;
#6389 = ORIENTED_EDGE ( 'NONE', *, *, #5565, .F. ) ;
#6390 = CARTESIAN_POINT ( 'NONE',  ( -15.79308817027107104, -17.80905477741827170, 17.20000000000010232 ) ) ;
#6391 = VECTOR ( 'NONE', #2226, 1000.000000000000114 ) ;
#6392 = CARTESIAN_POINT ( 'NONE',  ( -16.20000000000044338, -7.921690559250708752, -0.7366887283239051953 ) ) ;
#6394 = ORIENTED_EDGE ( 'NONE', *, *, #1369, .F. ) ;
#6393 = CARTESIAN_POINT ( 'NONE',  ( -15.37322947494847902, -22.09281308374683306, 22.49999999999998579 ) ) ;
#6395 = CARTESIAN_POINT ( 'NONE',  ( -15.70000000000044338, -6.942179309626696160, -4.136683461546422969 ) ) ;
#6396 = ADVANCED_FACE ( 'NONE', ( #10244, #3899 ), #9503, .T. ) ;
#6397 = CARTESIAN_POINT ( 'NONE',  ( -17.07508411944874993, -18.82461769645386696, -18.53329073061007648 ) ) ;
#6398 = EDGE_CURVE ( 'NONE', #855, #3376, #6294, .T. ) ;
#6399 = ADVANCED_FACE ( 'NONE', ( #7269 ), #10136, .T. ) ;
#6400 = VECTOR ( 'NONE', #6706, 1000.000000000000000 ) ;
#6401 = ORIENTED_EDGE ( 'NONE', *, *, #9295, .T. ) ;
#6402 = DIRECTION ( 'NONE',  ( 0.000000000000000000, 0.000000000000000000, -1.000000000000000000 ) ) ;
#6403 = CARTESIAN_POINT ( 'NONE',  ( -10.25769830521653603, -20.63225118844401962, -18.93225118844387467 ) ) ;
#6404 = EDGE_LOOP ( 'NONE', ( #6552, #2708, #2115, #9410, #3157, #3258 ) ) ;
#6405 = CARTESIAN_POINT ( 'NONE',  ( -28.65189320477057322, -4.268423519265623689, 22.39743087199274996 ) ) ;
#6406 = VERTEX_POINT ( 'NONE', #7459 ) ;
#6407 = CARTESIAN_POINT ( 'NONE',  ( -28.49317841127280815, -4.545040237601981836, 22.08724863680833295 ) ) ;
#6408 = AXIS2_PLACEMENT_3D ( 'NONE', #6901, #10126, #9281 ) ;
#6409 = EDGE_CURVE ( 'NONE', #2593, #5187, #9069, .T. ) ;
#6410 = CARTESIAN_POINT ( 'NONE',  ( -14.42497063448857730, -16.08363178584879094, 19.99969279403402211 ) ) ;
#6411 = LINE ( 'NONE', #1552, #54 ) ;
#6412 = ADVANCED_FACE ( 'NONE', ( #2775 ), #3671, .T. ) ;
#6413 = EDGE_CURVE ( 'NONE', #9354, #406, #9014, .T. ) ;
#6414 = PERSON_AND_ORGANIZATION_ROLE ( 'creator' ) ;
#6415 = CARTESIAN_POINT ( 'NONE',  ( -17.11135718769718039, -18.85335225142369708, 18.76438411013190688 ) ) ;
#6416 = ORIENTED_EDGE ( 'NONE', *, *, #1186, .T. ) ;
#6417 = CIRCLE ( 'NONE', #2401, 1.799999999999904565 ) ;
#6418 = CARTESIAN_POINT ( 'NONE',  ( -15.70000000000043627, -8.692378719687910760, 0.3567293549256532748 ) ) ;
#6419 = DIRECTION ( 'NONE',  ( 1.000000000000000000, 0.000000000000000000, 0.000000000000000000 ) ) ;
#6420 = CARTESIAN_POINT ( 'NONE',  ( -13.29893898089736304, -14.69999999999897256, 23.00000000000000000 ) ) ;
#6421 = CARTESIAN_POINT ( 'NONE',  ( -24.98385941628142959, -24.12805422703259595, 22.50000000000000000 ) ) ;
#6422 = CARTESIAN_POINT ( 'NONE',  ( -11.34272082218515365, -18.06230443098350591, 16.00000000000000000 ) ) ;
#6423 = CARTESIAN_POINT ( 'NONE',  ( -32.19498698320091279, -5.484391656530766213, -18.19622292480131165 ) ) ;
#6424 = CONICAL_SURFACE ( 'NONE', #8059, 0.5000000000000768274, 0.7853981633974461696 ) ;
#6425 = PLANE ( 'NONE',  #7728 ) ;
#6426 = EDGE_LOOP ( 'NONE', ( #5225, #2849, #4771, #2833 ) ) ;
#6427 = AXIS2_PLACEMENT_3D ( 'NONE', #7878, #4520, #3946 ) ;
#6428 = CARTESIAN_POINT ( 'NONE',  ( -28.45156881312901476, -4.534481596642829793, 15.91632837096407194 ) ) ;
#6429 = ORIENTED_EDGE ( 'NONE', *, *, #4232, .T. ) ;
#6430 = CARTESIAN_POINT ( 'NONE',  ( -16.67294340115878981, -18.50605240808689445, -17.68722932230206979 ) ) ;
#6431 = DIRECTION ( 'NONE',  ( 0.7071067811865474617, 0.7071067811865474617, 0.000000000000000000 ) ) ;
#6432 = CARTESIAN_POINT ( 'NONE',  ( -23.03077499953564455, -23.42539368677807587, 6.001337748012788076 ) ) ;
#6433 = CARTESIAN_POINT ( 'NONE',  ( -32.19521962288958861, -5.484449242602735808, -18.19725463844553204 ) ) ;
#6434 = ORIENTED_EDGE ( 'NONE', *, *, #5682, .T. ) ;
#6435 = CARTESIAN_POINT ( 'NONE',  ( -3.335038795898049635, -18.00043412189036829, -16.50000000000000711 ) ) ;
#6436 = VECTOR ( 'NONE', #2637, 1000.000000000000114 ) ;
#6437 = CARTESIAN_POINT ( 'NONE',  ( -28.40927524315940644, -4.196586329754597777, 15.62446902343322641 ) ) ;
#6438 = DIRECTION ( 'NONE',  ( 0.3328460583149656093, 0.9429811776828795900, 0.000000000000000000 ) ) ;
#6439 = CARTESIAN_POINT ( 'NONE',  ( -16.20000000000043983, -9.808529584835024906, -3.550268412859013178 ) ) ;
#6440 = CARTESIAN_POINT ( 'NONE',  ( -17.07508411944874993, -18.82461769645386696, -18.53329073061007648 ) ) ;
#6441 = CARTESIAN_POINT ( 'NONE',  ( -17.95326957212732921, -6.000000000000036415, 10.80224969832473114 ) ) ;
#6442 = VERTEX_POINT ( 'NONE', #1278 ) ;
#6443 = CARTESIAN_POINT ( 'NONE',  ( -16.78744303732156951, -20.67859952137373369, -23.00000000000000000 ) ) ;
#6444 = CARTESIAN_POINT ( 'NONE',  ( -23.52242204409616022, -23.29458815993350740, -6.980938107546072580 ) ) ;
#6445 = DIRECTION ( 'NONE',  ( -0.000000000000000000, -0.000000000000000000, -1.000000000000000000 ) ) ;
#6446 = CARTESIAN_POINT ( 'NONE',  ( -16.20000000000043983, -6.904353841145121073, 5.116881072215547555 ) ) ;
#6447 = CARTESIAN_POINT ( 'NONE',  ( -16.82817558769747279, -18.62902480803615646, -20.09420145838676319 ) ) ;
#6448 = ORIENTED_EDGE ( 'NONE', *, *, #4496, .F. ) ;
#6449 = CARTESIAN_POINT ( 'NONE',  ( -15.51419759758016603, -17.58812512138062800, 17.21160282967233712 ) ) ;
#6451 = VERTEX_POINT ( 'NONE', #7616 ) ;
#6450 = LINE ( 'NONE', #5654, #4021 ) ;
#6452 = DIRECTION ( 'NONE',  ( -0.7071067811865502373, 0.7071067811865449082, 0.000000000000000000 ) ) ;
#6453 = CARTESIAN_POINT ( 'NONE',  ( -16.20000000000044338, -10.44090382043026644, 1.605471029417921081 ) ) ;
#6454 = ORIENTED_EDGE ( 'NONE', *, *, #8281, .F. ) ;
#6455 = CARTESIAN_POINT ( 'NONE',  ( -16.20000000000043983, -7.942415086382099254, -2.633146892669006700 ) ) ;
#6456 = CARTESIAN_POINT ( 'NONE',  ( -17.95326957212731855, -6.000000000000036415, -27.19775030167525642 ) ) ;
#6457 = ORIENTED_EDGE ( 'NONE', *, *, #2575, .F. ) ;
#6458 = CARTESIAN_POINT ( 'NONE',  ( -32.57768753982544752, -5.430819039184425989, 19.44471594330206088 ) ) ;
#6459 = ORIENTED_EDGE ( 'NONE', *, *, #9510, .F. ) ;
#6460 = ADVANCED_FACE ( 'NONE', ( #9115 ), #3512, .F. ) ;
#6461 = CARTESIAN_POINT ( 'NONE',  ( -29.16858755572962281, -4.716429846358662026, 22.08367162903623537 ) ) ;
#6462 = VERTEX_POINT ( 'NONE', #5126 ) ;
#6463 = CARTESIAN_POINT ( 'NONE',  ( -16.21952248578919509, -17.57421238581036604, 21.24132978931336169 ) ) ;
#6464 = B_SPLINE_CURVE_WITH_KNOTS ( 'NONE', 3,
 ( #4307, #9816, #8811, #8087, #6648, #4872, #4104, #5863, #3309, #3418, #6602, #261, #6494, #8968, #7465, #2511, #4204, #9716 ),
 .UNSPECIFIED., .F., .F.,
 ( 4, 2, 2, 2, 2, 2, 2, 2, 4 ),
 ( 0.000000000000000000, 0.06249999999999975020, 0.1249999999999995004, 0.1874999999999995837, 0.2499999999999996669, 0.3124999999999997224, 0.3749999999999998335, 0.4374999999999998890, 0.5000000000000000000 ),
 .UNSPECIFIED. ) ;
#6465 = CALENDAR_DATE ( 2022, 8, 12 ) ;
#6466 = CARTESIAN_POINT ( 'NONE',  ( -16.15779467885239029, -18.09796552373046197, 17.29193275965529608 ) ) ;
#6467 = VERTEX_POINT ( 'NONE', #509 ) ;
#6468 = CARTESIAN_POINT ( 'NONE',  ( -22.00000000000000355, -26.63382658289864224, 11.15539940154598497 ) ) ;
#6469 = ADVANCED_FACE ( 'NONE', ( #3566 ), #8078, .T. ) ;
#6470 = CARTESIAN_POINT ( 'NONE',  ( -25.83981361933544463, -3.871735591279966027, -20.63662514990572205 ) ) ;
#6471 = EDGE_CURVE ( 'NONE', #2464, #2563, #6688, .T. ) ;
#6472 = DIRECTION ( 'NONE',  ( -1.000000000000000000, -0.000000000000000000, -0.000000000000000000 ) ) ;
#6473 = EDGE_CURVE ( 'NONE', #5786, #2645, #6743, .T. ) ;
#6474 = FACE_OUTER_BOUND ( 'NONE', #1836, .T. ) ;
#6475 = DIRECTION ( 'NONE',  ( -0.000000000000000000, -0.000000000000000000, -1.000000000000000000 ) ) ;
#6476 = CARTESIAN_POINT ( 'NONE',  ( -31.44448195795785495, -5.293947607983358061, -21.04856212461249854 ) ) ;
#6477 = CARTESIAN_POINT ( 'NONE',  ( -14.91965237835904112, -16.49452156316788276, -20.80286759784299377 ) ) ;
#6478 = CARTESIAN_POINT ( 'NONE',  ( -28.96391713933543599, -4.664493518274489325, 15.90299527993784601 ) ) ;
#6479 = ORIENTED_EDGE ( 'NONE', *, *, #8225, .T. ) ;
#6480 = CARTESIAN_POINT ( 'NONE',  ( -15.70000000000043983, -9.808529584835024906, 0.5985540781265616950 ) ) ;
#6481 = CARTESIAN_POINT ( 'NONE',  ( -34.50000000000000000, -12.00000000000003197, -23.00000000000000000 ) ) ;
#6482 = CARTESIAN_POINT ( 'NONE',  ( -24.03597127404134781, -23.41105435832671233, 7.006534022518493110 ) ) ;
#6483 = CARTESIAN_POINT ( 'NONE',  ( -30.40969122696246529, -5.031367480738131448, -16.24294801629693197 ) ) ;
#6484 = ORIENTED_EDGE ( 'NONE', *, *, #444, .T. ) ;
#6485 = CARTESIAN_POINT ( 'NONE',  ( -4.121845739847921131, -18.27815503100963923, -16.57815503100950494 ) ) ;
#6486 = LINE ( 'NONE', #919, #7531 ) ;
#6487 = CARTESIAN_POINT ( 'NONE',  ( -23.38555652982252298, -23.32977547371437055, -6.769683381994314075 ) ) ;
#6488 = FACE_OUTER_BOUND ( 'NONE', #9971, .T. ) ;
#6489 = DIRECTION ( 'NONE',  ( -1.000000000000000000, 0.000000000000000000, 0.000000000000000000 ) ) ;
#6490 = ORIENTED_EDGE ( 'NONE', *, *, #7220, .F. ) ;
#6491 = LINE ( 'NONE', #2507, #2523 ) ;
#6492 = CARTESIAN_POINT ( 'NONE',  ( -23.24292867380677663, -23.32393426720300411, -6.549545754349274773 ) ) ;
#6493 = ORIENTED_EDGE ( 'NONE', *, *, #8046, .T. ) ;
#6494 = CARTESIAN_POINT ( 'NONE',  ( -26.61541739064517031, -3.665439725228112344, -21.71586128771281210 ) ) ;
#6495 = LINE ( 'NONE', #982, #117 ) ;
#6496 = LINE ( 'NONE', #7210, #8700 ) ;
#6497 = VERTEX_POINT ( 'NONE', #2040 ) ;
#6498 = PRODUCT_DEFINITION_SHAPE ( 'NONE', 'NONE',  #2938 ) ;
#6499 = CARTESIAN_POINT ( 'NONE',  ( -15.33184056908448056, -17.44366675840021585, 20.74242983912377980 ) ) ;
#6500 = ORIENTED_EDGE ( 'NONE', *, *, #8648, .T. ) ;
#6502 = EDGE_LOOP ( 'NONE', ( #9250, #2953, #3525, #9969 ) ) ;
#6501 = DIRECTION ( 'NONE',  ( -1.000000000000000000, 0.000000000000000000, 0.000000000000000000 ) ) ;
#6503 = CARTESIAN_POINT ( 'NONE',  ( -16.20000000000044693, -7.781164840707617714, -4.884409680362193917 ) ) ;
#6504 = CARTESIAN_POINT ( 'NONE',  ( -16.20000000000043983, -9.734325611388177535, 1.332515512099041732 ) ) ;
#6505 = AXIS2_PLACEMENT_3D ( 'NONE', #5534, #4705, #2258 ) ;
#6506 = ORIENTED_EDGE ( 'NONE', *, *, #1255, .F. ) ;
#6507 = CARTESIAN_POINT ( 'NONE',  ( -16.20000000000043983, -7.303320638129067177, -2.857064813181771079 ) ) ;
#6508 = LINE ( 'NONE', #212, #2384 ) ;
#6509 = ORIENTED_EDGE ( 'NONE', *, *, #6027, .T. ) ;
#6510 = CARTESIAN_POINT ( 'NONE',  ( -26.10166854280219795, -3.513322902967789485, 16.75488767569455462 ) ) ;
#6511 = ORIENTED_EDGE ( 'NONE', *, *, #8211, .F. ) ;
#6512 = CARTESIAN_POINT ( 'NONE',  ( -28.47524423159805806, -4.540489483081999289, 22.08576303536979424 ) ) ;
#6513 = ORIENTED_EDGE ( 'NONE', *, *, #4256, .F. ) ;
#6514 = CARTESIAN_POINT ( 'NONE',  ( -15.11802746069450087, -16.65929476213157301, 17.04228325489188478 ) ) ;
#6515 = FACE_OUTER_BOUND ( 'NONE', #3478, .T. ) ;
#6516 = ADVANCED_FACE ( 'NONE', ( #9916 ), #1986, .T. ) ;
#6517 = ORIENTED_EDGE ( 'NONE', *, *, #318, .T. ) ;
#6518 = CARTESIAN_POINT ( 'NONE',  ( -15.70000000000044338, -8.547785250849040395, 0.2186547933678696931 ) ) ;
#6519 = CARTESIAN_POINT ( 'NONE',  ( -15.70000000000043983, -10.49999999999928768, -4.886390933827458483 ) ) ;
#6520 = LINE ( 'NONE', #4792, #7020 ) ;
#6521 = VECTOR ( 'NONE', #6540, 1000.000000000000114 ) ;
#6522 = CIRCLE ( 'NONE', #3359, 2.100000000000004530 ) ;
#6523 = CARTESIAN_POINT ( 'NONE',  ( -28.35236202216436041, -4.509308172723131669, -22.08001734887670509 ) ) ;
#6524 = ADVANCED_FACE ( 'NONE', ( #1325 ), #461, .F. ) ;
#6525 = CARTESIAN_POINT ( 'NONE',  ( -16.86802037602991078, -18.11286406846207697, -20.97163975696247107 ) ) ;
#6526 = CARTESIAN_POINT ( 'NONE',  ( -29.05854587660821764, -4.688506754727391979, 15.90765724925890012 ) ) ;
#6527 = ORIENTED_EDGE ( 'NONE', *, *, #7271, .T. ) ;
#6528 = CARTESIAN_POINT ( 'NONE',  ( -17.07327949057396665, -18.82320251290508750, -18.53590659841286126 ) ) ;
#6529 = EDGE_CURVE ( 'NONE', #1978, #1709, #6794, .T. ) ;
#6530 = DIRECTION ( 'NONE',  ( 0.000000000000000000, -1.000000000000000000, 0.000000000000000000 ) ) ;
#6531 = ADVANCED_FACE ( 'NONE', ( #5232 ), #6840, .F. ) ;
#6532 = CARTESIAN_POINT ( 'NONE',  ( -15.70000000000043627, -7.848345631204846740, -0.7369007211100082610 ) ) ;
#6533 = CARTESIAN_POINT ( 'NONE',  ( -23.75351890106973229, -22.56146656070199086, 7.337631248441902621 ) ) ;
#6534 = CARTESIAN_POINT ( 'NONE',  ( -29.44239630777552819, -4.785909244237351423, -15.95077255213594647 ) ) ;
#6535 = EDGE_LOOP ( 'NONE', ( #8952, #7630, #3382, #3756 ) ) ;
#6536 = CARTESIAN_POINT ( 'NONE',  ( -18.31126983722081292, -10.74020202535469082, -19.00000000000000000 ) ) ;
#6537 = CARTESIAN_POINT ( 'NONE',  ( -45.12508628930800114, -12.00000000000003553, -14.14093379379483828 ) ) ;
#6538 = CARTESIAN_POINT ( 'NONE',  ( -23.06146656074442092, -23.25351890109071462, -6.269452323445883657 ) ) ;
#6539 = CARTESIAN_POINT ( 'NONE',  ( -16.20000000000043983, -7.666587019310798112, -3.425193009018104640 ) ) ;
#6540 = DIRECTION ( 'NONE',  ( -0.6711116091139384121, 0.3149895493901391230, -0.6711116091139366358 ) ) ;
#6541 = VECTOR ( 'NONE', #8573, 1000.000000000000000 ) ;
#6542 = EDGE_CURVE ( 'NONE', #5368, #3138, #4244, .T. ) ;
#6543 = CARTESIAN_POINT ( 'NONE',  ( -15.70000000000044693, -7.508060654049326210, 0.2883183256292867203 ) ) ;
#6544 = ORIENTED_EDGE ( 'NONE', *, *, #3012, .T. ) ;
#6545 = AXIS2_PLACEMENT_3D ( 'NONE', #5104, #4995, #1250 ) ;
#6546 = CARTESIAN_POINT ( 'NONE',  ( -29.93678355119374146, -4.911362310197180392, -16.05832864166231744 ) ) ;
#6547 = CARTESIAN_POINT ( 'NONE',  ( -8.007975148567256340, -11.19202485143287973, -23.00000000000000000 ) ) ;
#6548 = EDGE_CURVE ( 'NONE', #9728, #917, #5273, .T. ) ;
#6549 = CARTESIAN_POINT ( 'NONE',  ( -16.20000000000043983, -10.49999999999928768, -0.7375684428418834981 ) ) ;
#6550 = CARTESIAN_POINT ( 'NONE',  ( -16.20000000000043983, -8.616162754740134488, -3.866934758321899146 ) ) ;
#6551 = CARTESIAN_POINT ( 'NONE',  ( -16.85546114464809975, -18.65063888165857264, -20.04748389014218191 ) ) ;
#6552 = ORIENTED_EDGE ( 'NONE', *, *, #1683, .T. ) ;
#6553 = CARTESIAN_POINT ( 'NONE',  ( -16.82948574013173371, -18.63006122599887249, 20.09798217311175961 ) ) ;
#6554 = CARTESIAN_POINT ( 'NONE',  ( -3.499999999999996447, -12.29893898089671822, -23.00000000000000000 ) ) ;
#6556 = EDGE_LOOP ( 'NONE', ( #8713, #2778 ) ) ;
#6555 = CARTESIAN_POINT ( 'NONE',  ( -16.20000000000043983, -7.624399419883329365, -4.084037904257303175 ) ) ;
#6557 = CARTESIAN_POINT ( 'NONE',  ( -16.20000000000043983, -9.219269289310586757, 0.8942154589206734450 ) ) ;
#6558 = ORIENTED_EDGE ( 'NONE', *, *, #631, .T. ) ;
#6559 = CARTESIAN_POINT ( 'NONE',  ( -26.61532009688668410, -3.665410917343813857, -16.28404954504823721 ) ) ;
#6560 = DIRECTION ( 'NONE',  ( 3.489994118891831358E-16, 4.201701945701819338E-16, -1.000000000000000000 ) ) ;
#6561 = EDGE_LOOP ( 'NONE', ( #1796, #6923, #3106, #5817 ) ) ;
#6562 = AXIS2_PLACEMENT_3D ( 'NONE', #3116, #7833, #7117 ) ;
#6563 = CARTESIAN_POINT ( 'NONE',  ( -34.50000000000000000, -12.00000000000003197, -15.00000000000000000 ) ) ;
#6564 = ORIENTED_EDGE ( 'NONE', *, *, #5777, .F. ) ;
#6565 = CARTESIAN_POINT ( 'NONE',  ( -26.14381684679019813, -3.948874753754774591, 21.00632526715155279 ) ) ;
#6566 = ORIENTED_EDGE ( 'NONE', *, *, #1125, .T. ) ;
#6567 = CARTESIAN_POINT ( 'NONE',  ( -17.73414117061782136, -18.83227646810957623, 19.00000000000000000 ) ) ;
#6568 = VECTOR ( 'NONE', #4888, 1000.000000000000000 ) ;
#6569 = COORDINATED_UNIVERSAL_TIME_OFFSET ( 1, 0, .AHEAD. ) ;
#6570 = CARTESIAN_POINT ( 'NONE',  ( -16.61954035032799482, -0.7057424773177796151, -15.00000000000000000 ) ) ;
#6571 = ORIENTED_EDGE ( 'NONE', *, *, #9114, .F. ) ;
#6572 = DIRECTION ( 'NONE',  ( -0.000000000000000000, -0.000000000000000000, 1.000000000000000000 ) ) ;
#6573 = VECTOR ( 'NONE', #2018, 1000.000000000000114 ) ;
#6574 = CARTESIAN_POINT ( 'NONE',  ( -25.67278681555887232, -3.829347547979129907, -20.37269268490370777 ) ) ;
#6575 = CARTESIAN_POINT ( 'NONE',  ( -15.70000000000043983, -7.624399419883329365, -4.084037904257303175 ) ) ;
#6576 = CARTESIAN_POINT ( 'NONE',  ( -34.00000000000000000, -8.500000000000035527, 10.50000000000000000 ) ) ;
#6577 = CARTESIAN_POINT ( 'NONE',  ( -25.49192344381928166, -3.783458931001117520, -18.00113250729095071 ) ) ;
#6578 = CARTESIAN_POINT ( 'NONE',  ( -23.01225337288697048, -23.21635244084942329, 6.193492042643286233 ) ) ;
#6579 = CARTESIAN_POINT ( 'NONE',  ( -30.80133793372226236, -5.130746689242513092, 16.45121612049519300 ) ) ;
#6580 = VECTOR ( 'NONE', #564, 1000.000000000000000 ) ;
#6581 = VERTEX_POINT ( 'NONE', #1126 ) ;
#6582 = LINE ( 'NONE', #6480, #940 ) ;
#6583 = DIRECTION ( 'NONE',  ( -0.2810846377147249719, 0.6785983445458898533, 0.6785983445458436680 ) ) ;
#6584 = CONICAL_SURFACE ( 'NONE', #7238, 1.000000000000003553, 0.7853981633974513876 ) ;
#6585 = LINE ( 'NONE', #5633, #8552 ) ;
#6586 = DIRECTION ( 'NONE',  ( -0.000000000000000000, -0.000000000000000000, -1.000000000000000000 ) ) ;
#6587 = CARTESIAN_POINT ( 'NONE',  ( -31.05002507273918866, -5.193856526887378422, -16.61941027962373241 ) ) ;
#6588 = ORIENTED_EDGE ( 'NONE', *, *, #3159, .T. ) ;
#6589 = CARTESIAN_POINT ( 'NONE',  ( -15.70000000000043983, -9.808529584835024906, -4.886390933827458483 ) ) ;
#6590 = LINE ( 'NONE', #81, #5047 ) ;
#6591 = EDGE_CURVE ( 'NONE', #9933, #4635, #7086, .T. ) ;
#6592 = DIRECTION ( 'NONE',  ( 0.000000000000000000, 0.000000000000000000, 1.000000000000000000 ) ) ;
#6593 = AXIS2_PLACEMENT_3D ( 'NONE', #6774, #488, #8213 ) ;
#6594 = LINE ( 'NONE', #8962, #1045 ) ;
#6595 = ADVANCED_FACE ( 'NONE', ( #7040 ), #10263, .F. ) ;
#6596 = CARTESIAN_POINT ( 'NONE',  ( -16.77022658314550441, -18.58311770602355040, -17.81051231474544849 ) ) ;
#6597 = VECTOR ( 'NONE', #6862, 1000.000000000000000 ) ;
#6598 = CARTESIAN_POINT ( 'NONE',  ( -16.20000000000044338, -8.056804533085561104, -3.319057992788463363 ) ) ;
#6599 = ORIENTED_EDGE ( 'NONE', *, *, #7466, .F. ) ;
#6600 = CARTESIAN_POINT ( 'NONE',  ( -34.50000000000000000, -12.00000000000003197, 23.00000000000000000 ) ) ;
#6601 = CARTESIAN_POINT ( 'NONE',  ( -23.72831534059901060, -23.13993660266906360, -7.298733056510636530 ) ) ;
#6602 = CARTESIAN_POINT ( 'NONE',  ( -27.92293889300696108, -4.052586123339566804, -22.30845575298592820 ) ) ;
#6603 = CARTESIAN_POINT ( 'NONE',  ( -16.20000000000043983, -8.937246535974217920, -3.543322053738093835 ) ) ;
#6604 = CARTESIAN_POINT ( 'NONE',  ( -16.68761951303666180, -18.51767867999549821, -20.29417208376115056 ) ) ;
#6605 = ORIENTED_EDGE ( 'NONE', *, *, #4039, .F. ) ;
#6606 = ADVANCED_FACE ( 'NONE', ( #3128 ), #3923, .T. ) ;
#6607 = CARTESIAN_POINT ( 'NONE',  ( -16.32957124361543322, -18.23404232619193976, 20.61789907669575328 ) ) ;
#6608 = FACE_OUTER_BOUND ( 'NONE', #5462, .T. ) ;
#6609 = ADVANCED_FACE ( 'NONE', ( #606 ), #9323, .F. ) ;
#6611 = ORIENTED_EDGE ( 'NONE', *, *, #5760, .F. ) ;
#6610 = CARTESIAN_POINT ( 'NONE',  ( -23.71635244085108951, -22.51225337288521189, 7.280265024517864170 ) ) ;
#6612 = B_SPLINE_CURVE_WITH_KNOTS ( 'NONE', 3,
 ( #2131, #7791, #596, #4488, #6255, #6113, #10106, #3814, #6882, #688, #4591, #10200, #10052, #9414, #4537, #7075, #5318, #3762 ),
 .UNSPECIFIED., .F., .F.,
 ( 4, 2, 2, 2, 2, 2, 2, 2, 4 ),
 ( 0.5000000000000000000, 0.5625000000000000000, 0.6250000000000000000, 0.6875000000000000000, 0.7500000000000000000, 0.8125000000000000000, 0.8750000000000000000, 0.9375000000000000000, 1.000000000000000000 ),
 .UNSPECIFIED. ) ;
#6613 = EDGE_CURVE ( 'NONE', #3278, #8971, #6266, .T. ) ;
#6614 = FACE_OUTER_BOUND ( 'NONE', #514, .T. ) ;
#6615 = ORIENTED_EDGE ( 'NONE', *, *, #5446, .F. ) ;
#6616 = LINE ( 'NONE', #4988, #5222 ) ;
#6617 = DIRECTION ( 'NONE',  ( 0.9619815801946222100, 3.337544061241753498E-16, -0.2731143338718374225 ) ) ;
#6618 = ORIENTED_EDGE ( 'NONE', *, *, #9120, .F. ) ;
#6619 = CARTESIAN_POINT ( 'NONE',  ( -16.20000000000043983, -7.942415086382099254, 1.515675598316568395 ) ) ;
#6620 = EDGE_LOOP ( 'NONE', ( #3216, #5093, #1909, #9836 ) ) ;
#6621 = CARTESIAN_POINT ( 'NONE',  ( -16.75666241940257706, -14.13328707425802300, 15.40000000000019398 ) ) ;
#6622 = ORIENTED_EDGE ( 'NONE', *, *, #1374, .T. ) ;
#6623 = CARTESIAN_POINT ( 'NONE',  ( -17.67840240365597282, -18.78597904592091439, -18.41509111858085035 ) ) ;
#6624 = DIRECTION ( 'NONE',  ( 0.7071067811865463515, -9.383755710102258659E-14, -0.7071067811865486830 ) ) ;
#6625 = CARTESIAN_POINT ( 'NONE',  ( -34.00000000000000000, -8.500000000000035527, 0.000000000000000000 ) ) ;
#6626 = ORIENTED_EDGE ( 'NONE', *, *, #5201, .T. ) ;
#6627 = CARTESIAN_POINT ( 'NONE',  ( -16.20000000000043983, -8.746054593834681867, -4.566710480808124473 ) ) ;
#6628 = CARTESIAN_POINT ( 'NONE',  ( -27.41773155898664882, -4.272140749502320034, -21.84367753525398825 ) ) ;
#6629 = CARTESIAN_POINT ( 'NONE',  ( -15.70000000000043272, -7.601964286192010256, -2.704889371330680081 ) ) ;
#6630 = CARTESIAN_POINT ( 'NONE',  ( -25.31333145693571041, -3.738140405639855945, -18.79710433981730944 ) ) ;
#6631 = CARTESIAN_POINT ( 'NONE',  ( -23.69764386417556778, -23.17564622173897604, 7.251389005937805443 ) ) ;
#6632 = CARTESIAN_POINT ( 'NONE',  ( -34.00000000000000000, -2.000000000000029310, -5.999999999999998224 ) ) ;
#6633 = CARTESIAN_POINT ( 'NONE',  ( -16.16406060791524979, -18.10293472002314275, -17.29770574381087656 ) ) ;
#6634 = CARTESIAN_POINT ( 'NONE',  ( -16.20000000000044338, -9.232888244074917594, 0.05490651978551771423 ) ) ;
#6635 = CARTESIAN_POINT ( 'NONE',  ( -21.98993461845848429, -24.44715070390630274, 22.50000000000000000 ) ) ;
#6636 = DIRECTION ( 'NONE',  ( 0.000000000000000000, 0.000000000000000000, -1.000000000000000000 ) ) ;
#6637 = CARTESIAN_POINT ( 'NONE',  ( -28.69572058250322399, -4.596435287482786514, -15.90163233702893919 ) ) ;
#6638 = ORIENTED_EDGE ( 'NONE', *, *, #4880, .T. ) ;
#6639 = DIRECTION ( 'NONE',  ( 0.000000000000000000, 0.000000000000000000, -1.000000000000000000 ) ) ;
#6640 = CARTESIAN_POINT ( 'NONE',  ( -16.20000000000043983, -8.056804533085559328, 0.8297644981971120659 ) ) ;
#6641 = CARTESIAN_POINT ( 'NONE',  ( -23.83118559568538686, -22.79311569890337452, -7.457509358128760368 ) ) ;
#6642 = CARTESIAN_POINT ( 'NONE',  ( -16.20000000000044338, -7.503628200954150174, -3.768513762645234078 ) ) ;
#6643 = PLANE ( 'NONE',  #4853 ) ;
#6644 = DIRECTION ( 'NONE',  ( -0.4999999999999361067, 0.5000000000000626166, -0.7071067811865485719 ) ) ;
#6645 = VERTEX_POINT ( 'NONE', #1462 ) ;
#6646 = CARTESIAN_POINT ( 'NONE',  ( -15.70000000000043272, -8.336604908523488788, -0.6549770609783159836 ) ) ;
#6647 = CARTESIAN_POINT ( 'NONE',  ( -16.20000000000044338, -7.775883497587325444, -4.170630883317484994 ) ) ;
#6648 = CARTESIAN_POINT ( 'NONE',  ( -31.85789761511643903, -5.217695143137860647, -21.08874236141931746 ) ) ;
#6649 = CARTESIAN_POINT ( 'NONE',  ( -12.30050506338938199, -21.70000000000013785, 20.75510791566222579 ) ) ;
#6650 = CARTESIAN_POINT ( 'NONE',  ( -15.70000000000044338, -9.444990259596723448, -3.045381888756725886 ) ) ;
#6651 = EDGE_CURVE ( 'NONE', #3958, #9447, #750, .T. ) ;
#6652 = ORIENTED_EDGE ( 'NONE', *, *, #4661, .T. ) ;
#6653 = DIRECTION ( 'NONE',  ( -1.226634733346543384E-13, -0.7071067811865513475, -0.7071067811865436870 ) ) ;
#6655 = ORIENTED_EDGE ( 'NONE', *, *, #2132, .F. ) ;
#6654 = FACE_OUTER_BOUND ( 'NONE', #1803, .T. ) ;
#6656 = CARTESIAN_POINT ( 'NONE',  ( -27.25173090808979737, -3.853846941402637061, -22.05372237277336467 ) ) ;
#6657 = ADVANCED_FACE ( 'NONE', ( #3717 ), #4694, .F. ) ;
#6658 = CARTESIAN_POINT ( 'NONE',  ( -4.499999999999996447, -14.70000000000003482, -22.50000000000000000 ) ) ;
#6659 = DIRECTION ( 'NONE',  ( 0.000000000000000000, -0.9420401080174656272, -0.3355002755385478319 ) ) ;
#6660 = ADVANCED_FACE ( 'NONE', ( #8628 ), #7801, .F. ) ;
#6661 = ORIENTED_EDGE ( 'NONE', *, *, #4986, .T. ) ;
#6662 = PLANE ( 'NONE',  #9143 ) ;
#6663 = ORIENTED_EDGE ( 'NONE', *, *, #6103, .F. ) ;
#6664 = CARTESIAN_POINT ( 'NONE',  ( -16.20000000000043983, -8.356433291003840580, 0.06993687746672212768 ) ) ;
#6665 = CARTESIAN_POINT ( 'NONE',  ( -16.75666241940257706, -14.13328707425802122, 19.00000000000000000 ) ) ;
#6666 = VERTEX_POINT ( 'NONE', #9272 ) ;
#6667 = CARTESIAN_POINT ( 'NONE',  ( -16.10546455054463522, -17.47947422295149167, -21.25587117207535215 ) ) ;
#6668 = ADVANCED_FACE ( 'NONE', ( #8531 ), #9423, .T. ) ;
#6669 = DIRECTION ( 'NONE',  ( -0.7071067811865502373, 0.7071067811865449082, -0.000000000000000000 ) ) ;
#6670 = CARTESIAN_POINT ( 'NONE',  ( -15.70000000000043983, -8.872802034495123280, -4.463565260288642200 ) ) ;
#6671 = VERTEX_POINT ( 'NONE', #9471 ) ;
#6672 = DIRECTION ( 'NONE',  ( 0.7071067811865475727, -0.7071067811865475727, 0.000000000000000000 ) ) ;
#6673 = CARTESIAN_POINT ( 'NONE',  ( -28.46100937985967505, -4.536877300418153958, -22.08452009759096057 ) ) ;
#6674 = PLANE ( 'NONE',  #2378 ) ;
#6675 = CARTESIAN_POINT ( 'NONE',  ( -16.20000000000043983, -7.721899528217676334, 1.477998738731313821 ) ) ;
#6676 = AXIS2_PLACEMENT_3D ( 'NONE', #9247, #1344, #5305 ) ;
#6677 = CARTESIAN_POINT ( 'NONE',  ( -23.25727031958569313, -23.32626036955009141, 6.571673122028576230 ) ) ;
#6678 = CARTESIAN_POINT ( 'NONE',  ( -31.07343736191326045, -5.199797190327628549, 16.63644401929319727 ) ) ;
#6679 = ORIENTED_EDGE ( 'NONE', *, *, #8612, .F. ) ;
#6680 = CARTESIAN_POINT ( 'NONE',  ( -15.17595926415607011, -17.32018124790324265, -17.32703421847285341 ) ) ;
#6681 = CARTESIAN_POINT ( 'NONE',  ( -16.61954035032799482, -0.7057424773177796151, 15.50000000000000000 ) ) ;
#6682 = DIRECTION ( 'NONE',  ( -1.000000000000000000, 0.000000000000000000, 0.000000000000000000 ) ) ;
#6683 = ORIENTED_EDGE ( 'NONE', *, *, #4496, .T. ) ;
#6684 = CARTESIAN_POINT ( 'NONE',  ( -27.26048947161522307, -4.232240568869302777, 21.78638174323222287 ) ) ;
#6685 = CARTESIAN_POINT ( 'NONE',  ( -15.33725901172691763, -17.44795484426690990, 17.25924134836429147 ) ) ;
#6686 = CARTESIAN_POINT ( 'NONE',  ( -23.03594731527410389, -23.23603522126805743, -6.230063510483589972 ) ) ;
#6687 = LINE ( 'NONE', #1172, #4031 ) ;
#6688 = LINE ( 'NONE', #8329, #2256 ) ;
#6689 = CYLINDRICAL_SURFACE ( 'NONE', #1523, 1.799999999999904787 ) ;
#6690 = CARTESIAN_POINT ( 'NONE',  ( -16.20000000000043983, -7.919889240714610423, -3.333405396806222054 ) ) ;
#6691 = ORIENTED_EDGE ( 'NONE', *, *, #2053, .T. ) ;
#6692 = CARTESIAN_POINT ( 'NONE',  ( -15.70000000000043983, -9.808529584835024906, -1.336842802650911377 ) ) ;
#6693 = CARTESIAN_POINT ( 'NONE',  ( -15.37322947494847902, -22.09281308374683306, 23.00000000000000000 ) ) ;
#6694 = CARTESIAN_POINT ( 'NONE',  ( -2.700328917118936189, -11.09861006377777848, 17.20429929796585355 ) ) ;
#6695 = DIRECTION ( 'NONE',  ( 0.5010645155784104743, -0.5010645155784784199, 0.7055981168174116913 ) ) ;
#6696 = CARTESIAN_POINT ( 'NONE',  ( -13.29893898089587978, -3.499999999999612754, -22.49999999999999289 ) ) ;
#6697 = ORIENTED_EDGE ( 'NONE', *, *, #7094, .T. ) ;
#6698 = CARTESIAN_POINT ( 'NONE',  ( -15.70000000000043983, -7.882496365929570814, -0.7375684428418836092 ) ) ;
#6699 = AXIS2_PLACEMENT_3D ( 'NONE', #5983, #1190, #8346 ) ;
#6701 = VERTEX_POINT ( 'NONE', #2932 ) ;
#6700 = CARTESIAN_POINT ( 'NONE',  ( -15.70000000000043983, -7.570223353500030505, -4.020609681704311100 ) ) ;
#6702 = AXIS2_PLACEMENT_3D ( 'NONE', #7779, #5405, #4477 ) ;
#6703 = EDGE_CURVE ( 'NONE', #4608, #8542, #2243, .T. ) ;
#6704 = CARTESIAN_POINT ( 'NONE',  ( -26.63325003387896572, -3.670719824702040501, -16.29867749701571356 ) ) ;
#6705 = LINE ( 'NONE', #1192, #7245 ) ;
#6706 = DIRECTION ( 'NONE',  ( -1.000000000000000000, -3.469446951953614189E-16, 0.000000000000000000 ) ) ;
#6707 = ORIENTED_EDGE ( 'NONE', *, *, #5184, .T. ) ;
#6708 = VECTOR ( 'NONE', #3784, 1000.000000000000000 ) ;
#6709 = CARTESIAN_POINT ( 'NONE',  ( -16.20000000000043627, -7.097036302006133113, 1.068809986304690707 ) ) ;
#6710 = ORIENTED_EDGE ( 'NONE', *, *, #7473, .F. ) ;
#6711 = ADVANCED_FACE ( 'NONE', ( #3080 ), #5521, .F. ) ;
#6713 = LINE ( 'NONE', #7535, #9184 ) ;
#6712 = CARTESIAN_POINT ( 'NONE',  ( -34.00000000000000000, 10.73499399519519848, 2.899999999999999911 ) ) ;
#6714 = DIRECTION ( 'NONE',  ( 0.000000000000000000, -0.9383527442516602646, 0.3456792260975167230 ) ) ;
#6715 = ORIENTED_EDGE ( 'NONE', *, *, #1926, .F. ) ;
#6716 = CARTESIAN_POINT ( 'NONE',  ( -17.05445559288308033, -18.26771984328382814, -17.20634008740813314 ) ) ;
#6717 = ADVANCED_FACE ( 'NONE', ( #697 ), #75, .F. ) ;
#6718 = EDGE_CURVE ( 'NONE', #3322, #5436, #7753, .T. ) ;
#6719 = VECTOR ( 'NONE', #9853, 1000.000000000000000 ) ;
#6720 = AXIS2_PLACEMENT_3D ( 'NONE', #7702, #5009, #4794 ) ;
#6721 = CARTESIAN_POINT ( 'NONE',  ( -17.37933973484171091, -1.224480810324098945, -15.21832014583065806 ) ) ;
#6722 = DIRECTION ( 'NONE',  ( 1.160091031295434685E-16, -0.3343734743205101223, -0.9424406504766393855 ) ) ;
#6723 = EDGE_LOOP ( 'NONE', ( #7836, #4636, #6240, #4553, #9591, #4700, #5088, #9938, #269, #10047, #5380, #1456, #4633 ) ) ;
#6724 = PLANE ( 'NONE',  #4750 ) ;
#6725 = EDGE_CURVE ( 'NONE', #4368, #2981, #8480, .T. ) ;
#6726 = CARTESIAN_POINT ( 'NONE',  ( -30.65851534973742432, -5.094506849106593016, -21.63158687030427885 ) ) ;
#6727 = AXIS2_PLACEMENT_3D ( 'NONE', #7479, #6761, #366 ) ;
#6728 = CARTESIAN_POINT ( 'NONE',  ( -15.70000000000043983, -7.721899528217678998, -2.670823752254260608 ) ) ;
#6729 = ADVANCED_FACE ( 'NONE', ( #1367 ), #4550, .F. ) ;
#6730 = CARTESIAN_POINT ( 'NONE',  ( -23.43461050243746513, -23.32113166395829396, 6.845397310652225009 ) ) ;
#6731 = CARTESIAN_POINT ( 'NONE',  ( -31.54985264456069416, -5.320690531259955058, 17.07308690522053496 ) ) ;
#6732 = CARTESIAN_POINT ( 'NONE',  ( -15.32503926918544401, -17.43827316986427078, -17.26289639556870270 ) ) ;
#6733 = CARTESIAN_POINT ( 'NONE',  ( -25.31333145693570685, -3.738140405639854169, -18.99999999999999289 ) ) ;
#6734 = VERTEX_POINT ( 'NONE', #2541 ) ;
#6735 = AXIS2_PLACEMENT_3D ( 'NONE', #9973, #9922, #9123 ) ;
#6736 = CARTESIAN_POINT ( 'NONE',  ( 2.500000000000001332, -12.79893898089671822, -23.00000000000000000 ) ) ;
#6737 = CARTESIAN_POINT ( 'NONE',  ( -16.20000000000043272, -7.871664704474696350, -0.04235289680298059273 ) ) ;
#6738 = EDGE_LOOP ( 'NONE', ( #188, #9695, #7187, #1565 ) ) ;
#6739 = CARTESIAN_POINT ( 'NONE',  ( -28.58121536676149788, -4.567380745194699720, 15.90000000000003944 ) ) ;
#6740 = CARTESIAN_POINT ( 'NONE',  ( -14.42499245180296263, -16.72528470984944704, 18.20484555641106539 ) ) ;
#6741 = CARTESIAN_POINT ( 'NONE',  ( -15.70000000000043983, -9.097678803514755330, -4.241747797337761305 ) ) ;
#6742 = DIRECTION ( 'NONE',  ( -0.7071067811866370567, -0.7071067811864580888, 0.000000000000000000 ) ) ;
#6743 = LINE ( 'NONE', #5912, #459 ) ;
#6744 = CARTESIAN_POINT ( 'NONE',  ( -34.00000000000000000, -12.00000000000003197, 11.00000000000001954 ) ) ;
#6745 = CONICAL_SURFACE ( 'NONE', #2570, 5.000000000000000888, 0.7853981633974533860 ) ;
#6746 = FACE_OUTER_BOUND ( 'NONE', #1587, .T. ) ;
#6747 = EDGE_LOOP ( 'NONE', ( #5878, #4952 ) ) ;
#6748 = FACE_OUTER_BOUND ( 'NONE', #9080, .T. ) ;
#6749 = ORIENTED_EDGE ( 'NONE', *, *, #8786, .T. ) ;
#6750 = CARTESIAN_POINT ( 'NONE',  ( -16.20000000000044338, -7.498544083378710035, -4.814771940610424572 ) ) ;
#6751 = LINE ( 'NONE', #5134, #5409 ) ;
#6752 = CARTESIAN_POINT ( 'NONE',  ( -9.618932857080334742, -21.70000000000013785, 20.00000000000000000 ) ) ;
#6753 = CARTESIAN_POINT ( 'NONE',  ( -11.47363759657488558, -20.87313253318575335, 17.37294845814639643 ) ) ;
#6754 = ORIENTED_EDGE ( 'NONE', *, *, #6786, .T. ) ;
#6755 = AXIS2_PLACEMENT_3D ( 'NONE', #9957, #8430, #2766 ) ;
#6756 = DIRECTION ( 'NONE',  ( 1.000000000000000000, 2.013015542556615606E-13, 1.058639460636341798E-12 ) ) ;
#6757 = VERTEX_POINT ( 'NONE', #179 ) ;
#6758 = AXIS2_PLACEMENT_3D ( 'NONE', #3966, #1500, #4688 ) ;
#6759 = CARTESIAN_POINT ( 'NONE',  ( -25.30602362989168341, -3.277738966755187722, -19.88089582238714925 ) ) ;
#6760 = CARTESIAN_POINT ( 'NONE',  ( -18.50043412188944103, -2.835038795896980268, 15.00000000000000000 ) ) ;
#6761 = DIRECTION ( 'NONE',  ( -0.7071067811865479058, -0.7071067811865472397, -0.000000000000000000 ) ) ;
#6762 = VERTEX_POINT ( 'NONE', #4182 ) ;
#6763 = CARTESIAN_POINT ( 'NONE',  ( -32.57768753982545462, -5.430819039184426877, 18.55528405669793202 ) ) ;
#6764 = AXIS2_PLACEMENT_3D ( 'NONE', #7563, #5964, #399 ) ;
#6765 = EDGE_LOOP ( 'NONE', ( #803, #7890, #885, #2412 ) ) ;
#6767 = LINE ( 'NONE', #8149, #894 ) ;
#6766 = CARTESIAN_POINT ( 'NONE',  ( -15.19999999999932250, -3.999999999999346301, -22.49999999999999289 ) ) ;
#6768 = CARTESIAN_POINT ( 'NONE',  ( -26.50300500483856325, -4.040021673090715026, 21.33008022496152734 ) ) ;
#6769 = VERTEX_POINT ( 'NONE', #3338 ) ;
#6770 = CARTESIAN_POINT ( 'NONE',  ( -16.44326443527726767, -17.76005566978279404, -21.18372069080163911 ) ) ;
#6771 = CARTESIAN_POINT ( 'NONE',  ( -4.499999999999995559, -21.70000000000013785, -20.00000000000000000 ) ) ;
#6772 = CARTESIAN_POINT ( 'NONE',  ( -14.24860759501727436, -15.93714210654771257, -18.70616014130251159 ) ) ;
#6773 = VERTEX_POINT ( 'NONE', #8896 ) ;
#6774 = CARTESIAN_POINT ( 'NONE',  ( -15.37322947494847902, -22.09281308374683306, -23.00000000000000000 ) ) ;
#6775 = EDGE_CURVE ( 'NONE', #9179, #3138, #4845, .T. ) ;
#6776 = CARTESIAN_POINT ( 'NONE',  ( -28.97769148727937605, -4.667988521274412328, -22.09643854881051439 ) ) ;
#6777 = CARTESIAN_POINT ( 'NONE',  ( -15.70000000000043983, -6.972028366947922606, -4.242125776572106766 ) ) ;
#6778 = CARTESIAN_POINT ( 'NONE',  ( -23.07932209142796509, -23.26351163668528699, 6.297013454678091371 ) ) ;
#6779 = CARTESIAN_POINT ( 'NONE',  ( -19.26635357184571617, -22.18490508109985271, 23.00000000000000000 ) ) ;
#6780 = EDGE_CURVE ( 'NONE', #2635, #195, #3231, .T. ) ;
#6781 = CARTESIAN_POINT ( 'NONE',  ( -16.20538644771931658, -18.13566636935165732, -17.31691438805373906 ) ) ;
#6782 = CARTESIAN_POINT ( 'NONE',  ( -15.70000000000044693, -7.503628200954149285, 0.3803087283403411289 ) ) ;
#6783 = ORIENTED_EDGE ( 'NONE', *, *, #8786, .F. ) ;
#6784 = LINE ( 'NONE', #4449, #103 ) ;
#6785 = CARTESIAN_POINT ( 'NONE',  ( -16.20000000000044338, -7.505149625707763228, 0.3487333291709960870 ) ) ;
#6786 = EDGE_CURVE ( 'NONE', #9025, #2529, #8007, .T. ) ;
#6787 = ORIENTED_EDGE ( 'NONE', *, *, #8804, .T. ) ;
#6788 = CARTESIAN_POINT ( 'NONE',  ( -29.03894100210026608, -4.683530697807766430, 22.09999999999995879 ) ) ;
#6789 = ADVANCED_FACE ( 'NONE', ( #3971 ), #3393, .T. ) ;
#6790 = CARTESIAN_POINT ( 'NONE',  ( -11.47363759657488558, -20.87313253318575335, -17.37294845814636801 ) ) ;
#6791 = CARTESIAN_POINT ( 'NONE',  ( -16.20000000000043983, -9.034412105976958429, -4.306265029607165395 ) ) ;
#6792 = LINE ( 'NONE', #6068, #217 ) ;
#6793 = CARTESIAN_POINT ( 'NONE',  ( -16.89369561214674675, -18.68092666652784928, 19.97620256324514543 ) ) ;
#6794 = LINE ( 'NONE', #2821, #10245 ) ;
#6795 = DIRECTION ( 'NONE',  ( -0.7071067811865454633, -0.7071067811865495711, 0.000000000000000000 ) ) ;
#6796 = CARTESIAN_POINT ( 'NONE',  ( -15.70000000000043627, -8.356433291003842356, -4.078885613518853148 ) ) ;
#6797 = EDGE_LOOP ( 'NONE', ( #3642, #6164, #6130, #4898, #1494, #9148, #3009, #7136, #805, #8332, #3441 ) ) ;
#6798 = CARTESIAN_POINT ( 'NONE',  ( -18.31126983722081292, -10.74020202535469082, 19.00000000000000000 ) ) ;
#6799 = ORIENTED_EDGE ( 'NONE', *, *, #627, .F. ) ;
#6800 = EDGE_CURVE ( 'NONE', #8429, #2047, #3290, .T. ) ;
#6801 = DIRECTION ( 'NONE',  ( -3.469446951953614189E-16, 1.000000000000000000, 0.000000000000000000 ) ) ;
#6802 = CARTESIAN_POINT ( 'NONE',  ( -18.50043412188944458, -2.835038795896987818, 15.00000000000000000 ) ) ;
#6803 = CARTESIAN_POINT ( 'NONE',  ( -17.12051304298577392, -18.86060527521767582, -19.00000000000000000 ) ) ;
#6804 = DIRECTION ( 'NONE',  ( -1.000000000000000000, 6.938893903906404018E-15, 0.000000000000000000 ) ) ;
#6805 = ORIENTED_EDGE ( 'NONE', *, *, #10089, .T. ) ;
#6806 = CARTESIAN_POINT ( 'NONE',  ( -16.31537554279521984, -12.81947461075815120, 23.00000000000000000 ) ) ;
#6807 = CARTESIAN_POINT ( 'NONE',  ( -14.42497063448857730, -16.08363178584879094, -18.00030720596599210 ) ) ;
#6808 = CARTESIAN_POINT ( 'NONE',  ( -29.13714921378207023, -4.412103845525189527, -22.39743087199273575 ) ) ;
#6809 = ORIENTED_EDGE ( 'NONE', *, *, #9510, .T. ) ;
#6810 = DIRECTION ( 'NONE',  ( 0.9588515045363131817, 0.2839080700657317657, 0.000000000000000000 ) ) ;
#6811 = CARTESIAN_POINT ( 'NONE',  ( -19.97500863554163786, -16.69613111081887169, 27.17502801935668089 ) ) ;
#6812 = ORIENTED_EDGE ( 'NONE', *, *, #4484, .T. ) ;
#6813 = CARTESIAN_POINT ( 'NONE',  ( -17.14305017624782934, -18.34130777953066627, 17.30045582609816179 ) ) ;
#6814 = ORIENTED_EDGE ( 'NONE', *, *, #3281, .T. ) ;
#6815 = CARTESIAN_POINT ( 'NONE',  ( -26.61541739067391177, -3.665439725236623314, 16.28413871226015530 ) ) ;
#6816 = LINE ( 'NONE', #6148, #3265 ) ;
#6817 = ORIENTED_EDGE ( 'NONE', *, *, #6473, .F. ) ;
#6818 = CARTESIAN_POINT ( 'NONE',  ( -17.72290744451237288, -18.82294557349879938, -18.70471161464498167 ) ) ;
#6819 = DIRECTION ( 'NONE',  ( -0.6785983445458454444, 0.6785983445458459995, 0.2810846377148264463 ) ) ;
#6820 = CARTESIAN_POINT ( 'NONE',  ( -17.06315140932387209, -18.27494271359436340, -17.19713240217333095 ) ) ;
#6821 = VERTEX_POINT ( 'NONE', #6422 ) ;
#6822 = DIRECTION ( 'NONE',  ( 0.000000000000000000, 0.000000000000000000, -1.000000000000000000 ) ) ;
#6823 = ORIENTED_EDGE ( 'NONE', *, *, #9707, .F. ) ;
#6824 = CARTESIAN_POINT ( 'NONE',  ( -30.70616695789441408, -5.106597515092012429, -21.60480572507453800 ) ) ;
#6825 = CARTESIAN_POINT ( 'NONE',  ( -31.44022680835138672, -5.292871955153559682, 21.04342993318361010 ) ) ;
#6826 = CARTESIAN_POINT ( 'NONE',  ( -15.70000000000044338, -7.332120839148347891, -4.721834646099352994 ) ) ;
#6827 = DIRECTION ( 'NONE',  ( -0.7071067811865938690, -0.7071067811865012764, 0.000000000000000000 ) ) ;
#6828 = EDGE_CURVE ( 'NONE', #8542, #562, #4023, .T. ) ;
#6829 = CARTESIAN_POINT ( 'NONE',  ( -34.00000000000000000, -2.000000000000029310, 5.999999999999998224 ) ) ;
#6830 = CARTESIAN_POINT ( 'NONE',  ( -14.76157180338600305, -16.99191319356364005, -17.64863433907830625 ) ) ;
#6831 = ORIENTED_EDGE ( 'NONE', *, *, #9252, .F. ) ;
#6832 = CARTESIAN_POINT ( 'NONE',  ( -14.84644660940738703, -24.24594154601780716, 23.00000000000000000 ) ) ;
#6833 = CARTESIAN_POINT ( 'NONE',  ( -27.26048947161521596, -4.232240568869298336, 16.21361825676778423 ) ) ;
#6834 = CARTESIAN_POINT ( 'NONE',  ( -25.33587154395001662, -3.743860054784426517, 18.59421707869871554 ) ) ;
#6835 = CARTESIAN_POINT ( 'NONE',  ( -14.84253081865761992, -17.05604692034067682, 17.56456722567076767 ) ) ;
#6836 = CARTESIAN_POINT ( 'NONE',  ( -4.499999999999996447, -14.70000000000013962, -23.00000000000000000 ) ) ;
#6837 = DIRECTION ( 'NONE',  ( -0.5010645155784138050, 0.5010645155784815286, -0.7055981168174070284 ) ) ;
#6838 = CARTESIAN_POINT ( 'NONE',  ( -16.99492080613442013, -18.76111424625260682, 19.74228343069020397 ) ) ;
#6839 = EDGE_CURVE ( 'NONE', #3999, #947, #9631, .T. ) ;
#6840 = CYLINDRICAL_SURFACE ( 'NONE', #3101, 0.4999999999999900080 ) ;
#6841 = CARTESIAN_POINT ( 'NONE',  ( -16.20000000000043983, -8.226686217178688310, -4.841528463549531480 ) ) ;
#6842 = DIRECTION ( 'NONE',  ( 0.000000000000000000, 0.000000000000000000, 1.000000000000000000 ) ) ;
#6843 = ORIENTED_EDGE ( 'NONE', *, *, #3143, .F. ) ;
#6844 = EDGE_CURVE ( 'NONE', #4052, #7118, #7188, .T. ) ;
#6845 = EDGE_CURVE ( 'NONE', #3837, #3300, #2353, .T. ) ;
#6846 = FACE_OUTER_BOUND ( 'NONE', #6765, .T. ) ;
#6847 = VERTEX_POINT ( 'NONE', #8113 ) ;
#6848 = DIRECTION ( 'NONE',  ( 0.6172982111373501724, -0.7867292536359808963, 0.000000000000000000 ) ) ;
#6849 = CARTESIAN_POINT ( 'NONE',  ( -16.61954035032799482, -0.7057424773177797261, 15.50000000000000000 ) ) ;
#6850 = LINE ( 'NONE', #5185, #5582 ) ;
#6851 = DIRECTION ( 'NONE',  ( -0.7071067811865517916, -2.453269466693413412E-16, 0.7071067811865433539 ) ) ;
#6852 = EDGE_LOOP ( 'NONE', ( #9082, #3628, #5153, #3854 ) ) ;
#6853 = CARTESIAN_POINT ( 'NONE',  ( -30.94305905697243020, -5.166709276345106794, 16.53516699094557652 ) ) ;
#6854 = DIRECTION ( 'NONE',  ( -0.7899396958228701582, 0.4514375718697288820, -0.4149691502601546844 ) ) ;
#6855 = EDGE_CURVE ( 'NONE', #226, #4997, #4081, .T. ) ;
#6856 = CARTESIAN_POINT ( 'NONE',  ( -16.20000000000043983, -7.975412702967265233, -0.04609802767762088971 ) ) ;
#6857 = AXIS2_PLACEMENT_3D ( 'NONE', #2463, #884, #4057 ) ;
#6858 = ADVANCED_FACE ( 'NONE', ( #1009 ), #232, .F. ) ;
#6859 = AXIS2_PLACEMENT_3D ( 'NONE', #7111, #4822, #6341 ) ;
#6860 = CARTESIAN_POINT ( 'NONE',  ( -28.40927524315941355, -4.196586329754599554, -22.37553097656676826 ) ) ;
#6861 = ORIENTED_EDGE ( 'NONE', *, *, #1865, .F. ) ;
#6862 = DIRECTION ( 'NONE',  ( -3.469446951953614189E-16, 1.000000000000000000, 0.000000000000000000 ) ) ;
#6863 = LINE ( 'NONE', #8254, #1724 ) ;
#6864 = VERTEX_POINT ( 'NONE', #8948 ) ;
#6865 = VECTOR ( 'NONE', #3511, 1000.000000000000114 ) ;
#6866 = FACE_OUTER_BOUND ( 'NONE', #6404, .T. ) ;
#6867 = ORIENTED_EDGE ( 'NONE', *, *, #4127, .T. ) ;
#6869 = CARTESIAN_POINT ( 'NONE',  ( -18.31126983722083779, -10.74020202535471036, -19.00000000000000000 ) ) ;
#6868 = DIRECTION ( 'NONE',  ( 6.409875621278535208E-16, -0.8164965809277239250, 0.5773502691896288397 ) ) ;
#6870 = DIRECTION ( 'NONE',  ( -0.7071067811865943131, -0.7071067811865008323, 0.000000000000000000 ) ) ;
#6871 = CARTESIAN_POINT ( 'NONE',  ( -14.98829455000832489, -17.17151878618560801, -20.56209724421092844 ) ) ;
#6872 = VECTOR ( 'NONE', #9185, 1000.000000000000000 ) ;
#6873 = VECTOR ( 'NONE', #6120, 1000.000000000000000 ) ;
#6874 = DIRECTION ( 'NONE',  ( 1.000000000000000000, -1.377879206612592155E-13, 0.000000000000000000 ) ) ;
#6875 = CARTESIAN_POINT ( 'NONE',  ( -15.70000000000044338, -9.844654437901986910, 1.403405360279655456 ) ) ;
#6876 = ORIENTED_EDGE ( 'NONE', *, *, #849, .F. ) ;
#6877 = LINE ( 'NONE', #10046, #1106 ) ;
#6878 = ORIENTED_EDGE ( 'NONE', *, *, #5367, .T. ) ;
#6879 = CARTESIAN_POINT ( 'NONE',  ( -30.51029428262117094, -5.056896131676240635, -21.70937969179076177 ) ) ;
#6880 = CARTESIAN_POINT ( 'NONE',  ( -30.17546363478025384, -4.971928683290881779, 21.85393404256234362 ) ) ;
#6881 = VECTOR ( 'NONE', #857, 1000.000000000000000 ) ;
#6882 = CARTESIAN_POINT ( 'NONE',  ( -28.41066742290635005, -4.196998542764921680, 22.39736782120246161 ) ) ;
#6883 = CARTESIAN_POINT ( 'NONE',  ( -38.92072594216369907, -8.000000000000031974, 0.000000000000000000 ) ) ;
#6884 = CARTESIAN_POINT ( 'NONE',  ( -3.734754755516133784, -18.14152270854840410, 16.50000000000000355 ) ) ;
#6885 = CARTESIAN_POINT ( 'NONE',  ( -16.20000000000043983, -10.49999999999928768, -2.028313217815174152 ) ) ;
#6886 = CARTESIAN_POINT ( 'NONE',  ( -30.94305905697243020, -5.166709276345110347, 21.46483300905441638 ) ) ;
#6887 = CARTESIAN_POINT ( 'NONE',  ( -29.93678355119373791, -4.911362310197185721, 21.94167135833769322 ) ) ;
#6888 = VECTOR ( 'NONE', #1718, 1000.000000000000000 ) ;
#6889 = CARTESIAN_POINT ( 'NONE',  ( -24.26425628465537798, -23.05466411501656054, -7.234819033132520616 ) ) ;
#6890 = CARTESIAN_POINT ( 'NONE',  ( -16.20000000000043983, -7.332120839148347891, -0.5730121551137794533 ) ) ;
#6891 = CARTESIAN_POINT ( 'NONE',  ( -17.11158579120756329, -18.85355055488693665, 19.23331283408911219 ) ) ;
#6892 = DIRECTION ( 'NONE',  ( 0.5690808351344378568, 0.000000000000000000, 0.8222815838158427093 ) ) ;
#6893 = FACE_OUTER_BOUND ( 'NONE', #3653, .T. ) ;
#6894 = EDGE_LOOP ( 'NONE', ( #2814, #2182, #10037, #5415 ) ) ;
#6895 = LINE ( 'NONE', #7757, #7849 ) ;
#6896 = AXIS2_PLACEMENT_3D ( 'NONE', #1182, #7668, #10020 ) ;
#6897 = EDGE_LOOP ( 'NONE', ( #7427, #1854, #5147, #7738 ) ) ;
#6898 = CARTESIAN_POINT ( 'NONE',  ( -16.41195217664289530, -18.29930229902720384, 20.56209724421093199 ) ) ;
#6899 = DIRECTION ( 'NONE',  ( 0.7071067811865474617, 0.7071067811865474617, 0.000000000000000000 ) ) ;
#6900 = CARTESIAN_POINT ( 'NONE',  ( -23.41619395414823757, -23.32550355470442938, 6.816972075455707269 ) ) ;
#6901 = CARTESIAN_POINT ( 'NONE',  ( -23.33172798364586242, -22.83172798364415712, 15.00000000000000000 ) ) ;
#6902 = ORIENTED_EDGE ( 'NONE', *, *, #8791, .T. ) ;
#6903 = CARTESIAN_POINT ( 'NONE',  ( -36.90626258997725984, -0.9133333593114507654, 19.00000000000000000 ) ) ;
#6904 = ADVANCED_FACE ( 'NONE', ( #1819 ), #8740, .T. ) ;
#6905 = VECTOR ( 'NONE', #8309, 1000.000000000000114 ) ;
#6906 = CARTESIAN_POINT ( 'NONE',  ( -15.76328130188208299, -17.19525189094221318, -21.24132978931336169 ) ) ;
#6907 = CARTESIAN_POINT ( 'NONE',  ( -30.56247410029940781, -5.070134120247276499, -21.69027858722130020 ) ) ;
#6908 = CARTESIAN_POINT ( 'NONE',  ( -28.15310407949496607, -4.458745150532051227, -15.95520040784688476 ) ) ;
#6909 = CIRCLE ( 'NONE', #8221, 2.100000000000004530 ) ;
#6910 = EDGE_CURVE ( 'NONE', #5382, #9258, #7549, .T. ) ;
#6911 = DIRECTION ( 'NONE',  ( 0.000000000000000000, 0.7071067811865500152, -0.7071067811865451302 ) ) ;
#6912 = CARTESIAN_POINT ( 'NONE',  ( -16.20000000000043983, -6.904353841145121073, 0.3659030946910857840 ) ) ;
#6913 = ORIENTED_EDGE ( 'NONE', *, *, #9622, .F. ) ;
#6914 = CARTESIAN_POINT ( 'NONE',  ( -15.53953935239401574, -17.00940860696979229, 16.81627930919836800 ) ) ;
#6915 = EDGE_CURVE ( 'NONE', #699, #3965, #7698, .T. ) ;
#6916 = EDGE_CURVE ( 'NONE', #10143, #4075, #4285, .T. ) ;
#6917 = VERTEX_POINT ( 'NONE', #9899 ) ;
#6918 = DIRECTION ( 'NONE',  ( -1.000000000000000000, 0.000000000000000000, 0.000000000000000000 ) ) ;
#6919 = CARTESIAN_POINT ( 'NONE',  ( -16.20000000000043983, -10.49999999999928768, 3.787241086389266709 ) ) ;
#6920 = VECTOR ( 'NONE', #8576, 1000.000000000000000 ) ;
#6921 = CARTESIAN_POINT ( 'NONE',  ( -17.04796840796678126, -18.80313735470862824, -19.57998757646467070 ) ) ;
#6922 = VECTOR ( 'NONE', #1234, 1000.000000000000000 ) ;
#6923 = ORIENTED_EDGE ( 'NONE', *, *, #1679, .T. ) ;
#6924 = FACE_OUTER_BOUND ( 'NONE', #1283, .T. ) ;
#6925 = CARTESIAN_POINT ( 'NONE',  ( -15.70000000000043983, -9.734325611388177535, 1.332515512099041732 ) ) ;
#6926 = ORIENTED_EDGE ( 'NONE', *, *, #1310, .F. ) ;
#6927 = ORIENTED_EDGE ( 'NONE', *, *, #4439, .T. ) ;
#6928 = CARTESIAN_POINT ( 'NONE',  ( -31.24163752135051908, -5.242475179508719663, -21.22839130448205935 ) ) ;
#6929 = CARTESIAN_POINT ( 'NONE',  ( -34.00000000000000000, -8.500000000000035527, 0.000000000000000000 ) ) ;
#6930 = DIRECTION ( 'NONE',  ( 0.7692489144105426613, 0.6389492215177992041, 0.000000000000000000 ) ) ;
#6931 = AXIS2_PLACEMENT_3D ( 'NONE', #2978, #8583, #652 ) ;
#6932 = DIRECTION ( 'NONE',  ( 0.000000000000000000, 0.000000000000000000, 1.000000000000000000 ) ) ;
#6933 = ORIENTED_EDGE ( 'NONE', *, *, #6703, .T. ) ;
#6934 = CARTESIAN_POINT ( 'NONE',  ( -16.70000000000051443, -12.49999999999916156, 23.00000000000000000 ) ) ;
#6935 = DIRECTION ( 'NONE',  ( 1.000000000000000000, 3.469446951953615175E-16, -0.000000000000000000 ) ) ;
#6936 = CARTESIAN_POINT ( 'NONE',  ( -29.37976717539324056, -4.483941035036214551, 22.37553097656677181 ) ) ;
#6937 = CARTESIAN_POINT ( 'NONE',  ( -24.24908484354987337, -23.09993578985304197, -7.219647592027018668 ) ) ;
#6938 = CARTESIAN_POINT ( 'NONE',  ( -16.20000000000043983, -7.255515437167127324, -0.5126960369936794937 ) ) ;
#6939 = CARTESIAN_POINT ( 'NONE',  ( -15.46497366551788488, -17.54912461106908950, 20.77520331010677523 ) ) ;
#6940 = CARTESIAN_POINT ( 'NONE',  ( -16.20000000000043983, -14.70000000000014317, -23.00000000000000000 ) ) ;
#6941 = CARTESIAN_POINT ( 'NONE',  ( -25.37679267874921862, -3.298693101974743414, -20.09470427638999013 ) ) ;
#6942 = LINE ( 'NONE', #3674, #1422 ) ;
#6943 = ORIENTED_EDGE ( 'NONE', *, *, #2959, .F. ) ;
#6944 = CARTESIAN_POINT ( 'NONE',  ( -27.13735575426419544, -4.200991740649735462, 16.27759211262453576 ) ) ;
#6945 = ORIENTED_EDGE ( 'NONE', *, *, #1619, .F. ) ;
#6946 = APPROVAL ( #3963, 'UNSPECIFIED' ) ;
#6947 = CARTESIAN_POINT ( 'NONE',  ( -16.33250786936060450, -18.23637194132757244, 17.38716606159123756 ) ) ;
#6948 = CARTESIAN_POINT ( 'NONE',  ( -14.32516260720247914, -16.64620338875894134, 18.53329073061007293 ) ) ;
#6949 = FACE_OUTER_BOUND ( 'NONE', #5142, .T. ) ;
#6950 = CARTESIAN_POINT ( 'NONE',  ( -34.00000000000000000, -7.566987298107801685, 4.670725942163687527 ) ) ;
#6951 = VERTEX_POINT ( 'NONE', #8164 ) ;
#6952 = CARTESIAN_POINT ( 'NONE',  ( -10.40885045885110394, -20.49729236784272857, 18.79729236784259427 ) ) ;
#6953 = DIRECTION ( 'NONE',  ( -0.8164965809277284770, 1.410172636681282794E-15, -0.5773502691896225114 ) ) ;
#6955 = ORIENTED_EDGE ( 'NONE', *, *, #5974, .T. ) ;
#6954 = CARTESIAN_POINT ( 'NONE',  ( -17.05445559288309099, -18.26771984328383169, -20.79365991259185620 ) ) ;
#6956 = CARTESIAN_POINT ( 'NONE',  ( -32.30682491192606420, -5.512771037362596438, -19.20289566018267635 ) ) ;
#6957 = ADVANCED_FACE ( 'NONE', ( #334, #7495 ), #3497, .T. ) ;
#6958 = CARTESIAN_POINT ( 'NONE',  ( -26.96164101915506350, -4.156404593903934241, -16.36841312967859707 ) ) ;
#6959 = CARTESIAN_POINT ( 'NONE',  ( -34.71423156829899170, 1.278697662366830468, 19.00000000000000000 ) ) ;
#6960 = CARTESIAN_POINT ( 'NONE',  ( -14.89103086055183844, -17.09446884471520178, -20.47950347646351688 ) ) ;
#6961 = VERTEX_POINT ( 'NONE', #384 ) ;
#6962 = CARTESIAN_POINT ( 'NONE',  ( -14.92834819478820307, -16.50174443346875819, 17.20634008740813670 ) ) ;
#6963 = ORIENTED_EDGE ( 'NONE', *, *, #8097, .T. ) ;
#6965 = FACE_OUTER_BOUND ( 'NONE', #4575, .T. ) ;
#6964 = CARTESIAN_POINT ( 'NONE',  ( -32.60158332329183395, -5.437894384777099077, 18.55597749684999087 ) ) ;
#6966 = CARTESIAN_POINT ( 'NONE',  ( -23.71635244085108951, -22.51225337288521189, -22.80000000000000071 ) ) ;
#6967 = ADVANCED_FACE ( 'NONE', ( #9949 ), #6674, .T. ) ;
#6968 = CARTESIAN_POINT ( 'NONE',  ( -16.32957124361543322, -18.23404232619193976, -17.38210092330425027 ) ) ;
#6969 = EDGE_CURVE ( 'NONE', #9772, #3164, #1491, .T. ) ;
#6970 = EDGE_CURVE ( 'NONE', #6645, #7322, #3499, .T. ) ;
#6971 = ORIENTED_EDGE ( 'NONE', *, *, #3143, .T. ) ;
#6972 = CARTESIAN_POINT ( 'NONE',  ( -15.70000000000044338, -7.802724347855767739, 0.7885066910734543910 ) ) ;
#6973 = DIRECTION ( 'NONE',  ( -0.7692489144105419951, -0.6389492215177999812, 0.000000000000000000 ) ) ;
#6974 = ORIENTED_EDGE ( 'NONE', *, *, #9253, .F. ) ;
#6975 = EDGE_LOOP ( 'NONE', ( #8664, #7530, #8036, #29 ) ) ;
#6976 = CARTESIAN_POINT ( 'NONE',  ( -31.47731888552569046, -5.302284638810794704, 21.00526779939825772 ) ) ;
#6977 = EDGE_CURVE ( 'NONE', #7322, #324, #9574, .T. ) ;
#6978 = DIRECTION ( 'NONE',  ( 0.4518053273691017280, -0.5439411238000896320, 0.7071067811865435759 ) ) ;
#6979 = FACE_BOUND ( 'NONE', #7080, .T. ) ;
#6980 = LINE ( 'NONE', #3863, #52 ) ;
#6981 = ORIENTED_EDGE ( 'NONE', *, *, #3678, .F. ) ;
#6982 = CARTESIAN_POINT ( 'NONE',  ( -19.26635357184571617, -22.18490508109985271, -22.49999999999999289 ) ) ;
#6983 = CARTESIAN_POINT ( 'NONE',  ( -26.17567441090392322, -3.956963835019105868, 16.95143787538748725 ) ) ;
#6984 = CARTESIAN_POINT ( 'NONE',  ( -31.44448195795784784, -5.293947607983357173, 16.95143787538749436 ) ) ;
#6985 = CARTESIAN_POINT ( 'NONE',  ( -16.20000000000044338, -7.775883497587326332, -0.02180839233190947496 ) ) ;
#6986 = CARTESIAN_POINT ( 'NONE',  ( -16.20000000000044338, -7.118390235841741465, -0.3668021421790762515 ) ) ;
#6987 = CARTESIAN_POINT ( 'NONE',  ( -14.77896825658903879, -17.00569380268798270, 20.37046653321412393 ) ) ;
#6988 = DIRECTION ( 'NONE',  ( -0.6172982111373501724, 0.7867292536359808963, 0.000000000000000000 ) ) ;
#6989 = CARTESIAN_POINT ( 'NONE',  ( -25.18745909526082727, -3.242632980013721244, -18.77763742593378993 ) ) ;
#6990 = AXIS2_PLACEMENT_3D ( 'NONE', #5074, #1829, #4916 ) ;
#6991 = LINE ( 'NONE', #609, #10069 ) ;
#6992 = VERTEX_POINT ( 'NONE', #1311 ) ;
#6993 = CARTESIAN_POINT ( 'NONE',  ( -25.75294755639012223, -3.849689810383853938, 17.49435151616762596 ) ) ;
#6994 = ORIENTED_EDGE ( 'NONE', *, *, #1310, .T. ) ;
#6995 = CARTESIAN_POINT ( 'NONE',  ( -16.82817558769747635, -18.62902480803615646, 17.90579854161324391 ) ) ;
#6996 = DIRECTION ( 'NONE',  ( 0.9429811776828795900, -0.3328460583149656093, 0.000000000000000000 ) ) ;
#6997 = DIRECTION ( 'NONE',  ( -1.000000000000000000, 0.000000000000000000, 0.000000000000000000 ) ) ;
#6998 = CARTESIAN_POINT ( 'NONE',  ( -15.70000000000043983, -7.392272809534227385, -2.797623494700690383 ) ) ;
#6999 = VERTEX_POINT ( 'NONE', #737 ) ;
#7000 = CARTESIAN_POINT ( 'NONE',  ( -15.70000000000043983, -7.721899528217676334, 1.477998738731313821 ) ) ;
#7001 = CARTESIAN_POINT ( 'NONE',  ( -12.30050506338938199, -21.70000000000013785, -20.75510791566222224 ) ) ;
#7002 = CARTESIAN_POINT ( 'NONE',  ( -14.42343050151020734, -16.72404858761049340, -18.20232721995041913 ) ) ;
#7003 = CONICAL_SURFACE ( 'NONE', #9162, 1.000000000000061506, 0.7853981633974488341 ) ;
#7004 = CARTESIAN_POINT ( 'NONE',  ( -32.48301878866097070, -5.402788398035630379, -18.11910417761286141 ) ) ;
#7005 = CARTESIAN_POINT ( 'NONE',  ( -26.54671900696007114, -4.051114252680546812, -16.63644401928316441 ) ) ;
#7006 = FACE_OUTER_BOUND ( 'NONE', #5875, .T. ) ;
#7007 = CARTESIAN_POINT ( 'NONE',  ( -15.93527306078789962, -17.92169647386777243, -20.77520331018092037 ) ) ;
#7008 = EDGE_LOOP ( 'NONE', ( #8200, #5332, #2462, #1545 ) ) ;
#7009 = CARTESIAN_POINT ( 'NONE',  ( -14.67844465534218301, -16.29417095628558343, 20.49073943261362629 ) ) ;
#7010 = EDGE_LOOP ( 'NONE', ( #5480, #2935, #4425 ) ) ;
#7011 = VECTOR ( 'NONE', #3733, 1000.000000000000227 ) ;
#7013 = DIRECTION ( 'NONE',  ( -0.7071067811865502373, 0.7071067811865449082, 0.000000000000000000 ) ) ;
#7012 = DIRECTION ( 'NONE',  ( -1.000000000000000000, 0.000000000000000000, 0.000000000000000000 ) ) ;
#7014 = CARTESIAN_POINT ( 'NONE',  ( -17.12051304298577392, -18.86060527521767582, 19.00000000000000000 ) ) ;
#7015 = CARTESIAN_POINT ( 'NONE',  ( -16.41195217664289530, -18.29930229902720384, -17.43790275578906801 ) ) ;
#7016 = EDGE_LOOP ( 'NONE', ( #4462, #998, #6270, #1294 ) ) ;
#7017 = CARTESIAN_POINT ( 'NONE',  ( -16.20000000000044338, -7.620586924362267034, 0.6873655971982225443 ) ) ;
#7018 = DIRECTION ( 'NONE',  ( -0.6785983445458086960, 0.2810846377149203157, -0.6785983445458438901 ) ) ;
#7019 = VERTEX_POINT ( 'NONE', #1454 ) ;
#7020 = VECTOR ( 'NONE', #6472, 1000.000000000000000 ) ;
#7021 = EDGE_CURVE ( 'NONE', #1099, #4800, #642, .T. ) ;
#7022 = ORIENTED_EDGE ( 'NONE', *, *, #571, .F. ) ;
#7023 = EDGE_CURVE ( 'NONE', #9157, #2498, #3705, .T. ) ;
#7024 = CARTESIAN_POINT ( 'NONE',  ( -29.77392520618128202, -4.870037899525195613, 21.98028516550809996 ) ) ;
#7025 = VECTOR ( 'NONE', #1837, 1000.000000000000000 ) ;
#7026 = LINE ( 'NONE', #5363, #9035 ) ;
#7027 = PLANE ( 'NONE',  #3541 ) ;
#7028 = DIRECTION ( 'NONE',  ( -1.000000000000000000, 0.000000000000000000, 0.000000000000000000 ) ) ;
#7029 = ORIENTED_EDGE ( 'NONE', *, *, #7898, .F. ) ;
#7030 = AXIS2_PLACEMENT_3D ( 'NONE', #2194, #2878, #654 ) ;
#7031 = PLANE ( 'NONE',  #5929 ) ;
#7032 = ADVANCED_FACE ( 'NONE', ( #4638 ), #8467, .F. ) ;
#7033 = CARTESIAN_POINT ( 'NONE',  ( -13.29893898089557247, -1.207106781186163991, -23.00000000000000000 ) ) ;
#7034 = DIRECTION ( 'NONE',  ( 0.000000000000000000, 0.000000000000000000, 1.000000000000000000 ) ) ;
#7035 = ADVANCED_FACE ( 'NONE', ( #3910 ), #1496, .T. ) ;
#7036 = CARTESIAN_POINT ( 'NONE',  ( -15.70000000000043983, -7.332120839148347891, -0.5730121551137794533 ) ) ;
#7037 = EDGE_CURVE ( 'NONE', #5181, #8098, #6612, .T. ) ;
#7038 = CARTESIAN_POINT ( 'NONE',  ( -14.63041381473207636, -16.88801362562216113, 20.18567330349336331 ) ) ;
#7039 = LOCAL_TIME ( 17, 37, 1.000000000000000000, #4015 ) ;
#7040 = FACE_OUTER_BOUND ( 'NONE', #284, .T. ) ;
#7042 = ORIENTED_EDGE ( 'NONE', *, *, #4884, .F. ) ;
#7041 = CARTESIAN_POINT ( 'NONE',  ( -31.68737387575046327, -5.167204461823027728, -21.24511232430543473 ) ) ;
#7043 = CARTESIAN_POINT ( 'NONE',  ( -15.70000000000044693, -8.079962141299649403, -4.189508993867558928 ) ) ;
#7044 = EDGE_LOOP ( 'NONE', ( #7453, #2582, #4680, #9719 ) ) ;
#7045 = AXIS2_PLACEMENT_3D ( 'NONE', #729, #5220, #9955 ) ;
#7046 = CARTESIAN_POINT ( 'NONE',  ( -26.84427860832634849, -4.126625077558693455, 16.43613452690494725 ) ) ;
#7047 = VECTOR ( 'NONE', #5608, 1000.000000000000114 ) ;
#7048 = LINE ( 'NONE', #7760, #8716 ) ;
#7049 = CARTESIAN_POINT ( 'NONE',  ( -16.70000000000051443, -12.49999999999916156, 22.50000000000000000 ) ) ;
#7050 = ORIENTED_EDGE ( 'NONE', *, *, #7416, .T. ) ;
#7051 = CARTESIAN_POINT ( 'NONE',  ( -16.20000000000043983, -9.808529584835024906, -0.7375684428418834981 ) ) ;
#7052 = CARTESIAN_POINT ( 'NONE',  ( -16.20000000000043272, -7.001565576049613604, 0.8919814093236719810 ) ) ;
#7053 = CARTESIAN_POINT ( 'NONE',  ( -14.57076098651949358, -16.84075985921393581, -17.90201782688823329 ) ) ;
#7054 = VECTOR ( 'NONE', #470, 1000.000000000000114 ) ;
#7055 = CARTESIAN_POINT ( 'NONE',  ( -27.90343145654566115, -4.395390008876846721, -22.00085138962325360 ) ) ;
#7056 = CARTESIAN_POINT ( 'NONE',  ( -26.81881843522084097, -4.120164753780579225, -16.45121612044701820 ) ) ;
#7057 = CARTESIAN_POINT ( 'NONE',  ( -25.31333145693570685, -3.738140405639854169, -18.99999999999999289 ) ) ;
#7058 = CARTESIAN_POINT ( 'NONE',  ( -15.97407151755175470, -17.95242495008382022, -20.76620907919327763 ) ) ;
#7059 = ORIENTED_EDGE ( 'NONE', *, *, #5075, .T. ) ;
#7060 = AXIS2_PLACEMENT_3D ( 'NONE', #3255, #588, #91 ) ;
#7061 = CARTESIAN_POINT ( 'NONE',  ( -14.27973368366544271, -16.61021580999513247, 18.88218961675926266 ) ) ;
#7062 = CARTESIAN_POINT ( 'NONE',  ( -16.20000000000043272, -8.336604908523488788, -0.6549770609783159836 ) ) ;
#7063 = CARTESIAN_POINT ( 'NONE',  ( -23.10390308785996893, -23.48614187639572748, -6.074465836337120450 ) ) ;
#7064 = LINE ( 'NONE', #157, #8569 ) ;
#7065 = CARTESIAN_POINT ( 'NONE',  ( -17.11135718769717329, -18.85335225142369708, -18.76438411013189622 ) ) ;
#7066 = AXIS2_PLACEMENT_3D ( 'NONE', #9175, #5240, #8338 ) ;
#7067 = VECTOR ( 'NONE', #4605, 1000.000000000000000 ) ;
#7068 = CARTESIAN_POINT ( 'NONE',  ( -16.20000000000044338, -7.531772739748006096, 0.5583596670911684656 ) ) ;
#7069 = CARTESIAN_POINT ( 'NONE',  ( -45.10080138151387530, -12.00000000000003553, -7.682591274314915175 ) ) ;
#7070 = EDGE_LOOP ( 'NONE', ( #1207, #6454, #1555, #6955 ) ) ;
#7071 = VECTOR ( 'NONE', #1766, 1000.000000000000000 ) ;
#7072 = ORIENTED_EDGE ( 'NONE', *, *, #7537, .F. ) ;
#7073 = CARTESIAN_POINT ( 'NONE',  ( -28.48010880019282709, -4.541723855324709902, 22.08617230399129028 ) ) ;
#7074 = VECTOR ( 'NONE', #9870, 1000.000000000000000 ) ;
#7075 = CARTESIAN_POINT ( 'NONE',  ( -32.50458338786676649, -5.409173499079214409, 19.89058957434157549 ) ) ;
#7076 = CARTESIAN_POINT ( 'NONE',  ( -13.29893898089548721, -0.4999999999996135869, -22.50000000000000711 ) ) ;
#7077 = AXIS2_PLACEMENT_3D ( 'NONE', #4581, #6099, #7634 ) ;
#7078 = PERSON_AND_ORGANIZATION ( #3075, #6207 ) ;
#7079 = EDGE_CURVE ( 'NONE', #2824, #7632, #2279, .T. ) ;
#7080 = EDGE_LOOP ( 'NONE', ( #9326, #9416 ) ) ;
#7081 = FACE_OUTER_BOUND ( 'NONE', #6897, .T. ) ;
#7082 = CARTESIAN_POINT ( 'NONE',  ( -15.97407151755175825, -17.95242495008383088, 17.23379092080671526 ) ) ;
#7083 = LINE ( 'NONE', #10159, #4184 ) ;
#7084 = CARTESIAN_POINT ( 'NONE',  ( -16.20000000000043983, -7.882496365929569038, -0.7375684428418834981 ) ) ;
#7085 = CARTESIAN_POINT ( 'NONE',  ( -15.00634714662315439, -17.18581626077976310, 20.57094950504231434 ) ) ;
#7086 = LINE ( 'NONE', #10162, #8909 ) ;
#7088 = EDGE_LOOP ( 'NONE', ( #3507, #1760, #6305, #8505 ) ) ;
#7087 = CARTESIAN_POINT ( 'NONE',  ( -29.85569912627356359, -4.624860584119465656, -15.71123059569079139 ) ) ;
#7089 = EDGE_CURVE ( 'NONE', #4414, #5844, #7542, .T. ) ;
#7090 = FACE_BOUND ( 'NONE', #8454, .T. ) ;
#7091 = ORIENTED_EDGE ( 'NONE', *, *, #6340, .F. ) ;
#7092 = CARTESIAN_POINT ( 'NONE',  ( -16.20000000000043983, -7.989098054934059334, -2.627587577624199699 ) ) ;
#7093 = ADVANCED_FACE ( 'NONE', ( #9361 ), #2919, .F. ) ;
#7094 = EDGE_CURVE ( 'NONE', #139, #5137, #2178, .T. ) ;
#7095 = PLANE ( 'NONE',  #765 ) ;
#7096 = CARTESIAN_POINT ( 'NONE',  ( -15.70000000000043983, -7.044589019802426577, -3.165579749391533415 ) ) ;
#7097 = ORIENTED_EDGE ( 'NONE', *, *, #8237, .T. ) ;
#7098 = CARTESIAN_POINT ( 'NONE',  ( -25.67741481345749577, -3.387704851635960690, 20.70262373805848455 ) ) ;
#7099 = CARTESIAN_POINT ( 'NONE',  ( -15.70000000000043983, -7.942415086382099254, 1.515675598316568395 ) ) ;
#7100 = CARTESIAN_POINT ( 'NONE',  ( -16.20000000000043983, -8.872802034495123280, -4.463565260288642200 ) ) ;
#7101 = CARTESIAN_POINT ( 'NONE',  ( -16.63875449233591297, -18.47896903035888627, -20.35609672701688311 ) ) ;
#7102 = EDGE_CURVE ( 'NONE', #5235, #6135, #7026, .T. ) ;
#7103 = VERTEX_POINT ( 'NONE', #4682 ) ;
#7104 = CARTESIAN_POINT ( 'NONE',  ( -29.93678355119374501, -4.911362310197177727, -21.94167135833769322 ) ) ;
#7105 = CARTESIAN_POINT ( 'NONE',  ( -28.17228310484956921, -4.463611266438998193, -15.95196394351823521 ) ) ;
#7106 = LINE ( 'NONE', #5541, #271 ) ;
#7107 = CARTESIAN_POINT ( 'NONE',  ( -16.20000000000043983, -8.971562269813281532, 0.6410506973918653761 ) ) ;
#7108 = CARTESIAN_POINT ( 'NONE',  ( -15.90656898449359780, -17.89896413034949063, -20.78105402526938761 ) ) ;
#7109 = ORIENTED_EDGE ( 'NONE', *, *, #5631, .T. ) ;
#7110 = CARTESIAN_POINT ( 'NONE',  ( -17.12051304298577747, -18.86060527521767582, 19.00000000000000000 ) ) ;
#7111 = CARTESIAN_POINT ( 'NONE',  ( -13.29893898089736304, -14.69999999999897256, 23.00000000000000000 ) ) ;
#7113 = ORIENTED_EDGE ( 'NONE', *, *, #7614, .T. ) ;
#7112 = CARTESIAN_POINT ( 'NONE',  ( -4.300353673034472024, -13.09929265393119380, 22.19964632696552798 ) ) ;
#7114 = CARTESIAN_POINT ( 'NONE',  ( -15.70000000000044338, -7.413460869489649774, -4.772367291226591313 ) ) ;
#7115 = CARTESIAN_POINT ( 'NONE',  ( -15.70000000000043272, -10.15014371292751072, 1.540350839801835736 ) ) ;
#7116 = CARTESIAN_POINT ( 'NONE',  ( -16.20000000000043627, -7.752223120512271137, 0.7696356104597047443 ) ) ;
#7117 = DIRECTION ( 'NONE',  ( 1.000000000000000000, 0.000000000000000000, 0.000000000000000000 ) ) ;
#7118 = VERTEX_POINT ( 'NONE', #6302 ) ;
#7119 = ORIENTED_EDGE ( 'NONE', *, *, #1369, .T. ) ;
#7120 = CARTESIAN_POINT ( 'NONE',  ( -26.81881843506211993, -4.120164753738126073, 21.54878387945793250 ) ) ;
#7121 = CARTESIAN_POINT ( 'NONE',  ( -14.92834819478820307, -16.50174443346875819, 17.20634008740813670 ) ) ;
#7122 = PLANE ( 'NONE',  #3372 ) ;
#7123 = PERSON_AND_ORGANIZATION ( #3075, #6207 ) ;
#7124 = CARTESIAN_POINT ( 'NONE',  ( -14.98829455000832489, -17.17151878618560801, 17.43790275578906801 ) ) ;
#7125 = ORIENTED_EDGE ( 'NONE', *, *, #9056, .F. ) ;
#7126 = DIRECTION ( 'NONE',  ( -0.9588515045363131817, -0.2839080700657317657, 0.000000000000000000 ) ) ;
#7127 = CARTESIAN_POINT ( 'NONE',  ( -16.20000000000043983, -7.693545981567194936, 0.01462395244811256524 ) ) ;
#7128 = CARTESIAN_POINT ( 'NONE',  ( -24.29906428854787492, -22.77373724022953283, 7.269627037025011340 ) ) ;
#7129 = DIRECTION ( 'NONE',  ( 0.000000000000000000, 0.000000000000000000, 1.000000000000000000 ) ) ;
#7130 = CARTESIAN_POINT ( 'NONE',  ( -16.20000000000044338, -9.844654437901986910, 1.403405360279655456 ) ) ;
#7131 = ADVANCED_FACE ( 'NONE', ( #7744 ), #7790, .T. ) ;
#7132 = CARTESIAN_POINT ( 'NONE',  ( -30.53731151046286385, -4.826680423388181040, -15.94627762722664066 ) ) ;
#7133 = FACE_BOUND ( 'NONE', #9246, .T. ) ;
#7134 = ORIENTED_EDGE ( 'NONE', *, *, #1619, .T. ) ;
#7135 = CARTESIAN_POINT ( 'NONE',  ( -29.81080757600780018, -4.879397162369757623, 16.02963359519991826 ) ) ;
#7136 = ORIENTED_EDGE ( 'NONE', *, *, #2263, .T. ) ;
#7137 = CARTESIAN_POINT ( 'NONE',  ( -15.70000000000043983, -7.011879040948755915, -0.1914390987567879676 ) ) ;
#7138 = CARTESIAN_POINT ( 'NONE',  ( -23.63970187849690419, -23.22682404138151213, 7.161955309305646722 ) ) ;
#7139 = CARTESIAN_POINT ( 'NONE',  ( -31.11685028308619394, -5.210813442621871516, -16.67009696718997347 ) ) ;
#7140 = ORIENTED_EDGE ( 'NONE', *, *, #4685, .F. ) ;
#7141 = CARTESIAN_POINT ( 'NONE',  ( -19.06670549790255365, -16.91441282030091742, 22.59999999999980602 ) ) ;
#7142 = EDGE_CURVE ( 'NONE', #3035, #947, #8030, .T. ) ;
#7143 = DIRECTION ( 'NONE',  ( -1.000000000000000000, 0.000000000000000000, 0.000000000000000000 ) ) ;
#7144 = CARTESIAN_POINT ( 'NONE',  ( -16.20000000000043983, -9.097678803514755330, -4.241747797337761305 ) ) ;
#7145 = EDGE_CURVE ( 'NONE', #6201, #7925, #5785, .T. ) ;
#7146 = CARTESIAN_POINT ( 'NONE',  ( -15.79308817027107104, -17.80905477741827170, -20.79999999999990123 ) ) ;
#7147 = EDGE_CURVE ( 'NONE', #5644, #3165, #5061, .T. ) ;
#7148 = DIRECTION ( 'NONE',  ( 0.2007533215770659074, -0.6780104010085482580, 0.7071067811865493491 ) ) ;
#7149 = VERTEX_POINT ( 'NONE', #7491 ) ;
#7150 = CARTESIAN_POINT ( 'NONE',  ( -13.15249237148886685, -1.353553390592906913, -23.00000000000000000 ) ) ;
#7151 = CARTESIAN_POINT ( 'NONE',  ( -23.42215844453909668, -23.32363897539136133, -6.826176354939519797 ) ) ;
#7152 = ORIENTED_EDGE ( 'NONE', *, *, #3543, .T. ) ;
#7153 = LINE ( 'NONE', #9254, #2393 ) ;
#7154 = CARTESIAN_POINT ( 'NONE',  ( -18.50043412188944103, -2.835038795896980268, -15.00000000000000000 ) ) ;
#7155 = CARTESIAN_POINT ( 'NONE',  ( -16.02772565559319062, -17.99492826913941812, -20.75268431324472118 ) ) ;
#7156 = ORIENTED_EDGE ( 'NONE', *, *, #1433, .T. ) ;
#7157 = EDGE_CURVE ( 'NONE', #3936, #9275, #5726, .T. ) ;
#7158 = CARTESIAN_POINT ( 'NONE',  ( -15.76328130188208299, -17.19525189094220963, 21.24132978931335813 ) ) ;
#7159 = ORIENTED_EDGE ( 'NONE', *, *, #10026, .F. ) ;
#7160 = ADVANCED_FACE ( 'NONE', ( #1711, #5835 ), #283, .F. ) ;
#7162 = ORIENTED_EDGE ( 'NONE', *, *, #1753, .T. ) ;
#7161 = DIRECTION ( 'NONE',  ( 0.5773502691896268413, 0.5773502691896270633, 0.5773502691896233996 ) ) ;
#7163 = CARTESIAN_POINT ( 'NONE',  ( -15.70000000000044693, -6.906722299547404020, -3.906151572459874100 ) ) ;
#7164 = EDGE_CURVE ( 'NONE', #3502, #4798, #4951, .T. ) ;
#7165 = VECTOR ( 'NONE', #7129, 1000.000000000000000 ) ;
#7166 = CARTESIAN_POINT ( 'NONE',  ( -16.44861830796732960, -17.76450267350725554, 16.80333334924318933 ) ) ;
#7167 = VERTEX_POINT ( 'NONE', #8943 ) ;
#7168 = CARTESIAN_POINT ( 'NONE',  ( -28.41066742289978819, -4.196998542762979234, -15.60263217879675324 ) ) ;
#7169 = EDGE_LOOP ( 'NONE', ( #9893, #1482, #4893, #5612 ) ) ;
#7170 = CARTESIAN_POINT ( 'NONE',  ( -32.12823292504249650, -5.467452512001336196, 18.00113250729094005 ) ) ;
#7171 = VERTEX_POINT ( 'NONE', #8155 ) ;
#7172 = CARTESIAN_POINT ( 'NONE',  ( -28.51308123003387252, -4.550090488660816668, 22.08883834527361500 ) ) ;
#7173 = CARTESIAN_POINT ( 'NONE',  ( -14.60573695979348585, -16.23377889774781835, 17.62394092679182478 ) ) ;
#7174 = VECTOR ( 'NONE', #2933, 1000.000000000000000 ) ;
#7175 = CARTESIAN_POINT ( 'NONE',  ( -17.14099642791485323, -21.03215291196702097, 23.00000000000000000 ) ) ;
#7176 = VECTOR ( 'NONE', #10062, 1000.000000000000000 ) ;
#7177 = CARTESIAN_POINT ( 'NONE',  ( -14.76149223431532853, -16.99185205485392913, 20.35609672701688311 ) ) ;
#7178 = ORIENTED_EDGE ( 'NONE', *, *, #254, .T. ) ;
#7179 = CARTESIAN_POINT ( 'NONE',  ( -15.70000000000043627, -8.746054593834681867, -4.566710480808124473 ) ) ;
#7180 = LINE ( 'NONE', #2188, #8469 ) ;
#7181 = LINE ( 'NONE', #3229, #7843 ) ;
#7182 = CIRCLE ( 'NONE', #6545, 13.49999999999999822 ) ;
#7183 = LINE ( 'NONE', #4134, #2173 ) ;
#7184 = CARTESIAN_POINT ( 'NONE',  ( -16.20000000000044338, -9.643921318474971471, 1.268197148889921300 ) ) ;
#7185 = CARTESIAN_POINT ( 'NONE',  ( -26.17567441090392677, -3.956963835019099651, -16.95143787538749791 ) ) ;
#7186 = CARTESIAN_POINT ( 'NONE',  ( -17.51466414186443288, -18.64997568869219791, -20.13478441012333064 ) ) ;
#7187 = ORIENTED_EDGE ( 'NONE', *, *, #8364, .F. ) ;
#7188 =( BOUNDED_CURVE ( )  B_SPLINE_CURVE ( 3, ( #11, #67, #2486, #1661 ),
 .UNSPECIFIED., .F., .T. ) 
 B_SPLINE_CURVE_WITH_KNOTS ( ( 4, 4 ),
 ( 1.346991011633400293, 2.552561683373482992 ),
 .UNSPECIFIED. ) 
 CURVE ( )  GEOMETRIC_REPRESENTATION_ITEM ( )  RATIONAL_B_SPLINE_CURVE ( ( 1.000000000000000000, 0.8825064643293153432, 0.8825064643293153432, 1.000000000000000000 ) ) 
 REPRESENTATION_ITEM ( '' )  );
#7189 = VECTOR ( 'NONE', #543, 1000.000000000000114 ) ;
#7190 = CARTESIAN_POINT ( 'NONE',  ( -28.97769148732811217, -4.667988521286854819, 15.90356145119160836 ) ) ;
#7191 = ORIENTED_EDGE ( 'NONE', *, *, #9436, .F. ) ;
#7192 = CARTESIAN_POINT ( 'NONE',  ( -16.99492080613783074, -18.76111424625530688, -18.25771656932023745 ) ) ;
#7193 = CARTESIAN_POINT ( 'NONE',  ( -16.47758631529512741, -1.185168229585942035, -15.00000000000000000 ) ) ;
#7194 = CARTESIAN_POINT ( 'NONE',  ( -29.77392520608497861, -4.870037899501054923, -16.01971483446605760 ) ) ;
#7195 = ADVANCED_FACE ( 'NONE', ( #6515 ), #1814, .T. ) ;
#7196 = EDGE_LOOP ( 'NONE', ( #5664, #8255, #2736, #4473 ) ) ;
#7197 = DIRECTION ( 'NONE',  ( 0.000000000000000000, -1.000000000000000000, 0.000000000000000000 ) ) ;
#7198 = DIRECTION ( 'NONE',  ( 1.000000000000000000, 3.469446951953615175E-16, -0.000000000000000000 ) ) ;
#7199 = LINE ( 'NONE', #82, #1832 ) ;
#7200 = DIRECTION ( 'NONE',  ( -0.7071067811865502373, 0.7071067811865449082, 0.000000000000000000 ) ) ;
#7201 = CARTESIAN_POINT ( 'NONE',  ( -15.51419759758016603, -17.58812512138062800, -20.78839717032765932 ) ) ;
#7202 = DIRECTION ( 'NONE',  ( 0.000000000000000000, 0.000000000000000000, -1.000000000000000000 ) ) ;
#7203 = ORIENTED_EDGE ( 'NONE', *, *, #7021, .F. ) ;
#7204 = CARTESIAN_POINT ( 'NONE',  ( -16.20000000000044338, -9.558548413931021059, 0.4041139157355321809 ) ) ;
#7205 = AXIS2_PLACEMENT_3D ( 'NONE', #4727, #8769, #7991 ) ;
#7206 = SECURITY_CLASSIFICATION ( '', '', #223 ) ;
#7207 = CARTESIAN_POINT ( 'NONE',  ( -16.20000000000044338, -6.942179309626696160, -4.136683461546422969 ) ) ;
#7208 = CARTESIAN_POINT ( 'NONE',  ( -4.499999999999996447, -14.70000000000013962, 23.00000000000000000 ) ) ;
#7209 = CARTESIAN_POINT ( 'NONE',  ( -15.70000000000043983, -8.784289032372960548, -0.3889521085299013636 ) ) ;
#7210 = CARTESIAN_POINT ( 'NONE',  ( -4.499999999999995559, -21.70000000000013785, -23.00000000000000000 ) ) ;
#7211 = ADVANCED_FACE ( 'NONE', ( #5671 ), #5002, .T. ) ;
#7212 = ORIENTED_EDGE ( 'NONE', *, *, #8051, .F. ) ;
#7213 = CARTESIAN_POINT ( 'NONE',  ( -16.10546455054463522, -17.47947422295148456, 21.25587117207536281 ) ) ;
#7214 = AXIS2_PLACEMENT_3D ( 'NONE', #4206, #3311, #7981 ) ;
#7215 = DIRECTION ( 'NONE',  ( -0.5690808351344379679, -1.862496709272781172E-16, 0.8222815838158425983 ) ) ;
#7217 = VERTEX_POINT ( 'NONE', #171 ) ;
#7216 = CARTESIAN_POINT ( 'NONE',  ( -14.95243925074760760, -23.64482740617151890, 23.00000000000000000 ) ) ;
#7218 = CARTESIAN_POINT ( 'NONE',  ( -16.20000000000043627, -6.919645622918274341, -4.025017480942022274 ) ) ;
#7219 = FACE_OUTER_BOUND ( 'NONE', #9601, .T. ) ;
#7220 = EDGE_CURVE ( 'NONE', #2044, #6143, #9623, .T. ) ;
#7221 = AXIS2_PLACEMENT_3D ( 'NONE', #5812, #8813, #8190 ) ;
#7222 = ORIENTED_EDGE ( 'NONE', *, *, #867, .T. ) ;
#7223 = CARTESIAN_POINT ( 'NONE',  ( -16.20000000000043983, -7.097036302006134889, -3.080012504680883723 ) ) ;
#7224 = LINE ( 'NONE', #1802, #6568 ) ;
#7225 = EDGE_CURVE ( 'NONE', #1655, #6009, #8265, .T. ) ;
#7226 = ORIENTED_EDGE ( 'NONE', *, *, #5271, .T. ) ;
#7227 = EDGE_CURVE ( 'NONE', #3797, #3254, #4002, .T. ) ;
#7228 = CARTESIAN_POINT ( 'NONE',  ( -27.25173090808978671, -3.853846941402633064, 22.05372237277337177 ) ) ;
#7229 = ORIENTED_EDGE ( 'NONE', *, *, #8424, .T. ) ;
#7230 = CARTESIAN_POINT ( 'NONE',  ( -28.25930490498630832, -4.485689757188608517, 22.06140833573547511 ) ) ;
#7231 = CIRCLE ( 'NONE', #6247, 1.600000000000007638 ) ;
#7232 = CARTESIAN_POINT ( 'NONE',  ( -16.10546455054463522, -17.47947422295148456, 21.25587117207536281 ) ) ;
#7233 = CARTESIAN_POINT ( 'NONE',  ( -13.00000000000000711, -15.20000000000003482, 22.50000000000000000 ) ) ;
#7234 = CARTESIAN_POINT ( 'NONE',  ( -17.12051304298577747, -18.86060527521767582, 19.00000000000000000 ) ) ;
#7235 = VERTEX_POINT ( 'NONE', #3330 ) ;
#7236 = VECTOR ( 'NONE', #9855, 1000.000000000000000 ) ;
#7237 = CARTESIAN_POINT ( 'NONE',  ( -15.70000000000042917, -8.446784103596192139, -4.755975227724845489 ) ) ;
#7238 = AXIS2_PLACEMENT_3D ( 'NONE', #6269, #5331, #1370 ) ;
#7239 = CARTESIAN_POINT ( 'NONE',  ( -26.84427860826918888, -4.126625077544617604, -21.56386547306139789 ) ) ;
#7240 = CARTESIAN_POINT ( 'NONE',  ( -15.70000000000044338, -7.505149625707762340, -3.800089161814578897 ) ) ;
#7241 = CARTESIAN_POINT ( 'NONE',  ( -16.20000000000043983, -8.971562269813281532, 0.6410506973918653761 ) ) ;
#7242 = CARTESIAN_POINT ( 'NONE',  ( -15.70000000000043983, -8.056804533085559328, 0.8297644981971120659 ) ) ;
#7243 = CARTESIAN_POINT ( 'NONE',  ( -31.44448195795785495, -5.293947607983353620, -16.95143787538748370 ) ) ;
#7244 = DIRECTION ( 'NONE',  ( -0.7071067811865450192, -0.7071067811865500152, 0.000000000000000000 ) ) ;
#7245 = VECTOR ( 'NONE', #5933, 1000.000000000000000 ) ;
#7246 = CARTESIAN_POINT ( 'NONE',  ( -28.07607999718604930, -4.439199601105575432, 15.96901400400744464 ) ) ;
#7247 = ORIENTED_EDGE ( 'NONE', *, *, #5506, .F. ) ;
#7248 = DIRECTION ( 'NONE',  ( 0.000000000000000000, 0.000000000000000000, -1.000000000000000000 ) ) ;
#7249 = CARTESIAN_POINT ( 'NONE',  ( -15.69999999999932250, -3.999999999999281908, 23.00000000000000000 ) ) ;
#7250 = CARTESIAN_POINT ( 'NONE',  ( -23.81140189578768229, -22.97616396519455151, 7.426973327748083165 ) ) ;
#7251 = CARTESIAN_POINT ( 'NONE',  ( -30.33436306628177093, -5.012253722839169257, -16.20922847002620770 ) ) ;
#7252 = EDGE_LOOP ( 'NONE', ( #1512, #6220 ) ) ;
#7253 = LINE ( 'NONE', #5746, #5193 ) ;
#7254 = VECTOR ( 'NONE', #9350, 1000.000000000000114 ) ;
#7255 = DIRECTION ( 'NONE',  ( -0.000000000000000000, -0.000000000000000000, -1.000000000000000000 ) ) ;
#7256 = CARTESIAN_POINT ( 'NONE',  ( -23.79600064638882984, -22.64357987872679345, -7.403201585254278960 ) ) ;
#7257 = CARTESIAN_POINT ( 'NONE',  ( -16.20000000000043983, -7.531772739748002543, -3.590462823894405631 ) ) ;
#7258 = CARTESIAN_POINT ( 'NONE',  ( -15.70000000000043983, -8.784289032372960548, -4.537774599515476126 ) ) ;
#7259 = DIRECTION ( 'NONE',  ( -0.4518053273691012284, 0.5439411238000880777, -0.7071067811865450192 ) ) ;
#7260 = EDGE_LOOP ( 'NONE', ( #1599, #3832, #7992 ) ) ;
#7261 = CARTESIAN_POINT ( 'NONE',  ( -31.44448195795785495, -5.293947607983353620, -16.95143787538748370 ) ) ;
#7262 = CARTESIAN_POINT ( 'NONE',  ( -23.43359376257460269, -23.32136252987117331, -6.843828272948698555 ) ) ;
#7263 = CARTESIAN_POINT ( 'NONE',  ( -34.00000000000000000, -8.000000000000031974, -5.420725942163712396 ) ) ;
#7264 = CARTESIAN_POINT ( 'NONE',  ( -15.70000000000043983, -9.300625348133955583, 0.1304476834341581626 ) ) ;
#7265 = CARTESIAN_POINT ( 'NONE',  ( -16.99437326939886717, -18.76068094189538726, -19.74395783117093828 ) ) ;
#7266 = ORIENTED_EDGE ( 'NONE', *, *, #8218, .T. ) ;
#7267 = CARTESIAN_POINT ( 'NONE',  ( -16.20000000000043983, -8.746054593834683644, -0.4178879898225493772 ) ) ;
#7268 = DIRECTION ( 'NONE',  ( 0.7071067811865474617, 0.7071067811865474617, 0.000000000000000000 ) ) ;
#7269 = FACE_OUTER_BOUND ( 'NONE', #338, .T. ) ;
#7270 = CARTESIAN_POINT ( 'NONE',  ( -14.46824131327186969, -16.11957303452031809, 17.86527010138298621 ) ) ;
#7271 = EDGE_CURVE ( 'NONE', #2689, #10034, #6114, .T. ) ;
#7272 = VERTEX_POINT ( 'NONE', #2853 ) ;
#7273 = CARTESIAN_POINT ( 'NONE',  ( -32.60158332329182684, -5.437894384777099965, -18.55457440609778175 ) ) ;
#7274 = CARTESIAN_POINT ( 'NONE',  ( -33.44143936216327262, 2.551489868502552660, 19.00000000000000000 ) ) ;
#7275 = VERTEX_POINT ( 'NONE', #1206 ) ;
#7276 = CARTESIAN_POINT ( 'NONE',  ( -31.95306890763652419, -5.423003849417339595, 17.62623021204552032 ) ) ;
#7277 = CARTESIAN_POINT ( 'NONE',  ( -27.25173090808977960, -3.853846941402630843, 15.94627762722663711 ) ) ;
#7278 = VERTEX_POINT ( 'NONE', #2077 ) ;
#7279 = EDGE_CURVE ( 'NONE', #10138, #4990, #2019, .T. ) ;
#7280 = CARTESIAN_POINT ( 'NONE',  ( -27.49724568361052235, -4.292318292162288884, 21.87324578394120067 ) ) ;
#7281 = ORIENTED_EDGE ( 'NONE', *, *, #3217, .T. ) ;
#7282 = CARTESIAN_POINT ( 'NONE',  ( -14.83975361142345584, -16.42815649722192362, 20.69954417390184531 ) ) ;
#7283 = ADVANCED_FACE ( 'NONE', ( #9945 ), #2801, .T. ) ;
#7284 = EDGE_CURVE ( 'NONE', #3882, #10003, #2171, .T. ) ;
#7285 = CARTESIAN_POINT ( 'NONE',  ( -15.70000000000043983, -8.827565459923031099, -4.503414674254524463 ) ) ;
#7286 = EDGE_LOOP ( 'NONE', ( #168, #5988, #5258, #1004 ) ) ;
#7287 = CARTESIAN_POINT ( 'NONE',  ( -15.70000000000043983, -8.971562269813281532, 0.6410506973918653761 ) ) ;
#7288 = ADVANCED_FACE ( 'NONE', ( #1303 ), #3698, .T. ) ;
#7289 = CARTESIAN_POINT ( 'NONE',  ( -28.17776006137238554, -4.465002198837830782, -22.04922744791452160 ) ) ;
#7290 = CARTESIAN_POINT ( 'NONE',  ( -20.47980774815354721, -19.63666333955143273, -3.450370496630698725 ) ) ;
#7291 = LINE ( 'NONE', #7485, #7333 ) ;
#7292 = CARTESIAN_POINT ( 'NONE',  ( -21.98993461845848429, -24.44715070390630274, 23.00000000000000000 ) ) ;
#7293 = CARTESIAN_POINT ( 'NONE',  ( -29.93678355119374501, -4.911362310197177727, -21.94167135833769322 ) ) ;
#7294 = EDGE_CURVE ( 'NONE', #3376, #4990, #8461, .T. ) ;
#7295 = DIRECTION ( 'NONE',  ( 0.7071067811865502373, -0.7071067811865449082, -0.000000000000000000 ) ) ;
#7296 = CARTESIAN_POINT ( 'NONE',  ( -27.73825349713197141, -4.353472938824667793, 16.04919281568473011 ) ) ;
#7297 = ORIENTED_EDGE ( 'NONE', *, *, #883, .T. ) ;
#7298 = LINE ( 'NONE', #1668, #10236 ) ;
#7299 = CARTESIAN_POINT ( 'NONE',  ( -3.499999999999993339, -14.70000000000013962, 23.00000000000000000 ) ) ;
#7300 = CARTESIAN_POINT ( 'NONE',  ( -15.70000000000043983, -8.971562269813281532, 0.6410506973918653761 ) ) ;
#7301 = CARTESIAN_POINT ( 'NONE',  ( -29.30432428163397773, -4.750877922315051904, -15.93101827605450715 ) ) ;
#7302 = ORIENTED_EDGE ( 'NONE', *, *, #1550, .T. ) ;
#7303 = DIRECTION ( 'NONE',  ( 0.7071067811865475727, -0.7071067811865475727, 0.000000000000000000 ) ) ;
#7304 = DIRECTION ( 'NONE',  ( 0.7071067811865008323, -0.7071067811865943131, -0.000000000000000000 ) ) ;
#7305 = CARTESIAN_POINT ( 'NONE',  ( -23.23210150563245335, -23.32266930358717616, -6.532826408578788602 ) ) ;
#7306 = CARTESIAN_POINT ( 'NONE',  ( -16.20000000000043983, -9.591254793415313173, -3.712049454811818361 ) ) ;
#7307 = CARTESIAN_POINT ( 'NONE',  ( -14.76149223431532853, -16.99185205485392913, -17.64390327298311689 ) ) ;
#7308 = CARTESIAN_POINT ( 'NONE',  ( -15.70000000000043983, -7.858755298660814681, 0.8034127112542617244 ) ) ;
#7309 = EDGE_LOOP ( 'NONE', ( #8615, #5659, #154, #7178 ) ) ;
#7310 = CARTESIAN_POINT ( 'NONE',  ( -31.12082105711135682, -5.211817188811616930, -16.66450008125597293 ) ) ;
#7311 = CARTESIAN_POINT ( 'NONE',  ( -23.35067307079069820, -23.33150804000016620, -6.715840244239448253 ) ) ;
#7312 = DIRECTION ( 'NONE',  ( 0.000000000000000000, 0.000000000000000000, 1.000000000000000000 ) ) ;
#7313 = CARTESIAN_POINT ( 'NONE',  ( -15.70000000000043983, -9.642235741182128450, 0.4817752022743757578 ) ) ;
#7314 = CARTESIAN_POINT ( 'NONE',  ( -16.20000000000044338, -10.15014371292751250, -2.608471651183738249 ) ) ;
#7315 = ORIENTED_EDGE ( 'NONE', *, *, #6347, .F. ) ;
#7316 = CARTESIAN_POINT ( 'NONE',  ( -16.06840615756673785, -18.02715432681259600, 20.74242983912377625 ) ) ;
#7317 = LINE ( 'NONE', #3425, #1698 ) ;
#7319 = ORIENTED_EDGE ( 'NONE', *, *, #4864, .F. ) ;
#7318 = CARTESIAN_POINT ( 'NONE',  ( -34.00000000000000000, -4.500000000000031974, 0.000000000000000000 ) ) ;
#7320 = CARTESIAN_POINT ( 'NONE',  ( -15.70000000000044338, -9.643921318474971471, 1.268197148889921300 ) ) ;
#7321 = CONICAL_SURFACE ( 'NONE', #6173, 2.100000000000004530, 0.7853981633974521648 ) ;
#7322 = VERTEX_POINT ( 'NONE', #1969 ) ;
#7323 = CARTESIAN_POINT ( 'NONE',  ( -4.499999999999996447, -14.70000000000013962, 22.50000000000001421 ) ) ;
#7324 = DIRECTION ( 'NONE',  ( -0.7071067811865451302, 0.000000000000000000, -0.7071067811865500152 ) ) ;
#7325 = ORIENTED_EDGE ( 'NONE', *, *, #6347, .T. ) ;
#7326 = EDGE_CURVE ( 'NONE', #539, #10127, #10099, .T. ) ;
#7327 = CARTESIAN_POINT ( 'NONE',  ( -22.00000000000000355, -23.95146571496291088, 4.970562748477149739 ) ) ;
#7328 = B_SPLINE_SURFACE_WITH_KNOTS ( 'NONE', 3, 1, ( 
 ( #9821, #6698 ),
 ( #9874, #2572 ),
 ( #5925, #9081 ),
 ( #3423, #5139 ),
 ( #4933, #2622 ),
 ( #8091, #4159 ),
 ( #1844, #205 ),
 ( #5764, #8192 ),
 ( #1185, #3366 ),
 ( #7267, #8924 ),
 ( #153, #4981 ) ),
 .UNSPECIFIED., .F., .F., .F.,
 ( 4, 1, 1, 1, 1, 1, 1, 1, 4 ),
 ( 2, 2 ),
 ( 0.000000000000000000, 0.1191762436674470571, 0.2364273787594516341, 0.3526638478564028678, 0.4690860844274158392, 0.5894629077907684866, 0.7176014692905111625, 0.8541894668533106527, 1.000000000000000000 ),
 ( 0.000000000000000000, 1.000000000000000000 ),
 .UNSPECIFIED. ) ;
#7329 = ORIENTED_EDGE ( 'NONE', *, *, #2902, .T. ) ;
#7330 = CARTESIAN_POINT ( 'NONE',  ( -26.17996159710922655, -3.958047332943487984, 21.04346211207994344 ) ) ;
#7331 = ORIENTED_EDGE ( 'NONE', *, *, #1308, .F. ) ;
#7332 = CARTESIAN_POINT ( 'NONE',  ( -17.67840240365597282, -18.78597904592091439, 19.58490888141915320 ) ) ;
#7333 = VECTOR ( 'NONE', #4022, 1000.000000000000000 ) ;
#7334 = ADVANCED_FACE ( 'NONE', ( #8367 ), #486, .T. ) ;
#7335 = CARTESIAN_POINT ( 'NONE',  ( -15.70000000000043272, -9.474536338437763661, -3.832106621387972201 ) ) ;
#7336 = ORIENTED_EDGE ( 'NONE', *, *, #9491, .T. ) ;
#7337 = DIRECTION ( 'NONE',  ( -0.9588515045363131817, -0.2839080700657317657, 0.000000000000000000 ) ) ;
#7338 = EDGE_CURVE ( 'NONE', #5082, #195, #5546, .T. ) ;
#7339 = CARTESIAN_POINT ( 'NONE',  ( -15.70000000000043983, -7.975412702967265233, -0.04609802767762088971 ) ) ;
#7340 = CARTESIAN_POINT ( 'NONE',  ( -24.13599327227491287, -23.31095937781973504, 7.106556020752051950 ) ) ;
#7341 = DIRECTION ( 'NONE',  ( -1.000000000000000000, -3.460219699421904391E-16, -0.000000000000000000 ) ) ;
#7342 = CARTESIAN_POINT ( 'NONE',  ( -25.33587154395003793, -3.743860054784413638, -19.40578292130128446 ) ) ;
#7343 = DIRECTION ( 'NONE',  ( -0.9063077870366214039, 0.4226182617407604480, 0.000000000000000000 ) ) ;
#7344 = CARTESIAN_POINT ( 'NONE',  ( -28.43595705872212065, -4.530519701047857062, 15.91778632810791194 ) ) ;
#7345 = ORIENTED_EDGE ( 'NONE', *, *, #10100, .T. ) ;
#7346 = EDGE_CURVE ( 'NONE', #4882, #9302, #4992, .T. ) ;
#7347 = CARTESIAN_POINT ( 'NONE',  ( 2.000000000000001332, -12.29893898089671822, 23.00000000000000000 ) ) ;
#7348 = CARTESIAN_POINT ( 'NONE',  ( -15.70000000000043627, -9.364960579833843113, 0.1998809039068753513 ) ) ;
#7349 = CARTESIAN_POINT ( 'NONE',  ( -16.20000000000043983, -7.693545981567194936, 0.01462395244811256524 ) ) ;
#7350 = CARTESIAN_POINT ( 'NONE',  ( -30.70654421476231732, -5.106692363983297511, -16.39506355173289975 ) ) ;
#7351 = ADVANCED_FACE ( 'NONE', ( #5461 ), #2421, .T. ) ;
#7352 = ORIENTED_EDGE ( 'NONE', *, *, #6471, .F. ) ;
#7353 = FACE_OUTER_BOUND ( 'NONE', #7044, .T. ) ;
#7354 = EDGE_CURVE ( 'NONE', #3164, #6467, #4779, .T. ) ;
#7355 = CARTESIAN_POINT ( 'NONE',  ( -32.22655030452310143, -5.326850182347603102, 17.49442326175538298 ) ) ;
#7356 = CARTESIAN_POINT ( 'NONE',  ( -7.552385033499578348, -11.02514792364131146, 23.00000000000000000 ) ) ;
#7357 = DIRECTION ( 'NONE',  ( -0.000000000000000000, 1.000000000000000000, -0.000000000000000000 ) ) ;
#7358 = CARTESIAN_POINT ( 'NONE',  ( -16.56654700062320273, -18.42176818576414377, -17.56880663992192737 ) ) ;
#7359 = AXIS2_PLACEMENT_3D ( 'NONE', #6883, #10153, #5419 ) ;
#7360 = DIRECTION ( 'NONE',  ( 9.125027858361902210E-16, 1.000000000000000000, 1.183433552824446002E-15 ) ) ;
#7361 = EDGE_LOOP ( 'NONE', ( #1359, #6652, #3112, #2887, #6787, #9228, #2422, #8934, #1440, #2628, #8397 ) ) ;
#7362 = CARTESIAN_POINT ( 'NONE',  ( -16.20000000000043983, -9.591254793415313173, 0.4367730361737560685 ) ) ;
#7363 = CARTESIAN_POINT ( 'NONE',  ( -16.20000000000043983, -7.882496365929569038, -0.7375684428418834981 ) ) ;
#7364 = CARTESIAN_POINT ( 'NONE',  ( -12.75693438455825124, -16.64809086861041720, 23.00000000000000000 ) ) ;
#7365 = CARTESIAN_POINT ( 'NONE',  ( -15.70000000000044693, -8.778373797084009666, -3.707371778232739779 ) ) ;
#7366 = CARTESIAN_POINT ( 'NONE',  ( -16.61954035032799482, -0.7057424773177796151, -22.50000000000000711 ) ) ;
#7367 = EDGE_LOOP ( 'NONE', ( #1911, #2311, #2127, #5496, #6945, #2913, #6823, #162, #1916, #8417 ) ) ;
#7368 = AXIS2_PLACEMENT_3D ( 'NONE', #5275, #8427, #4490 ) ;
#7369 = DIRECTION ( 'NONE',  ( -0.000000000000000000, 1.000000000000000000, -0.000000000000000000 ) ) ;
#7370 = VECTOR ( 'NONE', #5023, 1000.000000000000000 ) ;
#7371 = CARTESIAN_POINT ( 'NONE',  ( -34.35804596496713970, -6.479425752268193506, -15.00000000000000000 ) ) ;
#7373 = ORIENTED_EDGE ( 'NONE', *, *, #8988, .F. ) ;
#7372 = FACE_OUTER_BOUND ( 'NONE', #4194, .T. ) ;
#7374 = AXIS2_PLACEMENT_3D ( 'NONE', #5660, #891, #4063 ) ;
#7375 = ORIENTED_EDGE ( 'NONE', *, *, #7220, .T. ) ;
#7376 = CARTESIAN_POINT ( 'NONE',  ( -16.20000000000044338, -7.001565576049618045, -3.256841081661902670 ) ) ;
#7377 = LINE ( 'NONE', #3321, #8372 ) ;
#7378 = VERTEX_POINT ( 'NONE', #7069 ) ;
#7379 = VECTOR ( 'NONE', #442, 1000.000000000000000 ) ;
#7380 = CARTESIAN_POINT ( 'NONE',  ( -5.886654805007618840, -13.31334519499251812, -23.00000000000000000 ) ) ;
#7381 = ORIENTED_EDGE ( 'NONE', *, *, #5378, .T. ) ;
#7382 = CARTESIAN_POINT ( 'NONE',  ( -32.73886654618788583, -6.000000000000041744, -15.00000000000000000 ) ) ;
#7383 = FACE_OUTER_BOUND ( 'NONE', #3675, .T. ) ;
#7384 = ORIENTED_EDGE ( 'NONE', *, *, #9712, .F. ) ;
#7385 = CARTESIAN_POINT ( 'NONE',  ( -16.76369949594998943, -18.02621364378622104, -16.97234895197517446 ) ) ;
#7386 = B_SPLINE_CURVE_WITH_KNOTS ( 'NONE', 3,
 ( #4254, #9814, #7567, #8391, #3467, #6646, #5083, #465, #5860, #9020, #3627 ),
 .UNSPECIFIED., .F., .F.,
 ( 4, 1, 1, 1, 1, 1, 1, 1, 4 ),
 ( 0.000000000000000000, 0.1191762436674470571, 0.2364273787594516341, 0.3526638478564028678, 0.4690860844274158392, 0.5894629077907684866, 0.7176014692905111625, 0.8541894668533106527, 1.000000000000000000 ),
 .UNSPECIFIED. ) ;
#7387 = AXIS2_PLACEMENT_3D ( 'NONE', #10033, #525, #2897 ) ;
#7388 = DIRECTION ( 'NONE',  ( 0.000000000000000000, -1.000000000000000000, 0.000000000000000000 ) ) ;
#7389 = DIRECTION ( 'NONE',  ( 0.000000000000000000, 1.000000000000000000, 0.000000000000000000 ) ) ;
#7390 = EDGE_LOOP ( 'NONE', ( #5866, #7660, #10097, #6289 ) ) ;
#7391 = CARTESIAN_POINT ( 'NONE',  ( -15.70000000000043627, -8.784289032372960548, -4.537774599515476126 ) ) ;
#7392 = VECTOR ( 'NONE', #2170, 1000.000000000000000 ) ;
#7393 = CARTESIAN_POINT ( 'NONE',  ( -26.25674508596954482, -3.977533892084509581, -21.11862132769135414 ) ) ;
#7394 = CARTESIAN_POINT ( 'NONE',  ( -15.70000000000043983, -6.904353841145121073, -3.782919396294488479 ) ) ;
#7395 = CARTESIAN_POINT ( 'NONE',  ( -25.42516938566085827, -3.766519786471687059, -19.80377707519869901 ) ) ;
#7396 = CARTESIAN_POINT ( 'NONE',  ( -23.15303172305161894, -23.29887182075505692, 6.410786400212932001 ) ) ;
#7397 = EDGE_CURVE ( 'NONE', #6300, #6, #1078, .T. ) ;
#7398 = DIRECTION ( 'NONE',  ( -0.000000000000000000, -0.000000000000000000, -1.000000000000000000 ) ) ;
#7399 = VECTOR ( 'NONE', #5975, 1000.000000000000000 ) ;
#7400 = ORIENTED_EDGE ( 'NONE', *, *, #1949, .F. ) ;
#7401 = FACE_OUTER_BOUND ( 'NONE', #7309, .T. ) ;
#7402 = CARTESIAN_POINT ( 'NONE',  ( -16.20000000000043983, -8.872802034495123280, -0.3147427693030675488 ) ) ;
#7403 = DIRECTION ( 'NONE',  ( 1.000000000000000000, 3.469446951953615175E-16, -0.000000000000000000 ) ) ;
#7404 = FACE_OUTER_BOUND ( 'NONE', #1300, .T. ) ;
#7405 = CARTESIAN_POINT ( 'NONE',  ( -28.98956568247945498, -4.671001693697051316, -15.90408461614137003 ) ) ;
#7406 = ORIENTED_EDGE ( 'NONE', *, *, #5832, .F. ) ;
#7407 = CARTESIAN_POINT ( 'NONE',  ( -34.00000000000000000, -12.00000000000003197, -23.00000000000000000 ) ) ;
#7408 = CARTESIAN_POINT ( 'NONE',  ( -14.37038289964750959, -16.68202547913309530, 18.36462307426423735 ) ) ;
#7409 = CARTESIAN_POINT ( 'NONE',  ( -23.66350047951504010, -23.20706226896152202, -7.198688317158819849 ) ) ;
#7410 = DIRECTION ( 'NONE',  ( -0.7071067811865492381, 0.7071067811865457964, 0.000000000000000000 ) ) ;
#7411 = ADVANCED_FACE ( 'NONE', ( #7939 ), #5505, .F. ) ;
#7412 = DIRECTION ( 'NONE',  ( -0.7071067811865483499, -0.7071067811865467956, 0.000000000000000000 ) ) ;
#7413 = FACE_OUTER_BOUND ( 'NONE', #8850, .T. ) ;
#7414 = ORIENTED_EDGE ( 'NONE', *, *, #9049, .F. ) ;
#7415 = EDGE_CURVE ( 'NONE', #9291, #218, #9356, .T. ) ;
#7416 = EDGE_CURVE ( 'NONE', #4990, #7740, #730, .T. ) ;
#7417 = CARTESIAN_POINT ( 'NONE',  ( -16.20000000000043983, -6.904353841145121073, 1.751725051749468021 ) ) ;
#7418 = CARTESIAN_POINT ( 'NONE',  ( -15.70000000000043983, -9.643921318474967919, -2.880625342095652464 ) ) ;
#7419 = DIRECTION ( 'NONE',  ( -0.7071067811865457964, -0.7071067811865492381, 0.000000000000000000 ) ) ;
#7420 = CARTESIAN_POINT ( 'NONE',  ( -12.75693438455825124, -16.64809086861041720, 22.49999999999998579 ) ) ;
#7421 = CARTESIAN_POINT ( 'NONE',  ( -15.70000000000043627, -9.547735031181954213, -2.957354787762452641 ) ) ;
#7422 = ORIENTED_EDGE ( 'NONE', *, *, #4731, .F. ) ;
#7423 = DIRECTION ( 'NONE',  ( 0.000000000000000000, 0.000000000000000000, -1.000000000000000000 ) ) ;
#7424 = LINE ( 'NONE', #8925, #7998 ) ;
#7425 = EDGE_CURVE ( 'NONE', #562, #775, #1543, .T. ) ;
#7427 = ORIENTED_EDGE ( 'NONE', *, *, #4803, .F. ) ;
#7426 = CARTESIAN_POINT ( 'NONE',  ( -23.83172798365066569, -22.71625977317237499, 7.458333533967384632 ) ) ;
#7428 = AXIS2_PLACEMENT_3D ( 'NONE', #3028, #6217, #5376 ) ;
#7429 = DIRECTION ( 'NONE',  ( 0.000000000000000000, 0.09745061871804784615, 0.9952403613758183942 ) ) ;
#7430 = LINE ( 'NONE', #6760, #4268 ) ;
#7431 = LINE ( 'NONE', #321, #9043 ) ;
#7432 = ORIENTED_EDGE ( 'NONE', *, *, #7537, .T. ) ;
#7433 = CARTESIAN_POINT ( 'NONE',  ( -29.85569912627356004, -4.624860584119465656, 15.71123059569077718 ) ) ;
#7434 = ORIENTED_EDGE ( 'NONE', *, *, #946, .F. ) ;
#7435 = CARTESIAN_POINT ( 'NONE',  ( -14.24866261705345849, -15.93718780864300122, 19.00000000000000355 ) ) ;
#7436 = CARTESIAN_POINT ( 'NONE',  ( -21.73540983889273548, -12.00000000000002842, 15.00000000000000000 ) ) ;
#7437 = ORIENTED_EDGE ( 'NONE', *, *, #7326, .F. ) ;
#7438 = CARTESIAN_POINT ( 'NONE',  ( -16.21952248578919864, -17.57421238581036249, -21.24132978931335813 ) ) ;
#7439 = CARTESIAN_POINT ( 'NONE',  ( -16.20000000000043983, -9.808529584835024906, -0.7375684428418834981 ) ) ;
#7440 = CARTESIAN_POINT ( 'NONE',  ( -15.37322947494847902, -22.09281308374683306, 22.49999999999998579 ) ) ;
#7441 = ORIENTED_EDGE ( 'NONE', *, *, #2754, .T. ) ;
#7442 = CARTESIAN_POINT ( 'NONE',  ( -23.83172756043340001, -22.83172798368552137, -7.458345222969279931 ) ) ;
#7443 = CARTESIAN_POINT ( 'NONE',  ( -29.36085146395872769, -4.765221685834503340, -22.06140833572375826 ) ) ;
#7444 = DIRECTION ( 'NONE',  ( -0.7071067811865475727, 0.7071067811865475727, 0.000000000000000000 ) ) ;
#7445 = CARTESIAN_POINT ( 'NONE',  ( -16.20000000000043983, -7.851904269214863952, 1.504896974694218459 ) ) ;
#7446 = CARTESIAN_POINT ( 'NONE',  ( -19.06670549790255365, -16.91441282030091742, 19.00000000000000000 ) ) ;
#7447 = FACE_OUTER_BOUND ( 'NONE', #8717, .T. ) ;
#7448 = VERTEX_POINT ( 'NONE', #6349 ) ;
#7449 = CARTESIAN_POINT ( 'NONE',  ( -14.72785718112031716, -16.96520647706066853, -17.68747109232825210 ) ) ;
#7450 = CARTESIAN_POINT ( 'NONE',  ( -16.20000000000043983, -8.827565459923031099, -0.3545921832689498121 ) ) ;
#7451 = CARTESIAN_POINT ( 'NONE',  ( -16.20000000000043627, -8.405300642668384725, 0.1009220427220039323 ) ) ;
#7452 = DIRECTION ( 'NONE',  ( -3.489994118891830865E-16, -4.201701945701817366E-16, 1.000000000000000000 ) ) ;
#7453 = ORIENTED_EDGE ( 'NONE', *, *, #9133, .F. ) ;
#7454 = CARTESIAN_POINT ( 'NONE',  ( -26.02978890764684650, -3.919944727977612953, 17.10903070182647312 ) ) ;
#7455 = CARTESIAN_POINT ( 'NONE',  ( -15.19486027838317632, -17.33515471542959929, 17.31691438834085872 ) ) ;
#7456 = CARTESIAN_POINT ( 'NONE',  ( -23.20198999892108205, -23.31558423302864469, -6.486349466020000953 ) ) ;
#7457 = EDGE_CURVE ( 'NONE', #7708, #6293, #5669, .T. ) ;
#7458 = CARTESIAN_POINT ( 'NONE',  ( -17.08455714630615319, -18.83213950432794803, 19.40667616102757265 ) ) ;
#7459 = CARTESIAN_POINT ( 'NONE',  ( -19.23050865276337262, -11.65944084089724342, -19.00000000000000000 ) ) ;
#7460 = CARTESIAN_POINT ( 'NONE',  ( -3.999999999999996447, -14.70000000000003482, 22.50000000000000000 ) ) ;
#7461 = CARTESIAN_POINT ( 'NONE',  ( -16.20000000000043627, -7.752223120512271137, -3.379186880525870240 ) ) ;
#7462 = EDGE_LOOP ( 'NONE', ( #526, #8072, #3827, #9426 ) ) ;
#7463 = DIRECTION ( 'NONE',  ( -1.000000000000000000, 0.000000000000000000, 0.000000000000000000 ) ) ;
#7464 = CARTESIAN_POINT ( 'NONE',  ( -16.20000000000043983, -7.882496365929569038, -4.886390933827458483 ) ) ;
#7465 = CARTESIAN_POINT ( 'NONE',  ( -25.65482576211045895, -3.381016418711562110, -20.70969144034004117 ) ) ;
#7466 = EDGE_CURVE ( 'NONE', #3746, #3404, #1393, .T. ) ;
#7467 = CARTESIAN_POINT ( 'NONE',  ( -16.05977062577902004, 4.079568363764671801, 0.9696666257438223413 ) ) ;
#7468 = B_SPLINE_CURVE_WITH_KNOTS ( 'NONE', 3,
 ( #8979, #3483, #8823, #9730, #2526, #8879, #5717 ),
 .UNSPECIFIED., .F., .F.,
 ( 4, 1, 1, 1, 4 ),
 ( 0.000000000000000000, 0.2727955500866146021, 0.5261910092278064832, 0.7669044194616168042, 0.9999999999999998890 ),
 .UNSPECIFIED. ) ;
#7469 = CARTESIAN_POINT ( 'NONE',  ( -21.10669276027825347, -20.81412251989249285, -21.86964371112067695 ) ) ;
#7470 = ORIENTED_EDGE ( 'NONE', *, *, #7958, .T. ) ;
#7471 = CARTESIAN_POINT ( 'NONE',  ( -14.83369972602802989, -17.04905289944865743, 20.43119336007807263 ) ) ;
#7472 = EDGE_CURVE ( 'NONE', #9931, #9884, #8567, .T. ) ;
#7473 = EDGE_CURVE ( 'NONE', #6118, #9881, #9562, .T. ) ;
#7475 = ORIENTED_EDGE ( 'NONE', *, *, #444, .F. ) ;
#7474 = CARTESIAN_POINT ( 'NONE',  ( -15.70000000000044338, -7.939537600427850172, -4.193625486892911702 ) ) ;
#7476 = LINE ( 'NONE', #5871, #5698 ) ;
#7477 = EDGE_CURVE ( 'NONE', #8392, #8659, #3006, .T. ) ;
#7478 = CARTESIAN_POINT ( 'NONE',  ( -15.70000000000044338, -7.921690559250706976, -4.885511219309480957 ) ) ;
#7479 = CARTESIAN_POINT ( 'NONE',  ( 2.000000000000003109, -12.29893898089671822, 23.00000000000000000 ) ) ;
#7480 = EDGE_LOOP ( 'NONE', ( #7336, #9736, #7247, #1991 ) ) ;
#7481 = CARTESIAN_POINT ( 'NONE',  ( -31.84203381090134499, -5.212998000757313122, 16.92760081561649343 ) ) ;
#7482 = EDGE_CURVE ( 'NONE', #4294, #9931, #3571, .T. ) ;
#7483 = EDGE_CURVE ( 'NONE', #9258, #1978, #784, .T. ) ;
#7484 = EDGE_LOOP ( 'NONE', ( #10291, #7957 ) ) ;
#7485 = CARTESIAN_POINT ( 'NONE',  ( -15.70000000000043983, -10.49999999999928768, 3.076323065798509226 ) ) ;
#7486 = FACE_OUTER_BOUND ( 'NONE', #7196, .T. ) ;
#7487 = VECTOR ( 'NONE', #10137, 1000.000000000000000 ) ;
#7488 = VERTEX_POINT ( 'NONE', #5412 ) ;
#7489 = CARTESIAN_POINT ( 'NONE',  ( -14.24866261705346204, -15.93718780864300122, -19.14764724851167443 ) ) ;
#7490 = LINE ( 'NONE', #379, #10056 ) ;
#7491 = CARTESIAN_POINT ( 'NONE',  ( -15.70000000000044338, -10.49999999999928768, 3.076323065798515444 ) ) ;
#7492 = ORIENTED_EDGE ( 'NONE', *, *, #9441, .T. ) ;
#7493 = DIRECTION ( 'NONE',  ( 0.7071067811865474617, 0.7071067811865474617, 0.000000000000000000 ) ) ;
#7494 = CARTESIAN_POINT ( 'NONE',  ( -28.63059068645479144, -4.579909749323710422, -22.09591538386189669 ) ) ;
#7495 = FACE_OUTER_BOUND ( 'NONE', #2415, .T. ) ;
#7496 = CARTESIAN_POINT ( 'NONE',  ( -23.80496663317948958, -23.01915618016425569, 7.417030788270888131 ) ) ;
#7497 = CARTESIAN_POINT ( 'NONE',  ( -31.11715136392529146, -5.210889769887562473, 16.66991977496268262 ) ) ;
#7498 = CARTESIAN_POINT ( 'NONE',  ( -15.11100079773149751, -17.26872349212461089, -17.36093351638046300 ) ) ;
#7499 = CARTESIAN_POINT ( 'NONE',  ( -16.20000000000043983, -9.300625348133955583, 0.1304476834341581626 ) ) ;
#7500 = ORIENTED_EDGE ( 'NONE', *, *, #571, .T. ) ;
#7501 = LINE ( 'NONE', #9218, #1915 ) ;
#7502 = LINE ( 'NONE', #8227, #3045 ) ;
#7503 = EDGE_LOOP ( 'NONE', ( #5619, #7812, #878, #9731, #3800 ) ) ;
#7504 = CARTESIAN_POINT ( 'NONE',  ( -32.19498698320090568, -5.484391656530767989, 19.80377707519868480 ) ) ;
#7505 = VECTOR ( 'NONE', #1444, 999.9999999999998863 ) ;
#7506 = DIRECTION ( 'NONE',  ( 1.000000000000000000, 3.469446951953615175E-16, -0.000000000000000000 ) ) ;
#7507 = VECTOR ( 'NONE', #248, 1000.000000000000114 ) ;
#7508 = CARTESIAN_POINT ( 'NONE',  ( -16.20000000000043627, -8.798063577315152983, -4.526838106798516392 ) ) ;
#7509 = CARTESIAN_POINT ( 'NONE',  ( -16.58543506800456768, -18.43673310427550049, 20.40789321261381772 ) ) ;
#7510 = DIRECTION ( 'NONE',  ( 4.914036769073669495E-16, -0.7419605913142865994, -0.6704434957075459112 ) ) ;
#7511 = CARTESIAN_POINT ( 'NONE',  ( -22.30940922921737979, -24.06252624670103657, 23.00000000000000000 ) ) ;
#7512 = LINE ( 'NONE', #9117, #726 ) ;
#7513 = EDGE_LOOP ( 'NONE', ( #6809, #4980 ) ) ;
#7514 = VECTOR ( 'NONE', #6953, 999.9999999999998863 ) ;
#7515 = CARTESIAN_POINT ( 'NONE',  ( -4.499999999999996447, -14.70000000000013962, 23.00000000000000000 ) ) ;
#7516 = CARTESIAN_POINT ( 'NONE',  ( -16.20000000000044338, -7.332120839148347891, -4.721834646099352994 ) ) ;
#7517 = CARTESIAN_POINT ( 'NONE',  ( -16.20000000000043983, -9.808529584835024906, -4.886390933827458483 ) ) ;
#7518 = FACE_OUTER_BOUND ( 'NONE', #1408, .T. ) ;
#7519 = DIRECTION ( 'NONE',  ( -0.000000000000000000, -0.000000000000000000, -1.000000000000000000 ) ) ;
#7520 = VERTEX_POINT ( 'NONE', #4678 ) ;
#7521 = CARTESIAN_POINT ( 'NONE',  ( -30.35966689724653378, -5.018670874133167814, 16.21361825676777357 ) ) ;
#7522 = CARTESIAN_POINT ( 'NONE',  ( -20.65905952401941192, -21.26175575615139834, 22.80000000000000071 ) ) ;
#7524 = EDGE_LOOP ( 'NONE', ( #6513, #3054, #2424, #7848, #6328 ) ) ;
#7523 = CARTESIAN_POINT ( 'NONE',  ( -16.21952248578919864, -17.57421238581036249, -21.24132978931335813 ) ) ;
#7525 = CARTESIAN_POINT ( 'NONE',  ( -32.60158332329182684, -5.437894384777096413, -19.00000000000000000 ) ) ;
#7526 = EDGE_CURVE ( 'NONE', #953, #1035, #2723, .T. ) ;
#7527 = VECTOR ( 'NONE', #7602, 1000.000000000000000 ) ;
#7528 = CARTESIAN_POINT ( 'NONE',  ( -15.70000000000044338, -8.336604908523492341, -4.803799551963891190 ) ) ;
#7529 = CARTESIAN_POINT ( 'NONE',  ( -34.00000000000000000, -6.000000000000041744, 23.00000000000000000 ) ) ;
#7530 = ORIENTED_EDGE ( 'NONE', *, *, #748, .F. ) ;
#7531 = VECTOR ( 'NONE', #2500, 1000.000000000000000 ) ;
#7532 = FACE_OUTER_BOUND ( 'NONE', #4117, .T. ) ;
#7533 = EDGE_LOOP ( 'NONE', ( #2160, #6615, #6278, #2531 ) ) ;
#7535 = CARTESIAN_POINT ( 'NONE',  ( -34.50000000000000000, -12.00000000000003197, 23.00000000000000000 ) ) ;
#7534 = CARTESIAN_POINT ( 'NONE',  ( -16.20000000000043983, -9.808529584835024906, -3.550268412859013178 ) ) ;
#7536 = LINE ( 'NONE', #5939, #6436 ) ;
#7537 = EDGE_CURVE ( 'NONE', #317, #2044, #5237, .T. ) ;
#7538 = ORIENTED_EDGE ( 'NONE', *, *, #2369, .T. ) ;
#7539 = CARTESIAN_POINT ( 'NONE',  ( -14.67844465534218301, -16.29417095628558698, -20.49073943261362274 ) ) ;
#7540 = EDGE_CURVE ( 'NONE', #4397, #6143, #8316, .T. ) ;
#7541 = EDGE_CURVE ( 'NONE', #953, #3035, #7377, .T. ) ;
#7542 = CIRCLE ( 'NONE', #2892, 1.799999999999926548 ) ;
#7543 = FACE_OUTER_BOUND ( 'NONE', #5609, .T. ) ;
#7544 = CARTESIAN_POINT ( 'NONE',  ( -12.79893898089581583, -2.999999999999674927, -22.50000000000000711 ) ) ;
#7545 = ORIENTED_EDGE ( 'NONE', *, *, #315, .F. ) ;
#7546 = CARTESIAN_POINT ( 'NONE',  ( -13.35797514856682255, -20.07755875736517481, -19.00000000000000000 ) ) ;
#7547 = CARTESIAN_POINT ( 'NONE',  ( -28.97681014432879820, -4.667764902707160601, -22.09647476309676151 ) ) ;
#7548 = VECTOR ( 'NONE', #6560, 1000.000000000000000 ) ;
#7549 = LINE ( 'NONE', #9100, #7379 ) ;
#7550 = LINE ( 'NONE', #1927, #5042 ) ;
#7551 = CARTESIAN_POINT ( 'NONE',  ( -47.50000000000000000, -6.000000000000046185, 0.000000000000000000 ) ) ;
#7552 = CARTESIAN_POINT ( 'NONE',  ( -16.55771590825028383, -18.41477416507419917, -17.56456722591334696 ) ) ;
#7553 = CARTESIAN_POINT ( 'NONE',  ( -15.70000000000043983, -9.591254793415313173, 0.4367730361737560685 ) ) ;
#7554 = EDGE_LOOP ( 'NONE', ( #4467, #6041, #10251, #5065 ) ) ;
#7555 = AXIS2_PLACEMENT_3D ( 'NONE', #282, #3492, #2852 ) ;
#7556 = CARTESIAN_POINT ( 'NONE',  ( -15.70000000000043627, -8.405300642668384725, 0.1009220427220039323 ) ) ;
#7557 = CARTESIAN_POINT ( 'NONE',  ( -24.11754798141021894, -22.33862070490335938, 7.088110729887358907 ) ) ;
#7558 = ORIENTED_EDGE ( 'NONE', *, *, #2313, .T. ) ;
#7559 = CARTESIAN_POINT ( 'NONE',  ( -16.78744303732156951, -20.67859952137373369, 22.49999999999998579 ) ) ;
#7560 = CARTESIAN_POINT ( 'NONE',  ( -15.15177670129657805, -17.30102496585436356, 17.33952964812213438 ) ) ;
#7561 = CARTESIAN_POINT ( 'NONE',  ( -23.32363242292744232, -23.57855740420604107, -6.294195171404591171 ) ) ;
#7562 = CARTESIAN_POINT ( 'NONE',  ( -17.04620769729179841, -18.80174831396533364, 19.57760301910245460 ) ) ;
#7563 = CARTESIAN_POINT ( 'NONE',  ( -4.499999999999996447, -15.70000000000003659, 23.00000000000000000 ) ) ;
#7564 = CARTESIAN_POINT ( 'NONE',  ( -15.19999999999933316, -0.4999999999993429700, -15.50000000000000711 ) ) ;
#7565 = CARTESIAN_POINT ( 'NONE',  ( -15.70000000000043983, -10.49999999999928768, 3.787241086389266709 ) ) ;
#7566 = ORIENTED_EDGE ( 'NONE', *, *, #439, .F. ) ;
#7567 = CARTESIAN_POINT ( 'NONE',  ( -15.70000000000044338, -7.999445824094982171, -0.7349435097204172207 ) ) ;
#7568 = ORIENTED_EDGE ( 'NONE', *, *, #690, .T. ) ;
#7569 = CARTESIAN_POINT ( 'NONE',  ( -16.20000000000044693, -7.508060654049322657, -3.860504165356288819 ) ) ;
#7570 = LINE ( 'NONE', #6849, #2081 ) ;
#7571 = CARTESIAN_POINT ( 'NONE',  ( -22.00000000000000355, -19.94588846092255707, 4.970562748477151516 ) ) ;
#7572 = CARTESIAN_POINT ( 'NONE',  ( -16.20000000000043983, -9.097256437510504057, -3.377069034173027173 ) ) ;
#7573 = EDGE_LOOP ( 'NONE', ( #9442, #4409, #10266, #2680, #546 ) ) ;
#7574 = AXIS2_PLACEMENT_3D ( 'NONE', #5632, #968, #3295 ) ;
#7575 = CARTESIAN_POINT ( 'NONE',  ( -14.24866261705345849, -15.93718780864300122, -18.99999999999999645 ) ) ;
#7576 = AXIS2_PLACEMENT_3D ( 'NONE', #6658, #1958, #2213 ) ;
#7577 = CC_DESIGN_DATE_AND_TIME_ASSIGNMENT ( #7899, #2429, ( #2938 ) ) ;
#7578 = CARTESIAN_POINT ( 'NONE',  ( -17.72290744451237643, -18.82294557349879582, -19.29528838535500412 ) ) ;
#7579 = AXIS2_PLACEMENT_3D ( 'NONE', #1225, #4403, #10011 ) ;
#7580 = DIRECTION ( 'NONE',  ( -0.000000000000000000, -0.000000000000000000, -1.000000000000000000 ) ) ;
#7581 = DIRECTION ( 'NONE',  ( 0.7071067811865008323, -0.7071067811865943131, -0.000000000000000000 ) ) ;
#7582 = DIRECTION ( 'NONE',  ( -1.000000000000000000, 0.000000000000000000, 0.000000000000000000 ) ) ;
#7583 = ORIENTED_EDGE ( 'NONE', *, *, #9436, .T. ) ;
#7584 = CARTESIAN_POINT ( 'NONE',  ( -17.72290744451237643, -18.82294557349879582, 18.70471161464498877 ) ) ;
#7585 = ORIENTED_EDGE ( 'NONE', *, *, #5636, .T. ) ;
#7586 = EDGE_CURVE ( 'NONE', #5020, #5206, #4895, .T. ) ;
#7588 = DIRECTION ( 'NONE',  ( -0.7071067811865502373, 0.7071067811865449082, -0.000000000000000000 ) ) ;
#7587 = DIRECTION ( 'NONE',  ( 0.000000000000000000, -0.7071067811865462405, -0.7071067811865489050 ) ) ;
#7589 = CARTESIAN_POINT ( 'NONE',  ( -14.27973368366544626, -16.61021580999513958, -18.99999999999999645 ) ) ;
#7590 = EDGE_LOOP ( 'NONE', ( #2780, #3094, #8768, #7834 ) ) ;
#7591 = CARTESIAN_POINT ( 'NONE',  ( -17.05445559288309099, -18.26771984328383169, -20.79365991259185620 ) ) ;
#7592 = CARTESIAN_POINT ( 'NONE',  ( -9.635359786991234188, -21.40181008300286436, -19.70181008300271941 ) ) ;
#7593 = DIRECTION ( 'NONE',  ( -3.469446951953615175E-16, 1.000000000000000000, 0.000000000000000000 ) ) ;
#7594 = ORIENTED_EDGE ( 'NONE', *, *, #8661, .T. ) ;
#7595 = FACE_OUTER_BOUND ( 'NONE', #6296, .T. ) ;
#7596 = EDGE_CURVE ( 'NONE', #10247, #2117, #744, .T. ) ;
#7597 = CARTESIAN_POINT ( 'NONE',  ( -30.05849860043176136, -4.942249857218985909, -21.89588021139894281 ) ) ;
#7598 = EDGE_CURVE ( 'NONE', #10221, #8183, #6508, .T. ) ;
#7599 = EDGE_CURVE ( 'NONE', #9978, #6671, #9783, .T. ) ;
#7600 = CARTESIAN_POINT ( 'NONE',  ( -15.70000000000043983, -7.183698034253648501, -4.592657398939152813 ) ) ;
#7601 = DIRECTION ( 'NONE',  ( -0.7071067811865450192, -0.7071067811865500152, 0.000000000000000000 ) ) ;
#7602 = DIRECTION ( 'NONE',  ( -0.8763854613326371723, 0.3164991673626077473, 0.3630107439505844136 ) ) ;
#7603 = CARTESIAN_POINT ( 'NONE',  ( -15.43676275830235056, -17.52678237355397428, -17.23119797699627753 ) ) ;
#7604 = CARTESIAN_POINT ( 'NONE',  ( -22.00000000000000000, -23.95146571496290733, -4.970562748477149739 ) ) ;
#7605 = VERTEX_POINT ( 'NONE', #8199 ) ;
#7606 = CARTESIAN_POINT ( 'NONE',  ( -15.70000000000043983, -8.391015233748285951, 0.09075549199030621961 ) ) ;
#7607 = EDGE_CURVE ( 'NONE', #6467, #9037, #1908, .T. ) ;
#7608 = CARTESIAN_POINT ( 'NONE',  ( -27.05768226856235614, -4.180777322755189651, 21.69027858722130020 ) ) ;
#7609 = VERTEX_POINT ( 'NONE', #4941 ) ;
#7610 = CARTESIAN_POINT ( 'NONE',  ( -32.30682491192607131, -5.512771037362598214, 19.00000000000000000 ) ) ;
#7611 = CARTESIAN_POINT ( 'NONE',  ( -14.90192963961028205, -17.10310278189543354, 17.51103265887012483 ) ) ;
#7612 = CARTESIAN_POINT ( 'NONE',  ( -24.29700097016123550, -22.81982520024874717, -7.267563718638378134 ) ) ;
#7613 = DIRECTION ( 'NONE',  ( -0.7071067811865502373, 0.7071067811865449082, 0.000000000000000000 ) ) ;
#7614 = EDGE_CURVE ( 'NONE', #5350, #9728, #7224, .T. ) ;
#7615 = CARTESIAN_POINT ( 'NONE',  ( -16.90686835654160802, -18.69136221512840024, 19.94987078367286415 ) ) ;
#7616 = CARTESIAN_POINT ( 'NONE',  ( -13.29893898089548721, -0.4999999999996135869, 22.49999999999999289 ) ) ;
#7617 = CARTESIAN_POINT ( 'NONE',  ( -4.499999999999995559, -21.70000000000013785, 23.00000000000000000 ) ) ;
#7618 = CARTESIAN_POINT ( 'NONE',  ( -4.499999999999996447, -21.70000000000013785, -22.50000000000000355 ) ) ;
#7619 = ORIENTED_EDGE ( 'NONE', *, *, #7294, .T. ) ;
#7620 = FACE_OUTER_BOUND ( 'NONE', #420, .T. ) ;
#7621 = ORIENTED_EDGE ( 'NONE', *, *, #6910, .T. ) ;
#7622 = CARTESIAN_POINT ( 'NONE',  ( -15.19999999999925677, -3.499999999999345857, -22.49999999999999289 ) ) ;
#7623 = DIRECTION ( 'NONE',  ( -0.000000000000000000, -0.000000000000000000, 1.000000000000000000 ) ) ;
#7624 = ORIENTED_EDGE ( 'NONE', *, *, #632, .F. ) ;
#7625 = DIRECTION ( 'NONE',  ( -0.5000000000000003331, -0.5000000000000027756, -0.7071067811865453523 ) ) ;
#7626 = CARTESIAN_POINT ( 'NONE',  ( 2.000000000000000888, -14.70000000000013785, -23.00000000000000000 ) ) ;
#7627 = CARTESIAN_POINT ( 'NONE',  ( -25.94700860765131623, -3.467529364033508532, -21.07239918438351367 ) ) ;
#7628 = LINE ( 'NONE', #3585, #2642 ) ;
#7629 = CARTESIAN_POINT ( 'NONE',  ( -32.60158332329182684, -5.437894384777098189, 19.00000000000000000 ) ) ;
#7630 = ORIENTED_EDGE ( 'NONE', *, *, #5248, .T. ) ;
#7631 = CARTESIAN_POINT ( 'NONE',  ( -16.76369949595000008, -18.02621364378622459, 16.97234895197516735 ) ) ;
#7632 = VERTEX_POINT ( 'NONE', #1703 ) ;
#7633 = DIRECTION ( 'NONE',  ( 1.000000000000000000, 3.469446951953615175E-16, -0.000000000000000000 ) ) ;
#7634 = DIRECTION ( 'NONE',  ( -1.000000000000000000, 0.000000000000000000, 0.000000000000000000 ) ) ;
#7635 = CARTESIAN_POINT ( 'NONE',  ( -14.42343050151019845, -16.72404858761051116, -19.79767278004957731 ) ) ;
#7636 = DIRECTION ( 'NONE',  ( -0.1343323759575126841, 0.7618367615541760118, -0.6336872742246407730 ) ) ;
#7637 = CARTESIAN_POINT ( 'NONE',  ( -17.73414117061782136, -18.83227646810957978, -18.99999999999999645 ) ) ;
#7638 = ORIENTED_EDGE ( 'NONE', *, *, #7482, .F. ) ;
#7639 = CARTESIAN_POINT ( 'NONE',  ( -15.19999999999932250, -3.999999999999346301, -22.49999999999999289 ) ) ;
#7640 = VERTEX_POINT ( 'NONE', #1092 ) ;
#7641 = CARTESIAN_POINT ( 'NONE',  ( -30.12291068530259253, -4.958593150852490083, -21.87324578392288643 ) ) ;
#7642 = CARTESIAN_POINT ( 'NONE',  ( -30.98511279036819843, -5.177384281023527990, 21.42781777560087875 ) ) ;
#7643 = CARTESIAN_POINT ( 'NONE',  ( -23.33172798364586598, -22.83172798364415357, 22.80000000000000071 ) ) ;
#7644 = EDGE_CURVE ( 'NONE', #7171, #9258, #8100, .T. ) ;
#7645 = DIRECTION ( 'NONE',  ( 0.000000000000000000, 0.000000000000000000, 1.000000000000000000 ) ) ;
#7646 = CARTESIAN_POINT ( 'NONE',  ( -14.46876341252683673, -16.75995886594537865, -18.10085540470342025 ) ) ;
#7647 = EDGE_CURVE ( 'NONE', #10103, #9187, #7468, .T. ) ;
#7648 = ORIENTED_EDGE ( 'NONE', *, *, #4554, .F. ) ;
#7649 = CARTESIAN_POINT ( 'NONE',  ( -16.20000000000043983, -10.49999999999928768, -1.336842802650911377 ) ) ;
#7650 = CARTESIAN_POINT ( 'NONE',  ( -31.84466619930807241, -5.395496171316336742, 20.55356614654796843 ) ) ;
#7651 = FACE_OUTER_BOUND ( 'NONE', #3779, .T. ) ;
#7652 = CARTESIAN_POINT ( 'NONE',  ( -4.499999999999995559, -21.70000000000013785, 20.00000000000000000 ) ) ;
#7653 = CARTESIAN_POINT ( 'NONE',  ( -24.59049478946343825, -23.81940512146392308, 23.00000000000000000 ) ) ;
#7654 = CIRCLE ( 'NONE', #4514, 4.670725942163688416 ) ;
#7655 = CARTESIAN_POINT ( 'NONE',  ( -17.02986382697338641, -18.78879560605832921, 19.63537692582405469 ) ) ;
#7656 = CARTESIAN_POINT ( 'NONE',  ( -23.01225337288697048, -23.21635244084942329, 6.193492042643286233 ) ) ;
#7657 = DIRECTION ( 'NONE',  ( 1.000000000000000000, 3.469446951953615175E-16, -0.000000000000000000 ) ) ;
#7658 = EDGE_CURVE ( 'NONE', #3404, #9447, #2584, .T. ) ;
#7659 = CARTESIAN_POINT ( 'NONE',  ( 0.000000000000000000, 0.000000000000000000, 16.00000000000000000 ) ) ;
#7660 = ORIENTED_EDGE ( 'NONE', *, *, #9567, .F. ) ;
#7661 = CARTESIAN_POINT ( 'NONE',  ( -26.17992956037427632, -3.958039487813033830, 16.95657006695514468 ) ) ;
#7662 = VERTEX_POINT ( 'NONE', #4989 ) ;
#7663 = ADVANCED_FACE ( 'NONE', ( #1755 ), #992, .T. ) ;
#7664 = CARTESIAN_POINT ( 'NONE',  ( -14.98829455000832134, -17.17151878618560090, 20.56209724421092488 ) ) ;
#7665 = EDGE_CURVE ( 'NONE', #8630, #9157, #274, .T. ) ;
#7666 = CARTESIAN_POINT ( 'NONE',  ( -15.93075108559001407, -13.13894922151707867, 22.50000000000000000 ) ) ;
#7667 = CARTESIAN_POINT ( 'NONE',  ( -16.20000000000043983, -8.356433291003840580, 0.06993687746672212768 ) ) ;
#7668 = DIRECTION ( 'NONE',  ( -0.000000000000000000, -0.000000000000000000, -1.000000000000000000 ) ) ;
#7669 = ORIENTED_EDGE ( 'NONE', *, *, #8922, .F. ) ;
#7670 = LINE ( 'NONE', #7716, #5004 ) ;
#7671 = CARTESIAN_POINT ( 'NONE',  ( -14.33767085653754236, -16.01111933361707784, -19.72687625217249519 ) ) ;
#7672 = CARTESIAN_POINT ( 'NONE',  ( -27.26048947161523373, -4.232240568869290342, -21.78638174323222287 ) ) ;
#7673 = DIRECTION ( 'NONE',  ( -0.7071067811865502373, 0.7071067811865449082, -0.000000000000000000 ) ) ;
#7674 = CARTESIAN_POINT ( 'NONE',  ( -14.40532592054392502, -16.70970683897919429, -19.74228343076890724 ) ) ;
#7675 = ORIENTED_EDGE ( 'NONE', *, *, #793, .F. ) ;
#7676 = CIRCLE ( 'NONE', #5517, 5.999999999999998224 ) ;
#7677 = CYLINDRICAL_SURFACE ( 'NONE', #8801, 1.799999999999904787 ) ;
#7678 = ORIENTED_EDGE ( 'NONE', *, *, #7164, .F. ) ;
#7679 = FACE_OUTER_BOUND ( 'NONE', #9434, .T. ) ;
#7680 = CARTESIAN_POINT ( 'NONE',  ( -13.29081169079639224, -22.69030662740703264, -19.00000000000000000 ) ) ;
#7681 = VERTEX_POINT ( 'NONE', #1851 ) ;
#7682 = CARTESIAN_POINT ( 'NONE',  ( -17.11135718769718039, -18.85335225142369708, -19.23561588986809667 ) ) ;
#7683 = AXIS2_PLACEMENT_3D ( 'NONE', #5319, #3658, #6827 ) ;
#7684 = VERTEX_POINT ( 'NONE', #5661 ) ;
#7685 = CARTESIAN_POINT ( 'NONE',  ( -16.20000000000043983, -8.488320065805471160, -3.982623725392821612 ) ) ;
#7686 = DIRECTION ( 'NONE',  ( -1.000000000000000000, -3.469446951953615175E-16, 0.000000000000000000 ) ) ;
#7687 = EDGE_LOOP ( 'NONE', ( #5666, #8930, #8562, #5313 ) ) ;
#7688 = DIRECTION ( 'NONE',  ( 0.4999999999999656941, -0.5000000000000317524, -0.7071067811865493491 ) ) ;
#7689 = AXIS2_PLACEMENT_3D ( 'NONE', #4200, #10279, #7972 ) ;
#7690 = ORIENTED_EDGE ( 'NONE', *, *, #439, .T. ) ;
#7691 = CARTESIAN_POINT ( 'NONE',  ( -31.58526608907633815, -5.329676412728264978, -20.88664538222356626 ) ) ;
#7692 = CARTESIAN_POINT ( 'NONE',  ( -31.58529524122283405, -5.329684094499634206, 20.88661141662417720 ) ) ;
#7693 = CARTESIAN_POINT ( 'NONE',  ( 2.500000000000003109, -12.29893898089671822, 20.00000000000000000 ) ) ;
#7694 = DIRECTION ( 'NONE',  ( -0.6389492215179006784, -0.7692489144104583954, 0.000000000000000000 ) ) ;
#7695 = DIRECTION ( 'NONE',  ( -1.286213965497902977E-17, 0.7071067811865489050, -0.7071067811865462405 ) ) ;
#7696 = CARTESIAN_POINT ( 'NONE',  ( -22.00000000000000711, -19.94588846092255707, 5.112107256297599100 ) ) ;
#7697 = CARTESIAN_POINT ( 'NONE',  ( -32.28428482491175089, -5.507051388218039634, 18.59421707869870843 ) ) ;
#7698 = CIRCLE ( 'NONE', #4718, 1.799999999999904565 ) ;
#7699 = CARTESIAN_POINT ( 'NONE',  ( -15.70000000000043983, -8.976728148939328022, -4.365520845354883939 ) ) ;
#7700 = CARTESIAN_POINT ( 'NONE',  ( -15.70000000000043983, -7.882496365929569038, -4.886390933827458483 ) ) ;
#7701 = CARTESIAN_POINT ( 'NONE',  ( -4.499999999999995559, -21.70000000000013785, -22.50000000000000000 ) ) ;
#7702 = CARTESIAN_POINT ( 'NONE',  ( -16.20000000000043983, -1.734723475976807587E-16, 0.000000000000000000 ) ) ;
#7703 = CARTESIAN_POINT ( 'NONE',  ( -31.84203381090134499, -5.212998000757311345, -16.92760081561650409 ) ) ;
#7704 = CARTESIAN_POINT ( 'NONE',  ( -34.00000000000000000, -12.00000000000003197, 0.000000000000000000 ) ) ;
#7705 = ORIENTED_EDGE ( 'NONE', *, *, #4062, .T. ) ;
#7706 = CARTESIAN_POINT ( 'NONE',  ( -26.03486112756970883, -3.921227348485525344, 17.11338858345563096 ) ) ;
#7707 = VECTOR ( 'NONE', #4355, 1000.000000000000000 ) ;
#7708 = VERTEX_POINT ( 'NONE', #5045 ) ;
#7709 = CARTESIAN_POINT ( 'NONE',  ( -16.47920460761767103, -18.35257791140587358, 17.49484907986748183 ) ) ;
#7710 = CARTESIAN_POINT ( 'NONE',  ( -14.83369972602802989, -17.04905289944865743, 17.56880663992192737 ) ) ;
#7711 = DIRECTION ( 'NONE',  ( -1.000000000000000000, -3.304235192336775019E-16, 0.000000000000000000 ) ) ;
#7712 = CARTESIAN_POINT ( 'NONE',  ( -16.20000000000043983, -9.808529584835024906, -2.028313217815174152 ) ) ;
#7713 = CARTESIAN_POINT ( 'NONE',  ( -16.20000000000044338, -7.851904269214863952, -2.643925516291357525 ) ) ;
#7714 = ORIENTED_EDGE ( 'NONE', *, *, #2631, .T. ) ;
#7715 = EDGE_CURVE ( 'NONE', #1580, #3952, #7431, .T. ) ;
#7716 = CARTESIAN_POINT ( 'NONE',  ( -27.41060670662722032, -28.94963896999987085, 10.38116945510435229 ) ) ;
#7717 = CIRCLE ( 'NONE', #6735, 2.100000000000004530 ) ;
#7718 = CARTESIAN_POINT ( 'NONE',  ( -15.70000000000045048, -6.904861609162323610, 0.4043596734760470102 ) ) ;
#7719 = EDGE_CURVE ( 'NONE', #7860, #5844, #8048, .T. ) ;
#7720 = CARTESIAN_POINT ( 'NONE',  ( -14.60573695979348230, -16.23377889774781124, -17.62394092679182833 ) ) ;
#7721 = ADVANCED_FACE ( 'NONE', ( #2679 ), #5874, .F. ) ;
#7722 = CARTESIAN_POINT ( 'NONE',  ( -25.33587154395002372, -3.743860054784415414, -18.59421707869871199 ) ) ;
#7723 = CARTESIAN_POINT ( 'NONE',  ( -25.77438000544041685, -3.855134806621693055, -17.44790550080179869 ) ) ;
#7724 = VECTOR ( 'NONE', #969, 1000.000000000000000 ) ;
#7725 = DIRECTION ( 'NONE',  ( -0.7692489144104583954, 0.6389492215179006784, 0.000000000000000000 ) ) ;
#7726 = CARTESIAN_POINT ( 'NONE',  ( -16.07520745790709071, -18.03254791570167370, -20.73710360427758914 ) ) ;
#7727 = ORIENTED_EDGE ( 'NONE', *, *, #1949, .T. ) ;
#7728 = AXIS2_PLACEMENT_3D ( 'NONE', #5523, #14, #3927 ) ;
#7729 = EDGE_CURVE ( 'NONE', #9577, #2082, #2791, .T. ) ;
#7730 = CARTESIAN_POINT ( 'NONE',  ( -14.24866261705345494, -15.93718780864300122, 19.14764724851168154 ) ) ;
#7731 = ORIENTED_EDGE ( 'NONE', *, *, #7089, .F. ) ;
#7733 = CARTESIAN_POINT ( 'NONE',  ( -15.70000000000043983, -7.531772739748002543, -3.590462823894405631 ) ) ;
#7732 = LINE ( 'NONE', #3694, #862 ) ;
#7734 = FACE_OUTER_BOUND ( 'NONE', #7260, .T. ) ;
#7735 = AXIS2_PLACEMENT_3D ( 'NONE', #8267, #6052, #1864 ) ;
#7736 = CARTESIAN_POINT ( 'NONE',  ( -14.46746402760057748, -16.75893076982055874, -18.09792933424130368 ) ) ;
#7737 = VECTOR ( 'NONE', #6287, 1000.000000000000114 ) ;
#7738 = ORIENTED_EDGE ( 'NONE', *, *, #9357, .T. ) ;
#7739 = CARTESIAN_POINT ( 'NONE',  ( -15.70000000000043983, -9.097256437510504057, 0.7717534568125474781 ) ) ;
#7740 = VERTEX_POINT ( 'NONE', #5197 ) ;
#7741 = AXIS2_PLACEMENT_3D ( 'NONE', #1807, #9788, #9834 ) ;
#7742 = VERTEX_POINT ( 'NONE', #3741 ) ;
#7743 = CARTESIAN_POINT ( 'NONE',  ( -31.24296853405568086, -5.242812406988040408, 21.22721168053497820 ) ) ;
#7744 = FACE_OUTER_BOUND ( 'NONE', #8090, .T. ) ;
#7745 = FACE_OUTER_BOUND ( 'NONE', #9282, .T. ) ;
#7746 = EDGE_LOOP ( 'NONE', ( #22, #7091, #8513, #9921 ) ) ;
#7747 = FACE_BOUND ( 'NONE', #3928, .T. ) ;
#7748 = CARTESIAN_POINT ( 'NONE',  ( -25.42516938566085827, -3.766519786471695941, 18.19622292480130810 ) ) ;
#7749 = CARTESIAN_POINT ( 'NONE',  ( -32.60158332329182684, -5.437894384777097301, 19.00000000000000000 ) ) ;
#7750 = CARTESIAN_POINT ( 'NONE',  ( -15.70000000000043983, -8.356433291003840580, 0.06993687746672212768 ) ) ;
#7751 = CARTESIAN_POINT ( 'NONE',  ( -16.20000000000043983, -9.014403707535935339, -3.463223233939066947 ) ) ;
#7752 = CARTESIAN_POINT ( 'NONE',  ( -14.97652491442004496, -17.16219280209186948, 20.54937227701072544 ) ) ;
#7753 = LINE ( 'NONE', #8684, #2591 ) ;
#7754 = CARTESIAN_POINT ( 'NONE',  ( -32.60158332329181974, -5.437894384777096413, -18.77763742593380769 ) ) ;
#7755 = CARTESIAN_POINT ( 'NONE',  ( -15.70000000000043627, -8.184834602055778063, -4.163077456710102098 ) ) ;
#7756 = ORIENTED_EDGE ( 'NONE', *, *, #4508, .F. ) ;
#7757 = CARTESIAN_POINT ( 'NONE',  ( 2.500000000000001332, -12.29893898089671822, -20.00000000000000000 ) ) ;
#7758 = ORIENTED_EDGE ( 'NONE', *, *, #4356, .F. ) ;
#7759 = CARTESIAN_POINT ( 'NONE',  ( -16.67238954540691154, -18.50561460805293734, 17.68747109217873970 ) ) ;
#7760 = CARTESIAN_POINT ( 'NONE',  ( -12.75693438455825124, -16.64809086861041720, 23.00000000000000000 ) ) ;
#7761 = CARTESIAN_POINT ( 'NONE',  ( -23.06146656074440671, -23.25351890109070041, 6.269452323445850794 ) ) ;
#7762 = CARTESIAN_POINT ( 'NONE',  ( -32.30682491192607131, -5.512771037362598214, -19.00000000000000000 ) ) ;
#7763 = EDGE_CURVE ( 'NONE', #6406, #483, #10050, .T. ) ;
#7764 = ORIENTED_EDGE ( 'NONE', *, *, #9974, .F. ) ;
#7765 = CARTESIAN_POINT ( 'NONE',  ( -15.19999999999933316, -5.499999999999345413, -15.50000000000000711 ) ) ;
#7766 = CARTESIAN_POINT ( 'NONE',  ( -15.70000000000045048, -7.155790662124287493, 1.150355366666517609 ) ) ;
#7767 = CARTESIAN_POINT ( 'NONE',  ( -14.27973368366544271, -16.61021580999513247, -19.11781038324074444 ) ) ;
#7768 = CARTESIAN_POINT ( 'NONE',  ( -32.30682491192607131, -5.512771037362598214, -19.00000000000000000 ) ) ;
#7769 = EDGE_CURVE ( 'NONE', #6316, #1472, #6863, .T. ) ;
#7770 = DIRECTION ( 'NONE',  ( 0.4999999999999998890, 0.4999999999999975020, 0.7071067811865494601 ) ) ;
#7771 = FACE_OUTER_BOUND ( 'NONE', #3357, .T. ) ;
#7772 = CARTESIAN_POINT ( 'NONE',  ( -14.72730332557309652, -16.96476867718738646, -20.31277067779842938 ) ) ;
#7773 = EDGE_CURVE ( 'NONE', #6701, #8147, #9211, .T. ) ;
#7774 = ORIENTED_EDGE ( 'NONE', *, *, #8420, .T. ) ;
#7775 = EDGE_CURVE ( 'NONE', #3952, #9933, #1193, .T. ) ;
#7776 = CARTESIAN_POINT ( 'NONE',  ( -14.47899732625679903, -16.12850713373659772, 20.13053067225604664 ) ) ;
#7777 = ORIENTED_EDGE ( 'NONE', *, *, #4116, .F. ) ;
#7779 = CARTESIAN_POINT ( 'NONE',  ( -21.76175575615275193, -20.15905952401790913, 22.80000000000000071 ) ) ;
#7778 = CARTESIAN_POINT ( 'NONE',  ( -24.26781089292005333, -23.05767027998897944, -7.238373641397195968 ) ) ;
#7780 = FACE_OUTER_BOUND ( 'NONE', #7367, .T. ) ;
#7781 = CARTESIAN_POINT ( 'NONE',  ( -16.15779467885239029, -18.09796552373046197, -20.70806724034470037 ) ) ;
#7782 = ADVANCED_FACE ( 'NONE', ( #9190 ), #4320, .F. ) ;
#7783 = ORIENTED_EDGE ( 'NONE', *, *, #10203, .T. ) ;
#7784 = CARTESIAN_POINT ( 'NONE',  ( -12.75693438455825124, -16.64809086861041720, -22.50000000000000000 ) ) ;
#7785 = EDGE_CURVE ( 'NONE', #2652, #8098, #2242, .T. ) ;
#7786 = ORIENTED_EDGE ( 'NONE', *, *, #3286, .T. ) ;
#7787 = ADVANCED_FACE ( 'NONE', ( #2114 ), #419, .T. ) ;
#7788 = ORIENTED_EDGE ( 'NONE', *, *, #6591, .F. ) ;
#7789 = CARTESIAN_POINT ( 'NONE',  ( -30.20242480982781430, -4.978770693487890142, 21.84367753527223144 ) ) ;
#7790 = B_SPLINE_SURFACE_WITH_KNOTS ( 'NONE', 1, 3, ( 
 ( #3858, #5272, #8516, #1406, #5418, #8572, #169, #4894, #3328, #8774, #4172, #1548, #2, #5614, #8886, #4735, #3961, #2377, #1652, #789, #5511, #119, #6514, #7121, #4784, #8056, #7173, #9570, #2427, #6354, #9677, #8727, #4949, #9517, #5564, #3279, #4835, #6410, #5667, #7995, #2532, #7282, #1601, #7945, #4070, #839, #4014, #55, #3221, #7232, #6463, #4126, #9621, #5724, #954, #1762, #2476, #8831, #8106, #2327, #1710, #999, #7332, #221, #3383, #6567 ),
 ( #8672, #7895, #6415, #3283, #9576, #7900, #792, #8677, #4738, #1331, #1554, #59, #4559, #6466, #3964, #9278, #4787, #9521, #2149, #2104, #6131, #900, #7124, #7710, #2430, #2201, #614, #3782, #5, #2939, #6948, #8442, #5291, #3170, #4509, #6357, #2380, #123, #1605, #4016, #7948, #7177, #1375, #7664, #3225, #842, #5618, #5569, #4074, #563, #10072, #5385, #8777, #3726, #6898, #5335, #8730, #8487, #10123, #1654, #4838, #2984, #6178, #7999, #9328, #7234 ) ),
 .UNSPECIFIED., .F., .T., .F.,
 ( 2, 2 ),
 ( 4, 2, 2, 2, 2, 2, 2, 2, 2, 2, 2, 2, 2, 2, 2, 2, 2, 2, 2, 2, 2, 2, 2, 2, 2, 2, 2, 2, 2, 2, 2, 2, 4 ),
 ( 0.000000000000000000, 1.000000000000000000 ),
 ( -6.283185307179586232, -6.086835766330223940, -5.890486225480861648, -5.694136684631500245, -5.497787143782137953, -5.301437602932775661, -5.105088062083414258, -4.908738521234051966, -4.712388980384689674, -4.516039439535327382, -4.319689898685965090, -4.123340357836603687, -3.926990816987241395, -3.730641276137879103, -3.534291735288517255, -3.337942194439155408, -3.141592653589793116, -2.945243112740430824, -2.748893571891068976, -2.552544031041707129, -2.356194490192344837, -2.159844949342982545, -1.963495408493620697, -1.767145867644258628, -1.570796326794896558, -1.374446785945534488, -1.178097245096172418, -0.9817477042468103487, -0.7853981633974482790, -0.5890486225480862092, -0.3926990816987241395, -0.1963495408493620697, 0.000000000000000000 ),
 .UNSPECIFIED. ) ;
#7791 = CARTESIAN_POINT ( 'NONE',  ( -25.18738406377699235, -3.242610763806446528, 19.44332321878654923 ) ) ;
#7792 = DIRECTION ( 'NONE',  ( -0.9063077870366214039, 0.4226182617407605036, 0.000000000000000000 ) ) ;
#7793 = DIRECTION ( 'NONE',  ( 1.000000000000000000, 0.000000000000000000, 0.000000000000000000 ) ) ;
#7794 = ORIENTED_EDGE ( 'NONE', *, *, #1609, .F. ) ;
#7795 = DIRECTION ( 'NONE',  ( 3.469446951953615175E-16, -1.000000000000000000, 0.000000000000000000 ) ) ;
#7796 = CARTESIAN_POINT ( 'NONE',  ( -28.58121536676148722, -4.567380745194697056, 22.09999999999996589 ) ) ;
#7797 = CARTESIAN_POINT ( 'NONE',  ( -15.90656898449360135, -17.89896413034949418, 17.21894597473061594 ) ) ;
#7798 = DIRECTION ( 'NONE',  ( -1.000000000000000000, -3.212450881438532241E-16, 0.000000000000000000 ) ) ;
#7799 = CARTESIAN_POINT ( 'NONE',  ( -15.70000000000043983, -6.904353841145121073, 2.485692086179034810 ) ) ;
#7800 = DIRECTION ( 'NONE',  ( 0.8164965809277250353, -6.409875621278518938E-17, -0.5773502691896270633 ) ) ;
#7801 = PLANE ( 'NONE',  #7428 ) ;
#7803 = ORIENTED_EDGE ( 'NONE', *, *, #3350, .F. ) ;
#7802 = CARTESIAN_POINT ( 'NONE',  ( -25.67741481345750287, -3.387704851635965131, -20.70262373805847744 ) ) ;
#7804 = VECTOR ( 'NONE', #2608, 1000.000000000000227 ) ;
#7805 = CARTESIAN_POINT ( 'NONE',  ( -16.20000000000043983, -9.808529584835024906, -0.7375684428418834981 ) ) ;
#7806 = ORIENTED_EDGE ( 'NONE', *, *, #5315, .F. ) ;
#7807 = CARTESIAN_POINT ( 'NONE',  ( -26.77185585880051377, -4.108245751570409610, 16.48096446087579636 ) ) ;
#7808 = CARTESIAN_POINT ( 'NONE',  ( -16.68761951303666535, -18.51767867999549821, 17.70582791623885299 ) ) ;
#7809 = CARTESIAN_POINT ( 'NONE',  ( -15.70000000000043272, -7.060056848763235138, -0.2830861724592369510 ) ) ;
#7810 = CARTESIAN_POINT ( 'NONE',  ( -23.11528316400666938, -23.28350276691617893, 6.352517950234425115 ) ) ;
#7811 = LINE ( 'NONE', #706, #9551 ) ;
#7812 = ORIENTED_EDGE ( 'NONE', *, *, #10203, .F. ) ;
#7813 = AXIS2_PLACEMENT_3D ( 'NONE', #5803, #3461, #5854 ) ;
#7814 = CARTESIAN_POINT ( 'NONE',  ( -27.70004900289877625, -3.986590254074723116, 15.77608868126122488 ) ) ;
#7815 = DIRECTION ( 'NONE',  ( -1.000000000000000000, 0.000000000000000000, 0.000000000000000000 ) ) ;
#7816 = CARTESIAN_POINT ( 'NONE',  ( -15.70000000000044338, -7.001565576049613604, 0.8919814093236719810 ) ) ;
#7817 = CARTESIAN_POINT ( 'NONE',  ( -17.12051304298578103, -18.86060527521767938, -19.11781038324074089 ) ) ;
#7818 = VECTOR ( 'NONE', #3643, 1000.000000000000000 ) ;
#7819 = CARTESIAN_POINT ( 'NONE',  ( -29.26779434669742130, -4.741603270279319382, -22.08001734887670864 ) ) ;
#7820 = CARTESIAN_POINT ( 'NONE',  ( -26.41825100829827377, -4.018516757169535936, -16.73808185289930961 ) ) ;
#7821 = CARTESIAN_POINT ( 'NONE',  ( -16.20000000000044338, -7.919889240714613976, 0.8154170941793529304 ) ) ;
#7822 = CARTESIAN_POINT ( 'NONE',  ( -15.13395101233492390, -17.28690359941673194, -20.65084014255067402 ) ) ;
#7823 = ORIENTED_EDGE ( 'NONE', *, *, #867, .F. ) ;
#7824 = CARTESIAN_POINT ( 'NONE',  ( -16.63875449233591297, -18.47896903035888627, 17.64390327298311689 ) ) ;
#7825 = CARTESIAN_POINT ( 'NONE',  ( -22.22918230171338649, -20.06516422323501203, -5.199745050190536233 ) ) ;
#7826 = VECTOR ( 'NONE', #6065, 999.9999999999998863 ) ;
#7828 = CARTESIAN_POINT ( 'NONE',  ( -15.70000000000044338, -7.507793964305823131, -3.676566919541011558 ) ) ;
#7827 = LINE ( 'NONE', #7112, #5192 ) ;
#7829 = CARTESIAN_POINT ( 'NONE',  ( -2.153022881041926961, -12.35302288104267276, 23.00000000000000000 ) ) ;
#7830 = CARTESIAN_POINT ( 'NONE',  ( -16.93278269905064803, -18.71189031539224601, -18.09792933424130723 ) ) ;
#7831 = ADVANCED_FACE ( 'NONE', ( #9086 ), #6142, .F. ) ;
#7832 = CARTESIAN_POINT ( 'NONE',  ( -15.70000000000045048, -7.531772739748006096, 0.5583596670911684656 ) ) ;
#7833 = DIRECTION ( 'NONE',  ( -0.000000000000000000, -0.000000000000000000, 1.000000000000000000 ) ) ;
#7834 = ORIENTED_EDGE ( 'NONE', *, *, #9567, .T. ) ;
#7835 = VECTOR ( 'NONE', #7215, 1000.000000000000114 ) ;
#7836 = ORIENTED_EDGE ( 'NONE', *, *, #4742, .F. ) ;
#7837 = EDGE_CURVE ( 'NONE', #674, #6367, #3639, .T. ) ;
#7838 = CARTESIAN_POINT ( 'NONE',  ( -29.00907797700426016, -4.675953203142442227, 22.09498923892940425 ) ) ;
#7839 = VECTOR ( 'NONE', #8976, 999.9999999999998863 ) ;
#7840 = DIRECTION ( 'NONE',  ( 0.7071067811865489050, 0.000000000000000000, 0.7071067811865462405 ) ) ;
#7841 = EDGE_CURVE ( 'NONE', #8450, #911, #4240, .T. ) ;
#7842 = EDGE_CURVE ( 'NONE', #3746, #6769, #5985, .T. ) ;
#7843 = VECTOR ( 'NONE', #9581, 1000.000000000000000 ) ;
#7844 = DIRECTION ( 'NONE',  ( 0.5690808351344378568, 1.862496709272780678E-16, 0.8222815838158425983 ) ) ;
#7845 =( BOUNDED_CURVE ( )  B_SPLINE_CURVE ( 3, ( #6752, #2670, #4465, #6649 ),
 .UNSPECIFIED., .F., .T. ) 
 B_SPLINE_CURVE_WITH_KNOTS ( ( 4, 4 ),
 ( 3.730623623806103240, 4.936194295546186162 ),
 .UNSPECIFIED. ) 
 CURVE ( )  GEOMETRIC_REPRESENTATION_ITEM ( )  RATIONAL_B_SPLINE_CURVE ( ( 1.000000000000000000, 0.8825064643293153432, 0.8825064643293153432, 1.000000000000000000 ) ) 
 REPRESENTATION_ITEM ( '' )  );
#7846 = MECHANICAL_CONTEXT ( 'NONE', #3615, 'mechanical' ) ;
#7847 = CC_DESIGN_APPROVAL ( #8636, ( #2938 ) ) ;
#7848 = ORIENTED_EDGE ( 'NONE', *, *, #3798, .F. ) ;
#7849 = VECTOR ( 'NONE', #5479, 1000.000000000000000 ) ;
#7850 = PLANE ( 'NONE',  #6251 ) ;
#7851 = VECTOR ( 'NONE', #6935, 1000.000000000000000 ) ;
#7852 = EDGE_CURVE ( 'NONE', #94, #5786, #5934, .T. ) ;
#7853 = CARTESIAN_POINT ( 'NONE',  ( -15.70000000000043983, -9.711187494247642604, -3.609787139473049411 ) ) ;
#7854 = CARTESIAN_POINT ( 'NONE',  ( -15.70000000000043983, -7.183698034253646725, -0.4438349079535793829 ) ) ;
#7855 = DIRECTION ( 'NONE',  ( 1.000000000000000000, 0.000000000000000000, 0.000000000000000000 ) ) ;
#7856 = DIRECTION ( 'NONE',  ( -1.000000000000000000, 0.000000000000000000, 0.000000000000000000 ) ) ;
#7858 = VERTEX_POINT ( 'NONE', #4521 ) ;
#7857 = CARTESIAN_POINT ( 'NONE',  ( -29.13714921378207379, -4.412103845525193080, -15.60256912800726425 ) ) ;
#7859 = DIRECTION ( 'NONE',  ( -0.9063077870366214039, 0.4226182617407605036, 0.000000000000000000 ) ) ;
#7860 = VERTEX_POINT ( 'NONE', #5301 ) ;
#7861 = VECTOR ( 'NONE', #4214, 1000.000000000000000 ) ;
#7862 = CARTESIAN_POINT ( 'NONE',  ( -27.60048735105745976, -4.318513038185908925, 16.09060229403534592 ) ) ;
#7863 = EDGE_LOOP ( 'NONE', ( #5191, #10146, #660, #5907 ) ) ;
#7864 = LINE ( 'NONE', #3933, #8363 ) ;
#7865 = VECTOR ( 'NONE', #2644, 1000.000000000000114 ) ;
#7866 = CARTESIAN_POINT ( 'NONE',  ( -34.00000000000000000, -2.500000000000023093, 0.000000000000000000 ) ) ;
#7867 = DIRECTION ( 'NONE',  ( 0.000000000000000000, 0.000000000000000000, 1.000000000000000000 ) ) ;
#7868 = CARTESIAN_POINT ( 'NONE',  ( -16.20000000000043983, -6.919033797933555441, -3.559096049424074870 ) ) ;
#7869 = ORIENTED_EDGE ( 'NONE', *, *, #3937, .F. ) ;
#7870 = CARTESIAN_POINT ( 'NONE',  ( -15.70000000000044338, -7.303320638129065401, 1.291757677803803128 ) ) ;
#7871 = CARTESIAN_POINT ( 'NONE',  ( -16.20000000000043983, -7.224479268694421918, 1.224829081715006929 ) ) ;
#7872 = CARTESIAN_POINT ( 'NONE',  ( -17.05445559288308033, -18.26771984328382814, -17.20634008740813314 ) ) ;
#7873 = AXIS2_PLACEMENT_3D ( 'NONE', #9935, #5146, #4472 ) ;
#7874 = ORIENTED_EDGE ( 'NONE', *, *, #4115, .T. ) ;
#7875 = CARTESIAN_POINT ( 'NONE',  ( -31.59036746121493522, -5.330966715024849201, -20.89096929817352333 ) ) ;
#7876 = CARTESIAN_POINT ( 'NONE',  ( -27.80934879285310046, -4.371514280632870175, -16.02963359520007458 ) ) ;
#7877 = CARTESIAN_POINT ( 'NONE',  ( -13.29893898089555648, -0.9999999999996125322, -23.00000000000000000 ) ) ;
#7878 = CARTESIAN_POINT ( 'NONE',  ( -34.71423156829899170, 1.278697662366830468, 19.00000000000000000 ) ) ;
#7879 = ORIENTED_EDGE ( 'NONE', *, *, #3486, .T. ) ;
#7880 = AXIS2_PLACEMENT_3D ( 'NONE', #9300, #1302, #1348 ) ;
#7881 = CARTESIAN_POINT ( 'NONE',  ( -17.37706682787779755, -18.53568537900476443, 20.37605907320816812 ) ) ;
#7882 = FACE_OUTER_BOUND ( 'NONE', #10088, .T. ) ;
#7883 = CARTESIAN_POINT ( 'NONE',  ( -23.65358003488584870, -23.59835701301917155, -6.624142783362993114 ) ) ;
#7884 = CARTESIAN_POINT ( 'NONE',  ( -15.11474129960189750, -16.65656522942432005, 17.02822864061706909 ) ) ;
#7885 = VECTOR ( 'NONE', #186, 1000.000000000000000 ) ;
#7886 = VECTOR ( 'NONE', #1664, 1000.000000000000000 ) ;
#7887 = ORIENTED_EDGE ( 'NONE', *, *, #9424, .F. ) ;
#7888 = DIRECTION ( 'NONE',  ( 0.000000000000000000, 0.000000000000000000, 1.000000000000000000 ) ) ;
#7889 = CARTESIAN_POINT ( 'NONE',  ( -22.30940922921739400, -24.06252624670102236, -23.00000000000000000 ) ) ;
#7890 = ORIENTED_EDGE ( 'NONE', *, *, #4443, .F. ) ;
#7891 = CIRCLE ( 'NONE', #4593, 0.4999999999999900080 ) ;
#7892 = ORIENTED_EDGE ( 'NONE', *, *, #1624, .F. ) ;
#7893 = CARTESIAN_POINT ( 'NONE',  ( -28.94353086654508189, -4.659320015094621681, 22.09792634450614912 ) ) ;
#7894 = VECTOR ( 'NONE', #8134, 1000.000000000000000 ) ;
#7895 = CARTESIAN_POINT ( 'NONE',  ( -17.12051304298578103, -18.86060527521767938, 18.88218961675925556 ) ) ;
#7896 = DIRECTION ( 'NONE',  ( -0.000000000000000000, -0.000000000000000000, -1.000000000000000000 ) ) ;
#7897 = AXIS2_PLACEMENT_3D ( 'NONE', #6919, #2071, #8411 ) ;
#7898 = EDGE_CURVE ( 'NONE', #9635, #4460, #3530, .T. ) ;
#7899 = DATE_AND_TIME ( #1813, #3379 ) ;
#7900 = CARTESIAN_POINT ( 'NONE',  ( -16.97681622514102173, -18.74677249760230779, 18.20232721995042269 ) ) ;
#7901 = ORIENTED_EDGE ( 'NONE', *, *, #9627, .F. ) ;
#7902 = PLANE ( 'NONE',  #6758 ) ;
#7903 = EDGE_CURVE ( 'NONE', #3059, #423, #9322, .T. ) ;
#7904 = EDGE_CURVE ( 'NONE', #9191, #9265, #5989, .T. ) ;
#7905 = CARTESIAN_POINT ( 'NONE',  ( -15.70000000000043983, -9.591254793415313173, -3.712049454811818361 ) ) ;
#7906 = LINE ( 'NONE', #7799, #7176 ) ;
#7907 = CARTESIAN_POINT ( 'NONE',  ( -15.16619076365847008, -17.31244328262023302, 20.66799754486761032 ) ) ;
#7908 = CARTESIAN_POINT ( 'NONE',  ( -13.00000000000000711, -15.20000000000003482, -22.50000000000000000 ) ) ;
#7909 = CARTESIAN_POINT ( 'NONE',  ( -31.84203381090135210, -5.212998000757310457, -21.07239918438350301 ) ) ;
#7910 = CARTESIAN_POINT ( 'NONE',  ( -14.29440017775178440, -15.97517808494350255, -19.59183914758084555 ) ) ;
#7911 = ORIENTED_EDGE ( 'NONE', *, *, #883, .F. ) ;
#7912 = CARTESIAN_POINT ( 'NONE',  ( -29.77323240255896764, -4.869862921568222092, 16.01989205018858442 ) ) ;
#7913 = ORIENTED_EDGE ( 'NONE', *, *, #1114, .F. ) ;
#7914 = ADVANCED_FACE ( 'NONE', ( #930 ), #5706, .T. ) ;
#7915 = CARTESIAN_POINT ( 'NONE',  ( -17.12051304298577392, -18.86060527521767582, 19.00000000000000000 ) ) ;
#7916 = CARTESIAN_POINT ( 'NONE',  ( -15.70000000000043983, -6.919645622918274341, 0.1238050100435519191 ) ) ;
#7917 = CARTESIAN_POINT ( 'NONE',  ( -16.20000000000043983, -7.303320638129067177, -2.857064813181771079 ) ) ;
#7918 = ORIENTED_EDGE ( 'NONE', *, *, #3409, .T. ) ;
#7919 = ADVANCED_FACE ( 'NONE', ( #4106 ), #8135, .F. ) ;
#7920 = CARTESIAN_POINT ( 'NONE',  ( -30.08899341565387076, -4.693937110716094097, 15.77608868126122488 ) ) ;
#7921 = DIRECTION ( 'NONE',  ( -0.000000000000000000, -0.000000000000000000, -1.000000000000000000 ) ) ;
#7922 = CARTESIAN_POINT ( 'NONE',  ( -16.20000000000043983, -8.976728148939328022, -4.365520845354883939 ) ) ;
#7923 = CARTESIAN_POINT ( 'NONE',  ( -17.12051304298577747, -18.86060527521767582, -19.00000000000000000 ) ) ;
#7924 = CARTESIAN_POINT ( 'NONE',  ( -15.70000000000044338, -7.531772739748006096, 0.5583596670911684656 ) ) ;
#7925 = VERTEX_POINT ( 'NONE', #7366 ) ;
#7926 = CARTESIAN_POINT ( 'NONE',  ( -15.70000000000043983, -10.49999999999928768, 1.613430968716609959 ) ) ;
#7927 = CARTESIAN_POINT ( 'NONE',  ( -23.44951233736605190, -23.31768734661870823, -6.868398952836336946 ) ) ;
#7928 = CARTESIAN_POINT ( 'NONE',  ( -22.11681942740974094, -19.80399585276087038, -23.00000000000000000 ) ) ;
#7929 = CARTESIAN_POINT ( 'NONE',  ( -15.70000000000043983, -8.976728148939331575, -0.2166983543693092595 ) ) ;
#7930 = CARTESIAN_POINT ( 'NONE',  ( -14.98584980989741489, -17.16957894728588130, -20.55696345071758557 ) ) ;
#7931 = ORIENTED_EDGE ( 'NONE', *, *, #1869, .T. ) ;
#7932 = CARTESIAN_POINT ( 'NONE',  ( -16.15779467885239029, -18.09796552373046197, 17.29193275965529608 ) ) ;
#7933 = DIRECTION ( 'NONE',  ( -0.6785983445458476648, 0.6785983445458483310, -0.2810846377148153441 ) ) ;
#7934 = DIRECTION ( 'NONE',  ( -0.5384253804618299721, -0.6482254386778326660, -0.5384253804618288619 ) ) ;
#7935 = DIRECTION ( 'NONE',  ( -0.7071067811864567565, 0.7071067811866382780, 0.000000000000000000 ) ) ;
#7936 = CARTESIAN_POINT ( 'NONE',  ( -34.00000000000000000, -2.000000000000030198, 0.000000000000000000 ) ) ;
#7937 = EDGE_LOOP ( 'NONE', ( #971, #3000, #6082, #4715, #7140, #2915, #6006, #464 ) ) ;
#7938 = CARTESIAN_POINT ( 'NONE',  ( -16.20000000000043627, -7.573282522577136078, 0.6336848591690863453 ) ) ;
#7939 = FACE_OUTER_BOUND ( 'NONE', #1691, .T. ) ;
#7940 = ORIENTED_EDGE ( 'NONE', *, *, #2947, .T. ) ;
#7941 = CARTESIAN_POINT ( 'NONE',  ( -31.95306890763652419, -5.423003849417339595, 17.62623021204552032 ) ) ;
#7942 = ORIENTED_EDGE ( 'NONE', *, *, #7658, .F. ) ;
#7943 = CARTESIAN_POINT ( 'NONE',  ( -16.14182058491231331, -18.08531690813785175, 17.28899172236665294 ) ) ;
#7944 = CARTESIAN_POINT ( 'NONE',  ( -28.64841427930866402, -4.584432496500729926, 22.09668597398484380 ) ) ;
#7945 = CARTESIAN_POINT ( 'NONE',  ( -15.11802746069450087, -16.65929476213157301, 20.95771674510811522 ) ) ;
#7946 = LINE ( 'NONE', #7175, #10025 ) ;
#7947 = PERSON_AND_ORGANIZATION ( #3075, #6207 ) ;
#7948 = CARTESIAN_POINT ( 'NONE',  ( -14.63002014350571045, -16.88770337918926145, 20.18948768525455151 ) ) ;
#7949 = ORIENTED_EDGE ( 'NONE', *, *, #3650, .T. ) ;
#7950 = DIRECTION ( 'NONE',  ( -1.000000000000000000, 0.000000000000000000, 0.000000000000000000 ) ) ;
#7951 = CARTESIAN_POINT ( 'NONE',  ( -15.70000000000044338, -9.519325745999390520, -3.784479560941150567 ) ) ;
#7952 = CARTESIAN_POINT ( 'NONE',  ( -15.70000000000044693, -7.508060654049322657, -3.860504165356288819 ) ) ;
#7953 = CARTESIAN_POINT ( 'NONE',  ( -35.98702377443470368, 0.005905456231108507231, -19.00000000000000000 ) ) ;
#7954 = CARTESIAN_POINT ( 'NONE',  ( -22.00000000000000355, -24.93172798364416565, 4.970562748477149739 ) ) ;
#7955 = CARTESIAN_POINT ( 'NONE',  ( -31.84466619930807596, -5.395496171316328748, -17.44643385345202091 ) ) ;
#7956 = FACE_BOUND ( 'NONE', #951, .T. ) ;
#7957 = ORIENTED_EDGE ( 'NONE', *, *, #1429, .T. ) ;
#7958 = EDGE_CURVE ( 'NONE', #4448, #4294, #6496, .T. ) ;
#7959 = CARTESIAN_POINT ( 'NONE',  ( -30.13456720155185309, -4.961550843733731675, 16.13095801277942343 ) ) ;
#7960 = ORIENTED_EDGE ( 'NONE', *, *, #7526, .T. ) ;
#7961 = CARTESIAN_POINT ( 'NONE',  ( -16.20000000000043983, -7.882496365929569038, -4.886390933827458483 ) ) ;
#7962 = CARTESIAN_POINT ( 'NONE',  ( -16.86799972340968523, -18.66057107480075317, 17.97506299319154977 ) ) ;
#7963 = CARTESIAN_POINT ( 'NONE',  ( -15.70000000000044338, -7.118390235841741465, -0.3668021421790762515 ) ) ;
#7964 = CARTESIAN_POINT ( 'NONE',  ( -24.28164746568212706, -22.67795507071815209, 7.252210214159259927 ) ) ;
#7965 = CARTESIAN_POINT ( 'NONE',  ( -31.65343395591751374, -5.346971837815737594, -17.19489138870711642 ) ) ;
#7966 = ORIENTED_EDGE ( 'NONE', *, *, #5367, .F. ) ;
#7967 = DIRECTION ( 'NONE',  ( -1.000000000000000000, 0.000000000000000000, 0.000000000000000000 ) ) ;
#7968 = PLANE ( 'NONE',  #6505 ) ;
#7969 = CARTESIAN_POINT ( 'NONE',  ( -15.70000000000043983, -7.706673071872999436, -3.400484062976471211 ) ) ;
#7970 = ADVANCED_FACE ( 'NONE', ( #93 ), #4734, .T. ) ;
#7971 = CARTESIAN_POINT ( 'NONE',  ( -14.57076098651950247, -16.84075985921393581, -20.09798217311177027 ) ) ;
#7972 = DIRECTION ( 'NONE',  ( -1.000000000000000000, 0.000000000000000000, 0.000000000000000000 ) ) ;
#7973 = VERTEX_POINT ( 'NONE', #9926 ) ;
#7974 = ADVANCED_FACE ( 'NONE', ( #1287 ), #8340, .T. ) ;
#7975 = EDGE_CURVE ( 'NONE', #9047, #4987, #1866, .T. ) ;
#7976 = CARTESIAN_POINT ( 'NONE',  ( -16.20000000000043983, -9.642235741182128450, 0.4817752022743757578 ) ) ;
#7977 = CARTESIAN_POINT ( 'NONE',  ( -23.83172756043340001, -22.83172798368552137, -7.458345222969279931 ) ) ;
#7978 = B_SPLINE_SURFACE_WITH_KNOTS ( 'NONE', 3, 1, ( 
 ( #1065, #1882 ),
 ( #1980, #2605 ),
 ( #6737, #9007 ),
 ( #2712, #392 ),
 ( #7349, #5906 ),
 ( #1935, #4241 ),
 ( #5170, #245 ),
 ( #5119, #9756 ),
 ( #8275, #8380 ),
 ( #6785, #9908 ),
 ( #1119, #8956 ) ),
 .UNSPECIFIED., .F., .F., .F.,
 ( 4, 1, 1, 1, 1, 1, 1, 1, 4 ),
 ( 2, 2 ),
 ( 0.000000000000000000, 0.1491402908464729560, 0.2821617981976309308, 0.4046557030353604145, 0.5211096910238619540, 0.6344164539698207150, 0.7487964497315251489, 0.8687105535463924832, 1.000000000000000000 ),
 ( 0.000000000000000000, 1.000000000000000000 ),
 .UNSPECIFIED. ) ;
#7979 = CARTESIAN_POINT ( 'NONE',  ( -16.20000000000044338, -8.547785250849040395, -3.930167697617706679 ) ) ;
#7980 = CARTESIAN_POINT ( 'NONE',  ( -34.00000000000000000, -2.500000000000023093, 0.000000000000000000 ) ) ;
#7981 = DIRECTION ( 'NONE',  ( -9.125027858361904182E-16, -1.000000000000000000, 0.000000000000000000 ) ) ;
#7982 = ORIENTED_EDGE ( 'NONE', *, *, #1433, .F. ) ;
#7983 = CARTESIAN_POINT ( 'NONE',  ( -16.41195217664290595, -18.29930229902720384, 17.43790275578906801 ) ) ;
#7984 = LINE ( 'NONE', #3950, #8166 ) ;
#7985 = PLANE ( 'NONE',  #6857 ) ;
#7986 = CARTESIAN_POINT ( 'NONE',  ( -16.75666241940257706, -14.13328707425802122, -19.00000000000000000 ) ) ;
#7987 = CIRCLE ( 'NONE', #3518, 0.5000000000000004441 ) ;
#7988 = CARTESIAN_POINT ( 'NONE',  ( -14.29440017775424998, -15.97517808494555425, 18.40816085241049294 ) ) ;
#7989 = VERTEX_POINT ( 'NONE', #3576 ) ;
#7990 = FACE_OUTER_BOUND ( 'NONE', #8368, .T. ) ;
#7991 = DIRECTION ( 'NONE',  ( -1.000000000000000000, 3.469446951953358598E-15, 0.000000000000000000 ) ) ;
#7992 = ORIENTED_EDGE ( 'NONE', *, *, #9120, .T. ) ;
#7993 = ORIENTED_EDGE ( 'NONE', *, *, #7279, .F. ) ;
#7994 = CARTESIAN_POINT ( 'NONE',  ( -27.80934879279829985, -4.371514280618619352, 21.97036640478511771 ) ) ;
#7995 = CARTESIAN_POINT ( 'NONE',  ( -14.60573695979348230, -16.23377889774781124, 20.37605907320817522 ) ) ;
#7996 = B_SPLINE_CURVE_WITH_KNOTS ( 'NONE', 3,
 ( #8618, #9998, #9260, #4681, #10105, #9210, #3655, #8515, #1453, #8422, #2917, #3011, #5316, #7692, #594, #6976, #6825, #6056, #2965, #7743, #6158, #641, #3813, #10149, #7642, #6202, #9360, #491, #2229, #10049, #8466, #9307, #1309, #5416, #2177, #4637, #4487, #7789, #6880, #3064, #541, #6112, #5361, #2130, #686, #1354, #7024, #4535, #3857, #10199, #6253, #9413, #2278, #5464, #6353, #5722, #8053, #5561, #8725, #167, #6461, #116, #53, #3220, #5665, #7838, #8773, #897, #2426, #7893, #3960, #9568, #837, #4069, #8829, #8883, #7944, #4013, #952, #788, #3327, #7172, #6407, #7073, #6512, #3277, #3907, #7230, #5613, #4732, #9619, #4834, #2375, #2473, #1600, #10299, #1651, #3167, #4123, #7994, #9515, #736, #1708, #10253, #7280, #9675, #5510, #2530, #4783, #1761, #3119, #6301, #9462, #2326, #8669, #1547, #7120, #8985, #9142, #9734, #2744, #6768, #4171, #2588, #8205, #1201, #7330, #6565, #4996, #5781, #279, #997, #4947, #1097, #219, #4275, #5883, #2797, #4326 ),
 .UNSPECIFIED., .F., .F.,
 ( 4, 2, 2, 2, 2, 2, 2, 2, 2, 2, 1, 2, 2, 1, 2, 2, 1, 2, 2, 1, 1, 2, 2, 1, 1, 2, 2, 2, 1, 1, 2, 2, 2, 1, 1, 2, 2, 1, 1, 1, 2, 2, 2, 2, 1, 1, 2, 2, 1, 1, 2, 2, 2, 1, 1, 2, 2, 2, 1, 2, 2, 1, 1, 2, 2, 1, 2, 2, 1, 2, 2, 2, 2, 2, 2, 2, 2, 2, 2, 2, 2, 4 ),
 ( 0.000000000000000000, 0.03124999999998973044, 0.06249999999997946087, 0.07812499999997454814, 0.08593749999997182809, 0.09374999999996910804, 0.1015624999999663880, 0.1093749999999636680, 0.1171874999999609479, 0.1249999999999582279, 0.1328124999999551470, 0.1367187499999537315, 0.1406249999999523437, 0.1484374999999498179, 0.1523437499999485967, 0.1562499999999474032, 0.1640624999999447664, 0.1679687499999435174, 0.1718749999999422962, 0.1796874999999398814, 0.1835937499999383549, 0.1855468749999376887, 0.1874999999999370226, 0.1953124999999360234, 0.1992187499999358291, 0.2011718749999357458, 0.2031249999999356626, 0.2109374999999364952, 0.2148437499999367173, 0.2167968749999366618, 0.2177734374999363842, 0.2187499999999360789, 0.2265624999999362454, 0.2304687499999365508, 0.2324218749999369116, 0.2333984374999371336, 0.2343749999999373279, 0.2382812499999381883, 0.2402343749999386324, 0.2412109374999388545, 0.2416992187499391598, 0.2421874999999394651, 0.2499999999999417688, 0.2539062499999429345, 0.2558593749999437117, 0.2568359374999441558, 0.2573242187499443778, 0.2578124999999445999, 0.2617187499999457101, 0.2636718749999464317, 0.2646484374999468203, 0.2656249999999472089, 0.2734374999999507616, 0.2773437499999525380, 0.2792968749999534817, 0.2802734374999539257, 0.2812499999999543698, 0.2890624999999585332, 0.2929687499999603650, 0.2949218749999610867, 0.2968749999999618083, 0.3046874999999652500, 0.3085937499999669154, 0.3105468749999674705, 0.3124999999999679701, 0.3203124999999695799, 0.3242187499999701905, 0.3281249999999707456, 0.3359374999999723554, 0.3398437499999730771, 0.3437499999999737987, 0.3515624999999749645, 0.3593749999999760747, 0.3671874999999772404, 0.3749999999999784062, 0.3828124999999795719, 0.3906249999999806821, 0.3984374999999818479, 0.4062499999999830136, 0.4374999999999886757, 0.4687499999999943379, 0.5000000000000000000 ),
 .UNSPECIFIED. ) ;
#7997 = CARTESIAN_POINT ( 'NONE',  ( -16.20000000000043983, -6.904353841145121073, 2.485692086179034810 ) ) ;
#7998 = VECTOR ( 'NONE', #986, 1000.000000000000000 ) ;
#7999 = CARTESIAN_POINT ( 'NONE',  ( -17.11135718769717329, -18.85335225142369708, 19.23561588986810023 ) ) ;
#8000 = EDGE_LOOP ( 'NONE', ( #5339, #9398, #613, #6655 ) ) ;
#8001 = CARTESIAN_POINT ( 'NONE',  ( -16.20000000000043983, -10.49999999999928768, -2.028313217815174152 ) ) ;
#8002 = B_SPLINE_CURVE_WITH_KNOTS ( 'NONE', 3,
 ( #7107, #10286, #3151, #10085, #2949, #6141, #9289, #2159, #8500, #4573, #929 ),
 .UNSPECIFIED., .F., .F.,
 ( 4, 1, 1, 1, 1, 1, 1, 1, 4 ),
 ( 0.000000000000000000, 0.1850900618630605399, 0.3523569643820058661, 0.5030795117590480814, 0.6372794639743607492, 0.7524732703005145851, 0.8518857877882206608, 0.9343394349213435257, 0.9999999999999998890 ),
 .UNSPECIFIED. ) ;
#8003 = AXIS2_PLACEMENT_3D ( 'NONE', #308, #8334, #1177 ) ;
#8004 = CARTESIAN_POINT ( 'NONE',  ( -27.78222676438172911, -4.364631897330927046, -21.96307250958225765 ) ) ;
#8005 = CARTESIAN_POINT ( 'NONE',  ( -15.70000000000044338, -7.775883497587325444, -4.170630883317484994 ) ) ;
#8006 = CARTESIAN_POINT ( 'NONE',  ( -32.30682491192607131, -5.512771037362597326, -19.40519573192661085 ) ) ;
#8007 = LINE ( 'NONE', #1770, #8691 ) ;
#8008 = CARTESIAN_POINT ( 'NONE',  ( -27.68337281766804736, -4.339549132805275988, -21.94167135833769322 ) ) ;
#8009 = CARTESIAN_POINT ( 'NONE',  ( -15.53422759175031764, -17.00499658211723641, -21.19653504834006696 ) ) ;
#8010 = APPROVAL_PERSON_ORGANIZATION ( #6304, #8636, #2330 ) ;
#8011 = CONICAL_SURFACE ( 'NONE', #9352, 11.00000000000001954, 0.7853981633974517207 ) ;
#8012 = CARTESIAN_POINT ( 'NONE',  ( -28.23097230019859438, -4.478500431300806106, 15.94238810960719022 ) ) ;
#8013 = EDGE_LOOP ( 'NONE', ( #1202, #6273, #7325, #5982 ) ) ;
#8014 = DIRECTION ( 'NONE',  ( 0.000000000000000000, 1.000000000000000000, 0.000000000000000000 ) ) ;
#8015 = CONICAL_SURFACE ( 'NONE', #6048, 7.000000000000003553, 0.7853981633974500554 ) ;
#8016 = CYLINDRICAL_SURFACE ( 'NONE', #5736, 0.5000000000000004441 ) ;
#8017 = CARTESIAN_POINT ( 'NONE',  ( -23.82550355473237502, -22.91619395403492732, 7.448739159628829043 ) ) ;
#8018 = CARTESIAN_POINT ( 'NONE',  ( -30.80103224593856837, -5.130669995191634136, -16.45142608952651742 ) ) ;
#8019 = ORIENTED_EDGE ( 'NONE', *, *, #7023, .F. ) ;
#8020 = CARTESIAN_POINT ( 'NONE',  ( -25.43172798364586740, -22.83172798364415712, -8.402290732123008254 ) ) ;
#8021 = CARTESIAN_POINT ( 'NONE',  ( -32.60158332329182684, -5.437894384777096413, 18.77763742593381124 ) ) ;
#8022 = CARTESIAN_POINT ( 'NONE',  ( -24.17491420533701429, -22.41458098564807599, -7.145476953814159593 ) ) ;
#8023 = ADVANCED_FACE ( 'NONE', ( #356 ), #3683, .F. ) ;
#8024 = CARTESIAN_POINT ( 'NONE',  ( -16.20000000000043627, -7.986455161460803254, -3.323731600860414748 ) ) ;
#8025 = CARTESIAN_POINT ( 'NONE',  ( -15.88604912907105948, -17.88269596383217674, -17.21160282967233712 ) ) ;
#8026 = VECTOR ( 'NONE', #7506, 1000.000000000000000 ) ;
#8027 = CARTESIAN_POINT ( 'NONE',  ( -15.70000000000044338, -7.939537600427850172, -0.04480299590733692605 ) ) ;
#8028 = ORIENTED_EDGE ( 'NONE', *, *, #8107, .T. ) ;
#8029 = FACE_OUTER_BOUND ( 'NONE', #2091, .T. ) ;
#8030 = CIRCLE ( 'NONE', #9362, 10.50000000000000000 ) ;
#8031 = DIRECTION ( 'NONE',  ( -0.7071067811865457964, 0.7071067811865492381, 0.000000000000000000 ) ) ;
#8032 = PLANE ( 'NONE',  #2910 ) ;
#8033 = EDGE_CURVE ( 'NONE', #3376, #7989, #4466, .T. ) ;
#8034 = CARTESIAN_POINT ( 'NONE',  ( -3.999999999999996447, -14.70000000000003482, 22.50000000000000000 ) ) ;
#8035 = CARTESIAN_POINT ( 'NONE',  ( -15.70000000000044693, -8.778373797084009666, -3.707371778232739779 ) ) ;
#8036 = ORIENTED_EDGE ( 'NONE', *, *, #4866, .T. ) ;
#8037 = CARTESIAN_POINT ( 'NONE',  ( -14.92834819478819597, -16.50174443346875108, 20.79365991259186330 ) ) ;
#8038 = ADVANCED_FACE ( 'NONE', ( #9178 ), #4071, .T. ) ;
#8039 = EDGE_CURVE ( 'NONE', #6135, #280, #3729, .T. ) ;
#8040 = VECTOR ( 'NONE', #9433, 999.9999999999998863 ) ;
#8041 = DIRECTION ( 'NONE',  ( -3.489994118891831358E-16, -2.898839353028374601E-16, 1.000000000000000000 ) ) ;
#8042 = CARTESIAN_POINT ( 'NONE',  ( -23.79162820194826011, -22.60287997599438370, 7.396460604407008255 ) ) ;
#8043 = CARTESIAN_POINT ( 'NONE',  ( -16.20000000000044338, -7.413460869489649774, -4.772367291226591313 ) ) ;
#8044 = CARTESIAN_POINT ( 'NONE',  ( -17.73414117061782136, -18.83227646810957978, 18.70543521219767058 ) ) ;
#8045 = ORIENTED_EDGE ( 'NONE', *, *, #9133, .T. ) ;
#8046 = EDGE_CURVE ( 'NONE', #8659, #7632, #1405, .T. ) ;
#8047 = CARTESIAN_POINT ( 'NONE',  ( -16.37450566807279628, -0.6942264686417000119, 15.44147481850706782 ) ) ;
#8048 = LINE ( 'NONE', #7274, #10210 ) ;
#8049 = ORIENTED_EDGE ( 'NONE', *, *, #3476, .T. ) ;
#8050 = CARTESIAN_POINT ( 'NONE',  ( -26.44479635755024916, -3.614920236037733048, 16.44041950790825268 ) ) ;
#8051 = EDGE_CURVE ( 'NONE', #9275, #7149, #519, .T. ) ;
#8052 = ORIENTED_EDGE ( 'NONE', *, *, #10281, .F. ) ;
#8053 = CARTESIAN_POINT ( 'NONE',  ( -29.30432428112971266, -4.750877922183873281, 22.06898172400963887 ) ) ;
#8054 = AXIS2_PLACEMENT_3D ( 'NONE', #2253, #2297, #5437 ) ;
#8055 = ORIENTED_EDGE ( 'NONE', *, *, #9364, .T. ) ;
#8056 = CARTESIAN_POINT ( 'NONE',  ( -14.67844465534218301, -16.29417095628558698, 17.50926056738637371 ) ) ;
#8057 = CARTESIAN_POINT ( 'NONE',  ( -15.70000000000043983, -9.300625348133955583, -4.018374807551416517 ) ) ;
#8058 = ORIENTED_EDGE ( 'NONE', *, *, #7763, .F. ) ;
#8059 = AXIS2_PLACEMENT_3D ( 'NONE', #6934, #5516, #1409 ) ;
#8060 = LINE ( 'NONE', #1607, #9067 ) ;
#8061 = AXIS2_PLACEMENT_3D ( 'NONE', #6929, #5270, #2085 ) ;
#8062 = CARTESIAN_POINT ( 'NONE',  ( -28.12166382410283916, -4.450767452295260718, -22.03933523441691378 ) ) ;
#8063 = LINE ( 'NONE', #7290, #8337 ) ;
#8064 = CARTESIAN_POINT ( 'NONE',  ( -16.20000000000043983, -8.009886963018898243, -0.04431362485292446307 ) ) ;
#8065 = B_SPLINE_CURVE_WITH_KNOTS ( 'NONE', 3,
 ( #9478, #5530, #1569, #7916, #9329, #3978, #7137, #7809, #7963, #3880, #19, #3183, #9536, #2396, #8539, #5586, #1621, #6532, #9639 ),
 .UNSPECIFIED., .F., .F.,
 ( 4, 1, 1, 1, 1, 1, 1, 1, 1, 1, 1, 1, 1, 1, 1, 1, 4 ),
 ( 0.000000000000000000, 0.07567230238178881963, 0.1473813099735538645, 0.2160846766840669730, 0.2816980378616593672, 0.3454598829002485938, 0.4074856092774472027, 0.4687312995608494126, 0.5297823575334714707, 0.5900329257114982351, 0.6485481210783019534, 0.7059535135830398156, 0.7631016442005180700, 0.8202894288974419412, 0.8784792630440482197, 0.9382260550877835614, 0.9999999999999998890 ),
 .UNSPECIFIED. ) ;
#8066 = CARTESIAN_POINT ( 'NONE',  ( -16.20000000000044338, -10.32274459731977601, 1.589555614066218592 ) ) ;
#8067 = CARTESIAN_POINT ( 'NONE',  ( -26.02978890764685715, -3.919944727977600962, -20.89096929817353043 ) ) ;
#8068 = B_SPLINE_SURFACE_WITH_KNOTS ( 'NONE', 3, 1, ( 
 ( #9330, #1515 ),
 ( #7667, #2986 ),
 ( #5293, #6133 ),
 ( #8540, #6227 ),
 ( #8444, #10125 ),
 ( #10225, #2941 ),
 ( #1470, #6276 ) ),
 .UNSPECIFIED., .F., .F., .F.,
 ( 4, 1, 1, 1, 4 ),
 ( 2, 2 ),
 ( 0.000000000000000000, 0.2727955500866144356, 0.5261910092278064832, 0.7669044194616166932, 0.9999999999999998890 ),
 ( 0.000000000000000000, 1.000000000000000000 ),
 .UNSPECIFIED. ) ;
#8069 = AXIS2_PLACEMENT_3D ( 'NONE', #5828, #1857, #3593 ) ;
#8070 = DIRECTION ( 'NONE',  ( -0.000000000000000000, -1.000000000000000000, -0.000000000000000000 ) ) ;
#8071 = CARTESIAN_POINT ( 'NONE',  ( -28.94409862061050021, -4.659465181862397110, 15.90224730860892777 ) ) ;
#8072 = ORIENTED_EDGE ( 'NONE', *, *, #3542, .F. ) ;
#8073 = LINE ( 'NONE', #9696, #9394 ) ;
#8074 = CARTESIAN_POINT ( 'NONE',  ( -23.76163880499419179, -23.08887677411131989, 7.350164274832685862 ) ) ;
#8075 = CARTESIAN_POINT ( 'NONE',  ( -29.54407637163211575, -4.811711841885824015, -15.96901400399921833 ) ) ;
#8076 = ORIENTED_EDGE ( 'NONE', *, *, #5638, .F. ) ;
#8077 = CARTESIAN_POINT ( 'NONE',  ( -3.335038795898049635, -18.00043412189036829, -16.50000000000000711 ) ) ;
#8078 = CONICAL_SURFACE ( 'NONE', #3600, 3.000000000000004441, 0.7853981633974501664 ) ;
#8079 = CARTESIAN_POINT ( 'NONE',  ( -29.37976717539322991, -4.483941035036213663, 15.62446902343322641 ) ) ;
#8080 = CARTESIAN_POINT ( 'NONE',  ( -23.73603522126972010, -22.53594731527232398, -7.310645286245827990 ) ) ;
#8081 = FACE_OUTER_BOUND ( 'NONE', #8695, .T. ) ;
#8082 = DIRECTION ( 'NONE',  ( 0.7071067811865467956, -0.7071067811865483499, 0.000000000000000000 ) ) ;
#8083 = CARTESIAN_POINT ( 'NONE',  ( -15.70000000000043627, -7.507793964305819578, 0.4722555714445640374 ) ) ;
#8084 = EDGE_LOOP ( 'NONE', ( #2802, #1981, #9553, #794, #4213, #4875, #2454, #2601 ) ) ;
#8085 = CARTESIAN_POINT ( 'NONE',  ( -32.19498698320091279, -5.484391656530766213, -18.19622292480131165 ) ) ;
#8086 = DIRECTION ( 'NONE',  ( 0.4518053273691041705, -0.5439411238000827487, -0.7071067811865473507 ) ) ;
#8087 = CARTESIAN_POINT ( 'NONE',  ( -32.13435529657408551, -5.299551996285774003, -20.70974407035267006 ) ) ;
#8088 = CARTESIAN_POINT ( 'NONE',  ( -15.70000000000043983, -8.827565459923031099, -0.3545921832689498121 ) ) ;
#8089 = CARTESIAN_POINT ( 'NONE',  ( -16.20000000000043627, -10.32274459731977245, -2.559266876919356282 ) ) ;
#8090 = EDGE_LOOP ( 'NONE', ( #7022, #1231, #2228, #8789 ) ) ;
#8091 = CARTESIAN_POINT ( 'NONE',  ( -16.20000000000043272, -8.336604908523488788, -0.6549770609783159836 ) ) ;
#8092 = CYLINDRICAL_SURFACE ( 'NONE', #385, 1.799999999999904787 ) ;
#8094 = ORIENTED_EDGE ( 'NONE', *, *, #8735, .T. ) ;
#8093 = CARTESIAN_POINT ( 'NONE',  ( -16.20000000000044693, -7.508060654049322657, -3.860504165356288819 ) ) ;
#8095 = EDGE_CURVE ( 'NONE', #8361, #10138, #5087, .T. ) ;
#8096 = CARTESIAN_POINT ( 'NONE',  ( -17.73414117061782136, -18.83227646810957978, 19.00000000000000355 ) ) ;
#8097 = EDGE_CURVE ( 'NONE', #947, #7858, #595, .T. ) ;
#8098 = VERTEX_POINT ( 'NONE', #8396 ) ;
#8099 = CARTESIAN_POINT ( 'NONE',  ( -34.35804596496713970, -6.479425752268191729, 23.00000000000000000 ) ) ;
#8100 = LINE ( 'NONE', #5774, #6235 ) ;
#8101 = ORIENTED_EDGE ( 'NONE', *, *, #177, .F. ) ;
#8102 = DIRECTION ( 'NONE',  ( -0.000000000000000000, -0.000000000000000000, -1.000000000000000000 ) ) ;
#8103 = ORIENTED_EDGE ( 'NONE', *, *, #3274, .T. ) ;
#8104 = EDGE_CURVE ( 'NONE', #4997, #8604, #4309, .T. ) ;
#8105 = EDGE_LOOP ( 'NONE', ( #9946, #2845, #8958, #8509 ) ) ;
#8106 = CARTESIAN_POINT ( 'NONE',  ( -17.37706682787779755, -18.53568537900476443, 20.37605907320816812 ) ) ;
#8107 = EDGE_CURVE ( 'NONE', #3515, #9157, #5294, .T. ) ;
#8108 = DIRECTION ( 'NONE',  ( 1.000000000000000000, 3.460219699421904391E-16, 0.000000000000000000 ) ) ;
#8109 = ORIENTED_EDGE ( 'NONE', *, *, #2128, .T. ) ;
#8110 = DIRECTION ( 'NONE',  ( 0.2007533215770646029, -0.6780104010085513666, 0.7071067811865467956 ) ) ;
#8111 = CARTESIAN_POINT ( 'NONE',  ( -25.87127275299796381, -3.879720231691432986, -20.68065000031147704 ) ) ;
#8112 = CARTESIAN_POINT ( 'NONE',  ( -24.26772017834544570, -23.05757813321005756, 7.238282926822591890 ) ) ;
#8113 = CARTESIAN_POINT ( 'NONE',  ( -4.499999999999995559, -18.41163293905851717, 16.71163293905838643 ) ) ;
#8114 = CARTESIAN_POINT ( 'NONE',  ( -26.67709731188935507, -4.084202166657348698, -21.46483300905441993 ) ) ;
#8115 = FACE_OUTER_BOUND ( 'NONE', #6155, .T. ) ;
#8116 = CARTESIAN_POINT ( 'NONE',  ( -29.60958476640276515, -4.828337170058982331, 15.98169219513548001 ) ) ;
#8117 = ORIENTED_EDGE ( 'NONE', *, *, #2895, .T. ) ;
#8118 = DIRECTION ( 'NONE',  ( -0.7071067811866370567, -0.7071067811864580888, 0.000000000000000000 ) ) ;
#8119 = CARTESIAN_POINT ( 'NONE',  ( -16.20000000000044338, -8.922214634246472542, -0.2685607260066071866 ) ) ;
#8120 = CARTESIAN_POINT ( 'NONE',  ( -15.70000000000043983, -8.937246535974217920, 0.6055004372474811492 ) ) ;
#8121 = CARTESIAN_POINT ( 'NONE',  ( -23.83261654037656285, -22.82401640182684588, 7.459718013273556103 ) ) ;
#8122 = CARTESIAN_POINT ( 'NONE',  ( -29.12750608364368787, -4.706005042612621203, -15.91271712696970120 ) ) ;
#8123 = EDGE_LOOP ( 'NONE', ( #2792, #7156, #4100, #5099 ) ) ;
#8124 = DIRECTION ( 'NONE',  ( 0.7071067811865489050, -1.232595164407830946E-32, 0.7071067811865462405 ) ) ;
#8125 = DIRECTION ( 'NONE',  ( -1.000000000000000000, 0.000000000000000000, 0.000000000000000000 ) ) ;
#8126 = CARTESIAN_POINT ( 'NONE',  ( -23.82266930357010537, -22.73210150549619257, -7.444364508777657541 ) ) ;
#8127 = LINE ( 'NONE', #3303, #2023 ) ;
#8128 = CARTESIAN_POINT ( 'NONE',  ( -16.41195217664289530, -18.29930229902720384, -17.43790275578906801 ) ) ;
#8129 = CARTESIAN_POINT ( 'NONE',  ( -15.70000000000044338, -7.775883497587326332, -0.02180839233190947496 ) ) ;
#8130 = ORIENTED_EDGE ( 'NONE', *, *, #3415, .F. ) ;
#8131 = CARTESIAN_POINT ( 'NONE',  ( -16.20000000000043983, -9.808529584835024906, 0.5985540781265616950 ) ) ;
#8132 = CARTESIAN_POINT ( 'NONE',  ( -23.04850345308535253, -23.24448320816259184, -6.249450377557747238 ) ) ;
#8133 = DIRECTION ( 'NONE',  ( 0.000000000000000000, -1.000000000000000000, 0.000000000000000000 ) ) ;
#8134 = DIRECTION ( 'NONE',  ( 0.000000000000000000, 0.000000000000000000, -1.000000000000000000 ) ) ;
#8135 = PLANE ( 'NONE',  #7214 ) ;
#8136 = ORIENTED_EDGE ( 'NONE', *, *, #7842, .T. ) ;
#8137 = CARTESIAN_POINT ( 'NONE',  ( -16.20000000000043983, -8.056804533085559328, 0.8297644981971120659 ) ) ;
#8138 = CARTESIAN_POINT ( 'NONE',  ( -35.98702377443470368, 0.005905456231108507231, -19.00000000000000000 ) ) ;
#8140 = ORIENTED_EDGE ( 'NONE', *, *, #743, .T. ) ;
#8139 = CARTESIAN_POINT ( 'NONE',  ( -16.20000000000043983, -6.942179309626696160, 0.01213902943915207318 ) ) ;
#8141 = AXIS2_PLACEMENT_3D ( 'NONE', #1628, #24, #3041 ) ;
#8142 = CARTESIAN_POINT ( 'NONE',  ( -30.76020140057016761, -4.892676292652767600, -16.03082206147347932 ) ) ;
#8143 = DIRECTION ( 'NONE',  ( -0.7071067811865502373, 0.7071067811865449082, -0.000000000000000000 ) ) ;
#8144 = ORIENTED_EDGE ( 'NONE', *, *, #2060, .T. ) ;
#8145 = CARTESIAN_POINT ( 'NONE',  ( -32.22655030452310143, -5.326850182347603102, 17.49442326175538298 ) ) ;
#8146 = AXIS2_PLACEMENT_3D ( 'NONE', #6836, #4345, #4545 ) ;
#8147 = VERTEX_POINT ( 'NONE', #8445 ) ;
#8148 = EDGE_CURVE ( 'NONE', #1194, #6300, #1334, .T. ) ;
#8149 = CARTESIAN_POINT ( 'NONE',  ( -15.19999999999917151, -2.999999999999281020, -23.00000000000000000 ) ) ;
#8150 = CARTESIAN_POINT ( 'NONE',  ( -19.06670549790255365, -16.91441282030091742, 15.40000000000019398 ) ) ;
#8151 = ORIENTED_EDGE ( 'NONE', *, *, #5072, .F. ) ;
#8152 = B_SPLINE_CURVE_WITH_KNOTS ( 'NONE', 3,
 ( #1553, #3017, #6884, #5421 ),
 .UNSPECIFIED., .F., .F.,
 ( 4, 4 ),
 ( 2.209686545339894360E-07, 0.001253619379054616775 ),
 .UNSPECIFIED. ) ;
#8153 = CARTESIAN_POINT ( 'NONE',  ( -15.87733923712664463, -17.28999005380109466, -16.74412882792463364 ) ) ;
#8154 = CARTESIAN_POINT ( 'NONE',  ( -3.499999999999996447, -12.29893898089671822, -23.00000000000000000 ) ) ;
#8155 = CARTESIAN_POINT ( 'NONE',  ( -11.34272082218515365, -18.06230443098350591, -16.00000000000000000 ) ) ;
#8156 = ORIENTED_EDGE ( 'NONE', *, *, #4179, .F. ) ;
#8157 = CARTESIAN_POINT ( 'NONE',  ( -4.499999999999996447, -14.70000000000013962, 23.00000000000000000 ) ) ;
#8158 = EDGE_CURVE ( 'NONE', #2498, #239, #8525, .T. ) ;
#8159 = CARTESIAN_POINT ( 'NONE',  ( -25.42493674599859688, -3.766462200404003369, -19.80274536166360377 ) ) ;
#8160 = EDGE_CURVE ( 'NONE', #9018, #3212, #5136, .T. ) ;
#8161 = PLANE ( 'NONE',  #4859 ) ;
#8162 = EDGE_CURVE ( 'NONE', #3812, #853, #5338, .T. ) ;
#8163 = CONICAL_SURFACE ( 'NONE', #3526, 0.5000000000000593969, 0.7853981633974496113 ) ;
#8164 = CARTESIAN_POINT ( 'NONE',  ( -17.69530102855358322, -1.545723573657735717, 15.00000000000000000 ) ) ;
#8165 = CARTESIAN_POINT ( 'NONE',  ( -26.02978890764684650, -3.919944727977603627, -17.10903070182647667 ) ) ;
#8166 = VECTOR ( 'NONE', #7933, 1000.000000000000114 ) ;
#8167 = DIRECTION ( 'NONE',  ( 1.000000000000000000, 0.000000000000000000, -0.000000000000000000 ) ) ;
#8168 = CARTESIAN_POINT ( 'NONE',  ( -32.30682491192607131, -5.512771037362598214, 19.00000000000000355 ) ) ;
#8169 = CARTESIAN_POINT ( 'NONE',  ( -16.85601143448563022, -18.65107397903509678, -17.95232586819484766 ) ) ;
#8170 = DIRECTION ( 'NONE',  ( 0.7071067811864567565, -0.7071067811866382780, 0.000000000000000000 ) ) ;
#8171 = LINE ( 'NONE', #2550, #3245 ) ;
#8172 = ADVANCED_FACE ( 'NONE', ( #1425 ), #8619, .T. ) ;
#8173 = LINE ( 'NONE', #6166, #7851 ) ;
#8174 = CARTESIAN_POINT ( 'NONE',  ( -31.78034274957733984, -5.379175851739505632, -17.36337485017166671 ) ) ;
#8175 = ORIENTED_EDGE ( 'NONE', *, *, #6224, .F. ) ;
#8176 = CARTESIAN_POINT ( 'NONE',  ( -34.50000000000000000, -6.000000000000031086, 23.00000000000000000 ) ) ;
#8177 = CARTESIAN_POINT ( 'NONE',  ( -14.40532592054711181, -16.70970683898160658, 18.25771656922150754 ) ) ;
#8178 = CARTESIAN_POINT ( 'NONE',  ( -23.81558423305901684, -22.70198999900485859, -7.433428741985085075 ) ) ;
#8179 = CARTESIAN_POINT ( 'NONE',  ( -15.70000000000043272, -7.858755298660814681, -3.345409779731312483 ) ) ;
#8180 = CARTESIAN_POINT ( 'NONE',  ( -17.12051304298577392, -18.86060527521767582, -18.88218961675925911 ) ) ;
#8181 = AXIS2_PLACEMENT_3D ( 'NONE', #5013, #2650, #8315 ) ;
#8182 = CARTESIAN_POINT ( 'NONE',  ( -14.85302288104031732, -4.346977118957196851, 23.00000000000000000 ) ) ;
#8183 = VERTEX_POINT ( 'NONE', #6950 ) ;
#8184 = AXIS2_PLACEMENT_3D ( 'NONE', #2399, #7255, #7967 ) ;
#8185 = DIRECTION ( 'NONE',  ( -0.000000000000000000, -0.000000000000000000, -1.000000000000000000 ) ) ;
#8186 = CARTESIAN_POINT ( 'NONE',  ( -16.20000000000044338, -7.413460869489649774, -4.772367291226591313 ) ) ;
#8187 = FACE_OUTER_BOUND ( 'NONE', #2811, .T. ) ;
#8188 =( BOUNDED_CURVE ( )  B_SPLINE_CURVE ( 3, ( #3440, #8150, #6621, #6665 ),
 .UNSPECIFIED., .F., .F. ) 
 B_SPLINE_CURVE_WITH_KNOTS ( ( 4, 4 ),
 ( 3.141592653589793116, 6.283185307179586232 ),
 .UNSPECIFIED. ) 
 CURVE ( )  GEOMETRIC_REPRESENTATION_ITEM ( )  RATIONAL_B_SPLINE_CURVE ( ( 1.000000000000000000, 0.3333333333333333703, 0.3333333333333333703, 1.000000000000000000 ) ) 
 REPRESENTATION_ITEM ( '' )  );
#8189 = CARTESIAN_POINT ( 'NONE',  ( -12.79893898089581583, -2.999999999999674927, 23.00000000000000000 ) ) ;
#8190 = DIRECTION ( 'NONE',  ( 0.9588515045363131817, 0.2839080700657317657, 0.000000000000000000 ) ) ;
#8191 = AXIS2_PLACEMENT_3D ( 'NONE', #5381, #1423, #8441 ) ;
#8192 = CARTESIAN_POINT ( 'NONE',  ( -15.70000000000043627, -8.557471109539596554, -0.5455060359182346552 ) ) ;
#8193 = CARTESIAN_POINT ( 'NONE',  ( -21.98993461845848074, -24.44715070390630274, 4.960497366935632257 ) ) ;
#8195 = ORIENTED_EDGE ( 'NONE', *, *, #10262, .F. ) ;
#8194 = CARTESIAN_POINT ( 'NONE',  ( -16.20000000000043983, -7.882496365929569038, -0.7375684428418834981 ) ) ;
#8196 = B_SPLINE_CURVE_WITH_KNOTS ( 'NONE', 3,
 ( #7762, #6320, #8638, #6433, #9590, #138, #4806, #2447, #21, #8174, #4033, #3980, #7965, #2606, #9641, #5635, #1017, #4090, #8796, #1672, #3299, #7139, #5744, #6587, #1623, #2497, #4856, #8018, #916, #7350, #4914, #187, #5019, #246, #6483, #7251, #3185, #8750, #1778, #5689, #8957, #860, #8849, #3403, #6374, #5587, #7194, #1725, #2398, #9538, #8075, #4966, #78, #970, #6534, #4144, #7301, #3347, #9701, #3240, #2552, #8906, #8122, #4193, #9757, #5799, #1827, #7405, #2657, #5071, #297, #9805, #3457, #6637, #5849, #4242, #9008, #1883, #1066, #2158, #1526, #1437, #8600, #5540, #8704, #3048, #3739, #2265, #9340, #7105, #6908, #3793, #2994, #3944, #3149, #1582, #10084, #2212, #4766, #7876, #8551, #5397, #4711, #9444, #3103, #6237, #9393, #8649, #577, #1478, #3889, #5448, #626, #6958, #4662, #3839, #7056, #770, #2948, #667, #7005, #10284, #7820, #713, #10180, #10235, #6140, #6286, #6331, #6187, #9288, #2307, #7723, #5491, #9492, #5345, #8499, #2356, #1386 ),
 .UNSPECIFIED., .F., .F.,
 ( 4, 2, 2, 2, 2, 2, 2, 2, 2, 2, 1, 2, 2, 1, 2, 2, 1, 2, 2, 1, 1, 2, 2, 1, 1, 2, 2, 2, 1, 1, 2, 2, 2, 1, 1, 2, 2, 1, 1, 1, 2, 2, 2, 2, 1, 1, 2, 2, 1, 1, 2, 2, 2, 1, 1, 2, 2, 2, 1, 2, 2, 1, 1, 2, 2, 1, 2, 2, 1, 2, 2, 2, 2, 2, 2, 2, 2, 2, 2, 2, 2, 4 ),
 ( 0.000000000000000000, 0.03125000000001901951, 0.06250000000003803902, 0.07812500000004778122, 0.08593750000005266620, 0.09375000000005755119, 0.1015625000000624223, 0.1093750000000673073, 0.1171875000000721784, 0.1250000000000770772, 0.1328125000000815736, 0.1367187500000836831, 0.1406250000000857925, 0.1484375000000900113, 0.1523437500000922595, 0.1562500000000944800, 0.1640625000000983102, 0.1679687500001005307, 0.1718750000001027789, 0.1796875000001074141, 0.1835937500001097455, 0.1855468750001109113, 0.1875000000001120493, 0.1953125000001172396, 0.1992187500001198763, 0.2011718750001215139, 0.2031250000001231515, 0.2109375000001293687, 0.2148437500001325329, 0.2167968750001339762, 0.2177734375001346423, 0.2187500000001353362, 0.2265625000001374179, 0.2304687500001384448, 0.2324218750001389444, 0.2333984375001389999, 0.2343750000001390554, 0.2382812500001389722, 0.2402343750001389167, 0.2412109375001388611, 0.2416992187501390554, 0.2421875000001392497, 0.2500000000001365019, 0.2539062500001350031, 0.2558593750001340039, 0.2568359375001337819, 0.2573242187501336153, 0.2578125000001335043, 0.2617187500001317835, 0.2636718750001309508, 0.2646484375001305067, 0.2656250000001300071, 0.2734375000001292300, 0.2773437500001288414, 0.2792968750001283418, 0.2802734375001281752, 0.2812500000001280087, 0.2890625000001253442, 0.2929687500001240119, 0.2949218750001234013, 0.2968750000001227352, 0.3046875000001189049, 0.3085937500001166844, 0.3105468750001154077, 0.3125000000001140754, 0.3203125000001083578, 0.3242187500001056932, 0.3281250000001030287, 0.3359375000000982547, 0.3398437500000958678, 0.3437500000000934808, 0.3515625000000887623, 0.3593750000000839884, 0.3671875000000792699, 0.3750000000000744960, 0.3828125000000697775, 0.3906250000000650591, 0.3984375000000602851, 0.4062500000000555667, 0.4375000000000370814, 0.4687500000000185407, 0.5000000000000000000 ),
 .UNSPECIFIED. ) ;
#8197 = CARTESIAN_POINT ( 'NONE',  ( -15.70000000000043983, -12.49999999999928946, 23.00000000000000000 ) ) ;
#8198 = DIRECTION ( 'NONE',  ( -0.2810846377149098796, -0.6785983445458126928, -0.6785983445458442231 ) ) ;
#8199 = CARTESIAN_POINT ( 'NONE',  ( -9.618932857080334742, -21.70000000000013785, 20.00000000000000000 ) ) ;
#8200 = ORIENTED_EDGE ( 'NONE', *, *, #3334, .T. ) ;
#8201 = VECTOR ( 'NONE', #9262, 1000.000000000000114 ) ;
#8202 = CARTESIAN_POINT ( 'NONE',  ( -30.53731151046286030, -4.826680423388182817, 15.94627762722663000 ) ) ;
#8203 = VERTEX_POINT ( 'NONE', #3137 ) ;
#8204 = CARTESIAN_POINT ( 'NONE',  ( -14.91957456545583938, -16.49445693065037588, 20.80296832198162704 ) ) ;
#8205 = CARTESIAN_POINT ( 'NONE',  ( -26.29649087517087835, -3.987621825721565205, 21.15567073889792127 ) ) ;
#8206 = ORIENTED_EDGE ( 'NONE', *, *, #6970, .T. ) ;
#8207 = CARTESIAN_POINT ( 'NONE',  ( -17.67840240365596927, -18.78597904592091794, -19.58490888141915676 ) ) ;
#8208 = VECTOR ( 'NONE', #2886, 1000.000000000000000 ) ;
#8209 = LINE ( 'NONE', #7439, #4417 ) ;
#8210 = CARTESIAN_POINT ( 'NONE',  ( -15.70000000000043983, -9.163291940019410831, -4.169130202438667609 ) ) ;
#8211 = EDGE_CURVE ( 'NONE', #3851, #4321, #9727, .T. ) ;
#8212 = VERTEX_POINT ( 'NONE', #8592 ) ;
#8213 = DIRECTION ( 'NONE',  ( 0.7071067811865474617, 0.7071067811865474617, 0.000000000000000000 ) ) ;
#8214 = VECTOR ( 'NONE', #8705, 1000.000000000000000 ) ;
#8215 = CARTESIAN_POINT ( 'NONE',  ( -27.76647825074216414, -4.360635466821910278, -21.95874814786977680 ) ) ;
#8216 = DIRECTION ( 'NONE',  ( -3.469446951953614189E-16, 1.000000000000000000, 0.000000000000000000 ) ) ;
#8217 = CARTESIAN_POINT ( 'NONE',  ( -16.20000000000043983, -7.942415086382099254, 1.515675598316568395 ) ) ;
#8218 = EDGE_CURVE ( 'NONE', #6951, #8290, #3275, .T. ) ;
#8219 = CARTESIAN_POINT ( 'NONE',  ( -23.33172798364586242, -22.83172798364415712, -23.00000000000000000 ) ) ;
#8220 = CARTESIAN_POINT ( 'NONE',  ( -30.58598549597690308, -5.076103913309500726, 16.32872491909585122 ) ) ;
#8221 = AXIS2_PLACEMENT_3D ( 'NONE', #2105, #6132, #5292 ) ;
#8222 = ORIENTED_EDGE ( 'NONE', *, *, #6845, .T. ) ;
#8223 = CARTESIAN_POINT ( 'NONE',  ( -14.83277885691037667, -17.04832119718130201, -17.57334745543166932 ) ) ;
#8224 = EDGE_CURVE ( 'NONE', #1638, #2824, #7811, .T. ) ;
#8225 = EDGE_CURVE ( 'NONE', #633, #9118, #8876, .T. ) ;
#8226 = FACE_OUTER_BOUND ( 'NONE', #9598, .T. ) ;
#8227 = CARTESIAN_POINT ( 'NONE',  ( -25.43172798364586740, -22.83172798364415712, 23.00000000000000000 ) ) ;
#8228 = ORIENTED_EDGE ( 'NONE', *, *, #5312, .T. ) ;
#8229 = CARTESIAN_POINT ( 'NONE',  ( -16.78744303732156951, -20.67859952137373369, 23.00000000000000000 ) ) ;
#8230 = CARTESIAN_POINT ( 'NONE',  ( -15.13395101234029561, -17.28690359942097743, 17.34915985744637723 ) ) ;
#8231 = CARTESIAN_POINT ( 'NONE',  ( -23.50549460241106914, -23.30157261429548399, -6.954807127668670041 ) ) ;
#8232 = VECTOR ( 'NONE', #4076, 1000.000000000000000 ) ;
#8233 = CARTESIAN_POINT ( 'NONE',  ( -15.91638114449957264, -17.90672411347908621, 20.78075128896009005 ) ) ;
#8234 = CARTESIAN_POINT ( 'NONE',  ( -23.03077499953564455, -23.42539368677807587, 6.001337748012788964 ) ) ;
#8235 = CARTESIAN_POINT ( 'NONE',  ( -1.499999999999998002, -12.29893898089671822, 23.00000000000000000 ) ) ;
#8236 = VECTOR ( 'NONE', #6639, 1000.000000000000000 ) ;
#8237 = EDGE_CURVE ( 'NONE', #6442, #1786, #8196, .T. ) ;
#8238 = CARTESIAN_POINT ( 'NONE',  ( -16.20000000000043983, -7.531772739748002543, -3.590462823894405631 ) ) ;
#8239 = ORIENTED_EDGE ( 'NONE', *, *, #3912, .F. ) ;
#8240 = CARTESIAN_POINT ( 'NONE',  ( -21.61537554279473028, -22.05608560735400303, 4.796614212551071788 ) ) ;
#8241 = ADVANCED_FACE ( 'NONE', ( #10132 ), #4572, .T. ) ;
#8242 = CARTESIAN_POINT ( 'NONE',  ( -16.20000000000043983, -7.848345631204846740, -4.885723212095583357 ) ) ;
#8243 = EDGE_CURVE ( 'NONE', #4850, #2464, #3992, .T. ) ;
#8244 = CYLINDRICAL_SURFACE ( 'NONE', #5571, 3.099999999999967670 ) ;
#8245 = CYLINDRICAL_SURFACE ( 'NONE', #3259, 1.000000000000073719 ) ;
#8246 = CARTESIAN_POINT ( 'NONE',  ( -34.00000000000000000, -8.500000000000035527, 0.000000000000000000 ) ) ;
#8247 = ORIENTED_EDGE ( 'NONE', *, *, #5114, .F. ) ;
#8248 = CARTESIAN_POINT ( 'NONE',  ( -32.60158332329182684, -5.437894384777097301, 19.00000000000000000 ) ) ;
#8249 = DIRECTION ( 'NONE',  ( -1.000000000000000000, 1.734723475976577126E-13, 0.000000000000000000 ) ) ;
#8251 = ORIENTED_EDGE ( 'NONE', *, *, #3792, .F. ) ;
#8250 = CARTESIAN_POINT ( 'NONE',  ( -15.70000000000044338, -7.775883497587325444, -4.170630883317484994 ) ) ;
#8252 = CARTESIAN_POINT ( 'NONE',  ( -31.34424606100239075, -5.065607128753082833, -21.55958049209172955 ) ) ;
#8253 = CARTESIAN_POINT ( 'NONE',  ( -16.20000000000043983, -6.904353841145121073, 4.386515446198294477 ) ) ;
#8254 = CARTESIAN_POINT ( 'NONE',  ( -15.37322947494847902, -23.72435640160511028, -23.65367534385719139 ) ) ;
#8255 = ORIENTED_EDGE ( 'NONE', *, *, #234, .T. ) ;
#8256 = CARTESIAN_POINT ( 'NONE',  ( -16.20000000000044338, -8.056804533085561104, -3.319057992788463363 ) ) ;
#8257 = ORIENTED_EDGE ( 'NONE', *, *, #7837, .F. ) ;
#8259 = CARTESIAN_POINT ( 'NONE',  ( -3.999999999999996447, -14.70000000000003482, 22.50000000000000000 ) ) ;
#8258 = DIRECTION ( 'NONE',  ( 0.000000000000000000, 0.9424406504766393855, -0.3343734743205101223 ) ) ;
#8260 = DIRECTION ( 'NONE',  ( -0.000000000000000000, -1.000000000000000000, -0.000000000000000000 ) ) ;
#8261 = ORIENTED_EDGE ( 'NONE', *, *, #2180, .T. ) ;
#8262 = CARTESIAN_POINT ( 'NONE',  ( -14.83975361142346294, -16.42815649722191296, -20.69954417390184886 ) ) ;
#8263 = B_SPLINE_CURVE_WITH_KNOTS ( 'NONE', 3,
 ( #4349, #1892, #2777, #8238, #9812, #9072, #2665, #4405, #7461, #5858, #9017, #6690, #4252, #5081, #6598 ),
 .UNSPECIFIED., .F., .F.,
 ( 4, 1, 1, 1, 1, 1, 1, 1, 1, 1, 1, 1, 4 ),
 ( 0.000000000000000000, 0.1168990281982815460, 0.2258236839530682882, 0.3300860790235575770, 0.4354514863452308981, 0.4903067309632216375, 0.5482440571677190677, 0.6107668331470279544, 0.6776750949389457324, 0.7491886027449011776, 0.8268587199157831913, 0.9101115940212833877, 1.000000000000000000 ),
 .UNSPECIFIED. ) ;
#8264 = CARTESIAN_POINT ( 'NONE',  ( -17.69530102855359743, -1.545723573657745931, -15.00000000000000000 ) ) ;
#8265 = LINE ( 'NONE', #8889, #6066 ) ;
#8266 = ORIENTED_EDGE ( 'NONE', *, *, #8425, .F. ) ;
#8267 = CARTESIAN_POINT ( 'NONE',  ( -13.00000000000000711, -15.20000000000003482, 23.00000000000000000 ) ) ;
#8268 = CARTESIAN_POINT ( 'NONE',  ( -28.92443578819169048, -4.654476155985176611, -22.09836766291788024 ) ) ;
#8269 = DIRECTION ( 'NONE',  ( -1.000000000000000000, -3.469446951953615175E-16, 0.000000000000000000 ) ) ;
#8270 = DIRECTION ( 'NONE',  ( -0.000000000000000000, -0.000000000000000000, -1.000000000000000000 ) ) ;
#8271 = DIRECTION ( 'NONE',  ( -0.4184518038835364773, -0.8915466052274627629, 0.1733284123679693089 ) ) ;
#8272 = CARTESIAN_POINT ( 'NONE',  ( -14.63041381472674018, -16.88801362561800090, -17.81432669651431056 ) ) ;
#8273 = CARTESIAN_POINT ( 'NONE',  ( -15.70000000000043983, -9.163291940019410831, -0.02030771145309335363 ) ) ;
#8274 = LINE ( 'NONE', #2812, #7236 ) ;
#8275 = CARTESIAN_POINT ( 'NONE',  ( -16.20000000000044693, -7.508060654049326210, 0.2883183256292867203 ) ) ;
#8276 = EDGE_LOOP ( 'NONE', ( #6484, #637, #9905, #4253 ) ) ;
#8277 = CARTESIAN_POINT ( 'NONE',  ( -26.67709731188933375, -4.084202166657355804, 16.53516699094558362 ) ) ;
#8278 = DIRECTION ( 'NONE',  ( 0.000000000000000000, 0.000000000000000000, 1.000000000000000000 ) ) ;
#8279 = CARTESIAN_POINT ( 'NONE',  ( -16.24847002542324148, -18.16979611941240336, 20.66047035184197256 ) ) ;
#8280 = DIRECTION ( 'NONE',  ( -0.000000000000000000, -0.000000000000000000, -1.000000000000000000 ) ) ;
#8281 = EDGE_CURVE ( 'NONE', #5206, #5020, #1906, .T. ) ;
#8282 = CARTESIAN_POINT ( 'NONE',  ( -12.79449093301011509, 0.7178453187174239636, 21.28215468128288634 ) ) ;
#8283 = DIRECTION ( 'NONE',  ( -0.6389492215179006784, -0.7692489144104583954, 0.000000000000000000 ) ) ;
#8284 = VERTEX_POINT ( 'NONE', #4203 ) ;
#8285 = CARTESIAN_POINT ( 'NONE',  ( -7.552385033499578348, -11.02514792364131146, 23.00000000000000000 ) ) ;
#8286 = PLANE ( 'NONE',  #1733 ) ;
#8287 = DIRECTION ( 'NONE',  ( 0.7071067811865475727, -0.7071067811865475727, 0.000000000000000000 ) ) ;
#8288 = CARTESIAN_POINT ( 'NONE',  ( -16.70000000000051443, -12.49999999999916156, 23.00000000000000000 ) ) ;
#8289 = CARTESIAN_POINT ( 'NONE',  ( -16.20000000000043983, -8.971562269813281532, -3.507771793593709386 ) ) ;
#8290 = VERTEX_POINT ( 'NONE', #873 ) ;
#8291 = CARTESIAN_POINT ( 'NONE',  ( -32.48301878866097780, -5.402788398035632156, 19.88089582238713504 ) ) ;
#8292 = CARTESIAN_POINT ( 'NONE',  ( -16.63875449233590587, -18.47896903035888272, 20.35609672701688311 ) ) ;
#8293 = EDGE_CURVE ( 'NONE', #226, #3584, #197, .T. ) ;
#8295 = ORIENTED_EDGE ( 'NONE', *, *, #515, .F. ) ;
#8294 = CARTESIAN_POINT ( 'NONE',  ( -25.31333145693569620, -3.738140405639864827, 18.99999999999999289 ) ) ;
#8296 = ADVANCED_FACE ( 'NONE', ( #980 ), #31, .T. ) ;
#8297 = CARTESIAN_POINT ( 'NONE',  ( -28.40927524315941355, -4.196586329754600442, -15.62446902343323707 ) ) ;
#8298 = CARTESIAN_POINT ( 'NONE',  ( -15.70000000000043983, -8.784289032372960548, -4.537774599515476126 ) ) ;
#8299 = DIRECTION ( 'NONE',  ( -0.7071067811865474617, -0.7071067811865474617, 0.000000000000000000 ) ) ;
#8300 = EDGE_LOOP ( 'NONE', ( #1343, #4331, #1421, #5544 ) ) ;
#8301 = CARTESIAN_POINT ( 'NONE',  ( -32.48301878866097070, -5.402788398035629491, 18.11910417761286141 ) ) ;
#8302 = ORIENTED_EDGE ( 'NONE', *, *, #8033, .T. ) ;
#8304 = CARTESIAN_POINT ( 'NONE',  ( -14.24860759501727259, -15.93714210654771257, 19.29383985869560902 ) ) ;
#8303 = DIRECTION ( 'NONE',  ( -0.7071067811865502373, 0.7071067811865449082, 0.000000000000000000 ) ) ;
#8305 = PLANE ( 'NONE',  #8069 ) ;
#8306 = AXIS2_PLACEMENT_3D ( 'NONE', #1032, #7369, #7423 ) ;
#8307 = ORIENTED_EDGE ( 'NONE', *, *, #4803, .T. ) ;
#8308 = CARTESIAN_POINT ( 'NONE',  ( -15.21910429172128687, -16.74325063296636529, -21.02765104802483975 ) ) ;
#8309 = DIRECTION ( 'NONE',  ( 0.000000000000000000, 0.9379254195245926295, 0.3468370040950315980 ) ) ;
#8310 = CARTESIAN_POINT ( 'NONE',  ( -15.53418547971272901, -17.00496160325262807, -16.80333334923812671 ) ) ;
#8311 = ORIENTED_EDGE ( 'NONE', *, *, #6284, .T. ) ;
#8312 = CARTESIAN_POINT ( 'NONE',  ( -21.61537554279472673, -22.05608560735399948, -4.796614212550982081 ) ) ;
#8313 = CARTESIAN_POINT ( 'NONE',  ( -29.14491213725672836, -4.710421959918700274, -22.08576303537041241 ) ) ;
#8314 = CARTESIAN_POINT ( 'NONE',  ( -15.70000000000043627, -6.919645622918274341, -4.025017480942022274 ) ) ;
#8315 = DIRECTION ( 'NONE',  ( -1.000000000000000000, 0.000000000000000000, 0.000000000000000000 ) ) ;
#8316 = B_SPLINE_CURVE_WITH_KNOTS ( 'NONE', 1,
 ( #945, #4166 ),
 .UNSPECIFIED., .F., .F.,
 ( 2, 2 ),
 ( 0.000000000000000000, 1.000000000000000000 ),
 .UNSPECIFIED. ) ;
#8317 = CARTESIAN_POINT ( 'NONE',  ( -32.30682491192608552, -5.512771037362599102, 18.59480426845742684 ) ) ;
#8318 = CARTESIAN_POINT ( 'NONE',  ( -16.35300601031376289, -18.25261005903188405, -17.40115000355579866 ) ) ;
#8319 = CARTESIAN_POINT ( 'NONE',  ( -15.70000000000044338, -9.558548413931021059, 0.4041139157355321809 ) ) ;
#8320 = ORIENTED_EDGE ( 'NONE', *, *, #9241, .F. ) ;
#8321 = CARTESIAN_POINT ( 'NONE',  ( -16.20000000000044338, -8.547785250849040395, 0.2186547933678696931 ) ) ;
#8322 = CARTESIAN_POINT ( 'NONE',  ( -16.20000000000043983, -9.808529584835024906, -3.550268412859013178 ) ) ;
#8323 = ORIENTED_EDGE ( 'NONE', *, *, #3084, .T. ) ;
#8324 = DIRECTION ( 'NONE',  ( 0.000000000000000000, 0.000000000000000000, 1.000000000000000000 ) ) ;
#8325 = CARTESIAN_POINT ( 'NONE',  ( -15.23618611789548893, -17.36788636452495282, 17.29770574417847229 ) ) ;
#8326 = CIRCLE ( 'NONE', #8141, 10.50000000000000178 ) ;
#8327 = DIRECTION ( 'NONE',  ( 0.000000000000000000, -0.7071067811865489050, 0.7071067811865462405 ) ) ;
#8328 = DIRECTION ( 'NONE',  ( 9.153124297788480305E-17, -0.6643638388299196729, 0.7474093186836597846 ) ) ;
#8329 = CARTESIAN_POINT ( 'NONE',  ( -23.01225337288697048, -23.21635244084942329, 23.00000000000000000 ) ) ;
#8330 = CARTESIAN_POINT ( 'NONE',  ( -16.14778748915074402, -0.6223652560724477478, -15.46317629660805970 ) ) ;
#8331 = DIRECTION ( 'NONE',  ( -1.000000000000000000, -3.469446951953614189E-16, 0.000000000000000000 ) ) ;
#8332 = ORIENTED_EDGE ( 'NONE', *, *, #3744, .T. ) ;
#8333 = VECTOR ( 'NONE', #9169, 1000.000000000000227 ) ;
#8334 = DIRECTION ( 'NONE',  ( -9.743077306517036238E-14, -0.7071067811865473507, -0.7071067811865476838 ) ) ;
#8335 = VERTEX_POINT ( 'NONE', #7363 ) ;
#8336 = CARTESIAN_POINT ( 'NONE',  ( -16.20000000000043272, -7.871664704474696350, -4.191175387788553586 ) ) ;
#8337 = VECTOR ( 'NONE', #9526, 1000.000000000000114 ) ;
#8338 = DIRECTION ( 'NONE',  ( -1.000000000000000000, -3.304235192336775019E-16, 0.000000000000000000 ) ) ;
#8339 = CARTESIAN_POINT ( 'NONE',  ( 2.500000000000003109, -12.29893898089671822, 22.50000000000001421 ) ) ;
#8340 = PLANE ( 'NONE',  #1085 ) ;
#8341 = EDGE_CURVE ( 'NONE', #6992, #7171, #259, .T. ) ;
#8342 = PLANE ( 'NONE',  #5164 ) ;
#8343 = AXIS2_PLACEMENT_3D ( 'NONE', #7515, #5030, #5969 ) ;
#8345 = ORIENTED_EDGE ( 'NONE', *, *, #8162, .T. ) ;
#8344 = DIRECTION ( 'NONE',  ( -0.000000000000000000, 1.000000000000000000, -0.000000000000000000 ) ) ;
#8346 = DIRECTION ( 'NONE',  ( 0.7071067811865473507, 0.7071067811865477948, 0.000000000000000000 ) ) ;
#8347 = EDGE_CURVE ( 'NONE', #6370, #9772, #6385, .T. ) ;
#8348 = CONICAL_SURFACE ( 'NONE', #7030, 4.920725942163695521, 0.5235987755983000369 ) ;
#8349 = EDGE_LOOP ( 'NONE', ( #6381, #10288, #8381, #2318 ) ) ;
#8350 = DIRECTION ( 'NONE',  ( -0.7071067811865474617, -0.7071067811865474617, 0.000000000000000000 ) ) ;
#8351 = CARTESIAN_POINT ( 'NONE',  ( -13.35797514856682255, -20.07755875736517481, 19.00000000000000000 ) ) ;
#8352 = EDGE_CURVE ( 'NONE', #8570, #1068, #9944, .T. ) ;
#8353 = ORIENTED_EDGE ( 'NONE', *, *, #8051, .T. ) ;
#8354 = EDGE_CURVE ( 'NONE', #10101, #9191, #5971, .T. ) ;
#8355 = CARTESIAN_POINT ( 'NONE',  ( -16.10546455054463522, -17.47947422295149167, 16.74412882792463719 ) ) ;
#8356 = ORIENTED_EDGE ( 'NONE', *, *, #3012, .F. ) ;
#8357 = CC_DESIGN_APPROVAL ( #6946, ( #236 ) ) ;
#8359 = DIRECTION ( 'NONE',  ( -0.000000000000000000, -0.000000000000000000, -1.000000000000000000 ) ) ;
#8358 = LINE ( 'NONE', #1249, #1040 ) ;
#8360 = DIRECTION ( 'NONE',  ( -0.7071067811865457964, 0.7071067811865492381, 0.000000000000000000 ) ) ;
#8361 = VERTEX_POINT ( 'NONE', #7622 ) ;
#8362 = CARTESIAN_POINT ( 'NONE',  ( -15.53953935239401218, -17.00940860696979229, -16.81627930919836800 ) ) ;
#8363 = VECTOR ( 'NONE', #6431, 1000.000000000000114 ) ;
#8364 = EDGE_CURVE ( 'NONE', #10138, #1426, #9815, .T. ) ;
#8365 = VECTOR ( 'NONE', #2592, 1000.000000000000000 ) ;
#8366 = CARTESIAN_POINT ( 'NONE',  ( -19.61757716401680085, -6.000000000000036415, -15.00000000000000000 ) ) ;
#8367 = FACE_OUTER_BOUND ( 'NONE', #1815, .T. ) ;
#8368 = EDGE_LOOP ( 'NONE', ( #2448, #1530, #2136, #6817 ) ) ;
#8369 = ADVANCED_FACE ( 'NONE', ( #4352, #5133 ), #8286, .T. ) ;
#8370 = DIRECTION ( 'NONE',  ( 1.226634733346539093E-13, 0.7071067811865489050, -0.7071067811865462405 ) ) ;
#8371 = CARTESIAN_POINT ( 'NONE',  ( -29.77323240257695502, -4.869862921572606140, -21.98010794980687521 ) ) ;
#8372 = VECTOR ( 'NONE', #5823, 1000.000000000000000 ) ;
#8373 = CARTESIAN_POINT ( 'NONE',  ( -15.70000000000043983, -7.011879040948754138, -4.340261589742362425 ) ) ;
#8374 = LINE ( 'NONE', #8426, #717 ) ;
#8375 = LINE ( 'NONE', #1265, #7527 ) ;
#8376 = CARTESIAN_POINT ( 'NONE',  ( -15.82397863237414448, -17.83352537571077079, -17.20000000000010232 ) ) ;
#8377 = ORIENTED_EDGE ( 'NONE', *, *, #1550, .F. ) ;
#8378 = VECTOR ( 'NONE', #6874, 1000.000000000000000 ) ;
#8379 = CARTESIAN_POINT ( 'NONE',  ( -18.50043412188944103, -2.835038795896980268, 23.00000000000000000 ) ) ;
#8380 = CARTESIAN_POINT ( 'NONE',  ( -15.70000000000044693, -7.508060654049326210, 0.2883183256292867203 ) ) ;
#8381 = ORIENTED_EDGE ( 'NONE', *, *, #1180, .T. ) ;
#8382 = CARTESIAN_POINT ( 'NONE',  ( -25.31333145693569620, -3.738140405639865271, 19.20289566018267635 ) ) ;
#8383 = CARTESIAN_POINT ( 'NONE',  ( -15.41044744583515858, -17.50593686758201528, 17.23782569140778875 ) ) ;
#8384 = CARTESIAN_POINT ( 'NONE',  ( -23.51197949499291440, -23.60484667552386284, -6.482542243470057031 ) ) ;
#8385 = DIRECTION ( 'NONE',  ( 0.4226182617407605591, 0.9063077870366215150, -0.000000000000000000 ) ) ;
#8386 = CARTESIAN_POINT ( 'NONE',  ( -16.52877782087074721, -18.39184922470606054, 20.46201207645746223 ) ) ;
#8387 = CARTESIAN_POINT ( 'NONE',  ( -15.70000000000044693, -7.781164840707617714, -4.884409680362193917 ) ) ;
#8388 = CARTESIAN_POINT ( 'NONE',  ( -16.20000000000043983, -8.391015233748285951, -4.058066998995268015 ) ) ;
#8389 = CARTESIAN_POINT ( 'NONE',  ( -16.20000000000043272, -12.49999999999922551, 23.00000000000000000 ) ) ;
#8390 = ORIENTED_EDGE ( 'NONE', *, *, #4177, .F. ) ;
#8391 = CARTESIAN_POINT ( 'NONE',  ( -15.70000000000043627, -8.114391335053984022, -0.7182343364033092481 ) ) ;
#8392 = VERTEX_POINT ( 'NONE', #3573 ) ;
#8393 = CARTESIAN_POINT ( 'NONE',  ( -34.10663537318200156, -11.69135089443135200, -23.00000000000000000 ) ) ;
#8394 = CARTESIAN_POINT ( 'NONE',  ( -16.20000000000043983, -9.808529584835024906, -2.028313217815174152 ) ) ;
#8395 = CARTESIAN_POINT ( 'NONE',  ( -15.70000000000043983, -7.989098054934059334, 1.521234913361374730 ) ) ;
#8396 = CARTESIAN_POINT ( 'NONE',  ( -32.60158332329182684, -5.437894384777098189, 19.00000000000000000 ) ) ;
#8397 = ORIENTED_EDGE ( 'NONE', *, *, #8347, .T. ) ;
#8398 = CONICAL_SURFACE ( 'NONE', #3083, 0.5000000000000004441, 0.7853981633974431720 ) ;
#8399 = CARTESIAN_POINT ( 'NONE',  ( -29.71672491231610280, -4.855521434125614100, 15.99914861037674285 ) ) ;
#8400 = DIRECTION ( 'NONE',  ( 0.06506698801666933873, -0.6690227577151991456, 0.7403883013186990381 ) ) ;
#8401 = VECTOR ( 'NONE', #1069, 1000.000000000000000 ) ;
#8402 = CARTESIAN_POINT ( 'NONE',  ( -14.42497063448857908, -16.08363178584879449, -19.99969279403401856 ) ) ;
#8403 = CARTESIAN_POINT ( 'NONE',  ( -26.63325003387897993, -3.670719824702043166, -21.70132250298428644 ) ) ;
#8404 = CARTESIAN_POINT ( 'NONE',  ( -16.14778748915075823, -0.6223652560724511895, 15.46317629660805970 ) ) ;
#8405 = CARTESIAN_POINT ( 'NONE',  ( -14.28865939082681003, -16.61726977359681712, -19.23330035803191507 ) ) ;
#8406 = VERTEX_POINT ( 'NONE', #2668 ) ;
#8407 = CARTESIAN_POINT ( 'NONE',  ( -17.05445559288309099, -18.26771984328383169, 17.20634008740814380 ) ) ;
#8408 = ORIENTED_EDGE ( 'NONE', *, *, #9261, .F. ) ;
#8409 = EDGE_CURVE ( 'NONE', #917, #6193, #7717, .T. ) ;
#8410 = PLANE ( 'NONE',  #6676 ) ;
#8411 = DIRECTION ( 'NONE',  ( 0.000000000000000000, 0.9379254195245926295, 0.3468370040950317090 ) ) ;
#8412 = VERTEX_POINT ( 'NONE', #1992 ) ;
#8413 = CARTESIAN_POINT ( 'NONE',  ( -15.07067548303579052, -17.23677875902086498, -20.61789907669575683 ) ) ;
#8414 = EDGE_CURVE ( 'NONE', #9187, #2146, #4720, .T. ) ;
#8415 = LINE ( 'NONE', #6152, #4077 ) ;
#8416 = CARTESIAN_POINT ( 'NONE',  ( -15.70000000000043983, -9.981714739563939176, 1.474679320578919262 ) ) ;
#8417 = ORIENTED_EDGE ( 'NONE', *, *, #9320, .T. ) ;
#8418 = FACE_OUTER_BOUND ( 'NONE', #1155, .T. ) ;
#8419 = ORIENTED_EDGE ( 'NONE', *, *, #10222, .F. ) ;
#8420 = EDGE_CURVE ( 'NONE', #2625, #1756, #6241, .T. ) ;
#8421 = CARTESIAN_POINT ( 'NONE',  ( -28.88154171382022284, -4.643591706819053755, -22.09945627258159817 ) ) ;
#8422 = CARTESIAN_POINT ( 'NONE',  ( -31.78034274938253745, -5.379175851689079302, 20.63662515010731724 ) ) ;
#8423 = DIRECTION ( 'NONE',  ( -0.4518053273691019500, 0.5439411238000855242, -0.7071067811865465735 ) ) ;
#8424 = EDGE_CURVE ( 'NONE', #8412, #358, #2048, .T. ) ;
#8425 = EDGE_CURVE ( 'NONE', #1183, #5082, #516, .T. ) ;
#8426 = CARTESIAN_POINT ( 'NONE',  ( 6.073875295086110349, -19.87281427598284367, -13.56990491423941414 ) ) ;
#8427 = DIRECTION ( 'NONE',  ( 0.000000000000000000, 1.000000000000000000, 0.000000000000000000 ) ) ;
#8428 = CARTESIAN_POINT ( 'NONE',  ( -14.92104211907360600, -17.11824317383990390, -17.49484907983298854 ) ) ;
#8429 = VERTEX_POINT ( 'NONE', #3648 ) ;
#8430 = DIRECTION ( 'NONE',  ( -0.7071067811865475727, 0.7071067811865475727, 0.000000000000000000 ) ) ;
#8431 = CARTESIAN_POINT ( 'NONE',  ( -28.35236202216434975, -4.509308172723138775, 15.91998265112328603 ) ) ;
#8432 = CARTESIAN_POINT ( 'NONE',  ( -30.56247410029940070, -5.070134120247284493, 21.69027858722130375 ) ) ;
#8433 = CARTESIAN_POINT ( 'NONE',  ( -16.02772565559317997, -17.99492826913941101, 17.24731568675527527 ) ) ;
#8434 = CARTESIAN_POINT ( 'NONE',  ( -23.99923826621141387, -23.44155654374892350, -6.969801014688556506 ) ) ;
#8435 = CARTESIAN_POINT ( 'NONE',  ( -15.19999999999933316, -0.9999999999993506306, -23.00000000000000000 ) ) ;
#8436 = CARTESIAN_POINT ( 'NONE',  ( -16.26629571422893861, -18.18391748572527078, 20.65084014259915079 ) ) ;
#8437 = CARTESIAN_POINT ( 'NONE',  ( -23.02460112398608771, -23.35571327146853093, 6.065389179556285981 ) ) ;
#8438 = CARTESIAN_POINT ( 'NONE',  ( -16.20000000000043983, -9.578039446446936722, 3.434303061982507455 ) ) ;
#8439 = DIRECTION ( 'NONE',  ( 0.000000000000000000, 1.000000000000000000, 0.000000000000000000 ) ) ;
#8440 = EDGE_LOOP ( 'NONE', ( #9652, #10273, #9909, #1145 ) ) ;
#8441 = DIRECTION ( 'NONE',  ( 1.000000000000000000, 3.469446951953615175E-16, 0.000000000000000000 ) ) ;
#8442 = CARTESIAN_POINT ( 'NONE',  ( -14.28888953895404867, -16.61746883378910411, 18.76438411013189977 ) ) ;
#8443 = DIRECTION ( 'NONE',  ( 1.000000000000000000, 3.469446951953615175E-16, -0.000000000000000000 ) ) ;
#8444 = CARTESIAN_POINT ( 'NONE',  ( -16.20000000000044338, -8.079962141299647627, -0.04068650288198152193 ) ) ;
#8445 = CARTESIAN_POINT ( 'NONE',  ( -14.63076735470254164, -21.35035096350089390, 19.00000000000000000 ) ) ;
#8446 = VERTEX_POINT ( 'NONE', #6049 ) ;
#8447 = CARTESIAN_POINT ( 'NONE',  ( -29.93678355119373791, -4.911362310197184833, 16.05832864166231033 ) ) ;
#8448 = FACE_OUTER_BOUND ( 'NONE', #8440, .T. ) ;
#8450 = VERTEX_POINT ( 'NONE', #1153 ) ;
#8449 = DIRECTION ( 'NONE',  ( 0.000000000000000000, 0.000000000000000000, 1.000000000000000000 ) ) ;
#8451 = CARTESIAN_POINT ( 'NONE',  ( -26.10166854280221571, -3.513322902967793482, -21.24511232430543828 ) ) ;
#8452 = LINE ( 'NONE', #714, #7737 ) ;
#8453 = DIRECTION ( 'NONE',  ( 0.09781792768724595355, -0.7576330471928494070, -0.6453090878209063463 ) ) ;
#8454 = EDGE_LOOP ( 'NONE', ( #8353, #7281, #1707, #8307, #362, #3369, #6517 ) ) ;
#8455 = CARTESIAN_POINT ( 'NONE',  ( -17.64513293113373749, -18.75834494313550138, 18.27312374782750837 ) ) ;
#8456 = ORIENTED_EDGE ( 'NONE', *, *, #10026, .T. ) ;
#8457 = CARTESIAN_POINT ( 'NONE',  ( -25.93104750967854599, -3.462803413768904104, 16.91116847134265910 ) ) ;
#8458 = DIRECTION ( 'NONE',  ( 1.000000000000000000, 3.469446951953615175E-16, -0.000000000000000000 ) ) ;
#8459 = CARTESIAN_POINT ( 'NONE',  ( -15.33184056908448056, -17.44366675840021585, -17.25757016087621665 ) ) ;
#8460 = CARTESIAN_POINT ( 'NONE',  ( -16.20000000000043627, -8.871919485540688655, -3.610999278659728695 ) ) ;
#8461 = LINE ( 'NONE', #6105, #5887 ) ;
#8462 = ORIENTED_EDGE ( 'NONE', *, *, #5944, .F. ) ;
#8463 = DIRECTION ( 'NONE',  ( 1.000000000000000000, 0.000000000000000000, 0.000000000000000000 ) ) ;
#8464 = EDGE_CURVE ( 'NONE', #6666, #10297, #5995, .T. ) ;
#8465 = CARTESIAN_POINT ( 'NONE',  ( -29.47973409765535990, -4.795384046464985062, -22.04262747186190552 ) ) ;
#8466 = CARTESIAN_POINT ( 'NONE',  ( -30.63508928711565460, -5.088563419944629018, 21.64514223367275747 ) ) ;
#8467 = PLANE ( 'NONE',  #906 ) ;
#8468 = CARTESIAN_POINT ( 'NONE',  ( -33.44143936216327262, 2.551489868502552660, 19.00000000000000000 ) ) ;
#8469 = VECTOR ( 'NONE', #2333, 1000.000000000000000 ) ;
#8470 = EDGE_CURVE ( 'NONE', #7272, #8450, #2874, .T. ) ;
#8471 = CARTESIAN_POINT ( 'NONE',  ( -16.20000000000043983, -8.971562269813281532, 0.6410506973918653761 ) ) ;
#8472 = CARTESIAN_POINT ( 'NONE',  ( -27.90343145654565760, -4.395390008876856491, 22.00085138962326070 ) ) ;
#8473 = ADVANCED_FACE ( 'NONE', ( #5210 ), #1861, .T. ) ;
#8474 = CARTESIAN_POINT ( 'NONE',  ( -27.93334329227907631, -4.055666780671347560, 15.71123059569078428 ) ) ;
#8475 = EDGE_CURVE ( 'NONE', #2277, #1151, #3100, .T. ) ;
#8476 = CARTESIAN_POINT ( 'NONE',  ( -23.03077499953565876, -23.42539368677809719, -6.001337748012807616 ) ) ;
#8477 = CARTESIAN_POINT ( 'NONE',  ( -15.70000000000043627, -6.905157355145649767, 0.3240958251316182759 ) ) ;
#8478 = VECTOR ( 'NONE', #4080, 1000.000000000000000 ) ;
#8479 = PLANE ( 'NONE',  #5686 ) ;
#8480 = LINE ( 'NONE', #7908, #5387 ) ;
#8481 = FACE_OUTER_BOUND ( 'NONE', #590, .T. ) ;
#8482 = PLANE ( 'NONE',  #2404 ) ;
#8483 = ORIENTED_EDGE ( 'NONE', *, *, #4788, .F. ) ;
#8484 = LINE ( 'NONE', #7092, #4385 ) ;
#8485 = ORIENTED_EDGE ( 'NONE', *, *, #7102, .T. ) ;
#8486 = EDGE_CURVE ( 'NONE', #6961, #8147, #7490, .T. ) ;
#8487 = CARTESIAN_POINT ( 'NONE',  ( -16.77022658314550441, -18.58311770602355040, 20.18948768525455506 ) ) ;
#8488 = VECTOR ( 'NONE', #7934, 999.9999999999998863 ) ;
#8489 = CARTESIAN_POINT ( 'NONE',  ( -23.71635244085108951, -22.51225337288521189, 22.80000000000000071 ) ) ;
#8490 = CARTESIAN_POINT ( 'NONE',  ( -23.56185192287345131, -23.27669066448756396, 7.041794337276047422 ) ) ;
#8491 = CARTESIAN_POINT ( 'NONE',  ( -15.70000000000043983, -6.919033797933555441, -3.559096049424074870 ) ) ;
#8492 = ORIENTED_EDGE ( 'NONE', *, *, #7647, .T. ) ;
#8493 = CARTESIAN_POINT ( 'NONE',  ( -25.37679267874919731, -3.298693101974738529, 17.90529572361001343 ) ) ;
#8494 = FACE_OUTER_BOUND ( 'NONE', #1893, .T. ) ;
#8495 = DIRECTION ( 'NONE',  ( -1.000000000000000000, 0.000000000000000000, 0.000000000000000000 ) ) ;
#8496 = CARTESIAN_POINT ( 'NONE',  ( -34.00000000000000000, -2.000000000000030198, 3.399999999999991918 ) ) ;
#8497 = AXIS2_PLACEMENT_3D ( 'NONE', #83, #4248, #7410 ) ;
#8498 = CARTESIAN_POINT ( 'NONE',  ( -26.49933531175042489, -4.039094254190835009, -16.66450008125595872 ) ) ;
#8499 = CARTESIAN_POINT ( 'NONE',  ( -25.33581045382209496, -3.743846009674013153, -18.59448417439127610 ) ) ;
#8500 = CARTESIAN_POINT ( 'NONE',  ( -16.20000000000043627, -8.437525039241711156, 0.1238553003132636804 ) ) ;
#8501 = CARTESIAN_POINT ( 'NONE',  ( -15.94888663772980486, -17.93247755653213460, -20.77223806440429499 ) ) ;
#8502 = ORIENTED_EDGE ( 'NONE', *, *, #5430, .T. ) ;
#8503 = CIRCLE ( 'NONE', #4541, 2.899999999999999911 ) ;
#8504 = CARTESIAN_POINT ( 'NONE',  ( -16.86477632697677365, -18.11016951462100266, 17.04228325489188123 ) ) ;
#8505 = ORIENTED_EDGE ( 'NONE', *, *, #4191, .T. ) ;
#8506 = LINE ( 'NONE', #531, #7254 ) ;
#8507 = CARTESIAN_POINT ( 'NONE',  ( -14.42343050151020734, -16.72404858761049340, -18.20232721995041913 ) ) ;
#8508 = VECTOR ( 'NONE', #8518, 1000.000000000000000 ) ;
#8509 = ORIENTED_EDGE ( 'NONE', *, *, #5895, .F. ) ;
#8510 = CARTESIAN_POINT ( 'NONE',  ( -15.70000000000043983, -9.444990259596721671, 1.103440602228848544 ) ) ;
#8511 = ORIENTED_EDGE ( 'NONE', *, *, #6651, .F. ) ;
#8512 = VECTOR ( 'NONE', #5915, 1000.000000000000000 ) ;
#8513 = ORIENTED_EDGE ( 'NONE', *, *, #6324, .F. ) ;
#8514 = CARTESIAN_POINT ( 'NONE',  ( -31.54985264466359496, -5.320690531290398262, -20.92691309466457739 ) ) ;
#8515 = CARTESIAN_POINT ( 'NONE',  ( -31.86720881239339676, -5.401221632602921652, 20.50564848395663731 ) ) ;
#8516 = CARTESIAN_POINT ( 'NONE',  ( -17.72290744451237643, -18.82294557349879582, 18.70471161464498877 ) ) ;
#8517 = VECTOR ( 'NONE', #4173, 1000.000000000000114 ) ;
#8518 = DIRECTION ( 'NONE',  ( 1.000000000000000000, 3.469446951953615175E-16, -0.000000000000000000 ) ) ;
#8519 = EDGE_CURVE ( 'NONE', #9993, #139, #3544, .T. ) ;
#8520 = CARTESIAN_POINT ( 'NONE',  ( 2.000000000000003109, -12.29893898089671822, 20.20710678118655323 ) ) ;
#8521 = ORIENTED_EDGE ( 'NONE', *, *, #367, .F. ) ;
#8522 = CARTESIAN_POINT ( 'NONE',  ( -4.499999999999996447, -15.20000000000003482, 23.00000000000000000 ) ) ;
#8523 = CARTESIAN_POINT ( 'NONE',  ( -31.59036746121492811, -5.330966715024856306, 20.89096929817352688 ) ) ;
#8524 = CARTESIAN_POINT ( 'NONE',  ( -30.08899341565386720, -4.693937110716093208, 22.22391131873877157 ) ) ;
#8525 = CIRCLE ( 'NONE', #9882, 4.500000000000002665 ) ;
#8526 = CARTESIAN_POINT ( 'NONE',  ( -15.48386558287606718, -17.56409697231135780, 17.21924871085676401 ) ) ;
#8527 = DIRECTION ( 'NONE',  ( 0.7071067811865943131, 0.7071067811865008323, 0.000000000000000000 ) ) ;
#8528 = CARTESIAN_POINT ( 'NONE',  ( -16.20000000000044338, -9.219269289310588533, -3.254607032064900984 ) ) ;
#8529 = CARTESIAN_POINT ( 'NONE',  ( -15.11100079774607785, -17.26872349213643787, 20.63906648362727836 ) ) ;
#8530 = ADVANCED_FACE ( 'NONE', ( #7543 ), #2749, .T. ) ;
#8531 = FACE_OUTER_BOUND ( 'NONE', #10280, .T. ) ;
#8532 = CARTESIAN_POINT ( 'NONE',  ( -25.67741481345750287, -3.387704851635963355, -17.29737626194151900 ) ) ;
#8533 = CARTESIAN_POINT ( 'NONE',  ( -13.11048777515153496, -16.29453747801712993, 23.00000000000000000 ) ) ;
#8534 = ORIENTED_EDGE ( 'NONE', *, *, #9130, .T. ) ;
#8535 = EDGE_CURVE ( 'NONE', #831, #6406, #9991, .T. ) ;
#8536 = ADVANCED_FACE ( 'NONE', ( #9841 ), #434, .F. ) ;
#8537 = CARTESIAN_POINT ( 'NONE',  ( -26.29782188795070752, -3.987959053217655203, 16.84314963709033819 ) ) ;
#8538 = EDGE_LOOP ( 'NONE', ( #7470, #1904, #3845, #7594 ) ) ;
#8539 = CARTESIAN_POINT ( 'NONE',  ( -15.70000000000043983, -7.588739592671687184, -0.6974346157878572594 ) ) ;
#8540 = CARTESIAN_POINT ( 'NONE',  ( -16.20000000000043627, -8.184834602055778063, -0.01425496572452945865 ) ) ;
#8541 = CARTESIAN_POINT ( 'NONE',  ( -16.20000000000043983, -7.097036302006134889, -3.080012504680883723 ) ) ;
#8542 = VERTEX_POINT ( 'NONE', #8366 ) ;
#8543 = CARTESIAN_POINT ( 'NONE',  ( -10.33074279879292590, -20.56461020603853029, 18.86461020603839245 ) ) ;
#8544 = AXIS2_PLACEMENT_3D ( 'NONE', #6771, #4279, #1047 ) ;
#8545 = DIRECTION ( 'NONE',  ( -0.000000000000000000, -0.000000000000000000, -1.000000000000000000 ) ) ;
#8546 = EDGE_CURVE ( 'NONE', #7118, #7708, #763, .T. ) ;
#8547 = CARTESIAN_POINT ( 'NONE',  ( -14.35227831868443538, -16.66768373050418361, -19.57998757646467425 ) ) ;
#8548 = EDGE_CURVE ( 'NONE', #6769, #8731, #9095, .T. ) ;
#8549 = EDGE_CURVE ( 'NONE', #2865, #3051, #8209, .T. ) ;
#8550 = CARTESIAN_POINT ( 'NONE',  ( -27.68337281766803315, -4.339549132805276876, -16.05832864166231388 ) ) ;
#8551 = CARTESIAN_POINT ( 'NONE',  ( -27.73774304888151931, -4.353344010291103849, -16.04889041533938965 ) ) ;
#8552 = VECTOR ( 'NONE', #5742, 1000.000000000000114 ) ;
#8553 = LINE ( 'NONE', #1438, #4596 ) ;
#8554 = CARTESIAN_POINT ( 'NONE',  ( -14.54423529221565659, -16.81974710621743441, -20.04767413190017322 ) ) ;
#8555 = ORIENTED_EDGE ( 'NONE', *, *, #1191, .F. ) ;
#8556 = AXIS2_PLACEMENT_3D ( 'NONE', #7936, #9456, #9504 ) ;
#8557 = CARTESIAN_POINT ( 'NONE',  ( -14.30440138401530525, -15.98348523083166484, 19.58490888141914610 ) ) ;
#8558 = ORIENTED_EDGE ( 'NONE', *, *, #849, .T. ) ;
#8560 = FACE_OUTER_BOUND ( 'NONE', #6556, .T. ) ;
#8559 = DIRECTION ( 'NONE',  ( -1.000000000000000000, 0.000000000000000000, 0.000000000000000000 ) ) ;
#8561 = LINE ( 'NONE', #1445, #1435 ) ;
#8562 = ORIENTED_EDGE ( 'NONE', *, *, #1197, .T. ) ;
#8563 = CARTESIAN_POINT ( 'NONE',  ( -16.93278269905065159, -18.71189031539224956, -19.90207066575869632 ) ) ;
#8564 = CIRCLE ( 'NONE', #7576, 0.4999999999999995559 ) ;
#8565 = ORIENTED_EDGE ( 'NONE', *, *, #5944, .T. ) ;
#8566 = LINE ( 'NONE', #1449, #2710 ) ;
#8567 = LINE ( 'NONE', #3808, #2715 ) ;
#8568 = ORIENTED_EDGE ( 'NONE', *, *, #8546, .F. ) ;
#8569 = VECTOR ( 'NONE', #4003, 1000.000000000000227 ) ;
#8570 = VERTEX_POINT ( 'NONE', #5108 ) ;
#8571 = CARTESIAN_POINT ( 'NONE',  ( -16.20000000000043983, -8.971562269813281532, 0.6410506973918653761 ) ) ;
#8572 = CARTESIAN_POINT ( 'NONE',  ( -17.55783315318270255, -18.68583249090378473, 18.00030720596598854 ) ) ;
#8573 = DIRECTION ( 'NONE',  ( 0.7071067811865492381, -0.7071067811865457964, 0.000000000000000000 ) ) ;
#8574 = LINE ( 'NONE', #5366, #4050 ) ;
#8575 = ORIENTED_EDGE ( 'NONE', *, *, #1998, .F. ) ;
#8576 = DIRECTION ( 'NONE',  ( -0.7071067811865943131, -0.7071067811865008323, 0.000000000000000000 ) ) ;
#8577 = FACE_OUTER_BOUND ( 'NONE', #1849, .T. ) ;
#8578 = CARTESIAN_POINT ( 'NONE',  ( -15.81619495680664933, -17.82737766946043934, 17.20505439407831005 ) ) ;
#8579 = CARTESIAN_POINT ( 'NONE',  ( -16.20000000000043983, -9.777072844231996740, -3.569502283149066368 ) ) ;
#8580 = EDGE_CURVE ( 'NONE', #3724, #6321, #5914, .T. ) ;
#8581 = CARTESIAN_POINT ( 'NONE',  ( -16.20000000000043983, -6.919645622918274341, 0.1238050100435519191 ) ) ;
#8582 = CARTESIAN_POINT ( 'NONE',  ( -14.72785718112031894, -16.96520647706066498, 20.31252890767174435 ) ) ;
#8583 = DIRECTION ( 'NONE',  ( -0.7071067811865502373, 0.7071067811865449082, 0.000000000000000000 ) ) ;
#8585 = ORIENTED_EDGE ( 'NONE', *, *, #2884, .F. ) ;
#8584 = CARTESIAN_POINT ( 'NONE',  ( -31.34424606100239075, -5.065607128753082833, -21.55958049209172955 ) ) ;
#8586 = LINE ( 'NONE', #7618, #6209 ) ;
#8587 = ORIENTED_EDGE ( 'NONE', *, *, #6828, .T. ) ;
#8588 = CARTESIAN_POINT ( 'NONE',  ( -25.83981361935339649, -3.871735591281400879, 17.36337485007221559 ) ) ;
#8589 = ORIENTED_EDGE ( 'NONE', *, *, #7338, .F. ) ;
#8590 = LINE ( 'NONE', #759, #3072 ) ;
#8591 = CARTESIAN_POINT ( 'NONE',  ( -16.20000000000043983, -9.808529584835024906, -2.028313217815174152 ) ) ;
#8592 = CARTESIAN_POINT ( 'NONE',  ( -15.70000000000043983, -8.784289032372960548, -0.3889521085299013636 ) ) ;
#8593 = ORIENTED_EDGE ( 'NONE', *, *, #5636, .F. ) ;
#8594 = CARTESIAN_POINT ( 'NONE',  ( -26.44479635755024916, -3.614920236037733048, 16.44041950790825268 ) ) ;
#8595 = FACE_OUTER_BOUND ( 'NONE', #6561, .T. ) ;
#8596 = EDGE_CURVE ( 'NONE', #5434, #7448, #5155, .T. ) ;
#8597 = CARTESIAN_POINT ( 'NONE',  ( -14.02972659069404848, -18.06230443098349880, 20.59999999999999432 ) ) ;
#8598 = CARTESIAN_POINT ( 'NONE',  ( -17.55783315318269899, -18.68583249090378473, -18.00030720596598144 ) ) ;
#8599 = CARTESIAN_POINT ( 'NONE',  ( -29.13714921378207379, -4.412103845525193080, -15.60256912800726425 ) ) ;
#8600 = CARTESIAN_POINT ( 'NONE',  ( -28.49317841120571160, -4.545040237584465181, -15.91275136319713823 ) ) ;
#8601 = EDGE_CURVE ( 'NONE', #10003, #239, #1205, .T. ) ;
#8602 = CARTESIAN_POINT ( 'NONE',  ( -16.20000000000044338, -7.706673071872999436, 0.7483384280091044394 ) ) ;
#8603 = CARTESIAN_POINT ( 'NONE',  ( -16.17397784292165497, -18.11078937362726649, -20.69727690195396619 ) ) ;
#8604 = VERTEX_POINT ( 'NONE', #4434 ) ;
#8605 = CARTESIAN_POINT ( 'NONE',  ( -16.93278269905065159, -18.71189031539224956, 18.09792933424130368 ) ) ;
#8606 = EDGE_CURVE ( 'NONE', #4730, #4635, #485, .T. ) ;
#8607 = FACE_OUTER_BOUND ( 'NONE', #7533, .T. ) ;
#8608 = FACE_OUTER_BOUND ( 'NONE', #7573, .T. ) ;
#8609 = CARTESIAN_POINT ( 'NONE',  ( -3.499999999999996447, -12.29893898089671822, 23.00000000000000000 ) ) ;
#8610 = CARTESIAN_POINT ( 'NONE',  ( -15.88604912907105948, -17.88269596383217674, -20.78839717032765932 ) ) ;
#8611 = EDGE_LOOP ( 'NONE', ( #7940, #4221 ) ) ;
#8612 = EDGE_CURVE ( 'NONE', #7925, #8630, #8990, .T. ) ;
#8613 = CARTESIAN_POINT ( 'NONE',  ( 2.500000000000001332, -12.79893898089671644, -20.00000000000000000 ) ) ;
#8614 = CARTESIAN_POINT ( 'NONE',  ( -15.70000000000043983, -8.971562269813281532, 0.6410506973918653761 ) ) ;
#8615 = ORIENTED_EDGE ( 'NONE', *, *, #9448, .F. ) ;
#8616 = CIRCLE ( 'NONE', #345, 7.000000000000003553 ) ;
#8617 = ORIENTED_EDGE ( 'NONE', *, *, #9454, .T. ) ;
#8618 = CARTESIAN_POINT ( 'NONE',  ( -32.30682491192607131, -5.512771037362598214, 19.00000000000000355 ) ) ;
#8619 = B_SPLINE_SURFACE_WITH_KNOTS ( 'NONE', 3, 1, ( 
 ( #659, #10226 ),
 ( #761, #1516 ),
 ( #7713, #3037 ),
 ( #6134, #5389 ),
 ( #3935, #4612 ),
 ( #9480, #5484 ),
 ( #616, #6998 ),
 ( #7917, #4702 ),
 ( #10171, #2152 ),
 ( #1471, #6228 ),
 ( #8541, #1571 ),
 ( #9385, #7096 ),
 ( #2344, #2299 ),
 ( #4757, #10075 ),
 ( #3785, #3093 ),
 ( #7868, #8491 ),
 ( #4561, #3881 ),
 ( #5532, #2254 ),
 ( #810, #10272 ) ),
 .UNSPECIFIED., .F., .F., .F.,
 ( 4, 1, 1, 1, 1, 1, 1, 1, 1, 1, 1, 1, 1, 1, 1, 1, 4 ),
 ( 2, 2 ),
 ( 0.000000000000000000, 0.07943572267611463678, 0.1540131742839432327, 0.2241414790393983225, 0.2899341692032362805, 0.3527323106719889578, 0.4127257792496897837, 0.4703027418920649461, 0.5271687617359286371, 0.5835022647141646646, 0.6399482172133523772, 0.6965849669119869025, 0.7537269142919263976, 0.8127070377388639910, 0.8729634806368319344, 0.9350348604089698812, 1.000000000000000000 ),
 ( 0.000000000000000000, 1.000000000000000000 ),
 .UNSPECIFIED. ) ;
#8620 = DIRECTION ( 'NONE',  ( -0.7071067811865462405, -1.915769825694705918E-16, 0.7071067811865489050 ) ) ;
#8621 = B_SPLINE_CURVE_WITH_KNOTS ( 'NONE', 3,
 ( #2934, #753, #802, #7186, #2390, #9585, #6525, #9690, #69, #10265, #8009, #852, #6477, #3131, #2490, #7910, #4137, #8686 ),
 .UNSPECIFIED., .F., .F.,
 ( 4, 2, 2, 2, 2, 2, 2, 2, 4 ),
 ( 0.000000000000000000, 0.06250000000000000000, 0.1250000000000000000, 0.1875000000000000000, 0.2500000000000000000, 0.3125000000000000000, 0.3750000000000000000, 0.4375000000000000000, 0.5000000000000000000 ),
 .UNSPECIFIED. ) ;
#8622 = FACE_OUTER_BOUND ( 'NONE', #6620, .T. ) ;
#8623 = ORIENTED_EDGE ( 'NONE', *, *, #9320, .F. ) ;
#8624 = FACE_OUTER_BOUND ( 'NONE', #6502, .T. ) ;
#8625 = CARTESIAN_POINT ( 'NONE',  ( -16.20000000000043272, -7.530192499262718719, 0.2023622459757175585 ) ) ;
#8626 = FACE_OUTER_BOUND ( 'NONE', #7390, .T. ) ;
#8627 = CARTESIAN_POINT ( 'NONE',  ( -14.92104211907360423, -17.11824317383990035, 20.50515092016701146 ) ) ;
#8628 = FACE_OUTER_BOUND ( 'NONE', #3466, .T. ) ;
#8630 = VERTEX_POINT ( 'NONE', #3754 ) ;
#8629 = CARTESIAN_POINT ( 'NONE',  ( -25.94700860765130201, -3.467529364033505868, -16.92760081561649343 ) ) ;
#8631 = CIRCLE ( 'NONE', #8306, 5.420725942163712396 ) ;
#8632 = FACE_OUTER_BOUND ( 'NONE', #8349, .T. ) ;
#8633 = ORIENTED_EDGE ( 'NONE', *, *, #1242, .F. ) ;
#8634 = CARTESIAN_POINT ( 'NONE',  ( -26.98506708137908916, -4.162348022964863503, 16.35485776652571488 ) ) ;
#8635 = EDGE_LOOP ( 'NONE', ( #2587, #4281, #6045, #8408 ) ) ;
#8636 = APPROVAL ( #9465, 'UNSPECIFIED' ) ;
#8637 = CARTESIAN_POINT ( 'NONE',  ( -18.50043412188944103, -2.835038795896980268, 23.00000000000000000 ) ) ;
#8638 = CARTESIAN_POINT ( 'NONE',  ( -32.28405218522308218, -5.506993802146070927, -18.59318536505449160 ) ) ;
#8639 = ORIENTED_EDGE ( 'NONE', *, *, #3481, .F. ) ;
#8640 = AXIS2_PLACEMENT_3D ( 'NONE', #2385, #5518, #7798 ) ;
#8641 = CARTESIAN_POINT ( 'NONE',  ( -27.03672565967020347, -3.790185649905443377, 21.94839855693671637 ) ) ;
#8642 = LINE ( 'NONE', #3940, #4175 ) ;
#8643 = CARTESIAN_POINT ( 'NONE',  ( -16.20000000000043983, -9.163291940019410831, -4.169130202438667609 ) ) ;
#8644 = CARTESIAN_POINT ( 'NONE',  ( -16.76369949594998943, -18.02621364378622104, -16.97234895197517446 ) ) ;
#8645 = ORIENTED_EDGE ( 'NONE', *, *, #10028, .F. ) ;
#8646 = AXIS2_PLACEMENT_3D ( 'NONE', #583, #5351, #8559 ) ;
#8647 = CARTESIAN_POINT ( 'NONE',  ( -32.12823292504249650, -5.467452512001335307, -19.99886749270905284 ) ) ;
#8648 = EDGE_CURVE ( 'NONE', #6009, #9488, #5598, .T. ) ;
#8649 = CARTESIAN_POINT ( 'NONE',  ( -27.33754523484284249, -4.251790680421268398, -16.18748194292885856 ) ) ;
#8650 = DIRECTION ( 'NONE',  ( 8.659560562354929160E-17, 0.7071067811865479058, -0.7071067811865472397 ) ) ;
#8651 = CARTESIAN_POINT ( 'NONE',  ( -16.20000000000043983, -8.032763167368988988, 0.8281673279839496526 ) ) ;
#8652 = CARTESIAN_POINT ( 'NONE',  ( -15.15177670129657450, -17.30102496585436000, -20.66047035187786562 ) ) ;
#8653 = ORIENTED_EDGE ( 'NONE', *, *, #9885, .F. ) ;
#8654 = CARTESIAN_POINT ( 'NONE',  ( -17.05445559288308033, -18.26771984328382814, 20.79365991259185975 ) ) ;
#8655 = CARTESIAN_POINT ( 'NONE',  ( 0.6464466094067167212, -12.29893898089671822, 18.85355339059327306 ) ) ;
#8656 = CARTESIAN_POINT ( 'NONE',  ( -23.18925101645870868, -23.53345234673052744, -6.159813764935857527 ) ) ;
#8657 = CARTESIAN_POINT ( 'NONE',  ( -16.20000000000044338, -7.118390235841737912, -4.515624633164652124 ) ) ;
#8658 = ADVANCED_FACE ( 'NONE', ( #5263 ), #10220, .F. ) ;
#8659 = VERTEX_POINT ( 'NONE', #2409 ) ;
#8660 = CARTESIAN_POINT ( 'NONE',  ( -17.38418008636541501, -18.54159375389873432, 17.61268471547289138 ) ) ;
#8661 = EDGE_CURVE ( 'NONE', #2794, #4448, #9217, .T. ) ;
#8662 = EDGE_CURVE ( 'NONE', #3546, #9843, #7106, .T. ) ;
#8663 = VECTOR ( 'NONE', #922, 1000.000000000000000 ) ;
#8664 = ORIENTED_EDGE ( 'NONE', *, *, #1869, .F. ) ;
#8665 = CARTESIAN_POINT ( 'NONE',  ( -16.20000000000043627, -7.507793964305819578, 0.4722555714445640374 ) ) ;
#8666 = DIRECTION ( 'NONE',  ( -0.000000000000000000, -0.000000000000000000, -1.000000000000000000 ) ) ;
#8667 = ORIENTED_EDGE ( 'NONE', *, *, #8933, .T. ) ;
#8668 = ORIENTED_EDGE ( 'NONE', *, *, #7079, .F. ) ;
#8669 = CARTESIAN_POINT ( 'NONE',  ( -26.91398941093028796, -4.144313927902722128, 21.60480572505398555 ) ) ;
#8670 = VECTOR ( 'NONE', #4461, 1000.000000000000000 ) ;
#8671 = EDGE_CURVE ( 'NONE', #4990, #4406, #772, .T. ) ;
#8672 = CARTESIAN_POINT ( 'NONE',  ( -17.12051304298577747, -18.86060527521767582, 19.00000000000000000 ) ) ;
#8673 = CARTESIAN_POINT ( 'NONE',  ( -13.50604576208210084, -0.9999999999995836664, -23.00000000000000000 ) ) ;
#8674 = ADVANCED_FACE ( 'NONE', ( #5356 ), #875, .F. ) ;
#8675 = CARTESIAN_POINT ( 'NONE',  ( -14.31578327741799050, -16.63877422714600840, -18.53166496518443651 ) ) ;
#8676 = VECTOR ( 'NONE', #4029, 1000.000000000000000 ) ;
#8677 = CARTESIAN_POINT ( 'NONE',  ( -16.82948574013173015, -18.63006122599886893, 17.90201782688823684 ) ) ;
#8678 = ORIENTED_EDGE ( 'NONE', *, *, #254, .F. ) ;
#8679 = VECTOR ( 'NONE', #9651, 1000.000000000000000 ) ;
#8680 = CARTESIAN_POINT ( 'NONE',  ( -22.00000000000000355, -22.87556021811288787, 4.970562748477150627 ) ) ;
#8681 = CARTESIAN_POINT ( 'NONE',  ( -34.00000000000000000, -7.566987298107801685, 0.000000000000000000 ) ) ;
#8682 = CARTESIAN_POINT ( 'NONE',  ( -16.20000000000043627, -9.335365825553139985, -3.144220171079494808 ) ) ;
#8683 = CARTESIAN_POINT ( 'NONE',  ( -14.53224700319499263, -16.81025001037371425, 20.02493700671862698 ) ) ;
#8684 = CARTESIAN_POINT ( 'NONE',  ( -10.98916743159186993, -17.70875104039022219, 23.00000000000000000 ) ) ;
#8685 = CARTESIAN_POINT ( 'NONE',  ( -29.37976717539323701, -4.483941035036213663, -22.37553097656676115 ) ) ;
#8686 = CARTESIAN_POINT ( 'NONE',  ( -14.24866261705345849, -15.93718780864300122, -18.99999999999999645 ) ) ;
#8687 = ORIENTED_EDGE ( 'NONE', *, *, #1753, .F. ) ;
#8688 = CARTESIAN_POINT ( 'NONE',  ( -29.14491213726118701, -4.710421959919869117, 15.91423696462998194 ) ) ;
#8689 = ORIENTED_EDGE ( 'NONE', *, *, #1865, .T. ) ;
#8690 = LINE ( 'NONE', #5740, #6719 ) ;
#8691 = VECTOR ( 'NONE', #5577, 1000.000000000000114 ) ;
#8692 = DIRECTION ( 'NONE',  ( -0.7071067811865454633, -0.7071067811865495711, 0.000000000000000000 ) ) ;
#8693 = CARTESIAN_POINT ( 'NONE',  ( -23.18980090714105202, -23.52903984030875151, 6.160363655618193768 ) ) ;
#8694 = CARTESIAN_POINT ( 'NONE',  ( -17.69530102855358322, -1.545723573657735717, 15.00000000000000000 ) ) ;
#8695 = EDGE_LOOP ( 'NONE', ( #8977, #8462, #573, #9235 ) ) ;
#8696 = CARTESIAN_POINT ( 'NONE',  ( -29.37976717539324056, -4.483941035036214551, 22.37553097656677181 ) ) ;
#8697 = DIRECTION ( 'NONE',  ( 1.000000000000000000, 0.000000000000000000, 0.000000000000000000 ) ) ;
#8698 = CARTESIAN_POINT ( 'NONE',  ( -16.20000000000043983, -6.904861609162323610, 0.4043596734760470102 ) ) ;
#8699 = CARTESIAN_POINT ( 'NONE',  ( -17.04796840796678126, -18.80313735470862824, -19.57998757646467070 ) ) ;
#8700 = VECTOR ( 'NONE', #9660, 1000.000000000000000 ) ;
#8701 = CARTESIAN_POINT ( 'NONE',  ( -12.30050506338938199, -21.70000000000013785, 23.00000000000000000 ) ) ;
#8702 = ORIENTED_EDGE ( 'NONE', *, *, #3718, .F. ) ;
#8703 = CARTESIAN_POINT ( 'NONE',  ( -29.85569912627356359, -4.624860584119465656, -15.71123059569079139 ) ) ;
#8704 = CARTESIAN_POINT ( 'NONE',  ( -28.47524423157056361, -4.540489483074849453, -15.91423696463261095 ) ) ;
#8705 = DIRECTION ( 'NONE',  ( 0.000000000000000000, 0.000000000000000000, -1.000000000000000000 ) ) ;
#8706 = CARTESIAN_POINT ( 'NONE',  ( -15.70000000000044338, -9.474536338437768990, 0.3167158695976008409 ) ) ;
#8707 = CARTESIAN_POINT ( 'NONE',  ( -14.76100214427699520, -16.99146167236687788, -20.35170533773774082 ) ) ;
#8708 = VERTEX_POINT ( 'NONE', #2911 ) ;
#8709 = AXIS2_PLACEMENT_3D ( 'NONE', #3362, #5810, #1789 ) ;
#8710 = CARTESIAN_POINT ( 'NONE',  ( -16.56654700062319918, -18.42176818576414377, 17.56880663992192737 ) ) ;
#8711 = CARTESIAN_POINT ( 'NONE',  ( -16.20000000000044693, -8.226686217178693639, -0.6927059725639584942 ) ) ;
#8713 = ORIENTED_EDGE ( 'NONE', *, *, #5820, .F. ) ;
#8712 = CARTESIAN_POINT ( 'NONE',  ( -23.74938496350693384, -23.57573315976181760, -6.719947711984074701 ) ) ;
#8714 = DIRECTION ( 'NONE',  ( 0.000000000000000000, 1.000000000000000000, 0.000000000000000000 ) ) ;
#8715 = DIRECTION ( 'NONE',  ( 0.000000000000000000, 0.000000000000000000, -1.000000000000000000 ) ) ;
#8716 = VECTOR ( 'NONE', #1514, 1000.000000000000000 ) ;
#8717 = EDGE_LOOP ( 'NONE', ( #7226, #2963, #7422, #4780 ) ) ;
#8718 = FACE_OUTER_BOUND ( 'NONE', #2553, .T. ) ;
#8719 = DIRECTION ( 'NONE',  ( 0.000000000000000000, -0.7071067811865487940, 0.7071067811865463515 ) ) ;
#8720 = ORIENTED_EDGE ( 'NONE', *, *, #1758, .T. ) ;
#8721 = CARTESIAN_POINT ( 'NONE',  ( -29.93678355119373791, -4.911362310197184833, 16.05832864166231033 ) ) ;
#8722 = AXIS2_PLACEMENT_3D ( 'NONE', #5370, #10206, #4741 ) ;
#8723 = ORIENTED_EDGE ( 'NONE', *, *, #9627, .T. ) ;
#8724 = EDGE_CURVE ( 'NONE', #2515, #5778, #8415, .T. ) ;
#8725 = CARTESIAN_POINT ( 'NONE',  ( -29.20745990312436291, -4.726294911993909942, 22.07997070624243108 ) ) ;
#8726 = VECTOR ( 'NONE', #3363, 1000.000000000000000 ) ;
#8727 = CARTESIAN_POINT ( 'NONE',  ( -14.25989634315890520, -15.94651870325378162, 18.70471161464498877 ) ) ;
#8728 = LINE ( 'NONE', #9464, #9016 ) ;
#8729 = PERSON_AND_ORGANIZATION_ROLE ( 'design_supplier' ) ;
#8730 = CARTESIAN_POINT ( 'NONE',  ( -16.63875449233590587, -18.47896903035888272, 20.35609672701688311 ) ) ;
#8731 = VERTEX_POINT ( 'NONE', #7928 ) ;
#8732 = CARTESIAN_POINT ( 'NONE',  ( -24.11754798141021894, -22.33862070490335938, 7.088110729887359795 ) ) ;
#8733 = ADVANCED_FACE ( 'NONE', ( #6924 ), #10285, .T. ) ;
#8734 = CARTESIAN_POINT ( 'NONE',  ( -15.70000000000043272, -9.474536338437763661, -3.832106621387972201 ) ) ;
#8735 = EDGE_CURVE ( 'NONE', #7662, #723, #534, .T. ) ;
#8736 = CARTESIAN_POINT ( 'NONE',  ( -23.10430256645026503, -23.48647372701164926, 6.074865314927411220 ) ) ;
#8737 = EDGE_CURVE ( 'NONE', #9936, #4122, #7153, .T. ) ;
#8738 = AXIS2_PLACEMENT_3D ( 'NONE', #555, #9666, #5856 ) ;
#8739 = CARTESIAN_POINT ( 'NONE',  ( -16.78744303732156951, -20.67859952137373369, 22.49999999999998579 ) ) ;
#8740 = CYLINDRICAL_SURFACE ( 'NONE', #8861, 13.49999999999999822 ) ;
#8741 = CARTESIAN_POINT ( 'NONE',  ( -31.15579238467369549, -5.009807540088779376, -21.70132250298427934 ) ) ;
#8742 = DIRECTION ( 'NONE',  ( 0.000000000000000000, 0.000000000000000000, -1.000000000000000000 ) ) ;
#8743 = ORIENTED_EDGE ( 'NONE', *, *, #4379, .T. ) ;
#8744 = B_SPLINE_CURVE_WITH_KNOTS ( 'NONE', 3,
 ( #2436, #1818, #1008, #8005, #904, #6575, #5731, #3968, #7952, #7240, #9629 ),
 .UNSPECIFIED., .F., .F.,
 ( 4, 1, 1, 1, 1, 1, 1, 1, 4 ),
 ( 0.000000000000000000, 0.1491402908464729560, 0.2821617981976309308, 0.4046557030353606366, 0.5211096910238625091, 0.6344164539698203820, 0.7487964497315260370, 0.8687105535463927053, 1.000000000000000000 ),
 .UNSPECIFIED. ) ;
#8745 = CARTESIAN_POINT ( 'NONE',  ( -29.01336614562361760, -4.677041200194472559, 15.90511518680479064 ) ) ;
#8746 = ORIENTED_EDGE ( 'NONE', *, *, #9306, .F. ) ;
#8747 = DIRECTION ( 'NONE',  ( 1.000000000000000000, 3.469446951953615175E-16, -0.000000000000000000 ) ) ;
#8748 = CARTESIAN_POINT ( 'NONE',  ( -23.01225337288697048, -23.21635244084942329, 22.80000000000000071 ) ) ;
#8749 = CARTESIAN_POINT ( 'NONE',  ( -24.29700097016121774, -22.81982520024875782, 7.267563718638358594 ) ) ;
#8750 = CARTESIAN_POINT ( 'NONE',  ( -30.20242480996875756, -4.978770693524465329, -16.15632246478212153 ) ) ;
#8751 = EDGE_LOOP ( 'NONE', ( #4034, #4752, #7152, #3432 ) ) ;
#8752 = DIRECTION ( 'NONE',  ( 0.000000000000000000, 0.000000000000000000, -1.000000000000000000 ) ) ;
#8753 = FACE_OUTER_BOUND ( 'NONE', #6358, .T. ) ;
#8754 = LINE ( 'NONE', #4863, #6865 ) ;
#8755 = CARTESIAN_POINT ( 'NONE',  ( -14.83369972602802989, -17.04905289944865743, -20.43119336007807618 ) ) ;
#8756 = CARTESIAN_POINT ( 'NONE',  ( -15.70000000000043272, -7.530192499262718719, 0.2023622459757175585 ) ) ;
#8757 = CARTESIAN_POINT ( 'NONE',  ( -16.20000000000044338, -9.474536338437768990, 0.3167158695976008409 ) ) ;
#8758 = CARTESIAN_POINT ( 'NONE',  ( -23.47429590420312806, -23.31100971874530003, -6.906643307981755520 ) ) ;
#8759 = DIRECTION ( 'NONE',  ( -3.469446951953614189E-16, 1.000000000000000000, 0.000000000000000000 ) ) ;
#8760 = CARTESIAN_POINT ( 'NONE',  ( -15.70000000000044338, -9.558548413931021059, 0.4041139157355321809 ) ) ;
#8761 = CARTESIAN_POINT ( 'NONE',  ( -16.63867492306489737, -18.47890789148780399, -20.35136566114812240 ) ) ;
#8762 = EDGE_LOOP ( 'NONE', ( #7913, #6611, #2345, #2394, #8195, #6258, #9614, #4218 ) ) ;
#8763 = CARTESIAN_POINT ( 'NONE',  ( -17.64513293113374104, -18.75834494313550138, 19.72687625217249874 ) ) ;
#8764 = CARTESIAN_POINT ( 'NONE',  ( -34.50000000000000000, -12.00000000000003197, -23.00000000000000000 ) ) ;
#8765 = CARTESIAN_POINT ( 'NONE',  ( -24.17868740743633182, -22.41221975986569248, -7.149250155913476235 ) ) ;
#8766 = CARTESIAN_POINT ( 'NONE',  ( -16.20000000000043983, -7.060056848763239579, -4.431908663444811936 ) ) ;
#8767 = CARTESIAN_POINT ( 'NONE',  ( -45.10080138151387530, -6.000000000000046185, -7.682591274314915175 ) ) ;
#8768 = ORIENTED_EDGE ( 'NONE', *, *, #9056, .T. ) ;
#8769 = DIRECTION ( 'NONE',  ( -0.000000000000000000, -0.000000000000000000, 1.000000000000000000 ) ) ;
#8770 = CC_DESIGN_PERSON_AND_ORGANIZATION_ASSIGNMENT ( #5568, #4073, ( #7206 ) ) ;
#8771 = VERTEX_POINT ( 'NONE', #3994 ) ;
#8772 = ORIENTED_EDGE ( 'NONE', *, *, #2314, .F. ) ;
#8773 = CARTESIAN_POINT ( 'NONE',  ( -28.99740072368421195, -4.672989932067258323, 22.09555055667155798 ) ) ;
#8774 = CARTESIAN_POINT ( 'NONE',  ( -17.14305017624782934, -18.34130777953066627, 17.30045582609816179 ) ) ;
#8775 = DIRECTION ( 'NONE',  ( -3.452933638236548302E-16, 0.9952403613758183942, -0.09745061871804784615 ) ) ;
#8776 = CALENDAR_DATE ( 2022, 8, 12 ) ;
#8777 = CARTESIAN_POINT ( 'NONE',  ( -16.15779467885239384, -18.09796552373046197, 20.70806724034469681 ) ) ;
#8778 = EDGE_CURVE ( 'NONE', #6917, #6321, #3697, .T. ) ;
#8779 = ORIENTED_EDGE ( 'NONE', *, *, #1870, .T. ) ;
#8780 = CARTESIAN_POINT ( 'NONE',  ( -15.70000000000043983, -8.616162754740134488, 0.2818877326636745617 ) ) ;
#8781 = CARTESIAN_POINT ( 'NONE',  ( -27.89956876086042925, -4.394406021450339317, -21.99349198602887512 ) ) ;
#8782 = LINE ( 'NONE', #5151, #5364 ) ;
#8783 = CARTESIAN_POINT ( 'NONE',  ( -15.70000000000043983, -10.49999999999928768, -2.028313217815174152 ) ) ;
#8784 = CARTESIAN_POINT ( 'NONE',  ( -20.65905952401941192, -21.26175575615139834, -22.50000000000000000 ) ) ;
#8785 = CARTESIAN_POINT ( 'NONE',  ( -32.28428482491175089, -5.507051388218036969, -18.59421707869871199 ) ) ;
#8786 = EDGE_CURVE ( 'NONE', #239, #4655, #1527, .T. ) ;
#8787 = CARTESIAN_POINT ( 'NONE',  ( -11.34272082218515365, -18.06230443098350591, 23.00000000000000000 ) ) ;
#8788 = CARTESIAN_POINT ( 'NONE',  ( -27.84623116272062404, -4.380873543487734167, 16.01971483448103228 ) ) ;
#8789 = ORIENTED_EDGE ( 'NONE', *, *, #7540, .F. ) ;
#8790 = DIRECTION ( 'NONE',  ( 0.000000000000000000, 0.000000000000000000, -1.000000000000000000 ) ) ;
#8791 = EDGE_CURVE ( 'NONE', #3404, #7742, #6104, .T. ) ;
#8792 = CARTESIAN_POINT ( 'NONE',  ( -16.97523693608058792, -18.74552286069868856, 18.20480122189631444 ) ) ;
#8793 = EDGE_CURVE ( 'NONE', #307, #10103, #9679, .T. ) ;
#8794 = CARTESIAN_POINT ( 'NONE',  ( 2.500000000000003109, -12.29893898089671822, 22.50000000000001421 ) ) ;
#8795 = CARTESIAN_POINT ( 'NONE',  ( -23.92079000125667676, -23.49529293707653110, 6.891352749733824723 ) ) ;
#8796 = CARTESIAN_POINT ( 'NONE',  ( -31.32233448092629047, -5.262952389787775687, -16.84314963710319901 ) ) ;
#8797 = ORIENTED_EDGE ( 'NONE', *, *, #6016, .F. ) ;
#8798 = DIRECTION ( 'NONE',  ( 0.000000000000000000, 0.000000000000000000, -1.000000000000000000 ) ) ;
#8799 = CARTESIAN_POINT ( 'NONE',  ( -28.65189320477058033, -4.268423519265626354, 15.60256912800725537 ) ) ;
#8800 = CARTESIAN_POINT ( 'NONE',  ( -24.14792824313818187, -22.37519217274361338, -7.118490991615326280 ) ) ;
#8801 = AXIS2_PLACEMENT_3D ( 'NONE', #9985, #527, #10036 ) ;
#8802 = CARTESIAN_POINT ( 'NONE',  ( -16.20000000000043983, -9.642235741182128450, -3.667047288711199116 ) ) ;
#8803 = CARTESIAN_POINT ( 'NONE',  ( -20.65905952401941192, -21.26175575615139834, 22.80000000000000071 ) ) ;
#8804 = EDGE_CURVE ( 'NONE', #4676, #10135, #4047, .T. ) ;
#8805 = LINE ( 'NONE', #28, #2877 ) ;
#8806 = ORIENTED_EDGE ( 'NONE', *, *, #9835, .F. ) ;
#8807 = DIRECTION ( 'NONE',  ( 0.7692489144105419951, 0.6389492215177999812, 0.000000000000000000 ) ) ;
#8808 = CARTESIAN_POINT ( 'NONE',  ( -16.20000000000043983, -6.972028366947922606, -4.242125776572106766 ) ) ;
#8809 = B_SPLINE_SURFACE_WITH_KNOTS ( 'NONE', 1, 3, ( 
 ( #7610, #6010, #1167, #7504, #2815, #4398, #503, #2094, #2139, #1220, #455, #8432, #4343, #6887, #3666, #4497, #6788, #5323, #9220, #9161, #5172, #6684, #3561, #2034, #9960, #5226, #2770, #6121, #9064, #1319, #1121, #549, #8382, #1274, #6834, #10006, #344, #10059, #3713, #7454, #2927, #9268, #8277, #3508, #9858, #5960, #5908, #1982, #6739, #394, #9910, #9110, #8721, #648, #3820, #4781, #9316, #6984, #4544, #2528, #7941, #7170, #9513, #7697, #1598, #895 ),
 ( #7749, #1362, #6458, #4067, #9616, #835, #164, #602, #6167, #4009, #4891, #3771, #10112, #8524, #50, #6936, #2973, #6405, #2471, #2186, #10158, #7228, #3022, #5557, #3218, #4829, #5372, #1411, #9564, #2423, #5611, #4599, #5663, #8827, #1706, #1649, #111, #6351, #2373, #3272, #6510, #8050, #949, #4121, #7277, #3325, #8474, #4991, #1853, #2682, #3485, #7433, #3588, #8202, #8881, #323, #8936, #5877, #7481, #2740, #8145, #9088, #8301, #6763, #4945, #4217 ) ),
 .UNSPECIFIED., .F., .T., .F.,
 ( 2, 2 ),
 ( 4, 2, 2, 2, 2, 2, 2, 2, 2, 2, 2, 2, 2, 2, 2, 2, 2, 2, 2, 2, 2, 2, 2, 2, 2, 2, 2, 2, 2, 2, 2, 2, 4 ),
 ( 0.000000000000000000, 1.000000000000000000 ),
 ( -6.283185307179586232, -6.086835766330223940, -5.890486225480861648, -5.694136684631500245, -5.497787143782137953, -5.301437602932775661, -5.105088062083414258, -4.908738521234051966, -4.712388980384689674, -4.516039439535327382, -4.319689898685965090, -4.123340357836603687, -3.926990816987241395, -3.730641276137879103, -3.534291735288517255, -3.337942194439155408, -3.141592653589793116, -2.945243112740430824, -2.748893571891068976, -2.552544031041707129, -2.356194490192344837, -2.159844949342982545, -1.963495408493620697, -1.767145867644258628, -1.570796326794896558, -1.374446785945534488, -1.178097245096172418, -0.9817477042468103487, -0.7853981633974482790, -0.5890486225480862092, -0.3926990816987241395, -0.1963495408493620697, 0.000000000000000000 ),
 .UNSPECIFIED. ) ;
#8810 = VECTOR ( 'NONE', #6592, 1000.000000000000000 ) ;
#8811 = CARTESIAN_POINT ( 'NONE',  ( -32.50444474775245141, -5.409132448877904231, -19.89053694428192287 ) ) ;
#8812 = CARTESIAN_POINT ( 'NONE',  ( -15.70000000000043983, -9.777072844231996740, 0.5793202078365085050 ) ) ;
#8813 = DIRECTION ( 'NONE',  ( -0.2007533215770642143, 0.6780104010085501454, -0.7071067811865481278 ) ) ;
#8814 = ORIENTED_EDGE ( 'NONE', *, *, #7665, .F. ) ;
#8815 = CARTESIAN_POINT ( 'NONE',  ( -16.77022658314550441, -18.58311770602354684, 17.81051231474545204 ) ) ;
#8816 = LINE ( 'NONE', #1694, #2683 ) ;
#8818 = ORIENTED_EDGE ( 'NONE', *, *, #6160, .T. ) ;
#8817 = CARTESIAN_POINT ( 'NONE',  ( -15.70000000000044338, -7.505149625707762340, -3.800089161814578897 ) ) ;
#8819 = CARTESIAN_POINT ( 'NONE',  ( -16.20000000000043983, -7.255515437167127324, -4.661518527979255033 ) ) ;
#8820 = CARTESIAN_POINT ( 'NONE',  ( -16.20000000000043983, -7.503628200954149285, -3.768513762645233633 ) ) ;
#8821 = ORIENTED_EDGE ( 'NONE', *, *, #6969, .T. ) ;
#8822 = LINE ( 'NONE', #8099, #6310 ) ;
#8823 = CARTESIAN_POINT ( 'NONE',  ( -16.20000000000044338, -8.289728730214712016, -4.119042308829357069 ) ) ;
#8824 = EDGE_LOOP ( 'NONE', ( #4562, #2215, #9889, #4826 ) ) ;
#8825 = VECTOR ( 'NONE', #1641, 1000.000000000000000 ) ;
#8826 = AXIS2_PLACEMENT_3D ( 'NONE', #1937, #2714, #8324 ) ;
#8827 = CARTESIAN_POINT ( 'NONE',  ( -25.18745909526082016, -3.242632980013715915, 18.77763742593379703 ) ) ;
#8828 = ORIENTED_EDGE ( 'NONE', *, *, #2425, .T. ) ;
#8829 = CARTESIAN_POINT ( 'NONE',  ( -28.67605775035250559, -4.591446261673390872, 22.09775269146484433 ) ) ;
#8830 = EDGE_LOOP ( 'NONE', ( #2898, #4948, #5432, #2163 ) ) ;
#8831 = CARTESIAN_POINT ( 'NONE',  ( -17.30435913232909328, -18.47529332046699579, 20.49073943261362629 ) ) ;
#8832 = VECTOR ( 'NONE', #5641, 1000.000000000000114 ) ;
#8833 = DIRECTION ( 'NONE',  ( 0.000000000000000000, 0.000000000000000000, -1.000000000000000000 ) ) ;
#8834 = ORIENTED_EDGE ( 'NONE', *, *, #620, .T. ) ;
#8835 = CARTESIAN_POINT ( 'NONE',  ( -34.50000000000000000, -12.00000000000003197, -15.00000000000000000 ) ) ;
#8836 = VECTOR ( 'NONE', #30, 1000.000000000000000 ) ;
#8837 = CARTESIAN_POINT ( 'NONE',  ( -27.45933487478851731, -4.282698456506882856, -21.85940098653860986 ) ) ;
#8838 = CARTESIAN_POINT ( 'NONE',  ( -15.76997735222209585, -19.00833843443272642, 26.85657952824436023 ) ) ;
#8839 = FACE_OUTER_BOUND ( 'NONE', #2998, .T. ) ;
#8840 = CARTESIAN_POINT ( 'NONE',  ( -23.01225337288697048, -23.21635244084942329, 23.00000000000000000 ) ) ;
#8841 = ADVANCED_FACE ( 'NONE', ( #2566 ), #1688, .T. ) ;
#8842 = CARTESIAN_POINT ( 'NONE',  ( -31.95306890763653485, -5.423003849417334266, -20.37376978795446902 ) ) ;
#8843 = LINE ( 'NONE', #8787, #6254 ) ;
#8844 = AXIS2_PLACEMENT_3D ( 'NONE', #5514, #740, #2135 ) ;
#8845 = VECTOR ( 'NONE', #7259, 1000.000000000000114 ) ;
#8846 = CARTESIAN_POINT ( 'NONE',  ( -27.78222676439331096, -4.364631897333720367, 16.03692749041466215 ) ) ;
#8847 = CARTESIAN_POINT ( 'NONE',  ( -13.29893898089587978, -3.499999999999612754, -22.49999999999999289 ) ) ;
#8848 = CARTESIAN_POINT ( 'NONE',  ( -15.70000000000043627, -8.692378719687910760, 0.3567293549256532748 ) ) ;
#8849 = CARTESIAN_POINT ( 'NONE',  ( -29.92391525191732526, -4.908099953937042237, -16.06127531642532702 ) ) ;
#8850 = EDGE_LOOP ( 'NONE', ( #8302, #811, #5727, #9725 ) ) ;
#8851 = PLANE ( 'NONE',  #6990 ) ;
#8852 = CARTESIAN_POINT ( 'NONE',  ( -15.19999999999925677, -3.499999999999345857, 22.50000000000000000 ) ) ;
#8853 = ADVANCED_FACE ( 'NONE', ( #2669 ), #8032, .F. ) ;
#8854 = FACE_OUTER_BOUND ( 'NONE', #3219, .T. ) ;
#8855 = CARTESIAN_POINT ( 'NONE',  ( -15.70000000000043983, -7.507793964305823131, -3.676566919541011558 ) ) ;
#8856 = ADVANCED_FACE ( 'NONE', ( #5759 ), #8918, .T. ) ;
#8857 = PLANE ( 'NONE',  #881 ) ;
#8858 = ADVANCED_FACE ( 'NONE', ( #981 ), #5647, .T. ) ;
#8859 = DIRECTION ( 'NONE',  ( 0.9619815801946219880, 3.337544061241752019E-16, -0.2731143338718383662 ) ) ;
#8860 = CARTESIAN_POINT ( 'NONE',  ( -16.20000000000043983, -8.784289032372960548, -0.3889521085299013636 ) ) ;
#8861 = AXIS2_PLACEMENT_3D ( 'NONE', #1613, #8216, #2086 ) ;
#8862 = CARTESIAN_POINT ( 'NONE',  ( -23.38812749324987550, -23.32868423375219180, -6.773648241302091755 ) ) ;
#8863 = DIRECTION ( 'NONE',  ( -0.7071067811865502373, 0.7071067811865449082, -0.000000000000000000 ) ) ;
#8864 = CARTESIAN_POINT ( 'NONE',  ( -16.20000000000043983, -8.971562269813281532, -3.507771793593709386 ) ) ;
#8865 = CARTESIAN_POINT ( 'NONE',  ( -17.08446850517402638, -18.83205086319582122, -19.46831956660186691 ) ) ;
#8866 = VERTEX_POINT ( 'NONE', #3469 ) ;
#8867 = EDGE_CURVE ( 'NONE', #7275, #5499, #6464, .T. ) ;
#8868 = CARTESIAN_POINT ( 'NONE',  ( -17.04796840796678126, -18.80313735470862468, 19.57998757646467780 ) ) ;
#8869 = AXIS2_PLACEMENT_3D ( 'NONE', #8351, #9290, #8299 ) ;
#8870 = CARTESIAN_POINT ( 'NONE',  ( -16.20000000000043983, -8.971562269813281532, -3.507771793593709386 ) ) ;
#8871 = EDGE_CURVE ( 'NONE', #3051, #3837, #354, .T. ) ;
#8873 = ORIENTED_EDGE ( 'NONE', *, *, #7037, .T. ) ;
#8872 = LINE ( 'NONE', #3427, #4843 ) ;
#8874 = ADVANCED_FACE ( 'NONE', ( #3519 ), #9022, .F. ) ;
#8875 = CARTESIAN_POINT ( 'NONE',  ( -16.20000000000043983, -10.49999999999928768, -0.7375684428418834981 ) ) ;
#8876 = CIRCLE ( 'NONE', #3411, 1.000000000000073719 ) ;
#8877 = ORIENTED_EDGE ( 'NONE', *, *, #1061, .F. ) ;
#8878 = CARTESIAN_POINT ( 'NONE',  ( -16.20000000000043983, -7.155790662124284829, -2.998467124319056154 ) ) ;
#8879 = CARTESIAN_POINT ( 'NONE',  ( -16.20000000000044338, -8.009886963018898243, -4.193136115838499656 ) ) ;
#8880 = ORIENTED_EDGE ( 'NONE', *, *, #8793, .T. ) ;
#8881 = CARTESIAN_POINT ( 'NONE',  ( -30.75231675888241867, -4.890341714885368063, 16.05160144306327652 ) ) ;
#8882 = ORIENTED_EDGE ( 'NONE', *, *, #6339, .T. ) ;
#8883 = CARTESIAN_POINT ( 'NONE',  ( -28.65623923075187562, -4.586417925038908550, 22.09700472011072847 ) ) ;
#8884 = VECTOR ( 'NONE', #2782, 1000.000000000000227 ) ;
#8885 = ORIENTED_EDGE ( 'NONE', *, *, #7773, .T. ) ;
#8886 = CARTESIAN_POINT ( 'NONE',  ( -16.44326443527726767, -17.76005566978279404, 16.81627930919836444 ) ) ;
#8887 = VECTOR ( 'NONE', #9092, 1000.000000000000000 ) ;
#8888 = APPROVAL_ROLE ( '' ) ;
#8889 = CARTESIAN_POINT ( 'NONE',  ( -34.50000000000000000, -12.00000000000003197, 15.00000000000000000 ) ) ;
#8890 = ORIENTED_EDGE ( 'NONE', *, *, #1256, .T. ) ;
#8891 = AXIS2_PLACEMENT_3D ( 'NONE', #9637, #2493, #5739 ) ;
#8892 = CARTESIAN_POINT ( 'NONE',  ( -15.70000000000043627, -8.557471109539596554, -4.694328526903809085 ) ) ;
#8893 = AXIS2_PLACEMENT_3D ( 'NONE', #5398, #7725, #9395 ) ;
#8894 = CARTESIAN_POINT ( 'NONE',  ( -26.50330608564416579, -4.040098000345109241, -21.32990303270676691 ) ) ;
#8895 = CARTESIAN_POINT ( 'NONE',  ( -24.17826565792314497, -22.41171206184467835, 7.148828406400287605 ) ) ;
#8896 = CARTESIAN_POINT ( 'NONE',  ( -19.06670549790255365, -16.91441282030091742, -19.00000000000000000 ) ) ;
#8897 = CARTESIAN_POINT ( 'NONE',  ( -28.35236202216435331, -4.509308172723134334, -15.91998265112328959 ) ) ;
#8898 = B_SPLINE_SURFACE_WITH_KNOTS ( 'NONE', 3, 1, ( 
 ( #5326, #3078 ),
 ( #1503, #8477 ),
 ( #5426, #9469 ),
 ( #8581, #695 ),
 ( #650, #10212 ),
 ( #10114, #1460 ),
 ( #604, #4644 ),
 ( #1365, #3773 ),
 ( #6986, #10160 ),
 ( #1414, #7854 ),
 ( #6938, #3869 ),
 ( #6890, #7036 ),
 ( #6262, #2976 ),
 ( #9421, #2288 ),
 ( #747, #797 ),
 ( #5472, #3921 ),
 ( #2334, #4691 ),
 ( #1560, #2929 ),
 ( #7084, #9270 ) ),
 .UNSPECIFIED., .F., .F., .F.,
 ( 4, 1, 1, 1, 1, 1, 1, 1, 1, 1, 1, 1, 1, 1, 1, 1, 4 ),
 ( 2, 2 ),
 ( 0.000000000000000000, 0.07567230238178881963, 0.1473813099735538645, 0.2160846766840669730, 0.2816980378616593672, 0.3454598829002485938, 0.4074856092774472027, 0.4687312995608494126, 0.5297823575334714707, 0.5900329257114982351, 0.6485481210783019534, 0.7059535135830398156, 0.7631016442005180700, 0.8202894288974419412, 0.8784792630440482197, 0.9382260550877835614, 0.9999999999999998890 ),
 ( 0.000000000000000000, 1.000000000000000000 ),
 .UNSPECIFIED. ) ;
#8899 = AXIS2_PLACEMENT_3D ( 'NONE', #5105, #8260, #1150 ) ;
#8900 = CARTESIAN_POINT ( 'NONE',  ( -21.77609306503480013, -14.20502525316868869, 19.00000000000000000 ) ) ;
#8901 = CARTESIAN_POINT ( 'NONE',  ( -29.44787326419458040, -4.787300176609451619, 15.95196394354846170 ) ) ;
#8902 = DIRECTION ( 'NONE',  ( -0.000000000000000000, -0.000000000000000000, -1.000000000000000000 ) ) ;
#8903 = FACE_OUTER_BOUND ( 'NONE', #6975, .T. ) ;
#8904 = LINE ( 'NONE', #4032, #10066 ) ;
#8905 = CARTESIAN_POINT ( 'NONE',  ( -24.21067969281897447, -23.18692299961175607, 7.181242441296111778 ) ) ;
#8906 = CARTESIAN_POINT ( 'NONE',  ( -29.15914698892746415, -4.714034142565567187, -15.91547990240253796 ) ) ;
#8907 = VERTEX_POINT ( 'NONE', #7263 ) ;
#8908 = CARTESIAN_POINT ( 'NONE',  ( -4.499999999999995559, -18.41163293905851717, -16.71163293905838287 ) ) ;
#8909 = VECTOR ( 'NONE', #1562, 1000.000000000000114 ) ;
#8910 = CARTESIAN_POINT ( 'NONE',  ( -15.19999999999933316, -5.499999999999345413, -22.50000000000000711 ) ) ;
#8911 = DIRECTION ( 'NONE',  ( 0.7071067811865486830, 0.000000000000000000, -0.7071067811865464625 ) ) ;
#8912 = CARTESIAN_POINT ( 'NONE',  ( -16.20000000000043627, -9.558548413931021059, -3.744708575250041527 ) ) ;
#8913 = CARTESIAN_POINT ( 'NONE',  ( -16.06840615756673785, -18.02715432681259600, -17.25757016087622020 ) ) ;
#8914 = DIRECTION ( 'NONE',  ( -0.6389492215179006784, -0.7692489144104582843, 0.000000000000000000 ) ) ;
#8915 = VERTEX_POINT ( 'NONE', #1028 ) ;
#8916 = CARTESIAN_POINT ( 'NONE',  ( -16.20000000000043983, -9.421883442187549917, 0.2629493715200401094 ) ) ;
#8917 = CARTESIAN_POINT ( 'NONE',  ( -20.50330085889907750, -12.93223304703297316, 19.00000000000000000 ) ) ;
#8918 = PLANE ( 'NONE',  #8709 ) ;
#8919 =( BOUNDED_CURVE ( )  B_SPLINE_CURVE ( 3, ( #2716, #4344, #10007, #6790 ),
 .UNSPECIFIED., .F., .T. ) 
 B_SPLINE_CURVE_WITH_KNOTS ( ( 4, 4 ),
 ( 3.254447408993174307, 4.270434682143033456 ),
 .UNSPECIFIED. ) 
 CURVE ( )  GEOMETRIC_REPRESENTATION_ITEM ( )  RATIONAL_B_SPLINE_CURVE ( ( 1.000000000000000000, 0.9158148075655523357, 0.9158148075655523357, 1.000000000000000000 ) ) 
 REPRESENTATION_ITEM ( '' )  );
#8920 = LINE ( 'NONE', #4818, #4433 ) ;
#8921 = CARTESIAN_POINT ( 'NONE',  ( -15.70000000000043627, -8.871919485540688655, -3.610999278659728695 ) ) ;
#8922 = EDGE_CURVE ( 'NONE', #9784, #9550, #5033, .T. ) ;
#8923 = ORIENTED_EDGE ( 'NONE', *, *, #3798, .T. ) ;
#8924 = CARTESIAN_POINT ( 'NONE',  ( -15.70000000000043627, -8.746054593834683644, -0.4178879898225493772 ) ) ;
#8925 = CARTESIAN_POINT ( 'NONE',  ( -12.79893898089554938, -0.9999999999996799227, 22.50000000000000000 ) ) ;
#8927 = ORIENTED_EDGE ( 'NONE', *, *, #4364, .F. ) ;
#8926 = CARTESIAN_POINT ( 'NONE',  ( -16.20000000000043983, -7.975412702967265233, -4.194920518663195708 ) ) ;
#8928 = CARTESIAN_POINT ( 'NONE',  ( -16.20000000000043983, -9.097256437510504057, 0.7717534568125474781 ) ) ;
#8929 = ADVANCED_FACE ( 'NONE', ( #8187 ), #608, .T. ) ;
#8930 = ORIENTED_EDGE ( 'NONE', *, *, #3091, .F. ) ;
#8931 = CARTESIAN_POINT ( 'NONE',  ( -27.02889367299493628, -3.787866662855585709, -16.03093856412990093 ) ) ;
#8932 = DIRECTION ( 'NONE',  ( -1.000000000000000000, 0.000000000000000000, 0.000000000000000000 ) ) ;
#8933 = EDGE_CURVE ( 'NONE', #280, #3473, #7231, .T. ) ;
#8934 = ORIENTED_EDGE ( 'NONE', *, *, #3970, .T. ) ;
#8935 = ADVANCED_FACE ( 'NONE', ( #149 ), #8244, .F. ) ;
#8936 = CARTESIAN_POINT ( 'NONE',  ( -31.34424606100239075, -5.065607128753081945, 16.44041950790825979 ) ) ;
#8937 = EDGE_LOOP ( 'NONE', ( #2245, #3398, #9661, #1510 ) ) ;
#8938 = CARTESIAN_POINT ( 'NONE',  ( -17.38425789925293685, -18.54165838640321695, 20.38741600868707238 ) ) ;
#8939 = CARTESIAN_POINT ( 'NONE',  ( -23.33172798364586242, -22.83172798364415712, 23.00000000000000000 ) ) ;
#8940 = ORIENTED_EDGE ( 'NONE', *, *, #8243, .F. ) ;
#8941 = CARTESIAN_POINT ( 'NONE',  ( -16.86477632697677720, -18.11016951462100266, -20.95771674510811167 ) ) ;
#8942 = ADVANCED_FACE ( 'NONE', ( #2049 ), #6745, .T. ) ;
#8943 = CARTESIAN_POINT ( 'NONE',  ( -23.83172756043340001, -22.83172798368561018, 7.458345222969253285 ) ) ;
#8944 = ORIENTED_EDGE ( 'NONE', *, *, #6016, .T. ) ;
#8945 = CARTESIAN_POINT ( 'NONE',  ( -16.20000000000044338, -7.921690559250706976, -4.885511219309480957 ) ) ;
#8946 = CARTESIAN_POINT ( 'NONE',  ( -26.43872947268085127, -4.023712532315200541, -21.27922749187712981 ) ) ;
#8947 = FACE_OUTER_BOUND ( 'NONE', #7746, .T. ) ;
#8948 = CARTESIAN_POINT ( 'NONE',  ( -22.00000000000000000, -22.87556021811288787, -4.970562748477149739 ) ) ;
#8949 = CARTESIAN_POINT ( 'NONE',  ( -25.66708746122525042, -3.827907593585119006, -20.37376978795448323 ) ) ;
#8950 = CARTESIAN_POINT ( 'NONE',  ( -23.52247268128395064, -23.29456623969196372, 6.981016238000392171 ) ) ;
#8951 = CARTESIAN_POINT ( 'NONE',  ( -22.69533188057734563, -15.12426406871125373, 19.00000000000000000 ) ) ;
#8952 = ORIENTED_EDGE ( 'NONE', *, *, #7145, .F. ) ;
#8953 = CARTESIAN_POINT ( 'NONE',  ( -21.61226359266546027, -24.13345171337189043, 4.582826341142610893 ) ) ;
#8954 = CARTESIAN_POINT ( 'NONE',  ( -15.70000000000043983, -8.827565459923031099, -0.3545921832689498121 ) ) ;
#8955 = CARTESIAN_POINT ( 'NONE',  ( -14.84644660940738703, -24.24594154601780716, 22.50000000000000000 ) ) ;
#8956 = CARTESIAN_POINT ( 'NONE',  ( -15.70000000000043983, -7.503628200954149285, 0.3803087283403411289 ) ) ;
#8957 = CARTESIAN_POINT ( 'NONE',  ( -30.09784014486707804, -4.952231014857693125, -16.11747119225117331 ) ) ;
#8958 = ORIENTED_EDGE ( 'NONE', *, *, #1139, .T. ) ;
#8959 = DIRECTION ( 'NONE',  ( 1.378123258574891026E-15, -0.8164965809277270337, -0.5773502691896243988 ) ) ;
#8960 = CARTESIAN_POINT ( 'NONE',  ( -15.11718131833819712, -17.27361859093953100, 17.35845144103495841 ) ) ;
#8961 = CARTESIAN_POINT ( 'NONE',  ( -23.76163880499419889, -23.08887677411131278, -7.350164274832713396 ) ) ;
#8962 = CARTESIAN_POINT ( 'NONE',  ( -22.00000000000000355, -24.93172798364416565, 4.970562748477149739 ) ) ;
#8963 = LINE ( 'NONE', #9596, #1513 ) ;
#8964 = CARTESIAN_POINT ( 'NONE',  ( -20.50330085889908460, -12.93223304703296783, 19.00000000000000000 ) ) ;
#8965 = EDGE_LOOP ( 'NONE', ( #1129, #2342, #6190, #10183 ) ) ;
#8966 = CARTESIAN_POINT ( 'NONE',  ( -33.44143936216327262, 2.551489868502552660, -19.00000000000000000 ) ) ;
#8967 = CARTESIAN_POINT ( 'NONE',  ( -23.29172459601283762, -23.33068355072961353, -6.624842700930308581 ) ) ;
#8968 = CARTESIAN_POINT ( 'NONE',  ( -25.93104750970731232, -3.462803413777423067, -21.08883152868438060 ) ) ;
#8969 = CARTESIAN_POINT ( 'NONE',  ( -21.76175575615275193, -20.15905952401790913, 22.80000000000000071 ) ) ;
#8970 = CARTESIAN_POINT ( 'NONE',  ( -16.20000000000044338, -9.734325611388179311, -2.816306978886533585 ) ) ;
#8971 = VERTEX_POINT ( 'NONE', #3574 ) ;
#8972 = PLANE ( 'NONE',  #4337 ) ;
#8973 = DIRECTION ( 'NONE',  ( -0.7071067811865502373, 0.7071067811865449082, -0.000000000000000000 ) ) ;
#8975 = ORIENTED_EDGE ( 'NONE', *, *, #7346, .T. ) ;
#8974 = CARTESIAN_POINT ( 'NONE',  ( -16.20000000000044693, -7.781164840707614161, -0.7355871893766171565 ) ) ;
#8976 = DIRECTION ( 'NONE',  ( 0.7071067811865486830, 0.000000000000000000, -0.7071067811865464625 ) ) ;
#8977 = ORIENTED_EDGE ( 'NONE', *, *, #666, .F. ) ;
#8978 = CARTESIAN_POINT ( 'NONE',  ( -16.20000000000043983, -6.905854527548331845, -3.669262641750473897 ) ) ;
#8979 = CARTESIAN_POINT ( 'NONE',  ( -16.20000000000043983, -8.391015233748285951, -4.058066998995268015 ) ) ;
#8980 = ORIENTED_EDGE ( 'NONE', *, *, #10151, .T. ) ;
#8981 = LINE ( 'NONE', #2586, #215 ) ;
#8982 = ORIENTED_EDGE ( 'NONE', *, *, #6283, .T. ) ;
#8983 = ADVANCED_FACE ( 'NONE', ( #2725 ), #10019, .F. ) ;
#8984 = B_SPLINE_CURVE_WITH_KNOTS ( 'NONE', 3,
 ( #7435, #8304, #3488, #5050, #1149, #8204, #2796, #5882, #1096, #4274, #9039, #3439, #325, #8938, #5780, #4325, #374, #3536 ),
 .UNSPECIFIED., .F., .F.,
 ( 4, 2, 2, 2, 2, 2, 2, 2, 4 ),
 ( 0.5000000000000000000, 0.5625000000000000000, 0.6250000000000000000, 0.6875000000000000000, 0.7500000000000000000, 0.8125000000000000000, 0.8750000000000000000, 0.9375000000000000000, 1.000000000000000000 ),
 .UNSPECIFIED. ) ;
#8985 = CARTESIAN_POINT ( 'NONE',  ( -26.77156196081145012, -4.108171210476299073, 21.51922888780995180 ) ) ;
#8986 = ORIENTED_EDGE ( 'NONE', *, *, #3159, .F. ) ;
#8987 = CARTESIAN_POINT ( 'NONE',  ( -14.67844465534218301, -16.29417095628558343, -17.50926056738636660 ) ) ;
#8988 = EDGE_CURVE ( 'NONE', #9093, #3114, #6751, .T. ) ;
#8989 = ADVANCED_FACE ( 'NONE', ( #2150 ), #1993, .F. ) ;
#8990 = LINE ( 'NONE', #6386, #4085 ) ;
#8991 = DIRECTION ( 'NONE',  ( -0.000000000000000000, 0.000000000000000000, -1.000000000000000000 ) ) ;
#8992 = ORIENTED_EDGE ( 'NONE', *, *, #10277, .F. ) ;
#8993 = FACE_BOUND ( 'NONE', #6747, .T. ) ;
#8994 = EDGE_CURVE ( 'NONE', #6762, #2506, #1377, .T. ) ;
#8995 = CARTESIAN_POINT ( 'NONE',  ( -26.37718783462696237, -4.008099035973125446, -21.22721168037910289 ) ) ;
#8996 = CARTESIAN_POINT ( 'NONE',  ( -14.77218871093992369, -18.66334519499208611, -19.00000000000000000 ) ) ;
#8997 = CARTESIAN_POINT ( 'NONE',  ( -15.70000000000045581, -7.601964286192017362, 1.443933119654894348 ) ) ;
#8998 = EDGE_CURVE ( 'NONE', #9936, #2198, #2883, .T. ) ;
#8999 = VECTOR ( 'NONE', #4209, 1000.000000000000114 ) ;
#9000 = CARTESIAN_POINT ( 'NONE',  ( -23.58743980989478572, -23.26198496401737970, 7.081282867087955957 ) ) ;
#9001 = CARTESIAN_POINT ( 'NONE',  ( -22.00000000000000000, -19.94588846092255352, -5.112107256297681701 ) ) ;
#9002 = CARTESIAN_POINT ( 'NONE',  ( -15.22626888410707657, -17.36003171188589178, -17.30272309787345009 ) ) ;
#9003 = B_SPLINE_CURVE_WITH_KNOTS ( 'NONE', 3,
 ( #9561, #6455, #3320, #991, #1754, #5716, #1850, #6507, #2420, #8878, #7223, #4165, #7376, #3433, #9612, #2629, #8978, #5044, #4827 ),
 .UNSPECIFIED., .F., .F.,
 ( 4, 1, 1, 1, 1, 1, 1, 1, 1, 1, 1, 1, 1, 1, 1, 1, 4 ),
 ( 0.000000000000000000, 0.07943572267611463678, 0.1540131742839432327, 0.2241414790393983225, 0.2899341692032362805, 0.3527323106719889578, 0.4127257792496897837, 0.4703027418920649461, 0.5271687617359286371, 0.5835022647141646646, 0.6399482172133523772, 0.6965849669119869025, 0.7537269142919263976, 0.8127070377388639910, 0.8729634806368319344, 0.9350348604089698812, 1.000000000000000000 ),
 .UNSPECIFIED. ) ;
#9004 = PLANE ( 'NONE',  #9027 ) ;
#9005 = CIRCLE ( 'NONE', #10178, 0.4999999999999900080 ) ;
#9006 = CARTESIAN_POINT ( 'NONE',  ( -12.30050506338938376, -21.70000000000013785, -22.49999999999999289 ) ) ;
#9007 = CARTESIAN_POINT ( 'NONE',  ( -15.70000000000043272, -7.871664704474696350, -0.04235289680298059273 ) ) ;
#9008 = CARTESIAN_POINT ( 'NONE',  ( -28.64841427885825098, -4.584432496386583900, -15.90331402603369781 ) ) ;
#9009 = VERTEX_POINT ( 'NONE', #5336 ) ;
#9010 = CARTESIAN_POINT ( 'NONE',  ( -22.35355339059327306, -12.29893898089671822, 4.146446609406662098 ) ) ;
#9011 = CARTESIAN_POINT ( 'NONE',  ( -14.32696473015954730, -16.64761678862047845, 18.53591770446597309 ) ) ;
#9012 = DIRECTION ( 'NONE',  ( -0.5000000000000009992, -0.7071067811865450192, -0.5000000000000025535 ) ) ;
#9013 = CARTESIAN_POINT ( 'NONE',  ( -16.49831708708162026, -18.36771830334970090, 20.48896734109537121 ) ) ;
#9014 = LINE ( 'NONE', #1941, #955 ) ;
#9015 = CARTESIAN_POINT ( 'NONE',  ( -16.20000000000043983, -7.882496365929569038, -4.886390933827458483 ) ) ;
#9016 = VECTOR ( 'NONE', #840, 1000.000000000000000 ) ;
#9017 = CARTESIAN_POINT ( 'NONE',  ( -16.20000000000043627, -7.858755298660814681, -3.345409779731312483 ) ) ;
#9018 = VERTEX_POINT ( 'NONE', #9869 ) ;
#9019 = VECTOR ( 'NONE', #4196, 1000.000000000000000 ) ;
#9020 = CARTESIAN_POINT ( 'NONE',  ( -15.70000000000043983, -8.746054593834683644, -0.4178879898225493772 ) ) ;
#9021 = CARTESIAN_POINT ( 'NONE',  ( -16.20000000000044338, -7.939537600427850172, -4.193625486892911702 ) ) ;
#9022 = PLANE ( 'NONE',  #4583 ) ;
#9023 = FACE_OUTER_BOUND ( 'NONE', #3268, .T. ) ;
#9024 = DIRECTION ( 'NONE',  ( 0.000000000000000000, 1.000000000000000000, 0.000000000000000000 ) ) ;
#9025 = VERTEX_POINT ( 'NONE', #2830 ) ;
#9026 = CARTESIAN_POINT ( 'NONE',  ( -16.47758631529513096, -1.185168229585934263, -23.00000000000000000 ) ) ;
#9027 = AXIS2_PLACEMENT_3D ( 'NONE', #5796, #3400, #8170 ) ;
#9029 = VERTEX_POINT ( 'NONE', #8489 ) ;
#9028 = CARTESIAN_POINT ( 'NONE',  ( -16.20000000000043272, -7.060056848763235138, -0.2830861724592369510 ) ) ;
#9030 = CARTESIAN_POINT ( 'NONE',  ( -15.37322947494847725, -22.79991986493340761, 23.00000000000000000 ) ) ;
#9031 = ORIENTED_EDGE ( 'NONE', *, *, #2079, .F. ) ;
#9032 = CARTESIAN_POINT ( 'NONE',  ( -15.70000000000043983, -8.746054593834681867, -4.566710480808124473 ) ) ;
#9033 = DIRECTION ( 'NONE',  ( 0.7071067811865475727, -0.7071067811865475727, 0.000000000000000000 ) ) ;
#9034 = ORIENTED_EDGE ( 'NONE', *, *, #5892, .T. ) ;
#9035 = VECTOR ( 'NONE', #5465, 1000.000000000000000 ) ;
#9036 = DIRECTION ( 'NONE',  ( -0.5000000000000008882, 0.5000000000000008882, -0.7071067811865462405 ) ) ;
#9037 = VERTEX_POINT ( 'NONE', #1332 ) ;
#9039 = CARTESIAN_POINT ( 'NONE',  ( -16.44857619590630904, -17.76446769462317121, 21.19653504834925073 ) ) ;
#9038 = DIRECTION ( 'NONE',  ( -0.000000000000000000, -0.000000000000000000, 1.000000000000000000 ) ) ;
#9040 = CARTESIAN_POINT ( 'NONE',  ( -32.52220054662072357, 3.470728684045111478, 19.00000000000000000 ) ) ;
#9041 = ORIENTED_EDGE ( 'NONE', *, *, #10209, .T. ) ;
#9042 = CARTESIAN_POINT ( 'NONE',  ( -14.47899732625679903, -16.12850713373659772, -17.86946932774394270 ) ) ;
#9043 = VECTOR ( 'NONE', #6659, 1000.000000000000227 ) ;
#9044 = B_SPLINE_CURVE_WITH_KNOTS ( 'NONE', 1,
 ( #2080, #4438 ),
 .UNSPECIFIED., .F., .F.,
 ( 2, 2 ),
 ( 0.000000000000000000, 1.000000000000000000 ),
 .UNSPECIFIED. ) ;
#9045 = DIRECTION ( 'NONE',  ( -1.000000000000000000, -3.854941057726238590E-16, 0.000000000000000000 ) ) ;
#9046 = CARTESIAN_POINT ( 'NONE',  ( -15.70000000000044338, -9.421883442187551694, -3.885873119465535375 ) ) ;
#9047 = VERTEX_POINT ( 'NONE', #1179 ) ;
#9048 = FACE_OUTER_BOUND ( 'NONE', #70, .T. ) ;
#9049 = EDGE_CURVE ( 'NONE', #3693, #3278, #4411, .T. ) ;
#9050 = VECTOR ( 'NONE', #7312, 1000.000000000000000 ) ;
#9051 = CARTESIAN_POINT ( 'NONE',  ( -28.62275564517759108, -4.577921510935375693, -22.09555055667155798 ) ) ;
#9052 = CARTESIAN_POINT ( 'NONE',  ( -15.70000000000044338, -7.001565576049618045, -3.256841081661902670 ) ) ;
#9053 = DIRECTION ( 'NONE',  ( -0.6097197964539160520, -0.5064420397482739533, 0.6097197964539142756 ) ) ;
#9054 = CARTESIAN_POINT ( 'NONE',  ( -15.19999999999933316, -5.499999999999345413, 15.50000000000000000 ) ) ;
#9055 = CONICAL_SURFACE ( 'NONE', #3757, 2.899999999999999911, 0.7853981633974479459 ) ;
#9056 = EDGE_CURVE ( 'NONE', #723, #9784, #5183, .T. ) ;
#9057 = CARTESIAN_POINT ( 'NONE',  ( -15.06773885693976389, -17.23444914360933566, -17.38716606181145252 ) ) ;
#9058 = CARTESIAN_POINT ( 'NONE',  ( -15.70000000000043983, -8.976728148939331575, -0.2166983543693092595 ) ) ;
#9059 = AXIS2_PLACEMENT_3D ( 'NONE', #1720, #8070, #965 ) ;
#9060 = CARTESIAN_POINT ( 'NONE',  ( -15.70000000000043983, -8.488320065805471160, 0.1661987655927519847 ) ) ;
#9061 = CARTESIAN_POINT ( 'NONE',  ( -22.00000000000000355, -19.94588846092255707, 4.970562748477150627 ) ) ;
#9062 = EDGE_CURVE ( 'NONE', #1900, #7488, #4510, .T. ) ;
#9063 = ORIENTED_EDGE ( 'NONE', *, *, #105, .F. ) ;
#9064 = CARTESIAN_POINT ( 'NONE',  ( -25.66708746122524687, -3.827907593585126111, 20.37376978795448323 ) ) ;
#9065 = EDGE_CURVE ( 'NONE', #3904, #861, #6417, .T. ) ;
#9066 = CARTESIAN_POINT ( 'NONE',  ( -23.79209008454622776, -23.55693054889075100, -6.762652833023368615 ) ) ;
#9067 = VECTOR ( 'NONE', #5673, 1000.000000000000114 ) ;
#9068 = CARTESIAN_POINT ( 'NONE',  ( -16.20538644771932368, -18.13566636935166088, 20.68308561194626805 ) ) ;
#9069 = LINE ( 'NONE', #4457, #4927 ) ;
#9070 = DIRECTION ( 'NONE',  ( -0.000000000000000000, -1.000000000000000000, -0.000000000000000000 ) ) ;
#9071 = VECTOR ( 'NONE', #3301, 1000.000000000000114 ) ;
#9072 = CARTESIAN_POINT ( 'NONE',  ( -16.20000000000043983, -7.620586924362267034, -3.461456893787351774 ) ) ;
#9073 = ORIENTED_EDGE ( 'NONE', *, *, #2489, .F. ) ;
#9074 = CARTESIAN_POINT ( 'NONE',  ( -34.71423156829899170, 1.278697662366830468, -19.00000000000000000 ) ) ;
#9075 = CARTESIAN_POINT ( 'NONE',  ( -15.70000000000043627, -10.32274459731977245, -2.559266876919356282 ) ) ;
#9076 = VECTOR ( 'NONE', #6044, 1000.000000000000000 ) ;
#9077 = DIRECTION ( 'NONE',  ( 0.000000000000000000, -1.000000000000000000, 0.000000000000000000 ) ) ;
#9078 = CARTESIAN_POINT ( 'NONE',  ( 2.000000000000019096, -14.70000000000013962, 23.00000000000000000 ) ) ;
#9079 = CARTESIAN_POINT ( 'NONE',  ( -16.20000000000044338, -9.219269289310588533, -3.254607032064900984 ) ) ;
#9080 = EDGE_LOOP ( 'NONE', ( #1229, #2721, #8668, #9758 ) ) ;
#9081 = CARTESIAN_POINT ( 'NONE',  ( -15.70000000000043983, -7.999445824094982171, -0.7349435097204172207 ) ) ;
#9082 = ORIENTED_EDGE ( 'NONE', *, *, #6324, .T. ) ;
#9083 = CARTESIAN_POINT ( 'NONE',  ( -27.70004900289878336, -3.986590254074722228, -15.77608868126123198 ) ) ;
#9084 = ORIENTED_EDGE ( 'NONE', *, *, #6725, .T. ) ;
#9085 = CARTESIAN_POINT ( 'NONE',  ( -23.83172798364585532, -22.83172798364415357, 22.80000000000000071 ) ) ;
#9086 = FACE_OUTER_BOUND ( 'NONE', #1288, .T. ) ;
#9087 = VERTEX_POINT ( 'NONE', #6802 ) ;
#9088 = CARTESIAN_POINT ( 'NONE',  ( -32.41224973980343549, -5.381834262816073355, 17.90529572361000632 ) ) ;
#9089 = ORIENTED_EDGE ( 'NONE', *, *, #3613, .T. ) ;
#9091 = CARTESIAN_POINT ( 'NONE',  ( -34.00000000000000000, -12.00000000000003197, 0.000000000000000000 ) ) ;
#9090 = LINE ( 'NONE', #1963, #9830 ) ;
#9092 = DIRECTION ( 'NONE',  ( -1.000000000000000000, 0.000000000000000000, 0.000000000000000000 ) ) ;
#9093 = VERTEX_POINT ( 'NONE', #2940 ) ;
#9094 = CARTESIAN_POINT ( 'NONE',  ( -17.37706682787779755, -18.53568537900476443, -17.62394092679182478 ) ) ;
#9095 = LINE ( 'NONE', #1968, #5562 ) ;
#9096 = DIRECTION ( 'NONE',  ( 0.000000000000000000, 0.000000000000000000, -1.000000000000000000 ) ) ;
#9097 = VERTEX_POINT ( 'NONE', #408 ) ;
#9098 = CARTESIAN_POINT ( 'NONE',  ( -15.70000000000043983, -9.578039446446936722, 3.434303061982507455 ) ) ;
#9099 = CARTESIAN_POINT ( 'NONE',  ( -29.88241331987291360, -4.897567432682815358, -21.95110958468976037 ) ) ;
#9100 = CARTESIAN_POINT ( 'NONE',  ( -12.75693438455825124, -16.64809086861041720, -23.00000000000000000 ) ) ;
#9101 = CARTESIAN_POINT ( 'NONE',  ( -34.00000000000000000, -2.500000000000023093, 0.000000000000000000 ) ) ;
#9102 = EDGE_CURVE ( 'NONE', #3212, #1296, #1575, .T. ) ;
#9103 = CARTESIAN_POINT ( 'NONE',  ( -31.44019477164886212, -5.292864110032726721, 16.95653788781520888 ) ) ;
#9104 = CARTESIAN_POINT ( 'NONE',  ( -14.40587219326715385, -16.71013914203516038, -18.25604603588249120 ) ) ;
#9105 = CARTESIAN_POINT ( 'NONE',  ( -15.70000000000043983, -9.519325745999388744, 0.3643429300444248065 ) ) ;
#9106 = ORIENTED_EDGE ( 'NONE', *, *, #6969, .F. ) ;
#9107 = DIRECTION ( 'NONE',  ( 0.7071067811865457964, -0.7071067811865492381, 0.000000000000000000 ) ) ;
#9108 = CARTESIAN_POINT ( 'NONE',  ( -13.00000000000000711, -16.20000000000014140, 22.50000000000000000 ) ) ;
#9109 = EDGE_LOOP ( 'NONE', ( #4518, #2769, #6106, #9455 ) ) ;
#9110 = CARTESIAN_POINT ( 'NONE',  ( -29.71672491231610280, -4.855521434125614100, 15.99914861037674285 ) ) ;
#9111 = CARTESIAN_POINT ( 'NONE',  ( -14.94726713164970278, -17.13901808650394187, 17.47264285379695181 ) ) ;
#9112 = CARTESIAN_POINT ( 'NONE',  ( -24.10320865295901172, -23.34381697940906619, -7.073771401436155237 ) ) ;
#9113 = LINE ( 'NONE', #6069, #9846 ) ;
#9114 = EDGE_CURVE ( 'NONE', #5775, #3458, #2235, .T. ) ;
#9115 = FACE_OUTER_BOUND ( 'NONE', #110, .T. ) ;
#9116 = CARTESIAN_POINT ( 'NONE',  ( -32.41224973980343549, -5.381834262816073355, -20.09470427638998657 ) ) ;
#9117 = CARTESIAN_POINT ( 'NONE',  ( -15.19999999999936691, -0.4999999999993516298, 23.00000000000000000 ) ) ;
#9118 = VERTEX_POINT ( 'NONE', #7666 ) ;
#9119 = EDGE_CURVE ( 'NONE', #3201, #1544, #3727, .T. ) ;
#9120 = EDGE_CURVE ( 'NONE', #8290, #4773, #7570, .T. ) ;
#9121 = LINE ( 'NONE', #1990, #7025 ) ;
#9122 = EDGE_LOOP ( 'NONE', ( #9256, #8982, #3665, #6715 ) ) ;
#9123 = DIRECTION ( 'NONE',  ( 1.000000000000000000, 0.000000000000000000, 0.000000000000000000 ) ) ;
#9124 = DIRECTION ( 'NONE',  ( -0.7071067811865452413, -0.7071067811865497932, 0.000000000000000000 ) ) ;
#9125 = LINE ( 'NONE', #1994, #6922 ) ;
#9126 = CARTESIAN_POINT ( 'NONE',  ( -15.70000000000043983, -6.904353841145121073, 1.751725051749468021 ) ) ;
#9127 = VERTEX_POINT ( 'NONE', #9233 ) ;
#9128 = CARTESIAN_POINT ( 'NONE',  ( -32.30682491192607131, -5.512771037362598214, 19.00000000000000000 ) ) ;
#9129 = DIRECTION ( 'NONE',  ( -0.7071067811865502373, 0.7071067811865449082, -0.000000000000000000 ) ) ;
#9130 = EDGE_CURVE ( 'NONE', #3693, #3851, #6909, .T. ) ;
#9132 = ORIENTED_EDGE ( 'NONE', *, *, #8535, .T. ) ;
#9131 = DIRECTION ( 'NONE',  ( 0.7071067811865446862, 1.915769825694701481E-16, -0.7071067811865504593 ) ) ;
#9133 = EDGE_CURVE ( 'NONE', #9497, #9097, #7048, .T. ) ;
#9134 = DIRECTION ( 'NONE',  ( 1.000000000000000000, -1.377879206612592155E-13, 0.000000000000000000 ) ) ;
#9135 = CARTESIAN_POINT ( 'NONE',  ( -15.70000000000044338, -8.009886963018898243, -4.193136115838499656 ) ) ;
#9136 = CARTESIAN_POINT ( 'NONE',  ( -14.27973368366544626, -16.61021580999513958, -18.99999999999999645 ) ) ;
#9137 = VERTEX_POINT ( 'NONE', #6226 ) ;
#9138 = CARTESIAN_POINT ( 'NONE',  ( -17.50380646141447727, -18.64095714301598505, 17.86946932774394625 ) ) ;
#9139 = EDGE_LOOP ( 'NONE', ( #10227, #9400, #1402, #1120 ) ) ;
#9141 = CARTESIAN_POINT ( 'NONE',  ( -33.44143936216327262, 2.551489868502552660, 19.00000000000000000 ) ) ;
#9140 = DIRECTION ( 'NONE',  ( 0.8763854613326335086, -0.3164991673626067481, 0.3630107439505942390 ) ) ;
#9142 = CARTESIAN_POINT ( 'NONE',  ( -26.67968715294303550, -4.084855398172067886, 21.45875486334584537 ) ) ;
#9143 = AXIS2_PLACEMENT_3D ( 'NONE', #7380, #9036, #370 ) ;
#9144 = ORIENTED_EDGE ( 'NONE', *, *, #8243, .T. ) ;
#9145 = CARTESIAN_POINT ( 'NONE',  ( -15.11802746069450087, -16.65929476213157301, -17.04228325489188123 ) ) ;
#9146 = DIRECTION ( 'NONE',  ( -1.327063459122260961E-13, -1.000000000000000000, 0.000000000000000000 ) ) ;
#9147 = CARTESIAN_POINT ( 'NONE',  ( -15.76440033932925999, -17.19618137955419357, -16.74420005063980454 ) ) ;
#9148 = ORIENTED_EDGE ( 'NONE', *, *, #2079, .T. ) ;
#9149 = AXIS2_PLACEMENT_3D ( 'NONE', #4148, #9012, #8911 ) ;
#9150 = LINE ( 'NONE', #1971, #2246 ) ;
#9151 = CARTESIAN_POINT ( 'NONE',  ( -29.60958476643499537, -4.828337170067038109, -22.01830780485783379 ) ) ;
#9152 = CARTESIAN_POINT ( 'NONE',  ( -15.70000000000043983, -7.989098054934059334, -2.627587577624199699 ) ) ;
#9153 = LINE ( 'NONE', #10053, #8508 ) ;
#9154 = DIRECTION ( 'NONE',  ( -0.7071067811865474617, -0.7071067811865474617, 0.000000000000000000 ) ) ;
#9155 = CARTESIAN_POINT ( 'NONE',  ( -15.45136008865742738, -17.53834352846989120, -17.22776193565636405 ) ) ;
#9156 = CARTESIAN_POINT ( 'NONE',  ( -15.70000000000044693, -8.032763167368988988, 0.8281673279839496526 ) ) ;
#9157 = VERTEX_POINT ( 'NONE', #3092 ) ;
#9158 = LINE ( 'NONE', #6681, #4740 ) ;
#9159 = CARTESIAN_POINT ( 'NONE',  ( -15.70000000000043983, -9.808529584835024906, -2.028313217815174152 ) ) ;
#9160 = ORIENTED_EDGE ( 'NONE', *, *, #2174, .F. ) ;
#9161 = CARTESIAN_POINT ( 'NONE',  ( -27.90343145654565760, -4.395390008876856491, 22.00085138962326070 ) ) ;
#9162 = AXIS2_PLACEMENT_3D ( 'NONE', #10139, #9987, #3002 ) ;
#9163 = CARTESIAN_POINT ( 'NONE',  ( -15.40108074107058123, -17.49851655947736973, 17.24031256385631750 ) ) ;
#9164 = AXIS2_PLACEMENT_3D ( 'NONE', #8229, #7303, #4035 ) ;
#9165 = CARTESIAN_POINT ( 'NONE',  ( -24.29261579962542328, -22.91481204438150243, -7.263178548102567689 ) ) ;
#9166 = DIRECTION ( 'NONE',  ( -1.000000000000000000, 0.000000000000000000, 0.000000000000000000 ) ) ;
#9167 = CARTESIAN_POINT ( 'NONE',  ( -16.72026410603165658, -18.54353884824337939, 20.25280297035460464 ) ) ;
#9168 = DIRECTION ( 'NONE',  ( 0.000000000000000000, -0.9420401080174656272, -0.3355002755385478319 ) ) ;
#9169 = DIRECTION ( 'NONE',  ( -0.2810846377149054387, -0.6785983445458101393, 0.6785983445458485530 ) ) ;
#9170 = CARTESIAN_POINT ( 'NONE',  ( -15.70000000000044338, -8.289728730214712016, -4.119042308829357069 ) ) ;
#9171 = ORIENTED_EDGE ( 'NONE', *, *, #7719, .T. ) ;
#9172 = VECTOR ( 'NONE', #349, 1000.000000000000000 ) ;
#9173 = CYLINDRICAL_SURFACE ( 'NONE', #237, 2.899999999999999911 ) ;
#9174 = CARTESIAN_POINT ( 'NONE',  ( -15.70000000000043983, -9.097256437510504057, -3.377069034173027173 ) ) ;
#9175 = CARTESIAN_POINT ( 'NONE',  ( -34.00000000000000000, -12.00000000000003197, 0.000000000000000000 ) ) ;
#9176 = EDGE_CURVE ( 'NONE', #9025, #633, #6275, .T. ) ;
#9177 = CARTESIAN_POINT ( 'NONE',  ( -23.57106337572422561, -25.76045900977306147, 6.541626124201372683 ) ) ;
#9178 = FACE_OUTER_BOUND ( 'NONE', #4211, .T. ) ;
#9179 = VERTEX_POINT ( 'NONE', #8748 ) ;
#9180 = FACE_OUTER_BOUND ( 'NONE', #6723, .T. ) ;
#9181 = ADVANCED_FACE ( 'NONE', ( #6949 ), #9055, .F. ) ;
#9182 = VECTOR ( 'NONE', #3168, 1000.000000000000000 ) ;
#9183 = CARTESIAN_POINT ( 'NONE',  ( -16.44326443527726767, -17.76005566978279404, -21.18372069080163911 ) ) ;
#9184 = VECTOR ( 'NONE', #5827, 1000.000000000000000 ) ;
#9185 = DIRECTION ( 'NONE',  ( 0.000000000000000000, 0.000000000000000000, -1.000000000000000000 ) ) ;
#9186 = CONICAL_SURFACE ( 'NONE', #5214, 4.499999999999995559, 0.7853981633974482790 ) ;
#9187 = VERTEX_POINT ( 'NONE', #2985 ) ;
#9188 = ADVANCED_FACE ( 'NONE', ( #4610 ), #2202, .F. ) ;
#9189 = DIRECTION ( 'NONE',  ( -0.7071067811865474617, -0.7071067811865474617, 0.000000000000000000 ) ) ;
#9190 = FACE_OUTER_BOUND ( 'NONE', #293, .T. ) ;
#9191 = VERTEX_POINT ( 'NONE', #10124 ) ;
#9192 = VECTOR ( 'NONE', #7198, 1000.000000000000000 ) ;
#9193 = VECTOR ( 'NONE', #6810, 1000.000000000000114 ) ;
#9194 = CARTESIAN_POINT ( 'NONE',  ( -15.87733923712663930, -17.28999005380108045, 16.74412882792464075 ) ) ;
#9195 = ADVANCED_FACE ( 'NONE', ( #5482 ), #7095, .F. ) ;
#9196 = ADVANCED_FACE ( 'NONE', ( #808 ), #6372, .F. ) ;
#9197 = ORIENTED_EDGE ( 'NONE', *, *, #3010, .F. ) ;
#9199 = CARTESIAN_POINT ( 'NONE',  ( -15.70000000000043627, -7.986455161460803254, -3.323731600860414748 ) ) ;
#9198 = LINE ( 'NONE', #3898, #7505 ) ;
#9200 = CARTESIAN_POINT ( 'NONE',  ( -10.40885045885109328, -20.49729236784272146, -18.79729236784258717 ) ) ;
#9201 = ORIENTED_EDGE ( 'NONE', *, *, #10262, .T. ) ;
#9202 = CARTESIAN_POINT ( 'NONE',  ( -15.79308817027107104, -17.80905477741827170, -20.79999999999990123 ) ) ;
#9203 = AXIS2_PLACEMENT_3D ( 'NONE', #3872, #2143, #2290 ) ;
#9204 = DIRECTION ( 'NONE',  ( -1.000000000000000000, -0.000000000000000000, -0.000000000000000000 ) ) ;
#9205 = CARTESIAN_POINT ( 'NONE',  ( -17.73414117061782491, -18.83227646810957623, -18.70397935957381463 ) ) ;
#9206 = ORIENTED_EDGE ( 'NONE', *, *, #801, .T. ) ;
#9207 = DIRECTION ( 'NONE',  ( 1.000000000000000000, -1.734723475976577126E-13, 0.000000000000000000 ) ) ;
#9208 = ORIENTED_EDGE ( 'NONE', *, *, #1597, .F. ) ;
#9209 = CARTESIAN_POINT ( 'NONE',  ( -30.58598549607530259, -5.076103913336074136, -21.67127508085190257 ) ) ;
#9210 = CARTESIAN_POINT ( 'NONE',  ( -31.99724693080852234, -5.434213543674005109, 20.27921703993755642 ) ) ;
#9211 = CIRCLE ( 'NONE', #8869, 1.799999999999904565 ) ;
#9212 = DIRECTION ( 'NONE',  ( 0.000000000000000000, 0.000000000000000000, 1.000000000000000000 ) ) ;
#9213 = CARTESIAN_POINT ( 'NONE',  ( -11.34272082218515365, -18.06230443098350591, -22.50000000000000000 ) ) ;
#9214 = FACE_OUTER_BOUND ( 'NONE', #4782, .T. ) ;
#9215 = CARTESIAN_POINT ( 'NONE',  ( -14.66201413958040156, -16.91304834069238083, -17.76996754901600184 ) ) ;
#9216 = VERTEX_POINT ( 'NONE', #5388 ) ;
#9217 = CIRCLE ( 'NONE', #4733, 7.000000000000001776 ) ;
#9218 = CARTESIAN_POINT ( 'NONE',  ( -15.72678286554175386, -22.44636647434009902, -23.00000000000000000 ) ) ;
#9219 = CARTESIAN_POINT ( 'NONE',  ( -25.33587154395001306, -3.743860054784425628, 19.40578292130128446 ) ) ;
#9220 = CARTESIAN_POINT ( 'NONE',  ( -28.35236202216435686, -4.509308172723137886, 22.08001734887670509 ) ) ;
#9221 = FACE_OUTER_BOUND ( 'NONE', #327, .T. ) ;
#9222 = CYLINDRICAL_SURFACE ( 'NONE', #44, 1.799999999999904787 ) ;
#9223 = LINE ( 'NONE', #1940, #5354 ) ;
#9224 = DIRECTION ( 'NONE',  ( -1.000000000000000000, 0.000000000000000000, 0.000000000000000000 ) ) ;
#9225 = CARTESIAN_POINT ( 'NONE',  ( -25.43172798364586740, -22.83172798364415712, 15.00000000000000000 ) ) ;
#9226 = VECTOR ( 'NONE', #2655, 1000.000000000000000 ) ;
#9227 = DIRECTION ( 'NONE',  ( 1.000000000000000000, 3.469446951953615175E-16, -0.000000000000000000 ) ) ;
#9228 = ORIENTED_EDGE ( 'NONE', *, *, #2640, .F. ) ;
#9229 = AXIS2_PLACEMENT_3D ( 'NONE', #7659, #3778, #5379 ) ;
#9230 = CARTESIAN_POINT ( 'NONE',  ( -26.70195129698100800, -4.090505238985469916, 16.52581565761225946 ) ) ;
#9231 = CC_DESIGN_DATE_AND_TIME_ASSIGNMENT ( #5784, #1002, ( #7206 ) ) ;
#9232 = CARTESIAN_POINT ( 'NONE',  ( -13.33844326767549759, -3.404628215084304799, -22.59537178491529374 ) ) ;
#9233 = CARTESIAN_POINT ( 'NONE',  ( -16.20000000000043983, -7.989098054934059334, -2.627587577624199699 ) ) ;
#9234 = CARTESIAN_POINT ( 'NONE',  ( -4.499999999999999112, -6.000000000000031086, -23.00000000000000000 ) ) ;
#9235 = ORIENTED_EDGE ( 'NONE', *, *, #2761, .T. ) ;
#9236 = AXIS2_PLACEMENT_3D ( 'NONE', #5005, #286, #7950 ) ;
#9237 = DIRECTION ( 'NONE',  ( -0.5384253804618299721, -0.6482254386778325550, -0.5384253804618288619 ) ) ;
#9238 = CIRCLE ( 'NONE', #5260, 0.4999999999999900080 ) ;
#9239 = PLANE ( 'NONE',  #704 ) ;
#9240 = CARTESIAN_POINT ( 'NONE',  ( -25.18745909526083437, -3.242632980013720356, -19.22236257406619231 ) ) ;
#9241 = EDGE_CURVE ( 'NONE', #9187, #4728, #8590, .T. ) ;
#9242 = CARTESIAN_POINT ( 'NONE',  ( -12.79893898089554938, -0.9999999999996799227, 23.00000000000000000 ) ) ;
#9243 = CARTESIAN_POINT ( 'NONE',  ( -15.93075108559001407, -13.13894922151707867, -22.49999999999999289 ) ) ;
#9244 = ORIENTED_EDGE ( 'NONE', *, *, #6384, .F. ) ;
#9245 = DIRECTION ( 'NONE',  ( 0.7071067811864997221, -0.7071067811865954233, 0.000000000000000000 ) ) ;
#9246 = EDGE_LOOP ( 'NONE', ( #7931, #6805, #3435, #9989, #8975, #5986, #1253, #3577, #7381, #9624, #1805, #9866, #4303 ) ) ;
#9247 = CARTESIAN_POINT ( 'NONE',  ( -15.19999999999933316, -5.499999999999345413, 15.00000000000000000 ) ) ;
#9248 = CARTESIAN_POINT ( 'NONE',  ( -16.20000000000043983, -10.49999999999928768, 3.787241086389266709 ) ) ;
#9249 = EDGE_CURVE ( 'NONE', #2044, #317, #4261, .T. ) ;
#9250 = ORIENTED_EDGE ( 'NONE', *, *, #7472, .T. ) ;
#9251 = CARTESIAN_POINT ( 'NONE',  ( -14.35227831868443538, -16.66768373050418361, -19.57998757646467425 ) ) ;
#9252 = EDGE_CURVE ( 'NONE', #6367, #5581, #8065, .T. ) ;
#9253 = EDGE_CURVE ( 'NONE', #9617, #7488, #5017, .T. ) ;
#9254 = CARTESIAN_POINT ( 'NONE',  ( -16.20000000000043983, -9.808529584835024906, -4.886390933827458483 ) ) ;
#9255 = CARTESIAN_POINT ( 'NONE',  ( -16.21840344834201986, -17.57328289719838921, -16.74405760520946984 ) ) ;
#9256 = ORIENTED_EDGE ( 'NONE', *, *, #7271, .F. ) ;
#9257 = FACE_OUTER_BOUND ( 'NONE', #8635, .T. ) ;
#9258 = VERTEX_POINT ( 'NONE', #3345 ) ;
#9259 = CARTESIAN_POINT ( 'NONE',  ( -30.94046921581664478, -5.166056044803528202, -21.45875486341590488 ) ) ;
#9260 = CARTESIAN_POINT ( 'NONE',  ( -32.28405218532294185, -5.506993802155272455, 19.40681463455772260 ) ) ;
#9261 = EDGE_CURVE ( 'NONE', #3546, #3812, #2445, .T. ) ;
#9262 = DIRECTION ( 'NONE',  ( -0.5773502691896256200, -0.5773502691896259531, 0.5773502691896256200 ) ) ;
#9263 = DIRECTION ( 'NONE',  ( -3.469446951953615175E-16, 1.000000000000000000, 0.000000000000000000 ) ) ;
#9264 = PLANE ( 'NONE',  #8844 ) ;
#9265 = VERTEX_POINT ( 'NONE', #4143 ) ;
#9266 = LINE ( 'NONE', #1316, #2745 ) ;
#9267 = CARTESIAN_POINT ( 'NONE',  ( -28.35236202216435686, -4.509308172723137886, 22.08001734887670509 ) ) ;
#9268 = CARTESIAN_POINT ( 'NONE',  ( -26.49933531175041423, -4.039094254190844779, 16.66450008125596227 ) ) ;
#9269 = CARTESIAN_POINT ( 'NONE',  ( -23.92079000125670873, -23.49529293707654176, -6.891352749733852256 ) ) ;
#9270 = CARTESIAN_POINT ( 'NONE',  ( -15.70000000000043983, -7.882496365929569038, -0.7375684428418834981 ) ) ;
#9271 = CARTESIAN_POINT ( 'NONE',  ( -15.16225913637620692, -17.30932886876600563, 20.66597274288184849 ) ) ;
#9272 = CARTESIAN_POINT ( 'NONE',  ( 2.500000000000003109, -12.79893898089671822, 20.00000000000000000 ) ) ;
#9273 = CARTESIAN_POINT ( 'NONE',  ( -32.60158332329182684, -5.437894384777096413, -19.00000000000000000 ) ) ;
#9274 = DIRECTION ( 'NONE',  ( 0.2988362387301654044, 0.6408563820557734436, -0.7071067811865420216 ) ) ;
#9275 = VERTEX_POINT ( 'NONE', #9699 ) ;
#9276 = CARTESIAN_POINT ( 'NONE',  ( -27.37756713325825331, -4.261947916586864338, 16.17186894491823779 ) ) ;
#9277 = ORIENTED_EDGE ( 'NONE', *, *, #6107, .T. ) ;
#9278 = CARTESIAN_POINT ( 'NONE',  ( -15.88604912907105948, -17.88269596383217674, 17.21160282967233712 ) ) ;
#9279 = DIRECTION ( 'NONE',  ( -3.469446951953614189E-16, 1.000000000000000000, 0.000000000000000000 ) ) ;
#9280 = CARTESIAN_POINT ( 'NONE',  ( -15.19999999999933316, -5.499999999999345413, 15.00000000000000000 ) ) ;
#9281 = DIRECTION ( 'NONE',  ( -1.000000000000000000, 0.000000000000000000, 0.000000000000000000 ) ) ;
#9282 = EDGE_LOOP ( 'NONE', ( #8247, #6994, #670, #4350 ) ) ;
#9283 = CARTESIAN_POINT ( 'NONE',  ( -25.18745909526081306, -3.242632980013716804, 19.22236257406618520 ) ) ;
#9284 = LINE ( 'NONE', #5244, #10170 ) ;
#9286 = ORIENTED_EDGE ( 'NONE', *, *, #8347, .F. ) ;
#9285 = CARTESIAN_POINT ( 'NONE',  ( -14.24866261705345494, -15.93718780864300122, -18.85235275148831846 ) ) ;
#9287 = CARTESIAN_POINT ( 'NONE',  ( -25.42516938566085827, -3.766519786471687059, -19.80377707519869901 ) ) ;
#9288 = CARTESIAN_POINT ( 'NONE',  ( -25.96675076963722972, -3.903946491383249118, -17.19485658898559421 ) ) ;
#9289 = CARTESIAN_POINT ( 'NONE',  ( -16.20000000000044338, -8.547785250849040395, 0.2186547933678696931 ) ) ;
#9290 = DIRECTION ( 'NONE',  ( -0.7071067811865475727, 0.7071067811865475727, 0.000000000000000000 ) ) ;
#9291 = VERTEX_POINT ( 'NONE', #6635 ) ;
#9292 = CARTESIAN_POINT ( 'NONE',  ( -16.21952248578919864, -17.57421238581036249, 16.75867021068663831 ) ) ;
#9293 = EDGE_LOOP ( 'NONE', ( #2524, #6401, #8593, #5824 ) ) ;
#9294 = AXIS2_PLACEMENT_3D ( 'NONE', #9669, #9782, #6402 ) ;
#9295 = EDGE_CURVE ( 'NONE', #2340, #4368, #9588, .T. ) ;
#9296 = CARTESIAN_POINT ( 'NONE',  ( -32.50444474774394621, -5.409132448875386245, 18.10946305569338222 ) ) ;
#9297 = DIRECTION ( 'NONE',  ( 0.7071067811865492381, 0.7071067811865457964, 0.000000000000000000 ) ) ;
#9298 = CARTESIAN_POINT ( 'NONE',  ( -14.83369972602802989, -17.04905289944865743, -20.43119336007807618 ) ) ;
#9299 = ORIENTED_EDGE ( 'NONE', *, *, #2692, .F. ) ;
#9300 = CARTESIAN_POINT ( 'NONE',  ( -34.00000000000000000, -8.000000000000031974, 0.000000000000000000 ) ) ;
#9301 = DIRECTION ( 'NONE',  ( 0.7071067811866370567, 0.7071067811864580888, 0.000000000000000000 ) ) ;
#9302 = VERTEX_POINT ( 'NONE', #7300 ) ;
#9303 = ADVANCED_FACE ( 'NONE', ( #5847 ), #8016, .F. ) ;
#9304 = ORIENTED_EDGE ( 'NONE', *, *, #424, .T. ) ;
#9305 = CARTESIAN_POINT ( 'NONE',  ( -31.44019477179254451, -5.292864110065330863, -21.04346211204253692 ) ) ;
#9306 = EDGE_CURVE ( 'NONE', #5043, #6917, #8171, .T. ) ;
#9307 = CARTESIAN_POINT ( 'NONE',  ( -30.56044205852889917, -5.069621833392493393, 21.68378104156285602 ) ) ;
#9308 = EDGE_CURVE ( 'NONE', #6201, #7272, #2604, .T. ) ;
#9309 = DIRECTION ( 'NONE',  ( -0.7071067811865446862, -0.7071067811865503483, 0.000000000000000000 ) ) ;
#9310 = DIRECTION ( 'NONE',  ( -0.6785983445458471097, 0.6785983445458485530, -0.2810846377148163433 ) ) ;
#9311 = LINE ( 'NONE', #5467, #3208 ) ;
#9312 = EDGE_LOOP ( 'NONE', ( #9365, #6223, #3271, #3560 ) ) ;
#9313 = FACE_OUTER_BOUND ( 'NONE', #1239, .T. ) ;
#9314 = EDGE_CURVE ( 'NONE', #1035, #5955, #6585, .T. ) ;
#9315 = CARTESIAN_POINT ( 'NONE',  ( -32.30682491192607131, -5.512771037362598214, 19.00000000000000000 ) ) ;
#9316 = CARTESIAN_POINT ( 'NONE',  ( -31.12082105711134616, -5.211817188811624035, 16.66450008125596227 ) ) ;
#9317 = LINE ( 'NONE', #5373, #13 ) ;
#9318 = EDGE_CURVE ( 'NONE', #406, #6497, #8904, .T. ) ;
#9319 = CARTESIAN_POINT ( 'NONE',  ( -16.20000000000044338, -9.734325611388179311, -2.816306978886533585 ) ) ;
#9320 = EDGE_CURVE ( 'NONE', #4075, #3569, #1825, .T. ) ;
#9321 = CARTESIAN_POINT ( 'NONE',  ( -14.40587219326715740, -16.71013914203516748, 19.74395396411750880 ) ) ;
#9322 = B_SPLINE_CURVE_WITH_KNOTS ( 'NONE', 3,
 ( #9136, #9983, #8405, #3690, #2738, #1959, #1293, #7674, #2007, #5399, #823, #6189, #4623, #8554, #4714, #10182, #1480, #3795, #3199, #7772, #8707, #1529, #4665, #10287, #6960, #6336, #1439, #7930, #2214, #669, #6288, #7822, #9396, #8652, #715, #9495, #3152, #10134, #9342, #3891, #2997, #4574, #3842, #6388, #2359, #3050, #6239, #3996, #7108, #7007, #8501, #5543, #774, #1586, #7058, #7155, #7726, #2267, #8603, #4769, #628, #10238, #3105, #5450, #9446, #2310, #5494, #3947, #35, #9549, #5347, #1389, #2619, #8761, #4874, #6604, #1637, #4819, #9771, #6447, #6551, #3257, #1690, #5649, #1791, #7265, #8865, #877, #311 ),
 .UNSPECIFIED., .F., .F.,
 ( 4, 2, 2, 2, 2, 2, 2, 2, 2, 2, 2, 1, 2, 2, 2, 1, 1, 2, 2, 2, 1, 1, 1, 2, 2, 2, 2, 2, 1, 1, 2, 2, 2, 1, 1, 2, 2, 2, 1, 2, 2, 2, 2, 2, 2, 2, 2, 2, 2, 4 ),
 ( 0.5000000000000000000, 0.5312500000000073275, 0.5468750000000109912, 0.5625000000000146549, 0.5781250000000184297, 0.5859375000000202061, 0.5937500000000220934, 0.6093750000000262013, 0.6171875000000281997, 0.6250000000000301981, 0.6406250000000335287, 0.6484375000000353051, 0.6523437500000366374, 0.6562500000000378586, 0.6718750000000419664, 0.6796875000000439648, 0.6835937500000449640, 0.6855468750000456302, 0.6875000000000462963, 0.7031250000000558442, 0.7109375000000606182, 0.7148437500000630607, 0.7167968750000640599, 0.7177734375000646150, 0.7187500000000650591, 0.7500000000000534017, 0.7656250000000470735, 0.7734375000000437428, 0.7773437500000421885, 0.7792968750000419664, 0.7802734375000418554, 0.7812500000000417444, 0.7968750000000441869, 0.8046875000000455191, 0.8085937500000461853, 0.8105468750000468514, 0.8125000000000476286, 0.8281250000000467404, 0.8359375000000461853, 0.8398437500000459632, 0.8437500000000457412, 0.8593750000000419664, 0.8671875000000399680, 0.8750000000000377476, 0.8906250000000330846, 0.8984375000000305311, 0.9062500000000279776, 0.9218750000000233147, 0.9375000000000186517, 1.000000000000000000 ),
 .UNSPECIFIED. ) ;
#9323 = CYLINDRICAL_SURFACE ( 'NONE', #1596, 2.899999999999999911 ) ;
#9324 = CARTESIAN_POINT ( 'NONE',  ( -30.75231675888242222, -4.890341714885367175, -21.94839855693671637 ) ) ;
#9325 = CARTESIAN_POINT ( 'NONE',  ( -16.20000000000043983, -7.975412702967265233, -4.194920518663195708 ) ) ;
#9326 = ORIENTED_EDGE ( 'NONE', *, *, #2556, .T. ) ;
#9327 = LINE ( 'NONE', #5289, #10191 ) ;
#9328 = CARTESIAN_POINT ( 'NONE',  ( -17.12051304298577392, -18.86060527521767582, 19.11781038324074444 ) ) ;
#9329 = CARTESIAN_POINT ( 'NONE',  ( -15.70000000000043983, -6.942179309626696160, 0.01213902943915207318 ) ) ;
#9330 = CARTESIAN_POINT ( 'NONE',  ( -16.20000000000043983, -8.391015233748285951, 0.09075549199030621961 ) ) ;
#9331 = DIRECTION ( 'NONE',  ( 0.7692489144105426613, 0.6389492215177992041, 0.000000000000000000 ) ) ;
#9332 = EDGE_LOOP ( 'NONE', ( #1774, #2854, #2470, #6479 ) ) ;
#9333 = CARTESIAN_POINT ( 'NONE',  ( -31.34424606100239075, -5.065607128753081945, 21.55958049209173666 ) ) ;
#9334 = LINE ( 'NONE', #4415, #7011 ) ;
#9335 = DESIGN_CONTEXT ( 'detailed design', #5288, 'design' ) ;
#9336 = CYLINDRICAL_SURFACE ( 'NONE', #1363, 0.4999999999999900080 ) ;
#9337 = CARTESIAN_POINT ( 'NONE',  ( -14.46746402760057215, -16.75893076982056229, -19.90207066575868922 ) ) ;
#9338 = AXIS2_PLACEMENT_3D ( 'NONE', #1276, #7613, #3669 ) ;
#9339 = CARTESIAN_POINT ( 'NONE',  ( -27.05768226856236325, -4.180777322755175440, -16.30972141277869980 ) ) ;
#9340 = CARTESIAN_POINT ( 'NONE',  ( -28.21812908133831499, -4.475242657649611822, -15.94457973898553682 ) ) ;
#9341 = PLANE ( 'NONE',  #8893 ) ;
#9342 = CARTESIAN_POINT ( 'NONE',  ( -15.37947384332358780, -17.48139914501023640, -20.75366119742387383 ) ) ;
#9343 = ORIENTED_EDGE ( 'NONE', *, *, #2053, .F. ) ;
#9344 = CIRCLE ( 'NONE', #1867, 3.099999999999934364 ) ;
#9345 = CARTESIAN_POINT ( 'NONE',  ( -17.73414117061782136, -18.83227646810957623, 19.00000000000000000 ) ) ;
#9346 = CIRCLE ( 'NONE', #5209, 13.49999999999999822 ) ;
#9347 = ORIENTED_EDGE ( 'NONE', *, *, #7164, .T. ) ;
#9349 = CARTESIAN_POINT ( 'NONE',  ( -15.70000000000043983, -7.802724347855769516, -3.360315799912119594 ) ) ;
#9348 = CARTESIAN_POINT ( 'NONE',  ( -25.18745909526081661, -3.242632980013717248, 18.99999999999999289 ) ) ;
#9350 = DIRECTION ( 'NONE',  ( 0.4184518038835337572, 0.8915466052274568787, 0.1733284123680066957 ) ) ;
#9351 = CARTESIAN_POINT ( 'NONE',  ( -16.82948574013173015, -18.63006122599886893, -20.09798217311175961 ) ) ;
#9352 = AXIS2_PLACEMENT_3D ( 'NONE', #2043, #2613, #463 ) ;
#9353 = AXIS2_PLACEMENT_3D ( 'NONE', #3614, #6586, #5798 ) ;
#9354 = VERTEX_POINT ( 'NONE', #4854 ) ;
#9355 = CARTESIAN_POINT ( 'NONE',  ( -16.20000000000044338, -7.919889240714613976, 0.8154170941793529304 ) ) ;
#9356 = LINE ( 'NONE', #3853, #2540 ) ;
#9357 = EDGE_CURVE ( 'NONE', #1580, #4265, #5797, .T. ) ;
#9358 = EDGE_LOOP ( 'NONE', ( #5997, #1966, #8094, #7568 ) ) ;
#9359 = ORIENTED_EDGE ( 'NONE', *, *, #2122, .F. ) ;
#9360 = CARTESIAN_POINT ( 'NONE',  ( -30.84830050993016215, -5.142665691396311800, 21.51903553920856282 ) ) ;
#9361 = FACE_OUTER_BOUND ( 'NONE', #7524, .T. ) ;
#9362 = AXIS2_PLACEMENT_3D ( 'NONE', #6625, #7389, #5889 ) ;
#9363 = CARTESIAN_POINT ( 'NONE',  ( -20.64767202660157963, -8.918346311693785111, 3.618234775078724930 ) ) ;
#9364 = EDGE_CURVE ( 'NONE', #1194, #640, #4965, .T. ) ;
#9365 = ORIENTED_EDGE ( 'NONE', *, *, #3090, .T. ) ;
#9366 = CARTESIAN_POINT ( 'NONE',  ( -32.73886654618789294, -6.000000000000040856, 23.00000000000000000 ) ) ;
#9367 = CARTESIAN_POINT ( 'NONE',  ( -12.40338099396497995, -16.29453747801714414, -23.00000000000000000 ) ) ;
#9368 = VECTOR ( 'NONE', #3375, 1000.000000000000000 ) ;
#9369 = CARTESIAN_POINT ( 'NONE',  ( -15.76205099750006156, -17.78446795887825260, 17.20000000000010232 ) ) ;
#9370 = CARTESIAN_POINT ( 'NONE',  ( -15.70000000000044338, -8.289728730214710239, 0.02978018215621859241 ) ) ;
#9371 = DIRECTION ( 'NONE',  ( -3.469446951953615175E-16, 1.000000000000000000, 0.000000000000000000 ) ) ;
#9372 = CARTESIAN_POINT ( 'NONE',  ( -15.43078127492921325, -17.52204459368354605, 20.76734345839304652 ) ) ;
#9373 = DIRECTION ( 'NONE',  ( 3.469446951953614189E-16, -1.000000000000000000, 0.000000000000000000 ) ) ;
#9375 = ORIENTED_EDGE ( 'NONE', *, *, #793, .T. ) ;
#9374 = CARTESIAN_POINT ( 'NONE',  ( -28.65189320477059098, -4.268423519265626354, -15.60256912800726070 ) ) ;
#9376 = ADVANCED_FACE ( 'NONE', ( #136 ), #671, .T. ) ;
#9377 = CARTESIAN_POINT ( 'NONE',  ( -15.70000000000044338, -8.009886963018898243, -4.193136115838499656 ) ) ;
#9378 = ORIENTED_EDGE ( 'NONE', *, *, #7338, .T. ) ;
#9379 = CARTESIAN_POINT ( 'NONE',  ( -26.14283748324749723, -3.948626804169909743, 16.99473220069680934 ) ) ;
#9380 = AXIS2_PLACEMENT_3D ( 'NONE', #6547, #3196, #9715 ) ;
#9381 = EDGE_CURVE ( 'NONE', #4773, #9733, #9158, .T. ) ;
#9382 = EDGE_CURVE ( 'NONE', #406, #1472, #7501, .T. ) ;
#9383 = DIRECTION ( 'NONE',  ( 0.3328460583149656093, 0.9429811776828795900, 0.000000000000000000 ) ) ;
#9384 = CARTESIAN_POINT ( 'NONE',  ( -13.49939650480420639, -17.39055298885636702, -19.00000000000000000 ) ) ;
#9385 = CARTESIAN_POINT ( 'NONE',  ( -16.20000000000043983, -7.044589019802426577, -3.165579749391533415 ) ) ;
#9386 = ORIENTED_EDGE ( 'NONE', *, *, #5444, .F. ) ;
#9387 = CARTESIAN_POINT ( 'NONE',  ( -25.21135487872718883, -3.249708325606387227, 18.55528405669794267 ) ) ;
#9388 = CARTESIAN_POINT ( 'NONE',  ( -15.70000000000043627, -7.492321121360797420, 1.401076094599630784 ) ) ;
#9389 = AXIS2_PLACEMENT_3D ( 'NONE', #8379, #499, #6007 ) ;
#9390 = CARTESIAN_POINT ( 'NONE',  ( -16.20000000000044338, -7.303320638129065401, 1.291757677803803128 ) ) ;
#9391 = CARTESIAN_POINT ( 'NONE',  ( -16.15779467885239029, -18.09796552373046197, -20.70806724034470037 ) ) ;
#9392 = CARTESIAN_POINT ( 'NONE',  ( -32.60158332329182684, -5.437894384777096413, -19.00000000000000000 ) ) ;
#9393 = CARTESIAN_POINT ( 'NONE',  ( -27.41729905400741885, -4.272031857123119281, -16.15603519494274209 ) ) ;
#9394 = VECTOR ( 'NONE', #2602, 999.9999999999998863 ) ;
#9395 = DIRECTION ( 'NONE',  ( -0.6389492215179006784, -0.7692489144104583954, 0.000000000000000000 ) ) ;
#9396 = CARTESIAN_POINT ( 'NONE',  ( -15.14520317305942321, -17.29581750935011186, -20.65696467536135827 ) ) ;
#9397 = ORIENTED_EDGE ( 'NONE', *, *, #8804, .F. ) ;
#9398 = ORIENTED_EDGE ( 'NONE', *, *, #5972, .F. ) ;
#9399 = CARTESIAN_POINT ( 'NONE',  ( -16.86477632697677720, -18.11016951462100266, 20.95771674510811877 ) ) ;
#9400 = ORIENTED_EDGE ( 'NONE', *, *, #7644, .F. ) ;
#9402 = LINE ( 'NONE', #4526, #10192 ) ;
#9401 = CARTESIAN_POINT ( 'NONE',  ( -14.84644660940738703, -24.24594154601780716, -22.49999999999999289 ) ) ;
#9403 = CARTESIAN_POINT ( 'NONE',  ( -15.70000000000043627, -6.919645622918274341, -4.025017480942022274 ) ) ;
#9404 = AXIS2_PLACEMENT_3D ( 'NONE', #3695, #10039, #6870 ) ;
#9405 = ORIENTED_EDGE ( 'NONE', *, *, #4127, .F. ) ;
#9406 = CARTESIAN_POINT ( 'NONE',  ( -16.63875449233590587, -18.47896903035888272, -17.64390327298311334 ) ) ;
#9407 = ORIENTED_EDGE ( 'NONE', *, *, #9381, .T. ) ;
#9408 = CARTESIAN_POINT ( 'NONE',  ( -15.70000000000043983, -9.777072844231996740, 0.5793202078365085050 ) ) ;
#9409 = DIRECTION ( 'NONE',  ( -1.000000000000000000, -3.469446951953614682E-16, -3.489994118891832344E-16 ) ) ;
#9410 = ORIENTED_EDGE ( 'NONE', *, *, #941, .F. ) ;
#9411 = AXIS2_PLACEMENT_3D ( 'NONE', #5474, #2192, #6892 ) ;
#9412 = ORIENTED_EDGE ( 'NONE', *, *, #1538, .F. ) ;
#9413 = CARTESIAN_POINT ( 'NONE',  ( -29.52196920613327791, -4.806101594173378899, 22.03508382679860844 ) ) ;
#9414 = CARTESIAN_POINT ( 'NONE',  ( -31.85799490883856677, -5.217723951011390859, 21.08883152869320554 ) ) ;
#9415 = CARTESIAN_POINT ( 'NONE',  ( -21.94020111901073733, -22.51954732298700534, 4.910763867487885292 ) ) ;
#9416 = ORIENTED_EDGE ( 'NONE', *, *, #5949, .T. ) ;
#9417 = DIRECTION ( 'NONE',  ( 0.000000000000000000, 0.000000000000000000, -1.000000000000000000 ) ) ;
#9418 = CARTESIAN_POINT ( 'NONE',  ( -32.28428482491175799, -5.507051388218040522, 19.40578292130129157 ) ) ;
#9419 = CARTESIAN_POINT ( 'NONE',  ( -15.93527306078789962, -17.92169647386777598, 17.22479668981907253 ) ) ;
#9420 = CARTESIAN_POINT ( 'NONE',  ( -16.20000000000043983, -9.711187494247642604, -3.609787139473049411 ) ) ;
#9421 = CARTESIAN_POINT ( 'NONE',  ( -16.20000000000043627, -7.498544083378710035, -0.6659494496248508089 ) ) ;
#9422 = DIRECTION ( 'NONE',  ( 0.000000000000000000, 0.7071067811865489050, -0.7071067811865462405 ) ) ;
#9423 = PLANE ( 'NONE',  #9411 ) ;
#9424 = EDGE_CURVE ( 'NONE', #9118, #2645, #2031, .T. ) ;
#9426 = ORIENTED_EDGE ( 'NONE', *, *, #3329, .T. ) ;
#9425 = CARTESIAN_POINT ( 'NONE',  ( -27.25173090808979737, -3.853846941402637061, -22.05372237277336467 ) ) ;
#9427 = DIRECTION ( 'NONE',  ( -0.000000000000000000, -0.000000000000000000, -1.000000000000000000 ) ) ;
#9428 = ORIENTED_EDGE ( 'NONE', *, *, #3905, .T. ) ;
#9429 = CARTESIAN_POINT ( 'NONE',  ( -27.45933487479865676, -4.282698456509462126, 16.14059901345766690 ) ) ;
#9430 = ORIENTED_EDGE ( 'NONE', *, *, #989, .T. ) ;
#9431 = DIRECTION ( 'NONE',  ( -0.7071067811865502373, 0.7071067811865449082, 0.000000000000000000 ) ) ;
#9432 = FACE_OUTER_BOUND ( 'NONE', #6128, .T. ) ;
#9433 = DIRECTION ( 'NONE',  ( -0.2810846377147953046, 0.6785983445458545482, -0.6785983445458498853 ) ) ;
#9434 = EDGE_LOOP ( 'NONE', ( #7585, #6814, #8052, #9375 ) ) ;
#9435 = CARTESIAN_POINT ( 'NONE',  ( -27.25173090808978671, -3.853846941402633064, 22.05372237277337177 ) ) ;
#9436 = EDGE_CURVE ( 'NONE', #6316, #6497, #6784, .T. ) ;
#9437 = FACE_OUTER_BOUND ( 'NONE', #7010, .T. ) ;
#9438 = CARTESIAN_POINT ( 'NONE',  ( -15.70000000000044693, -6.919033797933555441, 0.5897264415615001143 ) ) ;
#9439 = EDGE_CURVE ( 'NONE', #9884, #4174, #341, .T. ) ;
#9440 = CARTESIAN_POINT ( 'NONE',  ( -15.87733923712664463, -17.28999005380109466, -16.74412882792463364 ) ) ;
#9441 = EDGE_CURVE ( 'NONE', #3502, #741, #8274, .T. ) ;
#9442 = ORIENTED_EDGE ( 'NONE', *, *, #7397, .T. ) ;
#9443 = CARTESIAN_POINT ( 'NONE',  ( -25.49192344381928166, -3.783458931001117520, -18.00113250729095071 ) ) ;
#9444 = CARTESIAN_POINT ( 'NONE',  ( -27.52288182748230483, -4.298823039327524853, -16.11765238795316435 ) ) ;
#9445 = PLANE ( 'NONE',  #2755 ) ;
#9446 = CARTESIAN_POINT ( 'NONE',  ( -16.33250786936061161, -18.23637194132757244, -20.61283393840877309 ) ) ;
#9447 = VERTEX_POINT ( 'NONE', #1163 ) ;
#9448 = EDGE_CURVE ( 'NONE', #10216, #277, #9266, .T. ) ;
#9449 = CARTESIAN_POINT ( 'NONE',  ( -14.28888953895404690, -16.61746883378910766, 19.23561588986809667 ) ) ;
#9450 = CARTESIAN_POINT ( 'NONE',  ( -16.20000000000043983, -8.557471109539596554, -0.5455060359182346552 ) ) ;
#9452 = ORIENTED_EDGE ( 'NONE', *, *, #946, .T. ) ;
#9451 = FACE_OUTER_BOUND ( 'NONE', #4984, .T. ) ;
#9453 = CARTESIAN_POINT ( 'NONE',  ( -12.79893898089581583, -2.999999999999674927, 22.50000000000000000 ) ) ;
#9454 = EDGE_CURVE ( 'NONE', #9828, #9488, #2092, .T. ) ;
#9455 = ORIENTED_EDGE ( 'NONE', *, *, #5777, .T. ) ;
#9456 = DIRECTION ( 'NONE',  ( 0.000000000000000000, -1.000000000000000000, 0.000000000000000000 ) ) ;
#9457 = ORIENTED_EDGE ( 'NONE', *, *, #515, .T. ) ;
#9458 = CARTESIAN_POINT ( 'NONE',  ( -15.70000000000045048, -7.919889240714613976, 0.8154170941793529304 ) ) ;
#9459 = CARTESIAN_POINT ( 'NONE',  ( -22.00000000000000355, -24.93172798364416565, 4.970562748477149739 ) ) ;
#9460 = ORIENTED_EDGE ( 'NONE', *, *, #6855, .T. ) ;
#9461 = ORIENTED_EDGE ( 'NONE', *, *, #6548, .T. ) ;
#9462 = CARTESIAN_POINT ( 'NONE',  ( -27.03417087271116515, -4.174807529649747551, 21.67127508081347997 ) ) ;
#9463 = CARTESIAN_POINT ( 'NONE',  ( -20.50330085889908460, -12.93223304703296783, 19.00000000000000000 ) ) ;
#9464 = CARTESIAN_POINT ( 'NONE',  ( -15.70000000000043983, -12.49999999999928946, 22.50000000000000000 ) ) ;
#9465 = APPROVAL_STATUS ( 'not_yet_approved' ) ;
#9466 = ORIENTED_EDGE ( 'NONE', *, *, #2699, .F. ) ;
#9467 = LINE ( 'NONE', #8471, #285 ) ;
#9468 = DIRECTION ( 'NONE',  ( 0.000000000000000000, -1.000000000000000000, 0.000000000000000000 ) ) ;
#9469 = CARTESIAN_POINT ( 'NONE',  ( -15.70000000000044338, -6.906722299547403132, 0.2426709185257021895 ) ) ;
#9470 = CARTESIAN_POINT ( 'NONE',  ( -22.61349622552638650, -19.30731905464415377, 23.69941934126677907 ) ) ;
#9471 = CARTESIAN_POINT ( 'NONE',  ( -22.00000000000000355, -12.74960641861694199, -4.970562748477149739 ) ) ;
#9472 = CARTESIAN_POINT ( 'NONE',  ( -27.93334329227909762, -4.055666780671352889, -22.28876940430920328 ) ) ;
#9473 = CONICAL_SURFACE ( 'NONE', #532, 5.000000000000002665, 0.7853981633974482790 ) ;
#9474 = FACE_BOUND ( 'NONE', #2068, .T. ) ;
#9475 = ORIENTED_EDGE ( 'NONE', *, *, #1186, .F. ) ;
#9476 = CARTESIAN_POINT ( 'NONE',  ( -29.12697795770999321, -4.705871205431354731, 15.91275136320149564 ) ) ;
#9477 = CARTESIAN_POINT ( 'NONE',  ( -16.90740321195420037, -18.69178516248516786, 18.04979475531122191 ) ) ;
#9478 = CARTESIAN_POINT ( 'NONE',  ( -15.70000000000043983, -6.904353841145121073, 0.3659030946910857840 ) ) ;
#9479 = CARTESIAN_POINT ( 'NONE',  ( -23.10673528032394231, -23.48275991072911140, 6.077298028801084939 ) ) ;
#9480 = CARTESIAN_POINT ( 'NONE',  ( -16.20000000000043983, -7.492321121360799197, -2.747746396385943424 ) ) ;
#9481 = EDGE_LOOP ( 'NONE', ( #1682, #9522, #2227, #3110, #3959, #10168 ) ) ;
#9482 = CIRCLE ( 'NONE', #1839, 2.899999999999999911 ) ;
#9483 = CARTESIAN_POINT ( 'NONE',  ( -15.70000000000043983, -7.224479268694421918, 1.224829081715006929 ) ) ;
#9484 = B_SPLINE_CURVE_WITH_KNOTS ( 'NONE', 3,
 ( #3336, #8895, #1769, #5624, #7128, #1611, #8112, #9, #7340, #230, #3391, #9746, #2596, #2386, #5789, #5575, #8736, #4020 ),
 .UNSPECIFIED., .F., .F.,
 ( 4, 2, 2, 2, 2, 2, 2, 2, 4 ),
 ( 0.000000000000000000, 0.1250000000000000000, 0.2500000000000000000, 0.3750000000000000000, 0.5000000000000000000, 0.6250000000000000000, 0.7500000000000000000, 0.8750000000000000000, 1.000000000000000000 ),
 .UNSPECIFIED. ) ;
#9485 = CARTESIAN_POINT ( 'NONE',  ( -16.20000000000043983, -6.966107794308018519, 0.7960307797044599010 ) ) ;
#9486 = CARTESIAN_POINT ( 'NONE',  ( -16.41195217664290595, -18.29930229902720384, -20.56209724421092844 ) ) ;
#9487 = CARTESIAN_POINT ( 'NONE',  ( -15.70000000000044338, -7.505149625707763228, 0.3487333291709960870 ) ) ;
#9488 = VERTEX_POINT ( 'NONE', #1934 ) ;
#9489 = CONICAL_SURFACE ( 'NONE', #2335, 0.9999999999999974465, 0.7853981633974447263 ) ;
#9490 = CARTESIAN_POINT ( 'NONE',  ( -25.66708746122524687, -3.827907593585115453, -17.62623021204553098 ) ) ;
#9491 = EDGE_CURVE ( 'NONE', #9828, #1183, #5278, .T. ) ;
#9492 = CARTESIAN_POINT ( 'NONE',  ( -25.49150456645340768, -3.783354015940885606, -18.00202667689350378 ) ) ;
#9493 = CARTESIAN_POINT ( 'NONE',  ( -16.20000000000043983, -8.391015233748285951, -4.058066998995268015 ) ) ;
#9494 = CARTESIAN_POINT ( 'NONE',  ( -13.29893898089587978, -3.499999999999612754, 23.00000000000000000 ) ) ;
#9495 = CARTESIAN_POINT ( 'NONE',  ( -15.23618611789548538, -17.36788636452495282, -20.70229425582152416 ) ) ;
#9496 = ADVANCED_FACE ( 'NONE', ( #8226 ), #2711, .F. ) ;
#9497 = VERTEX_POINT ( 'NONE', #9907 ) ;
#9498 = CARTESIAN_POINT ( 'NONE',  ( -14.76149223431533386, -16.99185205485391847, 17.64390327298311334 ) ) ;
#9499 = CIRCLE ( 'NONE', #214, 2.899999999999999911 ) ;
#9500 = CARTESIAN_POINT ( 'NONE',  ( -16.20000000000043983, -8.746054593834683644, -0.4178879898225493772 ) ) ;
#9502 = ORIENTED_EDGE ( 'NONE', *, *, #887, .F. ) ;
#9501 = CARTESIAN_POINT ( 'NONE',  ( -23.92178241522251625, -23.49972278734252740, -6.892345163699666877 ) ) ;
#9503 = PLANE ( 'NONE',  #4112 ) ;
#9504 = DIRECTION ( 'NONE',  ( 0.000000000000000000, 0.000000000000000000, 1.000000000000000000 ) ) ;
#9505 = EDGE_CURVE ( 'NONE', #10135, #5509, #4340, .T. ) ;
#9506 = VECTOR ( 'NONE', #3127, 1000.000000000000000 ) ;
#9507 = ORIENTED_EDGE ( 'NONE', *, *, #8424, .F. ) ;
#9508 = CARTESIAN_POINT ( 'NONE',  ( -16.20000000000043983, -7.505049097994959340, 0.4116708068478105997 ) ) ;
#9509 = DIRECTION ( 'NONE',  ( -0.7071067811865474617, -0.7071067811865474617, 0.000000000000000000 ) ) ;
#9510 = EDGE_CURVE ( 'NONE', #3965, #699, #438, .T. ) ;
#9511 = ORIENTED_EDGE ( 'NONE', *, *, #9557, .F. ) ;
#9512 = ADVANCED_FACE ( 'NONE', ( #2867 ), #5118, .T. ) ;
#9513 = CARTESIAN_POINT ( 'NONE',  ( -32.19498698320091279, -5.484391656530767101, 18.19622292480130810 ) ) ;
#9514 = ORIENTED_EDGE ( 'NONE', *, *, #9314, .T. ) ;
#9515 = CARTESIAN_POINT ( 'NONE',  ( -27.73774304910066135, -4.353344010348169313, 21.95110958471986251 ) ) ;
#9516 = VECTOR ( 'NONE', #6303, 1000.000000000000000 ) ;
#9517 = CARTESIAN_POINT ( 'NONE',  ( -14.24866261705345494, -15.93718780864300122, 19.14764724851168154 ) ) ;
#9518 = VECTOR ( 'NONE', #2555, 1000.000000000000114 ) ;
#9519 = CARTESIAN_POINT ( 'NONE',  ( 0.000000000000000000, 0.000000000000000000, -16.00000000000000000 ) ) ;
#9520 = APPROVAL_STATUS ( 'not_yet_approved' ) ;
#9521 = CARTESIAN_POINT ( 'NONE',  ( -15.60715855638014560, -17.66176630779452950, 17.20000000000009521 ) ) ;
#9522 = ORIENTED_EDGE ( 'NONE', *, *, #1808, .T. ) ;
#9523 = AXIS2_PLACEMENT_3D ( 'NONE', #8182, #6644, #306 ) ;
#9524 = LINE ( 'NONE', #5320, #950 ) ;
#9525 = DIRECTION ( 'NONE',  ( -1.000000000000000000, 0.000000000000000000, 0.000000000000000000 ) ) ;
#9526 = DIRECTION ( 'NONE',  ( 0.3910492696910773947, 0.8331632117107369284, 0.3910492696910767840 ) ) ;
#9527 = LINE ( 'NONE', #7953, #4010 ) ;
#9528 = DIRECTION ( 'NONE',  ( -0.7692489144105426613, -0.6389492215177992041, 0.000000000000000000 ) ) ;
#9529 = CARTESIAN_POINT ( 'NONE',  ( -29.85569912627356715, -4.624860584119469209, -22.28876940430921039 ) ) ;
#9530 = CARTESIAN_POINT ( 'NONE',  ( -21.76175575615275193, -20.15905952401790913, 22.80000000000000071 ) ) ;
#9531 = ORIENTED_EDGE ( 'NONE', *, *, #10087, .F. ) ;
#9532 = CARTESIAN_POINT ( 'NONE',  ( -29.14004756873616131, -4.709187587694891874, 15.91382769601441893 ) ) ;
#9533 = EDGE_LOOP ( 'NONE', ( #5238, #5533, #5212, #2696, #2175, #1269, #4624, #2029, #2713, #9359, #2370, #4889, #8617 ) ) ;
#9534 = CARTESIAN_POINT ( 'NONE',  ( -16.82873865795961876, -18.62947097251048234, -17.90553152650289803 ) ) ;
#9535 = AXIS2_PLACEMENT_3D ( 'NONE', #4435, #7593, #7686 ) ;
#9536 = CARTESIAN_POINT ( 'NONE',  ( -15.70000000000043983, -7.413460869489647997, -0.6235448002410136636 ) ) ;
#9537 = CARTESIAN_POINT ( 'NONE',  ( -23.74681840955538803, -23.57210199004510187, 6.717381158032527999 ) ) ;
#9538 = CARTESIAN_POINT ( 'NONE',  ( -29.59495909638448907, -4.824625090980672937, -15.97890292590940042 ) ) ;
#9539 = LINE ( 'NONE', #2449, #9518 ) ;
#9540 = CARTESIAN_POINT ( 'NONE',  ( -16.20000000000043983, -8.056804533085559328, -3.319057992788462919 ) ) ;
#9541 = LINE ( 'NONE', #8597, #7514 ) ;
#9542 = CARTESIAN_POINT ( 'NONE',  ( -15.07067548303579052, -17.23677875902086498, -20.61789907669575683 ) ) ;
#9543 = VECTOR ( 'NONE', #7324, 1000.000000000000114 ) ;
#9544 = CARTESIAN_POINT ( 'NONE',  ( -15.70000000000043627, -7.666587019310798112, 0.7236294819674692347 ) ) ;
#9545 = CARTESIAN_POINT ( 'NONE',  ( -27.90343145654566115, -4.395390008876841392, -15.99914861037674996 ) ) ;
#9546 = CARTESIAN_POINT ( 'NONE',  ( -23.94553474256444403, -22.13152913519771658, 6.916097491041585776 ) ) ;
#9547 = DIRECTION ( 'NONE',  ( -0.9588515045363131817, -0.2839080700657317657, 0.000000000000000000 ) ) ;
#9548 = CARTESIAN_POINT ( 'NONE',  ( -16.20000000000044338, -8.405300642668386502, -4.047900448263570539 ) ) ;
#9549 = CARTESIAN_POINT ( 'NONE',  ( -16.47920460761767814, -18.35257791140588068, -20.50515092013252527 ) ) ;
#9550 = VERTEX_POINT ( 'NONE', #7649 ) ;
#9551 = VECTOR ( 'NONE', #9331, 1000.000000000000000 ) ;
#9552 = CARTESIAN_POINT ( 'NONE',  ( -14.46746402760057215, -16.75893076982056229, 18.09792933424130723 ) ) ;
#9553 = ORIENTED_EDGE ( 'NONE', *, *, #9505, .T. ) ;
#9555 = ORIENTED_EDGE ( 'NONE', *, *, #3414, .F. ) ;
#9554 = DIRECTION ( 'NONE',  ( 0.6172982111373501724, -0.7867292536359808963, 0.000000000000000000 ) ) ;
#9556 = CARTESIAN_POINT ( 'NONE',  ( -15.70000000000043983, -6.972028366947922606, -4.242125776572106766 ) ) ;
#9557 = EDGE_CURVE ( 'NONE', #3569, #3546, #3663, .T. ) ;
#9558 = AXIS2_PLACEMENT_3D ( 'NONE', #3135, #9431, #8692 ) ;
#9559 = CIRCLE ( 'NONE', #5091, 1.000000000000004441 ) ;
#9560 = ORIENTED_EDGE ( 'NONE', *, *, #9176, .T. ) ;
#9561 = CARTESIAN_POINT ( 'NONE',  ( -16.20000000000043983, -7.989098054934059334, -2.627587577624199699 ) ) ;
#9562 = LINE ( 'NONE', #7889, #4066 ) ;
#9563 = ORIENTED_EDGE ( 'NONE', *, *, #5312, .F. ) ;
#9564 = CARTESIAN_POINT ( 'NONE',  ( -25.56249211402955268, -3.353677182443211890, 20.50557673824462412 ) ) ;
#9565 = VECTOR ( 'NONE', #538, 1000.000000000000114 ) ;
#9566 = ORIENTED_EDGE ( 'NONE', *, *, #104, .F. ) ;
#9567 = EDGE_CURVE ( 'NONE', #9784, #7520, #3711, .T. ) ;
#9568 = CARTESIAN_POINT ( 'NONE',  ( -28.77196948503498675, -4.615785466466033604, 22.09999999999996945 ) ) ;
#9569 = CONICAL_SURFACE ( 'NONE', #5096, 2.899999999999999911, 0.7853981633974479459 ) ;
#9570 = CARTESIAN_POINT ( 'NONE',  ( -14.47899732625679903, -16.12850713373659772, 17.86946932774394625 ) ) ;
#9571 = EDGE_CURVE ( 'NONE', #3300, #9302, #9467, .T. ) ;
#9572 = ADVANCED_FACE ( 'NONE', ( #7747, #6306 ), #7850, .T. ) ;
#9573 = CARTESIAN_POINT ( 'NONE',  ( -16.20000000000043983, -8.056804533085559328, 0.8297644981971120659 ) ) ;
#9574 = B_SPLINE_CURVE_WITH_KNOTS ( 'NONE', 3,
 ( #6000, #3656, #5840, #8314, #1210, #6777, #8373, #1263, #4441, #7600, #1055, #6826, #2860, #6058, #4230, #2648, #289, #3448, #10254 ),
 .UNSPECIFIED., .F., .F.,
 ( 4, 1, 1, 1, 1, 1, 1, 1, 1, 1, 1, 1, 1, 1, 1, 1, 4 ),
 ( 0.000000000000000000, 0.07567230238178908330, 0.1473813099735541421, 0.2160846766840669730, 0.2816980378616592562, 0.3454598829002487048, 0.4074856092774470917, 0.4687312995608496902, 0.5297823575334714707, 0.5900329257114983461, 0.6485481210783020645, 0.7059535135830398156, 0.7631016442005179590, 0.8202894288974417192, 0.8784792630440482197, 0.9382260550877835614, 0.9999999999999998890 ),
 .UNSPECIFIED. ) ;
#9575 = CONICAL_SURFACE ( 'NONE', #5101, 4.500000000000000888, 0.7853981633974482790 ) ;
#9576 = CARTESIAN_POINT ( 'NONE',  ( -17.04796840796678126, -18.80313735470862824, 18.42001242353533286 ) ) ;
#9577 = VERTEX_POINT ( 'NONE', #9366 ) ;
#9578 = DIRECTION ( 'NONE',  ( 0.000000000000000000, 0.000000000000000000, 1.000000000000000000 ) ) ;
#9579 = ADVANCED_FACE ( 'NONE', ( #4597 ), #6424, .T. ) ;
#9580 = CARTESIAN_POINT ( 'NONE',  ( -26.54703160077588819, -4.051193195916427570, -21.36336499483890705 ) ) ;
#9581 = DIRECTION ( 'NONE',  ( 0.000000000000000000, 0.000000000000000000, -1.000000000000000000 ) ) ;
#9582 = CARTESIAN_POINT ( 'NONE',  ( -21.76434591536398244, -22.37347945943200855, 4.734908663841129517 ) ) ;
#9583 = CARTESIAN_POINT ( 'NONE',  ( -16.20000000000043983, -9.981714739563939176, 1.474679320578919262 ) ) ;
#9584 = CARTESIAN_POINT ( 'NONE',  ( -26.67709731188934796, -4.084202166657346034, -16.53516699094558362 ) ) ;
#9585 = CARTESIAN_POINT ( 'NONE',  ( -17.06322922220345006, -18.27500734609224153, -20.80296832199783097 ) ) ;
#9586 = CARTESIAN_POINT ( 'NONE',  ( -28.31583208771256110, -4.500033520812626975, 15.93101827599292442 ) ) ;
#9587 = CARTESIAN_POINT ( 'NONE',  ( -16.63924458250182425, -18.47935941294474560, -17.64829466240320954 ) ) ;
#9588 = LINE ( 'NONE', #3297, #3422 ) ;
#9589 = CARTESIAN_POINT ( 'NONE',  ( -23.82266930357011248, -22.73210150549618547, 7.444364508777631784 ) ) ;
#9590 = CARTESIAN_POINT ( 'NONE',  ( -32.12745888707842568, -5.467257454708285280, -17.99947815820590691 ) ) ;
#9591 = ORIENTED_EDGE ( 'NONE', *, *, #2425, .F. ) ;
#9592 = CARTESIAN_POINT ( 'NONE',  ( -3.734754755516134228, -18.14152270854840410, -16.50000000000000355 ) ) ;
#9593 = LINE ( 'NONE', #6537, #9019 ) ;
#9594 = CARTESIAN_POINT ( 'NONE',  ( -4.499999999999996447, -14.70000000000003482, 23.00000000000000000 ) ) ;
#9595 = CARTESIAN_POINT ( 'NONE',  ( -16.20000000000043983, -7.802724347855769516, -3.360315799912119594 ) ) ;
#9596 = CARTESIAN_POINT ( 'NONE',  ( -0.9999999999999970024, -12.79893898089676796, -16.50000000000001421 ) ) ;
#9597 = CARTESIAN_POINT ( 'NONE',  ( -15.70000000000044338, -7.706673071872999436, 0.7483384280091044394 ) ) ;
#9598 = EDGE_LOOP ( 'NONE', ( #9031, #2545, #1095, #1373, #5334, #6500, #1809, #1606 ) ) ;
#9599 = CARTESIAN_POINT ( 'NONE',  ( -30.35966689724654444, -5.018670874133158044, -16.21361825676777357 ) ) ;
#9600 = CARTESIAN_POINT ( 'NONE',  ( -23.46838667091314079, -23.31273065191227545, -6.897524938574525422 ) ) ;
#9601 = EDGE_LOOP ( 'NONE', ( #5553, #4932, #8222, #4392 ) ) ;
#9602 = CARTESIAN_POINT ( 'NONE',  ( -16.20000000000043983, -9.808529584835024906, -1.336842802650911377 ) ) ;
#9603 = DIRECTION ( 'NONE',  ( -1.000000000000000000, 1.377879206612592155E-13, 0.000000000000000000 ) ) ;
#9604 = CARTESIAN_POINT ( 'NONE',  ( -15.70000000000043983, -8.937246535974217920, -3.543322053738093835 ) ) ;
#9605 = EDGE_LOOP ( 'NONE', ( #1105, #9201, #5745, #6021, #5588 ) ) ;
#9606 = CARTESIAN_POINT ( 'NONE',  ( -14.35227831868443538, -16.66768373050418361, 18.42001242353532930 ) ) ;
#9607 = ORIENTED_EDGE ( 'NONE', *, *, #5701, .F. ) ;
#9608 = CARTESIAN_POINT ( 'NONE',  ( -24.13615200076860390, -23.31094670801029878, -7.106714749245750085 ) ) ;
#9609 = CARTESIAN_POINT ( 'NONE',  ( -15.70000000000043983, -6.904353841145121073, -3.782919396294488479 ) ) ;
#9610 = CARTESIAN_POINT ( 'NONE',  ( -15.70000000000044338, -10.44090382043026644, 1.605471029417921081 ) ) ;
#9611 = ORIENTED_EDGE ( 'NONE', *, *, #8414, .F. ) ;
#9612 = CARTESIAN_POINT ( 'NONE',  ( -16.20000000000043983, -6.937770218718535276, -3.453388276238173127 ) ) ;
#9613 = CARTESIAN_POINT ( 'NONE',  ( -14.77218871093992369, -18.66334519499208611, 19.00000000000000000 ) ) ;
#9614 = ORIENTED_EDGE ( 'NONE', *, *, #7975, .F. ) ;
#9615 = ADVANCED_FACE ( 'NONE', ( #7081 ), #692, .T. ) ;
#9616 = CARTESIAN_POINT ( 'NONE',  ( -32.41224973980344259, -5.381834262816073355, 20.09470427638998657 ) ) ;
#9617 = VERTEX_POINT ( 'NONE', #3073 ) ;
#9618 = B_SPLINE_CURVE_WITH_KNOTS ( 'NONE', 3,
 ( #6147, #4580, #7828, #7733, #2165, #721, #2905, #2070, #2847, #9349, #6043, #4630, #9199, #530, #1396 ),
 .UNSPECIFIED., .F., .F.,
 ( 4, 1, 1, 1, 1, 1, 1, 1, 1, 1, 1, 1, 4 ),
 ( 0.000000000000000000, 0.1168990281982815460, 0.2258236839530682882, 0.3300860790235575770, 0.4354514863452308981, 0.4903067309632216375, 0.5482440571677190677, 0.6107668331470279544, 0.6776750949389457324, 0.7491886027449011776, 0.8268587199157831913, 0.9101115940212833877, 1.000000000000000000 ),
 .UNSPECIFIED. ) ;
#9619 = CARTESIAN_POINT ( 'NONE',  ( -28.15310407939444204, -4.458745150506545407, 22.04479959213602669 ) ) ;
#9620 = ORIENTED_EDGE ( 'NONE', *, *, #8671, .T. ) ;
#9621 = CARTESIAN_POINT ( 'NONE',  ( -16.55293918803420894, -17.85115309817227569, 21.14065535970051357 ) ) ;
#9622 = EDGE_CURVE ( 'NONE', #5955, #3534, #618, .T. ) ;
#9623 = LINE ( 'NONE', #3493, #7865 ) ;
#9624 = ORIENTED_EDGE ( 'NONE', *, *, #6800, .T. ) ;
#9625 = CARTESIAN_POINT ( 'NONE',  ( -16.20000000000044338, -7.999445824094980395, -4.883766000705993093 ) ) ;
#9626 = EDGE_CURVE ( 'NONE', #4730, #3936, #2236, .T. ) ;
#9627 = EDGE_CURVE ( 'NONE', #775, #6201, #5423, .T. ) ;
#9628 = CARTESIAN_POINT ( 'NONE',  ( -26.29782188802740706, -3.987959053236812768, -21.15685036297745114 ) ) ;
#9629 = CARTESIAN_POINT ( 'NONE',  ( -15.70000000000043983, -7.503628200954149285, -3.768513762645233633 ) ) ;
#9630 = CARTESIAN_POINT ( 'NONE',  ( -34.50000000000000000, -12.00000000000003197, 15.00000000000000000 ) ) ;
#9631 = LINE ( 'NONE', #6576, #4229 ) ;
#9632 = CARTESIAN_POINT ( 'NONE',  ( -28.58121536676150498, -4.567380745194691727, -15.90000000000003233 ) ) ;
#9633 = CARTESIAN_POINT ( 'NONE',  ( -15.70000000000043983, -8.391015233748285951, 0.09075549199030621961 ) ) ;
#9634 = CARTESIAN_POINT ( 'NONE',  ( -28.09818716274725858, -4.444809848834180066, 15.96491617319788858 ) ) ;
#9635 = VERTEX_POINT ( 'NONE', #3818 ) ;
#9636 = EDGE_CURVE ( 'NONE', #853, #9843, #3124, .T. ) ;
#9637 = CARTESIAN_POINT ( 'NONE',  ( -27.99307116923231575, -27.54714831674470332, -10.96363391770945483 ) ) ;
#9638 = DIRECTION ( 'NONE',  ( -0.8222815838158425983, -2.852862334617465125E-16, -0.5690808351344379679 ) ) ;
#9639 = CARTESIAN_POINT ( 'NONE',  ( -15.70000000000043983, -7.882496365929569038, -0.7375684428418834981 ) ) ;
#9640 = CARTESIAN_POINT ( 'NONE',  ( -23.79209008454618868, -23.55693054889074389, 6.762652833023339305 ) ) ;
#9641 = CARTESIAN_POINT ( 'NONE',  ( -31.54887328115667344, -5.320442581709250440, -17.07202943752109547 ) ) ;
#9642 = ADVANCED_FACE ( 'NONE', ( #7 ), #3768, .T. ) ;
#9643 = ORIENTED_EDGE ( 'NONE', *, *, #2556, .F. ) ;
#9644 = CARTESIAN_POINT ( 'NONE',  ( -16.20000000000043983, -7.503628200954149285, -3.768513762645233633 ) ) ;
#9645 = ADVANCED_FACE ( 'NONE', ( #9313 ), #7031, .T. ) ;
#9646 = CARTESIAN_POINT ( 'NONE',  ( -30.75231675888241867, -4.890341714885368063, 16.05160144306327652 ) ) ;
#9647 = CARTESIAN_POINT ( 'NONE',  ( -23.47616396508479042, -23.31140189581218181, -6.909535452647816101 ) ) ;
#9648 = AXIS2_PLACEMENT_3D ( 'NONE', #6137, #8400, #9237 ) ;
#9649 = CARTESIAN_POINT ( 'NONE',  ( -16.20000000000044338, -9.519325745999390520, -3.784479560941150567 ) ) ;
#9650 = CARTESIAN_POINT ( 'NONE',  ( -14.84644660940738703, -24.24594154601780716, -22.49999999999999289 ) ) ;
#9651 = DIRECTION ( 'NONE',  ( 0.000000000000000000, -0.6643638388299196729, -0.7474093186836597846 ) ) ;
#9652 = ORIENTED_EDGE ( 'NONE', *, *, #6542, .T. ) ;
#9653 = CARTESIAN_POINT ( 'NONE',  ( -32.28428482491175089, -5.507051388218036969, -18.59421707869871199 ) ) ;
#9654 = CARTESIAN_POINT ( 'NONE',  ( -23.08978774963707181, -23.26943877966111174, -6.313165154650707045 ) ) ;
#9655 = B_SPLINE_SURFACE_WITH_KNOTS ( 'NONE', 3, 1, ( 
 ( #10248, #6782 ),
 ( #9508, #4447 ),
 ( #8665, #3852 ),
 ( #7068, #7832 ),
 ( #7938, #10295 ),
 ( #7017, #832 ),
 ( #4726, #6248 ),
 ( #3957, #1488 ),
 ( #7116, #1542 ),
 ( #4677, #6972 ),
 ( #2274, #6199 ),
 ( #9355, #9458 ),
 ( #3162, #2810 ),
 ( #6348, #9156 ),
 ( #5554, #10144 ) ),
 .UNSPECIFIED., .F., .F., .F.,
 ( 4, 1, 1, 1, 1, 1, 1, 1, 1, 1, 1, 1, 4 ),
 ( 2, 2 ),
 ( 0.000000000000000000, 0.1168990281982813101, 0.2258236839530683437, 0.3300860790235573550, 0.4354514863452309537, 0.4903067309632215820, 0.5482440571677188457, 0.6107668331470277323, 0.6776750949389455103, 0.7491886027449009555, 0.8268587199157830803, 0.9101115940212832767, 1.000000000000000000 ),
 ( 0.000000000000000000, 1.000000000000000000 ),
 .UNSPECIFIED. ) ;
#9656 = VECTOR ( 'NONE', #1782, 1000.000000000000000 ) ;
#9657 = DIRECTION ( 'NONE',  ( 0.000000000000000000, 0.000000000000000000, 1.000000000000000000 ) ) ;
#9658 =( BOUNDED_CURVE ( )  B_SPLINE_CURVE ( 3, ( #1226, #1326, #3719, #3567 ),
 .UNSPECIFIED., .F., .T. ) 
 B_SPLINE_CURVE_WITH_KNOTS ( ( 4, 4 ),
 ( 3.141592653589793560, 3.480912777027585836 ),
 .UNSPECIFIED. ) 
 CURVE ( )  GEOMETRIC_REPRESENTATION_ITEM ( )  RATIONAL_B_SPLINE_CURVE ( ( 1.000000000000000000, 0.9904281476795127048, 0.9904281476795127048, 1.000000000000000000 ) ) 
 REPRESENTATION_ITEM ( '' )  );
#9659 = DIRECTION ( 'NONE',  ( 0.7071067811865457964, -0.7071067811865492381, 0.000000000000000000 ) ) ;
#9660 = DIRECTION ( 'NONE',  ( -0.000000000000000000, 0.000000000000000000, -1.000000000000000000 ) ) ;
#9661 = ORIENTED_EDGE ( 'NONE', *, *, #3918, .F. ) ;
#9662 = ADVANCED_BREP_SHAPE_REPRESENTATION ( 'PB_feet_elastomer_v2.2', ( #2514, #1224 ), #724 ) ;
#9663 = CARTESIAN_POINT ( 'NONE',  ( -14.63002014350571045, -16.88770337918926145, 20.18948768525455151 ) ) ;
#9664 = DIRECTION ( 'NONE',  ( 0.06506698801667648580, -0.6690227577152020322, -0.7403883013186957074 ) ) ;
#9665 = CARTESIAN_POINT ( 'NONE',  ( -13.29893898089548721, -0.4999999999996135869, -22.50000000000000711 ) ) ;
#9666 = DIRECTION ( 'NONE',  ( -0.000000000000000000, -0.000000000000000000, 1.000000000000000000 ) ) ;
#9667 = CARTESIAN_POINT ( 'NONE',  ( -15.70000000000043983, -9.734325611388177535, 1.332515512099041732 ) ) ;
#9668 = ORIENTED_EDGE ( 'NONE', *, *, #8486, .F. ) ;
#9669 = CARTESIAN_POINT ( 'NONE',  ( -34.00000000000000000, -8.000000000000031974, 0.000000000000000000 ) ) ;
#9670 = DIRECTION ( 'NONE',  ( -0.7071067811865492381, 0.7071067811865457964, 0.000000000000000000 ) ) ;
#9671 = ORIENTED_EDGE ( 'NONE', *, *, #8778, .T. ) ;
#9672 = AXIS2_PLACEMENT_3D ( 'NONE', #3109, #6292, #3262 ) ;
#9673 = CIRCLE ( 'NONE', #2017, 13.49999999999999822 ) ;
#9674 = ORIENTED_EDGE ( 'NONE', *, *, #8735, .F. ) ;
#9675 = CARTESIAN_POINT ( 'NONE',  ( -27.48558916727020573, -4.289360599257653561, 21.86904198720571202 ) ) ;
#9676 = ORIENTED_EDGE ( 'NONE', *, *, #3001, .F. ) ;
#9677 = CARTESIAN_POINT ( 'NONE',  ( -14.30440138401530703, -15.98348523083166484, 18.41509111858083614 ) ) ;
#9678 = VECTOR ( 'NONE', #400, 1000.000000000000114 ) ;
#9679 = B_SPLINE_CURVE_WITH_KNOTS ( 'NONE', 3,
 ( #2123, #5308, #8460, #1635, #4529, #4817, #7979, #7685, #3945, #6333, #9493 ),
 .UNSPECIFIED., .F., .F.,
 ( 4, 1, 1, 1, 1, 1, 1, 1, 4 ),
 ( 0.000000000000000000, 0.1850900618630605399, 0.3523569643820057551, 0.5030795117590483034, 0.6372794639743608602, 0.7524732703005150292, 0.8518857877882209939, 0.9343394349213434147, 1.000000000000000000 ),
 .UNSPECIFIED. ) ;
#9680 = CC_DESIGN_PERSON_AND_ORGANIZATION_ASSIGNMENT ( #956, #8729, ( #236 ) ) ;
#9681 = VECTOR ( 'NONE', #1716, 1000.000000000000114 ) ;
#9682 = CARTESIAN_POINT ( 'NONE',  ( -15.70000000000043983, -9.591254793415313173, -3.712049454811818361 ) ) ;
#9683 = ORIENTED_EDGE ( 'NONE', *, *, #9626, .F. ) ;
#9684 = CARTESIAN_POINT ( 'NONE',  ( -15.70000000000043983, -8.488320065805471160, 0.1661987655927519847 ) ) ;
#9685 = VECTOR ( 'NONE', #2968, 1000.000000000000000 ) ;
#9686 = CARTESIAN_POINT ( 'NONE',  ( -26.17992956038149899, -3.958039487814167590, -21.04342993305160192 ) ) ;
#9687 = DIRECTION ( 'NONE',  ( -1.000000000000000000, 0.000000000000000000, 0.000000000000000000 ) ) ;
#9688 = CARTESIAN_POINT ( 'NONE',  ( -16.20000000000043627, -9.547735031181955989, 1.191467703223121788 ) ) ;
#9689 = CARTESIAN_POINT ( 'NONE',  ( -27.26048947161523017, -4.232240568869286790, -16.21361825676777713 ) ) ;
#9690 = CARTESIAN_POINT ( 'NONE',  ( -16.44861830795429825, -17.76450267349643397, -21.19666665076287515 ) ) ;
#9691 = VECTOR ( 'NONE', #7028, 1000.000000000000000 ) ;
#9692 = EDGE_CURVE ( 'NONE', #6175, #6451, #3019, .T. ) ;
#9693 = VECTOR ( 'NONE', #5537, 1000.000000000000000 ) ;
#9694 = CARTESIAN_POINT ( 'NONE',  ( -29.27599156936408420, -4.743688489281534970, 15.92722283220604851 ) ) ;
#9695 = ORIENTED_EDGE ( 'NONE', *, *, #575, .F. ) ;
#9696 = CARTESIAN_POINT ( 'NONE',  ( -4.499999999999995559, -21.70000000000013785, -20.00000000000000000 ) ) ;
#9697 = CARTESIAN_POINT ( 'NONE',  ( -16.20000000000043983, -9.711187494247642604, 0.5390353515125253514 ) ) ;
#9698 = AXIS2_PLACEMENT_3D ( 'NONE', #5747, #4969, #863 ) ;
#9699 = CARTESIAN_POINT ( 'NONE',  ( -15.70000000000043983, -6.904353841145121073, 1.751725051749468021 ) ) ;
#9700 = CARTESIAN_POINT ( 'NONE',  ( -23.66350047951503299, -23.20706226896152202, 7.198688317158787875 ) ) ;
#9701 = CARTESIAN_POINT ( 'NONE',  ( -29.20745990338235742, -4.726294912061477227, -15.92002929378345399 ) ) ;
#9702 = ORIENTED_EDGE ( 'NONE', *, *, #3286, .F. ) ;
#9703 = CARTESIAN_POINT ( 'NONE',  ( -20.65905952401941192, -21.26175575615139834, 22.80000000000000071 ) ) ;
#9704 = CARTESIAN_POINT ( 'NONE',  ( -31.84203381090134499, -5.212998000757313122, 16.92760081561649343 ) ) ;
#9705 = CARTESIAN_POINT ( 'NONE',  ( -24.27071169886436408, -22.63147812837310013, -7.241274447341512044 ) ) ;
#9706 = CARTESIAN_POINT ( 'NONE',  ( -16.20000000000043627, -7.858755298660814681, -3.345409779731312483 ) ) ;
#9707 = EDGE_CURVE ( 'NONE', #6961, #9047, #1750, .T. ) ;
#9708 = FACE_OUTER_BOUND ( 'NONE', #8762, .T. ) ;
#9709 = LINE ( 'NONE', #5754, #10030 ) ;
#9710 = ORIENTED_EDGE ( 'NONE', *, *, #8548, .F. ) ;
#9711 = ADVANCED_FACE ( 'NONE', ( #8624 ), #7902, .F. ) ;
#9712 = EDGE_CURVE ( 'NONE', #3165, #6847, #3172, .T. ) ;
#9713 = CARTESIAN_POINT ( 'NONE',  ( -16.20000000000043627, -9.364960579833843113, 0.1998809039068753513 ) ) ;
#9714 = VECTOR ( 'NONE', #2124, 1000.000000000000000 ) ;
#9715 = DIRECTION ( 'NONE',  ( 0.7071067811865474617, 0.7071067811865474617, 0.000000000000000000 ) ) ;
#9716 = CARTESIAN_POINT ( 'NONE',  ( -25.18745909526083082, -3.242632980013721689, -18.99999999999999289 ) ) ;
#9717 = CARTESIAN_POINT ( 'NONE',  ( -15.70000000000043983, -8.488320065805471160, -3.982623725392821612 ) ) ;
#9718 = CARTESIAN_POINT ( 'NONE',  ( -15.70000000000044338, -10.15014371292751250, -2.608471651183738249 ) ) ;
#9719 = ORIENTED_EDGE ( 'NONE', *, *, #2187, .F. ) ;
#9720 = CARTESIAN_POINT ( 'NONE',  ( -15.07067548303578697, -17.23677875902086853, 20.61789907669574973 ) ) ;
#9721 = VECTOR ( 'NONE', #9509, 1000.000000000000114 ) ;
#9722 = DIRECTION ( 'NONE',  ( -0.7071067811865454633, -0.7071067811865495711, 0.000000000000000000 ) ) ;
#9723 = EDGE_CURVE ( 'NONE', #3118, #5168, #9524, .T. ) ;
#9725 = ORIENTED_EDGE ( 'NONE', *, *, #4191, .F. ) ;
#9724 = CARTESIAN_POINT ( 'NONE',  ( -34.00000000000000000, -8.000000000000031974, 5.420725942163712396 ) ) ;
#9726 = CARTESIAN_POINT ( 'NONE',  ( -15.70000000000043983, -9.219269289310586757, 0.8942154589206734450 ) ) ;
#9727 = CIRCLE ( 'NONE', #6408, 2.100000000000004530 ) ;
#9728 = VERTEX_POINT ( 'NONE', #2971 ) ;
#9729 = CARTESIAN_POINT ( 'NONE',  ( -13.50604576208235486, -2.999999999999575007, -23.00000000000000000 ) ) ;
#9730 = CARTESIAN_POINT ( 'NONE',  ( -16.20000000000043627, -8.184834602055778063, -4.163077456710102098 ) ) ;
#9731 = ORIENTED_EDGE ( 'NONE', *, *, #631, .F. ) ;
#9732 = CARTESIAN_POINT ( 'NONE',  ( -16.20000000000043627, -7.492321121360797420, 1.401076094599630784 ) ) ;
#9733 = VERTEX_POINT ( 'NONE', #6210 ) ;
#9734 = CARTESIAN_POINT ( 'NONE',  ( -26.63681844023439282, -4.073977076804818687, 21.42910883021327706 ) ) ;
#9735 = AXIS2_PLACEMENT_3D ( 'NONE', #4464, #3681, #4353 ) ;
#9736 = ORIENTED_EDGE ( 'NONE', *, *, #8425, .T. ) ;
#9737 = CARTESIAN_POINT ( 'NONE',  ( -14.60573695979348585, -16.23377889774781835, -20.37605907320817522 ) ) ;
#9738 = VECTOR ( 'NONE', #2441, 1000.000000000000000 ) ;
#9739 = CALENDAR_DATE ( 2022, 8, 12 ) ;
#9740 = DIRECTION ( 'NONE',  ( 1.000000000000000000, 0.000000000000000000, 0.000000000000000000 ) ) ;
#9741 = EDGE_LOOP ( 'NONE', ( #7648, #3062, #6913, #4276, #4130 ) ) ;
#9742 = VECTOR ( 'NONE', #844, 1000.000000000000114 ) ;
#9743 = DIRECTION ( 'NONE',  ( -1.000000000000000000, -3.833738881908740145E-13, 0.000000000000000000 ) ) ;
#9744 = VECTOR ( 'NONE', #3242, 1000.000000000000000 ) ;
#9745 = CARTESIAN_POINT ( 'NONE',  ( -25.96672241298802675, -3.903939605193397888, -20.80510861134269973 ) ) ;
#9746 = CARTESIAN_POINT ( 'NONE',  ( -23.74942327597424452, -23.57581993703862011, 6.719986024451389817 ) ) ;
#9747 = CARTESIAN_POINT ( 'NONE',  ( -16.20000000000043983, -9.014403707535935339, 0.6855992570465070379 ) ) ;
#9748 = CARTESIAN_POINT ( 'NONE',  ( -29.71672491231612412, -4.855521434125607882, -22.00085138962325004 ) ) ;
#9749 = VECTOR ( 'NONE', #2955, 999.9999999999998863 ) ;
#9750 = CARTESIAN_POINT ( 'NONE',  ( -23.45633423263256745, -23.31599277798122571, 6.878926995043653569 ) ) ;
#9751 = CARTESIAN_POINT ( 'NONE',  ( -30.84859440793590935, -5.142740232495109254, 16.48077111211626544 ) ) ;
#9752 = ORIENTED_EDGE ( 'NONE', *, *, #5444, .T. ) ;
#9753 = CARTESIAN_POINT ( 'NONE',  ( -13.65249237148911021, -3.146446609406293060, -23.00000000000000000 ) ) ;
#9754 = CARTESIAN_POINT ( 'NONE',  ( -13.35554127871816199, -3.363349964935522074, 22.63665003506408269 ) ) ;
#9755 = DIRECTION ( 'NONE',  ( 0.8164965809277238140, -9.294319650853875262E-16, 0.5773502691896289507 ) ) ;
#9756 = CARTESIAN_POINT ( 'NONE',  ( -15.70000000000043272, -7.530192499262718719, 0.2023622459757175585 ) ) ;
#9757 = CARTESIAN_POINT ( 'NONE',  ( -29.03579763127195790, -4.682733786496521056, -15.90641439612007169 ) ) ;
#9758 = ORIENTED_EDGE ( 'NONE', *, *, #8224, .F. ) ;
#9759 = CARTESIAN_POINT ( 'NONE',  ( -3.999999999999996447, -14.70000000000003482, -22.50000000000000000 ) ) ;
#9760 = CARTESIAN_POINT ( 'NONE',  ( -31.68737387575046327, -5.167204461823026840, 16.75488767569455462 ) ) ;
#9761 = CARTESIAN_POINT ( 'NONE',  ( -23.71635244085108951, -22.51225337288521189, -7.280265024517885486 ) ) ;
#9762 = EDGE_CURVE ( 'NONE', #8446, #2340, #2183, .T. ) ;
#9763 = CARTESIAN_POINT ( 'NONE',  ( -16.20000000000043627, -7.573282522577134301, -3.515137631816488195 ) ) ;
#9764 = CARTESIAN_POINT ( 'NONE',  ( -0.9999999999999970024, -12.79893898089671467, 16.50000000000001421 ) ) ;
#9765 = ORIENTED_EDGE ( 'NONE', *, *, #4225, .T. ) ;
#9766 = DIRECTION ( 'NONE',  ( -3.469446951953614189E-16, 1.000000000000000000, 0.000000000000000000 ) ) ;
#9767 = DIRECTION ( 'NONE',  ( 0.000000000000000000, 0.000000000000000000, 1.000000000000000000 ) ) ;
#9768 = CARTESIAN_POINT ( 'NONE',  ( -16.20000000000043983, -10.49999999999928768, -2.028313217815174152 ) ) ;
#9769 = ADVANCED_FACE ( 'NONE', ( #4131 ), #3909, .T. ) ;
#9770 = CARTESIAN_POINT ( 'NONE',  ( -16.20000000000043627, -8.871919485540688655, -3.610999278659728695 ) ) ;
#9771 = CARTESIAN_POINT ( 'NONE',  ( -16.81399438882110076, -18.61779111663126329, -20.11729907428816944 ) ) ;
#9772 = VERTEX_POINT ( 'NONE', #8732 ) ;
#9773 = CARTESIAN_POINT ( 'NONE',  ( -17.11135718769717329, -18.85335225142369708, 19.23561588986810023 ) ) ;
#9774 = EDGE_CURVE ( 'NONE', #1709, #7171, #8060, .T. ) ;
#9775 = EDGE_CURVE ( 'NONE', #9447, #6769, #1427, .T. ) ;
#9776 = LINE ( 'NONE', #7371, #8999 ) ;
#9778 = ORIENTED_EDGE ( 'NONE', *, *, #6977, .T. ) ;
#9777 = CARTESIAN_POINT ( 'NONE',  ( -16.20000000000043627, -6.905157355145649767, 0.3240958251316182759 ) ) ;
#9779 = LINE ( 'NONE', #7233, #9516 ) ;
#9780 = ORIENTED_EDGE ( 'NONE', *, *, #6970, .F. ) ;
#9781 = EDGE_CURVE ( 'NONE', #9047, #3032, #3285, .T. ) ;
#9782 = DIRECTION ( 'NONE',  ( 0.000000000000000000, -1.000000000000000000, 0.000000000000000000 ) ) ;
#9783 = LINE ( 'NONE', #5098, #9368 ) ;
#9784 = VERTEX_POINT ( 'NONE', #8001 ) ;
#9785 = CARTESIAN_POINT ( 'NONE',  ( -16.20000000000044338, -7.392272809534230937, 1.351198996284884268 ) ) ;
#9786 = EDGE_CURVE ( 'NONE', #874, #6370, #1713, .T. ) ;
#9787 = VERTEX_POINT ( 'NONE', #2432 ) ;
#9788 = DIRECTION ( 'NONE',  ( -0.000000000000000000, -0.000000000000000000, 1.000000000000000000 ) ) ;
#9789 = EDGE_LOOP ( 'NONE', ( #5485, #7949, #5046, #10068 ) ) ;
#9790 = CARTESIAN_POINT ( 'NONE',  ( -14.30440138401530703, -15.98348523083166484, -19.58490888141916031 ) ) ;
#9791 = CARTESIAN_POINT ( 'NONE',  ( -16.20000000000043983, -6.904353841145121073, 2.485692086179034810 ) ) ;
#9792 = DIRECTION ( 'NONE',  ( 0.000000000000000000, 0.000000000000000000, 1.000000000000000000 ) ) ;
#9793 = ORIENTED_EDGE ( 'NONE', *, *, #9176, .F. ) ;
#9794 = CARTESIAN_POINT ( 'NONE',  ( -22.00000000000000711, -12.74960641861694377, 4.970562748477147963 ) ) ;
#9795 = CARTESIAN_POINT ( 'NONE',  ( -27.44469273405517029, -4.278982759704708094, -21.85393404255243155 ) ) ;
#9796 = CARTESIAN_POINT ( 'NONE',  ( -15.70000000000044338, -7.224479268694423695, -2.923993409270568833 ) ) ;
#9797 = CARTESIAN_POINT ( 'NONE',  ( -31.95306890763653129, -5.423003849417333377, -17.62623021204553098 ) ) ;
#9798 = CARTESIAN_POINT ( 'NONE',  ( -23.24293321393052381, -23.32393524564736609, 6.549553037523431875 ) ) ;
#9799 = LINE ( 'NONE', #3397, #2042 ) ;
#9800 = ORIENTED_EDGE ( 'NONE', *, *, #5765, .F. ) ;
#9801 = CARTESIAN_POINT ( 'NONE',  ( -15.49367774168135448, -17.57185695448259111, -17.21894597482116396 ) ) ;
#9802 = CARTESIAN_POINT ( 'NONE',  ( -15.70000000000043983, -9.421883442187549917, 0.2629493715200401094 ) ) ;
#9803 = CARTESIAN_POINT ( 'NONE',  ( -15.70000000000043983, -8.971562269813281532, 0.6410506973918653761 ) ) ;
#9804 = FACE_OUTER_BOUND ( 'NONE', #1752, .T. ) ;
#9805 = CARTESIAN_POINT ( 'NONE',  ( -28.77196948405711296, -4.615785466217740662, -15.90000000000003233 ) ) ;
#9806 = ORIENTED_EDGE ( 'NONE', *, *, #7607, .F. ) ;
#9807 = CARTESIAN_POINT ( 'NONE',  ( -13.29893898089548721, -0.4999999999996136979, -22.50000000000000711 ) ) ;
#9808 = CARTESIAN_POINT ( 'NONE',  ( -14.67998262053202652, -16.92728223690270184, 17.74719702975447078 ) ) ;
#9809 = CARTESIAN_POINT ( 'NONE',  ( -23.82977547370924754, -22.88555652996907952, -7.455332842728372711 ) ) ;
#9810 = CARTESIAN_POINT ( 'NONE',  ( -15.70000000000043272, -7.573282522577134301, -3.515137631816488195 ) ) ;
#9811 = CARTESIAN_POINT ( 'NONE',  ( -12.30050506338938199, -21.70000000000013785, -22.49999999999999289 ) ) ;
#9812 = CARTESIAN_POINT ( 'NONE',  ( -16.20000000000043627, -7.573282522577134301, -3.515137631816488195 ) ) ;
#9813 = ORIENTED_EDGE ( 'NONE', *, *, #3796, .F. ) ;
#9814 = CARTESIAN_POINT ( 'NONE',  ( -15.70000000000044338, -7.921690559250708752, -0.7366887283239051953 ) ) ;
#9815 = LINE ( 'NONE', #9232, #5401 ) ;
#9816 = CARTESIAN_POINT ( 'NONE',  ( -32.60158332329181974, -5.437894384777099077, -19.44402250314852054 ) ) ;
#9817 = LINE ( 'NONE', #5864, #2581 ) ;
#9818 = CARTESIAN_POINT ( 'NONE',  ( -24.59049478946344536, -23.81940512146392308, 23.00000000000000000 ) ) ;
#9819 = ORIENTED_EDGE ( 'NONE', *, *, #3091, .T. ) ;
#9820 = CARTESIAN_POINT ( 'NONE',  ( -32.28428482491175089, -5.507051388218039634, 18.59421707869870843 ) ) ;
#9821 = CARTESIAN_POINT ( 'NONE',  ( -16.20000000000044338, -7.882496365929570814, -0.7375684428418836092 ) ) ;
#9823 = ORIENTED_EDGE ( 'NONE', *, *, #2959, .T. ) ;
#9822 = CARTESIAN_POINT ( 'NONE',  ( -16.20000000000043983, -8.056804533085559328, -3.319057992788462919 ) ) ;
#9824 = CARTESIAN_POINT ( 'NONE',  ( -25.30602362989167631, -3.277738966755185501, -18.11910417761286496 ) ) ;
#9825 = EDGE_CURVE ( 'NONE', #7217, #1900, #5750, .T. ) ;
#9826 = FACE_OUTER_BOUND ( 'NONE', #4139, .T. ) ;
#9827 = DIRECTION ( 'NONE',  ( -0.7071067811865502373, 0.7071067811865449082, -0.000000000000000000 ) ) ;
#9828 = VERTEX_POINT ( 'NONE', #8835 ) ;
#9829 = FACE_OUTER_BOUND ( 'NONE', #5451, .T. ) ;
#9830 = VECTOR ( 'NONE', #5990, 1000.000000000000114 ) ;
#9831 = EDGE_LOOP ( 'NONE', ( #9347, #4586, #1936, #1642 ) ) ;
#9833 = DIRECTION ( 'NONE',  ( 1.000000000000000000, 3.469446951953615175E-16, -0.000000000000000000 ) ) ;
#9832 = CYLINDRICAL_SURFACE ( 'NONE', #1675, 3.099999999999967670 ) ;
#9834 = DIRECTION ( 'NONE',  ( 1.000000000000000000, 0.000000000000000000, 0.000000000000000000 ) ) ;
#9835 = EDGE_CURVE ( 'NONE', #9302, #5771, #6329, .T. ) ;
#9836 = ORIENTED_EDGE ( 'NONE', *, *, #1061, .T. ) ;
#9837 = CARTESIAN_POINT ( 'NONE',  ( -15.87733923712663930, -17.28999005380108045, -21.25587117207535925 ) ) ;
#9838 = ADVANCED_FACE ( 'NONE', ( #5728 ), #902, .F. ) ;
#9839 = EDGE_CURVE ( 'NONE', #967, #9025, #1266, .T. ) ;
#9840 = AXIS2_PLACEMENT_3D ( 'NONE', #572, #4469, #10027 ) ;
#9841 = FACE_OUTER_BOUND ( 'NONE', #5049, .T. ) ;
#9842 = CARTESIAN_POINT ( 'NONE',  ( -15.70000000000043983, -8.976728148939328022, -4.365520845354883939 ) ) ;
#9843 = VERTEX_POINT ( 'NONE', #4227 ) ;
#9844 = CARTESIAN_POINT ( 'NONE',  ( -17.73414117061782136, -18.83227646810957978, -18.99999999999999645 ) ) ;
#9845 = CARTESIAN_POINT ( 'NONE',  ( -28.61107839185756063, -4.574958239860305476, -22.09498923892942202 ) ) ;
#9846 = VECTOR ( 'NONE', #1889, 1000.000000000000000 ) ;
#9847 = CARTESIAN_POINT ( 'NONE',  ( -15.70000000000043983, -7.097036302006134889, -3.080012504680883723 ) ) ;
#9848 = CARTESIAN_POINT ( 'NONE',  ( -16.20000000000043627, -7.492321121360797420, 1.401076094599630784 ) ) ;
#9849 = AXIS2_PLACEMENT_3D ( 'NONE', #719, #1640, #3261 ) ;
#9850 = CARTESIAN_POINT ( 'NONE',  ( -23.83172756043340001, -22.83172798368561018, 7.458345222969253285 ) ) ;
#9851 = DIRECTION ( 'NONE',  ( -1.000000000000000000, -7.112366251504905932E-15, 0.000000000000000000 ) ) ;
#9852 = CARTESIAN_POINT ( 'NONE',  ( -14.71262721357556735, -16.95314240518620252, -17.70582791628842401 ) ) ;
#9853 = DIRECTION ( 'NONE',  ( 0.000000000000000000, -0.4999999999999969469, -0.8660254037844403729 ) ) ;
#9854 = VECTOR ( 'NONE', #5365, 1000.000000000000000 ) ;
#9855 = DIRECTION ( 'NONE',  ( 0.000000000000000000, 0.000000000000000000, -1.000000000000000000 ) ) ;
#9856 = CYLINDRICAL_SURFACE ( 'NONE', #9353, 3.500000000000013323 ) ;
#9857 = ORIENTED_EDGE ( 'NONE', *, *, #6844, .F. ) ;
#9858 = CARTESIAN_POINT ( 'NONE',  ( -27.26048947161521596, -4.232240568869298336, 16.21361825676778423 ) ) ;
#9859 = CARTESIAN_POINT ( 'NONE',  ( -15.42111763022157334, -17.51438965762725530, 17.23506580103732233 ) ) ;
#9860 = CARTESIAN_POINT ( 'NONE',  ( -23.01225337288698114, -23.21635244084943039, -6.193492042643314655 ) ) ;
#9861 = CARTESIAN_POINT ( 'NONE',  ( -16.82873865795061263, -18.62947097250361495, 20.09446847351177112 ) ) ;
#9862 = CARTESIAN_POINT ( 'NONE',  ( -16.20000000000043983, -6.904353841145121073, 4.386515446198294477 ) ) ;
#9863 = CARTESIAN_POINT ( 'NONE',  ( -16.20000000000043983, -6.904353841145121073, 1.751725051749468021 ) ) ;
#9864 = VECTOR ( 'NONE', #4302, 1000.000000000000000 ) ;
#9865 = LINE ( 'NONE', #255, #5052 ) ;
#9866 = ORIENTED_EDGE ( 'NONE', *, *, #9252, .T. ) ;
#9867 = FACE_OUTER_BOUND ( 'NONE', #7863, .T. ) ;
#9868 = DIRECTION ( 'NONE',  ( -0.7071067811865475727, 0.7071067811865475727, 0.000000000000000000 ) ) ;
#9869 = CARTESIAN_POINT ( 'NONE',  ( -13.50604576208209373, -0.9999999999995925481, 23.00000000000000000 ) ) ;
#9870 = DIRECTION ( 'NONE',  ( 0.000000000000000000, -1.000000000000000000, 0.000000000000000000 ) ) ;
#9871 = CARTESIAN_POINT ( 'NONE',  ( -15.19999999999933316, -5.499999999999345413, -23.00000000000000000 ) ) ;
#9872 = ORIENTED_EDGE ( 'NONE', *, *, #8486, .T. ) ;
#9873 = VECTOR ( 'NONE', #8283, 1000.000000000000000 ) ;
#9874 = CARTESIAN_POINT ( 'NONE',  ( -16.20000000000044338, -7.921690559250708752, -0.7366887283239051953 ) ) ;
#9876 = EDGE_LOOP ( 'NONE', ( #9765, #4289, #2739, #3007 ) ) ;
#9875 = CARTESIAN_POINT ( 'NONE',  ( -16.20000000000043627, -7.530192499262723160, -3.946460245009856926 ) ) ;
#9877 = AXIS2_PLACEMENT_3D ( 'NONE', #1862, #1764, #9740 ) ;
#9878 = PLANE ( 'NONE',  #6699 ) ;
#9879 = LINE ( 'NONE', #3482, #1751 ) ;
#9880 = DIRECTION ( 'NONE',  ( 1.000000000000000000, 3.469446951953615175E-16, -0.000000000000000000 ) ) ;
#9881 = VERTEX_POINT ( 'NONE', #2594 ) ;
#9882 = AXIS2_PLACEMENT_3D ( 'NONE', #9871, #2727, #5921 ) ;
#9883 = CARTESIAN_POINT ( 'NONE',  ( -16.20000000000043983, -6.937770218718534387, 0.6954342147474026348 ) ) ;
#9884 = VERTEX_POINT ( 'NONE', #4384 ) ;
#9885 = EDGE_CURVE ( 'NONE', #1350, #3797, #3652, .T. ) ;
#9887 = CARTESIAN_POINT ( 'NONE',  ( -0.9999999999999970024, -12.79893898089672000, 23.00000000000000000 ) ) ;
#9886 = CARTESIAN_POINT ( 'NONE',  ( -16.20000000000043983, -8.784289032372960548, -0.3889521085299013636 ) ) ;
#9888 = CARTESIAN_POINT ( 'NONE',  ( -19.34214510301535128, -21.59787395021087875, -23.00000000000000000 ) ) ;
#9889 = ORIENTED_EDGE ( 'NONE', *, *, #1926, .T. ) ;
#9890 = CARTESIAN_POINT ( 'NONE',  ( -17.14305017624782579, -18.34130777953066982, -17.30045582609816179 ) ) ;
#9891 = VECTOR ( 'NONE', #4380, 1000.000000000000000 ) ;
#9892 = CARTESIAN_POINT ( 'NONE',  ( -14.59862370132188758, -16.22787052286714982, -17.61268471545330883 ) ) ;
#9893 = ORIENTED_EDGE ( 'NONE', *, *, #6915, .F. ) ;
#9894 = CARTESIAN_POINT ( 'NONE',  ( 2.500000000000002220, -14.70000000000013962, -22.50000000000000000 ) ) ;
#9895 = EDGE_CURVE ( 'NONE', #5082, #8412, #437, .T. ) ;
#9896 = CARTESIAN_POINT ( 'NONE',  ( -28.94409862139586309, -4.659465182061392596, -22.09775269136351383 ) ) ;
#9897 = ADVANCED_FACE ( 'NONE', ( #7595 ), #5946, .T. ) ;
#9898 = EDGE_CURVE ( 'NONE', #861, #3904, #10078, .T. ) ;
#9899 = CARTESIAN_POINT ( 'NONE',  ( -34.00000000000000000, -2.500000000000023093, -2.899999999999999911 ) ) ;
#9900 = CARTESIAN_POINT ( 'NONE',  ( -23.64521755413642268, -23.22194309832215353, 7.170461663348528525 ) ) ;
#9901 = CARTESIAN_POINT ( 'NONE',  ( -30.72848090109274466, -5.112259202823036475, 16.40805824254560363 ) ) ;
#9902 = VECTOR ( 'NONE', #3783, 1000.000000000000000 ) ;
#9903 = CARTESIAN_POINT ( 'NONE',  ( -15.43078127492921148, -17.52204459368354250, -17.23265654160695348 ) ) ;
#9904 = CARTESIAN_POINT ( 'NONE',  ( -15.70000000000043983, -9.300625348133955583, 0.1304476834341581626 ) ) ;
#9905 = ORIENTED_EDGE ( 'NONE', *, *, #8662, .F. ) ;
#9906 = AXIS2_PLACEMENT_3D ( 'NONE', #6295, #4937, #4114 ) ;
#9907 = CARTESIAN_POINT ( 'NONE',  ( -12.75693438455825124, -16.64809086861041720, 22.49999999999998579 ) ) ;
#9908 = CARTESIAN_POINT ( 'NONE',  ( -15.70000000000044338, -7.505149625707763228, 0.3487333291709960870 ) ) ;
#9909 = ORIENTED_EDGE ( 'NONE', *, *, #6206, .F. ) ;
#9910 = CARTESIAN_POINT ( 'NONE',  ( -29.26779434669741420, -4.741603270279323823, 15.91998265112328959 ) ) ;
#9911 = CARTESIAN_POINT ( 'NONE',  ( -14.72730332566751166, -16.96476867725938220, 17.68722932208390120 ) ) ;
#9912 = CARTESIAN_POINT ( 'NONE',  ( -16.20000000000043983, -9.163291940019410831, -4.169130202438667609 ) ) ;
#9913 = ADVANCED_FACE ( 'NONE', ( #8418 ), #8398, .F. ) ;
#9914 = VECTOR ( 'NONE', #1305, 1000.000000000000000 ) ;
#9915 = DIRECTION ( 'NONE',  ( 0.000000000000000000, 0.000000000000000000, -1.000000000000000000 ) ) ;
#9916 = FACE_OUTER_BOUND ( 'NONE', #5916, .T. ) ;
#9917 = FACE_OUTER_BOUND ( 'NONE', #4915, .T. ) ;
#9918 = CARTESIAN_POINT ( 'NONE',  ( 0.6464466094067167212, -12.29893898089671822, 18.85355339059327306 ) ) ;
#9919 = ORIENTED_EDGE ( 'NONE', *, *, #3859, .T. ) ;
#9920 = DIRECTION ( 'NONE',  ( 0.000000000000000000, -0.9383527442516602646, 0.3456792260975167785 ) ) ;
#9921 = ORIENTED_EDGE ( 'NONE', *, *, #174, .F. ) ;
#9922 = DIRECTION ( 'NONE',  ( -0.000000000000000000, -0.000000000000000000, 1.000000000000000000 ) ) ;
#9923 = VECTOR ( 'NONE', #3207, 1000.000000000000000 ) ;
#9924 = CARTESIAN_POINT ( 'NONE',  ( -22.00000000000000355, -22.87556021811288787, 4.970562748477148851 ) ) ;
#9925 = CARTESIAN_POINT ( 'NONE',  ( -15.70000000000043983, -9.808529584835024906, -2.028313217815174152 ) ) ;
#9926 = CARTESIAN_POINT ( 'NONE',  ( -16.20000000000043983, -10.49999999999928768, 3.076323065798509226 ) ) ;
#9927 = ORIENTED_EDGE ( 'NONE', *, *, #4179, .T. ) ;
#9928 = CARTESIAN_POINT ( 'NONE',  ( -29.03894100210026963, -4.683530697807767318, 15.90000000000003233 ) ) ;
#9929 = FACE_OUTER_BOUND ( 'NONE', #7590, .T. ) ;
#9931 = VERTEX_POINT ( 'NONE', #9894 ) ;
#9930 = CARTESIAN_POINT ( 'NONE',  ( -14.60573695979348585, -16.23377889774781835, -20.37605907320817522 ) ) ;
#9932 = CARTESIAN_POINT ( 'NONE',  ( -25.56249211402955623, -3.353677182443215887, -20.50557673824462057 ) ) ;
#9933 = VERTEX_POINT ( 'NONE', #9098 ) ;
#9934 = CARTESIAN_POINT ( 'NONE',  ( -15.43910932942963399, -0.4999999999993323674, 15.50000000000001243 ) ) ;
#9935 = CARTESIAN_POINT ( 'NONE',  ( -3.999999999999996447, -14.70000000000003482, 23.00000000000000000 ) ) ;
#9936 = VERTEX_POINT ( 'NONE', #2803 ) ;
#9937 = CARTESIAN_POINT ( 'NONE',  ( -16.20000000000044693, -7.601964286192017362, 1.443933119654894348 ) ) ;
#9938 = ORIENTED_EDGE ( 'NONE', *, *, #3020, .F. ) ;
#9939 = CARTESIAN_POINT ( 'NONE',  ( -27.02884101795645932, -3.787851072130347774, 16.03082206148479116 ) ) ;
#9940 = LINE ( 'NONE', #5992, #8887 ) ;
#9941 = ORIENTED_EDGE ( 'NONE', *, *, #2063, .T. ) ;
#9942 = CARTESIAN_POINT ( 'NONE',  ( -14.60573695979348230, -16.23377889774781124, -17.62394092679182833 ) ) ;
#9943 = CARTESIAN_POINT ( 'NONE',  ( -12.79893898089581583, -2.999999999999674927, -22.50000000000000711 ) ) ;
#9944 = B_SPLINE_CURVE_WITH_KNOTS ( 'NONE', 3,
 ( #5597, #4816, #5646, #4046, #7207, #8808, #407, #5918, #2781, #10018, #2882, #7516, #8186, #6750, #3517, #1284, #1079, #8242, #7464 ),
 .UNSPECIFIED., .F., .F.,
 ( 4, 1, 1, 1, 1, 1, 1, 1, 1, 1, 1, 1, 1, 1, 1, 1, 4 ),
 ( 0.000000000000000000, 0.07567230238178908330, 0.1473813099735541421, 0.2160846766840669730, 0.2816980378616592562, 0.3454598829002487048, 0.4074856092774470917, 0.4687312995608496902, 0.5297823575334714707, 0.5900329257114983461, 0.6485481210783020645, 0.7059535135830398156, 0.7631016442005179590, 0.8202894288974417192, 0.8784792630440482197, 0.9382260550877835614, 0.9999999999999998890 ),
 .UNSPECIFIED. ) ;
#9945 = FACE_OUTER_BOUND ( 'NONE', #17, .T. ) ;
#9946 = ORIENTED_EDGE ( 'NONE', *, *, #8778, .F. ) ;
#9947 = FACE_OUTER_BOUND ( 'NONE', #9293, .T. ) ;
#9948 = CARTESIAN_POINT ( 'NONE',  ( -28.23097230014568737, -4.478500431287321781, -22.05761189038493342 ) ) ;
#9949 = FACE_OUTER_BOUND ( 'NONE', #3331, .T. ) ;
#9950 = EDGE_CURVE ( 'NONE', #6762, #9009, #3700, .T. ) ;
#9951 = CARTESIAN_POINT ( 'NONE',  ( -23.28948103907316636, -23.33011850914686036, 6.621393766213531151 ) ) ;
#9952 = DIRECTION ( 'NONE',  ( -0.000000000000000000, -0.000000000000000000, -1.000000000000000000 ) ) ;
#9953 = CARTESIAN_POINT ( 'NONE',  ( -14.58625233793424769, -16.85302996866205305, -17.88270092554689583 ) ) ;
#9954 = ADVANCED_FACE ( 'NONE', ( #8993, #1156 ), #2646, .F. ) ;
#9955 = DIRECTION ( 'NONE',  ( 0.9588515045363131817, 0.2839080700657317657, 0.000000000000000000 ) ) ;
#9956 = ORIENTED_EDGE ( 'NONE', *, *, #4621, .F. ) ;
#9957 = CARTESIAN_POINT ( 'NONE',  ( -14.77218871093992369, -18.66334519499208611, -19.00000000000000000 ) ) ;
#9958 = CARTESIAN_POINT ( 'NONE',  ( -16.20000000000043983, -10.49999999999928768, -4.886390933827458483 ) ) ;
#9959 = VERTEX_POINT ( 'NONE', #3495 ) ;
#9960 = CARTESIAN_POINT ( 'NONE',  ( -26.49933531175041779, -4.039094254190847444, 21.33549991874404839 ) ) ;
#9961 = CARTESIAN_POINT ( 'NONE',  ( -16.47758631529512741, -1.185168229585941813, -15.00000000000000000 ) ) ;
#9962 = CARTESIAN_POINT ( 'NONE',  ( -15.70000000000043983, -9.232888244074917594, -4.093915971200057236 ) ) ;
#9963 = CARTESIAN_POINT ( 'NONE',  ( -22.69533188057734563, -15.12426406871125373, -19.00000000000000000 ) ) ;
#9964 = CARTESIAN_POINT ( 'NONE',  ( -16.85601143448008088, -18.65107397903097564, 20.04767413181539126 ) ) ;
#9965 = DIRECTION ( 'NONE',  ( -0.7071067811865474617, -0.7071067811865474617, 0.000000000000000000 ) ) ;
#9966 = LINE ( 'NONE', #2144, #7174 ) ;
#9967 = ADVANCED_FACE ( 'NONE', ( #9947 ), #1208, .F. ) ;
#9968 = CARTESIAN_POINT ( 'NONE',  ( -16.20000000000043627, -8.356433291003842356, -4.078885613518853148 ) ) ;
#9969 = ORIENTED_EDGE ( 'NONE', *, *, #1171, .T. ) ;
#9970 = FACE_OUTER_BOUND ( 'NONE', #1852, .T. ) ;
#9971 = EDGE_LOOP ( 'NONE', ( #4839, #133, #3810, #5655 ) ) ;
#9972 = EDGE_CURVE ( 'NONE', #1667, #9179, #7891, .T. ) ;
#9973 = CARTESIAN_POINT ( 'NONE',  ( -23.33172798364586242, -22.83172798364415712, -15.00000000000000000 ) ) ;
#9974 = EDGE_CURVE ( 'NONE', #280, #3278, #9150, .T. ) ;
#9975 = CARTESIAN_POINT ( 'NONE',  ( -15.19999999999933316, -5.499999999999345413, 23.00000000000000000 ) ) ;
#9976 = CARTESIAN_POINT ( 'NONE',  ( -16.78744303732156951, -20.67859952137373369, -16.00000000000000000 ) ) ;
#9977 = DIRECTION ( 'NONE',  ( 0.000000000000000000, 1.000000000000000000, 0.000000000000000000 ) ) ;
#9978 = VERTEX_POINT ( 'NONE', #9794 ) ;
#9979 = CARTESIAN_POINT ( 'NONE',  ( -27.99307116923232286, -27.54714831674469622, 10.96363391770945483 ) ) ;
#9980 = CARTESIAN_POINT ( 'NONE',  ( -14.47899732625679903, -16.12850713373659772, -17.86946932774394270 ) ) ;
#9981 = CARTESIAN_POINT ( 'NONE',  ( -25.21135487872719949, -3.249708325606390336, -19.44471594330205377 ) ) ;
#9982 = CARTESIAN_POINT ( 'NONE',  ( -16.47758631529512741, -1.185168229585934707, 15.00000000000000000 ) ) ;
#9983 = CARTESIAN_POINT ( 'NONE',  ( -14.27973342103618393, -16.61021607262439659, -19.11625571993388917 ) ) ;
#9984 = ORIENTED_EDGE ( 'NONE', *, *, #4812, .T. ) ;
#9985 = CARTESIAN_POINT ( 'NONE',  ( -34.71423156829899170, 1.278697662366830468, -19.00000000000000000 ) ) ;
#9986 = VERTEX_POINT ( 'NONE', #8312 ) ;
#9987 = DIRECTION ( 'NONE',  ( -0.000000000000000000, -0.000000000000000000, 1.000000000000000000 ) ) ;
#9988 = DIRECTION ( 'NONE',  ( 2.709307669882598235E-16, -1.000000000000000000, 0.000000000000000000 ) ) ;
#9989 = ORIENTED_EDGE ( 'NONE', *, *, #5616, .T. ) ;
#9990 = CARTESIAN_POINT ( 'NONE',  ( -17.73414117061782136, -18.83227646810957623, -18.99999999999999645 ) ) ;
#9991 = LINE ( 'NONE', #5001, #6573 ) ;
#9992 = CARTESIAN_POINT ( 'NONE',  ( -14.29450184521667566, -15.97526253140333452, -18.40821536392863678 ) ) ;
#9993 = VERTEX_POINT ( 'NONE', #9994 ) ;
#9994 = CARTESIAN_POINT ( 'NONE',  ( 1.999999999999999556, -12.29893898089671822, -23.00000000000000000 ) ) ;
#9995 =( BOUNDED_CURVE ( )  B_SPLINE_CURVE ( 3, ( #8020, #3349, #918, #4092 ),
 .UNSPECIFIED., .F., .T. ) 
 B_SPLINE_CURVE_WITH_KNOTS ( ( 4, 4 ),
 ( 0.000000000000000000, 2.263927836387917836 ),
 .UNSPECIFIED. ) 
 CURVE ( )  GEOMETRIC_REPRESENTATION_ITEM ( )  RATIONAL_B_SPLINE_CURVE ( ( 1.000000000000000000, 0.6165885298070755693, 0.6165885298070755693, 1.000000000000000000 ) ) 
 REPRESENTATION_ITEM ( '' )  );
#9996 = ORIENTED_EDGE ( 'NONE', *, *, #8414, .T. ) ;
#9997 = CARTESIAN_POINT ( 'NONE',  ( -28.96391713979349447, -4.664493518390502302, -22.09700472004399785 ) ) ;
#9998 = CARTESIAN_POINT ( 'NONE',  ( -32.30682491192607841, -5.512771037362599991, 19.20254096438756264 ) ) ;
#9999 = CARTESIAN_POINT ( 'NONE',  ( -15.70000000000043983, -6.904861609162323610, -3.744462817509526698 ) ) ;
#10000 = DIRECTION ( 'NONE',  ( -0.7071067811865464625, -1.915769825694706411E-16, -0.7071067811865486830 ) ) ;
#10001 = CARTESIAN_POINT ( 'NONE',  ( -34.00000000000000000, -2.000000000000029310, 0.000000000000000000 ) ) ;
#10002 = CARTESIAN_POINT ( 'NONE',  ( -16.45297959483876582, -18.33180299857957252, -17.47264285365897507 ) ) ;
#10003 = VERTEX_POINT ( 'NONE', #2021 ) ;
#10004 = DIRECTION ( 'NONE',  ( -0.6097197964539158299, -0.5064420397482740643, -0.6097197964539144976 ) ) ;
#10005 = CARTESIAN_POINT ( 'NONE',  ( -27.68337281766803670, -4.339549132805277765, 16.05832864166230678 ) ) ;
#10006 = CARTESIAN_POINT ( 'NONE',  ( -25.42516938566085827, -3.766519786471695941, 18.19622292480130810 ) ) ;
#10007 = CARTESIAN_POINT ( 'NONE',  ( -10.87143221835819418, -20.66057082869027539, -17.64555472256232349 ) ) ;
#10008 = CARTESIAN_POINT ( 'NONE',  ( -15.70000000000043983, -8.784289032372960548, -4.537774599515476126 ) ) ;
#10009 = CARTESIAN_POINT ( 'NONE',  ( -23.02460112398608416, -23.35571327146852383, -6.065389179556299304 ) ) ;
#10010 = CARTESIAN_POINT ( 'NONE',  ( -34.00000000000000000, -2.000000000000029310, 5.999999999999998224 ) ) ;
#10011 = DIRECTION ( 'NONE',  ( 0.7071067811865474617, 0.7071067811865474617, 0.000000000000000000 ) ) ;
#10012 = ADVANCED_FACE ( 'NONE', ( #2856 ), #6724, .F. ) ;
#10013 = CARTESIAN_POINT ( 'NONE',  ( -16.20000000000043983, -8.557471109539596554, -4.694328526903809085 ) ) ;
#10014 = DIRECTION ( 'NONE',  ( -1.000000000000000000, -3.154042683594188218E-16, 0.000000000000000000 ) ) ;
#10015 = ORIENTED_EDGE ( 'NONE', *, *, #6029, .T. ) ;
#10016 = CONICAL_SURFACE ( 'NONE', #3023, 10.50000000000000000, 0.7853981633974447263 ) ;
#10017 = CYLINDRICAL_SURFACE ( 'NONE', #8343, 7.000000000000001776 ) ;
#10018 = CARTESIAN_POINT ( 'NONE',  ( -16.20000000000043983, -7.183698034253648501, -4.592657398939152813 ) ) ;
#10019 = CYLINDRICAL_SURFACE ( 'NONE', #7066, 10.50000000000000178 ) ;
#10020 = DIRECTION ( 'NONE',  ( -1.000000000000000000, 0.000000000000000000, 0.000000000000000000 ) ) ;
#10021 = ORIENTED_EDGE ( 'NONE', *, *, #1006, .T. ) ;
#10022 = CARTESIAN_POINT ( 'NONE',  ( -31.59036746121492101, -5.330966715024858082, 17.10903070182647667 ) ) ;
#10023 = EDGE_CURVE ( 'NONE', #7275, #6442, #9044, .T. ) ;
#10024 = CARTESIAN_POINT ( 'NONE',  ( -16.20000000000044338, -9.650163169391884566, 1.271549672035441558 ) ) ;
#10025 = VECTOR ( 'NONE', #3223, 1000.000000000000000 ) ;
#10026 = EDGE_CURVE ( 'NONE', #7609, #917, #5891, .T. ) ;
#10027 = DIRECTION ( 'NONE',  ( 0.000000000000000000, 0.000000000000000000, 1.000000000000000000 ) ) ;
#10028 = EDGE_CURVE ( 'NONE', #1194, #4850, #10051, .T. ) ;
#10029 = CARTESIAN_POINT ( 'NONE',  ( -25.37679267874921862, -3.298693101974743414, -20.09470427638999013 ) ) ;
#10030 = VECTOR ( 'NONE', #8914, 1000.000000000000227 ) ;
#10031 = ORIENTED_EDGE ( 'NONE', *, *, #887, .T. ) ;
#10032 = CARTESIAN_POINT ( 'NONE',  ( -34.50000000000000000, -12.00000000000003197, 15.00000000000000000 ) ) ;
#10033 = CARTESIAN_POINT ( 'NONE',  ( -15.19999999999932250, -3.999999999999346301, -15.00000000000000000 ) ) ;
#10034 = VERTEX_POINT ( 'NONE', #9844 ) ;
#10035 = ADVANCED_FACE ( 'NONE', ( #9048 ), #1922, .T. ) ;
#10036 = DIRECTION ( 'NONE',  ( -0.7071067811865454633, -0.7071067811865495711, 0.000000000000000000 ) ) ;
#10037 = ORIENTED_EDGE ( 'NONE', *, *, #3140, .F. ) ;
#10038 = CARTESIAN_POINT ( 'NONE',  ( -12.79893898089581583, -2.999999999999674927, 22.50000000000000000 ) ) ;
#10039 = DIRECTION ( 'NONE',  ( -0.7071067811865008323, 0.7071067811865943131, 0.000000000000000000 ) ) ;
#10040 = ORIENTED_EDGE ( 'NONE', *, *, #2820, .T. ) ;
#10041 = CARTESIAN_POINT ( 'NONE',  ( -14.63002014350571045, -16.88770337918926145, -17.81051231474544494 ) ) ;
#10042 = AXIS2_PLACEMENT_3D ( 'NONE', #638, #435, #5357 ) ;
#10043 = CARTESIAN_POINT ( 'NONE',  ( -34.00000000000000000, -2.500000000000023093, -2.899999999999999911 ) ) ;
#10044 = CARTESIAN_POINT ( 'NONE',  ( -15.70000000000043983, -10.49999999999928768, 1.613430968716609959 ) ) ;
#10045 = ORIENTED_EDGE ( 'NONE', *, *, #7898, .T. ) ;
#10046 = CARTESIAN_POINT ( 'NONE',  ( -45.12508628930804377, -12.00000000000003553, 14.14093379379469795 ) ) ;
#10047 = ORIENTED_EDGE ( 'NONE', *, *, #1799, .F. ) ;
#10048 = CARTESIAN_POINT ( 'NONE',  ( -29.21607217278243596, -4.728479223825183375, -22.07954959119299687 ) ) ;
#10049 = CARTESIAN_POINT ( 'NONE',  ( -30.70654421463066797, -5.106692363951377267, 21.60493644834439664 ) ) ;
#10050 = CIRCLE ( 'NONE', #2066, 1.799999999999926548 ) ;
#10051 = B_SPLINE_CURVE_WITH_KNOTS ( 'NONE', 3,
 ( #4483, #1107, #4282, #7442 ),
 .UNSPECIFIED., .F., .F.,
 ( 4, 4 ),
 ( 0.000000000000000000, 0.2344360351702293177 ),
 .UNSPECIFIED. ) ;
#10052 = CARTESIAN_POINT ( 'NONE',  ( -31.17362502791428369, -5.015087639564720590, 21.71586128770396584 ) ) ;
#10053 = CARTESIAN_POINT ( 'NONE',  ( -16.20000000000043983, -9.808529584835024906, 0.5985540781265616950 ) ) ;
#10054 = DIRECTION ( 'NONE',  ( -3.469446951953614682E-16, 1.000000000000000000, 0.000000000000000000 ) ) ;
#10055 = ORIENTED_EDGE ( 'NONE', *, *, #8580, .F. ) ;
#10056 = VECTOR ( 'NONE', #6669, 1000.000000000000114 ) ;
#10057 = DIRECTION ( 'NONE',  ( 1.000000000000000000, 3.469446951953615175E-16, -0.000000000000000000 ) ) ;
#10058 = CARTESIAN_POINT ( 'NONE',  ( -29.26779434669742130, -4.741603270279325599, 22.08001734887671574 ) ) ;
#10059 = CARTESIAN_POINT ( 'NONE',  ( -25.66708746122525042, -3.827907593585125223, 17.62623021204552742 ) ) ;
#10060 = CARTESIAN_POINT ( 'NONE',  ( -15.94888663772980131, -17.93247755653213105, 17.22776193559571212 ) ) ;
#10061 = CARTESIAN_POINT ( 'NONE',  ( -15.70000000000043983, -8.872802034495123280, -4.463565260288642200 ) ) ;
#10062 = DIRECTION ( 'NONE',  ( 0.000000000000000000, 0.000000000000000000, -1.000000000000000000 ) ) ;
#10063 = CARTESIAN_POINT ( 'NONE',  ( -14.42500979068418410, -16.72529822460306903, 19.79519877839464925 ) ) ;
#10064 = CARTESIAN_POINT ( 'NONE',  ( -23.33172798364586242, -22.83172798364415712, 23.00000000000000000 ) ) ;
#10065 = CARTESIAN_POINT ( 'NONE',  ( -16.37450566807278918, -0.6942264686416983466, -15.44147481850707671 ) ) ;
#10066 = VECTOR ( 'NONE', #9755, 1000.000000000000114 ) ;
#10067 = DIRECTION ( 'NONE',  ( 0.000000000000000000, 0.000000000000000000, 1.000000000000000000 ) ) ;
#10068 = ORIENTED_EDGE ( 'NONE', *, *, #1180, .F. ) ;
#10069 = VECTOR ( 'NONE', #9427, 1000.000000000000000 ) ;
#10070 = CARTESIAN_POINT ( 'NONE',  ( -27.05971431004183358, -4.181289609534270646, 16.31621895858655691 ) ) ;
#10071 = VERTEX_POINT ( 'NONE', #1351 ) ;
#10072 = CARTESIAN_POINT ( 'NONE',  ( -15.88604912907105948, -17.88269596383217674, 20.78839717032766288 ) ) ;
#10073 = CARTESIAN_POINT ( 'NONE',  ( -34.00000000000000000, -12.00000000000003197, 0.000000000000000000 ) ) ;
#10074 = CARTESIAN_POINT ( 'NONE',  ( -23.47616396508477976, -23.31140189581218181, 6.909535452647783238 ) ) ;
#10075 = CARTESIAN_POINT ( 'NONE',  ( -15.70000000000043627, -6.966107794308016743, -3.352791711281113418 ) ) ;
#10076 = ADVANCED_FACE ( 'NONE', ( #9257 ), #2126, .T. ) ;
#10077 = ORIENTED_EDGE ( 'NONE', *, *, #864, .F. ) ;
#10078 = CIRCLE ( 'NONE', #4429, 1.799999999999904565 ) ;
#10079 = DIRECTION ( 'NONE',  ( -0.7071067811865502373, 0.7071067811865449082, -0.000000000000000000 ) ) ;
#10080 = VECTOR ( 'NONE', #3740, 1000.000000000000000 ) ;
#10081 = FACE_OUTER_BOUND ( 'NONE', #9122, .T. ) ;
#10082 = CARTESIAN_POINT ( 'NONE',  ( -31.95306890763653485, -5.423003849417334266, -20.37376978795446902 ) ) ;
#10083 = EDGE_CURVE ( 'NONE', #8971, #6135, #6877, .T. ) ;
#10084 = CARTESIAN_POINT ( 'NONE',  ( -27.88654193756696387, -4.391100914504871611, -16.00990075492162745 ) ) ;
#10085 = CARTESIAN_POINT ( 'NONE',  ( -16.20000000000043983, -8.778373797084004337, 0.4414507127528360941 ) ) ;
#10086 = DIRECTION ( 'NONE',  ( -0.5439411238000321225, 0.4518053273691626237, -0.7071067811865489050 ) ) ;
#10087 = EDGE_CURVE ( 'NONE', #7740, #1426, #4236, .T. ) ;
#10088 = EDGE_LOOP ( 'NONE', ( #51, #3914, #9566, #5721 ) ) ;
#10089 = EDGE_CURVE ( 'NONE', #8708, #9787, #6582, .T. ) ;
#10090 = CARTESIAN_POINT ( 'NONE',  ( -15.42986459963707802, -16.91831117858030353, 16.85934464029948643 ) ) ;
#10091 = VECTOR ( 'NONE', #9373, 1000.000000000000000 ) ;
#10092 = ORIENTED_EDGE ( 'NONE', *, *, #5621, .F. ) ;
#10093 = LINE ( 'NONE', #2954, #5343 ) ;
#10094 = LINE ( 'NONE', #5306, #6257 ) ;
#10095 = CARTESIAN_POINT ( 'NONE',  ( -15.51419759758016603, -17.58812512138062800, -20.78839717032765932 ) ) ;
#10096 = EDGE_CURVE ( 'NONE', #617, #4448, #8073, .T. ) ;
#10097 = ORIENTED_EDGE ( 'NONE', *, *, #8922, .T. ) ;
#10098 = DIRECTION ( 'NONE',  ( 1.327063459122260961E-13, 1.000000000000000000, 0.000000000000000000 ) ) ;
#10099 = LINE ( 'NONE', #5211, #9714 ) ;
#10100 = EDGE_CURVE ( 'NONE', #6462, #8866, #4919, .T. ) ;
#10101 = VERTEX_POINT ( 'NONE', #2546 ) ;
#10102 = ADVANCED_FACE ( 'NONE', ( #7401 ), #912, .T. ) ;
#10103 = VERTEX_POINT ( 'NONE', #4140 ) ;
#10104 = CARTESIAN_POINT ( 'NONE',  ( -31.07343736193432804, -5.199797190333220520, -21.36355598069133421 ) ) ;
#10105 = CARTESIAN_POINT ( 'NONE',  ( -32.12745888740147393, -5.467257454780009240, 20.00052184112017528 ) ) ;
#10106 = CARTESIAN_POINT ( 'NONE',  ( -27.02889367294871192, -3.787866662841898879, 21.96906143585415805 ) ) ;
#10107 = CARTESIAN_POINT ( 'NONE',  ( -19.26635357184571617, -22.18490508109985271, 22.50000000000000000 ) ) ;
#10108 = CARTESIAN_POINT ( 'NONE',  ( -14.27973420892396739, -16.61021528473661490, -18.76748856013221811 ) ) ;
#10109 = ORIENTED_EDGE ( 'NONE', *, *, #1376, .T. ) ;
#10110 = DIRECTION ( 'NONE',  ( -3.489994118891831358E-16, -2.898839353028369177E-16, 1.000000000000000000 ) ) ;
#10111 = CARTESIAN_POINT ( 'NONE',  ( -32.19498698320090568, -5.484391656530767989, 19.80377707519868480 ) ) ;
#10112 = CARTESIAN_POINT ( 'NONE',  ( -30.53731151046286030, -4.826680423388182817, 22.05372237277336467 ) ) ;
#10113 = CARTESIAN_POINT ( 'NONE',  ( -15.70000000000043983, -9.034412105976958429, -4.306265029607165395 ) ) ;
#10114 = CARTESIAN_POINT ( 'NONE',  ( -16.20000000000043983, -6.972028366947921718, -0.09330328558653168403 ) ) ;
#10115 = CARTESIAN_POINT ( 'NONE',  ( -15.45136008865743271, -17.53834352846990186, 20.77223806434364306 ) ) ;
#10116 = CARTESIAN_POINT ( 'NONE',  ( -7.169015500588901801, -11.48669727228763904, 23.00000000000000000 ) ) ;
#10117 = CARTESIAN_POINT ( 'NONE',  ( -25.37679267874920441, -3.298693101974742969, -17.90529572361001698 ) ) ;
#10118 = LINE ( 'NONE', #700, #1746 ) ;
#10119 = ORIENTED_EDGE ( 'NONE', *, *, #5502, .T. ) ;
#10120 = CARTESIAN_POINT ( 'NONE',  ( -26.54703160084636693, -4.051193195936575009, 16.63663500510695670 ) ) ;
#10121 = ORIENTED_EDGE ( 'NONE', *, *, #3329, .F. ) ;
#10122 = CARTESIAN_POINT ( 'NONE',  ( -16.23405596306632859, -18.15837780265083978, 17.33200245517038596 ) ) ;
#10123 = CARTESIAN_POINT ( 'NONE',  ( -16.82948574013173371, -18.63006122599887249, 20.09798217311175961 ) ) ;
#10124 = CARTESIAN_POINT ( 'NONE',  ( -15.70000000000043983, -8.971562269813281532, -3.507771793593709386 ) ) ;
#10125 = CARTESIAN_POINT ( 'NONE',  ( -15.70000000000044338, -8.079962141299647627, -0.04068650288198152193 ) ) ;
#10126 = DIRECTION ( 'NONE',  ( -0.000000000000000000, -0.000000000000000000, -1.000000000000000000 ) ) ;
#10127 = VERTEX_POINT ( 'NONE', #5585 ) ;
#10128 = FACE_OUTER_BOUND ( 'NONE', #843, .T. ) ;
#10129 = FACE_OUTER_BOUND ( 'NONE', #8084, .T. ) ;
#10130 = CARTESIAN_POINT ( 'NONE',  ( -14.83975361142345584, -16.42815649722192362, -17.30045582609816179 ) ) ;
#10131 = CARTESIAN_POINT ( 'NONE',  ( -31.12082105711135327, -5.211817188811617818, -21.33549991874403773 ) ) ;
#10132 = FACE_OUTER_BOUND ( 'NONE', #4789, .T. ) ;
#10133 = CARTESIAN_POINT ( 'NONE',  ( -15.37322947494847902, -22.09281308374683306, -16.00000000000000000 ) ) ;
#10134 = CARTESIAN_POINT ( 'NONE',  ( -15.33725901172691941, -17.44795484426691701, -20.74075865163571208 ) ) ;
#10135 = VERTEX_POINT ( 'NONE', #8953 ) ;
#10136 = B_SPLINE_SURFACE_WITH_KNOTS ( 'NONE', 3, 1, ( 
 ( #3317, #9609 ),
 ( #3953, #100 ),
 ( #1643, #7163 ),
 ( #7218, #9403 ),
 ( #2417, #6395 ),
 ( #5500, #9556 ),
 ( #5605, #2465 ),
 ( #8766, #4824 ),
 ( #8657, #4883 ),
 ( #5656, #2271 ),
 ( #8819, #886 ),
 ( #1697, #1536 ),
 ( #8043, #7114 ),
 ( #10292, #4722 ),
 ( #780, #938 ),
 ( #3158, #6344 ),
 ( #6503, #8387 ),
 ( #4299, #5176 ),
 ( #4347, #1173 ) ),
 .UNSPECIFIED., .F., .F., .F.,
 ( 4, 1, 1, 1, 1, 1, 1, 1, 1, 1, 1, 1, 1, 1, 1, 1, 4 ),
 ( 2, 2 ),
 ( 0.000000000000000000, 0.07567230238178908330, 0.1473813099735541421, 0.2160846766840669730, 0.2816980378616592562, 0.3454598829002487048, 0.4074856092774470917, 0.4687312995608496902, 0.5297823575334714707, 0.5900329257114983461, 0.6485481210783020645, 0.7059535135830398156, 0.7631016442005179590, 0.8202894288974417192, 0.8784792630440482197, 0.9382260550877835614, 0.9999999999999998890 ),
 ( 0.000000000000000000, 1.000000000000000000 ),
 .UNSPECIFIED. ) ;
#10137 = DIRECTION ( 'NONE',  ( -0.000000000000000000, -0.000000000000000000, -1.000000000000000000 ) ) ;
#10138 = VERTEX_POINT ( 'NONE', #8847 ) ;
#10139 = CARTESIAN_POINT ( 'NONE',  ( -13.00000000000000711, -16.20000000000014140, -22.50000000000000000 ) ) ;
#10140 = CARTESIAN_POINT ( 'NONE',  ( -15.37322947494847902, -22.09281308374683306, -22.50000000000000000 ) ) ;
#10141 = CARTESIAN_POINT ( 'NONE',  ( -17.73414117061782491, -18.83227646810957623, -18.85235275148832557 ) ) ;
#10142 = EDGE_CURVE ( 'NONE', #1068, #324, #4851, .T. ) ;
#10143 = VERTEX_POINT ( 'NONE', #4087 ) ;
#10144 = CARTESIAN_POINT ( 'NONE',  ( -15.70000000000044693, -8.056804533085559328, 0.8297644981971120659 ) ) ;
#10145 = DIRECTION ( 'NONE',  ( 0.000000000000000000, 0.000000000000000000, 1.000000000000000000 ) ) ;
#10146 = ORIENTED_EDGE ( 'NONE', *, *, #9306, .T. ) ;
#10147 = ORIENTED_EDGE ( 'NONE', *, *, #5200, .T. ) ;
#10148 = EDGE_CURVE ( 'NONE', #967, #8361, #7298, .T. ) ;
#10149 = CARTESIAN_POINT ( 'NONE',  ( -31.05002507277119861, -5.193856526895165082, 21.38058972035318206 ) ) ;
#10150 = DIRECTION ( 'NONE',  ( -0.7071067811865502373, 0.7071067811865449082, -0.000000000000000000 ) ) ;
#10151 = EDGE_CURVE ( 'NONE', #4739, #10101, #1824, .T. ) ;
#10152 = EDGE_CURVE ( 'NONE', #6734, #3035, #5256, .T. ) ;
#10153 = DIRECTION ( 'NONE',  ( 0.000000000000000000, -1.000000000000000000, 0.000000000000000000 ) ) ;
#10154 = CARTESIAN_POINT ( 'NONE',  ( -22.00000000000000355, -24.93172798364416565, 4.970562748477149739 ) ) ;
#10155 = ORIENTED_EDGE ( 'NONE', *, *, #7354, .F. ) ;
#10156 = DIRECTION ( 'NONE',  ( -0.7692489144105421062, -0.6389492215177998702, 0.000000000000000000 ) ) ;
#10157 = CARTESIAN_POINT ( 'NONE',  ( -27.26048947161522307, -4.232240568869302777, 21.78638174323222287 ) ) ;
#10158 = CARTESIAN_POINT ( 'NONE',  ( -27.70004900289878336, -3.986590254074724005, 22.22391131873877157 ) ) ;
#10159 = CARTESIAN_POINT ( 'NONE',  ( -21.76175575615275193, -20.15905952401790557, 23.00000000000000000 ) ) ;
#10160 = CARTESIAN_POINT ( 'NONE',  ( -15.70000000000044338, -7.118390235841741465, -0.3668021421790762515 ) ) ;
#10161 = CARTESIAN_POINT ( 'NONE',  ( -14.54478558206295169, -16.82018220359959670, 20.04748389024717170 ) ) ;
#10162 = CARTESIAN_POINT ( 'NONE',  ( -15.70000000000043983, -9.578039446446936722, 3.434303061982507455 ) ) ;
#10164 = ORIENTED_EDGE ( 'NONE', *, *, #6081, .F. ) ;
#10163 = CARTESIAN_POINT ( 'NONE',  ( -28.40927524315941355, -4.196586329754600442, -15.62446902343323707 ) ) ;
#10165 = CARTESIAN_POINT ( 'NONE',  ( 2.500000000000003997, -14.70000000000013962, 20.00000000000000000 ) ) ;
#10166 = ORIENTED_EDGE ( 'NONE', *, *, #7958, .F. ) ;
#10167 = CARTESIAN_POINT ( 'NONE',  ( -25.96672241293106964, -3.903939605180458905, 17.19489138872631884 ) ) ;
#10168 = ORIENTED_EDGE ( 'NONE', *, *, #9692, .T. ) ;
#10169 = CARTESIAN_POINT ( 'NONE',  ( -16.85546114464810685, -18.65063888165857264, 17.95251610985781099 ) ) ;
#10170 = VECTOR ( 'NONE', #2110, 1000.000000000000000 ) ;
#10171 = CARTESIAN_POINT ( 'NONE',  ( -16.20000000000044338, -7.224479268694423695, -2.923993409270568833 ) ) ;
#10172 = ORIENTED_EDGE ( 'NONE', *, *, #2369, .F. ) ;
#10173 = CARTESIAN_POINT ( 'NONE',  ( -27.70004900289878336, -3.986590254074724005, 22.22391131873877157 ) ) ;
#10174 = FACE_BOUND ( 'NONE', #381, .T. ) ;
#10175 = CARTESIAN_POINT ( 'NONE',  ( -23.33172798364586598, -22.83172798364415357, 23.00000000000000000 ) ) ;
#10177 = ORIENTED_EDGE ( 'NONE', *, *, #1947, .F. ) ;
#10176 = CARTESIAN_POINT ( 'NONE',  ( -14.46746402760057748, -16.75893076982055874, -18.09792933424130368 ) ) ;
#10178 = AXIS2_PLACEMENT_3D ( 'NONE', #6124, #5328, #1415 ) ;
#10179 = CARTESIAN_POINT ( 'NONE',  ( -30.53731151046286385, -4.826680423388181040, -15.94627762722664066 ) ) ;
#10180 = CARTESIAN_POINT ( 'NONE',  ( -26.29649087520074247, -3.987621825729135594, -16.84432926107560746 ) ) ;
#10181 = CARTESIAN_POINT ( 'NONE',  ( -16.20000000000043627, -7.507793964305819578, 0.4722555714445640374 ) ) ;
#10182 = CARTESIAN_POINT ( 'NONE',  ( -14.61566822072526861, -16.87633244488393913, -20.16284423616369637 ) ) ;
#10183 = ORIENTED_EDGE ( 'NONE', *, *, #7775, .T. ) ;
#10184 = AXIS2_PLACEMENT_3D ( 'NONE', #4489, #4538, #7694 ) ;
#10185 = CARTESIAN_POINT ( 'NONE',  ( -17.67840240365597282, -18.78597904592091439, 19.58490888141915320 ) ) ;
#10186 = ORIENTED_EDGE ( 'NONE', *, *, #313, .T. ) ;
#10188 = DIRECTION ( 'NONE',  ( -0.7071067811865449082, -0.7071067811865502373, -0.000000000000000000 ) ) ;
#10187 = CARTESIAN_POINT ( 'NONE',  ( -16.20000000000043983, -8.391015233748285951, 0.09075549199030621961 ) ) ;
#10189 = DIRECTION ( 'NONE',  ( 0.7071067811865457964, -0.7071067811865492381, 0.000000000000000000 ) ) ;
#10190 = CARTESIAN_POINT ( 'NONE',  ( -16.06840615756673785, -18.02715432681259600, -17.25757016087622020 ) ) ;
#10191 = VECTOR ( 'NONE', #2102, 1000.000000000000114 ) ;
#10192 = VECTOR ( 'NONE', #584, 1000.000000000000114 ) ;
#10193 = EDGE_LOOP ( 'NONE', ( #7960, #7119, #7222, #6558, #4524, #1036 ) ) ;
#10194 = DIRECTION ( 'NONE',  ( 0.7692489144105426613, 0.6389492215177992041, 0.000000000000000000 ) ) ;
#10195 = DIRECTION ( 'NONE',  ( -2.709307669882598235E-16, 1.000000000000000000, 0.000000000000000000 ) ) ;
#10196 = ORIENTED_EDGE ( 'NONE', *, *, #1549, .T. ) ;
#10197 = EDGE_CURVE ( 'NONE', #450, #9993, #134, .T. ) ;
#10198 = ORIENTED_EDGE ( 'NONE', *, *, #6844, .T. ) ;
#10199 = CARTESIAN_POINT ( 'NONE',  ( -29.59495909651240808, -4.824625091013869493, 22.02109707406473404 ) ) ;
#10200 = CARTESIAN_POINT ( 'NONE',  ( -30.76020140053901741, -4.892676292643542979, 21.96917793853952006 ) ) ;
#10201 = VECTOR ( 'NONE', #9528, 1000.000000000000000 ) ;
#10202 = CARTESIAN_POINT ( 'NONE',  ( -19.61757716401680085, -6.000000000000036415, 15.00000000000000000 ) ) ;
#10203 = EDGE_CURVE ( 'NONE', #3633, #3999, #398, .T. ) ;
#10204 = LINE ( 'NONE', #2181, #4549 ) ;
#10205 = VERTEX_POINT ( 'NONE', #1014 ) ;
#10206 = DIRECTION ( 'NONE',  ( 0.7071067811865008323, -0.7071067811865943131, -0.000000000000000000 ) ) ;
#10207 = CARTESIAN_POINT ( 'NONE',  ( -27.68337281766804736, -4.339549132805283094, 21.94167135833769322 ) ) ;
#10208 = EDGE_CURVE ( 'NONE', #423, #3059, #2083, .T. ) ;
#10209 = EDGE_CURVE ( 'NONE', #4676, #1544, #2969, .T. ) ;
#10210 = VECTOR ( 'NONE', #9827, 1000.000000000000114 ) ;
#10211 = DIRECTION ( 'NONE',  ( 0.000000000000000000, 0.000000000000000000, -1.000000000000000000 ) ) ;
#10212 = CARTESIAN_POINT ( 'NONE',  ( -15.70000000000043983, -6.942179309626696160, 0.01213902943915207318 ) ) ;
#10213 = FACE_OUTER_BOUND ( 'NONE', #5359, .T. ) ;
#10214 = CARTESIAN_POINT ( 'NONE',  ( -34.50000000000000000, -12.00000000000003197, 22.50000000000000000 ) ) ;
#10216 = VERTEX_POINT ( 'NONE', #2922 ) ;
#10215 = CARTESIAN_POINT ( 'NONE',  ( -30.08899341565386720, -4.693937110716094097, -15.77608868126123554 ) ) ;
#10217 = LINE ( 'NONE', #8533, #3761 ) ;
#10218 = ORIENTED_EDGE ( 'NONE', *, *, #6224, .T. ) ;
#10219 = DIRECTION ( 'NONE',  ( -0.7071067811865466846, -2.453269466693396156E-16, 0.7071067811865484609 ) ) ;
#10220 = CONICAL_SURFACE ( 'NONE', #7880, 5.420725942163712396, 1.047197551196601184 ) ;
#10221 = VERTEX_POINT ( 'NONE', #1498 ) ;
#10222 = EDGE_CURVE ( 'NONE', #3165, #7605, #2233, .T. ) ;
#10223 = CARTESIAN_POINT ( 'NONE',  ( -16.63867492306489737, -18.47890789148780755, 17.64863433885188471 ) ) ;
#10224 = CARTESIAN_POINT ( 'NONE',  ( -15.70000000000043983, -12.49999999999928946, 22.50000000000000000 ) ) ;
#10225 = CARTESIAN_POINT ( 'NONE',  ( -16.20000000000043983, -8.009886963018898243, -0.04431362485292446307 ) ) ;
#10226 = CARTESIAN_POINT ( 'NONE',  ( -15.70000000000044338, -7.989098054934061111, -2.627587577624200144 ) ) ;
#10227 = ORIENTED_EDGE ( 'NONE', *, *, #7483, .F. ) ;
#10228 = EDGE_CURVE ( 'NONE', #8406, #2117, #6980, .T. ) ;
#10229 = LINE ( 'NONE', #6279, #1656 ) ;
#10230 = VECTOR ( 'NONE', #7403, 1000.000000000000000 ) ;
#10231 = CARTESIAN_POINT ( 'NONE',  ( -15.70000000000045048, -6.966107794308018519, 0.7960307797044599010 ) ) ;
#10232 = CARTESIAN_POINT ( 'NONE',  ( -15.42986459963707624, -16.91831117858030353, -16.85934464029948643 ) ) ;
#10233 = VECTOR ( 'NONE', #4696, 1000.000000000000000 ) ;
#10234 = CARTESIAN_POINT ( 'NONE',  ( -27.05768226856236680, -4.180777322755174552, -21.69027858722130375 ) ) ;
#10235 = CARTESIAN_POINT ( 'NONE',  ( -26.25677785649032714, -3.977542470973439492, -16.88134743308502550 ) ) ;
#10236 = VECTOR ( 'NONE', #8902, 1000.000000000000000 ) ;
#10237 = CARTESIAN_POINT ( 'NONE',  ( -21.76175575615275193, -20.15905952401790913, -23.00000000000000000 ) ) ;
#10238 = CARTESIAN_POINT ( 'NONE',  ( -16.23405596306632503, -18.15837780265084689, -20.66799754482961049 ) ) ;
#10239 = ORIENTED_EDGE ( 'NONE', *, *, #2241, .T. ) ;
#10240 = CARTESIAN_POINT ( 'NONE',  ( -17.11135718769718039, -18.85335225142369708, 18.76438411013190688 ) ) ;
#10241 = CARTESIAN_POINT ( 'NONE',  ( -16.20000000000043983, -8.672004050072869674, -0.4739295540736536694 ) ) ;
#10243 = ORIENTED_EDGE ( 'NONE', *, *, #4861, .F. ) ;
#10242 = CARTESIAN_POINT ( 'NONE',  ( -24.11754798141025802, -22.33862070490331320, -7.088110729887402428 ) ) ;
#10244 = FACE_OUTER_BOUND ( 'NONE', #7252, .T. ) ;
#10245 = VECTOR ( 'NONE', #6070, 1000.000000000000000 ) ;
#10246 = LINE ( 'NONE', #8820, #5741 ) ;
#10247 = VERTEX_POINT ( 'NONE', #3708 ) ;
#10248 = CARTESIAN_POINT ( 'NONE',  ( -16.20000000000043983, -7.503628200954149285, 0.3803087283403411289 ) ) ;
#10249 = DIRECTION ( 'NONE',  ( 0.000000000000000000, 0.000000000000000000, 1.000000000000000000 ) ) ;
#10250 = EDGE_LOOP ( 'NONE', ( #4960, #2108, #8228, #7774 ) ) ;
#10251 = ORIENTED_EDGE ( 'NONE', *, *, #3850, .T. ) ;
#10252 = B_SPLINE_CURVE_WITH_KNOTS ( 'NONE', 3,
 ( #2006, #7478, #5196, #4471, #1907, #7528, #5873, #2678, #5097, #9032, #8298 ),
 .UNSPECIFIED., .F., .F.,
 ( 4, 1, 1, 1, 1, 1, 1, 1, 4 ),
 ( 0.000000000000000000, 0.1191762436674470571, 0.2364273787594516341, 0.3526638478564029788, 0.4690860844274157837, 0.5894629077907684866, 0.7176014692905113845, 0.8541894668533106527, 1.000000000000000000 ),
 .UNSPECIFIED. ) ;
#10253 = CARTESIAN_POINT ( 'NONE',  ( -27.52288182766386271, -4.298823039372331678, 21.88234761211036883 ) ) ;
#10254 = CARTESIAN_POINT ( 'NONE',  ( -15.70000000000043983, -7.882496365929569038, -4.886390933827458483 ) ) ;
#10255 = PLANE ( 'NONE',  #1700 ) ;
#10256 = PERSON_AND_ORGANIZATION_ROLE ( 'design_owner' ) ;
#10257 = VERTEX_POINT ( 'NONE', #2281 ) ;
#10258 = CARTESIAN_POINT ( 'NONE',  ( -16.61954035032799482, -0.7057424773177796151, -15.50000000000000711 ) ) ;
#10259 = CARTESIAN_POINT ( 'NONE',  ( -11.47363759657488558, -20.87313253318575335, -17.37294845814636801 ) ) ;
#10260 = CARTESIAN_POINT ( 'NONE',  ( -16.20000000000043983, -10.49999999999928768, -2.535391522268964692 ) ) ;
#10261 = LINE ( 'NONE', #5375, #9506 ) ;
#10262 = EDGE_CURVE ( 'NONE', #6847, #8406, #8152, .T. ) ;
#10263 = CYLINDRICAL_SURFACE ( 'NONE', #6931, 3.099999999999967670 ) ;
#10264 = CARTESIAN_POINT ( 'NONE',  ( -27.25173090808979026, -3.853846941402633508, -15.94627762722664421 ) ) ;
#10265 = CARTESIAN_POINT ( 'NONE',  ( -15.76440033931399221, -17.19618137954151038, -21.25594239479054792 ) ) ;
#10266 = ORIENTED_EDGE ( 'NONE', *, *, #3718, .T. ) ;
#10267 = EDGE_CURVE ( 'NONE', #1956, #7448, #10204, .T. ) ;
#10268 = DIRECTION ( 'NONE',  ( 0.7071067811865483499, 0.000000000000000000, 0.7071067811865465735 ) ) ;
#10269 = DIRECTION ( 'NONE',  ( -0.000000000000000000, -0.000000000000000000, -1.000000000000000000 ) ) ;
#10270 = DIRECTION ( 'NONE',  ( 0.000000000000000000, 1.000000000000000000, 0.000000000000000000 ) ) ;
#10271 = CARTESIAN_POINT ( 'NONE',  ( -23.79600064638882273, -22.64357987872678990, 7.403201585254252315 ) ) ;
#10272 = CARTESIAN_POINT ( 'NONE',  ( -15.70000000000043983, -6.904353841145121073, -3.782919396294488479 ) ) ;
#10273 = ORIENTED_EDGE ( 'NONE', *, *, #4379, .F. ) ;
#10274 = CARTESIAN_POINT ( 'NONE',  ( -25.56249211402955268, -3.353677182443211890, 20.50557673824462412 ) ) ;
#10275 = LINE ( 'NONE', #4809, #2834 ) ;
#10276 = CARTESIAN_POINT ( 'NONE',  ( -15.70000000000045048, -7.224479268694421918, 1.224829081715006929 ) ) ;
#10277 = EDGE_CURVE ( 'NONE', #5040, #3746, #9311, .T. ) ;
#10278 = CARTESIAN_POINT ( 'NONE',  ( -16.10546455054463522, -17.47947422295148456, -16.74412882792464075 ) ) ;
#10279 = DIRECTION ( 'NONE',  ( -0.000000000000000000, 0.000000000000000000, -1.000000000000000000 ) ) ;
#10280 = EDGE_LOOP ( 'NONE', ( #8390, #7203, #5110, #6638 ) ) ;
#10281 = EDGE_CURVE ( 'NONE', #2824, #226, #8574, .T. ) ;
#10282 = ADVANCED_FACE ( 'NONE', ( #3069 ), #9264, .T. ) ;
#10283 = CARTESIAN_POINT ( 'NONE',  ( -25.49192344381928521, -3.783458931001117076, -19.99886749270905284 ) ) ;
#10284 = CARTESIAN_POINT ( 'NONE',  ( -26.50300500495344735, -4.040021673123111334, -16.66991977494704003 ) ) ;
#10285 = CYLINDRICAL_SURFACE ( 'NONE', #2561, 7.000000000000003553 ) ;
#10286 = CARTESIAN_POINT ( 'NONE',  ( -16.20000000000043983, -8.937246535974217920, 0.6055004372474811492 ) ) ;
#10287 = CARTESIAN_POINT ( 'NONE',  ( -14.87146890585752956, -17.07897186056762706, -20.46201207652724463 ) ) ;
#10288 = ORIENTED_EDGE ( 'NONE', *, *, #6265, .T. ) ;
#10289 = CARTESIAN_POINT ( 'NONE',  ( -16.32957124361544388, -18.23404232619194687, 17.38210092330425383 ) ) ;
#10291 = ORIENTED_EDGE ( 'NONE', *, *, #8867, .T. ) ;
#10290 = CYLINDRICAL_SURFACE ( 'NONE', #2851, 0.4999999999999900080 ) ;
#10292 = CARTESIAN_POINT ( 'NONE',  ( -16.20000000000044338, -7.498544083378710035, -4.814771940610424572 ) ) ;
#10293 = CARTESIAN_POINT ( 'NONE',  ( -16.20000000000043983, -9.981714739563939176, 1.474679320578919262 ) ) ;
#10294 = ORIENTED_EDGE ( 'NONE', *, *, #2489, .T. ) ;
#10295 = CARTESIAN_POINT ( 'NONE',  ( -15.70000000000044338, -7.573282522577136078, 0.6336848591690863453 ) ) ;
#10296 = CARTESIAN_POINT ( 'NONE',  ( -16.78744303732156951, -20.67859952137373369, -16.00000000000000000 ) ) ;
#10297 = VERTEX_POINT ( 'NONE', #8520 ) ;
#10298 = ORIENTED_EDGE ( 'NONE', *, *, #4356, .T. ) ;
#10299 = CARTESIAN_POINT ( 'NONE',  ( -27.92735405098994406, -4.401456779193837932, 21.99970419183260262 ) ) ;
ENDSEC;
END-ISO-10303-21;
