ISO-10303-21;
HEADER;
FILE_DESCRIPTION (( 'STEP AP203' ),
    '1' );
FILE_NAME ('0PB_PSU_black_cover_v3.step',
    '2024-05-23T14:33:20',
    ( '' ),
    ( '' ),
    'SwSTEP 2.0',
    'SolidWorks 2024',
    '' );
FILE_SCHEMA (( 'CONFIG_CONTROL_DESIGN' ));
ENDSEC;

DATA;
#1 = CARTESIAN_POINT ( 'NONE',  ( -12.89056211176255573, 28.99999999999999289, 64.82472394247854197 ) ) ;
#2 = CARTESIAN_POINT ( 'NONE',  ( -12.80872332150739190, 29.59999999999999432, 64.90246162546478104 ) ) ;
#3 = EDGE_CURVE ( 'NONE', #8696, #1932, #5913, .T. ) ;
#4 = CARTESIAN_POINT ( 'NONE',  ( -33.63479944652413423, 28.99999999999999289, 65.44664767452843535 ) ) ;
#5 = VERTEX_POINT ( 'NONE', #8131 ) ;
#6 = EDGE_LOOP ( 'NONE', ( #6053, #4996, #2224, #5522 ) ) ;
#7 = EDGE_CURVE ( 'NONE', #6656, #4131, #2839, .T. ) ;
#8 = CARTESIAN_POINT ( 'NONE',  ( -27.83380351170528755, 29.00000000000002132, 65.91273674241438130 ) ) ;
#9 = CARTESIAN_POINT ( 'NONE',  ( -22.67149696965403649, 29.59999999999999432, 62.15919151790432551 ) ) ;
#10 = DIRECTION ( 'NONE',  ( 1.418996708365486154E-16, -1.000000000000000000, -0.000000000000000000 ) ) ;
#11 = CARTESIAN_POINT ( 'NONE',  ( -27.04165040806259412, 28.99999999999999645, 62.61521738606690235 ) ) ;
#12 = LINE ( 'NONE', #4354, #9213 ) ;
#13 = FACE_OUTER_BOUND ( 'NONE', #7280, .T. ) ;
#14 = CARTESIAN_POINT ( 'NONE',  ( -27.83180674040847791, 29.59999999999998721, 62.96026778614352537 ) ) ;
#15 = EDGE_CURVE ( 'NONE', #3233, #4483, #3921, .T. ) ;
#16 = ADVANCED_FACE ( 'NONE', ( #7164 ), #8711, .F. ) ;
#17 = DIRECTION ( 'NONE',  ( 0.000000000000000000, 1.000000000000000000, -0.000000000000000000 ) ) ;
#18 = ORIENTED_EDGE ( 'NONE', *, *, #83, .T. ) ;
#19 = B_SPLINE_SURFACE_WITH_KNOTS ( 'NONE', 3, 1, ( 
 ( #8133, #1533 ),
 ( #4467, #798 ),
 ( #6682, #5959 ),
 ( #8900, #7502 ),
 ( #1575, #4514 ),
 ( #7454, #850 ),
 ( #3792, #127 ),
 ( #3074, #6013 ),
 ( #8947, #8226 ),
 ( #5429, #3358 ),
 ( #6386, #1953 ),
 ( #1182, #8558 ),
 ( #2586, #5619 ),
 ( #7652, #2494 ),
 ( #3993, #5527 ),
 ( #7744, #1909 ),
 ( #4124, #8366 ),
 ( #3266, #1043 ),
 ( #500, #2676 ),
 ( #4845, #3405 ),
 ( #1139, #7064 ) ),
 .UNSPECIFIED., .F., .F., .F.,
 ( 4, 1, 1, 1, 1, 1, 1, 1, 1, 1, 1, 1, 1, 1, 1, 1, 1, 1, 4 ),
 ( 2, 2 ),
 ( 0.000000000000000000, 0.03697589911787168421, 0.07919380565197133015, 0.1263611040582903189, 0.1791959260290005296, 0.2370233567260356389, 0.3005781796994436150, 0.3688032070373772342, 0.4427636198457212124, 0.5160455776874044442, 0.5825014191568235189, 0.6417953814615287023, 0.6946446714591538729, 0.7407048907381672542, 0.7796151080458149085, 0.8121003791382505055, 0.8378410910526379318, 0.9229877051599603144, 1.000000000000000000 ),
 ( 0.000000000000000000, 1.000000000000000000 ),
 .UNSPECIFIED. ) ;
#20 = CARTESIAN_POINT ( 'NONE',  ( -16.19934258412799366, 29.59999999999999432, 64.94528547894906012 ) ) ;
#21 = CARTESIAN_POINT ( 'NONE',  ( -29.00026754291774012, 29.00000000000000000, 66.36764886308381506 ) ) ;
#22 = EDGE_CURVE ( 'NONE', #1305, #9084, #7315, .T. ) ;
#23 = CARTESIAN_POINT ( 'NONE',  ( -11.65987894348294773, 29.00000000000000000, 63.51245042299270693 ) ) ;
#24 = CARTESIAN_POINT ( 'NONE',  ( -28.04009134000937209, 29.59999999999999432, 65.96448203061940774 ) ) ;
#25 = CARTESIAN_POINT ( 'NONE',  ( -15.00128113045912492, 28.99999999999998934, 64.25881946426676450 ) ) ;
#26 = CARTESIAN_POINT ( 'NONE',  ( -15.00014331872219842, 29.59999999999998366, 64.50013890536673955 ) ) ;
#27 = ORIENTED_EDGE ( 'NONE', *, *, #1925, .F. ) ;
#28 = ORIENTED_EDGE ( 'NONE', *, *, #6496, .T. ) ;
#29 = CARTESIAN_POINT ( 'NONE',  ( -11.72660964284166596, 29.00000000000001066, 64.90261414171139620 ) ) ;
#30 = ORIENTED_EDGE ( 'NONE', *, *, #9155, .T. ) ;
#31 = CARTESIAN_POINT ( 'NONE',  ( -16.03143325970800603, 29.60000000000000142, 65.73253813934991285 ) ) ;
#32 = CARTESIAN_POINT ( 'NONE',  ( -2.000000000000000000, 0.5000000000000419664, 0.5000000000000281997 ) ) ;
#33 = CARTESIAN_POINT ( 'NONE',  ( 0.000000000000000000, 0.000000000000000000, 23.10000000000002984 ) ) ;
#34 = CARTESIAN_POINT ( 'NONE',  ( -40.84543646575490783, 29.59999999999999076, 62.21587844375919474 ) ) ;
#35 = CARTESIAN_POINT ( 'NONE',  ( -21.22737290504894503, 29.60000000000000142, 63.18135675046038102 ) ) ;
#36 = LINE ( 'NONE', #2213, #4146 ) ;
#37 = ORIENTED_EDGE ( 'NONE', *, *, #9006, .T. ) ;
#38 = ORIENTED_EDGE ( 'NONE', *, *, #3004, .T. ) ;
#39 = LINE ( 'NONE', #3031, #7976 ) ;
#40 = ORIENTED_EDGE ( 'NONE', *, *, #5169, .T. ) ;
#41 = CARTESIAN_POINT ( 'NONE',  ( -27.49831453289988659, 29.59999999999999076, 63.65912589528237220 ) ) ;
#42 = FACE_OUTER_BOUND ( 'NONE', #4294, .T. ) ;
#43 = CARTESIAN_POINT ( 'NONE',  ( -12.29611306526123116, 29.00000000000000000, 65.37448389340198673 ) ) ;
#44 = DIRECTION ( 'NONE',  ( 0.000000000000000000, 0.000000000000000000, 1.000000000000000000 ) ) ;
#45 = CARTESIAN_POINT ( 'NONE',  ( -19.67168589332632678, 29.59999999999999787, 63.45371195238224971 ) ) ;
#46 = EDGE_LOOP ( 'NONE', ( #7085, #9519, #3967 ) ) ;
#47 = ORIENTED_EDGE ( 'NONE', *, *, #7329, .T. ) ;
#48 = DIRECTION ( 'NONE',  ( 1.000000000000000000, 0.000000000000000000, 5.139921410301661840E-15 ) ) ;
#49 = EDGE_CURVE ( 'NONE', #3815, #4223, #2063, .T. ) ;
#50 = CARTESIAN_POINT ( 'NONE',  ( -27.58966751534332573, 29.59999999999999787, 65.61506785181039447 ) ) ;
#51 = EDGE_CURVE ( 'NONE', #9076, #6862, #1051, .T. ) ;
#52 = CARTESIAN_POINT ( 'NONE',  ( -23.31677142075871600, 29.59999999999999432, 62.29264642209240321 ) ) ;
#53 = CARTESIAN_POINT ( 'NONE',  ( -3.853553390593304595, -3.853553390593256189, 32.99999999999999289 ) ) ;
#54 = CARTESIAN_POINT ( 'NONE',  ( -23.31677142075871600, 29.59999999999999432, 62.29264642209240321 ) ) ;
#55 = DIRECTION ( 'NONE',  ( 0.6546536707079724238, -0.6546536707079806394, 0.3779644730092290850 ) ) ;
#56 = DIRECTION ( 'NONE',  ( 1.000000000000000000, 1.179158441186849416E-15, 0.000000000000000000 ) ) ;
#57 = CARTESIAN_POINT ( 'NONE',  ( -36.73575702787182706, 28.99999999999998934, 62.72576601123369500 ) ) ;
#58 = VECTOR ( 'NONE', #8275, 1000.000000000000000 ) ;
#59 = CARTESIAN_POINT ( 'NONE',  ( -28.89500261556462490, 29.00000000000000000, 62.41705866785153489 ) ) ;
#60 = ORIENTED_EDGE ( 'NONE', *, *, #5474, .F. ) ;
#61 = CARTESIAN_POINT ( 'NONE',  ( -35.87909461985374548, 28.99999999999999289, 64.15739838450257082 ) ) ;
#62 = CARTESIAN_POINT ( 'NONE',  ( -102.0000000000000000, 30.49999999999998579, 33.05000000000000426 ) ) ;
#63 = VECTOR ( 'NONE', #7155, 1000.000000000000000 ) ;
#64 = CARTESIAN_POINT ( 'NONE',  ( -12.17728397091284620, 28.99999999999999645, 62.90996901907805494 ) ) ;
#65 = CARTESIAN_POINT ( 'NONE',  ( -5.000000000109139364, 2.744571740547546804E-14, 22.60000000000000142 ) ) ;
#66 = CARTESIAN_POINT ( 'NONE',  ( -98.79999999999999716, 29.50000000000001066, 73.00000000000000000 ) ) ;
#67 = CARTESIAN_POINT ( 'NONE',  ( -102.0000000000000000, 30.49999999999998579, 36.45000000000000284 ) ) ;
#68 = AXIS2_PLACEMENT_3D ( 'NONE', #8936, #3834, #5230 ) ;
#69 = ORIENTED_EDGE ( 'NONE', *, *, #4027, .T. ) ;
#70 = VECTOR ( 'NONE', #9348, 1000.000000000000000 ) ;
#71 = EDGE_CURVE ( 'NONE', #7288, #6714, #3221, .T. ) ;
#72 = ORIENTED_EDGE ( 'NONE', *, *, #5546, .F. ) ;
#73 = DIRECTION ( 'NONE',  ( 0.7071067811865378028, -0.7071067811865573427, 0.000000000000000000 ) ) ;
#74 = LINE ( 'NONE', #3894, #9455 ) ;
#75 = CARTESIAN_POINT ( 'NONE',  ( -28.37222740454438963, 28.99999999999998934, 63.00352767674853283 ) ) ;
#76 = DIRECTION ( 'NONE',  ( 0.7071067811865435759, -0.7071067811865513475, -0.000000000000000000 ) ) ;
#77 = FACE_OUTER_BOUND ( 'NONE', #9015, .T. ) ;
#78 = CARTESIAN_POINT ( 'NONE',  ( -15.63340017425727702, 28.99999999999999645, 62.90941351001680459 ) ) ;
#79 = CARTESIAN_POINT ( 'NONE',  ( -29.36771907501668366, 28.99999999999998934, 63.13411556731550434 ) ) ;
#80 = CARTESIAN_POINT ( 'NONE',  ( -17.71172252344721088, 28.99999999999999289, 63.51575825145150134 ) ) ;
#81 = VECTOR ( 'NONE', #6104, 1000.000000000000000 ) ;
#82 = ORIENTED_EDGE ( 'NONE', *, *, #2095, .T. ) ;
#83 = EDGE_CURVE ( 'NONE', #6606, #6714, #74, .T. ) ;
#84 = ORIENTED_EDGE ( 'NONE', *, *, #6101, .T. ) ;
#85 = CARTESIAN_POINT ( 'NONE',  ( -15.37226505016682943, 28.99999999999998934, 65.91273674241436709 ) ) ;
#86 = ORIENTED_EDGE ( 'NONE', *, *, #4560, .T. ) ;
#87 = CARTESIAN_POINT ( 'NONE',  ( -12.53754638900121776, 28.99999999999998224, 62.17732647703374482 ) ) ;
#88 = EDGE_CURVE ( 'NONE', #1296, #8675, #2446, .T. ) ;
#89 = CARTESIAN_POINT ( 'NONE',  ( -32.59633790806259412, 29.59999999999999432, 65.73510921298995413 ) ) ;
#90 = CARTESIAN_POINT ( 'NONE',  ( -26.93584921383240172, 28.99999999999998224, 62.76519222705401546 ) ) ;
#91 = CARTESIAN_POINT ( 'NONE',  ( -12.23654692951668288, 29.59999999999999787, 65.43089587304915256 ) ) ;
#92 = CARTESIAN_POINT ( 'NONE',  ( -102.7999999999999972, 30.99999999999998579, 0.5000000000000281997 ) ) ;
#93 = ORIENTED_EDGE ( 'NONE', *, *, #1226, .F. ) ;
#94 = ORIENTED_EDGE ( 'NONE', *, *, #6047, .T. ) ;
#95 = DIRECTION ( 'NONE',  ( -1.980651566975070479E-14, 0.7071067811865378028, 0.7071067811865573427 ) ) ;
#96 = ORIENTED_EDGE ( 'NONE', *, *, #2022, .F. ) ;
#97 = B_SPLINE_CURVE_WITH_KNOTS ( 'NONE', 3,
 ( #5772, #3510, #6449, #7116, #6495, #1283, #9388, #8766, #7269, #510, #655, #8663, #3603, #2065, #6543, #705, #2735, #9482, #5820 ),
 .UNSPECIFIED., .F., .F.,
 ( 4, 1, 1, 1, 1, 1, 1, 1, 1, 1, 1, 1, 1, 1, 1, 1, 4 ),
 ( 0.000000000000000000, 0.08152770983674453853, 0.1597838330499995185, 0.2357383145352291987, 0.3085581075699100895, 0.3791663570275520811, 0.4467327385862361888, 0.5118940519136221390, 0.5744593951211927063, 0.6343613069726452558, 0.6925222024157506873, 0.7484441971944717498, 0.8021531717784081694, 0.8538741643603042775, 0.9039623315624253364, 0.9526033727980798282, 1.000000000000000000 ),
 .UNSPECIFIED. ) ;
#98 = CARTESIAN_POINT ( 'NONE',  ( -29.14893171853601572, 29.59999999999999432, 66.18684664652663230 ) ) ;
#99 = LINE ( 'NONE', #8923, #4545 ) ;
#100 = CARTESIAN_POINT ( 'NONE',  ( -10.67326098498566722, 29.59999999999999787, 66.65818613606688814 ) ) ;
#101 = CARTESIAN_POINT ( 'NONE',  ( -23.95150619660182656, 29.60000000000000497, 63.01430761348149190 ) ) ;
#102 = CARTESIAN_POINT ( 'NONE',  ( -14.26174876068878916, 29.59999999999999432, 65.62536638167568981 ) ) ;
#103 = DIRECTION ( 'NONE',  ( -1.000000000000000000, 0.000000000000000000, 0.000000000000000000 ) ) ;
#104 = CARTESIAN_POINT ( 'NONE',  ( -26.82330299432575771, 28.99999999999998579, 65.91402972482633515 ) ) ;
#105 = EDGE_CURVE ( 'NONE', #5752, #9300, #7602, .T. ) ;
#106 = VERTEX_POINT ( 'NONE', #9039 ) ;
#107 = DIRECTION ( 'NONE',  ( 1.000000000000000000, 1.418996708365486154E-16, -0.000000000000000000 ) ) ;
#108 = VERTEX_POINT ( 'NONE', #8274 ) ;
#109 = CARTESIAN_POINT ( 'NONE',  ( -35.30787636960106113, 29.59999999999999432, 64.69664767452843535 ) ) ;
#110 = CARTESIAN_POINT ( 'NONE',  ( -16.15925674238316745, 29.59999999999999787, 65.33171982693652069 ) ) ;
#111 = DIRECTION ( 'NONE',  ( 9.011550524554840736E-17, -1.000000000000000000, 0.000000000000000000 ) ) ;
#112 = CARTESIAN_POINT ( 'NONE',  ( -11.75620640792663885, 28.99999999999999645, 63.16216302194817445 ) ) ;
#113 = CARTESIAN_POINT ( 'NONE',  ( -14.13567579167733612, 28.99999999999999645, 64.27682564762334039 ) ) ;
#114 = FACE_OUTER_BOUND ( 'NONE', #370, .T. ) ;
#115 = AXIS2_PLACEMENT_3D ( 'NONE', #4319, #4363, #2243 ) ;
#116 = DIRECTION ( 'NONE',  ( 0.000000000000000000, 1.000000000000000000, 9.637352644315709135E-16 ) ) ;
#117 = VECTOR ( 'NONE', #3305, 1000.000000000000000 ) ;
#118 = EDGE_LOOP ( 'NONE', ( #5469, #8516, #8965, #5889 ) ) ;
#119 = CARTESIAN_POINT ( 'NONE',  ( -98.79999999999999716, 28.99999999999998579, 67.70710678118656745 ) ) ;
#120 = ADVANCED_FACE ( 'NONE', ( #848 ), #946, .F. ) ;
#121 = ORIENTED_EDGE ( 'NONE', *, *, #435, .F. ) ;
#122 = VECTOR ( 'NONE', #5470, 1000.000000000000000 ) ;
#123 = CARTESIAN_POINT ( 'NONE',  ( -2.000000000000000000, 0.000000000000000000, 73.00000000000000000 ) ) ;
#124 = DIRECTION ( 'NONE',  ( 0.7071067811865376918, -0.7071067811865573427, 0.000000000000000000 ) ) ;
#125 = AXIS2_PLACEMENT_3D ( 'NONE', #836, #5278, #4605 ) ;
#126 = CARTESIAN_POINT ( 'NONE',  ( -28.09493863579573514, 29.59999999999999787, 62.90941351001680459 ) ) ;
#127 = CARTESIAN_POINT ( 'NONE',  ( -23.27517749637794253, 28.99999999999999289, 64.82472394247854197 ) ) ;
#128 = FACE_OUTER_BOUND ( 'NONE', #4814, .T. ) ;
#129 = DIRECTION ( 'NONE',  ( 1.418996708365486154E-16, -1.000000000000000000, -0.000000000000000000 ) ) ;
#130 = CARTESIAN_POINT ( 'NONE',  ( -21.38601194750131285, 29.00000000000000000, 62.76877923128868986 ) ) ;
#131 = LINE ( 'NONE', #3078, #6611 ) ;
#132 = ADVANCED_FACE ( 'NONE', ( #7501 ), #8175, .F. ) ;
#133 = ORIENTED_EDGE ( 'NONE', *, *, #1941, .F. ) ;
#134 = VECTOR ( 'NONE', #2925, 1000.000000000000000 ) ;
#135 = AXIS2_PLACEMENT_3D ( 'NONE', #2870, #9374, #2771 ) ;
#136 = ORIENTED_EDGE ( 'NONE', *, *, #6062, .F. ) ;
#137 = CARTESIAN_POINT ( 'NONE',  ( -17.92447348596284940, 29.59999999999999076, 62.76877923128868986 ) ) ;
#138 = ORIENTED_EDGE ( 'NONE', *, *, #4250, .F. ) ;
#139 = DIRECTION ( 'NONE',  ( 1.418996708365486154E-16, -1.000000000000000000, 0.000000000000000000 ) ) ;
#140 = CARTESIAN_POINT ( 'NONE',  ( -18.86647011960105758, 29.59999999999999432, 65.79280152068227494 ) ) ;
#141 = LINE ( 'NONE', #189, #2995 ) ;
#142 = CARTESIAN_POINT ( 'NONE',  ( -11.67198745374678737, 28.99999999999999645, 63.42914323233809881 ) ) ;
#143 = VECTOR ( 'NONE', #1110, 1000.000000000000000 ) ;
#144 = CARTESIAN_POINT ( 'NONE',  ( -15.00751761841592469, 28.99999999999999645, 66.59349384303789066 ) ) ;
#145 = ADVANCED_FACE ( 'NONE', ( #6830 ), #5334, .T. ) ;
#146 = CARTESIAN_POINT ( 'NONE',  ( -22.64068474247727636, 28.99999999999999289, 62.91004914530152803 ) ) ;
#147 = ORIENTED_EDGE ( 'NONE', *, *, #4292, .T. ) ;
#148 = ORIENTED_EDGE ( 'NONE', *, *, #9323, .T. ) ;
#149 = LINE ( 'NONE', #2270, #5518 ) ;
#150 = ORIENTED_EDGE ( 'NONE', *, *, #1251, .F. ) ;
#151 = CARTESIAN_POINT ( 'NONE',  ( -27.90993789957805049, 29.60000000000000142, 62.16203522071355536 ) ) ;
#152 = CARTESIAN_POINT ( 'NONE',  ( -19.53524480210742098, 28.99999999999999289, 63.05857560965161213 ) ) ;
#153 = CARTESIAN_POINT ( 'NONE',  ( -29.11500501689396003, 29.59999999999998366, 62.64412418362621793 ) ) ;
#154 = CARTESIAN_POINT ( 'NONE',  ( -24.00018406190875808, 29.59999999999999787, 63.38234478991305565 ) ) ;
#155 = CARTESIAN_POINT ( 'NONE',  ( -14.32435162301355724, 28.99999999999999289, 65.82419852421570283 ) ) ;
#156 = B_SPLINE_CURVE_WITH_KNOTS ( 'NONE', 3,
 ( #2315, #45, #8868, #812, #2267, #6027, #2362, #722, #1640, #4579, #5256 ),
 .UNSPECIFIED., .F., .F.,
 ( 4, 1, 1, 1, 1, 1, 1, 1, 4 ),
 ( 0.000000000000000000, 0.1490017644808730446, 0.2818997171181860661, 0.4047912702311842192, 0.5211370919580887717, 0.6343386118877021307, 0.7490297757807476975, 0.8688324994655969302, 1.000000000000000000 ),
 .UNSPECIFIED. ) ;
#157 = FACE_BOUND ( 'NONE', #326, .T. ) ;
#158 = CARTESIAN_POINT ( 'NONE',  ( -27.60737438867867510, 29.00000000000000000, 66.64864551477415944 ) ) ;
#159 = ORIENTED_EDGE ( 'NONE', *, *, #1719, .T. ) ;
#160 = CARTESIAN_POINT ( 'NONE',  ( -28.09493863579573514, 29.59999999999999787, 62.90941351001680459 ) ) ;
#161 = ORIENTED_EDGE ( 'NONE', *, *, #8207, .F. ) ;
#162 = EDGE_CURVE ( 'NONE', #8295, #8956, #8385, .T. ) ;
#163 = DIRECTION ( 'NONE',  ( 0.6785983445458549923, 0.2810846377148269459, -0.6785983445458363406 ) ) ;
#164 = CARTESIAN_POINT ( 'NONE',  ( -16.03195428053279770, 28.99999999999998579, 63.15307011277140958 ) ) ;
#165 = DIRECTION ( 'NONE',  ( 0.000000000000000000, 0.000000000000000000, -1.000000000000000000 ) ) ;
#166 = CARTESIAN_POINT ( 'NONE',  ( -15.02002816920012407, 29.59999999999998721, 62.26979741943159752 ) ) ;
#167 = CARTESIAN_POINT ( 'NONE',  ( 0.000000000000000000, 28.00000000000000000, 0.5000000000000281997 ) ) ;
#168 = CARTESIAN_POINT ( 'NONE',  ( -22.14082179254202742, 29.00000000000000000, 63.16216302194818866 ) ) ;
#169 = EDGE_LOOP ( 'NONE', ( #2972, #4060, #1037, #2582 ) ) ;
#170 = FACE_OUTER_BOUND ( 'NONE', #4675, .T. ) ;
#171 = EDGE_CURVE ( 'NONE', #6414, #1765, #5650, .T. ) ;
#172 = ORIENTED_EDGE ( 'NONE', *, *, #2381, .T. ) ;
#173 = EDGE_CURVE ( 'NONE', #6606, #6233, #8224, .T. ) ;
#174 = CARTESIAN_POINT ( 'NONE',  ( -42.17326098498567433, 28.99999999999998934, 64.98510921298996834 ) ) ;
#175 = CARTESIAN_POINT ( 'NONE',  ( -21.17326098498567433, 28.99999999999999289, 63.51575825145150134 ) ) ;
#176 = DIRECTION ( 'NONE',  ( 0.000000000000000000, 0.7071067811865420216, 0.7071067811865531239 ) ) ;
#177 = PLANE ( 'NONE',  #7195 ) ;
#178 = PLANE ( 'NONE',  #8694 ) ;
#179 = CARTESIAN_POINT ( 'NONE',  ( -17.07620882272768981, 29.00000000000000000, 64.28463936587547778 ) ) ;
#180 = CARTESIAN_POINT ( 'NONE',  ( -15.02359959220163432, 29.59999999999999787, 63.78843131768208252 ) ) ;
#181 = B_SPLINE_SURFACE_WITH_KNOTS ( 'NONE', 3, 1, ( 
 ( #6612, #5977 ),
 ( #8867, #8916 ),
 ( #1545, #5885 ),
 ( #721, #3665 ),
 ( #4528, #8149 ),
 ( #6653, #2900 ),
 ( #4481, #7422 ),
 ( #2, #3754 ),
 ( #671, #864 ),
 ( #3621, #8059 ),
 ( #1589, #2265 ),
 ( #9498, #6561 ),
 ( #8781, #3809 ),
 ( #2314, #2945 ),
 ( #91, #4345 ),
 ( #8823, #2222 ),
 ( #5255, #2849 ),
 ( #8193, #5161 ),
 ( #5787, #8729 ),
 ( #2129, #5070 ),
 ( #8013, #1407 ) ),
 .UNSPECIFIED., .F., .F., .F.,
 ( 4, 1, 1, 1, 1, 1, 1, 1, 1, 1, 1, 1, 1, 1, 1, 1, 1, 1, 4 ),
 ( 2, 2 ),
 ( 0.000000000000000000, 0.03697589911787107358, 0.07919380565197071953, 0.1263611040582897083, 0.1791959260289999190, 0.2370233567260350283, 0.3005781796994430044, 0.3688032070373766236, 0.4427636198457219896, 0.5160455776874045553, 0.5825014191568227417, 0.6417953814615279251, 0.6946446714591546501, 0.7407048907381673652, 0.7796151080458150195, 0.8121003791382506165, 0.8378410910526373767, 0.9229877051599603144, 1.000000000000000000 ),
 ( 0.000000000000000000, 1.000000000000000000 ),
 .UNSPECIFIED. ) ;
#182 = EDGE_LOOP ( 'NONE', ( #4758, #3184, #3168, #1257 ) ) ;
#183 = EDGE_LOOP ( 'NONE', ( #604, #1697, #5783, #1562 ) ) ;
#184 = CARTESIAN_POINT ( 'NONE',  ( -17.76583444351047802, 29.00000000000001066, 63.18135675046038102 ) ) ;
#185 = ORIENTED_EDGE ( 'NONE', *, *, #462, .T. ) ;
#186 = LINE ( 'NONE', #3751, #3772 ) ;
#187 = B_SPLINE_SURFACE_WITH_KNOTS ( 'NONE', 3, 1, ( 
 ( #8455, #4739 ),
 ( #7733, #6191 ),
 ( #6918, #6333 ),
 ( #2624, #1946 ),
 ( #4831, #5418 ),
 ( #7690, #1756 ),
 ( #5564, #1900 ),
 ( #1221, #4878 ),
 ( #3209, #7824 ),
 ( #7778, #1857 ),
 ( #4113, #448 ),
 ( #1082, #4786 ),
 ( #6145, #4693 ),
 ( #9269, #8546 ),
 ( #9125, #2666 ) ),
 .UNSPECIFIED., .F., .F., .F.,
 ( 4, 1, 1, 1, 1, 1, 1, 1, 1, 1, 1, 1, 4 ),
 ( 2, 2 ),
 ( 0.000000000000000000, 0.1044684317476923807, 0.2186443001264498365, 0.3432720284885064643, 0.4796798961683566009, 0.5495598336985891841, 0.6174401113445320277, 0.6835484224232981632, 0.7486076440208779825, 0.8121838164169910002, 0.8748745209313935067, 0.9374320533261719657, 1.000000000000000000 ),
 ( 0.000000000000000000, 1.000000000000000000 ),
 .UNSPECIFIED. ) ;
#188 = CARTESIAN_POINT ( 'NONE',  ( -21.06785762588009447, 29.00000000000000355, 66.58423303333553633 ) ) ;
#189 = CARTESIAN_POINT ( 'NONE',  ( -5.000000000000000000, 28.99999999999999645, 66.99999999999997158 ) ) ;
#190 = CARTESIAN_POINT ( 'NONE',  ( -11.78659293885196035, 28.99999999999998934, 63.11137509095014764 ) ) ;
#191 = CARTESIAN_POINT ( 'NONE',  ( -14.29134003271383335, 29.00000000000000000, 65.72775234911175346 ) ) ;
#192 = CARTESIAN_POINT ( 'NONE',  ( -35.82710713883183473, 29.59999999999999432, 63.31203228991304144 ) ) ;
#193 = ORIENTED_EDGE ( 'NONE', *, *, #3352, .F. ) ;
#194 = ORIENTED_EDGE ( 'NONE', *, *, #2546, .T. ) ;
#195 = CARTESIAN_POINT ( 'NONE',  ( -12.75018406190874742, 29.59999999999999787, 63.49863084760536225 ) ) ;
#196 = ORIENTED_EDGE ( 'NONE', *, *, #9265, .F. ) ;
#197 = CARTESIAN_POINT ( 'NONE',  ( -28.01422470873685455, 29.59999999999999432, 62.15948746485633336 ) ) ;
#198 = EDGE_CURVE ( 'NONE', #1829, #7587, #8323, .T. ) ;
#199 = CARTESIAN_POINT ( 'NONE',  ( -7.646446609406684303, -3.746446609406604455, 20.79999999999999716 ) ) ;
#200 = CARTESIAN_POINT ( 'NONE',  ( -29.24926840417379381, 28.99999999999998579, 62.85177120494134329 ) ) ;
#201 = DIRECTION ( 'NONE',  ( -0.000000000000000000, -0.000000000000000000, -1.000000000000000000 ) ) ;
#202 = CARTESIAN_POINT ( 'NONE',  ( -14.32435162301355724, 29.59999999999999432, 65.82419852421570283 ) ) ;
#203 = FACE_BOUND ( 'NONE', #8126, .T. ) ;
#204 = DIRECTION ( 'NONE',  ( 0.000000000000000000, 0.000000000000000000, 1.000000000000000000 ) ) ;
#205 = EDGE_LOOP ( 'NONE', ( #7796, #193, #194, #7608 ) ) ;
#206 = FACE_OUTER_BOUND ( 'NONE', #4395, .T. ) ;
#207 = ORIENTED_EDGE ( 'NONE', *, *, #3505, .T. ) ;
#208 = CARTESIAN_POINT ( 'NONE',  ( -3.000000000000031530, -3.999999999999948042, 20.79999999999999716 ) ) ;
#209 = LINE ( 'NONE', #2197, #5610 ) ;
#210 = CARTESIAN_POINT ( 'NONE',  ( -102.7999999999999972, 28.99999999999998579, 14.25000000000004086 ) ) ;
#211 = EDGE_CURVE ( 'NONE', #724, #6043, #3130, .T. ) ;
#212 = CARTESIAN_POINT ( 'NONE',  ( -15.68739961731507471, 29.59999999999999787, 62.91182826557026431 ) ) ;
#213 = FACE_OUTER_BOUND ( 'NONE', #9331, .T. ) ;
#214 = CARTESIAN_POINT ( 'NONE',  ( -16.63540040806259412, 28.99999999999999645, 62.62062603991305565 ) ) ;
#215 = B_SPLINE_CURVE_WITH_KNOTS ( 'NONE', 3,
 ( #6930, #9136, #4889, #4705, #7837, #1229, #321, #6202, #4173, #3310, #4078, #9277, #3448, #6973, #2539 ),
 .UNSPECIFIED., .F., .F.,
 ( 4, 1, 1, 1, 1, 1, 1, 1, 1, 1, 1, 1, 4 ),
 ( 0.000000000000000000, 0.09636570699092021630, 0.1926773804259398482, 0.2896222406718396702, 0.3886550898832855649, 0.4418938822195938032, 0.5017248057154910512, 0.5678518755671658758, 0.6405719334343553673, 0.7203467082495578211, 0.8066203545196107827, 0.9000073740331770988, 1.000000000000000000 ),
 .UNSPECIFIED. ) ;
#216 = ORIENTED_EDGE ( 'NONE', *, *, #3685, .T. ) ;
#217 = CARTESIAN_POINT ( 'NONE',  ( -3.000000000000031530, -3.999999999999948042, 20.79999999999999716 ) ) ;
#218 = EDGE_LOOP ( 'NONE', ( #2283, #5130, #8492, #37 ) ) ;
#219 = AXIS2_PLACEMENT_3D ( 'NONE', #6286, #2573, #8403 ) ;
#220 = DIRECTION ( 'NONE',  ( 1.000000000000000000, 1.418996708365486401E-16, 0.000000000000000000 ) ) ;
#221 = CARTESIAN_POINT ( 'NONE',  ( -12.71930478976858048, 29.00000000000000000, 63.24896894619978838 ) ) ;
#222 = CARTESIAN_POINT ( 'NONE',  ( -37.09453502344721443, 29.59999999999999076, 62.15818613606688814 ) ) ;
#223 = CARTESIAN_POINT ( 'NONE',  ( -24.63479944652414133, 29.59999999999999432, 64.69664767452843535 ) ) ;
#224 = CARTESIAN_POINT ( 'NONE',  ( -27.47409287500300579, 28.99999999999998934, 63.93148241945101518 ) ) ;
#225 = FACE_OUTER_BOUND ( 'NONE', #7448, .T. ) ;
#226 = CARTESIAN_POINT ( 'NONE',  ( -14.58011194652413067, 28.99999999999999289, 62.61521738606688814 ) ) ;
#227 = AXIS2_PLACEMENT_3D ( 'NONE', #3450, #7258, #5621 ) ;
#228 = ORIENTED_EDGE ( 'NONE', *, *, #8220, .T. ) ;
#229 = ADVANCED_FACE ( 'NONE', ( #1866 ), #5346, .T. ) ;
#230 = ORIENTED_EDGE ( 'NONE', *, *, #5180, .F. ) ;
#231 = CARTESIAN_POINT ( 'NONE',  ( -15.06367433832650882, 29.00000000000001421, 65.40564930723076031 ) ) ;
#232 = ORIENTED_EDGE ( 'NONE', *, *, #7216, .T. ) ;
#233 = CARTESIAN_POINT ( 'NONE',  ( -12.93215603614331854, 28.99999999999999645, 62.29264642209238190 ) ) ;
#234 = AXIS2_PLACEMENT_3D ( 'NONE', #6823, #4743, #988 ) ;
#235 = LINE ( 'NONE', #912, #5453 ) ;
#236 = DIRECTION ( 'NONE',  ( 0.000000000000000000, -0.000000000000000000, 1.000000000000000000 ) ) ;
#237 = CARTESIAN_POINT ( 'NONE',  ( -26.30787636960106468, 28.99999999999999289, 65.44664767452843535 ) ) ;
#238 = DIRECTION ( 'NONE',  ( -1.000000000000000000, 0.000000000000000000, 0.000000000000000000 ) ) ;
#239 = CARTESIAN_POINT ( 'NONE',  ( -16.31803082400680083, 29.59999999999999076, 62.33577501593930492 ) ) ;
#240 = B_SPLINE_CURVE_WITH_KNOTS ( 'NONE', 3,
 ( #6832, #2347, #3224, #9091, #5242, #851, #1625, #7557, #8276, #9041, #1725, #6732, #5430, #6784, #3123, #8367, #948, #1772, #9237, #3406, #6342, #2540, #6974, #5666, #411, #6387, #2006 ),
 .UNSPECIFIED., .F., .F.,
 ( 4, 1, 1, 1, 1, 1, 1, 1, 1, 1, 1, 1, 1, 1, 1, 1, 1, 1, 1, 1, 1, 1, 1, 1, 4 ),
 ( 0.000000000000000000, 0.05241462299440196454, 0.1027091694655512116, 0.1514439615246738202, 0.1996138980871031976, 0.2472508928845015830, 0.2956961365241347894, 0.3449754292995784732, 0.3961240370953058587, 0.4226790494297173462, 0.4501786529756241495, 0.4792373238459781692, 0.5092016462808326427, 0.5408092221780149700, 0.5739193845940845362, 0.6083465650511269418, 0.6445205949242756027, 0.6827186007748640151, 0.7224799309583683771, 0.7637982195614305692, 0.8073329696282756096, 0.8525067459539613646, 0.8996646565177246480, 0.9488179606455552362, 1.000000000000000000 ),
 .UNSPECIFIED. ) ;
#241 = EDGE_LOOP ( 'NONE', ( #504, #4623, #1501, #5196 ) ) ;
#242 = CARTESIAN_POINT ( 'NONE',  ( -105.5000000000000000, 28.99999999999998579, 55.74999999999999289 ) ) ;
#243 = VERTEX_POINT ( 'NONE', #8508 ) ;
#244 = DIRECTION ( 'NONE',  ( 1.000000000000000000, 0.000000000000000000, -0.000000000000000000 ) ) ;
#245 = CARTESIAN_POINT ( 'NONE',  ( -28.58466212807299911, 28.99999999999999289, 65.49510732829479309 ) ) ;
#246 = DIRECTION ( 'NONE',  ( 0.7071067811865573427, 0.000000000000000000, -0.7071067811865378028 ) ) ;
#247 = CARTESIAN_POINT ( 'NONE',  ( -14.14869618475164614, 29.59999999999999432, 64.88213788135978177 ) ) ;
#248 = CARTESIAN_POINT ( 'NONE',  ( -28.67326098498566722, 28.99999999999999645, 64.43883517452844956 ) ) ;
#249 =( NAMED_UNIT ( * ) SI_UNIT ( $, .STERADIAN. ) SOLID_ANGLE_UNIT ( ) );
#250 = VERTEX_POINT ( 'NONE', #3447 ) ;
#251 = EDGE_CURVE ( 'NONE', #1813, #8816, #7743, .T. ) ;
#252 = CARTESIAN_POINT ( 'NONE',  ( -14.13479944652413245, 28.99999999999999289, 64.42982075145150134 ) ) ;
#253 = ORIENTED_EDGE ( 'NONE', *, *, #5251, .T. ) ;
#254 = ADVANCED_FACE ( 'NONE', ( #6201 ), #1181, .T. ) ;
#255 = LINE ( 'NONE', #306, #7369 ) ;
#256 = FACE_OUTER_BOUND ( 'NONE', #1762, .T. ) ;
#257 = LINE ( 'NONE', #7641, #6231 ) ;
#258 = CARTESIAN_POINT ( 'NONE',  ( -19.64193492806738917, 29.00000000000000000, 64.98565089723830113 ) ) ;
#259 = CARTESIAN_POINT ( 'NONE',  ( -0.5000000000000419664, 0.000000000000000000, 72.49999999999995737 ) ) ;
#260 = LINE ( 'NONE', #7646, #5934 ) ;
#261 = ADVANCED_FACE ( 'NONE', ( #1908 ), #8413, .T. ) ;
#262 = ORIENTED_EDGE ( 'NONE', *, *, #8207, .T. ) ;
#263 = CARTESIAN_POINT ( 'NONE',  ( -18.67928333100356753, 29.60000000000000142, 63.16216302194818866 ) ) ;
#264 = EDGE_CURVE ( 'NONE', #3116, #9000, #9183, .T. ) ;
#265 = ORIENTED_EDGE ( 'NONE', *, *, #6376, .F. ) ;
#266 = VECTOR ( 'NONE', #2067, 1000.000000000000000 ) ;
#267 = LINE ( 'NONE', #7061, #6071 ) ;
#268 = CARTESIAN_POINT ( 'NONE',  ( -12.21653021575489895, 28.99999999999999645, 62.90818613606688814 ) ) ;
#269 = DIRECTION ( 'NONE',  ( -1.418996708365486401E-16, 1.000000000000000000, 0.000000000000000000 ) ) ;
#270 = DIRECTION ( 'NONE',  ( -0.4999999999999945599, -0.8660254037844418162, 0.000000000000000000 ) ) ;
#271 = DIRECTION ( 'NONE',  ( 0.000000000000000000, 1.000000000000000000, 0.000000000000000000 ) ) ;
#272 = AXIS2_PLACEMENT_3D ( 'NONE', #1949, #4210, #7148 ) ;
#273 = CARTESIAN_POINT ( 'NONE',  ( -21.96074048449101213, 29.00000000000000711, 62.27978240500942775 ) ) ;
#274 = CARTESIAN_POINT ( 'NONE',  ( -15.07186216056563843, 29.59999999999999076, 63.44141690147067436 ) ) ;
#275 = VERTEX_POINT ( 'NONE', #361 ) ;
#276 = VECTOR ( 'NONE', #7918, 1000.000000000000000 ) ;
#277 = ORIENTED_EDGE ( 'NONE', *, *, #7912, .F. ) ;
#278 = VECTOR ( 'NONE', #2181, 1000.000000000000000 ) ;
#279 = CARTESIAN_POINT ( 'NONE',  ( -19.15763598498567077, 29.59999999999999432, 62.15818613606688814 ) ) ;
#280 = ORIENTED_EDGE ( 'NONE', *, *, #1411, .T. ) ;
#281 = CARTESIAN_POINT ( 'NONE',  ( -7.999999999999989342, 2.803847577293379967, 21.30000000000002203 ) ) ;
#282 = LINE ( 'NONE', #7753, #5523 ) ;
#283 = CARTESIAN_POINT ( 'NONE',  ( -28.06749175421643727, 28.99999999999999289, 66.71587844375920895 ) ) ;
#284 = CARTESIAN_POINT ( 'NONE',  ( -12.23455906190874387, 29.59999999999999432, 62.15818613606688814 ) ) ;
#285 = CARTESIAN_POINT ( 'NONE',  ( -26.68153632006954723, 28.99999999999998934, 63.46326474830355124 ) ) ;
#286 = CARTESIAN_POINT ( 'NONE',  ( -14.17372399659741156, 28.99999999999999645, 65.15417688458137491 ) ) ;
#287 = DESIGN_CONTEXT ( 'detailed design', #8185, 'design' ) ;
#288 = CARTESIAN_POINT ( 'NONE',  ( -16.63540040806259412, 29.59999999999999787, 62.62062603991305565 ) ) ;
#289 = VECTOR ( 'NONE', #935, 999.9999999999998863 ) ;
#290 = VECTOR ( 'NONE', #7727, 1000.000000000000000 ) ;
#291 = VERTEX_POINT ( 'NONE', #3309 ) ;
#292 = CARTESIAN_POINT ( 'NONE',  ( -3.000000000000031530, -3.999999999999948042, 21.30000000000002203 ) ) ;
#293 = ORIENTED_EDGE ( 'NONE', *, *, #1129, .T. ) ;
#294 = CARTESIAN_POINT ( 'NONE',  ( -29.51124864664373604, 29.59999999999999787, 65.02582819320581109 ) ) ;
#295 = CARTESIAN_POINT ( 'NONE',  ( -19.17914628093881291, 28.99999999999998934, 62.91004914530152803 ) ) ;
#296 = VECTOR ( 'NONE', #3421, 1000.000000000000000 ) ;
#297 = ADVANCED_FACE ( 'NONE', ( #2585 ), #6725, .T. ) ;
#298 = CARTESIAN_POINT ( 'NONE',  ( -29.53774728426614615, 29.00000000000000000, 64.28463936587547778 ) ) ;
#299 = CARTESIAN_POINT ( 'NONE',  ( -14.19048574257327466, 29.59999999999999432, 65.28113725803713407 ) ) ;
#300 = CARTESIAN_POINT ( 'NONE',  ( -28.22745935931103389, 28.99999999999999289, 62.93054619695440266 ) ) ;
#301 = CARTESIAN_POINT ( 'NONE',  ( -27.55817685037028042, 29.59999999999999432, 63.34989286683612164 ) ) ;
#302 = ORIENTED_EDGE ( 'NONE', *, *, #6118, .F. ) ;
#303 = LOCAL_TIME ( 16, 33, 20.00000000000000000, #575 ) ;
#304 = DIRECTION ( 'NONE',  ( -0.7071067811865378028, -2.775557561562891351E-17, -0.7071067811865573427 ) ) ;
#305 = VERTEX_POINT ( 'NONE', #6431 ) ;
#306 = CARTESIAN_POINT ( 'NONE',  ( -31.73095329267797737, 29.59999999999999432, 66.65818613606688814 ) ) ;
#307 = DIRECTION ( 'NONE',  ( 1.418996708365486154E-16, -1.000000000000000000, -0.000000000000000000 ) ) ;
#308 = DIRECTION ( 'NONE',  ( 1.418996708365486154E-16, -1.000000000000000000, -0.000000000000000000 ) ) ;
#309 = CARTESIAN_POINT ( 'NONE',  ( -28.43750407010565340, 29.59999999999999432, 63.06632603248693414 ) ) ;
#310 = ADVANCED_FACE ( 'NONE', ( #5086 ), #8426, .T. ) ;
#311 = LINE ( 'NONE', #4834, #6444 ) ;
#312 = CARTESIAN_POINT ( 'NONE',  ( -15.17850548396858734, 28.99999999999999289, 65.72412153017623382 ) ) ;
#313 = CARTESIAN_POINT ( 'NONE',  ( -500000.0000000000582, 2.744571740547546804E-14, 22.60000000000000142 ) ) ;
#314 = EDGE_CURVE ( 'NONE', #8707, #857, #1271, .T. ) ;
#315 = EDGE_LOOP ( 'NONE', ( #2697, #8171, #6087, #2403 ) ) ;
#316 = CARTESIAN_POINT ( 'NONE',  ( -24.63479944652414133, 29.59999999999999432, 64.69664767452843535 ) ) ;
#317 = ORIENTED_EDGE ( 'NONE', *, *, #3191, .T. ) ;
#318 = EDGE_CURVE ( 'NONE', #7760, #8333, #4848, .T. ) ;
#319 = DIRECTION ( 'NONE',  ( 0.000000000000000000, 0.000000000000000000, 1.000000000000000000 ) ) ;
#320 = CARTESIAN_POINT ( 'NONE',  ( -36.41777879129151785, 29.59999999999999432, 63.88139934369825568 ) ) ;
#321 = CARTESIAN_POINT ( 'NONE',  ( -17.94762535378922053, 28.99999999999999645, 65.69933259137647497 ) ) ;
#322 = DIRECTION ( 'NONE',  ( -1.949031569117754444E-14, -0.7071067811865572317, 0.7071067811865379138 ) ) ;
#323 = CARTESIAN_POINT ( 'NONE',  ( -12.96354756536035602, 29.59999999999999787, 64.75105750859907516 ) ) ;
#324 = CARTESIAN_POINT ( 'NONE',  ( -22.20675869749603493, 29.00000000000001066, 62.20000212056062594 ) ) ;
#325 = CARTESIAN_POINT ( 'NONE',  ( -10.79560304032892937, 29.59999999999999787, 63.45733378054433160 ) ) ;
#326 = EDGE_LOOP ( 'NONE', ( #842, #9492, #608, #9429, #432, #7860, #980, #5308, #7562, #6766, #2390, #6537, #9158 ) ) ;
#327 = VERTEX_POINT ( 'NONE', #6528 ) ;
#328 = CARTESIAN_POINT ( 'NONE',  ( -18.87751888116903842, 29.00000000000000355, 62.17655970823265932 ) ) ;
#329 = ORIENTED_EDGE ( 'NONE', *, *, #4872, .F. ) ;
#330 = CARTESIAN_POINT ( 'NONE',  ( -15.65952003098644596, 28.99999999999998934, 62.15947385397781488 ) ) ;
#331 = CARTESIAN_POINT ( 'NONE',  ( -18.49652522662266918, 29.59999999999998721, 65.05540356897962795 ) ) ;
#332 = CARTESIAN_POINT ( 'NONE',  ( -33.63479944652413423, 29.59999999999999432, 64.69664767452843535 ) ) ;
#333 = CARTESIAN_POINT ( 'NONE',  ( -21.54388414552704845, 29.59999999999999787, 62.55793437562742554 ) ) ;
#334 = CARTESIAN_POINT ( 'NONE',  ( -24.00018406190875808, 28.99999999999999645, 63.38234478991305565 ) ) ;
#335 = CARTESIAN_POINT ( 'NONE',  ( -40.84543646575490783, 28.99999999999998934, 62.21587844375919474 ) ) ;
#336 = CARTESIAN_POINT ( 'NONE',  ( -17.03473924846676724, 28.99999999999998934, 65.15935364755516446 ) ) ;
#337 = ORIENTED_EDGE ( 'NONE', *, *, #7588, .T. ) ;
#338 = FACE_OUTER_BOUND ( 'NONE', #3015, .T. ) ;
#339 = ORIENTED_EDGE ( 'NONE', *, *, #8554, .T. ) ;
#340 = LINE ( 'NONE', #4866, #5659 ) ;
#341 = B_SPLINE_CURVE_WITH_KNOTS ( 'NONE', 3,
 ( #640, #2958, #5030, #8071, #5899, #1470, #2195, #689, #9464, #4405, #5855 ),
 .UNSPECIFIED., .F., .F.,
 ( 4, 1, 1, 1, 1, 1, 1, 1, 4 ),
 ( 0.000000000000000000, 0.1124239580708059627, 0.2223848576202812066, 0.3301224058542410744, 0.4412431684841658375, 0.5580749755162367487, 0.6869486147035350765, 0.8340326972108738079, 1.000000000000000000 ),
 .UNSPECIFIED. ) ;
#342 = CARTESIAN_POINT ( 'NONE',  ( -27.46905607995438459, 29.00000000000000000, 66.59349384303790487 ) ) ;
#343 = CARTESIAN_POINT ( 'NONE',  ( -29.53834271648660348, 28.99999999999999289, 64.38684520668053324 ) ) ;
#344 = CARTESIAN_POINT ( 'NONE',  ( -29.52450597165991653, 29.59999999999999787, 64.88704742904305078 ) ) ;
#345 = CARTESIAN_POINT ( 'NONE',  ( -28.43750407010565340, 28.99999999999999289, 63.06632603248693414 ) ) ;
#346 = CARTESIAN_POINT ( 'NONE',  ( -37.00632593589194386, 28.99999999999998934, 62.36077954626569664 ) ) ;
#347 = VERTEX_POINT ( 'NONE', #9469 ) ;
#348 = EDGE_CURVE ( 'NONE', #4383, #1432, #9099, .T. ) ;
#349 = EDGE_CURVE ( 'NONE', #1631, #2877, #5324, .T. ) ;
#350 = CARTESIAN_POINT ( 'NONE',  ( -16.31667347212427543, 28.99999999999999645, 66.54029313193360906 ) ) ;
#351 = DIRECTION ( 'NONE',  ( 0.7071067811865520136, 0.7071067811865431318, -0.000000000000000000 ) ) ;
#352 = PLANE ( 'NONE',  #369 ) ;
#353 = DIRECTION ( 'NONE',  ( 0.7071067811865378028, 0.000000000000000000, 0.7071067811865573427 ) ) ;
#354 = CARTESIAN_POINT ( 'NONE',  ( -28.67274938592097655, 28.99999999999998934, 64.37753776437595832 ) ) ;
#355 = CARTESIAN_POINT ( 'NONE',  ( -17.62627608027423420, 29.59999999999999432, 66.43636829437824076 ) ) ;
#356 = CARTESIAN_POINT ( 'NONE',  ( -19.57862027885722611, 29.59999999999999432, 63.89224287257272294 ) ) ;
#357 = VERTEX_POINT ( 'NONE', #5179 ) ;
#358 = CARTESIAN_POINT ( 'NONE',  ( -26.59721425321579247, 28.99999999999998934, 64.27682564762332618 ) ) ;
#359 = EDGE_LOOP ( 'NONE', ( #8575, #1559, #5720 ) ) ;
#360 = DIRECTION ( 'NONE',  ( -0.7071067811865573427, -4.906538933386860351E-15, -0.7071067811865378028 ) ) ;
#361 = CARTESIAN_POINT ( 'NONE',  ( -5.500000000000022204, 0.5000000000000281997, 32.99999999999999289 ) ) ;
#362 = CARTESIAN_POINT ( 'NONE',  ( -28.65403424287610434, 28.99999999999998934, 62.27097084193191279 ) ) ;
#363 = CARTESIAN_POINT ( 'NONE',  ( -1.499999999999971800, 0.000000000000000000, 73.00000000000000000 ) ) ;
#364 = CARTESIAN_POINT ( 'NONE',  ( -2.066987298107796800, 13.08012701892230645, 21.30000000000002203 ) ) ;
#365 = CARTESIAN_POINT ( 'NONE',  ( -17.04967920161296036, 28.99999999999999289, 63.85094655720960333 ) ) ;
#366 = LINE ( 'NONE', #3314, #751 ) ;
#367 = VERTEX_POINT ( 'NONE', #937 ) ;
#368 = EDGE_CURVE ( 'NONE', #8061, #8615, #5277, .T. ) ;
#369 = AXIS2_PLACEMENT_3D ( 'NONE', #1804, #9225, #1172 ) ;
#370 = EDGE_LOOP ( 'NONE', ( #6645, #6614, #2375, #2968 ) ) ;
#371 = DIRECTION ( 'NONE',  ( -1.000000000000000000, 0.000000000000000000, -0.000000000000000000 ) ) ;
#372 = VERTEX_POINT ( 'NONE', #62 ) ;
#373 = CARTESIAN_POINT ( 'NONE',  ( -13.61477068132589707, 28.99999999999999289, 63.33959402992292098 ) ) ;
#374 = CARTESIAN_POINT ( 'NONE',  ( -17.62627608027423420, 29.59999999999999432, 66.43636829437824076 ) ) ;
#375 = CARTESIAN_POINT ( 'NONE',  ( -28.37656602841641629, 29.59999999999999787, 66.68965666704491468 ) ) ;
#376 = CARTESIAN_POINT ( 'NONE',  ( 0.000000000000000000, -6.099999999999905498, 29.17927405783627748 ) ) ;
#377 = CARTESIAN_POINT ( 'NONE',  ( -500000.0000000000582, -3.599999999999933920, 31.19999999999998863 ) ) ;
#378 = CARTESIAN_POINT ( 'NONE',  ( -11.95444195809210974, 28.99999999999999645, 62.17655970823265932 ) ) ;
#379 = DIRECTION ( 'NONE',  ( 0.7071067811865378028, -1.980651566975070795E-14, -0.7071067811865573427 ) ) ;
#380 = VECTOR ( 'NONE', #271, 1000.000000000000000 ) ;
#381 = DIRECTION ( 'NONE',  ( -1.000000000000000000, 0.000000000000000000, 0.000000000000000000 ) ) ;
#382 = EDGE_LOOP ( 'NONE', ( #5044, #1089, #932, #3542 ) ) ;
#383 = ADVANCED_FACE ( 'NONE', ( #2286 ), #3010, .T. ) ;
#384 = PLANE ( 'NONE',  #5055 ) ;
#385 = ORIENTED_EDGE ( 'NONE', *, *, #2962, .T. ) ;
#386 = CARTESIAN_POINT ( 'NONE',  ( -23.99781626077194119, 28.99999999999999289, 63.25549540441327423 ) ) ;
#387 = EDGE_CURVE ( 'NONE', #291, #1296, #8314, .T. ) ;
#388 = AXIS2_PLACEMENT_3D ( 'NONE', #4626, #860, #6793 ) ;
#389 = CARTESIAN_POINT ( 'NONE',  ( -26.67313894188835732, 29.59999999999999076, 65.40187667010577854 ) ) ;
#390 = PLANE ( 'NONE',  #529 ) ;
#391 = CARTESIAN_POINT ( 'NONE',  ( -19.52817196083503859, 29.59999999999999787, 63.97553209429966614 ) ) ;
#392 = LINE ( 'NONE', #6955, #9528 ) ;
#393 = CARTESIAN_POINT ( 'NONE',  ( -37.05573546203275725, 28.99999999999999289, 62.26169215001661428 ) ) ;
#394 = ORIENTED_EDGE ( 'NONE', *, *, #6963, .T. ) ;
#395 = CARTESIAN_POINT ( 'NONE',  ( -26.61023464629010249, 29.60000000000000142, 64.88213788135976756 ) ) ;
#396 = CARTESIAN_POINT ( 'NONE',  ( -98.29999999999995453, 0.000000000000000000, 72.49999999999995737 ) ) ;
#397 = FACE_OUTER_BOUND ( 'NONE', #6910, .T. ) ;
#398 = CARTESIAN_POINT ( 'NONE',  ( -28.06749175421644082, 29.59999999999999787, 62.90818613606689524 ) ) ;
#399 = FACE_OUTER_BOUND ( 'NONE', #1099, .T. ) ;
#400 = CARTESIAN_POINT ( 'NONE',  ( -12.53748549229791287, 29.59999999999999432, 64.07697101937263540 ) ) ;
#401 = EDGE_CURVE ( 'NONE', #1385, #2768, #4457, .T. ) ;
#402 = CARTESIAN_POINT ( 'NONE',  ( -20.00941068637019882, 28.99999999999999289, 64.62138892635984178 ) ) ;
#403 = CARTESIAN_POINT ( 'NONE',  ( -19.67113710872326493, 28.99999999999998934, 63.54180619720353462 ) ) ;
#404 = ORIENTED_EDGE ( 'NONE', *, *, #4262, .F. ) ;
#405 = LINE ( 'NONE', #495, #1353 ) ;
#406 = VERTEX_POINT ( 'NONE', #6046 ) ;
#407 = CARTESIAN_POINT ( 'NONE',  ( -5.696446609406695671, -5.696446609406633499, 32.99999999999999289 ) ) ;
#408 = CARTESIAN_POINT ( 'NONE',  ( -36.68091088798203714, 28.99999999999998934, 63.68316958132988503 ) ) ;
#409 = EDGE_CURVE ( 'NONE', #5394, #1450, #3923, .T. ) ;
#410 = CARTESIAN_POINT ( 'NONE',  ( -28.52016382102913994, 28.99999999999998934, 62.21976771235483028 ) ) ;
#411 = CARTESIAN_POINT ( 'NONE',  ( -14.13605389579359262, 29.59999999999998721, 64.58549466067833578 ) ) ;
#412 = CARTESIAN_POINT ( 'NONE',  ( -20.10234752344721088, 29.59999999999999432, 64.51095055914380794 ) ) ;
#413 = CARTESIAN_POINT ( 'NONE',  ( -16.63540040806259412, 28.99999999999999645, 62.62062603991305565 ) ) ;
#414 = ORIENTED_EDGE ( 'NONE', *, *, #497, .F. ) ;
#415 = EDGE_CURVE ( 'NONE', #3233, #830, #7399, .T. ) ;
#416 = ORIENTED_EDGE ( 'NONE', *, *, #5169, .F. ) ;
#417 = CARTESIAN_POINT ( 'NONE',  ( -18.61933642689850643, 29.59999999999999432, 62.23549029123772414 ) ) ;
#418 = ORIENTED_EDGE ( 'NONE', *, *, #1527, .F. ) ;
#419 = CARTESIAN_POINT ( 'NONE',  ( -13.52530062106148812, 28.99999999999998934, 62.90235117314193758 ) ) ;
#420 = DIRECTION ( 'NONE',  ( -1.000000000000000000, 0.000000000000000000, -0.000000000000000000 ) ) ;
#421 = LINE ( 'NONE', #9536, #2377 ) ;
#422 = CARTESIAN_POINT ( 'NONE',  ( -13.61227747758969997, 28.99999999999999289, 63.52870578933038104 ) ) ;
#423 = CARTESIAN_POINT ( 'NONE',  ( -21.73919288628764335, 29.59999999999998721, 62.39826547171086446 ) ) ;
#424 = DIRECTION ( 'NONE',  ( 1.000000000000000000, 1.390559900582610931E-16, 0.000000000000000000 ) ) ;
#425 = ADVANCED_FACE ( 'NONE', ( #1611 ), #4501, .F. ) ;
#426 = LINE ( 'NONE', #8525, #296 ) ;
#427 = VECTOR ( 'NONE', #1922, 1000.000000000000000 ) ;
#428 = EDGE_CURVE ( 'NONE', #5548, #3984, #8838, .T. ) ;
#429 = ORIENTED_EDGE ( 'NONE', *, *, #3785, .T. ) ;
#430 = AXIS2_PLACEMENT_3D ( 'NONE', #8471, #6259, #7795 ) ;
#431 = CARTESIAN_POINT ( 'NONE',  ( 0.000000000000000000, 0.5000000000000420775, 20.79999999999999716 ) ) ;
#432 = ORIENTED_EDGE ( 'NONE', *, *, #3580, .T. ) ;
#433 = CARTESIAN_POINT ( 'NONE',  ( -23.72018276408098103, 28.99999999999999289, 62.59643381103102655 ) ) ;
#434 = CARTESIAN_POINT ( 'NONE',  ( -26.69585462542982057, 29.00000000000000711, 65.51695453929460200 ) ) ;
#435 = EDGE_CURVE ( 'NONE', #275, #7347, #3928, .T. ) ;
#436 = LINE ( 'NONE', #6323, #750 ) ;
#437 = VECTOR ( 'NONE', #4281, 1000.000000000000000 ) ;
#438 = CARTESIAN_POINT ( 'NONE',  ( -19.40756679989277700, 28.99999999999999289, 64.14053963481318021 ) ) ;
#439 = VECTOR ( 'NONE', #3488, 1000.000000000000000 ) ;
#440 = DIRECTION ( 'NONE',  ( 0.000000000000000000, 0.000000000000000000, 1.000000000000000000 ) ) ;
#441 = VERTEX_POINT ( 'NONE', #6773 ) ;
#442 = AXIS2_PLACEMENT_3D ( 'NONE', #709, #3654, #9539 ) ;
#443 = CARTESIAN_POINT ( 'NONE',  ( -16.63179463883182407, 28.99999999999998934, 66.25884719375919474 ) ) ;
#444 = VECTOR ( 'NONE', #8230, 1000.000000000000000 ) ;
#445 = CARTESIAN_POINT ( 'NONE',  ( -16.63179463883182407, 29.59999999999999432, 66.25884719375919474 ) ) ;
#446 = CARTESIAN_POINT ( 'NONE',  ( -28.06749175421643727, 29.59999999999999432, 65.96587844375919474 ) ) ;
#447 = DIRECTION ( 'NONE',  ( 1.418996708365486154E-16, -1.000000000000000000, 0.000000000000000000 ) ) ;
#448 = CARTESIAN_POINT ( 'NONE',  ( -36.95019253944585813, 29.00000000000000000, 62.45677245682414025 ) ) ;
#449 = CARTESIAN_POINT ( 'NONE',  ( -16.54146858697362887, 28.99999999999999289, 62.51087547434985936 ) ) ;
#450 = CARTESIAN_POINT ( 'NONE',  ( -19.88662448843727759, 28.99999999999999289, 64.75105750859906095 ) ) ;
#451 = APPROVAL_PERSON_ORGANIZATION ( #1750, #1371, #7633 ) ;
#452 = ADVANCED_FACE ( 'NONE', ( #7591 ), #833, .F. ) ;
#453 = LINE ( 'NONE', #3444, #7354 ) ;
#454 = VERTEX_POINT ( 'NONE', #8263 ) ;
#455 = CARTESIAN_POINT ( 'NONE',  ( -29.94249175421643372, 28.99999999999999289, 65.73510921298995413 ) ) ;
#456 = CARTESIAN_POINT ( 'NONE',  ( -35.98265316470860853, 28.99999999999998934, 64.11752169028821413 ) ) ;
#457 = DIRECTION ( 'NONE',  ( 1.000000000000000000, 1.418996708365486154E-16, -0.000000000000000000 ) ) ;
#458 = LINE ( 'NONE', #7107, #6281 ) ;
#459 = CARTESIAN_POINT ( 'NONE',  ( -5.500000000000016875, -2.207106781186540356, 20.79999999999999716 ) ) ;
#460 = LINE ( 'NONE', #3408, #8906 ) ;
#461 = ORIENTED_EDGE ( 'NONE', *, *, #6650, .T. ) ;
#462 = EDGE_CURVE ( 'NONE', #3984, #291, #8983, .T. ) ;
#463 = ADVANCED_FACE ( 'NONE', ( #787 ), #7545, .T. ) ;
#464 = ORIENTED_EDGE ( 'NONE', *, *, #6674, .F. ) ;
#465 = CARTESIAN_POINT ( 'NONE',  ( -18.17596350906978131, 29.59999999999999076, 62.47206177170625807 ) ) ;
#466 = ORIENTED_EDGE ( 'NONE', *, *, #1308, .F. ) ;
#467 = LINE ( 'NONE', #6261, #5006 ) ;
#468 = CARTESIAN_POINT ( 'NONE',  ( -22.95080193264676183, 28.99999999999999289, 64.03664153671326176 ) ) ;
#469 = CARTESIAN_POINT ( 'NONE',  ( -17.94762535378922053, 29.59999999999999787, 65.69933259137647497 ) ) ;
#470 = CARTESIAN_POINT ( 'NONE',  ( -15.52388031114633726, 29.00000000000000000, 62.91171570126547152 ) ) ;
#471 = CARTESIAN_POINT ( 'NONE',  ( -28.65403424287610434, 29.59999999999999076, 62.27097084193191279 ) ) ;
#472 = LINE ( 'NONE', #3419, #7459 ) ;
#473 = CARTESIAN_POINT ( 'NONE',  ( -12.23455906190874387, 28.99999999999999289, 62.15818613606688814 ) ) ;
#474 = CARTESIAN_POINT ( 'NONE',  ( -27.64202152547743907, 29.59999999999999787, 63.14154371149029288 ) ) ;
#475 = VERTEX_POINT ( 'NONE', #3730 ) ;
#476 = LINE ( 'NONE', #8388, #3981 ) ;
#477 = ORIENTED_EDGE ( 'NONE', *, *, #5204, .T. ) ;
#478 = CARTESIAN_POINT ( 'NONE',  ( -23.99938606594129098, 28.99999999999999289, 63.33959402992293519 ) ) ;
#479 = ORIENTED_EDGE ( 'NONE', *, *, #2619, .T. ) ;
#480 = CARTESIAN_POINT ( 'NONE',  ( -27.21658758806252010, 29.59999999999998721, 66.43559663024061024 ) ) ;
#481 = CARTESIAN_POINT ( 'NONE',  ( -500000.0000000000582, 2.428612866367529932E-14, 31.19999999999999218 ) ) ;
#482 = DIRECTION ( 'NONE',  ( 1.000000000000000000, 1.418996708365486154E-16, -0.000000000000000000 ) ) ;
#483 = CARTESIAN_POINT ( 'NONE',  ( -23.13322435486479023, 29.59999999999999076, 63.45371195238226392 ) ) ;
#484 = ORIENTED_EDGE ( 'NONE', *, *, #1959, .T. ) ;
#485 = CC_DESIGN_DATE_AND_TIME_ASSIGNMENT ( #7043, #7962, ( #2765 ) ) ;
#486 = ADVANCED_FACE ( 'NONE', ( #6668 ), #4023, .T. ) ;
#487 = CARTESIAN_POINT ( 'NONE',  ( -26.65202420411172568, 29.59999999999999076, 65.28113725803713407 ) ) ;
#488 = PLANE ( 'NONE',  #1009 ) ;
#489 = B_SPLINE_CURVE_WITH_KNOTS ( 'NONE', 3,
 ( #4106, #7042, #977, #3919, #6859, #3200, #6135, #9352, #7183, #4300, #1302 ),
 .UNSPECIFIED., .F., .F.,
 ( 4, 1, 1, 1, 1, 1, 1, 1, 4 ),
 ( 0.000000000000000000, 0.1239584095619896825, 0.2446998826385557990, 0.3639412791697725913, 0.4841523681817037073, 0.6059993946649747665, 0.7313057411264476393, 0.8627578173791412564, 1.000000000000000000 ),
 .UNSPECIFIED. ) ;
#490 = CARTESIAN_POINT ( 'NONE',  ( -28.30261397092397502, 29.59999999999999787, 65.91328158246395219 ) ) ;
#491 = CARTESIAN_POINT ( 'NONE',  ( -19.81363903483948619, 29.60000000000000142, 64.82472394247854197 ) ) ;
#492 = CARTESIAN_POINT ( 'NONE',  ( -19.46062331207814466, 29.59999999999998366, 62.17732647703376614 ) ) ;
#493 = CARTESIAN_POINT ( 'NONE',  ( -12.33936955966688309, 28.99999999999998934, 64.30080552589373610 ) ) ;
#494 = LINE ( 'NONE', #7296, #6751 ) ;
#495 = CARTESIAN_POINT ( 'NONE',  ( 0.000000000000000000, -6.099999999999905498, 32.99999999999999289 ) ) ;
#496 = ORIENTED_EDGE ( 'NONE', *, *, #7391, .T. ) ;
#497 = EDGE_CURVE ( 'NONE', #7587, #7288, #6239, .T. ) ;
#498 = CARTESIAN_POINT ( 'NONE',  ( -27.49324189353341907, 28.99999999999998934, 65.20271617773140349 ) ) ;
#499 = CARTESIAN_POINT ( 'NONE',  ( -21.84685255840942375, 29.00000000000000000, 62.33386798170776188 ) ) ;
#500 = CARTESIAN_POINT ( 'NONE',  ( -22.40305828436608593, 29.59999999999999076, 65.67168491100733263 ) ) ;
#501 = CARTESIAN_POINT ( 'NONE',  ( -102.2999999999999545, 29.25000000000000355, 0.2500000000000145439 ) ) ;
#502 = CARTESIAN_POINT ( 'NONE',  ( -13.61556867729336062, 28.99999999999999289, 66.65818613606688814 ) ) ;
#503 = LINE ( 'NONE', #1326, #134 ) ;
#504 = ORIENTED_EDGE ( 'NONE', *, *, #9030, .F. ) ;
#505 = ORIENTED_EDGE ( 'NONE', *, *, #780, .T. ) ;
#506 = FACE_OUTER_BOUND ( 'NONE', #1236, .T. ) ;
#507 = ORIENTED_EDGE ( 'NONE', *, *, #867, .T. ) ;
#508 = CARTESIAN_POINT ( 'NONE',  ( -32.59633790806259412, 28.99999999999999289, 64.98510921298996834 ) ) ;
#509 = DIRECTION ( 'NONE',  ( 0.000000000000000000, 0.000000000000000000, -1.000000000000000000 ) ) ;
#510 = CARTESIAN_POINT ( 'NONE',  ( -26.70560714039793382, 29.59999999999999076, 63.34674328390536857 ) ) ;
#511 = CARTESIAN_POINT ( 'NONE',  ( -28.12076052547328331, 29.59999999999999787, 66.71458132671686769 ) ) ;
#512 = CARTESIAN_POINT ( 'NONE',  ( -40.73095329267798093, 29.59999999999999076, 63.48691209760534804 ) ) ;
#513 = CARTESIAN_POINT ( 'NONE',  ( -18.57910589730029827, 28.99999999999999289, 63.57040566043745144 ) ) ;
#514 = FACE_BOUND ( 'NONE', #8673, .T. ) ;
#515 = CARTESIAN_POINT ( 'NONE',  ( -27.69695697468232964, 29.60000000000000142, 63.06226726189409248 ) ) ;
#516 = EDGE_CURVE ( 'NONE', #3202, #2672, #3397, .T. ) ;
#517 = VECTOR ( 'NONE', #6570, 1000.000000000000000 ) ;
#518 = ORIENTED_EDGE ( 'NONE', *, *, #2593, .T. ) ;
#519 = CARTESIAN_POINT ( 'NONE',  ( -29.33086063213759331, 29.60000000000000853, 63.03469003580759988 ) ) ;
#520 = ORIENTED_EDGE ( 'NONE', *, *, #5065, .T. ) ;
#521 = PLANE ( 'NONE',  #3047 ) ;
#522 = EDGE_LOOP ( 'NONE', ( #6992, #6726, #8247 ) ) ;
#523 = LINE ( 'NONE', #2565, #6086 ) ;
#524 = AXIS2_PLACEMENT_3D ( 'NONE', #8982, #2383, #5132 ) ;
#525 = CARTESIAN_POINT ( 'NONE',  ( -22.03864560037029108, 28.99999999999999289, 63.60049382837458865 ) ) ;
#526 = CARTESIAN_POINT ( 'NONE',  ( -19.57862027885722611, 29.59999999999999432, 63.89224287257272294 ) ) ;
#527 = CARTESIAN_POINT ( 'NONE',  ( -16.15925674238316745, 28.99999999999999645, 65.33171982693652069 ) ) ;
#528 = ORIENTED_EDGE ( 'NONE', *, *, #5423, .T. ) ;
#529 = AXIS2_PLACEMENT_3D ( 'NONE', #8581, #9259, #6276 ) ;
#530 = CARTESIAN_POINT ( 'NONE',  ( -16.05814696025527866, 29.59999999999998721, 66.65534655642170492 ) ) ;
#531 = CARTESIAN_POINT ( 'NONE',  ( -19.64193492806738917, 29.60000000000000142, 64.98565089723830113 ) ) ;
#532 = CARTESIAN_POINT ( 'NONE',  ( -28.56420996787485933, 29.59999999999999432, 65.56268862912200746 ) ) ;
#533 = CARTESIAN_POINT ( 'NONE',  ( -13.61556867729336240, 28.99999999999999289, 63.38234478991305565 ) ) ;
#534 = CARTESIAN_POINT ( 'NONE',  ( -20.17173788236461718, 29.60000000000000497, 62.50708212844771339 ) ) ;
#535 = CARTESIAN_POINT ( 'NONE',  ( -16.60381893691193511, 28.99999999999999645, 62.58372603861510441 ) ) ;
#536 = AXIS2_PLACEMENT_3D ( 'NONE', #7629, #3246, #6806 ) ;
#537 = CARTESIAN_POINT ( 'NONE',  ( -33.17326098498566722, 29.59999999999999432, 65.73510921298995413 ) ) ;
#538 = CARTESIAN_POINT ( 'NONE',  ( -31.73095329267797737, 29.59999999999999432, 66.65818613606688814 ) ) ;
#539 = EDGE_CURVE ( 'NONE', #3784, #406, #1173, .T. ) ;
#540 = DIRECTION ( 'NONE',  ( 1.000000000000000000, 0.000000000000000000, 0.000000000000000000 ) ) ;
#541 = ADVANCED_FACE ( 'NONE', ( #399 ), #8355, .T. ) ;
#542 = ORIENTED_EDGE ( 'NONE', *, *, #2978, .T. ) ;
#543 = CARTESIAN_POINT ( 'NONE',  ( -27.75839843943855101, 28.99999999999998934, 62.18436144438678070 ) ) ;
#544 = CARTESIAN_POINT ( 'NONE',  ( -28.12076052547328331, 28.99999999999999645, 66.71458132671686769 ) ) ;
#545 = ADVANCED_FACE ( 'NONE', ( #7008 ), #187, .T. ) ;
#546 = CARTESIAN_POINT ( 'NONE',  ( -29.09693886960105047, 28.99999999999998934, 62.62062603991304144 ) ) ;
#547 = CARTESIAN_POINT ( 'NONE',  ( -14.27439850438462443, 29.59999999999999432, 63.23624435480181205 ) ) ;
#548 = PLANE ( 'NONE',  #227 ) ;
#549 = CARTESIAN_POINT ( 'NONE',  ( -20.17173788236461718, 29.60000000000000497, 62.50708212844771339 ) ) ;
#550 = CARTESIAN_POINT ( 'NONE',  ( -22.04064435883876527, 29.00000000000000000, 63.57040566043745144 ) ) ;
#551 = EDGE_LOOP ( 'NONE', ( #552, #6592, #329, #4865 ) ) ;
#552 = ORIENTED_EDGE ( 'NONE', *, *, #516, .T. ) ;
#553 = CARTESIAN_POINT ( 'NONE',  ( -28.57680665806259057, 28.99999999999999289, 65.52417171298996834 ) ) ;
#554 = ORIENTED_EDGE ( 'NONE', *, *, #6560, .T. ) ;
#555 = CARTESIAN_POINT ( 'NONE',  ( -19.50198694652413423, 28.99999999999999289, 64.01876305914380794 ) ) ;
#556 = ORIENTED_EDGE ( 'NONE', *, *, #6842, .T. ) ;
#557 = CARTESIAN_POINT ( 'NONE',  ( -23.12835486444412325, 29.00000000000000000, 63.62963993191218748 ) ) ;
#558 = CARTESIAN_POINT ( 'NONE',  ( -19.53524480210742098, 29.59999999999999432, 63.05857560965161213 ) ) ;
#559 = CARTESIAN_POINT ( 'NONE',  ( -15.60595329267797737, 29.59999999999999432, 65.96587844375919474 ) ) ;
#560 = CARTESIAN_POINT ( 'NONE',  ( -30.70150617729335707, 29.59999999999999432, 64.98510921298996834 ) ) ;
#561 = LINE ( 'NONE', #3513, #3930 ) ;
#562 = CARTESIAN_POINT ( 'NONE',  ( -16.78772994263533036, 28.99999999999998579, 62.85177120494134329 ) ) ;
#563 = CARTESIAN_POINT ( 'NONE',  ( -16.63179463883182407, 29.59999999999999432, 66.25884719375919474 ) ) ;
#564 = ORIENTED_EDGE ( 'NONE', *, *, #4102, .T. ) ;
#565 = CARTESIAN_POINT ( 'NONE',  ( -15.01255441346454411, 28.99999999999998579, 63.93148241945100096 ) ) ;
#566 = ORIENTED_EDGE ( 'NONE', *, *, #4571, .T. ) ;
#567 = CARTESIAN_POINT ( 'NONE',  ( -15.00018406190874742, 29.00000000000000000, 64.43883517452843535 ) ) ;
#568 = VERTEX_POINT ( 'NONE', #5607 ) ;
#569 = CARTESIAN_POINT ( 'NONE',  ( -12.23455906190874387, 28.99999999999999289, 62.15818613606688814 ) ) ;
#570 = CARTESIAN_POINT ( 'NONE',  ( -11.31224942820355217, 29.00000000000000000, 65.33875421579914189 ) ) ;
#571 = AXIS2_PLACEMENT_3D ( 'NONE', #4125, #4217, #7154 ) ;
#572 = CARTESIAN_POINT ( 'NONE',  ( -26.59721425321579247, 29.59999999999998721, 64.27682564762332618 ) ) ;
#573 = CARTESIAN_POINT ( 'NONE',  ( -16.18836096296830362, 29.59999999999999787, 65.08804284434786780 ) ) ;
#574 = VECTOR ( 'NONE', #8486, 1000.000000000000000 ) ;
#575 = COORDINATED_UNIVERSAL_TIME_OFFSET ( 1, 0, .AHEAD. ) ;
#576 = ORIENTED_EDGE ( 'NONE', *, *, #6678, .F. ) ;
#577 = B_SPLINE_CURVE_WITH_KNOTS ( 'NONE', 3,
 ( #1968, #4903, #6313, #5631, #6986, #8570, #1832, #1921, #1240, #4858, #5586 ),
 .UNSPECIFIED., .F., .F.,
 ( 4, 1, 1, 1, 1, 1, 1, 1, 4 ),
 ( 0.000000000000000000, 0.1124239580708059627, 0.2223848576202812066, 0.3301224058542410744, 0.4412431684841658375, 0.5580749755162367487, 0.6869486147035350765, 0.8340326972108738079, 1.000000000000000000 ),
 .UNSPECIFIED. ) ;
#578 = VERTEX_POINT ( 'NONE', #4165 ) ;
#579 = VECTOR ( 'NONE', #9422, 1000.000000000000000 ) ;
#580 = CARTESIAN_POINT ( 'NONE',  ( -22.04449432809834164, 29.59999999999999787, 63.51245042299269272 ) ) ;
#581 = EDGE_CURVE ( 'NONE', #3202, #5018, #257, .T. ) ;
#582 = AXIS2_PLACEMENT_3D ( 'NONE', #9173, #8456, #1901 ) ;
#583 = CARTESIAN_POINT ( 'NONE',  ( -23.43119041707952377, 29.59999999999999432, 62.35348029611563447 ) ) ;
#585 = CARTESIAN_POINT ( 'NONE',  ( -17.07710713883182407, 29.59999999999999432, 64.43883517452843535 ) ) ;
#584 = B_SPLINE_CURVE_WITH_KNOTS ( 'NONE', 3,
 ( #5238, #5333, #6636, #1572, #4511, #3072, #2344, #3697, #5384, #2971, #5285 ),
 .UNSPECIFIED., .F., .F.,
 ( 4, 1, 1, 1, 1, 1, 1, 1, 4 ),
 ( 0.000000000000000000, 0.1850902117818982173, 0.3523572497833289408, 0.5030799192422880095, 0.6360081999872613245, 0.7524730698093544667, 0.8518856678189908882, 0.9343393817377422250, 1.000000000000000000 ),
 .UNSPECIFIED. ) ;
#586 = CARTESIAN_POINT ( 'NONE',  ( -2.500000000000028422, 11.33012701892221052, 32.99999999999999289 ) ) ;
#587 = LINE ( 'NONE', #2144, #276 ) ;
#588 = CARTESIAN_POINT ( 'NONE',  ( -11.89020810037028575, 28.99999999999999645, 64.74532555914382215 ) ) ;
#589 = PLANE ( 'NONE',  #3368 ) ;
#590 = CARTESIAN_POINT ( 'NONE',  ( -15.44839943803959059, 29.00000000000000000, 62.16203522071355536 ) ) ;
#591 = VECTOR ( 'NONE', #6959, 1000.000000000000000 ) ;
#592 = VECTOR ( 'NONE', #6412, 1000.000000000000227 ) ;
#593 = CARTESIAN_POINT ( 'NONE',  ( -19.60038253831501720, 28.99999999999999645, 62.20551655094875798 ) ) ;
#594 = VERTEX_POINT ( 'NONE', #1032 ) ;
#595 = CARTESIAN_POINT ( 'NONE',  ( -27.69763360417662668, 28.99999999999999289, 65.80926924103962961 ) ) ;
#596 = CARTESIAN_POINT ( 'NONE',  ( -27.48156663073859463, 29.59999999999999432, 62.26979741943161883 ) ) ;
#597 = VECTOR ( 'NONE', #6909, 1000.000000000000000 ) ;
#598 = EDGE_CURVE ( 'NONE', #989, #2570, #1127, .T. ) ;
#599 = CARTESIAN_POINT ( 'NONE',  ( -19.06308323466086918, 29.60000000000000853, 64.50354387168299297 ) ) ;
#600 = CARTESIAN_POINT ( 'NONE',  ( -27.76265932929494795, 29.59999999999999076, 65.87175899687413505 ) ) ;
#601 = CARTESIAN_POINT ( 'NONE',  ( -11.94339319652413067, 29.59999999999999787, 65.79280152068227494 ) ) ;
#602 = FACE_OUTER_BOUND ( 'NONE', #9141, .T. ) ;
#603 = LINE ( 'NONE', #648, #6760 ) ;
#604 = ORIENTED_EDGE ( 'NONE', *, *, #1003, .F. ) ;
#605 = ADVANCED_FACE ( 'NONE', ( #8404 ), #1805, .F. ) ;
#606 = ORIENTED_EDGE ( 'NONE', *, *, #51, .F. ) ;
#607 = FACE_OUTER_BOUND ( 'NONE', #5742, .T. ) ;
#608 = ORIENTED_EDGE ( 'NONE', *, *, #666, .T. ) ;
#609 = CARTESIAN_POINT ( 'NONE',  ( -102.7999999999999972, 30.49999999999994316, 0.5000000000000281997 ) ) ;
#610 = ORIENTED_EDGE ( 'NONE', *, *, #4509, .T. ) ;
#611 = CARTESIAN_POINT ( 'NONE',  ( -24.00018406190875453, 29.59999999999999432, 66.65818613606688814 ) ) ;
#612 = CARTESIAN_POINT ( 'NONE',  ( -19.36220485817923631, 28.99999999999999289, 62.94188646835031875 ) ) ;
#613 = CARTESIAN_POINT ( 'NONE',  ( -2.000000000000000000, 0.5000000000000419664, 33.50000000000003553 ) ) ;
#614 = LINE ( 'NONE', #3561, #3817 ) ;
#615 = CARTESIAN_POINT ( 'NONE',  ( -2.000000000000000000, 26.00000000000000000, 0.5000000000000281997 ) ) ;
#616 = CARTESIAN_POINT ( 'NONE',  ( -23.59962643392186621, 29.59999999999999076, 64.46298851135722430 ) ) ;
#617 = DIRECTION ( 'NONE',  ( 1.418996708365486154E-16, -1.000000000000000000, -0.000000000000000000 ) ) ;
#618 = ORIENTED_EDGE ( 'NONE', *, *, #5325, .T. ) ;
#619 = LINE ( 'NONE', #7277, #9357 ) ;
#620 = ORIENTED_EDGE ( 'NONE', *, *, #1115, .T. ) ;
#621 = CARTESIAN_POINT ( 'NONE',  ( -11.83444741347335771, 29.59999999999999787, 64.79893559641126899 ) ) ;
#622 = EDGE_LOOP ( 'NONE', ( #1744, #4712, #8311, #2501 ) ) ;
#623 = PLANE ( 'NONE',  #9466 ) ;
#624 = DIRECTION ( 'NONE',  ( -0.000000000000000000, 1.000000000000000000, 0.000000000000000000 ) ) ;
#625 = B_SPLINE_CURVE_WITH_KNOTS ( 'NONE', 3,
 ( #8940, #26, #5906, #839, #5281, #8216, #6673, #5234, #1480, #2245, #8843, #8123, #7403, #4461, #791, #3736, #2291, #1150, #4764 ),
 .UNSPECIFIED., .F., .F.,
 ( 4, 1, 1, 1, 1, 1, 1, 1, 1, 1, 1, 1, 1, 1, 1, 1, 4 ),
 ( 0.000000000000000000, 0.1008389819510992630, 0.1933066405743759653, 0.2774093235198732410, 0.3537258974623241903, 0.4222416857313558425, 0.4821502873790082799, 0.5344086373151103464, 0.5793684589269336715, 0.6558129896578059892, 0.7210347404661472392, 0.7764319497354988941, 0.8239878864249199353, 0.8679002289660953107, 0.9108676256988149644, 0.9548855603064191344, 1.000000000000000000 ),
 .UNSPECIFIED. ) ;
#626 = CARTESIAN_POINT ( 'NONE',  ( -15.60595329267797737, 28.99999999999999289, 65.96587844375919474 ) ) ;
#627 = CARTESIAN_POINT ( 'NONE',  ( -16.21061591263852719, 28.99999999999998934, 64.61824972900920727 ) ) ;
#628 = EDGE_LOOP ( 'NONE', ( #3853, #1341, #629, #6156 ) ) ;
#629 = ORIENTED_EDGE ( 'NONE', *, *, #2467, .T. ) ;
#630 = LINE ( 'NONE', #9452, #1190 ) ;
#631 = CARTESIAN_POINT ( 'NONE',  ( -23.99781626077194119, 29.59999999999999432, 63.25549540441327423 ) ) ;
#632 = CARTESIAN_POINT ( 'NONE',  ( -29.09333310037028397, 29.59999999999999432, 66.25884719375919474 ) ) ;
#633 = CARTESIAN_POINT ( 'NONE',  ( -2.000000000000000000, 13.33012701892231888, 32.49999999999995026 ) ) ;
#634 = CARTESIAN_POINT ( 'NONE',  ( -15.10923405593139890, 29.59999999999999076, 63.31137413624094989 ) ) ;
#635 = DIRECTION ( 'NONE',  ( 0.000000000000000000, 0.000000000000000000, 1.000000000000000000 ) ) ;
#636 = ADVANCED_FACE ( 'NONE', ( #3297 ), #5270, .T. ) ;
#637 = CARTESIAN_POINT ( 'NONE',  ( -40.73095329267798093, 29.59999999999999076, 65.73510921298995413 ) ) ;
#638 = CARTESIAN_POINT ( 'NONE',  ( -15.29685997790009822, 28.99999999999998934, 62.18436144438678781 ) ) ;
#639 = EDGE_CURVE ( 'NONE', #5, #7994, #5797, .T. ) ;
#640 = CARTESIAN_POINT ( 'NONE',  ( -28.06749175421643727, 29.59999999999999432, 65.96587844375919474 ) ) ;
#641 = ORIENTED_EDGE ( 'NONE', *, *, #4622, .F. ) ;
#642 = CARTESIAN_POINT ( 'NONE',  ( -22.57134286504041043, 28.99999999999999289, 65.47993683651777985 ) ) ;
#643 = CARTESIAN_POINT ( 'NONE',  ( -16.86932217059912986, 29.60000000000000853, 63.03469003580759988 ) ) ;
#644 = CARTESIAN_POINT ( 'NONE',  ( -16.21172252344721443, 29.59999999999999787, 64.43883517452844956 ) ) ;
#645 = FACE_OUTER_BOUND ( 'NONE', #551, .T. ) ;
#646 = CARTESIAN_POINT ( 'NONE',  ( -38.94249175421644082, 29.59999999999999076, 64.98781353991303433 ) ) ;
#647 = CARTESIAN_POINT ( 'NONE',  ( -20.53784760440282753, 29.59999999999999432, 63.33959402992293519 ) ) ;
#648 = CARTESIAN_POINT ( 'NONE',  ( -0.5000000000000420775, 0.000000000000000000, 73.00000000000000000 ) ) ;
#649 = VERTEX_POINT ( 'NONE', #8738 ) ;
#650 = EDGE_LOOP ( 'NONE', ( #8470, #3469, #773, #5139, #910, #2700, #5096, #4288, #9477, #8859, #1842 ) ) ;
#651 = ORIENTED_EDGE ( 'NONE', *, *, #387, .T. ) ;
#652 = CARTESIAN_POINT ( 'NONE',  ( -10.67326098498566722, 29.59999999999999787, 66.65818613606688814 ) ) ;
#653 = CARTESIAN_POINT ( 'NONE',  ( -12.74562901967800421, 28.99999999999998934, 63.36872890603537201 ) ) ;
#654 = DIRECTION ( 'NONE',  ( 0.000000000000000000, -1.000000000000000000, 0.000000000000000000 ) ) ;
#655 = CARTESIAN_POINT ( 'NONE',  ( -26.73593696592309144, 29.59999999999999432, 63.23624435480182626 ) ) ;
#656 = PLANE ( 'NONE',  #4984 ) ;
#657 = DIRECTION ( 'NONE',  ( 0.7071067811865376918, -0.7071067811865573427, 0.000000000000000000 ) ) ;
#658 = CARTESIAN_POINT ( 'NONE',  ( -10.80909240477128996, 29.00000000000001421, 63.34405806632992153 ) ) ;
#659 = CARTESIAN_POINT ( 'NONE',  ( -23.89711521208660727, 29.59999999999999432, 63.95093916350448637 ) ) ;
#660 = CARTESIAN_POINT ( 'NONE',  ( -18.17596350906978131, 28.99999999999998934, 62.47206177170625807 ) ) ;
#661 = EDGE_CURVE ( 'NONE', #5647, #4248, #7191, .T. ) ;
#662 = ORIENTED_EDGE ( 'NONE', *, *, #8930, .F. ) ;
#663 = CARTESIAN_POINT ( 'NONE',  ( -15.00018406190874742, 29.59999999999999432, 64.43883517452843535 ) ) ;
#664 = ORIENTED_EDGE ( 'NONE', *, *, #9103, .F. ) ;
#665 = CARTESIAN_POINT ( 'NONE',  ( -11.89020810037028397, 29.59999999999999787, 64.74532555914380794 ) ) ;
#666 = EDGE_CURVE ( 'NONE', #2107, #7542, #8690, .T. ) ;
#667 = VERTEX_POINT ( 'NONE', #2809 ) ;
#668 = CARTESIAN_POINT ( 'NONE',  ( -27.47409287500300579, 29.59999999999999076, 63.93148241945101518 ) ) ;
#669 = CARTESIAN_POINT ( 'NONE',  ( -22.40401522243909227, 28.99999999999999289, 64.62062234358914736 ) ) ;
#670 = CARTESIAN_POINT ( 'NONE',  ( -29.33018462331719434, 29.59999999999999076, 65.84268613212060473 ) ) ;
#671 = CARTESIAN_POINT ( 'NONE',  ( -12.71885800499046049, 29.60000000000000497, 64.98565089723831534 ) ) ;
#672 = EDGE_CURVE ( 'NONE', #824, #3233, #6571, .T. ) ;
#673 = CARTESIAN_POINT ( 'NONE',  ( -105.5000000000000000, 29.50000000000002487, 14.25000000000004086 ) ) ;
#674 = ORIENTED_EDGE ( 'NONE', *, *, #8514, .T. ) ;
#675 = ORIENTED_EDGE ( 'NONE', *, *, #4686, .F. ) ;
#676 = EDGE_CURVE ( 'NONE', #1004, #8050, #2910, .T. ) ;
#677 = B_SPLINE_CURVE_WITH_KNOTS ( 'NONE', 3,
 ( #9220, #3482, #5559, #4109, #4020, #7005, #4202, #9358, #3392, #2620, #3294, #9264, #7730, #4160, #1123, #1258, #8493, #5603, #4735, #487, #6369, #4063, #395, #2661, #2706, #7685, #1942 ),
 .UNSPECIFIED., .F., .F.,
 ( 4, 1, 1, 1, 1, 1, 1, 1, 1, 1, 1, 1, 1, 1, 1, 1, 1, 1, 1, 1, 1, 1, 1, 1, 4 ),
 ( 0.000000000000000000, 0.05241462299440140249, 0.1027091694655512116, 0.1514439615246743753, 0.1996138980871026980, 0.2472508928845015830, 0.2956961365241347894, 0.3449754292995780292, 0.3961240370953058587, 0.4226790494297173462, 0.4501786529756238719, 0.4792373238459781692, 0.5092016462808328647, 0.5408092221780151920, 0.5739193845940845362, 0.6083465650511269418, 0.6445205949242757137, 0.6827186007748640151, 0.7224799309583684881, 0.7637982195614307912, 0.8073329696282756096, 0.8525067459539613646, 0.8996646565177246480, 0.9488179606455552362, 1.000000000000000000 ),
 .UNSPECIFIED. ) ;
#678 = DIRECTION ( 'NONE',  ( -0.7071067811865573427, -0.7071067811865378028, -0.000000000000000000 ) ) ;
#679 = VECTOR ( 'NONE', #7689, 1000.000000000000000 ) ;
#680 = CARTESIAN_POINT ( 'NONE',  ( -18.89063586272153472, 29.59999999999999076, 65.75380239408755756 ) ) ;
#681 = VECTOR ( 'NONE', #7452, 1000.000000000000000 ) ;
#682 = CARTESIAN_POINT ( 'NONE',  ( -20.13808797238340276, 29.00000000000000355, 64.46298851135722430 ) ) ;
#683 = CARTESIAN_POINT ( 'NONE',  ( -18.89063586272153472, 29.59999999999999076, 65.75380239408755756 ) ) ;
#684 = CARTESIAN_POINT ( 'NONE',  ( -15.10923405593139890, 28.99999999999998934, 63.31137413624094989 ) ) ;
#685 = FACE_OUTER_BOUND ( 'NONE', #3913, .T. ) ;
#686 = CARTESIAN_POINT ( 'NONE',  ( -21.05787636960106113, 28.99999999999999289, 66.65818613606688814 ) ) ;
#687 = CARTESIAN_POINT ( 'NONE',  ( -11.99365649748191132, 29.59999999999999076, 62.94336049078563633 ) ) ;
#688 = CIRCLE ( 'NONE', #7145, 1.700000000000000178 ) ;
#689 = CARTESIAN_POINT ( 'NONE',  ( -28.49297172124647304, 29.60000000000000142, 65.73253813934991285 ) ) ;
#690 = EDGE_LOOP ( 'NONE', ( #7199, #7901, #5483, #6840 ) ) ;
#691 = VECTOR ( 'NONE', #7430, 1000.000000000000000 ) ;
#692 = EDGE_CURVE ( 'NONE', #8283, #454, #587, .T. ) ;
#693 = LINE ( 'NONE', #3637, #5151 ) ;
#694 = CARTESIAN_POINT ( 'NONE',  ( -28.51968542179373856, 28.99999999999999289, 66.65534655642171913 ) ) ;
#695 = CARTESIAN_POINT ( 'NONE',  ( -19.40756679989277700, 29.59999999999999432, 64.14053963481318021 ) ) ;
#696 = CARTESIAN_POINT ( 'NONE',  ( -27.98595647783000828, 29.59999999999998366, 65.96172314411873572 ) ) ;
#697 = CARTESIAN_POINT ( 'NONE',  ( -22.17120832346734716, 28.99999999999998224, 63.11137509095011922 ) ) ;
#698 = CARTESIAN_POINT ( 'NONE',  ( -19.15763598498567077, 29.59999999999999432, 62.15818613606688814 ) ) ;
#699 = DIRECTION ( 'NONE',  ( 1.000000000000000000, 5.397602357764193986E-13, 0.000000000000000000 ) ) ;
#700 = ORIENTED_EDGE ( 'NONE', *, *, #1689, .T. ) ;
#701 = ORIENTED_EDGE ( 'NONE', *, *, #3852, .F. ) ;
#702 = EDGE_CURVE ( 'NONE', #9240, #4040, #5313, .T. ) ;
#703 = CARTESIAN_POINT ( 'NONE',  ( -16.54146858697362887, 29.59999999999999432, 62.51087547434985936 ) ) ;
#704 = ORIENTED_EDGE ( 'NONE', *, *, #4062, .T. ) ;
#705 = CARTESIAN_POINT ( 'NONE',  ( -26.93584921383240172, 29.59999999999998366, 62.76519222705401546 ) ) ;
#706 = DIRECTION ( 'NONE',  ( 0.000000000000000000, 0.000000000000000000, -1.000000000000000000 ) ) ;
#707 = DIRECTION ( 'NONE',  ( -9.011550524554840736E-17, 1.000000000000000000, 0.000000000000000000 ) ) ;
#708 = CARTESIAN_POINT ( 'NONE',  ( -11.57612509987562177, 29.00000000000001066, 62.27978240500942775 ) ) ;
#709 = CARTESIAN_POINT ( 'NONE',  ( -38.94249175421644082, 29.59999999999999076, 64.98781353991303433 ) ) ;
#710 = CARTESIAN_POINT ( 'NONE',  ( -28.06749175421644082, 29.59999999999999787, 62.90818613606689524 ) ) ;
#711 = ADVANCED_FACE ( 'NONE', ( #4974 ), #6968, .T. ) ;
#712 = ORIENTED_EDGE ( 'NONE', *, *, #4201, .T. ) ;
#713 = VERTEX_POINT ( 'NONE', #11 ) ;
#714 = CARTESIAN_POINT ( 'NONE',  ( -15.29685997790009822, 28.99999999999998934, 62.18436144438678781 ) ) ;
#715 = VERTEX_POINT ( 'NONE', #5170 ) ;
#716 = CARTESIAN_POINT ( 'NONE',  ( -19.50198694652413423, 29.59999999999999432, 64.01876305914380794 ) ) ;
#717 = EDGE_CURVE ( 'NONE', #7609, #5766, #2999, .T. ) ;
#718 = PLANE ( 'NONE',  #5615 ) ;
#719 = LINE ( 'NONE', #3711, #5362 ) ;
#720 = EDGE_CURVE ( 'NONE', #3565, #7159, #2554, .T. ) ;
#721 = CARTESIAN_POINT ( 'NONE',  ( -13.08633376329327369, 29.60000000000000142, 64.62138892635984178 ) ) ;
#722 = CARTESIAN_POINT ( 'NONE',  ( -19.36220485817923631, 29.59999999999999076, 62.94188646835031875 ) ) ;
#723 = VERTEX_POINT ( 'NONE', #8876 ) ;
#724 = VERTEX_POINT ( 'NONE', #8202 ) ;
#725 = DIRECTION ( 'NONE',  ( 0.000000000000000000, 0.000000000000000000, -1.000000000000000000 ) ) ;
#726 = EDGE_CURVE ( 'NONE', #6041, #1484, #2276, .T. ) ;
#727 = CARTESIAN_POINT ( 'NONE',  ( -14.52451172601639229, 29.59999999999998721, 62.68721722446422717 ) ) ;
#728 = CARTESIAN_POINT ( 'NONE',  ( -3.000000000000043965, -6.599999999999933920, 21.30000000000002203 ) ) ;
#729 = VECTOR ( 'NONE', #6140, 1000.000000000000114 ) ;
#730 = CARTESIAN_POINT ( 'NONE',  ( -23.99938606594129098, 29.59999999999999432, 63.33959402992293519 ) ) ;
#731 = LINE ( 'NONE', #3583, #8754 ) ;
#732 = CARTESIAN_POINT ( 'NONE',  ( -12.75018406190874565, 28.99999999999999645, 63.49863084760534804 ) ) ;
#733 = CARTESIAN_POINT ( 'NONE',  ( -27.21658758806252010, 28.99999999999998934, 66.43559663024061024 ) ) ;
#734 = AXIS2_PLACEMENT_3D ( 'NONE', #8854, #4283, #7222 ) ;
#735 = VECTOR ( 'NONE', #4049, 1000.000000000000000 ) ;
#736 = EDGE_CURVE ( 'NONE', #1840, #4894, #2954, .T. ) ;
#737 = DIRECTION ( 'NONE',  ( 0.000000000000000000, -1.000000000000000000, -9.637352644315709135E-16 ) ) ;
#738 = ORIENTED_EDGE ( 'NONE', *, *, #9087, .F. ) ;
#739 = CARTESIAN_POINT ( 'NONE',  ( -16.11526819652413067, 29.59999999999999432, 65.52417171298996834 ) ) ;
#740 = DIRECTION ( 'NONE',  ( 0.000000000000000000, 0.000000000000000000, -1.000000000000000000 ) ) ;
#741 = DIRECTION ( 'NONE',  ( -1.000000000000000000, 0.000000000000000000, 0.000000000000000000 ) ) ;
#742 = DIRECTION ( 'NONE',  ( 1.000000000000000000, 1.390559900582610931E-16, 0.000000000000000000 ) ) ;
#743 = CARTESIAN_POINT ( 'NONE',  ( -22.56189935552824366, 29.00000000000000355, 62.90996901907805494 ) ) ;
#744 = AXIS2_PLACEMENT_3D ( 'NONE', #6304, #1956, #1142 ) ;
#745 = DIRECTION ( 'NONE',  ( 0.000000000000000000, -1.000000000000000000, 0.000000000000000000 ) ) ;
#746 = AXIS2_PLACEMENT_3D ( 'NONE', #6048, #2242, #1520 ) ;
#747 = EDGE_CURVE ( 'NONE', #1204, #7275, #8158, .T. ) ;
#748 = ORIENTED_EDGE ( 'NONE', *, *, #5908, .F. ) ;
#749 = ORIENTED_EDGE ( 'NONE', *, *, #7687, .T. ) ;
#750 = VECTOR ( 'NONE', #1795, 1000.000000000000000 ) ;
#751 = VECTOR ( 'NONE', #6978, 1000.000000000000000 ) ;
#752 = CARTESIAN_POINT ( 'NONE',  ( -3.207106781186544797, 30.49999999999995737, 73.00000000000000000 ) ) ;
#753 = ORIENTED_EDGE ( 'NONE', *, *, #8107, .F. ) ;
#754 = CARTESIAN_POINT ( 'NONE',  ( -28.66894257713681782, 28.99999999999998579, 64.09109810724278589 ) ) ;
#755 = CARTESIAN_POINT ( 'NONE',  ( -20.20750383140237716, 29.60000000000000142, 64.36983560347518107 ) ) ;
#756 = DIRECTION ( 'NONE',  ( 0.000000000000000000, 0.000000000000000000, -1.000000000000000000 ) ) ;
#757 = DIRECTION ( 'NONE',  ( -9.011550524554840736E-17, 1.000000000000000000, 0.000000000000000000 ) ) ;
#758 = CARTESIAN_POINT ( 'NONE',  ( -16.65346655535550369, 28.99999999999998934, 62.64412418362621793 ) ) ;
#759 = CARTESIAN_POINT ( 'NONE',  ( -24.63479944652414133, 28.99999999999999289, 65.44664767452843535 ) ) ;
#760 = EDGE_CURVE ( 'NONE', #5198, #5485, #1554, .T. ) ;
#761 = LOCAL_TIME ( 16, 33, 20.00000000000000000, #1025 ) ;
#762 = ORIENTED_EDGE ( 'NONE', *, *, #5551, .T. ) ;
#763 = ADVANCED_FACE ( 'NONE', ( #7432 ), #820, .T. ) ;
#764 = ORIENTED_EDGE ( 'NONE', *, *, #672, .F. ) ;
#765 = CARTESIAN_POINT ( 'NONE',  ( -105.5000000000000000, 29.50000000000001066, 13.74999999999999822 ) ) ;
#766 = ORIENTED_EDGE ( 'NONE', *, *, #2800, .T. ) ;
#767 = CARTESIAN_POINT ( 'NONE',  ( -27.55030954451450498, 28.99999999999998934, 63.37895490024525458 ) ) ;
#768 = CARTESIAN_POINT ( 'NONE',  ( -18.57710713883182763, 28.99999999999999289, 63.60049382837458865 ) ) ;
#769 = CARTESIAN_POINT ( 'NONE',  ( -29.36555643393615256, 28.99999999999998579, 65.74202141979775149 ) ) ;
#770 = LINE ( 'NONE', #811, #5533 ) ;
#771 = CARTESIAN_POINT ( 'NONE',  ( -22.91767569363672408, 29.59999999999998366, 62.99015779656219394 ) ) ;
#772 = ORIENTED_EDGE ( 'NONE', *, *, #3863, .F. ) ;
#773 = ORIENTED_EDGE ( 'NONE', *, *, #2650, .F. ) ;
#774 = CARTESIAN_POINT ( 'NONE',  ( -4.792893218813433442, 29.50000000000003908, 0.000000000000000000 ) ) ;
#775 = CARTESIAN_POINT ( 'NONE',  ( -22.11384988612834590, 29.60000000000000142, 63.21927767107736429 ) ) ;
#776 = CARTESIAN_POINT ( 'NONE',  ( -23.85894114335776806, 29.59999999999999432, 62.79469879474974903 ) ) ;
#777 = DIRECTION ( 'NONE',  ( 1.000000000000000000, 0.000000000000000000, 0.000000000000000000 ) ) ;
#778 = CARTESIAN_POINT ( 'NONE',  ( -23.85894114335776806, 29.00000000000000711, 62.79469879474974903 ) ) ;
#779 = CARTESIAN_POINT ( 'NONE',  ( -12.60509503775810636, 29.59999999999999076, 63.97553209429965193 ) ) ;
#780 = EDGE_CURVE ( 'NONE', #6272, #8564, #8973, .T. ) ;
#781 = DIRECTION ( 'NONE',  ( -0.5773502691896418293, 0.5773502691896098549, 0.5773502691896258421 ) ) ;
#782 = CARTESIAN_POINT ( 'NONE',  ( -27.46905607995438459, 29.00000000000000000, 66.59349384303790487 ) ) ;
#783 = ADVANCED_FACE ( 'NONE', ( #3373 ), #8477, .F. ) ;
#784 = PLANE ( 'NONE',  #3972 ) ;
#785 = ORIENTED_EDGE ( 'NONE', *, *, #747, .F. ) ;
#786 = CARTESIAN_POINT ( 'NONE',  ( -16.17512503004309110, 29.59999999999999432, 65.21674205202072017 ) ) ;
#787 = FACE_OUTER_BOUND ( 'NONE', #9546, .T. ) ;
#788 = CARTESIAN_POINT ( 'NONE',  ( -15.55268624719839465, 29.59999999999999076, 62.15948746485633336 ) ) ;
#789 = DIRECTION ( 'NONE',  ( 1.418996708365486154E-16, -1.000000000000000000, -0.000000000000000000 ) ) ;
#790 = CARTESIAN_POINT ( 'NONE',  ( -23.10392017438398327, 29.00000000000000000, 63.24896894619981680 ) ) ;
#791 = CARTESIAN_POINT ( 'NONE',  ( -15.37226505016682943, 29.59999999999998366, 65.91273674241436709 ) ) ;
#792 = ORIENTED_EDGE ( 'NONE', *, *, #5596, .T. ) ;
#793 = ADVANCED_FACE ( 'NONE', ( #4093 ), #4140, .T. ) ;
#794 = ORIENTED_EDGE ( 'NONE', *, *, #3341, .T. ) ;
#795 = CARTESIAN_POINT ( 'NONE',  ( -24.00018406190875453, 29.59999999999999432, 65.79280152068227494 ) ) ;
#796 = DIRECTION ( 'NONE',  ( -0.7071067811865378028, 0.7071067811865573427, 0.000000000000000000 ) ) ;
#797 = CARTESIAN_POINT ( 'NONE',  ( -19.67326098498567433, 29.59999999999999787, 63.49863084760536225 ) ) ;
#798 = CARTESIAN_POINT ( 'NONE',  ( -23.55021163491750968, 28.99999999999999645, 64.52820154558349941 ) ) ;
#799 = DIRECTION ( 'NONE',  ( 0.7071067811865376918, -0.7071067811865573427, 0.000000000000000000 ) ) ;
#800 = CARTESIAN_POINT ( 'NONE',  ( -16.21172252344721443, 28.99999999999999645, 64.43883517452844956 ) ) ;
#801 = CARTESIAN_POINT ( 'NONE',  ( -21.32365609916686822, 29.00000000000000711, 62.89404783349711181 ) ) ;
#802 = DIRECTION ( 'NONE',  ( -0.7071067811865474617, -0.7071067811865476838, 0.000000000000000000 ) ) ;
#803 = VERTEX_POINT ( 'NONE', #376 ) ;
#804 = ORIENTED_EDGE ( 'NONE', *, *, #9006, .F. ) ;
#805 = CARTESIAN_POINT ( 'NONE',  ( -15.04779744967975930, 28.99999999999999645, 65.31138606918774769 ) ) ;
#806 = ORIENTED_EDGE ( 'NONE', *, *, #834, .F. ) ;
#807 = CARTESIAN_POINT ( 'NONE',  ( -22.96352540806260123, 28.99999999999999289, 64.01876305914380794 ) ) ;
#808 = EDGE_CURVE ( 'NONE', #6553, #1918, #7076, .T. ) ;
#809 = DIRECTION ( 'NONE',  ( -9.832743353480413733E-17, 0.7071067811865373587, 0.7071067811865577868 ) ) ;
#810 = CARTESIAN_POINT ( 'NONE',  ( -11.70567907479037473, 28.99999999999998579, 63.28251742388032852 ) ) ;
#811 = CARTESIAN_POINT ( 'NONE',  ( -500000.0000000000582, -3.599999999999929479, 22.60000000000000142 ) ) ;
#812 = CARTESIAN_POINT ( 'NONE',  ( -19.64238171284550560, 29.59999999999997300, 63.24896894619977417 ) ) ;
#813 = ORIENTED_EDGE ( 'NONE', *, *, #15, .T. ) ;
#814 = ORIENTED_EDGE ( 'NONE', *, *, #3105, .F. ) ;
#815 = CARTESIAN_POINT ( 'NONE',  ( -12.65554335578029921, 29.59999999999999432, 63.89224287257272294 ) ) ;
#816 = ORIENTED_EDGE ( 'NONE', *, *, #8759, .F. ) ;
#817 = CARTESIAN_POINT ( 'NONE',  ( -29.53176486567676307, 29.59999999999998721, 64.74267555361755910 ) ) ;
#818 = CARTESIAN_POINT ( 'NONE',  ( -19.25479876588819295, 28.99999999999999645, 62.91361374662002248 ) ) ;
#819 = CARTESIAN_POINT ( 'NONE',  ( -29.15187485768573339, 29.59999999999998366, 62.69207977723232972 ) ) ;
#820 = PLANE ( 'NONE',  #7046 ) ;
#821 = CARTESIAN_POINT ( 'NONE',  ( -12.75018406190874742, 29.59999999999999787, 63.49863084760536225 ) ) ;
#822 = PLANE ( 'NONE',  #5829 ) ;
#823 = CARTESIAN_POINT ( 'NONE',  ( -26.61023464629010249, 29.00000000000000000, 64.88213788135976756 ) ) ;
#824 = VERTEX_POINT ( 'NONE', #2646 ) ;
#825 = EDGE_CURVE ( 'NONE', #4678, #5557, #7118, .T. ) ;
#826 = VECTOR ( 'NONE', #7568, 1000.000000000000000 ) ;
#827 = AXIS2_PLACEMENT_3D ( 'NONE', #4066, #9226, #2484 ) ;
#828 = CARTESIAN_POINT ( 'NONE',  ( -28.60821978750031747, 29.59999999999999076, 63.47048614361147401 ) ) ;
#829 = B_SPLINE_CURVE_WITH_KNOTS ( 'NONE', 3,
 ( #4663, #4619, #274, #1775, #4709, #180, #8328, #3899, #7507, #2350, #3227 ),
 .UNSPECIFIED., .F., .F.,
 ( 4, 1, 1, 1, 1, 1, 1, 1, 4 ),
 ( 0.000000000000000000, 0.08237348889050942480, 0.1770424282288227680, 0.2833373815775394045, 0.4023947863055168939, 0.5326984036723079186, 0.6759363878958126737, 0.8314126667987169483, 1.000000000000000000 ),
 .UNSPECIFIED. ) ;
#830 = VERTEX_POINT ( 'NONE', #1880 ) ;
#831 = CARTESIAN_POINT ( 'NONE',  ( -105.5000000000000000, 30.49999999999994316, 55.24999999999995026 ) ) ;
#832 = CARTESIAN_POINT ( 'NONE',  ( -16.20598272206537871, 29.59999999999999076, 64.78864496953715957 ) ) ;
#833 = PLANE ( 'NONE',  #4989 ) ;
#834 = EDGE_CURVE ( 'NONE', #7762, #1204, #1969, .T. ) ;
#835 = VECTOR ( 'NONE', #6651, 1000.000000000000227 ) ;
#836 = CARTESIAN_POINT ( 'NONE',  ( -2.999999999999908962, 31.00000000000000000, 55.25000000000049027 ) ) ;
#837 = CARTESIAN_POINT ( 'NONE',  ( -3.000000000000031530, -3.999999999999948042, 32.49999999999995026 ) ) ;
#838 = LINE ( 'NONE', #3115, #8540 ) ;
#839 = CARTESIAN_POINT ( 'NONE',  ( -15.00535161209072399, 29.60000000000000142, 64.78621502529246357 ) ) ;
#840 = VECTOR ( 'NONE', #5902, 1000.000000000000000 ) ;
#841 = EDGE_CURVE ( 'NONE', #6489, #1875, #1853, .T. ) ;
#842 = ORIENTED_EDGE ( 'NONE', *, *, #2392, .T. ) ;
#843 = CARTESIAN_POINT ( 'NONE',  ( -29.20152968156404327, 29.60000000000000497, 62.76957086735013291 ) ) ;
#844 = VECTOR ( 'NONE', #2686, 1000.000000000000000 ) ;
#845 = ORIENTED_EDGE ( 'NONE', *, *, #3986, .T. ) ;
#846 = EDGE_CURVE ( 'NONE', #9450, #5394, #9515, .T. ) ;
#847 = DIRECTION ( 'NONE',  ( 1.418996708365486154E-16, -1.000000000000000000, -0.000000000000000000 ) ) ;
#848 = FACE_OUTER_BOUND ( 'NONE', #5954, .T. ) ;
#849 = CARTESIAN_POINT ( 'NONE',  ( -28.54534044328123699, 29.60000000000000853, 63.26113956118234682 ) ) ;
#850 = CARTESIAN_POINT ( 'NONE',  ( -23.34816294997574460, 28.99999999999999645, 64.75105750859907516 ) ) ;
#851 = CARTESIAN_POINT ( 'NONE',  ( -15.00751761841592469, 29.59999999999999787, 66.59349384303789066 ) ) ;
#852 = PLANE ( 'NONE',  #7150 ) ;
#853 = CARTESIAN_POINT ( 'NONE',  ( -29.45515716326410782, 28.99999999999999645, 63.46687955153354466 ) ) ;
#854 = CARTESIAN_POINT ( 'NONE',  ( -12.23455906190874387, 29.59999999999999432, 62.15818613606688814 ) ) ;
#855 = VECTOR ( 'NONE', #220, 1000.000000000000000 ) ;
#856 = VERTEX_POINT ( 'NONE', #7895 ) ;
#857 = VERTEX_POINT ( 'NONE', #512 ) ;
#858 = CARTESIAN_POINT ( 'NONE',  ( -17.73216932784822220, 29.00000000000000000, 63.34405806632992153 ) ) ;
#859 = ORIENTED_EDGE ( 'NONE', *, *, #9094, .T. ) ;
#860 = DIRECTION ( 'NONE',  ( -1.000000000000000000, -1.418996708365486154E-16, 0.000000000000000000 ) ) ;
#861 = CARTESIAN_POINT ( 'NONE',  ( -22.60114560037029108, 29.59999999999999432, 62.90818613606688814 ) ) ;
#862 = DIRECTION ( 'NONE',  ( -0.8244250485153782337, -1.169856430137378247E-16, 0.5659711471271449135 ) ) ;
#863 = CARTESIAN_POINT ( 'NONE',  ( -11.89974724073059953, 29.59999999999999432, 62.99543834603621661 ) ) ;
#864 = CARTESIAN_POINT ( 'NONE',  ( -12.71885800499046049, 29.00000000000000355, 64.98565089723831534 ) ) ;
#865 = CARTESIAN_POINT ( 'NONE',  ( -22.60114560037029108, 29.59999999999999432, 62.90818613606688814 ) ) ;
#866 = ORIENTED_EDGE ( 'NONE', *, *, #1166, .T. ) ;
#867 = EDGE_CURVE ( 'NONE', #1631, #5735, #9248, .T. ) ;
#868 = ORIENTED_EDGE ( 'NONE', *, *, #7423, .F. ) ;
#869 = CARTESIAN_POINT ( 'NONE',  ( -4.999999999999990230, 2.428612866367529932E-14, 20.79999999999999716 ) ) ;
#870 = EDGE_LOOP ( 'NONE', ( #8825, #3154, #6005, #216 ) ) ;
#871 = CARTESIAN_POINT ( 'NONE',  ( -27.07294468029615331, 29.59999999999999076, 62.57863721179619887 ) ) ;
#872 = CARTESIAN_POINT ( 'NONE',  ( -19.66870594275492934, 28.99999999999999645, 63.36872890603534358 ) ) ;
#873 = FACE_OUTER_BOUND ( 'NONE', #7357, .T. ) ;
#874 = CARTESIAN_POINT ( 'NONE',  ( -23.79359776461866005, 29.59999999999999787, 62.69410884949884633 ) ) ;
#875 = CARTESIAN_POINT ( 'NONE',  ( -14.29134003271383335, 29.00000000000000000, 65.72775234911175346 ) ) ;
#876 = CARTESIAN_POINT ( 'NONE',  ( -12.61216787903049941, 29.60000000000000497, 63.05857560965164055 ) ) ;
#877 = CARTESIAN_POINT ( 'NONE',  ( -21.58543683977641692, 29.59999999999999432, 65.46604350304562558 ) ) ;
#878 = B_SPLINE_SURFACE_WITH_KNOTS ( 'NONE', 3, 1, ( 
 ( #2017, #7893 ),
 ( #7220, #5869 ),
 ( #4948, #9433 ),
 ( #2830, #1439 ),
 ( #8713, #1390 ),
 ( #558, #3650 ),
 ( #3460, #8809 ),
 ( #7167, #612 ),
 ( #7848, #2113 ),
 ( #6398, #4902 ),
 ( #2783, #1239 ) ),
 .UNSPECIFIED., .F., .F., .F.,
 ( 4, 1, 1, 1, 1, 1, 1, 1, 4 ),
 ( 2, 2 ),
 ( 0.000000000000000000, 0.1490017644808730446, 0.2818997171181860661, 0.4047912702311842192, 0.5211370919580887717, 0.6343386118877021307, 0.7490297757807476975, 0.8688324994655969302, 1.000000000000000000 ),
 ( 0.000000000000000000, 1.000000000000000000 ),
 .UNSPECIFIED. ) ;
#879 = ORIENTED_EDGE ( 'NONE', *, *, #5691, .T. ) ;
#880 = EDGE_CURVE ( 'NONE', #6626, #7313, #6400, .T. ) ;
#881 = CARTESIAN_POINT ( 'NONE',  ( -28.65308778580784477, 29.59999999999999076, 63.79798788449920721 ) ) ;
#882 = ORIENTED_EDGE ( 'NONE', *, *, #5499, .T. ) ;
#883 = CARTESIAN_POINT ( 'NONE',  ( -2.000000000000000000, 26.00000000000000000, 0.5000000000000281997 ) ) ;
#884 = CARTESIAN_POINT ( 'NONE',  ( -16.08380198174277709, 29.60000000000000853, 63.26113956118234682 ) ) ;
#885 = CARTESIAN_POINT ( 'NONE',  ( -2.500000000000042188, -2.449293598294700991E-16, 20.79999999999999716 ) ) ;
#886 = CARTESIAN_POINT ( 'NONE',  ( -14.67318262239076532, 29.60000000000000142, 62.50642618244728510 ) ) ;
#887 = LINE ( 'NONE', #8888, #9209 ) ;
#888 = CARTESIAN_POINT ( 'NONE',  ( -22.21671745916983554, 29.00000000000001776, 63.05376029987498754 ) ) ;
#889 = VECTOR ( 'NONE', #4422, 1000.000000000000114 ) ;
#890 = AXIS2_PLACEMENT_3D ( 'NONE', #3707, #6647, #2982 ) ;
#891 = EDGE_LOOP ( 'NONE', ( #5019, #4582, #5831, #7498 ) ) ;
#892 = CARTESIAN_POINT ( 'NONE',  ( -18.58295586655987464, 29.59999999999999787, 63.51245042299269272 ) ) ;
#893 = VERTEX_POINT ( 'NONE', #2602 ) ;
#894 = VECTOR ( 'NONE', #789, 1000.000000000000000 ) ;
#895 = VECTOR ( 'NONE', #8298, 1000.000000000000114 ) ;
#896 = CARTESIAN_POINT ( 'NONE',  ( -11.89020810037028397, 29.00000000000000355, 64.74532555914380794 ) ) ;
#897 = DIRECTION ( 'NONE',  ( 0.000000000000000000, 1.000000000000000000, 0.000000000000000000 ) ) ;
#898 = AXIS2_PLACEMENT_3D ( 'NONE', #2922, #9326, #6433 ) ;
#899 = CARTESIAN_POINT ( 'NONE',  ( -24.00018406190875453, 29.59999999999999432, 66.65818613606688814 ) ) ;
#900 = DIRECTION ( 'NONE',  ( 0.000000000000000000, 0.000000000000000000, 1.000000000000000000 ) ) ;
#901 = CARTESIAN_POINT ( 'NONE',  ( -16.14668132596186467, 28.99999999999998934, 63.47048614361147401 ) ) ;
#902 = CARTESIAN_POINT ( 'NONE',  ( -13.61556867729336062, 29.59999999999999432, 66.65818613606688814 ) ) ;
#903 = DIRECTION ( 'NONE',  ( -0.5773502691896186256, 0.5773502691896214012, 0.5773502691896372774 ) ) ;
#904 = ORIENTED_EDGE ( 'NONE', *, *, #2392, .F. ) ;
#905 = EDGE_CURVE ( 'NONE', #4248, #6699, #4809, .T. ) ;
#906 = VECTOR ( 'NONE', #4807, 999.9999999999998863 ) ;
#907 = CIRCLE ( 'NONE', #4910, 1.700000000000000178 ) ;
#908 = ORIENTED_EDGE ( 'NONE', *, *, #5176, .T. ) ;
#909 = CARTESIAN_POINT ( 'NONE',  ( -15.01059735751824853, 28.99999999999998934, 64.93988012568929946 ) ) ;
#910 = ORIENTED_EDGE ( 'NONE', *, *, #7842, .F. ) ;
#911 = LINE ( 'NONE', #8189, #5778 ) ;
#912 = CARTESIAN_POINT ( 'NONE',  ( -37.78864560037028753, 28.99999999999998934, 62.15818613606688814 ) ) ;
#913 = CARTESIAN_POINT ( 'NONE',  ( -21.32365609916686822, 29.59999999999999787, 62.89404783349711181 ) ) ;
#914 = CARTESIAN_POINT ( 'NONE',  ( -26.63864816728385776, 29.59999999999999076, 63.71230181931436221 ) ) ;
#915 = LOCAL_TIME ( 16, 33, 20.00000000000000000, #2617 ) ;
#916 = CARTESIAN_POINT ( 'NONE',  ( -14.14027839059222380, 29.00000000000000000, 64.73700075051831959 ) ) ;
#917 = CARTESIAN_POINT ( 'NONE',  ( -33.17326098498566722, 28.99999999999999289, 65.73510921298995413 ) ) ;
#918 = ORIENTED_EDGE ( 'NONE', *, *, #8093, .T. ) ;
#919 = ORIENTED_EDGE ( 'NONE', *, *, #6034, .F. ) ;
#920 = CARTESIAN_POINT ( 'NONE',  ( -1.499999999999971800, 0.000000000000000000, 33.50000000000003553 ) ) ;
#921 = ORIENTED_EDGE ( 'NONE', *, *, #6970, .T. ) ;
#922 = DIRECTION ( 'NONE',  ( 0.000000000000000000, 0.000000000000000000, 1.000000000000000000 ) ) ;
#923 = EDGE_CURVE ( 'NONE', #8696, #3080, #6987, .T. ) ;
#924 = B_SPLINE_CURVE_WITH_KNOTS ( 'NONE', 3,
 ( #1863, #2716, #2670, #7015, #4979, #6379, #6336 ),
 .UNSPECIFIED., .F., .F.,
 ( 4, 1, 1, 1, 4 ),
 ( 0.000000000000000000, 0.2728587156736278496, 0.5256924094060732022, 0.7668504463701361074, 1.000000000000000000 ),
 .UNSPECIFIED. ) ;
#925 = CARTESIAN_POINT ( 'NONE',  ( -2.000000000000000000, 13.33012701892231888, 21.30000000000002203 ) ) ;
#926 = CARTESIAN_POINT ( 'NONE',  ( -29.09693886960105047, 28.99999999999999645, 62.62062603991304144 ) ) ;
#927 = CARTESIAN_POINT ( 'NONE',  ( -22.77340165283785112, 29.00000000000001066, 62.16114962526409471 ) ) ;
#928 = CARTESIAN_POINT ( 'NONE',  ( -14.14869618475164614, 28.99999999999999289, 64.88213788135978177 ) ) ;
#929 = B_SPLINE_CURVE_WITH_KNOTS ( 'NONE', 3,
 ( #5701, #7823, #1995, #4973, #7245, #9362, #491, #8545, #5653, #4926, #1311, #7871, #1262, #9268, #7917, #1945, #4205, #7293, #3536, #683, #2808 ),
 .UNSPECIFIED., .F., .F.,
 ( 4, 1, 1, 1, 1, 1, 1, 1, 1, 1, 1, 1, 1, 1, 1, 1, 1, 1, 4 ),
 ( 0.000000000000000000, 0.03697589911787044215, 0.07919380565197135791, 0.1263611040582890144, 0.1791959260290005296, 0.2370233567260342233, 0.3005781796994436150, 0.3688032070373757909, 0.4427636198457211569, 0.5160455776874043332, 0.5825014191568234079, 0.6417953814615287023, 0.6946446714591538729, 0.7407048907381672542, 0.7796151080458147975, 0.8121003791382503945, 0.8378410910526378208, 0.9229877051599602034, 0.9999999999999998890 ),
 .UNSPECIFIED. ) ;
#930 = CARTESIAN_POINT ( 'NONE',  ( -12.21653021575489895, 29.59999999999999787, 62.90818613606688814 ) ) ;
#931 = CARTESIAN_POINT ( 'NONE',  ( -21.40916381532768753, 29.59999999999999787, 65.69933259137647497 ) ) ;
#932 = ORIENTED_EDGE ( 'NONE', *, *, #3492, .T. ) ;
#933 = CARTESIAN_POINT ( 'NONE',  ( -28.66894257713681782, 29.59999999999999076, 64.09109810724278589 ) ) ;
#934 = ORIENTED_EDGE ( 'NONE', *, *, #49, .T. ) ;
#935 = DIRECTION ( 'NONE',  ( -0.7071067811865376918, -2.775557561562890427E-17, -0.7071067811865574537 ) ) ;
#936 = CARTESIAN_POINT ( 'NONE',  ( -16.19952404923272837, 29.60000000000000142, 63.93728163750603244 ) ) ;
#937 = CARTESIAN_POINT ( 'NONE',  ( -12.57891002344720555, 28.99999999999999289, 64.01876305914380794 ) ) ;
#938 = ADVANCED_FACE ( 'NONE', ( #3512 ), #9202, .F. ) ;
#939 = LINE ( 'NONE', #2626, #5217 ) ;
#940 = CARTESIAN_POINT ( 'NONE',  ( -14.47431075229395425, 28.99999999999999645, 62.76519222705402257 ) ) ;
#941 = CARTESIAN_POINT ( 'NONE',  ( -5.302478566101805235, -6.123141075423562896, 20.82314107542366344 ) ) ;
#942 = VERTEX_POINT ( 'NONE', #5540 ) ;
#943 = CARTESIAN_POINT ( 'NONE',  ( -19.02454562222785484, 29.59999999999999787, 62.91341316413078033 ) ) ;
#944 = EDGE_LOOP ( 'NONE', ( #1583, #150, #4873, #8602 ) ) ;
#945 = CARTESIAN_POINT ( 'NONE',  ( -11.02454843071230073, 29.00000000000001776, 65.69933259137650339 ) ) ;
#946 = PLANE ( 'NONE',  #3157 ) ;
#947 = CARTESIAN_POINT ( 'NONE',  ( -42.17326098498567433, 29.59999999999999076, 64.98510921298996834 ) ) ;
#948 = CARTESIAN_POINT ( 'NONE',  ( -14.26174876068878916, 29.59999999999999432, 65.62536638167568981 ) ) ;
#949 = CARTESIAN_POINT ( 'NONE',  ( -16.21023027477487588, 28.99999999999998934, 64.26004090919404632 ) ) ;
#950 = CARTESIAN_POINT ( 'NONE',  ( -17.01583623391723066, 29.59999999999999787, 63.58932564137828791 ) ) ;
#951 = CARTESIAN_POINT ( 'NONE',  ( -19.13960713883182763, 29.59999999999999432, 62.90818613606688814 ) ) ;
#952 = B_SPLINE_CURVE_WITH_KNOTS ( 'NONE', 3,
 ( #8302, #6855, #872, #3870, #1701, #152, #4680, #6904, #818, #295, #6180 ),
 .UNSPECIFIED., .F., .F.,
 ( 4, 1, 1, 1, 1, 1, 1, 1, 4 ),
 ( 0.000000000000000000, 0.1490017644808730446, 0.2818997171181860661, 0.4047912702311842192, 0.5211370919580887717, 0.6343386118877021307, 0.7490297757807476975, 0.8688324994655969302, 1.000000000000000000 ),
 .UNSPECIFIED. ) ;
#953 = EDGE_LOOP ( 'NONE', ( #5955, #712, #5260, #7792 ) ) ;
#954 = ORIENTED_EDGE ( 'NONE', *, *, #7477, .T. ) ;
#955 = CARTESIAN_POINT ( 'NONE',  ( -15.17850548396858734, 29.59999999999999432, 65.72412153017623382 ) ) ;
#956 = ORIENTED_EDGE ( 'NONE', *, *, #7724, .F. ) ;
#957 = EDGE_CURVE ( 'NONE', #2317, #3737, #8400, .T. ) ;
#958 = DIRECTION ( 'NONE',  ( 0.4999999999999945599, 0.8660254037844418162, 0.000000000000000000 ) ) ;
#959 = B_SPLINE_SURFACE_WITH_KNOTS ( 'NONE', 3, 1, ( 
 ( #2259, #5200 ),
 ( #5969, #4521 ),
 ( #8955, #858 ),
 ( #8142, #184 ),
 ( #4476, #1540 ),
 ( #3801, #6741 ),
 ( #137, #3082 ),
 ( #8234, #1632 ),
 ( #4572, #3856 ),
 ( #6790, #4761 ),
 ( #9191, #7709 ),
 ( #4000, #2548 ),
 ( #6309, #8565 ),
 ( #417, #1147 ),
 ( #6886, #6938 ),
 ( #2596, #328 ),
 ( #7610, #3319 ),
 ( #7660, #8517 ),
 ( #5626, #4087 ) ),
 .UNSPECIFIED., .F., .F., .F.,
 ( 4, 1, 1, 1, 1, 1, 1, 1, 1, 1, 1, 1, 1, 1, 1, 1, 4 ),
 ( 2, 2 ),
 ( 0.000000000000000000, 0.07942773837476271859, 0.1539976939993293603, 0.2241189499674203778, 0.2899050271283510893, 0.3526968565844615933, 0.4126842950548520461, 0.4705649759878932081, 0.5274252800728549406, 0.5837531208169127739, 0.6399844070010037855, 0.6966154639853048280, 0.7537516678721120078, 0.8127258630658229510, 0.8729762494242104820, 0.9350413902325094284, 1.000000000000000000 ),
 ( 0.000000000000000000, 1.000000000000000000 ),
 .UNSPECIFIED. ) ;
#960 = DIRECTION ( 'NONE',  ( -0.4999999999999946154, -0.8660254037844418162, 0.000000000000000000 ) ) ;
#961 = DIRECTION ( 'NONE',  ( -1.000000000000000000, 0.000000000000000000, 0.000000000000000000 ) ) ;
#962 = CARTESIAN_POINT ( 'NONE',  ( -26.73593696592309144, 29.59999999999999432, 63.23624435480182626 ) ) ;
#963 = EDGE_CURVE ( 'NONE', #7609, #6176, #7364, .T. ) ;
#964 = CARTESIAN_POINT ( 'NONE',  ( -16.11526819652413067, 29.59999999999999432, 65.52417171298996834 ) ) ;
#965 = CARTESIAN_POINT ( 'NONE',  ( 0.000000000000000000, 0.5000000000000281997, 73.00000000000000000 ) ) ;
#966 = ORIENTED_EDGE ( 'NONE', *, *, #7695, .F. ) ;
#967 = ORIENTED_EDGE ( 'NONE', *, *, #6157, .F. ) ;
#968 = EDGE_CURVE ( 'NONE', #6296, #367, #8134, .T. ) ;
#969 = CARTESIAN_POINT ( 'NONE',  ( -30.70150617729335707, 29.59999999999999432, 64.98510921298996834 ) ) ;
#970 = ORIENTED_EDGE ( 'NONE', *, *, #2321, .T. ) ;
#971 = CARTESIAN_POINT ( 'NONE',  ( -27.53340062210408945, 29.59999999999998721, 63.44141690147067436 ) ) ;
#972 = B_SPLINE_CURVE_WITH_KNOTS ( 'NONE', 3,
 ( #8712, #2064, #1334, #1282, #557, #4280, #1238 ),
 .UNSPECIFIED., .F., .F.,
 ( 4, 1, 1, 1, 4 ),
 ( 0.000000000000000000, 0.2728587156736266284, 0.5256924094060723140, 0.7668504463701355522, 1.000000000000000000 ),
 .UNSPECIFIED. ) ;
#973 = CARTESIAN_POINT ( 'NONE',  ( -5.499999999999989342, -6.599999999999933920, 20.79999999999999716 ) ) ;
#974 = EDGE_CURVE ( 'NONE', #2225, #6887, #1487, .T. ) ;
#975 = CARTESIAN_POINT ( 'NONE',  ( -102.2999999999999687, 30.99999999999998579, 14.25000000000002665 ) ) ;
#976 = CARTESIAN_POINT ( 'NONE',  ( -14.13605389579359262, 28.99999999999998934, 64.58549466067833578 ) ) ;
#977 = CARTESIAN_POINT ( 'NONE',  ( -16.53872908137927311, 29.59999999999998366, 66.36764886308377243 ) ) ;
#978 = DATE_AND_TIME ( #5412, #7234 ) ;
#979 = ADVANCED_FACE ( 'NONE', ( #3743 ), #1534, .T. ) ;
#980 = ORIENTED_EDGE ( 'NONE', *, *, #6157, .T. ) ;
#981 = CARTESIAN_POINT ( 'NONE',  ( -28.67274938592097655, 29.59999999999999787, 64.37753776437595832 ) ) ;
#982 = ORIENTED_EDGE ( 'NONE', *, *, #6674, .T. ) ;
#983 = CARTESIAN_POINT ( 'NONE',  ( -102.7999999999999972, 29.50000000000002487, 0.5000000000000281997 ) ) ;
#984 = CARTESIAN_POINT ( 'NONE',  ( -15.60595329267797737, 29.59999999999999432, 62.90818613606688814 ) ) ;
#985 = CARTESIAN_POINT ( 'NONE',  ( -28.66752118360383861, 29.59999999999999076, 64.78864496953715957 ) ) ;
#986 = DIRECTION ( 'NONE',  ( -0.6785983445458384500, -0.2810846377148167319, 0.6785983445458571017 ) ) ;
#987 = CARTESIAN_POINT ( 'NONE',  ( -14.56173933269421994, 29.00000000000000355, 62.63900911233363900 ) ) ;
#988 = DIRECTION ( 'NONE',  ( -1.418996708365486401E-16, 1.000000000000000000, 0.000000000000000000 ) ) ;
#989 = VERTEX_POINT ( 'NONE', #5871 ) ;
#990 = CARTESIAN_POINT ( 'NONE',  ( -102.0000000000000000, 28.99999999999998579, 36.95000000000000995 ) ) ;
#991 = EDGE_LOOP ( 'NONE', ( #3042, #554, #2904, #3948, #7514 ) ) ;
#992 = CARTESIAN_POINT ( 'NONE',  ( -19.54765465873678565, 28.99999999999998579, 65.07260530756093431 ) ) ;
#993 = AXIS2_PLACEMENT_3D ( 'NONE', #8592, #6471, #5746 ) ;
#994 = DIRECTION ( 'NONE',  ( 9.011550524554840736E-17, -1.000000000000000000, 0.000000000000000000 ) ) ;
#995 = CARTESIAN_POINT ( 'NONE',  ( 0.000000000000000000, 0.5000000000000281997, 73.00000000000000000 ) ) ;
#996 = CARTESIAN_POINT ( 'NONE',  ( -37.00632593589194386, 29.59999999999998721, 62.36077954626569664 ) ) ;
#997 = CARTESIAN_POINT ( 'NONE',  ( -1.499999999999964917, 0.2500000000000209832, 0.2500000000000141553 ) ) ;
#998 = DIRECTION ( 'NONE',  ( -1.000000000000000000, 0.000000000000000000, 0.000000000000000000 ) ) ;
#999 = CARTESIAN_POINT ( 'NONE',  ( -21.22737290504894503, 29.00000000000001066, 63.18135675046038102 ) ) ;
#1000 = CARTESIAN_POINT ( 'NONE',  ( -18.75517899763137919, 29.60000000000001918, 63.05376029987498754 ) ) ;
#1001 = VECTOR ( 'NONE', #2787, 1000.000000000000000 ) ;
#1002 = ORIENTED_EDGE ( 'NONE', *, *, #5964, .T. ) ;
#1003 = EDGE_CURVE ( 'NONE', #8863, #6041, #4468, .T. ) ;
#1004 = VERTEX_POINT ( 'NONE', #5051 ) ;
#1005 = CARTESIAN_POINT ( 'NONE',  ( -17.86211763762839766, 29.59999999999999787, 62.89404783349711181 ) ) ;
#1006 = EDGE_LOOP ( 'NONE', ( #8052, #908, #8765 ) ) ;
#1007 = DIRECTION ( 'NONE',  ( 1.418996708365486154E-16, -1.000000000000000000, -0.000000000000000000 ) ) ;
#1008 = DIRECTION ( 'NONE',  ( 6.938893903907222067E-15, -1.000000000000000000, 0.000000000000000000 ) ) ;
#1009 = AXIS2_PLACEMENT_3D ( 'NONE', #396, #9312, #2442 ) ;
#1010 = CARTESIAN_POINT ( 'NONE',  ( -105.5000000000000000, 30.49999999999994316, 55.24999999999995026 ) ) ;
#1011 = CARTESIAN_POINT ( 'NONE',  ( -98.79999999999999716, 0.000000000000000000, 72.49999999999995737 ) ) ;
#1012 = CARTESIAN_POINT ( 'NONE',  ( -27.04165040806259412, 29.59999999999999787, 62.61521738606690235 ) ) ;
#1013 = DIRECTION ( 'NONE',  ( 1.418996708365486154E-16, -1.000000000000000000, -0.000000000000000000 ) ) ;
#1014 = CARTESIAN_POINT ( 'NONE',  ( -16.82778798077731963, 28.99999999999998934, 65.93683472907376597 ) ) ;
#1015 = ORIENTED_EDGE ( 'NONE', *, *, #702, .F. ) ;
#1016 = LINE ( 'NONE', #2652, #5206 ) ;
#1017 = VERTEX_POINT ( 'NONE', #8715 ) ;
#1018 = DIRECTION ( 'NONE',  ( 0.000000000000000000, 0.000000000000000000, 1.000000000000000000 ) ) ;
#1019 = EDGE_CURVE ( 'NONE', #2672, #1296, #6683, .T. ) ;
#1020 = CARTESIAN_POINT ( 'NONE',  ( -105.5000000000000000, 30.49999999999994316, 13.74999999999999822 ) ) ;
#1021 = EDGE_CURVE ( 'NONE', #8043, #5735, #3701, .T. ) ;
#1022 = CARTESIAN_POINT ( 'NONE',  ( -16.73760252134788473, 28.99999999999999645, 66.10887531149906238 ) ) ;
#1023 = DIRECTION ( 'NONE',  ( 0.000000000000000000, 0.000000000000000000, 1.000000000000000000 ) ) ;
#1024 = CARTESIAN_POINT ( 'NONE',  ( -28.66106251077120248, 28.99999999999999645, 63.93728163750604665 ) ) ;
#1025 = COORDINATED_UNIVERSAL_TIME_OFFSET ( 1, 0, .AHEAD. ) ;
#1026 = ORIENTED_EDGE ( 'NONE', *, *, #3090, .F. ) ;
#1027 = ADVANCED_FACE ( 'NONE', ( #77 ), #8665, .T. ) ;
#1028 = DIRECTION ( 'NONE',  ( -1.418996708365486154E-16, 1.000000000000000000, 0.000000000000000000 ) ) ;
#1029 = ORIENTED_EDGE ( 'NONE', *, *, #7886, .T. ) ;
#1030 = CARTESIAN_POINT ( 'NONE',  ( -29.47780276043618031, 28.99999999999998934, 65.28727902373809400 ) ) ;
#1031 = CARTESIAN_POINT ( 'NONE',  ( -15.83995610562218737, 29.59999999999999432, 62.96061004805540762 ) ) ;
#1032 = CARTESIAN_POINT ( 'NONE',  ( -5.292893218813428113, -6.099999999999905498, 32.99999999999999289 ) ) ;
#1033 = LINE ( 'NONE', #2485, #8444 ) ;
#1034 = CARTESIAN_POINT ( 'NONE',  ( -13.61477068132589707, 28.99999999999998934, 63.33959402992292098 ) ) ;
#1035 = CARTESIAN_POINT ( 'NONE',  ( -15.04779744967975930, 28.99999999999998934, 65.31138606918774769 ) ) ;
#1036 = CARTESIAN_POINT ( 'NONE',  ( -2.000000000000000000, 13.33012701892231888, 32.49999999999995026 ) ) ;
#1037 = ORIENTED_EDGE ( 'NONE', *, *, #1890, .F. ) ;
#1038 = DIRECTION ( 'NONE',  ( 0.000000000000000000, 0.000000000000000000, 1.000000000000000000 ) ) ;
#1039 = ORIENTED_EDGE ( 'NONE', *, *, #5890, .F. ) ;
#1040 = VECTOR ( 'NONE', #1152, 1000.000000000000000 ) ;
#1041 = DIRECTION ( 'NONE',  ( 0.000000000000000000, 0.000000000000000000, 1.000000000000000000 ) ) ;
#1042 = CARTESIAN_POINT ( 'NONE',  ( -21.96074048449101213, 28.99999999999999645, 62.27978240500942775 ) ) ;
#1043 = CARTESIAN_POINT ( 'NONE',  ( -22.47395104891390716, 28.99999999999999289, 65.58481777482313646 ) ) ;
#1044 = LINE ( 'NONE', #4564, #1505 ) ;
#1045 = CARTESIAN_POINT ( 'NONE',  ( -27.46746535101194908, 28.99999999999998934, 64.08812424167315669 ) ) ;
#1046 = VECTOR ( 'NONE', #6713, 1000.000000000000000 ) ;
#1047 = CARTESIAN_POINT ( 'NONE',  ( -22.33905734270750187, 29.00000000000000355, 62.17655970823265932 ) ) ;
#1048 = PLANE ( 'NONE',  #7063 ) ;
#1049 = EDGE_LOOP ( 'NONE', ( #7831, #6077, #3750, #1319, #2513, #1658, #4336, #4159, #8206, #6700, #3841 ) ) ;
#1050 = VECTOR ( 'NONE', #1038, 1000.000000000000000 ) ;
#1051 = B_SPLINE_CURVE_WITH_KNOTS ( 'NONE', 3,
 ( #2111, #7996, #653, #221, #6877, #4512, #4658, #3846, #3790, #4465, #268 ),
 .UNSPECIFIED., .F., .F.,
 ( 4, 1, 1, 1, 1, 1, 1, 1, 4 ),
 ( 0.000000000000000000, 0.1490017644808729891, 0.2818997171181862882, 0.4047912702311844413, 0.5211370919580888827, 0.6343386118877022417, 0.7490297757807460322, 0.8688324994655988176, 1.000000000000000000 ),
 .UNSPECIFIED. ) ;
#1052 = ORIENTED_EDGE ( 'NONE', *, *, #22, .F. ) ;
#1053 = AXIS2_PLACEMENT_3D ( 'NONE', #1997, #1313, #9227 ) ;
#1054 = CARTESIAN_POINT ( 'NONE',  ( -17.71867996340585805, 29.59999999999999432, 63.45733378054433160 ) ) ;
#1055 = VERTEX_POINT ( 'NONE', #1393 ) ;
#1056 = DIRECTION ( 'NONE',  ( -0.7071067811865378028, 1.980651566975070479E-14, -0.7071067811865573427 ) ) ;
#1057 = CARTESIAN_POINT ( 'NONE',  ( -17.86053757678774545, 29.00000000000000711, 65.83850817306101533 ) ) ;
#1058 = ADVANCED_FACE ( 'NONE', ( #4332 ), #6640, .T. ) ;
#1059 = CARTESIAN_POINT ( 'NONE',  ( -98.29999999999995453, 28.99999999999998579, 66.99999999999997158 ) ) ;
#1060 = CARTESIAN_POINT ( 'NONE',  ( -13.61320087615654906, 29.59999999999998366, 63.25549540441324581 ) ) ;
#1061 = CARTESIAN_POINT ( 'NONE',  ( -22.03864560037029108, 29.59999999999999432, 63.60049382837458865 ) ) ;
#1062 = LINE ( 'NONE', #3956, #3378 ) ;
#1063 = ADVANCED_FACE ( 'NONE', ( #5916 ), #6498, .F. ) ;
#1064 = CARTESIAN_POINT ( 'NONE',  ( -16.65016672318162705, 28.99999999999999289, 66.23505523326397793 ) ) ;
#1065 = AXIS2_PLACEMENT_3D ( 'NONE', #6371, #351, #2622 ) ;
#1066 = VECTOR ( 'NONE', #1939, 1000.000000000000000 ) ;
#1067 = ORIENTED_EDGE ( 'NONE', *, *, #6358, .T. ) ;
#1068 = DIRECTION ( 'NONE',  ( 0.000000000000000000, 1.000000000000000000, 0.000000000000000000 ) ) ;
#1069 = ORIENTED_EDGE ( 'NONE', *, *, #1560, .F. ) ;
#1070 = CARTESIAN_POINT ( 'NONE',  ( -19.15763598498567077, 29.59999999999999432, 62.15818613606688814 ) ) ;
#1071 = CARTESIAN_POINT ( 'NONE',  ( -28.06749175421643727, 29.59999999999999432, 66.71587844375920895 ) ) ;
#1072 = VECTOR ( 'NONE', #7560, 1000.000000000000000 ) ;
#1073 = CARTESIAN_POINT ( 'NONE',  ( -29.47737469545567635, 28.99999999999999645, 63.58932564137825949 ) ) ;
#1074 = CARTESIAN_POINT ( 'NONE',  ( -19.06308323466086918, 29.00000000000000711, 64.50354387168299297 ) ) ;
#1075 = LINE ( 'NONE', #2475, #4752 ) ;
#1076 = LINE ( 'NONE', #4823, #6455 ) ;
#1077 = ORIENTED_EDGE ( 'NONE', *, *, #6669, .F. ) ;
#1078 = CARTESIAN_POINT ( 'NONE',  ( -16.19136573638043686, 28.99999999999999645, 66.60379955400918561 ) ) ;
#1079 = B_SPLINE_CURVE_WITH_KNOTS ( 'NONE', 3,
 ( #7618, #5350, #1109, #6219, #6748, #144, #1739, #8382, #4720, #6945, #3909, #7667, #4770, #7521, #1836, #191, #4578, #8291, #1694, #8432, #286, #3091, #6798, #916, #5301, #3138, #7717 ),
 .UNSPECIFIED., .F., .F.,
 ( 4, 1, 1, 1, 1, 1, 1, 1, 1, 1, 1, 1, 1, 1, 1, 1, 1, 1, 1, 1, 1, 1, 1, 1, 4 ),
 ( 0.000000000000000000, 0.05241462299440196454, 0.1027091694655512116, 0.1514439615246738202, 0.1996138980871031976, 0.2472508928845015830, 0.2956961365241347894, 0.3449754292995784732, 0.3961240370953058587, 0.4226790494297173462, 0.4501786529756241495, 0.4792373238459781692, 0.5092016462808326427, 0.5408092221780149700, 0.5739193845940845362, 0.6083465650511269418, 0.6445205949242756027, 0.6827186007748640151, 0.7224799309583683771, 0.7637982195614305692, 0.8073329696282756096, 0.8525067459539613646, 0.8996646565177246480, 0.9488179606455552362, 1.000000000000000000 ),
 .UNSPECIFIED. ) ;
#1080 = CARTESIAN_POINT ( 'NONE',  ( -18.86647011960105758, 29.59999999999999432, 65.79280152068227494 ) ) ;
#1081 = LINE ( 'NONE', #398, #5920 ) ;
#1082 = CARTESIAN_POINT ( 'NONE',  ( -37.00632593589194386, 29.59999999999998721, 62.36077954626569664 ) ) ;
#1083 = CARTESIAN_POINT ( 'NONE',  ( -28.62655850231620036, 28.99999999999998934, 63.56453297040035011 ) ) ;
#1084 = EDGE_CURVE ( 'NONE', #6393, #5910, #614, .T. ) ;
#1085 = CARTESIAN_POINT ( 'NONE',  ( -102.0000000000000000, 29.49999999999999645, 36.45000000000000284 ) ) ;
#1086 = CARTESIAN_POINT ( 'NONE',  ( -15.44517016822641153, 28.99999999999999645, 65.94536505910583912 ) ) ;
#1087 = ORIENTED_EDGE ( 'NONE', *, *, #2095, .F. ) ;
#1088 = CARTESIAN_POINT ( 'NONE',  ( -18.57910589730029827, 29.59999999999999432, 63.57040566043745144 ) ) ;
#1089 = ORIENTED_EDGE ( 'NONE', *, *, #2888, .F. ) ;
#1090 = PLANE ( 'NONE',  #1605 ) ;
#1091 = CARTESIAN_POINT ( 'NONE',  ( -36.68091088798203714, 29.59999999999998721, 63.68316958132988503 ) ) ;
#1092 = ADVANCED_FACE ( 'NONE', ( #9435 ), #2884, .T. ) ;
#1093 = CARTESIAN_POINT ( 'NONE',  ( -28.65403424287610434, 29.59999999999999076, 62.27097084193191279 ) ) ;
#1094 = LINE ( 'NONE', #3311, #8434 ) ;
#1095 = CARTESIAN_POINT ( 'NONE',  ( -12.89056211176255573, 29.59999999999999432, 64.82472394247854197 ) ) ;
#1096 = CARTESIAN_POINT ( 'NONE',  ( -16.99361870172564082, 28.99999999999999289, 63.46687955153351623 ) ) ;
#1097 = CARTESIAN_POINT ( 'NONE',  ( -11.68700557373432325, 29.60000000000000853, 63.35262999331453670 ) ) ;
#1098 = EDGE_CURVE ( 'NONE', #6778, #4315, #3605, .T. ) ;
#1099 = EDGE_LOOP ( 'NONE', ( #3934, #2061, #4359, #3798, #9024, #3106, #3445, #2779, #4610, #8083, #8233, #956, #2196 ) ) ;
#1100 = ORIENTED_EDGE ( 'NONE', *, *, #1129, .F. ) ;
#1101 = FACE_OUTER_BOUND ( 'NONE', #183, .T. ) ;
#1102 = ORIENTED_EDGE ( 'NONE', *, *, #3341, .F. ) ;
#1103 = CARTESIAN_POINT ( 'NONE',  ( -16.19249578133764089, 29.59999999999999432, 62.27097084193193410 ) ) ;
#1104 = CARTESIAN_POINT ( 'NONE',  ( -3.539504286779672437, -4.223469992542493223, 20.76049571322040066 ) ) ;
#1105 = CARTESIAN_POINT ( 'NONE',  ( -15.60595329267797737, 28.99999999999998934, 62.90818613606688814 ) ) ;
#1106 = CARTESIAN_POINT ( 'NONE',  ( -35.30787636960106113, 29.59999999999999432, 64.69664767452843535 ) ) ;
#1107 = LINE ( 'NONE', #1011, #4695 ) ;
#1108 = CARTESIAN_POINT ( 'NONE',  ( -11.57612509987562177, 28.99999999999999645, 62.27978240500942775 ) ) ;
#1109 = CARTESIAN_POINT ( 'NONE',  ( -15.44650406984059643, 28.99999999999998934, 66.71129150193090140 ) ) ;
#1110 = DIRECTION ( 'NONE',  ( 0.000000000000000000, 0.000000000000000000, 1.000000000000000000 ) ) ;
#1111 = ORIENTED_EDGE ( 'NONE', *, *, #2619, .F. ) ;
#1112 = DIRECTION ( 'NONE',  ( -4.670409358399121388E-15, -1.000000000000000000, 0.000000000000000000 ) ) ;
#1113 = ORIENTED_EDGE ( 'NONE', *, *, #1925, .T. ) ;
#1114 = CARTESIAN_POINT ( 'NONE',  ( -23.79359776461866005, 28.99999999999999645, 62.69410884949884633 ) ) ;
#1115 = EDGE_CURVE ( 'NONE', #9443, #1385, #5822, .T. ) ;
#1116 = CARTESIAN_POINT ( 'NONE',  ( -26.90476615825035012, 28.99999999999998934, 66.07679930186571937 ) ) ;
#1117 = DIRECTION ( 'NONE',  ( -0.5773502691896097438, -0.5773502691896258421, -0.5773502691896418293 ) ) ;
#1118 = CARTESIAN_POINT ( 'NONE',  ( -26.59633790806259057, 28.99999999999999289, 64.42982075145150134 ) ) ;
#1119 = CARTESIAN_POINT ( 'NONE',  ( -28.30149456716064194, 28.99999999999999289, 62.96061004805540762 ) ) ;
#1120 = DIRECTION ( 'NONE',  ( 1.000000000000000000, 1.418996708365486401E-16, -0.000000000000000000 ) ) ;
#1121 = B_SPLINE_SURFACE_WITH_KNOTS ( 'NONE', 3, 1, ( 
 ( #3631, #9511 ),
 ( #2911, #1466 ),
 ( #4402, #7342 ),
 ( #2955, #5896 ),
 ( #8831, #2474 ),
 ( #9071, #5315 ),
 ( #6763, #5410 ),
 ( #7581, #3874 ),
 ( #1703, #8927 ),
 ( #8347, #4729 ),
 ( #2371, #4591 ),
 ( #6907, #6810 ),
 ( #7631, #2325 ),
 ( #1797, #3964 ),
 ( #202, #155 ),
 ( #5267, #875 ),
 ( #102, #9116 ),
 ( #3769, #7481 ),
 ( #7536, #2421 ),
 ( #299, #6038 ),
 ( #8253, #1652 ),
 ( #8203, #8974 ),
 ( #247, #928 ),
 ( #3150, #8305 ),
 ( #5363, #976 ),
 ( #6082, #5455 ),
 ( #9021, #3049 ) ),
 .UNSPECIFIED., .F., .F., .F.,
 ( 4, 1, 1, 1, 1, 1, 1, 1, 1, 1, 1, 1, 1, 1, 1, 1, 1, 1, 1, 1, 1, 1, 1, 1, 4 ),
 ( 2, 2 ),
 ( 0.000000000000000000, 0.05241462299440196454, 0.1027091694655512116, 0.1514439615246738202, 0.1996138980871031976, 0.2472508928845015830, 0.2956961365241347894, 0.3449754292995784732, 0.3961240370953058587, 0.4226790494297173462, 0.4501786529756241495, 0.4792373238459781692, 0.5092016462808326427, 0.5408092221780149700, 0.5739193845940845362, 0.6083465650511269418, 0.6445205949242756027, 0.6827186007748640151, 0.7224799309583683771, 0.7637982195614305692, 0.8073329696282756096, 0.8525067459539613646, 0.8996646565177246480, 0.9488179606455552362, 1.000000000000000000 ),
 ( 0.000000000000000000, 1.000000000000000000 ),
 .UNSPECIFIED. ) ;
#1122 = ORIENTED_EDGE ( 'NONE', *, *, #4686, .T. ) ;
#1123 = CARTESIAN_POINT ( 'NONE',  ( -26.78589008455201537, 29.59999999999999787, 65.82419852421571704 ) ) ;
#1124 = DIRECTION ( 'NONE',  ( 0.000000000000000000, 0.000000000000000000, -1.000000000000000000 ) ) ;
#1125 = B_SPLINE_CURVE_WITH_KNOTS ( 'NONE', 3,
 ( #7529, #5357, #971, #3914, #7722, #7763, #9299, #1792, #7038, #9256, #2514 ),
 .UNSPECIFIED., .F., .F.,
 ( 4, 1, 1, 1, 1, 1, 1, 1, 4 ),
 ( 0.000000000000000000, 0.08237348889050945255, 0.1770424282288228235, 0.2833373815775394600, 0.4023947863055167828, 0.5326984036723079186, 0.6759363878958126737, 0.8314126667987170594, 1.000000000000000000 ),
 .UNSPECIFIED. ) ;
#1126 = CARTESIAN_POINT ( 'NONE',  ( -15.76592089777257399, 29.59999999999999432, 62.93054619695440266 ) ) ;
#1127 = LINE ( 'NONE', #3976, #2073 ) ;
#1128 = DIRECTION ( 'NONE',  ( 1.418996708365486154E-16, -1.000000000000000000, -0.000000000000000000 ) ) ;
#1129 = EDGE_CURVE ( 'NONE', #1450, #6656, #1441, .T. ) ;
#1130 = DIRECTION ( 'NONE',  ( 1.000000000000000000, 0.000000000000000000, 0.000000000000000000 ) ) ;
#1131 = CARTESIAN_POINT ( 'NONE',  ( -19.57862027885722611, 28.99999999999999289, 63.89224287257272294 ) ) ;
#1132 = ORIENTED_EDGE ( 'NONE', *, *, #3785, .F. ) ;
#1133 = CARTESIAN_POINT ( 'NONE',  ( -26.70560714039793382, 28.99999999999998934, 63.34674328390536857 ) ) ;
#1134 = ORIENTED_EDGE ( 'NONE', *, *, #9097, .F. ) ;
#1135 = EDGE_CURVE ( 'NONE', #5536, #2672, #1044, .T. ) ;
#1136 = CARTESIAN_POINT ( 'NONE',  ( -27.49921834549958533, 29.59999999999999432, 62.26493836329049714 ) ) ;
#1137 = CARTESIAN_POINT ( 'NONE',  ( -35.98265316470860853, 29.59999999999999076, 64.11752169028821413 ) ) ;
#1138 = ADVANCED_FACE ( 'NONE', ( #3176 ), #8178, .T. ) ;
#1139 = CARTESIAN_POINT ( 'NONE',  ( -22.32800858113952103, 29.59999999999999432, 65.79280152068227494 ) ) ;
#1140 = DIRECTION ( 'NONE',  ( 0.000000000000000000, 1.000000000000000000, 0.000000000000000000 ) ) ;
#1141 = LINE ( 'NONE', #5529, #380 ) ;
#1142 = DIRECTION ( 'NONE',  ( -0.7071067811865476838, 0.7071067811865474617, 0.000000000000000000 ) ) ;
#1143 = ORIENTED_EDGE ( 'NONE', *, *, #5909, .T. ) ;
#1144 = VECTOR ( 'NONE', #9088, 1000.000000000000000 ) ;
#1145 = EDGE_CURVE ( 'NONE', #2728, #8256, #7653, .T. ) ;
#1146 = ORIENTED_EDGE ( 'NONE', *, *, #8393, .T. ) ;
#1147 = CARTESIAN_POINT ( 'NONE',  ( -18.61933642689850643, 29.00000000000000355, 62.23549029123772414 ) ) ;
#1148 = ORIENTED_EDGE ( 'NONE', *, *, #2593, .F. ) ;
#1149 = DIRECTION ( 'NONE',  ( 1.418996708365486154E-16, -1.000000000000000000, -0.000000000000000000 ) ) ;
#1150 = CARTESIAN_POINT ( 'NONE',  ( -15.57855287847091930, 29.59999999999999432, 65.96448203061940774 ) ) ;
#1151 = DIRECTION ( 'NONE',  ( 0.4999999999999922284, 0.4999999999999923950, 0.7071067811865585639 ) ) ;
#1152 = DIRECTION ( 'NONE',  ( 1.418996708365486154E-16, -1.000000000000000000, -0.000000000000000000 ) ) ;
#1153 = CARTESIAN_POINT ( 'NONE',  ( -12.38878626822246254, 29.60000000000000142, 62.16114962526411603 ) ) ;
#1154 = CARTESIAN_POINT ( 'NONE',  ( -23.13479944652413778, 29.59999999999999432, 63.49863084760534804 ) ) ;
#1155 = CARTESIAN_POINT ( 'NONE',  ( 6.728551696633350510, 0.6285516966332594935, 25.29454292434446572 ) ) ;
#1156 = AXIS2_PLACEMENT_3D ( 'NONE', #5714, #3548, #4218 ) ;
#1157 = EDGE_LOOP ( 'NONE', ( #3826, #136, #6885, #9451 ) ) ;
#1158 = LINE ( 'NONE', #6900, #7675 ) ;
#1159 = EDGE_LOOP ( 'NONE', ( #8143, #576, #4249, #69 ) ) ;
#1160 = LINE ( 'NONE', #4101, #6899 ) ;
#1161 = AXIS2_PLACEMENT_3D ( 'NONE', #2896, #8777, #5113 ) ;
#1162 = CARTESIAN_POINT ( 'NONE',  ( -27.46905607995438459, 29.60000000000000142, 66.59349384303790487 ) ) ;
#1163 = CARTESIAN_POINT ( 'NONE',  ( -29.49638910999290431, 29.00000000000001066, 63.71739455675722041 ) ) ;
#1164 = CARTESIAN_POINT ( 'NONE',  ( -29.53776254205557805, 28.99999999999997868, 64.59273103292277085 ) ) ;
#1165 = DIRECTION ( 'NONE',  ( 1.418996708365486154E-16, -1.000000000000000000, -0.000000000000000000 ) ) ;
#1166 = EDGE_CURVE ( 'NONE', #1017, #8420, #2449, .T. ) ;
#1167 = PERSON_AND_ORGANIZATION ( #1867, #1846 ) ;
#1168 = ORIENTED_EDGE ( 'NONE', *, *, #9505, .T. ) ;
#1169 = CARTESIAN_POINT ( 'NONE',  ( -27.46689007362918744, 29.00000000000002842, 64.78621502529246357 ) ) ;
#1170 = CARTESIAN_POINT ( 'NONE',  ( -19.15962385259360801, 28.99999999999998934, 65.43089587304915256 ) ) ;
#1171 = CARTESIAN_POINT ( 'NONE',  ( -20.53754259468332322, 28.99999999999999289, 63.43139590477776579 ) ) ;
#1172 = DIRECTION ( 'NONE',  ( 1.000000000000000000, 0.000000000000000000, -0.000000000000000000 ) ) ;
#1173 = LINE ( 'NONE', #7052, #9157 ) ;
#1174 = CARTESIAN_POINT ( 'NONE',  ( -12.57891002344720555, 29.59999999999999432, 64.01876305914380794 ) ) ;
#1175 = EDGE_CURVE ( 'NONE', #9073, #3576, #3811, .T. ) ;
#1176 = CARTESIAN_POINT ( 'NONE',  ( -13.24866095928768495, 28.99999999999998934, 62.50708212844769207 ) ) ;
#1177 = EDGE_CURVE ( 'NONE', #4369, #667, #8994, .T. ) ;
#1178 = DIRECTION ( 'NONE',  ( 0.000000000000000000, 0.000000000000000000, 1.000000000000000000 ) ) ;
#1179 = VERTEX_POINT ( 'NONE', #4515 ) ;
#1180 = CARTESIAN_POINT ( 'NONE',  ( -3.000000000000043965, -6.599999999999933920, 20.79999999999999716 ) ) ;
#1181 = PLANE ( 'NONE',  #3611 ) ;
#1182 = CARTESIAN_POINT ( 'NONE',  ( -22.82691024684573122, 29.59999999999998721, 65.23730005079185901 ) ) ;
#1183 = PLANE ( 'NONE',  #4734 ) ;
#1184 = DIRECTION ( 'NONE',  ( 0.000000000000000000, -0.8660254037844379305, -0.5000000000000011102 ) ) ;
#1185 = CARTESIAN_POINT ( 'NONE',  ( -27.55817685037028042, 29.59999999999998721, 63.34989286683612164 ) ) ;
#1186 = ORIENTED_EDGE ( 'NONE', *, *, #5978, .F. ) ;
#1187 = ORIENTED_EDGE ( 'NONE', *, *, #9272, .T. ) ;
#1188 = PLANE ( 'NONE',  #430 ) ;
#1189 = VERTEX_POINT ( 'NONE', #5336 ) ;
#1190 = VECTOR ( 'NONE', #5792, 1000.000000000000000 ) ;
#1191 = LINE ( 'NONE', #4900, #2393 ) ;
#1192 = CARTESIAN_POINT ( 'NONE',  ( -22.92210087691330145, 28.99999999999998579, 64.07697101937263540 ) ) ;
#1193 = LINE ( 'NONE', #6214, #3838 ) ;
#1194 = CARTESIAN_POINT ( 'NONE',  ( -28.89345889420312830, 29.59999999999999076, 66.46068804753100778 ) ) ;
#1195 = CARTESIAN_POINT ( 'NONE',  ( -26.30787636960106468, 29.59999999999999432, 64.69664767452843535 ) ) ;
#1196 = CARTESIAN_POINT ( 'NONE',  ( -13.56689081198642732, 29.59999999999999076, 63.01430761348146348 ) ) ;
#1197 = FACE_OUTER_BOUND ( 'NONE', #8682, .T. ) ;
#1198 = CARTESIAN_POINT ( 'NONE',  ( -27.59453075760505669, 29.00000000000000000, 63.23871921102352900 ) ) ;
#1199 = ADVANCED_FACE ( 'NONE', ( #128 ), #177, .T. ) ;
#1200 = VECTOR ( 'NONE', #2169, 1000.000000000000000 ) ;
#1201 = ORIENTED_EDGE ( 'NONE', *, *, #2266, .T. ) ;
#1202 = AXIS2_PLACEMENT_3D ( 'NONE', #4821, #4870, #5695 ) ;
#1203 = CARTESIAN_POINT ( 'NONE',  ( -18.02481919054639548, 29.59999999999999076, 65.59497875579641857 ) ) ;
#1204 = VERTEX_POINT ( 'NONE', #6014 ) ;
#1205 = CARTESIAN_POINT ( 'NONE',  ( -12.75018406190874742, 29.59999999999999787, 63.49863084760536225 ) ) ;
#1206 = EDGE_LOOP ( 'NONE', ( #9017, #2754, #7649, #8566 ) ) ;
#1207 = CARTESIAN_POINT ( 'NONE',  ( -26.78589008455201537, 29.59999999999999787, 65.82419852421571704 ) ) ;
#1208 = CARTESIAN_POINT ( 'NONE',  ( -29.53864560037028753, 29.59999999999999787, 64.43883517452844956 ) ) ;
#1209 = AXIS2_PLACEMENT_3D ( 'NONE', #2333, #7639, #2382 ) ;
#1210 = B_SPLINE_CURVE_WITH_KNOTS ( 'NONE', 3,
 ( #6582, #9527, #3549, #4321, #7935, #5668, #2202, #3595, #7883, #7308, #4988 ),
 .UNSPECIFIED., .F., .F.,
 ( 4, 1, 1, 1, 1, 1, 1, 1, 4 ),
 ( 0.000000000000000000, 0.1265717412696995003, 0.2519354969970905023, 0.3764037130212987137, 0.5004637468258791300, 0.6241947678465262772, 0.7487466912550685416, 0.8738681908057571723, 1.000000000000000000 ),
 .UNSPECIFIED. ) ;
#1211 = CARTESIAN_POINT ( 'NONE',  ( -19.46056241537484155, 28.99999999999998579, 64.07697101937263540 ) ) ;
#1212 = DIRECTION ( 'NONE',  ( 1.000000000000000000, 0.000000000000000000, -0.000000000000000000 ) ) ;
#1213 = EDGE_LOOP ( 'NONE', ( #1294, #2238, #9096, #5152, #2655 ) ) ;
#1214 = EDGE_CURVE ( 'NONE', #2990, #4462, #7455, .T. ) ;
#1215 = AXIS2_PLACEMENT_3D ( 'NONE', #5184, #8891, #116 ) ;
#1216 = CARTESIAN_POINT ( 'NONE',  ( -16.19136573638043686, 29.60000000000000142, 66.60379955400918561 ) ) ;
#1217 = AXIS2_PLACEMENT_3D ( 'NONE', #2509, #2361, #3239 ) ;
#1218 = CARTESIAN_POINT ( 'NONE',  ( -102.2999999999999687, 30.99999999999998579, 55.24999999999997868 ) ) ;
#1219 = DIRECTION ( 'NONE',  ( 1.418996708365486154E-16, -1.000000000000000000, -0.000000000000000000 ) ) ;
#1220 = CARTESIAN_POINT ( 'NONE',  ( -13.37565570065738108, 29.59999999999999076, 64.22769580576583337 ) ) ;
#1221 = CARTESIAN_POINT ( 'NONE',  ( -36.73575702787182706, 29.59999999999999076, 62.72576601123369500 ) ) ;
#1222 = CARTESIAN_POINT ( 'NONE',  ( -35.82710713883183473, 28.99999999999999289, 63.31203228991304144 ) ) ;
#1223 = CARTESIAN_POINT ( 'NONE',  ( -21.08781454181270121, 28.99999999999999289, 66.43636829437824076 ) ) ;
#1224 = CARTESIAN_POINT ( 'NONE',  ( -0.6666666666666625218, -0.8333333333333322601, 71.33333333333332860 ) ) ;
#1225 = ORIENTED_EDGE ( 'NONE', *, *, #2914, .F. ) ;
#1226 = EDGE_CURVE ( 'NONE', #2611, #1448, #8948, .T. ) ;
#1227 = CARTESIAN_POINT ( 'NONE',  ( -22.32800858113952103, 28.99999999999998934, 65.79280152068227494 ) ) ;
#1228 = CARTESIAN_POINT ( 'NONE',  ( -27.24150486142254834, 29.00000000000000711, 62.41333614340722136 ) ) ;
#1229 = CARTESIAN_POINT ( 'NONE',  ( -17.86053757678774545, 28.99999999999999645, 65.83850817306101533 ) ) ;
#1230 = LINE ( 'NONE', #2677, #8890 ) ;
#1231 = CARTESIAN_POINT ( 'NONE',  ( -2.000000000000000000, 0.000000000000000000, 0.5000000000000281997 ) ) ;
#1232 = CARTESIAN_POINT ( 'NONE',  ( -19.31186319129938411, 29.59999999999999787, 62.16114962526409471 ) ) ;
#1233 = ORIENTED_EDGE ( 'NONE', *, *, #4085, .T. ) ;
#1234 = ORIENTED_EDGE ( 'NONE', *, *, #5514, .T. ) ;
#1235 = CARTESIAN_POINT ( 'NONE',  ( -41.59633790806259412, 29.59999999999999076, 66.65818613606688814 ) ) ;
#1236 = EDGE_LOOP ( 'NONE', ( #8921, #8635, #3363, #2992, #1067, #1100 ) ) ;
#1237 = CARTESIAN_POINT ( 'NONE',  ( -13.56689081198642732, 29.59999999999999076, 63.01430761348146348 ) ) ;
#1238 = CARTESIAN_POINT ( 'NONE',  ( -23.13479944652413778, 28.99999999999999289, 63.49863084760534804 ) ) ;
#1239 = CARTESIAN_POINT ( 'NONE',  ( -19.13960713883182763, 28.99999999999999645, 62.90818613606688814 ) ) ;
#1240 = CARTESIAN_POINT ( 'NONE',  ( -28.54044979796698911, 28.99999999999999289, 65.63534013185690696 ) ) ;
#1241 = CARTESIAN_POINT ( 'NONE',  ( -28.52016382102913994, 29.59999999999999432, 62.21976771235483028 ) ) ;
#1242 = CARTESIAN_POINT ( 'NONE',  ( -18.61008249681123772, 28.99999999999998934, 63.35262999331450828 ) ) ;
#1243 = CARTESIAN_POINT ( 'NONE',  ( -11.46223717379402629, 29.00000000000000711, 62.33386798170774767 ) ) ;
#1244 = CARTESIAN_POINT ( 'NONE',  ( -17.07710713883182763, 29.59999999999999787, 64.43883517452844956 ) ) ;
#1245 = ORIENTED_EDGE ( 'NONE', *, *, #2515, .T. ) ;
#1246 = DIRECTION ( 'NONE',  ( 0.6785983445458638741, -0.2810846377147844799, -0.6785983445458451113 ) ) ;
#1247 = ORIENTED_EDGE ( 'NONE', *, *, #162, .F. ) ;
#1248 = CARTESIAN_POINT ( 'NONE',  ( -12.74860897024940165, 29.59999999999998366, 63.45371195238224971 ) ) ;
#1249 = VERTEX_POINT ( 'NONE', #3942 ) ;
#1250 = CARTESIAN_POINT ( 'NONE',  ( -26.67313894188835732, 28.99999999999998934, 65.40187667010577854 ) ) ;
#1251 = EDGE_CURVE ( 'NONE', #1432, #8297, #5960, .T. ) ;
#1252 = PLANE ( 'NONE',  #4075 ) ;
#1253 = CARTESIAN_POINT ( 'NONE',  ( -13.61556867729336062, 29.59999999999999432, 65.79280152068227494 ) ) ;
#1254 = CARTESIAN_POINT ( 'NONE',  ( -16.21172252344721443, 28.99999999999999645, 64.43883517452844956 ) ) ;
#1255 = B_SPLINE_CURVE_WITH_KNOTS ( 'NONE', 3,
 ( #5287, #6783, #2397, #7556, #5241, #1624, #5335, #8177, #7603, #9040, #5191, #996, #6878, #3895, #222 ),
 .UNSPECIFIED., .F., .F.,
 ( 4, 1, 1, 1, 1, 1, 1, 1, 1, 1, 1, 1, 4 ),
 ( 0.000000000000000000, 0.1044684317476923807, 0.2186443001264498365, 0.3432720284885064643, 0.4796798961683566009, 0.5495598336985891841, 0.6174401113445320277, 0.6835484224232981632, 0.7486076440208779825, 0.8121838164169910002, 0.8748745209313935067, 0.9374320533261719657, 1.000000000000000000 ),
 .UNSPECIFIED. ) ;
#1256 = EDGE_CURVE ( 'NONE', #8116, #6874, #240, .T. ) ;
#1257 = ORIENTED_EDGE ( 'NONE', *, *, #6757, .F. ) ;
#1258 = CARTESIAN_POINT ( 'NONE',  ( -26.75287849425228615, 29.59999999999999076, 65.72775234911173925 ) ) ;
#1259 = EDGE_CURVE ( 'NONE', #275, #8774, #5576, .T. ) ;
#1260 = CARTESIAN_POINT ( 'NONE',  ( -21.05787636960106113, 29.59999999999999432, 66.65818613606688814 ) ) ;
#1261 = CARTESIAN_POINT ( 'NONE',  ( -28.54044979796698911, 29.59999999999999432, 65.63534013185690696 ) ) ;
#1262 = CARTESIAN_POINT ( 'NONE',  ( -19.28737431570898408, 29.59999999999998721, 65.30953555119604914 ) ) ;
#1263 = CARTESIAN_POINT ( 'NONE',  ( -15.18048306393897917, 29.59999999999999432, 63.14154371149026446 ) ) ;
#1264 = CARTESIAN_POINT ( 'NONE',  ( -12.14000631158393873, 29.00000000000000355, 64.50354387168299297 ) ) ;
#1265 = EDGE_CURVE ( 'NONE', #2249, #1448, #6203, .T. ) ;
#1266 = CARTESIAN_POINT ( 'NONE',  ( -32.59633790806259412, 29.59999999999999432, 64.98510921298996834 ) ) ;
#1267 = CARTESIAN_POINT ( 'NONE',  ( -15.55268624719839465, 29.59999999999999076, 62.15948746485633336 ) ) ;
#1268 = DIRECTION ( 'NONE',  ( 1.418996708365486154E-16, -1.000000000000000000, -0.000000000000000000 ) ) ;
#1269 = VERTEX_POINT ( 'NONE', #9327 ) ;
#1270 = CARTESIAN_POINT ( 'NONE',  ( -28.04009134000937209, 28.99999999999999289, 65.96448203061940774 ) ) ;
#1271 = LINE ( 'NONE', #7255, #4224 ) ;
#1272 = CARTESIAN_POINT ( 'NONE',  ( -18.81328502344721088, 29.59999999999999432, 64.74532555914380794 ) ) ;
#1273 = PLANE ( 'NONE',  #571 ) ;
#1274 = CARTESIAN_POINT ( 'NONE',  ( -12.29611306526123116, 29.60000000000000142, 65.37448389340198673 ) ) ;
#1275 = CARTESIAN_POINT ( 'NONE',  ( -19.60038253831501720, 29.00000000000000000, 62.20551655094875798 ) ) ;
#1276 = CARTESIAN_POINT ( 'NONE',  ( -2.500000000000028422, 0.5000000000000281997, 32.99999999999999289 ) ) ;
#1277 = ORIENTED_EDGE ( 'NONE', *, *, #7045, .F. ) ;
#1278 = ORIENTED_EDGE ( 'NONE', *, *, #6526, .T. ) ;
#1279 = CARTESIAN_POINT ( 'NONE',  ( -28.62079520392162735, 29.59999999999999787, 65.33171982693652069 ) ) ;
#1280 = ORIENTED_EDGE ( 'NONE', *, *, #4524, .T. ) ;
#1281 = CARTESIAN_POINT ( 'NONE',  ( -37.78864560037028753, 29.59999999999999076, 66.65818613606688814 ) ) ;
#1282 = CARTESIAN_POINT ( 'NONE',  ( -23.09352456102867635, 28.99999999999999289, 63.76036176085091256 ) ) ;
#1283 = CARTESIAN_POINT ( 'NONE',  ( -26.62380039479913663, 29.59999999999999076, 63.84523698884249399 ) ) ;
#1284 = PLANE ( 'NONE',  #3755 ) ;
#1285 = DIRECTION ( 'NONE',  ( -1.000000000000000000, 0.000000000000000000, 0.000000000000000000 ) ) ;
#1286 = CARTESIAN_POINT ( 'NONE',  ( -18.70966986192888015, 28.99999999999998224, 63.11137509095011922 ) ) ;
#1287 = LINE ( 'NONE', #2117, #3219 ) ;
#1288 = CARTESIAN_POINT ( 'NONE',  ( -17.04971018510526548, 29.59999999999999076, 65.02582819320579688 ) ) ;
#1289 = VECTOR ( 'NONE', #8604, 1000.000000000000000 ) ;
#1290 = ORIENTED_EDGE ( 'NONE', *, *, #5434, .T. ) ;
#1291 = EDGE_CURVE ( 'NONE', #1593, #8183, #458, .T. ) ;
#1292 = ADVANCED_BREP_SHAPE_REPRESENTATION ( '0PB_PSU_black_cover_v3', ( #3991, #4759 ), #2295 ) ;
#1293 = CARTESIAN_POINT ( 'NONE',  ( -29.11500501689396003, 29.59999999999998366, 62.64412418362621793 ) ) ;
#1294 = ORIENTED_EDGE ( 'NONE', *, *, #8387, .T. ) ;
#1295 = CARTESIAN_POINT ( 'NONE',  ( -15.00535161209072399, 29.60000000000000142, 64.78621502529246357 ) ) ;
#1296 = VERTEX_POINT ( 'NONE', #8559 ) ;
#1297 = CARTESIAN_POINT ( 'NONE',  ( -27.46746535101194908, 28.99999999999998934, 64.08812424167315669 ) ) ;
#1298 = VECTOR ( 'NONE', #6162, 1000.000000000000000 ) ;
#1299 = CARTESIAN_POINT ( 'NONE',  ( -102.7999999999999972, 30.49999999999994316, 13.74999999999999822 ) ) ;
#1300 = CARTESIAN_POINT ( 'NONE',  ( -12.14587472198677709, 29.00000000000001066, 65.52088750954740703 ) ) ;
#1301 = VECTOR ( 'NONE', #7442, 1000.000000000000000 ) ;
#1302 = CARTESIAN_POINT ( 'NONE',  ( -15.60595329267797737, 29.59999999999999432, 66.71587844375920895 ) ) ;
#1303 = CALENDAR_DATE ( 2024, 23, 5 ) ;
#1304 = ORIENTED_EDGE ( 'NONE', *, *, #6712, .F. ) ;
#1305 = VERTEX_POINT ( 'NONE', #1910 ) ;
#1306 = CIRCLE ( 'NONE', #1161, 1.700000000000000178 ) ;
#1307 = CARTESIAN_POINT ( 'NONE',  ( -27.50933591121822985, 29.00000000000002842, 65.31138606918777612 ) ) ;
#1308 = EDGE_CURVE ( 'NONE', #8050, #6305, #6302, .T. ) ;
#1309 = LINE ( 'NONE', #3172, #9317 ) ;
#1310 = CARTESIAN_POINT ( 'NONE',  ( -2.000000000000000000, 0.000000000000000000, 0.5000000000000281997 ) ) ;
#1311 = CARTESIAN_POINT ( 'NONE',  ( -19.45243015289111099, 29.59999999999999787, 65.15694757337566045 ) ) ;
#1312 = CARTESIAN_POINT ( 'NONE',  ( -22.61917444652413778, 29.59999999999999787, 62.15818613606689524 ) ) ;
#1313 = DIRECTION ( 'NONE',  ( -0.000000000000000000, 1.000000000000000000, -0.000000000000000000 ) ) ;
#1314 = AXIS2_PLACEMENT_3D ( 'NONE', #407, #4794, #6876 ) ;
#1315 = CARTESIAN_POINT ( 'NONE',  ( -5.000000000000000000, 28.99999999999999645, 73.00000000000000000 ) ) ;
#1316 = CARTESIAN_POINT ( 'NONE',  ( -27.75390580873137125, 28.99999999999999645, 66.68720450271963784 ) ) ;
#1317 = EDGE_CURVE ( 'NONE', #9534, #9000, #4174, .T. ) ;
#1318 = CARTESIAN_POINT ( 'NONE',  ( -2.000000000000000000, 0.5000000000000419664, 73.00000000000000000 ) ) ;
#1319 = ORIENTED_EDGE ( 'NONE', *, *, #7013, .T. ) ;
#1320 = B_SPLINE_SURFACE_WITH_KNOTS ( 'NONE', 3, 1, ( 
 ( #2463, #3753 ),
 ( #5207, #5401 ),
 ( #8241, #4527 ),
 ( #7468, #3861 ),
 ( #863, #7617 ),
 ( #1544, #4480 ),
 ( #6796, #190 ),
 ( #4629, #3808 ),
 ( #6747, #7421 ),
 ( #6069, #810 ),
 ( #5300, #3137 ),
 ( #3036, #142 ),
 ( #3089, #6025 ),
 ( #8961, #6845 ),
 ( #9010, #2360 ) ),
 .UNSPECIFIED., .F., .F., .F.,
 ( 4, 1, 1, 1, 1, 1, 1, 1, 1, 1, 1, 1, 4 ),
 ( 2, 2 ),
 ( 0.000000000000000000, 0.1168789425891936518, 0.2257848828927966900, 0.3300293635824523286, 0.4347845767395983052, 0.4896303961209848565, 0.5483216779436215216, 0.6108337112498968269, 0.6777304768539423874, 0.7492316971979291473, 0.8268884690772766444, 0.9101270386610834651, 1.000000000000000000 ),
 ( 0.000000000000000000, 1.000000000000000000 ),
 .UNSPECIFIED. ) ;
#1321 = DIRECTION ( 'NONE',  ( -1.000000000000000000, -1.390559900582610931E-16, -5.139921410301661840E-15 ) ) ;
#1322 = CARTESIAN_POINT ( 'NONE',  ( -17.04967920161296036, 29.59999999999999432, 63.85094655720960333 ) ) ;
#1323 = CARTESIAN_POINT ( 'NONE',  ( -19.26244648274381532, 29.00000000000000000, 64.30080552589375031 ) ) ;
#1324 = CARTESIAN_POINT ( 'NONE',  ( -14.47431075229395425, 29.59999999999999787, 62.76519222705402257 ) ) ;
#1325 = CARTESIAN_POINT ( 'NONE',  ( -12.62457773565985519, 29.59999999999998721, 65.07260530756093431 ) ) ;
#1326 = CARTESIAN_POINT ( 'NONE',  ( -32.59633790806259412, 28.99999999999999289, 65.73510921298995413 ) ) ;
#1327 = CARTESIAN_POINT ( 'NONE',  ( -22.37827188209730522, 29.00000000000000355, 62.94336049078565054 ) ) ;
#1328 = ORIENTED_EDGE ( 'NONE', *, *, #6895, .F. ) ;
#1329 = ORIENTED_EDGE ( 'NONE', *, *, #4082, .F. ) ;
#1330 = CARTESIAN_POINT ( 'NONE',  ( -102.0000000000000000, 28.99999999999998579, 34.75000000000000000 ) ) ;
#1331 = VERTEX_POINT ( 'NONE', #4846 ) ;
#1332 = CARTESIAN_POINT ( 'NONE',  ( -15.97645767774185188, 28.99999999999998934, 65.81174341285539242 ) ) ;
#1333 = ORIENTED_EDGE ( 'NONE', *, *, #7286, .T. ) ;
#1334 = CARTESIAN_POINT ( 'NONE',  ( -23.04015874039568956, 28.99999999999999289, 63.89224287257272294 ) ) ;
#1335 = CARTESIAN_POINT ( 'NONE',  ( -23.83558999935733880, 29.00000000000000355, 64.08802397150157049 ) ) ;
#1336 = CARTESIAN_POINT ( 'NONE',  ( -20.43557675054813316, 29.59999999999999076, 63.95093916350447216 ) ) ;
#1337 = DIRECTION ( 'NONE',  ( 0.7071067811949279802, 0.000000000000000000, -0.7071067811781671653 ) ) ;
#1338 = CARTESIAN_POINT ( 'NONE',  ( -11.82214331288064635, 29.60000000000000497, 62.20000212056064015 ) ) ;
#1339 = PLANE ( 'NONE',  #5836 ) ;
#1340 = DIRECTION ( 'NONE',  ( 0.7071067811865476838, -0.7071067811865474617, 0.000000000000000000 ) ) ;
#1341 = ORIENTED_EDGE ( 'NONE', *, *, #7200, .F. ) ;
#1342 = CARTESIAN_POINT ( 'NONE',  ( -2.000000000000000000, 0.5000000000000419664, 0.5000000000000281997 ) ) ;
#1343 = ORIENTED_EDGE ( 'NONE', *, *, #2479, .F. ) ;
#1344 = CARTESIAN_POINT ( 'NONE',  ( -2.000000000000000000, 0.000000000000000000, 21.30000000000002558 ) ) ;
#1345 = ORIENTED_EDGE ( 'NONE', *, *, #3302, .T. ) ;
#1346 = EDGE_CURVE ( 'NONE', #7026, #7659, #1230, .T. ) ;
#1347 = CARTESIAN_POINT ( 'NONE',  ( -26.59676165661656100, 28.99999999999999289, 64.48240685081077572 ) ) ;
#1348 = ADVANCED_FACE ( 'NONE', ( #2636, #2723 ), #3449, .F. ) ;
#1349 = FACE_OUTER_BOUND ( 'NONE', #7113, .T. ) ;
#1350 = AXIS2_PLACEMENT_3D ( 'NONE', #7271, #6595, #657 ) ;
#1351 = CARTESIAN_POINT ( 'NONE',  ( -29.39954863966775633, 28.99999999999998224, 65.63682640310038607 ) ) ;
#1352 = CARTESIAN_POINT ( 'NONE',  ( -2.000000000000000000, 0.000000000000000000, 0.5000000000000281997 ) ) ;
#1353 = VECTOR ( 'NONE', #540, 1000.000000000000000 ) ;
#1354 = PERSON_AND_ORGANIZATION ( #1867, #1846 ) ;
#1355 = VERTEX_POINT ( 'NONE', #3359 ) ;
#1356 = ORIENTED_EDGE ( 'NONE', *, *, #2376, .F. ) ;
#1357 = VECTOR ( 'NONE', #6719, 1000.000000000000000 ) ;
#1358 = CARTESIAN_POINT ( 'NONE',  ( -27.64004394550704902, 29.00000000000001776, 65.72412153017624803 ) ) ;
#1359 = VECTOR ( 'NONE', #2145, 1000.000000000000000 ) ;
#1360 = CARTESIAN_POINT ( 'NONE',  ( -18.86647011960105758, 29.59999999999999432, 65.79280152068227494 ) ) ;
#1361 = VECTOR ( 'NONE', #4312, 1000.000000000000000 ) ;
#1362 = CARTESIAN_POINT ( 'NONE',  ( -31.73095329267797737, 29.59999999999999432, 63.48691209760534804 ) ) ;
#1363 = DIRECTION ( 'NONE',  ( -0.000000000000000000, -0.000000000000000000, -1.000000000000000000 ) ) ;
#1364 = CARTESIAN_POINT ( 'NONE',  ( -3.689391441750265727E-15, 26.00000000000001066, 69.99999999999998579 ) ) ;
#1365 = DIRECTION ( 'NONE',  ( 1.000000000000000000, 6.938893903907222067E-15, -0.000000000000000000 ) ) ;
#1366 = CARTESIAN_POINT ( 'NONE',  ( -21.81941533041569414, 29.00000000000000000, 65.20056175677522958 ) ) ;
#1367 = CARTESIAN_POINT ( 'NONE',  ( -15.15355304011405657, 29.00000000000000000, 62.21894754577336784 ) ) ;
#1368 = VECTOR ( 'NONE', #6344, 1000.000000000000000 ) ;
#1369 = AXIS2_PLACEMENT_3D ( 'NONE', #5919, #1490, #5874 ) ;
#1370 = CARTESIAN_POINT ( 'NONE',  ( -20.33205930308020370, 28.99999999999999289, 62.69410884949884633 ) ) ;
#1371 = APPROVAL ( #4685, 'UNSPECIFIED' ) ;
#1372 = ORIENTED_EDGE ( 'NONE', *, *, #7563, .F. ) ;
#1373 = ADVANCED_FACE ( 'NONE', ( #4890 ), #1183, .T. ) ;
#1374 = CARTESIAN_POINT ( 'NONE',  ( -27.04165040806259412, 28.99999999999999645, 62.61521738606690235 ) ) ;
#1375 = CARTESIAN_POINT ( 'NONE',  ( -17.07620882272768981, 29.59999999999999787, 64.28463936587547778 ) ) ;
#1376 = VECTOR ( 'NONE', #4235, 1000.000000000000114 ) ;
#1377 = ADVANCED_FACE ( 'NONE', ( #1818 ), #1273, .T. ) ;
#1378 = CARTESIAN_POINT ( 'NONE',  ( -29.09693886960105047, 29.59999999999999432, 62.62062603991304144 ) ) ;
#1379 = CARTESIAN_POINT ( 'NONE',  ( -14.13479944652413245, 29.59999999999999432, 64.42982075145150134 ) ) ;
#1380 = DIRECTION ( 'NONE',  ( 0.000000000000000000, 0.000000000000000000, -1.000000000000000000 ) ) ;
#1381 = CARTESIAN_POINT ( 'NONE',  ( -20.51671492596465640, 29.60000000000000853, 63.13261268622176203 ) ) ;
#1382 = CARTESIAN_POINT ( 'NONE',  ( -22.05660283836218483, 29.00000000000000000, 63.42914323233811302 ) ) ;
#1383 = VERTEX_POINT ( 'NONE', #7065 ) ;
#1384 = ORIENTED_EDGE ( 'NONE', *, *, #2372, .T. ) ;
#1385 = VERTEX_POINT ( 'NONE', #3267 ) ;
#1386 = ADVANCED_FACE ( 'NONE', ( #9137 ), #9185, .T. ) ;
#1387 = CARTESIAN_POINT ( 'NONE',  ( -19.67113710872326493, 28.99999999999998934, 63.54180619720353462 ) ) ;
#1388 = ORIENTED_EDGE ( 'NONE', *, *, #8958, .T. ) ;
#1389 = CARTESIAN_POINT ( 'NONE',  ( -28.57680665806259057, 29.59999999999999432, 65.52417171298996834 ) ) ;
#1390 = CARTESIAN_POINT ( 'NONE',  ( -19.59863756581046346, 29.00000000000001066, 63.14490640561967894 ) ) ;
#1391 = B_SPLINE_CURVE_WITH_KNOTS ( 'NONE', 3,
 ( #1374, #6481, #2154, #2049, #9418, #5753, #5085, #543, #4264, #7301, #6430 ),
 .UNSPECIFIED., .F., .F.,
 ( 4, 1, 1, 1, 1, 1, 1, 1, 4 ),
 ( 0.000000000000000000, 0.1239539590100925404, 0.2446910970343257052, 0.3639282123713499795, 0.4834467610619788691, 0.6060135407011153497, 0.7313153882149173723, 0.8627627448661784326, 1.000000000000000000 ),
 .UNSPECIFIED. ) ;
#1392 = FACE_OUTER_BOUND ( 'NONE', #5439, .T. ) ;
#1393 = CARTESIAN_POINT ( 'NONE',  ( -35.30787636960106113, 28.99999999999999289, 64.69664767452843535 ) ) ;
#1394 = CARTESIAN_POINT ( 'NONE',  ( -10.84275752043354757, 29.00000000000000000, 63.18135675046035260 ) ) ;
#1395 = CARTESIAN_POINT ( 'NONE',  ( -23.94394995037343321, 29.59999999999999432, 63.81306182907632518 ) ) ;
#1396 = EDGE_CURVE ( 'NONE', #578, #5907, #1094, .T. ) ;
#1397 = CARTESIAN_POINT ( 'NONE',  ( -17.92447348596284940, 28.99999999999998934, 62.76877923128868986 ) ) ;
#1398 = EDGE_LOOP ( 'NONE', ( #8804, #7841, #3946, #8657 ) ) ;
#1399 = CARTESIAN_POINT ( 'NONE',  ( -15.02359959220163432, 29.59999999999999787, 63.78843131768208252 ) ) ;
#1400 = VERTEX_POINT ( 'NONE', #5528 ) ;
#1401 = B_SPLINE_CURVE_WITH_KNOTS ( 'NONE', 3,
 ( #2110, #7314, #1483, #4997, #2733, #5098, #1332, #9533, #8042, #7360, #3600 ),
 .UNSPECIFIED., .F., .F.,
 ( 4, 1, 1, 1, 1, 1, 1, 1, 4 ),
 ( 0.000000000000000000, 0.1124239580708059627, 0.2223848576202812066, 0.3301224058542410744, 0.4412431684841658375, 0.5580749755162367487, 0.6869486147035350765, 0.8340326972108738079, 1.000000000000000000 ),
 .UNSPECIFIED. ) ;
#1402 = CARTESIAN_POINT ( 'NONE',  ( -20.53864560037029108, 29.59999999999999432, 66.65818613606688814 ) ) ;
#1403 = VERTEX_POINT ( 'NONE', #8466 ) ;
#1404 = DIRECTION ( 'NONE',  ( -1.003382194966612173E-16, 0.7071067811865383579, 0.7071067811865567876 ) ) ;
#1405 = CARTESIAN_POINT ( 'NONE',  ( -8.513980250192917173E-17, 29.59999999999999432, 0.000000000000000000 ) ) ;
#1406 = CARTESIAN_POINT ( 'NONE',  ( -26.59633790806259412, 29.59999999999999787, 64.42982075145151555 ) ) ;
#1407 = CARTESIAN_POINT ( 'NONE',  ( -11.94339319652413067, 28.99999999999999645, 65.79280152068227494 ) ) ;
#1408 = DIRECTION ( 'NONE',  ( 0.000000000000000000, -1.000000000000000000, 0.000000000000000000 ) ) ;
#1409 = ORIENTED_EDGE ( 'NONE', *, *, #3443, .T. ) ;
#1410 = ORIENTED_EDGE ( 'NONE', *, *, #6814, .T. ) ;
#1411 = EDGE_CURVE ( 'NONE', #2611, #1895, #1869, .T. ) ;
#1412 = B_SPLINE_SURFACE_WITH_KNOTS ( 'NONE', 3, 1, ( 
 ( #698, #5037 ),
 ( #4365, #8703 ),
 ( #1232, #5811 ),
 ( #7208, #7259 ),
 ( #5091, #1275 ),
 ( #6486, #8036 ),
 ( #9329, #4219 ),
 ( #1430, #5137 ),
 ( #7156, #4176 ),
 ( #549, #6389 ),
 ( #2725, #8610 ),
 ( #2104, #5759 ),
 ( #3498, #7987 ),
 ( #2008, #6437 ),
 ( #9377, #2873 ),
 ( #1381, #6533 ),
 ( #2774, #8755 ),
 ( #647, #5715 ),
 ( #9473, #2054 ) ),
 .UNSPECIFIED., .F., .F., .F.,
 ( 4, 1, 1, 1, 1, 1, 1, 1, 1, 1, 1, 1, 1, 1, 1, 1, 4 ),
 ( 2, 2 ),
 ( 0.000000000000000000, 0.07565134293790636011, 0.1473404888250151035, 0.2160248263225418852, 0.2816200141458384265, 0.3453641986564539024, 0.4073727453696224798, 0.4687154605609666347, 0.5297496088297301009, 0.5899834890207037441, 0.6485598865702446592, 0.7061808522038772740, 0.7631228146666982903, 0.8204415301492683499, 0.8785129214234909112, 0.9382431650142797341, 1.000000000000000000 ),
 ( 0.000000000000000000, 1.000000000000000000 ),
 .UNSPECIFIED. ) ;
#1413 = CARTESIAN_POINT ( 'NONE',  ( -27.98595647783000828, 29.00000000000001066, 65.96172314411873572 ) ) ;
#1414 = CARTESIAN_POINT ( 'NONE',  ( -14.21999785853109088, 28.99999999999999289, 63.46326474830356545 ) ) ;
#1415 = CARTESIAN_POINT ( 'NONE',  ( -20.51447240284513285, 29.59999999999999076, 63.67257558265118433 ) ) ;
#1416 = CARTESIAN_POINT ( 'NONE',  ( -19.50198694652413423, 29.59999999999999432, 64.01876305914380794 ) ) ;
#1417 = CARTESIAN_POINT ( 'NONE',  ( -15.44488309853125152, 28.99999999999998934, 62.93076356351276246 ) ) ;
#1418 = CARTESIAN_POINT ( 'NONE',  ( -13.61556867729336062, 28.99999999999999289, 65.79280152068227494 ) ) ;
#1419 = CARTESIAN_POINT ( 'NONE',  ( -18.12389837823795347, 29.59999999999999432, 65.46604350304562558 ) ) ;
#1420 = CARTESIAN_POINT ( 'NONE',  ( -12.48448987681585187, 28.99999999999999645, 64.14053963481319443 ) ) ;
#1421 = ADVANCED_FACE ( 'NONE', ( #7020 ), #6630, .T. ) ;
#1422 = CARTESIAN_POINT ( 'NONE',  ( -28.37727719678792937, 29.00000000000000711, 62.18432041989996861 ) ) ;
#1423 = VERTEX_POINT ( 'NONE', #2052 ) ;
#1424 = EDGE_CURVE ( 'NONE', #1974, #9233, #5506, .T. ) ;
#1425 = CARTESIAN_POINT ( 'NONE',  ( -22.53049010660216567, 28.99999999999999645, 65.52088750954737861 ) ) ;
#1426 = CARTESIAN_POINT ( 'NONE',  ( -16.63540040806259412, 29.59999999999999787, 62.62062603991305565 ) ) ;
#1427 = CARTESIAN_POINT ( 'NONE',  ( -16.14668132596186467, 29.59999999999999076, 63.47048614361147401 ) ) ;
#1428 = CARTESIAN_POINT ( 'NONE',  ( -27.83380351170528755, 29.59999999999999432, 65.91273674241438130 ) ) ;
#1429 = CARTESIAN_POINT ( 'NONE',  ( -29.53864560037028753, 29.59999999999999787, 64.43883517452844956 ) ) ;
#1430 = CARTESIAN_POINT ( 'NONE',  ( -19.96965195554107098, 29.60000000000000142, 62.35348029611564158 ) ) ;
#1431 = CARTESIAN_POINT ( 'NONE',  ( -22.14082179254202742, 29.00000000000000711, 63.16216302194818866 ) ) ;
#1432 = VERTEX_POINT ( 'NONE', #5089 ) ;
#1433 = EDGE_CURVE ( 'NONE', #8281, #9076, #4268, .T. ) ;
#1434 = ORIENTED_EDGE ( 'NONE', *, *, #2890, .F. ) ;
#1435 = EDGE_CURVE ( 'NONE', #7016, #3132, #3005, .T. ) ;
#1436 = ORIENTED_EDGE ( 'NONE', *, *, #4474, .T. ) ;
#1437 = CARTESIAN_POINT ( 'NONE',  ( -24.00018406190875453, 28.99999999999999289, 65.79280152068227494 ) ) ;
#1438 = DIRECTION ( 'NONE',  ( -1.000000000000000000, 0.000000000000000000, 0.000000000000000000 ) ) ;
#1439 = CARTESIAN_POINT ( 'NONE',  ( -19.64238171284550560, 28.99999999999997868, 63.24896894619977417 ) ) ;
#1440 = LINE ( 'NONE', #8767, #9143 ) ;
#1441 = LINE ( 'NONE', #4375, #5658 ) ;
#1442 = CARTESIAN_POINT ( 'NONE',  ( -12.23455906190874387, 29.00000000000000711, 62.15818613606688814 ) ) ;
#1443 = CARTESIAN_POINT ( 'NONE',  ( -24.00018406190875453, 29.59999999999999432, 63.38234478991304144 ) ) ;
#1444 = DIRECTION ( 'NONE',  ( 0.000000000000000000, -1.000000000000000000, 0.000000000000000000 ) ) ;
#1445 = ORIENTED_EDGE ( 'NONE', *, *, #8393, .F. ) ;
#1446 = EDGE_CURVE ( 'NONE', #3040, #649, #8800, .T. ) ;
#1447 = CARTESIAN_POINT ( 'NONE',  ( -23.13479944652413778, 28.99999999999999289, 63.49863084760534804 ) ) ;
#1448 = VERTEX_POINT ( 'NONE', #8077 ) ;
#1449 = PLANE ( 'NONE',  #8284 ) ;
#1450 = VERTEX_POINT ( 'NONE', #5713 ) ;
#1451 = CARTESIAN_POINT ( 'NONE',  ( -35.30787636960106113, 29.59999999999999432, 65.44664767452843535 ) ) ;
#1452 = CARTESIAN_POINT ( 'NONE',  ( -22.31931551026398708, 28.99999999999998934, 64.70237932490226740 ) ) ;
#1453 = CARTESIAN_POINT ( 'NONE',  ( -29.09333310037028397, 28.99999999999998579, 66.25884719375919474 ) ) ;
#1454 = LINE ( 'NONE', #4391, #1529 ) ;
#1455 = CARTESIAN_POINT ( 'NONE',  ( -22.27482348498567433, 29.59999999999999432, 64.74532555914380794 ) ) ;
#1456 = ADVANCED_FACE ( 'NONE', ( #645 ), #2964, .T. ) ;
#1457 = ORIENTED_EDGE ( 'NONE', *, *, #720, .T. ) ;
#1458 = ORIENTED_EDGE ( 'NONE', *, *, #71, .F. ) ;
#1459 = CARTESIAN_POINT ( 'NONE',  ( -3.000000000000000000, 31.00000000000000000, 72.49999999999995737 ) ) ;
#1460 = AXIS2_PLACEMENT_3D ( 'NONE', #7590, #8354, #447 ) ;
#1461 = CARTESIAN_POINT ( 'NONE',  ( -22.92216177361661877, 29.60000000000000142, 62.17732647703378746 ) ) ;
#1462 = AXIS2_PLACEMENT_3D ( 'NONE', #2574, #9079, #5463 ) ;
#1463 = CARTESIAN_POINT ( 'NONE',  ( -17.07680881839808507, 29.59999999999999787, 64.49082526223060086 ) ) ;
#1464 = EDGE_CURVE ( 'NONE', #7638, #7069, #5904, .T. ) ;
#1465 = CARTESIAN_POINT ( 'NONE',  ( -15.37026827887001623, 29.59999999999999432, 62.96026778614352537 ) ) ;
#1466 = CARTESIAN_POINT ( 'NONE',  ( -15.55207715434201532, 28.99999999999999645, 66.71432856657520460 ) ) ;
#1467 = LINE ( 'NONE', #5172, #3222 ) ;
#1468 = CARTESIAN_POINT ( 'NONE',  ( -22.11122502745706342, 29.60000000000000853, 64.90261414171138199 ) ) ;
#1469 = AXIS2_PLACEMENT_3D ( 'NONE', #3710, #809, #3752 ) ;
#1470 = CARTESIAN_POINT ( 'NONE',  ( -28.37309676805554659, 29.59999999999999432, 65.87081720487880432 ) ) ;
#1471 = ORIENTED_EDGE ( 'NONE', *, *, #6557, .F. ) ;
#1472 = VECTOR ( 'NONE', #7676, 1000.000000000000000 ) ;
#1473 = EDGE_CURVE ( 'NONE', #7275, #1269, #5809, .T. ) ;
#1474 = CARTESIAN_POINT ( 'NONE',  ( -35.98265316470860853, 28.99999999999998934, 64.11752169028821413 ) ) ;
#1475 = CARTESIAN_POINT ( 'NONE',  ( -28.51968542179373856, 29.59999999999999432, 66.65534655642171913 ) ) ;
#1476 = EDGE_CURVE ( 'NONE', #6874, #5922, #8173, .T. ) ;
#1477 = CARTESIAN_POINT ( 'NONE',  ( -19.16883119047938777, 28.99999999999998579, 64.39623799480501987 ) ) ;
#1478 = CARTESIAN_POINT ( 'NONE',  ( -14.34306691004332279, 29.59999999999999432, 63.03068880420723019 ) ) ;
#1479 = CARTESIAN_POINT ( 'NONE',  ( -22.28436262534599166, 28.99999999999998934, 62.99543834603618819 ) ) ;
#1480 = CARTESIAN_POINT ( 'NONE',  ( -15.06367433832650882, 29.60000000000000853, 65.40564930723076031 ) ) ;
#1481 = ORIENTED_EDGE ( 'NONE', *, *, #4062, .F. ) ;
#1482 = ORIENTED_EDGE ( 'NONE', *, *, #6915, .F. ) ;
#1483 = CARTESIAN_POINT ( 'NONE',  ( -15.68767292861909368, 28.99999999999998934, 65.96213373037441841 ) ) ;
#1484 = VERTEX_POINT ( 'NONE', #837 ) ;
#1485 = CARTESIAN_POINT ( 'NONE',  ( -15.68767292861909368, 29.59999999999999076, 65.96213373037441841 ) ) ;
#1486 = CARTESIAN_POINT ( 'NONE',  ( -20.29873262373430975, 29.59999999999999076, 64.22769580576583337 ) ) ;
#1487 = LINE ( 'NONE', #2933, #1665 ) ;
#1488 = CARTESIAN_POINT ( 'NONE',  ( -102.7999999999999972, 28.99999999999998579, 55.75000000000000711 ) ) ;
#1489 = FACE_OUTER_BOUND ( 'NONE', #8794, .T. ) ;
#1490 = DIRECTION ( 'NONE',  ( 0.7071067811949289794, -0.3535533905890828610, -0.6123724356885360542 ) ) ;
#1491 = ORIENTED_EDGE ( 'NONE', *, *, #6088, .T. ) ;
#1492 = VERTEX_POINT ( 'NONE', #65 ) ;
#1493 = CARTESIAN_POINT ( 'NONE',  ( -32.59633790806259412, 29.59999999999999432, 62.21587844375919474 ) ) ;
#1494 = ORIENTED_EDGE ( 'NONE', *, *, #3128, .F. ) ;
#1495 = PLANE ( 'NONE',  #2085 ) ;
#1496 = EDGE_CURVE ( 'NONE', #2402, #7368, #7130, .T. ) ;
#1497 = CARTESIAN_POINT ( 'NONE',  ( -16.11526819652413067, 29.59999999999999432, 65.52417171298996834 ) ) ;
#1498 = CARTESIAN_POINT ( 'NONE',  ( -11.94339319652413067, 29.00000000000000355, 65.79280152068227494 ) ) ;
#1499 = DIRECTION ( 'NONE',  ( -0.7071067811865476838, 0.7071067811865474617, 0.000000000000000000 ) ) ;
#1500 = CARTESIAN_POINT ( 'NONE',  ( -22.82374331971769976, 28.99999999999999289, 62.94188646835033296 ) ) ;
#1501 = ORIENTED_EDGE ( 'NONE', *, *, #4733, .F. ) ;
#1502 = ORIENTED_EDGE ( 'NONE', *, *, #8648, .T. ) ;
#1503 = LINE ( 'NONE', #9016, #2743 ) ;
#1504 = CARTESIAN_POINT ( 'NONE',  ( -22.17120832346734716, 29.59999999999998010, 63.11137509095011922 ) ) ;
#1505 = VECTOR ( 'NONE', #7503, 1000.000000000000000 ) ;
#1506 = CARTESIAN_POINT ( 'NONE',  ( -23.95150619660182656, 29.60000000000000497, 63.01430761348149190 ) ) ;
#1507 = CARTESIAN_POINT ( 'NONE',  ( 0.4482672825156038265, -3.345912547438175011, 30.25173271747372894 ) ) ;
#1508 = VECTOR ( 'NONE', #7809, 1000.000000000000000 ) ;
#1509 = CARTESIAN_POINT ( 'NONE',  ( -23.43119041707952377, 29.59999999999999432, 62.35348029611563447 ) ) ;
#1510 = PLANE ( 'NONE',  #3667 ) ;
#1511 = CARTESIAN_POINT ( 'NONE',  ( -102.7999999999999972, 30.49999999999994316, 72.49999999999995737 ) ) ;
#1512 = CARTESIAN_POINT ( 'NONE',  ( -26.63526245813586613, 28.99999999999999289, 65.15417688458137491 ) ) ;
#1513 = ADVANCED_FACE ( 'NONE', ( #3781 ), #6096, .F. ) ;
#1514 = AXIS2_PLACEMENT_3D ( 'NONE', #4835, #6290, #4069 ) ;
#1515 = VECTOR ( 'NONE', #2556, 1000.000000000000000 ) ;
#1516 = CARTESIAN_POINT ( 'NONE',  ( 0.000000000000000000, 0.000000000000000000, 0.5000000000000281997 ) ) ;
#1517 = ORIENTED_EDGE ( 'NONE', *, *, #8097, .F. ) ;
#1518 = CARTESIAN_POINT ( 'NONE',  ( -16.12312366653454276, 29.59999999999999432, 65.49510732829479309 ) ) ;
#1519 = CARTESIAN_POINT ( 'NONE',  ( -28.64989942450677063, 29.59999999999999787, 65.08804284434786780 ) ) ;
#1520 = DIRECTION ( 'NONE',  ( 0.000000000000000000, 0.000000000000000000, -1.000000000000000000 ) ) ;
#1521 = CARTESIAN_POINT ( 'NONE',  ( -27.64004394550704902, 29.59999999999999076, 65.72412153017624803 ) ) ;
#1522 = DIRECTION ( 'NONE',  ( 0.000000000000000000, 0.000000000000000000, -1.000000000000000000 ) ) ;
#1523 = VECTOR ( 'NONE', #163, 1000.000000000000000 ) ;
#1524 = DIRECTION ( 'NONE',  ( 0.7071067811865573427, 0.000000000000000000, -0.7071067811865378028 ) ) ;
#1525 = AXIS2_PLACEMENT_3D ( 'NONE', #3756, #6698, #8194 ) ;
#1526 = VERTEX_POINT ( 'NONE', #259 ) ;
#1527 = EDGE_CURVE ( 'NONE', #4722, #8696, #1714, .T. ) ;
#1528 = VERTEX_POINT ( 'NONE', #3733 ) ;
#1529 = VECTOR ( 'NONE', #1499, 1000.000000000000000 ) ;
#1530 = CARTESIAN_POINT ( 'NONE',  ( -10.93746065371080789, 29.59999999999998366, 65.83850817306097269 ) ) ;
#1531 = DIRECTION ( 'NONE',  ( -1.000000000000000000, -1.390559900582610931E-16, 0.000000000000000000 ) ) ;
#1532 = CARTESIAN_POINT ( 'NONE',  ( -2.000000000000000000, 0.5000000000000419664, 0.5000000000000281997 ) ) ;
#1533 = CARTESIAN_POINT ( 'NONE',  ( -23.56388598498567433, 28.99999999999999289, 64.51095055914380794 ) ) ;
#1534 = PLANE ( 'NONE',  #4120 ) ;
#1535 = CARTESIAN_POINT ( 'NONE',  ( -3.000000000000000000, 31.00000000000000000, 72.49999999999997158 ) ) ;
#1536 = CARTESIAN_POINT ( 'NONE',  ( -17.07710713883182763, 29.59999999999999787, 64.43883517452844956 ) ) ;
#1537 = LINE ( 'NONE', #5963, #5377 ) ;
#1538 = EDGE_LOOP ( 'NONE', ( #2343, #4921, #4291, #1791 ) ) ;
#1539 = ORIENTED_EDGE ( 'NONE', *, *, #1433, .T. ) ;
#1540 = CARTESIAN_POINT ( 'NONE',  ( -17.80846246134569100, 28.99999999999999645, 63.03125137803056077 ) ) ;
#1541 = ORIENTED_EDGE ( 'NONE', *, *, #9476, .F. ) ;
#1542 = CARTESIAN_POINT ( 'NONE',  ( -16.12312366653454276, 28.99999999999999289, 65.49510732829479309 ) ) ;
#1543 = CARTESIAN_POINT ( 'NONE',  ( -15.84107550938551512, 29.59999999999999787, 65.91328158246395219 ) ) ;
#1544 = CARTESIAN_POINT ( 'NONE',  ( -11.83210207455443630, 29.60000000000000853, 63.05376029987495912 ) ) ;
#1545 = CARTESIAN_POINT ( 'NONE',  ( -13.13630896189126673, 29.59999999999999432, 64.56514916011086314 ) ) ;
#1546 = CARTESIAN_POINT ( 'NONE',  ( -22.86910526143124756, 29.59999999999999432, 64.14053963481318021 ) ) ;
#1547 = ORIENTED_EDGE ( 'NONE', *, *, #4417, .F. ) ;
#1548 = ORIENTED_EDGE ( 'NONE', *, *, #1084, .F. ) ;
#1549 = DIRECTION ( 'NONE',  ( -1.000000000000000000, -1.418996708365486401E-16, 0.000000000000000000 ) ) ;
#1550 = CARTESIAN_POINT ( 'NONE',  ( -29.19914098288634463, 29.59999999999999787, 66.10887531149904817 ) ) ;
#1551 = EDGE_CURVE ( 'NONE', #8564, #8196, #4651, .T. ) ;
#1552 = CARTESIAN_POINT ( 'NONE',  ( -14.13567579167733612, 28.99999999999998934, 64.27682564762334039 ) ) ;
#1553 = CARTESIAN_POINT ( 'NONE',  ( -16.63179463883182407, 29.59999999999999432, 66.25884719375919474 ) ) ;
#1554 = LINE ( 'NONE', #4541, #5662 ) ;
#1555 = DIRECTION ( 'NONE',  ( 0.000000000000000000, -1.000000000000000000, 0.000000000000000000 ) ) ;
#1556 = ADVANCED_FACE ( 'NONE', ( #213 ), #6049, .T. ) ;
#1557 = FACE_OUTER_BOUND ( 'NONE', #7696, .T. ) ;
#1558 = CARTESIAN_POINT ( 'NONE',  ( -36.18350726503718562, 29.00000000000000000, 63.14875889203430859 ) ) ;
#1559 = ORIENTED_EDGE ( 'NONE', *, *, #9046, .T. ) ;
#1560 = EDGE_CURVE ( 'NONE', #4724, #5768, #8266, .T. ) ;
#1561 = CARTESIAN_POINT ( 'NONE',  ( -104.9999999999999716, 28.99999999999998579, 13.74999999999999822 ) ) ;
#1562 = ORIENTED_EDGE ( 'NONE', *, *, #726, .F. ) ;
#1563 = FACE_OUTER_BOUND ( 'NONE', #4084, .T. ) ;
#1564 = CARTESIAN_POINT ( 'NONE',  ( -16.12166365731218676, 28.99999999999998579, 63.36818977559248367 ) ) ;
#1565 = DIRECTION ( 'NONE',  ( 0.000000000000000000, -1.000000000000000000, 0.000000000000000000 ) ) ;
#1566 = DIRECTION ( 'NONE',  ( -0.6947465905983458700, -0.1861567878995195602, -0.6947465906148138082 ) ) ;
#1567 = CARTESIAN_POINT ( 'NONE',  ( -14.27439850438462443, 28.99999999999999289, 63.23624435480181205 ) ) ;
#1568 = CARTESIAN_POINT ( 'NONE',  ( -22.82374331971769976, 28.99999999999998934, 62.94188646835033296 ) ) ;
#1569 = DIRECTION ( 'NONE',  ( 1.000000000000000000, 0.000000000000000000, -0.000000000000000000 ) ) ;
#1570 = VERTEX_POINT ( 'NONE', #6149 ) ;
#1571 = ORIENTED_EDGE ( 'NONE', *, *, #6328, .F. ) ;
#1572 = CARTESIAN_POINT ( 'NONE',  ( -12.14000631158393873, 29.60000000000000853, 64.50354387168299297 ) ) ;
#1573 = CARTESIAN_POINT ( 'NONE',  ( -20.29873262373430975, 28.99999999999998934, 64.22769580576583337 ) ) ;
#1574 = CARTESIAN_POINT ( 'NONE',  ( -28.58320211885064666, 29.59999999999999432, 63.36818977559248367 ) ) ;
#1575 = CARTESIAN_POINT ( 'NONE',  ( -23.41422897424691385, 29.59999999999999432, 64.68424159767958770 ) ) ;
#1576 = CARTESIAN_POINT ( 'NONE',  ( -15.57819744485424707, 29.60000000000000142, 62.90937978192581426 ) ) ;
#1577 = CARTESIAN_POINT ( 'NONE',  ( -29.53864560037028753, 28.99999999999999645, 64.43883517452844956 ) ) ;
#1578 = CARTESIAN_POINT ( 'NONE',  ( -17.07024861573748709, 28.99999999999999289, 64.13439342316210912 ) ) ;
#1579 = CARTESIAN_POINT ( 'NONE',  ( -10.84275752043354757, 29.59999999999998721, 63.18135675046035260 ) ) ;
#1580 = ORIENTED_EDGE ( 'NONE', *, *, #5176, .F. ) ;
#1581 = ORIENTED_EDGE ( 'NONE', *, *, #5303, .F. ) ;
#1582 = CARTESIAN_POINT ( 'NONE',  ( -15.23609514263817033, 28.99999999999999289, 65.80926924103962961 ) ) ;
#1583 = ORIENTED_EDGE ( 'NONE', *, *, #8449, .F. ) ;
#1584 = B_SPLINE_CURVE_WITH_KNOTS ( 'NONE', 3,
 ( #8968, #8300, #3762, #3196, #9018, #5309, #7429, #1596, #4585, #6852, #2367 ),
 .UNSPECIFIED., .F., .F.,
 ( 4, 1, 1, 1, 1, 1, 1, 1, 4 ),
 ( 0.000000000000000000, 0.1191872499897266846, 0.2364492136138232059, 0.3526964175350920661, 0.4691294060866678106, 0.5898117834426045425, 0.7176139690473988253, 0.8546066610398614927, 1.000000000000000000 ),
 .UNSPECIFIED. ) ;
#1585 = CARTESIAN_POINT ( 'NONE',  ( -12.67730561523808674, 29.00000000000000000, 62.20551655094875798 ) ) ;
#1586 = CARTESIAN_POINT ( 'NONE',  ( -98.79999999999999716, 0.5000000000000281997, 72.49999999999995737 ) ) ;
#1587 = CARTESIAN_POINT ( 'NONE',  ( -29.94249175421643372, 29.59999999999999432, 64.98781353991303433 ) ) ;
#1588 = FACE_OUTER_BOUND ( 'NONE', #3032, .T. ) ;
#1589 = CARTESIAN_POINT ( 'NONE',  ( -12.52935322981418764, 29.59999999999999432, 65.15694757337564624 ) ) ;
#1590 = ADVANCED_FACE ( 'NONE', ( #5232 ), #1663, .T. ) ;
#1591 = CARTESIAN_POINT ( 'NONE',  ( -22.71633722742665640, 29.59999999999999076, 62.91361374662000827 ) ) ;
#1592 = VERTEX_POINT ( 'NONE', #5421 ) ;
#1593 = VERTEX_POINT ( 'NONE', #2487 ) ;
#1594 = CARTESIAN_POINT ( 'NONE',  ( -105.5000000000000000, 29.50000000000001066, 55.74999999999999289 ) ) ;
#1595 = ORIENTED_EDGE ( 'NONE', *, *, #3167, .T. ) ;
#1596 = CARTESIAN_POINT ( 'NONE',  ( -13.37565570065738108, 29.59999999999999076, 64.22769580576583337 ) ) ;
#1597 = CARTESIAN_POINT ( 'NONE',  ( -28.67215437417698354, 28.99999999999998934, 64.61824972900920727 ) ) ;
#1598 = CARTESIAN_POINT ( 'NONE',  ( -16.78463085123622633, 29.59999999999999787, 66.02583594461079031 ) ) ;
#1599 = CARTESIAN_POINT ( 'NONE',  ( -23.97825338750310209, 29.59999999999998721, 63.13261268622171229 ) ) ;
#1600 = DIRECTION ( 'NONE',  ( 1.000000000000000000, 0.000000000000000000, -0.000000000000000000 ) ) ;
#1601 = CARTESIAN_POINT ( 'NONE',  ( -12.74860897024940165, 28.99999999999998934, 63.45371195238224971 ) ) ;
#1602 = CARTESIAN_POINT ( 'NONE',  ( -27.01530404655569839, 29.00000000000000711, 66.23566135985346648 ) ) ;
#1603 = EDGE_LOOP ( 'NONE', ( #9242, #5274, #2084, #1122 ) ) ;
#1604 = EDGE_CURVE ( 'NONE', #2340, #1331, #887, .T. ) ;
#1605 = AXIS2_PLACEMENT_3D ( 'NONE', #4032, #360, #9182 ) ;
#1606 = VECTOR ( 'NONE', #3255, 1000.000000000000000 ) ;
#1607 = CARTESIAN_POINT ( 'NONE',  ( -28.67176873631333578, 29.59999999999999787, 64.26004090919407474 ) ) ;
#1608 = ORIENTED_EDGE ( 'NONE', *, *, #7123, .T. ) ;
#1609 = FACE_OUTER_BOUND ( 'NONE', #953, .T. ) ;
#1610 = CARTESIAN_POINT ( 'NONE',  ( -16.20740411559836858, 29.59999999999999787, 64.09109810724281431 ) ) ;
#1611 = FACE_OUTER_BOUND ( 'NONE', #3738, .T. ) ;
#1612 = VECTOR ( 'NONE', #5727, 1000.000000000000000 ) ;
#1613 = EDGE_CURVE ( 'NONE', #3788, #1403, #8359, .T. ) ;
#1614 = LINE ( 'NONE', #7592, #2908 ) ;
#1615 = DIRECTION ( 'NONE',  ( -0.000000000000000000, 0.7071067811865573427, -0.7071067811865378028 ) ) ;
#1616 = CARTESIAN_POINT ( 'NONE',  ( -22.48608408376632539, 28.99999999999999645, 62.91341316413078033 ) ) ;
#1617 = LINE ( 'NONE', #4505, #4446 ) ;
#1618 = EDGE_LOOP ( 'NONE', ( #7325, #418, #6124 ) ) ;
#1619 = CARTESIAN_POINT ( 'NONE',  ( -20.53864560037029108, 29.59999999999999432, 66.65818613606688814 ) ) ;
#1620 = VECTOR ( 'NONE', #5628, 1000.000000000000000 ) ;
#1621 = VERTEX_POINT ( 'NONE', #3063 ) ;
#1622 = CARTESIAN_POINT ( 'NONE',  ( -11.43479994580029668, 29.00000000000001066, 65.20056175677521537 ) ) ;
#1623 = CARTESIAN_POINT ( 'NONE',  ( -102.7999999999999972, 30.99999999999998579, 0.5000000000000281997 ) ) ;
#1624 = CARTESIAN_POINT ( 'NONE',  ( -36.52620118848235364, 29.59999999999998721, 62.91352956183765599 ) ) ;
#1625 = CARTESIAN_POINT ( 'NONE',  ( -14.87715639471863049, 29.60000000000000497, 66.52229636236152999 ) ) ;
#1626 = DIRECTION ( 'NONE',  ( -0.7071067811865573427, -0.000000000000000000, 0.7071067811865378028 ) ) ;
#1627 = CARTESIAN_POINT ( 'NONE',  ( -3.000000000000043965, -6.599999999999933920, 20.79999999999999716 ) ) ;
#1628 = FACE_OUTER_BOUND ( 'NONE', #8628, .T. ) ;
#1629 = ADVANCED_FACE ( 'NONE', ( #6002 ), #8938, .F. ) ;
#1630 = ORIENTED_EDGE ( 'NONE', *, *, #8969, .T. ) ;
#1631 = VERTEX_POINT ( 'NONE', #6965 ) ;
#1632 = CARTESIAN_POINT ( 'NONE',  ( -17.99922362691519595, 29.00000000000001776, 62.65746189122120313 ) ) ;
#1633 = EDGE_LOOP ( 'NONE', ( #5534, #9544, #8151, #2731 ) ) ;
#1634 = B_SPLINE_CURVE_WITH_KNOTS ( 'NONE', 1,
 ( #7188, #3938 ),
 .UNSPECIFIED., .F., .F.,
 ( 2, 2 ),
 ( 0.000000000000000000, 0.002236067977499924756 ),
 .UNSPECIFIED. ) ;
#1635 = LINE ( 'NONE', #4523, #7929 ) ;
#1636 = CARTESIAN_POINT ( 'NONE',  ( -29.09333310037028397, 28.99999999999999289, 66.25884719375919474 ) ) ;
#1637 = CARTESIAN_POINT ( 'NONE',  ( -21.22737290504894503, 29.60000000000000142, 63.18135675046038102 ) ) ;
#1638 = CARTESIAN_POINT ( 'NONE',  ( -26.84588064387513029, 28.99999999999999289, 62.93702703193127235 ) ) ;
#1639 = DIRECTION ( 'NONE',  ( -1.000000000000000000, -1.390559900582610931E-16, 0.000000000000000000 ) ) ;
#1640 = CARTESIAN_POINT ( 'NONE',  ( -19.25479876588819295, 29.59999999999999787, 62.91361374662002248 ) ) ;
#1641 = ORIENTED_EDGE ( 'NONE', *, *, #3302, .F. ) ;
#1642 = ORIENTED_EDGE ( 'NONE', *, *, #9323, .F. ) ;
#1643 = CARTESIAN_POINT ( 'NONE',  ( -28.06749175421643727, 29.59999999999999432, 65.96587844375919474 ) ) ;
#1644 = EDGE_CURVE ( 'NONE', #6166, #5877, #3349, .T. ) ;
#1645 = ORIENTED_EDGE ( 'NONE', *, *, #5508, .F. ) ;
#1646 = B_SPLINE_SURFACE_WITH_KNOTS ( 'NONE', 3, 1, ( 
 ( #2753, #5788 ),
 ( #8680, #2131 ),
 ( #7237, #8634 ),
 ( #3478, #527 ),
 ( #7285, #7961 ),
 ( #573, #5646 ),
 ( #5071, #6464 ),
 ( #8014, #3529 ),
 ( #2659, #627 ),
 ( #5696, #6367 ),
 ( #2082, #1254 ) ),
 .UNSPECIFIED., .F., .F., .F.,
 ( 4, 1, 1, 1, 1, 1, 1, 1, 4 ),
 ( 2, 2 ),
 ( 0.000000000000000000, 0.08264302873409720696, 0.1768120489030449438, 0.2826378891715876085, 0.4012643114922822551, 0.5319943041057140221, 0.6757009869892213194, 0.8316860103007768235, 0.9999999999999998890 ),
 ( 0.000000000000000000, 1.000000000000000000 ),
 .UNSPECIFIED. ) ;
#1647 = CARTESIAN_POINT ( 'NONE',  ( -29.45386954537086410, 29.59999999999999787, 65.40916249111533887 ) ) ;
#1648 = ADVANCED_FACE ( 'NONE', ( #4742 ), #4697, .T. ) ;
#1649 = CARTESIAN_POINT ( 'NONE',  ( -6.781088913245540972, 3.915063509461043534, 32.99999999999999289 ) ) ;
#1650 = CARTESIAN_POINT ( 'NONE',  ( -2.500000000000028422, 0.000000000000000000, 32.99999999999999289 ) ) ;
#1651 = CARTESIAN_POINT ( 'NONE',  ( -22.67149696965403649, 29.00000000000000711, 62.15919151790432551 ) ) ;
#1652 = CARTESIAN_POINT ( 'NONE',  ( -14.17372399659741156, 28.99999999999999645, 65.15417688458137491 ) ) ;
#1653 = CARTESIAN_POINT ( 'NONE',  ( -12.71930478976858048, 29.00000000000000355, 63.24896894619978838 ) ) ;
#1654 = CARTESIAN_POINT ( 'NONE',  ( -21.23249495232140305, 29.59999999999998366, 66.00964228596717476 ) ) ;
#1655 = B_SPLINE_SURFACE_WITH_KNOTS ( 'NONE', 3, 1, ( 
 ( #3158, #443 ),
 ( #4782, #5649 ),
 ( #2755, #7819 ),
 ( #6329, #6282 ),
 ( #7868, #350 ),
 ( #1216, #1078 ),
 ( #530, #8451 ),
 ( #5698, #1854 ),
 ( #7047, #9311 ),
 ( #8541, #4874 ),
 ( #1801, #6415 ) ),
 .UNSPECIFIED., .F., .F., .F.,
 ( 4, 1, 1, 1, 1, 1, 1, 1, 4 ),
 ( 2, 2 ),
 ( 0.000000000000000000, 0.1239584095619896825, 0.2446998826385557990, 0.3639412791697725913, 0.4841523681817037073, 0.6059993946649747665, 0.7313057411264476393, 0.8627578173791412564, 1.000000000000000000 ),
 ( 0.000000000000000000, 1.000000000000000000 ),
 .UNSPECIFIED. ) ;
#1656 = VERTEX_POINT ( 'NONE', #3300 ) ;
#1657 = DIRECTION ( 'NONE',  ( 0.000000000000000000, -0.4999999999999998335, -0.8660254037844388186 ) ) ;
#1658 = ORIENTED_EDGE ( 'NONE', *, *, #8971, .T. ) ;
#1659 = FACE_OUTER_BOUND ( 'NONE', #5189, .T. ) ;
#1660 = CARTESIAN_POINT ( 'NONE',  ( -16.12166365731218676, 29.59999999999999432, 63.36818977559248367 ) ) ;
#1661 = CARTESIAN_POINT ( 'NONE',  ( 0.000000000000000000, 0.5000000000000281997, 73.00000000000000000 ) ) ;
#1662 = LINE ( 'NONE', #8213, #6292 ) ;
#1663 = PLANE ( 'NONE',  #2280 ) ;
#1664 = CARTESIAN_POINT ( 'NONE',  ( -22.64068474247727636, 28.99999999999998934, 62.91004914530152803 ) ) ;
#1665 = VECTOR ( 'NONE', #5192, 1000.000000000000000 ) ;
#1666 = VECTOR ( 'NONE', #6128, 1000.000000000000000 ) ;
#1667 = ORIENTED_EDGE ( 'NONE', *, *, #15, .F. ) ;
#1668 = DIRECTION ( 'NONE',  ( 1.418996708365486154E-16, -1.000000000000000000, -0.000000000000000000 ) ) ;
#1669 = ORIENTED_EDGE ( 'NONE', *, *, #1551, .T. ) ;
#1670 = ADVANCED_FACE ( 'NONE', ( #7736 ), #2581, .T. ) ;
#1671 = VECTOR ( 'NONE', #2250, 1000.000000000000000 ) ;
#1672 = LINE ( 'NONE', #7554, #5471 ) ;
#1673 = CARTESIAN_POINT ( 'NONE',  ( -21.27000092288415090, 28.99999999999998934, 63.03125137803056077 ) ) ;
#1674 = AXIS2_PLACEMENT_3D ( 'NONE', #8446, #7001, #7680 ) ;
#1675 = LINE ( 'NONE', #3941, #3301 ) ;
#1676 = CARTESIAN_POINT ( 'NONE',  ( -15.30025709864174566, 29.59999999999999076, 63.00359796145248481 ) ) ;
#1677 = CARTESIAN_POINT ( 'NONE',  ( -15.83995610562218737, 28.99999999999999289, 62.96061004805540762 ) ) ;
#1678 = CARTESIAN_POINT ( 'NONE',  ( -29.47737469545567635, 28.99999999999999289, 63.58932564137825949 ) ) ;
#1679 = EDGE_CURVE ( 'NONE', #9036, #3708, #8625, .T. ) ;
#1680 = CARTESIAN_POINT ( 'NONE',  ( -18.61008249681123772, 29.59999999999999076, 63.35262999331450828 ) ) ;
#1681 = ORIENTED_EDGE ( 'NONE', *, *, #6477, .F. ) ;
#1682 = AXIS2_PLACEMENT_3D ( 'NONE', #1871, #3269, #8513 ) ;
#1683 = VECTOR ( 'NONE', #8574, 1000.000000000000000 ) ;
#1684 = EDGE_CURVE ( 'NONE', #5735, #7867, #1158, .T. ) ;
#1685 = EDGE_LOOP ( 'NONE', ( #2892, #5580, #5921, #2269 ) ) ;
#1686 = CARTESIAN_POINT ( 'NONE',  ( -15.03170343199496806, 29.00000000000000000, 65.20271617773138928 ) ) ;
#1687 = ORIENTED_EDGE ( 'NONE', *, *, #4161, .T. ) ;
#1688 = CARTESIAN_POINT ( 'NONE',  ( -12.93215603614331854, 29.59999999999999432, 62.29264642209238190 ) ) ;
#1689 = EDGE_CURVE ( 'NONE', #1631, #1813, #8437, .T. ) ;
#1690 = DIRECTION ( 'NONE',  ( 1.418996708365486154E-16, -1.000000000000000000, -0.000000000000000000 ) ) ;
#1691 = CARTESIAN_POINT ( 'NONE',  ( -16.11526819652413067, 29.00000000000000355, 65.52417171298996834 ) ) ;
#1692 = CARTESIAN_POINT ( 'NONE',  ( -26.76935084851056246, 28.99999999999999289, 63.13112843702117516 ) ) ;
#1693 = CC_DESIGN_APPROVAL ( #1371, ( #9542 ) ) ;
#1694 = CARTESIAN_POINT ( 'NONE',  ( -14.21160048034990098, 28.99999999999999645, 65.40187667010577854 ) ) ;
#1695 = FACE_OUTER_BOUND ( 'NONE', #991, .T. ) ;
#1696 = EDGE_LOOP ( 'NONE', ( #6676, #6439, #7903, #2651 ) ) ;
#1697 = ORIENTED_EDGE ( 'NONE', *, *, #4796, .F. ) ;
#1698 = CARTESIAN_POINT ( 'NONE',  ( -41.59633790806259412, 29.59999999999999076, 66.65818613606688814 ) ) ;
#1699 = EDGE_LOOP ( 'NONE', ( #2363, #556, #8518 ) ) ;
#1700 = CARTESIAN_POINT ( 'NONE',  ( -27.48156663073859463, 29.59999999999999432, 62.26979741943161883 ) ) ;
#1701 = CARTESIAN_POINT ( 'NONE',  ( -19.59863756581046346, 29.00000000000000711, 63.14490640561967894 ) ) ;
#1702 = CARTESIAN_POINT ( 'NONE',  ( -29.36771907501668366, 29.59999999999998721, 63.13411556731550434 ) ) ;
#1703 = CARTESIAN_POINT ( 'NONE',  ( -14.64205722422726019, 29.60000000000000853, 66.33212896196698694 ) ) ;
#1704 = CARTESIAN_POINT ( 'NONE',  ( -15.60595329267797737, 28.99999999999999289, 62.15818613606688814 ) ) ;
#1705 = APPLICATION_PROTOCOL_DEFINITION ( 'international standard', 'config_control_design', 1994, #8185 ) ;
#1706 = EDGE_CURVE ( 'NONE', #2728, #942, #4149, .T. ) ;
#1707 = ORIENTED_EDGE ( 'NONE', *, *, #1966, .T. ) ;
#1708 = CARTESIAN_POINT ( 'NONE',  ( -28.66106251077120248, 29.59999999999999787, 63.93728163750604665 ) ) ;
#1709 = ORIENTED_EDGE ( 'NONE', *, *, #3147, .F. ) ;
#1710 = CARTESIAN_POINT ( 'NONE',  ( -29.45386954537086410, 28.99999999999999645, 65.40916249111533887 ) ) ;
#1711 = CARTESIAN_POINT ( 'NONE',  ( -4.999999999999990230, 0.000000000000000000, 32.49999999999995026 ) ) ;
#1712 = DIRECTION ( 'NONE',  ( 1.000000000000000000, 0.000000000000000000, -0.000000000000000000 ) ) ;
#1713 = CARTESIAN_POINT ( 'NONE',  ( -5.801315668475549359, 25.59701637050989120, 78.30131566847566660 ) ) ;
#1714 = LINE ( 'NONE', #3213, #3517 ) ;
#1715 = LINE ( 'NONE', #4253, #1783 ) ;
#1716 = EDGE_CURVE ( 'NONE', #830, #8043, #6993, .T. ) ;
#1717 = EDGE_LOOP ( 'NONE', ( #8836, #8363, #93, #2124 ) ) ;
#1718 = CARTESIAN_POINT ( 'NONE',  ( -18.65231142458988600, 29.60000000000000142, 63.21927767107736429 ) ) ;
#1719 = EDGE_CURVE ( 'NONE', #9300, #4678, #476, .T. ) ;
#1720 = ORIENTED_EDGE ( 'NONE', *, *, #8184, .T. ) ;
#1721 = CARTESIAN_POINT ( 'NONE',  ( -19.81363903483948619, 29.60000000000000142, 64.82472394247854197 ) ) ;
#1722 = PLANE ( 'NONE',  #5012 ) ;
#1723 = CARTESIAN_POINT ( 'NONE',  ( -21.38601194750131285, 28.99999999999998934, 62.76877923128868986 ) ) ;
#1724 = DIRECTION ( 'NONE',  ( 1.000000000000000000, 0.000000000000000000, 0.000000000000000000 ) ) ;
#1725 = CARTESIAN_POINT ( 'NONE',  ( -14.48962103487952113, 29.60000000000000142, 66.14854865925745742 ) ) ;
#1726 = CARTESIAN_POINT ( 'NONE',  ( -38.94249175421644082, 28.99999999999998934, 65.73510921298995413 ) ) ;
#1727 = CARTESIAN_POINT ( 'NONE',  ( -29.33086063213759331, 29.00000000000000711, 63.03469003580759988 ) ) ;
#1728 = CARTESIAN_POINT ( 'NONE',  ( -18.91673342055884532, 29.59999999999999787, 62.94336049078565054 ) ) ;
#1729 = EDGE_CURVE ( 'NONE', #4802, #5669, #1790, .T. ) ;
#1730 = ORIENTED_EDGE ( 'NONE', *, *, #4085, .F. ) ;
#1731 = ADVANCED_FACE ( 'NONE', ( #7807 ), #384, .T. ) ;
#1732 = VERTEX_POINT ( 'NONE', #6271 ) ;
#1733 = PLANE ( 'NONE',  #5045 ) ;
#1734 = ORIENTED_EDGE ( 'NONE', *, *, #9516, .T. ) ;
#1735 = DIRECTION ( 'NONE',  ( -1.000000000000000000, -1.418996708365486154E-16, 0.000000000000000000 ) ) ;
#1736 = CARTESIAN_POINT ( 'NONE',  ( -28.37656602841641629, 28.99999999999999645, 66.68965666704491468 ) ) ;
#1737 = CARTESIAN_POINT ( 'NONE',  ( -102.2999999999999687, 30.74999999999996447, 72.74999999999998579 ) ) ;
#1738 = CARTESIAN_POINT ( 'NONE',  ( -27.02327779423268339, 28.99999999999999645, 62.63900911233365321 ) ) ;
#1739 = CARTESIAN_POINT ( 'NONE',  ( -14.87715639471863049, 29.00000000000000355, 66.52229636236152999 ) ) ;
#1740 = EDGE_CURVE ( 'NONE', #4040, #6414, #1743, .T. ) ;
#1741 = CARTESIAN_POINT ( 'NONE',  ( -16.90401797239768911, 29.00000000000000000, 65.74202141979776570 ) ) ;
#1742 = EDGE_LOOP ( 'NONE', ( #4054, #3523, #3530, #7127, #5237 ) ) ;
#1743 = LINE ( 'NONE', #6319, #8748 ) ;
#1744 = ORIENTED_EDGE ( 'NONE', *, *, #3271, .T. ) ;
#1745 = FACE_OUTER_BOUND ( 'NONE', #1206, .T. ) ;
#1746 = FACE_OUTER_BOUND ( 'NONE', #3250, .T. ) ;
#1747 = CARTESIAN_POINT ( 'NONE',  ( -16.78463085123622633, 28.99999999999999645, 66.02583594461079031 ) ) ;
#1748 = CARTESIAN_POINT ( 'NONE',  ( -17.59633790806259768, 29.59999999999999432, 66.65818613606688814 ) ) ;
#1749 = CARTESIAN_POINT ( 'NONE',  ( -27.46172252344721088, 29.59999999999999787, 64.43883517452844956 ) ) ;
#1750 = PERSON_AND_ORGANIZATION ( #1867, #1846 ) ;
#1751 = ORIENTED_EDGE ( 'NONE', *, *, #6539, .T. ) ;
#1752 = CARTESIAN_POINT ( 'NONE',  ( -0.5000000001018634066, -3.599999999999933920, 31.19999999999998863 ) ) ;
#1753 = ORIENTED_EDGE ( 'NONE', *, *, #8481, .T. ) ;
#1754 = CARTESIAN_POINT ( 'NONE',  ( -29.52450597165991653, 28.99999999999999645, 64.88704742904305078 ) ) ;
#1755 = CARTESIAN_POINT ( 'NONE',  ( -16.11526819652413067, 29.59999999999999432, 65.52417171298996834 ) ) ;
#1756 = CARTESIAN_POINT ( 'NONE',  ( -36.52620118848235364, 28.99999999999999289, 62.91352956183765599 ) ) ;
#1757 = FACE_OUTER_BOUND ( 'NONE', #9441, .T. ) ;
#1758 = CARTESIAN_POINT ( 'NONE',  ( -19.06895164506369866, 28.99999999999998934, 65.52088750954737861 ) ) ;
#1759 = CARTESIAN_POINT ( 'NONE',  ( -14.13509552193151819, 28.99999999999999645, 64.37813097199821755 ) ) ;
#1760 = DIRECTION ( 'NONE',  ( 0.000000000000000000, 0.000000000000000000, 1.000000000000000000 ) ) ;
#1761 = VECTOR ( 'NONE', #1363, 1000.000000000000000 ) ;
#1762 = EDGE_LOOP ( 'NONE', ( #3425, #9404, #3987, #8980 ) ) ;
#1763 = LINE ( 'NONE', #6052, #2132 ) ;
#1764 = ADVANCED_FACE ( 'NONE', ( #8527 ), #7761, .T. ) ;
#1765 = VERTEX_POINT ( 'NONE', #4723 ) ;
#1766 = VECTOR ( 'NONE', #5431, 1000.000000000000000 ) ;
#1767 = EDGE_CURVE ( 'NONE', #7890, #7553, #1016, .T. ) ;
#1768 = CARTESIAN_POINT ( 'NONE',  ( -16.53872908137927311, 28.99999999999998579, 66.36764886308377243 ) ) ;
#1769 = CARTESIAN_POINT ( 'NONE',  ( -36.55213426904464313, 29.59999999999999432, 63.78651942051052970 ) ) ;
#1770 = AXIS2_PLACEMENT_3D ( 'NONE', #995, #796, #9089 ) ;
#1771 = PLANE ( 'NONE',  #3992 ) ;
#1772 = CARTESIAN_POINT ( 'NONE',  ( -14.23431616389135534, 29.60000000000000497, 65.51695453929460200 ) ) ;
#1773 = CARTESIAN_POINT ( 'NONE',  ( -27.49831453289988659, 28.99999999999998934, 63.65912589528237220 ) ) ;
#1774 = CARTESIAN_POINT ( 'NONE',  ( -20.53864560037029463, 29.59999999999999787, 63.38234478991305565 ) ) ;
#1775 = CARTESIAN_POINT ( 'NONE',  ( -15.05268088815764038, 29.59999999999999432, 63.54325693029271349 ) ) ;
#1776 = VECTOR ( 'NONE', #6833, 1000.000000000000000 ) ;
#1777 = ORIENTED_EDGE ( 'NONE', *, *, #8056, .T. ) ;
#1778 = ORIENTED_EDGE ( 'NONE', *, *, #8103, .F. ) ;
#1779 = CARTESIAN_POINT ( 'NONE',  ( -18.74522023595756792, 29.60000000000000142, 62.20000212056062594 ) ) ;
#1780 = ORIENTED_EDGE ( 'NONE', *, *, #9263, .F. ) ;
#1781 = CARTESIAN_POINT ( 'NONE',  ( -98.29999999999995453, 28.99999999999998934, 66.99999999999997158 ) ) ;
#1782 = CARTESIAN_POINT ( 'NONE',  ( -18.35787686887723069, 29.60000000000000142, 65.20056175677522958 ) ) ;
#1783 = VECTOR ( 'NONE', #9266, 1000.000000000000000 ) ;
#1784 = CARTESIAN_POINT ( 'NONE',  ( -29.00026754291774012, 29.00000000000000000, 66.36764886308381506 ) ) ;
#1785 = CARTESIAN_POINT ( 'NONE',  ( -12.53754638900121776, 29.59999999999997655, 62.17732647703374482 ) ) ;
#1786 = CARTESIAN_POINT ( 'NONE',  ( -11.25288658599285618, 29.00000000000000000, 62.47206177170625097 ) ) ;
#1787 = CARTESIAN_POINT ( 'NONE',  ( -102.2999999999999545, 29.50000000000002487, 0.000000000000000000 ) ) ;
#1788 = DIRECTION ( 'NONE',  ( -0.6785983445458397822, -0.2810846377148134012, 0.6785983445458569907 ) ) ;
#1789 = ORIENTED_EDGE ( 'NONE', *, *, #9356, .F. ) ;
#1790 = LINE ( 'NONE', #4864, #6429 ) ;
#1791 = ORIENTED_EDGE ( 'NONE', *, *, #1084, .T. ) ;
#1792 = CARTESIAN_POINT ( 'NONE',  ( -27.46746535101194908, 29.59999999999998721, 64.08812424167315669 ) ) ;
#1793 = EDGE_CURVE ( 'NONE', #7159, #7210, #2696, .T. ) ;
#1794 = FACE_OUTER_BOUND ( 'NONE', #5247, .T. ) ;
#1795 = DIRECTION ( 'NONE',  ( 0.5773502691896204020, 0.5773502691896363892, 0.5773502691896206240 ) ) ;
#1796 = B_SPLINE_CURVE_WITH_KNOTS ( 'NONE', 3,
 ( #4058, #7864, #4918, #1074, #4963, #3337, #2658, #438, #1211, #7814, #1848 ),
 .UNSPECIFIED., .F., .F.,
 ( 4, 1, 1, 1, 1, 1, 1, 1, 4 ),
 ( 0.000000000000000000, 0.1850902117818967740, 0.3523572497833285522, 0.5030799192422875654, 0.6360081999872619907, 0.7524730698093538006, 0.8518856678189902221, 0.9343393817377413368, 1.000000000000000000 ),
 .UNSPECIFIED. ) ;
#1797 = CARTESIAN_POINT ( 'NONE',  ( -14.36176453278731202, 29.59999999999999432, 65.91402972482634937 ) ) ;
#1798 = CARTESIAN_POINT ( 'NONE',  ( -28.14893807885353283, 28.99999999999999645, 62.91182826557026431 ) ) ;
#1799 = APPROVAL_ROLE ( '' ) ;
#1800 = ORIENTED_EDGE ( 'NONE', *, *, #5730, .F. ) ;
#1801 = CARTESIAN_POINT ( 'NONE',  ( -15.60595329267797737, 29.59999999999999432, 66.71587844375920895 ) ) ;
#1802 = ADVANCED_FACE ( 'NONE', ( #1931 ), #6360, .T. ) ;
#1803 = LINE ( 'NONE', #3344, #2290 ) ;
#1804 = CARTESIAN_POINT ( 'NONE',  ( -18.86647011960105758, 29.59999999999999432, 65.79280152068227494 ) ) ;
#1805 = PLANE ( 'NONE',  #3303 ) ;
#1806 = CARTESIAN_POINT ( 'NONE',  ( -28.63986341790960211, 29.59999999999999787, 63.67394964916940836 ) ) ;
#1807 = EDGE_CURVE ( 'NONE', #5697, #5094, #3424, .T. ) ;
#1808 = CARTESIAN_POINT ( 'NONE',  ( -33.17326098498566722, 28.99999999999999289, 65.73510921298995413 ) ) ;
#1809 = CARTESIAN_POINT ( 'NONE',  ( -15.02128581112334160, 29.00000000000001066, 65.07864317527858589 ) ) ;
#1810 = FACE_OUTER_BOUND ( 'NONE', #3706, .T. ) ;
#1811 = ORIENTED_EDGE ( 'NONE', *, *, #7793, .T. ) ;
#1812 = CARTESIAN_POINT ( 'NONE',  ( -2.000000000000000000, 0.000000000000000000, 73.00000000000000000 ) ) ;
#1813 = VERTEX_POINT ( 'NONE', #9205 ) ;
#1814 = VECTOR ( 'NONE', #9458, 1000.000000000000000 ) ;
#1815 = CARTESIAN_POINT ( 'NONE',  ( -0.5000000000000281997, 0.5000000000000281997, 73.00000000000000000 ) ) ;
#1816 = CARTESIAN_POINT ( 'NONE',  ( -21.54388414552704845, 28.99999999999999645, 62.55793437562742554 ) ) ;
#1817 = CARTESIAN_POINT ( 'NONE',  ( -28.06749175421643727, 28.99999999999998934, 62.15818613606688814 ) ) ;
#1818 = FACE_OUTER_BOUND ( 'NONE', #7460, .T. ) ;
#1819 = CARTESIAN_POINT ( 'NONE',  ( -12.71885800499046049, 29.60000000000000497, 64.98565089723831534 ) ) ;
#1820 = VECTOR ( 'NONE', #4293, 1000.000000000000000 ) ;
#1821 = CARTESIAN_POINT ( 'NONE',  ( -22.08087488843697344, 29.59999999999999432, 62.23549029123772414 ) ) ;
#1822 = CARTESIAN_POINT ( 'NONE',  ( -12.10146869915092616, 29.59999999999999787, 62.91341316413078033 ) ) ;
#1823 = ORIENTED_EDGE ( 'NONE', *, *, #1793, .F. ) ;
#1824 = EDGE_CURVE ( 'NONE', #3815, #6872, #8341, .T. ) ;
#1825 = AXIS2_PLACEMENT_3D ( 'NONE', #167, #3114, #9032 ) ;
#1826 = VERTEX_POINT ( 'NONE', #2610 ) ;
#1827 = VECTOR ( 'NONE', #55, 1000.000000000000114 ) ;
#1828 = CARTESIAN_POINT ( 'NONE',  ( -24.63479944652414133, 29.59999999999999432, 65.44664767452843535 ) ) ;
#1829 = VERTEX_POINT ( 'NONE', #3959 ) ;
#1830 = CARTESIAN_POINT ( 'NONE',  ( -16.05862535949068359, 29.59999999999999076, 62.21976771235480896 ) ) ;
#1831 = CARTESIAN_POINT ( 'NONE',  ( -0.2500000000000210942, 0.2500000000000140443, 0.5000000000000281997 ) ) ;
#1832 = CARTESIAN_POINT ( 'NONE',  ( -28.43799613928030112, 28.99999999999998934, 65.81174341285539242 ) ) ;
#1833 = DIRECTION ( 'NONE',  ( 0.000000000000000000, 0.000000000000000000, -1.000000000000000000 ) ) ;
#1834 = CARTESIAN_POINT ( 'NONE',  ( -13.59363800288772062, 29.59999999999999787, 63.13261268622174782 ) ) ;
#1835 = CARTESIAN_POINT ( 'NONE',  ( -10.79560304032892937, 28.99999999999999645, 63.45733378054433160 ) ) ;
#1836 = CARTESIAN_POINT ( 'NONE',  ( -14.32435162301355724, 28.99999999999999289, 65.82419852421570283 ) ) ;
#1837 = CARTESIAN_POINT ( 'NONE',  ( -16.96620114359002685, 28.99999999999999289, 65.52549029073712461 ) ) ;
#1838 = AXIS2_PLACEMENT_3D ( 'NONE', #1855, #1124, #4064 ) ;
#1839 = CONICAL_SURFACE ( 'NONE', #746, 1.700000000000000178, 0.7853981633974457255 ) ;
#1840 = VERTEX_POINT ( 'NONE', #3242 ) ;
#1841 = DIRECTION ( 'NONE',  ( -1.000000000000000000, 0.000000000000000000, 0.000000000000000000 ) ) ;
#1842 = ORIENTED_EDGE ( 'NONE', *, *, #105, .F. ) ;
#1843 = CARTESIAN_POINT ( 'NONE',  ( -32.59633790806259412, 29.59999999999999432, 65.73510921298995413 ) ) ;
#1844 = EDGE_CURVE ( 'NONE', #3815, #1918, #9111, .T. ) ;
#1845 = CARTESIAN_POINT ( 'NONE',  ( -26.75287849425228615, 29.59999999999999076, 65.72775234911173925 ) ) ;
#1846 = ORGANIZATION ( 'UNSPECIFIED', 'UNSPECIFIED', '' ) ;
#1847 = CARTESIAN_POINT ( 'NONE',  ( -22.82374331971769976, 29.59999999999999076, 62.94188646835033296 ) ) ;
#1848 = CARTESIAN_POINT ( 'NONE',  ( -19.50198694652413423, 28.99999999999999289, 64.01876305914380794 ) ) ;
#1849 = CARTESIAN_POINT ( 'NONE',  ( -0.5000000001018634066, 2.428612866367529932E-14, 31.19999999999999218 ) ) ;
#1850 = LINE ( 'NONE', #2423, #7379 ) ;
#1851 = ORIENTED_EDGE ( 'NONE', *, *, #3947, .T. ) ;
#1852 = ADVANCED_FACE ( 'NONE', ( #338 ), #5504, .T. ) ;
#1853 = B_SPLINE_CURVE_WITH_KNOTS ( 'NONE', 3,
 ( #5632, #8620, #5681, #3418, #1241, #471, #4859, #7169, #5587, #4187, #6354 ),
 .UNSPECIFIED., .F., .F.,
 ( 4, 1, 1, 1, 1, 1, 1, 1, 4 ),
 ( 0.000000000000000000, 0.1373282810095199091, 0.2673624217199563891, 0.3929794554192891365, 0.5142193435920630051, 0.6341860071116703912, 0.7543431548904944162, 0.8755707935165611966, 1.000000000000000000 ),
 .UNSPECIFIED. ) ;
#1854 = CARTESIAN_POINT ( 'NONE',  ( -15.91502756687795994, 28.99999999999999289, 66.68965666704490047 ) ) ;
#1855 = CARTESIAN_POINT ( 'NONE',  ( 0.000000000000000000, 0.000000000000000000, 69.99999999999998579 ) ) ;
#1856 = DIRECTION ( 'NONE',  ( -1.000000000000000000, 0.000000000000000000, 0.000000000000000000 ) ) ;
#1857 = CARTESIAN_POINT ( 'NONE',  ( -36.88684300018388740, 28.99999999999999645, 62.54997888129713601 ) ) ;
#1858 = CARTESIAN_POINT ( 'NONE',  ( -12.41857060639455135, 29.59999999999999432, 64.21528985257820921 ) ) ;
#1859 = CARTESIAN_POINT ( 'NONE',  ( -12.80924094842827188, 28.99999999999999289, 62.24291216561618256 ) ) ;
#1860 = DIRECTION ( 'NONE',  ( 0.000000000000000000, -0.000000000000000000, 1.000000000000000000 ) ) ;
#1861 = EDGE_CURVE ( 'NONE', #6553, #5, #8627, .T. ) ;
#1862 = EDGE_LOOP ( 'NONE', ( #2535, #7575, #2930, #1328 ) ) ;
#1863 = CARTESIAN_POINT ( 'NONE',  ( -12.57891002344720555, 28.99999999999999289, 64.01876305914380794 ) ) ;
#1864 = EDGE_LOOP ( 'NONE', ( #1002, #4632, #3998, #7811 ) ) ;
#1865 = CARTESIAN_POINT ( 'NONE',  ( -15.76351225183941374, 28.99999999999999289, 66.71204181666458055 ) ) ;
#1866 = FACE_OUTER_BOUND ( 'NONE', #4612, .T. ) ;
#1867 = PERSON ( 'UNSPECIFIED', 'UNSPECIFIED', 'UNSPECIFIED', ('UNSPECIFIED'), ('UNSPECIFIED'), ('UNSPECIFIED') ) ;
#1868 = CARTESIAN_POINT ( 'NONE',  ( -28.89500261556462490, 29.60000000000000142, 62.41705866785153489 ) ) ;
#1869 = LINE ( 'NONE', #7745, #4274 ) ;
#1870 = LINE ( 'NONE', #4036, #8383 ) ;
#1871 = CARTESIAN_POINT ( 'NONE',  ( -2.000000000000000000, 0.000000000000000000, 20.29999999999997229 ) ) ;
#1872 = ORIENTED_EDGE ( 'NONE', *, *, #7741, .F. ) ;
#1873 = VERTEX_POINT ( 'NONE', #119 ) ;
#1874 = CARTESIAN_POINT ( 'NONE',  ( -17.71172252344721088, 29.59999999999999432, 63.51575825145150134 ) ) ;
#1875 = VERTEX_POINT ( 'NONE', #4337 ) ;
#1876 = EDGE_CURVE ( 'NONE', #5647, #6778, #619, .T. ) ;
#1877 = CARTESIAN_POINT ( 'NONE',  ( 0.000000000000000000, 0.000000000000000000, 72.49999999999995737 ) ) ;
#1878 = CARTESIAN_POINT ( 'NONE',  ( -4.999999999999990230, 2.428612866367529932E-14, 32.49999999999995026 ) ) ;
#1879 = DIRECTION ( 'NONE',  ( 1.418996708365486154E-16, -1.000000000000000000, -0.000000000000000000 ) ) ;
#1880 = CARTESIAN_POINT ( 'NONE',  ( -2.500000000000042188, 0.5000000000000420775, 20.79999999999999716 ) ) ;
#1881 = PLANE ( 'NONE',  #8231 ) ;
#1882 = DIRECTION ( 'NONE',  ( 0.000000000000000000, 0.000000000000000000, 1.000000000000000000 ) ) ;
#1883 = CARTESIAN_POINT ( 'NONE',  ( -16.90401797239768911, 29.60000000000000142, 65.74202141979776570 ) ) ;
#1884 = ORIENTED_EDGE ( 'NONE', *, *, #2353, .F. ) ;
#1885 = DIRECTION ( 'NONE',  ( 0.000000000000000000, -1.000000000000000000, 0.000000000000000000 ) ) ;
#1886 = ORIENTED_EDGE ( 'NONE', *, *, #5791, .F. ) ;
#1887 = CARTESIAN_POINT ( 'NONE',  ( -22.92216177361661877, 29.00000000000000000, 62.17732647703378746 ) ) ;
#1888 = ADVANCED_FACE ( 'NONE', ( #8672 ), #3201, .T. ) ;
#1889 = CARTESIAN_POINT ( 'NONE',  ( -26.72328722222724906, 29.59999999999998721, 65.62536638167568981 ) ) ;
#1890 = EDGE_CURVE ( 'NONE', #3260, #2611, #5688, .T. ) ;
#1891 = CARTESIAN_POINT ( 'NONE',  ( -23.13024440429339279, 29.59999999999999076, 63.36872890603534358 ) ) ;
#1892 = CARTESIAN_POINT ( 'NONE',  ( -29.42773960512848674, 28.99999999999998934, 65.52549029073712461 ) ) ;
#1893 = CARTESIAN_POINT ( 'NONE',  ( -2.000000000000000000, 0.5000000000000419664, 33.50000000000003553 ) ) ;
#1894 = DATE_AND_TIME ( #8491, #915 ) ;
#1895 = VERTEX_POINT ( 'NONE', #5059 ) ;
#1896 = FACE_OUTER_BOUND ( 'NONE', #7484, .T. ) ;
#1897 = CARTESIAN_POINT ( 'NONE',  ( -19.21918998833815451, 29.59999999999999432, 65.37448389340197252 ) ) ;
#1898 = CARTESIAN_POINT ( 'NONE',  ( -28.43799613928030112, 29.59999999999998721, 65.81174341285539242 ) ) ;
#1899 = CARTESIAN_POINT ( 'NONE',  ( -2.000000000000000000, 26.00000000000000000, 0.5000000000000281997 ) ) ;
#1900 = CARTESIAN_POINT ( 'NONE',  ( -36.64916879450594678, 29.00000000000000711, 62.80892116227439459 ) ) ;
#1901 = DIRECTION ( 'NONE',  ( 1.000000000000000000, 0.000000000000000000, 0.000000000000000000 ) ) ;
#1902 = CARTESIAN_POINT ( 'NONE',  ( -18.94151982282762248, 28.99999999999998934, 65.67168491100733263 ) ) ;
#1903 = CARTESIAN_POINT ( 'NONE',  ( -15.00006521471554777, 28.99999999999998579, 64.61765713129227606 ) ) ;
#1904 = LINE ( 'NONE', #4073, #5353 ) ;
#1905 = ORIENTED_EDGE ( 'NONE', *, *, #7910, .F. ) ;
#1906 = EDGE_CURVE ( 'NONE', #1875, #5731, #9417, .T. ) ;
#1907 = CARTESIAN_POINT ( 'NONE',  ( -16.63179463883182407, 28.99999999999999289, 66.25884719375919474 ) ) ;
#1908 = FACE_OUTER_BOUND ( 'NONE', #3656, .T. ) ;
#1909 = CARTESIAN_POINT ( 'NONE',  ( -22.57134286504041043, 28.99999999999999289, 65.47993683651777985 ) ) ;
#1910 = CARTESIAN_POINT ( 'NONE',  ( -19.13960713883182763, 29.59999999999999432, 62.90818613606688814 ) ) ;
#1911 = CARTESIAN_POINT ( 'NONE',  ( -31.73095329267797737, 28.99999999999999289, 63.48691209760534804 ) ) ;
#1912 = CARTESIAN_POINT ( 'NONE',  ( -16.69033639614727704, 28.99999999999998579, 62.69207977723232972 ) ) ;
#1913 = ORIENTED_EDGE ( 'NONE', *, *, #8798, .F. ) ;
#1914 = VECTOR ( 'NONE', #1321, 1000.000000000000000 ) ;
#1915 = ORIENTED_EDGE ( 'NONE', *, *, #7087, .F. ) ;
#1916 = VECTOR ( 'NONE', #1438, 1000.000000000000000 ) ;
#1917 = CARTESIAN_POINT ( 'NONE',  ( -24.00018406190875453, 29.59999999999999432, 66.65818613606688814 ) ) ;
#1918 = VERTEX_POINT ( 'NONE', #3888 ) ;
#1919 = CARTESIAN_POINT ( 'NONE',  ( -13.56689081198642732, 28.99999999999999289, 63.01430761348146348 ) ) ;
#1920 = CARTESIAN_POINT ( 'NONE',  ( -17.60631916434163102, 29.00000000000000355, 66.58423303333553633 ) ) ;
#1921 = CARTESIAN_POINT ( 'NONE',  ( -28.49297172124647304, 29.00000000000000000, 65.73253813934991285 ) ) ;
#1922 = DIRECTION ( 'NONE',  ( 1.000000000000000000, 0.000000000000000000, 0.000000000000000000 ) ) ;
#1923 = DIRECTION ( 'NONE',  ( 0.7071067811865573427, 1.961421940111234945E-14, -0.7071067811865378028 ) ) ;
#1924 = CARTESIAN_POINT ( 'NONE',  ( -7.325619641525430659, -3.820662509321715916, 20.62561964152548200 ) ) ;
#1925 = EDGE_CURVE ( 'NONE', #4072, #6305, #2534, .T. ) ;
#1926 = LINE ( 'NONE', #2693, #6767 ) ;
#1927 = VECTOR ( 'NONE', #7704, 1000.000000000000114 ) ;
#1928 = UNCERTAINTY_MEASURE_WITH_UNIT (LENGTH_MEASURE( 1.000000000000000082E-05 ), #6860, 'distance_accuracy_value', 'NONE');
#1929 = B_SPLINE_CURVE_WITH_KNOTS ( 'NONE', 3,
 ( #7011, #3978, #5609, #402, #9081, #450, #9127, #5420, #258, #3348, #6289, #8358, #7827, #1948, #4741, #3212, #1758, #6921, #1902, #2528, #3400 ),
 .UNSPECIFIED., .F., .F.,
 ( 4, 1, 1, 1, 1, 1, 1, 1, 1, 1, 1, 1, 1, 1, 1, 1, 1, 1, 4 ),
 ( 0.000000000000000000, 0.03697589911787044215, 0.07919380565197135791, 0.1263611040582890144, 0.1791959260290005296, 0.2370233567260342233, 0.3005781796994436150, 0.3688032070373757909, 0.4427636198457211569, 0.5160455776874043332, 0.5825014191568234079, 0.6417953814615287023, 0.6946446714591538729, 0.7407048907381672542, 0.7796151080458147975, 0.8121003791382503945, 0.8378410910526378208, 0.9229877051599602034, 0.9999999999999998890 ),
 .UNSPECIFIED. ) ;
#1930 = ORIENTED_EDGE ( 'NONE', *, *, #5153, .T. ) ;
#1931 = FACE_OUTER_BOUND ( 'NONE', #5235, .T. ) ;
#1932 = VERTEX_POINT ( 'NONE', #6197 ) ;
#1933 = DIRECTION ( 'NONE',  ( 0.000000000000000000, 0.000000000000000000, -1.000000000000000000 ) ) ;
#1934 = VECTOR ( 'NONE', #5203, 1000.000000000000114 ) ;
#1935 = ORIENTED_EDGE ( 'NONE', *, *, #6856, .F. ) ;
#1936 = CARTESIAN_POINT ( 'NONE',  ( -27.01530404655569839, 29.60000000000000853, 66.23566135985346648 ) ) ;
#1937 = DIRECTION ( 'NONE',  ( 0.7071067811865573427, -0.7071067811865378028, 0.000000000000000000 ) ) ;
#1938 = CARTESIAN_POINT ( 'NONE',  ( -19.67326098498567433, 29.59999999999999787, 63.49863084760536225 ) ) ;
#1939 = DIRECTION ( 'NONE',  ( -0.000000000000000000, -0.000000000000000000, -1.000000000000000000 ) ) ;
#1940 = ORIENTED_EDGE ( 'NONE', *, *, #3317, .F. ) ;
#1941 = EDGE_CURVE ( 'NONE', #305, #2225, #3069, .T. ) ;
#1942 = CARTESIAN_POINT ( 'NONE',  ( -26.59633790806259057, 29.59999999999999432, 64.42982075145150134 ) ) ;
#1943 = CARTESIAN_POINT ( 'NONE',  ( -19.36537178530725711, 29.59999999999998721, 65.23730005079184480 ) ) ;
#1944 = CARTESIAN_POINT ( 'NONE',  ( -28.06749175421643727, 28.99999999999999645, 65.96587844375919474 ) ) ;
#1945 = CARTESIAN_POINT ( 'NONE',  ( -19.10980440350194343, 29.59999999999999432, 65.47993683651777985 ) ) ;
#1946 = CARTESIAN_POINT ( 'NONE',  ( -36.18350726503718562, 29.00000000000000711, 63.14875889203430859 ) ) ;
#1947 = CARTESIAN_POINT ( 'NONE',  ( -12.14000631158393873, 29.60000000000000853, 64.50354387168299297 ) ) ;
#1948 = CARTESIAN_POINT ( 'NONE',  ( -19.21918998833815451, 28.99999999999999289, 65.37448389340197252 ) ) ;
#1949 = CARTESIAN_POINT ( 'NONE',  ( -3.000000000000000000, 31.00000000000000000, 0.5000000000000281997 ) ) ;
#1950 = ORIENTED_EDGE ( 'NONE', *, *, #8308, .F. ) ;
#1951 = LINE ( 'NONE', #7017, #3922 ) ;
#1952 = CARTESIAN_POINT ( 'NONE',  ( -27.24150486142254834, 29.60000000000000142, 62.41333614340722136 ) ) ;
#1953 = CARTESIAN_POINT ( 'NONE',  ( -22.91396861442957444, 28.99999999999999645, 65.15694757337564624 ) ) ;
#1954 = DIRECTION ( 'NONE',  ( 0.000000000000000000, -0.000000000000000000, 1.000000000000000000 ) ) ;
#1955 = CARTESIAN_POINT ( 'NONE',  ( -40.73095329267798093, 29.59999999999999076, 66.65818613606688814 ) ) ;
#1956 = DIRECTION ( 'NONE',  ( 0.7071067811865474617, 0.7071067811865476838, -0.000000000000000000 ) ) ;
#1957 = PRODUCT_RELATED_PRODUCT_CATEGORY ( 'detail', '', ( #2024 ) ) ;
#1958 = EDGE_LOOP ( 'NONE', ( #1734, #2726, #7475, #8389 ) ) ;
#1959 = EDGE_CURVE ( 'NONE', #7885, #1484, #6825, .T. ) ;
#1960 = ORIENTED_EDGE ( 'NONE', *, *, #4796, .T. ) ;
#1961 = LINE ( 'NONE', #8658, #4289 ) ;
#1962 = ORIENTED_EDGE ( 'NONE', *, *, #8681, .T. ) ;
#1963 = VECTOR ( 'NONE', #3169, 1000.000000000000000 ) ;
#1964 = DIRECTION ( 'NONE',  ( 0.000000000000000000, -0.7071067811865443531, 0.7071067811865506814 ) ) ;
#1965 = CARTESIAN_POINT ( 'NONE',  ( -41.59633790806259412, 29.59999999999999076, 64.98510921298996834 ) ) ;
#1966 = EDGE_CURVE ( 'NONE', #9000, #5041, #9085, .T. ) ;
#1967 = CARTESIAN_POINT ( 'NONE',  ( -18.23532635128047730, 29.00000000000000355, 65.33875421579912768 ) ) ;
#1968 = CARTESIAN_POINT ( 'NONE',  ( -28.06749175421643727, 28.99999999999999289, 65.96587844375919474 ) ) ;
#1969 = LINE ( 'NONE', #1195, #3355 ) ;
#1970 = CARTESIAN_POINT ( 'NONE',  ( -18.62875599786730518, 28.99999999999999289, 63.28251742388034273 ) ) ;
#1971 = CARTESIAN_POINT ( 'NONE',  ( -10.93904071455147253, 29.00000000000000000, 62.89404783349709760 ) ) ;
#1972 = CARTESIAN_POINT ( 'NONE',  ( 0.000000000000000000, 0.5000000000000281997, 73.00000000000000000 ) ) ;
#1973 = VECTOR ( 'NONE', #5895, 1000.000000000000000 ) ;
#1974 = VERTEX_POINT ( 'NONE', #990 ) ;
#1975 = EDGE_CURVE ( 'NONE', #2642, #5707, #8319, .T. ) ;
#1976 = VECTOR ( 'NONE', #7333, 1000.000000000000000 ) ;
#1977 = DIRECTION ( 'NONE',  ( -1.000000000000000000, 0.000000000000000000, 0.000000000000000000 ) ) ;
#1978 = ORIENTED_EDGE ( 'NONE', *, *, #7091, .T. ) ;
#1979 = LINE ( 'NONE', #3426, #4589 ) ;
#1980 = EDGE_CURVE ( 'NONE', #8188, #3193, #1763, .T. ) ;
#1981 = ORIENTED_EDGE ( 'NONE', *, *, #5508, .T. ) ;
#1982 = CARTESIAN_POINT ( 'NONE',  ( -26.78589008455201537, 28.99999999999999645, 65.82419852421571704 ) ) ;
#1983 = DIRECTION ( 'NONE',  ( 0.7071067811865476838, -0.7071067811865474617, 0.000000000000000000 ) ) ;
#1984 = VECTOR ( 'NONE', #3974, 1000.000000000000000 ) ;
#1985 = DIRECTION ( 'NONE',  ( 0.000000000000000000, 0.000000000000000000, 1.000000000000000000 ) ) ;
#1986 = AXIS2_PLACEMENT_3D ( 'NONE', #537, #6422, #4167 ) ;
#1987 = B_SPLINE_CURVE_WITH_KNOTS ( 'NONE', 3,
 ( #7435, #2957, #2234, #1558, #5173, #8114, #6664, #57, #3002, #5942, #4494, #346, #393, #5556, #7681 ),
 .UNSPECIFIED., .F., .F.,
 ( 4, 1, 1, 1, 1, 1, 1, 1, 1, 1, 1, 1, 4 ),
 ( 0.000000000000000000, 0.1044684317476923807, 0.2186443001264498365, 0.3432720284885064643, 0.4796798961683566009, 0.5495598336985891841, 0.6174401113445320277, 0.6835484224232981632, 0.7486076440208779825, 0.8121838164169910002, 0.8748745209313935067, 0.9374320533261719657, 1.000000000000000000 ),
 .UNSPECIFIED. ) ;
#1988 = PLANE ( 'NONE',  #9215 ) ;
#1989 = ORIENTED_EDGE ( 'NONE', *, *, #8296, .F. ) ;
#1990 = AXIS2_PLACEMENT_3D ( 'NONE', #1310, #5023, #777 ) ;
#1991 = CARTESIAN_POINT ( 'NONE',  ( -27.47213581905670665, 29.00000000000001776, 64.93988012568932788 ) ) ;
#1992 = VECTOR ( 'NONE', #6175, 1000.000000000000000 ) ;
#1993 = CARTESIAN_POINT ( 'NONE',  ( -22.61917444652413423, 28.99999999999999289, 62.15818613606688814 ) ) ;
#1994 = CARTESIAN_POINT ( 'NONE',  ( -28.49297172124647304, 29.60000000000000142, 65.73253813934991285 ) ) ;
#1995 = CARTESIAN_POINT ( 'NONE',  ( -20.05938588496819719, 29.59999999999999787, 64.56514916011087735 ) ) ;
#1996 = CARTESIAN_POINT ( 'NONE',  ( -20.53627779923347418, 29.59999999999998721, 63.25549540441324581 ) ) ;
#1997 = CARTESIAN_POINT ( 'NONE',  ( -102.0000000000000000, 30.99999999999998579, 34.75000000000000000 ) ) ;
#1998 = CARTESIAN_POINT ( 'NONE',  ( -18.64968656591859997, 29.60000000000000853, 64.90261414171138199 ) ) ;
#1999 = CARTESIAN_POINT ( 'NONE',  ( -28.01361561588047877, 28.99999999999999289, 66.71432856657520460 ) ) ;
#2000 = DIRECTION ( 'NONE',  ( -0.5773502691896205130, 0.5773502691896363892, -0.5773502691896205130 ) ) ;
#2001 = EDGE_LOOP ( 'NONE', ( #1981, #3275, #6791, #3229 ) ) ;
#2002 = CARTESIAN_POINT ( 'NONE',  ( -27.64004394550704902, 28.99999999999998934, 65.72412153017624803 ) ) ;
#2003 = CARTESIAN_POINT ( 'NONE',  ( -28.89345889420312830, 28.99999999999998934, 66.46068804753100778 ) ) ;
#2004 = ADVANCED_FACE ( 'NONE', ( #8410 ), #3117, .F. ) ;
#2005 = CARTESIAN_POINT ( 'NONE',  ( -2.999999999985902832, -3.999999999933834260, 30.96905989234244316 ) ) ;
#2006 = CARTESIAN_POINT ( 'NONE',  ( -14.13479944652413245, 29.59999999999999432, 64.42982075145150134 ) ) ;
#2007 = DIRECTION ( 'NONE',  ( 0.000000000000000000, -1.000000000000000000, 0.000000000000000000 ) ) ;
#2008 = CARTESIAN_POINT ( 'NONE',  ( -20.44837754413842035, 29.59999999999999076, 62.90235117314195179 ) ) ;
#2009 = PLANE ( 'NONE',  #6913 ) ;
#2010 = ORIENTED_EDGE ( 'NONE', *, *, #4970, .F. ) ;
#2011 = EDGE_LOOP ( 'NONE', ( #5924, #4326, #3698, #8776 ) ) ;
#2012 = B_SPLINE_CURVE_WITH_KNOTS ( 'NONE', 3,
 ( #4861, #1835, #7032, #6989, #3375, #1971, #4006, #6316, #7078, #1786, #7716, #1243, #1108, #6944, #3464, #378, #9199, #7757, #473 ),
 .UNSPECIFIED., .F., .F.,
 ( 4, 1, 1, 1, 1, 1, 1, 1, 1, 1, 1, 1, 1, 1, 1, 1, 4 ),
 ( 0.000000000000000000, 0.07942773837476263532, 0.1539976939993294713, 0.2241189499674206831, 0.2899050271283514224, 0.3526968565844615933, 0.4126842950548520461, 0.4705649759878937632, 0.5274252800728548296, 0.5837531208169126629, 0.6399844070010036745, 0.6966154639853047170, 0.7537516678721118968, 0.8127258630658228400, 0.8729762494242104820, 0.9350413902325094284, 1.000000000000000000 ),
 .UNSPECIFIED. ) ;
#2013 = CARTESIAN_POINT ( 'NONE',  ( -28.67215437417698354, 29.59999999999998721, 64.61824972900920727 ) ) ;
#2014 = ORIENTED_EDGE ( 'NONE', *, *, #2086, .F. ) ;
#2015 = CARTESIAN_POINT ( 'NONE',  ( -19.63198609949022000, 28.99999999999999289, 63.76036176085092677 ) ) ;
#2016 = CARTESIAN_POINT ( 'NONE',  ( -2.000000000000000000, 0.000000000000000000, 70.50000000000001421 ) ) ;
#2017 = CARTESIAN_POINT ( 'NONE',  ( -19.67326098498567077, 29.59999999999999432, 63.49863084760534804 ) ) ;
#2018 = CARTESIAN_POINT ( 'NONE',  ( -15.10923405593139890, 28.99999999999998934, 63.31137413624094989 ) ) ;
#2019 = DIRECTION ( 'NONE',  ( -0.7071067811865378028, 1.922962686383510568E-16, -0.7071067811865573427 ) ) ;
#2020 = CARTESIAN_POINT ( 'NONE',  ( -11.95444195809210974, 29.59999999999999787, 62.17655970823265932 ) ) ;
#2021 = CARTESIAN_POINT ( 'NONE',  ( -23.99908105622178311, 29.59999999999999076, 63.43139590477775158 ) ) ;
#2022 = EDGE_CURVE ( 'NONE', #1269, #7890, #8270, .T. ) ;
#2023 = LINE ( 'NONE', #6268, #1683 ) ;
#2024 = PRODUCT ( '0PB_PSU_black_cover_v3', '0PB_PSU_black_cover_v3', '', ( #2520 ) ) ;
#2025 = ADVANCED_FACE ( 'NONE', ( #170 ), #3805, .T. ) ;
#2026 = ORIENTED_EDGE ( 'NONE', *, *, #2151, .T. ) ;
#2027 = CARTESIAN_POINT ( 'NONE',  ( -15.00592688947349806, 29.00000000000000355, 64.08812424167317090 ) ) ;
#2028 = ORIENTED_EDGE ( 'NONE', *, *, #3423, .T. ) ;
#2029 = CARTESIAN_POINT ( 'NONE',  ( -15.00014331872219842, 29.59999999999998366, 64.50013890536673955 ) ) ;
#2030 = VERTEX_POINT ( 'NONE', #2490 ) ;
#2031 = CARTESIAN_POINT ( 'NONE',  ( -27.47409287500300579, 28.99999999999998934, 63.93148241945101518 ) ) ;
#2032 = ADVANCED_FACE ( 'NONE', ( #5425, #8219 ), #4792, .T. ) ;
#2033 = CARTESIAN_POINT ( 'NONE',  ( -22.63036965201786188, 28.99999999999999645, 64.39623799480506250 ) ) ;
#2034 = CARTESIAN_POINT ( 'NONE',  ( -19.66681640290565269, 29.59999999999998721, 63.62963993191214485 ) ) ;
#2035 = DIRECTION ( 'NONE',  ( 0.7071067811865573427, 0.7071067811865378028, 0.000000000000000000 ) ) ;
#2036 = EDGE_LOOP ( 'NONE', ( #6137, #7550, #5332, #6142 ) ) ;
#2037 = VERTEX_POINT ( 'NONE', #8504 ) ;
#2038 = DIRECTION ( 'NONE',  ( -1.418996708365486154E-16, 1.000000000000000000, 0.000000000000000000 ) ) ;
#2039 = CARTESIAN_POINT ( 'NONE',  ( -4.999999999999976907, -1.999999999999977573, 32.49999999999995026 ) ) ;
#2040 = CARTESIAN_POINT ( 'NONE',  ( -24.00018406190875808, 29.59999999999999787, 63.38234478991305565 ) ) ;
#2041 = CARTESIAN_POINT ( 'NONE',  ( -13.17927060037028397, 28.99999999999998934, 64.51095055914380794 ) ) ;
#2042 = CARTESIAN_POINT ( 'NONE',  ( -20.48996773506334890, 29.59999999999998721, 63.01430761348146348 ) ) ;
#2043 = LINE ( 'NONE', #4975, #2906 ) ;
#2044 = FACE_OUTER_BOUND ( 'NONE', #1699, .T. ) ;
#2045 = CARTESIAN_POINT ( 'NONE',  ( -12.53748549229791287, 28.99999999999999289, 64.07697101937263540 ) ) ;
#2046 = CARTESIAN_POINT ( 'NONE',  ( -26.59633790806259057, 28.99999999999999289, 64.42982075145150134 ) ) ;
#2047 = ORIENTED_EDGE ( 'NONE', *, *, #8912, .F. ) ;
#2048 = B_SPLINE_CURVE_WITH_KNOTS ( 'NONE', 3,
 ( #9493, #5155, #5782, #8775, #2177, #9398, #2939, #714, #8053, #8096, #5111 ),
 .UNSPECIFIED., .F., .F.,
 ( 4, 1, 1, 1, 1, 1, 1, 1, 4 ),
 ( 0.000000000000000000, 0.1239539590100944000, 0.2446910970343264269, 0.3639282123713505901, 0.4834467610619807565, 0.6060135407011156827, 0.7313153882149177054, 0.8627627448661785436, 1.000000000000000000 ),
 .UNSPECIFIED. ) ;
#2049 = CARTESIAN_POINT ( 'NONE',  ( -27.24150486142254834, 29.00000000000000000, 62.41333614340722136 ) ) ;
#2050 = CARTESIAN_POINT ( 'NONE',  ( -27.61509150165251825, 29.60000000000000497, 62.21894754577338205 ) ) ;
#2051 = CARTESIAN_POINT ( 'NONE',  ( -18.94247676090062171, 28.99999999999998934, 64.62062234358914736 ) ) ;
#2052 = CARTESIAN_POINT ( 'NONE',  ( -41.59633790806259412, 28.99999999999998934, 62.21587844375919474 ) ) ;
#2053 = FACE_OUTER_BOUND ( 'NONE', #6445, .T. ) ;
#2054 = CARTESIAN_POINT ( 'NONE',  ( -20.53864560037029463, 29.00000000000000000, 63.38234478991305565 ) ) ;
#2055 = CARTESIAN_POINT ( 'NONE',  ( -22.11384988612834590, 29.00000000000000711, 63.21927767107736429 ) ) ;
#2056 = EDGE_LOOP ( 'NONE', ( #5473, #6245, #7740, #749, #1247 ) ) ;
#2057 = EDGE_CURVE ( 'NONE', #1055, #6272, #453, .T. ) ;
#2058 = EDGE_CURVE ( 'NONE', #2948, #6460, #4931, .T. ) ;
#2059 = ORIENTED_EDGE ( 'NONE', *, *, #3147, .T. ) ;
#2060 = DIRECTION ( 'NONE',  ( 1.418996708365486154E-16, -1.000000000000000000, -0.000000000000000000 ) ) ;
#2061 = ORIENTED_EDGE ( 'NONE', *, *, #4961, .F. ) ;
#2062 = CARTESIAN_POINT ( 'NONE',  ( -102.2999999999999687, 28.99999999999998579, 72.49999999999995737 ) ) ;
#2063 = LINE ( 'NONE', #4998, #7309 ) ;
#2064 = CARTESIAN_POINT ( 'NONE',  ( -22.98971042237350204, 28.99999999999998934, 63.97553209429965193 ) ) ;
#2065 = CARTESIAN_POINT ( 'NONE',  ( -26.84588064387513029, 29.59999999999999787, 62.93702703193127235 ) ) ;
#2066 = LINE ( 'NONE', #2831, #8533 ) ;
#2067 = DIRECTION ( 'NONE',  ( 0.000000000000000000, 0.000000000000000000, 1.000000000000000000 ) ) ;
#2068 = CARTESIAN_POINT ( 'NONE',  ( -11.95444195809210974, 29.00000000000001066, 62.17655970823265932 ) ) ;
#2069 = DIRECTION ( 'NONE',  ( 0.7071067811865376918, 2.775557561562890427E-17, -0.7071067811865574537 ) ) ;
#2070 = CARTESIAN_POINT ( 'NONE',  ( -16.82778798077731963, 29.59999999999999076, 65.93683472907376597 ) ) ;
#2071 = VECTOR ( 'NONE', #176, 999.9999999999998863 ) ;
#2072 = ORIENTED_EDGE ( 'NONE', *, *, #880, .F. ) ;
#2073 = VECTOR ( 'NONE', #308, 1000.000000000000000 ) ;
#2074 = CARTESIAN_POINT ( 'NONE',  ( -23.12835486444412325, 29.00000000000000000, 63.62963993191218748 ) ) ;
#2075 = ORIENTED_EDGE ( 'NONE', *, *, #4292, .F. ) ;
#2076 = CARTESIAN_POINT ( 'NONE',  ( 0.000000000000000000, 0.5000000000000281997, 72.49999999999995737 ) ) ;
#2077 = EDGE_LOOP ( 'NONE', ( #6441, #3800, #5141, #3551 ) ) ;
#2078 = CARTESIAN_POINT ( 'NONE',  ( -2.500000000000028422, 0.000000000000000000, 32.49999999999995026 ) ) ;
#2079 = VECTOR ( 'NONE', #3325, 1000.000000000000000 ) ;
#2080 = CARTESIAN_POINT ( 'NONE',  ( -23.47094914790866227, 29.59999999999999432, 64.62138892635984178 ) ) ;
#2081 = CARTESIAN_POINT ( 'NONE',  ( -26.60325371956555074, 28.99999999999998934, 64.12748454175330437 ) ) ;
#2082 = CARTESIAN_POINT ( 'NONE',  ( -16.21172252344721443, 29.59999999999999787, 64.43883517452844956 ) ) ;
#2083 = VERTEX_POINT ( 'NONE', #4169 ) ;
#2084 = ORIENTED_EDGE ( 'NONE', *, *, #2566, .T. ) ;
#2085 = AXIS2_PLACEMENT_3D ( 'NONE', #7904, #7374, #5157 ) ;
#2086 = EDGE_CURVE ( 'NONE', #367, #9076, #924, .T. ) ;
#2087 = CARTESIAN_POINT ( 'NONE',  ( -22.48608408376632539, 29.59999999999999787, 62.91341316413078033 ) ) ;
#2088 = CARTESIAN_POINT ( 'NONE',  ( -14.24406867885947570, 29.59999999999999432, 63.34674328390536857 ) ) ;
#2089 = CARTESIAN_POINT ( 'NONE',  ( -20.43557675054813316, 29.59999999999999076, 63.95093916350447216 ) ) ;
#2090 = DIRECTION ( 'NONE',  ( 1.418996708365486154E-16, -1.000000000000000000, -0.000000000000000000 ) ) ;
#2091 = CARTESIAN_POINT ( 'NONE',  ( -19.73231787150520233, 29.59999999999999432, 62.24291216561618256 ) ) ;
#2092 = DIRECTION ( 'NONE',  ( 0.000000000000000000, 0.8660254037844379305, 0.5000000000000011102 ) ) ;
#2093 = CARTESIAN_POINT ( 'NONE',  ( -33.63479944652413423, 28.99999999999999289, 64.69664767452843535 ) ) ;
#2094 = CARTESIAN_POINT ( 'NONE',  ( -100.2999999999999972, 28.99999999999998579, 34.75000000000000000 ) ) ;
#2095 = EDGE_CURVE ( 'NONE', #9333, #824, #1904, .T. ) ;
#2096 = CARTESIAN_POINT ( 'NONE',  ( -20.25864430254251758, 28.99999999999999289, 62.59643381103102655 ) ) ;
#2097 = ORIENTED_EDGE ( 'NONE', *, *, #5472, .F. ) ;
#2098 = EDGE_CURVE ( 'NONE', #9333, #830, #5612, .T. ) ;
#2099 = CARTESIAN_POINT ( 'NONE',  ( -23.55021163491750968, 28.99999999999999645, 64.52820154558349941 ) ) ;
#2100 = CARTESIAN_POINT ( 'NONE',  ( -28.65290419791888965, 29.59999999999999432, 66.60379955400915719 ) ) ;
#2101 = CARTESIAN_POINT ( 'NONE',  ( -19.34164752947147647, 29.59999999999999076, 64.21528985257820921 ) ) ;
#2102 = CARTESIAN_POINT ( 'NONE',  ( -27.47213581905670665, 29.59999999999999076, 64.93988012568932788 ) ) ;
#2103 = LINE ( 'NONE', #8560, #4841 ) ;
#2104 = CARTESIAN_POINT ( 'NONE',  ( -20.33205930308020370, 29.59999999999999432, 62.69410884949884633 ) ) ;
#2105 = CARTESIAN_POINT ( 'NONE',  ( -22.56189935552824366, 29.00000000000001066, 62.90996901907805494 ) ) ;
#2106 = EDGE_LOOP ( 'NONE', ( #8424, #7418, #5341, #3433, #4150, #40, #766, #934, #6688 ) ) ;
#2107 = VERTEX_POINT ( 'NONE', #8601 ) ;
#2108 = CARTESIAN_POINT ( 'NONE',  ( -28.66752118360383861, 28.99999999999998934, 64.78864496953715957 ) ) ;
#2109 = ORIENTED_EDGE ( 'NONE', *, *, #5926, .T. ) ;
#2110 = CARTESIAN_POINT ( 'NONE',  ( -15.60595329267797737, 28.99999999999999289, 65.96587844375919474 ) ) ;
#2111 = CARTESIAN_POINT ( 'NONE',  ( -12.75018406190874742, 28.99999999999999645, 63.49863084760536225 ) ) ;
#2112 = DIRECTION ( 'NONE',  ( -0.000000000000000000, -0.7071067811865378028, -0.7071067811865573427 ) ) ;
#2113 = CARTESIAN_POINT ( 'NONE',  ( -19.25479876588819295, 29.00000000000000000, 62.91361374662002248 ) ) ;
#2114 = CARTESIAN_POINT ( 'NONE',  ( -13.61556867729336062, 29.59999999999999432, 65.79280152068227494 ) ) ;
#2115 = CARTESIAN_POINT ( 'NONE',  ( -5.500000000000018652, -1.999999999999980904, 20.79999999999999716 ) ) ;
#2116 = CARTESIAN_POINT ( 'NONE',  ( -12.23455906190874387, 29.59999999999999432, 62.15818613606688814 ) ) ;
#2117 = CARTESIAN_POINT ( 'NONE',  ( -29.94249175421643372, 29.59999999999999432, 65.73510921298995413 ) ) ;
#2118 = CARTESIAN_POINT ( 'NONE',  ( -17.80846246134569100, 28.99999999999998934, 63.03125137803056077 ) ) ;
#2119 = ADVANCED_FACE ( 'NONE', ( #8552 ), #6426, .F. ) ;
#2120 = ORIENTED_EDGE ( 'NONE', *, *, #5224, .T. ) ;
#2121 = CARTESIAN_POINT ( 'NONE',  ( -23.13479944652413778, 29.59999999999999432, 63.49863084760534804 ) ) ;
#2122 = VERTEX_POINT ( 'NONE', #7738 ) ;
#2123 = FACE_OUTER_BOUND ( 'NONE', #8138, .T. ) ;
#2124 = ORIENTED_EDGE ( 'NONE', *, *, #5560, .F. ) ;
#2125 = CARTESIAN_POINT ( 'NONE',  ( -18.81328502344721088, 29.59999999999999432, 64.74532555914380794 ) ) ;
#2126 = CARTESIAN_POINT ( 'NONE',  ( -22.32800858113952103, 29.59999999999999432, 65.79280152068227494 ) ) ;
#2127 = AXIS2_PLACEMENT_3D ( 'NONE', #9291, #7850, #4047 ) ;
#2128 = CARTESIAN_POINT ( 'NONE',  ( -12.08933566429850792, 28.99999999999998579, 65.58481777482309383 ) ) ;
#2129 = CARTESIAN_POINT ( 'NONE',  ( -11.96755893964460959, 29.60000000000000497, 65.75380239408757177 ) ) ;
#2130 = EDGE_CURVE ( 'NONE', #594, #7037, #405, .T. ) ;
#2131 = CARTESIAN_POINT ( 'NONE',  ( -16.12312366653454276, 28.99999999999999289, 65.49510732829479309 ) ) ;
#2132 = VECTOR ( 'NONE', #2391, 1000.000000000000000 ) ;
#2133 = PERSON_AND_ORGANIZATION ( #1867, #1846 ) ;
#2134 = ORIENTED_EDGE ( 'NONE', *, *, #7386, .F. ) ;
#2135 = EDGE_LOOP ( 'NONE', ( #7058, #1102, #3761, #28 ) ) ;
#2136 = EDGE_CURVE ( 'NONE', #3260, #9333, #7876, .T. ) ;
#2137 = AXIS2_PLACEMENT_3D ( 'NONE', #8214, #1615, #4555 ) ;
#2138 = LINE ( 'NONE', #3043, #1666 ) ;
#2139 = VECTOR ( 'NONE', #3199, 1000.000000000000000 ) ;
#2140 = LINE ( 'NONE', #7243, #5465 ) ;
#2141 = VECTOR ( 'NONE', #76, 1000.000000000000114 ) ;
#2142 = CARTESIAN_POINT ( 'NONE',  ( -26.30787636960106468, 28.99999999999999289, 65.44664767452843535 ) ) ;
#2143 = CARTESIAN_POINT ( 'NONE',  ( -13.51249982747121337, 29.60000000000000142, 63.95093916350447216 ) ) ;
#2144 = CARTESIAN_POINT ( 'NONE',  ( -108.1333333333331268, 19.66666666666687391, 63.16666666666656482 ) ) ;
#2145 = DIRECTION ( 'NONE',  ( -0.7071067811865378028, 0.7071067811865573427, -9.185433182841793626E-17 ) ) ;
#2146 = CARTESIAN_POINT ( 'NONE',  ( -18.35787686887723069, 29.60000000000000142, 65.20056175677522958 ) ) ;
#2147 = LINE ( 'NONE', #2094, #5225 ) ;
#2148 = ADVANCED_FACE ( 'NONE', ( #4884 ), #5660, .T. ) ;
#2149 = AXIS2_PLACEMENT_3D ( 'NONE', #3694, #8079, #3783 ) ;
#2150 = AXIS2_PLACEMENT_3D ( 'NONE', #3957, #381, #5544 ) ;
#2151 = EDGE_CURVE ( 'NONE', #4223, #8626, #9319, .T. ) ;
#2152 = CARTESIAN_POINT ( 'NONE',  ( -29.09693886960105047, 28.99999999999999289, 62.62062603991304144 ) ) ;
#2153 = ORIENTED_EDGE ( 'NONE', *, *, #834, .T. ) ;
#2154 = CARTESIAN_POINT ( 'NONE',  ( -27.13472108392920390, 28.99999999999998934, 62.50642618244722826 ) ) ;
#2155 = CARTESIAN_POINT ( 'NONE',  ( -28.06749175421644082, 29.00000000000000355, 62.15818613606689524 ) ) ;
#2156 = EDGE_CURVE ( 'NONE', #3587, #713, #6428, .T. ) ;
#2157 = CARTESIAN_POINT ( 'NONE',  ( -24.63479944652414133, 28.99999999999999289, 64.69664767452843535 ) ) ;
#2158 = CARTESIAN_POINT ( 'NONE',  ( -14.17710970574540674, 29.60000000000000142, 63.71230181931436221 ) ) ;
#2159 = CARTESIAN_POINT ( 'NONE',  ( -102.7999999999999972, 29.50000000000001066, 13.74999999999999822 ) ) ;
#2160 = PLANE ( 'NONE',  #2607 ) ;
#2161 = FACE_OUTER_BOUND ( 'NONE', #6600, .T. ) ;
#2162 = ORIENTED_EDGE ( 'NONE', *, *, #3186, .T. ) ;
#2163 = ORIENTED_EDGE ( 'NONE', *, *, #5272, .F. ) ;
#2164 = EDGE_LOOP ( 'NONE', ( #6488, #5413, #8989, #6361 ) ) ;
#2165 = CARTESIAN_POINT ( 'NONE',  ( -10.76452022730657987, 29.59999999999998010, 66.22015092299592709 ) ) ;
#2166 = EDGE_LOOP ( 'NONE', ( #8106, #5437, #5876, #9530, #230 ) ) ;
#2167 = LINE ( 'NONE', #9535, #6590 ) ;
#2168 = CARTESIAN_POINT ( 'NONE',  ( -102.2999999999999687, 30.99999999999998579, 0.5000000000000281997 ) ) ;
#2169 = DIRECTION ( 'NONE',  ( 0.000000000000000000, 0.000000000000000000, -1.000000000000000000 ) ) ;
#2170 = CARTESIAN_POINT ( 'NONE',  ( -10.80909240477128996, 29.60000000000000142, 63.34405806632992153 ) ) ;
#2171 = CARTESIAN_POINT ( 'NONE',  ( -16.69033639614727704, 29.59999999999998366, 62.69207977723232972 ) ) ;
#2172 = CARTESIAN_POINT ( 'NONE',  ( -18.74522023595756792, 29.00000000000000000, 62.20000212056062594 ) ) ;
#2173 = VERTEX_POINT ( 'NONE', #7298 ) ;
#2174 = CARTESIAN_POINT ( 'NONE',  ( -15.00128113045912492, 28.99999999999998934, 64.25881946426676450 ) ) ;
#2175 = ORIENTED_EDGE ( 'NONE', *, *, #3725, .T. ) ;
#2176 = EDGE_CURVE ( 'NONE', #1656, #2173, #2531, .T. ) ;
#2177 = CARTESIAN_POINT ( 'NONE',  ( -14.89508608478135976, 29.00000000000000355, 62.33407319236056310 ) ) ;
#2178 = VERTEX_POINT ( 'NONE', #3635 ) ;
#2179 = CARTESIAN_POINT ( 'NONE',  ( -27.46209794515909053, 28.99999999999999645, 64.37723300200336496 ) ) ;
#2180 = CARTESIAN_POINT ( 'NONE',  ( -22.82691024684573122, 29.59999999999998721, 65.23730005079185901 ) ) ;
#2181 = DIRECTION ( 'NONE',  ( 9.011550524554840736E-17, -1.000000000000000000, 0.000000000000000000 ) ) ;
#2182 = CARTESIAN_POINT ( 'NONE',  ( -102.7999999999999972, 30.49999999999994316, 73.00000000000000000 ) ) ;
#2183 = DIRECTION ( 'NONE',  ( -0.7071067811865435759, 0.7071067811865513475, 0.000000000000000000 ) ) ;
#2184 = ORIENTED_EDGE ( 'NONE', *, *, #1613, .T. ) ;
#2185 = ORIENTED_EDGE ( 'NONE', *, *, #7002, .T. ) ;
#2186 = ADVANCED_FACE ( 'NONE', ( #8028 ), #784, .T. ) ;
#2187 = CARTESIAN_POINT ( 'NONE',  ( -27.55251316909659209, 29.00000000000001421, 65.50773520534546890 ) ) ;
#2188 = EDGE_CURVE ( 'NONE', #5249, #9383, #4454, .T. ) ;
#2189 = CARTESIAN_POINT ( 'NONE',  ( -14.47431075229395425, 29.59999999999999787, 62.76519222705402257 ) ) ;
#2190 = CARTESIAN_POINT ( 'NONE',  ( -23.66904229294084061, 29.59999999999999076, 64.36983560347518107 ) ) ;
#2191 = CARTESIAN_POINT ( 'NONE',  ( -15.60595329267797737, 28.99999999999999289, 62.90818613606688814 ) ) ;
#2192 = PLANE ( 'NONE',  #3215 ) ;
#2193 = CARTESIAN_POINT ( 'NONE',  ( -40.73095329267798093, 29.59999999999999076, 63.48691209760534804 ) ) ;
#2194 = CARTESIAN_POINT ( 'NONE',  ( -27.90642156006970964, 29.60000000000000142, 62.93076356351277667 ) ) ;
#2195 = CARTESIAN_POINT ( 'NONE',  ( -28.43799613928030112, 29.59999999999998721, 65.81174341285539242 ) ) ;
#2196 = ORIENTED_EDGE ( 'NONE', *, *, #1098, .F. ) ;
#2197 = CARTESIAN_POINT ( 'NONE',  ( -20.53864560037029108, 28.99999999999999289, 65.79280152068227494 ) ) ;
#2198 = CARTESIAN_POINT ( 'NONE',  ( -27.75839843943855101, 29.59999999999998721, 62.18436144438678070 ) ) ;
#2199 = CARTESIAN_POINT ( 'NONE',  ( -15.97596560856719172, 29.59999999999999432, 63.06632603248693414 ) ) ;
#2200 = CARTESIAN_POINT ( 'NONE',  ( -12.75018406190874742, 29.59999999999999787, 63.49863084760536225 ) ) ;
#2201 = FACE_OUTER_BOUND ( 'NONE', #4816, .T. ) ;
#2202 = CARTESIAN_POINT ( 'NONE',  ( -36.27734066978234750, 29.60000000000000497, 63.96705528379479944 ) ) ;
#2203 = ORIENTED_EDGE ( 'NONE', *, *, #8018, .T. ) ;
#2204 = EDGE_CURVE ( 'NONE', #3132, #4383, #341, .T. ) ;
#2205 = EDGE_LOOP ( 'NONE', ( #2424, #1026, #7263, #6115 ) ) ;
#2206 = LINE ( 'NONE', #1281, #5623 ) ;
#2207 = CARTESIAN_POINT ( 'NONE',  ( -2.500000000000042188, 11.33012701892215723, 20.79999999999999716 ) ) ;
#2208 = CARTESIAN_POINT ( 'NONE',  ( -28.65308778580784477, 28.99999999999998579, 63.79798788449920721 ) ) ;
#2209 = FACE_OUTER_BOUND ( 'NONE', #4276, .T. ) ;
#2210 = CARTESIAN_POINT ( 'NONE',  ( -13.28442690832544493, 28.99999999999998934, 64.36983560347516686 ) ) ;
#2211 = CARTESIAN_POINT ( 'NONE',  ( -16.03195428053279770, 28.99999999999999289, 63.15307011277140958 ) ) ;
#2212 = CARTESIAN_POINT ( 'NONE',  ( -23.97601086438361051, 29.00000000000000355, 63.67257558265119854 ) ) ;
#2213 = CARTESIAN_POINT ( 'NONE',  ( -37.09453502344721443, 28.99999999999998934, 62.15818613606688814 ) ) ;
#2214 = EDGE_LOOP ( 'NONE', ( #7938, #3646, #7044, #3747, #954, #2983 ) ) ;
#2215 = ORIENTED_EDGE ( 'NONE', *, *, #9445, .T. ) ;
#2216 = CARTESIAN_POINT ( 'NONE',  ( -12.33172184281126960, 29.59999999999999787, 62.91361374662000827 ) ) ;
#2217 = ORIENTED_EDGE ( 'NONE', *, *, #808, .F. ) ;
#2218 = FACE_OUTER_BOUND ( 'NONE', #6392, .T. ) ;
#2219 = EDGE_CURVE ( 'NONE', #9026, #724, #2282, .T. ) ;
#2220 = CARTESIAN_POINT ( 'NONE',  ( -23.34816294997574460, 29.59999999999999787, 64.75105750859907516 ) ) ;
#2221 = CARTESIAN_POINT ( 'NONE',  ( -35.30787636960106113, 29.59999999999999432, 64.69664767452843535 ) ) ;
#2222 = CARTESIAN_POINT ( 'NONE',  ( -12.18672748042501830, 28.99999999999998934, 65.47993683651776564 ) ) ;
#2223 = CARTESIAN_POINT ( 'NONE',  ( -27.46172252344721088, 28.99999999999999645, 64.43883517452844956 ) ) ;
#2224 = ORIENTED_EDGE ( 'NONE', *, *, #4844, .T. ) ;
#2225 = VERTEX_POINT ( 'NONE', #8835 ) ;
#2226 = CARTESIAN_POINT ( 'NONE',  ( -28.06749175421643727, 29.59999999999999432, 65.96587844375919474 ) ) ;
#2227 = AXIS2_PLACEMENT_3D ( 'NONE', #1180, #2633, #5573 ) ;
#2228 = CARTESIAN_POINT ( 'NONE',  ( -14.56173933269421994, 29.60000000000000497, 62.63900911233363900 ) ) ;
#2229 = AXIS2_PLACEMENT_3D ( 'NONE', #2493, #6105, #5428 ) ;
#2230 = DIRECTION ( 'NONE',  ( -0.7071067811865435759, 0.7071067811865513475, 0.000000000000000000 ) ) ;
#2231 = CARTESIAN_POINT ( 'NONE',  ( -22.67149696965403649, 29.59999999999999432, 62.15919151790432551 ) ) ;
#2232 = CARTESIAN_POINT ( 'NONE',  ( -29.94249175421643372, 29.59999999999999432, 64.98781353991303433 ) ) ;
#2233 = CARTESIAN_POINT ( 'NONE',  ( -5.000000000000000000, 28.99999999999999645, 73.00000000000000000 ) ) ;
#2234 = CARTESIAN_POINT ( 'NONE',  ( -36.00537346953992568, 28.99999999999998934, 63.24522073084454377 ) ) ;
#2235 = VECTOR ( 'NONE', #8855, 1000.000000000000000 ) ;
#2236 = EDGE_CURVE ( 'NONE', #8041, #8373, #7346, .T. ) ;
#2237 = DIRECTION ( 'NONE',  ( 1.418996708365486154E-16, -1.000000000000000000, -0.000000000000000000 ) ) ;
#2238 = ORIENTED_EDGE ( 'NONE', *, *, #726, .T. ) ;
#2239 = AXIS2_PLACEMENT_3D ( 'NONE', #973, #6035, #8970 ) ;
#2240 = CARTESIAN_POINT ( 'NONE',  ( -16.19154932426939197, 28.99999999999998224, 63.79798788449920721 ) ) ;
#2241 = DIRECTION ( 'NONE',  ( -1.000000000000000000, -9.011550524554840736E-17, 0.000000000000000000 ) ) ;
#2242 = DIRECTION ( 'NONE',  ( 0.000000000000000000, -1.000000000000000000, 0.000000000000000000 ) ) ;
#2243 = DIRECTION ( 'NONE',  ( 1.418996708365486401E-16, -1.000000000000000000, 0.000000000000000000 ) ) ;
#2244 = CARTESIAN_POINT ( 'NONE',  ( -13.61556867729336062, 29.59999999999999432, 66.65818613606688814 ) ) ;
#2245 = CARTESIAN_POINT ( 'NONE',  ( -15.09097470755813220, 29.59999999999999076, 65.50773520534546890 ) ) ;
#2246 = ORIENTED_EDGE ( 'NONE', *, *, #5218, .F. ) ;
#2247 = ORIENTED_EDGE ( 'NONE', *, *, #3004, .F. ) ;
#2248 = CARTESIAN_POINT ( 'NONE',  ( -11.20082145516103012, 29.59999999999999076, 65.46604350304562558 ) ) ;
#2249 = VERTEX_POINT ( 'NONE', #8745 ) ;
#2250 = DIRECTION ( 'NONE',  ( 1.418996708365486154E-16, -1.000000000000000000, -0.000000000000000000 ) ) ;
#2251 = CARTESIAN_POINT ( 'NONE',  ( -20.37405153781887535, 29.60000000000000497, 64.08802397150157049 ) ) ;
#2252 = CARTESIAN_POINT ( 'NONE',  ( -13.21501104930647408, 28.99999999999999289, 64.46298851135722430 ) ) ;
#2253 = LINE ( 'NONE', #1535, #7627 ) ;
#2254 = CARTESIAN_POINT ( 'NONE',  ( -21.73919288628764335, 28.99999999999999645, 62.39826547171086446 ) ) ;
#2255 = LINE ( 'NONE', #8137, #6300 ) ;
#2256 = EDGE_CURVE ( 'NONE', #8848, #568, #3006, .T. ) ;
#2257 = EDGE_LOOP ( 'NONE', ( #7729, #4954, #1811, #4867 ) ) ;
#2258 = ORIENTED_EDGE ( 'NONE', *, *, #3271, .F. ) ;
#2259 = CARTESIAN_POINT ( 'NONE',  ( -17.71172252344721088, 29.59999999999999432, 63.51575825145150134 ) ) ;
#2260 = ADVANCED_FACE ( 'NONE', ( #3586 ), #6625, .F. ) ;
#2261 = ORIENTED_EDGE ( 'NONE', *, *, #1876, .T. ) ;
#2262 = LINE ( 'NONE', #7567, #2544 ) ;
#2263 = FACE_OUTER_BOUND ( 'NONE', #6021, .T. ) ;
#2264 = CARTESIAN_POINT ( 'NONE',  ( -13.16559625030211755, 28.99999999999999645, 64.52820154558349941 ) ) ;
#2265 = CARTESIAN_POINT ( 'NONE',  ( -12.52935322981418764, 28.99999999999999289, 65.15694757337564624 ) ) ;
#2266 = EDGE_CURVE ( 'NONE', #4043, #3202, #7395, .T. ) ;
#2267 = CARTESIAN_POINT ( 'NONE',  ( -19.59863756581046346, 29.60000000000000853, 63.14490640561967894 ) ) ;
#2268 = EDGE_LOOP ( 'NONE', ( #967, #4221, #1502, #8095 ) ) ;
#2269 = ORIENTED_EDGE ( 'NONE', *, *, #2888, .T. ) ;
#2270 = CARTESIAN_POINT ( 'NONE',  ( -37.09453502344721443, 29.59999999999999076, 62.15818613606688814 ) ) ;
#2271 = CARTESIAN_POINT ( 'NONE',  ( -29.39954863966775633, 29.59999999999999076, 65.63682640310038607 ) ) ;
#2272 = VECTOR ( 'NONE', #5747, 1000.000000000000000 ) ;
#2273 = CARTESIAN_POINT ( 'NONE',  ( -22.61917444652413423, 29.59999999999999432, 62.15818613606688814 ) ) ;
#2274 = CARTESIAN_POINT ( 'NONE',  ( -29.40026471190479640, 28.99999999999999289, 63.23950083977688053 ) ) ;
#2275 = VECTOR ( 'NONE', #5996, 1000.000000000000000 ) ;
#2276 = LINE ( 'NONE', #5220, #3969 ) ;
#2277 = CARTESIAN_POINT ( 'NONE',  ( -12.74806018564633803, 28.99999999999999645, 63.54180619720352041 ) ) ;
#2278 = CARTESIAN_POINT ( 'NONE',  ( -18.86647011960105758, 28.99999999999999289, 65.79280152068227494 ) ) ;
#2279 = CARTESIAN_POINT ( 'NONE',  ( -26.86163131962124595, 29.00000000000000000, 65.99894950184410902 ) ) ;
#2280 = AXIS2_PLACEMENT_3D ( 'NONE', #9082, #5951, #5279 ) ;
#2281 = AXIS2_PLACEMENT_3D ( 'NONE', #7998, #9336, #4185 ) ;
#2282 = LINE ( 'NONE', #7250, #6584 ) ;
#2283 = ORIENTED_EDGE ( 'NONE', *, *, #7497, .F. ) ;
#2284 = CARTESIAN_POINT ( 'NONE',  ( -22.27482348498567433, 28.99999999999999289, 64.74532555914380794 ) ) ;
#2285 = CARTESIAN_POINT ( 'NONE',  ( -16.19154932426939197, 29.59999999999999076, 63.79798788449920721 ) ) ;
#2286 = FACE_OUTER_BOUND ( 'NONE', #5365, .T. ) ;
#2287 = CARTESIAN_POINT ( 'NONE',  ( -11.67198745374678737, 29.00000000000000000, 63.42914323233809881 ) ) ;
#2288 = CARTESIAN_POINT ( 'NONE',  ( -23.13479944652413778, 29.59999999999999432, 63.49863084760534804 ) ) ;
#2289 = DIRECTION ( 'NONE',  ( -6.938893903907222856E-15, 1.000000000000000000, 9.637352644315709135E-16 ) ) ;
#2290 = VECTOR ( 'NONE', #7688, 1000.000000000000000 ) ;
#2291 = CARTESIAN_POINT ( 'NONE',  ( -15.52441801629155194, 29.59999999999999076, 65.96172314411872151 ) ) ;
#2292 = VECTOR ( 'NONE', #3257, 1000.000000000000000 ) ;
#2293 = ORIENTED_EDGE ( 'NONE', *, *, #409, .T. ) ;
#2294 = ORIENTED_EDGE ( 'NONE', *, *, #3352, .T. ) ;
#2295 =( GEOMETRIC_REPRESENTATION_CONTEXT ( 3 ) GLOBAL_UNCERTAINTY_ASSIGNED_CONTEXT ( ( #1928 ) ) GLOBAL_UNIT_ASSIGNED_CONTEXT ( ( #6860, #9119, #249 ) ) REPRESENTATION_CONTEXT ( 'NONE', 'WORKASPACE' ) );
#2296 = EDGE_CURVE ( 'NONE', #2563, #6414, #3334, .T. ) ;
#2297 = CARTESIAN_POINT ( 'NONE',  ( -11.72660964284166596, 29.60000000000000497, 64.90261414171139620 ) ) ;
#2298 = CARTESIAN_POINT ( 'NONE',  ( 0.000000000000000000, 0.000000000000000000, 73.00000000000000000 ) ) ;
#2299 = CARTESIAN_POINT ( 'NONE',  ( -16.07891133642853276, 29.59999999999999432, 65.63534013185690696 ) ) ;
#2300 = DIRECTION ( 'NONE',  ( -1.000000000000000000, 0.000000000000000000, 0.000000000000000000 ) ) ;
#2301 = DIRECTION ( 'NONE',  ( 1.418996708365486154E-16, -1.000000000000000000, -0.000000000000000000 ) ) ;
#2302 = DIRECTION ( 'NONE',  ( 1.000000000000000000, 0.000000000000000000, 0.000000000000000000 ) ) ;
#2303 = CARTESIAN_POINT ( 'NONE',  ( -21.38601194750131285, 29.59999999999999076, 62.76877923128868986 ) ) ;
#2304 = CARTESIAN_POINT ( 'NONE',  ( -17.71867996340585805, 28.99999999999999289, 63.45733378054433160 ) ) ;
#2305 = VERTEX_POINT ( 'NONE', #6816 ) ;
#2306 = ORIENTED_EDGE ( 'NONE', *, *, #5844, .F. ) ;
#2307 = CARTESIAN_POINT ( 'NONE',  ( -7.499999999999961808, -3.892893218813348710, 32.99999999999999289 ) ) ;
#2308 = ORIENTED_EDGE ( 'NONE', *, *, #7356, .F. ) ;
#2309 = FACE_OUTER_BOUND ( 'NONE', #3243, .T. ) ;
#2310 = CARTESIAN_POINT ( 'NONE',  ( -21.23249495232140305, 28.99999999999999289, 66.00964228596717476 ) ) ;
#2311 = LINE ( 'NONE', #768, #835 ) ;
#2312 = CARTESIAN_POINT ( 'NONE',  ( -26.61042363297770663, 28.99999999999999289, 63.98370710216788382 ) ) ;
#2313 = EDGE_CURVE ( 'NONE', #2305, #9036, #8351, .T. ) ;
#2314 = CARTESIAN_POINT ( 'NONE',  ( -12.29611306526123116, 29.60000000000000142, 65.37448389340198673 ) ) ;
#2315 = CARTESIAN_POINT ( 'NONE',  ( -19.67326098498567433, 29.59999999999999787, 63.49863084760536225 ) ) ;
#2316 = EDGE_LOOP ( 'NONE', ( #8967, #7014 ) ) ;
#2317 = VERTEX_POINT ( 'NONE', #8258 ) ;
#2318 = PLANE ( 'NONE',  #8129 ) ;
#2319 = ORIENTED_EDGE ( 'NONE', *, *, #173, .F. ) ;
#2320 = CARTESIAN_POINT ( 'NONE',  ( -28.06749175421644082, 28.99999999999998934, 62.90818613606689524 ) ) ;
#2321 = EDGE_CURVE ( 'NONE', #9120, #8503, #8310, .T. ) ;
#2322 = FACE_OUTER_BOUND ( 'NONE', #3555, .T. ) ;
#2323 = CARTESIAN_POINT ( 'NONE',  ( -17.01626429889772396, 28.99999999999999645, 65.28727902373810821 ) ) ;
#2324 = CARTESIAN_POINT ( 'NONE',  ( -23.63327634390308063, 29.00000000000000711, 62.50708212844769207 ) ) ;
#2325 = CARTESIAN_POINT ( 'NONE',  ( -14.40009285808278783, 29.00000000000000355, 65.99894950184412323 ) ) ;
#2326 = FACE_BOUND ( 'NONE', #1049, .T. ) ;
#2327 = CARTESIAN_POINT ( 'NONE',  ( -26.69585462542982057, 29.00000000000000711, 65.51695453929460200 ) ) ;
#2328 = ORIENTED_EDGE ( 'NONE', *, *, #3799, .F. ) ;
#2329 = CARTESIAN_POINT ( 'NONE',  ( -18.86647011960105758, 28.99999999999999289, 65.79280152068227494 ) ) ;
#2330 = ORIENTED_EDGE ( 'NONE', *, *, #7741, .T. ) ;
#2331 = B_SPLINE_SURFACE_WITH_KNOTS ( 'NONE', 3, 1, ( 
 ( #4517, #5194 ),
 ( #3025, #4566 ),
 ( #5962, #3179 ),
 ( #35, #999 ),
 ( #2400, #5338 ),
 ( #8279, #801 ),
 ( #2303, #130 ),
 ( #6109, #2451 ),
 ( #5389, #8327 ),
 ( #7606, #2977 ),
 ( #8856, #2254 ),
 ( #9281, #3313 ),
 ( #7747, #273 ),
 ( #1821, #2638 ),
 ( #9239, #324 ),
 ( #2497, #1047 ),
 ( #3226, #2679 ),
 ( #3944, #7655 ),
 ( #4756, #2590 ) ),
 .UNSPECIFIED., .F., .F., .F.,
 ( 4, 1, 1, 1, 1, 1, 1, 1, 1, 1, 1, 1, 1, 1, 1, 1, 4 ),
 ( 2, 2 ),
 ( 0.000000000000000000, 0.07942773837476271859, 0.1539976939993293603, 0.2241189499674203778, 0.2899050271283510893, 0.3526968565844615933, 0.4126842950548520461, 0.4705649759878932081, 0.5274252800728549406, 0.5837531208169127739, 0.6399844070010037855, 0.6966154639853048280, 0.7537516678721120078, 0.8127258630658229510, 0.8729762494242104820, 0.9350413902325094284, 1.000000000000000000 ),
 ( 0.000000000000000000, 1.000000000000000000 ),
 .UNSPECIFIED. ) ;
#2333 = CARTESIAN_POINT ( 'NONE',  ( -4.999999999999990230, 2.428612866367529932E-14, 20.79999999999999716 ) ) ;
#2332 = B_SPLINE_CURVE_WITH_KNOTS ( 'NONE', 1,
 ( #3897, #5961 ),
 .UNSPECIFIED., .F., .F.,
 ( 2, 2 ),
 ( 0.000000000000000000, 0.001870828693387075348 ),
 .UNSPECIFIED. ) ;
#2334 = CARTESIAN_POINT ( 'NONE',  ( -36.55213426904464313, 28.99999999999999289, 63.78651942051052970 ) ) ;
#2335 = CARTESIAN_POINT ( 'NONE',  ( -102.0000000000000000, 29.49999999999999645, 34.75000000000000000 ) ) ;
#2336 = DIRECTION ( 'NONE',  ( 0.000000000000000000, 0.000000000000000000, -1.000000000000000000 ) ) ;
#2337 = CARTESIAN_POINT ( 'NONE',  ( -14.34306691004332279, 28.99999999999999289, 63.03068880420723019 ) ) ;
#2338 = CARTESIAN_POINT ( 'NONE',  ( -15.07186216056563843, 28.99999999999998934, 63.44141690147067436 ) ) ;
#2339 = FACE_OUTER_BOUND ( 'NONE', #3877, .T. ) ;
#2340 = VERTEX_POINT ( 'NONE', #7541 ) ;
#2341 = CARTESIAN_POINT ( 'NONE',  ( -18.57910589730029827, 29.00000000000000711, 63.57040566043745144 ) ) ;
#2342 = B_SPLINE_SURFACE_WITH_KNOTS ( 'NONE', 3, 1, ( 
 ( #5690, #567 ),
 ( #2029, #9442 ),
 ( #4958, #7902 ),
 ( #1295, #7956 ),
 ( #8187, #909 ),
 ( #8285, #7417 ),
 ( #7462, #1686 ),
 ( #5923, #805 ),
 ( #7565, #231 ),
 ( #3749, #4624 ),
 ( #9002, #6691 ),
 ( #955, #7372 ),
 ( #6839, #1582 ),
 ( #3903, #2404 ),
 ( #3183, #85 ),
 ( #6114, #5343 ),
 ( #7513, #3131 ),
 ( #8909, #9051 ),
 ( #2355, #2458 ) ),
 .UNSPECIFIED., .F., .F., .F.,
 ( 4, 1, 1, 1, 1, 1, 1, 1, 1, 1, 1, 1, 1, 1, 1, 1, 4 ),
 ( 2, 2 ),
 ( 0.000000000000000000, 0.1008389819510992630, 0.1933066405743759653, 0.2774093235198732410, 0.3537258974623241903, 0.4222416857313558425, 0.4821502873790082799, 0.5344086373151103464, 0.5793684589269336715, 0.6558129896578059892, 0.7210347404661472392, 0.7764319497354988941, 0.8239878864249199353, 0.8679002289660953107, 0.9108676256988149644, 0.9548855603064191344, 1.000000000000000000 ),
 ( 0.000000000000000000, 1.000000000000000000 ),
 .UNSPECIFIED. ) ;
#2343 = ORIENTED_EDGE ( 'NONE', *, *, #8860, .T. ) ;
#2344 = CARTESIAN_POINT ( 'NONE',  ( -12.41857060639455135, 29.59999999999999432, 64.21528985257820921 ) ) ;
#2345 = CARTESIAN_POINT ( 'NONE',  ( -20.13808797238340276, 29.00000000000000000, 64.46298851135722430 ) ) ;
#2346 = LINE ( 'NONE', #2448, #2071 ) ;
#2347 = CARTESIAN_POINT ( 'NONE',  ( -15.55207715434201532, 29.59999999999999787, 66.71432856657520460 ) ) ;
#2348 = CARTESIAN_POINT ( 'NONE',  ( -11.65403021575489895, 28.99999999999999645, 63.60049382837458865 ) ) ;
#2349 = CARTESIAN_POINT ( 'NONE',  ( -29.53834271648660348, 28.99999999999998934, 64.38684520668053324 ) ) ;
#2350 = CARTESIAN_POINT ( 'NONE',  ( -15.00055948362063063, 29.59999999999999787, 64.37723300200336496 ) ) ;
#2351 = ADVANCED_FACE ( 'NONE', ( #3829 ), #9075, .T. ) ;
#2352 = EDGE_LOOP ( 'NONE', ( #921, #6165, #7122, #9231 ) ) ;
#2353 = EDGE_CURVE ( 'NONE', #3181, #9443, #4548, .T. ) ;
#2354 = ORIENTED_EDGE ( 'NONE', *, *, #3228, .F. ) ;
#2355 = CARTESIAN_POINT ( 'NONE',  ( -15.60595329267797737, 29.59999999999999432, 65.96587844375919474 ) ) ;
#2356 = ORIENTED_EDGE ( 'NONE', *, *, #5093, .T. ) ;
#2357 = CARTESIAN_POINT ( 'NONE',  ( -12.80924094842827188, 28.99999999999999645, 62.24291216561618256 ) ) ;
#2358 = CARTESIAN_POINT ( 'NONE',  ( -28.22505071337787186, 28.99999999999999289, 66.71204181666459476 ) ) ;
#2359 = CARTESIAN_POINT ( 'NONE',  ( -21.19370778938668565, 29.59999999999999076, 63.34405806632992153 ) ) ;
#2360 = CARTESIAN_POINT ( 'NONE',  ( -11.65403021575489895, 28.99999999999999289, 63.60049382837458865 ) ) ;
#2361 = DIRECTION ( 'NONE',  ( -1.000000000000000000, -1.418996708365486154E-16, 0.000000000000000000 ) ) ;
#2362 = CARTESIAN_POINT ( 'NONE',  ( -19.45613723209827128, 29.59999999999999787, 62.99015779656225078 ) ) ;
#2363 = ORIENTED_EDGE ( 'NONE', *, *, #7773, .T. ) ;
#2364 = VERTEX_POINT ( 'NONE', #1752 ) ;
#2365 = DIRECTION ( 'NONE',  ( -0.6546536707035480740, -0.6546536707035300884, -0.3779644730246011775 ) ) ;
#2366 = ORIENTED_EDGE ( 'NONE', *, *, #2236, .F. ) ;
#2367 = CARTESIAN_POINT ( 'NONE',  ( -13.17927060037028397, 29.59999999999999432, 64.51095055914380794 ) ) ;
#2368 = CARTESIAN_POINT ( 'NONE',  ( -28.63666349158155100, 28.99999999999999289, 65.21674205202072017 ) ) ;
#2369 = CARTESIAN_POINT ( 'NONE',  ( -16.93801017812930709, 28.99999999999999645, 65.63682640310038607 ) ) ;
#2370 = CARTESIAN_POINT ( 'NONE',  ( -23.95150619660182656, 29.00000000000001776, 63.01430761348149190 ) ) ;
#2371 = CARTESIAN_POINT ( 'NONE',  ( -14.48962103487952113, 29.60000000000000142, 66.14854865925745742 ) ) ;
#2372 = EDGE_CURVE ( 'NONE', #8503, #8953, #7637, .T. ) ;
#2373 = CARTESIAN_POINT ( 'NONE',  ( -12.74562901967800421, 28.99999999999999289, 63.36872890603537201 ) ) ;
#2374 = CARTESIAN_POINT ( 'NONE',  ( -27.76179556018020378, 29.59999999999999787, 63.00359796145249902 ) ) ;
#2375 = ORIENTED_EDGE ( 'NONE', *, *, #1975, .T. ) ;
#2376 = EDGE_CURVE ( 'NONE', #4802, #5907, #6912, .T. ) ;
#2377 = VECTOR ( 'NONE', #7221, 1000.000000000000000 ) ;
#2378 = AXIS2_PLACEMENT_3D ( 'NONE', #3174, #3740, #124 ) ;
#2379 = PLANE ( 'NONE',  #4117 ) ;
#2380 = EDGE_LOOP ( 'NONE', ( #5816, #5246, #138, #8526 ) ) ;
#2381 = EDGE_CURVE ( 'NONE', #8774, #6327, #6187, .T. ) ;
#2382 = DIRECTION ( 'NONE',  ( -6.938893903907222067E-15, 1.000000000000000000, 0.000000000000000000 ) ) ;
#2383 = DIRECTION ( 'NONE',  ( 0.7071067811865573427, 0.000000000000000000, -0.7071067811865378028 ) ) ;
#2384 = CARTESIAN_POINT ( 'NONE',  ( -105.5000000000000000, 30.49999999999994316, 55.24999999999995026 ) ) ;
#2385 = VECTOR ( 'NONE', #8914, 1000.000000000000114 ) ;
#2386 = CARTESIAN_POINT ( 'NONE',  ( -14.58011194652413067, 29.59999999999999432, 62.61521738606688814 ) ) ;
#2387 = CARTESIAN_POINT ( 'NONE',  ( -33.63479944652413423, 28.99999999999999289, 65.44664767452843535 ) ) ;
#2388 = CARTESIAN_POINT ( 'NONE',  ( -15.00018406190874742, 28.99999999999999289, 64.43883517452843535 ) ) ;
#2389 = EDGE_CURVE ( 'NONE', #1432, #9160, #2867, .T. ) ;
#2390 = ORIENTED_EDGE ( 'NONE', *, *, #2296, .T. ) ;
#2391 = DIRECTION ( 'NONE',  ( -1.000000000000000000, 0.000000000000000000, 0.000000000000000000 ) ) ;
#2392 = EDGE_CURVE ( 'NONE', #8331, #5856, #5460, .T. ) ;
#2393 = VECTOR ( 'NONE', #1149, 1000.000000000000000 ) ;
#2394 = EDGE_LOOP ( 'NONE', ( #2416, #4238, #4532, #794 ) ) ;
#2395 = DIRECTION ( 'NONE',  ( -0.000000000000000000, 1.000000000000000000, -0.000000000000000000 ) ) ;
#2396 = CARTESIAN_POINT ( 'NONE',  ( -21.22737290504894503, 29.00000000000000000, 63.18135675046038102 ) ) ;
#2397 = CARTESIAN_POINT ( 'NONE',  ( -36.00537346953992568, 29.59999999999998721, 63.24522073084454377 ) ) ;
#2398 = DIRECTION ( 'NONE',  ( 1.418996708365486154E-16, -1.000000000000000000, -0.000000000000000000 ) ) ;
#2399 = DIRECTION ( 'NONE',  ( -0.7071067811865573427, 3.302478128241177335E-15, -0.7071067811865378028 ) ) ;
#2400 = CARTESIAN_POINT ( 'NONE',  ( -21.27000092288415090, 29.59999999999998721, 63.03125137803056077 ) ) ;
#2401 = CARTESIAN_POINT ( 'NONE',  ( -14.58011194652413067, 29.59999999999999432, 62.61521738606688814 ) ) ;
#2402 = VERTEX_POINT ( 'NONE', #252 ) ;
#2403 = ORIENTED_EDGE ( 'NONE', *, *, #1729, .F. ) ;
#2404 = CARTESIAN_POINT ( 'NONE',  ( -15.30112086775648983, 29.00000000000001421, 65.87175899687416347 ) ) ;
#2405 = EDGE_LOOP ( 'NONE', ( #3427, #6525, #7843, #5457, #1541, #4559 ) ) ;
#2406 = CARTESIAN_POINT ( 'NONE',  ( -12.67730561523808674, 29.59999999999999787, 62.20551655094875798 ) ) ;
#2407 = ADVANCED_FACE ( 'NONE', ( #8979 ), #2379, .T. ) ;
#2408 = CARTESIAN_POINT ( 'NONE',  ( -21.32207603832620535, 29.00000000000000711, 65.83850817306101533 ) ) ;
#2409 = CARTESIAN_POINT ( 'NONE',  ( -0.1666666666640271577, 0.3333333333360056772, 30.86666666666793901 ) ) ;
#2410 = CARTESIAN_POINT ( 'NONE',  ( -26.65715496316254374, 29.60000000000000497, 63.58466785123027876 ) ) ;
#2411 = CARTESIAN_POINT ( 'NONE',  ( -27.98541877268479539, 29.00000000000000355, 62.91171570126547152 ) ) ;
#2412 = CARTESIAN_POINT ( 'NONE',  ( -30.70150617729335707, 29.59999999999999432, 64.98510921298996834 ) ) ;
#2413 = ORIENTED_EDGE ( 'NONE', *, *, #8381, .F. ) ;
#2414 = ORIENTED_EDGE ( 'NONE', *, *, #2130, .T. ) ;
#2415 = CARTESIAN_POINT ( 'NONE',  ( -16.21172252344721443, 29.59999999999999787, 64.43883517452844956 ) ) ;
#2416 = ORIENTED_EDGE ( 'NONE', *, *, #7773, .F. ) ;
#2417 = CARTESIAN_POINT ( 'NONE',  ( -33.63479944652413423, 29.59999999999999432, 64.69664767452843535 ) ) ;
#2418 = CARTESIAN_POINT ( 'NONE',  ( -14.58011194652413067, 29.59999999999999432, 62.61521738606688814 ) ) ;
#2419 = ADVANCED_FACE ( 'NONE', ( #206 ), #1655, .T. ) ;
#2420 = CARTESIAN_POINT ( 'NONE',  ( -16.86864616177874510, 28.99999999999998934, 65.84268613212059051 ) ) ;
#2421 = CARTESIAN_POINT ( 'NONE',  ( -14.21160048034990098, 28.99999999999999645, 65.40187667010577854 ) ) ;
#2422 = FACE_BOUND ( 'NONE', #8772, .T. ) ;
#2423 = CARTESIAN_POINT ( 'NONE',  ( -4.999999999999997335, 1.040834085586097194E-14, 21.30000000000001847 ) ) ;
#2424 = ORIENTED_EDGE ( 'NONE', *, *, #6242, .T. ) ;
#2425 = EDGE_CURVE ( 'NONE', #2521, #1592, #677, .T. ) ;
#2426 = CARTESIAN_POINT ( 'NONE',  ( -15.00018406190874742, 29.59999999999999432, 64.43883517452843535 ) ) ;
#2427 = ORIENTED_EDGE ( 'NONE', *, *, #2557, .F. ) ;
#2428 = AXIS2_PLACEMENT_3D ( 'NONE', #2480, #107, #1028 ) ;
#2429 = LINE ( 'NONE', #3832, #2444 ) ;
#2430 = LINE ( 'NONE', #7640, #7619 ) ;
#2431 = CARTESIAN_POINT ( 'NONE',  ( 0.000000000000000000, 0.000000000000000000, 0.000000000000000000 ) ) ;
#2432 = ADVANCED_FACE ( 'NONE', ( #1896 ), #3889, .T. ) ;
#2433 = CARTESIAN_POINT ( 'NONE',  ( -15.63340017425727702, 29.59999999999999787, 62.90941351001680459 ) ) ;
#2434 = DIRECTION ( 'NONE',  ( 0.5663183426695788114, 0.000000000000000000, 0.8241865897695628274 ) ) ;
#2435 = CARTESIAN_POINT ( 'NONE',  ( -42.17326098498567433, 28.99999999999998934, 64.98510921298996834 ) ) ;
#2436 = AXIS2_PLACEMENT_3D ( 'NONE', #1106, #7030, #4232 ) ;
#2437 = ADVANCED_FACE ( 'NONE', ( #8827 ), #7338, .T. ) ;
#2438 = CONICAL_SURFACE ( 'NONE', #1053, 2.200000000000007283, 0.7853981633974560506 ) ;
#2439 = VERTEX_POINT ( 'NONE', #3626 ) ;
#2440 = CARTESIAN_POINT ( 'NONE',  ( -18.91673342055884532, 29.00000000000001066, 62.94336049078565054 ) ) ;
#2441 = VERTEX_POINT ( 'NONE', #6468 ) ;
#2442 = DIRECTION ( 'NONE',  ( 0.7071067811865573427, -0.7071067811865376918, 0.000000000000000000 ) ) ;
#2443 = EDGE_CURVE ( 'NONE', #7577, #4498, #4444, .T. ) ;
#2444 = VECTOR ( 'NONE', #6044, 1000.000000000000114 ) ;
#2445 = FACE_OUTER_BOUND ( 'NONE', #2106, .T. ) ;
#2446 = LINE ( 'NONE', #3020, #7621 ) ;
#2447 = VECTOR ( 'NONE', #3622, 1000.000000000000000 ) ;
#2448 = CARTESIAN_POINT ( 'NONE',  ( -102.0000000000000000, 30.99999999999998579, 36.95000000000000995 ) ) ;
#2449 = LINE ( 'NONE', #8901, #6589 ) ;
#2450 = LINE ( 'NONE', #364, #1927 ) ;
#2451 = CARTESIAN_POINT ( 'NONE',  ( -21.46076208845365940, 29.00000000000001776, 62.65746189122120313 ) ) ;
#2452 = CARTESIAN_POINT ( 'NONE',  ( -18.62875599786730518, 29.59999999999999432, 63.28251742388034273 ) ) ;
#2453 = VERTEX_POINT ( 'NONE', #1459 ) ;
#2454 = VECTOR ( 'NONE', #4057, 1000.000000000000000 ) ;
#2455 = AXIS2_PLACEMENT_3D ( 'NONE', #5716, #6534, #699 ) ;
#2456 = EDGE_LOOP ( 'NONE', ( #7877, #4633, #6178, #2794, #3844, #1913, #8098 ) ) ;
#2457 = ADVANCED_FACE ( 'NONE', ( #6566 ), #6516, .T. ) ;
#2458 = CARTESIAN_POINT ( 'NONE',  ( -15.60595329267797737, 29.00000000000000000, 65.96587844375919474 ) ) ;
#2459 = VERTEX_POINT ( 'NONE', #4304 ) ;
#2460 = LINE ( 'NONE', #3133, #7322 ) ;
#2461 = CARTESIAN_POINT ( 'NONE',  ( -28.77821193366274244, 29.00000000000000355, 66.54029313193365169 ) ) ;
#2462 = DIRECTION ( 'NONE',  ( -0.000000000000000000, -0.000000000000000000, -1.000000000000000000 ) ) ;
#2463 = CARTESIAN_POINT ( 'NONE',  ( -12.21653021575490072, 29.60000000000000142, 62.90818613606689524 ) ) ;
#2464 = CARTESIAN_POINT ( 'NONE',  ( -27.83180674040847791, 29.59999999999998721, 62.96026778614352537 ) ) ;
#2465 = CARTESIAN_POINT ( 'NONE',  ( -17.04971018510526548, 28.99999999999998934, 65.02582819320579688 ) ) ;
#2466 = ORIENTED_EDGE ( 'NONE', *, *, #7539, .T. ) ;
#2467 = EDGE_CURVE ( 'NONE', #5819, #856, #5743, .T. ) ;
#2468 = B_SPLINE_CURVE_WITH_KNOTS ( 'NONE', 3,
 ( #5403, #5493, #3139, #6848, #7573, #5351, #239, #4941, #6991, #9201, #288 ),
 .UNSPECIFIED., .F., .F.,
 ( 4, 1, 1, 1, 1, 1, 1, 1, 4 ),
 ( 0.000000000000000000, 0.1373282810095198536, 0.2673624217199562225, 0.3929794554192889700, 0.5142193435920626721, 0.6341860071116700581, 0.7543431548904964146, 0.8755707935165630840, 1.000000000000000000 ),
 .UNSPECIFIED. ) ;
#2469 = CARTESIAN_POINT ( 'NONE',  ( -23.97601086438361051, 29.00000000000000000, 63.67257558265119854 ) ) ;
#2470 = VERTEX_POINT ( 'NONE', #4969 ) ;
#2471 = CARTESIAN_POINT ( 'NONE',  ( -27.75839843943855101, 29.59999999999998721, 62.18436144438678070 ) ) ;
#2472 = CARTESIAN_POINT ( 'NONE',  ( -28.60146864846451464, 28.99999999999999289, 65.43292503068569488 ) ) ;
#2473 = CARTESIAN_POINT ( 'NONE',  ( -29.42863642830685222, 29.59999999999998721, 63.35036599760609732 ) ) ;
#2474 = CARTESIAN_POINT ( 'NONE',  ( -15.14583592714022053, 29.00000000000000000, 66.64864551477415944 ) ) ;
#2475 = CARTESIAN_POINT ( 'NONE',  ( -0.5000000000000350830, 0.2500000000000141553, 72.74999999999998579 ) ) ;
#2476 = PERSON_AND_ORGANIZATION_ROLE ( 'creator' ) ;
#2477 = ORIENTED_EDGE ( 'NONE', *, *, #6895, .T. ) ;
#2478 = EDGE_CURVE ( 'NONE', #2926, #5163, #8144, .T. ) ;
#2479 = EDGE_CURVE ( 'NONE', #5039, #1528, #630, .T. ) ;
#2480 = CARTESIAN_POINT ( 'NONE',  ( -32.59633790806259412, 29.59999999999999432, 65.73510921298995413 ) ) ;
#2481 = ORIENTED_EDGE ( 'NONE', *, *, #8978, .F. ) ;
#2482 = DIRECTION ( 'NONE',  ( -0.09745061871805378584, -1.382821071890983527E-17, -0.9952403613758178391 ) ) ;
#2483 = PLANE ( 'NONE',  #1460 ) ;
#2484 = DIRECTION ( 'NONE',  ( 1.000000000000000000, -2.159040943103389166E-13, 0.000000000000000000 ) ) ;
#2485 = CARTESIAN_POINT ( 'NONE',  ( -33.17326098498566722, 29.59999999999999432, 65.73510921298995413 ) ) ;
#2486 = DIRECTION ( 'NONE',  ( -0.5773502691896493788, -8.192581315540401477E-17, 0.8164965809277093811 ) ) ;
#2487 = CARTESIAN_POINT ( 'NONE',  ( -11.89020810037028397, 29.59999999999999787, 64.74532555914380794 ) ) ;
#2488 = LINE ( 'NONE', #313, #7158 ) ;
#2489 = ORIENTED_EDGE ( 'NONE', *, *, #2721, .F. ) ;
#2490 = CARTESIAN_POINT ( 'NONE',  ( -32.59633790806259412, 28.99999999999999289, 66.65818613606688814 ) ) ;
#2491 = VERTEX_POINT ( 'NONE', #8734 ) ;
#2492 = FACE_OUTER_BOUND ( 'NONE', #2166, .T. ) ;
#2493 = CARTESIAN_POINT ( 'NONE',  ( -102.0000000000000000, 30.99999999999998579, 34.75000000000000000 ) ) ;
#2494 = CARTESIAN_POINT ( 'NONE',  ( -22.68072844987662151, 28.99999999999998934, 65.37448389340197252 ) ) ;
#2495 = CARTESIAN_POINT ( 'NONE',  ( -15.37026827887001623, 29.59999999999999432, 62.96026778614352537 ) ) ;
#2496 = LINE ( 'NONE', #2541, #3163 ) ;
#2497 = CARTESIAN_POINT ( 'NONE',  ( -22.33905734270750187, 29.59999999999999432, 62.17655970823265932 ) ) ;
#2498 = CARTESIAN_POINT ( 'NONE',  ( -18.67928333100356753, 29.60000000000000142, 63.16216302194818866 ) ) ;
#2499 = ORIENTED_EDGE ( 'NONE', *, *, #1145, .F. ) ;
#2500 = EDGE_CURVE ( 'NONE', #4381, #250, #2138, .T. ) ;
#2501 = ORIENTED_EDGE ( 'NONE', *, *, #4237, .T. ) ;
#2502 = LINE ( 'NONE', #1828, #2902 ) ;
#2503 = ORIENTED_EDGE ( 'NONE', *, *, #2058, .F. ) ;
#2504 = LINE ( 'NONE', #4183, #8237 ) ;
#2505 = CARTESIAN_POINT ( 'NONE',  ( -18.64968656591859997, 29.60000000000000853, 64.90261414171138199 ) ) ;
#2506 = CARTESIAN_POINT ( 'NONE',  ( -15.09663838883182407, 28.99999999999999645, 63.34989286683612164 ) ) ;
#2507 = LINE ( 'NONE', #6943, #2536 ) ;
#2508 = CARTESIAN_POINT ( 'NONE',  ( -28.03973590639270341, 28.99999999999999289, 62.90937978192581426 ) ) ;
#2509 = CARTESIAN_POINT ( 'NONE',  ( -33.63479944652413423, 29.59999999999999432, 65.44664767452843535 ) ) ;
#2510 = DIRECTION ( 'NONE',  ( 1.000000000000000000, 0.000000000000000000, 0.000000000000000000 ) ) ;
#2511 = ORIENTED_EDGE ( 'NONE', *, *, #880, .T. ) ;
#2512 = CARTESIAN_POINT ( 'NONE',  ( -98.54999999999998295, 0.2500000000000140443, 70.50000000000001421 ) ) ;
#2513 = ORIENTED_EDGE ( 'NONE', *, *, #6390, .T. ) ;
#2514 = CARTESIAN_POINT ( 'NONE',  ( -27.46172252344721088, 29.59999999999999787, 64.43883517452844956 ) ) ;
#2515 = EDGE_CURVE ( 'NONE', #723, #893, #1584, .T. ) ;
#2516 = CARTESIAN_POINT ( 'NONE',  ( -28.67288288274470531, 28.99999999999999289, 64.50013680341083955 ) ) ;
#2517 = CARTESIAN_POINT ( 'NONE',  ( -29.53178707727594343, 29.59999999999999076, 64.13439342316210912 ) ) ;
#2518 = DIRECTION ( 'NONE',  ( -1.000000000000000000, 0.000000000000000000, -0.000000000000000000 ) ) ;
#2519 = LINE ( 'NONE', #1749, #2752 ) ;
#2520 = MECHANICAL_CONTEXT ( 'NONE', #7699, 'mechanical' ) ;
#2521 = VERTEX_POINT ( 'NONE', #9065 ) ;
#2522 = CARTESIAN_POINT ( 'NONE',  ( -28.62655850231620036, 29.59999999999999432, 63.56453297040035011 ) ) ;
#2523 = LINE ( 'NONE', #831, #289 ) ;
#2524 = CARTESIAN_POINT ( 'NONE',  ( -15.60595329267797737, 28.99999999999998579, 62.90818613606688814 ) ) ;
#2525 = DIRECTION ( 'NONE',  ( 1.000000000000000000, 1.390559900582610931E-16, 0.000000000000000000 ) ) ;
#2526 = FACE_OUTER_BOUND ( 'NONE', #944, .T. ) ;
#2527 = ADVANCED_FACE ( 'NONE', ( #1745 ), #6756, .T. ) ;
#2528 = CARTESIAN_POINT ( 'NONE',  ( -18.89063586272153472, 28.99999999999998934, 65.75380239408755756 ) ) ;
#2529 = CARTESIAN_POINT ( 'NONE',  ( -15.03170343199496806, 28.99999999999999289, 65.20271617773138928 ) ) ;
#2530 = LINE ( 'NONE', #5468, #3936 ) ;
#2531 = B_SPLINE_CURVE_WITH_KNOTS ( 'NONE', 3,
 ( #9415, #5082, #8880, #1422, #9518, #6478, #2865, #59, #5944, #2917, #2152 ),
 .UNSPECIFIED., .F., .F.,
 ( 4, 1, 1, 1, 1, 1, 1, 1, 4 ),
 ( 0.000000000000000000, 0.1373282810095199091, 0.2673624217199563891, 0.3929794554192891365, 0.5142193435920630051, 0.6341860071116703912, 0.7543431548904944162, 0.8755707935165611966, 1.000000000000000000 ),
 .UNSPECIFIED. ) ;
#2532 = VECTOR ( 'NONE', #9337, 1000.000000000000000 ) ;
#2533 = ORIENTED_EDGE ( 'NONE', *, *, #4922, .T. ) ;
#2534 = LINE ( 'NONE', #5331, #1050 ) ;
#2535 = ORIENTED_EDGE ( 'NONE', *, *, #7437, .T. ) ;
#2536 = VECTOR ( 'NONE', #5490, 1000.000000000000000 ) ;
#2537 = CARTESIAN_POINT ( 'NONE',  ( -36.92326098498567433, 28.99999999999998934, 66.65818613606688814 ) ) ;
#2538 = DIRECTION ( 'NONE',  ( -0.9952403613758177281, 0.000000000000000000, 0.09745061871805377196 ) ) ;
#2539 = CARTESIAN_POINT ( 'NONE',  ( -18.81328502344721088, 28.99999999999999289, 64.74532555914380794 ) ) ;
#2540 = CARTESIAN_POINT ( 'NONE',  ( -14.15908285263066446, 29.59999999999999432, 65.02136725860023603 ) ) ;
#2541 = CARTESIAN_POINT ( 'NONE',  ( -102.2999999999999687, 30.99999999999998579, 73.00000000000000000 ) ) ;
#2542 = CARTESIAN_POINT ( 'NONE',  ( -16.90618061347822731, 28.99999999999998579, 63.13411556731550434 ) ) ;
#2543 = CARTESIAN_POINT ( 'NONE',  ( -11.00139656288592249, 29.59999999999999787, 62.76877923128868986 ) ) ;
#2544 = VECTOR ( 'NONE', #958, 1000.000000000000114 ) ;
#2545 = VERTEX_POINT ( 'NONE', #2320 ) ;
#2546 = EDGE_CURVE ( 'NONE', #715, #6489, #3900, .T. ) ;
#2547 = ORIENTED_EDGE ( 'NONE', *, *, #1906, .F. ) ;
#2548 = CARTESIAN_POINT ( 'NONE',  ( -18.38531409687095675, 29.00000000000001066, 62.33386798170776188 ) ) ;
#2549 = ORIENTED_EDGE ( 'NONE', *, *, #6737, .F. ) ;
#2550 = CARTESIAN_POINT ( 'NONE',  ( -15.76380833032661677, 28.99999999999998579, 62.16198089314431030 ) ) ;
#2551 = LINE ( 'NONE', #5487, #9219 ) ;
#2552 = AXIS2_PLACEMENT_3D ( 'NONE', #123, #8897, #6010 ) ;
#2553 = CARTESIAN_POINT ( 'NONE',  ( -15.13299229606659857, 28.99999999999999645, 63.23871921102352900 ) ) ;
#2554 = LINE ( 'NONE', #4490, #5815 ) ;
#2555 = DIRECTION ( 'NONE',  ( -1.000000000000000000, 0.000000000000000000, 0.000000000000000000 ) ) ;
#2556 = DIRECTION ( 'NONE',  ( 1.418996708365486154E-16, -1.000000000000000000, -0.000000000000000000 ) ) ;
#2557 = EDGE_CURVE ( 'NONE', #8232, #6381, #4636, .T. ) ;
#2558 = FACE_OUTER_BOUND ( 'NONE', #3287, .T. ) ;
#2559 = CARTESIAN_POINT ( 'NONE',  ( -40.73095329267798093, 29.59999999999999076, 66.65818613606688814 ) ) ;
#2560 = ORIENTED_EDGE ( 'NONE', *, *, #5290, .F. ) ;
#2561 = ADVANCED_FACE ( 'NONE', ( #3961 ), #6805, .T. ) ;
#2562 = CARTESIAN_POINT ( 'NONE',  ( -15.08877108297605218, 29.59999999999999432, 63.37895490024526879 ) ) ;
#2563 = VERTEX_POINT ( 'NONE', #5407 ) ;
#2564 = CARTESIAN_POINT ( 'NONE',  ( -23.53729700939497604, 29.00000000000001421, 62.42470264681983849 ) ) ;
#2565 = CARTESIAN_POINT ( 'NONE',  ( -29.94249175421643372, 29.59999999999999432, 64.98781353991303433 ) ) ;
#2566 = EDGE_CURVE ( 'NONE', #5731, #1570, #8725, .T. ) ;
#2567 = CARTESIAN_POINT ( 'NONE',  ( -29.51121766315141670, 28.99999999999998934, 63.85094655720958912 ) ) ;
#2568 = DIRECTION ( 'NONE',  ( 0.000000000000000000, 0.000000000000000000, -1.000000000000000000 ) ) ;
#2569 = CARTESIAN_POINT ( 'NONE',  ( -20.10234752344721088, 29.59999999999999432, 64.51095055914380794 ) ) ;
#2570 = VERTEX_POINT ( 'NONE', #6078 ) ;
#2571 = CARTESIAN_POINT ( 'NONE',  ( -27.49324189353341907, 29.00000000000001421, 65.20271617773140349 ) ) ;
#2572 = CARTESIAN_POINT ( 'NONE',  ( -28.22810523835797625, 29.00000000000000711, 65.94370047351597464 ) ) ;
#2573 = DIRECTION ( 'NONE',  ( 1.000000000000000000, 0.000000000000000000, -0.000000000000000000 ) ) ;
#2574 = CARTESIAN_POINT ( 'NONE',  ( -31.73095329267797737, 29.59999999999999432, 63.48691209760534804 ) ) ;
#2575 = CARTESIAN_POINT ( 'NONE',  ( -11.93470012564859672, 28.99999999999999289, 64.70237932490229582 ) ) ;
#2576 = LINE ( 'NONE', #1808, #5526 ) ;
#2577 = CARTESIAN_POINT ( 'NONE',  ( -15.00018406190874742, 28.99999999999999289, 64.43883517452843535 ) ) ;
#2578 = ORIENTED_EDGE ( 'NONE', *, *, #639, .F. ) ;
#2579 = EDGE_CURVE ( 'NONE', #4041, #7016, #1125, .T. ) ;
#2580 = CARTESIAN_POINT ( 'NONE',  ( -26.65715496316254374, 29.00000000000000355, 63.58466785123027876 ) ) ;
#2581 = B_SPLINE_SURFACE_WITH_KNOTS ( 'NONE', 3, 1, ( 
 ( #9230, #2627 ),
 ( #5467, #7782 ),
 ( #356, #1131 ),
 ( #5567, #9175 ),
 ( #8407, #7012 ),
 ( #5516, #403 ),
 ( #8458, #6244 ) ),
 .UNSPECIFIED., .F., .F., .F.,
 ( 4, 1, 1, 1, 4 ),
 ( 2, 2 ),
 ( 0.000000000000000000, 0.2728587156736267949, 0.5256924094060726471, 0.7668504463701361074, 1.000000000000000000 ),
 ( 0.000000000000000000, 1.000000000000000000 ),
 .UNSPECIFIED. ) ;
#2582 = ORIENTED_EDGE ( 'NONE', *, *, #2856, .F. ) ;
#2583 = VECTOR ( 'NONE', #6314, 1000.000000000000000 ) ;
#2584 = CARTESIAN_POINT ( 'NONE',  ( -18.57710713883182763, 28.99999999999999289, 63.60049382837458865 ) ) ;
#2585 = FACE_OUTER_BOUND ( 'NONE', #205, .T. ) ;
#2586 = CARTESIAN_POINT ( 'NONE',  ( -22.74891277724744398, 29.59999999999999076, 65.30953555119603493 ) ) ;
#2587 = DIRECTION ( 'NONE',  ( 0.000000000000000000, 1.000000000000000000, 0.000000000000000000 ) ) ;
#2588 = CARTESIAN_POINT ( 'NONE',  ( -23.13267557026172838, 29.59999999999998721, 63.54180619720351331 ) ) ;
#2589 = VECTOR ( 'NONE', #1018, 1000.000000000000000 ) ;
#2590 = CARTESIAN_POINT ( 'NONE',  ( -22.61917444652413423, 29.00000000000000355, 62.15818613606688814 ) ) ;
#2591 = ORIENTED_EDGE ( 'NONE', *, *, #6557, .T. ) ;
#2592 = VECTOR ( 'NONE', #8841, 1000.000000000000000 ) ;
#2593 = EDGE_CURVE ( 'NONE', #9240, #2563, #7674, .T. ) ;
#2594 = ORIENTED_EDGE ( 'NONE', *, *, #8308, .T. ) ;
#2595 = AXIS2_PLACEMENT_3D ( 'NONE', #6182, #3102, #2518 ) ;
#2596 = CARTESIAN_POINT ( 'NONE',  ( -18.87751888116903842, 29.59999999999999432, 62.17655970823265932 ) ) ;
#2597 = AXIS2_PLACEMENT_3D ( 'NONE', #5941, #7392, #7343 ) ;
#2598 = ORIENTED_EDGE ( 'NONE', *, *, #3580, .F. ) ;
#2599 = CARTESIAN_POINT ( 'NONE',  ( -98.79999999999999716, 26.20710678118654258, 70.50000000000001421 ) ) ;
#2600 = FACE_OUTER_BOUND ( 'NONE', #3758, .T. ) ;
#2601 = LINE ( 'NONE', #5539, #6529 ) ;
#2602 = CARTESIAN_POINT ( 'NONE',  ( -13.17927060037028397, 29.59999999999999432, 64.51095055914380794 ) ) ;
#2603 = CARTESIAN_POINT ( 'NONE',  ( -32.59633790806259412, 29.59999999999999432, 66.65818613606688814 ) ) ;
#2604 = FACE_OUTER_BOUND ( 'NONE', #6075, .T. ) ;
#2605 = CARTESIAN_POINT ( 'NONE',  ( -17.06296751012145663, 29.59999999999999432, 64.88704742904303657 ) ) ;
#2606 = CARTESIAN_POINT ( 'NONE',  ( -40.73095329267798093, 29.59999999999999076, 64.98510921298996834 ) ) ;
#2607 = AXIS2_PLACEMENT_3D ( 'NONE', #4270, #4940, #3451 ) ;
#2608 = VECTOR ( 'NONE', #7334, 1000.000000000000000 ) ;
#2609 = EDGE_LOOP ( 'NONE', ( #5154, #4170, #1667, #8399 ) ) ;
#2610 = CARTESIAN_POINT ( 'NONE',  ( -3.000000000000031530, -3.999999999999948042, 21.30000000000002203 ) ) ;
#2611 = VERTEX_POINT ( 'NONE', #6225 ) ;
#2612 = CARTESIAN_POINT ( 'NONE',  ( -22.61917444652413423, 28.99999999999999289, 62.15818613606688814 ) ) ;
#2613 = CARTESIAN_POINT ( 'NONE',  ( -27.90804253137905278, 29.59999999999998721, 66.71129150193088719 ) ) ;
#2614 = DIRECTION ( 'NONE',  ( 0.000000000000000000, -1.000000000000000000, 0.000000000000000000 ) ) ;
#2615 = CARTESIAN_POINT ( 'NONE',  ( -29.47780276043618031, 29.59999999999998721, 65.28727902373809400 ) ) ;
#2616 = CARTESIAN_POINT ( 'NONE',  ( -40.73095329267798093, 29.59999999999999076, 64.98510921298996834 ) ) ;
#2617 = COORDINATED_UNIVERSAL_TIME_OFFSET ( 1, 0, .AHEAD. ) ;
#2618 = VERTEX_POINT ( 'NONE', #1843 ) ;
#2619 = EDGE_CURVE ( 'NONE', #2441, #5856, #340, .T. ) ;
#2620 = CARTESIAN_POINT ( 'NONE',  ( -27.01530404655569839, 29.60000000000000853, 66.23566135985346648 ) ) ;
#2621 = DIRECTION ( 'NONE',  ( 1.418996708365486154E-16, -1.000000000000000000, -0.000000000000000000 ) ) ;
#2622 = DIRECTION ( 'NONE',  ( -0.7071067811865431318, 0.7071067811865520136, 0.000000000000000000 ) ) ;
#2623 = CARTESIAN_POINT ( 'NONE',  ( -15.68739961731507471, 28.99999999999998934, 62.91182826557026431 ) ) ;
#2624 = CARTESIAN_POINT ( 'NONE',  ( -36.18350726503718562, 29.60000000000000142, 63.14875889203430859 ) ) ;
#2625 = CARTESIAN_POINT ( 'NONE',  ( -12.24575426740246797, 28.99999999999998579, 64.39623799480503408 ) ) ;
#2626 = CARTESIAN_POINT ( 'NONE',  ( -104.9999999999999716, 29.25000000000000000, 14.00000000000001954 ) ) ;
#2627 = CARTESIAN_POINT ( 'NONE',  ( -19.50198694652413423, 28.99999999999999289, 64.01876305914380794 ) ) ;
#2628 = ORIENTED_EDGE ( 'NONE', *, *, #6737, .T. ) ;
#2629 = CARTESIAN_POINT ( 'NONE',  ( -26.84588064387513029, 28.99999999999999645, 62.93702703193127235 ) ) ;
#2630 = ORIENTED_EDGE ( 'NONE', *, *, #1135, .T. ) ;
#2631 = B_SPLINE_CURVE_WITH_KNOTS ( 'NONE', 3,
 ( #1874, #1054, #4854, #4133, #4666, #1005, #6211, #4804, #5581, #465, #3412, #5438, #9284, #4713, #1779, #2684, #9145, #3949, #279 ),
 .UNSPECIFIED., .F., .F.,
 ( 4, 1, 1, 1, 1, 1, 1, 1, 1, 1, 1, 1, 1, 1, 1, 1, 4 ),
 ( 0.000000000000000000, 0.07942773837476271859, 0.1539976939993293603, 0.2241189499674203778, 0.2899050271283510893, 0.3526968565844615933, 0.4126842950548520461, 0.4705649759878932081, 0.5274252800728549406, 0.5837531208169127739, 0.6399844070010037855, 0.6966154639853048280, 0.7537516678721120078, 0.8127258630658229510, 0.8729762494242104820, 0.9350413902325094284, 1.000000000000000000 ),
 .UNSPECIFIED. ) ;
#2632 = EDGE_CURVE ( 'NONE', #3696, #1055, #4151, .T. ) ;
#2633 = DIRECTION ( 'NONE',  ( 0.000000000000000000, -1.000000000000000000, 0.000000000000000000 ) ) ;
#2634 = CARTESIAN_POINT ( 'NONE',  ( -35.82710713883183473, 28.99999999999999289, 64.17741690529766174 ) ) ;
#2635 = CARTESIAN_POINT ( 'NONE',  ( -29.06535739845039146, 29.59999999999999076, 62.58372603861509020 ) ) ;
#2636 = FACE_BOUND ( 'NONE', #522, .T. ) ;
#2637 = CARTESIAN_POINT ( 'NONE',  ( -27.55817685037028042, 28.99999999999998934, 63.34989286683612164 ) ) ;
#2638 = CARTESIAN_POINT ( 'NONE',  ( -22.08087488843697344, 29.00000000000000355, 62.23549029123772414 ) ) ;
#2639 = ORIENTED_EDGE ( 'NONE', *, *, #9541, .T. ) ;
#2640 = ORIENTED_EDGE ( 'NONE', *, *, #6977, .F. ) ;
#2641 = DIRECTION ( 'NONE',  ( 0.000000000000000000, 0.000000000000000000, -1.000000000000000000 ) ) ;
#2642 = VERTEX_POINT ( 'NONE', #8439 ) ;
#2643 = CARTESIAN_POINT ( 'NONE',  ( -13.59363800288772062, 29.00000000000000000, 63.13261268622174782 ) ) ;
#2644 = CARTESIAN_POINT ( 'NONE',  ( -22.32800858113952103, 28.99999999999998934, 65.79280152068227494 ) ) ;
#2645 = CARTESIAN_POINT ( 'NONE',  ( -2.000000000000000000, 26.00000000000000000, 0.5000000000000281997 ) ) ;
#2646 = CARTESIAN_POINT ( 'NONE',  ( -2.000000000000000000, 11.33012701892215723, 20.29999999999997229 ) ) ;
#2647 = LINE ( 'NONE', #4141, #9463 ) ;
#2648 = CARTESIAN_POINT ( 'NONE',  ( -27.69695697468232964, 29.00000000000000000, 63.06226726189409248 ) ) ;
#2649 = CARTESIAN_POINT ( 'NONE',  ( 0.000000000000000000, -6.099999999999905498, 24.62072594216371257 ) ) ;
#2650 = EDGE_CURVE ( 'NONE', #3565, #1840, #1160, .T. ) ;
#2651 = ORIENTED_EDGE ( 'NONE', *, *, #5793, .T. ) ;
#2652 = CARTESIAN_POINT ( 'NONE',  ( -24.63479944652414133, 28.99999999999999289, 64.69664767452843535 ) ) ;
#2653 = ORIENTED_EDGE ( 'NONE', *, *, #760, .T. ) ;
#2654 = FACE_OUTER_BOUND ( 'NONE', #7299, .T. ) ;
#2655 = ORIENTED_EDGE ( 'NONE', *, *, #6477, .T. ) ;
#2656 = CARTESIAN_POINT ( 'NONE',  ( -28.01361561588047877, 28.99999999999999289, 66.71432856657520460 ) ) ;
#2657 = LINE ( 'NONE', #8488, #9310 ) ;
#2658 = CARTESIAN_POINT ( 'NONE',  ( -19.34164752947147647, 28.99999999999998934, 64.21528985257820921 ) ) ;
#2659 = CARTESIAN_POINT ( 'NONE',  ( -16.21061591263852719, 29.59999999999998721, 64.61824972900920727 ) ) ;
#2660 = ORIENTED_EDGE ( 'NONE', *, *, #2130, .F. ) ;
#2661 = CARTESIAN_POINT ( 'NONE',  ( -26.60181685213068548, 29.60000000000000142, 64.73700075051833380 ) ) ;
#2662 = LINE ( 'NONE', #1260, #3003 ) ;
#2663 = EDGE_CURVE ( 'NONE', #2959, #8848, #1979, .T. ) ;
#2664 = FACE_OUTER_BOUND ( 'NONE', #1213, .T. ) ;
#2665 = LINE ( 'NONE', #1416, #5755 ) ;
#2666 = CARTESIAN_POINT ( 'NONE',  ( -37.09453502344721443, 28.99999999999999645, 62.15818613606688814 ) ) ;
#2667 = CARTESIAN_POINT ( 'NONE',  ( -12.48448987681585187, 28.99999999999999289, 64.14053963481319443 ) ) ;
#2668 = CARTESIAN_POINT ( 'NONE',  ( -13.33556737946559068, 28.99999999999998934, 62.59643381103101234 ) ) ;
#2669 = EDGE_CURVE ( 'NONE', #8863, #275, #6950, .T. ) ;
#2670 = CARTESIAN_POINT ( 'NONE',  ( -12.65554335578029921, 28.99999999999999289, 63.89224287257272294 ) ) ;
#2671 = EDGE_CURVE ( 'NONE', #6043, #3857, #6199, .T. ) ;
#2672 = VERTEX_POINT ( 'NONE', #3333 ) ;
#2673 = DIRECTION ( 'NONE',  ( -1.000000000000000000, 0.000000000000000000, -0.000000000000000000 ) ) ;
#2674 = CARTESIAN_POINT ( 'NONE',  ( -21.63750197060824476, 28.99999999999998934, 62.47206177170625807 ) ) ;
#2675 = EDGE_CURVE ( 'NONE', #243, #7347, #5641, .T. ) ;
#2676 = CARTESIAN_POINT ( 'NONE',  ( -22.40305828436608593, 28.99999999999998934, 65.67168491100733263 ) ) ;
#2677 = CARTESIAN_POINT ( 'NONE',  ( -11.94339319652413067, 29.59999999999999787, 65.79280152068227494 ) ) ;
#2678 = CARTESIAN_POINT ( 'NONE',  ( -17.59633790806259768, 29.59999999999999432, 66.65818613606688814 ) ) ;
#2679 = CARTESIAN_POINT ( 'NONE',  ( -22.47693124659597785, 29.00000000000000711, 62.16006389001608312 ) ) ;
#2680 = EDGE_CURVE ( 'NONE', #327, #7528, #9207, .T. ) ;
#2681 = ORIENTED_EDGE ( 'NONE', *, *, #7600, .T. ) ;
#2682 = VECTOR ( 'NONE', #6867, 1000.000000000000000 ) ;
#2683 = EDGE_LOOP ( 'NONE', ( #3504, #5284, #6936, #3411 ) ) ;
#2684 = CARTESIAN_POINT ( 'NONE',  ( -18.87751888116903842, 29.59999999999999432, 62.17655970823265932 ) ) ;
#2685 = EDGE_LOOP ( 'NONE', ( #4386, #5031, #1491, #618 ) ) ;
#2686 = DIRECTION ( 'NONE',  ( 0.000000000000000000, -1.000000000000000000, 0.000000000000000000 ) ) ;
#2687 = CARTESIAN_POINT ( 'NONE',  ( -22.92210087691330145, 29.59999999999998366, 64.07697101937263540 ) ) ;
#2688 = PLANE ( 'NONE',  #8761 ) ;
#2689 = CARTESIAN_POINT ( 'NONE',  ( -22.27482348498567433, 29.00000000000000355, 64.74532555914380794 ) ) ;
#2690 = CARTESIAN_POINT ( 'NONE',  ( -4.999999999999976907, -1.999999999999977573, 21.30000000000002203 ) ) ;
#2691 = CARTESIAN_POINT ( 'NONE',  ( -22.20675869749603493, 29.60000000000000142, 62.20000212056062594 ) ) ;
#2692 = CARTESIAN_POINT ( 'NONE',  ( -28.06749175421644082, 28.99999999999998934, 62.90818613606689524 ) ) ;
#2693 = CARTESIAN_POINT ( 'NONE',  ( -105.5000000000000000, 29.50000000000002487, 14.25000000000004086 ) ) ;
#2694 = VECTOR ( 'NONE', #6172, 999.9999999999998863 ) ;
#2695 = VERTEX_POINT ( 'NONE', #6321 ) ;
#2696 = LINE ( 'NONE', #5592, #7519 ) ;
#2697 = ORIENTED_EDGE ( 'NONE', *, *, #2376, .T. ) ;
#2698 = CARTESIAN_POINT ( 'NONE',  ( -5.500000000000018652, -3.816391647148985074E-14, 32.99999999999999289 ) ) ;
#2699 = VECTOR ( 'NONE', #5862, 1000.000000000000000 ) ;
#2700 = ORIENTED_EDGE ( 'NONE', *, *, #3492, .F. ) ;
#2701 = CARTESIAN_POINT ( 'NONE',  ( -27.33869485625708862, 28.99999999999999645, 66.52229636236151578 ) ) ;
#2702 = PLANE ( 'NONE',  #6609 ) ;
#2703 = DIRECTION ( 'NONE',  ( -1.000000000000000000, 0.000000000000000000, -0.000000000000000000 ) ) ;
#2704 = CARTESIAN_POINT ( 'NONE',  ( -22.03864560037029108, 29.59999999999999432, 63.60049382837458865 ) ) ;
#2705 = EDGE_LOOP ( 'NONE', ( #1641, #8539, #1962, #6849 ) ) ;
#2706 = CARTESIAN_POINT ( 'NONE',  ( -26.59759235733204719, 29.59999999999998721, 64.58549466067833578 ) ) ;
#2707 = ADVANCED_FACE ( 'NONE', ( #2654 ), #7859, .F. ) ;
#2708 = CARTESIAN_POINT ( 'NONE',  ( -19.36537178530725711, 28.99999999999998224, 65.23730005079184480 ) ) ;
#2709 = LINE ( 'NONE', #1080, #8450 ) ;
#2710 = CARTESIAN_POINT ( 'NONE',  ( -13.59139547976820239, 29.59999999999999076, 63.67257558265117012 ) ) ;
#2711 = CARTESIAN_POINT ( 'NONE',  ( -20.44837754413842035, 29.59999999999999076, 62.90235117314195179 ) ) ;
#2712 = CARTESIAN_POINT ( 'NONE',  ( -16.31803082400680083, 28.99999999999998934, 62.33577501593930492 ) ) ;
#2713 = EDGE_CURVE ( 'NONE', #8281, #5933, #9064, .T. ) ;
#2714 = CARTESIAN_POINT ( 'NONE',  ( -102.5499999999999829, 30.49999999999994316, 0.2500000000000140998 ) ) ;
#2715 = DIRECTION ( 'NONE',  ( -9.011550524554840736E-17, 1.000000000000000000, 0.000000000000000000 ) ) ;
#2716 = CARTESIAN_POINT ( 'NONE',  ( -12.60509503775810636, 28.99999999999998934, 63.97553209429965193 ) ) ;
#2717 = ORIENTED_EDGE ( 'NONE', *, *, #5436, .T. ) ;
#2718 = ADVANCED_FACE ( 'NONE', ( #8674 ), #9545, .F. ) ;
#2719 = LINE ( 'NONE', #7878, #1289 ) ;
#2720 = CARTESIAN_POINT ( 'NONE',  ( -36.41777879129151785, 28.99999999999999289, 63.88139934369825568 ) ) ;
#2721 = EDGE_CURVE ( 'NONE', #7368, #8420, #2048, .T. ) ;
#2722 = PLANE ( 'NONE',  #135 ) ;
#2723 = FACE_OUTER_BOUND ( 'NONE', #650, .T. ) ;
#2724 = CARTESIAN_POINT ( 'NONE',  ( -12.14587472198677709, 29.60000000000001208, 65.52088750954740703 ) ) ;
#2725 = CARTESIAN_POINT ( 'NONE',  ( -20.25864430254251758, 29.59999999999999432, 62.59643381103102655 ) ) ;
#2726 = ORIENTED_EDGE ( 'NONE', *, *, #1716, .F. ) ;
#2727 = ADVANCED_FACE ( 'NONE', ( #2123 ), #1449, .T. ) ;
#2728 = VERTEX_POINT ( 'NONE', #1493 ) ;
#2729 = VECTOR ( 'NONE', #7881, 1000.000000000000000 ) ;
#2730 = CARTESIAN_POINT ( 'NONE',  ( -102.7999999999999972, 29.50000000000001066, 55.75000000000000711 ) ) ;
#2731 = ORIENTED_EDGE ( 'NONE', *, *, #923, .T. ) ;
#2732 = VECTOR ( 'NONE', #1933, 1000.000000000000000 ) ;
#2733 = CARTESIAN_POINT ( 'NONE',  ( -15.84107550938551512, 28.99999999999999645, 65.91328158246395219 ) ) ;
#2734 = FACE_OUTER_BOUND ( 'NONE', #9370, .T. ) ;
#2735 = CARTESIAN_POINT ( 'NONE',  ( -26.98605018755485929, 29.60000000000000853, 62.68721722446425559 ) ) ;
#2736 = CARTESIAN_POINT ( 'NONE',  ( -21.58543683977641692, 29.59999999999999432, 65.46604350304562558 ) ) ;
#2737 = CARTESIAN_POINT ( 'NONE',  ( -38.94249175421644082, 29.59999999999999076, 65.73510921298995413 ) ) ;
#2738 = CARTESIAN_POINT ( 'NONE',  ( -11.25288658599285618, 29.60000000000000142, 62.47206177170625097 ) ) ;
#2739 = CARTESIAN_POINT ( 'NONE',  ( -16.93872625036633650, 29.00000000000000000, 63.23950083977686631 ) ) ;
#2740 = CARTESIAN_POINT ( 'NONE',  ( -27.55817685037028042, 29.59999999999999432, 63.34989286683612164 ) ) ;
#2741 = VECTOR ( 'NONE', #4010, 1000.000000000000000 ) ;
#2742 = ORIENTED_EDGE ( 'NONE', *, *, #8806, .F. ) ;
#2743 = VECTOR ( 'NONE', #2365, 1000.000000000000114 ) ;
#2744 = CARTESIAN_POINT ( 'NONE',  ( -15.00128113045912492, 29.59999999999998721, 64.25881946426676450 ) ) ;
#2745 = EDGE_LOOP ( 'NONE', ( #5187, #8017, #6505, #8422 ) ) ;
#2746 = FACE_OUTER_BOUND ( 'NONE', #8244, .T. ) ;
#2747 = ORIENTED_EDGE ( 'NONE', *, *, #2219, .F. ) ;
#2748 = PLANE ( 'NONE',  #4236 ) ;
#2749 = LINE ( 'NONE', #525, #7923 ) ;
#2750 = VECTOR ( 'NONE', #9267, 1000.000000000000000 ) ;
#2751 = CARTESIAN_POINT ( 'NONE',  ( -42.17326098498567433, 29.59999999999999076, 65.73510921298995413 ) ) ;
#2752 = VECTOR ( 'NONE', #9261, 1000.000000000000000 ) ;
#2753 = CARTESIAN_POINT ( 'NONE',  ( -16.11526819652413067, 29.59999999999999432, 65.52417171298996834 ) ) ;
#2754 = ORIENTED_EDGE ( 'NONE', *, *, #4357, .F. ) ;
#2755 = CARTESIAN_POINT ( 'NONE',  ( -16.53872908137927311, 29.59999999999998366, 66.36764886308377243 ) ) ;
#2756 = AXIS2_PLACEMENT_3D ( 'NONE', #8049, #5777, #8904 ) ;
#2757 = CARTESIAN_POINT ( 'NONE',  ( -19.81363903483948619, 28.99999999999999289, 64.82472394247854197 ) ) ;
#2758 = CARTESIAN_POINT ( 'NONE',  ( -17.07622408051712881, 29.00000000000000000, 64.59273103292278506 ) ) ;
#2759 = CARTESIAN_POINT ( 'NONE',  ( -13.55933456575804819, 28.99999999999998934, 63.81306182907635360 ) ) ;
#2760 = CARTESIAN_POINT ( 'NONE',  ( -19.60038253831501720, 29.59999999999999787, 62.20551655094875798 ) ) ;
#2761 = CARTESIAN_POINT ( 'NONE',  ( -12.56618654803136970, 28.99999999999998934, 64.03664153671326176 ) ) ;
#2762 = EDGE_CURVE ( 'NONE', #2642, #2107, #4241, .T. ) ;
#2763 = CARTESIAN_POINT ( 'NONE',  ( -21.69686481281894075, 28.99999999999999289, 65.33875421579912768 ) ) ;
#2764 = DIRECTION ( 'NONE',  ( -0.7071067811865573427, 0.000000000000000000, 0.7071067811865378028 ) ) ;
#2765 = SECURITY_CLASSIFICATION ( '', '', #2851 ) ;
#2766 = EDGE_CURVE ( 'NONE', #4793, #1593, #4811, .T. ) ;
#2767 = CARTESIAN_POINT ( 'NONE',  ( -26.30787636960106468, 29.59999999999999432, 65.44664767452843535 ) ) ;
#2768 = VERTEX_POINT ( 'NONE', #3614 ) ;
#2769 = CARTESIAN_POINT ( 'NONE',  ( -23.27517749637794253, 28.99999999999999289, 64.82472394247854197 ) ) ;
#2770 = CARTESIAN_POINT ( 'NONE',  ( -28.37656602841641629, 28.99999999999999645, 66.68965666704491468 ) ) ;
#2771 = DIRECTION ( 'NONE',  ( 0.000000000000000000, 0.000000000000000000, -1.000000000000000000 ) ) ;
#2772 = DIRECTION ( 'NONE',  ( 1.418996708365486154E-16, -1.000000000000000000, -0.000000000000000000 ) ) ;
#2773 = CARTESIAN_POINT ( 'NONE',  ( -11.96755893964460959, 29.60000000000000497, 65.75380239408757177 ) ) ;
#2774 = CARTESIAN_POINT ( 'NONE',  ( -20.53627779923347418, 29.59999999999998721, 63.25549540441324581 ) ) ;
#2775 = CARTESIAN_POINT ( 'NONE',  ( -22.03864560037029108, 29.00000000000000000, 63.60049382837458865 ) ) ;
#2776 = ORIENTED_EDGE ( 'NONE', *, *, #9179, .F. ) ;
#2777 = VERTEX_POINT ( 'NONE', #2795 ) ;
#2778 = CARTESIAN_POINT ( 'NONE',  ( -28.63666349158155100, 28.99999999999999289, 65.21674205202072017 ) ) ;
#2779 = ORIENTED_EDGE ( 'NONE', *, *, #4844, .F. ) ;
#2780 = CARTESIAN_POINT ( 'NONE',  ( -10.70319915719731618, 29.60000000000000853, 66.43636829437828339 ) ) ;
#2781 = VERTEX_POINT ( 'NONE', #7327 ) ;
#2782 = CARTESIAN_POINT ( 'NONE',  ( -36.41716381330225971, 29.59999999999999787, 63.87960358068857403 ) ) ;
#2783 = CARTESIAN_POINT ( 'NONE',  ( -19.13960713883182763, 29.59999999999999432, 62.90818613606688814 ) ) ;
#2784 = ADVANCED_FACE ( 'NONE', ( #6506 ), #521, .T. ) ;
#2785 = DIRECTION ( 'NONE',  ( 1.000000000000000000, 1.418996708365486154E-16, -0.000000000000000000 ) ) ;
#2786 = CARTESIAN_POINT ( 'NONE',  ( -102.0000000000000000, 29.49999999999999645, 34.75000000000000000 ) ) ;
#2787 = DIRECTION ( 'NONE',  ( -1.000000000000000000, 0.000000000000000000, 0.000000000000000000 ) ) ;
#2788 = DIRECTION ( 'NONE',  ( 0.9659258262890563218, -0.2588190451025654260, -0.000000000000000000 ) ) ;
#2789 = CARTESIAN_POINT ( 'NONE',  ( -27.57077251746985880, 29.59999999999999787, 63.31137413624094989 ) ) ;
#2790 = ADVANCED_FACE ( 'NONE', ( #2746 ), #2342, .T. ) ;
#2791 = B_SPLINE_SURFACE_WITH_KNOTS ( 'NONE', 3, 1, ( 
 ( #3059, #3833 ),
 ( #5999, #8837 ),
 ( #8117, #8211 ),
 ( #1610, #5948 ),
 ( #936, #4500 ),
 ( #2285, #2240 ),
 ( #4551, #3111 ),
 ( #5229, #8165 ),
 ( #7489, #8262 ),
 ( #1660, #1564 ),
 ( #884, #4603 ),
 ( #6772, #164 ),
 ( #7441, #7544 ),
 ( #7732, #4112 ),
 ( #1031, #6960 ),
 ( #1126, #5563 ),
 ( #9124, #2623 ),
 ( #4647, #9028 ),
 ( #984, #2524 ) ),
 .UNSPECIFIED., .F., .F., .F.,
 ( 4, 1, 1, 1, 1, 1, 1, 1, 1, 1, 1, 1, 1, 1, 1, 1, 4 ),
 ( 2, 2 ),
 ( 0.000000000000000000, 0.1007136201660554647, 0.1930511193549709903, 0.2775611057809597715, 0.3537464755767955049, 0.4222226836536438488, 0.4824767800578444454, 0.5347592587826174304, 0.5795392816068455355, 0.6554201458977417794, 0.7207732443037033754, 0.7762271871689976344, 0.8240623039573374831, 0.8681761201529936134, 0.9113546535175864882, 0.9549432699730828755, 1.000000000000000000 ),
 ( 0.000000000000000000, 1.000000000000000000 ),
 .UNSPECIFIED. ) ;
#2792 = ORIENTED_EDGE ( 'NONE', *, *, #4082, .T. ) ;
#2793 = CARTESIAN_POINT ( 'NONE',  ( -15.07186216056563843, 28.99999999999998934, 63.44141690147067436 ) ) ;
#2794 = ORIENTED_EDGE ( 'NONE', *, *, #963, .F. ) ;
#2795 = CARTESIAN_POINT ( 'NONE',  ( -17.71172252344721088, 28.99999999999999289, 63.51575825145150134 ) ) ;
#2796 = EDGE_LOOP ( 'NONE', ( #7564, #30, #2258, #3277, #8722, #1113, #1039 ) ) ;
#2797 = CARTESIAN_POINT ( 'NONE',  ( -19.46056241537484155, 29.59999999999998366, 64.07697101937263540 ) ) ;
#2798 = CARTESIAN_POINT ( 'NONE',  ( -15.60595329267797737, 29.00000000000000355, 65.96587844375919474 ) ) ;
#2799 = CARTESIAN_POINT ( 'NONE',  ( -42.17326098498567433, 29.59999999999999076, 64.98510921298996834 ) ) ;
#2800 = EDGE_CURVE ( 'NONE', #2491, #3815, #39, .T. ) ;
#2801 = LINE ( 'NONE', #673, #2447 ) ;
#2802 = ORIENTED_EDGE ( 'NONE', *, *, #5687, .F. ) ;
#2803 = VERTEX_POINT ( 'NONE', #2307 ) ;
#2804 = ADVANCED_FACE ( 'NONE', ( #6064 ), #1733, .T. ) ;
#2805 = CARTESIAN_POINT ( 'NONE',  ( -27.83380351170528755, 29.59999999999999432, 65.91273674241438130 ) ) ;
#2806 = CARTESIAN_POINT ( 'NONE',  ( -14.14171525802709795, 29.59999999999999787, 64.12748454175331858 ) ) ;
#2807 = CARTESIAN_POINT ( 'NONE',  ( -20.13808797238340276, 29.60000000000000142, 64.46298851135722430 ) ) ;
#2808 = CARTESIAN_POINT ( 'NONE',  ( -18.86647011960105758, 29.59999999999999432, 65.79280152068227494 ) ) ;
#2809 = CARTESIAN_POINT ( 'NONE',  ( -7.499999999999961808, 2.669872981077812124, 32.99999999999999289 ) ) ;
#2810 = CARTESIAN_POINT ( 'NONE',  ( -12.74373947982872757, 29.59999999999999432, 63.62963993191215906 ) ) ;
#2811 = CARTESIAN_POINT ( 'NONE',  ( -21.14913561192197733, 29.00000000000000000, 66.22015092299596972 ) ) ;
#2812 = CARTESIAN_POINT ( 'NONE',  ( -12.21653021575489895, 29.59999999999999787, 62.90818613606688814 ) ) ;
#2813 = DIRECTION ( 'NONE',  ( -0.5773502691896418293, 0.5773502691896098549, -0.5773502691896258421 ) ) ;
#2814 = ORIENTED_EDGE ( 'NONE', *, *, #3726, .F. ) ;
#2815 = ADVANCED_FACE ( 'NONE', ( #8332 ), #6020, .T. ) ;
#2816 = CARTESIAN_POINT ( 'NONE',  ( -27.48282427266179084, 28.99999999999999645, 65.07864317527854325 ) ) ;
#2817 = CARTESIAN_POINT ( 'NONE',  ( -28.37656602841641629, 29.59999999999999787, 66.68965666704491468 ) ) ;
#2818 = CARTESIAN_POINT ( 'NONE',  ( -19.40756679989277700, 28.99999999999999289, 64.14053963481318021 ) ) ;
#2819 = CARTESIAN_POINT ( 'NONE',  ( -27.46172252344721088, 29.59999999999999787, 64.43883517452844956 ) ) ;
#2820 = LINE ( 'NONE', #8035, #7772 ) ;
#2821 = PLANE ( 'NONE',  #8599 ) ;
#2822 = CARTESIAN_POINT ( 'NONE',  ( -22.09029445940577219, 29.00000000000000000, 63.28251742388034273 ) ) ;
#2823 = ORIENTED_EDGE ( 'NONE', *, *, #8182, .T. ) ;
#2824 = ORIENTED_EDGE ( 'NONE', *, *, #2219, .T. ) ;
#2825 = LINE ( 'NONE', #1235, #3983 ) ;
#2826 = ORIENTED_EDGE ( 'NONE', *, *, #4168, .T. ) ;
#2827 = CARTESIAN_POINT ( 'NONE',  ( -5.696446609406695671, -5.696446609406633499, 32.99999999999999289 ) ) ;
#2828 = DIRECTION ( 'NONE',  ( 1.000000000000000000, 0.000000000000000000, 0.000000000000000000 ) ) ;
#2829 = DIRECTION ( 'NONE',  ( -0.7071067811865376918, 0.7071067811865574537, -0.000000000000000000 ) ) ;
#2830 = CARTESIAN_POINT ( 'NONE',  ( -19.64238171284550560, 29.59999999999997300, 63.24896894619977417 ) ) ;
#2831 = CARTESIAN_POINT ( 'NONE',  ( -3.000000000000043965, -6.599999999999933920, 32.49999999999995026 ) ) ;
#2832 = CARTESIAN_POINT ( 'NONE',  ( 0.000000000000000000, 0.000000000000000000, 73.00000000000000000 ) ) ;
#2833 = CARTESIAN_POINT ( 'NONE',  ( -11.57612509987562177, 29.59999999999999787, 62.27978240500942775 ) ) ;
#2834 = CARTESIAN_POINT ( 'NONE',  ( -16.82939203414159834, 29.59999999999999787, 62.94066240168369575 ) ) ;
#2835 = FACE_OUTER_BOUND ( 'NONE', #6099, .T. ) ;
#2836 = ADVANCED_FACE ( 'NONE', ( #8862 ), #959, .T. ) ;
#2837 = VECTOR ( 'NONE', #1690, 1000.000000000000000 ) ;
#2838 = ORIENTED_EDGE ( 'NONE', *, *, #957, .T. ) ;
#2839 = CIRCLE ( 'NONE', #8844, 1.700000000000000178 ) ;
#2840 = CARTESIAN_POINT ( 'NONE',  ( -15.03677607136143912, 28.99999999999998934, 63.65912589528237220 ) ) ;
#2841 = ORIENTED_EDGE ( 'NONE', *, *, #760, .F. ) ;
#2842 = CARTESIAN_POINT ( 'NONE',  ( -12.25606935786188245, 29.59999999999999076, 62.91004914530152803 ) ) ;
#2843 = ORIENTED_EDGE ( 'NONE', *, *, #7597, .F. ) ;
#2844 = CARTESIAN_POINT ( 'NONE',  ( -27.46172252344721088, 28.99999999999999645, 64.43883517452844956 ) ) ;
#2845 = EDGE_CURVE ( 'NONE', #1526, #2959, #3367, .T. ) ;
#2846 = VECTOR ( 'NONE', #2302, 1000.000000000000000 ) ;
#2847 = CARTESIAN_POINT ( 'NONE',  ( -11.83444741347335771, 28.99999999999999645, 64.79893559641126899 ) ) ;
#2848 = CARTESIAN_POINT ( 'NONE',  ( -29.33018462331719434, 28.99999999999998224, 65.84268613212060473 ) ) ;
#2849 = CARTESIAN_POINT ( 'NONE',  ( -12.14587472198677709, 29.00000000000001066, 65.52088750954740703 ) ) ;
#2850 = FACE_OUTER_BOUND ( 'NONE', #169, .T. ) ;
#2851 = SECURITY_CLASSIFICATION_LEVEL ( 'unclassified' ) ;
#2852 = ORIENTED_EDGE ( 'NONE', *, *, #7134, .F. ) ;
#2853 = EDGE_LOOP ( 'NONE', ( #1517, #9475, #1930, #6061 ) ) ;
#2854 = VECTOR ( 'NONE', #5881, 1000.000000000000000 ) ;
#2855 = DIRECTION ( 'NONE',  ( 1.000000000000000000, 0.000000000000000000, 0.000000000000000000 ) ) ;
#2856 = EDGE_CURVE ( 'NONE', #5257, #3260, #8374, .T. ) ;
#2857 = CARTESIAN_POINT ( 'NONE',  ( -18.89063586272153472, 28.99999999999998579, 65.75380239408755756 ) ) ;
#2858 = FACE_OUTER_BOUND ( 'NONE', #4991, .T. ) ;
#2859 = CARTESIAN_POINT ( 'NONE',  ( 0.000000000000000000, 28.00000000000000000, 73.00000000000000000 ) ) ;
#2860 = CARTESIAN_POINT ( 'NONE',  ( -15.13299229606659857, 29.59999999999999787, 63.23871921102352900 ) ) ;
#2861 = CARTESIAN_POINT ( 'NONE',  ( -31.73095329267797737, 29.59999999999999432, 66.65818613606688814 ) ) ;
#2862 = CARTESIAN_POINT ( 'NONE',  ( -39.70150617729336773, 28.99999999999998934, 64.98510921298996834 ) ) ;
#2863 = DIRECTION ( 'NONE',  ( -0.5773502691896258421, -0.5773502691896098549, -0.5773502691896418293 ) ) ;
#2864 = ADVANCED_FACE ( 'NONE', ( #3232 ), #6348, .T. ) ;
#2865 = CARTESIAN_POINT ( 'NONE',  ( -28.77956928554525717, 28.99999999999999645, 62.33577501593931913 ) ) ;
#2866 = ORIENTED_EDGE ( 'NONE', *, *, #9380, .F. ) ;
#2867 = B_SPLINE_CURVE_WITH_KNOTS ( 'NONE', 3,
 ( #8932, #981, #1607, #933, #1708, #881, #9121, #2522, #828, #3774, #6768, #6089, #3878, #4644, #7586, #5273, #3924, #160, #8208 ),
 .UNSPECIFIED., .F., .F.,
 ( 4, 1, 1, 1, 1, 1, 1, 1, 1, 1, 1, 1, 1, 1, 1, 1, 4 ),
 ( 0.000000000000000000, 0.1007136201660554509, 0.1930511193549709903, 0.2775611057809596605, 0.3537464755767955049, 0.4222226836536438488, 0.4824767800578444454, 0.5347592587826174304, 0.5795392816068455355, 0.6554201458977417794, 0.7207732443037033754, 0.7762271871689976344, 0.8240623039573374831, 0.8681761201529936134, 0.9113546535175864882, 0.9549432699730828755, 1.000000000000000000 ),
 .UNSPECIFIED. ) ;
#2868 = CARTESIAN_POINT ( 'NONE',  ( -27.76265932929494795, 28.99999999999998934, 65.87175899687413505 ) ) ;
#2869 = CARTESIAN_POINT ( 'NONE',  ( -28.12076052547328331, 29.59999999999999787, 66.71458132671686769 ) ) ;
#2870 = CARTESIAN_POINT ( 'NONE',  ( -98.79999999999999716, 0.5000000000000281997, 69.99999999999998579 ) ) ;
#2871 = CARTESIAN_POINT ( 'NONE',  ( -27.58966751534332573, 29.59999999999999787, 65.61506785181039447 ) ) ;
#2872 = CARTESIAN_POINT ( 'NONE',  ( -102.2999999999999687, 29.50000000000001066, 73.00000000000000000 ) ) ;
#2873 = CARTESIAN_POINT ( 'NONE',  ( -20.48996773506334890, 28.99999999999998934, 63.01430761348146348 ) ) ;
#2874 = DIRECTION ( 'NONE',  ( 0.4999999999999946154, 0.8660254037844418162, 0.000000000000000000 ) ) ;
#2875 = ADVANCED_FACE ( 'NONE', ( #1101 ), #1188, .F. ) ;
#2876 = ORIENTED_EDGE ( 'NONE', *, *, #2927, .T. ) ;
#2877 = VERTEX_POINT ( 'NONE', #6167 ) ;
#2878 = ORIENTED_EDGE ( 'NONE', *, *, #8636, .T. ) ;
#2879 = DIRECTION ( 'NONE',  ( 0.000000000000000000, 0.000000000000000000, -1.000000000000000000 ) ) ;
#2880 = ORIENTED_EDGE ( 'NONE', *, *, #8778, .T. ) ;
#2881 = LINE ( 'NONE', #7268, #4145 ) ;
#2882 = CARTESIAN_POINT ( 'NONE',  ( -23.56388598498567433, 28.99999999999999289, 64.51095055914380794 ) ) ;
#2883 = CARTESIAN_POINT ( 'NONE',  ( -11.65403021575489895, 29.59999999999999787, 63.60049382837458865 ) ) ;
#2884 = PLANE ( 'NONE',  #1350 ) ;
#2885 = CARTESIAN_POINT ( 'NONE',  ( -11.69625950382158130, 29.60000000000000142, 62.23549029123770993 ) ) ;
#2886 = FACE_OUTER_BOUND ( 'NONE', #8029, .T. ) ;
#2887 = DIRECTION ( 'NONE',  ( 0.000000000000000000, 0.000000000000000000, -1.000000000000000000 ) ) ;
#2888 = EDGE_CURVE ( 'NONE', #5435, #1423, #7750, .T. ) ;
#2889 = ORIENTED_EDGE ( 'NONE', *, *, #9211, .T. ) ;
#2890 = EDGE_CURVE ( 'NONE', #5640, #5018, #5484, .T. ) ;
#2891 = CARTESIAN_POINT ( 'NONE',  ( -22.96352540806260123, 29.59999999999999432, 64.01876305914380794 ) ) ;
#2892 = ORIENTED_EDGE ( 'NONE', *, *, #8971, .F. ) ;
#2893 = VECTOR ( 'NONE', #5414, 1000.000000000000000 ) ;
#2894 = CARTESIAN_POINT ( 'NONE',  ( -11.43479994580029668, 29.60000000000000497, 65.20056175677521537 ) ) ;
#2895 = ORIENTED_EDGE ( 'NONE', *, *, #8421, .F. ) ;
#2896 = CARTESIAN_POINT ( 'NONE',  ( -102.0000000000000000, 30.49999999999998579, 34.75000000000000000 ) ) ;
#2897 = DIRECTION ( 'NONE',  ( 0.5773502691896292838, -0.5773502691896319483, 0.5773502691896159611 ) ) ;
#2898 = AXIS2_PLACEMENT_3D ( 'NONE', #6879, #5288, #4706 ) ;
#2899 = CARTESIAN_POINT ( 'NONE',  ( -13.02961358963152172, 28.99999999999998934, 64.68424159767958770 ) ) ;
#2900 = CARTESIAN_POINT ( 'NONE',  ( -12.96354756536035602, 28.99999999999999645, 64.75105750859907516 ) ) ;
#2901 = CARTESIAN_POINT ( 'NONE',  ( -22.52462169619931487, 29.59999999999998366, 64.50354387168296455 ) ) ;
#2902 = VECTOR ( 'NONE', #7844, 1000.000000000000000 ) ;
#2903 = ORIENTED_EDGE ( 'NONE', *, *, #1256, .T. ) ;
#2904 = ORIENTED_EDGE ( 'NONE', *, *, #808, .T. ) ;
#2905 = CARTESIAN_POINT ( 'NONE',  ( -22.28436262534599166, 29.59999999999998721, 62.99543834603618819 ) ) ;
#2906 = VECTOR ( 'NONE', #3538, 999.9999999999998863 ) ;
#2907 = CARTESIAN_POINT ( 'NONE',  ( -14.34306691004332279, 28.99999999999998934, 63.03068880420723019 ) ) ;
#2908 = VECTOR ( 'NONE', #5373, 1000.000000000000000 ) ;
#2909 = CARTESIAN_POINT ( 'NONE',  ( -23.83558999935733880, 29.60000000000000497, 64.08802397150157049 ) ) ;
#2910 = LINE ( 'NONE', #9315, #2272 ) ;
#2911 = CARTESIAN_POINT ( 'NONE',  ( -15.55207715434201532, 29.59999999999999787, 66.71432856657520460 ) ) ;
#2912 = LINE ( 'NONE', #2714, #4134 ) ;
#2913 = CARTESIAN_POINT ( 'NONE',  ( -21.32207603832620535, 29.59999999999999787, 65.83850817306101533 ) ) ;
#2914 = EDGE_CURVE ( 'NONE', #1179, #9240, #2631, .T. ) ;
#2915 = AXIS2_PLACEMENT_3D ( 'NONE', #2966, #3014, #1569 ) ;
#2916 = VECTOR ( 'NONE', #4438, 1000.000000000000000 ) ;
#2917 = CARTESIAN_POINT ( 'NONE',  ( -29.06535739845039146, 28.99999999999998934, 62.58372603861509020 ) ) ;
#2918 = ORIENTED_EDGE ( 'NONE', *, *, #3434, .T. ) ;
#2919 = B_SPLINE_CURVE_WITH_KNOTS ( 'NONE', 3,
 ( #3088, #8960, #2359, #1637, #7518, #913, #6795, #6355, #333, #7616, #423, #6217, #4860, #3374, #2691, #8478, #4094, #4810, #3281 ),
 .UNSPECIFIED., .F., .F.,
 ( 4, 1, 1, 1, 1, 1, 1, 1, 1, 1, 1, 1, 1, 1, 1, 1, 4 ),
 ( 0.000000000000000000, 0.07942773837476271859, 0.1539976939993293603, 0.2241189499674203778, 0.2899050271283510893, 0.3526968565844615933, 0.4126842950548520461, 0.4705649759878932081, 0.5274252800728549406, 0.5837531208169127739, 0.6399844070010037855, 0.6966154639853048280, 0.7537516678721120078, 0.8127258630658229510, 0.8729762494242104820, 0.9350413902325094284, 1.000000000000000000 ),
 .UNSPECIFIED. ) ;
#2920 = CARTESIAN_POINT ( 'NONE',  ( -23.10347338960584551, 28.99999999999998934, 64.98565089723828692 ) ) ;
#2921 = CARTESIAN_POINT ( 'NONE',  ( -16.82939203414159834, 29.59999999999999787, 62.94066240168369575 ) ) ;
#2922 = CARTESIAN_POINT ( 'NONE',  ( -98.79999999999999716, 13.35355339059339563, 83.35355339059327662 ) ) ;
#2923 = DIRECTION ( 'NONE',  ( -1.000000000000000000, 0.000000000000000000, 0.000000000000000000 ) ) ;
#2924 = CARTESIAN_POINT ( 'NONE',  ( -22.37827188209730522, 28.99999999999999645, 62.94336049078565054 ) ) ;
#2925 = DIRECTION ( 'NONE',  ( 0.000000000000000000, 0.000000000000000000, 1.000000000000000000 ) ) ;
#2926 = VERTEX_POINT ( 'NONE', #9100 ) ;
#2927 = EDGE_CURVE ( 'NONE', #7275, #2178, #2502, .T. ) ;
#2928 = ORIENTED_EDGE ( 'NONE', *, *, #7091, .F. ) ;
#2929 = CARTESIAN_POINT ( 'NONE',  ( -19.67326098498567433, 28.99999999999999645, 63.49863084760536225 ) ) ;
#2930 = ORIENTED_EDGE ( 'NONE', *, *, #5204, .F. ) ;
#2931 = DIRECTION ( 'NONE',  ( 0.000000000000000000, 0.000000000000000000, 1.000000000000000000 ) ) ;
#2932 = LINE ( 'NONE', #2168, #8372 ) ;
#2933 = CARTESIAN_POINT ( 'NONE',  ( -31.73095329267797737, 28.99999999999999289, 65.73510921298995413 ) ) ;
#2934 = CARTESIAN_POINT ( 'NONE',  ( -41.59633790806259412, 29.59999999999999076, 62.21587844375919474 ) ) ;
#2935 = CARTESIAN_POINT ( 'NONE',  ( -16.96709796676840654, 29.59999999999999076, 63.35036599760612575 ) ) ;
#2936 = CARTESIAN_POINT ( 'NONE',  ( -19.15763598498567077, 28.99999999999999289, 62.15818613606688814 ) ) ;
#2937 = ORIENTED_EDGE ( 'NONE', *, *, #4801, .F. ) ;
#2938 = ORIENTED_EDGE ( 'NONE', *, *, #1214, .F. ) ;
#2939 = CARTESIAN_POINT ( 'NONE',  ( -15.15355304011405657, 29.00000000000000000, 62.21894754577336784 ) ) ;
#2940 = ORIENTED_EDGE ( 'NONE', *, *, #7965, .F. ) ;
#2941 = CARTESIAN_POINT ( 'NONE',  ( -26.59759235733204719, 29.59999999999998721, 64.58549466067833578 ) ) ;
#2942 = ADVANCED_FACE ( 'NONE', ( #607 ), #5882, .T. ) ;
#2943 = CARTESIAN_POINT ( 'NONE',  ( -3.866666666666715990, -5.733333333333257009, 20.43333333333337265 ) ) ;
#2944 = CARTESIAN_POINT ( 'NONE',  ( -12.62457773565985519, 28.99999999999998934, 65.07260530756093431 ) ) ;
#2945 = CARTESIAN_POINT ( 'NONE',  ( -12.29611306526123116, 29.00000000000000000, 65.37448389340198673 ) ) ;
#2946 = DIRECTION ( 'NONE',  ( 0.000000000000000000, -1.000000000000000000, 0.000000000000000000 ) ) ;
#2947 = ORIENTED_EDGE ( 'NONE', *, *, #4437, .T. ) ;
#2948 = VERTEX_POINT ( 'NONE', #3554 ) ;
#2949 = B_SPLINE_SURFACE_WITH_KNOTS ( 'NONE', 3, 1, ( 
 ( #5092, #7989 ),
 ( #8037, #2105 ),
 ( #9425, #8655 ),
 ( #7936, #1327 ),
 ( #4271, #7209 ),
 ( #5038, #7310 ),
 ( #3550, #6487 ),
 ( #8757, #1431 ),
 ( #4366, #2055 ),
 ( #3643, #2822 ),
 ( #5761, #6583 ),
 ( #4322, #1382 ),
 ( #4220, #7157 ),
 ( #3499, #550 ),
 ( #9378, #2775 ) ),
 .UNSPECIFIED., .F., .F., .F.,
 ( 4, 1, 1, 1, 1, 1, 1, 1, 1, 1, 1, 1, 4 ),
 ( 2, 2 ),
 ( 0.000000000000000000, 0.1168789425891936934, 0.2257848828927967733, 0.3300293635824508853, 0.4347845767395981387, 0.4896303961209848010, 0.5483216779436224098, 0.6108337112498961607, 0.6777304768539422763, 0.7492316971979294804, 0.8268884690772763113, 0.9101270386610832430, 1.000000000000000000 ),
 ( 0.000000000000000000, 1.000000000000000000 ),
 .UNSPECIFIED. ) ;
#2950 = B_SPLINE_CURVE_WITH_KNOTS ( 'NONE', 3,
 ( #9229, #4789, #8457, #4025, #6193, #1859, #4696, #9271, #7644, #1176, #2668, #8500, #3299, #8550, #4068, #7054, #6964, #1034, #6148 ),
 .UNSPECIFIED., .F., .F.,
 ( 4, 1, 1, 1, 1, 1, 1, 1, 1, 1, 1, 1, 1, 1, 1, 1, 4 ),
 ( 0.000000000000000000, 0.07565134293790552744, 0.1473404888250151035, 0.2160248263225418852, 0.2816200141458384265, 0.3453641986564539024, 0.4073727453696224798, 0.4687154605609666347, 0.5297496088297307670, 0.5899834890207038551, 0.6485598865702447702, 0.7061808522038778291, 0.7631228146666984014, 0.8204415301492684609, 0.8785129214234910222, 0.9382431650142798452, 1.000000000000000000 ),
 .UNSPECIFIED. ) ;
#2951 = CARTESIAN_POINT ( 'NONE',  ( -28.04009134000937209, 29.59999999999999432, 65.96448203061940774 ) ) ;
#2952 = CARTESIAN_POINT ( 'NONE',  ( -14.52451172601639229, 28.99999999999998224, 62.68721722446422717 ) ) ;
#2953 = CARTESIAN_POINT ( 'NONE',  ( -3.500000000000060840, -4.207106781186503497, 32.99999999999999289 ) ) ;
#2954 = LINE ( 'NONE', #4590, #1973 ) ;
#2955 = CARTESIAN_POINT ( 'NONE',  ( -15.29236734719290958, 29.59999999999999076, 66.68720450271960942 ) ) ;
#2956 = CARTESIAN_POINT ( 'NONE',  ( -12.25606935786188245, 28.99999999999999289, 62.91004914530152803 ) ) ;
#2957 = CARTESIAN_POINT ( 'NONE',  ( -35.88474400103305584, 28.99999999999999645, 63.29043085453159279 ) ) ;
#2958 = CARTESIAN_POINT ( 'NONE',  ( -28.09493202607917794, 29.59999999999999432, 65.96462102316323239 ) ) ;
#2959 = VERTEX_POINT ( 'NONE', #5043 ) ;
#2960 = CARTESIAN_POINT ( 'NONE',  ( -16.21061591263852719, 29.59999999999998721, 64.61824972900920727 ) ) ;
#2961 = CARTESIAN_POINT ( 'NONE',  ( -105.5000000000000000, 28.99999999999998579, 13.74999999999999822 ) ) ;
#2962 = EDGE_CURVE ( 'NONE', #7577, #5378, #1961, .T. ) ;
#2963 = DIRECTION ( 'NONE',  ( 0.7071067811865573427, -1.932577499815481485E-14, 0.7071067811865378028 ) ) ;
#2964 = PLANE ( 'NONE',  #7979 ) ;
#2965 = CARTESIAN_POINT ( 'NONE',  ( -15.05268088815764038, 28.99999999999999289, 63.54325693029271349 ) ) ;
#2966 = CARTESIAN_POINT ( 'NONE',  ( -40.84543646575490783, 29.59999999999999076, 62.21587844375919474 ) ) ;
#2967 = EDGE_CURVE ( 'NONE', #4894, #5752, #2825, .T. ) ;
#2968 = ORIENTED_EDGE ( 'NONE', *, *, #3543, .T. ) ;
#2969 = EDGE_LOOP ( 'NONE', ( #5814, #8072, #8085, #6586 ) ) ;
#2970 = ADVANCED_FACE ( 'NONE', ( #506 ), #3456, .F. ) ;
#2971 = CARTESIAN_POINT ( 'NONE',  ( -12.56618654803136970, 29.59999999999999076, 64.03664153671326176 ) ) ;
#2972 = ORIENTED_EDGE ( 'NONE', *, *, #4547, .T. ) ;
#2973 = CARTESIAN_POINT ( 'NONE',  ( -16.10267150633640298, 29.59999999999999432, 65.56268862912200746 ) ) ;
#2974 = DIRECTION ( 'NONE',  ( -1.884503432655893437E-14, 0.7071067811865577868, 0.7071067811865373587 ) ) ;
#2975 = CARTESIAN_POINT ( 'NONE',  ( -104.9999999999999716, 30.99999999999998579, 55.74999999999999289 ) ) ;
#2976 = DIRECTION ( 'NONE',  ( -1.000000000000000000, -1.418996708365486154E-16, 0.000000000000000000 ) ) ;
#2977 = CARTESIAN_POINT ( 'NONE',  ( -21.63750197060824476, 29.00000000000000000, 62.47206177170625807 ) ) ;
#2978 = EDGE_CURVE ( 'NONE', #5548, #8269, #8614, .T. ) ;
#2979 = CARTESIAN_POINT ( 'NONE',  ( -28.57680665806259057, 29.59999999999999432, 65.52417171298996834 ) ) ;
#2980 = ORIENTED_EDGE ( 'NONE', *, *, #5737, .F. ) ;
#2981 = ORIENTED_EDGE ( 'NONE', *, *, #3423, .F. ) ;
#2982 = DIRECTION ( 'NONE',  ( 1.000000000000000000, 0.000000000000000000, -0.000000000000000000 ) ) ;
#2983 = ORIENTED_EDGE ( 'NONE', *, *, #6186, .T. ) ;
#2984 = CARTESIAN_POINT ( 'NONE',  ( -27.49831453289988659, 28.99999999999998934, 63.65912589528237220 ) ) ;
#2985 = CARTESIAN_POINT ( 'NONE',  ( -7.999999999999989342, 2.803847577293379967, 32.49999999999995026 ) ) ;
#2986 = LINE ( 'NONE', #2799, #9050 ) ;
#2987 = CARTESIAN_POINT ( 'NONE',  ( 0.000000000000000000, 0.5000000000000281997, 30.69999999999996376 ) ) ;
#2988 = VECTOR ( 'NONE', #5252, 1000.000000000000114 ) ;
#2989 = CARTESIAN_POINT ( 'NONE',  ( -23.13024440429339279, 29.59999999999999076, 63.36872890603534358 ) ) ;
#2990 = VERTEX_POINT ( 'NONE', #7161 ) ;
#2991 = B_SPLINE_CURVE_WITH_KNOTS ( 'NONE', 3,
 ( #1907, #5427, #1768, #6298, #7785, #6339, #6971, #7742, #1865, #3939, #9275 ),
 .UNSPECIFIED., .F., .F.,
 ( 4, 1, 1, 1, 1, 1, 1, 1, 4 ),
 ( 0.000000000000000000, 0.1239584095619896825, 0.2446998826385557990, 0.3639412791697725913, 0.4841523681817037073, 0.6059993946649747665, 0.7313057411264476393, 0.8627578173791412564, 1.000000000000000000 ),
 .UNSPECIFIED. ) ;
#2992 = ORIENTED_EDGE ( 'NONE', *, *, #6770, .T. ) ;
#2993 = CARTESIAN_POINT ( 'NONE',  ( -102.2999999999999687, 28.99999999999998579, 73.00000000000000000 ) ) ;
#2994 = CARTESIAN_POINT ( 'NONE',  ( -27.64004394550704902, 29.59999999999999076, 65.72412153017624803 ) ) ;
#2995 = VECTOR ( 'NONE', #3136, 1000.000000000000227 ) ;
#2996 = CARTESIAN_POINT ( 'NONE',  ( -14.19561650162408029, 28.99999999999998934, 63.58466785123025033 ) ) ;
#2997 = VECTOR ( 'NONE', #7062, 1000.000000000000000 ) ;
#2998 = CARTESIAN_POINT ( 'NONE',  ( -16.65016672318162705, 29.59999999999999432, 66.23505523326397793 ) ) ;
#2999 = LINE ( 'NONE', #3101, #3044 ) ;
#3000 = LINE ( 'NONE', #7971, #4132 ) ;
#3001 = FACE_BOUND ( 'NONE', #7486, .T. ) ;
#3002 = CARTESIAN_POINT ( 'NONE',  ( -36.81596453894960064, 28.99999999999998934, 62.64022828210032401 ) ) ;
#3003 = VECTOR ( 'NONE', #8494, 1000.000000000000000 ) ;
#3004 = EDGE_CURVE ( 'NONE', #2470, #5689, #4485, .T. ) ;
#3005 = B_SPLINE_CURVE_WITH_KNOTS ( 'NONE', 3,
 ( #2819, #5757, #8034, #8701, #2102, #3496, #8752, #7205, #3547, #4411, #2871, #1521, #6580, #600, #1428, #5035, #696, #24, #8652 ),
 .UNSPECIFIED., .F., .F.,
 ( 4, 1, 1, 1, 1, 1, 1, 1, 1, 1, 1, 1, 1, 1, 1, 1, 4 ),
 ( 0.000000000000000000, 0.1008389819510992630, 0.1933066405743759653, 0.2774093235198732965, 0.3537258974623241903, 0.4222416857313558425, 0.4821502873790083910, 0.5344086373151103464, 0.5793684589269335605, 0.6558129896578059892, 0.7210347404661476833, 0.7764319497354987831, 0.8239878864249191581, 0.8679002289660953107, 0.9108676256988149644, 0.9548855603064191344, 1.000000000000000000 ),
 .UNSPECIFIED. ) ;
#3006 = LINE ( 'NONE', #8162, #5199 ) ;
#3007 = ORIENTED_EDGE ( 'NONE', *, *, #5180, .T. ) ;
#3008 = VECTOR ( 'NONE', #6777, 1000.000000000000000 ) ;
#3009 = CARTESIAN_POINT ( 'NONE',  ( -16.21134442120624541, 29.59999999999999432, 64.50013680341083955 ) ) ;
#3010 = PLANE ( 'NONE',  #68 ) ;
#3011 = CARTESIAN_POINT ( 'NONE',  ( -11.99365649748191132, 28.99999999999998934, 62.94336049078563633 ) ) ;
#3012 = DIRECTION ( 'NONE',  ( 0.000000000000000000, 0.000000000000000000, -1.000000000000000000 ) ) ;
#3013 = CARTESIAN_POINT ( 'NONE',  ( -22.04064435883876527, 28.99999999999999289, 63.57040566043745144 ) ) ;
#3014 = DIRECTION ( 'NONE',  ( 0.000000000000000000, 0.000000000000000000, 1.000000000000000000 ) ) ;
#3015 = EDGE_LOOP ( 'NONE', ( #4473, #804, #7125, #7737 ) ) ;
#3016 = B_SPLINE_CURVE_WITH_KNOTS ( 'NONE', 3,
 ( #7402, #743, #1616, #2924, #1479, #888, #697, #168, #7493, #4364, #8078, #3837, #5183, #3013, #8215 ),
 .UNSPECIFIED., .F., .F.,
 ( 4, 1, 1, 1, 1, 1, 1, 1, 1, 1, 1, 1, 4 ),
 ( 0.000000000000000000, 0.1168789425891936934, 0.2257848828927967733, 0.3300293635824508853, 0.4347845767395981387, 0.4896303961209848010, 0.5483216779436224098, 0.6108337112498961607, 0.6777304768539422763, 0.7492316971979294804, 0.8268884690772763113, 0.9101270386610832430, 1.000000000000000000 ),
 .UNSPECIFIED. ) ;
#3017 = ORIENTED_EDGE ( 'NONE', *, *, #6186, .F. ) ;
#3018 = ADVANCED_FACE ( 'NONE', ( #6126 ), #6702, .T. ) ;
#3019 = CARTESIAN_POINT ( 'NONE',  ( -7.107113009327980180, 2.564599229210567266, 20.40711300932803951 ) ) ;
#3020 = CARTESIAN_POINT ( 'NONE',  ( -104.9999999999999716, 30.74999999999996447, 55.49999999999997868 ) ) ;
#3021 = CARTESIAN_POINT ( 'NONE',  ( -28.63986341790960211, 28.99999999999998934, 63.67394964916940836 ) ) ;
#3022 = LINE ( 'NONE', #8324, #6228 ) ;
#3023 = DIRECTION ( 'NONE',  ( 0.000000000000000000, 0.000000000000000000, 1.000000000000000000 ) ) ;
#3024 = LINE ( 'NONE', #8902, #2846 ) ;
#3025 = CARTESIAN_POINT ( 'NONE',  ( -21.18021842494432505, 29.59999999999999432, 63.45733378054433160 ) ) ;
#3026 = CARTESIAN_POINT ( 'NONE',  ( -19.15763598498567077, 29.59999999999999432, 62.15818613606688814 ) ) ;
#3027 = B_SPLINE_SURFACE_WITH_KNOTS ( 'NONE', 3, 1, ( 
 ( #3234, #3085 ),
 ( #8145, #3803 ),
 ( #7419, #6066 ),
 ( #8957, #87 ),
 ( #2406, #1585 ),
 ( #6743, #2357 ),
 ( #1688, #233 ),
 ( #5297, #3185 ),
 ( #9053, #3278 ),
 ( #7027, #9147 ),
 ( #4044, #9102 ),
 ( #6311, #6350 ),
 ( #4089, #8519 ),
 ( #5440, #419 ),
 ( #1237, #1919 ),
 ( #9245, #2643 ),
 ( #6984, #4806 ),
 ( #8376, #373 ),
 ( #3321, #8473 ) ),
 .UNSPECIFIED., .F., .F., .F.,
 ( 4, 1, 1, 1, 1, 1, 1, 1, 1, 1, 1, 1, 1, 1, 1, 1, 4 ),
 ( 2, 2 ),
 ( 0.000000000000000000, 0.07565134293790552744, 0.1473404888250151035, 0.2160248263225418852, 0.2816200141458384265, 0.3453641986564539024, 0.4073727453696224798, 0.4687154605609666347, 0.5297496088297307670, 0.5899834890207038551, 0.6485598865702447702, 0.7061808522038778291, 0.7631228146666984014, 0.8204415301492684609, 0.8785129214234910222, 0.9382431650142798452, 1.000000000000000000 ),
 ( 0.000000000000000000, 1.000000000000000000 ),
 .UNSPECIFIED. ) ;
#3028 = ORIENTED_EDGE ( 'NONE', *, *, #1346, .F. ) ;
#3029 = EDGE_CURVE ( 'NONE', #9101, #4462, #1503, .T. ) ;
#3030 = ORIENTED_EDGE ( 'NONE', *, *, #7842, .T. ) ;
#3031 = CARTESIAN_POINT ( 'NONE',  ( -98.29999999999995453, 0.000000000000000000, 69.99999999999998579 ) ) ;
#3032 = EDGE_LOOP ( 'NONE', ( #8724, #6248, #9252, #385 ) ) ;
#3033 = CARTESIAN_POINT ( 'NONE',  ( -29.94249175421643372, 29.59999999999999432, 65.73510921298995413 ) ) ;
#3034 = FACE_OUTER_BOUND ( 'NONE', #1157, .T. ) ;
#3035 = LINE ( 'NONE', #2409, #2385 ) ;
#3036 = CARTESIAN_POINT ( 'NONE',  ( -11.67198745374678737, 29.60000000000000142, 63.42914323233809881 ) ) ;
#3037 = CARTESIAN_POINT ( 'NONE',  ( -5.500000000000003553, -2.207106781186536359, 32.99999999999999289 ) ) ;
#3038 = CARTESIAN_POINT ( 'NONE',  ( -5.499999999999989342, -6.599999999999933920, 32.49999999999995026 ) ) ;
#3039 = ORIENTED_EDGE ( 'NONE', *, *, #3566, .F. ) ;
#3040 = VERTEX_POINT ( 'NONE', #2415 ) ;
#3041 = DIRECTION ( 'NONE',  ( -3.534135064493504337E-15, -0.7071067811865591191, 0.7071067811865359154 ) ) ;
#3042 = ORIENTED_EDGE ( 'NONE', *, *, #7443, .F. ) ;
#3043 = CARTESIAN_POINT ( 'NONE',  ( -41.59633790806259412, 29.59999999999999076, 64.98510921298996834 ) ) ;
#3044 = VECTOR ( 'NONE', #6809, 1000.000000000000000 ) ;
#3045 = DIRECTION ( 'NONE',  ( 1.418996708365486154E-16, -1.000000000000000000, -0.000000000000000000 ) ) ;
#3046 = CARTESIAN_POINT ( 'NONE',  ( -29.45515716326410782, 29.59999999999999787, 63.46687955153354466 ) ) ;
#3047 = AXIS2_PLACEMENT_3D ( 'NONE', #3470, #3569, #6407 ) ;
#3048 = CARTESIAN_POINT ( 'NONE',  ( -22.92216177361661877, 29.60000000000000142, 62.17732647703378746 ) ) ;
#3049 = CARTESIAN_POINT ( 'NONE',  ( -14.13479944652413245, 28.99999999999999289, 64.42982075145150134 ) ) ;
#3050 = FACE_BOUND ( 'NONE', #3868, .T. ) ;
#3051 = CARTESIAN_POINT ( 'NONE',  ( -26.59633790806259057, 28.99999999999999289, 64.42982075145150134 ) ) ;
#3052 = ORIENTED_EDGE ( 'NONE', *, *, #3475, .T. ) ;
#3053 = VECTOR ( 'NONE', #3012, 1000.000000000000000 ) ;
#3054 = AXIS2_PLACEMENT_3D ( 'NONE', #242, #8153, #48 ) ;
#3055 = CARTESIAN_POINT ( 'NONE',  ( -102.7999999999999972, 30.49999999999994316, 72.49999999999995737 ) ) ;
#3056 = VERTEX_POINT ( 'NONE', #7428 ) ;
#3057 = EDGE_CURVE ( 'NONE', #7885, #357, #4534, .T. ) ;
#3058 = DIRECTION ( 'NONE',  ( -0.9952403613758177281, 0.000000000000000000, 0.09745061871805377196 ) ) ;
#3059 = CARTESIAN_POINT ( 'NONE',  ( -16.21172252344721088, 29.59999999999999432, 64.43883517452843535 ) ) ;
#3060 = CARTESIAN_POINT ( 'NONE',  ( -28.60146864846451464, 29.59999999999999432, 65.43292503068569488 ) ) ;
#3061 = EDGE_CURVE ( 'NONE', #6296, #8281, #8485, .T. ) ;
#3062 = FACE_OUTER_BOUND ( 'NONE', #3557, .T. ) ;
#3063 = CARTESIAN_POINT ( 'NONE',  ( -0.5000000000000419664, 0.5000000000000419664, 0.000000000000000000 ) ) ;
#3064 = DIRECTION ( 'NONE',  ( 0.000000000000000000, 0.000000000000000000, -1.000000000000000000 ) ) ;
#3065 = VECTOR ( 'NONE', #10, 1000.000000000000000 ) ;
#3066 = CARTESIAN_POINT ( 'NONE',  ( -98.29999999999996874, 0.000000000000000000, 73.00000000000000000 ) ) ;
#3067 = VECTOR ( 'NONE', #5756, 1000.000000000000000 ) ;
#3068 = ORIENTED_EDGE ( 'NONE', *, *, #1021, .T. ) ;
#3069 = LINE ( 'NONE', #8362, #122 ) ;
#3070 = ORIENTED_EDGE ( 'NONE', *, *, #7695, .T. ) ;
#3071 = AXIS2_PLACEMENT_3D ( 'NONE', #7284, #7380, #5208 ) ;
#3072 = CARTESIAN_POINT ( 'NONE',  ( -12.33936955966688309, 29.59999999999999432, 64.30080552589373610 ) ) ;
#3073 = CARTESIAN_POINT ( 'NONE',  ( -20.51447240284513285, 28.99999999999998934, 63.67257558265118433 ) ) ;
#3074 = CARTESIAN_POINT ( 'NONE',  ( -23.19333870612278403, 29.59999999999999432, 64.90246162546478104 ) ) ;
#3075 = CARTESIAN_POINT ( 'NONE',  ( -32.59633790806259412, 29.59999999999999432, 62.21587844375919474 ) ) ;
#3076 = LINE ( 'NONE', #7558, #4537 ) ;
#3077 = CARTESIAN_POINT ( 'NONE',  ( -16.99361870172564082, 29.59999999999999432, 63.46687955153351623 ) ) ;
#3078 = CARTESIAN_POINT ( 'NONE',  ( -2.333333333333408088, -7.266666666666572461, 31.83333333333329662 ) ) ;
#3079 = LOCAL_TIME ( 16, 33, 20.00000000000000000, #6326 ) ;
#3080 = VERTEX_POINT ( 'NONE', #4443 ) ;
#3081 = EDGE_LOOP ( 'NONE', ( #3293, #5520, #5867, #7771 ) ) ;
#3082 = CARTESIAN_POINT ( 'NONE',  ( -17.92447348596284940, 29.00000000000000000, 62.76877923128868986 ) ) ;
#3083 = ORIENTED_EDGE ( 'NONE', *, *, #8268, .T. ) ;
#3084 = CC_DESIGN_PERSON_AND_ORGANIZATION_ASSIGNMENT ( #7238, #8731, ( #9542 ) ) ;
#3085 = CARTESIAN_POINT ( 'NONE',  ( -12.23455906190874387, 28.99999999999999645, 62.15818613606688814 ) ) ;
#3086 = EDGE_CURVE ( 'NONE', #2491, #6626, #7527, .T. ) ;
#3087 = FACE_OUTER_BOUND ( 'NONE', #8318, .T. ) ;
#3088 = CARTESIAN_POINT ( 'NONE',  ( -21.17326098498567433, 29.59999999999999432, 63.51575825145150134 ) ) ;
#3089 = CARTESIAN_POINT ( 'NONE',  ( -11.65987894348294773, 29.60000000000000142, 63.51245042299270693 ) ) ;
#3090 = EDGE_CURVE ( 'NONE', #6703, #3181, #5355, .T. ) ;
#3091 = CARTESIAN_POINT ( 'NONE',  ( -14.15908285263066446, 28.99999999999999289, 65.02136725860023603 ) ) ;
#3092 = CARTESIAN_POINT ( 'NONE',  ( -22.40401522243909227, 29.59999999999999432, 64.62062234358914736 ) ) ;
#3093 = ORIENTED_EDGE ( 'NONE', *, *, #2057, .T. ) ;
#3094 = ORIENTED_EDGE ( 'NONE', *, *, #1259, .T. ) ;
#3095 = CARTESIAN_POINT ( 'NONE',  ( -23.89711521208660727, 28.99999999999999289, 63.95093916350448637 ) ) ;
#3096 = ORIENTED_EDGE ( 'NONE', *, *, #7658, .T. ) ;
#3097 = CARTESIAN_POINT ( 'NONE',  ( -29.09333310037028397, 29.59999999999999432, 66.25884719375919474 ) ) ;
#3098 = PLANE ( 'NONE',  #2239 ) ;
#3099 = ADVANCED_FACE ( 'NONE', ( #3759 ), #6030, .T. ) ;
#3100 = CARTESIAN_POINT ( 'NONE',  ( -29.20152968156404327, 29.60000000000000497, 62.76957086735013291 ) ) ;
#3101 = CARTESIAN_POINT ( 'NONE',  ( -35.82710713883183473, 29.59999999999999432, 64.17741690529766174 ) ) ;
#3102 = DIRECTION ( 'NONE',  ( 0.000000000000000000, 0.000000000000000000, -1.000000000000000000 ) ) ;
#3103 = CARTESIAN_POINT ( 'NONE',  ( -13.61556867729336062, 28.99999999999999289, 66.65818613606688814 ) ) ;
#3104 = CARTESIAN_POINT ( 'NONE',  ( -26.95115949641797926, 28.99999999999999289, 66.14854865925747163 ) ) ;
#3105 = EDGE_CURVE ( 'NONE', #5198, #7525, #7384, .T. ) ;
#3106 = ORIENTED_EDGE ( 'NONE', *, *, #8554, .F. ) ;
#3107 = CARTESIAN_POINT ( 'NONE',  ( -20.39740268181929395, 28.99999999999999289, 62.79469879474976324 ) ) ;
#3108 = ORIENTED_EDGE ( 'NONE', *, *, #435, .T. ) ;
#3109 = B_SPLINE_SURFACE_WITH_KNOTS ( 'NONE', 1, 1, ( 
 ( #3604, #6639 ),
 ( #7168, #3511 ) ),
 .UNSPECIFIED., .F., .F., .F.,
 ( 2, 2 ),
 ( 2, 2 ),
 ( 0.000000000000000000, 1.000000000000000000 ),
 ( 0.000000000000000000, 1.000000000000000000 ),
 .UNSPECIFIED. ) ;
#3110 = CARTESIAN_POINT ( 'NONE',  ( -29.19914098288634463, 28.99999999999999645, 66.10887531149904817 ) ) ;
#3111 = CARTESIAN_POINT ( 'NONE',  ( -16.17832495637113865, 28.99999999999998579, 63.67394964916939415 ) ) ;
#3112 = CARTESIAN_POINT ( 'NONE',  ( -33.17326098498566722, 28.99999999999999289, 64.98510921298996834 ) ) ;
#3113 = CARTESIAN_POINT ( 'NONE',  ( -15.44839943803959059, 29.60000000000000142, 62.16203522071355536 ) ) ;
#3114 = DIRECTION ( 'NONE',  ( -0.4999999999999930056, -0.4999999999999931721, 0.7071067811865572317 ) ) ;
#3115 = CARTESIAN_POINT ( 'NONE',  ( -4.065758146820662582E-17, 28.00000000000000000, 72.49999999999995737 ) ) ;
#3116 = VERTEX_POINT ( 'NONE', #774 ) ;
#3117 = PLANE ( 'NONE',  #3506 ) ;
#3118 = ADVANCED_FACE ( 'NONE', ( #8246 ), #2318, .T. ) ;
#3119 = ORIENTED_EDGE ( 'NONE', *, *, #9462, .F. ) ;
#3120 = CARTESIAN_POINT ( 'NONE',  ( -3.000000000000031530, -3.999999999999948042, 21.30000000000002203 ) ) ;
#3121 = CARTESIAN_POINT ( 'NONE',  ( -21.18021842494432505, 28.99999999999999289, 63.45733378054433160 ) ) ;
#3122 = DIRECTION ( 'NONE',  ( 1.418996708365486154E-16, -1.000000000000000000, -0.000000000000000000 ) ) ;
#3123 = CARTESIAN_POINT ( 'NONE',  ( -14.32435162301355724, 29.59999999999999432, 65.82419852421570283 ) ) ;
#3124 = DIRECTION ( 'NONE',  ( 0.000000000000000000, 0.000000000000000000, 1.000000000000000000 ) ) ;
#3125 = CARTESIAN_POINT ( 'NONE',  ( -17.06297399674418358, 29.59999999999999787, 63.98971990975885404 ) ) ;
#3126 = CARTESIAN_POINT ( 'NONE',  ( -15.60595329267797737, 29.59999999999999432, 66.71587844375920895 ) ) ;
#3127 = ORIENTED_EDGE ( 'NONE', *, *, #2914, .T. ) ;
#3128 = EDGE_CURVE ( 'NONE', #1249, #5967, #149, .T. ) ;
#3129 = ORIENTED_EDGE ( 'NONE', *, *, #905, .F. ) ;
#3130 = B_SPLINE_CURVE_WITH_KNOTS ( 'NONE', 3,
 ( #175, #3121, #8992, #2396, #1673, #4614, #1723, #5476, #1816, #2674, #9235, #499, #1042, #8464, #6299, #4888, #4077, #7018, #7786 ),
 .UNSPECIFIED., .F., .F.,
 ( 4, 1, 1, 1, 1, 1, 1, 1, 1, 1, 1, 1, 1, 1, 1, 1, 4 ),
 ( 0.000000000000000000, 0.07942773837476271859, 0.1539976939993293603, 0.2241189499674203778, 0.2899050271283510893, 0.3526968565844615933, 0.4126842950548520461, 0.4705649759878932081, 0.5274252800728549406, 0.5837531208169127739, 0.6399844070010037855, 0.6966154639853048280, 0.7537516678721120078, 0.8127258630658229510, 0.8729762494242104820, 0.9350413902325094284, 1.000000000000000000 ),
 .UNSPECIFIED. ) ;
#3131 = CARTESIAN_POINT ( 'NONE',  ( -15.52441801629155194, 28.99999999999999645, 65.96172314411872151 ) ) ;
#3132 = VERTEX_POINT ( 'NONE', #1643 ) ;
#3133 = CARTESIAN_POINT ( 'NONE',  ( -250003.4999999968859, 249996.5000000000291, 31.20000000024091946 ) ) ;
#3134 = ADVANCED_FACE ( 'NONE', ( #4634 ), #7473, .T. ) ;
#3135 = DIRECTION ( 'NONE',  ( 0.7071067811865378028, 0.000000000000000000, 0.7071067811865573427 ) ) ;
#3136 = DIRECTION ( 'NONE',  ( -0.5773502691896241767, 0.5773502691896238437, -0.5773502691896291728 ) ) ;
#3137 = CARTESIAN_POINT ( 'NONE',  ( -11.68700557373432325, 29.00000000000000355, 63.35262999331453670 ) ) ;
#3138 = CARTESIAN_POINT ( 'NONE',  ( -14.13522319507809932, 28.99999999999999289, 64.48240685081077572 ) ) ;
#3139 = CARTESIAN_POINT ( 'NONE',  ( -15.76380833032661677, 29.59999999999998721, 62.16198089314431030 ) ) ;
#3140 = VERTEX_POINT ( 'NONE', #920 ) ;
#3141 = VERTEX_POINT ( 'NONE', #5259 ) ;
#3142 = CARTESIAN_POINT ( 'NONE',  ( -12.60509503775810636, 29.59999999999999076, 63.97553209429965193 ) ) ;
#3143 = EDGE_LOOP ( 'NONE', ( #3070, #6752, #2594, #6981, #6666, #4522, #6074, #7657, #6154, #4086, #8819, #2838, #2175 ) ) ;
#3144 = DIRECTION ( 'NONE',  ( -1.000000000000000000, 0.000000000000000000, 0.000000000000000000 ) ) ;
#3145 = EDGE_CURVE ( 'NONE', #2877, #1492, #3912, .T. ) ;
#3146 = CARTESIAN_POINT ( 'NONE',  ( -28.62079520392162735, 28.99999999999999645, 65.33171982693652069 ) ) ;
#3147 = EDGE_CURVE ( 'NONE', #3857, #5768, #7921, .T. ) ;
#3148 = CARTESIAN_POINT ( 'NONE',  ( -29.33086063213759331, 29.00000000000001066, 63.03469003580759988 ) ) ;
#3149 = CARTESIAN_POINT ( 'NONE',  ( -23.85894114335776806, 29.59999999999999432, 62.79469879474974903 ) ) ;
#3150 = CARTESIAN_POINT ( 'NONE',  ( -14.14027839059222380, 29.60000000000000142, 64.73700075051831959 ) ) ;
#3151 = B_SPLINE_CURVE_WITH_KNOTS ( 'NONE', 3,
 ( #1455, #8243, #3092, #2901, #8824, #8963, #6654, #1546, #3810, #3864, #7381 ),
 .UNSPECIFIED., .F., .F.,
 ( 4, 1, 1, 1, 1, 1, 1, 1, 4 ),
 ( 0.000000000000000000, 0.1850902117818992998, 0.3523572497833286077, 0.5030799192422876764, 0.6360081999872619907, 0.7524730698093538006, 0.8518856678189902221, 0.9343393817377413368, 1.000000000000000000 ),
 .UNSPECIFIED. ) ;
#3152 = FACE_BOUND ( 'NONE', #3143, .T. ) ;
#3153 = APPROVAL_DATE_TIME ( #1894, #5379 ) ;
#3154 = ORIENTED_EDGE ( 'NONE', *, *, #1706, .F. ) ;
#3155 = VECTOR ( 'NONE', #7363, 1000.000000000000000 ) ;
#3156 = ADVANCED_FACE ( 'NONE', ( #5724 ), #878, .T. ) ;
#3157 = AXIS2_PLACEMENT_3D ( 'NONE', #2298, #6729, #7407 ) ;
#3158 = CARTESIAN_POINT ( 'NONE',  ( -16.63179463883182407, 29.59999999999999432, 66.25884719375919474 ) ) ;
#3159 = ORIENTED_EDGE ( 'NONE', *, *, #968, .F. ) ;
#3160 = DIRECTION ( 'NONE',  ( 1.000000000000000000, -4.670409358399121388E-15, 0.000000000000000000 ) ) ;
#3161 = FACE_OUTER_BOUND ( 'NONE', #1864, .T. ) ;
#3162 = CARTESIAN_POINT ( 'NONE',  ( -28.67215437417698354, 29.59999999999998721, 64.61824972900920727 ) ) ;
#3163 = VECTOR ( 'NONE', #7021, 1000.000000000000000 ) ;
#3164 = CARTESIAN_POINT ( 'NONE',  ( -11.83210207455443630, 29.00000000000000711, 63.05376029987495912 ) ) ;
#3165 = CARTESIAN_POINT ( 'NONE',  ( -14.38434218233667750, 29.00000000000000000, 62.93702703193130077 ) ) ;
#3166 = LINE ( 'NONE', #3933, #4701 ) ;
#3167 = EDGE_CURVE ( 'NONE', #6551, #8061, #6593, .T. ) ;
#3168 = ORIENTED_EDGE ( 'NONE', *, *, #6970, .F. ) ;
#3169 = DIRECTION ( 'NONE',  ( 0.000000000000000000, 0.000000000000000000, 1.000000000000000000 ) ) ;
#3170 = VECTOR ( 'NONE', #6169, 1000.000000000000000 ) ;
#3171 = ORIENTED_EDGE ( 'NONE', *, *, #692, .F. ) ;
#3172 = CARTESIAN_POINT ( 'NONE',  ( -102.7999999999999972, 29.50000000000002487, 73.00000000000000000 ) ) ;
#3173 = CARTESIAN_POINT ( 'NONE',  ( -3.000000000099589670, -6.599999999999933031, 24.33205080756887995 ) ) ;
#3174 = CARTESIAN_POINT ( 'NONE',  ( -105.5000000000000000, 29.50000000000002487, 14.25000000000004086 ) ) ;
#3175 = LINE ( 'NONE', #6106, #2141 ) ;
#3176 = FACE_OUTER_BOUND ( 'NONE', #7003, .T. ) ;
#3177 = CARTESIAN_POINT ( 'NONE',  ( -27.46281959199758660, 28.99999999999999645, 64.25881946426677871 ) ) ;
#3178 = ADVANCED_FACE ( 'NONE', ( #3559 ), #5049, .F. ) ;
#3179 = CARTESIAN_POINT ( 'NONE',  ( -21.19370778938668565, 29.00000000000000000, 63.34405806632992153 ) ) ;
#3180 = CARTESIAN_POINT ( 'NONE',  ( -11.35457750167225655, 29.59999999999998366, 62.39826547171087157 ) ) ;
#3181 = VERTEX_POINT ( 'NONE', #4330 ) ;
#3182 = ORIENTED_EDGE ( 'NONE', *, *, #6257, .T. ) ;
#3183 = CARTESIAN_POINT ( 'NONE',  ( -15.37226505016682943, 29.59999999999998366, 65.91273674241436709 ) ) ;
#3184 = ORIENTED_EDGE ( 'NONE', *, *, #264, .F. ) ;
#3185 = CARTESIAN_POINT ( 'NONE',  ( -13.04657503246413697, 29.00000000000000000, 62.35348029611564158 ) ) ;
#3186 = EDGE_CURVE ( 'NONE', #1592, #715, #97, .T. ) ;
#3187 = CARTESIAN_POINT ( 'NONE',  ( -7.999999999999989342, 2.803847577293379967, 21.30000000000002203 ) ) ;
#3188 = CARTESIAN_POINT ( 'NONE',  ( -15.91155830651709202, 29.00000000000000355, 65.87081720487880432 ) ) ;
#3189 = CARTESIAN_POINT ( 'NONE',  ( -26.63864816728385776, 28.99999999999998934, 63.71230181931436221 ) ) ;
#3190 = CARTESIAN_POINT ( 'NONE',  ( -15.09663838883182407, 29.59999999999999432, 63.34989286683612164 ) ) ;
#3191 = EDGE_CURVE ( 'NONE', #6699, #8784, #2167, .T. ) ;
#3192 = LINE ( 'NONE', #7884, #143 ) ;
#3193 = VERTEX_POINT ( 'NONE', #5679 ) ;
#3194 = CARTESIAN_POINT ( 'NONE',  ( -23.99908105622178311, 28.99999999999998934, 63.43139590477775158 ) ) ;
#3195 = ORIENTED_EDGE ( 'NONE', *, *, #4178, .T. ) ;
#3196 = CARTESIAN_POINT ( 'NONE',  ( -13.59139547976820239, 29.59999999999999076, 63.67257558265117012 ) ) ;
#3197 = LINE ( 'NONE', #6705, #691 ) ;
#3198 = CARTESIAN_POINT ( 'NONE',  ( -2.999999999985902832, -3.600000001751322731, 22.60000000101116768 ) ) ;
#3199 = DIRECTION ( 'NONE',  ( 1.418996708365486154E-16, -1.000000000000000000, -0.000000000000000000 ) ) ;
#3200 = CARTESIAN_POINT ( 'NONE',  ( -16.19136573638043686, 29.60000000000000142, 66.60379955400918561 ) ) ;
#3201 = B_SPLINE_SURFACE_WITH_KNOTS ( 'NONE', 3, 1, ( 
 ( #2891, #4192 ),
 ( #5109, #4912 ),
 ( #6504, #3612 ),
 ( #5780, #5732 ),
 ( #8721, #2074 ),
 ( #3468, #5830 ),
 ( #2121, #1447 ) ),
 .UNSPECIFIED., .F., .F., .F.,
 ( 4, 1, 1, 1, 4 ),
 ( 2, 2 ),
 ( 0.000000000000000000, 0.2728587156736266284, 0.5256924094060723140, 0.7668504463701355522, 1.000000000000000000 ),
 ( 0.000000000000000000, 1.000000000000000000 ),
 .UNSPECIFIED. ) ;
#3202 = VERTEX_POINT ( 'NONE', #8618 ) ;
#3203 = CARTESIAN_POINT ( 'NONE',  ( -20.53864560037029463, 28.99999999999999645, 63.38234478991305565 ) ) ;
#3204 = ORIENTED_EDGE ( 'NONE', *, *, #7477, .F. ) ;
#3205 = AXIS2_PLACEMENT_3D ( 'NONE', #2767, #5706, #7830 ) ;
#3206 = EDGE_CURVE ( 'NONE', #8784, #6008, #5000, .T. ) ;
#3207 = DIRECTION ( 'NONE',  ( 0.000000000000000000, 0.000000000000000000, -1.000000000000000000 ) ) ;
#3208 = PLANE ( 'NONE',  #219 ) ;
#3209 = CARTESIAN_POINT ( 'NONE',  ( -36.81596453894960064, 29.59999999999998721, 62.64022828210032401 ) ) ;
#3210 = DIRECTION ( 'NONE',  ( 1.418996708365486154E-16, -1.000000000000000000, -0.000000000000000000 ) ) ;
#3211 = ADVANCED_FACE ( 'NONE', ( #2526 ), #4415, .T. ) ;
#3212 = CARTESIAN_POINT ( 'NONE',  ( -19.10980440350194343, 28.99999999999999289, 65.47993683651777985 ) ) ;
#3213 = CARTESIAN_POINT ( 'NONE',  ( -31.73095329267797737, 29.59999999999999432, 63.48691209760534804 ) ) ;
#3214 = PLANE ( 'NONE',  #234 ) ;
#3215 = AXIS2_PLACEMENT_3D ( 'NONE', #9459, #6473, #2092 ) ;
#3216 = ORIENTED_EDGE ( 'NONE', *, *, #2381, .F. ) ;
#3217 = CARTESIAN_POINT ( 'NONE',  ( -18.61008249681123772, 29.59999999999999076, 63.35262999331450828 ) ) ;
#3218 = ORIENTED_EDGE ( 'NONE', *, *, #1259, .F. ) ;
#3219 = VECTOR ( 'NONE', #7366, 1000.000000000000000 ) ;
#3220 = DIRECTION ( 'NONE',  ( 0.000000000000000000, 0.000000000000000000, 1.000000000000000000 ) ) ;
#3221 = LINE ( 'NONE', #8898, #8080 ) ;
#3222 = VECTOR ( 'NONE', #103, 1000.000000000000000 ) ;
#3223 = PLANE ( 'NONE',  #7056 ) ;
#3224 = CARTESIAN_POINT ( 'NONE',  ( -15.44650406984059643, 29.59999999999998721, 66.71129150193090140 ) ) ;
#3225 = CARTESIAN_POINT ( 'NONE',  ( -36.92326098498567433, 29.59999999999999076, 63.45446017452842113 ) ) ;
#3226 = CARTESIAN_POINT ( 'NONE',  ( -22.47693124659597785, 29.59999999999999787, 62.16006389001608312 ) ) ;
#3227 = CARTESIAN_POINT ( 'NONE',  ( -15.00018406190874742, 29.59999999999999432, 64.43883517452843535 ) ) ;
#3228 = EDGE_CURVE ( 'NONE', #347, #7185, #7326, .T. ) ;
#3229 = ORIENTED_EDGE ( 'NONE', *, *, #1644, .F. ) ;
#3230 = VECTOR ( 'NONE', #6132, 1000.000000000000000 ) ;
#3231 = ORIENTED_EDGE ( 'NONE', *, *, #211, .T. ) ;
#3232 = FACE_OUTER_BOUND ( 'NONE', #8683, .T. ) ;
#3233 = VERTEX_POINT ( 'NONE', #6146 ) ;
#3234 = CARTESIAN_POINT ( 'NONE',  ( -12.23455906190874387, 29.59999999999999432, 62.15818613606688814 ) ) ;
#3235 = CARTESIAN_POINT ( 'NONE',  ( -18.35787686887723069, 29.00000000000001066, 65.20056175677522958 ) ) ;
#3236 = LINE ( 'NONE', #4575, #3453 ) ;
#3237 = CARTESIAN_POINT ( 'NONE',  ( -13.61556867729336062, 29.59999999999999432, 63.38234478991304144 ) ) ;
#3238 = CARTESIAN_POINT ( 'NONE',  ( -26.98605018755485929, 29.00000000000000355, 62.68721722446425559 ) ) ;
#3239 = DIRECTION ( 'NONE',  ( 1.418996708365486154E-16, -1.000000000000000000, 0.000000000000000000 ) ) ;
#3240 = DIRECTION ( 'NONE',  ( -1.000000000000000000, -1.418996708365486154E-16, 0.000000000000000000 ) ) ;
#3241 = ORIENTED_EDGE ( 'NONE', *, *, #825, .T. ) ;
#3242 = CARTESIAN_POINT ( 'NONE',  ( -41.59633790806259412, 29.59999999999999076, 65.73510921298995413 ) ) ;
#3243 = EDGE_LOOP ( 'NONE', ( #3500, #3950, #8870, #7103 ) ) ;
#3244 = CARTESIAN_POINT ( 'NONE',  ( -5.000000000000000000, 28.99999999999999645, 73.00000000000000000 ) ) ;
#3245 = EDGE_CURVE ( 'NONE', #6588, #6563, #8176, .T. ) ;
#3246 = DIRECTION ( 'NONE',  ( 0.7071067811865573427, 0.7071067811865378028, 0.000000000000000000 ) ) ;
#3247 = CARTESIAN_POINT ( 'NONE',  ( -22.99678326364589154, 29.60000000000000497, 63.05857560965164055 ) ) ;
#3248 = FACE_OUTER_BOUND ( 'NONE', #628, .T. ) ;
#3249 = FACE_OUTER_BOUND ( 'NONE', #4416, .T. ) ;
#3250 = EDGE_LOOP ( 'NONE', ( #2681, #9399, #5627, #6456 ) ) ;
#3251 = CARTESIAN_POINT ( 'NONE',  ( -38.94249175421644082, 29.59999999999999076, 64.98781353991303433 ) ) ;
#3252 = ORIENTED_EDGE ( 'NONE', *, *, #401, .T. ) ;
#3253 = DIRECTION ( 'NONE',  ( -1.962422377263154181E-13, -1.000000000000000000, 1.927768473270683511E-13 ) ) ;
#3254 = LINE ( 'NONE', #3345, #6997 ) ;
#3255 = DIRECTION ( 'NONE',  ( -0.7071067811865476838, 0.7071067811865474617, 0.000000000000000000 ) ) ;
#3256 = CARTESIAN_POINT ( 'NONE',  ( -28.67326098498566367, 29.59999999999999432, 64.43883517452843535 ) ) ;
#3257 = DIRECTION ( 'NONE',  ( 8.659560562354910671E-17, -0.7071067811865493491, 0.7071067811865456854 ) ) ;
#3258 = CARTESIAN_POINT ( 'NONE',  ( -15.23609514263817033, 28.99999999999998934, 65.80926924103962961 ) ) ;
#3259 = LINE ( 'NONE', #941, #8548 ) ;
#3260 = VERTEX_POINT ( 'NONE', #1532 ) ;
#3261 = CARTESIAN_POINT ( 'NONE',  ( -18.82282416380752110, 29.00000000000000000, 62.99543834603618819 ) ) ;
#3262 = ORIENTED_EDGE ( 'NONE', *, *, #4818, .T. ) ;
#3263 = EDGE_CURVE ( 'NONE', #3056, #8615, #1033, .T. ) ;
#3264 = FACE_OUTER_BOUND ( 'NONE', #5185, .T. ) ;
#3265 = CARTESIAN_POINT ( 'NONE',  ( -35.82710713883183473, 29.59999999999999432, 64.17741690529766174 ) ) ;
#3266 = CARTESIAN_POINT ( 'NONE',  ( -22.47395104891390716, 29.59999999999999432, 65.58481777482313646 ) ) ;
#3267 = CARTESIAN_POINT ( 'NONE',  ( -104.9999999999999716, 28.99999999999998579, 14.25000000000004086 ) ) ;
#3268 = CARTESIAN_POINT ( 'NONE',  ( -105.5000000000000000, 30.49999999999994316, 14.25000000000004086 ) ) ;
#3269 = DIRECTION ( 'NONE',  ( -0.7071067811865352493, -0.000000000000000000, -0.7071067811865597852 ) ) ;
#3270 = B_SPLINE_CURVE_WITH_KNOTS ( 'NONE', 3,
 ( #951, #5292, #3272, #1728, #5339, #1000, #9095, #2498, #3851, #2452, #1680, #4567, #6017, #6110, #3945 ),
 .UNSPECIFIED., .F., .F.,
 ( 4, 1, 1, 1, 1, 1, 1, 1, 1, 1, 1, 1, 4 ),
 ( 0.000000000000000000, 0.1168789425891936934, 0.2257848828927967733, 0.3300293635824508853, 0.4347845767395981387, 0.4896303961209848010, 0.5483216779436224098, 0.6108337112498961607, 0.6777304768539422763, 0.7492316971979294804, 0.8268884690772763113, 0.9101270386610832430, 1.000000000000000000 ),
 .UNSPECIFIED. ) ;
#3271 = EDGE_CURVE ( 'NONE', #2249, #8235, #4466, .T. ) ;
#3272 = CARTESIAN_POINT ( 'NONE',  ( -19.02454562222785484, 29.59999999999999787, 62.91341316413078033 ) ) ;
#3273 = EDGE_LOOP ( 'NONE', ( #133, #3623, #3422, #6692 ) ) ;
#3274 = ADVANCED_FACE ( 'NONE', ( #1757 ), #4694, .T. ) ;
#3275 = ORIENTED_EDGE ( 'NONE', *, *, #6814, .F. ) ;
#3276 = DIRECTION ( 'NONE',  ( 0.000000000000000000, -1.000000000000000000, 0.000000000000000000 ) ) ;
#3277 = ORIENTED_EDGE ( 'NONE', *, *, #1265, .T. ) ;
#3278 = CARTESIAN_POINT ( 'NONE',  ( -13.15268162477957148, 29.00000000000000711, 62.42470264681982428 ) ) ;
#3279 = CARTESIAN_POINT ( 'NONE',  ( -18.75752433655028995, 29.60000000000000142, 64.79893559641131162 ) ) ;
#3280 = CARTESIAN_POINT ( 'NONE',  ( -15.37026827887001623, 28.99999999999999289, 62.96026778614352537 ) ) ;
#3281 = CARTESIAN_POINT ( 'NONE',  ( -22.61917444652413423, 29.59999999999999432, 62.15818613606688814 ) ) ;
#3282 = CARTESIAN_POINT ( 'NONE',  ( -27.59453075760505669, 28.99999999999999289, 63.23871921102352900 ) ) ;
#3283 = LINE ( 'NONE', #4673, #7694 ) ;
#3284 = LINE ( 'NONE', #4772, #7533 ) ;
#3285 = ORIENTED_EDGE ( 'NONE', *, *, #8421, .T. ) ;
#3286 = CARTESIAN_POINT ( 'NONE',  ( -15.09663838883182407, 29.59999999999999432, 63.34989286683612164 ) ) ;
#3287 = EDGE_LOOP ( 'NONE', ( #6184, #5932, #9489, #2639 ) ) ;
#3288 = CARTESIAN_POINT ( 'NONE',  ( -22.67149696965403649, 28.99999999999999289, 62.15919151790432551 ) ) ;
#3289 = CARTESIAN_POINT ( 'NONE',  ( -31.73095329267797737, 28.99999999999999289, 64.98510921298996834 ) ) ;
#3290 = PLANE ( 'NONE',  #8603 ) ;
#3291 = CARTESIAN_POINT ( 'NONE',  ( -29.52450597165991653, 28.99999999999998934, 64.88704742904305078 ) ) ;
#3292 = CARTESIAN_POINT ( 'NONE',  ( -28.37222740454438963, 28.99999999999999645, 63.00352767674853283 ) ) ;
#3293 = ORIENTED_EDGE ( 'NONE', *, *, #5021, .F. ) ;
#3294 = CARTESIAN_POINT ( 'NONE',  ( -26.95115949641797926, 29.59999999999999432, 66.14854865925747163 ) ) ;
#3295 = FACE_OUTER_BOUND ( 'NONE', #7957, .T. ) ;
#3296 = FACE_OUTER_BOUND ( 'NONE', #2135, .T. ) ;
#3297 = FACE_OUTER_BOUND ( 'NONE', #218, .T. ) ;
#3298 = CARTESIAN_POINT ( 'NONE',  ( -28.22745935931103389, 28.99999999999998934, 62.93054619695440266 ) ) ;
#3299 = CARTESIAN_POINT ( 'NONE',  ( -13.47432575874237237, 28.99999999999998934, 62.79469879474974903 ) ) ;
#3300 = CARTESIAN_POINT ( 'NONE',  ( -28.06749175421643727, 28.99999999999999289, 62.15818613606688814 ) ) ;
#3301 = VECTOR ( 'NONE', #3122, 1000.000000000000000 ) ;
#3302 = EDGE_CURVE ( 'NONE', #8420, #5945, #5138, .T. ) ;
#3303 = AXIS2_PLACEMENT_3D ( 'NONE', #6961, #353, #9172 ) ;
#3304 = ORIENTED_EDGE ( 'NONE', *, *, #9280, .F. ) ;
#3305 = DIRECTION ( 'NONE',  ( -0.7071067811865597852, 0.000000000000000000, 0.7071067811865352493 ) ) ;
#3306 = ORIENTED_EDGE ( 'NONE', *, *, #3764, .F. ) ;
#3307 = AXIS2_PLACEMENT_3D ( 'NONE', #377, #6265, #9198 ) ;
#3308 = CARTESIAN_POINT ( 'NONE',  ( -32.59633790806259412, 28.99999999999999289, 62.21587844375919474 ) ) ;
#3309 = CARTESIAN_POINT ( 'NONE',  ( -105.5000000000000000, 30.49999999999994316, 55.24999999999995026 ) ) ;
#3310 = CARTESIAN_POINT ( 'NONE',  ( -18.23532635128047730, 28.99999999999999289, 65.33875421579912768 ) ) ;
#3311 = CARTESIAN_POINT ( 'NONE',  ( -102.7999999999999972, 30.99999999999998579, 72.49999999999995737 ) ) ;
#3312 = CARTESIAN_POINT ( 'NONE',  ( -4.241207696776957078E-15, 30.49999999999995737, 0.000000000000000000 ) ) ;
#3313 = CARTESIAN_POINT ( 'NONE',  ( -21.84685255840942375, 29.00000000000001066, 62.33386798170776188 ) ) ;
#3314 = CARTESIAN_POINT ( 'NONE',  ( -13.61556867729336062, 29.59999999999999432, 66.65818613606688814 ) ) ;
#3315 = VECTOR ( 'NONE', #7095, 1000.000000000000000 ) ;
#3316 = ORIENTED_EDGE ( 'NONE', *, *, #2425, .T. ) ;
#3317 = EDGE_CURVE ( 'NONE', #8333, #475, #5655, .T. ) ;
#3318 = ORIENTED_EDGE ( 'NONE', *, *, #841, .F. ) ;
#3319 = CARTESIAN_POINT ( 'NONE',  ( -19.01539278505751085, 29.00000000000000711, 62.16006389001608312 ) ) ;
#3320 = ORIENTED_EDGE ( 'NONE', *, *, #4385, .T. ) ;
#3321 = CARTESIAN_POINT ( 'NONE',  ( -13.61556867729336062, 29.59999999999999432, 63.38234478991304144 ) ) ;
#3322 = CARTESIAN_POINT ( 'NONE',  ( -17.77095649078293960, 29.59999999999998366, 66.00964228596717476 ) ) ;
#3323 = CARTESIAN_POINT ( 'NONE',  ( -13.61556867729336062, 29.59999999999999432, 66.65818613606688814 ) ) ;
#3324 = DIRECTION ( 'NONE',  ( 0.000000000000000000, 0.000000000000000000, 1.000000000000000000 ) ) ;
#3325 = DIRECTION ( 'NONE',  ( 6.938893903907222856E-15, -1.000000000000000000, 0.000000000000000000 ) ) ;
#3326 = CARTESIAN_POINT ( 'NONE',  ( -22.27482348498567433, 29.59999999999999432, 64.74532555914380794 ) ) ;
#3327 = CARTESIAN_POINT ( 'NONE',  ( -16.99233108383240420, 29.60000000000000497, 65.40916249111533887 ) ) ;
#3328 = ADVANCED_FACE ( 'NONE', ( #3398 ), #7584, .T. ) ;
#3329 = CARTESIAN_POINT ( 'NONE',  ( -16.93801017812930709, 28.99999999999999645, 65.63682640310038607 ) ) ;
#3330 = VERTEX_POINT ( 'NONE', #8643 ) ;
#3331 = CARTESIAN_POINT ( 'NONE',  ( -7.999999999999989342, -4.099999999999905498, 32.49999999999995026 ) ) ;
#3332 = VERTEX_POINT ( 'NONE', #1222 ) ;
#3333 = CARTESIAN_POINT ( 'NONE',  ( -104.9999999999999716, 30.99999999999998579, 14.25000000000002665 ) ) ;
#3334 = B_SPLINE_CURVE_WITH_KNOTS ( 'NONE', 3,
 ( #7977, #6665, #5226, #7197, #593, #3541, #6524, #5751, #8695, #4358, #2096, #1370, #3107, #8401, #3970, #4497, #7438, #9025, #3203 ),
 .UNSPECIFIED., .F., .F.,
 ( 4, 1, 1, 1, 1, 1, 1, 1, 1, 1, 1, 1, 1, 1, 1, 1, 4 ),
 ( 0.000000000000000000, 0.07565134293790636011, 0.1473404888250151035, 0.2160248263225418852, 0.2816200141458384265, 0.3453641986564539024, 0.4073727453696224798, 0.4687154605609666347, 0.5297496088297301009, 0.5899834890207037441, 0.6485598865702446592, 0.7061808522038772740, 0.7631228146666982903, 0.8204415301492683499, 0.8785129214234909112, 0.9382431650142797341, 1.000000000000000000 ),
 .UNSPECIFIED. ) ;
#3335 = CARTESIAN_POINT ( 'NONE',  ( -26.86163131962124595, 29.60000000000000142, 65.99894950184410902 ) ) ;
#3336 = DIRECTION ( 'NONE',  ( 0.000000000000000000, 0.000000000000000000, -1.000000000000000000 ) ) ;
#3337 = CARTESIAN_POINT ( 'NONE',  ( -19.26244648274381532, 29.00000000000000000, 64.30080552589375031 ) ) ;
#3338 = CARTESIAN_POINT ( 'NONE',  ( -26.30787636960106468, 29.59999999999999432, 65.44664767452843535 ) ) ;
#3339 = PERSON_AND_ORGANIZATION_ROLE ( 'design_owner' ) ;
#3340 = ORIENTED_EDGE ( 'NONE', *, *, #4970, .T. ) ;
#3341 = EDGE_CURVE ( 'NONE', #1932, #6256, #7099, .T. ) ;
#3342 = CARTESIAN_POINT ( 'NONE',  ( -27.46160367625399701, 29.59999999999998366, 64.61765713129227606 ) ) ;
#3343 = CARTESIAN_POINT ( 'NONE',  ( -19.45243015289111099, 29.59999999999999787, 65.15694757337566045 ) ) ;
#3344 = CARTESIAN_POINT ( 'NONE',  ( -102.0000000000000000, 29.49999999999999645, 33.05000000000000426 ) ) ;
#3345 = CARTESIAN_POINT ( 'NONE',  ( -1.499999999999971800, 0.000000000000000000, 33.50000000000003553 ) ) ;
#3346 = CARTESIAN_POINT ( 'NONE',  ( 0.000000000000000000, 28.00000000000000000, 0.5000000000000281997 ) ) ;
#3347 = CARTESIAN_POINT ( 'NONE',  ( -15.60595329267797737, 28.99999999999999289, 62.15818613606688814 ) ) ;
#3348 = CARTESIAN_POINT ( 'NONE',  ( -19.54765465873678565, 28.99999999999998934, 65.07260530756093431 ) ) ;
#3349 = LINE ( 'NONE', #8501, #8895 ) ;
#3350 = ORIENTED_EDGE ( 'NONE', *, *, #7059, .T. ) ;
#3351 = CARTESIAN_POINT ( 'NONE',  ( -26.73593696592309144, 28.99999999999999289, 63.23624435480182626 ) ) ;
#3352 = EDGE_CURVE ( 'NONE', #715, #713, #3487, .T. ) ;
#3353 = ORIENTED_EDGE ( 'NONE', *, *, #6515, .T. ) ;
#3354 = ADVANCED_FACE ( 'NONE', ( #6374 ), #2438, .F. ) ;
#3355 = VECTOR ( 'NONE', #3324, 1000.000000000000000 ) ;
#3356 = LINE ( 'NONE', #3403, #9303 ) ;
#3357 = CARTESIAN_POINT ( 'NONE',  ( -35.87909461985374548, 29.59999999999999432, 64.15739838450257082 ) ) ;
#3358 = CARTESIAN_POINT ( 'NONE',  ( -23.00919312027525621, 29.00000000000000000, 65.07260530756097694 ) ) ;
#3359 = CARTESIAN_POINT ( 'NONE',  ( -22.60114560037029108, 28.99999999999999289, 62.90818613606688814 ) ) ;
#3360 = DIRECTION ( 'NONE',  ( 1.418996708365486154E-16, -1.000000000000000000, -0.000000000000000000 ) ) ;
#3361 = VECTOR ( 'NONE', #3276, 1000.000000000000000 ) ;
#3362 = CARTESIAN_POINT ( 'NONE',  ( -16.82939203414159834, 28.99999999999999645, 62.94066240168369575 ) ) ;
#3363 = ORIENTED_EDGE ( 'NONE', *, *, #9380, .T. ) ;
#3364 = VECTOR ( 'NONE', #1068, 1000.000000000000000 ) ;
#3365 = ORIENTED_EDGE ( 'NONE', *, *, #4250, .T. ) ;
#3366 = VECTOR ( 'NONE', #8356, 1000.000000000000000 ) ;
#3367 = LINE ( 'NONE', #4042, #7512 ) ;
#3368 = AXIS2_PLACEMENT_3D ( 'NONE', #2193, #9413, #8026 ) ;
#3369 = ORIENTED_EDGE ( 'NONE', *, *, #6634, .T. ) ;
#3370 = CARTESIAN_POINT ( 'NONE',  ( -15.60595329267797737, 28.99999999999998934, 62.15818613606688814 ) ) ;
#3371 = DIRECTION ( 'NONE',  ( -0.7071067811865376918, -1.922962686383510815E-16, 0.7071067811865574537 ) ) ;
#3372 = CARTESIAN_POINT ( 'NONE',  ( -21.81941533041569414, 29.60000000000000142, 65.20056175677522958 ) ) ;
#3373 = FACE_OUTER_BOUND ( 'NONE', #4855, .T. ) ;
#3374 = CARTESIAN_POINT ( 'NONE',  ( -22.08087488843697344, 29.59999999999999432, 62.23549029123772414 ) ) ;
#3375 = CARTESIAN_POINT ( 'NONE',  ( -10.88538553826877120, 28.99999999999999645, 63.03125137803057498 ) ) ;
#3376 = CARTESIAN_POINT ( 'NONE',  ( -15.00018406190874742, 28.99999999999999289, 64.43883517452843535 ) ) ;
#3377 = AXIS2_PLACEMENT_3D ( 'NONE', #2016, #2112, #5629 ) ;
#3378 = VECTOR ( 'NONE', #6846, 1000.000000000000000 ) ;
#3379 = ORIENTED_EDGE ( 'NONE', *, *, #4966, .F. ) ;
#3380 = EDGE_CURVE ( 'NONE', #372, #8295, #2043, .T. ) ;
#3381 = DIRECTION ( 'NONE',  ( 1.000000000000000000, 0.000000000000000000, 0.000000000000000000 ) ) ;
#3382 = ORIENTED_EDGE ( 'NONE', *, *, #4014, .F. ) ;
#3383 = CARTESIAN_POINT ( 'NONE',  ( -4.999999999999990230, 2.428612866367529932E-14, 20.79999999999999716 ) ) ;
#3384 = CARTESIAN_POINT ( 'NONE',  ( -26.63526245813586613, 29.59999999999999432, 65.15417688458137491 ) ) ;
#3385 = CC_DESIGN_SECURITY_CLASSIFICATION ( #2765, ( #9542 ) ) ;
#3386 = ADVANCED_FACE ( 'NONE', ( #7919 ), #7192, .T. ) ;
#3387 = CARTESIAN_POINT ( 'NONE',  ( -29.47737469545567635, 29.59999999999999432, 63.58932564137825949 ) ) ;
#3388 = CARTESIAN_POINT ( 'NONE',  ( -19.63198609949022000, 29.59999999999999432, 63.76036176085092677 ) ) ;
#3389 = LINE ( 'NONE', #8490, #290 ) ;
#3390 = EDGE_CURVE ( 'NONE', #8956, #8295, #7359, .T. ) ;
#3391 = EDGE_LOOP ( 'NONE', ( #5642, #6927, #5505, #8869, #6208, #1168, #8893 ) ) ;
#3392 = CARTESIAN_POINT ( 'NONE',  ( -27.10359568576570766, 29.59999999999999432, 66.33212896196694430 ) ) ;
#3393 = ADVANCED_FACE ( 'NONE', ( #7779 ), #6117, .T. ) ;
#3394 = CARTESIAN_POINT ( 'NONE',  ( -19.06895164506369866, 28.99999999999998579, 65.52088750954737861 ) ) ;
#3395 = CARTESIAN_POINT ( 'NONE',  ( -28.37309676805554659, 29.59999999999999432, 65.87081720487880432 ) ) ;
#3396 = CARTESIAN_POINT ( 'NONE',  ( -33.17326098498566722, 29.59999999999999432, 65.73510921298995413 ) ) ;
#3397 = LINE ( 'NONE', #8498, #3766 ) ;
#3398 = FACE_OUTER_BOUND ( 'NONE', #2011, .T. ) ;
#3399 = ADVANCED_FACE ( 'NONE', ( #7390 ), #2192, .T. ) ;
#3400 = CARTESIAN_POINT ( 'NONE',  ( -18.86647011960105758, 28.99999999999999289, 65.79280152068227494 ) ) ;
#3401 = CARTESIAN_POINT ( 'NONE',  ( -22.96352540806260123, 29.59999999999999432, 64.01876305914380794 ) ) ;
#3402 = EDGE_LOOP ( 'NONE', ( #1143, #6368, #5981, #7574 ) ) ;
#3403 = CARTESIAN_POINT ( 'NONE',  ( -31.73095329267797737, 28.99999999999999289, 64.98510921298996834 ) ) ;
#3404 = CARTESIAN_POINT ( 'NONE',  ( -27.04165040806259057, 29.00000000000000000, 62.61521738606688814 ) ) ;
#3405 = CARTESIAN_POINT ( 'NONE',  ( -22.35217432425999817, 28.99999999999998934, 65.75380239408755756 ) ) ;
#3406 = CARTESIAN_POINT ( 'NONE',  ( -14.19048574257327466, 29.59999999999999432, 65.28113725803713407 ) ) ;
#3407 = LINE ( 'NONE', #5667, #5927 ) ;
#3408 = CARTESIAN_POINT ( 'NONE',  ( -102.2999999999999687, 29.50000000000001066, 73.00000000000000000 ) ) ;
#3409 = ORIENTED_EDGE ( 'NONE', *, *, #7826, .F. ) ;
#3410 = EDGE_CURVE ( 'NONE', #2083, #2340, #5079, .T. ) ;
#3411 = ORIENTED_EDGE ( 'NONE', *, *, #7549, .T. ) ;
#3412 = CARTESIAN_POINT ( 'NONE',  ( -18.27765442474917634, 29.59999999999998721, 62.39826547171086446 ) ) ;
#3413 = ORIENTED_EDGE ( 'NONE', *, *, #516, .F. ) ;
#3414 = DIRECTION ( 'NONE',  ( -0.7071067811865476838, 0.7071067811865474617, 0.000000000000000000 ) ) ;
#3415 = CARTESIAN_POINT ( 'NONE',  ( -0.5000000000000418554, 27.79289321881343611, 0.000000000000000000 ) ) ;
#3416 = CARTESIAN_POINT ( 'NONE',  ( -17.94762535378922053, 29.00000000000000711, 65.69933259137647497 ) ) ;
#3417 = CARTESIAN_POINT ( 'NONE',  ( -15.18048306393897917, 28.99999999999999289, 63.14154371149026446 ) ) ;
#3418 = CARTESIAN_POINT ( 'NONE',  ( -28.37727719678792937, 29.60000000000000853, 62.18432041989996861 ) ) ;
#3419 = CARTESIAN_POINT ( 'NONE',  ( -102.7999999999999972, 30.49999999999994316, 72.49999999999995737 ) ) ;
#3420 = CARTESIAN_POINT ( 'NONE',  ( -41.59633790806259412, 29.59999999999999076, 66.65818613606688814 ) ) ;
#3421 = DIRECTION ( 'NONE',  ( 0.7071067811865378028, -0.000000000000000000, 0.7071067811865573427 ) ) ;
#3422 = ORIENTED_EDGE ( 'NONE', *, *, #4507, .T. ) ;
#3423 = EDGE_CURVE ( 'NONE', #8816, #2439, #5125, .T. ) ;
#3424 = LINE ( 'NONE', #3331, #3364 ) ;
#3425 = ORIENTED_EDGE ( 'NONE', *, *, #173, .T. ) ;
#3426 = CARTESIAN_POINT ( 'NONE',  ( 0.000000000000000000, 0.5000000000000281997, 73.00000000000000000 ) ) ;
#3427 = ORIENTED_EDGE ( 'NONE', *, *, #348, .F. ) ;
#3428 = EDGE_CURVE ( 'NONE', #1826, #2439, #731, .T. ) ;
#3429 = CARTESIAN_POINT ( 'NONE',  ( -27.75390580873137125, 28.99999999999999645, 66.68720450271963784 ) ) ;
#3430 = CARTESIAN_POINT ( 'NONE',  ( -22.64068474247727636, 29.59999999999999076, 62.91004914530152803 ) ) ;
#3431 = CARTESIAN_POINT ( 'NONE',  ( -19.67113710872326493, 29.59999999999999076, 63.54180619720353462 ) ) ;
#3432 = DIRECTION ( 'NONE',  ( 0.000000000000000000, 0.000000000000000000, 1.000000000000000000 ) ) ;
#3433 = ORIENTED_EDGE ( 'NONE', *, *, #5799, .T. ) ;
#3434 = EDGE_CURVE ( 'NONE', #9443, #3984, #5798, .T. ) ;
#3435 = CARTESIAN_POINT ( 'NONE',  ( -27.46689007362918744, 29.60000000000000142, 64.78621502529246357 ) ) ;
#3436 = ADVANCED_FACE ( 'NONE', ( #6621 ), #8067, .T. ) ;
#3437 = CARTESIAN_POINT ( 'NONE',  ( -20.10234752344721088, 29.59999999999999432, 64.51095055914380794 ) ) ;
#3438 = CARTESIAN_POINT ( 'NONE',  ( -38.94249175421644082, 29.59999999999999076, 65.73510921298995413 ) ) ;
#3439 = CARTESIAN_POINT ( 'NONE',  ( -13.28442690832544493, 29.59999999999999076, 64.36983560347516686 ) ) ;
#3440 = CARTESIAN_POINT ( 'NONE',  ( -20.25864430254251758, 29.59999999999999432, 62.59643381103102655 ) ) ;
#3441 = DIRECTION ( 'NONE',  ( 1.418996708365486154E-16, -1.000000000000000000, -0.000000000000000000 ) ) ;
#3442 = LINE ( 'NONE', #7248, #7524 ) ;
#3443 = EDGE_CURVE ( 'NONE', #4302, #1621, #3000, .T. ) ;
#3444 = CARTESIAN_POINT ( 'NONE',  ( -35.30787636960106113, 28.99999999999999289, 64.69664767452843535 ) ) ;
#3445 = ORIENTED_EDGE ( 'NONE', *, *, #2478, .F. ) ;
#3446 = CARTESIAN_POINT ( 'NONE',  ( -27.46172252344721088, 29.59999999999999787, 64.43883517452844956 ) ) ;
#3447 = CARTESIAN_POINT ( 'NONE',  ( -41.59633790806259412, 28.99999999999998934, 64.98510921298996834 ) ) ;
#3448 = CARTESIAN_POINT ( 'NONE',  ( -18.64968656591859997, 29.00000000000000711, 64.90261414171138199 ) ) ;
#3449 = PLANE ( 'NONE',  #8122 ) ;
#3450 = CARTESIAN_POINT ( 'NONE',  ( -11.65403021575489895, 29.59999999999999787, 63.60049382837458865 ) ) ;
#3451 = DIRECTION ( 'NONE',  ( -1.000000000000000000, -1.418996708365486401E-16, 0.000000000000000000 ) ) ;
#3452 = EDGE_LOOP ( 'NONE', ( #2134, #1132, #8553, #4546 ) ) ;
#3453 = VECTOR ( 'NONE', #6067, 1000.000000000000000 ) ;
#3454 = EDGE_LOOP ( 'NONE', ( #9405, #7186, #7494, #1436 ) ) ;
#3455 = VECTOR ( 'NONE', #4562, 1000.000000000000000 ) ;
#3456 = CYLINDRICAL_SURFACE ( 'NONE', #7820, 1.699999999999993072 ) ;
#3457 = VERTEX_POINT ( 'NONE', #6572 ) ;
#3458 = CARTESIAN_POINT ( 'NONE',  ( -102.0000000000000000, 30.49999999999998579, 34.75000000000000000 ) ) ;
#3459 = CARTESIAN_POINT ( 'NONE',  ( -22.96352540806260123, 28.99999999999999289, 64.01876305914380794 ) ) ;
#3460 = CARTESIAN_POINT ( 'NONE',  ( -19.45613723209827128, 29.59999999999999787, 62.99015779656225078 ) ) ;
#3461 = CARTESIAN_POINT ( 'NONE',  ( -21.95806368816113618, 29.59999999999998721, 65.05540356897962795 ) ) ;
#3462 = DIRECTION ( 'NONE',  ( -0.6785983445458548813, -0.2810846377148225050, -0.6785983445458381169 ) ) ;
#3463 = CARTESIAN_POINT ( 'NONE',  ( -18.57710713883182763, 28.99999999999999289, 63.60049382837458865 ) ) ;
#3464 = CARTESIAN_POINT ( 'NONE',  ( -11.82214331288064635, 29.00000000000000355, 62.20000212056064015 ) ) ;
#3465 = CARTESIAN_POINT ( 'NONE',  ( -27.57077251746985880, 29.00000000000000355, 63.31137413624094989 ) ) ;
#3466 = VECTOR ( 'NONE', #961, 1000.000000000000000 ) ;
#3467 = ORIENTED_EDGE ( 'NONE', *, *, #2671, .T. ) ;
#3468 = CARTESIAN_POINT ( 'NONE',  ( -23.13267557026172838, 29.59999999999998721, 63.54180619720351331 ) ) ;
#3469 = ORIENTED_EDGE ( 'NONE', *, *, #736, .F. ) ;
#3470 = CARTESIAN_POINT ( 'NONE',  ( -0.5000000000000281997, 0.000000000000000000, 73.00000000000000000 ) ) ;
#3471 = VECTOR ( 'NONE', #2289, 1000.000000000000000 ) ;
#3472 = EDGE_LOOP ( 'NONE', ( #8340, #3671, #6349, #3904 ) ) ;
#3473 = ADVANCED_FACE ( 'NONE', ( #5221 ), #1510, .T. ) ;
#3474 = FACE_OUTER_BOUND ( 'NONE', #9500, .T. ) ;
#3475 = EDGE_CURVE ( 'NONE', #8232, #7885, #6521, .T. ) ;
#3476 = CARTESIAN_POINT ( 'NONE',  ( -10.68324224126470234, 28.99999999999999645, 66.58423303333555054 ) ) ;
#3477 = CARTESIAN_POINT ( 'NONE',  ( -38.94249175421644082, 29.59999999999999076, 65.73510921298995413 ) ) ;
#3478 = CARTESIAN_POINT ( 'NONE',  ( -16.15925674238316745, 29.59999999999999787, 65.33171982693652069 ) ) ;
#3479 = APPROVAL_STATUS ( 'not_yet_approved' ) ;
#3480 = ORIENTED_EDGE ( 'NONE', *, *, #6440, .F. ) ;
#3481 = B_SPLINE_SURFACE_WITH_KNOTS ( 'NONE', 3, 1, ( 
 ( #5575, #1817 ),
 ( #8510, #7106 ),
 ( #8415, #4753 ),
 ( #9184, #7787 ),
 ( #7702, #410 ),
 ( #1093, #362 ),
 ( #6251, #8465 ),
 ( #1868, #6301 ),
 ( #4797, #9236 ),
 ( #2635, #7350 ),
 ( #1378, #546 ) ),
 .UNSPECIFIED., .F., .F., .F.,
 ( 4, 1, 1, 1, 1, 1, 1, 1, 4 ),
 ( 2, 2 ),
 ( 0.000000000000000000, 0.1373282810095199091, 0.2673624217199563891, 0.3929794554192891365, 0.5142193435920630051, 0.6341860071116703912, 0.7543431548904944162, 0.8755707935165611966, 1.000000000000000000 ),
 ( 0.000000000000000000, 1.000000000000000000 ),
 .UNSPECIFIED. ) ;
#3482 = CARTESIAN_POINT ( 'NONE',  ( -28.01361561588047877, 29.59999999999999432, 66.71432856657520460 ) ) ;
#3483 = CARTESIAN_POINT ( 'NONE',  ( -19.64193492806738917, 28.99999999999999289, 64.98565089723830113 ) ) ;
#3484 = FACE_OUTER_BOUND ( 'NONE', #9465, .T. ) ;
#3485 = CARTESIAN_POINT ( 'NONE',  ( -13.28442690832544493, 28.99999999999998934, 64.36983560347516686 ) ) ;
#3486 = CARTESIAN_POINT ( 'NONE',  ( -20.33205930308020370, 29.59999999999999432, 62.69410884949884633 ) ) ;
#3487 = LINE ( 'NONE', #7734, #4440 ) ;
#3488 = DIRECTION ( 'NONE',  ( 1.418996708365486154E-16, -1.000000000000000000, -0.000000000000000000 ) ) ;
#3489 = FACE_OUTER_BOUND ( 'NONE', #4407, .T. ) ;
#3490 = DIRECTION ( 'NONE',  ( 9.609843166673384263E-13, -1.000000000000000000, -9.169653354231890067E-13 ) ) ;
#3491 = ORIENTED_EDGE ( 'NONE', *, *, #6511, .T. ) ;
#3492 = EDGE_CURVE ( 'NONE', #5435, #4381, #7433, .T. ) ;
#3493 = CARTESIAN_POINT ( 'NONE',  ( -27.83380351170528755, 28.99999999999999289, 65.91273674241438130 ) ) ;
#3494 = CARTESIAN_POINT ( 'NONE',  ( -17.01583623391723066, 29.59999999999999787, 63.58932564137828791 ) ) ;
#3495 = LINE ( 'NONE', #4216, #4299 ) ;
#3496 = CARTESIAN_POINT ( 'NONE',  ( -27.48282427266179084, 29.59999999999999787, 65.07864317527854325 ) ) ;
#3497 = LINE ( 'NONE', #646, #8999 ) ;
#3498 = CARTESIAN_POINT ( 'NONE',  ( -20.39740268181929395, 29.59999999999999432, 62.79469879474976324 ) ) ;
#3499 = CARTESIAN_POINT ( 'NONE',  ( -22.04064435883876527, 29.59999999999999432, 63.57040566043745144 ) ) ;
#3500 = ORIENTED_EDGE ( 'NONE', *, *, #4560, .F. ) ;
#3501 = VERTEX_POINT ( 'NONE', #1418 ) ;
#3502 = VECTOR ( 'NONE', #8511, 999.9999999999998863 ) ;
#3503 = CARTESIAN_POINT ( 'NONE',  ( -28.63666349158155100, 29.59999999999999432, 65.21674205202072017 ) ) ;
#3504 = ORIENTED_EDGE ( 'NONE', *, *, #9304, .F. ) ;
#3505 = EDGE_CURVE ( 'NONE', #1732, #2364, #12, .T. ) ;
#3506 = AXIS2_PLACEMENT_3D ( 'NONE', #1812, #9035, #3985 ) ;
#3507 = CARTESIAN_POINT ( 'NONE',  ( -10.67326098498566722, 29.00000000000000355, 66.65818613606688814 ) ) ;
#3508 = EDGE_LOOP ( 'NONE', ( #4762, #1458, #4557, #72 ) ) ;
#3509 = CARTESIAN_POINT ( 'NONE',  ( -22.27482348498567433, 29.59999999999999432, 64.74532555914380794 ) ) ;
#3510 = CARTESIAN_POINT ( 'NONE',  ( -26.59663398346997809, 29.59999999999999432, 64.37813097199820334 ) ) ;
#3511 = CARTESIAN_POINT ( 'NONE',  ( -2.000000000000000000, 13.33012701892231888, 21.30000000000002203 ) ) ;
#3512 = FACE_OUTER_BOUND ( 'NONE', #6535, .T. ) ;
#3513 = CARTESIAN_POINT ( 'NONE',  ( -104.9999999999999716, 29.24999999999999645, 55.49999999999997158 ) ) ;
#3514 = CARTESIAN_POINT ( 'NONE',  ( -16.93872625036633650, 29.59999999999999787, 63.23950083977686631 ) ) ;
#3515 = ADVANCED_FACE ( 'NONE', ( #685 ), #1121, .T. ) ;
#3516 = PLANE ( 'NONE',  #5069 ) ;
#3517 = VECTOR ( 'NONE', #2434, 999.9999999999998863 ) ;
#3518 = ORIENTED_EDGE ( 'NONE', *, *, #6550, .T. ) ;
#3519 = AXIS2_PLACEMENT_3D ( 'NONE', #7642, #4114, #4166 ) ;
#3520 = DIRECTION ( 'NONE',  ( 0.7071067811865574537, 2.775557561562891967E-17, -0.7071067811865376918 ) ) ;
#3521 = ORIENTED_EDGE ( 'NONE', *, *, #8595, .F. ) ;
#3522 = DIRECTION ( 'NONE',  ( 0.7071067811865573427, 0.7071067811865378028, 0.000000000000000000 ) ) ;
#3523 = ORIENTED_EDGE ( 'NONE', *, *, #3380, .T. ) ;
#3524 = CARTESIAN_POINT ( 'NONE',  ( -26.60181685213068548, 29.60000000000000142, 64.73700075051833380 ) ) ;
#3525 = CARTESIAN_POINT ( 'NONE',  ( -37.78864560037028753, 28.99999999999998934, 66.65818613606688814 ) ) ;
#3526 = AXIS2_PLACEMENT_3D ( 'NONE', #4719, #5542, #424 ) ;
#3527 = FACE_OUTER_BOUND ( 'NONE', #6308, .T. ) ;
#3528 = VECTOR ( 'NONE', #1165, 1000.000000000000000 ) ;
#3529 = CARTESIAN_POINT ( 'NONE',  ( -16.20598272206537871, 28.99999999999998934, 64.78864496953715957 ) ) ;
#3530 = ORIENTED_EDGE ( 'NONE', *, *, #3390, .F. ) ;
#3531 = ORIENTED_EDGE ( 'NONE', *, *, #49, .F. ) ;
#3532 = ADVANCED_FACE ( 'NONE', ( #4640 ), #3918, .F. ) ;
#3533 = CARTESIAN_POINT ( 'NONE',  ( -28.04009134000937209, 29.00000000000002132, 65.96448203061940774 ) ) ;
#3534 = CARTESIAN_POINT ( 'NONE',  ( -22.77340165283785112, 29.59999999999999787, 62.16114962526409471 ) ) ;
#3535 = PLANE ( 'NONE',  #3683 ) ;
#3536 = CARTESIAN_POINT ( 'NONE',  ( -18.94151982282762248, 29.59999999999999076, 65.67168491100733263 ) ) ;
#3537 = CARTESIAN_POINT ( 'NONE',  ( -15.52388031114633726, 29.60000000000000142, 62.91171570126547152 ) ) ;
#3538 = DIRECTION ( 'NONE',  ( 8.659560562355001884E-17, 0.7071067811865420216, -0.7071067811865531239 ) ) ;
#3539 = CARTESIAN_POINT ( 'NONE',  ( -21.06785762588009447, 28.99999999999999289, 66.58423303333553633 ) ) ;
#3540 = CARTESIAN_POINT ( 'NONE',  ( -11.65987894348294773, 29.60000000000000142, 63.51245042299270693 ) ) ;
#3541 = CARTESIAN_POINT ( 'NONE',  ( -19.73231787150520233, 28.99999999999999289, 62.24291216561618256 ) ) ;
#3542 = ORIENTED_EDGE ( 'NONE', *, *, #2500, .T. ) ;
#3543 = EDGE_CURVE ( 'NONE', #5707, #7542, #6858, .T. ) ;
#3544 = LINE ( 'NONE', #8749, #1914 ) ;
#3545 = CARTESIAN_POINT ( 'NONE',  ( -17.07024861573748709, 29.59999999999999076, 64.13439342316210912 ) ) ;
#3546 = CARTESIAN_POINT ( 'NONE',  ( -19.46056241537484155, 28.99999999999998579, 64.07697101937263540 ) ) ;
#3547 = CARTESIAN_POINT ( 'NONE',  ( -27.52521279986495983, 29.59999999999999787, 65.40564930723074610 ) ) ;
#3548 = DIRECTION ( 'NONE',  ( -1.000000000000000000, -1.418996708365486154E-16, 0.000000000000000000 ) ) ;
#3549 = CARTESIAN_POINT ( 'NONE',  ( -36.80611617504575150, 29.59999999999998366, 63.57371080010598519 ) ) ;
#3550 = CARTESIAN_POINT ( 'NONE',  ( -22.17120832346734716, 29.59999999999998010, 63.11137509095011922 ) ) ;
#3551 = ORIENTED_EDGE ( 'NONE', *, *, #5970, .T. ) ;
#3552 = ADVANCED_FACE ( 'NONE', ( #3248 ), #6134, .T. ) ;
#3553 = ORIENTED_EDGE ( 'NONE', *, *, #5859, .T. ) ;
#3554 = CARTESIAN_POINT ( 'NONE',  ( -22.96352540806260123, 29.59999999999999432, 64.01876305914380794 ) ) ;
#3555 = EDGE_LOOP ( 'NONE', ( #2120, #5144, #9146, #2742 ) ) ;
#3556 = CARTESIAN_POINT ( 'NONE',  ( -16.31803082400680083, 29.59999999999999076, 62.33577501593930492 ) ) ;
#3557 = EDGE_LOOP ( 'NONE', ( #8732, #6479, #5843, #5342, #1780 ) ) ;
#3558 = CARTESIAN_POINT ( 'NONE',  ( -22.40401522243909227, 28.99999999999999289, 64.62062234358914736 ) ) ;
#3559 = FACE_OUTER_BOUND ( 'NONE', #2214, .T. ) ;
#3560 = CARTESIAN_POINT ( 'NONE',  ( -3.500000000000083933, -6.099999999999892175, 20.79999999999999716 ) ) ;
#3561 = CARTESIAN_POINT ( 'NONE',  ( -7.999999999999989342, -4.099999999999905498, 21.30000000000002203 ) ) ;
#3562 = CARTESIAN_POINT ( 'NONE',  ( -10.93904071455147253, 29.60000000000000142, 62.89404783349709760 ) ) ;
#3563 = CARTESIAN_POINT ( 'NONE',  ( -23.99689286220508322, 29.59999999999999076, 63.52870578933036683 ) ) ;
#3564 = CARTESIAN_POINT ( 'NONE',  ( -102.0000000000000000, 28.99999999999998579, 32.54999999999999716 ) ) ;
#3565 = VERTEX_POINT ( 'NONE', #4542 ) ;
#3566 = EDGE_CURVE ( 'NONE', #7037, #4687, #8395, .T. ) ;
#3567 = CARTESIAN_POINT ( 'NONE',  ( -15.00592688947349806, 29.60000000000000497, 64.08812424167317090 ) ) ;
#3568 = ORIENTED_EDGE ( 'NONE', *, *, #5290, .T. ) ;
#3569 = DIRECTION ( 'NONE',  ( 0.7071067811865573427, 0.000000000000000000, 0.7071067811865378028 ) ) ;
#3570 = ORIENTED_EDGE ( 'NONE', *, *, #3245, .T. ) ;
#3571 = FACE_OUTER_BOUND ( 'NONE', #3472, .T. ) ;
#3572 = CARTESIAN_POINT ( 'NONE',  ( -10.67326098498566722, 28.99999999999999645, 66.65818613606688814 ) ) ;
#3573 = CARTESIAN_POINT ( 'NONE',  ( -29.36555643393615256, 29.59999999999999432, 65.74202141979775149 ) ) ;
#3574 = CARTESIAN_POINT ( 'NONE',  ( -40.84543646575490783, 29.59999999999999076, 62.21587844375919474 ) ) ;
#3575 = VERTEX_POINT ( 'NONE', #5991 ) ;
#3576 = VERTEX_POINT ( 'NONE', #3822 ) ;
#3577 = CARTESIAN_POINT ( 'NONE',  ( -22.09029445940577219, 29.59999999999999432, 63.28251742388034273 ) ) ;
#3578 = CARTESIAN_POINT ( 'NONE',  ( -24.00018406190875808, 29.59999999999999787, 63.38234478991305565 ) ) ;
#3579 = CARTESIAN_POINT ( 'NONE',  ( -23.99689286220508322, 29.59999999999999076, 63.52870578933036683 ) ) ;
#3580 = EDGE_CURVE ( 'NONE', #2570, #8438, #1796, .T. ) ;
#3581 = CARTESIAN_POINT ( 'NONE',  ( -2.000000000000000000, 11.33012701892221052, 33.50000000000003553 ) ) ;
#3582 = CARTESIAN_POINT ( 'NONE',  ( -15.57819744485424707, 29.00000000000000000, 62.90937978192581426 ) ) ;
#3583 = CARTESIAN_POINT ( 'NONE',  ( -3.000000000000031530, -3.999999999999948042, 20.79999999999999716 ) ) ;
#3584 = CARTESIAN_POINT ( 'NONE',  ( -105.5000000000000000, 29.50000000000001066, 13.74999999999999822 ) ) ;
#3585 = CARTESIAN_POINT ( 'NONE',  ( -11.65403021575489895, 29.59999999999999787, 63.60049382837458865 ) ) ;
#3586 = FACE_OUTER_BOUND ( 'NONE', #8881, .T. ) ;
#3587 = VERTEX_POINT ( 'NONE', #1118 ) ;
#3588 = ADVANCED_FACE ( 'NONE', ( #4198 ), #5600, .T. ) ;
#3589 = CARTESIAN_POINT ( 'NONE',  ( -100.2999999999999972, 30.49999999999998579, 34.75000000000000000 ) ) ;
#3590 = CARTESIAN_POINT ( 'NONE',  ( -17.07710713883182763, 29.59999999999999787, 64.43883517452844956 ) ) ;
#3591 = ADVANCED_FACE ( 'NONE', ( #4105 ), #7131, .F. ) ;
#3592 = DIRECTION ( 'NONE',  ( -0.7071067811865378028, 0.000000000000000000, -0.7071067811865573427 ) ) ;
#3593 = CARTESIAN_POINT ( 'NONE',  ( -14.24406867885947570, 29.59999999999999432, 63.34674328390536857 ) ) ;
#3594 = CARTESIAN_POINT ( 'NONE',  ( -102.0000000000000000, 29.49999999999999645, 34.75000000000000000 ) ) ;
#3595 = CARTESIAN_POINT ( 'NONE',  ( -36.13212119138682965, 29.59999999999998721, 64.04515270094472612 ) ) ;
#3596 = PLANE ( 'NONE',  #2455 ) ;
#3597 = ORIENTED_EDGE ( 'NONE', *, *, #867, .F. ) ;
#3598 = EDGE_LOOP ( 'NONE', ( #2792, #6065, #3171, #6711 ) ) ;
#3599 = EDGE_LOOP ( 'NONE', ( #5056, #1989, #4442, #3531 ) ) ;
#3600 = CARTESIAN_POINT ( 'NONE',  ( -16.11526819652413067, 28.99999999999999289, 65.52417171298996834 ) ) ;
#3601 = CARTESIAN_POINT ( 'NONE',  ( -2.066987298107796800, 13.08012701892230645, 21.30000000000002203 ) ) ;
#3602 = LINE ( 'NONE', #5947, #5215 ) ;
#3603 = CARTESIAN_POINT ( 'NONE',  ( -26.80460537158178624, 29.59999999999999076, 63.03068880420724440 ) ) ;
#3604 = CARTESIAN_POINT ( 'NONE',  ( -2.500000000000042188, 11.33012701892215723, 20.79999999999999716 ) ) ;
#3605 = LINE ( 'NONE', #9537, #5359 ) ;
#3606 = CARTESIAN_POINT ( 'NONE',  ( -10.88538553826877120, 29.00000000000001066, 63.03125137803057498 ) ) ;
#3607 = CARTESIAN_POINT ( 'NONE',  ( -23.76027108527276965, 29.59999999999999787, 64.22769580576583337 ) ) ;
#3608 = LINE ( 'NONE', #3704, #7835 ) ;
#3609 = VECTOR ( 'NONE', #5821, 1000.000000000000000 ) ;
#3610 = ORIENTED_EDGE ( 'NONE', *, *, #4027, .F. ) ;
#3611 = AXIS2_PLACEMENT_3D ( 'NONE', #7651, #9135, #2538 ) ;
#3612 = CARTESIAN_POINT ( 'NONE',  ( -23.04015874039568956, 28.99999999999999289, 63.89224287257272294 ) ) ;
#3613 = ORIENTED_EDGE ( 'NONE', *, *, #2098, .T. ) ;
#3614 = CARTESIAN_POINT ( 'NONE',  ( -102.2999999999999687, 28.99999999999998579, 14.25000000000004086 ) ) ;
#3615 = ORIENTED_EDGE ( 'NONE', *, *, #2856, .T. ) ;
#3616 = DIRECTION ( 'NONE',  ( 1.000000000000000000, 1.418996708365486401E-16, -0.000000000000000000 ) ) ;
#3617 = VECTOR ( 'NONE', #1983, 1000.000000000000000 ) ;
#3618 = EDGE_CURVE ( 'NONE', #7659, #3937, #7041, .T. ) ;
#3619 = CARTESIAN_POINT ( 'NONE',  ( -22.92210087691330145, 28.99999999999998579, 64.07697101937263540 ) ) ;
#3620 = CARTESIAN_POINT ( 'NONE',  ( -29.11170518472008695, 29.59999999999999432, 66.23505523326397793 ) ) ;
#3621 = CARTESIAN_POINT ( 'NONE',  ( -12.62457773565985519, 29.59999999999998721, 65.07260530756093431 ) ) ;
#3622 = DIRECTION ( 'NONE',  ( -0.7071067811865378028, 0.7071067811865573427, 9.185433182841793626E-17 ) ) ;
#3623 = ORIENTED_EDGE ( 'NONE', *, *, #7549, .F. ) ;
#3624 = ORIENTED_EDGE ( 'NONE', *, *, #2669, .T. ) ;
#3625 = VECTOR ( 'NONE', #7163, 1000.000000000000000 ) ;
#3626 = CARTESIAN_POINT ( 'NONE',  ( -2.999999999985902832, -3.999999999933834260, 22.83094010763875303 ) ) ;
#3627 = CARTESIAN_POINT ( 'NONE',  ( -23.90991600567687669, 29.59999999999999076, 62.90235117314195179 ) ) ;
#3628 = FACE_OUTER_BOUND ( 'NONE', #1717, .T. ) ;
#3629 = LINE ( 'NONE', #5298, #2988 ) ;
#3630 = DIRECTION ( 'NONE',  ( 1.418996708365486154E-16, -1.000000000000000000, -0.000000000000000000 ) ) ;
#3631 = CARTESIAN_POINT ( 'NONE',  ( -15.60595329267797737, 29.59999999999999432, 66.71587844375920895 ) ) ;
#3632 = CARTESIAN_POINT ( 'NONE',  ( -21.23249495232140305, 28.99999999999998579, 66.00964228596717476 ) ) ;
#3633 = CARTESIAN_POINT ( 'NONE',  ( -14.77996639988407246, 28.99999999999998934, 62.41333614340716451 ) ) ;
#3634 = ADVANCED_FACE ( 'NONE', ( #7089 ), #4157, .T. ) ;
#3635 = CARTESIAN_POINT ( 'NONE',  ( -24.63479944652414133, 28.99999999999999289, 65.44664767452843535 ) ) ;
#3636 = ORIENTED_EDGE ( 'NONE', *, *, #8250, .T. ) ;
#3637 = CARTESIAN_POINT ( 'NONE',  ( -38.94249175421644082, 28.99999999999998934, 65.73510921298995413 ) ) ;
#3638 = CARTESIAN_POINT ( 'NONE',  ( -28.77821193366274244, 29.00000000000000355, 66.54029313193365169 ) ) ;
#3639 = CARTESIAN_POINT ( 'NONE',  ( -16.03195428053279770, 29.59999999999999432, 63.15307011277140958 ) ) ;
#3640 = CARTESIAN_POINT ( 'NONE',  ( -3.000000000000000000, 31.00000000000000000, 14.25000000000002665 ) ) ;
#3641 = LINE ( 'NONE', #6672, #3008 ) ;
#3642 = DIRECTION ( 'NONE',  ( 1.418996708365486154E-16, -1.000000000000000000, -0.000000000000000000 ) ) ;
#3643 = CARTESIAN_POINT ( 'NONE',  ( -22.09029445940577219, 29.59999999999999432, 63.28251742388034273 ) ) ;
#3644 = ORIENTED_EDGE ( 'NONE', *, *, #5791, .T. ) ;
#3645 = EDGE_CURVE ( 'NONE', #8719, #6588, #7425, .T. ) ;
#3646 = ORIENTED_EDGE ( 'NONE', *, *, #3840, .T. ) ;
#3647 = B_SPLINE_CURVE_WITH_KNOTS ( 'NONE', 3,
 ( #8406, #7692, #355, #6243, #9174, #5749, #9460, #8740, #1419, #7920, #2146, #8790, #1998, #5850, #4208 ),
 .UNSPECIFIED., .F., .F.,
 ( 4, 1, 1, 1, 1, 1, 1, 1, 1, 1, 1, 1, 4 ),
 ( 0.000000000000000000, 0.09636570699092021630, 0.1926773804259398482, 0.2896222406718396702, 0.3886550898832855649, 0.4418938822195938032, 0.5017248057154910512, 0.5678518755671658758, 0.6405719334343553673, 0.7203467082495578211, 0.8066203545196107827, 0.9000073740331770988, 1.000000000000000000 ),
 .UNSPECIFIED. ) ;
#3648 = DIRECTION ( 'NONE',  ( 0.000000000000000000, 0.000000000000000000, 1.000000000000000000 ) ) ;
#3649 = ORIENTED_EDGE ( 'NONE', *, *, #8155, .F. ) ;
#3650 = CARTESIAN_POINT ( 'NONE',  ( -19.53524480210742098, 28.99999999999999645, 63.05857560965161213 ) ) ;
#3651 = CARTESIAN_POINT ( 'NONE',  ( -35.30787636960106113, 29.59999999999999432, 65.44664767452843535 ) ) ;
#3652 = CARTESIAN_POINT ( 'NONE',  ( -12.57891002344720555, 29.59999999999999432, 64.01876305914380794 ) ) ;
#3653 = CARTESIAN_POINT ( 'NONE',  ( -10.78864560037028397, 29.00000000000001066, 63.51575825145150134 ) ) ;
#3654 = DIRECTION ( 'NONE',  ( -0.8244250485153782337, -1.169856430137378247E-16, 0.5659711471271449135 ) ) ;
#3655 = CARTESIAN_POINT ( 'NONE',  ( -18.27765442474917634, 28.99999999999998934, 62.39826547171086446 ) ) ;
#3656 = EDGE_LOOP ( 'NONE', ( #2776, #1494, #8861, #2466 ) ) ;
#3657 = ORIENTED_EDGE ( 'NONE', *, *, #1740, .T. ) ;
#3658 = AXIS2_PLACEMENT_3D ( 'NONE', #7057, #3490, #8646 ) ;
#3659 = CARTESIAN_POINT ( 'NONE',  ( -12.61216787903049941, 29.60000000000000497, 63.05857560965164055 ) ) ;
#3660 = ORIENTED_EDGE ( 'NONE', *, *, #672, .T. ) ;
#3661 = CARTESIAN_POINT ( 'NONE',  ( -27.55817685037028042, 29.59999999999999432, 63.34989286683612164 ) ) ;
#3662 = CARTESIAN_POINT ( 'NONE',  ( -11.57344830354574583, 28.99999999999998934, 65.05540356897962795 ) ) ;
#3663 = VECTOR ( 'NONE', #6762, 1000.000000000000000 ) ;
#3664 = CARTESIAN_POINT ( 'NONE',  ( -13.13630896189126673, 28.99999999999999289, 64.56514916011086314 ) ) ;
#3665 = CARTESIAN_POINT ( 'NONE',  ( -13.08633376329327369, 29.00000000000000000, 64.62138892635984178 ) ) ;
#3666 = CARTESIAN_POINT ( 'NONE',  ( -22.99678326364589154, 29.00000000000000711, 63.05857560965164055 ) ) ;
#3667 = AXIS2_PLACEMENT_3D ( 'NONE', #4451, #1365, #8159 ) ;
#3668 = B_SPLINE_CURVE_WITH_KNOTS ( 'NONE', 3,
 ( #6670, #64, #5181, #3011, #6629, #3164, #9031, #112, #5950, #6095, #8119, #2287, #23, #5903, #8840 ),
 .UNSPECIFIED., .F., .F.,
 ( 4, 1, 1, 1, 1, 1, 1, 1, 1, 1, 1, 1, 4 ),
 ( 0.000000000000000000, 0.1168789425891936518, 0.2257848828927966900, 0.3300293635824523286, 0.4347845767395983052, 0.4896303961209848565, 0.5483216779436215216, 0.6108337112498968269, 0.6777304768539423874, 0.7492316971979291473, 0.8268884690772766444, 0.9101270386610834651, 1.000000000000000000 ),
 .UNSPECIFIED. ) ;
#3669 = ORIENTED_EDGE ( 'NONE', *, *, #4597, .T. ) ;
#3670 = ADVANCED_FACE ( 'NONE', ( #6366 ), #6277, .T. ) ;
#3671 = ORIENTED_EDGE ( 'NONE', *, *, #9541, .F. ) ;
#3672 = DIRECTION ( 'NONE',  ( 1.000000000000000000, 1.418996708365486154E-16, -0.000000000000000000 ) ) ;
#3673 = ADVANCED_FACE ( 'NONE', ( #9351 ), #9194, .T. ) ;
#3674 = VECTOR ( 'NONE', #9392, 1000.000000000000000 ) ;
#3675 = CARTESIAN_POINT ( 'NONE',  ( -14.16226193326068916, 29.59999999999999076, 63.84523698884252241 ) ) ;
#3676 = VECTOR ( 'NONE', #5601, 1000.000000000000000 ) ;
#3677 = CARTESIAN_POINT ( 'NONE',  ( -20.51447240284513285, 28.99999999999999289, 63.67257558265118433 ) ) ;
#3678 = CARTESIAN_POINT ( 'NONE',  ( -23.79359776461866005, 29.00000000000001066, 62.69410884949884633 ) ) ;
#3679 = CARTESIAN_POINT ( 'NONE',  ( -12.70890917641328777, 28.99999999999999289, 63.76036176085092677 ) ) ;
#3680 = EDGE_CURVE ( 'NONE', #578, #6703, #8012, .T. ) ;
#3681 = LINE ( 'NONE', #3103, #4898 ) ;
#3682 = CARTESIAN_POINT ( 'NONE',  ( -27.10359568576570766, 28.99999999999999289, 66.33212896196694430 ) ) ;
#3683 = AXIS2_PLACEMENT_3D ( 'NONE', #8110, #4308, #2230 ) ;
#3684 = VECTOR ( 'NONE', #6403, 1000.000000000000000 ) ;
#3685 = EDGE_CURVE ( 'NONE', #8256, #6551, #8822, .T. ) ;
#3686 = DIRECTION ( 'NONE',  ( 0.000000000000000000, -1.000000000000000000, 0.000000000000000000 ) ) ;
#3687 = ORIENTED_EDGE ( 'NONE', *, *, #3145, .T. ) ;
#3688 = EDGE_CURVE ( 'NONE', #723, #2317, #719, .T. ) ;
#3689 = CARTESIAN_POINT ( 'NONE',  ( -36.27734066978234750, 29.00000000000000355, 63.96705528379479944 ) ) ;
#3690 = CARTESIAN_POINT ( 'NONE',  ( -16.73999122002557982, 29.60000000000000497, 62.76957086735013291 ) ) ;
#3691 = FACE_OUTER_BOUND ( 'NONE', #2745, .T. ) ;
#3692 = CARTESIAN_POINT ( 'NONE',  ( -24.63479944652414133, 29.59999999999999432, 65.44664767452843535 ) ) ;
#3693 = CARTESIAN_POINT ( 'NONE',  ( -15.09663838883182407, 28.99999999999999645, 63.34989286683612164 ) ) ;
#3694 = CARTESIAN_POINT ( 'NONE',  ( -37.78864560037028753, 29.59999999999999076, 66.65818613606688814 ) ) ;
#3695 = ORIENTED_EDGE ( 'NONE', *, *, #692, .T. ) ;
#3696 = VERTEX_POINT ( 'NONE', #2221 ) ;
#3697 = CARTESIAN_POINT ( 'NONE',  ( -12.48448987681585187, 29.59999999999999787, 64.14053963481319443 ) ) ;
#3698 = ORIENTED_EDGE ( 'NONE', *, *, #6807, .T. ) ;
#3699 = CARTESIAN_POINT ( 'NONE',  ( -28.58320211885064666, 28.99999999999998934, 63.36818977559248367 ) ) ;
#3700 = FACE_OUTER_BOUND ( 'NONE', #4030, .T. ) ;
#3701 = LINE ( 'NONE', #2115, #4886 ) ;
#3702 = DIRECTION ( 'NONE',  ( 1.418996708365486154E-16, -1.000000000000000000, 0.000000000000000000 ) ) ;
#3703 = CARTESIAN_POINT ( 'NONE',  ( -16.90618061347822731, 29.59999999999998366, 63.13411556731550434 ) ) ;
#3704 = CARTESIAN_POINT ( 'NONE',  ( -26.30787636960106468, 29.59999999999999432, 64.69664767452843535 ) ) ;
#3705 = ORIENTED_EDGE ( 'NONE', *, *, #4509, .F. ) ;
#3706 = EDGE_LOOP ( 'NONE', ( #1277, #1111, #674, #9047 ) ) ;
#3707 = CARTESIAN_POINT ( 'NONE',  ( -39.70150617729336773, 29.59999999999999076, 64.98510921298996834 ) ) ;
#3708 = VERTEX_POINT ( 'NONE', #626 ) ;
#3709 = CARTESIAN_POINT ( 'NONE',  ( -27.53340062210408945, 28.99999999999998934, 63.44141690147067436 ) ) ;
#3710 = CARTESIAN_POINT ( 'NONE',  ( -4.241207696776957078E-15, 30.49999999999995737, 73.00000000000000000 ) ) ;
#3711 = CARTESIAN_POINT ( 'NONE',  ( -13.61556867729336062, 29.59999999999999432, 63.38234478991304144 ) ) ;
#3712 = LINE ( 'NONE', #5116, #2608 ) ;
#3713 = EDGE_CURVE ( 'NONE', #5536, #3141, #8780, .T. ) ;
#3714 = CARTESIAN_POINT ( 'NONE',  ( -2.000000000000000000, 0.5000000000000419664, 69.99999999999998579 ) ) ;
#3715 = ORIENTED_EDGE ( 'NONE', *, *, #5303, .T. ) ;
#3716 = ORIENTED_EDGE ( 'NONE', *, *, #5596, .F. ) ;
#3717 = DIRECTION ( 'NONE',  ( 1.418996708365486154E-16, -1.000000000000000000, -0.000000000000000000 ) ) ;
#3718 = CARTESIAN_POINT ( 'NONE',  ( -27.58966751534332573, 29.00000000000002487, 65.61506785181039447 ) ) ;
#3719 = CARTESIAN_POINT ( 'NONE',  ( -14.13509552193151819, 28.99999999999998934, 64.37813097199821755 ) ) ;
#3720 = CARTESIAN_POINT ( 'NONE',  ( -20.20750383140237716, 29.00000000000000355, 64.36983560347518107 ) ) ;
#3721 = CARTESIAN_POINT ( 'NONE',  ( -23.19385633304365868, 29.59999999999999076, 62.24291216561616125 ) ) ;
#3722 = CARTESIAN_POINT ( 'NONE',  ( -12.57891002344720555, 28.99999999999999289, 64.01876305914380794 ) ) ;
#3723 = CARTESIAN_POINT ( 'NONE',  ( -12.75018406190874565, 29.59999999999999432, 63.49863084760534804 ) ) ;
#3724 = CARTESIAN_POINT ( 'NONE',  ( -28.03973590639270341, 29.59999999999999432, 62.90937978192581426 ) ) ;
#3725 = EDGE_CURVE ( 'NONE', #3737, #1189, #8015, .T. ) ;
#3726 = EDGE_CURVE ( 'NONE', #2459, #6804, #2986, .T. ) ;
#3727 = DIRECTION ( 'NONE',  ( -9.011550524554840736E-17, 1.000000000000000000, 0.000000000000000000 ) ) ;
#3728 = ORIENTED_EDGE ( 'NONE', *, *, #8070, .F. ) ;
#3729 = DIRECTION ( 'NONE',  ( -0.7071067811865431318, 0.7071067811865520136, 0.000000000000000000 ) ) ;
#3730 = CARTESIAN_POINT ( 'NONE',  ( -17.07710713883182763, 28.99999999999999645, 64.43883517452844956 ) ) ;
#3731 = ADVANCED_FACE ( 'NONE', ( #3527 ), #7739, .T. ) ;
#3732 = LINE ( 'NONE', #8265, #8756 ) ;
#3733 = CARTESIAN_POINT ( 'NONE',  ( -36.92326098498567433, 28.99999999999998934, 66.65818613606688814 ) ) ;
#3734 = CARTESIAN_POINT ( 'NONE',  ( -23.06017602734892691, 28.99999999999998934, 63.14490640561966472 ) ) ;
#3735 = B_SPLINE_CURVE_WITH_KNOTS ( 'NONE', 3,
 ( #2040, #4400, #3579, #5168, #7340, #6660, #2909, #8065, #2190, #7244, #4449 ),
 .UNSPECIFIED., .F., .F.,
 ( 4, 1, 1, 1, 1, 1, 1, 1, 4 ),
 ( 0.000000000000000000, 0.1191872499897267540, 0.2364492136138232892, 0.3526964175350921771, 0.4691294060866679216, 0.5898117834426045425, 0.7176139690473988253, 0.8546066610398606045, 1.000000000000000000 ),
 .UNSPECIFIED. ) ;
#3736 = CARTESIAN_POINT ( 'NONE',  ( -15.44517016822641153, 29.59999999999999787, 65.94536505910583912 ) ) ;
#3737 = VERTEX_POINT ( 'NONE', #6696 ) ;
#3738 = EDGE_LOOP ( 'NONE', ( #8954, #1409, #6742, #280, #3491, #4702, #1707, #6788 ) ) ;
#3739 = CARTESIAN_POINT ( 'NONE',  ( -102.0000000000000000, 30.49999999999998579, 34.75000000000000000 ) ) ;
#3740 = DIRECTION ( 'NONE',  ( -0.5773502691896418293, -0.5773502691896257311, -0.5773502691896097438 ) ) ;
#3741 = CARTESIAN_POINT ( 'NONE',  ( -2.500000000000042188, 0.000000000000000000, 21.30000000000002558 ) ) ;
#3742 = LINE ( 'NONE', #899, #7450 ) ;
#3743 = FACE_OUTER_BOUND ( 'NONE', #8586, .T. ) ;
#3744 = CARTESIAN_POINT ( 'NONE',  ( -3.500000000000041300, 1.634643275439711813E-14, 32.99999999999999289 ) ) ;
#3745 = CARTESIAN_POINT ( 'NONE',  ( -29.53864560037028753, 28.99999999999999645, 64.43883517452844956 ) ) ;
#3746 = CARTESIAN_POINT ( 'NONE',  ( -24.00018406190875808, 29.59999999999999787, 63.38234478991305565 ) ) ;
#3747 = ORIENTED_EDGE ( 'NONE', *, *, #6977, .T. ) ;
#3748 = EDGE_LOOP ( 'NONE', ( #147, #207, #60, #4088, #5293 ) ) ;
#3749 = CARTESIAN_POINT ( 'NONE',  ( -15.09097470755813220, 29.59999999999999076, 65.50773520534546890 ) ) ;
#3750 = ORIENTED_EDGE ( 'NONE', *, *, #6009, .T. ) ;
#3751 = CARTESIAN_POINT ( 'NONE',  ( -33.63479944652413423, 29.59999999999999432, 64.69664767452843535 ) ) ;
#3752 = DIRECTION ( 'NONE',  ( 1.000000000000000000, 1.390559900582610931E-16, -0.000000000000000000 ) ) ;
#3753 = CARTESIAN_POINT ( 'NONE',  ( -12.21653021575490072, 28.99999999999999645, 62.90818613606689524 ) ) ;
#3754 = CARTESIAN_POINT ( 'NONE',  ( -12.80872332150739190, 28.99999999999999289, 64.90246162546478104 ) ) ;
#3755 = AXIS2_PLACEMENT_3D ( 'NONE', #9389, #2785, #5725 ) ;
#3756 = CARTESIAN_POINT ( 'NONE',  ( -102.7999999999999972, 30.99999999999998579, 73.00000000000000000 ) ) ;
#3757 = ORIENTED_EDGE ( 'NONE', *, *, #4852, .F. ) ;
#3758 = EDGE_LOOP ( 'NONE', ( #3409, #4573, #8094, #9416 ) ) ;
#3759 = FACE_OUTER_BOUND ( 'NONE', #5095, .T. ) ;
#3760 = ADVANCED_FACE ( 'NONE', ( #1588 ), #1320, .T. ) ;
#3761 = ORIENTED_EDGE ( 'NONE', *, *, #5678, .T. ) ;
#3762 = CARTESIAN_POINT ( 'NONE',  ( -13.61227747758969997, 29.59999999999999432, 63.52870578933038104 ) ) ;
#3763 = VECTOR ( 'NONE', #3124, 1000.000000000000000 ) ;
#3764 = EDGE_CURVE ( 'NONE', #4699, #2178, #7570, .T. ) ;
#3765 = FACE_OUTER_BOUND ( 'NONE', #3402, .T. ) ;
#3766 = VECTOR ( 'NONE', #6287, 1000.000000000000114 ) ;
#3767 = CARTESIAN_POINT ( 'NONE',  ( -16.86864616177874510, 29.59999999999999076, 65.84268613212059051 ) ) ;
#3768 = CARTESIAN_POINT ( 'NONE',  ( -41.59633790806259412, 29.59999999999999076, 65.73510921298995413 ) ) ;
#3769 = CARTESIAN_POINT ( 'NONE',  ( -14.23431616389135534, 29.60000000000000497, 65.51695453929460200 ) ) ;
#3770 = DIRECTION ( 'NONE',  ( -1.418996708365486401E-16, 1.000000000000000000, 0.000000000000000000 ) ) ;
#3771 = CARTESIAN_POINT ( 'NONE',  ( -26.65202420411172568, 28.99999999999998934, 65.28113725803713407 ) ) ;
#3772 = VECTOR ( 'NONE', #6116, 1000.000000000000000 ) ;
#3773 = ORIENTED_EDGE ( 'NONE', *, *, #747, .T. ) ;
#3774 = CARTESIAN_POINT ( 'NONE',  ( -28.58320211885064666, 29.59999999999999432, 63.36818977559248367 ) ) ;
#3775 = EDGE_LOOP ( 'NONE', ( #6884, #7595, #970, #1384 ) ) ;
#3776 = VECTOR ( 'NONE', #7500, 1000.000000000000000 ) ;
#3777 = CARTESIAN_POINT ( 'NONE',  ( -22.61917444652413423, 29.59999999999999432, 62.15818613606688814 ) ) ;
#3778 = CARTESIAN_POINT ( 'NONE',  ( -5.292893218813421896, -6.099999999999892175, 20.79999999999999716 ) ) ;
#3779 = CARTESIAN_POINT ( 'NONE',  ( -105.5000000000000000, 28.99999999999998579, 55.24999999999995026 ) ) ;
#3780 = PLANE ( 'NONE',  #7370 ) ;
#3781 = FACE_OUTER_BOUND ( 'NONE', #5997, .T. ) ;
#3782 = CARTESIAN_POINT ( 'NONE',  ( -16.63540040806259412, 29.59999999999999787, 62.62062603991305565 ) ) ;
#3783 = DIRECTION ( 'NONE',  ( -1.000000000000000000, 0.000000000000000000, -0.000000000000000000 ) ) ;
#3784 = VERTEX_POINT ( 'NONE', #3326 ) ;
#3785 = EDGE_CURVE ( 'NONE', #4894, #4655, #7803, .T. ) ;
#3786 = CARTESIAN_POINT ( 'NONE',  ( -29.47737469545567635, 29.59999999999999432, 63.58932564137825949 ) ) ;
#3787 = ADVANCED_FACE ( 'NONE', ( #9152 ), #5067, .F. ) ;
#3788 = VERTEX_POINT ( 'NONE', #1154 ) ;
#3789 = CARTESIAN_POINT ( 'NONE',  ( -11.10655245014610948, 29.59999999999999432, 65.58748211920877225 ) ) ;
#3790 = CARTESIAN_POINT ( 'NONE',  ( -12.33172184281126960, 28.99999999999999645, 62.91361374662000827 ) ) ;
#3791 = CARTESIAN_POINT ( 'NONE',  ( -28.43750407010565340, 28.99999999999998934, 63.06632603248693414 ) ) ;
#3792 = CARTESIAN_POINT ( 'NONE',  ( -23.27517749637794253, 29.59999999999999432, 64.82472394247854197 ) ) ;
#3793 = CARTESIAN_POINT ( 'NONE',  ( -15.13299229606659857, 29.59999999999999787, 63.23871921102352900 ) ) ;
#3794 = FACE_OUTER_BOUND ( 'NONE', #315, .T. ) ;
#3795 = CARTESIAN_POINT ( 'NONE',  ( -17.07710713883182763, 29.00000000000000000, 64.43883517452844956 ) ) ;
#3796 = CARTESIAN_POINT ( 'NONE',  ( -32.59633790806259412, 28.99999999999999289, 66.65818613606688814 ) ) ;
#3797 = PRODUCT_DEFINITION_SHAPE ( 'NONE', 'NONE',  #4373 ) ;
#3798 = ORIENTED_EDGE ( 'NONE', *, *, #6091, .F. ) ;
#3799 = EDGE_CURVE ( 'NONE', #5163, #4533, #8431, .T. ) ;
#3800 = ORIENTED_EDGE ( 'NONE', *, *, #1446, .F. ) ;
#3801 = CARTESIAN_POINT ( 'NONE',  ( -17.86211763762839766, 29.59999999999999787, 62.89404783349711181 ) ) ;
#3802 = ORIENTED_EDGE ( 'NONE', *, *, #6207, .F. ) ;
#3803 = CARTESIAN_POINT ( 'NONE',  ( -12.28688158503864614, 29.00000000000000000, 62.15919151790433972 ) ) ;
#3804 = ADVANCED_FACE ( 'NONE', ( #1197 ), #4142, .T. ) ;
#3805 = B_SPLINE_SURFACE_WITH_KNOTS ( 'NONE', 3, 1, ( 
 ( #4611, #4747 ),
 ( #4558, #4029 ),
 ( #943, #7496 ),
 ( #8988, #2440 ),
 ( #7551, #3261 ),
 ( #8942, #6967 ),
 ( #4654, #5380 ),
 ( #263, #3842 ),
 ( #1718, #6779 ),
 ( #7596, #7648 ),
 ( #3217, #6155 ),
 ( #3935, #6926 ),
 ( #892, #7697 ),
 ( #1088, #2341 ),
 ( #6873, #5283 ) ),
 .UNSPECIFIED., .F., .F., .F.,
 ( 4, 1, 1, 1, 1, 1, 1, 1, 1, 1, 1, 1, 4 ),
 ( 2, 2 ),
 ( 0.000000000000000000, 0.1168789425891936934, 0.2257848828927967733, 0.3300293635824508853, 0.4347845767395981387, 0.4896303961209848010, 0.5483216779436224098, 0.6108337112498961607, 0.6777304768539422763, 0.7492316971979294804, 0.8268884690772763113, 0.9101270386610832430, 1.000000000000000000 ),
 ( 0.000000000000000000, 1.000000000000000000 ),
 .UNSPECIFIED. ) ;
#3806 = CARTESIAN_POINT ( 'NONE',  ( -14.58011194652413067, 28.99999999999999645, 62.61521738606688814 ) ) ;
#3807 = CARTESIAN_POINT ( 'NONE',  ( -15.68767292861909368, 29.59999999999999076, 65.96213373037441841 ) ) ;
#3808 = CARTESIAN_POINT ( 'NONE',  ( -11.75620640792663885, 28.99999999999999289, 63.16216302194817445 ) ) ;
#3809 = CARTESIAN_POINT ( 'NONE',  ( -12.36429739263205896, 28.99999999999999645, 65.30953555119604914 ) ) ;
#3810 = CARTESIAN_POINT ( 'NONE',  ( -22.92210087691330145, 29.59999999999998366, 64.07697101937263540 ) ) ;
#3811 = B_SPLINE_CURVE_WITH_KNOTS ( 'NONE', 3,
 ( #3994, #1576, #6057, #3896, #2495, #1676, #4616, #5387, #3793, #4660, #6161 ),
 .UNSPECIFIED., .F., .F.,
 ( 4, 1, 1, 1, 1, 1, 1, 1, 4 ),
 ( 0.000000000000000000, 0.1136384890722382801, 0.2223861812653078196, 0.3312523767958305831, 0.4413103711807807028, 0.5581281266397009055, 0.6869862659608907407, 0.8340526583991203502, 1.000000000000000000 ),
 .UNSPECIFIED. ) ;
#3812 = EDGE_LOOP ( 'NONE', ( #9282, #542, #2717, #7436 ) ) ;
#3813 = ORIENTED_EDGE ( 'NONE', *, *, #2515, .F. ) ;
#3814 = CARTESIAN_POINT ( 'NONE',  ( -24.00018406190875808, 28.99999999999999645, 63.38234478991305565 ) ) ;
#3815 = VERTEX_POINT ( 'NONE', #9293 ) ;
#3816 = CARTESIAN_POINT ( 'NONE',  ( -29.11170518472008695, 29.59999999999999432, 66.23505523326397793 ) ) ;
#3817 = VECTOR ( 'NONE', #8088, 1000.000000000000000 ) ;
#3818 = LINE ( 'NONE', #8345, #6391 ) ;
#3819 = PLANE ( 'NONE',  #9067 ) ;
#3820 = VECTOR ( 'NONE', #3686, 1000.000000000000000 ) ;
#3821 = CARTESIAN_POINT ( 'NONE',  ( -23.97825338750310209, 29.00000000000000000, 63.13261268622171229 ) ) ;
#3822 = CARTESIAN_POINT ( 'NONE',  ( -15.09663838883182407, 29.59999999999999076, 63.34989286683612164 ) ) ;
#3823 = CARTESIAN_POINT ( 'NONE',  ( -12.43912793510230763, 29.59999999999999787, 62.94188646835033296 ) ) ;
#3824 = CARTESIAN_POINT ( 'NONE',  ( -21.95806368816113618, 29.59999999999998721, 65.05540356897962795 ) ) ;
#3825 = ADVANCED_FACE ( 'NONE', ( #514, #2604 ), #4189, .F. ) ;
#3826 = ORIENTED_EDGE ( 'NONE', *, *, #8238, .F. ) ;
#3827 = VECTOR ( 'NONE', #1841, 1000.000000000000000 ) ;
#3828 = VECTOR ( 'NONE', #1128, 1000.000000000000000 ) ;
#3829 = FACE_OUTER_BOUND ( 'NONE', #891, .T. ) ;
#3830 = VECTOR ( 'NONE', #6908, 1000.000000000000000 ) ;
#3831 = ORIENTED_EDGE ( 'NONE', *, *, #8495, .T. ) ;
#3832 = CARTESIAN_POINT ( 'NONE',  ( -3.000000000000000444, 31.00000000000000000, 0.5000000000000283107 ) ) ;
#3833 = CARTESIAN_POINT ( 'NONE',  ( -16.21172252344721088, 28.99999999999998579, 64.43883517452843535 ) ) ;
#3834 = DIRECTION ( 'NONE',  ( 0.000000000000000000, 0.000000000000000000, 1.000000000000000000 ) ) ;
#3835 = CARTESIAN_POINT ( 'NONE',  ( -14.89508608478135976, 29.60000000000000497, 62.33407319236056310 ) ) ;
#3836 = CARTESIAN_POINT ( 'NONE',  ( -14.42724948368701732, 28.99999999999998934, 62.84821702269373134 ) ) ;
#3837 = CARTESIAN_POINT ( 'NONE',  ( -22.05660283836218483, 28.99999999999999289, 63.42914323233811302 ) ) ;
#3838 = VECTOR ( 'NONE', #8520, 1000.000000000000000 ) ;
#3839 = VECTOR ( 'NONE', #3862, 1000.000000000000000 ) ;
#3840 = EDGE_CURVE ( 'NONE', #2545, #7177, #4538, .T. ) ;
#3841 = ORIENTED_EDGE ( 'NONE', *, *, #5687, .T. ) ;
#3842 = CARTESIAN_POINT ( 'NONE',  ( -18.67928333100356753, 29.00000000000001421, 63.16216302194818866 ) ) ;
#3843 = EDGE_CURVE ( 'NONE', #2470, #5910, #8573, .T. ) ;
#3844 = ORIENTED_EDGE ( 'NONE', *, *, #4090, .F. ) ;
#3845 = DIRECTION ( 'NONE',  ( 4.670409358399121388E-15, 1.000000000000000000, 0.000000000000000000 ) ) ;
#3846 = CARTESIAN_POINT ( 'NONE',  ( -12.43912793510230763, 28.99999999999999645, 62.94188646835033296 ) ) ;
#3847 = DIRECTION ( 'NONE',  ( -1.000000000000000000, 0.000000000000000000, 0.000000000000000000 ) ) ;
#3848 = CARTESIAN_POINT ( 'NONE',  ( -28.67326098498566722, 29.59999999999999787, 64.43883517452844956 ) ) ;
#3849 = PLANE ( 'NONE',  #5158 ) ;
#3850 = CARTESIAN_POINT ( 'NONE',  ( -17.04967920161296036, 28.99999999999999645, 63.85094655720960333 ) ) ;
#3851 = CARTESIAN_POINT ( 'NONE',  ( -18.65231142458988600, 29.60000000000000142, 63.21927767107736429 ) ) ;
#3852 = EDGE_CURVE ( 'NONE', #9112, #6318, #2012, .T. ) ;
#3853 = ORIENTED_EDGE ( 'NONE', *, *, #974, .F. ) ;
#3854 = ADVANCED_FACE ( 'NONE', ( #4906 ), #7852, .F. ) ;
#3855 = ORIENTED_EDGE ( 'NONE', *, *, #8182, .F. ) ;
#3856 = CARTESIAN_POINT ( 'NONE',  ( -18.08234568398858144, 29.00000000000000711, 62.55793437562742554 ) ) ;
#3857 = VERTEX_POINT ( 'NONE', #334 ) ;
#3858 = CARTESIAN_POINT ( 'NONE',  ( -16.21061591263852719, 28.99999999999998934, 64.61824972900920727 ) ) ;
#3859 = LINE ( 'NONE', #3953, #2837 ) ;
#3860 = CARTESIAN_POINT ( 'NONE',  ( -3.000000000000000000, 31.00000000000000000, 73.00000000000000000 ) ) ;
#3861 = CARTESIAN_POINT ( 'NONE',  ( -11.99365649748191132, 28.99999999999998934, 62.94336049078563633 ) ) ;
#3862 = DIRECTION ( 'NONE',  ( 1.418996708365486154E-16, -1.000000000000000000, -0.000000000000000000 ) ) ;
#3863 = EDGE_CURVE ( 'NONE', #4498, #9112, #7897, .T. ) ;
#3864 = CARTESIAN_POINT ( 'NONE',  ( -22.95080193264676183, 29.59999999999999432, 64.03664153671326176 ) ) ;
#3865 = ORIENTED_EDGE ( 'NONE', *, *, #1308, .T. ) ;
#3866 = VERTEX_POINT ( 'NONE', #9340 ) ;
#3867 = CARTESIAN_POINT ( 'NONE',  ( -214287.6571428538591, 214280.6571428566240, 123748.2735445276339 ) ) ;
#3868 = EDGE_LOOP ( 'NONE', ( #5625, #3958, #4182, #86, #3971, #3568, #7068, #1595, #5356, #6753, #564 ) ) ;
#3869 = CARTESIAN_POINT ( 'NONE',  ( -27.24150486142254834, 29.60000000000000142, 62.41333614340722136 ) ) ;
#3870 = CARTESIAN_POINT ( 'NONE',  ( -19.64238171284550560, 28.99999999999997513, 63.24896894619977417 ) ) ;
#3871 = CARTESIAN_POINT ( 'NONE',  ( -16.82778798077731963, 29.59999999999999076, 65.93683472907376597 ) ) ;
#3872 = CARTESIAN_POINT ( 'NONE',  ( -23.72018276408098103, 29.00000000000000711, 62.59643381103102655 ) ) ;
#3873 = ADVANCED_FACE ( 'NONE', ( #4952 ), #1339, .F. ) ;
#3874 = CARTESIAN_POINT ( 'NONE',  ( -14.75504912652406375, 28.99999999999999289, 66.43559663024061024 ) ) ;
#3875 = CARTESIAN_POINT ( 'NONE',  ( -12.67556064273353122, 28.99999999999998934, 63.14490640561966472 ) ) ;
#3876 = CARTESIAN_POINT ( 'NONE',  ( -21.49116783476150161, 29.59999999999999076, 65.58748211920877225 ) ) ;
#3877 = EDGE_LOOP ( 'NONE', ( #1343, #3999, #461, #2330 ) ) ;
#3878 = CARTESIAN_POINT ( 'NONE',  ( -28.43750407010565340, 29.59999999999999432, 63.06632603248693414 ) ) ;
#3879 = EDGE_LOOP ( 'NONE', ( #2653, #6427, #8141, #6113 ) ) ;
#3880 = EDGE_CURVE ( 'NONE', #856, #6887, #1287, .T. ) ;
#3881 = CARTESIAN_POINT ( 'NONE',  ( -2.066987298107796800, 13.08012701892230645, 21.30000000000002203 ) ) ;
#3882 = CARTESIAN_POINT ( 'NONE',  ( -3.500000000000069722, -6.099999999999905498, 32.99999999999999289 ) ) ;
#3883 = CARTESIAN_POINT ( 'NONE',  ( -28.62079520392162735, 29.59999999999999787, 65.33171982693652069 ) ) ;
#3884 = CARTESIAN_POINT ( 'NONE',  ( -15.91068894300593328, 29.59999999999999787, 63.00352767674853283 ) ) ;
#3885 = CARTESIAN_POINT ( 'NONE',  ( -14.21999785853109088, 29.00000000000000000, 63.46326474830356545 ) ) ;
#3886 = LINE ( 'NONE', #6150, #8092 ) ;
#3887 = ORIENTED_EDGE ( 'NONE', *, *, #2204, .T. ) ;
#3888 = CARTESIAN_POINT ( 'NONE',  ( -98.79999999999999716, 0.5000000000000281997, 70.50000000000001421 ) ) ;
#3889 = B_SPLINE_SURFACE_WITH_KNOTS ( 'NONE', 3, 1, ( 
 ( #6958, #4825 ),
 ( #7774, #7093 ),
 ( #3342, #7135 ),
 ( #3435, #1169 ),
 ( #8588, #1991 ),
 ( #4923, #6235 ),
 ( #9169, #2571 ),
 ( #5507, #1307 ),
 ( #4349, #6616 ),
 ( #5845, #2187 ),
 ( #50, #3718 ),
 ( #2994, #1358 ),
 ( #8019, #8785 ),
 ( #9407, #5121 ),
 ( #2805, #8 ),
 ( #4398, #5074 ),
 ( #8063, #1413 ),
 ( #2951, #3533 ),
 ( #2226, #7385 ) ),
 .UNSPECIFIED., .F., .F., .F.,
 ( 4, 1, 1, 1, 1, 1, 1, 1, 1, 1, 1, 1, 1, 1, 1, 1, 4 ),
 ( 2, 2 ),
 ( 0.000000000000000000, 0.1008389819510992630, 0.1933066405743759653, 0.2774093235198732965, 0.3537258974623241903, 0.4222416857313558425, 0.4821502873790083910, 0.5344086373151103464, 0.5793684589269335605, 0.6558129896578059892, 0.7210347404661476833, 0.7764319497354987831, 0.8239878864249191581, 0.8679002289660953107, 0.9108676256988149644, 0.9548855603064191344, 1.000000000000000000 ),
 ( 0.000000000000000000, 1.000000000000000000 ),
 .UNSPECIFIED. ) ;
#3890 = ADVANCED_FACE ( 'NONE', ( #1489 ), #4251, .T. ) ;
#3891 = ORIENTED_EDGE ( 'NONE', *, *, #7600, .F. ) ;
#3892 = EDGE_CURVE ( 'NONE', #5536, #3202, #7949, .T. ) ;
#3893 = CARTESIAN_POINT ( 'NONE',  ( -5.000000000000000000, 28.99999999999999645, 0.5000000000000281997 ) ) ;
#3894 = CARTESIAN_POINT ( 'NONE',  ( -102.2999999999999687, 30.99999999999998579, 0.5000000000000280886 ) ) ;
#3895 = CARTESIAN_POINT ( 'NONE',  ( -37.08160111870365938, 29.59999999999999432, 62.19269005508063231 ) ) ;
#3896 = CARTESIAN_POINT ( 'NONE',  ( -15.44488309853125152, 29.59999999999998721, 62.93076356351276246 ) ) ;
#3897 = CARTESIAN_POINT ( 'NONE',  ( -2.066987298107796356, 13.08012701892230645, 32.49999999999995026 ) ) ;
#3898 = CARTESIAN_POINT ( 'NONE',  ( -29.20152968156404327, 29.00000000000000355, 62.76957086735013291 ) ) ;
#3899 = CARTESIAN_POINT ( 'NONE',  ( -15.00592688947349806, 29.60000000000000497, 64.08812424167317090 ) ) ;
#3900 = B_SPLINE_CURVE_WITH_KNOTS ( 'NONE', 3,
 ( #8248, #871, #4487, #3869, #5262, #1700, #5985, #2471, #151, #197, #7626 ),
 .UNSPECIFIED., .F., .F.,
 ( 4, 1, 1, 1, 1, 1, 1, 1, 4 ),
 ( 0.000000000000000000, 0.1239539590100925404, 0.2446910970343257052, 0.3639282123713499795, 0.4834467610619788691, 0.6060135407011153497, 0.7313153882149173723, 0.8627627448661784326, 1.000000000000000000 ),
 .UNSPECIFIED. ) ;
#3901 = ORIENTED_EDGE ( 'NONE', *, *, #2978, .F. ) ;
#3902 = EDGE_LOOP ( 'NONE', ( #8435, #4484, #6320, #4915 ) ) ;
#3903 = CARTESIAN_POINT ( 'NONE',  ( -15.30112086775648983, 29.60000000000000853, 65.87175899687416347 ) ) ;
#3904 = ORIENTED_EDGE ( 'NONE', *, *, #8442, .T. ) ;
#3905 = CARTESIAN_POINT ( 'NONE',  ( -16.18836096296830362, 28.99999999999999645, 65.08804284434786780 ) ) ;
#3906 = CARTESIAN_POINT ( 'NONE',  ( -28.51968542179373856, 28.99999999999999289, 66.65534655642171913 ) ) ;
#3907 = CARTESIAN_POINT ( 'NONE',  ( -15.63339356454071805, 29.00000000000000355, 65.96462102316323239 ) ) ;
#3908 = CARTESIAN_POINT ( 'NONE',  ( -26.84588064387513029, 29.59999999999999787, 62.93702703193127235 ) ) ;
#3909 = CARTESIAN_POINT ( 'NONE',  ( -14.48962103487952113, 29.00000000000000000, 66.14854865925745742 ) ) ;
#3910 = CARTESIAN_POINT ( 'NONE',  ( -24.00018406190875453, 28.99999999999999289, 66.65818613606688814 ) ) ;
#3911 = ORIENTED_EDGE ( 'NONE', *, *, #2669, .F. ) ;
#3912 = LINE ( 'NONE', #869, #6133 ) ;
#3913 = EDGE_LOOP ( 'NONE', ( #4200, #3304, #2903, #2109 ) ) ;
#3914 = CARTESIAN_POINT ( 'NONE',  ( -27.51421934969611272, 29.60000000000000497, 63.54325693029272770 ) ) ;
#3915 = ADVANCED_FACE ( 'NONE', ( #9486 ), #4334, .T. ) ;
#3916 = DIRECTION ( 'NONE',  ( -0.7071067811865435759, 0.7071067811865513475, 0.000000000000000000 ) ) ;
#3917 = CARTESIAN_POINT ( 'NONE',  ( -16.93801017812930709, 29.59999999999999787, 65.63682640310038607 ) ) ;
#3918 = PLANE ( 'NONE',  #6750 ) ;
#3919 = CARTESIAN_POINT ( 'NONE',  ( -16.43192043266467905, 29.59999999999999787, 66.46068804753105042 ) ) ;
#3920 = ORIENTED_EDGE ( 'NONE', *, *, #7276, .F. ) ;
#3921 = B_SPLINE_CURVE_WITH_KNOTS ( 'NONE', 1,
 ( #2207, #3601 ),
 .UNSPECIFIED., .F., .F.,
 ( 2, 2 ),
 ( 0.000000000000000000, 0.001870828693387123921 ),
 .UNSPECIFIED. ) ;
#3922 = VECTOR ( 'NONE', #319, 1000.000000000000000 ) ;
#3923 = CIRCLE ( 'NONE', #4837, 1.700000000000000178 ) ;
#3924 = CARTESIAN_POINT ( 'NONE',  ( -28.14893807885353283, 29.59999999999999787, 62.91182826557026431 ) ) ;
#3925 = EDGE_LOOP ( 'NONE', ( #2928, #2354, #6555, #4775, #8905, #1905 ) ) ;
#3926 = CARTESIAN_POINT ( 'NONE',  ( -29.14893171853601572, 28.99999999999999289, 66.18684664652663230 ) ) ;
#3927 = LINE ( 'NONE', #3396, #679 ) ;
#3928 = LINE ( 'NONE', #8118, #1301 ) ;
#3929 = ADVANCED_FACE ( 'NONE', ( #2886 ), #5875, .T. ) ;
#3930 = VECTOR ( 'NONE', #6452, 1000.000000000000114 ) ;
#3931 = CARTESIAN_POINT ( 'NONE',  ( 0.000000000000000000, 0.5000000000000281997, 23.10000000000002984 ) ) ;
#3932 = DIRECTION ( 'NONE',  ( -1.418996708365486401E-16, 1.000000000000000000, 0.000000000000000000 ) ) ;
#3933 = CARTESIAN_POINT ( 'NONE',  ( -6.757455650474400777, -3.585321278576354853, 33.74254434952557347 ) ) ;
#3934 = ORIENTED_EDGE ( 'NONE', *, *, #1876, .F. ) ;
#3935 = CARTESIAN_POINT ( 'NONE',  ( -18.59506437682372137, 29.59999999999999432, 63.42914323233811302 ) ) ;
#3936 = VECTOR ( 'NONE', #5375, 1000.000000000000000 ) ;
#3937 = VERTEX_POINT ( 'NONE', #902 ) ;
#3938 = CARTESIAN_POINT ( 'NONE',  ( -2.000000000000000000, 11.33012701892221052, 33.50000000000003553 ) ) ;
#3939 = CARTESIAN_POINT ( 'NONE',  ( -15.65922206393483052, 28.99999999999999289, 66.71458132671686769 ) ) ;
#3940 = CARTESIAN_POINT ( 'NONE',  ( -20.48241148883496976, 28.99999999999998934, 63.81306182907633939 ) ) ;
#3941 = CARTESIAN_POINT ( 'NONE',  ( -36.92326098498567433, 29.59999999999999076, 66.65818613606688814 ) ) ;
#3942 = CARTESIAN_POINT ( 'NONE',  ( -37.09453502344721443, 29.59999999999999076, 62.15818613606688814 ) ) ;
#3943 = CARTESIAN_POINT ( 'NONE',  ( -23.12835486444412325, 29.60000000000000142, 63.62963993191218748 ) ) ;
#3944 = CARTESIAN_POINT ( 'NONE',  ( -22.57104543873565206, 29.59999999999999432, 62.15882148759504133 ) ) ;
#3945 = CARTESIAN_POINT ( 'NONE',  ( -18.57710713883182763, 29.59999999999999432, 63.60049382837458865 ) ) ;
#3946 = ORIENTED_EDGE ( 'NONE', *, *, #6091, .T. ) ;
#3947 = EDGE_CURVE ( 'NONE', #2173, #5305, #6721, .T. ) ;
#3948 = ORIENTED_EDGE ( 'NONE', *, *, #5083, .T. ) ;
#3949 = CARTESIAN_POINT ( 'NONE',  ( -19.10950697719718505, 29.59999999999999432, 62.15882148759504133 ) ) ;
#3950 = ORIENTED_EDGE ( 'NONE', *, *, #3880, .F. ) ;
#3951 = PLANE ( 'NONE',  #388 ) ;
#3952 = CARTESIAN_POINT ( 'NONE',  ( -17.60631916434163102, 29.59999999999999432, 66.58423303333553633 ) ) ;
#3953 = CARTESIAN_POINT ( 'NONE',  ( -35.30787636960106113, 29.59999999999999432, 65.44664767452843535 ) ) ;
#3954 = CARTESIAN_POINT ( 'NONE',  ( -4.999999999995452526, 3.469439703201497377E-09, 22.60000000000000142 ) ) ;
#3955 = CARTESIAN_POINT ( 'NONE',  ( -26.61042363297770663, 29.59999999999999787, 63.98370710216788382 ) ) ;
#3956 = CARTESIAN_POINT ( 'NONE',  ( -40.84543646575490783, 28.99999999999998934, 62.21587844375919474 ) ) ;
#3957 = CARTESIAN_POINT ( 'NONE',  ( -98.79999999999999716, -1.209951037557585031E-14, 69.99999999999998579 ) ) ;
#3958 = ORIENTED_EDGE ( 'NONE', *, *, #1941, .T. ) ;
#3959 = CARTESIAN_POINT ( 'NONE',  ( 0.000000000000000000, 0.5000000000000281997, 0.5000000000000281997 ) ) ;
#3960 = ORIENTED_EDGE ( 'NONE', *, *, #3029, .T. ) ;
#3961 = FACE_OUTER_BOUND ( 'NONE', #1538, .T. ) ;
#3962 = CARTESIAN_POINT ( 'NONE',  ( -102.2999999999999687, 30.99999999999998579, 0.5000000000000281997 ) ) ;
#3963 = CARTESIAN_POINT ( 'NONE',  ( -16.63179463883182407, 28.99999999999999289, 66.25884719375919474 ) ) ;
#3964 = CARTESIAN_POINT ( 'NONE',  ( -14.36176453278731202, 28.99999999999999289, 65.91402972482634937 ) ) ;
#3965 = CARTESIAN_POINT ( 'NONE',  ( -4.999999999999976907, -1.999999999999977573, 20.79999999999999716 ) ) ;
#3966 = CALENDAR_DATE ( 2024, 23, 5 ) ;
#3967 = ORIENTED_EDGE ( 'NONE', *, *, #8585, .F. ) ;
#3968 = EDGE_CURVE ( 'NONE', #4760, #6789, #5918, .T. ) ;
#3969 = VECTOR ( 'NONE', #8252, 1000.000000000000000 ) ;
#3970 = CARTESIAN_POINT ( 'NONE',  ( -20.48996773506334890, 28.99999999999998934, 63.01430761348146348 ) ) ;
#3971 = ORIENTED_EDGE ( 'NONE', *, *, #1604, .T. ) ;
#3972 = AXIS2_PLACEMENT_3D ( 'NONE', #5129, #2813, #6575 ) ;
#3973 = ADVANCED_FACE ( 'NONE', ( #225 ), #2331, .T. ) ;
#3974 = DIRECTION ( 'NONE',  ( 0.7071067811865573427, 2.775557561562891351E-17, -0.7071067811865378028 ) ) ;
#3975 = CARTESIAN_POINT ( 'NONE',  ( -40.73095329267798093, 29.59999999999999076, 63.48691209760534804 ) ) ;
#3976 = CARTESIAN_POINT ( 'NONE',  ( -18.81328502344721088, 29.59999999999999432, 64.74532555914380794 ) ) ;
#3977 = CARTESIAN_POINT ( 'NONE',  ( -28.60821978750031747, 29.59999999999999076, 63.47048614361147401 ) ) ;
#3978 = CARTESIAN_POINT ( 'NONE',  ( -20.08867317337904623, 28.99999999999999645, 64.52820154558349941 ) ) ;
#3979 = CARTESIAN_POINT ( 'NONE',  ( -15.09097470755813220, 28.99999999999998934, 65.50773520534546890 ) ) ;
#3980 = DIRECTION ( 'NONE',  ( 0.7071067811865378028, 0.000000000000000000, 0.7071067811865573427 ) ) ;
#3981 = VECTOR ( 'NONE', #3381, 1000.000000000000000 ) ;
#3982 = ADVANCED_FACE ( 'NONE', ( #5578 ), #3996, .F. ) ;
#3983 = VECTOR ( 'NONE', #7940, 1000.000000000000000 ) ;
#3984 = VERTEX_POINT ( 'NONE', #5432 ) ;
#3985 = DIRECTION ( 'NONE',  ( 0.000000000000000000, -0.000000000000000000, 1.000000000000000000 ) ) ;
#3986 = EDGE_CURVE ( 'NONE', #7396, #2441, #6254, .T. ) ;
#3987 = ORIENTED_EDGE ( 'NONE', *, *, #2890, .T. ) ;
#3988 = AXIS2_PLACEMENT_3D ( 'NONE', #6356, #5589, #1882 ) ;
#3989 = DIRECTION ( 'NONE',  ( -9.609843166577042764E-13, -1.000000000000000000, 9.169653354139779386E-13 ) ) ;
#3990 = CARTESIAN_POINT ( 'NONE',  ( -36.92326098498567433, 28.99999999999998934, 63.45446017452842113 ) ) ;
#3991 = MANIFOLD_SOLID_BREP ( 'Enl\X2\00e8\X0\v. mat.-Extru.2', #7000 ) ;
#3992 = AXIS2_PLACEMENT_3D ( 'NONE', #7019, #457, #6341 ) ;
#3993 = CARTESIAN_POINT ( 'NONE',  ( -22.62116231413207856, 29.60000000000000497, 65.43089587304916677 ) ) ;
#3994 = CARTESIAN_POINT ( 'NONE',  ( -15.60595329267797737, 29.59999999999999432, 62.90818613606688814 ) ) ;
#3995 = CARTESIAN_POINT ( 'NONE',  ( -13.08633376329327369, 29.60000000000000142, 64.62138892635984178 ) ) ;
#3996 = PLANE ( 'NONE',  #744 ) ;
#3997 = CARTESIAN_POINT ( 'NONE',  ( -5.000000000000000000, 28.99999999999999645, 66.99999999999997158 ) ) ;
#3998 = ORIENTED_EDGE ( 'NONE', *, *, #5224, .F. ) ;
#3999 = ORIENTED_EDGE ( 'NONE', *, *, #6550, .F. ) ;
#4000 = CARTESIAN_POINT ( 'NONE',  ( -18.38531409687095675, 29.60000000000000142, 62.33386798170776188 ) ) ;
#4001 = ORIENTED_EDGE ( 'NONE', *, *, #6376, .T. ) ;
#4002 = FACE_OUTER_BOUND ( 'NONE', #2705, .T. ) ;
#4003 = CARTESIAN_POINT ( 'NONE',  ( -18.02962937322304171, 29.59999999999999076, 65.58748211920877225 ) ) ;
#4004 = CARTESIAN_POINT ( 'NONE',  ( -15.30025709864174566, 28.99999999999998934, 63.00359796145248481 ) ) ;
#4005 = FACE_OUTER_BOUND ( 'NONE', #8656, .T. ) ;
#4006 = CARTESIAN_POINT ( 'NONE',  ( -11.00139656288592249, 28.99999999999999645, 62.76877923128868986 ) ) ;
#4007 = CARTESIAN_POINT ( 'NONE',  ( -28.03973590639270341, 29.59999999999999432, 62.90937978192581426 ) ) ;
#4008 = FACE_OUTER_BOUND ( 'NONE', #7964, .T. ) ;
#4009 = ORIENTED_EDGE ( 'NONE', *, *, #4872, .T. ) ;
#4010 = DIRECTION ( 'NONE',  ( -0.7071067811865574537, 0.7071067811865376918, -1.837086636568216730E-16 ) ) ;
#4011 = ORIENTED_EDGE ( 'NONE', *, *, #5793, .F. ) ;
#4012 = DIRECTION ( 'NONE',  ( 1.000000000000000000, 0.000000000000000000, 0.000000000000000000 ) ) ;
#4013 = CARTESIAN_POINT ( 'NONE',  ( -28.06749175421643727, 28.99999999999999289, 66.71587844375920895 ) ) ;
#4014 = EDGE_CURVE ( 'NONE', #2491, #7313, #4893, .T. ) ;
#4015 = CARTESIAN_POINT ( 'NONE',  ( -29.52451245828264703, 29.60000000000000853, 63.98971990975886825 ) ) ;
#4016 = CARTESIAN_POINT ( 'NONE',  ( -29.53176486567676307, 28.99999999999997868, 64.74267555361755910 ) ) ;
#4017 = CARTESIAN_POINT ( 'NONE',  ( -28.58320211885064666, 28.99999999999999289, 63.36818977559248367 ) ) ;
#4018 = CARTESIAN_POINT ( 'NONE',  ( -24.00018406190875453, 29.59999999999999432, 65.79280152068227494 ) ) ;
#4019 = ORIENTED_EDGE ( 'NONE', *, *, #1435, .T. ) ;
#4020 = CARTESIAN_POINT ( 'NONE',  ( -27.60737438867867510, 29.60000000000000142, 66.64864551477415944 ) ) ;
#4021 = CARTESIAN_POINT ( 'NONE',  ( -41.59633790806259412, 28.99999999999999289, 66.65818613606688814 ) ) ;
#4022 = CARTESIAN_POINT ( 'NONE',  ( -42.17326098498567433, 28.99999999999998934, 65.73510921298995413 ) ) ;
#4023 = PLANE ( 'NONE',  #1462 ) ;
#4024 = CARTESIAN_POINT ( 'NONE',  ( -28.60821978750031747, 28.99999999999998579, 63.47048614361147401 ) ) ;
#4025 = CARTESIAN_POINT ( 'NONE',  ( -12.53754638900121776, 28.99999999999997868, 62.17732647703374482 ) ) ;
#4026 = CARTESIAN_POINT ( 'NONE',  ( -15.06367433832650882, 29.00000000000000711, 65.40564930723076031 ) ) ;
#4027 = EDGE_CURVE ( 'NONE', #1875, #2173, #5530, .T. ) ;
#4028 = ORIENTED_EDGE ( 'NONE', *, *, #4571, .F. ) ;
#4029 = CARTESIAN_POINT ( 'NONE',  ( -19.10036089398977666, 29.00000000000001776, 62.90996901907805494 ) ) ;
#4030 = EDGE_LOOP ( 'NONE', ( #3660, #813, #1645, #5531 ) ) ;
#4031 = EDGE_CURVE ( 'NONE', #5156, #2728, #6933, .T. ) ;
#4032 = CARTESIAN_POINT ( 'NONE',  ( -5.500000000000018652, -3.816391647148985074E-14, 32.99999999999999289 ) ) ;
#4033 = CARTESIAN_POINT ( 'NONE',  ( -36.88408809454718806, 29.59999999999999076, 63.49433724371201748 ) ) ;
#4034 = FACE_OUTER_BOUND ( 'NONE', #870, .T. ) ;
#4035 = DIRECTION ( 'NONE',  ( 1.418996708365486154E-16, -1.000000000000000000, -0.000000000000000000 ) ) ;
#4036 = CARTESIAN_POINT ( 'NONE',  ( -40.73095329267798093, 28.99999999999998934, 63.48691209760534804 ) ) ;
#4037 = CARTESIAN_POINT ( 'NONE',  ( -17.01583623391723066, 28.99999999999999645, 63.58932564137828791 ) ) ;
#4038 = CARTESIAN_POINT ( 'NONE',  ( -11.67198745374678737, 29.60000000000000142, 63.42914323233809881 ) ) ;
#4039 = B_SPLINE_CURVE_WITH_KNOTS ( 'NONE', 3,
 ( #1105, #8619, #470, #6263, #3280, #4004, #7800, #3417, #2553, #2018, #4949 ),
 .UNSPECIFIED., .F., .F.,
 ( 4, 1, 1, 1, 1, 1, 1, 1, 4 ),
 ( 0.000000000000000000, 0.1136384890722382801, 0.2223861812653078196, 0.3312523767958305831, 0.4413103711807807028, 0.5581281266397009055, 0.6869862659608907407, 0.8340526583991203502, 1.000000000000000000 ),
 .UNSPECIFIED. ) ;
#4040 = VERTEX_POINT ( 'NONE', #1774 ) ;
#4041 = VERTEX_POINT ( 'NONE', #1185 ) ;
#4042 = CARTESIAN_POINT ( 'NONE',  ( 0.000000000000000000, 0.5000000000000281997, 72.49999999999995737 ) ) ;
#4043 = VERTEX_POINT ( 'NONE', #5622 ) ;
#4044 = CARTESIAN_POINT ( 'NONE',  ( -13.33556737946559068, 29.59999999999998721, 62.59643381103101234 ) ) ;
#4045 = CARTESIAN_POINT ( 'NONE',  ( -17.59633790806259768, 29.00000000000000355, 66.65818613606688814 ) ) ;
#4046 = CARTESIAN_POINT ( 'NONE',  ( -22.21906279808875340, 29.60000000000000142, 64.79893559641131162 ) ) ;
#4047 = DIRECTION ( 'NONE',  ( 0.000000000000000000, 0.000000000000000000, 1.000000000000000000 ) ) ;
#4048 = FACE_OUTER_BOUND ( 'NONE', #3748, .T. ) ;
#4049 = DIRECTION ( 'NONE',  ( 1.418996708365486154E-16, -1.000000000000000000, -0.000000000000000000 ) ) ;
#4050 = CARTESIAN_POINT ( 'NONE',  ( -21.17326098498567433, 29.59999999999999432, 63.51575825145150134 ) ) ;
#4051 = CARTESIAN_POINT ( 'NONE',  ( -16.63179463883182407, 28.99999999999999289, 66.25884719375919474 ) ) ;
#4052 = ORIENTED_EDGE ( 'NONE', *, *, #211, .F. ) ;
#4053 = DIRECTION ( 'NONE',  ( 1.000000000000000000, -2.159040943103389166E-13, 0.000000000000000000 ) ) ;
#4054 = ORIENTED_EDGE ( 'NONE', *, *, #6358, .F. ) ;
#4055 = CARTESIAN_POINT ( 'NONE',  ( -23.85894114335776806, 28.99999999999999289, 62.79469879474974903 ) ) ;
#4056 = CARTESIAN_POINT ( 'NONE',  ( -26.82330299432575771, 28.99999999999998579, 65.91402972482633515 ) ) ;
#4057 = DIRECTION ( 'NONE',  ( -1.000000000000000000, -1.418996708365486401E-16, 0.000000000000000000 ) ) ;
#4058 = CARTESIAN_POINT ( 'NONE',  ( -18.81328502344721088, 28.99999999999999289, 64.74532555914380794 ) ) ;
#4059 = PLANE ( 'NONE',  #1674 ) ;
#4060 = ORIENTED_EDGE ( 'NONE', *, *, #1411, .F. ) ;
#4061 = ADVANCED_FACE ( 'NONE', ( #9093 ), #5480, .T. ) ;
#4062 = EDGE_CURVE ( 'NONE', #5945, #475, #6378, .T. ) ;
#4063 = CARTESIAN_POINT ( 'NONE',  ( -26.62062131416913147, 29.59999999999999432, 65.02136725860025024 ) ) ;
#4064 = DIRECTION ( 'NONE',  ( -1.000000000000000000, 0.000000000000000000, -0.000000000000000000 ) ) ;
#4065 = CARTESIAN_POINT ( 'NONE',  ( -41.59633790806259412, 29.59999999999999076, 64.98510921298996834 ) ) ;
#4066 = CARTESIAN_POINT ( 'NONE',  ( -21.48635765208485182, 29.59999999999999076, 65.59497875579641857 ) ) ;
#4067 = CARTESIAN_POINT ( 'NONE',  ( -16.63540040806259412, 28.99999999999999645, 62.62062603991305565 ) ) ;
#4068 = CARTESIAN_POINT ( 'NONE',  ( -13.56689081198642732, 28.99999999999998934, 63.01430761348146348 ) ) ;
#4069 = DIRECTION ( 'NONE',  ( 6.938893903907222067E-15, -1.000000000000000000, 0.000000000000000000 ) ) ;
#4070 = AXIS2_PLACEMENT_3D ( 'NONE', #4065, #7007, #5462 ) ;
#4071 = VECTOR ( 'NONE', #8661, 1000.000000000000000 ) ;
#4072 = VERTEX_POINT ( 'NONE', #7067 ) ;
#4073 = CARTESIAN_POINT ( 'NONE',  ( -2.000000000000000000, 13.19615242270677236, 20.29999999999997229 ) ) ;
#4074 = EDGE_LOOP ( 'NONE', ( #2203, #3757, #466, #7405 ) ) ;
#4075 = AXIS2_PLACEMENT_3D ( 'NONE', #7725, #1117, #6998 ) ;
#4076 = PLANE ( 'NONE',  #2227 ) ;
#4077 = CARTESIAN_POINT ( 'NONE',  ( -22.47693124659597785, 28.99999999999999645, 62.16006389001608312 ) ) ;
#4078 = CARTESIAN_POINT ( 'NONE',  ( -18.35787686887723069, 29.00000000000000000, 65.20056175677522958 ) ) ;
#4079 = DIRECTION ( 'NONE',  ( 0.000000000000000000, 0.000000000000000000, 1.000000000000000000 ) ) ;
#4080 = CARTESIAN_POINT ( 'NONE',  ( -10.67326098498566722, 29.59999999999999787, 66.65818613606688814 ) ) ;
#4081 = DIRECTION ( 'NONE',  ( -1.000000000000000000, 0.000000000000000000, 0.000000000000000000 ) ) ;
#4082 = EDGE_CURVE ( 'NONE', #5669, #6703, #460, .T. ) ;
#4083 = VECTOR ( 'NONE', #5360, 1000.000000000000000 ) ;
#4084 = EDGE_LOOP ( 'NONE', ( #3379, #2328, #339, #2824 ) ) ;
#4085 = EDGE_CURVE ( 'NONE', #5922, #7368, #8802, .T. ) ;
#4086 = ORIENTED_EDGE ( 'NONE', *, *, #3852, .T. ) ;
#4087 = CARTESIAN_POINT ( 'NONE',  ( -19.15763598498567077, 29.00000000000000355, 62.15818613606688814 ) ) ;
#4088 = ORIENTED_EDGE ( 'NONE', *, *, #3057, .F. ) ;
#4089 = CARTESIAN_POINT ( 'NONE',  ( -13.47432575874237237, 29.59999999999999076, 62.79469879474974903 ) ) ;
#4090 = EDGE_CURVE ( 'NONE', #5545, #7609, #1210, .T. ) ;
#4091 = CARTESIAN_POINT ( 'NONE',  ( -105.5000000000000000, 28.99999999999998579, 13.74999999999999822 ) ) ;
#4092 = CARTESIAN_POINT ( 'NONE',  ( -21.95806368816113618, 28.99999999999999645, 65.05540356897962795 ) ) ;
#4093 = FACE_OUTER_BOUND ( 'NONE', #5406, .T. ) ;
#4094 = CARTESIAN_POINT ( 'NONE',  ( -22.47693124659597785, 29.59999999999999787, 62.16006389001608312 ) ) ;
#4095 = CARTESIAN_POINT ( 'NONE',  ( -27.83180674040847791, 28.99999999999998934, 62.96026778614352537 ) ) ;
#4096 = CARTESIAN_POINT ( 'NONE',  ( -17.07680881839808507, 29.59999999999999787, 64.49082526223060086 ) ) ;
#4097 = EDGE_LOOP ( 'NONE', ( #7287, #7808, #404, #2937, #2981 ) ) ;
#4098 = ADVANCED_FACE ( 'NONE', ( #8654 ), #2160, .T. ) ;
#4099 = DIRECTION ( 'NONE',  ( 1.418996708365486154E-16, -1.000000000000000000, -0.000000000000000000 ) ) ;
#4100 = ORIENTED_EDGE ( 'NONE', *, *, #6963, .F. ) ;
#4101 = CARTESIAN_POINT ( 'NONE',  ( -42.17326098498567433, 29.59999999999999076, 65.73510921298995413 ) ) ;
#4102 = EDGE_CURVE ( 'NONE', #5060, #2030, #503, .T. ) ;
#4103 = CARTESIAN_POINT ( 'NONE',  ( -27.60737438867867510, 29.00000000000000000, 66.64864551477415944 ) ) ;
#4104 = LINE ( 'NONE', #4869, #3617 ) ;
#4105 = FACE_OUTER_BOUND ( 'NONE', #7071, .T. ) ;
#4106 = CARTESIAN_POINT ( 'NONE',  ( -16.63179463883182407, 29.59999999999999432, 66.25884719375919474 ) ) ;
#4107 = DIRECTION ( 'NONE',  ( 1.418996708365486154E-16, -1.000000000000000000, -0.000000000000000000 ) ) ;
#4108 = ORIENTED_EDGE ( 'NONE', *, *, #8686, .T. ) ;
#4109 = CARTESIAN_POINT ( 'NONE',  ( -27.75390580873137125, 29.59999999999999787, 66.68720450271963784 ) ) ;
#4110 = CARTESIAN_POINT ( 'NONE',  ( -19.10980440350194343, 28.99999999999998934, 65.47993683651777985 ) ) ;
#4111 = CARTESIAN_POINT ( 'NONE',  ( -0.5000000000000419664, -6.599999999999933920, 29.46794919243110655 ) ) ;
#4112 = CARTESIAN_POINT ( 'NONE',  ( -15.91068894300593328, 28.99999999999998934, 63.00352767674853283 ) ) ;
#4113 = CARTESIAN_POINT ( 'NONE',  ( -36.95019253944585813, 29.59999999999999432, 62.45677245682414025 ) ) ;
#4114 = DIRECTION ( 'NONE',  ( 0.7071067811865520136, 0.7071067811865431318, -0.000000000000000000 ) ) ;
#4115 = ADVANCED_FACE ( 'NONE', ( #602 ), #1412, .T. ) ;
#4116 = CARTESIAN_POINT ( 'NONE',  ( -5.500000000000036415, 0.5000000000000420775, 20.79999999999999716 ) ) ;
#4117 = AXIS2_PLACEMENT_3D ( 'NONE', #5320, #1657, #4599 ) ;
#4118 = CARTESIAN_POINT ( 'NONE',  ( -26.93584921383240172, 28.99999999999998579, 62.76519222705401546 ) ) ;
#4119 = EDGE_LOOP ( 'NONE', ( #3865, #27, #9122, #1372 ) ) ;
#4120 = AXIS2_PLACEMENT_3D ( 'NONE', #7410, #5147, #799 ) ;
#4121 = CARTESIAN_POINT ( 'NONE',  ( -14.13479944652413245, 29.59999999999999432, 64.42982075145150134 ) ) ;
#4122 = CARTESIAN_POINT ( 'NONE',  ( -36.13212119138682965, 28.99999999999998934, 64.04515270094472612 ) ) ;
#4123 = ADVANCED_FACE ( 'NONE', ( #9424 ), #2821, .F. ) ;
#4124 = CARTESIAN_POINT ( 'NONE',  ( -22.53049010660216567, 29.59999999999999787, 65.52088750954737861 ) ) ;
#4125 = CARTESIAN_POINT ( 'NONE',  ( -40.73095329267798093, 29.59999999999999076, 65.73510921298995413 ) ) ;
#4126 = LINE ( 'NONE', #412, #8847 ) ;
#4127 = VECTOR ( 'NONE', #4491, 1000.000000000000114 ) ;
#4128 = CARTESIAN_POINT ( 'NONE',  ( -17.07710713883182763, 28.99999999999999645, 64.43883517452844956 ) ) ;
#4129 = EDGE_LOOP ( 'NONE', ( #8964, #3610, #5110, #7647 ) ) ;
#4130 = EDGE_CURVE ( 'NONE', #824, #6166, #7531, .T. ) ;
#4131 = VERTEX_POINT ( 'NONE', #67 ) ;
#4132 = VECTOR ( 'NONE', #1555, 1000.000000000000000 ) ;
#4133 = CARTESIAN_POINT ( 'NONE',  ( -17.76583444351047802, 29.60000000000000142, 63.18135675046038102 ) ) ;
#4134 = VECTOR ( 'NONE', #8596, 1000.000000000000000 ) ;
#4135 = ORIENTED_EDGE ( 'NONE', *, *, #4472, .T. ) ;
#4136 = LINE ( 'NONE', #7072, #8697 ) ;
#4137 = FACE_OUTER_BOUND ( 'NONE', #3599, .T. ) ;
#4138 = CARTESIAN_POINT ( 'NONE',  ( 3.833233541708487731E-17, 0.5000000000000283107, 72.49999999999995737 ) ) ;
#4139 = CARTESIAN_POINT ( 'NONE',  ( -21.58543683977641692, 29.00000000000000355, 65.46604350304562558 ) ) ;
#4140 = PLANE ( 'NONE',  #2436 ) ;
#4141 = CARTESIAN_POINT ( 'NONE',  ( -98.29999999999995453, 0.5000000000000420775, 69.99999999999998579 ) ) ;
#4142 = PLANE ( 'NONE',  #4297 ) ;
#4143 = ADVANCED_FACE ( 'NONE', ( #4413 ), #8170, .T. ) ;
#4144 = CARTESIAN_POINT ( 'NONE',  ( -15.60595329267797737, 29.59999999999999432, 62.90818613606688814 ) ) ;
#4145 = VECTOR ( 'NONE', #654, 1000.000000000000000 ) ;
#4146 = VECTOR ( 'NONE', #6643, 1000.000000000000000 ) ;
#4147 = ADVANCED_FACE ( 'NONE', ( #2339 ), #5953, .T. ) ;
#4148 = EDGE_LOOP ( 'NONE', ( #4009, #3716, #9494, #2047 ) ) ;
#4149 = LINE ( 'NONE', #9297, #8440 ) ;
#4150 = ORIENTED_EDGE ( 'NONE', *, *, #8803, .T. ) ;
#4151 = LINE ( 'NONE', #4725, #1508 ) ;
#4152 = ORIENTED_EDGE ( 'NONE', *, *, #4031, .F. ) ;
#4153 = CARTESIAN_POINT ( 'NONE',  ( -26.62062131416913147, 28.99999999999999289, 65.02136725860025024 ) ) ;
#4154 = CC_DESIGN_APPROVAL ( #5379, ( #4373 ) ) ;
#4155 = ADVANCED_FACE ( 'NONE', ( #6004 ), #6632, .T. ) ;
#4156 = CARTESIAN_POINT ( 'NONE',  ( -29.53178707727594343, 28.99999999999999289, 64.13439342316210912 ) ) ;
#4157 = PLANE ( 'NONE',  #9517 ) ;
#4158 = CARTESIAN_POINT ( 'NONE',  ( -23.13479944652413778, 28.99999999999999645, 63.49863084760534804 ) ) ;
#4159 = ORIENTED_EDGE ( 'NONE', *, *, #8978, .T. ) ;
#4160 = CARTESIAN_POINT ( 'NONE',  ( -26.82330299432575771, 29.59999999999998366, 65.91402972482633515 ) ) ;
#4161 = EDGE_CURVE ( 'NONE', #7867, #7638, #1617, .T. ) ;
#4162 = CARTESIAN_POINT ( 'NONE',  ( -19.88662448843727759, 28.99999999999998934, 64.75105750859906095 ) ) ;
#4163 = CARTESIAN_POINT ( 'NONE',  ( -29.94249175421643372, 28.99999999999999289, 65.73510921298995413 ) ) ;
#4164 = CARTESIAN_POINT ( 'NONE',  ( -13.61556867729336240, 29.59999999999999787, 63.38234478991305565 ) ) ;
#4165 = CARTESIAN_POINT ( 'NONE',  ( -102.7999999999999972, 29.50000000000002487, 72.49999999999995737 ) ) ;
#4166 = DIRECTION ( 'NONE',  ( -0.7071067811865431318, 0.7071067811865520136, 0.000000000000000000 ) ) ;
#4167 = DIRECTION ( 'NONE',  ( -1.000000000000000000, 0.000000000000000000, -0.000000000000000000 ) ) ;
#4168 = EDGE_CURVE ( 'NONE', #2305, #347, #625, .T. ) ;
#4169 = CARTESIAN_POINT ( 'NONE',  ( -29.94249175421643372, 29.59999999999999432, 64.98781353991303433 ) ) ;
#4170 = ORIENTED_EDGE ( 'NONE', *, *, #7391, .F. ) ;
#4171 = CARTESIAN_POINT ( 'NONE',  ( -27.50933591121822985, 29.00000000000000000, 65.31138606918777612 ) ) ;
#4172 = DIRECTION ( 'NONE',  ( 0.7071067811865431318, -0.7071067811865520136, 0.000000000000000000 ) ) ;
#4173 = CARTESIAN_POINT ( 'NONE',  ( -18.12389837823795347, 28.99999999999999289, 65.46604350304562558 ) ) ;
#4174 = LINE ( 'NONE', #501, #3502 ) ;
#4175 = DIRECTION ( 'NONE',  ( 0.000000000000000000, 0.000000000000000000, 1.000000000000000000 ) ) ;
#4176 = CARTESIAN_POINT ( 'NONE',  ( -20.07575854785650193, 29.00000000000000000, 62.42470264681981718 ) ) ;
#4177 = ORIENTED_EDGE ( 'NONE', *, *, #5087, .F. ) ;
#4178 = EDGE_CURVE ( 'NONE', #327, #8564, #282, .T. ) ;
#4179 = ADVANCED_FACE ( 'NONE', ( #8474 ), #2688, .T. ) ;
#4180 = ORIENTED_EDGE ( 'NONE', *, *, #5852, .T. ) ;
#4181 = CARTESIAN_POINT ( 'NONE',  ( -28.58466212807299911, 29.59999999999999432, 65.49510732829479309 ) ) ;
#4182 = ORIENTED_EDGE ( 'NONE', *, *, #974, .T. ) ;
#4183 = CARTESIAN_POINT ( 'NONE',  ( -98.29999999999995453, 0.000000000000000000, 69.99999999999998579 ) ) ;
#4184 = CARTESIAN_POINT ( 'NONE',  ( -40.73095329267798093, 29.59999999999999076, 66.65818613606688814 ) ) ;
#4185 = DIRECTION ( 'NONE',  ( -1.000000000000000000, -1.418996708365486401E-16, 0.000000000000000000 ) ) ;
#4186 = CARTESIAN_POINT ( 'NONE',  ( -28.65290419791888965, 29.59999999999999432, 66.60379955400915719 ) ) ;
#4187 = CARTESIAN_POINT ( 'NONE',  ( -29.06535739845039146, 29.59999999999999076, 62.58372603861509020 ) ) ;
#4188 = CARTESIAN_POINT ( 'NONE',  ( -18.59506437682372137, 28.99999999999999289, 63.42914323233811302 ) ) ;
#4189 = PLANE ( 'NONE',  #3526 ) ;
#4190 = CARTESIAN_POINT ( 'NONE',  ( -27.76179556018020378, 29.00000000000000355, 63.00359796145249902 ) ) ;
#4191 = EDGE_LOOP ( 'NONE', ( #1581, #7426, #6507 ) ) ;
#4192 = CARTESIAN_POINT ( 'NONE',  ( -22.96352540806260123, 28.99999999999999289, 64.01876305914380794 ) ) ;
#4193 = ORIENTED_EDGE ( 'NONE', *, *, #3618, .F. ) ;
#4194 = CARTESIAN_POINT ( 'NONE',  ( -12.74562901967800421, 29.59999999999999076, 63.36872890603537201 ) ) ;
#4195 = EDGE_LOOP ( 'NONE', ( #7092, #7228, #3316, #2591 ) ) ;
#4196 = CARTESIAN_POINT ( 'NONE',  ( -26.61023464629010249, 29.60000000000000142, 64.88213788135976756 ) ) ;
#4197 = CARTESIAN_POINT ( 'NONE',  ( -22.62116231413207856, 29.60000000000000497, 65.43089587304916677 ) ) ;
#4198 = FACE_OUTER_BOUND ( 'NONE', #6836, .T. ) ;
#4199 = PLANE ( 'NONE',  #6603 ) ;
#4200 = ORIENTED_EDGE ( 'NONE', *, *, #8943, .F. ) ;
#4201 = EDGE_CURVE ( 'NONE', #7347, #6041, #6941, .T. ) ;
#4202 = CARTESIAN_POINT ( 'NONE',  ( -27.33869485625708862, 29.59999999999999787, 66.52229636236151578 ) ) ;
#4203 = CARTESIAN_POINT ( 'NONE',  ( -20.08867317337904623, 29.59999999999999787, 64.52820154558349941 ) ) ;
#4204 = CARTESIAN_POINT ( 'NONE',  ( -28.22810523835797625, 29.60000000000000497, 65.94370047351597464 ) ) ;
#4205 = CARTESIAN_POINT ( 'NONE',  ( -19.06895164506369866, 29.59999999999999076, 65.52088750954737861 ) ) ;
#4206 = CARTESIAN_POINT ( 'NONE',  ( -15.09663838883182407, 29.59999999999999432, 63.34989286683612164 ) ) ;
#4207 = CARTESIAN_POINT ( 'NONE',  ( -12.57891002344720555, 29.59999999999999432, 64.01876305914380794 ) ) ;
#4208 = CARTESIAN_POINT ( 'NONE',  ( -18.81328502344721088, 29.59999999999999432, 64.74532555914380794 ) ) ;
#4209 = CARTESIAN_POINT ( 'NONE',  ( -11.75620640792663885, 29.59999999999999787, 63.16216302194817445 ) ) ;
#4210 = DIRECTION ( 'NONE',  ( 9.832743353480413733E-17, -0.7071067811865373587, 0.7071067811865577868 ) ) ;
#4211 = ORIENTED_EDGE ( 'NONE', *, *, #2845, .T. ) ;
#4212 = EDGE_CURVE ( 'NONE', #1829, #4072, #6889, .T. ) ;
#4213 = CARTESIAN_POINT ( 'NONE',  ( -28.06749175421643727, 28.99999999999999289, 65.96587844375919474 ) ) ;
#4214 = CARTESIAN_POINT ( 'NONE',  ( -27.48156663073859463, 29.00000000000000000, 62.26979741943161883 ) ) ;
#4215 = VECTOR ( 'NONE', #5001, 1000.000000000000000 ) ;
#4216 = CARTESIAN_POINT ( 'NONE',  ( -41.59633790806259412, 29.59999999999999076, 64.98510921298996834 ) ) ;
#4217 = DIRECTION ( 'NONE',  ( 0.000000000000000000, 0.000000000000000000, -1.000000000000000000 ) ) ;
#4218 = DIRECTION ( 'NONE',  ( 1.418996708365486154E-16, -1.000000000000000000, 0.000000000000000000 ) ) ;
#4219 = CARTESIAN_POINT ( 'NONE',  ( -19.85523295922023834, 28.99999999999999645, 62.29264642209238190 ) ) ;
#4220 = CARTESIAN_POINT ( 'NONE',  ( -22.04449432809834164, 29.59999999999999787, 63.51245042299269272 ) ) ;
#4221 = ORIENTED_EDGE ( 'NONE', *, *, #3245, .F. ) ;
#4222 = VECTOR ( 'NONE', #1184, 1000.000000000000114 ) ;
#4223 = VERTEX_POINT ( 'NONE', #7614 ) ;
#4224 = VECTOR ( 'NONE', #740, 1000.000000000000000 ) ;
#4225 = CARTESIAN_POINT ( 'NONE',  ( -28.60146864846451464, 28.99999999999999289, 65.43292503068569488 ) ) ;
#4226 = ORIENTED_EDGE ( 'NONE', *, *, #2256, .F. ) ;
#4227 = CARTESIAN_POINT ( 'NONE',  ( -16.43346415402616856, 29.60000000000000497, 62.41705866785153489 ) ) ;
#4228 = DIRECTION ( 'NONE',  ( -0.000000000000000000, 1.000000000000000000, -0.000000000000000000 ) ) ;
#4229 = CARTESIAN_POINT ( 'NONE',  ( -2.500000000000028422, 11.33012701892221052, 32.99999999999999289 ) ) ;
#4230 = CARTESIAN_POINT ( 'NONE',  ( -23.76027108527276965, 28.99999999999999645, 64.22769580576583337 ) ) ;
#4231 = CARTESIAN_POINT ( 'NONE',  ( -20.53754259468332322, 29.59999999999999076, 63.43139590477776579 ) ) ;
#4232 = DIRECTION ( 'NONE',  ( -1.418996708365486154E-16, 1.000000000000000000, 0.000000000000000000 ) ) ;
#4233 = CARTESIAN_POINT ( 'NONE',  ( -16.63179463883182407, 29.59999999999999432, 66.25884719375919474 ) ) ;
#4234 = CARTESIAN_POINT ( 'NONE',  ( -23.66904229294084061, 28.99999999999999289, 64.36983560347518107 ) ) ;
#4235 = DIRECTION ( 'NONE',  ( -0.6546536707035496283, -0.6546536707035314206, 0.3779644730245961259 ) ) ;
#4236 = AXIS2_PLACEMENT_3D ( 'NONE', #6409, #7086, #6996 ) ;
#4237 = EDGE_CURVE ( 'NONE', #9333, #2249, #6985, .T. ) ;
#4238 = ORIENTED_EDGE ( 'NONE', *, *, #923, .F. ) ;
#4239 = CARTESIAN_POINT ( 'NONE',  ( -15.03677607136143912, 29.59999999999999076, 63.65912589528237220 ) ) ;
#4240 = ORIENTED_EDGE ( 'NONE', *, *, #5908, .T. ) ;
#4241 = LINE ( 'NONE', #1402, #1820 ) ;
#4242 = AXIS2_PLACEMENT_3D ( 'NONE', #3739, #2395, #4464 ) ;
#4243 = EDGE_LOOP ( 'NONE', ( #5781, #9014, #3597, #7427 ) ) ;
#4244 = CARTESIAN_POINT ( 'NONE',  ( -26.59676165661656100, 29.59999999999999432, 64.48240685081077572 ) ) ;
#4245 = CARTESIAN_POINT ( 'NONE',  ( -22.96352540806260123, 28.99999999999999289, 64.01876305914380794 ) ) ;
#4246 = CARTESIAN_POINT ( 'NONE',  ( -26.59663398346997809, 29.59999999999999432, 64.37813097199820334 ) ) ;
#4247 = FACE_OUTER_BOUND ( 'NONE', #5118, .T. ) ;
#4248 = VERTEX_POINT ( 'NONE', #2644 ) ;
#4249 = ORIENTED_EDGE ( 'NONE', *, *, #841, .T. ) ;
#4250 = EDGE_CURVE ( 'NONE', #2959, #6937, #9246, .T. ) ;
#4251 = B_SPLINE_SURFACE_WITH_KNOTS ( 'NONE', 3, 1, ( 
 ( #1443, #8002 ),
 ( #2021, #7224 ),
 ( #3563, #5053 ),
 ( #5004, #2212 ),
 ( #1395, #4285 ),
 ( #659, #5728 ),
 ( #6453, #5873 ),
 ( #3607, #4424 ),
 ( #7320, #4234 ),
 ( #616, #7171 ),
 ( #8667, #5776 ) ),
 .UNSPECIFIED., .F., .F., .F.,
 ( 4, 1, 1, 1, 1, 1, 1, 1, 4 ),
 ( 2, 2 ),
 ( 0.000000000000000000, 0.1191872499897267540, 0.2364492136138232892, 0.3526964175350921771, 0.4691294060866679216, 0.5898117834426045425, 0.7176139690473988253, 0.8546066610398606045, 1.000000000000000000 ),
 ( 0.000000000000000000, 1.000000000000000000 ),
 .UNSPECIFIED. ) ;
#4252 = CARTESIAN_POINT ( 'NONE',  ( -22.07162095834970472, 29.59999999999999076, 63.35262999331450828 ) ) ;
#4253 = CARTESIAN_POINT ( 'NONE',  ( -15.60595329267797737, 29.59999999999999432, 62.90818613606688814 ) ) ;
#4254 = CARTESIAN_POINT ( 'NONE',  ( -20.53535440066662332, 28.99999999999999289, 63.52870578933036683 ) ) ;
#4255 = LINE ( 'NONE', #586, #517 ) ;
#4256 = CARTESIAN_POINT ( 'NONE',  ( -22.61917444652413778, 29.00000000000001066, 62.15818613606689524 ) ) ;
#4257 = DIRECTION ( 'NONE',  ( 1.418996708365486154E-16, -1.000000000000000000, -0.000000000000000000 ) ) ;
#4258 = CARTESIAN_POINT ( 'NONE',  ( -21.32207603832620535, 28.99999999999999645, 65.83850817306101533 ) ) ;
#4259 = CARTESIAN_POINT ( 'NONE',  ( -2.000000000000000000, 0.5000000000000419664, 0.5000000000000281997 ) ) ;
#4260 = EDGE_CURVE ( 'NONE', #1826, #7867, #5441, .T. ) ;
#4261 = CARTESIAN_POINT ( 'NONE',  ( -26.59663398346997809, 28.99999999999999289, 64.37813097199820334 ) ) ;
#4262 = EDGE_CURVE ( 'NONE', #6789, #4462, #1193, .T. ) ;
#4263 = ORIENTED_EDGE ( 'NONE', *, *, #1021, .F. ) ;
#4264 = CARTESIAN_POINT ( 'NONE',  ( -27.90993789957805049, 29.00000000000000000, 62.16203522071355536 ) ) ;
#4265 = CARTESIAN_POINT ( 'NONE',  ( -29.00026754291774012, 29.60000000000000142, 66.36764886308381506 ) ) ;
#4266 = ADVANCED_FACE ( 'NONE', ( #2600 ), #7414, .T. ) ;
#4267 = CARTESIAN_POINT ( 'NONE',  ( -19.34164752947147647, 28.99999999999998934, 64.21528985257820921 ) ) ;
#4268 = LINE ( 'NONE', #2200, #579 ) ;
#4269 = FACE_OUTER_BOUND ( 'NONE', #4338, .T. ) ;
#4270 = CARTESIAN_POINT ( 'NONE',  ( -4.186040289678188556E-15, 29.50000000000002487, 73.00000000000000000 ) ) ;
#4271 = CARTESIAN_POINT ( 'NONE',  ( -22.28436262534599166, 29.59999999999998721, 62.99543834603618819 ) ) ;
#4272 = ORIENTED_EDGE ( 'NONE', *, *, #3061, .F. ) ;
#4273 = ORIENTED_EDGE ( 'NONE', *, *, #5120, .T. ) ;
#4274 = VECTOR ( 'NONE', #1140, 1000.000000000000000 ) ;
#4275 = DIRECTION ( 'NONE',  ( -1.000000000000000000, 0.000000000000000000, 0.000000000000000000 ) ) ;
#4276 = EDGE_LOOP ( 'NONE', ( #8910, #8004, #664, #172 ) ) ;
#4277 = VECTOR ( 'NONE', #6007, 1000.000000000000000 ) ;
#4278 = CARTESIAN_POINT ( 'NONE',  ( -10.84787956770602158, 29.60000000000001208, 66.00964228596721739 ) ) ;
#4279 = ORIENTED_EDGE ( 'NONE', *, *, #5616, .F. ) ;
#4280 = CARTESIAN_POINT ( 'NONE',  ( -23.13267557026172838, 28.99999999999998934, 63.54180619720351331 ) ) ;
#4281 = DIRECTION ( 'NONE',  ( 1.000000000000000000, 0.000000000000000000, 0.000000000000000000 ) ) ;
#4282 = CARTESIAN_POINT ( 'NONE',  ( -20.10234752344721088, 29.59999999999999432, 64.51095055914380794 ) ) ;
#4283 = DIRECTION ( 'NONE',  ( 0.7071067811865573427, -0.7071067811865378028, 0.000000000000000000 ) ) ;
#4284 = FACE_OUTER_BOUND ( 'NONE', #8016, .T. ) ;
#4285 = CARTESIAN_POINT ( 'NONE',  ( -23.94394995037343321, 28.99999999999999645, 63.81306182907632518 ) ) ;
#4286 = CARTESIAN_POINT ( 'NONE',  ( -2.000000000000000000, 0.000000000000000000, 21.30000000000002558 ) ) ;
#4287 = VECTOR ( 'NONE', #3520, 999.9999999999998863 ) ;
#4288 = ORIENTED_EDGE ( 'NONE', *, *, #2321, .F. ) ;
#4289 = VECTOR ( 'NONE', #2060, 1000.000000000000000 ) ;
#4290 = CARTESIAN_POINT ( 'NONE',  ( -29.24926840417379381, 29.59999999999998010, 62.85177120494134329 ) ) ;
#4291 = ORIENTED_EDGE ( 'NONE', *, *, #6147, .F. ) ;
#4292 = EDGE_CURVE ( 'NONE', #8232, #1732, #2551, .T. ) ;
#4293 = DIRECTION ( 'NONE',  ( 1.418996708365486154E-16, -1.000000000000000000, -0.000000000000000000 ) ) ;
#4294 = EDGE_LOOP ( 'NONE', ( #5497, #6293, #4993, #2097 ) ) ;
#4295 = CARTESIAN_POINT ( 'NONE',  ( -26.59633790806259057, 28.99999999999999289, 64.42982075145150134 ) ) ;
#4296 = CARTESIAN_POINT ( 'NONE',  ( -22.35217432425999817, 29.59999999999999076, 65.75380239408755756 ) ) ;
#4297 = AXIS2_PLACEMENT_3D ( 'NONE', #8479, #7120, #6266 ) ;
#4298 = CARTESIAN_POINT ( 'NONE',  ( -29.28932644231577953, 28.99999999999998224, 65.93683472907375176 ) ) ;
#4299 = VECTOR ( 'NONE', #741, 1000.000000000000000 ) ;
#4300 = CARTESIAN_POINT ( 'NONE',  ( -15.65922206393483052, 29.59999999999999432, 66.71458132671686769 ) ) ;
#4301 = DATE_AND_TIME ( #6413, #303 ) ;
#4302 = VERTEX_POINT ( 'NONE', #3415 ) ;
#4303 = EDGE_LOOP ( 'NONE', ( #5661, #4584, #121, #3911 ) ) ;
#4304 = CARTESIAN_POINT ( 'NONE',  ( -42.17326098498567433, 29.59999999999999076, 64.98510921298996834 ) ) ;
#4305 = VECTOR ( 'NONE', #44, 1000.000000000000000 ) ;
#4306 = ADVANCED_FACE ( 'NONE', ( #4137 ), #7165, .T. ) ;
#4307 = CARTESIAN_POINT ( 'NONE',  ( -18.94151982282762248, 28.99999999999998579, 65.67168491100733263 ) ) ;
#4308 = DIRECTION ( 'NONE',  ( -0.4999999999999955591, -0.4999999999999900635, -0.7071067811865576758 ) ) ;
#4309 = CARTESIAN_POINT ( 'NONE',  ( -13.61446567160639987, 28.99999999999998934, 63.43139590477776579 ) ) ;
#4310 = DIRECTION ( 'NONE',  ( 1.000000000000000000, 1.418996708365486401E-16, 0.000000000000000000 ) ) ;
#4311 = CARTESIAN_POINT ( 'NONE',  ( -12.60509503775810636, 28.99999999999998934, 63.97553209429965193 ) ) ;
#4312 = DIRECTION ( 'NONE',  ( -1.000000000000000000, -1.418996708365486401E-16, 0.000000000000000000 ) ) ;
#4313 = CARTESIAN_POINT ( 'NONE',  ( -11.65602897422337136, 29.60000000000000142, 63.57040566043745144 ) ) ;
#4314 = DIRECTION ( 'NONE',  ( 1.000000000000000000, 0.000000000000000000, 0.000000000000000000 ) ) ;
#4315 = VERTEX_POINT ( 'NONE', #611 ) ;
#4316 = CARTESIAN_POINT ( 'NONE',  ( -22.68072844987662151, 28.99999999999998934, 65.37448389340197252 ) ) ;
#4317 = CARTESIAN_POINT ( 'NONE',  ( -17.07680425494815069, 29.59999999999999076, 64.38684520668053324 ) ) ;
#4318 = CARTESIAN_POINT ( 'NONE',  ( -19.48926347110829838, 29.59999999999999432, 64.03664153671326176 ) ) ;
#4319 = CARTESIAN_POINT ( 'NONE',  ( -35.82710713883183473, 29.59999999999999432, 64.17741690529766174 ) ) ;
#4320 = CARTESIAN_POINT ( 'NONE',  ( -2.000000000000000000, 0.000000000000000000, 73.00000000000000000 ) ) ;
#4321 = CARTESIAN_POINT ( 'NONE',  ( -36.68091088798203714, 29.59999999999998721, 63.68316958132988503 ) ) ;
#4322 = CARTESIAN_POINT ( 'NONE',  ( -22.05660283836218483, 29.59999999999999432, 63.42914323233811302 ) ) ;
#4323 = VERTEX_POINT ( 'NONE', #6494 ) ;
#4324 = ADVANCED_FACE ( 'NONE', ( #2734 ), #6032, .T. ) ;
#4325 = ORIENTED_EDGE ( 'NONE', *, *, #251, .T. ) ;
#4326 = ORIENTED_EDGE ( 'NONE', *, *, #1291, .F. ) ;
#4327 = CARTESIAN_POINT ( 'NONE',  ( -16.19249578133764089, 28.99999999999998934, 62.27097084193193410 ) ) ;
#4328 = DIRECTION ( 'NONE',  ( 0.7071067811865573427, 0.7071067811865378028, 0.000000000000000000 ) ) ;
#4329 = FACE_OUTER_BOUND ( 'NONE', #7133, .T. ) ;
#4330 = CARTESIAN_POINT ( 'NONE',  ( -102.2999999999999687, 28.99999999999998579, 55.24999999999996447 ) ) ;
#4331 = CARTESIAN_POINT ( 'NONE',  ( -5.000000000000000000, 28.99999999999999645, 73.00000000000000000 ) ) ;
#4332 = FACE_OUTER_BOUND ( 'NONE', #4074, .T. ) ;
#4333 = CARTESIAN_POINT ( 'NONE',  ( -19.02454562222785484, 28.99999999999999645, 62.91341316413078033 ) ) ;
#4334 = PLANE ( 'NONE',  #442 ) ;
#4335 = CARTESIAN_POINT ( 'NONE',  ( -17.99922362691519595, 29.00000000000000711, 62.65746189122120313 ) ) ;
#4336 = ORIENTED_EDGE ( 'NONE', *, *, #5711, .T. ) ;
#4337 = CARTESIAN_POINT ( 'NONE',  ( -29.09693886960105047, 29.59999999999999432, 62.62062603991304144 ) ) ;
#4338 = EDGE_LOOP ( 'NONE', ( #82, #7990, #6736, #94, #6739, #9034, #6969, #5047, #3615, #4911 ) ) ;
#4339 = CARTESIAN_POINT ( 'NONE',  ( -10.93746065371080789, 29.59999999999998366, 65.83850817306097269 ) ) ;
#4340 = ORIENTED_EDGE ( 'NONE', *, *, #7394, .T. ) ;
#4341 = CARTESIAN_POINT ( 'NONE',  ( -27.55817685037028042, 28.99999999999999289, 63.34989286683612164 ) ) ;
#4342 = ADVANCED_FACE ( 'NONE', ( #4329 ), #8568, .T. ) ;
#4343 = CARTESIAN_POINT ( 'NONE',  ( -11.20082145516103012, 28.99999999999998934, 65.46604350304562558 ) ) ;
#4344 = CARTESIAN_POINT ( 'NONE',  ( -26.59663398346997809, 28.99999999999998934, 64.37813097199820334 ) ) ;
#4345 = CARTESIAN_POINT ( 'NONE',  ( -12.23654692951668288, 28.99999999999999645, 65.43089587304915256 ) ) ;
#4346 = CARTESIAN_POINT ( 'NONE',  ( -20.53864560037029108, 29.59999999999999432, 65.79280152068227494 ) ) ;
#4347 = ORIENTED_EDGE ( 'NONE', *, *, #71, .T. ) ;
#4348 = ORIENTED_EDGE ( 'NONE', *, *, #7225, .T. ) ;
#4349 = CARTESIAN_POINT ( 'NONE',  ( -27.52521279986495983, 29.59999999999999787, 65.40564930723074610 ) ) ;
#4350 = CARTESIAN_POINT ( 'NONE',  ( -14.24406867885947570, 28.99999999999998934, 63.34674328390536857 ) ) ;
#4351 = CARTESIAN_POINT ( 'NONE',  ( -17.04971018510526548, 28.99999999999998934, 65.02582819320579688 ) ) ;
#4352 = FACE_OUTER_BOUND ( 'NONE', #2609, .T. ) ;
#4353 = CARTESIAN_POINT ( 'NONE',  ( -15.44488309853125152, 29.59999999999998721, 62.93076356351276246 ) ) ;
#4354 = CARTESIAN_POINT ( 'NONE',  ( -0.4999999999881770130, -3.599999999999933920, 31.19999999999998863 ) ) ;
#4355 = FACE_OUTER_BOUND ( 'NONE', #3902, .T. ) ;
#4356 = CARTESIAN_POINT ( 'NONE',  ( -12.56618654803136970, 28.99999999999998934, 64.03664153671326176 ) ) ;
#4357 = EDGE_CURVE ( 'NONE', #7528, #8196, #8662, .T. ) ;
#4358 = CARTESIAN_POINT ( 'NONE',  ( -20.17173788236461718, 29.00000000000000355, 62.50708212844771339 ) ) ;
#4359 = ORIENTED_EDGE ( 'NONE', *, *, #4765, .F. ) ;
#4360 = CARTESIAN_POINT ( 'NONE',  ( -27.46168178026065121, 28.99999999999998579, 64.50013890536673955 ) ) ;
#4361 = CARTESIAN_POINT ( 'NONE',  ( -27.90993789957805049, 29.00000000000000711, 62.16203522071355536 ) ) ;
#4362 = CARTESIAN_POINT ( 'NONE',  ( -16.21121092438251665, 29.59999999999999076, 64.37753776437594411 ) ) ;
#4363 = DIRECTION ( 'NONE',  ( -1.000000000000000000, -1.418996708365486401E-16, 0.000000000000000000 ) ) ;
#4364 = CARTESIAN_POINT ( 'NONE',  ( -22.09029445940577219, 28.99999999999999289, 63.28251742388034273 ) ) ;
#4365 = CARTESIAN_POINT ( 'NONE',  ( -19.20995850811557304, 29.59999999999999787, 62.15919151790433261 ) ) ;
#4366 = CARTESIAN_POINT ( 'NONE',  ( -22.11384988612834590, 29.60000000000000142, 63.21927767107736429 ) ) ;
#4367 = ORIENTED_EDGE ( 'NONE', *, *, #702, .T. ) ;
#4368 = ORIENTED_EDGE ( 'NONE', *, *, #4260, .F. ) ;
#4369 = VERTEX_POINT ( 'NONE', #4229 ) ;
#4370 = CARTESIAN_POINT ( 'NONE',  ( -16.63540040806259412, 29.59999999999999787, 62.62062603991305565 ) ) ;
#4371 = DIRECTION ( 'NONE',  ( 0.000000000000000000, 0.000000000000000000, -1.000000000000000000 ) ) ;
#4372 = CARTESIAN_POINT ( 'NONE',  ( -23.66904229294084061, 28.99999999999998934, 64.36983560347518107 ) ) ;
#4373 = PRODUCT_DEFINITION ( 'UNKNOWN', '', #9542, #287 ) ;
#4374 = PLANE ( 'NONE',  #8990 ) ;
#4375 = CARTESIAN_POINT ( 'NONE',  ( -103.6999999999999886, 28.99999999999998579, 34.75000000000000000 ) ) ;
#4376 = CARTESIAN_POINT ( 'NONE',  ( -18.75517899763137919, 29.00000000000001776, 63.05376029987498754 ) ) ;
#4377 = CARTESIAN_POINT ( 'NONE',  ( -10.78864560037028397, 29.59999999999999787, 63.51575825145150134 ) ) ;
#4378 = CARTESIAN_POINT ( 'NONE',  ( -19.01539278505751085, 28.99999999999999645, 62.16006389001608312 ) ) ;
#4379 = EDGE_CURVE ( 'NONE', #9534, #6233, #6448, .T. ) ;
#4380 = VECTOR ( 'NONE', #994, 1000.000000000000000 ) ;
#4381 = VERTEX_POINT ( 'NONE', #1965 ) ;
#4382 = CARTESIAN_POINT ( 'NONE',  ( -29.15187485768573339, 29.59999999999998366, 62.69207977723232972 ) ) ;
#4383 = VERTEX_POINT ( 'NONE', #1389 ) ;
#4384 = DIRECTION ( 'NONE',  ( 1.000000000000000000, 0.000000000000000000, 0.000000000000000000 ) ) ;
#4385 = EDGE_CURVE ( 'NONE', #6460, #1403, #972, .T. ) ;
#4386 = ORIENTED_EDGE ( 'NONE', *, *, #5128, .F. ) ;
#4387 = CARTESIAN_POINT ( 'NONE',  ( -18.85777704872552363, 29.59999999999999076, 64.70237932490228161 ) ) ;
#4388 = VECTOR ( 'NONE', #9238, 999.9999999999998863 ) ;
#4389 = CARTESIAN_POINT ( 'NONE',  ( -22.86910526143124756, 28.99999999999999289, 64.14053963481318021 ) ) ;
#4390 = CARTESIAN_POINT ( 'NONE',  ( -32.59633790806259412, 29.59999999999999432, 64.98510921298996834 ) ) ;
#4391 = CARTESIAN_POINT ( 'NONE',  ( -3.353553390593293493, 30.64644660940670562, 73.00000000000000000 ) ) ;
#4392 = EDGE_CURVE ( 'NONE', #8283, #6626, #2881, .T. ) ;
#4393 = CARTESIAN_POINT ( 'NONE',  ( -0.5000000000000419664, 0.5000000000000419664, 0.000000000000000000 ) ) ;
#4394 = ORIENTED_EDGE ( 'NONE', *, *, #6807, .F. ) ;
#4395 = EDGE_LOOP ( 'NONE', ( #9061, #919, #3831, #4781 ) ) ;
#4396 = EDGE_CURVE ( 'NONE', #5752, #4621, #5048, .T. ) ;
#4397 = VECTOR ( 'NONE', #3916, 1000.000000000000114 ) ;
#4398 = CARTESIAN_POINT ( 'NONE',  ( -27.90670862976487498, 29.60000000000000142, 65.94536505910583912 ) ) ;
#4399 = CARTESIAN_POINT ( 'NONE',  ( -14.30781238697210433, 28.99999999999998934, 63.13112843702117516 ) ) ;
#4400 = CARTESIAN_POINT ( 'NONE',  ( -23.99908105622178311, 29.59999999999999076, 63.43139590477775158 ) ) ;
#4401 = CARTESIAN_POINT ( 'NONE',  ( -23.99781626077194119, 29.59999999999999432, 63.25549540441327423 ) ) ;
#4402 = CARTESIAN_POINT ( 'NONE',  ( -15.44650406984059643, 29.59999999999998721, 66.71129150193090140 ) ) ;
#4403 = CARTESIAN_POINT ( 'NONE',  ( -28.67326098498566722, 28.99999999999999645, 64.43883517452844956 ) ) ;
#4404 = CARTESIAN_POINT ( 'NONE',  ( -22.21906279808875340, 29.60000000000000142, 64.79893559641131162 ) ) ;
#4405 = CARTESIAN_POINT ( 'NONE',  ( -28.56420996787485933, 29.59999999999999432, 65.56268862912200746 ) ) ;
#4406 = B_SPLINE_CURVE_WITH_KNOTS ( 'NONE', 3,
 ( #1244, #4096, #9393, #4953, #2605, #1288, #9251, #5543, #3327, #7898, #7172, #1883, #5005, #2070, #7079, #7759, #7950, #5729, #563 ),
 .UNSPECIFIED., .F., .F.,
 ( 4, 1, 1, 1, 1, 1, 1, 1, 1, 1, 1, 1, 1, 1, 1, 1, 4 ),
 ( 0.000000000000000000, 0.08177573335282949107, 0.1602886146100739873, 0.2360338448589274218, 0.3091237293736656122, 0.3795374562276578323, 0.4473852349956581875, 0.5123670317874755575, 0.5748619756979423956, 0.6349345054528098276, 0.6929351702019227455, 0.7487031023589358902, 0.8026982310377036578, 0.8542767345730971629, 0.9042269110904047613, 0.9527339484092576249, 1.000000000000000000 ),
 .UNSPECIFIED. ) ;
#4407 = EDGE_LOOP ( 'NONE', ( #7707, #7251, #3891 ) ) ;
#4408 = CARTESIAN_POINT ( 'NONE',  ( -36.80611617504575150, 28.99999999999998579, 63.57371080010598519 ) ) ;
#4409 = CARTESIAN_POINT ( 'NONE',  ( -27.35662454631980012, 28.99999999999999645, 62.33407319236052047 ) ) ;
#4410 = FACE_OUTER_BOUND ( 'NONE', #6838, .T. ) ;
#4411 = CARTESIAN_POINT ( 'NONE',  ( -27.55251316909659209, 29.59999999999998721, 65.50773520534546890 ) ) ;
#4412 = LINE ( 'NONE', #3782, #2699 ) ;
#4413 = FACE_OUTER_BOUND ( 'NONE', #1685, .T. ) ;
#4414 = ORIENTED_EDGE ( 'NONE', *, *, #198, .T. ) ;
#4415 = B_SPLINE_SURFACE_WITH_KNOTS ( 'NONE', 3, 1, ( 
 ( #3256, #6192 ),
 ( #5190, #354 ),
 ( #4740, #5240 ),
 ( #9126, #754 ),
 ( #8405, #8086 ),
 ( #5464, #2208 ),
 ( #1806, #3021 ),
 ( #7691, #1083 ),
 ( #3977, #4024 ),
 ( #1574, #3699 ),
 ( #849, #6962 ),
 ( #6919, #8899 ),
 ( #309, #3791 ),
 ( #4420, #75 ),
 ( #5958, #4513 ),
 ( #7408, #3298 ),
 ( #7453, #6681 ),
 ( #126, #8132 ),
 ( #8852, #6240 ) ),
 .UNSPECIFIED., .F., .F., .F.,
 ( 4, 1, 1, 1, 1, 1, 1, 1, 1, 1, 1, 1, 1, 1, 1, 1, 4 ),
 ( 2, 2 ),
 ( 0.000000000000000000, 0.1007136201660554509, 0.1930511193549709903, 0.2775611057809596605, 0.3537464755767955049, 0.4222226836536438488, 0.4824767800578444454, 0.5347592587826174304, 0.5795392816068455355, 0.6554201458977417794, 0.7207732443037033754, 0.7762271871689976344, 0.8240623039573374831, 0.8681761201529936134, 0.9113546535175864882, 0.9549432699730828755, 1.000000000000000000 ),
 ( 0.000000000000000000, 1.000000000000000000 ),
 .UNSPECIFIED. ) ;
#4416 = EDGE_LOOP ( 'NONE', ( #651, #5352, #6947, #9426 ) ) ;
#4417 = EDGE_CURVE ( 'NONE', #2768, #9534, #3602, .T. ) ;
#4418 = CARTESIAN_POINT ( 'NONE',  ( -28.06749175421643727, 29.59999999999999432, 62.15818613606688814 ) ) ;
#4419 = EDGE_LOOP ( 'NONE', ( #7708, #3096, #9189, #566, #6051, #9098, #6633, #2075 ) ) ;
#4420 = CARTESIAN_POINT ( 'NONE',  ( -28.37222740454438963, 29.59999999999999787, 63.00352767674853283 ) ) ;
#4421 = LINE ( 'NONE', #32, #3155 ) ;
#4422 = DIRECTION ( 'NONE',  ( 0.6785983445458372287, 0.2810846377148169539, -0.6785983445458581009 ) ) ;
#4423 = CARTESIAN_POINT ( 'NONE',  ( -33.63479944652413423, 28.99999999999999289, 64.69664767452843535 ) ) ;
#4424 = CARTESIAN_POINT ( 'NONE',  ( -23.76027108527276965, 29.00000000000000000, 64.22769580576583337 ) ) ;
#4425 = PLANE ( 'NONE',  #2756 ) ;
#4426 = ADVANCED_FACE ( 'NONE', ( #9386 ), #6351, .T. ) ;
#4427 = ORIENTED_EDGE ( 'NONE', *, *, #88, .T. ) ;
#4428 = VERTEX_POINT ( 'NONE', #9077 ) ;
#4429 = VECTOR ( 'NONE', #3727, 1000.000000000000000 ) ;
#4430 = CARTESIAN_POINT ( 'NONE',  ( -10.84787956770602158, 29.60000000000001208, 66.00964228596721739 ) ) ;
#4431 = ORIENTED_EDGE ( 'NONE', *, *, #7798, .F. ) ;
#4432 = CARTESIAN_POINT ( 'NONE',  ( -27.55030954451450498, 29.59999999999998721, 63.37895490024525458 ) ) ;
#4433 = ADVANCED_FACE ( 'NONE', ( #1609 ), #8164, .T. ) ;
#4434 = CARTESIAN_POINT ( 'NONE',  ( -0.5000000000000281997, 27.79289321881344321, 73.00000000000000000 ) ) ;
#4435 = AXIS2_PLACEMENT_3D ( 'NONE', #6451, #4904, #8522 ) ;
#4436 = CARTESIAN_POINT ( 'NONE',  ( -29.24616931277467913, 28.99999999999998579, 66.02583594461079031 ) ) ;
#4437 = EDGE_CURVE ( 'NONE', #1383, #7288, #2429, .T. ) ;
#4438 = DIRECTION ( 'NONE',  ( 0.000000000000000000, 0.000000000000000000, -1.000000000000000000 ) ) ;
#4439 = PLANE ( 'NONE',  #7214 ) ;
#4440 = VECTOR ( 'NONE', #3441, 1000.000000000000000 ) ;
#4441 = ORIENTED_EDGE ( 'NONE', *, *, #4385, .F. ) ;
#4442 = ORIENTED_EDGE ( 'NONE', *, *, #2151, .F. ) ;
#4443 = CARTESIAN_POINT ( 'NONE',  ( -30.70150617729335707, 28.99999999999999289, 64.98510921298996834 ) ) ;
#4444 = LINE ( 'NONE', #6658, #6740 ) ;
#4445 = ADVANCED_FACE ( 'NONE', ( #1563 ), #4602, .T. ) ;
#4446 = VECTOR ( 'NONE', #7447, 1000.000000000000000 ) ;
#4447 = CARTESIAN_POINT ( 'NONE',  ( -14.13509552193151819, 29.59999999999999787, 64.37813097199821755 ) ) ;
#4448 = VECTOR ( 'NONE', #2183, 1000.000000000000114 ) ;
#4449 = CARTESIAN_POINT ( 'NONE',  ( -23.56388598498567433, 29.59999999999999432, 64.51095055914380794 ) ) ;
#4450 = CARTESIAN_POINT ( 'NONE',  ( -23.63327634390308063, 29.59999999999999432, 62.50708212844769207 ) ) ;
#4451 = CARTESIAN_POINT ( 'NONE',  ( -4.999999999999990230, 2.428612866367529932E-14, 20.79999999999999716 ) ) ;
#4452 = CARTESIAN_POINT ( 'NONE',  ( -98.29999999999996874, 29.50000000000001066, 73.00000000000000000 ) ) ;
#4453 = CARTESIAN_POINT ( 'NONE',  ( -26.62062131416913147, 28.99999999999999289, 65.02136725860025024 ) ) ;
#4454 = LINE ( 'NONE', #8115, #7671 ) ;
#4455 = EDGE_LOOP ( 'NONE', ( #4477, #2630, #3413 ) ) ;
#4456 = CARTESIAN_POINT ( 'NONE',  ( -16.13993018692606540, 29.59999999999999432, 65.43292503068569488 ) ) ;
#4457 = LINE ( 'NONE', #210, #4531 ) ;
#4458 = CARTESIAN_POINT ( 'NONE',  ( -14.61140621875770584, 29.59999999999999787, 62.57863721179622729 ) ) ;
#4459 = CARTESIAN_POINT ( 'NONE',  ( -14.16226193326068916, 29.59999999999999076, 63.84523698884252241 ) ) ;
#4460 = CARTESIAN_POINT ( 'NONE',  ( -23.13024440429339279, 28.99999999999998934, 63.36872890603534358 ) ) ;
#4461 = CARTESIAN_POINT ( 'NONE',  ( -15.30112086775648983, 29.60000000000000853, 65.87175899687416347 ) ) ;
#4462 = VERTEX_POINT ( 'NONE', #6916 ) ;
#4463 = ORIENTED_EDGE ( 'NONE', *, *, #2296, .F. ) ;
#4464 = DIRECTION ( 'NONE',  ( 0.000000000000000000, 0.000000000000000000, -1.000000000000000000 ) ) ;
#4465 = CARTESIAN_POINT ( 'NONE',  ( -12.25606935786188245, 28.99999999999998934, 62.91004914530152803 ) ) ;
#4466 = LINE ( 'NONE', #3741, #3366 ) ;
#4467 = CARTESIAN_POINT ( 'NONE',  ( -23.55021163491750968, 29.59999999999999787, 64.52820154558349941 ) ) ;
#4468 = LINE ( 'NONE', #5774, #889 ) ;
#4469 = LINE ( 'NONE', #8277, #3763 ) ;
#4470 = CARTESIAN_POINT ( 'NONE',  ( -29.40026471190479640, 28.99999999999998934, 63.23950083977688053 ) ) ;
#4471 = FACE_OUTER_BOUND ( 'NONE', #2683, .T. ) ;
#4472 = EDGE_CURVE ( 'NONE', #5305, #7080, #9490, .T. ) ;
#4473 = ORIENTED_EDGE ( 'NONE', *, *, #5853, .F. ) ;
#4474 = EDGE_CURVE ( 'NONE', #5907, #5602, #6189, .T. ) ;
#4475 = EDGE_LOOP ( 'NONE', ( #3636, #8919, #7230, #2319 ) ) ;
#4476 = CARTESIAN_POINT ( 'NONE',  ( -17.80846246134569100, 29.59999999999998721, 63.03125137803056077 ) ) ;
#4477 = ORIENTED_EDGE ( 'NONE', *, *, #3892, .F. ) ;
#4478 = DIRECTION ( 'NONE',  ( -0.5659711471271449135, 0.000000000000000000, -0.8244250485153782337 ) ) ;
#4479 = CARTESIAN_POINT ( 'NONE',  ( -16.10267150633640298, 29.59999999999999432, 65.56268862912200746 ) ) ;
#4480 = CARTESIAN_POINT ( 'NONE',  ( -11.83210207455443630, 29.00000000000000355, 63.05376029987495912 ) ) ;
#4481 = CARTESIAN_POINT ( 'NONE',  ( -12.89056211176255573, 29.59999999999999432, 64.82472394247854197 ) ) ;
#4482 = PLANE ( 'NONE',  #1525 ) ;
#4483 = VERTEX_POINT ( 'NONE', #3881 ) ;
#4484 = ORIENTED_EDGE ( 'NONE', *, *, #7225, .F. ) ;
#4485 = LINE ( 'NONE', #5213, #5057 ) ;
#4486 = B_SPLINE_SURFACE_WITH_KNOTS ( 'NONE', 3, 1, ( 
 ( #3437, #5604 ),
 ( #4203, #7599 ),
 ( #6417, #6103 ),
 ( #9360, #7138 ),
 ( #8543, #9037 ),
 ( #8321, #4162 ),
 ( #1721, #2757 ),
 ( #4656, #6370 ),
 ( #531, #3483 ),
 ( #5699, #992 ),
 ( #3343, #6284 ),
 ( #1943, #2708 ),
 ( #8639, #5561 ),
 ( #1897, #4827 ),
 ( #7775, #1170 ),
 ( #6330, #4110 ),
 ( #7049, #3394 ),
 ( #4875, #5651 ),
 ( #8590, #4307 ),
 ( #680, #2857 ),
 ( #1360, #5937 ) ),
 .UNSPECIFIED., .F., .F., .F.,
 ( 4, 1, 1, 1, 1, 1, 1, 1, 1, 1, 1, 1, 1, 1, 1, 1, 1, 1, 4 ),
 ( 2, 2 ),
 ( 0.000000000000000000, 0.03697589911787044215, 0.07919380565197135791, 0.1263611040582890144, 0.1791959260290005296, 0.2370233567260342233, 0.3005781796994436150, 0.3688032070373757909, 0.4427636198457211569, 0.5160455776874043332, 0.5825014191568234079, 0.6417953814615287023, 0.6946446714591538729, 0.7407048907381672542, 0.7796151080458147975, 0.8121003791382503945, 0.8378410910526378208, 0.9229877051599602034, 0.9999999999999998890 ),
 ( 0.000000000000000000, 1.000000000000000000 ),
 .UNSPECIFIED. ) ;
#4487 = CARTESIAN_POINT ( 'NONE',  ( -27.13472108392920390, 29.59999999999999076, 62.50642618244722826 ) ) ;
#4488 = CARTESIAN_POINT ( 'NONE',  ( -23.19385633304365868, 29.59999999999999076, 62.24291216561616125 ) ) ;
#4489 = LINE ( 'NONE', #4588, #3230 ) ;
#4490 = CARTESIAN_POINT ( 'NONE',  ( -42.17326098498567433, 29.59999999999999076, 65.73510921298995413 ) ) ;
#4491 = DIRECTION ( 'NONE',  ( 4.044693150446216097E-15, 0.8660254037844379305, 0.5000000000000011102 ) ) ;
#4492 = CC_DESIGN_PERSON_AND_ORGANIZATION_ASSIGNMENT ( #1167, #3339, ( #2024 ) ) ;
#4493 = CARTESIAN_POINT ( 'NONE',  ( -12.43912793510230763, 29.00000000000000000, 62.94188646835033296 ) ) ;
#4494 = CARTESIAN_POINT ( 'NONE',  ( -36.95019253944585813, 28.99999999999999289, 62.45677245682414025 ) ) ;
#4495 = ORIENTED_EDGE ( 'NONE', *, *, #8924, .F. ) ;
#4496 = EDGE_CURVE ( 'NONE', #6233, #9000, #6771, .T. ) ;
#4497 = CARTESIAN_POINT ( 'NONE',  ( -20.51671492596465640, 29.00000000000000711, 63.13261268622176203 ) ) ;
#4498 = VERTEX_POINT ( 'NONE', #6866 ) ;
#4499 = CARTESIAN_POINT ( 'NONE',  ( -29.53176486567676307, 28.99999999999998934, 64.74267555361755910 ) ) ;
#4500 = CARTESIAN_POINT ( 'NONE',  ( -16.19952404923272837, 28.99999999999998934, 63.93728163750603244 ) ) ;
#4501 = PLANE ( 'NONE',  #5611 ) ;
#4502 = FACE_OUTER_BOUND ( 'NONE', #7858, .T. ) ;
#4503 = DIRECTION ( 'NONE',  ( -0.5659711471271449135, 0.000000000000000000, -0.8244250485153782337 ) ) ;
#4504 = LINE ( 'NONE', #6720, #5458 ) ;
#4505 = CARTESIAN_POINT ( 'NONE',  ( -3.500000000000086153, -6.599999999999931255, 20.79999999999999716 ) ) ;
#4506 = B_SPLINE_CURVE_WITH_KNOTS ( 'NONE', 3,
 ( #2812, #9414, #1822, #687, #5028, #7706, #6476, #4209, #9514, #8027, #1097, #4038, #3540, #4313, #3585 ),
 .UNSPECIFIED., .F., .F.,
 ( 4, 1, 1, 1, 1, 1, 1, 1, 1, 1, 1, 1, 4 ),
 ( 0.000000000000000000, 0.1168789425891936518, 0.2257848828927966900, 0.3300293635824523286, 0.4347845767395983052, 0.4896303961209848565, 0.5483216779436215216, 0.6108337112498968269, 0.6777304768539423874, 0.7492316971979291473, 0.8268884690772766444, 0.9101270386610834651, 1.000000000000000000 ),
 .UNSPECIFIED. ) ;
#4507 = EDGE_CURVE ( 'NONE', #9383, #5819, #255, .T. ) ;
#4508 = ORIENTED_EDGE ( 'NONE', *, *, #8268, .F. ) ;
#4509 = EDGE_CURVE ( 'NONE', #8675, #291, #2523, .T. ) ;
#4510 = ORIENTED_EDGE ( 'NONE', *, *, #9103, .T. ) ;
#4511 = CARTESIAN_POINT ( 'NONE',  ( -12.24575426740246797, 29.59999999999998721, 64.39623799480503408 ) ) ;
#4512 = CARTESIAN_POINT ( 'NONE',  ( -12.61216787903049941, 29.00000000000000355, 63.05857560965164055 ) ) ;
#4513 = CARTESIAN_POINT ( 'NONE',  ( -28.30149456716064194, 28.99999999999998934, 62.96061004805540762 ) ) ;
#4514 = CARTESIAN_POINT ( 'NONE',  ( -23.41422897424691385, 28.99999999999999289, 64.68424159767958770 ) ) ;
#4515 = CARTESIAN_POINT ( 'NONE',  ( -17.71172252344721088, 29.59999999999999432, 63.51575825145150134 ) ) ;
#4516 = CARTESIAN_POINT ( 'NONE',  ( -16.08380198174277709, 29.00000000000000711, 63.26113956118234682 ) ) ;
#4517 = CARTESIAN_POINT ( 'NONE',  ( -21.17326098498567433, 29.59999999999999432, 63.51575825145150134 ) ) ;
#4518 = CARTESIAN_POINT ( 'NONE',  ( -11.25288658599285618, 29.60000000000000142, 62.47206177170625097 ) ) ;
#4519 = ORIENTED_EDGE ( 'NONE', *, *, #7134, .T. ) ;
#4520 = VERTEX_POINT ( 'NONE', #3777 ) ;
#4521 = CARTESIAN_POINT ( 'NONE',  ( -17.71867996340585805, 29.00000000000000355, 63.45733378054433160 ) ) ;
#4522 = ORIENTED_EDGE ( 'NONE', *, *, #2086, .T. ) ;
#4523 = CARTESIAN_POINT ( 'NONE',  ( -32.59633790806259412, 29.59999999999999432, 64.98510921298996834 ) ) ;
#4524 = EDGE_CURVE ( 'NONE', #3696, #6359, #6715, .T. ) ;
#4525 = LINE ( 'NONE', #6891, #7137 ) ;
#4526 = LINE ( 'NONE', #3860, #8082 ) ;
#4527 = CARTESIAN_POINT ( 'NONE',  ( -12.10146869915092616, 28.99999999999999289, 62.91341316413078033 ) ) ;
#4528 = CARTESIAN_POINT ( 'NONE',  ( -13.02961358963152172, 29.59999999999998721, 64.68424159767958770 ) ) ;
#4529 = VECTOR ( 'NONE', #8497, 1000.000000000000000 ) ;
#4530 = CARTESIAN_POINT ( 'NONE',  ( -104.9999999999999716, 30.49999999999994316, 55.74999999999999289 ) ) ;
#4531 = VECTOR ( 'NONE', #8212, 1000.000000000000000 ) ;
#4532 = ORIENTED_EDGE ( 'NONE', *, *, #3, .T. ) ;
#4533 = VERTEX_POINT ( 'NONE', #5998 ) ;
#4534 = LINE ( 'NONE', #3867, #895 ) ;
#4535 = ORIENTED_EDGE ( 'NONE', *, *, #9181, .T. ) ;
#4536 = CARTESIAN_POINT ( 'NONE',  ( -29.42773960512848674, 29.59999999999999787, 65.52549029073712461 ) ) ;
#4537 = VECTOR ( 'NONE', #6058, 1000.000000000000227 ) ;
#4538 = B_SPLINE_CURVE_WITH_KNOTS ( 'NONE', 3,
 ( #2692, #2508, #6402, #4769, #4095, #4812, #2648, #9250, #3282, #8524, #5491 ),
 .UNSPECIFIED., .F., .F.,
 ( 4, 1, 1, 1, 1, 1, 1, 1, 4 ),
 ( 0.000000000000000000, 0.1136384890722382662, 0.2223861812653077918, 0.3312523767958283627, 0.4413103711807804252, 0.5581281266397023488, 0.6869862659608908517, 0.8340526583991203502, 1.000000000000000000 ),
 .UNSPECIFIED. ) ;
#4539 = LINE ( 'NONE', #199, #4397 ) ;
#4540 = CARTESIAN_POINT ( 'NONE',  ( -16.68739325699755227, 28.99999999999999289, 66.18684664652660388 ) ) ;
#4541 = CARTESIAN_POINT ( 'NONE',  ( -5.000000000000000000, 28.99999999999999645, 73.00000000000000000 ) ) ;
#4542 = CARTESIAN_POINT ( 'NONE',  ( -42.17326098498567433, 29.59999999999999076, 65.73510921298995413 ) ) ;
#4543 = CARTESIAN_POINT ( 'NONE',  ( -12.33172184281126960, 29.59999999999999787, 62.91361374662000827 ) ) ;
#4544 = CARTESIAN_POINT ( 'NONE',  ( -26.59759235733204719, 28.99999999999998934, 64.58549466067833578 ) ) ;
#4545 = VECTOR ( 'NONE', #3045, 1000.000000000000000 ) ;
#4546 = ORIENTED_EDGE ( 'NONE', *, *, #4396, .T. ) ;
#4547 = EDGE_CURVE ( 'NONE', #5257, #1895, #7488, .T. ) ;
#4548 = LINE ( 'NONE', #7485, #2893 ) ;
#4549 = EDGE_LOOP ( 'NONE', ( #1960, #3624, #3094, #1720, #8054, #8286, #982, #2414, #7622 ) ) ;
#4550 = CARTESIAN_POINT ( 'NONE',  ( -29.53864560037028753, 28.99999999999999645, 64.43883517452844956 ) ) ;
#4551 = CARTESIAN_POINT ( 'NONE',  ( -16.17832495637113865, 29.59999999999999432, 63.67394964916939415 ) ) ;
#4552 = DIRECTION ( 'NONE',  ( -0.7071067811865378028, 1.980651566975070795E-14, -0.7071067811865573427 ) ) ;
#4553 = ADVANCED_FACE ( 'NONE', ( #1659 ), #6818, .T. ) ;
#4554 = CARTESIAN_POINT ( 'NONE',  ( -15.60595329267797737, 29.59999999999999432, 62.90818613606688814 ) ) ;
#4555 = DIRECTION ( 'NONE',  ( 1.000000000000000000, 0.000000000000000000, -0.000000000000000000 ) ) ;
#4556 = CARTESIAN_POINT ( 'NONE',  ( -15.03677607136143912, 28.99999999999998934, 63.65912589528237220 ) ) ;
#4557 = ORIENTED_EDGE ( 'NONE', *, *, #4437, .F. ) ;
#4558 = CARTESIAN_POINT ( 'NONE',  ( -19.10036089398977666, 29.60000000000000497, 62.90996901907805494 ) ) ;
#4559 = ORIENTED_EDGE ( 'NONE', *, *, #2389, .F. ) ;
#4560 = EDGE_CURVE ( 'NONE', #6887, #2340, #9027, .T. ) ;
#4561 = LINE ( 'NONE', #3019, #81 ) ;
#4562 = DIRECTION ( 'NONE',  ( 0.000000000000000000, -1.000000000000000000, 0.000000000000000000 ) ) ;
#4563 = CARTESIAN_POINT ( 'NONE',  ( -102.0000000000000000, 28.99999999999998579, 34.75000000000000000 ) ) ;
#4564 = CARTESIAN_POINT ( 'NONE',  ( -105.2499999999999858, 30.74999999999996447, 14.25000000000003375 ) ) ;
#4565 = CARTESIAN_POINT ( 'NONE',  ( -16.16502004077773691, 28.99999999999999289, 63.56453297040035011 ) ) ;
#4566 = CARTESIAN_POINT ( 'NONE',  ( -21.18021842494432505, 29.00000000000000355, 63.45733378054433160 ) ) ;
#4567 = CARTESIAN_POINT ( 'NONE',  ( -18.59506437682372137, 29.59999999999999432, 63.42914323233811302 ) ) ;
#4568 = B_SPLINE_SURFACE_WITH_KNOTS ( 'NONE', 3, 1, ( 
 ( #446, #1944 ),
 ( #7822, #6418 ),
 ( #4876, #4737 ),
 ( #4204, #2572 ),
 ( #490, #5562 ),
 ( #3395, #5652 ),
 ( #1898, #6331 ),
 ( #1994, #4925 ),
 ( #1261, #7139 ),
 ( #532, #9361 ),
 ( #9170, #5461 ) ),
 .UNSPECIFIED., .F., .F., .F.,
 ( 4, 1, 1, 1, 1, 1, 1, 1, 4 ),
 ( 2, 2 ),
 ( 0.000000000000000000, 0.1124239580708059627, 0.2223848576202812066, 0.3301224058542410744, 0.4412431684841658375, 0.5580749755162367487, 0.6869486147035350765, 0.8340326972108738079, 1.000000000000000000 ),
 ( 0.000000000000000000, 1.000000000000000000 ),
 .UNSPECIFIED. ) ;
#4569 = VERTEX_POINT ( 'NONE', #6237 ) ;
#4570 = ORIENTED_EDGE ( 'NONE', *, *, #3688, .F. ) ;
#4571 = EDGE_CURVE ( 'NONE', #4428, #4760, #8544, .T. ) ;
#4572 = CARTESIAN_POINT ( 'NONE',  ( -18.08234568398858144, 29.59999999999999787, 62.55793437562742554 ) ) ;
#4573 = ORIENTED_EDGE ( 'NONE', *, *, #3543, .F. ) ;
#4574 = CARTESIAN_POINT ( 'NONE',  ( -16.20598272206537871, 28.99999999999998934, 64.78864496953715957 ) ) ;
#4575 = CARTESIAN_POINT ( 'NONE',  ( -98.79999999999999716, 28.99999999999998579, 73.00000000000000000 ) ) ;
#4576 = CARTESIAN_POINT ( 'NONE',  ( -15.68767292861909368, 29.00000000000000000, 65.96213373037441841 ) ) ;
#4577 = CARTESIAN_POINT ( 'NONE',  ( -26.88878794522547722, 28.99999999999998934, 62.84821702269373134 ) ) ;
#4578 = CARTESIAN_POINT ( 'NONE',  ( -14.26174876068878916, 28.99999999999999289, 65.62536638167568981 ) ) ;
#4579 = CARTESIAN_POINT ( 'NONE',  ( -19.17914628093881291, 29.59999999999999076, 62.91004914530152803 ) ) ;
#4580 = ORIENTED_EDGE ( 'NONE', *, *, #349, .F. ) ;
#4581 = EDGE_CURVE ( 'NONE', #7383, #5877, #4784, .T. ) ;
#4582 = ORIENTED_EDGE ( 'NONE', *, *, #5065, .F. ) ;
#4583 = DIRECTION ( 'NONE',  ( 0.000000000000000000, 0.000000000000000000, 1.000000000000000000 ) ) ;
#4584 = ORIENTED_EDGE ( 'NONE', *, *, #4201, .F. ) ;
#4585 = CARTESIAN_POINT ( 'NONE',  ( -13.28442690832544493, 29.59999999999999076, 64.36983560347516686 ) ) ;
#4586 = AXIS2_PLACEMENT_3D ( 'NONE', #2786, #5726, #1833 ) ;
#4587 = PLANE ( 'NONE',  #7010 ) ;
#4588 = CARTESIAN_POINT ( 'NONE',  ( -13.17927060037028397, 29.59999999999999432, 64.51095055914380794 ) ) ;
#4589 = VECTOR ( 'NONE', #4914, 1000.000000000000000 ) ;
#4590 = CARTESIAN_POINT ( 'NONE',  ( -41.59633790806259412, 29.59999999999999076, 65.73510921298995413 ) ) ;
#4591 = CARTESIAN_POINT ( 'NONE',  ( -14.48962103487952113, 29.00000000000000000, 66.14854865925745742 ) ) ;
#4592 = CARTESIAN_POINT ( 'NONE',  ( -12.67556064273353122, 29.59999999999998721, 63.14490640561966472 ) ) ;
#4593 = CARTESIAN_POINT ( 'NONE',  ( -26.72328722222724906, 28.99999999999998934, 65.62536638167568981 ) ) ;
#4594 = VERTEX_POINT ( 'NONE', #8402 ) ;
#4595 = ADVANCED_FACE ( 'NONE', ( #2664 ), #6285, .T. ) ;
#4596 = VECTOR ( 'NONE', #2772, 1000.000000000000000 ) ;
#4597 = EDGE_CURVE ( 'NONE', #4678, #9120, #5605, .T. ) ;
#4598 = VECTOR ( 'NONE', #6708, 1000.000000000000000 ) ;
#4599 = DIRECTION ( 'NONE',  ( 0.000000000000000000, 0.8660254037844387076, -0.4999999999999997780 ) ) ;
#4600 = VECTOR ( 'NONE', #7874, 1000.000000000000000 ) ;
#4601 = ORIENTED_EDGE ( 'NONE', *, *, #2713, .F. ) ;
#4602 = PLANE ( 'NONE',  #4896 ) ;
#4603 = CARTESIAN_POINT ( 'NONE',  ( -16.08380198174277709, 28.99999999999999645, 63.26113956118234682 ) ) ;
#4604 = DIRECTION ( 'NONE',  ( 0.000000000000000000, 0.000000000000000000, 1.000000000000000000 ) ) ;
#4605 = DIRECTION ( 'NONE',  ( -1.000000000000000000, -1.390559900582610931E-16, -5.139921410301661840E-15 ) ) ;
#4606 = CARTESIAN_POINT ( 'NONE',  ( -14.17710970574540674, 29.00000000000000000, 63.71230181931436221 ) ) ;
#4607 = DIRECTION ( 'NONE',  ( 1.000000000000000000, 0.000000000000000000, 0.000000000000000000 ) ) ;
#4608 = VECTOR ( 'NONE', #5585, 1000.000000000000000 ) ;
#4609 = VECTOR ( 'NONE', #2887, 1000.000000000000000 ) ;
#4610 = ORIENTED_EDGE ( 'NONE', *, *, #5514, .F. ) ;
#4611 = CARTESIAN_POINT ( 'NONE',  ( -19.13960713883182763, 29.59999999999999432, 62.90818613606688814 ) ) ;
#4612 = EDGE_LOOP ( 'NONE', ( #1915, #662, #7953, #8081 ) ) ;
#4613 = CARTESIAN_POINT ( 'NONE',  ( -11.57344830354574583, 28.99999999999999645, 65.05540356897962795 ) ) ;
#4614 = CARTESIAN_POINT ( 'NONE',  ( -21.32365609916686822, 28.99999999999999645, 62.89404783349711181 ) ) ;
#4615 = CARTESIAN_POINT ( 'NONE',  ( -26.30787636960106468, 29.59999999999999432, 64.69664767452843535 ) ) ;
#4616 = CARTESIAN_POINT ( 'NONE',  ( -15.23541851314386975, 29.59999999999999787, 63.06226726189409248 ) ) ;
#4617 = CARTESIAN_POINT ( 'NONE',  ( -16.20740411559836858, 28.99999999999999645, 64.09109810724281431 ) ) ;
#4618 = CARTESIAN_POINT ( 'NONE',  ( -17.07024861573748709, 29.59999999999999076, 64.13439342316210912 ) ) ;
#4619 = CARTESIAN_POINT ( 'NONE',  ( -15.08877108297605218, 29.59999999999999432, 63.37895490024526879 ) ) ;
#4620 = CC_DESIGN_PERSON_AND_ORGANIZATION_ASSIGNMENT ( #1354, #4920, ( #9542 ) ) ;
#4621 = VERTEX_POINT ( 'NONE', #9313 ) ;
#4622 = EDGE_CURVE ( 'NONE', #7396, #8331, #2709, .T. ) ;
#4623 = ORIENTED_EDGE ( 'NONE', *, *, #5551, .F. ) ;
#4624 = CARTESIAN_POINT ( 'NONE',  ( -15.09097470755813220, 28.99999999999999645, 65.50773520534546890 ) ) ;
#4625 = ORIENTED_EDGE ( 'NONE', *, *, #8958, .F. ) ;
#4626 = CARTESIAN_POINT ( 'NONE',  ( -40.73095329267798093, 29.59999999999999076, 64.98510921298996834 ) ) ;
#4627 = CARTESIAN_POINT ( 'NONE',  ( -21.05787636960106113, 29.59999999999999432, 66.65818613606688814 ) ) ;
#4628 = CARTESIAN_POINT ( 'NONE',  ( -39.70150617729336773, 29.59999999999999076, 64.98510921298996834 ) ) ;
#4629 = CARTESIAN_POINT ( 'NONE',  ( -11.75620640792663885, 29.59999999999999787, 63.16216302194817445 ) ) ;
#4630 = CARTESIAN_POINT ( 'NONE',  ( -102.0000000000000000, 30.99999999999998579, 36.95000000000000995 ) ) ;
#4631 = PLANE ( 'NONE',  #2150 ) ;
#4632 = ORIENTED_EDGE ( 'NONE', *, *, #8475, .F. ) ;
#4633 = ORIENTED_EDGE ( 'NONE', *, *, #6267, .F. ) ;
#4634 = FACE_OUTER_BOUND ( 'NONE', #2394, .T. ) ;
#4635 = EDGE_LOOP ( 'NONE', ( #5591, #7083, #4746, #6817, #7698, #4001 ) ) ;
#4636 = LINE ( 'NONE', #4679, #2589 ) ;
#4637 = ADVANCED_FACE ( 'NONE', ( #3484 ), #4568, .T. ) ;
#4638 = DIRECTION ( 'NONE',  ( -0.5773502691896258421, 0.5773502691896098549, -0.5773502691896418293 ) ) ;
#4639 = CARTESIAN_POINT ( 'NONE',  ( -29.36771907501668366, 28.99999999999998934, 63.13411556731550434 ) ) ;
#4640 = FACE_OUTER_BOUND ( 'NONE', #7415, .T. ) ;
#4641 = DIRECTION ( 'NONE',  ( 1.418996708365486154E-16, -1.000000000000000000, -0.000000000000000000 ) ) ;
#4642 = PERSON_AND_ORGANIZATION ( #1867, #1846 ) ;
#4643 = EDGE_LOOP ( 'NONE', ( #5296, #2511, #3382 ) ) ;
#4644 = CARTESIAN_POINT ( 'NONE',  ( -28.37222740454438963, 29.59999999999999787, 63.00352767674853283 ) ) ;
#4645 = ORIENTED_EDGE ( 'NONE', *, *, #3843, .T. ) ;
#4646 = CARTESIAN_POINT ( 'NONE',  ( -29.36555643393615256, 28.99999999999999289, 65.74202141979775149 ) ) ;
#4647 = CARTESIAN_POINT ( 'NONE',  ( -15.63340017425727702, 29.59999999999999787, 62.90941351001680459 ) ) ;
#4648 = CARTESIAN_POINT ( 'NONE',  ( -105.5000000000000000, 29.50000000000002487, 55.24999999999995026 ) ) ;
#4649 = EDGE_CURVE ( 'NONE', #3575, #9233, #1803, .T. ) ;
#4650 = DIRECTION ( 'NONE',  ( -0.000000000000000000, 1.000000000000000000, 0.000000000000000000 ) ) ;
#4651 = LINE ( 'NONE', #2387, #3053 ) ;
#4652 = CARTESIAN_POINT ( 'NONE',  ( -102.7999999999999972, 30.49999999999994316, 72.49999999999995737 ) ) ;
#4653 = ORIENTED_EDGE ( 'NONE', *, *, #8495, .F. ) ;
#4654 = CARTESIAN_POINT ( 'NONE',  ( -18.70966986192888015, 29.59999999999998010, 63.11137509095011922 ) ) ;
#4655 = VERTEX_POINT ( 'NONE', #4021 ) ;
#4656 = CARTESIAN_POINT ( 'NONE',  ( -19.73180024458431348, 29.59999999999998721, 64.90246162546478104 ) ) ;
#4657 = CARTESIAN_POINT ( 'NONE',  ( -11.89020810037028397, 29.59999999999999787, 64.74532555914380794 ) ) ;
#4658 = CARTESIAN_POINT ( 'NONE',  ( -12.53306030902134260, 28.99999999999998934, 62.99015779656220815 ) ) ;
#4659 = FACE_OUTER_BOUND ( 'NONE', #6655, .T. ) ;
#4660 = CARTESIAN_POINT ( 'NONE',  ( -15.10923405593139890, 29.59999999999999076, 63.31137413624094989 ) ) ;
#4661 = CARTESIAN_POINT ( 'NONE',  ( -13.16559625030211755, 29.59999999999999787, 64.52820154558349941 ) ) ;
#4662 = CARTESIAN_POINT ( 'NONE',  ( -29.24926840417379381, 28.99999999999998224, 62.85177120494134329 ) ) ;
#4663 = CARTESIAN_POINT ( 'NONE',  ( -15.09663838883182407, 29.59999999999999076, 63.34989286683612164 ) ) ;
#4664 = ORIENTED_EDGE ( 'NONE', *, *, #7304, .F. ) ;
#4665 = EDGE_LOOP ( 'NONE', ( #4108, #3039, #1642, #161 ) ) ;
#4666 = CARTESIAN_POINT ( 'NONE',  ( -17.80846246134569100, 29.59999999999998721, 63.03125137803056077 ) ) ;
#4667 = ORIENTED_EDGE ( 'NONE', *, *, #8184, .F. ) ;
#4668 = LINE ( 'NONE', #6693, #1934 ) ;
#4669 = CARTESIAN_POINT ( 'NONE',  ( -28.12076052547328331, 28.99999999999999645, 66.71458132671686769 ) ) ;
#4670 = CARTESIAN_POINT ( 'NONE',  ( -13.04657503246413697, 29.59999999999999787, 62.35348029611564158 ) ) ;
#4671 = CARTESIAN_POINT ( 'NONE',  ( -27.04165040806259412, 28.99999999999999289, 62.61521738606690235 ) ) ;
#4672 = EDGE_CURVE ( 'NONE', #4462, #1732, #8496, .T. ) ;
#4673 = CARTESIAN_POINT ( 'NONE',  ( -105.5000000000000000, 30.99999999999998579, 14.25000000000002665 ) ) ;
#4674 = CARTESIAN_POINT ( 'NONE',  ( -17.07710713883182763, 28.99999999999999645, 64.43883517452844956 ) ) ;
#4675 = EDGE_LOOP ( 'NONE', ( #2163, #1052, #1187, #232 ) ) ;
#4676 = ADVANCED_FACE ( 'NONE', ( #3295 ), #5510, .T. ) ;
#4677 = CARTESIAN_POINT ( 'NONE',  ( -98.29999999999995453, 0.5000000000000419664, 69.99999999999998579 ) ) ;
#4678 = VERTEX_POINT ( 'NONE', #7006 ) ;
#4679 = CARTESIAN_POINT ( 'NONE',  ( -3.000000000000043965, -6.599999999999933920, 20.79999999999999716 ) ) ;
#4680 = CARTESIAN_POINT ( 'NONE',  ( -19.45613723209827128, 28.99999999999999645, 62.99015779656225078 ) ) ;
#4681 = ADVANCED_FACE ( 'NONE', ( #397 ), #6644, .T. ) ;
#4682 = DIRECTION ( 'NONE',  ( -0.7071067811865431318, 0.7071067811865520136, 0.000000000000000000 ) ) ;
#4683 = CARTESIAN_POINT ( 'NONE',  ( 0.000000000000000000, 0.000000000000000000, 20.79999999999999716 ) ) ;
#4684 = CARTESIAN_POINT ( 'NONE',  ( -19.50198694652413423, 28.99999999999999289, 64.01876305914380794 ) ) ;
#4685 = APPROVAL_STATUS ( 'not_yet_approved' ) ;
#4686 = EDGE_CURVE ( 'NONE', #1570, #7080, #6619, .T. ) ;
#4687 = VERTEX_POINT ( 'NONE', #2953 ) ;
#4688 = AXIS2_PLACEMENT_3D ( 'NONE', #1136, #3989, #6928 ) ;
#4689 = DIRECTION ( 'NONE',  ( 1.418996708365486154E-16, -1.000000000000000000, -0.000000000000000000 ) ) ;
#4690 = ORIENTED_EDGE ( 'NONE', *, *, #825, .F. ) ;
#4691 = CARTESIAN_POINT ( 'NONE',  ( -29.51124864664373604, 28.99999999999999645, 65.02582819320581109 ) ) ;
#4692 = DIRECTION ( 'NONE',  ( 1.418996708365486154E-16, -1.000000000000000000, -0.000000000000000000 ) ) ;
#4693 = CARTESIAN_POINT ( 'NONE',  ( -37.05573546203275725, 29.00000000000000000, 62.26169215001661428 ) ) ;
#4694 = PLANE ( 'NONE',  #3519 ) ;
#4695 = VECTOR ( 'NONE', #2555, 1000.000000000000000 ) ;
#4696 = CARTESIAN_POINT ( 'NONE',  ( -12.93215603614331854, 28.99999999999999289, 62.29264642209238190 ) ) ;
#4697 = PLANE ( 'NONE',  #1514 ) ;
#4698 = CARTESIAN_POINT ( 'NONE',  ( -1.499999999999969580, 0.000000000000000000, 33.50000000000003553 ) ) ;
#4699 = VERTEX_POINT ( 'NONE', #2142 ) ;
#4700 = DIRECTION ( 'NONE',  ( -0.000000000000000000, 1.000000000000000000, 0.000000000000000000 ) ) ;
#4701 = VECTOR ( 'NONE', #8317, 1000.000000000000114 ) ;
#4702 = ORIENTED_EDGE ( 'NONE', *, *, #264, .T. ) ;
#4703 = LINE ( 'NONE', #9234, #9453 ) ;
#4704 = CARTESIAN_POINT ( 'NONE',  ( -36.27734066978234750, 29.00000000000000355, 63.96705528379479944 ) ) ;
#4705 = CARTESIAN_POINT ( 'NONE',  ( -17.68759715038351388, 29.00000000000000000, 66.22015092299596972 ) ) ;
#4706 = DIRECTION ( 'NONE',  ( 4.670409358399121388E-15, 1.000000000000000000, 0.000000000000000000 ) ) ;
#4707 = CARTESIAN_POINT ( 'NONE',  ( -5.000000000000000000, 28.99999999999999645, 0.5000000000000281997 ) ) ;
#4708 = CARTESIAN_POINT ( 'NONE',  ( -16.86932217059912986, 29.00000000000000711, 63.03469003580759988 ) ) ;
#4709 = CARTESIAN_POINT ( 'NONE',  ( -15.03677607136143912, 29.59999999999999076, 63.65912589528237220 ) ) ;
#4710 = ORIENTED_EDGE ( 'NONE', *, *, #9257, .T. ) ;
#4711 = ADVANCED_FACE ( 'NONE', ( #3628 ), #5894, .F. ) ;
#4712 = ORIENTED_EDGE ( 'NONE', *, *, #7951, .T. ) ;
#4713 = CARTESIAN_POINT ( 'NONE',  ( -18.61933642689850643, 29.59999999999999432, 62.23549029123772414 ) ) ;
#4714 = ORIENTED_EDGE ( 'NONE', *, *, #9030, .T. ) ;
#4715 = LINE ( 'NONE', #1877, #844 ) ;
#4716 = CARTESIAN_POINT ( 'NONE',  ( -18.12389837823795347, 29.59999999999999432, 65.46604350304562558 ) ) ;
#4717 = CARTESIAN_POINT ( 'NONE',  ( -4.999999999999990230, 2.428612866367529932E-14, 32.49999999999995026 ) ) ;
#4718 = CARTESIAN_POINT ( 'NONE',  ( -13.15268162477957148, 29.60000000000000497, 62.42470264681982428 ) ) ;
#4719 = CARTESIAN_POINT ( 'NONE',  ( -3.000000000000000000, 31.00000000000000000, 73.00000000000000000 ) ) ;
#4720 = CARTESIAN_POINT ( 'NONE',  ( -14.64205722422726019, 29.00000000000000711, 66.33212896196698694 ) ) ;
#4721 = CARTESIAN_POINT ( 'NONE',  ( -16.73760252134788473, 28.99999999999999645, 66.10887531149906238 ) ) ;
#4722 = VERTEX_POINT ( 'NONE', #1362 ) ;
#4723 = CARTESIAN_POINT ( 'NONE',  ( -20.10234752344721088, 28.99999999999999289, 64.51095055914380794 ) ) ;
#4724 = VERTEX_POINT ( 'NONE', #8829 ) ;
#4725 = CARTESIAN_POINT ( 'NONE',  ( -35.30787636960106113, 29.59999999999999432, 64.69664767452843535 ) ) ;
#4726 = DIRECTION ( 'NONE',  ( -0.5659711471271449135, 0.000000000000000000, -0.8244250485153782337 ) ) ;
#4727 = ADVANCED_FACE ( 'NONE', ( #2858 ), #3535, .T. ) ;
#4728 = CARTESIAN_POINT ( 'NONE',  ( -41.59633790806259412, 29.59999999999999076, 66.65818613606688814 ) ) ;
#4729 = CARTESIAN_POINT ( 'NONE',  ( -14.55376558501723316, 28.99999999999998934, 66.23566135985345227 ) ) ;
#4730 = CARTESIAN_POINT ( 'NONE',  ( -33.17326098498566722, 29.59999999999999432, 64.98510921298996834 ) ) ;
#4731 = DIRECTION ( 'NONE',  ( -0.5773502691896349459, 0.5773502691896270633, -0.5773502691896151839 ) ) ;
#4732 = ORIENTED_EDGE ( 'NONE', *, *, #5799, .F. ) ;
#4733 = EDGE_CURVE ( 'NONE', #2364, #568, #8787, .T. ) ;
#4734 = AXIS2_PLACEMENT_3D ( 'NONE', #4938, #4079, #7838 ) ;
#4735 = CARTESIAN_POINT ( 'NONE',  ( -26.67313894188835732, 29.59999999999999076, 65.40187667010577854 ) ) ;
#4736 = AXIS2_PLACEMENT_3D ( 'NONE', #2417, #8922, #244 ) ;
#4737 = CARTESIAN_POINT ( 'NONE',  ( -28.14921139015755358, 28.99999999999999289, 65.96213373037441841 ) ) ;
#4738 = FACE_OUTER_BOUND ( 'NONE', #5007, .T. ) ;
#4739 = CARTESIAN_POINT ( 'NONE',  ( -35.82710713883183473, 29.00000000000000000, 63.31203228991304144 ) ) ;
#4740 = CARTESIAN_POINT ( 'NONE',  ( -28.67176873631333578, 29.59999999999999787, 64.26004090919407474 ) ) ;
#4741 = CARTESIAN_POINT ( 'NONE',  ( -19.15962385259360801, 28.99999999999999289, 65.43089587304915256 ) ) ;
#4742 = FACE_OUTER_BOUND ( 'NONE', #9003, .T. ) ;
#4743 = DIRECTION ( 'NONE',  ( 1.000000000000000000, 1.418996708365486401E-16, -0.000000000000000000 ) ) ;
#4744 = VECTOR ( 'NONE', #7624, 1000.000000000000000 ) ;
#4745 = AXIS2_PLACEMENT_3D ( 'NONE', #8499, #4832, #5513 ) ;
#4746 = ORIENTED_EDGE ( 'NONE', *, *, #5853, .T. ) ;
#4747 = CARTESIAN_POINT ( 'NONE',  ( -19.13960713883182763, 29.00000000000000711, 62.90818613606688814 ) ) ;
#4748 = ORIENTED_EDGE ( 'NONE', *, *, #1115, .F. ) ;
#4749 = VECTOR ( 'NONE', #4081, 1000.000000000000000 ) ;
#4750 = LINE ( 'NONE', #6200, #4380 ) ;
#4751 = CARTESIAN_POINT ( 'NONE',  ( -35.87909461985374548, 28.99999999999999289, 64.15739838450257082 ) ) ;
#4752 = VECTOR ( 'NONE', #8348, 1000.000000000000000 ) ;
#4753 = CARTESIAN_POINT ( 'NONE',  ( -28.22534679186507134, 28.99999999999998579, 62.16198089314431030 ) ) ;
#4754 = DIRECTION ( 'NONE',  ( 0.000000000000000000, 0.000000000000000000, 1.000000000000000000 ) ) ;
#4755 = CARTESIAN_POINT ( 'NONE',  ( -23.04015874039568956, 29.59999999999999432, 63.89224287257272294 ) ) ;
#4756 = CARTESIAN_POINT ( 'NONE',  ( -22.61917444652413423, 29.59999999999999432, 62.15818613606688814 ) ) ;
#4757 = CARTESIAN_POINT ( 'NONE',  ( -14.89508608478135976, 29.60000000000000497, 62.33407319236056310 ) ) ;
#4758 = ORIENTED_EDGE ( 'NONE', *, *, #1317, .T. ) ;
#4759 = AXIS2_PLACEMENT_3D ( 'NONE', #9217, #204, #8447 ) ;
#4760 = VERTEX_POINT ( 'NONE', #728 ) ;
#4761 = CARTESIAN_POINT ( 'NONE',  ( -18.17596350906978131, 29.00000000000000000, 62.47206177170625807 ) ) ;
#4762 = ORIENTED_EDGE ( 'NONE', *, *, #7552, .T. ) ;
#4763 = LINE ( 'NONE', #4856, #1620 ) ;
#4764 = CARTESIAN_POINT ( 'NONE',  ( -15.60595329267797737, 29.59999999999999432, 65.96587844375919474 ) ) ;
#4765 = EDGE_CURVE ( 'NONE', #9381, #4724, #3735, .T. ) ;
#4766 = LINE ( 'NONE', #3323, #2532 ) ;
#4767 = CARTESIAN_POINT ( 'NONE',  ( -13.61556867729336062, 28.99999999999999289, 63.38234478991304144 ) ) ;
#4768 = DIRECTION ( 'NONE',  ( -0.5773502691896258421, -0.5773502691896098549, -0.5773502691896418293 ) ) ;
#4769 = CARTESIAN_POINT ( 'NONE',  ( -27.90642156006970964, 29.00000000000000000, 62.93076356351277667 ) ) ;
#4770 = CARTESIAN_POINT ( 'NONE',  ( -14.40009285808278783, 29.00000000000000355, 65.99894950184412323 ) ) ;
#4771 = ADVANCED_FACE ( 'NONE', ( #9507 ), #6565, .T. ) ;
#4772 = CARTESIAN_POINT ( 'NONE',  ( -36.92326098498567433, 29.59999999999999076, 66.65818613606688814 ) ) ;
#4773 = VERTEX_POINT ( 'NONE', #975 ) ;
#4774 = CARTESIAN_POINT ( 'NONE',  ( -15.52441801629155194, 28.99999999999998934, 65.96172314411872151 ) ) ;
#4775 = ORIENTED_EDGE ( 'NONE', *, *, #9301, .F. ) ;
#4776 = CARTESIAN_POINT ( 'NONE',  ( -22.77340165283785112, 28.99999999999999645, 62.16114962526409471 ) ) ;
#4777 = CARTESIAN_POINT ( 'NONE',  ( -26.65202420411172568, 29.59999999999999076, 65.28113725803713407 ) ) ;
#4778 = CARTESIAN_POINT ( 'NONE',  ( -22.71633722742665640, 29.59999999999999076, 62.91361374662000827 ) ) ;
#4779 = CARTESIAN_POINT ( 'NONE',  ( -33.17326098498566722, 29.59999999999999432, 64.98510921298996834 ) ) ;
#4780 = CARTESIAN_POINT ( 'NONE',  ( -28.67176873631333578, 28.99999999999999645, 64.26004090919407474 ) ) ;
#4781 = ORIENTED_EDGE ( 'NONE', *, *, #9280, .T. ) ;
#4782 = CARTESIAN_POINT ( 'NONE',  ( -16.60050208762415380, 29.59999999999999787, 66.29543088703968579 ) ) ;
#4783 = CC_DESIGN_PERSON_AND_ORGANIZATION_ASSIGNMENT ( #4642, #2476, ( #4373 ) ) ;
#4784 = LINE ( 'NONE', #7096, #5986 ) ;
#4785 = CARTESIAN_POINT ( 'NONE',  ( 0.000000000000000000, 28.00000000000000000, 72.49999999999995737 ) ) ;
#4786 = CARTESIAN_POINT ( 'NONE',  ( -37.00632593589194386, 28.99999999999999289, 62.36077954626569664 ) ) ;
#4787 = CARTESIAN_POINT ( 'NONE',  ( -12.33936955966688309, 29.59999999999999432, 64.30080552589373610 ) ) ;
#4788 = ADVANCED_FACE ( 'NONE', ( #873 ), #3819, .F. ) ;
#4789 = CARTESIAN_POINT ( 'NONE',  ( -12.28688158503864614, 28.99999999999999645, 62.15919151790433972 ) ) ;
#4790 = CARTESIAN_POINT ( 'NONE',  ( -15.00014331872219842, 28.99999999999998579, 64.50013890536673955 ) ) ;
#4791 = ORIENTED_EDGE ( 'NONE', *, *, #6567, .T. ) ;
#4792 = PLANE ( 'NONE',  #3658 ) ;
#4793 = VERTEX_POINT ( 'NONE', #100 ) ;
#4794 = DIRECTION ( 'NONE',  ( 0.5000000000000096589, 0.5000000000000042188, -0.7071067811865379138 ) ) ;
#4795 = CARTESIAN_POINT ( 'NONE',  ( -27.07294468029615331, 28.99999999999999645, 62.57863721179619887 ) ) ;
#4796 = EDGE_CURVE ( 'NONE', #4687, #8863, #7479, .T. ) ;
#4797 = CARTESIAN_POINT ( 'NONE',  ( -29.00300704851208167, 29.59999999999999076, 62.51087547434987357 ) ) ;
#4798 = CARTESIAN_POINT ( 'NONE',  ( 16.63333333346504972, 17.13333333346461984, 39.73333333385934907 ) ) ;
#4799 = LINE ( 'NONE', #6975, #4222 ) ;
#4800 = CARTESIAN_POINT ( 'NONE',  ( -17.07620882272768981, 28.99999999999999645, 64.28463936587547778 ) ) ;
#4801 = EDGE_CURVE ( 'NONE', #2439, #6789, #5938, .T. ) ;
#4802 = VERTEX_POINT ( 'NONE', #7431 ) ;
#4803 = ORIENTED_EDGE ( 'NONE', *, *, #3105, .T. ) ;
#4804 = CARTESIAN_POINT ( 'NONE',  ( -17.99922362691519595, 29.60000000000000853, 62.65746189122120313 ) ) ;
#4805 = ORIENTED_EDGE ( 'NONE', *, *, #3090, .T. ) ;
#4806 = CARTESIAN_POINT ( 'NONE',  ( -13.61320087615654906, 28.99999999999998934, 63.25549540441324581 ) ) ;
#4807 = DIRECTION ( 'NONE',  ( 0.7071067811865378028, -0.7071067811865573427, 0.000000000000000000 ) ) ;
#4808 = FACE_OUTER_BOUND ( 'NONE', #2352, .T. ) ;
#4809 = LINE ( 'NONE', #9390, #9048 ) ;
#4810 = CARTESIAN_POINT ( 'NONE',  ( -22.57104543873565206, 29.59999999999999432, 62.15882148759504133 ) ) ;
#4811 = B_SPLINE_CURVE_WITH_KNOTS ( 'NONE', 3,
 ( #5061, #9346, #5734, #5879, #4430, #4339, #5011, #8629, #7279, #6459, #2894, #7176, #6605, #621, #665 ),
 .UNSPECIFIED., .F., .F.,
 ( 4, 1, 1, 1, 1, 1, 1, 1, 1, 1, 1, 1, 4 ),
 ( 0.000000000000000000, 0.09636570699092032732, 0.1926773804259399869, 0.2896222406718398368, 0.3886550898832856760, 0.4418938822195943583, 0.5017248057154912733, 0.5678518755671665419, 0.6405719334343560334, 0.7203467082495574880, 0.8066203545196114488, 0.9000073740331770988, 1.000000000000000000 ),
 .UNSPECIFIED. ) ;
#4812 = CARTESIAN_POINT ( 'NONE',  ( -27.76179556018020378, 28.99999999999999645, 63.00359796145249902 ) ) ;
#4813 = CARTESIAN_POINT ( 'NONE',  ( -19.13960713883182763, 28.99999999999999289, 62.90818613606688814 ) ) ;
#4814 = EDGE_LOOP ( 'NONE', ( #8783, #96, #7024, #4710 ) ) ;
#4815 = DIRECTION ( 'NONE',  ( 0.4999999999999965583, 0.4999999999999902300, -0.7071067811865568986 ) ) ;
#4816 = EDGE_LOOP ( 'NONE', ( #1950, #5865, #7416, #8186 ) ) ;
#4817 = CARTESIAN_POINT ( 'NONE',  ( -23.95150619660182656, 29.00000000000000355, 63.01430761348149190 ) ) ;
#4818 = EDGE_CURVE ( 'NONE', #893, #3737, #4489, .T. ) ;
#4819 = CARTESIAN_POINT ( 'NONE',  ( -28.01361561588047877, 29.59999999999999432, 66.71432856657520460 ) ) ;
#4820 = FACE_OUTER_BOUND ( 'NONE', #1006, .T. ) ;
#4821 = CARTESIAN_POINT ( 'NONE',  ( -105.5000000000000000, 28.99999999999998579, 55.24999999999995026 ) ) ;
#4822 = CARTESIAN_POINT ( 'NONE',  ( -28.62655850231620036, 28.99999999999999289, 63.56453297040035011 ) ) ;
#4823 = CARTESIAN_POINT ( 'NONE',  ( -28.06749175421643727, 29.59999999999999432, 66.71587844375920895 ) ) ;
#4824 = ORIENTED_EDGE ( 'NONE', *, *, #8798, .T. ) ;
#4825 = CARTESIAN_POINT ( 'NONE',  ( -27.46172252344720732, 29.00000000000002132, 64.43883517452843535 ) ) ;
#4826 = ADVANCED_FACE ( 'NONE', ( #7534 ), #5708, .T. ) ;
#4827 = CARTESIAN_POINT ( 'NONE',  ( -19.21918998833815451, 28.99999999999998934, 65.37448389340197252 ) ) ;
#4828 = B_SPLINE_CURVE_WITH_KNOTS ( 'NONE', 3,
 ( #6527, #4360, #8698, #4982, #8031, #2816, #498, #4171, #9468, #5663, #7930, #2002, #595, #2868, #3493, #5806, #7104, #1270, #4213 ),
 .UNSPECIFIED., .F., .F.,
 ( 4, 1, 1, 1, 1, 1, 1, 1, 1, 1, 1, 1, 1, 1, 1, 1, 4 ),
 ( 0.000000000000000000, 0.1008389819510992630, 0.1933066405743759653, 0.2774093235198732965, 0.3537258974623241903, 0.4222416857313558425, 0.4821502873790083910, 0.5344086373151103464, 0.5793684589269335605, 0.6558129896578059892, 0.7210347404661476833, 0.7764319497354987831, 0.8239878864249191581, 0.8679002289660953107, 0.9108676256988149644, 0.9548855603064191344, 1.000000000000000000 ),
 .UNSPECIFIED. ) ;
#4829 = CARTESIAN_POINT ( 'NONE',  ( -20.53864560037029108, 28.99999999999999645, 63.38234478991304144 ) ) ;
#4830 = DIRECTION ( 'NONE',  ( 0.7071067811865476838, -0.7071067811865474617, 0.000000000000000000 ) ) ;
#4831 = CARTESIAN_POINT ( 'NONE',  ( -36.36985229512001894, 29.59999999999999076, 63.03010259176880226 ) ) ;
#4832 = DIRECTION ( 'NONE',  ( 0.000000000000000000, -0.7071067811865573427, 0.7071067811865378028 ) ) ;
#4833 = EDGE_CURVE ( 'NONE', #454, #6703, #7813, .T. ) ;
#4834 = CARTESIAN_POINT ( 'NONE',  ( -70.02842712474368625, 28.99999999999998934, 27.01795821019569033 ) ) ;
#4835 = CARTESIAN_POINT ( 'NONE',  ( -4.999999999999990230, 2.428612866367529932E-14, 21.30000000000002203 ) ) ;
#4836 = VECTOR ( 'NONE', #4830, 1000.000000000000000 ) ;
#4837 = AXIS2_PLACEMENT_3D ( 'NONE', #2335, #8166, #7490 ) ;
#4838 = CARTESIAN_POINT ( 'NONE',  ( -26.88878794522547722, 28.99999999999998934, 62.84821702269373134 ) ) ;
#4839 = ORIENTED_EDGE ( 'NONE', *, *, #661, .F. ) ;
#4840 = ADVANCED_FACE ( 'NONE', ( #5599 ), #3290, .T. ) ;
#4841 = VECTOR ( 'NONE', #4175, 1000.000000000000000 ) ;
#4842 = CARTESIAN_POINT ( 'NONE',  ( -98.29999999999995453, 0.5000000000000419664, 69.99999999999998579 ) ) ;
#4843 = CARTESIAN_POINT ( 'NONE',  ( -4.186040289678190134E-15, 29.50000000000003908, 0.000000000000000000 ) ) ;
#4844 = EDGE_CURVE ( 'NONE', #3788, #2926, #7636, .T. ) ;
#4845 = CARTESIAN_POINT ( 'NONE',  ( -22.35217432425999817, 29.59999999999999076, 65.75380239408755756 ) ) ;
#4846 = CARTESIAN_POINT ( 'NONE',  ( -31.84543646575489717, 28.99999999999999289, 62.21587844375919474 ) ) ;
#4847 = DIRECTION ( 'NONE',  ( 0.5663183426695762579, 0.000000000000000000, 0.8241865897695646037 ) ) ;
#4848 = B_SPLINE_CURVE_WITH_KNOTS ( 'NONE', 3,
 ( #1426, #5033, #8699, #3690, #6482, #2921, #643, #5858, #4936, #6628, #5754, #3494, #4983, #1322, #7203, #3545, #1375, #4317, #3590 ),
 .UNSPECIFIED., .F., .F.,
 ( 4, 1, 1, 1, 1, 1, 1, 1, 1, 1, 1, 1, 1, 1, 1, 1, 4 ),
 ( 0.000000000000000000, 0.04667348444442046690, 0.09525240289268012417, 0.1448650554020080305, 0.1963135318305433141, 0.2497676991019312231, 0.3057805210269448071, 0.3632739045836495539, 0.4234354540256402566, 0.4860230073263877015, 0.5514787443092996622, 0.6194270646736422803, 0.6899451355257777418, 0.7631433297567437046, 0.8390008045993371244, 0.9181030856310408161, 1.000000000000000000 ),
 .UNSPECIFIED. ) ;
#4849 = CARTESIAN_POINT ( 'NONE',  ( -17.07024861573748709, 28.99999999999998934, 64.13439342316210912 ) ) ;
#4850 = VECTOR ( 'NONE', #2621, 1000.000000000000000 ) ;
#4851 = ORIENTED_EDGE ( 'NONE', *, *, #9272, .F. ) ;
#4852 = EDGE_CURVE ( 'NONE', #6305, #2990, #6365, .T. ) ;
#4853 = EDGE_LOOP ( 'NONE', ( #868, #675, #7267, #5864 ) ) ;
#4854 = CARTESIAN_POINT ( 'NONE',  ( -17.73216932784822220, 29.59999999999999076, 63.34405806632992153 ) ) ;
#4855 = EDGE_LOOP ( 'NONE', ( #8163, #9218, #6395, #5762 ) ) ;
#4856 = CARTESIAN_POINT ( 'NONE',  ( -28.06749175421643727, 29.59999999999999432, 65.96587844375919474 ) ) ;
#4857 = CARTESIAN_POINT ( 'NONE',  ( -17.68759715038351388, 29.60000000000000142, 66.22015092299596972 ) ) ;
#4858 = CARTESIAN_POINT ( 'NONE',  ( -28.56420996787485933, 28.99999999999999289, 65.56268862912200746 ) ) ;
#4859 = CARTESIAN_POINT ( 'NONE',  ( -28.77956928554525717, 29.59999999999999787, 62.33577501593931913 ) ) ;
#4860 = CARTESIAN_POINT ( 'NONE',  ( -21.96074048449101213, 29.59999999999999787, 62.27978240500942775 ) ) ;
#4861 = CARTESIAN_POINT ( 'NONE',  ( -10.78864560037028397, 28.99999999999999645, 63.51575825145150134 ) ) ;
#4862 = CARTESIAN_POINT ( 'NONE',  ( -27.64202152547743907, 29.00000000000000355, 63.14154371149029288 ) ) ;
#4863 = ORIENTED_EDGE ( 'NONE', *, *, #9241, .F. ) ;
#4864 = CARTESIAN_POINT ( 'NONE',  ( -102.2999999999999687, 28.99999999999998579, 73.00000000000000000 ) ) ;
#4865 = ORIENTED_EDGE ( 'NONE', *, *, #581, .F. ) ;
#4866 = CARTESIAN_POINT ( 'NONE',  ( -20.53864560037029108, 29.59999999999999432, 65.79280152068227494 ) ) ;
#4867 = ORIENTED_EDGE ( 'NONE', *, *, #3128, .T. ) ;
#4868 = CARTESIAN_POINT ( 'NONE',  ( -102.7999999999999972, 29.50000000000002487, 0.5000000000000281997 ) ) ;
#4869 = CARTESIAN_POINT ( 'NONE',  ( 13.64644660940669674, 13.64644660940670207, 0.000000000000000000 ) ) ;
#4870 = DIRECTION ( 'NONE',  ( 0.7071067811865573427, 6.372128484918005594E-17, -0.7071067811865378028 ) ) ;
#4871 = CARTESIAN_POINT ( 'NONE',  ( -22.32800858113952103, 29.59999999999999432, 65.79280152068227494 ) ) ;
#4872 = EDGE_CURVE ( 'NONE', #5018, #4773, #436, .T. ) ;
#4873 = ORIENTED_EDGE ( 'NONE', *, *, #2389, .T. ) ;
#4874 = CARTESIAN_POINT ( 'NONE',  ( -15.65922206393483052, 28.99999999999998934, 66.71458132671686769 ) ) ;
#4875 = CARTESIAN_POINT ( 'NONE',  ( -19.01241258737544371, 29.60000000000000142, 65.58481777482313646 ) ) ;
#4876 = CARTESIAN_POINT ( 'NONE',  ( -28.14921139015755358, 29.59999999999999076, 65.96213373037441841 ) ) ;
#4877 = CARTESIAN_POINT ( 'NONE',  ( -13.51249982747121337, 28.99999999999999645, 63.95093916350447216 ) ) ;
#4878 = CARTESIAN_POINT ( 'NONE',  ( -36.73575702787182706, 28.99999999999999645, 62.72576601123369500 ) ) ;
#4879 = CARTESIAN_POINT ( 'NONE',  ( -12.24575426740246797, 29.59999999999998721, 64.39623799480503408 ) ) ;
#4880 = ADVANCED_FACE ( 'NONE', ( #7863 ), #2702, .F. ) ;
#4881 = DIRECTION ( 'NONE',  ( 1.000000000000000000, 0.000000000000000000, 0.000000000000000000 ) ) ;
#4882 = ADVANCED_FACE ( 'NONE', ( #4820 ), #1252, .T. ) ;
#4883 = VECTOR ( 'NONE', #4700, 1000.000000000000000 ) ;
#4884 = FACE_OUTER_BOUND ( 'NONE', #5212, .T. ) ;
#4885 = ORIENTED_EDGE ( 'NONE', *, *, #3986, .F. ) ;
#4886 = VECTOR ( 'NONE', #8000, 1000.000000000000000 ) ;
#4887 = CARTESIAN_POINT ( 'NONE',  ( -22.47395104891390716, 28.99999999999999289, 65.58481777482313646 ) ) ;
#4888 = CARTESIAN_POINT ( 'NONE',  ( -22.33905734270750187, 28.99999999999999289, 62.17655970823265932 ) ) ;
#4889 = CARTESIAN_POINT ( 'NONE',  ( -17.62627608027423420, 28.99999999999999289, 66.43636829437824076 ) ) ;
#4890 = FACE_OUTER_BOUND ( 'NONE', #2164, .T. ) ;
#4891 = LINE ( 'NONE', #1231, #6079 ) ;
#4892 = VECTOR ( 'NONE', #5634, 1000.000000000000000 ) ;
#4893 = LINE ( 'NONE', #8561, #1368 ) ;
#4894 = VERTEX_POINT ( 'NONE', #4728 ) ;
#4895 = ORIENTED_EDGE ( 'NONE', *, *, #1716, .T. ) ;
#4896 = AXIS2_PLACEMENT_3D ( 'NONE', #5322, #2482, #3058 ) ;
#4897 = CARTESIAN_POINT ( 'NONE',  ( -28.66088104566645356, 28.99999999999999289, 64.94528547894906012 ) ) ;
#4898 = VECTOR ( 'NONE', #56, 1000.000000000000000 ) ;
#4899 = EDGE_LOOP ( 'NONE', ( #4714, #8630, #4959, #7963 ) ) ;
#4900 = CARTESIAN_POINT ( 'NONE',  ( -26.59633790806259057, 29.59999999999999432, 64.42982075145150134 ) ) ;
#4901 = CARTESIAN_POINT ( 'NONE',  ( -22.40401522243909227, 29.59999999999999432, 64.62062234358914736 ) ) ;
#4902 = CARTESIAN_POINT ( 'NONE',  ( -19.17914628093881291, 28.99999999999999289, 62.91004914530152803 ) ) ;
#4903 = CARTESIAN_POINT ( 'NONE',  ( -28.09493202607917794, 28.99999999999999289, 65.96462102316323239 ) ) ;
#4904 = DIRECTION ( 'NONE',  ( 0.7071067811865573427, 6.372128484918005594E-17, 0.7071067811865378028 ) ) ;
#4905 = CARTESIAN_POINT ( 'NONE',  ( -10.79560304032892937, 29.59999999999999787, 63.45733378054433160 ) ) ;
#4906 = FACE_OUTER_BOUND ( 'NONE', #7035, .T. ) ;
#4907 = DIRECTION ( 'NONE',  ( 0.000000000000000000, -0.7071067811865573427, 0.7071067811865378028 ) ) ;
#4908 = ADVANCED_FACE ( 'NONE', ( #7677, #7040 ), #390, .F. ) ;
#4909 = VECTOR ( 'NONE', #6569, 1000.000000000000114 ) ;
#4910 = AXIS2_PLACEMENT_3D ( 'NONE', #6501, #1444, #8857 ) ;
#4911 = ORIENTED_EDGE ( 'NONE', *, *, #2136, .T. ) ;
#4912 = CARTESIAN_POINT ( 'NONE',  ( -22.98971042237350204, 28.99999999999998934, 63.97553209429965193 ) ) ;
#4913 = ORIENTED_EDGE ( 'NONE', *, *, #5472, .T. ) ;
#4914 = DIRECTION ( 'NONE',  ( 0.000000000000000000, 0.000000000000000000, -1.000000000000000000 ) ) ;
#4915 = ORIENTED_EDGE ( 'NONE', *, *, #6294, .T. ) ;
#4916 = CARTESIAN_POINT ( 'NONE',  ( -26.72328722222724906, 28.99999999999998934, 65.62536638167568981 ) ) ;
#4917 = CARTESIAN_POINT ( 'NONE',  ( -29.49638910999290431, 29.60000000000000853, 63.71739455675722041 ) ) ;
#4918 = CARTESIAN_POINT ( 'NONE',  ( -18.94247676090062171, 28.99999999999998934, 64.62062234358914736 ) ) ;
#4919 = LINE ( 'NONE', #4346, #5058 ) ;
#4920 = PERSON_AND_ORGANIZATION_ROLE ( 'creator' ) ;
#4921 = ORIENTED_EDGE ( 'NONE', *, *, #1807, .T. ) ;
#4922 = EDGE_CURVE ( 'NONE', #5933, #6862, #2657, .T. ) ;
#4923 = CARTESIAN_POINT ( 'NONE',  ( -27.48282427266179084, 29.59999999999999787, 65.07864317527854325 ) ) ;
#4924 = CARTESIAN_POINT ( 'NONE',  ( -21.05787636960106113, 28.99999999999999289, 66.65818613606688814 ) ) ;
#4925 = CARTESIAN_POINT ( 'NONE',  ( -28.49297172124647304, 29.00000000000000355, 65.73253813934991285 ) ) ;
#4926 = CARTESIAN_POINT ( 'NONE',  ( -19.54765465873678565, 29.59999999999999076, 65.07260530756093431 ) ) ;
#4927 = CARTESIAN_POINT ( 'NONE',  ( -20.53784760440282753, 29.59999999999999432, 63.33959402992293519 ) ) ;
#4928 = CARTESIAN_POINT ( 'NONE',  ( -15.91573873524946059, 29.00000000000000000, 62.18432041989996861 ) ) ;
#4929 = CARTESIAN_POINT ( 'NONE',  ( -21.40916381532768753, 28.99999999999999645, 65.69933259137647497 ) ) ;
#4930 = CARTESIAN_POINT ( 'NONE',  ( -15.02002816920012407, 28.99999999999998934, 62.26979741943159752 ) ) ;
#4931 = LINE ( 'NONE', #3401, #5509 ) ;
#4932 = EDGE_LOOP ( 'NONE', ( #2802, #4508, #7939, #429 ) ) ;
#4933 = EDGE_CURVE ( 'NONE', #1383, #4302, #4104, .T. ) ;
#4934 = B_SPLINE_SURFACE_WITH_KNOTS ( 'NONE', 1, 1, ( 
 ( #9410, #7140 ),
 ( #633, #3581 ) ),
 .UNSPECIFIED., .F., .F., .F.,
 ( 2, 2 ),
 ( 2, 2 ),
 ( 0.000000000000000000, 1.000000000000000000 ),
 ( 0.000000000000000000, 1.000000000000000000 ),
 .UNSPECIFIED. ) ;
#4935 = CARTESIAN_POINT ( 'NONE',  ( -22.62116231413207856, 29.00000000000000355, 65.43089587304916677 ) ) ;
#4936 = CARTESIAN_POINT ( 'NONE',  ( -16.93872625036633650, 29.59999999999999787, 63.23950083977686631 ) ) ;
#4937 = LINE ( 'NONE', #7880, #3067 ) ;
#4938 = CARTESIAN_POINT ( 'NONE',  ( -32.59633790806259412, 29.59999999999999432, 64.98510921298996834 ) ) ;
#4939 = CARTESIAN_POINT ( 'NONE',  ( -12.44229486223033554, 29.59999999999999432, 65.23730005079187322 ) ) ;
#4940 = DIRECTION ( 'NONE',  ( 1.003382194966639906E-16, -0.7071067811865578978, 0.7071067811865371366 ) ) ;
#4941 = CARTESIAN_POINT ( 'NONE',  ( -16.43346415402616856, 29.60000000000000497, 62.41705866785153489 ) ) ;
#4942 = ORIENTED_EDGE ( 'NONE', *, *, #3428, .F. ) ;
#4943 = ORIENTED_EDGE ( 'NONE', *, *, #5926, .F. ) ;
#4944 = CARTESIAN_POINT ( 'NONE',  ( -28.64989942450677063, 29.59999999999999787, 65.08804284434786780 ) ) ;
#4945 = ORIENTED_EDGE ( 'NONE', *, *, #3428, .T. ) ;
#4946 = CARTESIAN_POINT ( 'NONE',  ( -16.60381893691193511, 29.59999999999999787, 62.58372603861510441 ) ) ;
#4947 = DIRECTION ( 'NONE',  ( -0.8660254037844418162, 0.4999999999999946154, 0.000000000000000000 ) ) ;
#4948 = CARTESIAN_POINT ( 'NONE',  ( -19.66870594275492934, 29.59999999999999787, 63.36872890603534358 ) ) ;
#4949 = CARTESIAN_POINT ( 'NONE',  ( -15.09663838883182407, 28.99999999999999645, 63.34989286683612164 ) ) ;
#4950 = CARTESIAN_POINT ( 'NONE',  ( -98.54999999999998295, 0.5000000000000283107, 72.74999999999998579 ) ) ;
#4951 = CARTESIAN_POINT ( 'NONE',  ( -12.09231586198058395, 29.59999999999999787, 62.16006389001607602 ) ) ;
#4952 = FACE_OUTER_BOUND ( 'NONE', #2001, .T. ) ;
#4953 = CARTESIAN_POINT ( 'NONE',  ( -17.07022640413830672, 29.59999999999998721, 64.74267555361757331 ) ) ;
#4954 = ORIENTED_EDGE ( 'NONE', *, *, #8720, .F. ) ;
#4955 = CARTESIAN_POINT ( 'NONE',  ( -29.40026471190479640, 29.59999999999999076, 63.23950083977688053 ) ) ;
#4956 = ORIENTED_EDGE ( 'NONE', *, *, #5805, .F. ) ;
#4957 = B_SPLINE_CURVE_WITH_KNOTS ( 'NONE', 3,
 ( #555, #5676, #8616, #2015, #8710, #1387, #2929 ),
 .UNSPECIFIED., .F., .F.,
 ( 4, 1, 1, 1, 4 ),
 ( 0.000000000000000000, 0.2728587156736267949, 0.5256924094060726471, 0.7668504463701361074, 1.000000000000000000 ),
 .UNSPECIFIED. ) ;
#4958 = CARTESIAN_POINT ( 'NONE',  ( -15.00006521471554777, 29.59999999999998366, 64.61765713129227606 ) ) ;
#4959 = ORIENTED_EDGE ( 'NONE', *, *, #3029, .F. ) ;
#4960 = CARTESIAN_POINT ( 'NONE',  ( -27.46281959199758660, 28.99999999999999645, 64.25881946426677871 ) ) ;
#4961 = EDGE_CURVE ( 'NONE', #4724, #5647, #8551, .T. ) ;
#4962 = CARTESIAN_POINT ( 'NONE',  ( -22.27482348498567433, 28.99999999999999289, 64.74532555914380794 ) ) ;
#4963 = CARTESIAN_POINT ( 'NONE',  ( -19.16883119047938777, 28.99999999999998579, 64.39623799480501987 ) ) ;
#4964 = FACE_OUTER_BOUND ( 'NONE', #6, .T. ) ;
#4965 = PERSON_AND_ORGANIZATION ( #1867, #1846 ) ;
#4966 = EDGE_CURVE ( 'NONE', #4533, #724, #2749, .T. ) ;
#4967 = ORIENTED_EDGE ( 'NONE', *, *, #6585, .T. ) ;
#4968 = ORIENTED_EDGE ( 'NONE', *, *, #8542, .T. ) ;
#4969 = CARTESIAN_POINT ( 'NONE',  ( -7.499999999999947597, -3.892893218813342493, 20.79999999999999716 ) ) ;
#4970 = EDGE_CURVE ( 'NONE', #7638, #4760, #8011, .T. ) ;
#4971 = FACE_OUTER_BOUND ( 'NONE', #5330, .T. ) ;
#4972 = CARTESIAN_POINT ( 'NONE',  ( -20.48241148883496976, 28.99999999999999289, 63.81306182907633939 ) ) ;
#4973 = CARTESIAN_POINT ( 'NONE',  ( -20.00941068637019882, 29.59999999999999432, 64.62138892635984178 ) ) ;
#4974 = FACE_OUTER_BOUND ( 'NONE', #1398, .T. ) ;
#4975 = CARTESIAN_POINT ( 'NONE',  ( -102.0000000000000000, 30.99999999999998579, 32.54999999999999716 ) ) ;
#4976 = PLANE ( 'NONE',  #5988 ) ;
#4977 = B_SPLINE_CURVE_WITH_KNOTS ( 'NONE', 3,
 ( #3572, #3476, #5015, #7959, #5114, #8632, #9496, #5738, #4343, #570, #8057, #3662, #7282, #2847, #6608 ),
 .UNSPECIFIED., .F., .F.,
 ( 4, 1, 1, 1, 1, 1, 1, 1, 1, 1, 1, 1, 4 ),
 ( 0.000000000000000000, 0.09636570699092032732, 0.1926773804259399869, 0.2896222406718398368, 0.3886550898832856760, 0.4418938822195943583, 0.5017248057154912733, 0.5678518755671665419, 0.6405719334343560334, 0.7203467082495574880, 0.8066203545196114488, 0.9000073740331770988, 1.000000000000000000 ),
 .UNSPECIFIED. ) ;
#4978 = CARTESIAN_POINT ( 'NONE',  ( -27.90804253137905278, 28.99999999999998934, 66.71129150193088719 ) ) ;
#4979 = CARTESIAN_POINT ( 'NONE',  ( -12.74373947982872757, 28.99999999999999289, 63.62963993191215906 ) ) ;
#4980 = B_SPLINE_CURVE_WITH_KNOTS ( 'NONE', 3,
 ( #4674, #9058, #6799, #8611, #9156, #2465, #336, #6220, #8339, #1837, #3329, #1741, #7620, #1014, #8384, #4721, #7668, #1064, #4051 ),
 .UNSPECIFIED., .F., .F.,
 ( 4, 1, 1, 1, 1, 1, 1, 1, 1, 1, 1, 1, 1, 1, 1, 1, 4 ),
 ( 0.000000000000000000, 0.08177573335282949107, 0.1602886146100739873, 0.2360338448589274218, 0.3091237293736656122, 0.3795374562276578323, 0.4473852349956581875, 0.5123670317874755575, 0.5748619756979423956, 0.6349345054528098276, 0.6929351702019227455, 0.7487031023589358902, 0.8026982310377036578, 0.8542767345730971629, 0.9042269110904047613, 0.9527339484092576249, 1.000000000000000000 ),
 .UNSPECIFIED. ) ;
#4981 = ORIENTED_EDGE ( 'NONE', *, *, #105, .T. ) ;
#4982 = CARTESIAN_POINT ( 'NONE',  ( -27.46689007362918744, 29.00000000000000000, 64.78621502529246357 ) ) ;
#4983 = CARTESIAN_POINT ( 'NONE',  ( -17.03485064845444086, 29.60000000000000142, 63.71739455675720620 ) ) ;
#4984 = AXIS2_PLACEMENT_3D ( 'NONE', #613, #7894, #5146 ) ;
#4985 = CARTESIAN_POINT ( 'NONE',  ( -19.16883119047938777, 29.59999999999998366, 64.39623799480501987 ) ) ;
#4986 = DIRECTION ( 'NONE',  ( -1.418996708365486401E-16, 1.000000000000000000, 0.000000000000000000 ) ) ;
#4987 = PLANE ( 'NONE',  #5310 ) ;
#4988 = CARTESIAN_POINT ( 'NONE',  ( -35.82710713883183473, 29.59999999999999432, 64.17741690529766174 ) ) ;
#4989 = AXIS2_PLACEMENT_3D ( 'NONE', #1661, #6868, #165 ) ;
#4990 = FACE_OUTER_BOUND ( 'NONE', #7721, .T. ) ;
#4991 = EDGE_LOOP ( 'NONE', ( #4240, #4431, #6210, #302 ) ) ;
#4992 = VECTOR ( 'NONE', #129, 1000.000000000000000 ) ;
#4993 = ORIENTED_EDGE ( 'NONE', *, *, #7331, .F. ) ;
#4994 = AXIS2_PLACEMENT_3D ( 'NONE', #7701, #6972, #6384 ) ;
#4995 = CARTESIAN_POINT ( 'NONE',  ( -28.67288288274470531, 28.99999999999999289, 64.50013680341083955 ) ) ;
#4996 = ORIENTED_EDGE ( 'NONE', *, *, #1613, .F. ) ;
#4997 = CARTESIAN_POINT ( 'NONE',  ( -15.76656677681951102, 29.00000000000000355, 65.94370047351597464 ) ) ;
#4998 = CARTESIAN_POINT ( 'NONE',  ( -2.000000000000000000, 0.000000000000000000, 70.50000000000001421 ) ) ;
#4999 = CARTESIAN_POINT ( 'NONE',  ( -22.52462169619931487, 29.59999999999998366, 64.50354387168296455 ) ) ;
#5000 = LINE ( 'NONE', #7945, #437 ) ;
#5001 = DIRECTION ( 'NONE',  ( 1.418996708365486154E-16, -1.000000000000000000, -0.000000000000000000 ) ) ;
#5002 = DIRECTION ( 'NONE',  ( 0.000000000000000000, -1.000000000000000000, 0.000000000000000000 ) ) ;
#5003 = CARTESIAN_POINT ( 'NONE',  ( -18.82282416380752110, 28.99999999999998934, 62.99543834603618819 ) ) ;
#5004 = CARTESIAN_POINT ( 'NONE',  ( -23.97601086438361051, 29.60000000000000142, 63.67257558265119854 ) ) ;
#5005 = CARTESIAN_POINT ( 'NONE',  ( -16.86864616177874510, 29.59999999999999076, 65.84268613212059051 ) ) ;
#5006 = VECTOR ( 'NONE', #3414, 1000.000000000000000 ) ;
#5007 = EDGE_LOOP ( 'NONE', ( #904, #641, #845, #479 ) ) ;
#5008 = ADVANCED_FACE ( 'NONE', ( #7235 ), #718, .F. ) ;
#5009 = CARTESIAN_POINT ( 'NONE',  ( -15.08877108297605218, 28.99999999999999289, 63.37895490024526879 ) ) ;
#5010 = ORIENTED_EDGE ( 'NONE', *, *, #2156, .F. ) ;
#5011 = CARTESIAN_POINT ( 'NONE',  ( -11.02454843071230073, 29.60000000000001208, 65.69933259137650339 ) ) ;
#5012 = AXIS2_PLACEMENT_3D ( 'NONE', #6728, #73, #7451 ) ;
#5013 = ORIENTED_EDGE ( 'NONE', *, *, #5251, .F. ) ;
#5014 = CARTESIAN_POINT ( 'NONE',  ( -19.34164752947147647, 29.59999999999999076, 64.21528985257820921 ) ) ;
#5015 = CARTESIAN_POINT ( 'NONE',  ( -10.70319915719731618, 29.00000000000000711, 66.43636829437828339 ) ) ;
#5016 = CARTESIAN_POINT ( 'NONE',  ( -29.24616931277467913, 29.59999999999999432, 66.02583594461079031 ) ) ;
#5017 = LINE ( 'NONE', #6562, #3676 ) ;
#5018 = VERTEX_POINT ( 'NONE', #1299 ) ;
#5019 = ORIENTED_EDGE ( 'NONE', *, *, #4102, .F. ) ;
#5020 = CARTESIAN_POINT ( 'NONE',  ( -22.14082179254202742, 29.60000000000000142, 63.16216302194818866 ) ) ;
#5021 = EDGE_CURVE ( 'NONE', #7856, #8183, #4977, .T. ) ;
#5022 = CARTESIAN_POINT ( 'NONE',  ( -14.27439850438462443, 29.59999999999999432, 63.23624435480181205 ) ) ;
#5023 = DIRECTION ( 'NONE',  ( -0.000000000000000000, 0.7071067811865378028, 0.7071067811865573427 ) ) ;
#5024 = CARTESIAN_POINT ( 'NONE',  ( -24.63479944652414133, 29.59999999999999432, 65.44664767452843535 ) ) ;
#5025 = CARTESIAN_POINT ( 'NONE',  ( -19.85523295922023834, 29.59999999999999432, 62.29264642209238190 ) ) ;
#5026 = DIRECTION ( 'NONE',  ( 1.418996708365486154E-16, -1.000000000000000000, 0.000000000000000000 ) ) ;
#5027 = CARTESIAN_POINT ( 'NONE',  ( -2.500000000000042188, 0.000000000000000000, 21.30000000000002558 ) ) ;
#5028 = CARTESIAN_POINT ( 'NONE',  ( -11.89974724073059953, 29.59999999999999432, 62.99543834603621661 ) ) ;
#5029 = EDGE_CURVE ( 'NONE', #406, #6460, #6828, .T. ) ;
#5030 = CARTESIAN_POINT ( 'NONE',  ( -28.14921139015755358, 29.59999999999999076, 65.96213373037441841 ) ) ;
#5031 = ORIENTED_EDGE ( 'NONE', *, *, #7216, .F. ) ;
#5032 = CARTESIAN_POINT ( 'NONE',  ( -22.74891277724744398, 28.99999999999998934, 65.30953555119603493 ) ) ;
#5033 = CARTESIAN_POINT ( 'NONE',  ( -16.65346655535550369, 29.59999999999998366, 62.64412418362621793 ) ) ;
#5034 = CARTESIAN_POINT ( 'NONE',  ( -16.21023027477487588, 29.59999999999999076, 64.26004090919404632 ) ) ;
#5035 = CARTESIAN_POINT ( 'NONE',  ( -27.90670862976487498, 29.60000000000000142, 65.94536505910583912 ) ) ;
#5036 = CARTESIAN_POINT ( 'NONE',  ( -7.999999999999989342, -4.099999999999905498, 32.49999999999995026 ) ) ;
#5037 = CARTESIAN_POINT ( 'NONE',  ( -19.15763598498567077, 28.99999999999999645, 62.15818613606688814 ) ) ;
#5038 = CARTESIAN_POINT ( 'NONE',  ( -22.21671745916983554, 29.60000000000001918, 63.05376029987498754 ) ) ;
#5039 = VERTEX_POINT ( 'NONE', #3525 ) ;
#5040 = ADVANCED_FACE ( 'NONE', ( #1349 ), #8637, .T. ) ;
#5041 = VERTEX_POINT ( 'NONE', #5974 ) ;
#5042 = VECTOR ( 'NONE', #9278, 1000.000000000000000 ) ;
#5043 = CARTESIAN_POINT ( 'NONE',  ( 0.000000000000000000, 0.5000000000000281997, 72.49999999999995737 ) ) ;
#5044 = ORIENTED_EDGE ( 'NONE', *, *, #5711, .F. ) ;
#5045 = AXIS2_PLACEMENT_3D ( 'NONE', #765, #5295, #5395 ) ;
#5046 = CARTESIAN_POINT ( 'NONE',  ( -103.6999999999999886, 30.49999999999998579, 34.75000000000000000 ) ) ;
#5047 = ORIENTED_EDGE ( 'NONE', *, *, #8549, .T. ) ;
#5048 = LINE ( 'NONE', #4184, #7530 ) ;
#5049 = PLANE ( 'NONE',  #2281 ) ;
#5050 = CARTESIAN_POINT ( 'NONE',  ( -17.59633790806259768, 28.99999999999999289, 66.65818613606688814 ) ) ;
#5051 = CARTESIAN_POINT ( 'NONE',  ( 0.000000000000000000, -3.466025403784356307, 23.10000000000002984 ) ) ;
#5052 = CARTESIAN_POINT ( 'NONE',  ( -19.10036089398977666, 29.00000000000000355, 62.90996901907805494 ) ) ;
#5053 = CARTESIAN_POINT ( 'NONE',  ( -23.99689286220508322, 28.99999999999999289, 63.52870578933036683 ) ) ;
#5054 = DIRECTION ( 'NONE',  ( 1.418996708365486154E-16, -1.000000000000000000, -0.000000000000000000 ) ) ;
#5055 = AXIS2_PLACEMENT_3D ( 'NONE', #7720, #4815, #5547 ) ;
#5056 = ORIENTED_EDGE ( 'NONE', *, *, #1824, .T. ) ;
#5057 = VECTOR ( 'NONE', #6657, 1000.000000000000000 ) ;
#5058 = VECTOR ( 'NONE', #3432, 1000.000000000000000 ) ;
#5059 = CARTESIAN_POINT ( 'NONE',  ( -1.499999999999958034, 26.20710678118656389, 0.000000000000000000 ) ) ;
#5060 = VERTEX_POINT ( 'NONE', #6844 ) ;
#5061 = CARTESIAN_POINT ( 'NONE',  ( -10.67326098498566722, 29.59999999999999787, 66.65818613606688814 ) ) ;
#5062 = ORIENTED_EDGE ( 'NONE', *, *, #2443, .F. ) ;
#5063 = ADVANCED_FACE ( 'NONE', ( #42 ), #7420, .T. ) ;
#5064 = CARTESIAN_POINT ( 'NONE',  ( -26.59759235733204719, 28.99999999999998934, 64.58549466067833578 ) ) ;
#5065 = EDGE_CURVE ( 'NONE', #2618, #5060, #6695, .T. ) ;
#5066 = CARTESIAN_POINT ( 'NONE',  ( -22.53049010660216567, 29.59999999999999787, 65.52088750954737861 ) ) ;
#5067 = CONICAL_SURFACE ( 'NONE', #3988, 2.200000000000007283, 0.7853981633974560506 ) ;
#5068 = CARTESIAN_POINT ( 'NONE',  ( -12.01844289975069913, 29.00000000000000000, 65.67168491100733263 ) ) ;
#5069 = AXIS2_PLACEMENT_3D ( 'NONE', #1972, #4907, #7854 ) ;
#5070 = CARTESIAN_POINT ( 'NONE',  ( -11.96755893964460959, 29.00000000000000355, 65.75380239408757177 ) ) ;
#5071 = CARTESIAN_POINT ( 'NONE',  ( -16.19934258412799366, 29.59999999999999432, 64.94528547894906012 ) ) ;
#5072 = ORIENTED_EDGE ( 'NONE', *, *, #8681, .F. ) ;
#5073 = ORIENTED_EDGE ( 'NONE', *, *, #2845, .F. ) ;
#5074 = CARTESIAN_POINT ( 'NONE',  ( -27.90670862976487498, 29.00000000000002842, 65.94536505910583912 ) ) ;
#5075 = CARTESIAN_POINT ( 'NONE',  ( -14.14888517143924673, 29.59999999999999432, 63.98370710216788382 ) ) ;
#5076 = CARTESIAN_POINT ( 'NONE',  ( -20.20750383140237716, 29.60000000000000142, 64.36983560347518107 ) ) ;
#5077 = CARTESIAN_POINT ( 'NONE',  ( -13.45097461474193778, 29.60000000000000497, 64.08802397150155628 ) ) ;
#5078 = CARTESIAN_POINT ( 'NONE',  ( -15.18048306393897917, 28.99999999999999289, 63.14154371149026446 ) ) ;
#5079 = LINE ( 'NONE', #2232, #6906 ) ;
#5080 = DIRECTION ( 'NONE',  ( 0.000000000000000000, 1.000000000000000000, 0.000000000000000000 ) ) ;
#5081 = CARTESIAN_POINT ( 'NONE',  ( -14.67318262239076532, 29.60000000000000142, 62.50642618244728510 ) ) ;
#5082 = CARTESIAN_POINT ( 'NONE',  ( -28.12105849252490586, 28.99999999999999289, 62.15947385397782909 ) ) ;
#5083 = EDGE_CURVE ( 'NONE', #1918, #7313, #8191, .T. ) ;
#5084 = ORIENTED_EDGE ( 'NONE', *, *, #8759, .T. ) ;
#5085 = CARTESIAN_POINT ( 'NONE',  ( -27.61509150165251825, 29.00000000000000355, 62.21894754577338205 ) ) ;
#5086 = FACE_OUTER_BOUND ( 'NONE', #4853, .T. ) ;
#5087 = EDGE_CURVE ( 'NONE', #7994, #5198, #141, .T. ) ;
#5088 = CARTESIAN_POINT ( 'NONE',  ( -16.17832495637113865, 29.59999999999999432, 63.67394964916939415 ) ) ;
#5089 = CARTESIAN_POINT ( 'NONE',  ( -28.67326098498566722, 29.59999999999999787, 64.43883517452844956 ) ) ;
#5090 = PLANE ( 'NONE',  #1156 ) ;
#5091 = CARTESIAN_POINT ( 'NONE',  ( -19.60038253831501720, 29.59999999999999787, 62.20551655094875798 ) ) ;
#5092 = CARTESIAN_POINT ( 'NONE',  ( -22.60114560037029108, 29.59999999999999432, 62.90818613606688814 ) ) ;
#5093 = EDGE_CURVE ( 'NONE', #4323, #8707, #6120, .T. ) ;
#5094 = VERTEX_POINT ( 'NONE', #2985 ) ;
#5095 = EDGE_LOOP ( 'NONE', ( #3715, #1884, #7215, #3901 ) ) ;
#5096 = ORIENTED_EDGE ( 'NONE', *, *, #5446, .F. ) ;
#5097 = EDGE_CURVE ( 'NONE', #2453, #7288, #4526, .T. ) ;
#5098 = CARTESIAN_POINT ( 'NONE',  ( -15.91155830651709202, 28.99999999999999289, 65.87081720487880432 ) ) ;
#5099 = CARTESIAN_POINT ( 'NONE',  ( -30.70150617729335707, 29.59999999999999432, 64.98510921298996834 ) ) ;
#5100 = CARTESIAN_POINT ( 'NONE',  ( -23.59962643392186621, 28.99999999999998934, 64.46298851135722430 ) ) ;
#5101 = LINE ( 'NONE', #559, #4215 ) ;
#5102 = CARTESIAN_POINT ( 'NONE',  ( -13.45097461474193778, 29.00000000000000355, 64.08802397150155628 ) ) ;
#5103 = CARTESIAN_POINT ( 'NONE',  ( -13.61556867729336062, 29.59999999999999432, 65.79280152068227494 ) ) ;
#5104 = CARTESIAN_POINT ( 'NONE',  ( -16.82939203414159834, 29.00000000000000000, 62.94066240168369575 ) ) ;
#5105 = EDGE_CURVE ( 'NONE', #8411, #8848, #3035, .T. ) ;
#5106 = CARTESIAN_POINT ( 'NONE',  ( -18.87751888116903842, 28.99999999999999289, 62.17655970823265932 ) ) ;
#5107 = B_SPLINE_SURFACE_WITH_KNOTS ( 'NONE', 3, 1, ( 
 ( #4164, #533 ),
 ( #8023, #4309 ),
 ( #9457, #5796 ),
 ( #2710, #6332 ),
 ( #8737, #2759 ),
 ( #2143, #4877 ),
 ( #5077, #5606 ),
 ( #1220, #7097 ),
 ( #3439, #3485 ),
 ( #6372, #6419 ),
 ( #8641, #2041 ) ),
 .UNSPECIFIED., .F., .F., .F.,
 ( 4, 1, 1, 1, 1, 1, 1, 1, 4 ),
 ( 2, 2 ),
 ( 0.000000000000000000, 0.1191872499897266846, 0.2364492136138232059, 0.3526964175350920661, 0.4691294060866678106, 0.5898117834426045425, 0.7176139690473988253, 0.8546066610398614927, 1.000000000000000000 ),
 ( 0.000000000000000000, 1.000000000000000000 ),
 .UNSPECIFIED. ) ;
#5108 = ORIENTED_EDGE ( 'NONE', *, *, #7724, .T. ) ;
#5109 = CARTESIAN_POINT ( 'NONE',  ( -22.98971042237350204, 29.59999999999999076, 63.97553209429965193 ) ) ;
#5110 = ORIENTED_EDGE ( 'NONE', *, *, #1906, .T. ) ;
#5111 = CARTESIAN_POINT ( 'NONE',  ( -15.60595329267797737, 28.99999999999999289, 62.15818613606688814 ) ) ;
#5112 = VERTEX_POINT ( 'NONE', #4434 ) ;
#5113 = DIRECTION ( 'NONE',  ( 0.000000000000000000, 0.000000000000000000, -1.000000000000000000 ) ) ;
#5114 = CARTESIAN_POINT ( 'NONE',  ( -10.84787956770602158, 29.00000000000001066, 66.00964228596721739 ) ) ;
#5115 = CARTESIAN_POINT ( 'NONE',  ( -29.09333310037028397, 29.59999999999999432, 66.25884719375919474 ) ) ;
#5116 = CARTESIAN_POINT ( 'NONE',  ( -1.499999999999971800, 0.000000000000000000, 73.00000000000000000 ) ) ;
#5117 = CARTESIAN_POINT ( 'NONE',  ( -32.59633790806259412, 29.59999999999999432, 66.65818613606688814 ) ) ;
#5118 = EDGE_LOOP ( 'NONE', ( #3129, #4839, #2261, #9180 ) ) ;
#5119 = ORIENTED_EDGE ( 'NONE', *, *, #8007, .F. ) ;
#5120 = EDGE_CURVE ( 'NONE', #6937, #5112, #7376, .T. ) ;
#5121 = CARTESIAN_POINT ( 'NONE',  ( -27.76265932929494795, 29.00000000000001776, 65.87175899687413505 ) ) ;
#5122 = CARTESIAN_POINT ( 'NONE',  ( -23.63327634390308063, 29.59999999999999432, 62.50708212844769207 ) ) ;
#5123 = CARTESIAN_POINT ( 'NONE',  ( -20.10234752344721088, 28.99999999999999645, 64.51095055914380794 ) ) ;
#5124 = CARTESIAN_POINT ( 'NONE',  ( -20.07575854785650193, 29.59999999999999787, 62.42470264681981718 ) ) ;
#5125 = LINE ( 'NONE', #8739, #1827 ) ;
#5126 = LINE ( 'NONE', #637, #439 ) ;
#5127 = CARTESIAN_POINT ( 'NONE',  ( -28.06749175421644082, 29.59999999999999787, 62.90818613606689524 ) ) ;
#5128 = EDGE_CURVE ( 'NONE', #6957, #2777, #2311, .T. ) ;
#5129 = CARTESIAN_POINT ( 'NONE',  ( -104.9999999999999716, 30.49999999999994316, 13.74999999999999822 ) ) ;
#5130 = ORIENTED_EDGE ( 'NONE', *, *, #5970, .F. ) ;
#5131 = ADVANCED_FACE ( 'NONE', ( #2263 ), #5253, .T. ) ;
#5132 = DIRECTION ( 'NONE',  ( 0.000000000000000000, -1.000000000000000000, 0.000000000000000000 ) ) ;
#5133 = CARTESIAN_POINT ( 'NONE',  ( -28.01422470873685455, 29.00000000000000000, 62.15948746485633336 ) ) ;
#5134 = PLANE ( 'NONE',  #898 ) ;
#5135 = CARTESIAN_POINT ( 'NONE',  ( -14.13509552193151819, 29.59999999999999787, 64.37813097199821755 ) ) ;
#5136 = CARTESIAN_POINT ( 'NONE',  ( -15.00592688947349806, 29.00000000000000355, 64.08812424167317090 ) ) ;
#5137 = CARTESIAN_POINT ( 'NONE',  ( -19.96965195554107098, 29.00000000000000355, 62.35348029611564158 ) ) ;
#5138 = B_SPLINE_CURVE_WITH_KNOTS ( 'NONE', 3,
 ( #3347, #7142, #7053, #4928, #5608, #9316, #2712, #8547, #449, #535, #4067 ),
 .UNSPECIFIED., .F., .F.,
 ( 4, 1, 1, 1, 1, 1, 1, 1, 4 ),
 ( 0.000000000000000000, 0.1373282810095198536, 0.2673624217199562225, 0.3929794554192889700, 0.5142193435920626721, 0.6341860071116700581, 0.7543431548904964146, 0.8755707935165630840, 1.000000000000000000 ),
 .UNSPECIFIED. ) ;
#5139 = ORIENTED_EDGE ( 'NONE', *, *, #6624, .F. ) ;
#5140 = EDGE_CURVE ( 'NONE', #9026, #4520, #2919, .T. ) ;
#5141 = ORIENTED_EDGE ( 'NONE', *, *, #7910, .T. ) ;
#5142 = ADVANCED_FACE ( 'NONE', ( #4005 ), #1881, .T. ) ;
#5143 = DIRECTION ( 'NONE',  ( -0.000000000000000000, 1.000000000000000000, -0.000000000000000000 ) ) ;
#5144 = ORIENTED_EDGE ( 'NONE', *, *, #1177, .F. ) ;
#5145 = CARTESIAN_POINT ( 'NONE',  ( -15.63339356454071805, 29.59999999999999432, 65.96462102316323239 ) ) ;
#5146 = DIRECTION ( 'NONE',  ( 0.7071067811865474617, 0.000000000000000000, 0.7071067811865474617 ) ) ;
#5147 = DIRECTION ( 'NONE',  ( -0.5773502691896418293, -0.5773502691896257311, 0.5773502691896097438 ) ) ;
#5148 = LINE ( 'NONE', #8949, #4992 ) ;
#5149 = CARTESIAN_POINT ( 'NONE',  ( -16.73999122002557982, 29.60000000000000497, 62.76957086735013291 ) ) ;
#5150 = PLANE ( 'NONE',  #1369 ) ;
#5151 = VECTOR ( 'NONE', #7202, 1000.000000000000000 ) ;
#5152 = ORIENTED_EDGE ( 'NONE', *, *, #3057, .T. ) ;
#5153 = EDGE_CURVE ( 'NONE', #5887, #723, #5568, .T. ) ;
#5154 = ORIENTED_EDGE ( 'NONE', *, *, #6797, .T. ) ;
#5155 = CARTESIAN_POINT ( 'NONE',  ( -14.61140621875770584, 28.99999999999999645, 62.57863721179622729 ) ) ;
#5156 = VERTEX_POINT ( 'NONE', #6315 ) ;
#5157 = DIRECTION ( 'NONE',  ( 0.7071067811865476838, -0.7071067811865474617, 0.000000000000000000 ) ) ;
#5158 = AXIS2_PLACEMENT_3D ( 'NONE', #3744, #2399, #6785 ) ;
#5159 = CARTESIAN_POINT ( 'NONE',  ( -23.55021163491750968, 29.59999999999999787, 64.52820154558349941 ) ) ;
#5160 = DIRECTION ( 'NONE',  ( 0.7071067811865378028, -0.7071067811865573427, 9.185433182841793626E-17 ) ) ;
#5161 = CARTESIAN_POINT ( 'NONE',  ( -12.08933566429850792, 28.99999999999998579, 65.58481777482309383 ) ) ;
#5162 = LINE ( 'NONE', #4393, #8600 ) ;
#5163 = VERTEX_POINT ( 'NONE', #7715 ) ;
#5164 = ORIENTED_EDGE ( 'NONE', *, *, #4392, .T. ) ;
#5165 = AXIS2_PLACEMENT_3D ( 'NONE', #8801, #1522, #8939 ) ;
#5166 = CARTESIAN_POINT ( 'NONE',  ( -37.78864560037028753, 29.59999999999999076, 62.15818613606688814 ) ) ;
#5167 = CARTESIAN_POINT ( 'NONE',  ( -14.56173933269421994, 28.99999999999999645, 62.63900911233363900 ) ) ;
#5168 = CARTESIAN_POINT ( 'NONE',  ( -23.97601086438361051, 29.60000000000000142, 63.67257558265119854 ) ) ;
#5169 = EDGE_CURVE ( 'NONE', #1526, #2491, #1107, .T. ) ;
#5170 = CARTESIAN_POINT ( 'NONE',  ( -27.04165040806259412, 29.59999999999999787, 62.61521738606690235 ) ) ;
#5171 = CARTESIAN_POINT ( 'NONE',  ( -12.65554335578029921, 29.59999999999999432, 63.89224287257272294 ) ) ;
#5172 = CARTESIAN_POINT ( 'NONE',  ( -98.79999999999999716, 0.5000000000000419664, 69.99999999999998579 ) ) ;
#5173 = CARTESIAN_POINT ( 'NONE',  ( -36.36985229512001894, 28.99999999999998934, 63.03010259176880226 ) ) ;
#5174 = CARTESIAN_POINT ( 'NONE',  ( -2.000000000000000000, 0.000000000000000000, 33.50000000000003553 ) ) ;
#5175 = ORIENTED_EDGE ( 'NONE', *, *, #171, .F. ) ;
#5176 = EDGE_CURVE ( 'NONE', #1918, #6872, #2647, .T. ) ;
#5177 = B_SPLINE_SURFACE_WITH_KNOTS ( 'NONE', 3, 1, ( 
 ( #652, #3507 ),
 ( #6446, #9384 ),
 ( #2780, #8764 ),
 ( #2165, #7942 ),
 ( #4278, #7217 ),
 ( #1530, #8850 ),
 ( #8322, #945 ),
 ( #3789, #6679 ),
 ( #2248, #7406 ),
 ( #6054, #8130 ),
 ( #8991, #1622 ),
 ( #8945, #4613 ),
 ( #2297, #29 ),
 ( #8174, #6829 ),
 ( #4657, #896 ) ),
 .UNSPECIFIED., .F., .F., .F.,
 ( 4, 1, 1, 1, 1, 1, 1, 1, 1, 1, 1, 1, 4 ),
 ( 2, 2 ),
 ( 0.000000000000000000, 0.09636570699092032732, 0.1926773804259399869, 0.2896222406718398368, 0.3886550898832856760, 0.4418938822195943583, 0.5017248057154912733, 0.5678518755671665419, 0.6405719334343560334, 0.7203467082495574880, 0.8066203545196114488, 0.9000073740331770988, 1.000000000000000000 ),
 ( 0.000000000000000000, 1.000000000000000000 ),
 .UNSPECIFIED. ) ;
#5178 = PLANE ( 'NONE',  #524 ) ;
#5179 = CARTESIAN_POINT ( 'NONE',  ( -3.399999999828651198, -3.600000000002877343, 31.19999999998495355 ) ) ;
#5180 = EDGE_CURVE ( 'NONE', #1492, #1813, #7802, .T. ) ;
#5181 = CARTESIAN_POINT ( 'NONE',  ( -12.10146869915092616, 28.99999999999999645, 62.91341316413078033 ) ) ;
#5182 = CARTESIAN_POINT ( 'NONE',  ( -14.13567579167733612, 29.59999999999999787, 64.27682564762334039 ) ) ;
#5183 = CARTESIAN_POINT ( 'NONE',  ( -22.04449432809834164, 28.99999999999999645, 63.51245042299269272 ) ) ;
#5184 = CARTESIAN_POINT ( 'NONE',  ( 0.000000000000000000, 4.076600168545547790E-14, 30.69999999999996376 ) ) ;
#5185 = EDGE_LOOP ( 'NONE', ( #6127, #6604, #6346, #7682, #5686, #2547, #3318 ) ) ;
#5186 = B_SPLINE_CURVE_WITH_KNOTS ( 'NONE', 3,
 ( #8476, #6215, #7117, #1194, #9247, #4186, #7754, #375, #6399, #511, #5488 ),
 .UNSPECIFIED., .F., .F.,
 ( 4, 1, 1, 1, 1, 1, 1, 1, 4 ),
 ( 0.000000000000000000, 0.1239584095619914311, 0.2446998826385572978, 0.3639412791697738681, 0.4841523681817074820, 0.6059993946649755436, 0.7313057411264480834, 0.8627578173791414784, 1.000000000000000000 ),
 .UNSPECIFIED. ) ;
#5187 = ORIENTED_EDGE ( 'NONE', *, *, #8056, .F. ) ;
#5188 = LINE ( 'NONE', #3120, #6247 ) ;
#5189 = EDGE_LOOP ( 'NONE', ( #5321, #2628, #4945, #6196 ) ) ;
#5190 = CARTESIAN_POINT ( 'NONE',  ( -28.67274938592097655, 29.59999999999999787, 64.37753776437595832 ) ) ;
#5191 = CARTESIAN_POINT ( 'NONE',  ( -36.95019253944585813, 29.59999999999999432, 62.45677245682414025 ) ) ;
#5192 = DIRECTION ( 'NONE',  ( 1.000000000000000000, 0.000000000000000000, 0.000000000000000000 ) ) ;
#5193 = CARTESIAN_POINT ( 'NONE',  ( -16.19154932426939197, 28.99999999999998934, 63.79798788449920721 ) ) ;
#5194 = CARTESIAN_POINT ( 'NONE',  ( -21.17326098498567433, 29.00000000000000355, 63.51575825145150134 ) ) ;
#5195 = DIRECTION ( 'NONE',  ( 1.418996708365486154E-16, -1.000000000000000000, -0.000000000000000000 ) ) ;
#5196 = ORIENTED_EDGE ( 'NONE', *, *, #3505, .F. ) ;
#5197 = VECTOR ( 'NONE', #270, 1000.000000000000114 ) ;
#5198 = VERTEX_POINT ( 'NONE', #7077 ) ;
#5199 = VECTOR ( 'NONE', #737, 1000.000000000000000 ) ;
#5200 = CARTESIAN_POINT ( 'NONE',  ( -17.71172252344721088, 29.00000000000000355, 63.51575825145150134 ) ) ;
#5201 = ORIENTED_EDGE ( 'NONE', *, *, #6034, .T. ) ;
#5202 = B_SPLINE_CURVE_WITH_KNOTS ( 'NONE', 3,
 ( #2125, #4387, #6461, #9400, #7281, #6607, #5014, #7330, #2797, #9495, #716 ),
 .UNSPECIFIED., .F., .F.,
 ( 4, 1, 1, 1, 1, 1, 1, 1, 4 ),
 ( 0.000000000000000000, 0.1850902117818967740, 0.3523572497833285522, 0.5030799192422875654, 0.6360081999872619907, 0.7524730698093538006, 0.8518856678189902221, 0.9343393817377413368, 1.000000000000000000 ),
 .UNSPECIFIED. ) ;
#5203 = DIRECTION ( 'NONE',  ( 0.5663183426695762579, 0.000000000000000000, 0.8241865897695646037 ) ) ;
#5204 = EDGE_CURVE ( 'NONE', #8760, #5907, #472, .T. ) ;
#5205 = CARTESIAN_POINT ( 'NONE',  ( -15.84107550938551512, 29.00000000000000711, 65.91328158246395219 ) ) ;
#5206 = VECTOR ( 'NONE', #7672, 1000.000000000000000 ) ;
#5207 = CARTESIAN_POINT ( 'NONE',  ( -12.17728397091284620, 29.59999999999999787, 62.90996901907805494 ) ) ;
#5208 = DIRECTION ( 'NONE',  ( -1.000000000000000000, 0.000000000000000000, 0.000000000000000000 ) ) ;
#5209 = FACE_OUTER_BOUND ( 'NONE', #3454, .T. ) ;
#5210 = AXIS2_PLACEMENT_3D ( 'NONE', #1594, #3041, #5307 ) ;
#5211 = ORIENTED_EDGE ( 'NONE', *, *, #5826, .F. ) ;
#5212 = EDGE_LOOP ( 'NONE', ( #3306, #2895, #3773, #2876 ) ) ;
#5213 = CARTESIAN_POINT ( 'NONE',  ( -7.499999999999947597, 2.803847577293379967, 20.79999999999999716 ) ) ;
#5214 = CARTESIAN_POINT ( 'NONE',  ( -29.28932644231577953, 29.59999999999999076, 65.93683472907375176 ) ) ;
#5215 = VECTOR ( 'NONE', #509, 1000.000000000000000 ) ;
#5216 = CARTESIAN_POINT ( 'NONE',  ( -23.99938606594129098, 29.59999999999999432, 63.33959402992293519 ) ) ;
#5217 = VECTOR ( 'NONE', #7735, 1000.000000000000000 ) ;
#5218 = EDGE_CURVE ( 'NONE', #8760, #4802, #5443, .T. ) ;
#5219 = CARTESIAN_POINT ( 'NONE',  ( -29.42863642830685222, 28.99999999999998934, 63.35036599760609732 ) ) ;
#5220 = CARTESIAN_POINT ( 'NONE',  ( -4.999999999999976907, -1.999999999999977573, 32.49999999999995026 ) ) ;
#5221 = FACE_OUTER_BOUND ( 'NONE', #5258, .T. ) ;
#5222 = LINE ( 'NONE', #8928, #7988 ) ;
#5223 = CARTESIAN_POINT ( 'NONE',  ( -27.59453075760505669, 29.59999999999999432, 63.23871921102352900 ) ) ;
#5224 = EDGE_CURVE ( 'NONE', #5094, #667, #2507, .T. ) ;
#5225 = VECTOR ( 'NONE', #2715, 1000.000000000000000 ) ;
#5226 = CARTESIAN_POINT ( 'NONE',  ( -19.31186319129938411, 28.99999999999999645, 62.16114962526409471 ) ) ;
#5227 = ORIENTED_EDGE ( 'NONE', *, *, #428, .F. ) ;
#5228 = CARTESIAN_POINT ( 'NONE',  ( -22.72398494428227522, 28.99999999999999645, 64.30080552589373610 ) ) ;
#5229 = CARTESIAN_POINT ( 'NONE',  ( -16.16502004077773691, 29.59999999999999432, 63.56453297040035011 ) ) ;
#5230 = DIRECTION ( 'NONE',  ( 1.000000000000000000, 0.000000000000000000, -0.000000000000000000 ) ) ;
#5231 = CARTESIAN_POINT ( 'NONE',  ( -29.94249175421643372, 29.59999999999999432, 65.73510921298995413 ) ) ;
#5232 = FACE_OUTER_BOUND ( 'NONE', #7337, .T. ) ;
#5233 = CARTESIAN_POINT ( 'NONE',  ( -22.99678326364589154, 29.00000000000000355, 63.05857560965164055 ) ) ;
#5234 = CARTESIAN_POINT ( 'NONE',  ( -15.04779744967975930, 29.59999999999999076, 65.31138606918774769 ) ) ;
#5235 = EDGE_LOOP ( 'NONE', ( #4885, #6635, #2843, #1015, #1225, #6983, #4851, #6503, #9177, #1571, #7371, #9049, #5994 ) ) ;
#5236 = ADVANCED_FACE ( 'NONE', ( #4048 ), #6988, .T. ) ;
#5237 = ORIENTED_EDGE ( 'NONE', *, *, #7, .F. ) ;
#5238 = CARTESIAN_POINT ( 'NONE',  ( -11.89020810037028397, 29.59999999999999787, 64.74532555914380794 ) ) ;
#5239 = CARTESIAN_POINT ( 'NONE',  ( -20.53535440066662332, 28.99999999999998934, 63.52870578933036683 ) ) ;
#5240 = CARTESIAN_POINT ( 'NONE',  ( -28.67176873631333578, 28.99999999999998934, 64.26004090919407474 ) ) ;
#5241 = CARTESIAN_POINT ( 'NONE',  ( -36.36985229512001894, 29.59999999999999076, 63.03010259176880226 ) ) ;
#5242 = CARTESIAN_POINT ( 'NONE',  ( -15.14583592714022053, 29.60000000000000142, 66.64864551477415944 ) ) ;
#5243 = CARTESIAN_POINT ( 'NONE',  ( -16.17832495637113865, 28.99999999999999289, 63.67394964916939415 ) ) ;
#5244 = CARTESIAN_POINT ( 'NONE',  ( -29.42863642830685222, 28.99999999999998934, 63.35036599760609732 ) ) ;
#5245 = CARTESIAN_POINT ( 'NONE',  ( 0.000000000000000000, 28.00000000000000000, 73.00000000000000000 ) ) ;
#5246 = ORIENTED_EDGE ( 'NONE', *, *, #5120, .F. ) ;
#5247 = EDGE_LOOP ( 'NONE', ( #8562, #18, #7240 ) ) ;
#5248 = DIRECTION ( 'NONE',  ( 0.000000000000000000, 0.000000000000000000, -1.000000000000000000 ) ) ;
#5249 = VERTEX_POINT ( 'NONE', #2603 ) ;
#5250 = CARTESIAN_POINT ( 'NONE',  ( -31.73095329267797737, 29.59999999999999432, 63.48691209760534804 ) ) ;
#5251 = EDGE_CURVE ( 'NONE', #7659, #3501, #5541, .T. ) ;
#5252 = DIRECTION ( 'NONE',  ( -0.5773502691896215122, -0.5773502691896376104, 0.5773502691896181815 ) ) ;
#5253 = PLANE ( 'NONE',  #6234 ) ;
#5254 = CARTESIAN_POINT ( 'NONE',  ( -26.62380039479913663, 28.99999999999998934, 63.84523698884249399 ) ) ;
#5255 = CARTESIAN_POINT ( 'NONE',  ( -12.14587472198677709, 29.60000000000001208, 65.52088750954740703 ) ) ;
#5256 = CARTESIAN_POINT ( 'NONE',  ( -19.13960713883182763, 29.59999999999999432, 62.90818613606688814 ) ) ;
#5257 = VERTEX_POINT ( 'NONE', #615 ) ;
#5258 = EDGE_LOOP ( 'NONE', ( #6028, #6493, #3687, #3007 ) ) ;
#5259 = CARTESIAN_POINT ( 'NONE',  ( -105.5000000000000000, 29.50000000000002487, 14.25000000000004086 ) ) ;
#5260 = ORIENTED_EDGE ( 'NONE', *, *, #8387, .F. ) ;
#5261 = B_SPLINE_SURFACE_WITH_KNOTS ( 'NONE', 3, 1, ( 
 ( #4627, #7615 ),
 ( #6171, #188 ),
 ( #9105, #9007 ),
 ( #7664, #8190 ),
 ( #8913, #2310 ),
 ( #7517, #2408 ),
 ( #5347, #5680 ),
 ( #8428, #9196 ),
 ( #2736, #4139 ),
 ( #9290, #7075 ),
 ( #3372, #7713 ),
 ( #3461, #4092 ),
 ( #7849, #9149 ),
 ( #4046, #6353 ),
 ( #8521, #2689 ) ),
 .UNSPECIFIED., .F., .F., .F.,
 ( 4, 1, 1, 1, 1, 1, 1, 1, 1, 1, 1, 1, 4 ),
 ( 2, 2 ),
 ( 0.000000000000000000, 0.09636570699092021630, 0.1926773804259398482, 0.2896222406718396702, 0.3886550898832855649, 0.4418938822195938032, 0.5017248057154910512, 0.5678518755671658758, 0.6405719334343553673, 0.7203467082495578211, 0.8066203545196107827, 0.9000073740331770988, 1.000000000000000000 ),
 ( 0.000000000000000000, 1.000000000000000000 ),
 .UNSPECIFIED. ) ;
#5262 = CARTESIAN_POINT ( 'NONE',  ( -27.35662454631980012, 29.59999999999999076, 62.33407319236052047 ) ) ;
#5263 = ADVANCED_FACE ( 'NONE', ( #4284 ), #5946, .T. ) ;
#5264 = PLANE ( 'NONE',  #7634 ) ;
#5265 = CARTESIAN_POINT ( 'NONE',  ( -16.99233108383240420, 29.60000000000000497, 65.40916249111533887 ) ) ;
#5266 = CARTESIAN_POINT ( 'NONE',  ( -23.72018276408098103, 29.59999999999999432, 62.59643381103102655 ) ) ;
#5267 = CARTESIAN_POINT ( 'NONE',  ( -14.29134003271383335, 29.60000000000000142, 65.72775234911175346 ) ) ;
#5268 = CARTESIAN_POINT ( 'NONE',  ( -12.74860897024940165, 29.59999999999998366, 63.45371195238224971 ) ) ;
#5269 = DIRECTION ( 'NONE',  ( 0.000000000000000000, 1.000000000000000000, 0.000000000000000000 ) ) ;
#5270 = B_SPLINE_SURFACE_WITH_KNOTS ( 'NONE', 3, 1, ( 
 ( #8066, #2191 ),
 ( #5654, #3582 ),
 ( #3537, #7970 ),
 ( #4353, #1417 ),
 ( #1465, #9363 ),
 ( #6472, #7246 ),
 ( #7872, #6520 ),
 ( #1263, #5078 ),
 ( #2860, #9411 ),
 ( #634, #684 ),
 ( #4206, #9510 ) ),
 .UNSPECIFIED., .F., .F., .F.,
 ( 4, 1, 1, 1, 1, 1, 1, 1, 4 ),
 ( 2, 2 ),
 ( 0.000000000000000000, 0.1136384890722382801, 0.2223861812653078196, 0.3312523767958305831, 0.4413103711807807028, 0.5581281266397009055, 0.6869862659608907407, 0.8340526583991203502, 1.000000000000000000 ),
 ( 0.000000000000000000, 1.000000000000000000 ),
 .UNSPECIFIED. ) ;
#5271 = ORIENTED_EDGE ( 'NONE', *, *, #2467, .F. ) ;
#5272 = EDGE_CURVE ( 'NONE', #9084, #6957, #8670, .T. ) ;
#5273 = CARTESIAN_POINT ( 'NONE',  ( -28.22745935931103389, 29.59999999999999432, 62.93054619695440266 ) ) ;
#5274 = ORIENTED_EDGE ( 'NONE', *, *, #7510, .F. ) ;
#5275 = CARTESIAN_POINT ( 'NONE',  ( -29.28932644231577953, 28.99999999999998934, 65.93683472907375176 ) ) ;
#5276 = CARTESIAN_POINT ( 'NONE',  ( -36.41777879129151785, 28.99999999999999289, 63.88139934369825568 ) ) ;
#5277 = LINE ( 'NONE', #3112, #9307 ) ;
#5278 = DIRECTION ( 'NONE',  ( -3.732800717525083115E-15, 0.7071067811865375807, 0.7071067811865574537 ) ) ;
#5279 = DIRECTION ( 'NONE',  ( -1.418996708365486154E-16, 1.000000000000000000, 0.000000000000000000 ) ) ;
#5280 = PLANE ( 'NONE',  #5165 ) ;
#5281 = CARTESIAN_POINT ( 'NONE',  ( -15.01059735751824853, 29.59999999999998366, 64.93988012568929946 ) ) ;
#5282 = ORIENTED_EDGE ( 'NONE', *, *, #2057, .F. ) ;
#5283 = CARTESIAN_POINT ( 'NONE',  ( -18.57710713883182763, 29.00000000000000711, 63.60049382837458865 ) ) ;
#5284 = ORIENTED_EDGE ( 'NONE', *, *, #8598, .F. ) ;
#5285 = CARTESIAN_POINT ( 'NONE',  ( -12.57891002344720555, 29.59999999999999432, 64.01876305914380794 ) ) ;
#5286 = CARTESIAN_POINT ( 'NONE',  ( -20.10234752344721088, 28.99999999999999289, 64.51095055914380794 ) ) ;
#5287 = CARTESIAN_POINT ( 'NONE',  ( -35.82710713883183473, 29.59999999999999432, 63.31203228991304144 ) ) ;
#5288 = DIRECTION ( 'NONE',  ( 1.000000000000000000, -4.670409358399121388E-15, 0.000000000000000000 ) ) ;
#5289 = CARTESIAN_POINT ( 'NONE',  ( -16.19952404923272837, 29.00000000000000000, 63.93728163750603244 ) ) ;
#5290 = EDGE_CURVE ( 'NONE', #1331, #942, #6401, .T. ) ;
#5291 = CARTESIAN_POINT ( 'NONE',  ( -29.49638910999290431, 29.00000000000000711, 63.71739455675722041 ) ) ;
#5292 = CARTESIAN_POINT ( 'NONE',  ( -19.10036089398977666, 29.60000000000000497, 62.90996901907805494 ) ) ;
#5293 = ORIENTED_EDGE ( 'NONE', *, *, #3475, .F. ) ;
#5294 = VERTEX_POINT ( 'NONE', #4233 ) ;
#5295 = DIRECTION ( 'NONE',  ( 1.003382194966638674E-16, -0.7071067811865570096, -0.7071067811865380248 ) ) ;
#5296 = ORIENTED_EDGE ( 'NONE', *, *, #3086, .T. ) ;
#5297 = CARTESIAN_POINT ( 'NONE',  ( -13.04657503246413697, 29.59999999999999787, 62.35348029611564158 ) ) ;
#5298 = CARTESIAN_POINT ( 'NONE',  ( -108.5499999999998835, 24.74999999999990408, 61.49999999999985079 ) ) ;
#5299 = CARTESIAN_POINT ( 'NONE',  ( -15.91155830651709202, 29.59999999999999432, 65.87081720487880432 ) ) ;
#5300 = CARTESIAN_POINT ( 'NONE',  ( -11.68700557373432325, 29.60000000000000853, 63.35262999331453670 ) ) ;
#5301 = CARTESIAN_POINT ( 'NONE',  ( -14.13605389579359262, 28.99999999999998934, 64.58549466067833578 ) ) ;
#5302 = VECTOR ( 'NONE', #8239, 1000.000000000000000 ) ;
#5303 = EDGE_CURVE ( 'NONE', #5548, #9443, #561, .T. ) ;
#5304 = CARTESIAN_POINT ( 'NONE',  ( -23.06017602734892691, 28.99999999999999289, 63.14490640561966472 ) ) ;
#5305 = VERTEX_POINT ( 'NONE', #1577 ) ;
#5306 = ORIENTED_EDGE ( 'NONE', *, *, #6757, .T. ) ;
#5307 = DIRECTION ( 'NONE',  ( -1.000000000000000000, -1.418996708365486401E-16, -5.139921410301661840E-15 ) ) ;
#5308 = ORIENTED_EDGE ( 'NONE', *, *, #5272, .T. ) ;
#5309 = CARTESIAN_POINT ( 'NONE',  ( -13.51249982747121337, 29.60000000000000142, 63.95093916350447216 ) ) ;
#5310 = AXIS2_PLACEMENT_3D ( 'NONE', #4320, #7882, #1380 ) ;
#5311 = CARTESIAN_POINT ( 'NONE',  ( -0.4999999999881765689, 2.428612866367529932E-14, 31.19999999999999218 ) ) ;
#5312 = CARTESIAN_POINT ( 'NONE',  ( -16.90401797239768911, 29.00000000000000000, 65.74202141979776570 ) ) ;
#5313 = B_SPLINE_CURVE_WITH_KNOTS ( 'NONE', 3,
 ( #7294, #8788, #7098, #492, #2760, #2091, #5025, #8024, #5124, #534, #3440, #3486, #6420, #2711, #2042, #8593, #1996, #4927, #8642 ),
 .UNSPECIFIED., .F., .F.,
 ( 4, 1, 1, 1, 1, 1, 1, 1, 1, 1, 1, 1, 1, 1, 1, 1, 4 ),
 ( 0.000000000000000000, 0.07565134293790636011, 0.1473404888250151035, 0.2160248263225418852, 0.2816200141458384265, 0.3453641986564539024, 0.4073727453696224798, 0.4687154605609666347, 0.5297496088297301009, 0.5899834890207037441, 0.6485598865702446592, 0.7061808522038772740, 0.7631228146666982903, 0.8204415301492683499, 0.8785129214234909112, 0.9382431650142797341, 1.000000000000000000 ),
 .UNSPECIFIED. ) ;
#5314 = CARTESIAN_POINT ( 'NONE',  ( -22.92216177361661877, 29.00000000000001421, 62.17732647703378746 ) ) ;
#5315 = CARTESIAN_POINT ( 'NONE',  ( -15.00751761841592469, 28.99999999999999645, 66.59349384303789066 ) ) ;
#5316 = CARTESIAN_POINT ( 'NONE',  ( -12.74562901967800421, 29.59999999999999076, 63.36872890603537201 ) ) ;
#5317 = CARTESIAN_POINT ( 'NONE',  ( -27.57077251746985880, 29.59999999999999787, 63.31137413624094989 ) ) ;
#5318 = VECTOR ( 'NONE', #9193, 1000.000000000000000 ) ;
#5319 = ORIENTED_EDGE ( 'NONE', *, *, #1256, .F. ) ;
#5320 = CARTESIAN_POINT ( 'NONE',  ( -500000.0000000000582, -3.599999999999929479, 22.60000000000000142 ) ) ;
#5321 = ORIENTED_EDGE ( 'NONE', *, *, #3968, .F. ) ;
#5322 = CARTESIAN_POINT ( 'NONE',  ( -22.03864560037029108, 29.59999999999999432, 63.60049382837458865 ) ) ;
#5323 = CARTESIAN_POINT ( 'NONE',  ( -36.92326098498567433, 28.99999999999998934, 63.45446017452842113 ) ) ;
#5324 = LINE ( 'NONE', #8885, #840 ) ;
#5325 = EDGE_CURVE ( 'NONE', #1179, #2777, #5148, .T. ) ;
#5326 = CARTESIAN_POINT ( 'NONE',  ( -14.77996639988407246, 29.59999999999998721, 62.41333614340716451 ) ) ;
#5327 = CARTESIAN_POINT ( 'NONE',  ( -13.61556867729336062, 29.59999999999999432, 65.79280152068227494 ) ) ;
#5328 = CARTESIAN_POINT ( 'NONE',  ( -20.53864560037029108, 28.99999999999999289, 65.79280152068227494 ) ) ;
#5329 = B_SPLINE_CURVE_WITH_KNOTS ( 'NONE', 3,
 ( #248, #5364, #4780, #7632, #1024, #9118, #7582, #4822, #5503, #4017, #6278, #5456, #345, #3292, #1119, #300, #1798, #6232, #8396 ),
 .UNSPECIFIED., .F., .F.,
 ( 4, 1, 1, 1, 1, 1, 1, 1, 1, 1, 1, 1, 1, 1, 1, 1, 4 ),
 ( 0.000000000000000000, 0.1007136201660554509, 0.1930511193549709903, 0.2775611057809596605, 0.3537464755767955049, 0.4222226836536438488, 0.4824767800578444454, 0.5347592587826174304, 0.5795392816068455355, 0.6554201458977417794, 0.7207732443037033754, 0.7762271871689976344, 0.8240623039573374831, 0.8681761201529936134, 0.9113546535175864882, 0.9549432699730828755, 1.000000000000000000 ),
 .UNSPECIFIED. ) ;
#5330 = EDGE_LOOP ( 'NONE', ( #1778, #6188, #1333, #8361 ) ) ;
#5331 = CARTESIAN_POINT ( 'NONE',  ( -0.5000000000000420775, 0.000000000000000000, 73.00000000000000000 ) ) ;
#5332 = ORIENTED_EDGE ( 'NONE', *, *, #6474, .F. ) ;
#5333 = CARTESIAN_POINT ( 'NONE',  ( -11.93470012564859672, 29.59999999999999787, 64.70237932490229582 ) ) ;
#5334 = PLANE ( 'NONE',  #2378 ) ;
#5335 = CARTESIAN_POINT ( 'NONE',  ( -36.64916879450594678, 29.60000000000000142, 62.80892116227439459 ) ) ;
#5336 = CARTESIAN_POINT ( 'NONE',  ( -11.94339319652413067, 29.00000000000000355, 65.79280152068227494 ) ) ;
#5337 = CARTESIAN_POINT ( 'NONE',  ( -15.91068894300593328, 28.99999999999999645, 63.00352767674853283 ) ) ;
#5338 = CARTESIAN_POINT ( 'NONE',  ( -21.27000092288415090, 28.99999999999999645, 63.03125137803056077 ) ) ;
#5339 = CARTESIAN_POINT ( 'NONE',  ( -18.82282416380752110, 29.59999999999998721, 62.99543834603618819 ) ) ;
#5340 = EDGE_CURVE ( 'NONE', #649, #106, #9009, .T. ) ;
#5341 = ORIENTED_EDGE ( 'NONE', *, *, #2675, .F. ) ;
#5342 = ORIENTED_EDGE ( 'NONE', *, *, #4649, .F. ) ;
#5343 = CARTESIAN_POINT ( 'NONE',  ( -15.44517016822641153, 29.00000000000000355, 65.94536505910583912 ) ) ;
#5344 = ORIENTED_EDGE ( 'NONE', *, *, #639, .T. ) ;
#5345 = CARTESIAN_POINT ( 'NONE',  ( -16.21134442120624541, 28.99999999999999289, 64.50013680341083955 ) ) ;
#5346 = B_SPLINE_SURFACE_WITH_KNOTS ( 'NONE', 3, 1, ( 
 ( #8365, #3990 ),
 ( #4033, #7105 ),
 ( #6929, #9325 ),
 ( #1091, #408 ),
 ( #1769, #5574 ),
 ( #320, #2720 ),
 ( #6250, #4704 ),
 ( #5618, #4122 ),
 ( #1137, #456 ),
 ( #3357, #4751 ),
 ( #3265, #2634 ) ),
 .UNSPECIFIED., .F., .F., .F.,
 ( 4, 1, 1, 1, 1, 1, 1, 1, 4 ),
 ( 2, 2 ),
 ( 0.000000000000000000, 0.1265717412696995003, 0.2519354969970905023, 0.3764037130212987137, 0.5004637468258791300, 0.6241947678465262772, 0.7487466912550685416, 0.8738681908057571723, 1.000000000000000000 ),
 ( 0.000000000000000000, 1.000000000000000000 ),
 .UNSPECIFIED. ) ;
#5347 = CARTESIAN_POINT ( 'NONE',  ( -21.40916381532768753, 29.59999999999999787, 65.69933259137647497 ) ) ;
#5348 = CARTESIAN_POINT ( 'NONE',  ( -0.5000000000000281997, 28.00000000000000000, 73.00000000000000000 ) ) ;
#5349 = CARTESIAN_POINT ( 'NONE',  ( -26.88878794522547722, 29.59999999999999076, 62.84821702269373134 ) ) ;
#5350 = CARTESIAN_POINT ( 'NONE',  ( -15.55207715434201532, 28.99999999999999645, 66.71432856657520460 ) ) ;
#5351 = CARTESIAN_POINT ( 'NONE',  ( -16.19249578133764089, 29.59999999999999432, 62.27097084193193410 ) ) ;
#5352 = ORIENTED_EDGE ( 'NONE', *, *, #1019, .F. ) ;
#5353 = VECTOR ( 'NONE', #9273, 1000.000000000000000 ) ;
#5354 = ORIENTED_EDGE ( 'NONE', *, *, #3443, .F. ) ;
#5355 = LINE ( 'NONE', #2993, #7207 ) ;
#5356 = ORIENTED_EDGE ( 'NONE', *, *, #368, .T. ) ;
#5357 = CARTESIAN_POINT ( 'NONE',  ( -27.55030954451450498, 29.59999999999998721, 63.37895490024525458 ) ) ;
#5358 = ADVANCED_FACE ( 'NONE', ( #3794 ), #852, .T. ) ;
#5359 = VECTOR ( 'NONE', #6545, 1000.000000000000000 ) ;
#5360 = DIRECTION ( 'NONE',  ( 0.000000000000000000, 0.000000000000000000, -1.000000000000000000 ) ) ;
#5361 = DIRECTION ( 'NONE',  ( -4.044693150446220041E-15, -0.8660254037844388186, 0.4999999999999998335 ) ) ;
#5362 = VECTOR ( 'NONE', #6610, 1000.000000000000000 ) ;
#5363 = CARTESIAN_POINT ( 'NONE',  ( -14.13605389579359262, 29.59999999999998721, 64.58549466067833578 ) ) ;
#5364 = CARTESIAN_POINT ( 'NONE',  ( -28.67274938592097655, 28.99999999999999645, 64.37753776437595832 ) ) ;
#5365 = EDGE_LOOP ( 'NONE', ( #966, #9502, #9343, #253 ) ) ;
#5366 = AXIS2_PLACEMENT_3D ( 'NONE', #2782, #3253, #8981 ) ;
#5367 = CARTESIAN_POINT ( 'NONE',  ( -2.500000000000028422, 0.5000000000000281997, 32.99999999999999289 ) ) ;
#5368 = VECTOR ( 'NONE', #4641, 1000.000000000000000 ) ;
#5369 = ORIENTED_EDGE ( 'NONE', *, *, #8442, .F. ) ;
#5370 = CARTESIAN_POINT ( 'NONE',  ( -29.42773960512848674, 28.99999999999999645, 65.52549029073712461 ) ) ;
#5371 = LINE ( 'NONE', #5511, #2682 ) ;
#5372 = CARTESIAN_POINT ( 'NONE',  ( -28.67288288274470531, 29.59999999999999432, 64.50013680341083955 ) ) ;
#5373 = DIRECTION ( 'NONE',  ( 0.000000000000000000, 0.7071067811865549002, -0.7071067811865401342 ) ) ;
#5374 = CARTESIAN_POINT ( 'NONE',  ( -14.30781238697210433, 28.99999999999999645, 63.13112843702117516 ) ) ;
#5375 = DIRECTION ( 'NONE',  ( 1.418996708365486154E-16, -1.000000000000000000, -0.000000000000000000 ) ) ;
#5376 = VECTOR ( 'NONE', #9044, 1000.000000000000000 ) ;
#5377 = VECTOR ( 'NONE', #7226, 1000.000000000000000 ) ;
#5378 = VERTEX_POINT ( 'NONE', #2348 ) ;
#5379 = APPROVAL ( #6279, 'UNSPECIFIED' ) ;
#5380 = CARTESIAN_POINT ( 'NONE',  ( -18.70966986192888015, 28.99999999999999289, 63.11137509095011922 ) ) ;
#5381 = ORIENTED_EDGE ( 'NONE', *, *, #4581, .F. ) ;
#5382 = ADVANCED_FACE ( 'NONE', ( #7504 ), #3849, .F. ) ;
#5383 = LINE ( 'NONE', #445, #4850 ) ;
#5384 = CARTESIAN_POINT ( 'NONE',  ( -12.53748549229791287, 29.59999999999999432, 64.07697101937263540 ) ) ;
#5385 = CARTESIAN_POINT ( 'NONE',  ( -20.53754259468332322, 28.99999999999998934, 63.43139590477776579 ) ) ;
#5386 = DIRECTION ( 'NONE',  ( -1.000000000000000000, -2.074810324546565340E-15, 0.000000000000000000 ) ) ;
#5387 = CARTESIAN_POINT ( 'NONE',  ( -15.18048306393897917, 29.59999999999999432, 63.14154371149026446 ) ) ;
#5388 = CARTESIAN_POINT ( 'NONE',  ( -102.7999999999999972, 30.49999999999994316, 55.75000000000000711 ) ) ;
#5389 = CARTESIAN_POINT ( 'NONE',  ( -21.54388414552704845, 29.59999999999999787, 62.55793437562742554 ) ) ;
#5390 = ADVANCED_FACE ( 'NONE', ( #6733 ), #178, .T. ) ;
#5391 = CARTESIAN_POINT ( 'NONE',  ( -40.73095329267798093, 29.59999999999999076, 65.73510921298995413 ) ) ;
#5392 = ORIENTED_EDGE ( 'NONE', *, *, #9286, .T. ) ;
#5393 = EDGE_CURVE ( 'NONE', #8269, #578, #4469, .T. ) ;
#5394 = VERTEX_POINT ( 'NONE', #6684 ) ;
#5395 = DIRECTION ( 'NONE',  ( 1.000000000000000000, 1.418996708365486401E-16, 0.000000000000000000 ) ) ;
#5396 = ORIENTED_EDGE ( 'NONE', *, *, #2478, .T. ) ;
#5397 = CARTESIAN_POINT ( 'NONE',  ( -16.13993018692606540, 28.99999999999999289, 65.43292503068569488 ) ) ;
#5398 = EDGE_CURVE ( 'NONE', #5378, #9112, #3076, .T. ) ;
#5399 = CARTESIAN_POINT ( 'NONE',  ( -2.066987298107796356, 13.08012701892230645, 32.49999999999995026 ) ) ;
#5400 = DIRECTION ( 'NONE',  ( 0.000000000000000000, 1.000000000000000000, 0.000000000000000000 ) ) ;
#5401 = CARTESIAN_POINT ( 'NONE',  ( -12.17728397091284620, 28.99999999999999289, 62.90996901907805494 ) ) ;
#5402 = LINE ( 'NONE', #3190, #3839 ) ;
#5403 = CARTESIAN_POINT ( 'NONE',  ( -15.60595329267797737, 29.59999999999999432, 62.15818613606688814 ) ) ;
#5404 = ORIENTED_EDGE ( 'NONE', *, *, #957, .F. ) ;
#5405 = CARTESIAN_POINT ( 'NONE',  ( -23.94394995037343321, 28.99999999999999289, 63.81306182907632518 ) ) ;
#5406 = EDGE_LOOP ( 'NONE', ( #5282, #8977, #1280, #47 ) ) ;
#5407 = CARTESIAN_POINT ( 'NONE',  ( -19.15763598498567077, 28.99999999999999289, 62.15818613606688814 ) ) ;
#5408 = CARTESIAN_POINT ( 'NONE',  ( -28.64989942450677063, 28.99999999999999645, 65.08804284434786780 ) ) ;
#5409 = CARTESIAN_POINT ( 'NONE',  ( -29.15187485768573339, 28.99999999999998934, 62.69207977723232972 ) ) ;
#5410 = CARTESIAN_POINT ( 'NONE',  ( -14.87715639471863049, 29.00000000000000355, 66.52229636236152999 ) ) ;
#5411 = LINE ( 'NONE', #3338, #5368 ) ;
#5412 = CALENDAR_DATE ( 2024, 23, 5 ) ;
#5413 = ORIENTED_EDGE ( 'NONE', *, *, #3685, .F. ) ;
#5414 = DIRECTION ( 'NONE',  ( -1.000000000000000000, -1.418996708365486401E-16, -5.139921410301661840E-15 ) ) ;
#5415 = ORIENTED_EDGE ( 'NONE', *, *, #5140, .T. ) ;
#5416 = CARTESIAN_POINT ( 'NONE',  ( -29.53834727993654496, 28.99999999999999645, 64.49082526223062928 ) ) ;
#5417 = LINE ( 'NONE', #6144, #4529 ) ;
#5418 = CARTESIAN_POINT ( 'NONE',  ( -36.36985229512001894, 28.99999999999999645, 63.03010259176880226 ) ) ;
#5419 = CARTESIAN_POINT ( 'NONE',  ( -15.84107550938551512, 29.59999999999999787, 65.91328158246395219 ) ) ;
#5420 = CARTESIAN_POINT ( 'NONE',  ( -19.73180024458431348, 28.99999999999998934, 64.90246162546478104 ) ) ;
#5421 = CARTESIAN_POINT ( 'NONE',  ( -26.59633790806259057, 29.59999999999999432, 64.42982075145150134 ) ) ;
#5422 = DIRECTION ( 'NONE',  ( 0.000000000000000000, 0.000000000000000000, 1.000000000000000000 ) ) ;
#5423 = EDGE_CURVE ( 'NONE', #7383, #4369, #2332, .T. ) ;
#5424 = ORIENTED_EDGE ( 'NONE', *, *, #7658, .F. ) ;
#5425 = FACE_BOUND ( 'NONE', #3925, .T. ) ;
#5426 = ORIENTED_EDGE ( 'NONE', *, *, #8924, .T. ) ;
#5427 = CARTESIAN_POINT ( 'NONE',  ( -16.60050208762415380, 28.99999999999999645, 66.29543088703968579 ) ) ;
#5428 = DIRECTION ( 'NONE',  ( 1.000000000000000000, 0.000000000000000000, 0.000000000000000000 ) ) ;
#5429 = CARTESIAN_POINT ( 'NONE',  ( -23.00919312027525621, 29.60000000000000142, 65.07260530756097694 ) ) ;
#5430 = CARTESIAN_POINT ( 'NONE',  ( -14.40009285808278783, 29.60000000000000497, 65.99894950184412323 ) ) ;
#5431 = DIRECTION ( 'NONE',  ( 1.418996708365486154E-16, -1.000000000000000000, -0.000000000000000000 ) ) ;
#5432 = CARTESIAN_POINT ( 'NONE',  ( -105.5000000000000000, 29.50000000000002487, 55.24999999999995026 ) ) ;
#5433 = CARTESIAN_POINT ( 'NONE',  ( -11.95444195809210974, 29.59999999999999787, 62.17655970823265932 ) ) ;
#5434 = EDGE_CURVE ( 'NONE', #8196, #1055, #8228, .T. ) ;
#5435 = VERTEX_POINT ( 'NONE', #2934 ) ;
#5436 = EDGE_CURVE ( 'NONE', #8269, #5602, #8089, .T. ) ;
#5437 = ORIENTED_EDGE ( 'NONE', *, *, #4852, .T. ) ;
#5438 = CARTESIAN_POINT ( 'NONE',  ( -18.38531409687095675, 29.60000000000000142, 62.33386798170776188 ) ) ;
#5439 = EDGE_LOOP ( 'NONE', ( #6865, #8195, #918, #3195 ) ) ;
#5440 = CARTESIAN_POINT ( 'NONE',  ( -13.52530062106148812, 29.59999999999998721, 62.90235117314193758 ) ) ;
#5441 = LINE ( 'NONE', #1104, #4608 ) ;
#5442 = DIRECTION ( 'NONE',  ( 1.418996708365486154E-16, -1.000000000000000000, -0.000000000000000000 ) ) ;
#5443 = LINE ( 'NONE', #1737, #2694 ) ;
#5444 = CARTESIAN_POINT ( 'NONE',  ( -1.499999999999971800, 0.000000000000000000, 73.00000000000000000 ) ) ;
#5445 = DIRECTION ( 'NONE',  ( 1.418996708365486154E-16, -1.000000000000000000, -0.000000000000000000 ) ) ;
#5446 = EDGE_CURVE ( 'NONE', #8503, #5435, #6641, .T. ) ;
#5447 = CARTESIAN_POINT ( 'NONE',  ( -5.247802182220229206, -5.991140607915145466, 33.10885939208476003 ) ) ;
#5448 = ORIENTED_EDGE ( 'NONE', *, *, #7331, .T. ) ;
#5449 = DIRECTION ( 'NONE',  ( 0.7071067811865431318, -0.7071067811865520136, 0.000000000000000000 ) ) ;
#5450 = ORIENTED_EDGE ( 'NONE', *, *, #318, .T. ) ;
#5451 = CARTESIAN_POINT ( 'NONE',  ( -23.43119041707952377, 28.99999999999999289, 62.35348029611563447 ) ) ;
#5452 = CARTESIAN_POINT ( 'NONE',  ( -28.67326098498566722, 28.99999999999999645, 64.43883517452844956 ) ) ;
#5453 = VECTOR ( 'NONE', #6119, 1000.000000000000000 ) ;
#5454 = CARTESIAN_POINT ( 'NONE',  ( -29.52451245828264703, 29.00000000000001066, 63.98971990975886825 ) ) ;
#5455 = CARTESIAN_POINT ( 'NONE',  ( -14.13522319507809932, 28.99999999999999289, 64.48240685081077572 ) ) ;
#5456 = CARTESIAN_POINT ( 'NONE',  ( -28.49349274207125049, 28.99999999999999289, 63.15307011277140958 ) ) ;
#5457 = ORIENTED_EDGE ( 'NONE', *, *, #2579, .F. ) ;
#5458 = VECTOR ( 'NONE', #7446, 1000.000000000000000 ) ;
#5459 = VECTOR ( 'NONE', #1565, 1000.000000000000000 ) ;
#5460 = LINE ( 'NONE', #2329, #6283 ) ;
#5461 = CARTESIAN_POINT ( 'NONE',  ( -28.57680665806259057, 28.99999999999999645, 65.52417171298996834 ) ) ;
#5462 = DIRECTION ( 'NONE',  ( 1.000000000000000000, 0.000000000000000000, -0.000000000000000000 ) ) ;
#5463 = DIRECTION ( 'NONE',  ( -0.5663183426695788114, 0.000000000000000000, -0.8241865897695628274 ) ) ;
#5464 = CARTESIAN_POINT ( 'NONE',  ( -28.65308778580784477, 29.59999999999999076, 63.79798788449920721 ) ) ;
#5465 = VECTOR ( 'NONE', #7290, 1000.000000000000227 ) ;
#5466 = CARTESIAN_POINT ( 'NONE',  ( -15.60595329267797737, 29.59999999999999432, 66.71587844375920895 ) ) ;
#5467 = CARTESIAN_POINT ( 'NONE',  ( -19.52817196083503859, 29.59999999999999787, 63.97553209429966614 ) ) ;
#5468 = CARTESIAN_POINT ( 'NONE',  ( -14.13479944652413245, 29.59999999999999432, 64.42982075145150134 ) ) ;
#5469 = ORIENTED_EDGE ( 'NONE', *, *, #1551, .F. ) ;
#5470 = DIRECTION ( 'NONE',  ( 0.000000000000000000, 0.000000000000000000, -1.000000000000000000 ) ) ;
#5471 = VECTOR ( 'NONE', #847, 1000.000000000000000 ) ;
#5472 = EDGE_CURVE ( 'NONE', #8760, #2453, #2253, .T. ) ;
#5473 = ORIENTED_EDGE ( 'NONE', *, *, #3380, .F. ) ;
#5474 = EDGE_CURVE ( 'NONE', #357, #2364, #3024, .T. ) ;
#5475 = FACE_BOUND ( 'NONE', #2405, .T. ) ;
#5476 = CARTESIAN_POINT ( 'NONE',  ( -21.46076208845365940, 29.00000000000000711, 62.65746189122120313 ) ) ;
#5477 = FACE_OUTER_BOUND ( 'NONE', #1159, .T. ) ;
#5478 = DIRECTION ( 'NONE',  ( -0.5773502691850693758, -0.5773502691850533886, -0.5773502691987545399 ) ) ;
#5479 = CARTESIAN_POINT ( 'NONE',  ( -27.46209794515909053, 28.99999999999999645, 64.37723300200336496 ) ) ;
#5480 = PLANE ( 'NONE',  #1682 ) ;
#5481 = CARTESIAN_POINT ( 'NONE',  ( -14.61140621875770584, 28.99999999999999645, 62.57863721179622729 ) ) ;
#5482 = ORIENTED_EDGE ( 'NONE', *, *, #9208, .T. ) ;
#5483 = ORIENTED_EDGE ( 'NONE', *, *, #963, .T. ) ;
#5484 = LINE ( 'NONE', #5535, #7048 ) ;
#5485 = VERTEX_POINT ( 'NONE', #4707 ) ;
#5486 = CARTESIAN_POINT ( 'NONE',  ( -15.91573873524946059, 29.60000000000000142, 62.18432041989996861 ) ) ;
#5487 = CARTESIAN_POINT ( 'NONE',  ( -500000.0000000000582, -6.599999999999933031, 29.46794919243110655 ) ) ;
#5488 = CARTESIAN_POINT ( 'NONE',  ( -28.06749175421643727, 29.59999999999999432, 66.71587844375920895 ) ) ;
#5489 = CARTESIAN_POINT ( 'NONE',  ( -23.53729700939497604, 29.00000000000002842, 62.42470264681983849 ) ) ;
#5490 = DIRECTION ( 'NONE',  ( 0.6947465906068568398, -0.1861567878973816870, 0.6947465906068758246 ) ) ;
#5491 = CARTESIAN_POINT ( 'NONE',  ( -27.55817685037028042, 28.99999999999998934, 63.34989286683612164 ) ) ;
#5492 = CARTESIAN_POINT ( 'NONE',  ( -28.03973590639270341, 29.00000000000000000, 62.90937978192581426 ) ) ;
#5493 = CARTESIAN_POINT ( 'NONE',  ( -15.65952003098644596, 29.59999999999999076, 62.15947385397781488 ) ) ;
#5494 = EDGE_LOOP ( 'NONE', ( #6675, #1872, #4824, #7710 ) ) ;
#5495 = CC_DESIGN_DATE_AND_TIME_ASSIGNMENT ( #978, #8349, ( #4373 ) ) ;
#5496 = DIRECTION ( 'NONE',  ( 0.000000000000000000, 0.000000000000000000, 1.000000000000000000 ) ) ;
#5497 = ORIENTED_EDGE ( 'NONE', *, *, #5218, .T. ) ;
#5498 = CARTESIAN_POINT ( 'NONE',  ( -23.63327634390308063, 28.99999999999999289, 62.50708212844769207 ) ) ;
#5499 = EDGE_CURVE ( 'NONE', #3457, #8188, #1870, .T. ) ;
#5500 = CARTESIAN_POINT ( 'NONE',  ( -27.75390580873137125, 29.59999999999999787, 66.68720450271963784 ) ) ;
#5501 = CARTESIAN_POINT ( 'NONE',  ( -23.10392017438398327, 29.60000000000000142, 63.24896894619981680 ) ) ;
#5502 = CARTESIAN_POINT ( 'NONE',  ( -29.51124864664373604, 28.99999999999998934, 65.02582819320581109 ) ) ;
#5503 = CARTESIAN_POINT ( 'NONE',  ( -28.60821978750031747, 28.99999999999998934, 63.47048614361147401 ) ) ;
#5504 = B_SPLINE_SURFACE_WITH_KNOTS ( 'NONE', 3, 1, ( 
 ( #3286, #9159 ),
 ( #2562, #5009 ),
 ( #6724, #2793 ),
 ( #8005, #9491 ),
 ( #4239, #2840 ),
 ( #1399, #8051 ),
 ( #7954, #565 ),
 ( #3567, #2027 ),
 ( #2744, #2174 ),
 ( #9440, #7324 ),
 ( #663, #7857 ) ),
 .UNSPECIFIED., .F., .F., .F.,
 ( 4, 1, 1, 1, 1, 1, 1, 1, 4 ),
 ( 2, 2 ),
 ( 0.000000000000000000, 0.08237348889050942480, 0.1770424282288227680, 0.2833373815775394045, 0.4023947863055168939, 0.5326984036723079186, 0.6759363878958126737, 0.8314126667987169483, 1.000000000000000000 ),
 ( 0.000000000000000000, 1.000000000000000000 ),
 .UNSPECIFIED. ) ;
#5505 = ORIENTED_EDGE ( 'NONE', *, *, #6935, .T. ) ;
#5506 = CIRCLE ( 'NONE', #5975, 2.200000000000007283 ) ;
#5507 = CARTESIAN_POINT ( 'NONE',  ( -27.50933591121822985, 29.60000000000000142, 65.31138606918777612 ) ) ;
#5508 = EDGE_CURVE ( 'NONE', #6166, #4483, #2450, .T. ) ;
#5509 = VECTOR ( 'NONE', #1268, 1000.000000000000000 ) ;
#5510 = PLANE ( 'NONE',  #1838 ) ;
#5511 = CARTESIAN_POINT ( 'NONE',  ( -18.57710713883182763, 29.59999999999999432, 63.60049382837458865 ) ) ;
#5512 = DIRECTION ( 'NONE',  ( 1.418996708365486154E-16, -1.000000000000000000, -0.000000000000000000 ) ) ;
#5513 = DIRECTION ( 'NONE',  ( -1.000000000000000000, 0.000000000000000000, 0.000000000000000000 ) ) ;
#5514 = EDGE_CURVE ( 'NONE', #2948, #3788, #9467, .T. ) ;
#5515 = CARTESIAN_POINT ( 'NONE',  ( -33.17326098498566722, 28.99999999999999289, 64.98510921298996834 ) ) ;
#5516 = CARTESIAN_POINT ( 'NONE',  ( -19.67113710872326493, 29.59999999999999076, 63.54180619720353462 ) ) ;
#5517 = AXIS2_PLACEMENT_3D ( 'NONE', #5327, #7593, #3932 ) ;
#5518 = VECTOR ( 'NONE', #3717, 1000.000000000000000 ) ;
#5519 = VECTOR ( 'NONE', #2300, 1000.000000000000000 ) ;
#5520 = ORIENTED_EDGE ( 'NONE', *, *, #5569, .F. ) ;
#5521 = CARTESIAN_POINT ( 'NONE',  ( -26.68153632006954723, 28.99999999999998934, 63.46326474830355124 ) ) ;
#5522 = ORIENTED_EDGE ( 'NONE', *, *, #7356, .T. ) ;
#5523 = VECTOR ( 'NONE', #5538, 1000.000000000000000 ) ;
#5524 = DIRECTION ( 'NONE',  ( 0.000000000000000000, 0.000000000000000000, -1.000000000000000000 ) ) ;
#5525 = CARTESIAN_POINT ( 'NONE',  ( -27.04165040806259057, 29.59999999999999432, 62.61521738606688814 ) ) ;
#5526 = VECTOR ( 'NONE', #1130, 1000.000000000000000 ) ;
#5527 = CARTESIAN_POINT ( 'NONE',  ( -22.62116231413207856, 29.00000000000000355, 65.43089587304916677 ) ) ;
#5528 = CARTESIAN_POINT ( 'NONE',  ( -40.73095329267798093, 28.99999999999998934, 65.73510921298995413 ) ) ;
#5529 = CARTESIAN_POINT ( 'NONE',  ( -98.79999999999999716, -1.209951037557585031E-14, 72.49999999999995737 ) ) ;
#5530 = LINE ( 'NONE', #6205, #7212 ) ;
#5531 = ORIENTED_EDGE ( 'NONE', *, *, #4130, .F. ) ;
#5532 = EDGE_CURVE ( 'NONE', #7313, #454, #1141, .T. ) ;
#5533 = VECTOR ( 'NONE', #9448, 1000.000000000000000 ) ;
#5534 = ORIENTED_EDGE ( 'NONE', *, *, #5583, .F. ) ;
#5535 = CARTESIAN_POINT ( 'NONE',  ( -102.7999999999999972, 28.99999999999998579, 13.74999999999999822 ) ) ;
#5536 = VERTEX_POINT ( 'NONE', #3268 ) ;
#5537 = CARTESIAN_POINT ( 'NONE',  ( -19.67326098498567433, 28.99999999999999645, 63.49863084760536225 ) ) ;
#5538 = DIRECTION ( 'NONE',  ( 1.418996708365486154E-16, -1.000000000000000000, -0.000000000000000000 ) ) ;
#5539 = CARTESIAN_POINT ( 'NONE',  ( -29.53864560037028753, 29.59999999999999787, 64.43883517452844956 ) ) ;
#5540 = CARTESIAN_POINT ( 'NONE',  ( -32.59633790806259412, 28.99999999999999289, 62.21587844375919474 ) ) ;
#5541 = LINE ( 'NONE', #5103, #1612 ) ;
#5542 = DIRECTION ( 'NONE',  ( 1.390559900582610931E-16, -1.000000000000000000, 0.000000000000000000 ) ) ;
#5543 = CARTESIAN_POINT ( 'NONE',  ( -17.01626429889772396, 29.59999999999999787, 65.28727902373810821 ) ) ;
#5544 = DIRECTION ( 'NONE',  ( 0.000000000000000000, 0.000000000000000000, 1.000000000000000000 ) ) ;
#5545 = VERTEX_POINT ( 'NONE', #3225 ) ;
#5546 = EDGE_CURVE ( 'NONE', #5041, #1383, #6204, .T. ) ;
#5547 = DIRECTION ( 'NONE',  ( 0.7071067811865431318, -0.7071067811865520136, 0.000000000000000000 ) ) ;
#5548 = VERTEX_POINT ( 'NONE', #8467 ) ;
#5549 = B_SPLINE_CURVE_WITH_KNOTS ( 'NONE', 3,
 ( #9547, #1542, #5397, #9004, #7515, #3905, #6022, #4574, #3858, #5345, #5972 ),
 .UNSPECIFIED., .F., .F.,
 ( 4, 1, 1, 1, 1, 1, 1, 1, 4 ),
 ( 0.000000000000000000, 0.08264302873409720696, 0.1768120489030449438, 0.2826378891715876085, 0.4012643114922822551, 0.5319943041057140221, 0.6757009869892213194, 0.8316860103007768235, 0.9999999999999998890 ),
 .UNSPECIFIED. ) ;
#5550 = CARTESIAN_POINT ( 'NONE',  ( -24.00018406190875808, 28.99999999999999645, 63.38234478991305565 ) ) ;
#5551 = EDGE_CURVE ( 'NONE', #568, #803, #4799, .T. ) ;
#5552 = CARTESIAN_POINT ( 'NONE',  ( -27.33869485625708862, 29.59999999999999787, 66.52229636236151578 ) ) ;
#5553 = CARTESIAN_POINT ( 'NONE',  ( -22.91767569363672408, 29.59999999999998366, 62.99015779656219394 ) ) ;
#5554 = CARTESIAN_POINT ( 'NONE',  ( -29.45386954537086410, 29.59999999999999787, 65.40916249111533887 ) ) ;
#5555 = CARTESIAN_POINT ( 'NONE',  ( -17.07710713883182763, 29.59999999999999787, 64.43883517452844956 ) ) ;
#5556 = CARTESIAN_POINT ( 'NONE',  ( -37.08160111870365938, 28.99999999999999289, 62.19269005508063231 ) ) ;
#5557 = VERTEX_POINT ( 'NONE', #1726 ) ;
#5558 = EDGE_CURVE ( 'NONE', #8484, #1765, #4126, .T. ) ;
#5559 = CARTESIAN_POINT ( 'NONE',  ( -27.90804253137905278, 29.59999999999998721, 66.71129150193088719 ) ) ;
#5560 = EDGE_CURVE ( 'NONE', #1621, #2611, #6108, .T. ) ;
#5561 = CARTESIAN_POINT ( 'NONE',  ( -19.28737431570898408, 28.99999999999998224, 65.30953555119604914 ) ) ;
#5562 = CARTESIAN_POINT ( 'NONE',  ( -28.30261397092397502, 29.00000000000000000, 65.91328158246395219 ) ) ;
#5563 = CARTESIAN_POINT ( 'NONE',  ( -15.76592089777257399, 28.99999999999998579, 62.93054619695440266 ) ) ;
#5564 = CARTESIAN_POINT ( 'NONE',  ( -36.64916879450594678, 29.60000000000000142, 62.80892116227439459 ) ) ;
#5565 = CARTESIAN_POINT ( 'NONE',  ( -31.73095329267797737, 29.59999999999999432, 64.98510921298996834 ) ) ;
#5566 = CARTESIAN_POINT ( 'NONE',  ( -2.000000000000000000, 11.33012701892221052, 33.50000000000003553 ) ) ;
#5567 = CARTESIAN_POINT ( 'NONE',  ( -19.63198609949022000, 29.59999999999999432, 63.76036176085092677 ) ) ;
#5568 = B_SPLINE_CURVE_WITH_KNOTS ( 'NONE', 3,
 ( #284, #8430, #1153, #1785, #9249, #8379, #7031, #4670, #4718, #9106, #6892, #7665, #9292, #8523, #1196, #1834, #1060, #5588, #3237 ),
 .UNSPECIFIED., .F., .F.,
 ( 4, 1, 1, 1, 1, 1, 1, 1, 1, 1, 1, 1, 1, 1, 1, 1, 4 ),
 ( 0.000000000000000000, 0.07565134293790552744, 0.1473404888250151035, 0.2160248263225418852, 0.2816200141458384265, 0.3453641986564539024, 0.4073727453696224798, 0.4687154605609666347, 0.5297496088297307670, 0.5899834890207038551, 0.6485598865702447702, 0.7061808522038778291, 0.7631228146666984014, 0.8204415301492684609, 0.8785129214234910222, 0.9382431650142798452, 1.000000000000000000 ),
 .UNSPECIFIED. ) ;
#5569 = EDGE_CURVE ( 'NONE', #4793, #7856, #9138, .T. ) ;
#5570 = ORIENTED_EDGE ( 'NONE', *, *, #6062, .T. ) ;
#5571 = CARTESIAN_POINT ( 'NONE',  ( -26.98605018755485929, 29.00000000000000711, 62.68721722446425559 ) ) ;
#5572 = ORIENTED_EDGE ( 'NONE', *, *, #7597, .T. ) ;
#5573 = DIRECTION ( 'NONE',  ( 0.000000000000000000, -0.000000000000000000, -1.000000000000000000 ) ) ;
#5574 = CARTESIAN_POINT ( 'NONE',  ( -36.55213426904464313, 28.99999999999999289, 63.78651942051052970 ) ) ;
#5575 = CARTESIAN_POINT ( 'NONE',  ( -28.06749175421643727, 29.59999999999999432, 62.15818613606688814 ) ) ;
#5576 = LINE ( 'NONE', #6252, #2729 ) ;
#5577 = CARTESIAN_POINT ( 'NONE',  ( -27.55030954451450498, 28.99999999999998934, 63.37895490024525458 ) ) ;
#5578 = FACE_OUTER_BOUND ( 'NONE', #3879, .T. ) ;
#5579 = ORIENTED_EDGE ( 'NONE', *, *, #676, .T. ) ;
#5580 = ORIENTED_EDGE ( 'NONE', *, *, #2372, .F. ) ;
#5581 = CARTESIAN_POINT ( 'NONE',  ( -18.08234568398858144, 29.59999999999999787, 62.55793437562742554 ) ) ;
#5582 = ORIENTED_EDGE ( 'NONE', *, *, #1679, .F. ) ;
#5583 = EDGE_CURVE ( 'NONE', #8342, #3080, #6303, .T. ) ;
#5584 = DIRECTION ( 'NONE',  ( 0.000000000000000000, 1.000000000000000000, 0.000000000000000000 ) ) ;
#5585 = DIRECTION ( 'NONE',  ( -0.6785983445458573238, -0.2810846377148188968, -0.6785983445458373398 ) ) ;
#5586 = CARTESIAN_POINT ( 'NONE',  ( -28.57680665806259057, 28.99999999999999289, 65.52417171298996834 ) ) ;
#5587 = CARTESIAN_POINT ( 'NONE',  ( -29.00300704851208167, 29.59999999999999076, 62.51087547434987357 ) ) ;
#5588 = CARTESIAN_POINT ( 'NONE',  ( -13.61477068132589707, 29.59999999999999076, 63.33959402992292098 ) ) ;
#5589 = DIRECTION ( 'NONE',  ( -0.000000000000000000, 1.000000000000000000, -0.000000000000000000 ) ) ;
#5590 = CARTESIAN_POINT ( 'NONE',  ( -27.69695697468232964, 29.00000000000000711, 63.06226726189409248 ) ) ;
#5591 = ORIENTED_EDGE ( 'NONE', *, *, #5340, .T. ) ;
#5592 = CARTESIAN_POINT ( 'NONE',  ( -42.17326098498567433, 28.99999999999998934, 65.73510921298995413 ) ) ;
#5593 = VERTEX_POINT ( 'NONE', #9092 ) ;
#5594 = DIRECTION ( 'NONE',  ( -1.000000000000000000, -1.418996708365486401E-16, 0.000000000000000000 ) ) ;
#5595 = EDGE_LOOP ( 'NONE', ( #6337, #4943, #8307, #1233 ) ) ;
#5596 = EDGE_CURVE ( 'NONE', #6714, #4773, #2496, .T. ) ;
#5597 = CARTESIAN_POINT ( 'NONE',  ( -26.95115949641797926, 29.59999999999999432, 66.14854865925747163 ) ) ;
#5598 = EDGE_CURVE ( 'NONE', #7177, #8613, #6006, .T. ) ;
#5599 = FACE_OUTER_BOUND ( 'NONE', #7673, .T. ) ;
#5600 = PLANE ( 'NONE',  #9526 ) ;
#5601 = DIRECTION ( 'NONE',  ( 0.000000000000000000, 0.000000000000000000, -1.000000000000000000 ) ) ;
#5602 = VERTEX_POINT ( 'NONE', #5388 ) ;
#5603 = CARTESIAN_POINT ( 'NONE',  ( -26.69585462542982057, 29.60000000000000853, 65.51695453929460200 ) ) ;
#5604 = CARTESIAN_POINT ( 'NONE',  ( -20.10234752344721088, 28.99999999999998934, 64.51095055914380794 ) ) ;
#5605 = LINE ( 'NONE', #3438, #6442 ) ;
#5606 = CARTESIAN_POINT ( 'NONE',  ( -13.45097461474193778, 29.00000000000000000, 64.08802397150155628 ) ) ;
#5607 = CARTESIAN_POINT ( 'NONE',  ( 0.000000000000000000, -3.466025403784366965, 30.69999999999996021 ) ) ;
#5608 = CARTESIAN_POINT ( 'NONE',  ( -16.05862535949068359, 28.99999999999998934, 62.21976771235480896 ) ) ;
#5609 = CARTESIAN_POINT ( 'NONE',  ( -20.05938588496819719, 28.99999999999999645, 64.56514916011087735 ) ) ;
#5610 = VECTOR ( 'NONE', #6819, 1000.000000000000000 ) ;
#5611 = AXIS2_PLACEMENT_3D ( 'NONE', #2431, #9029, #1712 ) ;
#5612 = LINE ( 'NONE', #8461, #117 ) ;
#5613 = APPROVAL ( #3479, 'UNSPECIFIED' ) ;
#5614 = ORIENTED_EDGE ( 'NONE', *, *, #2156, .T. ) ;
#5615 = AXIS2_PLACEMENT_3D ( 'NONE', #1405, #624, #7332 ) ;
#5616 = EDGE_CURVE ( 'NONE', #893, #7026, #6812, .T. ) ;
#5617 = CARTESIAN_POINT ( 'NONE',  ( -500000.0000000000582, 2.744571740547546804E-14, 22.60000000000000142 ) ) ;
#5618 = CARTESIAN_POINT ( 'NONE',  ( -36.13212119138682965, 29.59999999999998721, 64.04515270094472612 ) ) ;
#5619 = CARTESIAN_POINT ( 'NONE',  ( -22.74891277724744398, 28.99999999999998934, 65.30953555119603493 ) ) ;
#5620 = DIRECTION ( 'NONE',  ( -1.000000000000000000, -2.074810324546565340E-15, 0.000000000000000000 ) ) ;
#5621 = DIRECTION ( 'NONE',  ( -0.9952403613758177281, 0.000000000000000000, 0.09745061871805377196 ) ) ;
#5622 = CARTESIAN_POINT ( 'NONE',  ( -104.9999999999999716, 29.50000000000001066, 13.74999999999999822 ) ) ;
#5623 = VECTOR ( 'NONE', #6396, 1000.000000000000000 ) ;
#5624 = ORIENTED_EDGE ( 'NONE', *, *, #1740, .F. ) ;
#5625 = ORIENTED_EDGE ( 'NONE', *, *, #9304, .T. ) ;
#5626 = CARTESIAN_POINT ( 'NONE',  ( -19.15763598498567077, 29.59999999999999432, 62.15818613606688814 ) ) ;
#5627 = ORIENTED_EDGE ( 'NONE', *, *, #4237, .F. ) ;
#5628 = DIRECTION ( 'NONE',  ( 1.418996708365486154E-16, -1.000000000000000000, -0.000000000000000000 ) ) ;
#5629 = DIRECTION ( 'NONE',  ( -1.000000000000000000, 0.000000000000000000, 0.000000000000000000 ) ) ;
#5630 = CARTESIAN_POINT ( 'NONE',  ( -18.12389837823795347, 29.00000000000000355, 65.46604350304562558 ) ) ;
#5631 = CARTESIAN_POINT ( 'NONE',  ( -28.22810523835797625, 29.00000000000000355, 65.94370047351597464 ) ) ;
#5632 = CARTESIAN_POINT ( 'NONE',  ( -28.06749175421643727, 29.59999999999999432, 62.15818613606688814 ) ) ;
#5633 = CARTESIAN_POINT ( 'NONE',  ( -12.18643005412026170, 29.59999999999998721, 62.15882148759504133 ) ) ;
#5634 = DIRECTION ( 'NONE',  ( 1.000000000000000000, 0.000000000000000000, 0.000000000000000000 ) ) ;
#5635 = ADVANCED_FACE ( 'NONE', ( #4269 ), #4987, .F. ) ;
#5636 = FACE_OUTER_BOUND ( 'NONE', #7635, .T. ) ;
#5637 = ORIENTED_EDGE ( 'NONE', *, *, #5765, .T. ) ;
#5638 = B_SPLINE_CURVE_WITH_KNOTS ( 'NONE', 3,
 ( #1636, #9509, #1784, #8378, #2461, #8959, #3906, #1736, #2358, #4669, #283 ),
 .UNSPECIFIED., .F., .F.,
 ( 4, 1, 1, 1, 1, 1, 1, 1, 4 ),
 ( 0.000000000000000000, 0.1239584095619914311, 0.2446998826385572978, 0.3639412791697738681, 0.4841523681817074820, 0.6059993946649755436, 0.7313057411264480834, 0.8627578173791414784, 1.000000000000000000 ),
 .UNSPECIFIED. ) ;
#5639 = CARTESIAN_POINT ( 'NONE',  ( -29.51121766315141670, 29.59999999999998366, 63.85094655720958912 ) ) ;
#5640 = VERTEX_POINT ( 'NONE', #2159 ) ;
#5641 = LINE ( 'NONE', #3383, #574 ) ;
#5642 = ORIENTED_EDGE ( 'NONE', *, *, #7345, .T. ) ;
#5643 = CARTESIAN_POINT ( 'NONE',  ( -27.10359568576570766, 28.99999999999999289, 66.33212896196694430 ) ) ;
#5644 = DIRECTION ( 'NONE',  ( 1.418996708365486154E-16, -1.000000000000000000, -0.000000000000000000 ) ) ;
#5645 = CARTESIAN_POINT ( 'NONE',  ( -29.53776254205557805, 29.59999999999998721, 64.59273103292277085 ) ) ;
#5646 = CARTESIAN_POINT ( 'NONE',  ( -16.18836096296830362, 28.99999999999999645, 65.08804284434786780 ) ) ;
#5647 = VERTEX_POINT ( 'NONE', #7066 ) ;
#5648 = ADVANCED_FACE ( 'NONE', ( #2053 ), #548, .T. ) ;
#5649 = CARTESIAN_POINT ( 'NONE',  ( -16.60050208762415380, 28.99999999999999289, 66.29543088703968579 ) ) ;
#5650 = B_SPLINE_CURVE_WITH_KNOTS ( 'NONE', 3,
 ( #6680, #5385, #5239, #3073, #3940, #6782, #6011, #1573, #8946, #2345, #5286 ),
 .UNSPECIFIED., .F., .F.,
 ( 4, 1, 1, 1, 1, 1, 1, 1, 4 ),
 ( 0.000000000000000000, 0.1191872499897267679, 0.2364492136138233169, 0.3526964175350921771, 0.4691294060866679771, 0.5898117834426046535, 0.7176139690473989363, 0.8546066610398622698, 1.000000000000000000 ),
 .UNSPECIFIED. ) ;
#5651 = CARTESIAN_POINT ( 'NONE',  ( -19.01241258737544371, 28.99999999999999289, 65.58481777482313646 ) ) ;
#5652 = CARTESIAN_POINT ( 'NONE',  ( -28.37309676805554659, 28.99999999999999645, 65.87081720487880432 ) ) ;
#5653 = CARTESIAN_POINT ( 'NONE',  ( -19.64193492806738917, 29.60000000000000142, 64.98565089723830113 ) ) ;
#5654 = CARTESIAN_POINT ( 'NONE',  ( -15.57819744485424707, 29.60000000000000142, 62.90937978192581426 ) ) ;
#5655 = LINE ( 'NONE', #5703, #3828 ) ;
#5656 = LINE ( 'NONE', #3584, #1361 ) ;
#5657 = CARTESIAN_POINT ( 'NONE',  ( -12.01939983782369836, 28.99999999999999289, 64.62062234358913315 ) ) ;
#5658 = VECTOR ( 'NONE', #707, 1000.000000000000000 ) ;
#5659 = VECTOR ( 'NONE', #9113, 1000.000000000000000 ) ;
#5660 = PLANE ( 'NONE',  #3205 ) ;
#5661 = ORIENTED_EDGE ( 'NONE', *, *, #1003, .T. ) ;
#5662 = VECTOR ( 'NONE', #201, 1000.000000000000000 ) ;
#5663 = CARTESIAN_POINT ( 'NONE',  ( -27.55251316909659209, 28.99999999999998934, 65.50773520534546890 ) ) ;
#5664 = CARTESIAN_POINT ( 'NONE',  ( -28.89345889420312830, 29.59999999999999076, 66.46068804753100778 ) ) ;
#5665 = DIRECTION ( 'NONE',  ( 0.000000000000000000, 1.000000000000000000, -0.000000000000000000 ) ) ;
#5666 = CARTESIAN_POINT ( 'NONE',  ( -14.14027839059222380, 29.60000000000000142, 64.73700075051831959 ) ) ;
#5667 = CARTESIAN_POINT ( 'NONE',  ( -40.73095329267798093, 28.99999999999998934, 66.65818613606688814 ) ) ;
#5668 = CARTESIAN_POINT ( 'NONE',  ( -36.41777879129151785, 29.59999999999999432, 63.88139934369825568 ) ) ;
#5669 = VERTEX_POINT ( 'NONE', #2872 ) ;
#5670 = ADVANCED_FACE ( 'NONE', ( #7839 ), #5090, .T. ) ;
#5671 = ORIENTED_EDGE ( 'NONE', *, *, #2721, .T. ) ;
#5672 = VECTOR ( 'NONE', #8261, 1000.000000000000000 ) ;
#5673 = DIRECTION ( 'NONE',  ( 1.000000000000000000, 1.418996708365486401E-16, 5.139921410301661840E-15 ) ) ;
#5674 = VECTOR ( 'NONE', #7424, 1000.000000000000000 ) ;
#5675 = ORIENTED_EDGE ( 'NONE', *, *, #3645, .T. ) ;
#5676 = CARTESIAN_POINT ( 'NONE',  ( -19.52817196083503859, 28.99999999999999645, 63.97553209429966614 ) ) ;
#5677 = CARTESIAN_POINT ( 'NONE',  ( -7.999999999999989342, 2.803847577293379967, 20.79999999999999716 ) ) ;
#5678 = EDGE_CURVE ( 'NONE', #1932, #4722, #7206, .T. ) ;
#5679 = CARTESIAN_POINT ( 'NONE',  ( -40.73095329267798093, 28.99999999999998934, 64.98510921298996834 ) ) ;
#5680 = CARTESIAN_POINT ( 'NONE',  ( -21.40916381532768753, 29.00000000000000711, 65.69933259137647497 ) ) ;
#5681 = CARTESIAN_POINT ( 'NONE',  ( -28.22534679186507134, 29.59999999999998721, 62.16198089314431030 ) ) ;
#5682 = CARTESIAN_POINT ( 'NONE',  ( -11.46223717379402629, 29.60000000000000853, 62.33386798170774767 ) ) ;
#5683 = CARTESIAN_POINT ( 'NONE',  ( -16.96709796676840654, 28.99999999999999289, 63.35036599760612575 ) ) ;
#5684 = CARTESIAN_POINT ( 'NONE',  ( -27.55817685037028042, 29.00000000000000000, 63.34989286683612164 ) ) ;
#5685 = VECTOR ( 'NONE', #7321, 1000.000000000000000 ) ;
#5686 = ORIENTED_EDGE ( 'NONE', *, *, #2566, .F. ) ;
#5687 = EDGE_CURVE ( 'NONE', #7210, #4655, #2820, .T. ) ;
#5688 = LINE ( 'NONE', #1342, #4287 ) ;
#5689 = VERTEX_POINT ( 'NONE', #8702 ) ;
#5690 = CARTESIAN_POINT ( 'NONE',  ( -15.00018406190874742, 29.59999999999999432, 64.43883517452843535 ) ) ;
#5691 = EDGE_CURVE ( 'NONE', #9120, #5779, #3497, .T. ) ;
#5692 = VERTEX_POINT ( 'NONE', #502 ) ;
#5693 = LINE ( 'NONE', #8631, #1472 ) ;
#5694 = CARTESIAN_POINT ( 'NONE',  ( -23.56388598498567433, 29.59999999999999432, 64.51095055914380794 ) ) ;
#5695 = DIRECTION ( 'NONE',  ( -9.011550524554840736E-17, 1.000000000000000000, 0.000000000000000000 ) ) ;
#5696 = CARTESIAN_POINT ( 'NONE',  ( -16.21134442120624541, 29.59999999999999432, 64.50013680341083955 ) ) ;
#5697 = VERTEX_POINT ( 'NONE', #5036 ) ;
#5698 = CARTESIAN_POINT ( 'NONE',  ( -15.91502756687795994, 29.59999999999999787, 66.68965666704490047 ) ) ;
#5699 = CARTESIAN_POINT ( 'NONE',  ( -19.54765465873678565, 29.59999999999999076, 65.07260530756093431 ) ) ;
#5700 = CARTESIAN_POINT ( 'NONE',  ( -20.37405153781887535, 29.00000000000000711, 64.08802397150157049 ) ) ;
#5701 = CARTESIAN_POINT ( 'NONE',  ( -20.10234752344721088, 29.59999999999999432, 64.51095055914380794 ) ) ;
#5702 = CARTESIAN_POINT ( 'NONE',  ( -22.32800858113952103, 29.59999999999999432, 65.79280152068227494 ) ) ;
#5703 = CARTESIAN_POINT ( 'NONE',  ( -17.07710713883182763, 29.59999999999999787, 64.43883517452844956 ) ) ;
#5704 = CARTESIAN_POINT ( 'NONE',  ( -21.95806368816113618, 28.99999999999998934, 65.05540356897962795 ) ) ;
#5705 = CARTESIAN_POINT ( 'NONE',  ( -12.24575426740246797, 28.99999999999998934, 64.39623799480503408 ) ) ;
#5706 = DIRECTION ( 'NONE',  ( 0.000000000000000000, 0.000000000000000000, -1.000000000000000000 ) ) ;
#5707 = VERTEX_POINT ( 'NONE', #2678 ) ;
#5708 = B_SPLINE_SURFACE_WITH_KNOTS ( 'NONE', 3, 1, ( 
 ( #8304, #926 ),
 ( #153, #6761 ),
 ( #819, #5409 ),
 ( #3100, #9070 ),
 ( #8875, #200 ),
 ( #9020, #6036 ),
 ( #8972, #3148 ),
 ( #1702, #4639 ),
 ( #7580, #2274 ),
 ( #2473, #5219 ),
 ( #3046, #5989 ),
 ( #3387, #1073 ),
 ( #4917, #1163 ),
 ( #6181, #2567 ),
 ( #4015, #5454 ),
 ( #2517, #4156 ),
 ( #9115, #298 ),
 ( #7766, #343 ),
 ( #1208, #6905 ) ),
 .UNSPECIFIED., .F., .F., .F.,
 ( 4, 1, 1, 1, 1, 1, 1, 1, 1, 1, 1, 1, 1, 1, 1, 1, 4 ),
 ( 2, 2 ),
 ( 0.000000000000000000, 0.04667348444442046690, 0.09525240289268012417, 0.1448650554020080305, 0.1963135318305433141, 0.2497676991019312231, 0.3057805210269448071, 0.3632739045836495539, 0.4234354540256398125, 0.4860230073263876460, 0.5514787443092996622, 0.6194270646736422803, 0.6899451355257777418, 0.7631433297567437046, 0.8390008045993371244, 0.9181030856310408161, 1.000000000000000000 ),
 ( 0.000000000000000000, 1.000000000000000000 ),
 .UNSPECIFIED. ) ;
#5709 = LINE ( 'NONE', #8649, #6847 ) ;
#5710 = CARTESIAN_POINT ( 'NONE',  ( -28.06749175421643727, 28.99999999999999289, 66.71587844375920895 ) ) ;
#5711 = EDGE_CURVE ( 'NONE', #1423, #250, #2103, .T. ) ;
#5712 = CARTESIAN_POINT ( 'NONE',  ( -18.81328502344721088, 28.99999999999999289, 64.74532555914380794 ) ) ;
#5713 = CARTESIAN_POINT ( 'NONE',  ( -103.6999999999999886, 29.49999999999999645, 34.75000000000000000 ) ) ;
#5714 = CARTESIAN_POINT ( 'NONE',  ( -24.63479944652414133, 29.59999999999999432, 65.44664767452843535 ) ) ;
#5715 = CARTESIAN_POINT ( 'NONE',  ( -20.53784760440282753, 28.99999999999999645, 63.33959402992293519 ) ) ;
#5716 = CARTESIAN_POINT ( 'NONE',  ( -11.10174226746946147, 29.59999999999999787, 65.59497875579641857 ) ) ;
#5717 = ORIENTED_EDGE ( 'NONE', *, *, #9420, .F. ) ;
#5718 = ORIENTED_EDGE ( 'NONE', *, *, #3725, .F. ) ;
#5719 = CARTESIAN_POINT ( 'NONE',  ( -28.66088104566645356, 29.59999999999999432, 64.94528547894906012 ) ) ;
#5720 = ORIENTED_EDGE ( 'NONE', *, *, #8039, .F. ) ;
#5721 = CARTESIAN_POINT ( 'NONE',  ( -16.31803082400680083, 28.99999999999998934, 62.33577501593930492 ) ) ;
#5722 = CARTESIAN_POINT ( 'NONE',  ( -102.0000000000000000, 30.49999999999998579, 34.75000000000000000 ) ) ;
#5723 = CARTESIAN_POINT ( 'NONE',  ( -22.31931551026398708, 28.99999999999998934, 64.70237932490226740 ) ) ;
#5724 = FACE_OUTER_BOUND ( 'NONE', #2268, .T. ) ;
#5725 = DIRECTION ( 'NONE',  ( -1.418996708365486154E-16, 1.000000000000000000, 0.000000000000000000 ) ) ;
#5726 = DIRECTION ( 'NONE',  ( 0.000000000000000000, -1.000000000000000000, 0.000000000000000000 ) ) ;
#5727 = DIRECTION ( 'NONE',  ( 1.418996708365486154E-16, -1.000000000000000000, -0.000000000000000000 ) ) ;
#5728 = CARTESIAN_POINT ( 'NONE',  ( -23.89711521208660727, 28.99999999999999645, 63.95093916350448637 ) ) ;
#5729 = CARTESIAN_POINT ( 'NONE',  ( -16.65016672318162705, 29.59999999999999432, 66.23505523326397793 ) ) ;
#5730 = EDGE_CURVE ( 'NONE', #3575, #9450, #688, .T. ) ;
#5731 = VERTEX_POINT ( 'NONE', #1429 ) ;
#5732 = CARTESIAN_POINT ( 'NONE',  ( -23.09352456102867635, 28.99999999999999289, 63.76036176085091256 ) ) ;
#5733 = ORIENTED_EDGE ( 'NONE', *, *, #198, .F. ) ;
#5734 = CARTESIAN_POINT ( 'NONE',  ( -10.70319915719731618, 29.60000000000000853, 66.43636829437828339 ) ) ;
#5735 = VERTEX_POINT ( 'NONE', #459 ) ;
#5736 = CARTESIAN_POINT ( 'NONE',  ( -27.48513805374009777, 29.59999999999999076, 63.78843131768205410 ) ) ;
#5737 = EDGE_CURVE ( 'NONE', #4621, #1400, #3407, .T. ) ;
#5738 = CARTESIAN_POINT ( 'NONE',  ( -11.10655245014610948, 28.99999999999999289, 65.58748211920877225 ) ) ;
#5739 = DIRECTION ( 'NONE',  ( 1.418996708365486154E-16, -1.000000000000000000, -0.000000000000000000 ) ) ;
#5740 = DIRECTION ( 'NONE',  ( 0.7071067811865378028, 0.000000000000000000, 0.7071067811865573427 ) ) ;
#5741 = EDGE_LOOP ( 'NONE', ( #606, #8805, #9133, #2533 ) ) ;
#5742 = EDGE_LOOP ( 'NONE', ( #3017, #8299, #7611, #8671 ) ) ;
#5743 = LINE ( 'NONE', #5891, #9508 ) ;
#5744 = CARTESIAN_POINT ( 'NONE',  ( -14.19561650162408029, 29.59999999999999432, 63.58466785123025033 ) ) ;
#5745 = CARTESIAN_POINT ( 'NONE',  ( -20.29873262373430975, 28.99999999999999289, 64.22769580576583337 ) ) ;
#5746 = DIRECTION ( 'NONE',  ( 0.4999999999999946154, 0.8660254037844418162, -0.000000000000000000 ) ) ;
#5747 = DIRECTION ( 'NONE',  ( 0.000000000000000000, 1.000000000000000000, 0.000000000000000000 ) ) ;
#5748 = DIRECTION ( 'NONE',  ( 0.000000000000000000, 0.000000000000000000, 1.000000000000000000 ) ) ;
#5749 = CARTESIAN_POINT ( 'NONE',  ( -17.86053757678774545, 29.59999999999999787, 65.83850817306101533 ) ) ;
#5750 = CARTESIAN_POINT ( 'NONE',  ( -15.15355304011405657, 29.60000000000000142, 62.21894754577336784 ) ) ;
#5751 = CARTESIAN_POINT ( 'NONE',  ( -19.96965195554107098, 29.00000000000000000, 62.35348029611564158 ) ) ;
#5752 = VERTEX_POINT ( 'NONE', #1955 ) ;
#5753 = CARTESIAN_POINT ( 'NONE',  ( -27.48156663073859463, 28.99999999999999289, 62.26979741943161883 ) ) ;
#5754 = CARTESIAN_POINT ( 'NONE',  ( -16.99361870172564082, 29.59999999999999432, 63.46687955153351623 ) ) ;
#5755 = VECTOR ( 'NONE', #2090, 1000.000000000000000 ) ;
#5756 = DIRECTION ( 'NONE',  ( -0.5773502691896099659, 0.5773502691896258421, -0.5773502691896414962 ) ) ;
#5757 = CARTESIAN_POINT ( 'NONE',  ( -27.46168178026065121, 29.59999999999998366, 64.50013890536673955 ) ) ;
#5758 = DIRECTION ( 'NONE',  ( 0.000000000000000000, 0.000000000000000000, 1.000000000000000000 ) ) ;
#5759 = CARTESIAN_POINT ( 'NONE',  ( -20.33205930308020370, 28.99999999999999645, 62.69410884949884633 ) ) ;
#5760 = VECTOR ( 'NONE', #6094, 1000.000000000000000 ) ;
#5761 = CARTESIAN_POINT ( 'NONE',  ( -22.07162095834970472, 29.59999999999999076, 63.35262999331450828 ) ) ;
#5762 = ORIENTED_EDGE ( 'NONE', *, *, #3713, .F. ) ;
#5763 = EDGE_CURVE ( 'NONE', #1448, #4072, #4891, .T. ) ;
#5764 = VECTOR ( 'NONE', #7569, 1000.000000000000000 ) ;
#5765 = EDGE_CURVE ( 'NONE', #6780, #4802, #9328, .T. ) ;
#5766 = VERTEX_POINT ( 'NONE', #6435 ) ;
#5767 = CARTESIAN_POINT ( 'NONE',  ( -28.57680665806259057, 29.59999999999999432, 65.52417171298996834 ) ) ;
#5768 = VERTEX_POINT ( 'NONE', #8653 ) ;
#5769 = DIRECTION ( 'NONE',  ( 0.7071067811865435759, -0.7071067811865513475, 0.000000000000000000 ) ) ;
#5770 = ORIENTED_EDGE ( 'NONE', *, *, #7588, .F. ) ;
#5771 = DIRECTION ( 'NONE',  ( -0.4999999999999946154, -0.8660254037844418162, 0.000000000000000000 ) ) ;
#5772 = CARTESIAN_POINT ( 'NONE',  ( -26.59633790806259057, 29.59999999999999432, 64.42982075145150134 ) ) ;
#5773 = DIRECTION ( 'NONE',  ( -1.000000000000000000, 0.000000000000000000, 0.000000000000000000 ) ) ;
#5774 = CARTESIAN_POINT ( 'NONE',  ( -5.079008573559303130, -2.032726422712002545, 32.57900857355928537 ) ) ;
#5775 = CARTESIAN_POINT ( 'NONE',  ( -10.84275752043354757, 29.59999999999998721, 63.18135675046035260 ) ) ;
#5776 = CARTESIAN_POINT ( 'NONE',  ( -23.56388598498567433, 28.99999999999999645, 64.51095055914380794 ) ) ;
#5777 = DIRECTION ( 'NONE',  ( 0.000000000000000000, 0.000000000000000000, -1.000000000000000000 ) ) ;
#5778 = VECTOR ( 'NONE', #4478, 1000.000000000000114 ) ;
#5779 = VERTEX_POINT ( 'NONE', #7934 ) ;
#5780 = CARTESIAN_POINT ( 'NONE',  ( -23.09352456102867635, 29.59999999999999432, 63.76036176085091256 ) ) ;
#5781 = ORIENTED_EDGE ( 'NONE', *, *, #4260, .T. ) ;
#5782 = CARTESIAN_POINT ( 'NONE',  ( -14.67318262239076532, 29.00000000000000000, 62.50642618244728510 ) ) ;
#5783 = ORIENTED_EDGE ( 'NONE', *, *, #8686, .F. ) ;
#5784 = CARTESIAN_POINT ( 'NONE',  ( -5.000000000000000000, 28.99999999999999645, 0.5000000000000281997 ) ) ;
#5785 = CARTESIAN_POINT ( 'NONE',  ( -22.52462169619931487, 28.99999999999998579, 64.50354387168296455 ) ) ;
#5786 = CARTESIAN_POINT ( 'NONE',  ( -12.96354756536035602, 28.99999999999999645, 64.75105750859907516 ) ) ;
#5787 = CARTESIAN_POINT ( 'NONE',  ( -12.01844289975069913, 29.60000000000000142, 65.67168491100733263 ) ) ;
#5788 = CARTESIAN_POINT ( 'NONE',  ( -16.11526819652413067, 28.99999999999999289, 65.52417171298996834 ) ) ;
#5789 = ORIENTED_EDGE ( 'NONE', *, *, #7241, .F. ) ;
#5790 = ORIENTED_EDGE ( 'NONE', *, *, #9253, .T. ) ;
#5791 = EDGE_CURVE ( 'NONE', #1355, #4533, #3016, .T. ) ;
#5792 = DIRECTION ( 'NONE',  ( 1.000000000000000000, 0.000000000000000000, 0.000000000000000000 ) ) ;
#5793 = EDGE_CURVE ( 'NONE', #2453, #7261, #838, .T. ) ;
#5794 = CARTESIAN_POINT ( 'NONE',  ( -14.17710970574540674, 29.60000000000000142, 63.71230181931436221 ) ) ;
#5795 = CARTESIAN_POINT ( 'NONE',  ( -17.04971018510526548, 29.59999999999999076, 65.02582819320579688 ) ) ;
#5796 = CARTESIAN_POINT ( 'NONE',  ( -13.61227747758969997, 28.99999999999998934, 63.52870578933038104 ) ) ;
#5797 = LINE ( 'NONE', #1364, #9322 ) ;
#5798 = LINE ( 'NONE', #8112, #1359 ) ;
#5799 = EDGE_CURVE ( 'NONE', #243, #8411, #4504, .T. ) ;
#5800 = LINE ( 'NONE', #9318, #4600 ) ;
#5801 = CARTESIAN_POINT ( 'NONE',  ( -12.41857060639455135, 28.99999999999999289, 64.21528985257820921 ) ) ;
#5802 = ADVANCED_FACE ( 'NONE', ( #2201 ), #8121, .T. ) ;
#5803 = CARTESIAN_POINT ( 'NONE',  ( -27.04165040806259412, 28.99999999999999645, 62.61521738606690235 ) ) ;
#5804 = ORIENTED_EDGE ( 'NONE', *, *, #6294, .F. ) ;
#5805 = EDGE_CURVE ( 'NONE', #7760, #5945, #4412, .T. ) ;
#5806 = CARTESIAN_POINT ( 'NONE',  ( -27.90670862976487498, 29.00000000000000000, 65.94536505910583912 ) ) ;
#5807 = CARTESIAN_POINT ( 'NONE',  ( -28.57680665806259057, 29.59999999999999432, 65.52417171298996834 ) ) ;
#5808 = CARTESIAN_POINT ( 'NONE',  ( -16.19952404923272837, 29.60000000000000142, 63.93728163750603244 ) ) ;
#5809 = LINE ( 'NONE', #3692, #7201 ) ;
#5810 = CARTESIAN_POINT ( 'NONE',  ( -12.01844289975069913, 29.60000000000000142, 65.67168491100733263 ) ) ;
#5811 = CARTESIAN_POINT ( 'NONE',  ( -19.31186319129938411, 29.00000000000000000, 62.16114962526409471 ) ) ;
#5812 = LINE ( 'NONE', #6438, #8762 ) ;
#5813 = ORIENTED_EDGE ( 'NONE', *, *, #5398, .F. ) ;
#5814 = ORIENTED_EDGE ( 'NONE', *, *, #3191, .F. ) ;
#5815 = VECTOR ( 'NONE', #5939, 1000.000000000000000 ) ;
#5816 = ORIENTED_EDGE ( 'NONE', *, *, #7912, .T. ) ;
#5817 = VECTOR ( 'NONE', #7025, 1000.000000000000000 ) ;
#5818 = LINE ( 'NONE', #9430, #3625 ) ;
#5819 = VERTEX_POINT ( 'NONE', #5905 ) ;
#5820 = CARTESIAN_POINT ( 'NONE',  ( -27.04165040806259412, 29.59999999999999787, 62.61521738606690235 ) ) ;
#5821 = DIRECTION ( 'NONE',  ( 0.000000000000000000, 0.000000000000000000, -1.000000000000000000 ) ) ;
#5822 = LINE ( 'NONE', #8768, #1200 ) ;
#5823 = CARTESIAN_POINT ( 'NONE',  ( -11.69625950382158130, 29.00000000000001421, 62.23549029123770993 ) ) ;
#5824 = CARTESIAN_POINT ( 'NONE',  ( -16.63540040806259057, 29.59999999999999432, 62.62062603991304144 ) ) ;
#5825 = CARTESIAN_POINT ( 'NONE',  ( -18.38531409687095675, 29.00000000000000000, 62.33386798170776188 ) ) ;
#5826 = EDGE_CURVE ( 'NONE', #8373, #8626, #3641, .T. ) ;
#5827 = ORIENTED_EDGE ( 'NONE', *, *, #2353, .T. ) ;
#5828 = VECTOR ( 'NONE', #7316, 1000.000000000000000 ) ;
#5829 = AXIS2_PLACEMENT_3D ( 'NONE', #2233, #3770, #7482 ) ;
#5830 = CARTESIAN_POINT ( 'NONE',  ( -23.13267557026172838, 28.99999999999998934, 63.54180619720351331 ) ) ;
#5831 = ORIENTED_EDGE ( 'NONE', *, *, #8357, .T. ) ;
#5832 = CARTESIAN_POINT ( 'NONE',  ( -12.21653021575489895, 29.59999999999999787, 62.90818613606688814 ) ) ;
#5833 = EDGE_LOOP ( 'NONE', ( #148, #2660, #9397, #5424 ) ) ;
#5834 = FACE_OUTER_BOUND ( 'NONE', #182, .T. ) ;
#5835 = CARTESIAN_POINT ( 'NONE',  ( -22.91396861442957444, 29.59999999999999787, 65.15694757337564624 ) ) ;
#5836 = AXIS2_PLACEMENT_3D ( 'NONE', #7273, #2788, #8048 ) ;
#5837 = CARTESIAN_POINT ( 'NONE',  ( -29.28932644231577953, 29.59999999999999076, 65.93683472907375176 ) ) ;
#5838 = VECTOR ( 'NONE', #7718, 1000.000000000000114 ) ;
#5839 = CYLINDRICAL_SURFACE ( 'NONE', #3071, 1.699999999999993072 ) ;
#5840 = ADVANCED_FACE ( 'NONE', ( #114 ), #5280, .T. ) ;
#5841 = CARTESIAN_POINT ( 'NONE',  ( -23.06017602734892691, 29.59999999999999076, 63.14490640561966472 ) ) ;
#5842 = ORIENTED_EDGE ( 'NONE', *, *, #6009, .F. ) ;
#5843 = ORIENTED_EDGE ( 'NONE', *, *, #7758, .F. ) ;
#5844 = EDGE_CURVE ( 'NONE', #2695, #243, #6003, .T. ) ;
#5845 = CARTESIAN_POINT ( 'NONE',  ( -27.55251316909659209, 29.59999999999998721, 65.50773520534546890 ) ) ;
#5846 = CARTESIAN_POINT ( 'NONE',  ( -14.38434218233667750, 29.60000000000000142, 62.93702703193130077 ) ) ;
#5847 = CARTESIAN_POINT ( 'NONE',  ( -17.07710713883182407, 28.99999999999999289, 64.43883517452843535 ) ) ;
#5848 = DIRECTION ( 'NONE',  ( 1.000000000000000000, 0.000000000000000000, 0.000000000000000000 ) ) ;
#5849 = CARTESIAN_POINT ( 'NONE',  ( -12.70890917641328777, 29.59999999999999432, 63.76036176085092677 ) ) ;
#5850 = CARTESIAN_POINT ( 'NONE',  ( -18.75752433655028995, 29.60000000000000142, 64.79893559641131162 ) ) ;
#5851 = CARTESIAN_POINT ( 'NONE',  ( -26.67313894188835732, 28.99999999999998934, 65.40187667010577854 ) ) ;
#5852 = EDGE_CURVE ( 'NONE', #5669, #8283, #6581, .T. ) ;
#5853 = EDGE_CURVE ( 'NONE', #7323, #9036, #5888, .T. ) ;
#5854 = B_SPLINE_CURVE_WITH_KNOTS ( 'NONE', 3,
 ( #644, #4362, #5034, #9470, #5808, #8751, #5088, #8033, #1427, #7305, #8799, #3639, #2199, #3884, #6821, #6775, #212, #2433, #4554 ),
 .UNSPECIFIED., .F., .F.,
 ( 4, 1, 1, 1, 1, 1, 1, 1, 1, 1, 1, 1, 1, 1, 1, 1, 4 ),
 ( 0.000000000000000000, 0.1007136201660554647, 0.1930511193549709903, 0.2775611057809597715, 0.3537464755767955049, 0.4222226836536438488, 0.4824767800578444454, 0.5347592587826174304, 0.5795392816068455355, 0.6554201458977417794, 0.7207732443037033754, 0.7762271871689976344, 0.8240623039573374831, 0.8681761201529936134, 0.9113546535175864882, 0.9549432699730828755, 1.000000000000000000 ),
 .UNSPECIFIED. ) ;
#5855 = CARTESIAN_POINT ( 'NONE',  ( -28.57680665806259057, 29.59999999999999432, 65.52417171298996834 ) ) ;
#5856 = VERTEX_POINT ( 'NONE', #5328 ) ;
#5857 = CARTESIAN_POINT ( 'NONE',  ( -23.41422897424691385, 28.99999999999999289, 64.68424159767958770 ) ) ;
#5858 = CARTESIAN_POINT ( 'NONE',  ( -16.90618061347822731, 29.59999999999998366, 63.13411556731550434 ) ) ;
#5859 = EDGE_CURVE ( 'NONE', #1403, #1355, #7612, .T. ) ;
#5860 = CARTESIAN_POINT ( 'NONE',  ( -19.26244648274381532, 29.60000000000000142, 64.30080552589375031 ) ) ;
#5861 = CARTESIAN_POINT ( 'NONE',  ( -14.19561650162408029, 29.59999999999999432, 63.58466785123025033 ) ) ;
#5862 = DIRECTION ( 'NONE',  ( 1.418996708365486154E-16, -1.000000000000000000, -0.000000000000000000 ) ) ;
#5863 = CARTESIAN_POINT ( 'NONE',  ( -14.58011194652413067, 29.59999999999999432, 62.61521738606688814 ) ) ;
#5864 = ORIENTED_EDGE ( 'NONE', *, *, #9512, .T. ) ;
#5865 = ORIENTED_EDGE ( 'NONE', *, *, #7506, .F. ) ;
#5866 = CARTESIAN_POINT ( 'NONE',  ( -102.2999999999999687, 30.99999999999998579, 0.5000000000000281997 ) ) ;
#5867 = ORIENTED_EDGE ( 'NONE', *, *, #2766, .T. ) ;
#5868 = EDGE_CURVE ( 'NONE', #6327, #3140, #7594, .T. ) ;
#5869 = CARTESIAN_POINT ( 'NONE',  ( -19.67168589332632678, 29.00000000000000000, 63.45371195238224971 ) ) ;
#5870 = CARTESIAN_POINT ( 'NONE',  ( -35.82710713883183473, 29.59999999999999432, 64.17741690529766174 ) ) ;
#5871 = CARTESIAN_POINT ( 'NONE',  ( -18.81328502344721088, 29.59999999999999432, 64.74532555914380794 ) ) ;
#5872 = CARTESIAN_POINT ( 'NONE',  ( -16.21121092438251665, 28.99999999999998934, 64.37753776437594411 ) ) ;
#5873 = CARTESIAN_POINT ( 'NONE',  ( -23.83558999935733880, 29.00000000000000711, 64.08802397150157049 ) ) ;
#5874 = DIRECTION ( 'NONE',  ( 0.000000000000000000, -0.8660254037844387076, 0.4999999999999997780 ) ) ;
#5875 = B_SPLINE_SURFACE_WITH_KNOTS ( 'NONE', 3, 1, ( 
 ( #5824, #8770 ),
 ( #6500, #758 ),
 ( #2171, #8622 ),
 ( #5149, #8090 ),
 ( #9437, #562 ),
 ( #2834, #5104 ),
 ( #8813, #8717 ),
 ( #3703, #6597 ),
 ( #3514, #2739 ),
 ( #2935, #5683 ),
 ( #3077, #7505 ),
 ( #950, #6642 ),
 ( #8903, #8229 ),
 ( #6786, #3850 ),
 ( #3125, #6685 ),
 ( #4618, #1578 ),
 ( #6016, #179 ),
 ( #8950, #7457 ),
 ( #1536, #3795 ) ),
 .UNSPECIFIED., .F., .F., .F.,
 ( 4, 1, 1, 1, 1, 1, 1, 1, 1, 1, 1, 1, 1, 1, 1, 1, 4 ),
 ( 2, 2 ),
 ( 0.000000000000000000, 0.04667348444442046690, 0.09525240289268012417, 0.1448650554020080305, 0.1963135318305433141, 0.2497676991019312231, 0.3057805210269448071, 0.3632739045836495539, 0.4234354540256402566, 0.4860230073263877015, 0.5514787443092996622, 0.6194270646736422803, 0.6899451355257777418, 0.7631433297567437046, 0.8390008045993371244, 0.9181030856310408161, 1.000000000000000000 ),
 ( 0.000000000000000000, 1.000000000000000000 ),
 .UNSPECIFIED. ) ;
#5876 = ORIENTED_EDGE ( 'NONE', *, *, #8882, .F. ) ;
#5877 = VERTEX_POINT ( 'NONE', #1036 ) ;
#5878 = EDGE_CURVE ( 'NONE', #6778, #6699, #3886, .T. ) ;
#5879 = CARTESIAN_POINT ( 'NONE',  ( -10.76452022730657987, 29.59999999999998010, 66.22015092299592709 ) ) ;
#5880 = ORIENTED_EDGE ( 'NONE', *, *, #4649, .T. ) ;
#5881 = DIRECTION ( 'NONE',  ( 1.418996708365486154E-16, -1.000000000000000000, -0.000000000000000000 ) ) ;
#5882 = B_SPLINE_SURFACE_WITH_KNOTS ( 'NONE', 3, 1, ( 
 ( #5767, #553 ),
 ( #4181, #9382 ),
 ( #7213, #4225 ),
 ( #1279, #6443 ),
 ( #3503, #2778 ),
 ( #4944, #8708 ),
 ( #5719, #4897 ),
 ( #9428, #2108 ),
 ( #2013, #7112 ),
 ( #9332, #4995 ),
 ( #6490, #7889 ) ),
 .UNSPECIFIED., .F., .F., .F.,
 ( 4, 1, 1, 1, 1, 1, 1, 1, 4 ),
 ( 2, 2 ),
 ( 0.000000000000000000, 0.08264302873409720696, 0.1768120489030449438, 0.2826378891715876085, 0.4012643114922822551, 0.5319943041057140221, 0.6757009869892213194, 0.8316860103007768235, 0.9999999999999998890 ),
 ( 0.000000000000000000, 1.000000000000000000 ),
 .UNSPECIFIED. ) ;
#5883 = CARTESIAN_POINT ( 'NONE',  ( -23.27517749637794253, 29.59999999999999432, 64.82472394247854197 ) ) ;
#5884 = CARTESIAN_POINT ( 'NONE',  ( -29.11170518472008695, 28.99999999999998579, 66.23505523326397793 ) ) ;
#5885 = CARTESIAN_POINT ( 'NONE',  ( -13.13630896189126673, 28.99999999999999289, 64.56514916011086314 ) ) ;
#5886 = CARTESIAN_POINT ( 'NONE',  ( -23.13024440429339279, 28.99999999999999289, 63.36872890603534358 ) ) ;
#5887 = VERTEX_POINT ( 'NONE', #6871 ) ;
#5888 = B_SPLINE_CURVE_WITH_KNOTS ( 'NONE', 3,
 ( #3693, #5952, #2338, #2965, #4556, #9525, #6631, #5136, #25, #8842, #2388 ),
 .UNSPECIFIED., .F., .F.,
 ( 4, 1, 1, 1, 1, 1, 1, 1, 4 ),
 ( 0.000000000000000000, 0.08237348889050942480, 0.1770424282288227680, 0.2833373815775394045, 0.4023947863055168939, 0.5326984036723079186, 0.6759363878958126737, 0.8314126667987169483, 1.000000000000000000 ),
 .UNSPECIFIED. ) ;
#5889 = ORIENTED_EDGE ( 'NONE', *, *, #4357, .T. ) ;
#5890 = EDGE_CURVE ( 'NONE', #1492, #6305, #2488, .T. ) ;
#5891 = CARTESIAN_POINT ( 'NONE',  ( -31.73095329267797737, 29.59999999999999432, 65.73510921298995413 ) ) ;
#5892 = EDGE_CURVE ( 'NONE', #6804, #7159, #6923, .T. ) ;
#5893 = CARTESIAN_POINT ( 'NONE',  ( -14.30781238697210433, 29.59999999999999787, 63.13112843702117516 ) ) ;
#5894 = PLANE ( 'NONE',  #1990 ) ;
#5895 = DIRECTION ( 'NONE',  ( 0.000000000000000000, 0.000000000000000000, 1.000000000000000000 ) ) ;
#5896 = CARTESIAN_POINT ( 'NONE',  ( -15.29236734719290958, 28.99999999999998934, 66.68720450271960942 ) ) ;
#5897 = CARTESIAN_POINT ( 'NONE',  ( -102.0000000000000000, 30.99999999999998579, 32.54999999999999716 ) ) ;
#5898 = CARTESIAN_POINT ( 'NONE',  ( -26.60181685213068548, 29.00000000000000000, 64.73700075051833380 ) ) ;
#5899 = CARTESIAN_POINT ( 'NONE',  ( -28.30261397092397502, 29.59999999999999787, 65.91328158246395219 ) ) ;
#5900 = ORIENTED_EDGE ( 'NONE', *, *, #5153, .F. ) ;
#5901 = CARTESIAN_POINT ( 'NONE',  ( -16.21172252344721443, 29.59999999999999787, 64.43883517452844956 ) ) ;
#5902 = DIRECTION ( 'NONE',  ( -6.938893903907222067E-15, 1.000000000000000000, 0.000000000000000000 ) ) ;
#5903 = CARTESIAN_POINT ( 'NONE',  ( -11.65602897422337136, 29.00000000000000000, 63.57040566043745144 ) ) ;
#5904 = LINE ( 'NONE', #6484, #2592 ) ;
#5905 = CARTESIAN_POINT ( 'NONE',  ( -31.73095329267797737, 29.59999999999999432, 65.73510921298995413 ) ) ;
#5906 = CARTESIAN_POINT ( 'NONE',  ( -15.00006521471554777, 29.59999999999998366, 64.61765713129227606 ) ) ;
#5907 = VERTEX_POINT ( 'NONE', #4652 ) ;
#5908 = EDGE_CURVE ( 'NONE', #7069, #4428, #3259, .T. ) ;
#5909 = EDGE_CURVE ( 'NONE', #4428, #4594, #260, .T. ) ;
#5910 = VERTEX_POINT ( 'NONE', #6195 ) ;
#5911 = VECTOR ( 'NONE', #1856, 1000.000000000000000 ) ;
#5912 = FACE_OUTER_BOUND ( 'NONE', #7888, .T. ) ;
#5913 = LINE ( 'NONE', #5099, #1916 ) ;
#5914 = CARTESIAN_POINT ( 'NONE',  ( -16.11526819652413067, 29.59999999999999432, 65.52417171298996834 ) ) ;
#5915 = CARTESIAN_POINT ( 'NONE',  ( 0.000000000000000000, 28.00000000000000000, 0.5000000000000281997 ) ) ;
#5916 = FACE_OUTER_BOUND ( 'NONE', #4148, .T. ) ;
#5917 = CARTESIAN_POINT ( 'NONE',  ( -102.2999999999999687, 0.000000000000000000, 73.00000000000000000 ) ) ;
#5918 = LINE ( 'NONE', #1627, #5376 ) ;
#5919 = CARTESIAN_POINT ( 'NONE',  ( 0.000000000000000000, -22.47384017536781187, 34.07416697508027426 ) ) ;
#5920 = VECTOR ( 'NONE', #4692, 1000.000000000000000 ) ;
#5921 = ORIENTED_EDGE ( 'NONE', *, *, #5446, .T. ) ;
#5922 = VERTEX_POINT ( 'NONE', #6097 ) ;
#5923 = CARTESIAN_POINT ( 'NONE',  ( -15.04779744967975930, 29.59999999999999076, 65.31138606918774769 ) ) ;
#5924 = ORIENTED_EDGE ( 'NONE', *, *, #9395, .F. ) ;
#5925 = CARTESIAN_POINT ( 'NONE',  ( -27.48513805374009777, 28.99999999999998934, 63.78843131768205410 ) ) ;
#5926 = EDGE_CURVE ( 'NONE', #6874, #2402, #2530, .T. ) ;
#5927 = VECTOR ( 'NONE', #6388, 1000.000000000000000 ) ;
#5928 = CARTESIAN_POINT ( 'NONE',  ( -15.76656677681951102, 29.60000000000000497, 65.94370047351597464 ) ) ;
#5929 = CARTESIAN_POINT ( 'NONE',  ( -26.59633790806259412, 28.99999999999999289, 64.42982075145151555 ) ) ;
#5930 = FACE_OUTER_BOUND ( 'NONE', #8763, .T. ) ;
#5931 = CARTESIAN_POINT ( 'NONE',  ( -22.60114560037029108, 28.99999999999999645, 62.90818613606688814 ) ) ;
#5932 = ORIENTED_EDGE ( 'NONE', *, *, #7198, .F. ) ;
#5933 = VERTEX_POINT ( 'NONE', #8408 ) ;
#5934 = VECTOR ( 'NONE', #5422, 1000.000000000000000 ) ;
#5935 = DIRECTION ( 'NONE',  ( 0.000000000000000000, 0.000000000000000000, -1.000000000000000000 ) ) ;
#5936 = CARTESIAN_POINT ( 'NONE',  ( -29.49627771000522714, 29.59999999999999787, 65.15935364755519288 ) ) ;
#5937 = CARTESIAN_POINT ( 'NONE',  ( -18.86647011960105758, 28.99999999999998934, 65.79280152068227494 ) ) ;
#5938 = LINE ( 'NONE', #3198, #7377 ) ;
#5939 = DIRECTION ( 'NONE',  ( 1.418996708365486154E-16, -1.000000000000000000, -0.000000000000000000 ) ) ;
#5940 = CARTESIAN_POINT ( 'NONE',  ( -12.75018406190874742, 28.99999999999999645, 63.49863084760536225 ) ) ;
#5941 = CARTESIAN_POINT ( 'NONE',  ( -2.500000000000042188, 0.5000000000000420775, 20.79999999999999716 ) ) ;
#5942 = CARTESIAN_POINT ( 'NONE',  ( -36.88684300018388740, 28.99999999999998934, 62.54997888129713601 ) ) ;
#5943 = ADVANCED_FACE ( 'NONE', ( #1810 ), #3214, .T. ) ;
#5944 = CARTESIAN_POINT ( 'NONE',  ( -29.00300704851208167, 28.99999999999998934, 62.51087547434987357 ) ) ;
#5945 = VERTEX_POINT ( 'NONE', #214 ) ;
#5946 = B_SPLINE_SURFACE_WITH_KNOTS ( 'NONE', 3, 1, ( 
 ( #9485, #3653 ),
 ( #4905, #7272 ),
 ( #2170, #658 ),
 ( #5775, #1394 ),
 ( #7170, #3606 ),
 ( #3562, #6546 ),
 ( #9436, #7851 ),
 ( #7319, #9391 ),
 ( #7948, #6596 ),
 ( #2738, #6499 ),
 ( #9339, #8001 ),
 ( #5682, #8621 ),
 ( #2833, #708 ),
 ( #2885, #5823 ),
 ( #1338, #8716 ),
 ( #2020, #2068 ),
 ( #4951, #8769 ),
 ( #5633, #8047 ),
 ( #2116, #1442 ) ),
 .UNSPECIFIED., .F., .F., .F.,
 ( 4, 1, 1, 1, 1, 1, 1, 1, 1, 1, 1, 1, 1, 1, 1, 1, 4 ),
 ( 2, 2 ),
 ( 0.000000000000000000, 0.07942773837476263532, 0.1539976939993294713, 0.2241189499674206831, 0.2899050271283514224, 0.3526968565844615933, 0.4126842950548520461, 0.4705649759878937632, 0.5274252800728548296, 0.5837531208169126629, 0.6399844070010036745, 0.6966154639853047170, 0.7537516678721118968, 0.8127258630658228400, 0.8729762494242104820, 0.9350413902325094284, 1.000000000000000000 ),
 ( 0.000000000000000000, 1.000000000000000000 ),
 .UNSPECIFIED. ) ;
#5947 = CARTESIAN_POINT ( 'NONE',  ( -102.2999999999999687, 28.99999999999998579, 73.00000000000000000 ) ) ;
#5948 = CARTESIAN_POINT ( 'NONE',  ( -16.20740411559836858, 28.99999999999998934, 64.09109810724281431 ) ) ;
#5949 = CARTESIAN_POINT ( 'NONE',  ( -28.66088104566645356, 29.59999999999999432, 64.94528547894906012 ) ) ;
#5950 = CARTESIAN_POINT ( 'NONE',  ( -11.72923450151294844, 29.00000000000000355, 63.21927767107736429 ) ) ;
#5951 = DIRECTION ( 'NONE',  ( 1.000000000000000000, 1.418996708365486154E-16, -0.000000000000000000 ) ) ;
#5952 = CARTESIAN_POINT ( 'NONE',  ( -15.08877108297605218, 28.99999999999999289, 63.37895490024526879 ) ) ;
#5953 = PLANE ( 'NONE',  #2149 ) ;
#5954 = EDGE_LOOP ( 'NONE', ( #8579, #4414, #3920, #1278, #8352, #7941, #762, #1608, #6949, #5579 ) ) ;
#5955 = ORIENTED_EDGE ( 'NONE', *, *, #2675, .T. ) ;
#5956 = PLANE ( 'NONE',  #2552 ) ;
#5957 = DIRECTION ( 'NONE',  ( -2.884444029575281876E-16, -0.7071067811865574537, 0.7071067811865376918 ) ) ;
#5958 = CARTESIAN_POINT ( 'NONE',  ( -28.30149456716064194, 29.59999999999999432, 62.96061004805540762 ) ) ;
#5959 = CARTESIAN_POINT ( 'NONE',  ( -23.52092434650666064, 28.99999999999999645, 64.56514916011086314 ) ) ;
#5960 = LINE ( 'NONE', #3848, #7358 ) ;
#5961 = CARTESIAN_POINT ( 'NONE',  ( -2.500000000000028422, 11.33012701892221052, 32.99999999999999289 ) ) ;
#5962 = CARTESIAN_POINT ( 'NONE',  ( -21.19370778938668565, 29.59999999999999076, 63.34405806632992153 ) ) ;
#5963 = CARTESIAN_POINT ( 'NONE',  ( -26.30787636960106468, 28.99999999999999289, 64.69664767452843535 ) ) ;
#5964 = EDGE_CURVE ( 'NONE', #5697, #2803, #3166, .T. ) ;
#5965 = EDGE_LOOP ( 'NONE', ( #2010, #7899, #4368, #2549 ) ) ;
#5966 = AXIS2_PLACEMENT_3D ( 'NONE', #8416, #4754, #7703 ) ;
#5967 = VERTEX_POINT ( 'NONE', #9033 ) ;
#5968 = AXIS2_PLACEMENT_3D ( 'NONE', #1344, #8723, #4384 ) ;
#5969 = CARTESIAN_POINT ( 'NONE',  ( -17.71867996340585805, 29.59999999999999432, 63.45733378054433160 ) ) ;
#5970 = EDGE_CURVE ( 'NONE', #9073, #106, #1715, .T. ) ;
#5971 = EDGE_LOOP ( 'NONE', ( #8931, #8125, #8221, #4348 ) ) ;
#5972 = CARTESIAN_POINT ( 'NONE',  ( -16.21172252344721443, 28.99999999999999645, 64.43883517452844956 ) ) ;
#5973 = LINE ( 'NONE', #3187, #7914 ) ;
#5974 = CARTESIAN_POINT ( 'NONE',  ( -102.2999999999999545, 30.49999999999994316, 0.000000000000000000 ) ) ;
#5975 = AXIS2_PLACEMENT_3D ( 'NONE', #7306, #4986, #2923 ) ;
#5976 = CARTESIAN_POINT ( 'NONE',  ( -26.76935084851056246, 29.59999999999999787, 63.13112843702117516 ) ) ;
#5977 = CARTESIAN_POINT ( 'NONE',  ( -13.17927060037028397, 28.99999999999999289, 64.51095055914380794 ) ) ;
#5978 = EDGE_CURVE ( 'NONE', #6233, #5640, #1309, .T. ) ;
#5979 = FACE_OUTER_BOUND ( 'NONE', #4475, .T. ) ;
#5980 = VECTOR ( 'NONE', #5673, 1000.000000000000000 ) ;
#5981 = ORIENTED_EDGE ( 'NONE', *, *, #8860, .F. ) ;
#5982 = ORIENTED_EDGE ( 'NONE', *, *, #2022, .T. ) ;
#5983 = DIRECTION ( 'NONE',  ( 1.000000000000000000, 0.000000000000000000, -0.000000000000000000 ) ) ;
#5984 = VERTEX_POINT ( 'NONE', #1218 ) ;
#5985 = CARTESIAN_POINT ( 'NONE',  ( -27.61509150165251825, 29.60000000000000497, 62.21894754577338205 ) ) ;
#5986 = VECTOR ( 'NONE', #7731, 1000.000000000000000 ) ;
#5987 = DIRECTION ( 'NONE',  ( 0.000000000000000000, 0.000000000000000000, 1.000000000000000000 ) ) ;
#5988 = AXIS2_PLACEMENT_3D ( 'NONE', #1315, #7193, #6475 ) ;
#5989 = CARTESIAN_POINT ( 'NONE',  ( -29.45515716326410782, 29.00000000000000000, 63.46687955153354466 ) ) ;
#5990 = CARTESIAN_POINT ( 'NONE',  ( -24.00018406190875808, 29.00000000000001066, 63.38234478991305565 ) ) ;
#5991 = CARTESIAN_POINT ( 'NONE',  ( -102.0000000000000000, 29.49999999999999645, 33.05000000000000426 ) ) ;
#5992 = CARTESIAN_POINT ( 'NONE',  ( -12.53306030902134260, 29.59999999999998721, 62.99015779656220815 ) ) ;
#5993 = CARTESIAN_POINT ( 'NONE',  ( -27.64202152547743907, 29.59999999999999787, 63.14154371149029288 ) ) ;
#5994 = ORIENTED_EDGE ( 'NONE', *, *, #8514, .F. ) ;
#5995 = AXIS2_PLACEMENT_3D ( 'NONE', #4018, #1120, #7770 ) ;
#5996 = DIRECTION ( 'NONE',  ( 0.000000000000000000, -0.7071067811865378028, -0.7071067811865573427 ) ) ;
#5997 = EDGE_LOOP ( 'NONE', ( #2947, #414, #1077, #6755 ) ) ;
#5998 = CARTESIAN_POINT ( 'NONE',  ( -22.03864560037029108, 28.99999999999999289, 63.60049382837458865 ) ) ;
#5999 = CARTESIAN_POINT ( 'NONE',  ( -16.21121092438251665, 29.59999999999999076, 64.37753776437594411 ) ) ;
#6000 = CARTESIAN_POINT ( 'NONE',  ( -28.67326098498566722, 29.59999999999999787, 64.43883517452844956 ) ) ;
#6001 = FACE_OUTER_BOUND ( 'NONE', #8941, .T. ) ;
#6002 = FACE_OUTER_BOUND ( 'NONE', #5833, .T. ) ;
#6003 = LINE ( 'NONE', #7352, #3471 ) ;
#6004 = FACE_OUTER_BOUND ( 'NONE', #9244, .T. ) ;
#6005 = ORIENTED_EDGE ( 'NONE', *, *, #1145, .T. ) ;
#6006 = B_SPLINE_CURVE_WITH_KNOTS ( 'NONE', 3,
 ( #2637, #5577, #8368, #8512, #1773, #7654, #224, #1045, #3177, #5479, #9042 ),
 .UNSPECIFIED., .F., .F.,
 ( 4, 1, 1, 1, 1, 1, 1, 1, 4 ),
 ( 0.000000000000000000, 0.08237348889050945255, 0.1770424282288228235, 0.2833373815775394600, 0.4023947863055167828, 0.5326984036723079186, 0.6759363878958126737, 0.8314126667987170594, 1.000000000000000000 ),
 .UNSPECIFIED. ) ;
#6007 = DIRECTION ( 'NONE',  ( 1.000000000000000000, 0.000000000000000000, 0.000000000000000000 ) ) ;
#6008 = VERTEX_POINT ( 'NONE', #4924 ) ;
#6009 = EDGE_CURVE ( 'NONE', #1400, #5557, #7869, .T. ) ;
#6010 = DIRECTION ( 'NONE',  ( 0.000000000000000000, -0.000000000000000000, 1.000000000000000000 ) ) ;
#6011 = CARTESIAN_POINT ( 'NONE',  ( -20.37405153781887535, 29.00000000000000355, 64.08802397150157049 ) ) ;
#6012 = B_SPLINE_CURVE_WITH_KNOTS ( 'NONE', 3,
 ( #5127, #3724, #8879, #2194, #14, #2374, #7538, #5993, #5223, #5317, #8929 ),
 .UNSPECIFIED., .F., .F.,
 ( 4, 1, 1, 1, 1, 1, 1, 1, 4 ),
 ( 0.000000000000000000, 0.1136384890722382662, 0.2223861812653077918, 0.3312523767958283627, 0.4413103711807804252, 0.5581281266397023488, 0.6869862659608908517, 0.8340526583991203502, 1.000000000000000000 ),
 .UNSPECIFIED. ) ;
#6013 = CARTESIAN_POINT ( 'NONE',  ( -23.19333870612278403, 28.99999999999999289, 64.90246162546478104 ) ) ;
#6014 = CARTESIAN_POINT ( 'NONE',  ( -26.30787636960106468, 29.59999999999999432, 65.44664767452843535 ) ) ;
#6015 = CARTESIAN_POINT ( 'NONE',  ( -15.68739961731507471, 28.99999999999999645, 62.91182826557026431 ) ) ;
#6016 = CARTESIAN_POINT ( 'NONE',  ( -17.07620882272768981, 29.59999999999999787, 64.28463936587547778 ) ) ;
#6017 = CARTESIAN_POINT ( 'NONE',  ( -18.58295586655987464, 29.59999999999999787, 63.51245042299269272 ) ) ;
#6018 = EDGE_LOOP ( 'NONE', ( #5404, #4570, #1245, #3262 ) ) ;
#6019 = ORIENTED_EDGE ( 'NONE', *, *, #3680, .T. ) ;
#6020 = PLANE ( 'NONE',  #890 ) ;
#6021 = EDGE_LOOP ( 'NONE', ( #8350, #8845, #3182, #859 ) ) ;
#6022 = CARTESIAN_POINT ( 'NONE',  ( -16.19934258412799366, 28.99999999999999289, 64.94528547894906012 ) ) ;
#6023 = PLANE ( 'NONE',  #6377 ) ;
#6024 = CARTESIAN_POINT ( 'NONE',  ( -16.03143325970800603, 29.00000000000001066, 65.73253813934991285 ) ) ;
#6025 = CARTESIAN_POINT ( 'NONE',  ( -11.65987894348294773, 28.99999999999999645, 63.51245042299270693 ) ) ;
#6026 = CARTESIAN_POINT ( 'NONE',  ( -41.59633790806259412, 28.99999999999998934, 64.98510921298996834 ) ) ;
#6027 = CARTESIAN_POINT ( 'NONE',  ( -19.53524480210742098, 29.59999999999999432, 63.05857560965161213 ) ) ;
#6028 = ORIENTED_EDGE ( 'NONE', *, *, #1689, .F. ) ;
#6029 = ORIENTED_EDGE ( 'NONE', *, *, #3317, .T. ) ;
#6030 = PLANE ( 'NONE',  #5210 ) ;
#6031 = ORIENTED_EDGE ( 'NONE', *, *, #8806, .T. ) ;
#6032 = B_SPLINE_SURFACE_WITH_KNOTS ( 'NONE', 3, 1, ( 
 ( #3509, #2284 ),
 ( #7847, #5723 ),
 ( #4901, #3558 ),
 ( #4999, #7219 ),
 ( #6397, #9481 ),
 ( #9288, #5228 ),
 ( #7997, #9335 ),
 ( #7073, #7944 ),
 ( #2687, #1192 ),
 ( #8617, #468 ),
 ( #9432, #3459 ) ),
 .UNSPECIFIED., .F., .F., .F.,
 ( 4, 1, 1, 1, 1, 1, 1, 1, 4 ),
 ( 2, 2 ),
 ( 0.000000000000000000, 0.1850902117818992998, 0.3523572497833286077, 0.5030799192422876764, 0.6360081999872619907, 0.7524730698093538006, 0.8518856678189902221, 0.9343393817377413368, 1.000000000000000000 ),
 ( 0.000000000000000000, 1.000000000000000000 ),
 .UNSPECIFIED. ) ;
#6033 = CARTESIAN_POINT ( 'NONE',  ( -29.53864560037028753, 29.59999999999999787, 64.43883517452844956 ) ) ;
#6034 = EDGE_CURVE ( 'NONE', #5294, #2781, #5383, .T. ) ;
#6035 = DIRECTION ( 'NONE',  ( -0.7071067811865514585, -0.7071067811865436870, 0.000000000000000000 ) ) ;
#6036 = CARTESIAN_POINT ( 'NONE',  ( -29.29093049568005469, 29.00000000000000000, 62.94066240168369575 ) ) ;
#6037 = DIRECTION ( 'NONE',  ( -1.418996708365486154E-16, 1.000000000000000000, 0.000000000000000000 ) ) ;
#6038 = CARTESIAN_POINT ( 'NONE',  ( -14.19048574257327466, 28.99999999999999289, 65.28113725803713407 ) ) ;
#6039 = FACE_OUTER_BOUND ( 'NONE', #622, .T. ) ;
#6040 = CARTESIAN_POINT ( 'NONE',  ( -21.14913561192197733, 29.60000000000000142, 66.22015092299596972 ) ) ;
#6041 = VERTEX_POINT ( 'NONE', #2039 ) ;
#6042 = CARTESIAN_POINT ( 'NONE',  ( -40.84543646575490783, 29.59999999999999076, 62.21587844375919474 ) ) ;
#6043 = VERTEX_POINT ( 'NONE', #1993 ) ;
#6044 = DIRECTION ( 'NONE',  ( 0.2810846377148230046, 0.6785983445458561025, 0.6785983445458366736 ) ) ;
#6045 = LINE ( 'NONE', #6716, #6677 ) ;
#6046 = CARTESIAN_POINT ( 'NONE',  ( -22.27482348498567433, 28.99999999999999289, 64.74532555914380794 ) ) ;
#6047 = EDGE_CURVE ( 'NONE', #5877, #8041, #1634, .T. ) ;
#6048 = CARTESIAN_POINT ( 'NONE',  ( -102.0000000000000000, 29.49999999999999645, 34.75000000000000000 ) ) ;
#6049 = PLANE ( 'NONE',  #5517 ) ;
#6050 = DIRECTION ( 'NONE',  ( 1.000000000000000000, 1.418996708365486401E-16, 0.000000000000000000 ) ) ;
#6051 = ORIENTED_EDGE ( 'NONE', *, *, #3968, .T. ) ;
#6052 = CARTESIAN_POINT ( 'NONE',  ( -39.70150617729336773, 28.99999999999998934, 64.98510921298996834 ) ) ;
#6053 = ORIENTED_EDGE ( 'NONE', *, *, #5859, .F. ) ;
#6054 = CARTESIAN_POINT ( 'NONE',  ( -11.31224942820355217, 29.60000000000000142, 65.33875421579914189 ) ) ;
#6055 = CARTESIAN_POINT ( 'NONE',  ( 0.000000000000000000, 0.000000000000000000, 0.5000000000000281997 ) ) ;
#6056 = LINE ( 'NONE', #7409, #5519 ) ;
#6057 = CARTESIAN_POINT ( 'NONE',  ( -15.52388031114633726, 29.60000000000000142, 62.91171570126547152 ) ) ;
#6058 = DIRECTION ( 'NONE',  ( 0.9952403613758177281, 0.000000000000000000, -0.09745061871805378584 ) ) ;
#6059 = CARTESIAN_POINT ( 'NONE',  ( -29.52451245828264703, 29.00000000000000711, 63.98971990975886825 ) ) ;
#6060 = CARTESIAN_POINT ( 'NONE',  ( -2.000000000000000000, 0.5000000000000419664, 20.29999999999997229 ) ) ;
#6061 = ORIENTED_EDGE ( 'NONE', *, *, #3688, .T. ) ;
#6062 = EDGE_CURVE ( 'NONE', #3866, #6008, #2662, .T. ) ;
#6063 = VERTEX_POINT ( 'NONE', #6875 ) ;
#6064 = FACE_OUTER_BOUND ( 'NONE', #7751, .T. ) ;
#6065 = ORIENTED_EDGE ( 'NONE', *, *, #4833, .F. ) ;
#6066 = CARTESIAN_POINT ( 'NONE',  ( -12.38878626822246254, 29.00000000000000355, 62.16114962526411603 ) ) ;
#6067 = DIRECTION ( 'NONE',  ( 0.000000000000000000, 0.000000000000000000, 1.000000000000000000 ) ) ;
#6068 = CARTESIAN_POINT ( 'NONE',  ( -15.97645767774185188, 29.59999999999998721, 65.81174341285539242 ) ) ;
#6069 = CARTESIAN_POINT ( 'NONE',  ( -11.70567907479037473, 29.59999999999998721, 63.28251742388032852 ) ) ;
#6070 = CARTESIAN_POINT ( 'NONE',  ( -28.06749175421644082, 29.59999999999999787, 62.90818613606689524 ) ) ;
#6071 = VECTOR ( 'NONE', #7650, 1000.000000000000000 ) ;
#6072 = ADVANCED_FACE ( 'NONE', ( #9223 ), #488, .T. ) ;
#6073 = CARTESIAN_POINT ( 'NONE',  ( -102.2999999999999687, 30.99999999999998579, 72.49999999999997158 ) ) ;
#6074 = ORIENTED_EDGE ( 'NONE', *, *, #51, .T. ) ;
#6075 = EDGE_LOOP ( 'NONE', ( #7023, #4347, #792, #1630, #6513, #9345, #2477, #4913 ) ) ;
#6076 = DIRECTION ( 'NONE',  ( 0.000000000000000000, 0.000000000000000000, -1.000000000000000000 ) ) ;
#6077 = ORIENTED_EDGE ( 'NONE', *, *, #5737, .T. ) ;
#6078 = CARTESIAN_POINT ( 'NONE',  ( -18.81328502344721088, 28.99999999999999289, 64.74532555914380794 ) ) ;
#6079 = VECTOR ( 'NONE', #7108, 1000.000000000000000 ) ;
#6080 = DIRECTION ( 'NONE',  ( 0.6123724356958051285, -0.3535533905932747301, -0.7071067811865380248 ) ) ;
#6081 = CARTESIAN_POINT ( 'NONE',  ( -16.82778798077731963, 28.99999999999998934, 65.93683472907376597 ) ) ;
#6082 = CARTESIAN_POINT ( 'NONE',  ( -14.13522319507809932, 29.59999999999999432, 64.48240685081077572 ) ) ;
#6083 = ADVANCED_FACE ( 'NONE', ( #4971 ), #4486, .T. ) ;
#6084 = DIRECTION ( 'NONE',  ( 1.418996708365486154E-16, -1.000000000000000000, -0.000000000000000000 ) ) ;
#6085 = CARTESIAN_POINT ( 'NONE',  ( -102.2999999999999687, 28.99999999999998579, 0.5000000000000281997 ) ) ;
#6086 = VECTOR ( 'NONE', #4726, 1000.000000000000114 ) ;
#6087 = ORIENTED_EDGE ( 'NONE', *, *, #6585, .F. ) ;
#6088 = EDGE_CURVE ( 'NONE', #4569, #1179, #2140, .T. ) ;
#6089 = CARTESIAN_POINT ( 'NONE',  ( -28.49349274207125049, 29.59999999999999432, 63.15307011277140958 ) ) ;
#6090 = ORIENTED_EDGE ( 'NONE', *, *, #318, .F. ) ;
#6091 = EDGE_CURVE ( 'NONE', #4520, #9381, #6345, .T. ) ;
#6092 = DIRECTION ( 'NONE',  ( 4.670409358399121388E-15, 1.000000000000000000, 0.000000000000000000 ) ) ;
#6093 = CARTESIAN_POINT ( 'NONE',  ( -36.13212119138682965, 28.99999999999998934, 64.04515270094472612 ) ) ;
#6094 = DIRECTION ( 'NONE',  ( 0.7071067811865379138, 0.7071067811865572317, 1.959870653708103080E-14 ) ) ;
#6095 = CARTESIAN_POINT ( 'NONE',  ( -11.70567907479037473, 28.99999999999998934, 63.28251742388032852 ) ) ;
#6096 = PLANE ( 'NONE',  #1825 ) ;
#6097 = CARTESIAN_POINT ( 'NONE',  ( -14.58011194652413067, 29.59999999999999432, 62.61521738606688814 ) ) ;
#6098 = ADVANCED_FACE ( 'NONE', ( #6659 ), #9488, .T. ) ;
#6099 = EDGE_LOOP ( 'NONE', ( #3960, #2938, #8320, #738 ) ) ;
#6100 = CARTESIAN_POINT ( 'NONE',  ( -102.2999999999999545, 0.000000000000000000, 0.000000000000000000 ) ) ;
#6101 = EDGE_CURVE ( 'NONE', #8472, #3056, #3818, .T. ) ;
#6102 = ORIENTED_EDGE ( 'NONE', *, *, #4507, .F. ) ;
#6103 = CARTESIAN_POINT ( 'NONE',  ( -20.05938588496819719, 28.99999999999998934, 64.56514916011087735 ) ) ;
#6104 = DIRECTION ( 'NONE',  ( -0.6947465906068758246, 0.1861567878973819368, 0.6947465906068566177 ) ) ;
#6105 = DIRECTION ( 'NONE',  ( 1.390559900582610931E-16, -1.000000000000000000, 0.000000000000000000 ) ) ;
#6106 = CARTESIAN_POINT ( 'NONE',  ( -5.499999999999989342, -6.599999999999933920, 21.30000000000002203 ) ) ;
#6107 = CARTESIAN_POINT ( 'NONE',  ( -6.781088913245540972, 3.915063509461042646, 32.99999999999999289 ) ) ;
#6108 = LINE ( 'NONE', #7746, #7312 ) ;
#6109 = CARTESIAN_POINT ( 'NONE',  ( -21.46076208845365940, 29.60000000000000853, 62.65746189122120313 ) ) ;
#6110 = CARTESIAN_POINT ( 'NONE',  ( -18.57910589730029827, 29.59999999999999432, 63.57040566043745144 ) ) ;
#6111 = B_SPLINE_CURVE_WITH_KNOTS ( 'NONE', 3,
 ( #8463, #2099, #7980, #6383, #5857, #9521, #2769, #7833, #2920, #6577, #7254, #7151, #5032, #4316, #4935, #642, #1425, #4887, #9324, #8796, #1227 ),
 .UNSPECIFIED., .F., .F.,
 ( 4, 1, 1, 1, 1, 1, 1, 1, 1, 1, 1, 1, 1, 1, 1, 1, 1, 1, 4 ),
 ( 0.000000000000000000, 0.03697589911787168421, 0.07919380565197133015, 0.1263611040582903189, 0.1791959260290005296, 0.2370233567260356389, 0.3005781796994436150, 0.3688032070373772342, 0.4427636198457212124, 0.5160455776874044442, 0.5825014191568235189, 0.6417953814615287023, 0.6946446714591538729, 0.7407048907381672542, 0.7796151080458149085, 0.8121003791382505055, 0.8378410910526379318, 0.9229877051599603144, 1.000000000000000000 ),
 .UNSPECIFIED. ) ;
#6112 = ORIENTED_EDGE ( 'NONE', *, *, #8803, .F. ) ;
#6113 = ORIENTED_EDGE ( 'NONE', *, *, #5087, .T. ) ;
#6114 = CARTESIAN_POINT ( 'NONE',  ( -15.44517016822641153, 29.59999999999999787, 65.94536505910583912 ) ) ;
#6115 = ORIENTED_EDGE ( 'NONE', *, *, #5393, .F. ) ;
#6116 = DIRECTION ( 'NONE',  ( -1.000000000000000000, 0.000000000000000000, 0.000000000000000000 ) ) ;
#6117 = B_SPLINE_SURFACE_WITH_KNOTS ( 'NONE', 3, 1, ( 
 ( #1174, #3722 ),
 ( #779, #4311 ),
 ( #5171, #6662 ),
 ( #5849, #3679 ),
 ( #2810, #8789 ),
 ( #9412, #2277 ),
 ( #821, #5940 ) ),
 .UNSPECIFIED., .F., .F., .F.,
 ( 4, 1, 1, 1, 4 ),
 ( 2, 2 ),
 ( 0.000000000000000000, 0.2728587156736278496, 0.5256924094060732022, 0.7668504463701361074, 1.000000000000000000 ),
 ( 0.000000000000000000, 1.000000000000000000 ),
 .UNSPECIFIED. ) ;
#6118 = EDGE_CURVE ( 'NONE', #7069, #2470, #4539, .T. ) ;
#6119 = DIRECTION ( 'NONE',  ( 0.000000000000000000, 0.000000000000000000, 1.000000000000000000 ) ) ;
#6120 = LINE ( 'NONE', #4628, #3466 ) ;
#6121 = CARTESIAN_POINT ( 'NONE',  ( -26.80460537158178624, 28.99999999999998934, 63.03068880420724440 ) ) ;
#6122 = CARTESIAN_POINT ( 'NONE',  ( -27.98541877268479539, 29.59999999999999787, 62.91171570126547152 ) ) ;
#6123 = CARTESIAN_POINT ( 'NONE',  ( -19.50198694652413423, 29.59999999999999432, 64.01876305914380794 ) ) ;
#6124 = ORIENTED_EDGE ( 'NONE', *, *, #5678, .F. ) ;
#6125 = VECTOR ( 'NONE', #9369, 1000.000000000000000 ) ;
#6126 = FACE_OUTER_BOUND ( 'NONE', #3812, .T. ) ;
#6127 = ORIENTED_EDGE ( 'NONE', *, *, #2546, .F. ) ;
#6128 = DIRECTION ( 'NONE',  ( 1.418996708365486154E-16, -1.000000000000000000, -0.000000000000000000 ) ) ;
#6129 = VECTOR ( 'NONE', #322, 1000.000000000000000 ) ;
#6130 = PLANE ( 'NONE',  #536 ) ;
#6131 = ADVANCED_FACE ( 'NONE', ( #1746 ), #6130, .F. ) ;
#6132 = DIRECTION ( 'NONE',  ( 1.418996708365486154E-16, -1.000000000000000000, -0.000000000000000000 ) ) ;
#6133 = VECTOR ( 'NONE', #6850, 1000.000000000000000 ) ;
#6134 = PLANE ( 'NONE',  #2595 ) ;
#6135 = CARTESIAN_POINT ( 'NONE',  ( -16.05814696025527866, 29.59999999999998721, 66.65534655642170492 ) ) ;
#6136 = PERSON_AND_ORGANIZATION ( #1867, #1846 ) ;
#6137 = ORIENTED_EDGE ( 'NONE', *, *, #8093, .F. ) ;
#6138 = ADVANCED_FACE ( 'NONE', ( #1794 ), #4587, .T. ) ;
#6139 = VECTOR ( 'NONE', #9123, 1000.000000000000000 ) ;
#6140 = DIRECTION ( 'NONE',  ( -0.5659711471271449135, 0.000000000000000000, -0.8244250485153782337 ) ) ;
#6141 = AXIS2_PLACEMENT_3D ( 'NONE', #4563, #269, #3847 ) ;
#6142 = ORIENTED_EDGE ( 'NONE', *, *, #2680, .F. ) ;
#6143 = CARTESIAN_POINT ( 'NONE',  ( -29.24616931277467913, 28.99999999999999289, 66.02583594461079031 ) ) ;
#6144 = CARTESIAN_POINT ( 'NONE',  ( 0.000000000000000000, -6.099999999999905498, 24.33205080756887995 ) ) ;
#6145 = CARTESIAN_POINT ( 'NONE',  ( -37.05573546203275725, 29.59999999999999432, 62.26169215001661428 ) ) ;
#6146 = CARTESIAN_POINT ( 'NONE',  ( -2.500000000000042188, 11.33012701892215723, 20.79999999999999716 ) ) ;
#6147 = EDGE_CURVE ( 'NONE', #6393, #5094, #3197, .T. ) ;
#6148 = CARTESIAN_POINT ( 'NONE',  ( -13.61556867729336062, 28.99999999999999289, 63.38234478991304144 ) ) ;
#6149 = CARTESIAN_POINT ( 'NONE',  ( -29.09333310037028397, 29.59999999999999432, 66.25884719375919474 ) ) ;
#6150 = CARTESIAN_POINT ( 'NONE',  ( -24.00018406190875453, 29.59999999999999432, 65.79280152068227494 ) ) ;
#6151 = VECTOR ( 'NONE', #4682, 1000.000000000000000 ) ;
#6152 = VECTOR ( 'NONE', #5269, 1000.000000000000000 ) ;
#6153 = EDGE_CURVE ( 'NONE', #291, #5536, #7532, .T. ) ;
#6154 = ORIENTED_EDGE ( 'NONE', *, *, #5398, .T. ) ;
#6155 = CARTESIAN_POINT ( 'NONE',  ( -18.61008249681123772, 29.00000000000000355, 63.35262999331450828 ) ) ;
#6156 = ORIENTED_EDGE ( 'NONE', *, *, #3880, .T. ) ;
#6157 = EDGE_CURVE ( 'NONE', #6563, #9084, #952, .T. ) ;
#6158 = LINE ( 'NONE', #2537, #1144 ) ;
#6159 = CARTESIAN_POINT ( 'NONE',  ( -40.73095329267798093, 29.59999999999999076, 66.65818613606688814 ) ) ;
#6160 = CARTESIAN_POINT ( 'NONE',  ( -16.63540040806259412, 29.59999999999999787, 62.62062603991305565 ) ) ;
#6161 = CARTESIAN_POINT ( 'NONE',  ( -15.09663838883182407, 29.59999999999999076, 63.34989286683612164 ) ) ;
#6162 = DIRECTION ( 'NONE',  ( 1.000000000000000000, 1.390559900582610931E-16, 0.000000000000000000 ) ) ;
#6163 = CARTESIAN_POINT ( 'NONE',  ( -16.73999122002557982, 29.00000000000000355, 62.76957086735013291 ) ) ;
#6164 = CARTESIAN_POINT ( 'NONE',  ( -11.57612509987562177, 29.59999999999999787, 62.27978240500942775 ) ) ;
#6165 = ORIENTED_EDGE ( 'NONE', *, *, #6511, .F. ) ;
#6166 = VERTEX_POINT ( 'NONE', #925 ) ;
#6167 = CARTESIAN_POINT ( 'NONE',  ( -4.999999999999990230, 2.428612866367529932E-14, 21.30000000000002558 ) ) ;
#6168 = ORIENTED_EDGE ( 'NONE', *, *, #5892, .F. ) ;
#6169 = DIRECTION ( 'NONE',  ( 6.162975822039153361E-33, 0.7071067811865443531, -0.7071067811865506814 ) ) ;
#6170 = CARTESIAN_POINT ( 'NONE',  ( -17.86053757678774545, 29.59999999999999787, 65.83850817306101533 ) ) ;
#6171 = CARTESIAN_POINT ( 'NONE',  ( -21.06785762588009447, 29.59999999999999432, 66.58423303333553633 ) ) ;
#6172 = DIRECTION ( 'NONE',  ( -7.285480914654868464E-16, -0.7071067811865577868, 0.7071067811865373587 ) ) ;
#6173 = CARTESIAN_POINT ( 'NONE',  ( -26.62380039479913663, 29.59999999999999076, 63.84523698884249399 ) ) ;
#6174 = CARTESIAN_POINT ( 'NONE',  ( -36.92326098498567433, 29.59999999999999076, 63.45446017452842113 ) ) ;
#6175 = DIRECTION ( 'NONE',  ( 1.418996708365486154E-16, -1.000000000000000000, -0.000000000000000000 ) ) ;
#6176 = VERTEX_POINT ( 'NONE', #7579 ) ;
#6177 = CARTESIAN_POINT ( 'NONE',  ( -15.57855287847091930, 28.99999999999999289, 65.96448203061940774 ) ) ;
#6178 = ORIENTED_EDGE ( 'NONE', *, *, #7793, .F. ) ;
#6179 = CARTESIAN_POINT ( 'NONE',  ( -23.90991600567687669, 28.99999999999998934, 62.90235117314195179 ) ) ;
#6180 = CARTESIAN_POINT ( 'NONE',  ( -19.13960713883182763, 28.99999999999999289, 62.90818613606688814 ) ) ;
#6181 = CARTESIAN_POINT ( 'NONE',  ( -29.51121766315141670, 29.59999999999998366, 63.85094655720958912 ) ) ;
#6182 = CARTESIAN_POINT ( 'NONE',  ( -31.73095329267797737, 29.59999999999999432, 65.73510921298995413 ) ) ;
#6183 = CARTESIAN_POINT ( 'NONE',  ( -31.73095329267797737, 28.99999999999999289, 63.48691209760534804 ) ) ;
#6184 = ORIENTED_EDGE ( 'NONE', *, *, #3840, .F. ) ;
#6185 = ADVANCED_FACE ( 'NONE', ( #3765 ), #3098, .T. ) ;
#6186 = EDGE_CURVE ( 'NONE', #441, #8297, #6587, .T. ) ;
#6187 = LINE ( 'NONE', #5367, #2275 ) ;
#6188 = ORIENTED_EDGE ( 'NONE', *, *, #5558, .F. ) ;
#6189 = LINE ( 'NONE', #7440, #6139 ) ;
#6190 = DIRECTION ( 'NONE',  ( -0.7071067811865378028, 0.7071067811865573427, 0.000000000000000000 ) ) ;
#6191 = CARTESIAN_POINT ( 'NONE',  ( -35.88474400103305584, 29.00000000000000355, 63.29043085453159279 ) ) ;
#6192 = CARTESIAN_POINT ( 'NONE',  ( -28.67326098498566367, 28.99999999999998934, 64.43883517452843535 ) ) ;
#6193 = CARTESIAN_POINT ( 'NONE',  ( -12.67730561523808674, 28.99999999999999645, 62.20551655094875798 ) ) ;
#6194 = CARTESIAN_POINT ( 'NONE',  ( -15.00535161209072399, 29.00000000000000000, 64.78621502529246357 ) ) ;
#6195 = CARTESIAN_POINT ( 'NONE',  ( -7.999999999999989342, -4.099999999999905498, 21.30000000000002203 ) ) ;
#6196 = ORIENTED_EDGE ( 'NONE', *, *, #4801, .T. ) ;
#6197 = CARTESIAN_POINT ( 'NONE',  ( -31.73095329267797737, 29.59999999999999432, 64.98510921298996834 ) ) ;
#6198 = EDGE_LOOP ( 'NONE', ( #6347, #9086, #1580, #2217 ) ) ;
#6199 = B_SPLINE_CURVE_WITH_KNOTS ( 'NONE', 3,
 ( #2612, #3288, #4776, #1887, #7084, #6273, #9161, #5451, #2564, #5498, #433, #1114, #4055, #6179, #4817, #6995, #386, #478, #5550 ),
 .UNSPECIFIED., .F., .F.,
 ( 4, 1, 1, 1, 1, 1, 1, 1, 1, 1, 1, 1, 1, 1, 1, 1, 4 ),
 ( 0.000000000000000000, 0.07565134293790633235, 0.1473404888250150480, 0.2160248263225418297, 0.2816200141458383155, 0.3453641986564537913, 0.4073727453696223133, 0.4687154605609664682, 0.5297496088297312111, 0.5899834890207036331, 0.6485598865702445481, 0.7061808522038780511, 0.7631228146666982903, 0.8204415301492684609, 0.8785129214234909112, 0.9382431650142797341, 1.000000000000000000 ),
 .UNSPECIFIED. ) ;
#6200 = CARTESIAN_POINT ( 'NONE',  ( -104.9999999999999716, 28.99999999999998579, 55.74999999999999289 ) ) ;
#6201 = FACE_OUTER_BOUND ( 'NONE', #2685, .T. ) ;
#6202 = CARTESIAN_POINT ( 'NONE',  ( -18.02962937322304171, 28.99999999999998934, 65.58748211920877225 ) ) ;
#6203 = LINE ( 'NONE', #363, #5042 ) ;
#6204 = LINE ( 'NONE', #3312, #1298 ) ;
#6205 = CARTESIAN_POINT ( 'NONE',  ( -29.09693886960105047, 29.59999999999999432, 62.62062603991304144 ) ) ;
#6206 = LINE ( 'NONE', #3126, #1072 ) ;
#6207 = EDGE_CURVE ( 'NONE', #2364, #8411, #8392, .T. ) ;
#6208 = ORIENTED_EDGE ( 'NONE', *, *, #7034, .T. ) ;
#6209 = EDGE_CURVE ( 'NONE', #8472, #8061, #99, .T. ) ;
#6210 = ORIENTED_EDGE ( 'NONE', *, *, #3843, .F. ) ;
#6211 = CARTESIAN_POINT ( 'NONE',  ( -17.92447348596284940, 29.59999999999999076, 62.76877923128868986 ) ) ;
#6212 = ORIENTED_EDGE ( 'NONE', *, *, #4818, .F. ) ;
#6213 = CARTESIAN_POINT ( 'NONE',  ( -15.76380833032661677, 29.59999999999998721, 62.16198089314431030 ) ) ;
#6214 = CARTESIAN_POINT ( 'NONE',  ( -500000.0000000000582, -6.599999999999933031, 24.33205080756887995 ) ) ;
#6215 = CARTESIAN_POINT ( 'NONE',  ( -29.06204054916261725, 29.59999999999999432, 66.29543088703968579 ) ) ;
#6216 = CARTESIAN_POINT ( 'NONE',  ( -23.99938606594129098, 29.00000000000000711, 63.33959402992293519 ) ) ;
#6217 = CARTESIAN_POINT ( 'NONE',  ( -21.84685255840942375, 29.60000000000000142, 62.33386798170776188 ) ) ;
#6218 = DIRECTION ( 'NONE',  ( -0.6785983445458557695, -0.2810846377148227271, 0.6785983445458371177 ) ) ;
#6219 = CARTESIAN_POINT ( 'NONE',  ( -15.29236734719290958, 28.99999999999998934, 66.68720450271960942 ) ) ;
#6220 = CARTESIAN_POINT ( 'NONE',  ( -17.01626429889772396, 28.99999999999999645, 65.28727902373810821 ) ) ;
#6221 = ORIENTED_EDGE ( 'NONE', *, *, #6881, .F. ) ;
#6222 = ADVANCED_FACE ( 'NONE', ( #2322 ), #5264, .F. ) ;
#6223 = DIRECTION ( 'NONE',  ( 1.000000000000000000, 0.000000000000000000, 0.000000000000000000 ) ) ;
#6224 = ORIENTED_EDGE ( 'NONE', *, *, #6792, .T. ) ;
#6225 = CARTESIAN_POINT ( 'NONE',  ( -1.499999999999958034, 0.5000000000000419664, 0.000000000000000000 ) ) ;
#6226 = ADVANCED_FACE ( 'NONE', ( #3474 ), #2748, .T. ) ;
#6227 = CARTESIAN_POINT ( 'NONE',  ( -26.95115949641797926, 28.99999999999999289, 66.14854865925747163 ) ) ;
#6228 = VECTOR ( 'NONE', #5386, 1000.000000000000000 ) ;
#6229 = CARTESIAN_POINT ( 'NONE',  ( -23.13479944652413778, 29.59999999999999432, 63.49863084760534804 ) ) ;
#6230 = CARTESIAN_POINT ( 'NONE',  ( -29.49627771000522714, 28.99999999999998934, 65.15935364755519288 ) ) ;
#6231 = VECTOR ( 'NONE', #2525, 1000.000000000000000 ) ;
#6232 = CARTESIAN_POINT ( 'NONE',  ( -28.09493863579573514, 28.99999999999999645, 62.90941351001680459 ) ) ;
#6233 = VERTEX_POINT ( 'NONE', #4868 ) ;
#6234 = AXIS2_PLACEMENT_3D ( 'NONE', #1587, #862, #8240 ) ;
#6235 = CARTESIAN_POINT ( 'NONE',  ( -27.48282427266179084, 29.00000000000002487, 65.07864317527854325 ) ) ;
#6236 = B_SPLINE_CURVE_WITH_KNOTS ( 'NONE', 3,
 ( #9140, #325, #7607, #1579, #9045, #6787, #2543, #7656, #8181, #4518, #3180, #6883, #6164, #8370, #8280, #5433, #7458, #8951, #854 ),
 .UNSPECIFIED., .F., .F.,
 ( 4, 1, 1, 1, 1, 1, 1, 1, 1, 1, 1, 1, 1, 1, 1, 1, 4 ),
 ( 0.000000000000000000, 0.07942773837476263532, 0.1539976939993294713, 0.2241189499674206831, 0.2899050271283514224, 0.3526968565844615933, 0.4126842950548520461, 0.4705649759878937632, 0.5274252800728548296, 0.5837531208169126629, 0.6399844070010036745, 0.6966154639853047170, 0.7537516678721118968, 0.8127258630658228400, 0.8729762494242104820, 0.9350413902325094284, 1.000000000000000000 ),
 .UNSPECIFIED. ) ;
#6237 = CARTESIAN_POINT ( 'NONE',  ( -18.57710713883182763, 29.59999999999999432, 63.60049382837458865 ) ) ;
#6238 = DIRECTION ( 'NONE',  ( 1.418996708365486154E-16, -1.000000000000000000, -0.000000000000000000 ) ) ;
#6239 = LINE ( 'NONE', #3346, #1606 ) ;
#6240 = CARTESIAN_POINT ( 'NONE',  ( -28.06749175421643727, 28.99999999999998934, 62.90818613606688814 ) ) ;
#6241 = VECTOR ( 'NONE', #1056, 1000.000000000000000 ) ;
#6242 = EDGE_CURVE ( 'NONE', #8269, #3181, #6364, .T. ) ;
#6243 = CARTESIAN_POINT ( 'NONE',  ( -17.68759715038351388, 29.60000000000000142, 66.22015092299596972 ) ) ;
#6244 = CARTESIAN_POINT ( 'NONE',  ( -19.67326098498567433, 28.99999999999999645, 63.49863084760536225 ) ) ;
#6245 = ORIENTED_EDGE ( 'NONE', *, *, #6770, .F. ) ;
#6246 = CARTESIAN_POINT ( 'NONE',  ( -26.62380039479913663, 28.99999999999998934, 63.84523698884249399 ) ) ;
#6247 = VECTOR ( 'NONE', #3845, 1000.000000000000000 ) ;
#6248 = ORIENTED_EDGE ( 'NONE', *, *, #4922, .F. ) ;
#6249 = FACE_OUTER_BOUND ( 'NONE', #4419, .T. ) ;
#6250 = CARTESIAN_POINT ( 'NONE',  ( -36.27734066978234750, 29.60000000000000497, 63.96705528379479944 ) ) ;
#6251 = CARTESIAN_POINT ( 'NONE',  ( -28.77956928554525717, 29.59999999999999787, 62.33577501593931913 ) ) ;
#6252 = CARTESIAN_POINT ( 'NONE',  ( -2.000000000000000000, 0.5000000000000281997, 32.99999999999999289 ) ) ;
#6253 = CARTESIAN_POINT ( 'NONE',  ( -22.96352540806260123, 29.59999999999999432, 64.01876305914380794 ) ) ;
#6254 = LINE ( 'NONE', #9187, #4749 ) ;
#6255 = CARTESIAN_POINT ( 'NONE',  ( -28.06749175421643727, 28.99999999999999289, 66.71587844375920895 ) ) ;
#6256 = VERTEX_POINT ( 'NONE', #3289 ) ;
#6257 = EDGE_CURVE ( 'NONE', #2083, #5156, #523, .T. ) ;
#6258 = ORIENTED_EDGE ( 'NONE', *, *, #9516, .F. ) ;
#6259 = DIRECTION ( 'NONE',  ( -0.5000000000000098810, -0.5000000000000035527, -0.7071067811865380248 ) ) ;
#6260 = ORIENTED_EDGE ( 'NONE', *, *, #1844, .F. ) ;
#6261 = CARTESIAN_POINT ( 'NONE',  ( 12.35355339059330326, 12.35355339059330682, 0.000000000000000000 ) ) ;
#6262 = CARTESIAN_POINT ( 'NONE',  ( -18.75752433655028995, 29.00000000000001066, 64.79893559641131162 ) ) ;
#6263 = CARTESIAN_POINT ( 'NONE',  ( -15.44488309853125152, 28.99999999999998934, 62.93076356351276246 ) ) ;
#6264 = CARTESIAN_POINT ( 'NONE',  ( -13.55933456575804819, 28.99999999999999289, 63.81306182907635360 ) ) ;
#6265 = DIRECTION ( 'NONE',  ( 0.000000000000000000, -0.5000000000000012212, 0.8660254037844380415 ) ) ;
#6266 = DIRECTION ( 'NONE',  ( -1.000000000000000000, 0.000000000000000000, 0.000000000000000000 ) ) ;
#6267 = EDGE_CURVE ( 'NONE', #1249, #2037, #5693, .T. ) ;
#6268 = CARTESIAN_POINT ( 'NONE',  ( -31.84543646575489717, 29.59999999999999432, 62.21587844375919474 ) ) ;
#6269 = DIRECTION ( 'NONE',  ( 0.000000000000000000, 0.000000000000000000, -1.000000000000000000 ) ) ;
#6270 = EDGE_LOOP ( 'NONE', ( #3728, #7794, #4519, #520 ) ) ;
#6271 = CARTESIAN_POINT ( 'NONE',  ( -0.5000000001018634066, -6.599999999999933031, 29.46794919243110655 ) ) ;
#6272 = VERTEX_POINT ( 'NONE', #9302 ) ;
#6273 = CARTESIAN_POINT ( 'NONE',  ( -23.19385633304365868, 28.99999999999998934, 62.24291216561616125 ) ) ;
#6274 = CARTESIAN_POINT ( 'NONE',  ( -27.21658758806252010, 28.99999999999998934, 66.43559663024061024 ) ) ;
#6275 = ADVANCED_FACE ( 'NONE', ( #7039 ), #7487, .T. ) ;
#6276 = DIRECTION ( 'NONE',  ( 0.000000000000000000, -0.000000000000000000, 1.000000000000000000 ) ) ;
#6277 = PLANE ( 'NONE',  #8896 ) ;
#6278 = CARTESIAN_POINT ( 'NONE',  ( -28.54534044328123699, 29.00000000000000711, 63.26113956118234682 ) ) ;
#6279 = APPROVAL_STATUS ( 'not_yet_approved' ) ;
#6280 = ORIENTED_EDGE ( 'NONE', *, *, #6980, .F. ) ;
#6281 = VECTOR ( 'NONE', #4035, 1000.000000000000000 ) ;
#6282 = CARTESIAN_POINT ( 'NONE',  ( -16.43192043266467905, 28.99999999999999289, 66.46068804753105042 ) ) ;
#6283 = VECTOR ( 'NONE', #6864, 1000.000000000000000 ) ;
#6284 = CARTESIAN_POINT ( 'NONE',  ( -19.45243015289111099, 28.99999999999998934, 65.15694757337566045 ) ) ;
#6285 = PLANE ( 'NONE',  #1065 ) ;
#6286 = CARTESIAN_POINT ( 'NONE',  ( -102.7999999999999972, 30.99999999999998579, 73.00000000000000000 ) ) ;
#6287 = DIRECTION ( 'NONE',  ( -4.807406715958777160E-16, 0.7071067811865570096, 0.7071067811865379138 ) ) ;
#6288 = CARTESIAN_POINT ( 'NONE',  ( -12.53748549229791287, 28.99999999999998934, 64.07697101937263540 ) ) ;
#6289 = CARTESIAN_POINT ( 'NONE',  ( -19.45243015289111099, 28.99999999999999645, 65.15694757337566045 ) ) ;
#6290 = DIRECTION ( 'NONE',  ( 0.7071067811865378028, 4.906538933386725456E-15, -0.7071067811865573427 ) ) ;
#6291 = AXIS2_PLACEMENT_3D ( 'NONE', #292, #9254, #1112 ) ;
#6292 = VECTOR ( 'NONE', #1566, 1000.000000000000114 ) ;
#6293 = ORIENTED_EDGE ( 'NONE', *, *, #5765, .F. ) ;
#6294 = EDGE_CURVE ( 'NONE', #4323, #8188, #8010, .T. ) ;
#6295 = CARTESIAN_POINT ( 'NONE',  ( -26.76935084851056246, 28.99999999999999645, 63.13112843702117516 ) ) ;
#6296 = VERTEX_POINT ( 'NONE', #8099 ) ;
#6297 = AXIS2_PLACEMENT_3D ( 'NONE', #5677, #4947, #5771 ) ;
#6298 = CARTESIAN_POINT ( 'NONE',  ( -16.43192043266467905, 28.99999999999999645, 66.46068804753105042 ) ) ;
#6299 = CARTESIAN_POINT ( 'NONE',  ( -22.20675869749603493, 29.00000000000000000, 62.20000212056062594 ) ) ;
#6300 = VECTOR ( 'NONE', #6548, 1000.000000000000000 ) ;
#6301 = CARTESIAN_POINT ( 'NONE',  ( -28.89500261556462490, 28.99999999999999645, 62.41705866785153489 ) ) ;
#6302 = LINE ( 'NONE', #4798, #8587 ) ;
#6303 = LINE ( 'NONE', #1911, #4388 ) ;
#6304 = CARTESIAN_POINT ( 'NONE',  ( -2.000000000000000000, 26.00000000000000000, 73.00000000000000000 ) ) ;
#6305 = VERTEX_POINT ( 'NONE', #8726 ) ;
#6306 = ADVANCED_FACE ( 'NONE', ( #2218 ), #1495, .T. ) ;
#6307 = ADVANCED_FACE ( 'NONE', ( #3571 ), #7952, .T. ) ;
#6308 = EDGE_LOOP ( 'NONE', ( #5010, #1471, #2162, #2294 ) ) ;
#6309 = CARTESIAN_POINT ( 'NONE',  ( -18.49920202295254867, 29.59999999999999787, 62.27978240500942775 ) ) ;
#6310 = ORIENTED_EDGE ( 'NONE', *, *, #6416, .T. ) ;
#6311 = CARTESIAN_POINT ( 'NONE',  ( -13.40898238000326970, 29.60000000000000142, 62.69410884949884633 ) ) ;
#6312 = CARTESIAN_POINT ( 'NONE',  ( -2.000000000000000000, 0.5000000000000419664, 20.29999999999997229 ) ) ;
#6313 = CARTESIAN_POINT ( 'NONE',  ( -28.14921139015755358, 28.99999999999998934, 65.96213373037441841 ) ) ;
#6314 = DIRECTION ( 'NONE',  ( 1.418996708365486154E-16, -1.000000000000000000, -0.000000000000000000 ) ) ;
#6315 = CARTESIAN_POINT ( 'NONE',  ( -31.84543646575489717, 29.59999999999999432, 62.21587844375919474 ) ) ;
#6316 = CARTESIAN_POINT ( 'NONE',  ( -11.07614670383825484, 28.99999999999999645, 62.65746189122116050 ) ) ;
#6317 = CARTESIAN_POINT ( 'NONE',  ( -27.76179556018020378, 29.59999999999999787, 63.00359796145249902 ) ) ;
#6318 = VERTEX_POINT ( 'NONE', #569 ) ;
#6319 = CARTESIAN_POINT ( 'NONE',  ( -20.53864560037029463, 29.59999999999999787, 63.38234478991305565 ) ) ;
#6320 = ORIENTED_EDGE ( 'NONE', *, *, #6432, .T. ) ;
#6321 = CARTESIAN_POINT ( 'NONE',  ( -4.999999999995438316, -1.999999999999977573, 31.19999999999998863 ) ) ;
#6322 = CARTESIAN_POINT ( 'NONE',  ( -26.63526245813586613, 28.99999999999999289, 65.15417688458137491 ) ) ;
#6323 = CARTESIAN_POINT ( 'NONE',  ( -83.05000000000036664, 50.25000000000012790, 33.49999999999964473 ) ) ;
#6324 = CARTESIAN_POINT ( 'NONE',  ( -29.51124864664373604, 29.59999999999999787, 65.02582819320581109 ) ) ;
#6325 = LINE ( 'NONE', #3965, #3830 ) ;
#6326 = COORDINATED_UNIVERSAL_TIME_OFFSET ( 1, 0, .AHEAD. ) ;
#6327 = VERTEX_POINT ( 'NONE', #2078 ) ;
#6328 = EDGE_CURVE ( 'NONE', #989, #8719, #5202, .T. ) ;
#6329 = CARTESIAN_POINT ( 'NONE',  ( -16.43192043266467905, 29.59999999999999787, 66.46068804753105042 ) ) ;
#6330 = CARTESIAN_POINT ( 'NONE',  ( -19.10980440350194343, 29.59999999999999432, 65.47993683651777985 ) ) ;
#6331 = CARTESIAN_POINT ( 'NONE',  ( -28.43799613928030112, 28.99999999999998934, 65.81174341285539242 ) ) ;
#6332 = CARTESIAN_POINT ( 'NONE',  ( -13.59139547976820239, 28.99999999999998934, 63.67257558265117012 ) ) ;
#6333 = CARTESIAN_POINT ( 'NONE',  ( -36.00537346953992568, 28.99999999999999289, 63.24522073084454377 ) ) ;
#6334 = CARTESIAN_POINT ( 'NONE',  ( -11.93470012564859672, 29.59999999999999787, 64.70237932490229582 ) ) ;
#6335 = LINE ( 'NONE', #1085, #2292 ) ;
#6336 = CARTESIAN_POINT ( 'NONE',  ( -12.75018406190874742, 28.99999999999999645, 63.49863084760536225 ) ) ;
#6337 = ORIENTED_EDGE ( 'NONE', *, *, #1496, .F. ) ;
#6338 = ADVANCED_FACE ( 'NONE', ( #5834 ), #623, .F. ) ;
#6339 = CARTESIAN_POINT ( 'NONE',  ( -16.19136573638043686, 29.00000000000000000, 66.60379955400918561 ) ) ;
#6340 = CARTESIAN_POINT ( 'NONE',  ( -27.07294468029615331, 29.59999999999999076, 62.57863721179619887 ) ) ;
#6341 = DIRECTION ( 'NONE',  ( -1.418996708365486154E-16, 1.000000000000000000, 0.000000000000000000 ) ) ;
#6342 = CARTESIAN_POINT ( 'NONE',  ( -14.17372399659741156, 29.59999999999999787, 65.15417688458137491 ) ) ;
#6343 = CARTESIAN_POINT ( 'NONE',  ( -12.18672748042501830, 29.59999999999999076, 65.47993683651776564 ) ) ;
#6344 = DIRECTION ( 'NONE',  ( -0.7071067811865573427, 0.7071067811865378028, 9.185433182841793626E-17 ) ) ;
#6345 = B_SPLINE_CURVE_WITH_KNOTS ( 'NONE', 3,
 ( #2273, #9, #3534, #1461, #8735, #4488, #52, #583, #6469, #5122, #8828, #8109, #776, #3627, #1506, #8156, #631, #5216, #3578 ),
 .UNSPECIFIED., .F., .F.,
 ( 4, 1, 1, 1, 1, 1, 1, 1, 1, 1, 1, 1, 1, 1, 1, 1, 4 ),
 ( 0.000000000000000000, 0.07565134293790633235, 0.1473404888250150480, 0.2160248263225418297, 0.2816200141458383155, 0.3453641986564537913, 0.4073727453696223133, 0.4687154605609664682, 0.5297496088297312111, 0.5899834890207036331, 0.6485598865702445481, 0.7061808522038780511, 0.7631228146666982903, 0.8204415301492684609, 0.8785129214234909112, 0.9382431650142797341, 1.000000000000000000 ),
 .UNSPECIFIED. ) ;
#6346 = ORIENTED_EDGE ( 'NONE', *, *, #2425, .F. ) ;
#6347 = ORIENTED_EDGE ( 'NONE', *, *, #1861, .T. ) ;
#6348 = PLANE ( 'NONE',  #8744 ) ;
#6349 = ORIENTED_EDGE ( 'NONE', *, *, #2579, .T. ) ;
#6350 = CARTESIAN_POINT ( 'NONE',  ( -13.40898238000326970, 29.00000000000000355, 62.69410884949884633 ) ) ;
#6351 = PLANE ( 'NONE',  #5366 ) ;
#6352 = DIRECTION ( 'NONE',  ( -0.7071067811865574537, -0.7071067811865376918, -9.185433182841083651E-17 ) ) ;
#6353 = CARTESIAN_POINT ( 'NONE',  ( -22.21906279808875340, 29.00000000000001066, 64.79893559641131162 ) ) ;
#6354 = CARTESIAN_POINT ( 'NONE',  ( -29.09693886960105047, 29.59999999999999432, 62.62062603991304144 ) ) ;
#6355 = CARTESIAN_POINT ( 'NONE',  ( -21.46076208845365940, 29.60000000000000853, 62.65746189122120313 ) ) ;
#6356 = CARTESIAN_POINT ( 'NONE',  ( -102.0000000000000000, 30.99999999999998579, 34.75000000000000000 ) ) ;
#6357 = CARTESIAN_POINT ( 'NONE',  ( -10.78864560037028397, 28.99999999999999645, 63.51575825145150134 ) ) ;
#6358 = EDGE_CURVE ( 'NONE', #372, #6656, #1306, .T. ) ;
#6359 = VERTEX_POINT ( 'NONE', #1451 ) ;
#6360 = PLANE ( 'NONE',  #6903 ) ;
#6361 = ORIENTED_EDGE ( 'NONE', *, *, #6209, .T. ) ;
#6362 = DIRECTION ( 'NONE',  ( 1.418996708365486154E-16, -1.000000000000000000, -0.000000000000000000 ) ) ;
#6363 = ORIENTED_EDGE ( 'NONE', *, *, #1317, .F. ) ;
#6364 = LINE ( 'NONE', #8532, #70 ) ;
#6365 = LINE ( 'NONE', #9305, #7832 ) ;
#6366 = FACE_OUTER_BOUND ( 'NONE', #7508, .T. ) ;
#6367 = CARTESIAN_POINT ( 'NONE',  ( -16.21134442120624541, 28.99999999999999289, 64.50013680341083955 ) ) ;
#6368 = ORIENTED_EDGE ( 'NONE', *, *, #8595, .T. ) ;
#6369 = CARTESIAN_POINT ( 'NONE',  ( -26.63526245813586613, 29.59999999999999432, 65.15417688458137491 ) ) ;
#6370 = CARTESIAN_POINT ( 'NONE',  ( -19.73180024458431348, 28.99999999999998224, 64.90246162546478104 ) ) ;
#6371 = CARTESIAN_POINT ( 'NONE',  ( -4.999999999999976907, -1.999999999999977573, 20.79999999999999716 ) ) ;
#6372 = CARTESIAN_POINT ( 'NONE',  ( -13.21501104930647408, 29.59999999999999432, 64.46298851135722430 ) ) ;
#6373 = CARTESIAN_POINT ( 'NONE',  ( -2.000000000000000000, 11.33012701892215723, 20.29999999999997229 ) ) ;
#6374 = FACE_OUTER_BOUND ( 'NONE', #1742, .T. ) ;
#6375 = CARTESIAN_POINT ( 'NONE',  ( -21.49116783476150161, 28.99999999999998934, 65.58748211920877225 ) ) ;
#6376 = EDGE_CURVE ( 'NONE', #6063, #649, #5549, .T. ) ;
#6377 = AXIS2_PLACEMENT_3D ( 'NONE', #1010, #6843, #3135 ) ;
#6378 = B_SPLINE_CURVE_WITH_KNOTS ( 'NONE', 3,
 ( #413, #9139, #1912, #6163, #7022, #3362, #4708, #2542, #8418, #7705, #1096, #4037, #6976, #365, #8468, #4849, #4800, #7790, #4128 ),
 .UNSPECIFIED., .F., .F.,
 ( 4, 1, 1, 1, 1, 1, 1, 1, 1, 1, 1, 1, 1, 1, 1, 1, 4 ),
 ( 0.000000000000000000, 0.04667348444442046690, 0.09525240289268012417, 0.1448650554020080305, 0.1963135318305433141, 0.2497676991019312231, 0.3057805210269448071, 0.3632739045836495539, 0.4234354540256402566, 0.4860230073263877015, 0.5514787443092996622, 0.6194270646736422803, 0.6899451355257777418, 0.7631433297567437046, 0.8390008045993371244, 0.9181030856310408161, 1.000000000000000000 ),
 .UNSPECIFIED. ) ;
#6379 = CARTESIAN_POINT ( 'NONE',  ( -12.74806018564633803, 28.99999999999999645, 63.54180619720352041 ) ) ;
#6380 = ADVANCED_FACE ( 'NONE', ( #8334 ), #3951, .T. ) ;
#6381 = VERTEX_POINT ( 'NONE', #6888 ) ;
#6382 = VECTOR ( 'NONE', #5400, 1000.000000000000000 ) ;
#6383 = CARTESIAN_POINT ( 'NONE',  ( -23.47094914790866227, 28.99999999999999289, 64.62138892635984178 ) ) ;
#6384 = DIRECTION ( 'NONE',  ( 1.000000000000000000, 0.000000000000000000, -0.000000000000000000 ) ) ;
#6385 = ADVANCED_FACE ( 'NONE', ( #2309 ), #8864, .T. ) ;
#6386 = CARTESIAN_POINT ( 'NONE',  ( -22.91396861442957444, 29.59999999999999787, 65.15694757337564624 ) ) ;
#6387 = CARTESIAN_POINT ( 'NONE',  ( -14.13522319507809932, 29.59999999999999432, 64.48240685081077572 ) ) ;
#6388 = DIRECTION ( 'NONE',  ( 0.000000000000000000, 0.000000000000000000, -1.000000000000000000 ) ) ;
#6389 = CARTESIAN_POINT ( 'NONE',  ( -20.17173788236461718, 29.00000000000000711, 62.50708212844771339 ) ) ;
#6390 = EDGE_CURVE ( 'NONE', #5779, #8953, #911, .T. ) ;
#6391 = VECTOR ( 'NONE', #5987, 1000.000000000000000 ) ;
#6392 = EDGE_LOOP ( 'NONE', ( #5448, #4495, #277, #4011 ) ) ;
#6393 = VERTEX_POINT ( 'NONE', #281 ) ;
#6394 = DIRECTION ( 'NONE',  ( -9.011550524554840736E-17, 1.000000000000000000, 0.000000000000000000 ) ) ;
#6395 = ORIENTED_EDGE ( 'NONE', *, *, #9046, .F. ) ;
#6396 = DIRECTION ( 'NONE',  ( 1.000000000000000000, 0.000000000000000000, 0.000000000000000000 ) ) ;
#6397 = CARTESIAN_POINT ( 'NONE',  ( -22.63036965201786188, 29.59999999999999787, 64.39623799480506250 ) ) ;
#6398 = CARTESIAN_POINT ( 'NONE',  ( -19.17914628093881291, 29.59999999999999076, 62.91004914530152803 ) ) ;
#6399 = CARTESIAN_POINT ( 'NONE',  ( -28.22505071337787186, 29.59999999999999432, 66.71204181666459476 ) ) ;
#6400 = LINE ( 'NONE', #4950, #6897 ) ;
#6401 = LINE ( 'NONE', #8666, #1001 ) ;
#6402 = CARTESIAN_POINT ( 'NONE',  ( -27.98541877268479539, 28.99999999999999645, 62.91171570126547152 ) ) ;
#6403 = DIRECTION ( 'NONE',  ( 0.000000000000000000, 0.8660254037844387076, -0.4999999999999998335 ) ) ;
#6404 = ORIENTED_EDGE ( 'NONE', *, *, #4379, .T. ) ;
#6405 = CARTESIAN_POINT ( 'NONE',  ( -29.53178707727594343, 29.59999999999999076, 64.13439342316210912 ) ) ;
#6406 = ORIENTED_EDGE ( 'NONE', *, *, #7886, .F. ) ;
#6407 = DIRECTION ( 'NONE',  ( 0.000000000000000000, -1.000000000000000000, 0.000000000000000000 ) ) ;
#6408 = ORIENTED_EDGE ( 'NONE', *, *, #6856, .T. ) ;
#6409 = CARTESIAN_POINT ( 'NONE',  ( -31.84543646575489717, 29.59999999999999432, 62.21587844375919474 ) ) ;
#6410 = CARTESIAN_POINT ( 'NONE',  ( -22.40305828436608593, 29.59999999999999076, 65.67168491100733263 ) ) ;
#6411 = DIRECTION ( 'NONE',  ( 1.418996708365486154E-16, -1.000000000000000000, 0.000000000000000000 ) ) ;
#6412 = DIRECTION ( 'NONE',  ( 0.9952403613758177281, 0.000000000000000000, -0.09745061871805378584 ) ) ;
#6413 = CALENDAR_DATE ( 2024, 23, 5 ) ;
#6414 = VERTEX_POINT ( 'NONE', #8236 ) ;
#6415 = CARTESIAN_POINT ( 'NONE',  ( -15.60595329267797737, 28.99999999999998934, 66.71587844375920895 ) ) ;
#6416 = EDGE_CURVE ( 'NONE', #5689, #3233, #2262, .T. ) ;
#6417 = CARTESIAN_POINT ( 'NONE',  ( -20.05938588496819719, 29.59999999999999787, 64.56514916011087735 ) ) ;
#6418 = CARTESIAN_POINT ( 'NONE',  ( -28.09493202607917794, 28.99999999999999645, 65.96462102316323239 ) ) ;
#6419 = CARTESIAN_POINT ( 'NONE',  ( -13.21501104930647408, 28.99999999999998934, 64.46298851135722430 ) ) ;
#6420 = CARTESIAN_POINT ( 'NONE',  ( -20.39740268181929395, 29.59999999999999432, 62.79469879474976324 ) ) ;
#6421 = CARTESIAN_POINT ( 'NONE',  ( -12.01939983782369836, 29.59999999999999432, 64.62062234358913315 ) ) ;
#6422 = DIRECTION ( 'NONE',  ( 0.000000000000000000, 0.000000000000000000, -1.000000000000000000 ) ) ;
#6423 = CARTESIAN_POINT ( 'NONE',  ( -14.67318262239076532, 29.00000000000000000, 62.50642618244728510 ) ) ;
#6424 = VECTOR ( 'NONE', #9338, 1000.000000000000000 ) ;
#6425 = VECTOR ( 'NONE', #304, 1000.000000000000000 ) ;
#6426 = PLANE ( 'NONE',  #272 ) ;
#6427 = ORIENTED_EDGE ( 'NONE', *, *, #7136, .T. ) ;
#6428 = B_SPLINE_CURVE_WITH_KNOTS ( 'NONE', 3,
 ( #2046, #4261, #358, #7102, #7926, #6246, #9178, #2580, #5521, #1133, #3351, #6295, #9232, #2629, #4838, #4118, #5571, #7783, #5803 ),
 .UNSPECIFIED., .F., .F.,
 ( 4, 1, 1, 1, 1, 1, 1, 1, 1, 1, 1, 1, 1, 1, 1, 1, 4 ),
 ( 0.000000000000000000, 0.08152770983674453853, 0.1597838330499995185, 0.2357383145352291987, 0.3085581075699100895, 0.3791663570275520811, 0.4467327385862361888, 0.5118940519136221390, 0.5744593951211927063, 0.6343613069726452558, 0.6925222024157506873, 0.7484441971944717498, 0.8021531717784081694, 0.8538741643603042775, 0.9039623315624253364, 0.9526033727980798282, 1.000000000000000000 ),
 .UNSPECIFIED. ) ;
#6429 = VECTOR ( 'NONE', #1885, 1000.000000000000000 ) ;
#6430 = CARTESIAN_POINT ( 'NONE',  ( -28.06749175421643727, 28.99999999999999289, 62.15818613606688814 ) ) ;
#6431 = CARTESIAN_POINT ( 'NONE',  ( -31.73095329267797737, 28.99999999999999289, 66.65818613606688814 ) ) ;
#6432 = EDGE_CURVE ( 'NONE', #857, #4323, #4668, .T. ) ;
#6433 = DIRECTION ( 'NONE',  ( 0.000000000000000000, 0.7071067811865443531, -0.7071067811865506814 ) ) ;
#6434 = CARTESIAN_POINT ( 'NONE',  ( -14.38434218233667750, 29.60000000000000142, 62.93702703193130077 ) ) ;
#6435 = CARTESIAN_POINT ( 'NONE',  ( -35.82710713883183473, 28.99999999999999289, 64.17741690529766174 ) ) ;
#6436 = VECTOR ( 'NONE', #1985, 1000.000000000000000 ) ;
#6437 = CARTESIAN_POINT ( 'NONE',  ( -20.44837754413842035, 28.99999999999999289, 62.90235117314195179 ) ) ;
#6438 = CARTESIAN_POINT ( 'NONE',  ( -7.999999999999989342, 2.803847577293379967, 32.49999999999995026 ) ) ;
#6439 = ORIENTED_EDGE ( 'NONE', *, *, #497, .T. ) ;
#6440 = EDGE_CURVE ( 'NONE', #8256, #8472, #1635, .T. ) ;
#6441 = ORIENTED_EDGE ( 'NONE', *, *, #5340, .F. ) ;
#6442 = VECTOR ( 'NONE', #8591, 1000.000000000000000 ) ;
#6443 = CARTESIAN_POINT ( 'NONE',  ( -28.62079520392162735, 28.99999999999999645, 65.33171982693652069 ) ) ;
#6444 = VECTOR ( 'NONE', #2486, 999.9999999999998863 ) ;
#6445 = EDGE_LOOP ( 'NONE', ( #5813, #8709, #9298, #7439 ) ) ;
#6446 = CARTESIAN_POINT ( 'NONE',  ( -10.68324224126470234, 29.59999999999999787, 66.58423303333555054 ) ) ;
#6447 = CARTESIAN_POINT ( 'NONE',  ( -102.2999999999999687, 28.99999999999998579, 73.00000000000000000 ) ) ;
#6448 = LINE ( 'NONE', #7892, #7060 ) ;
#6449 = CARTESIAN_POINT ( 'NONE',  ( -26.59721425321579247, 29.59999999999998721, 64.27682564762332618 ) ) ;
#6450 = CARTESIAN_POINT ( 'NONE',  ( -20.48241148883496976, 29.59999999999999076, 63.81306182907633939 ) ) ;
#6451 = CARTESIAN_POINT ( 'NONE',  ( -104.9999999999999716, 28.99999999999998579, 13.74999999999999822 ) ) ;
#6452 = DIRECTION ( 'NONE',  ( -3.501969818578254153E-15, -0.7071067811865360264, -0.7071067811865591191 ) ) ;
#6453 = CARTESIAN_POINT ( 'NONE',  ( -23.83558999935733880, 29.60000000000000497, 64.08802397150157049 ) ) ;
#6454 = CARTESIAN_POINT ( 'NONE',  ( 0.000000000000000000, -3.349999999999914824, 23.03301270189224681 ) ) ;
#6455 = VECTOR ( 'NONE', #4107, 1000.000000000000000 ) ;
#6456 = ORIENTED_EDGE ( 'NONE', *, *, #2136, .F. ) ;
#6457 = CARTESIAN_POINT ( 'NONE',  ( -29.29093049568005469, 29.59999999999999787, 62.94066240168369575 ) ) ;
#6458 = EDGE_LOOP ( 'NONE', ( #2598, #8259, #8851, #7110 ) ) ;
#6459 = CARTESIAN_POINT ( 'NONE',  ( -11.31224942820355217, 29.60000000000000142, 65.33875421579914189 ) ) ;
#6460 = VERTEX_POINT ( 'NONE', #807 ) ;
#6461 = CARTESIAN_POINT ( 'NONE',  ( -18.94247676090062171, 29.59999999999999076, 64.62062234358914736 ) ) ;
#6462 = CARTESIAN_POINT ( 'NONE',  ( -23.10347338960584551, 29.59999999999999076, 64.98565089723828692 ) ) ;
#6463 = CARTESIAN_POINT ( 'NONE',  ( -12.71885800499046049, 29.00000000000000355, 64.98565089723831534 ) ) ;
#6464 = CARTESIAN_POINT ( 'NONE',  ( -16.19934258412799366, 28.99999999999999289, 64.94528547894906012 ) ) ;
#6465 = PERSON_AND_ORGANIZATION_ROLE ( 'classification_officer' ) ;
#6466 = ORIENTED_EDGE ( 'NONE', *, *, #3764, .T. ) ;
#6467 = ORIENTED_EDGE ( 'NONE', *, *, #4392, .F. ) ;
#6468 = CARTESIAN_POINT ( 'NONE',  ( -20.53864560037029108, 29.59999999999999432, 65.79280152068227494 ) ) ;
#6469 = CARTESIAN_POINT ( 'NONE',  ( -23.53729700939497604, 29.60000000000001563, 62.42470264681983849 ) ) ;
#6470 = CARTESIAN_POINT ( 'NONE',  ( -20.48241148883496976, 29.59999999999999076, 63.81306182907633939 ) ) ;
#6471 = DIRECTION ( 'NONE',  ( -0.6123724356957892523, 0.3535533905932655707, -0.7071067811865563435 ) ) ;
#6472 = CARTESIAN_POINT ( 'NONE',  ( -15.30025709864174566, 29.59999999999999076, 63.00359796145248481 ) ) ;
#6473 = DIRECTION ( 'NONE',  ( 0.7071067811949266479, -0.3535533905890850259, 0.6123724356885376086 ) ) ;
#6474 = EDGE_CURVE ( 'NONE', #7528, #3696, #186, .T. ) ;
#6475 = DIRECTION ( 'NONE',  ( -1.000000000000000000, -1.418996708365486401E-16, 0.000000000000000000 ) ) ;
#6476 = CARTESIAN_POINT ( 'NONE',  ( -11.78659293885196035, 29.59999999999999076, 63.11137509095014764 ) ) ;
#6477 = EDGE_CURVE ( 'NONE', #357, #2695, #2460, .T. ) ;
#6478 = CARTESIAN_POINT ( 'NONE',  ( -28.65403424287610434, 28.99999999999998934, 62.27097084193191279 ) ) ;
#6479 = ORIENTED_EDGE ( 'NONE', *, *, #8107, .T. ) ;
#6480 = B_SPLINE_SURFACE_WITH_KNOTS ( 'NONE', 3, 1, ( 
 ( #7865, #4158 ),
 ( #483, #7907 ),
 ( #2989, #5886 ),
 ( #8060, #6613 ),
 ( #5841, #5304 ),
 ( #9499, #3666 ),
 ( #771, #8150 ),
 ( #7522, #1500 ),
 ( #1591, #8782 ),
 ( #7470, #146 ),
 ( #865, #5931 ) ),
 .UNSPECIFIED., .F., .F., .F.,
 ( 4, 1, 1, 1, 1, 1, 1, 1, 4 ),
 ( 2, 2 ),
 ( 0.000000000000000000, 0.1490017644808732944, 0.2818997171181862327, 0.4047912702311843858, 0.5211370919580888827, 0.6343386118877022417, 0.7490297757807476975, 0.8688324994655969302, 1.000000000000000000 ),
 ( 0.000000000000000000, 1.000000000000000000 ),
 .UNSPECIFIED. ) ;
#6481 = CARTESIAN_POINT ( 'NONE',  ( -27.07294468029615331, 28.99999999999998934, 62.57863721179619887 ) ) ;
#6482 = CARTESIAN_POINT ( 'NONE',  ( -16.78772994263533036, 29.59999999999998010, 62.85177120494134329 ) ) ;
#6483 = CARTESIAN_POINT ( 'NONE',  ( -19.48926347110829838, 28.99999999999999289, 64.03664153671326176 ) ) ;
#6484 = CARTESIAN_POINT ( 'NONE',  ( -5.499999999999989342, -6.099999999999892175, 20.79999999999999716 ) ) ;
#6485 = DIRECTION ( 'NONE',  ( 0.000000000000000000, 0.000000000000000000, -1.000000000000000000 ) ) ;
#6486 = CARTESIAN_POINT ( 'NONE',  ( -19.73231787150520233, 29.59999999999999432, 62.24291216561618256 ) ) ;
#6487 = CARTESIAN_POINT ( 'NONE',  ( -22.17120832346734716, 28.99999999999998934, 63.11137509095011922 ) ) ;
#6488 = ORIENTED_EDGE ( 'NONE', *, *, #3167, .F. ) ;
#6489 = VERTEX_POINT ( 'NONE', #8911 ) ;
#6490 = CARTESIAN_POINT ( 'NONE',  ( -28.67326098498566722, 29.59999999999999787, 64.43883517452844956 ) ) ;
#6491 = ORIENTED_EDGE ( 'NONE', *, *, #9094, .F. ) ;
#6492 = CARTESIAN_POINT ( 'NONE',  ( -16.63540040806259412, 28.99999999999999289, 62.62062603991305565 ) ) ;
#6493 = ORIENTED_EDGE ( 'NONE', *, *, #349, .T. ) ;
#6494 = CARTESIAN_POINT ( 'NONE',  ( -39.70150617729336773, 29.59999999999999076, 64.98510921298996834 ) ) ;
#6495 = CARTESIAN_POINT ( 'NONE',  ( -26.61042363297770663, 29.59999999999999787, 63.98370710216788382 ) ) ;
#6496 = EDGE_CURVE ( 'NONE', #4722, #8342, #7613, .T. ) ;
#6497 = FACE_OUTER_BOUND ( 'NONE', #4635, .T. ) ;
#6498 = PLANE ( 'NONE',  #734 ) ;
#6499 = CARTESIAN_POINT ( 'NONE',  ( -11.25288658599285618, 29.00000000000001421, 62.47206177170625097 ) ) ;
#6500 = CARTESIAN_POINT ( 'NONE',  ( -16.65346655535550369, 29.59999999999998366, 62.64412418362621793 ) ) ;
#6501 = CARTESIAN_POINT ( 'NONE',  ( -102.0000000000000000, 29.49999999999999645, 34.75000000000000000 ) ) ;
#6502 = ADVANCED_FACE ( 'NONE', ( #7464 ), #3027, .T. ) ;
#6503 = ORIENTED_EDGE ( 'NONE', *, *, #8648, .F. ) ;
#6504 = CARTESIAN_POINT ( 'NONE',  ( -23.04015874039568956, 29.59999999999999432, 63.89224287257272294 ) ) ;
#6505 = ORIENTED_EDGE ( 'NONE', *, *, #1861, .F. ) ;
#6506 = FACE_OUTER_BOUND ( 'NONE', #2380, .T. ) ;
#6507 = ORIENTED_EDGE ( 'NONE', *, *, #3434, .F. ) ;
#6508 = CARTESIAN_POINT ( 'NONE',  ( -27.46746535101194908, 29.59999999999998721, 64.08812424167315669 ) ) ;
#6509 = CARTESIAN_POINT ( 'NONE',  ( -23.00919312027525621, 29.60000000000000142, 65.07260530756097694 ) ) ;
#6510 = CARTESIAN_POINT ( 'NONE',  ( -13.08633376329327369, 29.00000000000000000, 64.62138892635984178 ) ) ;
#6511 = EDGE_CURVE ( 'NONE', #1895, #3116, #467, .T. ) ;
#6512 = FACE_OUTER_BOUND ( 'NONE', #2205, .T. ) ;
#6513 = ORIENTED_EDGE ( 'NONE', *, *, #1019, .T. ) ;
#6514 = ORIENTED_EDGE ( 'NONE', *, *, #8220, .F. ) ;
#6515 = EDGE_CURVE ( 'NONE', #3132, #2122, #4763, .T. ) ;
#6516 = PLANE ( 'NONE',  #8436 ) ;
#6517 = CARTESIAN_POINT ( 'NONE',  ( -14.14171525802709795, 28.99999999999998934, 64.12748454175331858 ) ) ;
#6518 = CARTESIAN_POINT ( 'NONE',  ( -17.07622408051712881, 29.60000000000000142, 64.59273103292278506 ) ) ;
#6519 = FACE_OUTER_BOUND ( 'NONE', #6018, .T. ) ;
#6520 = CARTESIAN_POINT ( 'NONE',  ( -15.23541851314386975, 28.99999999999999645, 63.06226726189409248 ) ) ;
#6521 = LINE ( 'NONE', #8025, #4127 ) ;
#6522 = CARTESIAN_POINT ( 'NONE',  ( -3.000000000000043965, -6.599999999999933920, 29.46794919243110655 ) ) ;
#6523 = PLANE ( 'NONE',  #8459 ) ;
#6524 = CARTESIAN_POINT ( 'NONE',  ( -19.85523295922023834, 28.99999999999999289, 62.29264642209238190 ) ) ;
#6525 = ORIENTED_EDGE ( 'NONE', *, *, #2204, .F. ) ;
#6526 = EDGE_CURVE ( 'NONE', #7261, #2959, #4715, .T. ) ;
#6527 = CARTESIAN_POINT ( 'NONE',  ( -27.46172252344721088, 28.99999999999999645, 64.43883517452844956 ) ) ;
#6528 = CARTESIAN_POINT ( 'NONE',  ( -33.63479944652413423, 29.59999999999999432, 65.44664767452843535 ) ) ;
#6529 = VECTOR ( 'NONE', #1879, 1000.000000000000000 ) ;
#6530 = CARTESIAN_POINT ( 'NONE',  ( -7.999999999999989342, -4.099999999999905498, 21.30000000000002203 ) ) ;
#6531 = CARTESIAN_POINT ( 'NONE',  ( -14.52451172601639229, 29.59999999999998721, 62.68721722446422717 ) ) ;
#6532 = DIRECTION ( 'NONE',  ( 0.000000000000000000, 0.000000000000000000, 1.000000000000000000 ) ) ;
#6533 = CARTESIAN_POINT ( 'NONE',  ( -20.51671492596465640, 29.00000000000001066, 63.13261268622176203 ) ) ;
#6534 = DIRECTION ( 'NONE',  ( 5.397602357764193986E-13, -1.000000000000000000, -7.285002310299308881E-14 ) ) ;
#6535 = EDGE_LOOP ( 'NONE', ( #753, #7311, #1800, #5880, #9274 ) ) ;
#6536 = VECTOR ( 'NONE', #6485, 1000.000000000000000 ) ;
#6537 = ORIENTED_EDGE ( 'NONE', *, *, #171, .T. ) ;
#6538 = ORIENTED_EDGE ( 'NONE', *, *, #162, .T. ) ;
#6539 = EDGE_CURVE ( 'NONE', #6872, #5, #2504, .T. ) ;
#6540 = CARTESIAN_POINT ( 'NONE',  ( -16.54146858697362887, 28.99999999999998934, 62.51087547434985936 ) ) ;
#6541 = ORIENTED_EDGE ( 'NONE', *, *, #7965, .T. ) ;
#6542 = DIRECTION ( 'NONE',  ( 1.418996708365486154E-16, -1.000000000000000000, -0.000000000000000000 ) ) ;
#6543 = CARTESIAN_POINT ( 'NONE',  ( -26.88878794522547722, 29.59999999999999076, 62.84821702269373134 ) ) ;
#6544 = FACE_OUTER_BOUND ( 'NONE', #382, .T. ) ;
#6545 = DIRECTION ( 'NONE',  ( 0.000000000000000000, 0.000000000000000000, 1.000000000000000000 ) ) ;
#6546 = CARTESIAN_POINT ( 'NONE',  ( -10.93904071455147253, 29.00000000000001421, 62.89404783349709760 ) ) ;
#6547 = CARTESIAN_POINT ( 'NONE',  ( -104.9999999999999716, 30.49999999999994316, 13.74999999999999822 ) ) ;
#6548 = DIRECTION ( 'NONE',  ( 1.418996708365486154E-16, -1.000000000000000000, -0.000000000000000000 ) ) ;
#6549 = CIRCLE ( 'NONE', #7780, 1.700000000000000178 ) ;
#6550 = EDGE_CURVE ( 'NONE', #8506, #5039, #9287, .T. ) ;
#6551 = VERTEX_POINT ( 'NONE', #508 ) ;
#6552 = CARTESIAN_POINT ( 'NONE',  ( -29.36771907501668366, 29.59999999999998721, 63.13411556731550434 ) ) ;
#6553 = VERTEX_POINT ( 'NONE', #2599 ) ;
#6554 = CARTESIAN_POINT ( 'NONE',  ( -12.43912793510230763, 29.59999999999999787, 62.94188646835033296 ) ) ;
#6555 = ORIENTED_EDGE ( 'NONE', *, *, #4168, .F. ) ;
#6556 = CARTESIAN_POINT ( 'NONE',  ( -26.59633790806259057, 29.59999999999999432, 64.42982075145150134 ) ) ;
#6557 = EDGE_CURVE ( 'NONE', #1592, #3587, #1191, .T. ) ;
#6558 = CARTESIAN_POINT ( 'NONE',  ( -23.19333870612278403, 29.59999999999999432, 64.90246162546478104 ) ) ;
#6559 = CARTESIAN_POINT ( 'NONE',  ( -13.17927060037028397, 28.99999999999999289, 64.51095055914380794 ) ) ;
#6560 = EDGE_CURVE ( 'NONE', #1873, #6553, #4136, .T. ) ;
#6561 = CARTESIAN_POINT ( 'NONE',  ( -12.44229486223033554, 28.99999999999999289, 65.23730005079187322 ) ) ;
#6562 = CARTESIAN_POINT ( 'NONE',  ( -40.73095329267798093, 28.99999999999998934, 64.98510921298996834 ) ) ;
#6563 = VERTEX_POINT ( 'NONE', #5537 ) ;
#6564 = ORIENTED_EDGE ( 'NONE', *, *, #7539, .F. ) ;
#6565 = B_SPLINE_SURFACE_WITH_KNOTS ( 'NONE', 3, 1, ( 
 ( #585, #5847 ),
 ( #1463, #7388 ),
 ( #6518, #2758 ),
 ( #8640, #9456 ),
 ( #7916, #8022 ),
 ( #5795, #4351 ),
 ( #8736, #7189 ),
 ( #8925, #2323 ),
 ( #5265, #8201 ),
 ( #8251, #6706 ),
 ( #3917, #2369 ),
 ( #8346, #5312 ),
 ( #3767, #2420 ),
 ( #3871, #6081 ),
 ( #1598, #1747 ),
 ( #8157, #1022 ),
 ( #6857, #4540 ),
 ( #2998, #6808 ),
 ( #1553, #3963 ) ),
 .UNSPECIFIED., .F., .F., .F.,
 ( 4, 1, 1, 1, 1, 1, 1, 1, 1, 1, 1, 1, 1, 1, 1, 1, 4 ),
 ( 2, 2 ),
 ( 0.000000000000000000, 0.08177573335282949107, 0.1602886146100739873, 0.2360338448589274218, 0.3091237293736656122, 0.3795374562276578323, 0.4473852349956581875, 0.5123670317874755575, 0.5748619756979423956, 0.6349345054528098276, 0.6929351702019227455, 0.7487031023589358902, 0.8026982310377036578, 0.8542767345730971629, 0.9042269110904047613, 0.9527339484092576249, 1.000000000000000000 ),
 ( 0.000000000000000000, 1.000000000000000000 ),
 .UNSPECIFIED. ) ;
#6566 = FACE_OUTER_BOUND ( 'NONE', #7585, .T. ) ;
#6567 = EDGE_CURVE ( 'NONE', #5, #7525, #8567, .T. ) ;
#6568 = CARTESIAN_POINT ( 'NONE',  ( -14.21999785853109088, 29.60000000000000142, 63.46326474830356545 ) ) ;
#6569 = DIRECTION ( 'NONE',  ( 0.6947465905983470913, 0.1861567878995114000, -0.6947465906148148074 ) ) ;
#6570 = DIRECTION ( 'NONE',  ( 0.7071067811865378028, 0.000000000000000000, 0.7071067811865573427 ) ) ;
#6571 = LINE ( 'NONE', #6373, #1814 ) ;
#6572 = CARTESIAN_POINT ( 'NONE',  ( -40.73095329267798093, 28.99999999999999289, 63.48691209760534804 ) ) ;
#6573 = FACE_OUTER_BOUND ( 'NONE', #6270, .T. ) ;
#6574 = CARTESIAN_POINT ( 'NONE',  ( -11.93470012564859672, 28.99999999999999645, 64.70237932490229582 ) ) ;
#6575 = DIRECTION ( 'NONE',  ( -0.7071067811865378028, 0.000000000000000000, 0.7071067811865573427 ) ) ;
#6576 = ORIENTED_EDGE ( 'NONE', *, *, #1706, .T. ) ;
#6577 = CARTESIAN_POINT ( 'NONE',  ( -23.00919312027525621, 29.00000000000000000, 65.07260530756097694 ) ) ;
#6578 = CARTESIAN_POINT ( 'NONE',  ( -28.22505071337787186, 28.99999999999999289, 66.71204181666459476 ) ) ;
#6579 = CARTESIAN_POINT ( 'NONE',  ( -10.67326098498566722, 28.99999999999999645, 66.65818613606688814 ) ) ;
#6580 = CARTESIAN_POINT ( 'NONE',  ( -27.69763360417662668, 29.59999999999999432, 65.80926924103962961 ) ) ;
#6581 = LINE ( 'NONE', #66, #8398 ) ;
#6582 = CARTESIAN_POINT ( 'NONE',  ( -36.92326098498567433, 29.59999999999999076, 63.45446017452842113 ) ) ;
#6583 = CARTESIAN_POINT ( 'NONE',  ( -22.07162095834970472, 28.99999999999999645, 63.35262999331450828 ) ) ;
#6584 = VECTOR ( 'NONE', #2237, 1000.000000000000000 ) ;
#6585 = EDGE_CURVE ( 'NONE', #5669, #578, #7114, .T. ) ;
#6586 = ORIENTED_EDGE ( 'NONE', *, *, #7683, .T. ) ;
#6587 = B_SPLINE_CURVE_WITH_KNOTS ( 'NONE', 3,
 ( #9068, #245, #2472, #3146, #2368, #5408, #8200, #9114, #1597, #2516, #5452 ),
 .UNSPECIFIED., .F., .F.,
 ( 4, 1, 1, 1, 1, 1, 1, 1, 4 ),
 ( 0.000000000000000000, 0.08264302873409720696, 0.1768120489030449438, 0.2826378891715876085, 0.4012643114922822551, 0.5319943041057140221, 0.6757009869892213194, 0.8316860103007768235, 0.9999999999999998890 ),
 .UNSPECIFIED. ) ;
#6588 = VERTEX_POINT ( 'NONE', #7752 ) ;
#6589 = VECTOR ( 'NONE', #2398, 1000.000000000000000 ) ;
#6590 = VECTOR ( 'NONE', #2931, 1000.000000000000000 ) ;
#6591 = LINE ( 'NONE', #4418, #6701 ) ;
#6592 = ORIENTED_EDGE ( 'NONE', *, *, #8969, .F. ) ;
#6593 = LINE ( 'NONE', #8044, #5828 ) ;
#6594 = CARTESIAN_POINT ( 'NONE',  ( -20.53864560037029463, 29.59999999999999787, 63.38234478991305565 ) ) ;
#6595 = DIRECTION ( 'NONE',  ( -0.5773502691896418293, -0.5773502691896257311, 0.5773502691896097438 ) ) ;
#6596 = CARTESIAN_POINT ( 'NONE',  ( -11.15926876091165276, 29.00000000000000355, 62.55793437562742554 ) ) ;
#6597 = CARTESIAN_POINT ( 'NONE',  ( -16.90618061347822731, 28.99999999999998934, 63.13411556731550434 ) ) ;
#6598 = CARTESIAN_POINT ( 'NONE',  ( -18.61933642689850643, 28.99999999999999289, 62.23549029123772414 ) ) ;
#6599 = ADVANCED_FACE ( 'NONE', ( #4002 ), #9406, .T. ) ;
#6600 = EDGE_LOOP ( 'NONE', ( #1886, #2308, #5396, #7661 ) ) ;
#6601 = EDGE_CURVE ( 'NONE', #3708, #6063, #1401, .T. ) ;
#6602 = VECTOR ( 'NONE', #3371, 1000.000000000000000 ) ;
#6603 = AXIS2_PLACEMENT_3D ( 'NONE', #9449, #2035, #9403 ) ;
#6604 = ORIENTED_EDGE ( 'NONE', *, *, #3186, .F. ) ;
#6605 = CARTESIAN_POINT ( 'NONE',  ( -11.72660964284166596, 29.60000000000000497, 64.90261414171139620 ) ) ;
#6606 = VERTEX_POINT ( 'NONE', #609 ) ;
#6607 = CARTESIAN_POINT ( 'NONE',  ( -19.26244648274381532, 29.60000000000000142, 64.30080552589375031 ) ) ;
#6608 = CARTESIAN_POINT ( 'NONE',  ( -11.89020810037028397, 28.99999999999999645, 64.74532555914380794 ) ) ;
#6609 = AXIS2_PLACEMENT_3D ( 'NONE', #8534, #1937, #3336 ) ;
#6610 = DIRECTION ( 'NONE',  ( 1.418996708365486154E-16, -1.000000000000000000, -0.000000000000000000 ) ) ;
#6611 = VECTOR ( 'NONE', #903, 1000.000000000000000 ) ;
#6612 = CARTESIAN_POINT ( 'NONE',  ( -13.17927060037028397, 29.59999999999999432, 64.51095055914380794 ) ) ;
#6613 = CARTESIAN_POINT ( 'NONE',  ( -23.10392017438398327, 29.00000000000000355, 63.24896894619981680 ) ) ;
#6614 = ORIENTED_EDGE ( 'NONE', *, *, #2762, .F. ) ;
#6615 = ORIENTED_EDGE ( 'NONE', *, *, #4833, .T. ) ;
#6616 = CARTESIAN_POINT ( 'NONE',  ( -27.52521279986495983, 29.00000000000002487, 65.40564930723074610 ) ) ;
#6617 = CC_DESIGN_APPROVAL ( #5613, ( #2765 ) ) ;
#6618 = CARTESIAN_POINT ( 'NONE',  ( -14.42724948368701732, 28.99999999999998579, 62.84821702269373134 ) ) ;
#6619 = LINE ( 'NONE', #632, #3065 ) ;
#6620 = CARTESIAN_POINT ( 'NONE',  ( -23.06192099985347355, 29.00000000000000000, 62.20551655094874377 ) ) ;
#6621 = FACE_OUTER_BOUND ( 'NONE', #3273, .T. ) ;
#6622 = PLANE ( 'NONE',  #2597 ) ;
#6623 = LINE ( 'NONE', #7393, #6152 ) ;
#6624 = EDGE_CURVE ( 'NONE', #2459, #3565, #7266, .T. ) ;
#6625 = PLANE ( 'NONE',  #8584 ) ;
#6626 = VERTEX_POINT ( 'NONE', #9479 ) ;
#6627 = DIRECTION ( 'NONE',  ( 0.000000000000000000, 0.000000000000000000, -1.000000000000000000 ) ) ;
#6628 = CARTESIAN_POINT ( 'NONE',  ( -16.96709796676840654, 29.59999999999999076, 63.35036599760612575 ) ) ;
#6629 = CARTESIAN_POINT ( 'NONE',  ( -11.89974724073059953, 28.99999999999999289, 62.99543834603621661 ) ) ;
#6630 = PLANE ( 'NONE',  #115 ) ;
#6631 = CARTESIAN_POINT ( 'NONE',  ( -15.01255441346454411, 28.99999999999998579, 63.93148241945100096 ) ) ;
#6632 = PLANE ( 'NONE',  #1215 ) ;
#6633 = ORIENTED_EDGE ( 'NONE', *, *, #4672, .T. ) ;
#6634 = EDGE_CURVE ( 'NONE', #4131, #6966, #6549, .T. ) ;
#6635 = ORIENTED_EDGE ( 'NONE', *, *, #7286, .F. ) ;
#6636 = CARTESIAN_POINT ( 'NONE',  ( -12.01939983782369836, 29.59999999999999432, 64.62062234358913315 ) ) ;
#6637 = ORIENTED_EDGE ( 'NONE', *, *, #2766, .F. ) ;
#6638 = CARTESIAN_POINT ( 'NONE',  ( -15.91155830651709202, 29.59999999999999432, 65.87081720487880432 ) ) ;
#6639 = CARTESIAN_POINT ( 'NONE',  ( -2.066987298107796800, 13.08012701892230645, 21.30000000000002203 ) ) ;
#6640 = PLANE ( 'NONE',  #9350 ) ;
#6641 = LINE ( 'NONE', #34, #2235 ) ;
#6642 = CARTESIAN_POINT ( 'NONE',  ( -17.01583623391723066, 29.00000000000000000, 63.58932564137828791 ) ) ;
#6643 = DIRECTION ( 'NONE',  ( -1.000000000000000000, 0.000000000000000000, 0.000000000000000000 ) ) ;
#6644 = B_SPLINE_SURFACE_WITH_KNOTS ( 'NONE', 3, 1, ( 
 ( #9224, #4829 ),
 ( #7776, #1171 ),
 ( #7050, #4254 ),
 ( #1415, #3677 ),
 ( #6470, #4972 ),
 ( #2089, #7291 ),
 ( #7968, #5700 ),
 ( #9409, #5745 ),
 ( #5076, #3720 ),
 ( #2807, #682 ),
 ( #8688, #5123 ) ),
 .UNSPECIFIED., .F., .F., .F.,
 ( 4, 1, 1, 1, 1, 1, 1, 1, 4 ),
 ( 2, 2 ),
 ( 0.000000000000000000, 0.1191872499897267679, 0.2364492136138233169, 0.3526964175350921771, 0.4691294060866679771, 0.5898117834426046535, 0.7176139690473989363, 0.8546066610398622698, 1.000000000000000000 ),
 ( 0.000000000000000000, 1.000000000000000000 ),
 .UNSPECIFIED. ) ;
#6645 = ORIENTED_EDGE ( 'NONE', *, *, #666, .F. ) ;
#6646 = EDGE_LOOP ( 'NONE', ( #2940, #7472, #5319, #4653, #1134, #6090, #5072 ) ) ;
#6647 = DIRECTION ( 'NONE',  ( 0.000000000000000000, 0.000000000000000000, 1.000000000000000000 ) ) ;
#6648 = ORIENTED_EDGE ( 'NONE', *, *, #6207, .T. ) ;
#6649 = CARTESIAN_POINT ( 'NONE',  ( -27.51421934969611272, 29.00000000000000355, 63.54325693029272770 ) ) ;
#6650 = EDGE_CURVE ( 'NONE', #8506, #8409, #2206, .T. ) ;
#6651 = DIRECTION ( 'NONE',  ( 0.9952403613758177281, 0.000000000000000000, -0.09745061871805378584 ) ) ;
#6652 = CARTESIAN_POINT ( 'NONE',  ( -29.19914098288634463, 29.59999999999999787, 66.10887531149904817 ) ) ;
#6653 = CARTESIAN_POINT ( 'NONE',  ( -12.96354756536035602, 29.59999999999999787, 64.75105750859907516 ) ) ;
#6654 = CARTESIAN_POINT ( 'NONE',  ( -22.80318599100992927, 29.59999999999998721, 64.21528985257819500 ) ) ;
#6655 = EDGE_LOOP ( 'NONE', ( #6168, #2814, #9052, #1457 ) ) ;
#6656 = VERTEX_POINT ( 'NONE', #5046 ) ;
#6657 = DIRECTION ( 'NONE',  ( 0.000000000000000000, 1.000000000000000000, 0.000000000000000000 ) ) ;
#6658 = CARTESIAN_POINT ( 'NONE',  ( -11.65403021575489895, 29.59999999999999787, 63.60049382837458865 ) ) ;
#6659 = FACE_OUTER_BOUND ( 'NONE', #5595, .T. ) ;
#6660 = CARTESIAN_POINT ( 'NONE',  ( -23.89711521208660727, 29.59999999999999432, 63.95093916350448637 ) ) ;
#6661 = CARTESIAN_POINT ( 'NONE',  ( -23.90991600567687669, 29.00000000000000355, 62.90235117314195179 ) ) ;
#6662 = CARTESIAN_POINT ( 'NONE',  ( -12.65554335578029921, 28.99999999999999289, 63.89224287257272294 ) ) ;
#6663 = FACE_BOUND ( 'NONE', #7784, .T. ) ;
#6664 = CARTESIAN_POINT ( 'NONE',  ( -36.64916879450594678, 29.00000000000000000, 62.80892116227439459 ) ) ;
#6665 = CARTESIAN_POINT ( 'NONE',  ( -19.20995850811557304, 28.99999999999999645, 62.15919151790433261 ) ) ;
#6666 = ORIENTED_EDGE ( 'NONE', *, *, #9395, .T. ) ;
#6667 = CARTESIAN_POINT ( 'NONE',  ( -16.18836096296830362, 29.59999999999999787, 65.08804284434786780 ) ) ;
#6668 = FACE_OUTER_BOUND ( 'NONE', #1633, .T. ) ;
#6669 = EDGE_CURVE ( 'NONE', #4302, #7587, #5818, .T. ) ;
#6670 = CARTESIAN_POINT ( 'NONE',  ( -12.21653021575489895, 28.99999999999999645, 62.90818613606688814 ) ) ;
#6671 = CARTESIAN_POINT ( 'NONE',  ( -14.58011194652413067, 28.99999999999999645, 62.61521738606688814 ) ) ;
#6672 = CARTESIAN_POINT ( 'NONE',  ( -2.000000000000000000, 0.5000000000000419664, 73.00000000000000000 ) ) ;
#6673 = CARTESIAN_POINT ( 'NONE',  ( -15.03170343199496806, 29.59999999999999432, 65.20271617773138928 ) ) ;
#6674 = EDGE_CURVE ( 'NONE', #2803, #594, #8084, .T. ) ;
#6675 = ORIENTED_EDGE ( 'NONE', *, *, #6935, .F. ) ;
#6676 = ORIENTED_EDGE ( 'NONE', *, *, #7276, .T. ) ;
#6677 = VECTOR ( 'NONE', #3729, 1000.000000000000000 ) ;
#6678 = EDGE_CURVE ( 'NONE', #6489, #1656, #6591, .T. ) ;
#6679 = CARTESIAN_POINT ( 'NONE',  ( -11.10655245014610948, 29.00000000000000000, 65.58748211920877225 ) ) ;
#6680 = CARTESIAN_POINT ( 'NONE',  ( -20.53864560037029463, 28.99999999999999645, 63.38234478991305565 ) ) ;
#6681 = CARTESIAN_POINT ( 'NONE',  ( -28.14893807885353283, 28.99999999999998934, 62.91182826557026431 ) ) ;
#6682 = CARTESIAN_POINT ( 'NONE',  ( -23.52092434650666064, 29.59999999999999787, 64.56514916011086314 ) ) ;
#6683 = LINE ( 'NONE', #2975, #266 ) ;
#6684 = CARTESIAN_POINT ( 'NONE',  ( -102.0000000000000000, 29.49999999999999645, 36.45000000000000284 ) ) ;
#6685 = CARTESIAN_POINT ( 'NONE',  ( -17.06297399674418358, 29.00000000000000000, 63.98971990975885404 ) ) ;
#6686 = LINE ( 'NONE', #759, #4609 ) ;
#6687 = AXIS2_PLACEMENT_3D ( 'NONE', #2244, #3064, #8986 ) ;
#6688 = ORIENTED_EDGE ( 'NONE', *, *, #8849, .T. ) ;
#6689 = VECTOR ( 'NONE', #6717, 1000.000000000000000 ) ;
#6690 = ORIENTED_EDGE ( 'NONE', *, *, #539, .F. ) ;
#6691 = CARTESIAN_POINT ( 'NONE',  ( -15.12812905380486406, 29.00000000000000711, 65.61506785181040868 ) ) ;
#6692 = ORIENTED_EDGE ( 'NONE', *, *, #7200, .T. ) ;
#6693 = CARTESIAN_POINT ( 'NONE',  ( -40.73095329267798093, 29.59999999999999076, 63.48691209760534804 ) ) ;
#6694 = AXIS2_PLACEMENT_3D ( 'NONE', #3033, #1735, #139 ) ;
#6695 = LINE ( 'NONE', #89, #5764 ) ;
#6696 = CARTESIAN_POINT ( 'NONE',  ( -13.17927060037028397, 28.99999999999999289, 64.51095055914380794 ) ) ;
#6697 = LINE ( 'NONE', #7469, #4305 ) ;
#6698 = DIRECTION ( 'NONE',  ( 1.000000000000000000, 0.000000000000000000, -0.000000000000000000 ) ) ;
#6699 = VERTEX_POINT ( 'NONE', #1437 ) ;
#6700 = ORIENTED_EDGE ( 'NONE', *, *, #1793, .T. ) ;
#6701 = VECTOR ( 'NONE', #9334, 1000.000000000000000 ) ;
#6702 = PLANE ( 'NONE',  #3054 ) ;
#6703 = VERTEX_POINT ( 'NONE', #2062 ) ;
#6704 = CARTESIAN_POINT ( 'NONE',  ( -29.36555643393615256, 29.59999999999999432, 65.74202141979775149 ) ) ;
#6705 = CARTESIAN_POINT ( 'NONE',  ( -7.999999999999989342, 2.803847577293379967, 20.79999999999999716 ) ) ;
#6706 = CARTESIAN_POINT ( 'NONE',  ( -16.96620114359002685, 28.99999999999999289, 65.52549029073712461 ) ) ;
#6707 = CARTESIAN_POINT ( 'NONE',  ( -23.53729700939497604, 29.60000000000001563, 62.42470264681983849 ) ) ;
#6708 = DIRECTION ( 'NONE',  ( 4.670409358399121388E-15, 1.000000000000000000, 0.000000000000000000 ) ) ;
#6709 = FACE_BOUND ( 'NONE', #9321, .T. ) ;
#6710 = CARTESIAN_POINT ( 'NONE',  ( -26.78589008455201537, 28.99999999999999645, 65.82419852421571704 ) ) ;
#6711 = ORIENTED_EDGE ( 'NONE', *, *, #5852, .F. ) ;
#6712 = EDGE_CURVE ( 'NONE', #8438, #6563, #4957, .T. ) ;
#6713 = DIRECTION ( 'NONE',  ( 1.418996708365486154E-16, -1.000000000000000000, -0.000000000000000000 ) ) ;
#6714 = VERTEX_POINT ( 'NONE', #5866 ) ;
#6715 = LINE ( 'NONE', #109, #5672 ) ;
#6716 = CARTESIAN_POINT ( 'NONE',  ( -4.999999999999976907, -1.999999999999977573, 21.30000000000002203 ) ) ;
#6717 = DIRECTION ( 'NONE',  ( -9.011550524554840736E-17, 1.000000000000000000, 0.000000000000000000 ) ) ;
#6718 = CARTESIAN_POINT ( 'NONE',  ( -15.15355304011405657, 29.60000000000000142, 62.21894754577336784 ) ) ;
#6719 = DIRECTION ( 'NONE',  ( 1.418996708365486154E-16, -1.000000000000000000, -0.000000000000000000 ) ) ;
#6720 = CARTESIAN_POINT ( 'NONE',  ( -500000.0000000000582, 2.428612866367529932E-14, 31.19999999999999218 ) ) ;
#6721 = B_SPLINE_CURVE_WITH_KNOTS ( 'NONE', 3,
 ( #7559, #6834, #6734, #3898, #4662, #7412, #1727, #79, #4470, #5244, #853, #1678, #5291, #8180, #6059, #8136, #8997, #2349, #3745 ),
 .UNSPECIFIED., .F., .F.,
 ( 4, 1, 1, 1, 1, 1, 1, 1, 1, 1, 1, 1, 1, 1, 1, 1, 4 ),
 ( 0.000000000000000000, 0.04667348444442046690, 0.09525240289268012417, 0.1448650554020080305, 0.1963135318305433141, 0.2497676991019312231, 0.3057805210269448071, 0.3632739045836495539, 0.4234354540256398125, 0.4860230073263876460, 0.5514787443092996622, 0.6194270646736422803, 0.6899451355257777418, 0.7631433297567437046, 0.8390008045993371244, 0.9181030856310408161, 1.000000000000000000 ),
 .UNSPECIFIED. ) ;
#6722 = CARTESIAN_POINT ( 'NONE',  ( -2.000000000000000000, 11.33012701892215723, 20.29999999999997229 ) ) ;
#6723 = ORIENTED_EDGE ( 'NONE', *, *, #5325, .F. ) ;
#6724 = CARTESIAN_POINT ( 'NONE',  ( -15.07186216056563843, 29.59999999999999076, 63.44141690147067436 ) ) ;
#6725 = B_SPLINE_SURFACE_WITH_KNOTS ( 'NONE', 3, 1, ( 
 ( #5525, #3404 ),
 ( #6340, #4795 ),
 ( #9276, #8556 ),
 ( #1952, #1228 ),
 ( #8074, #4409 ),
 ( #596, #4214 ),
 ( #2050, #8032 ),
 ( #2198, #9419 ),
 ( #7349, #4361 ),
 ( #7879, #5133 ),
 ( #7152, #2155 ) ),
 .UNSPECIFIED., .F., .F., .F.,
 ( 4, 1, 1, 1, 1, 1, 1, 1, 4 ),
 ( 2, 2 ),
 ( 0.000000000000000000, 0.1239539590100925404, 0.2446910970343257052, 0.3639282123713499795, 0.4834467610619788691, 0.6060135407011153497, 0.7313153882149173723, 0.8627627448661784326, 1.000000000000000000 ),
 ( 0.000000000000000000, 1.000000000000000000 ),
 .UNSPECIFIED. ) ;
#6726 = ORIENTED_EDGE ( 'NONE', *, *, #6432, .F. ) ;
#6727 = ADVANCED_FACE ( 'NONE', ( #7995 ), #5177, .T. ) ;
#6728 = CARTESIAN_POINT ( 'NONE',  ( 0.000000000000000000, -6.099999999999905498, 73.00000000000000000 ) ) ;
#6729 = DIRECTION ( 'NONE',  ( -1.000000000000000000, 0.000000000000000000, 0.000000000000000000 ) ) ;
#6730 = CARTESIAN_POINT ( 'NONE',  ( -15.60595329267797737, 29.59999999999999432, 65.96587844375919474 ) ) ;
#6731 = DIRECTION ( 'NONE',  ( 1.000000000000000000, 1.418996708365486154E-16, -0.000000000000000000 ) ) ;
#6732 = CARTESIAN_POINT ( 'NONE',  ( -14.44322769671189199, 29.59999999999998010, 66.07679930186571937 ) ) ;
#6733 = FACE_OUTER_BOUND ( 'NONE', #5494, .T. ) ;
#6734 = CARTESIAN_POINT ( 'NONE',  ( -29.15187485768573339, 28.99999999999998579, 62.69207977723232972 ) ) ;
#6735 = DIRECTION ( 'NONE',  ( -1.003382194966629676E-16, 0.7071067811865506814, 0.7071067811865443531 ) ) ;
#6736 = ORIENTED_EDGE ( 'NONE', *, *, #1644, .T. ) ;
#6737 = EDGE_CURVE ( 'NONE', #4760, #1826, #5188, .T. ) ;
#6738 = VECTOR ( 'NONE', #7318, 1000.000000000000000 ) ;
#6739 = ORIENTED_EDGE ( 'NONE', *, *, #2236, .T. ) ;
#6740 = VECTOR ( 'NONE', #8638, 1000.000000000000227 ) ;
#6741 = CARTESIAN_POINT ( 'NONE',  ( -17.86211763762839766, 29.00000000000000711, 62.89404783349711181 ) ) ;
#6742 = ORIENTED_EDGE ( 'NONE', *, *, #5560, .T. ) ;
#6743 = CARTESIAN_POINT ( 'NONE',  ( -12.80924094842827188, 29.59999999999999432, 62.24291216561618256 ) ) ;
#6744 = CARTESIAN_POINT ( 'NONE',  ( -12.23455906190874387, 29.59999999999999432, 62.15818613606688814 ) ) ;
#6745 = CARTESIAN_POINT ( 'NONE',  ( -16.03143325970800603, 29.60000000000000142, 65.73253813934991285 ) ) ;
#6746 = VECTOR ( 'NONE', #5496, 1000.000000000000000 ) ;
#6747 = CARTESIAN_POINT ( 'NONE',  ( -11.72923450151294844, 29.60000000000000497, 63.21927767107736429 ) ) ;
#6748 = CARTESIAN_POINT ( 'NONE',  ( -15.14583592714022053, 29.00000000000000000, 66.64864551477415944 ) ) ;
#6749 = LINE ( 'NONE', #5117, #5674 ) ;
#6750 = AXIS2_PLACEMENT_3D ( 'NONE', #4683, #1023, #1600 ) ;
#6751 = VECTOR ( 'NONE', #5080, 1000.000000000000000 ) ;
#6752 = ORIENTED_EDGE ( 'NONE', *, *, #8381, .T. ) ;
#6753 = ORIENTED_EDGE ( 'NONE', *, *, #8070, .T. ) ;
#6754 = CARTESIAN_POINT ( 'NONE',  ( -12.57891002344720555, 29.59999999999999432, 64.01876305914380794 ) ) ;
#6755 = ORIENTED_EDGE ( 'NONE', *, *, #4933, .F. ) ;
#6756 = PLANE ( 'NONE',  #4736 ) ;
#6757 = EDGE_CURVE ( 'NONE', #9534, #5485, #9038, .T. ) ;
#6758 = VECTOR ( 'NONE', #3642, 1000.000000000000000 ) ;
#6759 = CARTESIAN_POINT ( 'NONE',  ( -14.58011194652413067, 28.99999999999998934, 62.61521738606688814 ) ) ;
#6760 = VECTOR ( 'NONE', #9474, 1000.000000000000000 ) ;
#6761 = CARTESIAN_POINT ( 'NONE',  ( -29.11500501689396003, 28.99999999999998934, 62.64412418362621793 ) ) ;
#6762 = DIRECTION ( 'NONE',  ( 1.000000000000000000, 0.000000000000000000, 0.000000000000000000 ) ) ;
#6763 = CARTESIAN_POINT ( 'NONE',  ( -14.87715639471863049, 29.60000000000000497, 66.52229636236152999 ) ) ;
#6764 = CARTESIAN_POINT ( 'NONE',  ( -102.7999999999999972, 29.50000000000001066, 55.75000000000000711 ) ) ;
#6765 = CARTESIAN_POINT ( 'NONE',  ( -27.33869485625708862, 28.99999999999999645, 66.52229636236151578 ) ) ;
#6766 = ORIENTED_EDGE ( 'NONE', *, *, #9265, .T. ) ;
#6767 = VECTOR ( 'NONE', #379, 1000.000000000000000 ) ;
#6768 = CARTESIAN_POINT ( 'NONE',  ( -28.54534044328123699, 29.60000000000000853, 63.26113956118234682 ) ) ;
#6769 = ORIENTED_EDGE ( 'NONE', *, *, #387, .F. ) ;
#6770 = EDGE_CURVE ( 'NONE', #6966, #372, #9167, .T. ) ;
#6771 = LINE ( 'NONE', #983, #1984 ) ;
#6772 = CARTESIAN_POINT ( 'NONE',  ( -16.03195428053279770, 29.59999999999999432, 63.15307011277140958 ) ) ;
#6773 = CARTESIAN_POINT ( 'NONE',  ( -28.57680665806259057, 28.99999999999999289, 65.52417171298996834 ) ) ;
#6774 = ADVANCED_FACE ( 'NONE', ( #6781 ), #1722, .T. ) ;
#6775 = CARTESIAN_POINT ( 'NONE',  ( -15.76592089777257399, 29.59999999999999432, 62.93054619695440266 ) ) ;
#6776 = CARTESIAN_POINT ( 'NONE',  ( -14.14888517143924673, 28.99999999999999289, 63.98370710216788382 ) ) ;
#6777 = DIRECTION ( 'NONE',  ( 0.000000000000000000, 0.000000000000000000, 1.000000000000000000 ) ) ;
#6778 = VERTEX_POINT ( 'NONE', #795 ) ;
#6779 = CARTESIAN_POINT ( 'NONE',  ( -18.65231142458988600, 29.00000000000001421, 63.21927767107736429 ) ) ;
#6780 = VERTEX_POINT ( 'NONE', #752 ) ;
#6781 = FACE_OUTER_BOUND ( 'NONE', #4899, .T. ) ;
#6782 = CARTESIAN_POINT ( 'NONE',  ( -20.43557675054813316, 28.99999999999998934, 63.95093916350447216 ) ) ;
#6783 = CARTESIAN_POINT ( 'NONE',  ( -35.88474400103305584, 29.59999999999999787, 63.29043085453159279 ) ) ;
#6784 = CARTESIAN_POINT ( 'NONE',  ( -14.36176453278731202, 29.59999999999999432, 65.91402972482634937 ) ) ;
#6785 = DIRECTION ( 'NONE',  ( 4.670409358399121388E-15, 1.000000000000000000, -0.000000000000000000 ) ) ;
#6786 = CARTESIAN_POINT ( 'NONE',  ( -17.04967920161296036, 29.59999999999999432, 63.85094655720960333 ) ) ;
#6787 = CARTESIAN_POINT ( 'NONE',  ( -10.93904071455147253, 29.60000000000000142, 62.89404783349709760 ) ) ;
#6788 = ORIENTED_EDGE ( 'NONE', *, *, #5546, .T. ) ;
#6789 = VERTEX_POINT ( 'NONE', #3173 ) ;
#6790 = CARTESIAN_POINT ( 'NONE',  ( -18.17596350906978131, 29.59999999999999076, 62.47206177170625807 ) ) ;
#6791 = ORIENTED_EDGE ( 'NONE', *, *, #4581, .T. ) ;
#6792 = EDGE_CURVE ( 'NONE', #7026, #1189, #1672, .T. ) ;
#6793 = DIRECTION ( 'NONE',  ( 1.418996708365486154E-16, -1.000000000000000000, 0.000000000000000000 ) ) ;
#6794 = LINE ( 'NONE', #6744, #8075 ) ;
#6795 = CARTESIAN_POINT ( 'NONE',  ( -21.38601194750131285, 29.59999999999999076, 62.76877923128868986 ) ) ;
#6796 = CARTESIAN_POINT ( 'NONE',  ( -11.78659293885196035, 29.59999999999999076, 63.11137509095014764 ) ) ;
#6797 = EDGE_CURVE ( 'NONE', #5689, #6393, #4561, .T. ) ;
#6798 = CARTESIAN_POINT ( 'NONE',  ( -14.14869618475164614, 28.99999999999999289, 64.88213788135978177 ) ) ;
#6799 = CARTESIAN_POINT ( 'NONE',  ( -17.07622408051712881, 29.00000000000000000, 64.59273103292278506 ) ) ;
#6800 = ORIENTED_EDGE ( 'NONE', *, *, #4379, .F. ) ;
#6801 = ORIENTED_EDGE ( 'NONE', *, *, #1464, .F. ) ;
#6802 = ADVANCED_FACE ( 'NONE', ( #2445 ), #5956, .F. ) ;
#6803 = CARTESIAN_POINT ( 'NONE',  ( -12.70890917641328777, 29.59999999999999432, 63.76036176085092677 ) ) ;
#6804 = VERTEX_POINT ( 'NONE', #174 ) ;
#6805 = PLANE ( 'NONE',  #8278 ) ;
#6806 = DIRECTION ( 'NONE',  ( 0.000000000000000000, 0.000000000000000000, -1.000000000000000000 ) ) ;
#6807 = EDGE_CURVE ( 'NONE', #1593, #6296, #584, .T. ) ;
#6808 = CARTESIAN_POINT ( 'NONE',  ( -16.65016672318162705, 28.99999999999999289, 66.23505523326397793 ) ) ;
#6809 = DIRECTION ( 'NONE',  ( 1.418996708365486154E-16, -1.000000000000000000, -0.000000000000000000 ) ) ;
#6810 = CARTESIAN_POINT ( 'NONE',  ( -14.44322769671189199, 28.99999999999998224, 66.07679930186571937 ) ) ;
#6811 = CARTESIAN_POINT ( 'NONE',  ( -12.21653021575489895, 29.00000000000000000, 62.90818613606688814 ) ) ;
#6812 = B_SPLINE_CURVE_WITH_KNOTS ( 'NONE', 3,
 ( #8326, #4661, #7605, #3995, #6932, #323, #1095, #8417, #1819, #1325, #9279, #4939, #8753, #1274, #9376, #6343, #2724, #9472, #5810, #2773, #601 ),
 .UNSPECIFIED., .F., .F.,
 ( 4, 1, 1, 1, 1, 1, 1, 1, 1, 1, 1, 1, 1, 1, 1, 1, 1, 1, 4 ),
 ( 0.000000000000000000, 0.03697589911787107358, 0.07919380565197071953, 0.1263611040582897083, 0.1791959260289999190, 0.2370233567260350283, 0.3005781796994430044, 0.3688032070373766236, 0.4427636198457219896, 0.5160455776874045553, 0.5825014191568227417, 0.6417953814615279251, 0.6946446714591546501, 0.7407048907381673652, 0.7796151080458150195, 0.8121003791382506165, 0.8378410910526373767, 0.9229877051599603144, 1.000000000000000000 ),
 .UNSPECIFIED. ) ;
#6813 = CARTESIAN_POINT ( 'NONE',  ( -21.69686481281894075, 29.59999999999999432, 65.33875421579912768 ) ) ;
#6814 = EDGE_CURVE ( 'NONE', #7383, #4483, #8223, .T. ) ;
#6815 = ORIENTED_EDGE ( 'NONE', *, *, #1729, .T. ) ;
#6816 = CARTESIAN_POINT ( 'NONE',  ( -15.00018406190874742, 29.59999999999999432, 64.43883517452843535 ) ) ;
#6817 = ORIENTED_EDGE ( 'NONE', *, *, #1679, .T. ) ;
#6818 = PLANE ( 'NONE',  #6911 ) ;
#6819 = DIRECTION ( 'NONE',  ( 0.000000000000000000, 0.000000000000000000, 1.000000000000000000 ) ) ;
#6820 = CARTESIAN_POINT ( 'NONE',  ( -28.63666349158155100, 29.59999999999999432, 65.21674205202072017 ) ) ;
#6821 = CARTESIAN_POINT ( 'NONE',  ( -15.83995610562218737, 29.59999999999999432, 62.96061004805540762 ) ) ;
#6822 = CARTESIAN_POINT ( 'NONE',  ( -14.52451172601639229, 28.99999999999998934, 62.68721722446422717 ) ) ;
#6823 = CARTESIAN_POINT ( 'NONE',  ( -20.53864560037029108, 29.59999999999999432, 65.79280152068227494 ) ) ;
#6824 = ORIENTED_EDGE ( 'NONE', *, *, #401, .F. ) ;
#6825 = LINE ( 'NONE', #217, #1963 ) ;
#6826 = ADVANCED_FACE ( 'NONE', ( #5912 ), #7601, .F. ) ;
#6827 = ORIENTED_EDGE ( 'NONE', *, *, #4733, .T. ) ;
#6828 = B_SPLINE_CURVE_WITH_KNOTS ( 'NONE', 3,
 ( #4962, #1452, #669, #5785, #2033, #9401, #8727, #4389, #3619, #7905, #4245 ),
 .UNSPECIFIED., .F., .F.,
 ( 4, 1, 1, 1, 1, 1, 1, 1, 4 ),
 ( 0.000000000000000000, 0.1850902117818992998, 0.3523572497833286077, 0.5030799192422876764, 0.6360081999872619907, 0.7524730698093538006, 0.8518856678189902221, 0.9343393817377413368, 1.000000000000000000 ),
 .UNSPECIFIED. ) ;
#6829 = CARTESIAN_POINT ( 'NONE',  ( -11.83444741347335771, 29.00000000000000355, 64.79893559641126899 ) ) ;
#6830 = FACE_OUTER_BOUND ( 'NONE', #359, .T. ) ;
#6831 = CARTESIAN_POINT ( 'NONE',  ( -24.00018406190875453, 29.59999999999999432, 66.65818613606688814 ) ) ;
#6832 = CARTESIAN_POINT ( 'NONE',  ( -15.60595329267797737, 29.59999999999999432, 66.71587844375920895 ) ) ;
#6833 = DIRECTION ( 'NONE',  ( -1.000000000000000000, 0.000000000000000000, 0.000000000000000000 ) ) ;
#6834 = CARTESIAN_POINT ( 'NONE',  ( -29.11500501689396003, 28.99999999999998579, 62.64412418362621793 ) ) ;
#6835 = LINE ( 'NONE', #3796, #444 ) ;
#6836 = EDGE_LOOP ( 'NONE', ( #1823, #7511, #8987, #3083 ) ) ;
#6837 = ADVANCED_FACE ( 'NONE', ( #2492 ), #8507, .T. ) ;
#6838 = EDGE_LOOP ( 'NONE', ( #7845, #7749, #6260, #7943 ) ) ;
#6839 = CARTESIAN_POINT ( 'NONE',  ( -15.23609514263817033, 29.59999999999998721, 65.80926924103962961 ) ) ;
#6840 = ORIENTED_EDGE ( 'NONE', *, *, #8720, .T. ) ;
#6841 = DIRECTION ( 'NONE',  ( -0.7071067811865431318, 0.7071067811865520136, 6.814637407481785109E-16 ) ) ;
#6842 = EDGE_CURVE ( 'NONE', #6256, #8342, #3356, .T. ) ;
#6843 = DIRECTION ( 'NONE',  ( -0.5773502691896418293, 0.5773502691896098549, 0.5773502691896258421 ) ) ;
#6844 = CARTESIAN_POINT ( 'NONE',  ( -32.59633790806259412, 28.99999999999999289, 65.73510921298995413 ) ) ;
#6845 = CARTESIAN_POINT ( 'NONE',  ( -11.65602897422337136, 28.99999999999999645, 63.57040566043745144 ) ) ;
#6846 = DIRECTION ( 'NONE',  ( -1.000000000000000000, 0.000000000000000000, 0.000000000000000000 ) ) ;
#6847 = VECTOR ( 'NONE', #6627, 1000.000000000000000 ) ;
#6848 = CARTESIAN_POINT ( 'NONE',  ( -15.91573873524946059, 29.60000000000000142, 62.18432041989996861 ) ) ;
#6849 = ORIENTED_EDGE ( 'NONE', *, *, #5805, .T. ) ;
#6850 = DIRECTION ( 'NONE',  ( 0.000000000000000000, 0.000000000000000000, 1.000000000000000000 ) ) ;
#6851 = ORIENTED_EDGE ( 'NONE', *, *, #368, .F. ) ;
#6852 = CARTESIAN_POINT ( 'NONE',  ( -13.21501104930647408, 29.59999999999999432, 64.46298851135722430 ) ) ;
#6853 = EDGE_CURVE ( 'NONE', #2781, #8009, #2991, .T. ) ;
#6854 = VECTOR ( 'NONE', #236, 1000.000000000000000 ) ;
#6855 = CARTESIAN_POINT ( 'NONE',  ( -19.67168589332632678, 28.99999999999999645, 63.45371195238224971 ) ) ;
#6856 = EDGE_CURVE ( 'NONE', #3141, #3984, #4703, .T. ) ;
#6857 = CARTESIAN_POINT ( 'NONE',  ( -16.68739325699755227, 29.59999999999999432, 66.18684664652660388 ) ) ;
#6858 = LINE ( 'NONE', #1748, #2139 ) ;
#6859 = CARTESIAN_POINT ( 'NONE',  ( -16.31667347212427543, 29.60000000000000142, 66.54029313193360906 ) ) ;
#6860 =( LENGTH_UNIT ( ) NAMED_UNIT ( * ) SI_UNIT ( .MILLI., .METRE. ) );
#6861 = VECTOR ( 'NONE', #8249, 1000.000000000000000 ) ;
#6862 = VERTEX_POINT ( 'NONE', #8412 ) ;
#6863 = ADVANCED_FACE ( 'NONE', ( #6249 ), #4076, .T. ) ;
#6864 = DIRECTION ( 'NONE',  ( -1.000000000000000000, 0.000000000000000000, 0.000000000000000000 ) ) ;
#6865 = ORIENTED_EDGE ( 'NONE', *, *, #780, .F. ) ;
#6866 = CARTESIAN_POINT ( 'NONE',  ( -10.78864560037028397, 29.59999999999999787, 63.51575825145150134 ) ) ;
#6867 = DIRECTION ( 'NONE',  ( 1.418996708365486154E-16, -1.000000000000000000, -0.000000000000000000 ) ) ;
#6868 = DIRECTION ( 'NONE',  ( -0.7071067811865378028, 0.7071067811865573427, 0.000000000000000000 ) ) ;
#6869 = LINE ( 'NONE', #7781, #8452 ) ;
#6870 = CARTESIAN_POINT ( 'NONE',  ( -23.56388598498567433, 29.59999999999999432, 64.51095055914380794 ) ) ;
#6871 = CARTESIAN_POINT ( 'NONE',  ( -12.23455906190874387, 29.59999999999999432, 62.15818613606688814 ) ) ;
#6872 = VERTEX_POINT ( 'NONE', #4842 ) ;
#6873 = CARTESIAN_POINT ( 'NONE',  ( -18.57710713883182763, 29.59999999999999432, 63.60049382837458865 ) ) ;
#6874 = VERTEX_POINT ( 'NONE', #4121 ) ;
#6875 = CARTESIAN_POINT ( 'NONE',  ( -16.11526819652413067, 28.99999999999999289, 65.52417171298996834 ) ) ;
#6876 = DIRECTION ( 'NONE',  ( 0.7071067811865435759, -0.7071067811865513475, 0.000000000000000000 ) ) ;
#6877 = CARTESIAN_POINT ( 'NONE',  ( -12.67556064273353122, 28.99999999999998934, 63.14490640561966472 ) ) ;
#6878 = CARTESIAN_POINT ( 'NONE',  ( -37.05573546203275725, 29.59999999999999432, 62.26169215001661428 ) ) ;
#6879 = CARTESIAN_POINT ( 'NONE',  ( -3.000000000000031530, -3.999999999999948042, 20.79999999999999716 ) ) ;
#6880 = CARTESIAN_POINT ( 'NONE',  ( -22.98971042237350204, 29.59999999999999076, 63.97553209429965193 ) ) ;
#6881 = EDGE_CURVE ( 'NONE', #1296, #5984, #267, .T. ) ;
#6882 = DIRECTION ( 'NONE',  ( -1.000000000000000000, 0.000000000000000000, 0.000000000000000000 ) ) ;
#6883 = CARTESIAN_POINT ( 'NONE',  ( -11.46223717379402629, 29.60000000000000853, 62.33386798170774767 ) ) ;
#6884 = ORIENTED_EDGE ( 'NONE', *, *, #6390, .F. ) ;
#6885 = ORIENTED_EDGE ( 'NONE', *, *, #9501, .T. ) ;
#6886 = CARTESIAN_POINT ( 'NONE',  ( -18.74522023595756792, 29.60000000000000142, 62.20000212056062594 ) ) ;
#6887 = VERTEX_POINT ( 'NONE', #455 ) ;
#6888 = CARTESIAN_POINT ( 'NONE',  ( -3.000000000000043965, -6.599999999999933920, 32.49999999999995026 ) ) ;
#6889 = LINE ( 'NONE', #1831, #7992 ) ;
#6890 = ADVANCED_FACE ( 'NONE', ( #5475, #3264 ), #8555, .T. ) ;
#6891 = CARTESIAN_POINT ( 'NONE',  ( -5.090238506442203104, 25.95371784915181479, 77.54628215084800047 ) ) ;
#6892 = CARTESIAN_POINT ( 'NONE',  ( -13.33556737946559068, 29.59999999999998721, 62.59643381103101234 ) ) ;
#6893 = CARTESIAN_POINT ( 'NONE',  ( -26.70560714039793382, 28.99999999999998934, 63.34674328390536857 ) ) ;
#6894 = FACE_OUTER_BOUND ( 'NONE', #118, .T. ) ;
#6895 = EDGE_CURVE ( 'NONE', #5984, #8760, #1951, .T. ) ;
#6896 = LINE ( 'NONE', #965, #8303 ) ;
#6897 = VECTOR ( 'NONE', #2019, 1000.000000000000000 ) ;
#6898 = ORIENTED_EDGE ( 'NONE', *, *, #8357, .F. ) ;
#6899 = VECTOR ( 'NONE', #4012, 1000.000000000000000 ) ;
#6900 = CARTESIAN_POINT ( 'NONE',  ( -3.353553390593336125, -4.353553390593248196, 20.79999999999999716 ) ) ;
#6901 = ORIENTED_EDGE ( 'NONE', *, *, #6209, .F. ) ;
#6902 = CARTESIAN_POINT ( 'NONE',  ( -29.53776254205557805, 29.59999999999998721, 64.59273103292277085 ) ) ;
#6903 = AXIS2_PLACEMENT_3D ( 'NONE', #1203, #7082, #4053 ) ;
#6904 = CARTESIAN_POINT ( 'NONE',  ( -19.36220485817923631, 28.99999999999998934, 62.94188646835031875 ) ) ;
#6905 = CARTESIAN_POINT ( 'NONE',  ( -29.53864560037028753, 29.00000000000000000, 64.43883517452844956 ) ) ;
#6906 = VECTOR ( 'NONE', #8877, 1000.000000000000000 ) ;
#6907 = CARTESIAN_POINT ( 'NONE',  ( -14.44322769671189199, 29.59999999999998010, 66.07679930186571937 ) ) ;
#6908 = DIRECTION ( 'NONE',  ( 0.000000000000000000, 0.000000000000000000, 1.000000000000000000 ) ) ;
#6909 = DIRECTION ( 'NONE',  ( 1.418996708365486154E-16, -1.000000000000000000, -0.000000000000000000 ) ) ;
#6910 = EDGE_LOOP ( 'NONE', ( #5175, #5624, #5572, #9144 ) ) ;
#6911 = AXIS2_PLACEMENT_3D ( 'NONE', #208, #3160, #6092 ) ;
#6912 = LINE ( 'NONE', #3055, #6425 ) ;
#6913 = AXIS2_PLACEMENT_3D ( 'NONE', #2559, #3240, #6946 ) ;
#6914 = EDGE_LOOP ( 'NONE', ( #4100, #1069, #8733, #8933 ) ) ;
#6915 = EDGE_CURVE ( 'NONE', #8675, #5548, #4750, .T. ) ;
#6916 = CARTESIAN_POINT ( 'NONE',  ( -0.5000000001018634066, -6.599999999999933031, 24.33205080756887995 ) ) ;
#6917 = LINE ( 'NONE', #1899, #4836 ) ;
#6918 = CARTESIAN_POINT ( 'NONE',  ( -36.00537346953992568, 29.59999999999998721, 63.24522073084454377 ) ) ;
#6919 = CARTESIAN_POINT ( 'NONE',  ( -28.49349274207125049, 29.59999999999999432, 63.15307011277140958 ) ) ;
#6920 = EDGE_CURVE ( 'NONE', #942, #6551, #9134, .T. ) ;
#6921 = CARTESIAN_POINT ( 'NONE',  ( -19.01241258737544371, 29.00000000000000000, 65.58481777482313646 ) ) ;
#6922 = CARTESIAN_POINT ( 'NONE',  ( -15.12812905380486406, 29.00000000000000000, 65.61506785181040868 ) ) ;
#6923 = LINE ( 'NONE', #2435, #8858 ) ;
#6924 = VECTOR ( 'NONE', #238, 1000.000000000000000 ) ;
#6925 = ORIENTED_EDGE ( 'NONE', *, *, #7437, .F. ) ;
#6926 = CARTESIAN_POINT ( 'NONE',  ( -18.59506437682372137, 29.00000000000000711, 63.42914323233811302 ) ) ;
#6927 = ORIENTED_EDGE ( 'NONE', *, *, #2479, .T. ) ;
#6928 = DIRECTION ( 'NONE',  ( 1.000000000000000000, -9.609843166577042764E-13, 0.000000000000000000 ) ) ;
#6929 = CARTESIAN_POINT ( 'NONE',  ( -36.80611617504575150, 29.59999999999998366, 63.57371080010598519 ) ) ;
#6930 = CARTESIAN_POINT ( 'NONE',  ( -17.59633790806259768, 28.99999999999999289, 66.65818613606688814 ) ) ;
#6931 = DIRECTION ( 'NONE',  ( 0.000000000000000000, 0.000000000000000000, 1.000000000000000000 ) ) ;
#6932 = CARTESIAN_POINT ( 'NONE',  ( -13.02961358963152172, 29.59999999999998721, 64.68424159767958770 ) ) ;
#6933 = LINE ( 'NONE', #8369, #9531 ) ;
#6934 = DIRECTION ( 'NONE',  ( -1.000000000000000000, -1.418996708365486401E-16, 0.000000000000000000 ) ) ;
#6935 = EDGE_CURVE ( 'NONE', #1528, #108, #6158, .T. ) ;
#6936 = ORIENTED_EDGE ( 'NONE', *, *, #2188, .T. ) ;
#6937 = VERTEX_POINT ( 'NONE', #1815 ) ;
#6938 = CARTESIAN_POINT ( 'NONE',  ( -18.74522023595756792, 29.00000000000001066, 62.20000212056062594 ) ) ;
#6939 = ORIENTED_EDGE ( 'NONE', *, *, #3618, .T. ) ;
#6940 = CARTESIAN_POINT ( 'NONE',  ( -15.65952003098644596, 29.59999999999999076, 62.15947385397781488 ) ) ;
#6941 = LINE ( 'NONE', #1878, #9059 ) ;
#6942 = PLANE ( 'NONE',  #8222 ) ;
#6943 = CARTESIAN_POINT ( 'NONE',  ( -7.314043879264009007, 2.620046188698990086, 33.18595612073595191 ) ) ;
#6944 = CARTESIAN_POINT ( 'NONE',  ( -11.69625950382158130, 29.00000000000000000, 62.23549029123770993 ) ) ;
#6945 = CARTESIAN_POINT ( 'NONE',  ( -14.55376558501723316, 28.99999999999998934, 66.23566135985345227 ) ) ;
#6946 = DIRECTION ( 'NONE',  ( 1.418996708365486154E-16, -1.000000000000000000, 0.000000000000000000 ) ) ;
#6947 = ORIENTED_EDGE ( 'NONE', *, *, #1135, .F. ) ;
#6948 = DIRECTION ( 'NONE',  ( 1.418996708365486154E-16, -1.000000000000000000, -0.000000000000000000 ) ) ;
#6949 = ORIENTED_EDGE ( 'NONE', *, *, #9087, .T. ) ;
#6950 = LINE ( 'NONE', #2698, #7816 ) ;
#6951 = ADVANCED_FACE ( 'NONE', ( #7700 ), #1090, .F. ) ;
#6952 = CARTESIAN_POINT ( 'NONE',  ( -27.60737438867867510, 29.60000000000000142, 66.64864551477415944 ) ) ;
#6953 = DIRECTION ( 'NONE',  ( 0.000000000000000000, -1.000000000000000000, -9.637352644315709135E-16 ) ) ;
#6954 = CARTESIAN_POINT ( 'NONE',  ( -29.53864560037028753, 28.99999999999998934, 64.43883517452844956 ) ) ;
#6955 = CARTESIAN_POINT ( 'NONE',  ( -32.59633790806259412, 29.59999999999999432, 65.73510921298995413 ) ) ;
#6956 = FACE_OUTER_BOUND ( 'NONE', #2969, .T. ) ;
#6957 = VERTEX_POINT ( 'NONE', #2584 ) ;
#6958 = CARTESIAN_POINT ( 'NONE',  ( -27.46172252344720732, 29.59999999999999432, 64.43883517452843535 ) ) ;
#6959 = DIRECTION ( 'NONE',  ( 0.000000000000000000, 0.000000000000000000, 1.000000000000000000 ) ) ;
#6960 = CARTESIAN_POINT ( 'NONE',  ( -15.83995610562218737, 28.99999999999998579, 62.96061004805540762 ) ) ;
#6961 = CARTESIAN_POINT ( 'NONE',  ( -98.79999999999999716, -1.209951037557585031E-14, 70.50000000000001421 ) ) ;
#6962 = CARTESIAN_POINT ( 'NONE',  ( -28.54534044328123699, 29.00000000000000000, 63.26113956118234682 ) ) ;
#6963 = EDGE_CURVE ( 'NONE', #5768, #4248, #6111, .T. ) ;
#6964 = CARTESIAN_POINT ( 'NONE',  ( -13.61320087615654906, 28.99999999999998579, 63.25549540441324581 ) ) ;
#6965 = CARTESIAN_POINT ( 'NONE',  ( -4.999999999999976907, -1.999999999999977573, 21.30000000000002203 ) ) ;
#6966 = VERTEX_POINT ( 'NONE', #3589 ) ;
#6967 = CARTESIAN_POINT ( 'NONE',  ( -18.75517899763137919, 29.00000000000003197, 63.05376029987498754 ) ) ;
#6968 = B_SPLINE_SURFACE_WITH_KNOTS ( 'NONE', 3, 1, ( 
 ( #1312, #4256 ),
 ( #2231, #1651 ),
 ( #7480, #927 ),
 ( #3048, #5314 ),
 ( #8111, #6620 ),
 ( #3721, #8926 ),
 ( #54, #7341 ),
 ( #1509, #7389 ),
 ( #6707, #5489 ),
 ( #4450, #2324 ),
 ( #5266, #3872 ),
 ( #874, #3678 ),
 ( #3149, #778 ),
 ( #8429, #6661 ),
 ( #101, #2370 ),
 ( #1599, #3821 ),
 ( #4401, #9150 ),
 ( #730, #6216 ),
 ( #154, #5990 ) ),
 .UNSPECIFIED., .F., .F., .F.,
 ( 4, 1, 1, 1, 1, 1, 1, 1, 1, 1, 1, 1, 1, 1, 1, 1, 4 ),
 ( 2, 2 ),
 ( 0.000000000000000000, 0.07565134293790633235, 0.1473404888250150480, 0.2160248263225418297, 0.2816200141458383155, 0.3453641986564537913, 0.4073727453696223133, 0.4687154605609664682, 0.5297496088297312111, 0.5899834890207036331, 0.6485598865702445481, 0.7061808522038780511, 0.7631228146666982903, 0.8204415301492684609, 0.8785129214234909112, 0.9382431650142797341, 1.000000000000000000 ),
 ( 0.000000000000000000, 1.000000000000000000 ),
 .UNSPECIFIED. ) ;
#6969 = ORIENTED_EDGE ( 'NONE', *, *, #9462, .T. ) ;
#6970 = EDGE_CURVE ( 'NONE', #5485, #3116, #2719, .T. ) ;
#6971 = CARTESIAN_POINT ( 'NONE',  ( -16.05814696025527866, 28.99999999999998934, 66.65534655642170492 ) ) ;
#6972 = DIRECTION ( 'NONE',  ( 0.000000000000000000, 0.000000000000000000, 1.000000000000000000 ) ) ;
#6973 = CARTESIAN_POINT ( 'NONE',  ( -18.75752433655028995, 29.00000000000000000, 64.79893559641131162 ) ) ;
#6974 = CARTESIAN_POINT ( 'NONE',  ( -14.14869618475164614, 29.59999999999999432, 64.88213788135978177 ) ) ;
#6975 = CARTESIAN_POINT ( 'NONE',  ( 0.000000000000000000, -6.349999999999918820, 29.03493649053886472 ) ) ;
#6976 = CARTESIAN_POINT ( 'NONE',  ( -17.03485064845444086, 29.00000000000000000, 63.71739455675720620 ) ) ;
#6977 = EDGE_CURVE ( 'NONE', #8613, #2122, #4828, .T. ) ;
#6978 = DIRECTION ( 'NONE',  ( 1.000000000000000000, 1.179158441186849416E-15, 0.000000000000000000 ) ) ;
#6979 = ORIENTED_EDGE ( 'NONE', *, *, #3086, .F. ) ;
#6980 = EDGE_CURVE ( 'NONE', #5602, #8675, #3544, .T. ) ;
#6981 = ORIENTED_EDGE ( 'NONE', *, *, #5021, .T. ) ;
#6982 = DIRECTION ( 'NONE',  ( 0.7071067811865573427, 0.7071067811865378028, -6.409875621278902275E-17 ) ) ;
#6983 = ORIENTED_EDGE ( 'NONE', *, *, #6088, .F. ) ;
#6984 = CARTESIAN_POINT ( 'NONE',  ( -13.61320087615654906, 29.59999999999998366, 63.25549540441324581 ) ) ;
#6985 = LINE ( 'NONE', #6312, #906 ) ;
#6986 = CARTESIAN_POINT ( 'NONE',  ( -28.30261397092397502, 28.99999999999999645, 65.91328158246395219 ) ) ;
#6987 = LINE ( 'NONE', #560, #1040 ) ;
#6988 = PLANE ( 'NONE',  #3307 ) ;
#6989 = CARTESIAN_POINT ( 'NONE',  ( -10.84275752043354757, 28.99999999999998934, 63.18135675046035260 ) ) ;
#6990 = FACE_OUTER_BOUND ( 'NONE', #46, .T. ) ;
#6991 = CARTESIAN_POINT ( 'NONE',  ( -16.54146858697362887, 29.59999999999999432, 62.51087547434985936 ) ) ;
#6992 = ORIENTED_EDGE ( 'NONE', *, *, #5093, .F. ) ;
#6993 = LINE ( 'NONE', #431, #3827 ) ;
#6994 = EDGE_LOOP ( 'NONE', ( #8817, #6898, #2852, #8647, #3480, #2499, #4152, #7449, #5119, #5271, #6102 ) ) ;
#6995 = CARTESIAN_POINT ( 'NONE',  ( -23.97825338750310209, 28.99999999999998934, 63.13261268622171229 ) ) ;
#6996 = DIRECTION ( 'NONE',  ( 1.000000000000000000, 0.000000000000000000, -0.000000000000000000 ) ) ;
#6997 = VECTOR ( 'NONE', #6190, 999.9999999999998863 ) ;
#6998 = DIRECTION ( 'NONE',  ( 0.000000000000000000, 0.7071067811865573427, -0.7071067811865378028 ) ) ;
#6999 = DIRECTION ( 'NONE',  ( -1.418996708365486154E-16, 1.000000000000000000, 0.000000000000000000 ) ) ;
#7000 = CLOSED_SHELL ( 'NONE', ( #3354, #7982, #2970, #8272, #2004, #6802, #3473, #3274, #4553, #5635, #7100, #120, #9142, #3825, #8669, #3982, #1027, #425, #4676, #8742, #463, #4179, #8846, #3018, #4433, #4595, #1138, #6863, #6185, #2561, #4342, #3532, #1386, #4840, #5236, #2407, #6837, #9320, #938, #3787, #7397, #8344, #3591, #8020, #2186, #1092, #4880, #1456, #783, #2437, #3099, #8330, #5063, #3399, #1063, #145, #8505, #5358, #6306, #4155, #6774, #6138, #2804, #979, #2784, #132, #9222, #2119, #8624, #16, #4098, #2727, #1058, #1513, #5142, #4123, #9130, #452, #2260, #6338, #7855, #6072, #9066, #7516, #605, #7862, #1764, #1731, #4711, #8509, #4882, #2875, #5382, #3804, #1648, #9387, #4306, #6951, #1629, #4727, #2718, #6131, #3854, #3386, #6826, #7853, #8309, #7623, #7081, #7262, #4061, #4788, #6222, #7628, #7292, #3873, #383, #1556, #5802, #6727, #3328, #3393, #8264, #3760, #5648, #5263, #6502, #7300, #8886, #8814, #3118, #8677, #1377, #3670, #3915, #4143, #7643, #7146, #7791, #3588, #763, #1348, #2815, #8217, #6380, #2457, #4147, #5390, #229, #1421, #545, #261, #4426, #7572, #8996, #2527, #793, #5008, #9228, #3436, #3552, #6385, #5131, #6226, #7810, #1373, #3634, #8148, #2351, #4908, #3134, #486, #7180, #297, #7836, #4826, #3673, #310, #6275, #3731, #6890, #3211, #2942, #4637, #2432, #6307, #9012, #2148, #5670, #1199, #1590, #7928, #8557, #9520, #2864, #7474, #4324, #1888, #8563, #8834, #4445, #3973, #711, #3890, #7806, #541, #7178, #5943, #5840, #4266, #7887, #1670, #3156, #2025, #254, #2836, #4115, #4681, #6083, #1802, #9341, #6599, #3929, #4771, #2419, #3515, #6098, #2032, #7094, #8502, #5040, #2790, #1852, #636, #2707, #8257, #3178, #7561 ) ) ;
#7001 = DIRECTION ( 'NONE',  ( -0.7071067811865573427, 0.7071067811865378028, 0.000000000000000000 ) ) ;
#7002 = EDGE_CURVE ( 'NONE', #713, #1656, #1391, .T. ) ;
#7003 = EDGE_LOOP ( 'NONE', ( #484, #262, #2427, #3052 ) ) ;
#7004 = VECTOR ( 'NONE', #757, 1000.000000000000000 ) ;
#7005 = CARTESIAN_POINT ( 'NONE',  ( -27.46905607995438459, 29.60000000000000142, 66.59349384303790487 ) ) ;
#7006 = CARTESIAN_POINT ( 'NONE',  ( -38.94249175421644082, 29.59999999999999076, 65.73510921298995413 ) ) ;
#7007 = DIRECTION ( 'NONE',  ( 0.000000000000000000, 0.000000000000000000, 1.000000000000000000 ) ) ;
#7008 = FACE_OUTER_BOUND ( 'NONE', #2257, .T. ) ;
#7009 = CARTESIAN_POINT ( 'NONE',  ( -11.89020810037028575, 29.60000000000000142, 64.74532555914382215 ) ) ;
#7010 = AXIS2_PLACEMENT_3D ( 'NONE', #3962, #4638, #7478 ) ;
#7011 = CARTESIAN_POINT ( 'NONE',  ( -20.10234752344721088, 28.99999999999999289, 64.51095055914380794 ) ) ;
#7012 = CARTESIAN_POINT ( 'NONE',  ( -19.66681640290565269, 28.99999999999998934, 63.62963993191214485 ) ) ;
#7013 = EDGE_CURVE ( 'NONE', #5557, #5779, #693, .T. ) ;
#7014 = ORIENTED_EDGE ( 'NONE', *, *, #1424, .T. ) ;
#7015 = CARTESIAN_POINT ( 'NONE',  ( -12.70890917641328777, 28.99999999999999289, 63.76036176085092677 ) ) ;
#7016 = VERTEX_POINT ( 'NONE', #3446 ) ;
#7017 = CARTESIAN_POINT ( 'NONE',  ( -102.2999999999999687, 30.99999999999998579, 73.00000000000000000 ) ) ;
#7018 = CARTESIAN_POINT ( 'NONE',  ( -22.57104543873565206, 28.99999999999999289, 62.15882148759504133 ) ) ;
#7019 = CARTESIAN_POINT ( 'NONE',  ( -32.59633790806259412, 29.59999999999999432, 62.21587844375919474 ) ) ;
#7020 = FACE_OUTER_BOUND ( 'NONE', #690, .T. ) ;
#7021 = DIRECTION ( 'NONE',  ( 0.000000000000000000, 0.000000000000000000, 1.000000000000000000 ) ) ;
#7022 = CARTESIAN_POINT ( 'NONE',  ( -16.78772994263533036, 28.99999999999998224, 62.85177120494134329 ) ) ;
#7023 = ORIENTED_EDGE ( 'NONE', *, *, #5097, .T. ) ;
#7024 = ORIENTED_EDGE ( 'NONE', *, *, #8155, .T. ) ;
#7025 = DIRECTION ( 'NONE',  ( 1.418996708365486154E-16, -1.000000000000000000, -0.000000000000000000 ) ) ;
#7026 = VERTEX_POINT ( 'NONE', #9371 ) ;
#7027 = CARTESIAN_POINT ( 'NONE',  ( -13.24866095928768495, 29.59999999999999076, 62.50708212844769207 ) ) ;
#7028 = CARTESIAN_POINT ( 'NONE',  ( -17.62627608027423420, 29.00000000000000355, 66.43636829437824076 ) ) ;
#7029 = DIRECTION ( 'NONE',  ( 0.7071067811865476838, -0.7071067811865474617, 0.000000000000000000 ) ) ;
#7030 = DIRECTION ( 'NONE',  ( 1.000000000000000000, 1.418996708365486154E-16, -0.000000000000000000 ) ) ;
#7031 = CARTESIAN_POINT ( 'NONE',  ( -12.93215603614331854, 29.59999999999999432, 62.29264642209238190 ) ) ;
#7032 = CARTESIAN_POINT ( 'NONE',  ( -10.80909240477128996, 29.00000000000000000, 63.34405806632992153 ) ) ;
#7033 = LINE ( 'NONE', #1155, #1376 ) ;
#7034 = EDGE_CURVE ( 'NONE', #5766, #3332, #5709, .T. ) ;
#7035 = EDGE_LOOP ( 'NONE', ( #2026, #5211, #5789, #7404 ) ) ;
#7036 = CARTESIAN_POINT ( 'NONE',  ( -15.60595329267797737, 28.99999999999999289, 65.96587844375919474 ) ) ;
#7037 = VERTEX_POINT ( 'NONE', #3882 ) ;
#7038 = CARTESIAN_POINT ( 'NONE',  ( -27.46281959199758660, 29.59999999999999787, 64.25881946426677871 ) ) ;
#7039 = FACE_OUTER_BOUND ( 'NONE', #4195, .T. ) ;
#7040 = FACE_OUTER_BOUND ( 'NONE', #6994, .T. ) ;
#7041 = LINE ( 'NONE', #1253, #6436 ) ;
#7042 = CARTESIAN_POINT ( 'NONE',  ( -16.60050208762415380, 29.59999999999999787, 66.29543088703968579 ) ) ;
#7043 = DATE_AND_TIME ( #1303, #3079 ) ;
#7044 = ORIENTED_EDGE ( 'NONE', *, *, #5598, .T. ) ;
#7045 = EDGE_CURVE ( 'NONE', #5856, #2107, #209, .T. ) ;
#7046 = AXIS2_PLACEMENT_3D ( 'NONE', #3768, #7535, #6037 ) ;
#7047 = CARTESIAN_POINT ( 'NONE',  ( -15.76351225183941374, 29.59999999999999432, 66.71204181666458055 ) ) ;
#7048 = VECTOR ( 'NONE', #8423, 1000.000000000000000 ) ;
#7049 = CARTESIAN_POINT ( 'NONE',  ( -19.06895164506369866, 29.59999999999999076, 65.52088750954737861 ) ) ;
#7050 = CARTESIAN_POINT ( 'NONE',  ( -20.53535440066662332, 29.59999999999999076, 63.52870578933036683 ) ) ;
#7051 = FACE_OUTER_BOUND ( 'NONE', #7911, .T. ) ;
#7052 = CARTESIAN_POINT ( 'NONE',  ( -22.27482348498567433, 29.59999999999999432, 64.74532555914380794 ) ) ;
#7053 = CARTESIAN_POINT ( 'NONE',  ( -15.76380833032661677, 28.99999999999998934, 62.16198089314431030 ) ) ;
#7054 = CARTESIAN_POINT ( 'NONE',  ( -13.59363800288772062, 28.99999999999999645, 63.13261268622174782 ) ) ;
#7055 = VECTOR ( 'NONE', #1549, 1000.000000000000000 ) ;
#7056 = AXIS2_PLACEMENT_3D ( 'NONE', #947, #6731, #8993 ) ;
#7057 = CARTESIAN_POINT ( 'NONE',  ( -15.03767988396112187, 29.59999999999999076, 62.26493836329049714 ) ) ;
#7058 = ORIENTED_EDGE ( 'NONE', *, *, #6842, .F. ) ;
#7059 = EDGE_CURVE ( 'NONE', #1826, #1631, #6045, .T. ) ;
#7060 = VECTOR ( 'NONE', #2829, 1000.000000000000000 ) ;
#7061 = CARTESIAN_POINT ( 'NONE',  ( -102.7999999999999972, 30.99999999999998579, 55.24999999999997868 ) ) ;
#7062 = DIRECTION ( 'NONE',  ( -1.000000000000000000, -1.418996708365486401E-16, 0.000000000000000000 ) ) ;
#7063 = AXIS2_PLACEMENT_3D ( 'NONE', #3997, #6735, #6934 ) ;
#7064 = CARTESIAN_POINT ( 'NONE',  ( -22.32800858113952103, 28.99999999999999289, 65.79280152068227494 ) ) ;
#7065 = CARTESIAN_POINT ( 'NONE',  ( -3.207106781186565225, 30.49999999999995737, 0.000000000000000000 ) ) ;
#7066 = CARTESIAN_POINT ( 'NONE',  ( -22.32800858113952103, 29.59999999999999432, 65.79280152068227494 ) ) ;
#7067 = CARTESIAN_POINT ( 'NONE',  ( -0.5000000000000419664, 0.000000000000000000, 0.5000000000000281997 ) ) ;
#7068 = ORIENTED_EDGE ( 'NONE', *, *, #6920, .T. ) ;
#7069 = VERTEX_POINT ( 'NONE', #3778 ) ;
#7070 = CARTESIAN_POINT ( 'NONE',  ( -41.59633790806259412, 29.59999999999999076, 62.21587844375919474 ) ) ;
#7071 = EDGE_LOOP ( 'NONE', ( #610, #7211, #5227, #1482 ) ) ;
#7072 = CARTESIAN_POINT ( 'NONE',  ( -98.79999999999999716, 26.35355339059328372, 70.35355339059327662 ) ) ;
#7073 = CARTESIAN_POINT ( 'NONE',  ( -22.86910526143124756, 29.59999999999999432, 64.14053963481318021 ) ) ;
#7074 = CARTESIAN_POINT ( 'NONE',  ( -17.77095649078293960, 28.99999999999999289, 66.00964228596717476 ) ) ;
#7075 = CARTESIAN_POINT ( 'NONE',  ( -21.69686481281894075, 29.00000000000000355, 65.33875421579912768 ) ) ;
#7076 = LINE ( 'NONE', #8571, #6424 ) ;
#7077 = CARTESIAN_POINT ( 'NONE',  ( -5.000000000000000000, 28.99999999999999645, 66.99999999999997158 ) ) ;
#7078 = CARTESIAN_POINT ( 'NONE',  ( -11.15926876091165276, 28.99999999999998934, 62.55793437562742554 ) ) ;
#7079 = CARTESIAN_POINT ( 'NONE',  ( -16.78463085123622633, 29.59999999999999787, 66.02583594461079031 ) ) ;
#7080 = VERTEX_POINT ( 'NONE', #8935 ) ;
#7081 = ADVANCED_FACE ( 'NONE', ( #3161 ), #5178, .F. ) ;
#7082 = DIRECTION ( 'NONE',  ( -2.159040943103389166E-13, -1.000000000000000000, 2.914000924115582096E-14 ) ) ;
#7083 = ORIENTED_EDGE ( 'NONE', *, *, #7497, .T. ) ;
#7084 = CARTESIAN_POINT ( 'NONE',  ( -23.06192099985347355, 28.99999999999998934, 62.20551655094874377 ) ) ;
#7085 = ORIENTED_EDGE ( 'NONE', *, *, #7925, .T. ) ;
#7086 = DIRECTION ( 'NONE',  ( 0.000000000000000000, 0.000000000000000000, 1.000000000000000000 ) ) ;
#7087 = EDGE_CURVE ( 'NONE', #108, #5766, #7375, .T. ) ;
#7088 = CARTESIAN_POINT ( 'NONE',  ( -102.7999999999999972, 28.99999999999998579, 72.49999999999995737 ) ) ;
#7089 = FACE_OUTER_BOUND ( 'NONE', #8515, .T. ) ;
#7090 = PLANE ( 'NONE',  #9060 ) ;
#7091 = EDGE_CURVE ( 'NONE', #7185, #3040, #8746, .T. ) ;
#7092 = ORIENTED_EDGE ( 'NONE', *, *, #9445, .F. ) ;
#7093 = CARTESIAN_POINT ( 'NONE',  ( -27.46168178026065121, 29.00000000000001066, 64.50013890536673955 ) ) ;
#7094 = ADVANCED_FACE ( 'NONE', ( #8884 ), #2791, .T. ) ;
#7095 = DIRECTION ( 'NONE',  ( 1.000000000000000000, 0.000000000000000000, 0.000000000000000000 ) ) ;
#7096 = CARTESIAN_POINT ( 'NONE',  ( -2.000000000000000000, 13.33012701892231888, 32.49999999999995026 ) ) ;
#7097 = CARTESIAN_POINT ( 'NONE',  ( -13.37565570065738108, 28.99999999999998934, 64.22769580576583337 ) ) ;
#7098 = CARTESIAN_POINT ( 'NONE',  ( -19.31186319129938411, 29.59999999999999787, 62.16114962526409471 ) ) ;
#7099 = LINE ( 'NONE', #5565, #8293 ) ;
#7100 = ADVANCED_FACE ( 'NONE', ( #256 ), #3208, .F. ) ;
#7101 = CARTESIAN_POINT ( 'NONE',  ( -22.21906279808875340, 29.00000000000000000, 64.79893559641131162 ) ) ;
#7102 = CARTESIAN_POINT ( 'NONE',  ( -26.60325371956555074, 28.99999999999999289, 64.12748454175330437 ) ) ;
#7103 = ORIENTED_EDGE ( 'NONE', *, *, #3410, .T. ) ;
#7104 = CARTESIAN_POINT ( 'NONE',  ( -27.98595647783000828, 28.99999999999998579, 65.96172314411873572 ) ) ;
#7105 = CARTESIAN_POINT ( 'NONE',  ( -36.88408809454718806, 28.99999999999998934, 63.49433724371201748 ) ) ;
#7106 = CARTESIAN_POINT ( 'NONE',  ( -28.12105849252490586, 28.99999999999998934, 62.15947385397782909 ) ) ;
#7107 = CARTESIAN_POINT ( 'NONE',  ( -11.89020810037028397, 29.59999999999999787, 64.74532555914380794 ) ) ;
#7108 = DIRECTION ( 'NONE',  ( 1.000000000000000000, 0.000000000000000000, 0.000000000000000000 ) ) ;
#7109 = DIRECTION ( 'NONE',  ( -9.337257675761265185E-16, -0.7071067811865372477, -0.7071067811865578978 ) ) ;
#7110 = ORIENTED_EDGE ( 'NONE', *, *, #7264, .T. ) ;
#7111 = EDGE_LOOP ( 'NONE', ( #265, #4625, #1978, #9295 ) ) ;
#7112 = CARTESIAN_POINT ( 'NONE',  ( -28.67215437417698354, 28.99999999999998934, 64.61824972900920727 ) ) ;
#7113 = EDGE_LOOP ( 'NONE', ( #7373, #5770, #8706, #1388 ) ) ;
#7114 = LINE ( 'NONE', #7662, #6241 ) ;
#7115 = DIRECTION ( 'NONE',  ( 1.418996708365486154E-16, -1.000000000000000000, -0.000000000000000000 ) ) ;
#7116 = CARTESIAN_POINT ( 'NONE',  ( -26.60325371956555074, 29.59999999999999432, 64.12748454175330437 ) ) ;
#7117 = CARTESIAN_POINT ( 'NONE',  ( -29.00026754291774012, 29.60000000000000142, 66.36764886308381506 ) ) ;
#7118 = LINE ( 'NONE', #2737, #2583 ) ;
#7119 = CARTESIAN_POINT ( 'NONE',  ( -18.58295586655987464, 28.99999999999999645, 63.51245042299269272 ) ) ;
#7120 = DIRECTION ( 'NONE',  ( -0.000000000000000000, -0.7071067811865378028, -0.7071067811865573427 ) ) ;
#7121 = LINE ( 'NONE', #6454, #3684 ) ;
#7122 = ORIENTED_EDGE ( 'NONE', *, *, #4547, .F. ) ;
#7123 = EDGE_CURVE ( 'NONE', #803, #9101, #5417, .T. ) ;
#7124 = CARTESIAN_POINT ( 'NONE',  ( -29.09693886960105047, 29.59999999999999432, 62.62062603991304144 ) ) ;
#7125 = ORIENTED_EDGE ( 'NONE', *, *, #9301, .T. ) ;
#7126 = DIRECTION ( 'NONE',  ( -1.418996708365486401E-16, 1.000000000000000000, 0.000000000000000000 ) ) ;
#7127 = ORIENTED_EDGE ( 'NONE', *, *, #7687, .F. ) ;
#7128 = CARTESIAN_POINT ( 'NONE',  ( -26.61023464629010249, 29.00000000000000000, 64.88213788135976756 ) ) ;
#7129 = CARTESIAN_POINT ( 'NONE',  ( -23.41422897424691385, 29.59999999999999432, 64.68424159767958770 ) ) ;
#7130 = B_SPLINE_CURVE_WITH_KNOTS ( 'NONE', 3,
 ( #7401, #1759, #113, #8985, #6776, #7547, #4606, #8168, #3885, #7445, #1567, #5374, #2337, #3165, #3836, #940, #6822, #987, #6671 ),
 .UNSPECIFIED., .F., .F.,
 ( 4, 1, 1, 1, 1, 1, 1, 1, 1, 1, 1, 1, 1, 1, 1, 1, 4 ),
 ( 0.000000000000000000, 0.08152770983674458016, 0.1597838330499996018, 0.2357383145352293652, 0.3085581075699102005, 0.3791663570275521922, 0.4467327385862362998, 0.5118940519136221390, 0.5744593951211927063, 0.6343613069726454778, 0.6925222024157509093, 0.7484441971944719718, 0.8021531717784085025, 0.8538741643603042775, 0.9039623315624258915, 0.9526033727980809385, 1.000000000000000000 ),
 .UNSPECIFIED. ) ;
#7131 = PLANE ( 'NONE',  #1202 ) ;
#7132 = CARTESIAN_POINT ( 'NONE',  ( -37.78864560037028753, 29.59999999999999076, 66.65818613606688814 ) ) ;
#7133 = EDGE_LOOP ( 'NONE', ( #7909, #6031, #1410, #496 ) ) ;
#7134 = EDGE_CURVE ( 'NONE', #3056, #2618, #3927, .T. ) ;
#7135 = CARTESIAN_POINT ( 'NONE',  ( -27.46160367625399701, 29.00000000000001066, 64.61765713129227606 ) ) ;
#7136 = EDGE_CURVE ( 'NONE', #5485, #5257, #6917, .T. ) ;
#7137 = VECTOR ( 'NONE', #9054, 1000.000000000000114 ) ;
#7138 = CARTESIAN_POINT ( 'NONE',  ( -20.00941068637019882, 28.99999999999998934, 64.62138892635984178 ) ) ;
#7139 = CARTESIAN_POINT ( 'NONE',  ( -28.54044979796698911, 28.99999999999999645, 65.63534013185690696 ) ) ;
#7140 = CARTESIAN_POINT ( 'NONE',  ( -2.500000000000028422, 11.33012701892221052, 32.99999999999999289 ) ) ;
#7141 = CARTESIAN_POINT ( 'NONE',  ( -20.53864560037029108, 28.99999999999999289, 66.65818613606688814 ) ) ;
#7142 = CARTESIAN_POINT ( 'NONE',  ( -15.65952003098644596, 28.99999999999998934, 62.15947385397781488 ) ) ;
#7143 = CARTESIAN_POINT ( 'NONE',  ( -11.89020810037028397, 28.99999999999999645, 64.74532555914380794 ) ) ;
#7144 = CARTESIAN_POINT ( 'NONE',  ( -15.29685997790009822, 29.59999999999999076, 62.18436144438678781 ) ) ;
#7145 = AXIS2_PLACEMENT_3D ( 'NONE', #3594, #2007, #6532 ) ;
#7146 = ADVANCED_FACE ( 'NONE', ( #7051 ), #7777, .T. ) ;
#7147 = VECTOR ( 'NONE', #4172, 1000.000000000000000 ) ;
#7148 = DIRECTION ( 'NONE',  ( -1.000000000000000000, -1.390559900582610931E-16, 0.000000000000000000 ) ) ;
#7149 = EDGE_LOOP ( 'NONE', ( #196, #6723, #3127, #518 ) ) ;
#7150 = AXIS2_PLACEMENT_3D ( 'NONE', #5917, #1626, #8995 ) ;
#7151 = CARTESIAN_POINT ( 'NONE',  ( -22.82691024684573122, 28.99999999999998934, 65.23730005079185901 ) ) ;
#7152 = CARTESIAN_POINT ( 'NONE',  ( -28.06749175421644082, 29.59999999999999787, 62.15818613606689524 ) ) ;
#7153 = CARTESIAN_POINT ( 'NONE',  ( -18.85777704872552363, 29.59999999999999076, 64.70237932490228161 ) ) ;
#7154 = DIRECTION ( 'NONE',  ( -1.000000000000000000, 0.000000000000000000, -0.000000000000000000 ) ) ;
#7155 = DIRECTION ( 'NONE',  ( -1.000000000000000000, -1.390559900582610931E-16, 0.000000000000000000 ) ) ;
#7156 = CARTESIAN_POINT ( 'NONE',  ( -20.07575854785650193, 29.59999999999999787, 62.42470264681981718 ) ) ;
#7157 = CARTESIAN_POINT ( 'NONE',  ( -22.04449432809834164, 29.00000000000000355, 63.51245042299269272 ) ) ;
#7158 = VECTOR ( 'NONE', #4607, 1000.000000000000000 ) ;
#7159 = VERTEX_POINT ( 'NONE', #4022 ) ;
#7160 = EDGE_LOOP ( 'NONE', ( #4645, #1548, #9168, #2247 ) ) ;
#7161 = CARTESIAN_POINT ( 'NONE',  ( -0.5000000001018634066, -3.599999999999929479, 22.60000000000000142 ) ) ;
#7162 = ORIENTED_EDGE ( 'NONE', *, *, #3726, .T. ) ;
#7163 = DIRECTION ( 'NONE',  ( 0.6785983445458556584, 0.2810846377148240594, 0.6785983445458368957 ) ) ;
#7164 = FACE_OUTER_BOUND ( 'NONE', #9309, .T. ) ;
#7165 = PLANE ( 'NONE',  #3377 ) ;
#7166 = B_SPLINE_CURVE_WITH_KNOTS ( 'NONE', 3,
 ( #80, #2304, #9438, #8718, #2118, #8003, #1397, #4335, #7274, #660, #3655, #5825, #8771, #6598, #2172, #5106, #4378, #9540, #2936 ),
 .UNSPECIFIED., .F., .F.,
 ( 4, 1, 1, 1, 1, 1, 1, 1, 1, 1, 1, 1, 1, 1, 1, 1, 4 ),
 ( 0.000000000000000000, 0.07942773837476271859, 0.1539976939993293603, 0.2241189499674203778, 0.2899050271283510893, 0.3526968565844615933, 0.4126842950548520461, 0.4705649759878932081, 0.5274252800728549406, 0.5837531208169127739, 0.6399844070010037855, 0.6966154639853048280, 0.7537516678721120078, 0.8127258630658229510, 0.8729762494242104820, 0.9350413902325094284, 1.000000000000000000 ),
 .UNSPECIFIED. ) ;
#7167 = CARTESIAN_POINT ( 'NONE',  ( -19.36220485817923631, 29.59999999999999076, 62.94188646835031875 ) ) ;
#7168 = CARTESIAN_POINT ( 'NONE',  ( -2.000000000000000000, 11.33012701892215723, 20.29999999999997229 ) ) ;
#7169 = CARTESIAN_POINT ( 'NONE',  ( -28.89500261556462490, 29.60000000000000142, 62.41705866785153489 ) ) ;
#7170 = CARTESIAN_POINT ( 'NONE',  ( -10.88538553826877120, 29.59999999999999787, 63.03125137803057498 ) ) ;
#7171 = CARTESIAN_POINT ( 'NONE',  ( -23.59962643392186621, 28.99999999999999289, 64.46298851135722430 ) ) ;
#7172 = CARTESIAN_POINT ( 'NONE',  ( -16.93801017812930709, 29.59999999999999787, 65.63682640310038607 ) ) ;
#7173 = ORIENTED_EDGE ( 'NONE', *, *, #7, .T. ) ;
#7174 = CARTESIAN_POINT ( 'NONE',  ( -29.53774728426614615, 29.59999999999999787, 64.28463936587547778 ) ) ;
#7175 = ORIENTED_EDGE ( 'NONE', *, *, #6047, .F. ) ;
#7176 = CARTESIAN_POINT ( 'NONE',  ( -11.57344830354574583, 29.59999999999999076, 65.05540356897962795 ) ) ;
#7177 = VERTEX_POINT ( 'NONE', #9078 ) ;
#7178 = ADVANCED_FACE ( 'NONE', ( #4738 ), #352, .T. ) ;
#7179 = CARTESIAN_POINT ( 'NONE',  ( -27.46209794515909053, 29.59999999999999787, 64.37723300200336496 ) ) ;
#7180 = ADVANCED_FACE ( 'NONE', ( #3296 ), #2483, .T. ) ;
#7181 = CARTESIAN_POINT ( 'NONE',  ( -22.68072844987662151, 29.59999999999998721, 65.37448389340197252 ) ) ;
#7182 = CARTESIAN_POINT ( 'NONE',  ( -12.44229486223033554, 28.99999999999999289, 65.23730005079187322 ) ) ;
#7183 = CARTESIAN_POINT ( 'NONE',  ( -15.76351225183941374, 29.59999999999999432, 66.71204181666458055 ) ) ;
#7184 = APPROVAL_ROLE ( '' ) ;
#7185 = VERTEX_POINT ( 'NONE', #1755 ) ;
#7186 = ORIENTED_EDGE ( 'NONE', *, *, #5393, .T. ) ;
#7187 = CARTESIAN_POINT ( 'NONE',  ( -22.05660283836218483, 29.59999999999999432, 63.42914323233811302 ) ) ;
#7188 = CARTESIAN_POINT ( 'NONE',  ( -2.000000000000000000, 13.33012701892231888, 32.49999999999995026 ) ) ;
#7189 = CARTESIAN_POINT ( 'NONE',  ( -17.03473924846676724, 28.99999999999998934, 65.15935364755516446 ) ) ;
#7190 = CARTESIAN_POINT ( 'NONE',  ( -3.000000000000000000, 31.00000000000000000, 0.5000000000000281997 ) ) ;
#7191 = LINE ( 'NONE', #5702, #9176 ) ;
#7192 = PLANE ( 'NONE',  #4745 ) ;
#7193 = DIRECTION ( 'NONE',  ( -1.418996708365486401E-16, 1.000000000000000000, 0.000000000000000000 ) ) ;
#7194 = CARTESIAN_POINT ( 'NONE',  ( -11.89020810037028397, 28.99999999999999645, 64.74532555914380794 ) ) ;
#7195 = AXIS2_PLACEMENT_3D ( 'NONE', #223, #6931, #7604 ) ;
#7196 = VECTOR ( 'NONE', #4689, 1000.000000000000000 ) ;
#7197 = CARTESIAN_POINT ( 'NONE',  ( -19.46062331207814466, 28.99999999999998579, 62.17732647703376614 ) ) ;
#7198 = EDGE_CURVE ( 'NONE', #9160, #2545, #1081, .T. ) ;
#7199 = ORIENTED_EDGE ( 'NONE', *, *, #7034, .F. ) ;
#7200 = EDGE_CURVE ( 'NONE', #5819, #2225, #2430, .T. ) ;
#7201 = VECTOR ( 'NONE', #7984, 1000.000000000000000 ) ;
#7202 = DIRECTION ( 'NONE',  ( 0.000000000000000000, 0.000000000000000000, -1.000000000000000000 ) ) ;
#7203 = CARTESIAN_POINT ( 'NONE',  ( -17.06297399674418358, 29.59999999999999787, 63.98971990975885404 ) ) ;
#7204 = CARTESIAN_POINT ( 'NONE',  ( -19.46056241537484155, 29.59999999999998366, 64.07697101937263540 ) ) ;
#7205 = CARTESIAN_POINT ( 'NONE',  ( -27.50933591121822985, 29.60000000000000142, 65.31138606918777612 ) ) ;
#7206 = LINE ( 'NONE', #9423, #6536 ) ;
#7207 = VECTOR ( 'NONE', #6076, 1000.000000000000000 ) ;
#7208 = CARTESIAN_POINT ( 'NONE',  ( -19.46062331207814466, 29.59999999999998366, 62.17732647703376614 ) ) ;
#7209 = CARTESIAN_POINT ( 'NONE',  ( -22.28436262534599166, 28.99999999999999289, 62.99543834603618819 ) ) ;
#7210 = VERTEX_POINT ( 'NONE', #9171 ) ;
#7211 = ORIENTED_EDGE ( 'NONE', *, *, #462, .F. ) ;
#7212 = VECTOR ( 'NONE', #7840, 1000.000000000000000 ) ;
#7213 = CARTESIAN_POINT ( 'NONE',  ( -28.60146864846451464, 29.59999999999999432, 65.43292503068569488 ) ) ;
#7214 = AXIS2_PLACEMENT_3D ( 'NONE', #92, #8917, #2946 ) ;
#7215 = ORIENTED_EDGE ( 'NONE', *, *, #6242, .F. ) ;
#7216 = EDGE_CURVE ( 'NONE', #4569, #6957, #5371, .T. ) ;
#7217 = CARTESIAN_POINT ( 'NONE',  ( -10.84787956770602158, 29.00000000000001776, 66.00964228596721739 ) ) ;
#7218 = ORIENTED_EDGE ( 'NONE', *, *, #5474, .T. ) ;
#7219 = CARTESIAN_POINT ( 'NONE',  ( -22.52462169619931487, 28.99999999999998579, 64.50354387168296455 ) ) ;
#7220 = CARTESIAN_POINT ( 'NONE',  ( -19.67168589332632678, 29.59999999999999787, 63.45371195238224971 ) ) ;
#7221 = DIRECTION ( 'NONE',  ( 1.418996708365486154E-16, -1.000000000000000000, -0.000000000000000000 ) ) ;
#7222 = DIRECTION ( 'NONE',  ( 0.000000000000000000, 0.000000000000000000, -1.000000000000000000 ) ) ;
#7223 = CARTESIAN_POINT ( 'NONE',  ( -19.13960713883182763, 28.99999999999999289, 62.90818613606688814 ) ) ;
#7224 = CARTESIAN_POINT ( 'NONE',  ( -23.99908105622178311, 28.99999999999999289, 63.43139590477775158 ) ) ;
#7225 = EDGE_CURVE ( 'NONE', #857, #3457, #8313, .T. ) ;
#7226 = DIRECTION ( 'NONE',  ( 0.000000000000000000, 0.000000000000000000, 1.000000000000000000 ) ) ;
#7227 = APPROVAL_PERSON_ORGANIZATION ( #6136, #5379, #1799 ) ;
#7228 = ORIENTED_EDGE ( 'NONE', *, *, #9512, .F. ) ;
#7229 = CARTESIAN_POINT ( 'NONE',  ( -29.53834271648660348, 29.59999999999999076, 64.38684520668053324 ) ) ;
#7230 = ORIENTED_EDGE ( 'NONE', *, *, #4496, .F. ) ;
#7231 = CARTESIAN_POINT ( 'NONE',  ( -12.67556064273353122, 29.59999999999998721, 63.14490640561966472 ) ) ;
#7232 = ORIENTED_EDGE ( 'NONE', *, *, #88, .F. ) ;
#7233 = CARTESIAN_POINT ( 'NONE',  ( -26.60181685213068548, 29.00000000000000000, 64.73700075051833380 ) ) ;
#7234 = LOCAL_TIME ( 16, 33, 20.00000000000000000, #7583 ) ;
#7235 = FACE_OUTER_BOUND ( 'NONE', #2036, .T. ) ;
#7236 = CARTESIAN_POINT ( 'NONE',  ( -29.14893171853601572, 28.99999999999998579, 66.18684664652663230 ) ) ;
#7237 = CARTESIAN_POINT ( 'NONE',  ( -16.13993018692606540, 29.59999999999999432, 65.43292503068569488 ) ) ;
#7238 = PERSON_AND_ORGANIZATION ( #1867, #1846 ) ;
#7239 = ORIENTED_EDGE ( 'NONE', *, *, #3390, .T. ) ;
#7240 = ORIENTED_EDGE ( 'NONE', *, *, #7552, .F. ) ;
#7241 = EDGE_CURVE ( 'NONE', #3140, #8373, #3254, .T. ) ;
#7242 = CARTESIAN_POINT ( 'NONE',  ( -22.03864560037029108, 29.59999999999999432, 63.60049382837458865 ) ) ;
#7243 = CARTESIAN_POINT ( 'NONE',  ( -18.57710713883182763, 29.59999999999999432, 63.60049382837458865 ) ) ;
#7244 = CARTESIAN_POINT ( 'NONE',  ( -23.59962643392186621, 29.59999999999999076, 64.46298851135722430 ) ) ;
#7245 = CARTESIAN_POINT ( 'NONE',  ( -19.95269051270845750, 29.59999999999999787, 64.68424159767960191 ) ) ;
#7246 = CARTESIAN_POINT ( 'NONE',  ( -15.30025709864174566, 28.99999999999998934, 63.00359796145248481 ) ) ;
#7247 = CARTESIAN_POINT ( 'NONE',  ( -41.59633790806259412, 29.59999999999999076, 62.21587844375919474 ) ) ;
#7248 = CARTESIAN_POINT ( 'NONE',  ( -24.63479944652414133, 29.59999999999999432, 64.69664767452843535 ) ) ;
#7249 = CARTESIAN_POINT ( 'NONE',  ( -14.89508608478135976, 29.00000000000000355, 62.33407319236056310 ) ) ;
#7250 = CARTESIAN_POINT ( 'NONE',  ( -21.17326098498567433, 29.59999999999999432, 63.51575825145150134 ) ) ;
#7251 = ORIENTED_EDGE ( 'NONE', *, *, #1226, .T. ) ;
#7252 = B_SPLINE_CURVE_WITH_KNOTS ( 'NONE', 3,
 ( #6594, #4231, #7946, #8664, #6450, #1336, #2251, #1486, #755, #7270, #4282 ),
 .UNSPECIFIED., .F., .F.,
 ( 4, 1, 1, 1, 1, 1, 1, 1, 4 ),
 ( 0.000000000000000000, 0.1191872499897267679, 0.2364492136138233169, 0.3526964175350921771, 0.4691294060866679771, 0.5898117834426046535, 0.7176139690473989363, 0.8546066610398622698, 1.000000000000000000 ),
 .UNSPECIFIED. ) ;
#7253 = EDGE_CURVE ( 'NONE', #6327, #7347, #8454, .T. ) ;
#7254 = CARTESIAN_POINT ( 'NONE',  ( -22.91396861442957444, 28.99999999999999645, 65.15694757337564624 ) ) ;
#7255 = CARTESIAN_POINT ( 'NONE',  ( -40.73095329267798093, 29.59999999999999076, 64.98510921298996834 ) ) ;
#7256 = CARTESIAN_POINT ( 'NONE',  ( -19.50198694652413423, 28.99999999999999289, 64.01876305914380794 ) ) ;
#7257 = CARTESIAN_POINT ( 'NONE',  ( -14.30781238697210433, 29.59999999999999787, 63.13112843702117516 ) ) ;
#7258 = DIRECTION ( 'NONE',  ( -0.09745061871805378584, -1.382821071890983527E-17, -0.9952403613758178391 ) ) ;
#7259 = CARTESIAN_POINT ( 'NONE',  ( -19.46062331207814466, 28.99999999999998934, 62.17732647703376614 ) ) ;
#7260 = FACE_OUTER_BOUND ( 'NONE', #9330, .T. ) ;
#7261 = VERTEX_POINT ( 'NONE', #4785 ) ;
#7262 = ADVANCED_FACE ( 'NONE', ( #4352 ), #8689, .T. ) ;
#7263 = ORIENTED_EDGE ( 'NONE', *, *, #3680, .F. ) ;
#7264 = EDGE_CURVE ( 'NONE', #8719, #8438, #2665, .T. ) ;
#7265 = ORIENTED_EDGE ( 'NONE', *, *, #2927, .F. ) ;
#7266 = LINE ( 'NONE', #7891, #7465 ) ;
#7267 = ORIENTED_EDGE ( 'NONE', *, *, #7499, .T. ) ;
#7268 = CARTESIAN_POINT ( 'NONE',  ( -98.29999999999996874, 0.000000000000000000, 73.00000000000000000 ) ) ;
#7269 = CARTESIAN_POINT ( 'NONE',  ( -26.68153632006954723, 29.59999999999999076, 63.46326474830355124 ) ) ;
#7270 = CARTESIAN_POINT ( 'NONE',  ( -20.13808797238340276, 29.60000000000000142, 64.46298851135722430 ) ) ;
#7271 = CARTESIAN_POINT ( 'NONE',  ( -105.5000000000000000, 29.50000000000002487, 55.24999999999995026 ) ) ;
#7272 = CARTESIAN_POINT ( 'NONE',  ( -10.79560304032892937, 29.00000000000001066, 63.45733378054433160 ) ) ;
#7273 = CARTESIAN_POINT ( 'NONE',  ( -2.000000000000000000, 13.33012701892231888, 73.00000000000000000 ) ) ;
#7274 = CARTESIAN_POINT ( 'NONE',  ( -18.08234568398858144, 28.99999999999999645, 62.55793437562742554 ) ) ;
#7275 = VERTEX_POINT ( 'NONE', #5024 ) ;
#7276 = EDGE_CURVE ( 'NONE', #7261, #7587, #7969, .T. ) ;
#7277 = CARTESIAN_POINT ( 'NONE',  ( -22.32800858113952103, 29.59999999999999432, 65.79280152068227494 ) ) ;
#7278 = EDGE_LOOP ( 'NONE', ( #7991, #7265, #8006, #5982 ) ) ;
#7279 = CARTESIAN_POINT ( 'NONE',  ( -11.20082145516103012, 29.59999999999999076, 65.46604350304562558 ) ) ;
#7280 = EDGE_LOOP ( 'NONE', ( #1356, #2246, #477 ) ) ;
#7281 = CARTESIAN_POINT ( 'NONE',  ( -19.16883119047938777, 29.59999999999998366, 64.39623799480501987 ) ) ;
#7282 = CARTESIAN_POINT ( 'NONE',  ( -11.72660964284166596, 29.00000000000000355, 64.90261414171139620 ) ) ;
#7283 = CARTESIAN_POINT ( 'NONE',  ( -26.59721425321579247, 28.99999999999998579, 64.27682564762332618 ) ) ;
#7284 = CARTESIAN_POINT ( 'NONE',  ( -102.0000000000000000, 28.99999999999998579, 34.75000000000000000 ) ) ;
#7285 = CARTESIAN_POINT ( 'NONE',  ( -16.17512503004309110, 29.59999999999999432, 65.21674205202072017 ) ) ;
#7286 = EDGE_CURVE ( 'NONE', #8484, #7396, #929, .T. ) ;
#7287 = ORIENTED_EDGE ( 'NONE', *, *, #8882, .T. ) ;
#7288 = VERTEX_POINT ( 'NONE', #7190 ) ;
#7289 = CARTESIAN_POINT ( 'NONE',  ( -105.5000000000000000, 29.50000000000002487, 13.74999999999999822 ) ) ;
#7290 = DIRECTION ( 'NONE',  ( 0.9952403613758177281, 0.000000000000000000, -0.09745061871805378584 ) ) ;
#7291 = CARTESIAN_POINT ( 'NONE',  ( -20.43557675054813316, 28.99999999999999289, 63.95093916350447216 ) ) ;
#7292 = ADVANCED_FACE ( 'NONE', ( #9314 ), #4934, .F. ) ;
#7293 = CARTESIAN_POINT ( 'NONE',  ( -19.01241258737544371, 29.60000000000000142, 65.58481777482313646 ) ) ;
#7294 = CARTESIAN_POINT ( 'NONE',  ( -19.15763598498567077, 29.59999999999999432, 62.15818613606688814 ) ) ;
#7295 = DIRECTION ( 'NONE',  ( 0.000000000000000000, 0.8660254037844379305, 0.5000000000000011102 ) ) ;
#7296 = CARTESIAN_POINT ( 'NONE',  ( -2.500000000000028422, 0.000000000000000000, 32.99999999999999289 ) ) ;
#7297 = CARTESIAN_POINT ( 'NONE',  ( -15.60595329267797737, 29.59999999999999432, 62.15818613606688814 ) ) ;
#7298 = CARTESIAN_POINT ( 'NONE',  ( -29.09693886960105047, 28.99999999999999289, 62.62062603991304144 ) ) ;
#7299 = EDGE_LOOP ( 'NONE', ( #8908, #4968, #882 ) ) ;
#7300 = ADVANCED_FACE ( 'NONE', ( #6519 ), #5107, .T. ) ;
#7301 = CARTESIAN_POINT ( 'NONE',  ( -28.01422470873685455, 28.99999999999999289, 62.15948746485633336 ) ) ;
#7302 = CARTESIAN_POINT ( 'NONE',  ( -28.77821193366274244, 29.60000000000000497, 66.54029313193365169 ) ) ;
#7303 = VECTOR ( 'NONE', #3220, 1000.000000000000000 ) ;
#7304 = EDGE_CURVE ( 'NONE', #4369, #8041, #4255, .T. ) ;
#7305 = CARTESIAN_POINT ( 'NONE',  ( -16.12166365731218676, 29.59999999999999432, 63.36818977559248367 ) ) ;
#7306 = CARTESIAN_POINT ( 'NONE',  ( -102.0000000000000000, 28.99999999999998579, 34.75000000000000000 ) ) ;
#7307 = CARTESIAN_POINT ( 'NONE',  ( -23.13322435486479023, 28.99999999999998934, 63.45371195238226392 ) ) ;
#7308 = CARTESIAN_POINT ( 'NONE',  ( -35.87909461985374548, 29.59999999999999432, 64.15739838450257082 ) ) ;
#7309 = VECTOR ( 'NONE', #2828, 1000.000000000000000 ) ;
#7310 = CARTESIAN_POINT ( 'NONE',  ( -22.21671745916983554, 29.00000000000002487, 63.05376029987498754 ) ) ;
#7311 = ORIENTED_EDGE ( 'NONE', *, *, #846, .F. ) ;
#7312 = VECTOR ( 'NONE', #998, 1000.000000000000000 ) ;
#7313 = VERTEX_POINT ( 'NONE', #1586 ) ;
#7314 = CARTESIAN_POINT ( 'NONE',  ( -15.63339356454071805, 28.99999999999999289, 65.96462102316323239 ) ) ;
#7315 = LINE ( 'NONE', #9385, #4071 ) ;
#7316 = DIRECTION ( 'NONE',  ( -1.000000000000000000, 0.000000000000000000, 0.000000000000000000 ) ) ;
#7317 = CARTESIAN_POINT ( 'NONE',  ( -26.30787636960106468, 28.99999999999999289, 64.69664767452843535 ) ) ;
#7318 = DIRECTION ( 'NONE',  ( 1.418996708365486154E-16, -1.000000000000000000, -0.000000000000000000 ) ) ;
#7319 = CARTESIAN_POINT ( 'NONE',  ( -11.07614670383825484, 29.59999999999999787, 62.65746189122116050 ) ) ;
#7320 = CARTESIAN_POINT ( 'NONE',  ( -23.66904229294084061, 29.59999999999999076, 64.36983560347518107 ) ) ;
#7321 = DIRECTION ( 'NONE',  ( 1.000000000000000000, 0.000000000000000000, 0.000000000000000000 ) ) ;
#7322 = VECTOR ( 'NONE', #6841, 1000.000000000000000 ) ;
#7323 = VERTEX_POINT ( 'NONE', #2506 ) ;
#7324 = CARTESIAN_POINT ( 'NONE',  ( -15.00055948362063063, 28.99999999999999645, 64.37723300200336496 ) ) ;
#7325 = ORIENTED_EDGE ( 'NONE', *, *, #3, .F. ) ;
#7326 = B_SPLINE_CURVE_WITH_KNOTS ( 'NONE', 3,
 ( #6730, #5145, #1485, #9080, #5419, #6638, #7362, #31, #2299, #2973, #5914 ),
 .UNSPECIFIED., .F., .F.,
 ( 4, 1, 1, 1, 1, 1, 1, 1, 4 ),
 ( 0.000000000000000000, 0.1124239580708059627, 0.2223848576202812066, 0.3301224058542410744, 0.4412431684841658375, 0.5580749755162367487, 0.6869486147035350765, 0.8340326972108738079, 1.000000000000000000 ),
 .UNSPECIFIED. ) ;
#7327 = CARTESIAN_POINT ( 'NONE',  ( -16.63179463883182407, 28.99999999999999289, 66.25884719375919474 ) ) ;
#7328 = ORIENTED_EDGE ( 'NONE', *, *, #7925, .F. ) ;
#7329 = EDGE_CURVE ( 'NONE', #6359, #6272, #3859, .T. ) ;
#7330 = CARTESIAN_POINT ( 'NONE',  ( -19.40756679989277700, 29.59999999999999432, 64.14053963481318021 ) ) ;
#7331 = EDGE_CURVE ( 'NONE', #2453, #6780, #4525, .T. ) ;
#7332 = DIRECTION ( 'NONE',  ( 0.000000000000000000, -0.000000000000000000, 1.000000000000000000 ) ) ;
#7333 = DIRECTION ( 'NONE',  ( 1.418996708365486154E-16, -1.000000000000000000, -0.000000000000000000 ) ) ;
#7334 = DIRECTION ( 'NONE',  ( 0.000000000000000000, 0.000000000000000000, -1.000000000000000000 ) ) ;
#7335 = DIRECTION ( 'NONE',  ( -9.614813431918082857E-17, -0.7071067811865573427, 0.7071067811865378028 ) ) ;
#7336 = ORIENTED_EDGE ( 'NONE', *, *, #7683, .F. ) ;
#7337 = EDGE_LOOP ( 'NONE', ( #8375, #7463, #2153, #3285 ) ) ;
#7338 = PLANE ( 'NONE',  #8892 ) ;
#7339 = CARTESIAN_POINT ( 'NONE',  ( -14.47431075229395425, 28.99999999999998934, 62.76519222705402257 ) ) ;
#7340 = CARTESIAN_POINT ( 'NONE',  ( -23.94394995037343321, 29.59999999999999432, 63.81306182907632518 ) ) ;
#7341 = CARTESIAN_POINT ( 'NONE',  ( -23.31677142075871600, 29.00000000000000711, 62.29264642209240321 ) ) ;
#7342 = CARTESIAN_POINT ( 'NONE',  ( -15.44650406984059643, 28.99999999999998934, 66.71129150193090140 ) ) ;
#7343 = DIRECTION ( 'NONE',  ( 0.000000000000000000, 0.7071067811865549002, -0.7071067811865402453 ) ) ;
#7344 = CARTESIAN_POINT ( 'NONE',  ( -22.27482348498567433, 29.59999999999999432, 64.74532555914380794 ) ) ;
#7345 = EDGE_CURVE ( 'NONE', #3330, #5039, #235, .T. ) ;
#7346 = LINE ( 'NONE', #5174, #3820 ) ;
#7347 = VERTEX_POINT ( 'NONE', #4717 ) ;
#7348 = CARTESIAN_POINT ( 'NONE',  ( -35.82710713883183473, 28.99999999999999289, 64.17741690529766174 ) ) ;
#7349 = CARTESIAN_POINT ( 'NONE',  ( -27.90993789957805049, 29.60000000000000142, 62.16203522071355536 ) ) ;
#7350 = CARTESIAN_POINT ( 'NONE',  ( -29.06535739845039146, 28.99999999999998934, 62.58372603861509020 ) ) ;
#7351 = DIRECTION ( 'NONE',  ( -9.832743353480423594E-17, 0.7071067811865380248, -0.7071067811865571207 ) ) ;
#7352 = CARTESIAN_POINT ( 'NONE',  ( -4.999999999995452526, 3.469436543612755846E-09, 31.19999999999999218 ) ) ;
#7353 = CARTESIAN_POINT ( 'NONE',  ( -2.000000000000000000, 13.33012701892231888, 21.30000000000002203 ) ) ;
#7354 = VECTOR ( 'NONE', #1178, 1000.000000000000000 ) ;
#7355 = ORIENTED_EDGE ( 'NONE', *, *, #1767, .T. ) ;
#7356 = EDGE_CURVE ( 'NONE', #2926, #1355, #7466, .T. ) ;
#7357 = EDGE_LOOP ( 'NONE', ( #4510, #2366, #4664, #4667 ) ) ;
#7358 = VECTOR ( 'NONE', #2301, 1000.000000000000000 ) ;
#7359 = CIRCLE ( 'NONE', #582, 2.200000000000007283 ) ;
#7360 = CARTESIAN_POINT ( 'NONE',  ( -16.10267150633640298, 28.99999999999999289, 65.56268862912200746 ) ) ;
#7361 = ORIENTED_EDGE ( 'NONE', *, *, #5029, .T. ) ;
#7362 = CARTESIAN_POINT ( 'NONE',  ( -15.97645767774185188, 29.59999999999998721, 65.81174341285539242 ) ) ;
#7363 = DIRECTION ( 'NONE',  ( 0.7071067811865376918, -0.7071067811865574537, 9.185433182841083651E-17 ) ) ;
#7364 = LINE ( 'NONE', #8046, #7975 ) ;
#7365 = CARTESIAN_POINT ( 'NONE',  ( -15.60595329267797737, 28.99999999999998934, 62.90818613606688814 ) ) ;
#7366 = DIRECTION ( 'NONE',  ( 1.418996708365486154E-16, -1.000000000000000000, -0.000000000000000000 ) ) ;
#7367 = LINE ( 'NONE', #4286, #5685 ) ;
#7368 = VERTEX_POINT ( 'NONE', #3806 ) ;
#7369 = VECTOR ( 'NONE', #3207, 1000.000000000000000 ) ;
#7370 = AXIS2_PLACEMENT_3D ( 'NONE', #7546, #4650, #7400 ) ;
#7371 = ORIENTED_EDGE ( 'NONE', *, *, #8128, .F. ) ;
#7372 = CARTESIAN_POINT ( 'NONE',  ( -15.17850548396858734, 29.00000000000000000, 65.72412153017623382 ) ) ;
#7373 = ORIENTED_EDGE ( 'NONE', *, *, #6601, .F. ) ;
#7374 = DIRECTION ( 'NONE',  ( 0.5000000000000068834, 0.5000000000000071054, 0.7071067811865378028 ) ) ;
#7375 = B_SPLINE_CURVE_WITH_KNOTS ( 'NONE', 3,
 ( #5323, #7398, #4408, #8073, #2334, #5276, #3689, #6093, #1474, #61, #7348 ),
 .UNSPECIFIED., .F., .F.,
 ( 4, 1, 1, 1, 1, 1, 1, 1, 4 ),
 ( 0.000000000000000000, 0.1265717412696995003, 0.2519354969970905023, 0.3764037130212987137, 0.5004637468258791300, 0.6241947678465262772, 0.7487466912550685416, 0.8738681908057571723, 1.000000000000000000 ),
 .UNSPECIFIED. ) ;
#7376 = LINE ( 'NONE', #5348, #6382 ) ;
#7377 = VECTOR ( 'NONE', #5361, 999.9999999999998863 ) ;
#7378 = CARTESIAN_POINT ( 'NONE',  ( -12.80872332150739190, 28.99999999999999289, 64.90246162546478104 ) ) ;
#7379 = VECTOR ( 'NONE', #4731, 1000.000000000000114 ) ;
#7380 = DIRECTION ( 'NONE',  ( -9.011550524554840736E-17, 1.000000000000000000, 0.000000000000000000 ) ) ;
#7381 = CARTESIAN_POINT ( 'NONE',  ( -22.96352540806260123, 29.59999999999999432, 64.01876305914380794 ) ) ;
#7382 = ORIENTED_EDGE ( 'NONE', *, *, #2663, .F. ) ;
#7383 = VERTEX_POINT ( 'NONE', #5399 ) ;
#7384 = LINE ( 'NONE', #8920, #7055 ) ;
#7385 = CARTESIAN_POINT ( 'NONE',  ( -28.06749175421643727, 29.00000000000002132, 65.96587844375919474 ) ) ;
#7386 = EDGE_CURVE ( 'NONE', #4655, #4621, #8335, .T. ) ;
#7387 = CARTESIAN_POINT ( 'NONE',  ( -14.13567579167733612, 29.59999999999999787, 64.27682564762334039 ) ) ;
#7388 = CARTESIAN_POINT ( 'NONE',  ( -17.07680881839808507, 28.99999999999999645, 64.49082526223060086 ) ) ;
#7389 = CARTESIAN_POINT ( 'NONE',  ( -23.43119041707952377, 29.00000000000000711, 62.35348029611563447 ) ) ;
#7390 = FACE_OUTER_BOUND ( 'NONE', #241, .T. ) ;
#7391 = EDGE_CURVE ( 'NONE', #4483, #6393, #5973, .T. ) ;
#7392 = DIRECTION ( 'NONE',  ( -0.5773502691896166272, -0.5773502691896243988, -0.5773502691896363892 ) ) ;
#7393 = CARTESIAN_POINT ( 'NONE',  ( -2.000000000000000000, 0.000000000000000000, 69.99999999999998579 ) ) ;
#7394 = EDGE_CURVE ( 'NONE', #5887, #6318, #6794, .T. ) ;
#7395 = LINE ( 'NONE', #1561, #4429 ) ;
#7396 = VERTEX_POINT ( 'NONE', #140 ) ;
#7397 = ADVANCED_FACE ( 'NONE', ( #3087 ), #6023, .T. ) ;
#7398 = CARTESIAN_POINT ( 'NONE',  ( -36.88408809454718806, 28.99999999999998934, 63.49433724371201748 ) ) ;
#7399 = LINE ( 'NONE', #885, #5459 ) ;
#7400 = DIRECTION ( 'NONE',  ( 0.000000000000000000, -0.000000000000000000, 1.000000000000000000 ) ) ;
#7401 = CARTESIAN_POINT ( 'NONE',  ( -14.13479944652413245, 28.99999999999999289, 64.42982075145150134 ) ) ;
#7402 = CARTESIAN_POINT ( 'NONE',  ( -22.60114560037029108, 28.99999999999999289, 62.90818613606688814 ) ) ;
#7403 = CARTESIAN_POINT ( 'NONE',  ( -15.23609514263817033, 29.59999999999998721, 65.80926924103962961 ) ) ;
#7404 = ORIENTED_EDGE ( 'NONE', *, *, #8849, .F. ) ;
#7405 = ORIENTED_EDGE ( 'NONE', *, *, #676, .F. ) ;
#7406 = CARTESIAN_POINT ( 'NONE',  ( -11.20082145516103012, 28.99999999999999645, 65.46604350304562558 ) ) ;
#7407 = DIRECTION ( 'NONE',  ( 0.000000000000000000, 0.000000000000000000, 1.000000000000000000 ) ) ;
#7408 = CARTESIAN_POINT ( 'NONE',  ( -28.22745935931103389, 29.59999999999999432, 62.93054619695440266 ) ) ;
#7409 = CARTESIAN_POINT ( 'NONE',  ( -30.70150617729335707, 28.99999999999999289, 64.98510921298996834 ) ) ;
#7410 = CARTESIAN_POINT ( 'NONE',  ( -102.2999999999999687, 29.50000000000001066, 73.00000000000000000 ) ) ;
#7411 = DIRECTION ( 'NONE',  ( 1.000000000000000000, 1.390559900582610931E-16, 0.000000000000000000 ) ) ;
#7412 = CARTESIAN_POINT ( 'NONE',  ( -29.29093049568005469, 28.99999999999999645, 62.94066240168369575 ) ) ;
#7413 = LINE ( 'NONE', #3746, #8606 ) ;
#7414 = B_SPLINE_SURFACE_WITH_KNOTS ( 'NONE', 3, 1, ( 
 ( #7799, #4045 ),
 ( #3952, #1920 ),
 ( #374, #7028 ),
 ( #4857, #7663 ),
 ( #3322, #7074 ),
 ( #6170, #1057 ),
 ( #469, #3416 ),
 ( #4003, #9289 ),
 ( #4716, #5630 ),
 ( #8569, #1967 ),
 ( #1782, #3235 ),
 ( #331, #9104 ),
 ( #2505, #8377 ),
 ( #3279, #6262 ),
 ( #9148, #9195 ) ),
 .UNSPECIFIED., .F., .F., .F.,
 ( 4, 1, 1, 1, 1, 1, 1, 1, 1, 1, 1, 1, 4 ),
 ( 2, 2 ),
 ( 0.000000000000000000, 0.09636570699092021630, 0.1926773804259398482, 0.2896222406718396702, 0.3886550898832855649, 0.4418938822195938032, 0.5017248057154910512, 0.5678518755671658758, 0.6405719334343553673, 0.7203467082495578211, 0.8066203545196107827, 0.9000073740331770988, 1.000000000000000000 ),
 ( 0.000000000000000000, 1.000000000000000000 ),
 .UNSPECIFIED. ) ;
#7415 = EDGE_LOOP ( 'NONE', ( #6310, #9285, #4895, #3068, #8271, #1687, #9439, #8918, #38 ) ) ;
#7416 = ORIENTED_EDGE ( 'NONE', *, *, #9420, .T. ) ;
#7417 = CARTESIAN_POINT ( 'NONE',  ( -15.02128581112334160, 29.00000000000001776, 65.07864317527858589 ) ) ;
#7418 = ORIENTED_EDGE ( 'NONE', *, *, #7253, .T. ) ;
#7419 = CARTESIAN_POINT ( 'NONE',  ( -12.38878626822246254, 29.60000000000000142, 62.16114962526411603 ) ) ;
#7420 = PLANE ( 'NONE',  #1469 ) ;
#7421 = CARTESIAN_POINT ( 'NONE',  ( -11.72923450151294844, 29.00000000000000000, 63.21927767107736429 ) ) ;
#7422 = CARTESIAN_POINT ( 'NONE',  ( -12.89056211176255573, 28.99999999999999289, 64.82472394247854197 ) ) ;
#7423 = EDGE_CURVE ( 'NONE', #7080, #5593, #5638, .T. ) ;
#7424 = DIRECTION ( 'NONE',  ( 1.418996708365486154E-16, -1.000000000000000000, -0.000000000000000000 ) ) ;
#7425 = B_SPLINE_CURVE_WITH_KNOTS ( 'NONE', 3,
 ( #7726, #391, #526, #3388, #2034, #3431, #1938 ),
 .UNSPECIFIED., .F., .F.,
 ( 4, 1, 1, 1, 4 ),
 ( 0.000000000000000000, 0.2728587156736267949, 0.5256924094060726471, 0.7668504463701361074, 1.000000000000000000 ),
 .UNSPECIFIED. ) ;
#7426 = ORIENTED_EDGE ( 'NONE', *, *, #428, .T. ) ;
#7427 = ORIENTED_EDGE ( 'NONE', *, *, #7059, .F. ) ;
#7428 = CARTESIAN_POINT ( 'NONE',  ( -33.17326098498566722, 29.59999999999999432, 65.73510921298995413 ) ) ;
#7429 = CARTESIAN_POINT ( 'NONE',  ( -13.45097461474193778, 29.60000000000000497, 64.08802397150155628 ) ) ;
#7430 = DIRECTION ( 'NONE',  ( 0.000000000000000000, 0.000000000000000000, 1.000000000000000000 ) ) ;
#7431 = CARTESIAN_POINT ( 'NONE',  ( -102.2999999999999687, 30.49999999999994316, 73.00000000000000000 ) ) ;
#7432 = FACE_OUTER_BOUND ( 'NONE', #4932, .T. ) ;
#7433 = LINE ( 'NONE', #7247, #7678 ) ;
#7434 = CARTESIAN_POINT ( 'NONE',  ( -12.33172184281126960, 29.00000000000000000, 62.91361374662000827 ) ) ;
#7435 = CARTESIAN_POINT ( 'NONE',  ( -35.82710713883183473, 28.99999999999999289, 63.31203228991304144 ) ) ;
#7436 = ORIENTED_EDGE ( 'NONE', *, *, #6980, .T. ) ;
#7437 = EDGE_CURVE ( 'NONE', #5984, #5602, #3629, .T. ) ;
#7438 = CARTESIAN_POINT ( 'NONE',  ( -20.53627779923347418, 28.99999999999998934, 63.25549540441324581 ) ) ;
#7439 = ORIENTED_EDGE ( 'NONE', *, *, #3863, .T. ) ;
#7440 = CARTESIAN_POINT ( 'NONE',  ( -102.7999999999999972, 30.49999999999994316, 73.00000000000000000 ) ) ;
#7441 = CARTESIAN_POINT ( 'NONE',  ( -15.97596560856719172, 29.59999999999999432, 63.06632603248693414 ) ) ;
#7442 = DIRECTION ( 'NONE',  ( 0.5773502691896231775, -0.5773502691896191807, -0.5773502691896350569 ) ) ;
#7443 = EDGE_CURVE ( 'NONE', #1873, #454, #3236, .T. ) ;
#7444 = PLANE ( 'NONE',  #125 ) ;
#7445 = CARTESIAN_POINT ( 'NONE',  ( -14.24406867885947570, 28.99999999999999289, 63.34674328390536857 ) ) ;
#7446 = DIRECTION ( 'NONE',  ( 1.000000000000000000, 0.000000000000000000, 0.000000000000000000 ) ) ;
#7447 = DIRECTION ( 'NONE',  ( -4.670409358399121388E-15, -1.000000000000000000, 0.000000000000000000 ) ) ;
#7448 = EDGE_LOOP ( 'NONE', ( #4052, #2747, #5415, #4535 ) ) ;
#7449 = ORIENTED_EDGE ( 'NONE', *, *, #6257, .F. ) ;
#7450 = VECTOR ( 'NONE', #1724, 1000.000000000000000 ) ;
#7451 = DIRECTION ( 'NONE',  ( 0.000000000000000000, 0.000000000000000000, 1.000000000000000000 ) ) ;
#7452 = DIRECTION ( 'NONE',  ( 0.000000000000000000, 0.000000000000000000, -1.000000000000000000 ) ) ;
#7453 = CARTESIAN_POINT ( 'NONE',  ( -28.14893807885353283, 29.59999999999999787, 62.91182826557026431 ) ) ;
#7454 = CARTESIAN_POINT ( 'NONE',  ( -23.34816294997574460, 29.59999999999999787, 64.75105750859907516 ) ) ;
#7455 = LINE ( 'NONE', #8325, #7669 ) ;
#7456 = CARTESIAN_POINT ( 'NONE',  ( -15.76592089777257399, 28.99999999999999289, 62.93054619695440266 ) ) ;
#7457 = CARTESIAN_POINT ( 'NONE',  ( -17.07680425494815069, 28.99999999999999289, 64.38684520668053324 ) ) ;
#7458 = CARTESIAN_POINT ( 'NONE',  ( -12.09231586198058395, 29.59999999999999787, 62.16006389001607602 ) ) ;
#7459 = VECTOR ( 'NONE', #8336, 1000.000000000000000 ) ;
#7460 = EDGE_LOOP ( 'NONE', ( #5842, #6514, #159, #3241 ) ) ;
#7461 = ORIENTED_EDGE ( 'NONE', *, *, #9286, .F. ) ;
#7462 = CARTESIAN_POINT ( 'NONE',  ( -15.03170343199496806, 29.59999999999999432, 65.20271617773138928 ) ) ;
#7463 = ORIENTED_EDGE ( 'NONE', *, *, #9257, .F. ) ;
#7464 = FACE_OUTER_BOUND ( 'NONE', #2853, .T. ) ;
#7465 = VECTOR ( 'NONE', #3648, 1000.000000000000000 ) ;
#7466 = LINE ( 'NONE', #861, #5302 ) ;
#7467 = CARTESIAN_POINT ( 'NONE',  ( -16.07891133642853276, 29.00000000000000355, 65.63534013185690696 ) ) ;
#7468 = CARTESIAN_POINT ( 'NONE',  ( -11.99365649748191132, 29.59999999999999076, 62.94336049078563633 ) ) ;
#7469 = CARTESIAN_POINT ( 'NONE',  ( -7.999999999999989342, -4.099999999999905498, 20.79999999999999716 ) ) ;
#7470 = CARTESIAN_POINT ( 'NONE',  ( -22.64068474247727636, 29.59999999999999076, 62.91004914530152803 ) ) ;
#7471 = ORIENTED_EDGE ( 'NONE', *, *, #8793, .T. ) ;
#7472 = ORIENTED_EDGE ( 'NONE', *, *, #1476, .F. ) ;
#7473 = PLANE ( 'NONE',  #7523 ) ;
#7474 = ADVANCED_FACE ( 'NONE', ( #3034 ), #5261, .T. ) ;
#7475 = ORIENTED_EDGE ( 'NONE', *, *, #7951, .F. ) ;
#7476 = CARTESIAN_POINT ( 'NONE',  ( -29.33018462331719434, 29.59999999999999076, 65.84268613212060473 ) ) ;
#7477 = EDGE_CURVE ( 'NONE', #2122, #441, #577, .T. ) ;
#7478 = DIRECTION ( 'NONE',  ( -0.7071067811865573427, 0.000000000000000000, 0.7071067811865378028 ) ) ;
#7479 = LINE ( 'NONE', #53, #6151 ) ;
#7480 = CARTESIAN_POINT ( 'NONE',  ( -22.77340165283785112, 29.59999999999999787, 62.16114962526409471 ) ) ;
#7481 = CARTESIAN_POINT ( 'NONE',  ( -14.23431616389135534, 29.00000000000000355, 65.51695453929460200 ) ) ;
#7482 = DIRECTION ( 'NONE',  ( -1.000000000000000000, -1.418996708365486401E-16, 0.000000000000000000 ) ) ;
#7483 = CARTESIAN_POINT ( 'NONE',  ( -21.06785762588009447, 29.59999999999999432, 66.58423303333553633 ) ) ;
#7484 = EDGE_LOOP ( 'NONE', ( #2640, #5369, #4019, #3353 ) ) ;
#7485 = CARTESIAN_POINT ( 'NONE',  ( -105.5000000000000000, 28.99999999999998579, 55.24999999999995026 ) ) ;
#7486 = EDGE_LOOP ( 'NONE', ( #8040, #317, #8386, #9379, #7361, #3320, #3553, #3644, #9262, #3231, #3467, #2059, #394 ) ) ;
#7487 = B_SPLINE_SURFACE_WITH_KNOTS ( 'NONE', 3, 1, ( 
 ( #1071, #4013 ),
 ( #4819, #2656 ),
 ( #2613, #8580 ),
 ( #5500, #3429 ),
 ( #6952, #4103 ),
 ( #1162, #342 ),
 ( #5552, #2701 ),
 ( #480, #6274 ),
 ( #7723, #5643 ),
 ( #1936, #7764 ),
 ( #5597, #6227 ),
 ( #9163, #1116 ),
 ( #3335, #9210 ),
 ( #7812, #4056 ),
 ( #1207, #1982 ),
 ( #1845, #8441 ),
 ( #1889, #4916 ),
 ( #7861, #434 ),
 ( #389, #1250 ),
 ( #4777, #8487 ),
 ( #3384, #6322 ),
 ( #9258, #4153 ),
 ( #4196, #7128 ),
 ( #3524, #7233 ),
 ( #2941, #5064 ),
 ( #4244, #1347 ),
 ( #6556, #4295 ) ),
 .UNSPECIFIED., .F., .F., .F.,
 ( 4, 1, 1, 1, 1, 1, 1, 1, 1, 1, 1, 1, 1, 1, 1, 1, 1, 1, 1, 1, 1, 1, 1, 1, 4 ),
 ( 2, 2 ),
 ( 0.000000000000000000, 0.05241462299440140249, 0.1027091694655512116, 0.1514439615246743753, 0.1996138980871026980, 0.2472508928845015830, 0.2956961365241347894, 0.3449754292995780292, 0.3961240370953058587, 0.4226790494297173462, 0.4501786529756238719, 0.4792373238459781692, 0.5092016462808328647, 0.5408092221780151920, 0.5739193845940845362, 0.6083465650511269418, 0.6445205949242757137, 0.6827186007748640151, 0.7224799309583684881, 0.7637982195614307912, 0.8073329696282756096, 0.8525067459539613646, 0.8996646565177246480, 0.9488179606455552362, 1.000000000000000000 ),
 ( 0.000000000000000000, 1.000000000000000000 ),
 .UNSPECIFIED. ) ;
#7488 = LINE ( 'NONE', #883, #1523 ) ;
#7489 = CARTESIAN_POINT ( 'NONE',  ( -16.14668132596186467, 29.59999999999999076, 63.47048614361147401 ) ) ;
#7490 = DIRECTION ( 'NONE',  ( 0.000000000000000000, 0.000000000000000000, 1.000000000000000000 ) ) ;
#7491 = LINE ( 'NONE', #1713, #8140 ) ;
#7492 = CARTESIAN_POINT ( 'NONE',  ( -14.56173933269421994, 29.60000000000000497, 62.63900911233363900 ) ) ;
#7493 = CARTESIAN_POINT ( 'NONE',  ( -22.11384988612834590, 29.00000000000000000, 63.21927767107736429 ) ) ;
#7494 = ORIENTED_EDGE ( 'NONE', *, *, #1396, .T. ) ;
#7495 = CC_DESIGN_PERSON_AND_ORGANIZATION_ASSIGNMENT ( #4965, #6465, ( #2765 ) ) ;
#7496 = CARTESIAN_POINT ( 'NONE',  ( -19.02454562222785484, 29.00000000000001066, 62.91341316413078033 ) ) ;
#7497 = EDGE_CURVE ( 'NONE', #106, #7323, #4039, .T. ) ;
#7498 = ORIENTED_EDGE ( 'NONE', *, *, #8598, .T. ) ;
#7499 = EDGE_CURVE ( 'NONE', #1570, #2521, #5186, .T. ) ;
#7500 = DIRECTION ( 'NONE',  ( 0.000000000000000000, 0.000000000000000000, -1.000000000000000000 ) ) ;
#7501 = FACE_OUTER_BOUND ( 'NONE', #8245, .T. ) ;
#7502 = CARTESIAN_POINT ( 'NONE',  ( -23.47094914790866227, 28.99999999999999289, 64.62138892635984178 ) ) ;
#7503 = DIRECTION ( 'NONE',  ( 0.7071067811865379138, 0.7071067811865572317, -1.959870653708103080E-14 ) ) ;
#7504 = FACE_OUTER_BOUND ( 'NONE', #4665, .T. ) ;
#7505 = CARTESIAN_POINT ( 'NONE',  ( -16.99361870172564082, 28.99999999999999645, 63.46687955153351623 ) ) ;
#7506 = EDGE_CURVE ( 'NONE', #3937, #5692, #4766, .T. ) ;
#7507 = CARTESIAN_POINT ( 'NONE',  ( -15.00128113045912492, 29.59999999999998721, 64.25881946426676450 ) ) ;
#7508 = EDGE_LOOP ( 'NONE', ( #7540, #4690, #3669, #879 ) ) ;
#7509 = VECTOR ( 'NONE', #3462, 1000.000000000000114 ) ;
#7510 = EDGE_CURVE ( 'NONE', #5731, #5305, #2601, .T. ) ;
#7511 = ORIENTED_EDGE ( 'NONE', *, *, #720, .F. ) ;
#7512 = VECTOR ( 'NONE', #6982, 1000.000000000000000 ) ;
#7513 = CARTESIAN_POINT ( 'NONE',  ( -15.52441801629155194, 29.59999999999999076, 65.96172314411872151 ) ) ;
#7514 = ORIENTED_EDGE ( 'NONE', *, *, #5532, .T. ) ;
#7515 = CARTESIAN_POINT ( 'NONE',  ( -16.17512503004309110, 28.99999999999999289, 65.21674205202072017 ) ) ;
#7516 = ADVANCED_FACE ( 'NONE', ( #4808 ), #6942, .F. ) ;
#7517 = CARTESIAN_POINT ( 'NONE',  ( -21.32207603832620535, 29.59999999999999787, 65.83850817306101533 ) ) ;
#7518 = CARTESIAN_POINT ( 'NONE',  ( -21.27000092288415090, 29.59999999999998721, 63.03125137803056077 ) ) ;
#7519 = VECTOR ( 'NONE', #6223, 1000.000000000000000 ) ;
#7520 = CARTESIAN_POINT ( 'NONE',  ( -26.73593696592309144, 28.99999999999998934, 63.23624435480182626 ) ) ;
#7521 = CARTESIAN_POINT ( 'NONE',  ( -14.36176453278731202, 28.99999999999999289, 65.91402972482634937 ) ) ;
#7522 = CARTESIAN_POINT ( 'NONE',  ( -22.82374331971769976, 29.59999999999999076, 62.94188646835033296 ) ) ;
#7523 = AXIS2_PLACEMENT_3D ( 'NONE', #969, #4583, #5983 ) ;
#7524 = VECTOR ( 'NONE', #7972, 1000.000000000000000 ) ;
#7525 = VERTEX_POINT ( 'NONE', #1059 ) ;
#7526 = ORIENTED_EDGE ( 'NONE', *, *, #6515, .F. ) ;
#7527 = LINE ( 'NONE', #7576, #9359 ) ;
#7528 = VERTEX_POINT ( 'NONE', #332 ) ;
#7529 = CARTESIAN_POINT ( 'NONE',  ( -27.55817685037028042, 29.59999999999998721, 63.34989286683612164 ) ) ;
#7530 = VECTOR ( 'NONE', #7115, 1000.000000000000000 ) ;
#7531 = B_SPLINE_CURVE_WITH_KNOTS ( 'NONE', 1,
 ( #6722, #7353 ),
 .UNSPECIFIED., .F., .F.,
 ( 2, 2 ),
 ( 0.000000000000000000, 0.002236067977499957716 ),
 .UNSPECIFIED. ) ;
#7532 = LINE ( 'NONE', #1020, #4083 ) ;
#7533 = VECTOR ( 'NONE', #6269, 1000.000000000000000 ) ;
#7534 = FACE_OUTER_BOUND ( 'NONE', #4129, .T. ) ;
#7535 = DIRECTION ( 'NONE',  ( 1.000000000000000000, 1.418996708365486154E-16, -0.000000000000000000 ) ) ;
#7536 = CARTESIAN_POINT ( 'NONE',  ( -14.21160048034990098, 29.59999999999999787, 65.40187667010577854 ) ) ;
#7537 = CARTESIAN_POINT ( 'NONE',  ( -12.25606935786188245, 29.59999999999999076, 62.91004914530152803 ) ) ;
#7538 = CARTESIAN_POINT ( 'NONE',  ( -27.69695697468232964, 29.60000000000000142, 63.06226726189409248 ) ) ;
#7539 = EDGE_CURVE ( 'NONE', #2037, #3330, #421, .T. ) ;
#7540 = ORIENTED_EDGE ( 'NONE', *, *, #7013, .F. ) ;
#7541 = CARTESIAN_POINT ( 'NONE',  ( -29.94249175421643372, 28.99999999999999289, 64.98781353991303433 ) ) ;
#7542 = VERTEX_POINT ( 'NONE', #5050 ) ;
#7543 = CARTESIAN_POINT ( 'NONE',  ( -29.11170518472008695, 28.99999999999999289, 66.23505523326397793 ) ) ;
#7544 = CARTESIAN_POINT ( 'NONE',  ( -15.97596560856719172, 28.99999999999998579, 63.06632603248693414 ) ) ;
#7545 = PLANE ( 'NONE',  #7924 ) ;
#7546 = CARTESIAN_POINT ( 'NONE',  ( -8.513980250192917173E-17, 29.59999999999999432, 0.000000000000000000 ) ) ;
#7547 = CARTESIAN_POINT ( 'NONE',  ( -14.16226193326068916, 28.99999999999998934, 63.84523698884252241 ) ) ;
#7548 = CARTESIAN_POINT ( 'NONE',  ( -22.71633722742665640, 28.99999999999998934, 62.91361374662000827 ) ) ;
#7549 = EDGE_CURVE ( 'NONE', #9383, #305, #1440, .T. ) ;
#7550 = ORIENTED_EDGE ( 'NONE', *, *, #4524, .F. ) ;
#7551 = CARTESIAN_POINT ( 'NONE',  ( -18.82282416380752110, 29.59999999999998721, 62.99543834603618819 ) ) ;
#7552 = EDGE_CURVE ( 'NONE', #5041, #6714, #2932, .T. ) ;
#7553 = VERTEX_POINT ( 'NONE', #7317 ) ;
#7554 = CARTESIAN_POINT ( 'NONE',  ( -11.94339319652413067, 29.59999999999999787, 65.79280152068227494 ) ) ;
#7555 = DIRECTION ( 'NONE',  ( 0.7071067811865376918, 0.7071067811865574537, -0.000000000000000000 ) ) ;
#7556 = CARTESIAN_POINT ( 'NONE',  ( -36.18350726503718562, 29.60000000000000142, 63.14875889203430859 ) ) ;
#7557 = CARTESIAN_POINT ( 'NONE',  ( -14.75504912652406375, 29.59999999999999432, 66.43559663024061024 ) ) ;
#7558 = CARTESIAN_POINT ( 'NONE',  ( -11.65403021575489895, 28.99999999999999645, 63.60049382837458865 ) ) ;
#7559 = CARTESIAN_POINT ( 'NONE',  ( -29.09693886960105047, 28.99999999999999289, 62.62062603991304144 ) ) ;
#7560 = DIRECTION ( 'NONE',  ( 1.418996708365486154E-16, -1.000000000000000000, -0.000000000000000000 ) ) ;
#7561 = ADVANCED_FACE ( 'NONE', ( #6497 ), #8045, .F. ) ;
#7562 = ORIENTED_EDGE ( 'NONE', *, *, #5128, .T. ) ;
#7563 = EDGE_CURVE ( 'NONE', #8050, #1829, #7999, .T. ) ;
#7564 = ORIENTED_EDGE ( 'NONE', *, *, #3145, .F. ) ;
#7565 = CARTESIAN_POINT ( 'NONE',  ( -15.06367433832650882, 29.60000000000000853, 65.40564930723076031 ) ) ;
#7566 = EDGE_LOOP ( 'NONE', ( #1304, #7817, #5675, #3570 ) ) ;
#7567 = CARTESIAN_POINT ( 'NONE',  ( -1.566987298107745508, 12.94615242270675459, 20.79999999999999716 ) ) ;
#7568 = DIRECTION ( 'NONE',  ( 1.000000000000000000, 0.000000000000000000, 0.000000000000000000 ) ) ;
#7569 = DIRECTION ( 'NONE',  ( 1.418996708365486154E-16, -1.000000000000000000, -0.000000000000000000 ) ) ;
#7570 = LINE ( 'NONE', #237, #4892 ) ;
#7571 = LINE ( 'NONE', #6174, #7993 ) ;
#7572 = ADVANCED_FACE ( 'NONE', ( #1392 ), #4374, .T. ) ;
#7573 = CARTESIAN_POINT ( 'NONE',  ( -16.05862535949068359, 29.59999999999999076, 62.21976771235480896 ) ) ;
#7574 = ORIENTED_EDGE ( 'NONE', *, *, #7798, .T. ) ;
#7575 = ORIENTED_EDGE ( 'NONE', *, *, #4474, .F. ) ;
#7576 = CARTESIAN_POINT ( 'NONE',  ( -98.29999999999995453, -3.833233541708379878E-17, 72.49999999999995737 ) ) ;
#7577 = VERTEX_POINT ( 'NONE', #2883 ) ;
#7578 = CARTESIAN_POINT ( 'NONE',  ( -7.999999999999989342, -4.099999999999905498, 20.79999999999999716 ) ) ;
#7579 = CARTESIAN_POINT ( 'NONE',  ( -35.82710713883183473, 29.59999999999999432, 63.31203228991304144 ) ) ;
#7580 = CARTESIAN_POINT ( 'NONE',  ( -29.40026471190479640, 29.59999999999999076, 63.23950083977688053 ) ) ;
#7581 = CARTESIAN_POINT ( 'NONE',  ( -14.75504912652406375, 29.59999999999999432, 66.43559663024061024 ) ) ;
#7582 = CARTESIAN_POINT ( 'NONE',  ( -28.63986341790960211, 28.99999999999999645, 63.67394964916940836 ) ) ;
#7583 = COORDINATED_UNIVERSAL_TIME_OFFSET ( 1, 0, .AHEAD. ) ;
#7584 = B_SPLINE_SURFACE_WITH_KNOTS ( 'NONE', 3, 1, ( 
 ( #7009, #588 ),
 ( #6334, #2575 ),
 ( #6421, #7873 ),
 ( #1947, #1264 ),
 ( #4879, #2625 ),
 ( #4787, #493 ),
 ( #1858, #9270 ),
 ( #9364, #2667 ),
 ( #400, #6288 ),
 ( #8594, #2761 ),
 ( #4207, #7825 ) ),
 .UNSPECIFIED., .F., .F., .F.,
 ( 4, 1, 1, 1, 1, 1, 1, 1, 4 ),
 ( 2, 2 ),
 ( 0.000000000000000000, 0.1850902117818982173, 0.3523572497833289408, 0.5030799192422880095, 0.6360081999872613245, 0.7524730698093544667, 0.8518856678189908882, 0.9343393817377422250, 1.000000000000000000 ),
 ( 0.000000000000000000, 1.000000000000000000 ),
 .UNSPECIFIED. ) ;
#7585 = EDGE_LOOP ( 'NONE', ( #8371, #6564, #8172, #3518 ) ) ;
#7586 = CARTESIAN_POINT ( 'NONE',  ( -28.30149456716064194, 29.59999999999999432, 62.96061004805540762 ) ) ;
#7587 = VERTEX_POINT ( 'NONE', #5915 ) ;
#7588 = EDGE_CURVE ( 'NONE', #347, #3708, #5101, .T. ) ;
#7589 = CARTESIAN_POINT ( 'NONE',  ( -29.09333310037028397, 28.99999999999999289, 66.25884719375919474 ) ) ;
#7590 = CARTESIAN_POINT ( 'NONE',  ( -31.73095329267797737, 29.59999999999999432, 64.98510921298996834 ) ) ;
#7591 = FACE_OUTER_BOUND ( 'NONE', #4119, .T. ) ;
#7592 = CARTESIAN_POINT ( 'NONE',  ( -2.500000000000042188, 0.000000000000000000, 21.30000000000002558 ) ) ;
#7593 = DIRECTION ( 'NONE',  ( 1.000000000000000000, 1.418996708365486401E-16, -0.000000000000000000 ) ) ;
#7594 = LINE ( 'NONE', #4698, #8391 ) ;
#7595 = ORIENTED_EDGE ( 'NONE', *, *, #5691, .F. ) ;
#7596 = CARTESIAN_POINT ( 'NONE',  ( -18.62875599786730518, 29.59999999999999432, 63.28251742388034273 ) ) ;
#7597 = EDGE_CURVE ( 'NONE', #4040, #8484, #7252, .T. ) ;
#7598 = ORIENTED_EDGE ( 'NONE', *, *, #7423, .T. ) ;
#7599 = CARTESIAN_POINT ( 'NONE',  ( -20.08867317337904623, 28.99999999999998934, 64.52820154558349941 ) ) ;
#7600 = EDGE_CURVE ( 'NONE', #3260, #1448, #4421, .T. ) ;
#7601 = PLANE ( 'NONE',  #1314 ) ;
#7602 = LINE ( 'NONE', #6159, #681 ) ;
#7603 = CARTESIAN_POINT ( 'NONE',  ( -36.81596453894960064, 29.59999999999998721, 62.64022828210032401 ) ) ;
#7604 = DIRECTION ( 'NONE',  ( 1.000000000000000000, 0.000000000000000000, -0.000000000000000000 ) ) ;
#7605 = CARTESIAN_POINT ( 'NONE',  ( -13.13630896189126673, 29.59999999999999432, 64.56514916011086314 ) ) ;
#7606 = CARTESIAN_POINT ( 'NONE',  ( -21.63750197060824476, 29.59999999999999076, 62.47206177170625807 ) ) ;
#7607 = CARTESIAN_POINT ( 'NONE',  ( -10.80909240477128996, 29.60000000000000142, 63.34405806632992153 ) ) ;
#7608 = ORIENTED_EDGE ( 'NONE', *, *, #6678, .T. ) ;
#7609 = VERTEX_POINT ( 'NONE', #5870 ) ;
#7610 = CARTESIAN_POINT ( 'NONE',  ( -19.01539278505751085, 29.59999999999999787, 62.16006389001608312 ) ) ;
#7611 = ORIENTED_EDGE ( 'NONE', *, *, #348, .T. ) ;
#7612 = B_SPLINE_CURVE_WITH_KNOTS ( 'NONE', 3,
 ( #8267, #7307, #4460, #790, #3734, #5233, #8169, #1568, #7548, #1664, #8360 ),
 .UNSPECIFIED., .F., .F.,
 ( 4, 1, 1, 1, 1, 1, 1, 1, 4 ),
 ( 0.000000000000000000, 0.1490017644808732944, 0.2818997171181862327, 0.4047912702311843858, 0.5211370919580888827, 0.6343386118877022417, 0.7490297757807476975, 0.8688324994655969302, 1.000000000000000000 ),
 .UNSPECIFIED. ) ;
#7613 = LINE ( 'NONE', #5250, #9162 ) ;
#7614 = CARTESIAN_POINT ( 'NONE',  ( -1.499999999999971800, 0.000000000000000000, 70.50000000000001421 ) ) ;
#7615 = CARTESIAN_POINT ( 'NONE',  ( -21.05787636960106113, 29.00000000000000355, 66.65818613606688814 ) ) ;
#7616 = CARTESIAN_POINT ( 'NONE',  ( -21.63750197060824476, 29.59999999999999076, 62.47206177170625807 ) ) ;
#7617 = CARTESIAN_POINT ( 'NONE',  ( -11.89974724073059953, 28.99999999999998934, 62.99543834603621661 ) ) ;
#7618 = CARTESIAN_POINT ( 'NONE',  ( -15.60595329267797737, 28.99999999999999289, 66.71587844375920895 ) ) ;
#7619 = VECTOR ( 'NONE', #6238, 1000.000000000000000 ) ;
#7620 = CARTESIAN_POINT ( 'NONE',  ( -16.86864616177874510, 28.99999999999998934, 65.84268613212059051 ) ) ;
#7621 = VECTOR ( 'NONE', #5957, 1000.000000000000000 ) ;
#7622 = ORIENTED_EDGE ( 'NONE', *, *, #3566, .T. ) ;
#7623 = ADVANCED_FACE ( 'NONE', ( #2209 ), #656, .T. ) ;
#7624 = DIRECTION ( 'NONE',  ( -6.839255870355195204E-17, 0.7071067811865573427, -0.7071067811865378028 ) ) ;
#7625 = EDGE_LOOP ( 'NONE', ( #2489, #1730, #6541, #866 ) ) ;
#7626 = CARTESIAN_POINT ( 'NONE',  ( -28.06749175421643727, 29.59999999999999432, 62.15818613606688814 ) ) ;
#7627 = VECTOR ( 'NONE', #7411, 1000.000000000000000 ) ;
#7628 = ADVANCED_FACE ( 'NONE', ( #3700 ), #3109, .F. ) ;
#7629 = CARTESIAN_POINT ( 'NONE',  ( -1.499999999999971800, 0.000000000000000000, 73.00000000000000000 ) ) ;
#7630 = DIRECTION ( 'NONE',  ( 0.000000000000000000, 1.000000000000000000, 0.000000000000000000 ) ) ;
#7631 = CARTESIAN_POINT ( 'NONE',  ( -14.40009285808278783, 29.60000000000000497, 65.99894950184412323 ) ) ;
#7632 = CARTESIAN_POINT ( 'NONE',  ( -28.66894257713681782, 28.99999999999998934, 64.09109810724278589 ) ) ;
#7633 = APPROVAL_ROLE ( '' ) ;
#7634 = AXIS2_PLACEMENT_3D ( 'NONE', #1649, #6080, #9019 ) ;
#7635 = EDGE_LOOP ( 'NONE', ( #1146, #816, #6979, #416 ) ) ;
#7636 = B_SPLINE_CURVE_WITH_KNOTS ( 'NONE', 3,
 ( #6229, #9164, #1891, #5501, #8443, #3247, #5553, #1847, #4778, #3430, #9212 ),
 .UNSPECIFIED., .F., .F.,
 ( 4, 1, 1, 1, 1, 1, 1, 1, 4 ),
 ( 0.000000000000000000, 0.1490017644808732944, 0.2818997171181862327, 0.4047912702311843858, 0.5211370919580888827, 0.6343386118877022417, 0.7490297757807476975, 0.8688324994655969302, 1.000000000000000000 ),
 .UNSPECIFIED. ) ;
#7637 = LINE ( 'NONE', #6042, #7196 ) ;
#7638 = VERTEX_POINT ( 'NONE', #3560 ) ;
#7639 = DIRECTION ( 'NONE',  ( 1.000000000000000000, 6.938893903907222067E-15, -0.000000000000000000 ) ) ;
#7640 = CARTESIAN_POINT ( 'NONE',  ( -31.73095329267797737, 29.59999999999999432, 65.73510921298995413 ) ) ;
#7641 = CARTESIAN_POINT ( 'NONE',  ( -102.7999999999999972, 30.49999999999994316, 13.74999999999999822 ) ) ;
#7642 = CARTESIAN_POINT ( 'NONE',  ( -4.999999999999976907, -1.999999999999977573, 20.79999999999999716 ) ) ;
#7643 = ADVANCED_FACE ( 'NONE', ( #6544 ), #1284, .T. ) ;
#7644 = CARTESIAN_POINT ( 'NONE',  ( -13.15268162477957148, 29.00000000000000355, 62.42470264681982428 ) ) ;
#7645 = CARTESIAN_POINT ( 'NONE',  ( -15.01059735751824853, 28.99999999999998579, 64.93988012568929946 ) ) ;
#7646 = CARTESIAN_POINT ( 'NONE',  ( -5.499999999999989342, -6.599999999999933920, 20.79999999999999716 ) ) ;
#7647 = ORIENTED_EDGE ( 'NONE', *, *, #7510, .T. ) ;
#7648 = CARTESIAN_POINT ( 'NONE',  ( -18.62875599786730518, 29.00000000000000711, 63.28251742388034273 ) ) ;
#7649 = ORIENTED_EDGE ( 'NONE', *, *, #6474, .T. ) ;
#7650 = DIRECTION ( 'NONE',  ( 1.000000000000000000, 1.390559900582610931E-16, 5.139921410301661840E-15 ) ) ;
#7651 = CARTESIAN_POINT ( 'NONE',  ( -18.57710713883182763, 29.59999999999999432, 63.60049382837458865 ) ) ;
#7652 = CARTESIAN_POINT ( 'NONE',  ( -22.68072844987662151, 29.59999999999998721, 65.37448389340197252 ) ) ;
#7653 = LINE ( 'NONE', #3075, #8743 ) ;
#7654 = CARTESIAN_POINT ( 'NONE',  ( -27.48513805374009777, 28.99999999999998934, 63.78843131768205410 ) ) ;
#7655 = CARTESIAN_POINT ( 'NONE',  ( -22.57104543873565206, 29.00000000000000355, 62.15882148759504133 ) ) ;
#7656 = CARTESIAN_POINT ( 'NONE',  ( -11.07614670383825484, 29.59999999999999787, 62.65746189122116050 ) ) ;
#7657 = ORIENTED_EDGE ( 'NONE', *, *, #7974, .T. ) ;
#7658 = EDGE_CURVE ( 'NONE', #6381, #4594, #2066, .T. ) ;
#7659 = VERTEX_POINT ( 'NONE', #2114 ) ;
#7660 = CARTESIAN_POINT ( 'NONE',  ( -19.10950697719718505, 29.59999999999999432, 62.15882148759504133 ) ) ;
#7661 = ORIENTED_EDGE ( 'NONE', *, *, #3799, .T. ) ;
#7662 = CARTESIAN_POINT ( 'NONE',  ( -102.2999999999999687, 29.50000000000001066, 73.00000000000000000 ) ) ;
#7663 = CARTESIAN_POINT ( 'NONE',  ( -17.68759715038351388, 29.00000000000001066, 66.22015092299596972 ) ) ;
#7664 = CARTESIAN_POINT ( 'NONE',  ( -21.14913561192197733, 29.60000000000000142, 66.22015092299596972 ) ) ;
#7665 = CARTESIAN_POINT ( 'NONE',  ( -13.40898238000326970, 29.60000000000000142, 62.69410884949884633 ) ) ;
#7666 = DIRECTION ( 'NONE',  ( 0.000000000000000000, 0.000000000000000000, -1.000000000000000000 ) ) ;
#7667 = CARTESIAN_POINT ( 'NONE',  ( -14.44322769671189199, 28.99999999999998224, 66.07679930186571937 ) ) ;
#7668 = CARTESIAN_POINT ( 'NONE',  ( -16.68739325699755227, 28.99999999999999289, 66.18684664652660388 ) ) ;
#7669 = VECTOR ( 'NONE', #8227, 999.9999999999998863 ) ;
#7670 = ORIENTED_EDGE ( 'NONE', *, *, #6153, .T. ) ;
#7671 = VECTOR ( 'NONE', #4314, 1000.000000000000000 ) ;
#7672 = DIRECTION ( 'NONE',  ( -1.000000000000000000, 0.000000000000000000, 0.000000000000000000 ) ) ;
#7673 = EDGE_LOOP ( 'NONE', ( #7218, #6648, #4732, #2306, #1681 ) ) ;
#7674 = LINE ( 'NONE', #1070, #9043 ) ;
#7675 = VECTOR ( 'NONE', #5449, 1000.000000000000000 ) ;
#7676 = DIRECTION ( 'NONE',  ( -1.000000000000000000, 0.000000000000000000, 0.000000000000000000 ) ) ;
#7677 = FACE_BOUND ( 'NONE', #1618, .T. ) ;
#7678 = VECTOR ( 'NONE', #635, 1000.000000000000000 ) ;
#7679 = CARTESIAN_POINT ( 'NONE',  ( -3.500000000000041300, 1.634643275439711813E-14, 32.99999999999999289 ) ) ;
#7680 = DIRECTION ( 'NONE',  ( 0.000000000000000000, 0.000000000000000000, -1.000000000000000000 ) ) ;
#7681 = CARTESIAN_POINT ( 'NONE',  ( -37.09453502344721443, 28.99999999999998934, 62.15818613606688814 ) ) ;
#7682 = ORIENTED_EDGE ( 'NONE', *, *, #7499, .F. ) ;
#7683 = EDGE_CURVE ( 'NONE', #4315, #8784, #9483, .T. ) ;
#7684 = VECTOR ( 'NONE', #8453, 1000.000000000000000 ) ;
#7685 = CARTESIAN_POINT ( 'NONE',  ( -26.59676165661656100, 29.59999999999999432, 64.48240685081077572 ) ) ;
#7686 = AXIS2_PLACEMENT_3D ( 'NONE', #1511, #781, #8878 ) ;
#7687 = EDGE_CURVE ( 'NONE', #4131, #8956, #2346, .T. ) ;
#7688 = DIRECTION ( 'NONE',  ( 0.000000000000000000, -0.7071067811865493491, -0.7071067811865456854 ) ) ;
#7689 = DIRECTION ( 'NONE',  ( 1.000000000000000000, 0.000000000000000000, 0.000000000000000000 ) ) ;
#7690 = CARTESIAN_POINT ( 'NONE',  ( -36.52620118848235364, 29.59999999999998721, 62.91352956183765599 ) ) ;
#7691 = CARTESIAN_POINT ( 'NONE',  ( -28.62655850231620036, 29.59999999999999432, 63.56453297040035011 ) ) ;
#7692 = CARTESIAN_POINT ( 'NONE',  ( -17.60631916434163102, 29.59999999999999432, 66.58423303333553633 ) ) ;
#7693 = CARTESIAN_POINT ( 'NONE',  ( -15.37226505016682943, 28.99999999999998579, 65.91273674241436709 ) ) ;
#7694 = VECTOR ( 'NONE', #1639, 1000.000000000000000 ) ;
#7695 = EDGE_CURVE ( 'NONE', #1189, #3501, #3022, .T. ) ;
#7696 = EDGE_LOOP ( 'NONE', ( #9529, #5306, #2841, #4803, #1777, #8218, #6615, #4805, #5827, #620, #3252 ) ) ;
#7697 = CARTESIAN_POINT ( 'NONE',  ( -18.58295586655987464, 29.00000000000001066, 63.51245042299269272 ) ) ;
#7698 = ORIENTED_EDGE ( 'NONE', *, *, #6601, .T. ) ;
#7699 = APPLICATION_CONTEXT ( 'configuration controlled 3d designs of mechanical parts and assemblies' ) ;
#7700 = FACE_OUTER_BOUND ( 'NONE', #4303, .T. ) ;
#7701 = CARTESIAN_POINT ( 'NONE',  ( -37.09453502344721443, 29.59999999999999076, 62.15818613606688814 ) ) ;
#7702 = CARTESIAN_POINT ( 'NONE',  ( -28.52016382102913994, 29.59999999999999432, 62.21976771235483028 ) ) ;
#7703 = DIRECTION ( 'NONE',  ( 1.000000000000000000, 0.000000000000000000, -0.000000000000000000 ) ) ;
#7704 = DIRECTION ( 'NONE',  ( -0.2588190451025669803, -0.9659258262890558777, -0.000000000000000000 ) ) ;
#7705 = CARTESIAN_POINT ( 'NONE',  ( -16.96709796676840654, 28.99999999999998934, 63.35036599760612575 ) ) ;
#7706 = CARTESIAN_POINT ( 'NONE',  ( -11.83210207455443630, 29.60000000000000853, 63.05376029987495912 ) ) ;
#7707 = ORIENTED_EDGE ( 'NONE', *, *, #1890, .T. ) ;
#7708 = ORIENTED_EDGE ( 'NONE', *, *, #2557, .T. ) ;
#7709 = CARTESIAN_POINT ( 'NONE',  ( -18.27765442474917634, 28.99999999999999645, 62.39826547171086446 ) ) ;
#7710 = ORIENTED_EDGE ( 'NONE', *, *, #8930, .T. ) ;
#7711 = CARTESIAN_POINT ( 'NONE',  ( -16.05862535949068359, 28.99999999999998934, 62.21976771235480896 ) ) ;
#7712 = DIRECTION ( 'NONE',  ( 0.000000000000000000, 0.000000000000000000, -1.000000000000000000 ) ) ;
#7713 = CARTESIAN_POINT ( 'NONE',  ( -21.81941533041569414, 29.00000000000001066, 65.20056175677522958 ) ) ;
#7714 = CARTESIAN_POINT ( 'NONE',  ( -13.59139547976820239, 28.99999999999998934, 63.67257558265117012 ) ) ;
#7715 = CARTESIAN_POINT ( 'NONE',  ( -22.03864560037029108, 29.59999999999999432, 63.60049382837458865 ) ) ;
#7716 = CARTESIAN_POINT ( 'NONE',  ( -11.35457750167225655, 28.99999999999998579, 62.39826547171087157 ) ) ;
#7717 = CARTESIAN_POINT ( 'NONE',  ( -14.13479944652413245, 28.99999999999999289, 64.42982075145150134 ) ) ;
#7718 = DIRECTION ( 'NONE',  ( 0.2810846377148189523, 0.6785983445458378949, 0.6785983445458566576 ) ) ;
#7719 = ORIENTED_EDGE ( 'NONE', *, *, #6853, .T. ) ;
#7720 = CARTESIAN_POINT ( 'NONE',  ( -4.999999999999976907, -1.999999999999977573, 21.30000000000002203 ) ) ;
#7721 = EDGE_LOOP ( 'NONE', ( #2866, #8894, #2293, #293, #7173, #3369 ) ) ;
#7722 = CARTESIAN_POINT ( 'NONE',  ( -27.49831453289988659, 29.59999999999999076, 63.65912589528237220 ) ) ;
#7723 = CARTESIAN_POINT ( 'NONE',  ( -27.10359568576570766, 29.59999999999999432, 66.33212896196694430 ) ) ;
#7724 = EDGE_CURVE ( 'NONE', #4315, #3866, #3742, .T. ) ;
#7725 = CARTESIAN_POINT ( 'NONE',  ( -98.29999999999995453, 0.5000000000000419664, 69.99999999999998579 ) ) ;
#7726 = CARTESIAN_POINT ( 'NONE',  ( -19.50198694652413423, 29.59999999999999432, 64.01876305914380794 ) ) ;
#7727 = DIRECTION ( 'NONE',  ( 0.000000000000000000, 0.000000000000000000, 1.000000000000000000 ) ) ;
#7728 = LINE ( 'NONE', #301, #597 ) ;
#7729 = ORIENTED_EDGE ( 'NONE', *, *, #9505, .F. ) ;
#7730 = CARTESIAN_POINT ( 'NONE',  ( -26.86163131962124595, 29.60000000000000142, 65.99894950184410902 ) ) ;
#7731 = DIRECTION ( 'NONE',  ( 0.2588190451025654260, 0.9659258262890563218, -0.000000000000000000 ) ) ;
#7732 = CARTESIAN_POINT ( 'NONE',  ( -15.91068894300593328, 29.59999999999999787, 63.00352767674853283 ) ) ;
#7733 = CARTESIAN_POINT ( 'NONE',  ( -35.88474400103305584, 29.59999999999999787, 63.29043085453159279 ) ) ;
#7734 = CARTESIAN_POINT ( 'NONE',  ( -27.04165040806259412, 29.59999999999999787, 62.61521738606690235 ) ) ;
#7735 = DIRECTION ( 'NONE',  ( -7.285480914654865506E-16, 0.7071067811865381358, -0.7071067811865570096 ) ) ;
#7736 = FACE_OUTER_BOUND ( 'NONE', #7566, .T. ) ;
#7737 = ORIENTED_EDGE ( 'NONE', *, *, #2313, .T. ) ;
#7738 = CARTESIAN_POINT ( 'NONE',  ( -28.06749175421643727, 28.99999999999999289, 65.96587844375919474 ) ) ;
#7739 = B_SPLINE_SURFACE_WITH_KNOTS ( 'NONE', 3, 1, ( 
 ( #1406, #5929 ),
 ( #4246, #4344 ),
 ( #572, #7283 ),
 ( #8679, #2081 ),
 ( #3955, #2312 ),
 ( #6173, #5254 ),
 ( #914, #3189 ),
 ( #2410, #8290 ),
 ( #9107, #285 ),
 ( #8147, #6893 ),
 ( #962, #7520 ),
 ( #5976, #1692 ),
 ( #8915, #6121 ),
 ( #3908, #1638 ),
 ( #5349, #4577 ),
 ( #9056, #90 ),
 ( #8337, #3238 ),
 ( #8192, #1738 ),
 ( #1012, #4671 ) ),
 .UNSPECIFIED., .F., .F., .F.,
 ( 4, 1, 1, 1, 1, 1, 1, 1, 1, 1, 1, 1, 1, 1, 1, 1, 4 ),
 ( 2, 2 ),
 ( 0.000000000000000000, 0.08152770983674453853, 0.1597838330499995185, 0.2357383145352291987, 0.3085581075699100895, 0.3791663570275520811, 0.4467327385862361888, 0.5118940519136221390, 0.5744593951211927063, 0.6343613069726452558, 0.6925222024157506873, 0.7484441971944717498, 0.8021531717784081694, 0.8538741643603042775, 0.9039623315624253364, 0.9526033727980798282, 1.000000000000000000 ),
 ( 0.000000000000000000, 1.000000000000000000 ),
 .UNSPECIFIED. ) ;
#7740 = ORIENTED_EDGE ( 'NONE', *, *, #6634, .F. ) ;
#7741 = EDGE_CURVE ( 'NONE', #8409, #1528, #1675, .T. ) ;
#7742 = CARTESIAN_POINT ( 'NONE',  ( -15.91502756687795994, 28.99999999999999645, 66.68965666704490047 ) ) ;
#7743 = LINE ( 'NONE', #7834, #7147 ) ;
#7744 = CARTESIAN_POINT ( 'NONE',  ( -22.57134286504041043, 29.59999999999999432, 65.47993683651777985 ) ) ;
#7745 = CARTESIAN_POINT ( 'NONE',  ( -1.499999999999958034, 0.000000000000000000, 0.000000000000000000 ) ) ;
#7746 = CARTESIAN_POINT ( 'NONE',  ( 0.000000000000000000, 0.5000000000000419664, 0.000000000000000000 ) ) ;
#7747 = CARTESIAN_POINT ( 'NONE',  ( -21.96074048449101213, 29.59999999999999787, 62.27978240500942775 ) ) ;
#7748 = ORIENTED_EDGE ( 'NONE', *, *, #4031, .T. ) ;
#7749 = ORIENTED_EDGE ( 'NONE', *, *, #5083, .F. ) ;
#7750 = LINE ( 'NONE', #7070, #5817 ) ;
#7751 = EDGE_LOOP ( 'NONE', ( #9063, #3855, #6406, #6824 ) ) ;
#7752 = CARTESIAN_POINT ( 'NONE',  ( -19.67326098498567433, 29.59999999999999787, 63.49863084760536225 ) ) ;
#7753 = CARTESIAN_POINT ( 'NONE',  ( -33.63479944652413423, 29.59999999999999432, 65.44664767452843535 ) ) ;
#7754 = CARTESIAN_POINT ( 'NONE',  ( -28.51968542179373856, 29.59999999999999432, 66.65534655642171913 ) ) ;
#7755 = CARTESIAN_POINT ( 'NONE',  ( -13.61446567160639987, 28.99999999999999289, 63.43139590477776579 ) ) ;
#7756 = CARTESIAN_POINT ( 'NONE',  ( -102.7999999999999972, 29.50000000000002487, 0.5000000000000281997 ) ) ;
#7757 = CARTESIAN_POINT ( 'NONE',  ( -12.18643005412026170, 28.99999999999998934, 62.15882148759504133 ) ) ;
#7758 = EDGE_CURVE ( 'NONE', #9233, #1974, #8685, .T. ) ;
#7759 = CARTESIAN_POINT ( 'NONE',  ( -16.73760252134788473, 29.59999999999999787, 66.10887531149906238 ) ) ;
#7760 = VERTEX_POINT ( 'NONE', #6160 ) ;
#7761 = PLANE ( 'NONE',  #6291 ) ;
#7762 = VERTEX_POINT ( 'NONE', #4615 ) ;
#7763 = CARTESIAN_POINT ( 'NONE',  ( -27.48513805374009777, 29.59999999999999076, 63.78843131768205410 ) ) ;
#7764 = CARTESIAN_POINT ( 'NONE',  ( -27.01530404655569839, 29.00000000000000711, 66.23566135985346648 ) ) ;
#7765 = AXIS2_PLACEMENT_3D ( 'NONE', #4331, #8714, #8810 ) ;
#7766 = CARTESIAN_POINT ( 'NONE',  ( -29.53834271648660348, 29.59999999999999076, 64.38684520668053324 ) ) ;
#7767 = CARTESIAN_POINT ( 'NONE',  ( -29.39954863966775633, 29.59999999999999076, 65.63682640310038607 ) ) ;
#7768 = VECTOR ( 'NONE', #897, 1000.000000000000000 ) ;
#7769 = LINE ( 'NONE', #2616, #3528 ) ;
#7770 = DIRECTION ( 'NONE',  ( -1.418996708365486401E-16, 1.000000000000000000, 0.000000000000000000 ) ) ;
#7771 = ORIENTED_EDGE ( 'NONE', *, *, #1291, .T. ) ;
#7772 = VECTOR ( 'NONE', #5758, 1000.000000000000000 ) ;
#7773 = EDGE_CURVE ( 'NONE', #3080, #6256, #6056, .T. ) ;
#7774 = CARTESIAN_POINT ( 'NONE',  ( -27.46168178026065121, 29.59999999999998366, 64.50013890536673955 ) ) ;
#7775 = CARTESIAN_POINT ( 'NONE',  ( -19.15962385259360801, 29.59999999999999432, 65.43089587304915256 ) ) ;
#7776 = CARTESIAN_POINT ( 'NONE',  ( -20.53754259468332322, 29.59999999999999076, 63.43139590477776579 ) ) ;
#7777 = PLANE ( 'NONE',  #4070 ) ;
#7778 = CARTESIAN_POINT ( 'NONE',  ( -36.88684300018388740, 29.59999999999999076, 62.54997888129713601 ) ) ;
#7779 = FACE_OUTER_BOUND ( 'NONE', #8530, .T. ) ;
#7780 = AXIS2_PLACEMENT_3D ( 'NONE', #3458, #5143, #2879 ) ;
#7781 = CARTESIAN_POINT ( 'NONE',  ( -35.30787636960106113, 29.59999999999999432, 65.44664767452843535 ) ) ;
#7782 = CARTESIAN_POINT ( 'NONE',  ( -19.52817196083503859, 28.99999999999999645, 63.97553209429966614 ) ) ;
#7783 = CARTESIAN_POINT ( 'NONE',  ( -27.02327779423268339, 29.00000000000000000, 62.63900911233365321 ) ) ;
#7784 = EDGE_LOOP ( 'NONE', ( #505, #1669, #1290, #3093 ) ) ;
#7785 = CARTESIAN_POINT ( 'NONE',  ( -16.31667347212427543, 29.00000000000000000, 66.54029313193360906 ) ) ;
#7786 = CARTESIAN_POINT ( 'NONE',  ( -22.61917444652413423, 28.99999999999999289, 62.15818613606688814 ) ) ;
#7787 = CARTESIAN_POINT ( 'NONE',  ( -28.37727719678792937, 29.00000000000000355, 62.18432041989996861 ) ) ;
#7788 = DIRECTION ( 'NONE',  ( -0.000000000000000000, 1.000000000000000000, 0.000000000000000000 ) ) ;
#7789 = CARTESIAN_POINT ( 'NONE',  ( -23.13479944652413778, 29.59999999999999432, 63.49863084760534804 ) ) ;
#7790 = CARTESIAN_POINT ( 'NONE',  ( -17.07680425494815069, 28.99999999999998934, 64.38684520668053324 ) ) ;
#7791 = ADVANCED_FACE ( 'NONE', ( #4659 ), #3223, .T. ) ;
#7792 = ORIENTED_EDGE ( 'NONE', *, *, #5844, .T. ) ;
#7793 = EDGE_CURVE ( 'NONE', #6176, #1249, #1255, .T. ) ;
#7794 = ORIENTED_EDGE ( 'NONE', *, *, #3263, .F. ) ;
#7795 = DIRECTION ( 'NONE',  ( -0.7071067811865431318, 0.7071067811865520136, 0.000000000000000000 ) ) ;
#7796 = ORIENTED_EDGE ( 'NONE', *, *, #7002, .F. ) ;
#7797 = CARTESIAN_POINT ( 'NONE',  ( -37.78864560037028753, 29.59999999999999076, 66.65818613606688814 ) ) ;
#7798 = EDGE_CURVE ( 'NONE', #5910, #4428, #3175, .T. ) ;
#7799 = CARTESIAN_POINT ( 'NONE',  ( -17.59633790806259768, 29.59999999999999432, 66.65818613606688814 ) ) ;
#7800 = CARTESIAN_POINT ( 'NONE',  ( -15.23541851314386975, 28.99999999999999645, 63.06226726189409248 ) ) ;
#7801 = CARTESIAN_POINT ( 'NONE',  ( -35.30787636960106113, 28.99999999999999289, 65.44664767452843535 ) ) ;
#7802 = LINE ( 'NONE', #3954, #2079 ) ;
#7803 = LINE ( 'NONE', #3420, #735 ) ;
#7804 = PLANE ( 'NONE',  #9221 ) ;
#7805 = ORIENTED_EDGE ( 'NONE', *, *, #3206, .F. ) ;
#7806 = ADVANCED_FACE ( 'NONE', ( #9090 ), #19, .T. ) ;
#7807 = FACE_OUTER_BOUND ( 'NONE', #4243, .T. ) ;
#7808 = ORIENTED_EDGE ( 'NONE', *, *, #1214, .T. ) ;
#7809 = DIRECTION ( 'NONE',  ( 1.418996708365486154E-16, -1.000000000000000000, -0.000000000000000000 ) ) ;
#7810 = ADVANCED_FACE ( 'NONE', ( #4034 ), #1771, .T. ) ;
#7811 = ORIENTED_EDGE ( 'NONE', *, *, #1807, .F. ) ;
#7812 = CARTESIAN_POINT ( 'NONE',  ( -26.82330299432575771, 29.59999999999998366, 65.91402972482633515 ) ) ;
#7813 = LINE ( 'NONE', #7088, #2454 ) ;
#7814 = CARTESIAN_POINT ( 'NONE',  ( -19.48926347110829838, 28.99999999999999289, 64.03664153671326176 ) ) ;
#7815 = DIRECTION ( 'NONE',  ( 0.000000000000000000, 0.000000000000000000, 1.000000000000000000 ) ) ;
#7816 = VECTOR ( 'NONE', #8529, 1000.000000000000000 ) ;
#7817 = ORIENTED_EDGE ( 'NONE', *, *, #7264, .F. ) ;
#7818 = VECTOR ( 'NONE', #5848, 1000.000000000000000 ) ;
#7819 = CARTESIAN_POINT ( 'NONE',  ( -16.53872908137927311, 28.99999999999998224, 66.36764886308377243 ) ) ;
#7820 = AXIS2_PLACEMENT_3D ( 'NONE', #1330, #6394, #4275 ) ;
#7821 = CARTESIAN_POINT ( 'NONE',  ( -40.73095329267798093, 28.99999999999998934, 65.73510921298995413 ) ) ;
#7822 = CARTESIAN_POINT ( 'NONE',  ( -28.09493202607917794, 29.59999999999999432, 65.96462102316323239 ) ) ;
#7823 = CARTESIAN_POINT ( 'NONE',  ( -20.08867317337904623, 29.59999999999999787, 64.52820154558349941 ) ) ;
#7824 = CARTESIAN_POINT ( 'NONE',  ( -36.81596453894960064, 28.99999999999999289, 62.64022828210032401 ) ) ;
#7825 = CARTESIAN_POINT ( 'NONE',  ( -12.57891002344720555, 28.99999999999998934, 64.01876305914380794 ) ) ;
#7826 = EDGE_CURVE ( 'NONE', #7542, #2570, #215, .T. ) ;
#7827 = CARTESIAN_POINT ( 'NONE',  ( -19.28737431570898408, 28.99999999999998934, 65.30953555119604914 ) ) ;
#7828 = AXIS2_PLACEMENT_3D ( 'NONE', #5444, #8380, #7666 ) ;
#7829 = VECTOR ( 'NONE', #9216, 1000.000000000000000 ) ;
#7830 = DIRECTION ( 'NONE',  ( -1.000000000000000000, 0.000000000000000000, -0.000000000000000000 ) ) ;
#7831 = ORIENTED_EDGE ( 'NONE', *, *, #7386, .T. ) ;
#7832 = VECTOR ( 'NONE', #2614, 1000.000000000000000 ) ;
#7833 = CARTESIAN_POINT ( 'NONE',  ( -23.19333870612278403, 28.99999999999999289, 64.90246162546478104 ) ) ;
#7834 = CARTESIAN_POINT ( 'NONE',  ( -250003.4999999968859, 249996.5000000000291, 22.60000000000000142 ) ) ;
#7835 = VECTOR ( 'NONE', #5054, 1000.000000000000000 ) ;
#7836 = ADVANCED_FACE ( 'NONE', ( #5477 ), #3481, .T. ) ;
#7837 = CARTESIAN_POINT ( 'NONE',  ( -17.77095649078293960, 28.99999999999998579, 66.00964228596717476 ) ) ;
#7838 = DIRECTION ( 'NONE',  ( 1.000000000000000000, 0.000000000000000000, -0.000000000000000000 ) ) ;
#7839 = FACE_OUTER_BOUND ( 'NONE', #7278, .T. ) ;
#7840 = DIRECTION ( 'NONE',  ( 1.418996708365486154E-16, -1.000000000000000000, -0.000000000000000000 ) ) ;
#7841 = ORIENTED_EDGE ( 'NONE', *, *, #9181, .F. ) ;
#7842 = EDGE_CURVE ( 'NONE', #4381, #2459, #3495, .T. ) ;
#7843 = ORIENTED_EDGE ( 'NONE', *, *, #1435, .F. ) ;
#7844 = DIRECTION ( 'NONE',  ( 1.418996708365486154E-16, -1.000000000000000000, -0.000000000000000000 ) ) ;
#7845 = ORIENTED_EDGE ( 'NONE', *, *, #4014, .T. ) ;
#7846 = CARTESIAN_POINT ( 'NONE',  ( -15.60595329267797737, 29.59999999999999432, 62.15818613606688814 ) ) ;
#7847 = CARTESIAN_POINT ( 'NONE',  ( -22.31931551026398708, 29.59999999999999076, 64.70237932490226740 ) ) ;
#7848 = CARTESIAN_POINT ( 'NONE',  ( -19.25479876588819295, 29.59999999999999787, 62.91361374662002248 ) ) ;
#7849 = CARTESIAN_POINT ( 'NONE',  ( -22.11122502745706342, 29.60000000000000853, 64.90261414171138199 ) ) ;
#7850 = DIRECTION ( 'NONE',  ( 0.000000000000000000, -1.000000000000000000, 0.000000000000000000 ) ) ;
#7851 = CARTESIAN_POINT ( 'NONE',  ( -11.00139656288592249, 29.00000000000001066, 62.76877923128868986 ) ) ;
#7852 = PLANE ( 'NONE',  #7828 ) ;
#7853 = ADVANCED_FACE ( 'NONE', ( #9523 ), #8700, .T. ) ;
#7854 = DIRECTION ( 'NONE',  ( -1.000000000000000000, 0.000000000000000000, 0.000000000000000000 ) ) ;
#7855 = ADVANCED_FACE ( 'NONE', ( #3691 ), #5134, .T. ) ;
#7856 = VERTEX_POINT ( 'NONE', #6579 ) ;
#7857 = CARTESIAN_POINT ( 'NONE',  ( -15.00018406190874742, 28.99999999999999289, 64.43883517452843535 ) ) ;
#7858 = EDGE_LOOP ( 'NONE', ( #4427, #6280, #6925, #6221 ) ) ;
#7859 = PLANE ( 'NONE',  #8124 ) ;
#7860 = ORIENTED_EDGE ( 'NONE', *, *, #6712, .T. ) ;
#7861 = CARTESIAN_POINT ( 'NONE',  ( -26.69585462542982057, 29.60000000000000853, 65.51695453929460200 ) ) ;
#7862 = ADVANCED_FACE ( 'NONE', ( #4410 ), #2722, .T. ) ;
#7863 = FACE_OUTER_BOUND ( 'NONE', #1862, .T. ) ;
#7864 = CARTESIAN_POINT ( 'NONE',  ( -18.85777704872552363, 28.99999999999998934, 64.70237932490228161 ) ) ;
#7865 = CARTESIAN_POINT ( 'NONE',  ( -23.13479944652413778, 29.59999999999999432, 63.49863084760534804 ) ) ;
#7866 = APPROVAL_DATE_TIME ( #4301, #5613 ) ;
#7867 = VERTEX_POINT ( 'NONE', #8607 ) ;
#7868 = CARTESIAN_POINT ( 'NONE',  ( -16.31667347212427543, 29.60000000000000142, 66.54029313193360906 ) ) ;
#7869 = LINE ( 'NONE', #7821, #3315 ) ;
#7870 = CARTESIAN_POINT ( 'NONE',  ( -3.000000000000043965, -6.599999999999933920, 21.30000000000002203 ) ) ;
#7871 = CARTESIAN_POINT ( 'NONE',  ( -19.36537178530725711, 29.59999999999998721, 65.23730005079184480 ) ) ;
#7872 = CARTESIAN_POINT ( 'NONE',  ( -15.23541851314386975, 29.59999999999999787, 63.06226726189409248 ) ) ;
#7873 = CARTESIAN_POINT ( 'NONE',  ( -12.01939983782369836, 28.99999999999998934, 64.62062234358913315 ) ) ;
#7874 = DIRECTION ( 'NONE',  ( -4.670409358399121388E-15, -1.000000000000000000, 0.000000000000000000 ) ) ;
#7875 = CARTESIAN_POINT ( 'NONE',  ( -15.44839943803959059, 29.60000000000000142, 62.16203522071355536 ) ) ;
#7876 = LINE ( 'NONE', #1318, #6125 ) ;
#7877 = ORIENTED_EDGE ( 'NONE', *, *, #8705, .F. ) ;
#7878 = CARTESIAN_POINT ( 'NONE',  ( -5.000000000000000000, 28.99999999999999645, 0.5000000000000281997 ) ) ;
#7879 = CARTESIAN_POINT ( 'NONE',  ( -28.01422470873685455, 29.59999999999999432, 62.15948746485633336 ) ) ;
#7880 = CARTESIAN_POINT ( 'NONE',  ( -82.71666666666665435, 9.416666666666129615, 33.83333333333442994 ) ) ;
#7881 = DIRECTION ( 'NONE',  ( 1.000000000000000000, 0.000000000000000000, 0.000000000000000000 ) ) ;
#7882 = DIRECTION ( 'NONE',  ( 1.000000000000000000, 0.000000000000000000, 0.000000000000000000 ) ) ;
#7883 = CARTESIAN_POINT ( 'NONE',  ( -35.98265316470860853, 29.59999999999999076, 64.11752169028821413 ) ) ;
#7884 = CARTESIAN_POINT ( 'NONE',  ( -37.78864560037028753, 29.59999999999999076, 62.15818613606688814 ) ) ;
#7885 = VERTEX_POINT ( 'NONE', #2005 ) ;
#7886 = EDGE_CURVE ( 'NONE', #2768, #5640, #4937, .T. ) ;
#7887 = ADVANCED_FACE ( 'NONE', ( #7932 ), #8795, .T. ) ;
#7888 = EDGE_LOOP ( 'NONE', ( #2880, #464, #9192, #3521 ) ) ;
#7889 = CARTESIAN_POINT ( 'NONE',  ( -28.67326098498566722, 28.99999999999999645, 64.43883517452844956 ) ) ;
#7890 = VERTEX_POINT ( 'NONE', #2157 ) ;
#7891 = CARTESIAN_POINT ( 'NONE',  ( -42.17326098498567433, 29.59999999999999076, 64.98510921298996834 ) ) ;
#7892 = CARTESIAN_POINT ( 'NONE',  ( -102.7999999999999972, 29.50000000000002487, 0.5000000000000283107 ) ) ;
#7893 = CARTESIAN_POINT ( 'NONE',  ( -19.67326098498567077, 28.99999999999999645, 63.49863084760534804 ) ) ;
#7894 = DIRECTION ( 'NONE',  ( -0.5773502691896310601, -0.5773502691896152950, 0.5773502691896310601 ) ) ;
#7895 = CARTESIAN_POINT ( 'NONE',  ( -29.94249175421643372, 29.59999999999999432, 65.73510921298995413 ) ) ;
#7896 = CARTESIAN_POINT ( 'NONE',  ( -18.91673342055884532, 28.99999999999999645, 62.94336049078565054 ) ) ;
#7897 = LINE ( 'NONE', #4377, #3674 ) ;
#7898 = CARTESIAN_POINT ( 'NONE',  ( -16.96620114359002685, 29.59999999999999432, 65.52549029073712461 ) ) ;
#7899 = ORIENTED_EDGE ( 'NONE', *, *, #4161, .F. ) ;
#7900 = CARTESIAN_POINT ( 'NONE',  ( -29.45515716326410782, 29.59999999999999787, 63.46687955153354466 ) ) ;
#7901 = ORIENTED_EDGE ( 'NONE', *, *, #717, .F. ) ;
#7902 = CARTESIAN_POINT ( 'NONE',  ( -15.00006521471554777, 28.99999999999998934, 64.61765713129227606 ) ) ;
#7903 = ORIENTED_EDGE ( 'NONE', *, *, #5097, .F. ) ;
#7904 = CARTESIAN_POINT ( 'NONE',  ( 13.64644660940670740, 13.64644660940671095, 73.00000000000000000 ) ) ;
#7905 = CARTESIAN_POINT ( 'NONE',  ( -22.95080193264676183, 28.99999999999999289, 64.03664153671326176 ) ) ;
#7906 = CARTESIAN_POINT ( 'NONE',  ( -105.5000000000000000, 28.99999999999998579, 14.25000000000004086 ) ) ;
#7907 = CARTESIAN_POINT ( 'NONE',  ( -23.13322435486479023, 28.99999999999999289, 63.45371195238226392 ) ) ;
#7908 = DATE_AND_TIME ( #3966, #761 ) ;
#7909 = ORIENTED_EDGE ( 'NONE', *, *, #6147, .T. ) ;
#7910 = EDGE_CURVE ( 'NONE', #3040, #9073, #5854, .T. ) ;
#7911 = EDGE_LOOP ( 'NONE', ( #2481, #8612, #3030, #7162 ) ) ;
#7912 = EDGE_CURVE ( 'NONE', #7261, #5112, #7491, .T. ) ;
#7913 = CARTESIAN_POINT ( 'NONE',  ( -22.21671745916983554, 29.60000000000001918, 63.05376029987498754 ) ) ;
#7914 = VECTOR ( 'NONE', #960, 999.9999999999998863 ) ;
#7915 = DIRECTION ( 'NONE',  ( 0.000000000000000000, 0.000000000000000000, 1.000000000000000000 ) ) ;
#7916 = CARTESIAN_POINT ( 'NONE',  ( -17.06296751012145663, 29.59999999999999432, 64.88704742904303657 ) ) ;
#7917 = CARTESIAN_POINT ( 'NONE',  ( -19.15962385259360801, 29.59999999999999432, 65.43089587304915256 ) ) ;
#7918 = DIRECTION ( 'NONE',  ( -0.5773502691896206240, -0.5773502691896199579, -0.5773502691896367223 ) ) ;
#7919 = FACE_OUTER_BOUND ( 'NONE', #9203, .T. ) ;
#7920 = CARTESIAN_POINT ( 'NONE',  ( -18.23532635128047730, 29.59999999999999432, 65.33875421579912768 ) ) ;
#7921 = B_SPLINE_CURVE_WITH_KNOTS ( 'NONE', 3,
 ( #3814, #3194, #9062, #2469, #5405, #3095, #1335, #4230, #4372, #5100, #2882 ),
 .UNSPECIFIED., .F., .F.,
 ( 4, 1, 1, 1, 1, 1, 1, 1, 4 ),
 ( 0.000000000000000000, 0.1191872499897267540, 0.2364492136138232892, 0.3526964175350921771, 0.4691294060866679216, 0.5898117834426045425, 0.7176139690473988253, 0.8546066610398606045, 1.000000000000000000 ),
 .UNSPECIFIED. ) ;
#7922 = CARTESIAN_POINT ( 'NONE',  ( -104.9999999999999716, 28.99999999999998579, 55.24999999999995026 ) ) ;
#7923 = VECTOR ( 'NONE', #8779, 1000.000000000000227 ) ;
#7924 = AXIS2_PLACEMENT_3D ( 'NONE', #2961, #2241, #111 ) ;
#7925 = EDGE_CURVE ( 'NONE', #1621, #1829, #3732, .T. ) ;
#7926 = CARTESIAN_POINT ( 'NONE',  ( -26.61042363297770663, 28.99999999999999645, 63.98370710216788382 ) ) ;
#7927 = EDGE_LOOP ( 'NONE', ( #4441, #2503, #1234, #2184 ) ) ;
#7928 = ADVANCED_FACE ( 'NONE', ( #6001 ), #3780, .F. ) ;
#7929 = VECTOR ( 'NONE', #8287, 1000.000000000000000 ) ;
#7930 = CARTESIAN_POINT ( 'NONE',  ( -27.58966751534332573, 28.99999999999999645, 65.61506785181039447 ) ) ;
#7931 = CARTESIAN_POINT ( 'NONE',  ( -29.06204054916261725, 29.59999999999999432, 66.29543088703968579 ) ) ;
#7932 = FACE_OUTER_BOUND ( 'NONE', #6458, .T. ) ;
#7933 = CARTESIAN_POINT ( 'NONE',  ( -16.21172252344721443, 29.59999999999999787, 64.43883517452844956 ) ) ;
#7934 = CARTESIAN_POINT ( 'NONE',  ( -38.94249175421644082, 28.99999999999998934, 64.98781353991303433 ) ) ;
#7935 = CARTESIAN_POINT ( 'NONE',  ( -36.55213426904464313, 29.59999999999999432, 63.78651942051052970 ) ) ;
#7936 = CARTESIAN_POINT ( 'NONE',  ( -22.37827188209730522, 29.59999999999999787, 62.94336049078565054 ) ) ;
#7937 = AXIS2_PLACEMENT_3D ( 'NONE', #5617, #8364, #2673 ) ;
#7938 = ORIENTED_EDGE ( 'NONE', *, *, #8449, .T. ) ;
#7939 = ORIENTED_EDGE ( 'NONE', *, *, #736, .T. ) ;
#7940 = DIRECTION ( 'NONE',  ( 1.000000000000000000, 0.000000000000000000, 0.000000000000000000 ) ) ;
#7941 = ORIENTED_EDGE ( 'NONE', *, *, #2256, .T. ) ;
#7942 = CARTESIAN_POINT ( 'NONE',  ( -10.76452022730657987, 28.99999999999998934, 66.22015092299592709 ) ) ;
#7943 = ORIENTED_EDGE ( 'NONE', *, *, #2800, .F. ) ;
#7944 = CARTESIAN_POINT ( 'NONE',  ( -22.86910526143124756, 28.99999999999999289, 64.14053963481318021 ) ) ;
#7945 = CARTESIAN_POINT ( 'NONE',  ( -24.00018406190875453, 28.99999999999999289, 66.65818613606688814 ) ) ;
#7946 = CARTESIAN_POINT ( 'NONE',  ( -20.53535440066662332, 29.59999999999999076, 63.52870578933036683 ) ) ;
#7947 = CARTESIAN_POINT ( 'NONE',  ( -13.17927060037028397, 28.99999999999999289, 64.51095055914380794 ) ) ;
#7948 = CARTESIAN_POINT ( 'NONE',  ( -11.15926876091165276, 29.59999999999999076, 62.55793437562742554 ) ) ;
#7949 = LINE ( 'NONE', #6547, #8301 ) ;
#7950 = CARTESIAN_POINT ( 'NONE',  ( -16.68739325699755227, 29.59999999999999432, 66.18684664652660388 ) ) ;
#7951 = EDGE_CURVE ( 'NONE', #8235, #830, #1614, .T. ) ;
#7952 = B_SPLINE_SURFACE_WITH_KNOTS ( 'NONE', 3, 1, ( 
 ( #3661, #4341 ),
 ( #4432, #767 ),
 ( #7958, #3709 ),
 ( #8676, #6649 ),
 ( #41, #2984 ),
 ( #5736, #5925 ),
 ( #668, #2031 ),
 ( #6508, #1297 ),
 ( #9444, #4960 ),
 ( #7179, #2179 ),
 ( #8055, #2844 ) ),
 .UNSPECIFIED., .F., .F., .F.,
 ( 4, 1, 1, 1, 1, 1, 1, 1, 4 ),
 ( 2, 2 ),
 ( 0.000000000000000000, 0.08237348889050945255, 0.1770424282288228235, 0.2833373815775394600, 0.4023947863055167828, 0.5326984036723079186, 0.6759363878958126737, 0.8314126667987170594, 1.000000000000000000 ),
 ( 0.000000000000000000, 1.000000000000000000 ),
 .UNSPECIFIED. ) ;
#7953 = ORIENTED_EDGE ( 'NONE', *, *, #4090, .T. ) ;
#7954 = CARTESIAN_POINT ( 'NONE',  ( -15.01255441346454411, 29.59999999999998366, 63.93148241945100096 ) ) ;
#7955 = ORIENTED_EDGE ( 'NONE', *, *, #3713, .T. ) ;
#7956 = CARTESIAN_POINT ( 'NONE',  ( -15.00535161209072399, 29.00000000000000711, 64.78621502529246357 ) ) ;
#7957 = EDGE_LOOP ( 'NONE', ( #3119, #8482, #1751, #5344 ) ) ;
#7958 = CARTESIAN_POINT ( 'NONE',  ( -27.53340062210408945, 29.59999999999998721, 63.44141690147067436 ) ) ;
#7959 = CARTESIAN_POINT ( 'NONE',  ( -10.76452022730657987, 28.99999999999998224, 66.22015092299592709 ) ) ;
#7960 = CARTESIAN_POINT ( 'NONE',  ( -29.19914098288634463, 28.99999999999998934, 66.10887531149904817 ) ) ;
#7961 = CARTESIAN_POINT ( 'NONE',  ( -16.17512503004309110, 28.99999999999999289, 65.21674205202072017 ) ) ;
#7962 = DATE_TIME_ROLE ( 'classification_date' ) ;
#7963 = ORIENTED_EDGE ( 'NONE', *, *, #7123, .F. ) ;
#7964 = EDGE_LOOP ( 'NONE', ( #2980, #8528, #4981, #228 ) ) ;
#7965 = EDGE_CURVE ( 'NONE', #5922, #1017, #9296, .T. ) ;
#7966 = CARTESIAN_POINT ( 'NONE',  ( -22.04064435883876527, 29.59999999999999432, 63.57040566043745144 ) ) ;
#7967 = CARTESIAN_POINT ( 'NONE',  ( -14.38434218233667750, 28.99999999999999289, 62.93702703193130077 ) ) ;
#7968 = CARTESIAN_POINT ( 'NONE',  ( -20.37405153781887535, 29.60000000000000497, 64.08802397150157049 ) ) ;
#7969 = LINE ( 'NONE', #2859, #1761 ) ;
#7970 = CARTESIAN_POINT ( 'NONE',  ( -15.52388031114633726, 29.00000000000000000, 62.91171570126547152 ) ) ;
#7971 = CARTESIAN_POINT ( 'NONE',  ( -0.5000000000000419664, 0.000000000000000000, 0.000000000000000000 ) ) ;
#7972 = DIRECTION ( 'NONE',  ( -1.000000000000000000, 0.000000000000000000, 0.000000000000000000 ) ) ;
#7973 = CARTESIAN_POINT ( 'NONE',  ( -24.00018406190875808, 29.59999999999999787, 63.38234478991305565 ) ) ;
#7974 = EDGE_CURVE ( 'NONE', #6862, #5378, #3668, .T. ) ;
#7975 = VECTOR ( 'NONE', #756, 1000.000000000000000 ) ;
#7976 = VECTOR ( 'NONE', #5248, 1000.000000000000000 ) ;
#7977 = CARTESIAN_POINT ( 'NONE',  ( -19.15763598498567077, 28.99999999999999289, 62.15818613606688814 ) ) ;
#7978 = ORIENTED_EDGE ( 'NONE', *, *, #8793, .F. ) ;
#7979 = AXIS2_PLACEMENT_3D ( 'NONE', #3640, #7351, #742 ) ;
#7980 = CARTESIAN_POINT ( 'NONE',  ( -23.52092434650666064, 28.99999999999999645, 64.56514916011086314 ) ) ;
#7981 = CARTESIAN_POINT ( 'NONE',  ( -28.06749175421643727, 29.59999999999999432, 66.71587844375920895 ) ) ;
#7982 = ADVANCED_FACE ( 'NONE', ( #3062 ), #1839, .F. ) ;
#7983 = CARTESIAN_POINT ( 'NONE',  ( -19.06308323466086918, 29.00000000000000711, 64.50354387168299297 ) ) ;
#7984 = DIRECTION ( 'NONE',  ( 0.000000000000000000, 0.000000000000000000, -1.000000000000000000 ) ) ;
#7985 = DIRECTION ( 'NONE',  ( 1.418996708365486154E-16, -1.000000000000000000, -0.000000000000000000 ) ) ;
#7986 = VECTOR ( 'NONE', #5160, 1000.000000000000000 ) ;
#7987 = CARTESIAN_POINT ( 'NONE',  ( -20.39740268181929395, 28.99999999999999645, 62.79469879474976324 ) ) ;
#7988 = VECTOR ( 'NONE', #6084, 1000.000000000000000 ) ;
#7989 = CARTESIAN_POINT ( 'NONE',  ( -22.60114560037029108, 29.00000000000000000, 62.90818613606688814 ) ) ;
#7990 = ORIENTED_EDGE ( 'NONE', *, *, #4130, .T. ) ;
#7991 = ORIENTED_EDGE ( 'NONE', *, *, #9253, .F. ) ;
#7992 = VECTOR ( 'NONE', #6352, 1000.000000000000000 ) ;
#7993 = VECTOR ( 'NONE', #5445, 1000.000000000000000 ) ;
#7994 = VERTEX_POINT ( 'NONE', #8984 ) ;
#7995 = FACE_OUTER_BOUND ( 'NONE', #3081, .T. ) ;
#7996 = CARTESIAN_POINT ( 'NONE',  ( -12.74860897024940165, 28.99999999999998579, 63.45371195238224971 ) ) ;
#7997 = CARTESIAN_POINT ( 'NONE',  ( -22.80318599100992927, 29.59999999999998721, 64.21528985257819500 ) ) ;
#7998 = CARTESIAN_POINT ( 'NONE',  ( -5.000000000000000000, 28.99999999999999645, 73.00000000000000000 ) ) ;
#7999 = LINE ( 'NONE', #8087, #3609 ) ;
#8000 = DIRECTION ( 'NONE',  ( 6.938893903907222067E-15, -1.000000000000000000, 0.000000000000000000 ) ) ;
#8001 = CARTESIAN_POINT ( 'NONE',  ( -11.35457750167225655, 28.99999999999999645, 62.39826547171087157 ) ) ;
#8002 = CARTESIAN_POINT ( 'NONE',  ( -24.00018406190875453, 28.99999999999999645, 63.38234478991304144 ) ) ;
#8003 = CARTESIAN_POINT ( 'NONE',  ( -17.86211763762839766, 28.99999999999999645, 62.89404783349711181 ) ) ;
#8004 = ORIENTED_EDGE ( 'NONE', *, *, #7241, .T. ) ;
#8005 = CARTESIAN_POINT ( 'NONE',  ( -15.05268088815764038, 29.59999999999999432, 63.54325693029271349 ) ) ;
#8006 = ORIENTED_EDGE ( 'NONE', *, *, #1473, .T. ) ;
#8007 = EDGE_CURVE ( 'NONE', #856, #2083, #8937, .T. ) ;
#8008 = DIRECTION ( 'NONE',  ( 0.5773502691896258421, -0.5773502691896418293, 0.5773502691896097438 ) ) ;
#8009 = VERTEX_POINT ( 'NONE', #8167 ) ;
#8010 = LINE ( 'NONE', #8820, #2854 ) ;
#8011 = LINE ( 'NONE', #2943, #9154 ) ;
#8012 = LINE ( 'NONE', #8058, #7986 ) ;
#8013 = CARTESIAN_POINT ( 'NONE',  ( -11.94339319652413067, 29.59999999999999787, 65.79280152068227494 ) ) ;
#8014 = CARTESIAN_POINT ( 'NONE',  ( -16.20598272206537871, 29.59999999999999076, 64.78864496953715957 ) ) ;
#8015 = B_SPLINE_CURVE_WITH_KNOTS ( 'NONE', 3,
 ( #6559, #2264, #3664, #6510, #2899, #5786, #1, #7378, #6463, #2944, #8101, #7182, #9447, #43, #8728, #9402, #1300, #2128, #5068, #9497, #1498 ),
 .UNSPECIFIED., .F., .F.,
 ( 4, 1, 1, 1, 1, 1, 1, 1, 1, 1, 1, 1, 1, 1, 1, 1, 1, 1, 4 ),
 ( 0.000000000000000000, 0.03697589911787107358, 0.07919380565197071953, 0.1263611040582897083, 0.1791959260289999190, 0.2370233567260350283, 0.3005781796994430044, 0.3688032070373766236, 0.4427636198457219896, 0.5160455776874045553, 0.5825014191568227417, 0.6417953814615279251, 0.6946446714591546501, 0.7407048907381673652, 0.7796151080458150195, 0.8121003791382506165, 0.8378410910526373767, 0.9229877051599603144, 1.000000000000000000 ),
 .UNSPECIFIED. ) ;
#8016 = EDGE_LOOP ( 'NONE', ( #701, #772, #5392, #4340 ) ) ;
#8017 = ORIENTED_EDGE ( 'NONE', *, *, #6567, .F. ) ;
#8018 = EDGE_CURVE ( 'NONE', #1004, #2990, #1662, .T. ) ;
#8019 = CARTESIAN_POINT ( 'NONE',  ( -27.69763360417662668, 29.59999999999999432, 65.80926924103962961 ) ) ;
#8020 = ADVANCED_FACE ( 'NONE', ( #4502 ), #7444, .T. ) ;
#8021 = CARTESIAN_POINT ( 'NONE',  ( -14.14888517143924673, 28.99999999999998934, 63.98370710216788382 ) ) ;
#8022 = CARTESIAN_POINT ( 'NONE',  ( -17.06296751012145663, 28.99999999999999289, 64.88704742904303657 ) ) ;
#8023 = CARTESIAN_POINT ( 'NONE',  ( -13.61446567160639987, 29.59999999999999432, 63.43139590477776579 ) ) ;
#8024 = CARTESIAN_POINT ( 'NONE',  ( -19.96965195554107098, 29.60000000000000142, 62.35348029611564158 ) ) ;
#8025 = CARTESIAN_POINT ( 'NONE',  ( -2.999999999985902832, -3.600000001751326728, 31.19999999898882237 ) ) ;
#8026 = DIRECTION ( 'NONE',  ( -0.5663183426695762579, 0.000000000000000000, -0.8241865897695646037 ) ) ;
#8027 = CARTESIAN_POINT ( 'NONE',  ( -11.70567907479037473, 29.59999999999998721, 63.28251742388032852 ) ) ;
#8028 = FACE_OUTER_BOUND ( 'NONE', #4455, .T. ) ;
#8029 = EDGE_LOOP ( 'NONE', ( #1481, #4956, #5450, #6029 ) ) ;
#8030 = B_SPLINE_SURFACE_WITH_KNOTS ( 'NONE', 3, 1, ( 
 ( #3723, #732 ),
 ( #5268, #1601 ),
 ( #5316, #2373 ),
 ( #8254, #1653 ),
 ( #4592, #3875 ),
 ( #876, #8204 ),
 ( #5992, #8975 ),
 ( #3823, #4493 ),
 ( #4543, #7434 ),
 ( #7537, #2956 ),
 ( #930, #6811 ) ),
 .UNSPECIFIED., .F., .F., .F.,
 ( 4, 1, 1, 1, 1, 1, 1, 1, 4 ),
 ( 2, 2 ),
 ( 0.000000000000000000, 0.1490017644808729891, 0.2818997171181862882, 0.4047912702311844413, 0.5211370919580888827, 0.6343386118877022417, 0.7490297757807460322, 0.8688324994655988176, 1.000000000000000000 ),
 ( 0.000000000000000000, 1.000000000000000000 ),
 .UNSPECIFIED. ) ;
#8031 = CARTESIAN_POINT ( 'NONE',  ( -27.47213581905670665, 28.99999999999998934, 64.93988012568932788 ) ) ;
#8032 = CARTESIAN_POINT ( 'NONE',  ( -27.61509150165251825, 29.00000000000001066, 62.21894754577338205 ) ) ;
#8033 = CARTESIAN_POINT ( 'NONE',  ( -16.16502004077773691, 29.59999999999999432, 63.56453297040035011 ) ) ;
#8034 = CARTESIAN_POINT ( 'NONE',  ( -27.46160367625399701, 29.59999999999998366, 64.61765713129227606 ) ) ;
#8035 = CARTESIAN_POINT ( 'NONE',  ( -41.59633790806259412, 28.99999999999998934, 65.73510921298995413 ) ) ;
#8036 = CARTESIAN_POINT ( 'NONE',  ( -19.73231787150520233, 28.99999999999999645, 62.24291216561618256 ) ) ;
#8037 = CARTESIAN_POINT ( 'NONE',  ( -22.56189935552824366, 29.60000000000000497, 62.90996901907805494 ) ) ;
#8038 = ORIENTED_EDGE ( 'NONE', *, *, #3061, .T. ) ;
#8039 = EDGE_CURVE ( 'NONE', #1385, #4043, #939, .T. ) ;
#8040 = ORIENTED_EDGE ( 'NONE', *, *, #905, .T. ) ;
#8041 = VERTEX_POINT ( 'NONE', #5566 ) ;
#8042 = CARTESIAN_POINT ( 'NONE',  ( -16.07891133642853276, 28.99999999999999289, 65.63534013185690696 ) ) ;
#8043 = VERTEX_POINT ( 'NONE', #4116 ) ;
#8044 = CARTESIAN_POINT ( 'NONE',  ( -32.59633790806259412, 28.99999999999999289, 64.98510921298996834 ) ) ;
#8045 = PLANE ( 'NONE',  #7765 ) ;
#8046 = CARTESIAN_POINT ( 'NONE',  ( -35.82710713883183473, 29.59999999999999432, 64.17741690529766174 ) ) ;
#8047 = CARTESIAN_POINT ( 'NONE',  ( -12.18643005412026170, 29.00000000000000000, 62.15882148759504133 ) ) ;
#8048 = DIRECTION ( 'NONE',  ( 0.000000000000000000, -0.000000000000000000, 1.000000000000000000 ) ) ;
#8049 = CARTESIAN_POINT ( 'NONE',  ( -32.59633790806259412, 29.59999999999999432, 66.65818613606688814 ) ) ;
#8050 = VERTEX_POINT ( 'NONE', #3931 ) ;
#8051 = CARTESIAN_POINT ( 'NONE',  ( -15.02359959220163432, 28.99999999999999645, 63.78843131768208252 ) ) ;
#8052 = ORIENTED_EDGE ( 'NONE', *, *, #1844, .T. ) ;
#8053 = CARTESIAN_POINT ( 'NONE',  ( -15.44839943803959059, 29.00000000000000000, 62.16203522071355536 ) ) ;
#8054 = ORIENTED_EDGE ( 'NONE', *, *, #1177, .T. ) ;
#8055 = CARTESIAN_POINT ( 'NONE',  ( -27.46172252344721088, 29.59999999999999787, 64.43883517452844956 ) ) ;
#8056 = EDGE_CURVE ( 'NONE', #7525, #1873, #311, .T. ) ;
#8057 = CARTESIAN_POINT ( 'NONE',  ( -11.43479994580029668, 29.00000000000000355, 65.20056175677521537 ) ) ;
#8058 = CARTESIAN_POINT ( 'NONE',  ( -102.5499999999999829, 29.25000000000000355, 72.49999999999995737 ) ) ;
#8059 = CARTESIAN_POINT ( 'NONE',  ( -12.62457773565985519, 28.99999999999998934, 65.07260530756093431 ) ) ;
#8060 = CARTESIAN_POINT ( 'NONE',  ( -23.10392017438398327, 29.60000000000000142, 63.24896894619981680 ) ) ;
#8061 = VERTEX_POINT ( 'NONE', #5515 ) ;
#8062 = ORIENTED_EDGE ( 'NONE', *, *, #581, .T. ) ;
#8063 = CARTESIAN_POINT ( 'NONE',  ( -27.98595647783000828, 29.59999999999998366, 65.96172314411873572 ) ) ;
#8064 = CARTESIAN_POINT ( 'NONE',  ( -14.13479944652413245, 28.99999999999998934, 64.42982075145150134 ) ) ;
#8065 = CARTESIAN_POINT ( 'NONE',  ( -23.76027108527276965, 29.59999999999999787, 64.22769580576583337 ) ) ;
#8066 = CARTESIAN_POINT ( 'NONE',  ( -15.60595329267797737, 29.59999999999999432, 62.90818613606688814 ) ) ;
#8067 = PLANE ( 'NONE',  #8589 ) ;
#8068 = CARTESIAN_POINT ( 'NONE',  ( -12.75018406190874742, 29.59999999999999787, 63.49863084760536225 ) ) ;
#8069 = CARTESIAN_POINT ( 'NONE',  ( -21.81941533041569414, 29.60000000000000142, 65.20056175677522958 ) ) ;
#8070 = EDGE_CURVE ( 'NONE', #8615, #5060, #2576, .T. ) ;
#8071 = CARTESIAN_POINT ( 'NONE',  ( -28.22810523835797625, 29.60000000000000497, 65.94370047351597464 ) ) ;
#8072 = ORIENTED_EDGE ( 'NONE', *, *, #5878, .F. ) ;
#8073 = CARTESIAN_POINT ( 'NONE',  ( -36.68091088798203714, 28.99999999999998934, 63.68316958132988503 ) ) ;
#8074 = CARTESIAN_POINT ( 'NONE',  ( -27.35662454631980012, 29.59999999999999076, 62.33407319236052047 ) ) ;
#8075 = VECTOR ( 'NONE', #5442, 1000.000000000000000 ) ;
#8076 = CARTESIAN_POINT ( 'NONE',  ( -18.85777704872552363, 28.99999999999998934, 64.70237932490228161 ) ) ;
#8077 = CARTESIAN_POINT ( 'NONE',  ( -1.499999999999971800, 0.000000000000000000, 0.5000000000000281997 ) ) ;
#8078 = CARTESIAN_POINT ( 'NONE',  ( -22.07162095834970472, 28.99999999999998934, 63.35262999331450828 ) ) ;
#8079 = DIRECTION ( 'NONE',  ( 0.000000000000000000, 0.000000000000000000, -1.000000000000000000 ) ) ;
#8080 = VECTOR ( 'NONE', #1531, 1000.000000000000000 ) ;
#8081 = ORIENTED_EDGE ( 'NONE', *, *, #717, .T. ) ;
#8082 = VECTOR ( 'NONE', #2462, 1000.000000000000000 ) ;
#8083 = ORIENTED_EDGE ( 'NONE', *, *, #8636, .F. ) ;
#8084 = LINE ( 'NONE', #2827, #9005 ) ;
#8085 = ORIENTED_EDGE ( 'NONE', *, *, #1098, .T. ) ;
#8086 = CARTESIAN_POINT ( 'NONE',  ( -28.66106251077120248, 28.99999999999998934, 63.93728163750604665 ) ) ;
#8087 = CARTESIAN_POINT ( 'NONE',  ( 0.000000000000000000, 0.5000000000000281997, 73.00000000000000000 ) ) ;
#8088 = DIRECTION ( 'NONE',  ( 0.000000000000000000, -1.000000000000000000, 0.000000000000000000 ) ) ;
#8089 = LINE ( 'NONE', #1488, #7004 ) ;
#8090 = CARTESIAN_POINT ( 'NONE',  ( -16.73999122002557982, 29.00000000000000711, 62.76957086735013291 ) ) ;
#8091 = LINE ( 'NONE', #2979, #9069 ) ;
#8092 = VECTOR ( 'NONE', #9129, 1000.000000000000000 ) ;
#8093 = EDGE_CURVE ( 'NONE', #6359, #327, #6869, .T. ) ;
#8094 = ORIENTED_EDGE ( 'NONE', *, *, #8128, .T. ) ;
#8095 = ORIENTED_EDGE ( 'NONE', *, *, #22, .T. ) ;
#8096 = CARTESIAN_POINT ( 'NONE',  ( -15.55268624719839465, 28.99999999999998934, 62.15948746485633336 ) ) ;
#8097 = EDGE_CURVE ( 'NONE', #6318, #2317, #2950, .T. ) ;
#8098 = ORIENTED_EDGE ( 'NONE', *, *, #6650, .F. ) ;
#8099 = CARTESIAN_POINT ( 'NONE',  ( -12.57891002344720555, 29.59999999999999432, 64.01876305914380794 ) ) ;
#8100 = CARTESIAN_POINT ( 'NONE',  ( -22.47395104891390716, 29.59999999999999432, 65.58481777482313646 ) ) ;
#8101 = CARTESIAN_POINT ( 'NONE',  ( -12.52935322981418764, 28.99999999999999289, 65.15694757337564624 ) ) ;
#8102 = LINE ( 'NONE', #2182, #2916 ) ;
#8103 = EDGE_CURVE ( 'NONE', #1765, #8331, #1929, .T. ) ;
#8104 = LINE ( 'NONE', #3038, #4448 ) ;
#8105 = ORIENTED_EDGE ( 'NONE', *, *, #1496, .T. ) ;
#8106 = ORIENTED_EDGE ( 'NONE', *, *, #5890, .T. ) ;
#8107 = EDGE_CURVE ( 'NONE', #5394, #1974, #6335, .T. ) ;
#8108 = CARTESIAN_POINT ( 'NONE',  ( -22.37827188209730522, 29.59999999999999787, 62.94336049078565054 ) ) ;
#8109 = CARTESIAN_POINT ( 'NONE',  ( -23.79359776461866005, 29.59999999999999787, 62.69410884949884633 ) ) ;
#8110 = CARTESIAN_POINT ( 'NONE',  ( -5.499999999999989342, -6.599999999999933920, 21.30000000000002203 ) ) ;
#8111 = CARTESIAN_POINT ( 'NONE',  ( -23.06192099985347355, 29.59999999999998721, 62.20551655094874377 ) ) ;
#8112 = CARTESIAN_POINT ( 'NONE',  ( -105.5000000000000000, 29.50000000000002487, 55.24999999999995026 ) ) ;
#8113 = PLANE ( 'NONE',  #7686 ) ;
#8114 = CARTESIAN_POINT ( 'NONE',  ( -36.52620118848235364, 28.99999999999998934, 62.91352956183765599 ) ) ;
#8115 = CARTESIAN_POINT ( 'NONE',  ( -32.59633790806259412, 29.59999999999999432, 66.65818613606688814 ) ) ;
#8116 = VERTEX_POINT ( 'NONE', #5466 ) ;
#8117 = CARTESIAN_POINT ( 'NONE',  ( -16.21023027477487588, 29.59999999999999076, 64.26004090919404632 ) ) ;
#8118 = CARTESIAN_POINT ( 'NONE',  ( -5.333333333333334814, 0.3333333333333420856, 32.83333333333330728 ) ) ;
#8119 = CARTESIAN_POINT ( 'NONE',  ( -11.68700557373432325, 29.00000000000000711, 63.35262999331453670 ) ) ;
#8120 = CARTESIAN_POINT ( 'NONE',  ( -14.14888517143924673, 29.59999999999999432, 63.98370710216788382 ) ) ;
#8121 = PLANE ( 'NONE',  #6687 ) ;
#8122 = AXIS2_PLACEMENT_3D ( 'NONE', #8608, #7788, #1954 ) ;
#8123 = CARTESIAN_POINT ( 'NONE',  ( -15.17850548396858734, 29.59999999999999432, 65.72412153017623382 ) ) ;
#8124 = AXIS2_PLACEMENT_3D ( 'NONE', #3244, #7126, #5594 ) ;
#8125 = ORIENTED_EDGE ( 'NONE', *, *, #8481, .F. ) ;
#8126 = EDGE_LOOP ( 'NONE', ( #6466, #5790, #7355, #5482 ) ) ;
#8127 = VECTOR ( 'NONE', #1246, 1000.000000000000000 ) ;
#8128 = EDGE_CURVE ( 'NONE', #5707, #989, #3647, .T. ) ;
#8129 = AXIS2_PLACEMENT_3D ( 'NONE', #1698, #5935, #8197 ) ;
#8130 = CARTESIAN_POINT ( 'NONE',  ( -11.31224942820355217, 29.00000000000000711, 65.33875421579914189 ) ) ;
#8131 = CARTESIAN_POINT ( 'NONE',  ( -98.29999999999995453, 25.99999999999999645, 69.99999999999998579 ) ) ;
#8132 = CARTESIAN_POINT ( 'NONE',  ( -28.09493863579573514, 28.99999999999998934, 62.90941351001680459 ) ) ;
#8133 = CARTESIAN_POINT ( 'NONE',  ( -23.56388598498567433, 29.59999999999999432, 64.51095055914380794 ) ) ;
#8134 = LINE ( 'NONE', #3652, #6738 ) ;
#8135 = CARTESIAN_POINT ( 'NONE',  ( -15.97596560856719172, 28.99999999999999289, 63.06632603248693414 ) ) ;
#8136 = CARTESIAN_POINT ( 'NONE',  ( -29.53178707727594343, 28.99999999999998934, 64.13439342316210912 ) ) ;
#8137 = CARTESIAN_POINT ( 'NONE',  ( -22.61917444652413423, 29.59999999999999432, 62.15818613606688814 ) ) ;
#8138 = EDGE_LOOP ( 'NONE', ( #4211, #3365, #1445 ) ) ;
#8139 = VECTOR ( 'NONE', #6218, 1000.000000000000114 ) ;
#8140 = VECTOR ( 'NONE', #986, 1000.000000000000114 ) ;
#8141 = ORIENTED_EDGE ( 'NONE', *, *, #8549, .F. ) ;
#8142 = CARTESIAN_POINT ( 'NONE',  ( -17.76583444351047802, 29.60000000000000142, 63.18135675046038102 ) ) ;
#8143 = ORIENTED_EDGE ( 'NONE', *, *, #2176, .F. ) ;
#8144 = B_SPLINE_CURVE_WITH_KNOTS ( 'NONE', 3,
 ( #9504, #8684, #2087, #8108, #2905, #7913, #1504, #5020, #775, #3577, #4252, #7187, #580, #7966, #7242 ),
 .UNSPECIFIED., .F., .F.,
 ( 4, 1, 1, 1, 1, 1, 1, 1, 1, 1, 1, 1, 4 ),
 ( 0.000000000000000000, 0.1168789425891936934, 0.2257848828927967733, 0.3300293635824508853, 0.4347845767395981387, 0.4896303961209848010, 0.5483216779436224098, 0.6108337112498961607, 0.6777304768539422763, 0.7492316971979294804, 0.8268884690772763113, 0.9101270386610832430, 1.000000000000000000 ),
 .UNSPECIFIED. ) ;
#8145 = CARTESIAN_POINT ( 'NONE',  ( -12.28688158503864614, 29.59999999999999787, 62.15919151790433972 ) ) ;
#8146 = CARTESIAN_POINT ( 'NONE',  ( -16.07891133642853276, 29.59999999999999432, 65.63534013185690696 ) ) ;
#8147 = CARTESIAN_POINT ( 'NONE',  ( -26.70560714039793382, 29.59999999999999076, 63.34674328390536857 ) ) ;
#8148 = ADVANCED_FACE ( 'NONE', ( #6573 ), #8692, .T. ) ;
#8149 = CARTESIAN_POINT ( 'NONE',  ( -13.02961358963152172, 28.99999999999998934, 64.68424159767958770 ) ) ;
#8150 = CARTESIAN_POINT ( 'NONE',  ( -22.91767569363672408, 28.99999999999998934, 62.99015779656219394 ) ) ;
#8151 = ORIENTED_EDGE ( 'NONE', *, *, #1527, .T. ) ;
#8152 = ORIENTED_EDGE ( 'NONE', *, *, #5029, .F. ) ;
#8153 = DIRECTION ( 'NONE',  ( -5.139921410301661840E-15, -4.631866148117459751E-31, 1.000000000000000000 ) ) ;
#8154 = CARTESIAN_POINT ( 'NONE',  ( -29.24616931277467913, 29.59999999999999432, 66.02583594461079031 ) ) ;
#8155 = EDGE_CURVE ( 'NONE', #1269, #7762, #3442, .T. ) ;
#8156 = CARTESIAN_POINT ( 'NONE',  ( -23.97825338750310209, 29.59999999999998721, 63.13261268622171229 ) ) ;
#8157 = CARTESIAN_POINT ( 'NONE',  ( -16.73760252134788473, 29.59999999999999787, 66.10887531149906238 ) ) ;
#8158 = LINE ( 'NONE', #8830, #3663 ) ;
#8159 = DIRECTION ( 'NONE',  ( -6.938893903907222067E-15, 1.000000000000000000, 0.000000000000000000 ) ) ;
#8160 = FACE_OUTER_BOUND ( 'NONE', #5741, .T. ) ;
#8161 = CARTESIAN_POINT ( 'NONE',  ( -21.05787636960106113, 29.59999999999999432, 66.65818613606688814 ) ) ;
#8162 = CARTESIAN_POINT ( 'NONE',  ( 0.000000000000000000, -3.599999999999933475, 30.69999999999996021 ) ) ;
#8163 = ORIENTED_EDGE ( 'NONE', *, *, #3892, .T. ) ;
#8164 = PLANE ( 'NONE',  #1209 ) ;
#8165 = CARTESIAN_POINT ( 'NONE',  ( -16.16502004077773691, 28.99999999999998579, 63.56453297040035011 ) ) ;
#8166 = DIRECTION ( 'NONE',  ( 0.000000000000000000, -1.000000000000000000, 0.000000000000000000 ) ) ;
#8167 = CARTESIAN_POINT ( 'NONE',  ( -15.60595329267797737, 28.99999999999999289, 66.71587844375920895 ) ) ;
#8168 = CARTESIAN_POINT ( 'NONE',  ( -14.19561650162408029, 28.99999999999999289, 63.58466785123025033 ) ) ;
#8169 = CARTESIAN_POINT ( 'NONE',  ( -22.91767569363672408, 28.99999999999998579, 62.99015779656219394 ) ) ;
#8170 = PLANE ( 'NONE',  #2915 ) ;
#8171 = ORIENTED_EDGE ( 'NONE', *, *, #1396, .F. ) ;
#8172 = ORIENTED_EDGE ( 'NONE', *, *, #8705, .T. ) ;
#8173 = B_SPLINE_CURVE_WITH_KNOTS ( 'NONE', 3,
 ( #1379, #5135, #5182, #9524, #8120, #4459, #2158, #5861, #9471, #3593, #547, #7257, #1478, #6434, #9375, #1324, #6531, #7492, #8316 ),
 .UNSPECIFIED., .F., .F.,
 ( 4, 1, 1, 1, 1, 1, 1, 1, 1, 1, 1, 1, 1, 1, 1, 1, 4 ),
 ( 0.000000000000000000, 0.08152770983674458016, 0.1597838330499996018, 0.2357383145352293652, 0.3085581075699102005, 0.3791663570275521922, 0.4467327385862362998, 0.5118940519136221390, 0.5744593951211927063, 0.6343613069726454778, 0.6925222024157509093, 0.7484441971944719718, 0.8021531717784085025, 0.8538741643603042775, 0.9039623315624258915, 0.9526033727980809385, 1.000000000000000000 ),
 .UNSPECIFIED. ) ;
#8174 = CARTESIAN_POINT ( 'NONE',  ( -11.83444741347335771, 29.59999999999999787, 64.79893559641126899 ) ) ;
#8175 = PLANE ( 'NONE',  #1770 ) ;
#8176 = LINE ( 'NONE', #797, #1671 ) ;
#8177 = CARTESIAN_POINT ( 'NONE',  ( -36.73575702787182706, 29.59999999999999076, 62.72576601123369500 ) ) ;
#8178 = PLANE ( 'NONE',  #2898 ) ;
#8179 = CARTESIAN_POINT ( 'NONE',  ( -16.12166365731218676, 28.99999999999999289, 63.36818977559248367 ) ) ;
#8180 = CARTESIAN_POINT ( 'NONE',  ( -29.51121766315141670, 28.99999999999998579, 63.85094655720958912 ) ) ;
#8181 = CARTESIAN_POINT ( 'NONE',  ( -11.15926876091165276, 29.59999999999999076, 62.55793437562742554 ) ) ;
#8182 = EDGE_CURVE ( 'NONE', #5640, #4043, #5656, .T. ) ;
#8183 = VERTEX_POINT ( 'NONE', #7143 ) ;
#8184 = EDGE_CURVE ( 'NONE', #8774, #4369, #494, .T. ) ;
#8185 = APPLICATION_CONTEXT ( 'configuration controlled 3d designs of mechanical parts and assemblies' ) ;
#8186 = ORIENTED_EDGE ( 'NONE', *, *, #5569, .T. ) ;
#8187 = CARTESIAN_POINT ( 'NONE',  ( -15.01059735751824853, 29.59999999999998366, 64.93988012568929946 ) ) ;
#8188 = VERTEX_POINT ( 'NONE', #2862 ) ;
#8189 = CARTESIAN_POINT ( 'NONE',  ( -38.94249175421644082, 28.99999999999998934, 64.98781353991303433 ) ) ;
#8190 = CARTESIAN_POINT ( 'NONE',  ( -21.14913561192197733, 29.00000000000001066, 66.22015092299596972 ) ) ;
#8191 = LINE ( 'NONE', #8865, #6854 ) ;
#8192 = CARTESIAN_POINT ( 'NONE',  ( -27.02327779423268339, 29.60000000000000142, 62.63900911233365321 ) ) ;
#8193 = CARTESIAN_POINT ( 'NONE',  ( -12.08933566429850792, 29.59999999999998366, 65.58481777482309383 ) ) ;
#8194 = DIRECTION ( 'NONE',  ( -0.000000000000000000, 0.000000000000000000, -1.000000000000000000 ) ) ;
#8195 = ORIENTED_EDGE ( 'NONE', *, *, #7329, .F. ) ;
#8196 = VERTEX_POINT ( 'NONE', #2093 ) ;
#8197 = DIRECTION ( 'NONE',  ( -1.000000000000000000, 0.000000000000000000, -0.000000000000000000 ) ) ;
#8198 = ORIENTED_EDGE ( 'NONE', *, *, #9097, .T. ) ;
#8199 = CARTESIAN_POINT ( 'NONE',  ( -29.52450597165991653, 29.59999999999999787, 64.88704742904305078 ) ) ;
#8200 = CARTESIAN_POINT ( 'NONE',  ( -28.66088104566645356, 28.99999999999999289, 64.94528547894906012 ) ) ;
#8201 = CARTESIAN_POINT ( 'NONE',  ( -16.99233108383240420, 29.00000000000000355, 65.40916249111533887 ) ) ;
#8202 = CARTESIAN_POINT ( 'NONE',  ( -21.17326098498567433, 28.99999999999999289, 63.51575825145150134 ) ) ;
#8203 = CARTESIAN_POINT ( 'NONE',  ( -14.15908285263066446, 29.59999999999999432, 65.02136725860023603 ) ) ;
#8204 = CARTESIAN_POINT ( 'NONE',  ( -12.61216787903049941, 29.00000000000000711, 63.05857560965164055 ) ) ;
#8205 = CARTESIAN_POINT ( 'NONE',  ( -100.2999999999999972, 29.49999999999999645, 34.75000000000000000 ) ) ;
#8206 = ORIENTED_EDGE ( 'NONE', *, *, #5892, .T. ) ;
#8207 = EDGE_CURVE ( 'NONE', #1484, #6381, #5800, .T. ) ;
#8208 = CARTESIAN_POINT ( 'NONE',  ( -28.06749175421644082, 29.59999999999999787, 62.90818613606689524 ) ) ;
#8209 = ORIENTED_EDGE ( 'NONE', *, *, #5105, .T. ) ;
#8210 = CARTESIAN_POINT ( 'NONE',  ( -29.33018462331719434, 28.99999999999998934, 65.84268613212060473 ) ) ;
#8211 = CARTESIAN_POINT ( 'NONE',  ( -16.21023027477487588, 28.99999999999998224, 64.26004090919404632 ) ) ;
#8212 = DIRECTION ( 'NONE',  ( 1.000000000000000000, 1.418996708365486401E-16, 0.000000000000000000 ) ) ;
#8213 = CARTESIAN_POINT ( 'NONE',  ( 2.838617398718697782, -2.705420164158697016, 25.93861739878600758 ) ) ;
#8214 = CARTESIAN_POINT ( 'NONE',  ( 0.000000000000000000, -6.099999999999905498, 32.99999999999999289 ) ) ;
#8215 = CARTESIAN_POINT ( 'NONE',  ( -22.03864560037029108, 28.99999999999999289, 63.60049382837458865 ) ) ;
#8216 = CARTESIAN_POINT ( 'NONE',  ( -15.02128581112334160, 29.60000000000001208, 65.07864317527858589 ) ) ;
#8217 = ADVANCED_FACE ( 'NONE', ( #4355 ), #589, .T. ) ;
#8218 = ORIENTED_EDGE ( 'NONE', *, *, #7443, .T. ) ;
#8219 = FACE_OUTER_BOUND ( 'NONE', #6646, .T. ) ;
#8220 = EDGE_CURVE ( 'NONE', #9300, #1400, #5126, .T. ) ;
#8221 = ORIENTED_EDGE ( 'NONE', *, *, #314, .T. ) ;
#8222 = AXIS2_PLACEMENT_3D ( 'NONE', #2645, #1151, #7029 ) ;
#8223 = LINE ( 'NONE', #8273, #3776 ) ;
#8224 = LINE ( 'NONE', #1623, #3455 ) ;
#8225 = AXIS2_PLACEMENT_3D ( 'NONE', #6447, #4328, #4371 ) ;
#8226 = CARTESIAN_POINT ( 'NONE',  ( -23.10347338960584551, 28.99999999999998934, 64.98565089723828692 ) ) ;
#8227 = DIRECTION ( 'NONE',  ( 0.000000000000000000, -0.8660254037844388186, 0.4999999999999998335 ) ) ;
#8228 = LINE ( 'NONE', #4423, #1776 ) ;
#8229 = CARTESIAN_POINT ( 'NONE',  ( -17.03485064845444086, 29.00000000000000355, 63.71739455675720620 ) ) ;
#8230 = DIRECTION ( 'NONE',  ( 1.000000000000000000, 0.000000000000000000, 0.000000000000000000 ) ) ;
#8231 = AXIS2_PLACEMENT_3D ( 'NONE', #7756, #4768, #9151 ) ;
#8232 = VERTEX_POINT ( 'NONE', #6522 ) ;
#8233 = ORIENTED_EDGE ( 'NONE', *, *, #9501, .F. ) ;
#8234 = CARTESIAN_POINT ( 'NONE',  ( -17.99922362691519595, 29.60000000000000853, 62.65746189122120313 ) ) ;
#8235 = VERTEX_POINT ( 'NONE', #5027 ) ;
#8236 = CARTESIAN_POINT ( 'NONE',  ( -20.53864560037029463, 28.99999999999999645, 63.38234478991305565 ) ) ;
#8237 = VECTOR ( 'NONE', #5584, 1000.000000000000000 ) ;
#8238 = EDGE_CURVE ( 'NONE', #6008, #406, #9503, .T. ) ;
#8239 = DIRECTION ( 'NONE',  ( 1.418996708365486154E-16, -1.000000000000000000, -0.000000000000000000 ) ) ;
#8240 = DIRECTION ( 'NONE',  ( 0.5659711471271449135, 0.000000000000000000, 0.8244250485153782337 ) ) ;
#8241 = CARTESIAN_POINT ( 'NONE',  ( -12.10146869915092616, 29.59999999999999787, 62.91341316413078033 ) ) ;
#8242 = CARTESIAN_POINT ( 'NONE',  ( -27.90642156006970964, 29.00000000000000711, 62.93076356351277667 ) ) ;
#8243 = CARTESIAN_POINT ( 'NONE',  ( -22.31931551026398708, 29.59999999999999076, 64.70237932490226740 ) ) ;
#8244 = EDGE_LOOP ( 'NONE', ( #5582, #8758, #2826, #337 ) ) ;
#8245 = EDGE_LOOP ( 'NONE', ( #8209, #7382, #5073, #6112 ) ) ;
#8246 = FACE_OUTER_BOUND ( 'NONE', #3452, .T. ) ;
#8247 = ORIENTED_EDGE ( 'NONE', *, *, #314, .F. ) ;
#8248 = CARTESIAN_POINT ( 'NONE',  ( -27.04165040806259412, 29.59999999999999787, 62.61521738606690235 ) ) ;
#8249 = DIRECTION ( 'NONE',  ( 0.000000000000000000, 1.000000000000000000, 9.637352644315709135E-16 ) ) ;
#8250 = EDGE_CURVE ( 'NONE', #6606, #5041, #2912, .T. ) ;
#8251 = CARTESIAN_POINT ( 'NONE',  ( -16.96620114359002685, 29.59999999999999432, 65.52549029073712461 ) ) ;
#8252 = DIRECTION ( 'NONE',  ( 0.7071067811865431318, -0.7071067811865520136, 0.000000000000000000 ) ) ;
#8253 = CARTESIAN_POINT ( 'NONE',  ( -14.17372399659741156, 29.59999999999999787, 65.15417688458137491 ) ) ;
#8254 = CARTESIAN_POINT ( 'NONE',  ( -12.71930478976858048, 29.60000000000000142, 63.24896894619978838 ) ) ;
#8255 = CARTESIAN_POINT ( 'NONE',  ( -26.90476615825035012, 28.99999999999998934, 66.07679930186571937 ) ) ;
#8256 = VERTEX_POINT ( 'NONE', #1266 ) ;
#8257 = ADVANCED_FACE ( 'NONE', ( #2044 ), #4976, .F. ) ;
#8258 = CARTESIAN_POINT ( 'NONE',  ( -13.61556867729336062, 28.99999999999999289, 63.38234478991304144 ) ) ;
#8259 = ORIENTED_EDGE ( 'NONE', *, *, #598, .F. ) ;
#8260 = B_SPLINE_SURFACE_WITH_KNOTS ( 'NONE', 3, 1, ( 
 ( #2401, #226 ),
 ( #8741, #5481 ),
 ( #5081, #6423 ),
 ( #9461, #3633 ),
 ( #4757, #7249 ),
 ( #8693, #4930 ),
 ( #5750, #1367 ),
 ( #7144, #638 ),
 ( #7875, #590 ),
 ( #1267, #8419 ),
 ( #7297, #9188 ) ),
 .UNSPECIFIED., .F., .F., .F.,
 ( 4, 1, 1, 1, 1, 1, 1, 1, 4 ),
 ( 2, 2 ),
 ( 0.000000000000000000, 0.1239539590100944000, 0.2446910970343264269, 0.3639282123713505901, 0.4834467610619807565, 0.6060135407011156827, 0.7313153882149177054, 0.8627627448661785436, 1.000000000000000000 ),
 ( 0.000000000000000000, 1.000000000000000000 ),
 .UNSPECIFIED. ) ;
#8261 = DIRECTION ( 'NONE',  ( 0.000000000000000000, 0.000000000000000000, 1.000000000000000000 ) ) ;
#8262 = CARTESIAN_POINT ( 'NONE',  ( -16.14668132596186467, 28.99999999999998224, 63.47048614361147401 ) ) ;
#8263 = CARTESIAN_POINT ( 'NONE',  ( -98.79999999999999716, 28.99999999999998579, 72.49999999999995737 ) ) ;
#8264 = ADVANCED_FACE ( 'NONE', ( #8160 ), #8030, .T. ) ;
#8265 = CARTESIAN_POINT ( 'NONE',  ( -0.5000000000000419664, 0.5000000000000419664, 0.000000000000000000 ) ) ;
#8266 = LINE ( 'NONE', #6870, #894 ) ;
#8267 = CARTESIAN_POINT ( 'NONE',  ( -23.13479944652413778, 28.99999999999999289, 63.49863084760534804 ) ) ;
#8268 = EDGE_CURVE ( 'NONE', #1840, #7210, #5222, .T. ) ;
#8269 = VERTEX_POINT ( 'NONE', #6764 ) ;
#8270 = LINE ( 'NONE', #316, #9353 ) ;
#8271 = ORIENTED_EDGE ( 'NONE', *, *, #1684, .T. ) ;
#8272 = ADVANCED_FACE ( 'NONE', ( #157, #203, #3050, #9022, #3152, #8832, #1557, #2326, #6663, #6709, #3001, #2422 ), #822, .F. ) ;
#8273 = CARTESIAN_POINT ( 'NONE',  ( -2.066987298107796356, 13.08012701892230645, 20.79999999999999716 ) ) ;
#8274 = CARTESIAN_POINT ( 'NONE',  ( -36.92326098498567433, 28.99999999999998934, 63.45446017452842113 ) ) ;
#8275 = DIRECTION ( 'NONE',  ( 1.418996708365486154E-16, -1.000000000000000000, -0.000000000000000000 ) ) ;
#8276 = CARTESIAN_POINT ( 'NONE',  ( -14.64205722422726019, 29.60000000000000853, 66.33212896196698694 ) ) ;
#8277 = CARTESIAN_POINT ( 'NONE',  ( -102.7999999999999972, 29.50000000000002487, 73.00000000000000000 ) ) ;
#8278 = AXIS2_PLACEMENT_3D ( 'NONE', #7578, #3144, #922 ) ;
#8279 = CARTESIAN_POINT ( 'NONE',  ( -21.32365609916686822, 29.59999999999999787, 62.89404783349711181 ) ) ;
#8280 = CARTESIAN_POINT ( 'NONE',  ( -11.82214331288064635, 29.60000000000000497, 62.20000212056064015 ) ) ;
#8281 = VERTEX_POINT ( 'NONE', #8068 ) ;
#8282 = AXIS2_PLACEMENT_3D ( 'NONE', #2832, #3023, #9484 ) ;
#8283 = VERTEX_POINT ( 'NONE', #4452 ) ;
#8284 = AXIS2_PLACEMENT_3D ( 'NONE', #2076, #8008, #3522 ) ;
#8285 = CARTESIAN_POINT ( 'NONE',  ( -15.02128581112334160, 29.60000000000001208, 65.07864317527858589 ) ) ;
#8286 = ORIENTED_EDGE ( 'NONE', *, *, #8475, .T. ) ;
#8287 = DIRECTION ( 'NONE',  ( -1.000000000000000000, 0.000000000000000000, 0.000000000000000000 ) ) ;
#8288 = CARTESIAN_POINT ( 'NONE',  ( -41.59633790806259412, 28.99999999999998934, 66.65818613606688814 ) ) ;
#8289 = CARTESIAN_POINT ( 'NONE',  ( -16.10267150633640298, 29.00000000000000355, 65.56268862912200746 ) ) ;
#8290 = CARTESIAN_POINT ( 'NONE',  ( -26.65715496316254374, 29.00000000000000000, 63.58466785123027876 ) ) ;
#8291 = CARTESIAN_POINT ( 'NONE',  ( -14.23431616389135534, 29.00000000000000355, 65.51695453929460200 ) ) ;
#8292 = LINE ( 'NONE', #192, #1992 ) ;
#8293 = VECTOR ( 'NONE', #4257, 1000.000000000000000 ) ;
#8294 = VECTOR ( 'NONE', #2336, 1000.000000000000000 ) ;
#8295 = VERTEX_POINT ( 'NONE', #5897 ) ;
#8296 = EDGE_CURVE ( 'NONE', #8626, #6872, #1467, .T. ) ;
#8297 = VERTEX_POINT ( 'NONE', #4403 ) ;
#8298 = DIRECTION ( 'NONE',  ( -0.6546536707079720907, 0.6546536707079803064, 0.3779644730092303062 ) ) ;
#8299 = ORIENTED_EDGE ( 'NONE', *, *, #9211, .F. ) ;
#8300 = CARTESIAN_POINT ( 'NONE',  ( -13.61446567160639987, 29.59999999999999432, 63.43139590477776579 ) ) ;
#8301 = VECTOR ( 'NONE', #2069, 999.9999999999998863 ) ;
#8302 = CARTESIAN_POINT ( 'NONE',  ( -19.67326098498567433, 28.99999999999999645, 63.49863084760536225 ) ) ;
#8303 = VECTOR ( 'NONE', #2510, 1000.000000000000000 ) ;
#8304 = CARTESIAN_POINT ( 'NONE',  ( -29.09693886960105047, 29.59999999999999432, 62.62062603991304144 ) ) ;
#8305 = CARTESIAN_POINT ( 'NONE',  ( -14.14027839059222380, 29.00000000000000000, 64.73700075051831959 ) ) ;
#8306 = LINE ( 'NONE', #9166, #7829 ) ;
#8307 = ORIENTED_EDGE ( 'NONE', *, *, #1476, .T. ) ;
#8308 = EDGE_CURVE ( 'NONE', #5692, #7856, #3681, .T. ) ;
#8309 = ADVANCED_FACE ( 'NONE', ( #6039 ), #6622, .T. ) ;
#8310 = LINE ( 'NONE', #3251, #729 ) ;
#8311 = ORIENTED_EDGE ( 'NONE', *, *, #2098, .F. ) ;
#8312 = CARTESIAN_POINT ( 'NONE',  ( -29.49627771000522714, 28.99999999999999645, 65.15935364755519288 ) ) ;
#8313 = LINE ( 'NONE', #3975, #8839 ) ;
#8314 = LINE ( 'NONE', #2384, #5760 ) ;
#8315 = CARTESIAN_POINT ( 'NONE',  ( -15.60595329267797737, 29.59999999999999432, 62.15818613606688814 ) ) ;
#8316 = CARTESIAN_POINT ( 'NONE',  ( -14.58011194652413067, 29.59999999999999432, 62.61521738606688814 ) ) ;
#8317 = DIRECTION ( 'NONE',  ( 0.6785983445458387830, 0.2810846377148148445, 0.6785983445458576568 ) ) ;
#8318 = EDGE_LOOP ( 'NONE', ( #7232, #6769, #3705 ) ) ;
#8319 = LINE ( 'NONE', #1619, #4277 ) ;
#8320 = ORIENTED_EDGE ( 'NONE', *, *, #8018, .F. ) ;
#8321 = CARTESIAN_POINT ( 'NONE',  ( -19.88662448843727759, 29.59999999999999432, 64.75105750859906095 ) ) ;
#8322 = CARTESIAN_POINT ( 'NONE',  ( -11.02454843071230073, 29.60000000000001208, 65.69933259137650339 ) ) ;
#8323 = LINE ( 'NONE', #6055, #7768 ) ;
#8324 = CARTESIAN_POINT ( 'NONE',  ( -11.94339319652413067, 28.99999999999999645, 65.79280152068227494 ) ) ;
#8325 = CARTESIAN_POINT ( 'NONE',  ( -0.4999999999881763468, -6.599999999999933031, 24.33205080756887995 ) ) ;
#8326 = CARTESIAN_POINT ( 'NONE',  ( -13.17927060037028397, 29.59999999999999432, 64.51095055914380794 ) ) ;
#8327 = CARTESIAN_POINT ( 'NONE',  ( -21.54388414552704845, 29.00000000000000711, 62.55793437562742554 ) ) ;
#8328 = CARTESIAN_POINT ( 'NONE',  ( -15.01255441346454411, 29.59999999999998366, 63.93148241945100096 ) ) ;
#8329 = ORIENTED_EDGE ( 'NONE', *, *, #5616, .T. ) ;
#8330 = ADVANCED_FACE ( 'NONE', ( #13 ), #8113, .T. ) ;
#8331 = VERTEX_POINT ( 'NONE', #2278 ) ;
#8332 = FACE_OUTER_BOUND ( 'NONE', #9347, .T. ) ;
#8333 = VERTEX_POINT ( 'NONE', #5555 ) ;
#8334 = FACE_OUTER_BOUND ( 'NONE', #5971, .T. ) ;
#8335 = LINE ( 'NONE', #8288, #826 ) ;
#8336 = DIRECTION ( 'NONE',  ( -0.7071067811865379138, -0.7071067811865572317, -1.959870653708103080E-14 ) ) ;
#8337 = CARTESIAN_POINT ( 'NONE',  ( -26.98605018755485929, 29.60000000000000853, 62.68721722446425559 ) ) ;
#8338 = CARTESIAN_POINT ( 'NONE',  ( -27.83180674040847791, 28.99999999999999289, 62.96026778614352537 ) ) ;
#8339 = CARTESIAN_POINT ( 'NONE',  ( -16.99233108383240420, 29.00000000000000355, 65.40916249111533887 ) ) ;
#8340 = ORIENTED_EDGE ( 'NONE', *, *, #5598, .F. ) ;
#8341 = LINE ( 'NONE', #4677, #4744 ) ;
#8342 = VERTEX_POINT ( 'NONE', #6183 ) ;
#8343 = CARTESIAN_POINT ( 'NONE',  ( -29.53834727993654496, 29.59999999999999787, 64.49082526223062928 ) ) ;
#8344 = ADVANCED_FACE ( 'NONE', ( #3249 ), #4059, .T. ) ;
#8345 = CARTESIAN_POINT ( 'NONE',  ( -33.17326098498566722, 29.59999999999999432, 64.98510921298996834 ) ) ;
#8346 = CARTESIAN_POINT ( 'NONE',  ( -16.90401797239768911, 29.60000000000000142, 65.74202141979776570 ) ) ;
#8347 = CARTESIAN_POINT ( 'NONE',  ( -14.55376558501723316, 29.59999999999998721, 66.23566135985345227 ) ) ;
#8348 = DIRECTION ( 'NONE',  ( 1.961421940111234945E-14, 0.7071067811865378028, 0.7071067811865573427 ) ) ;
#8349 = DATE_TIME_ROLE ( 'creation_date' ) ;
#8350 = ORIENTED_EDGE ( 'NONE', *, *, #1604, .F. ) ;
#8351 = LINE ( 'NONE', #2426, #1046 ) ;
#8352 = ORIENTED_EDGE ( 'NONE', *, *, #2663, .T. ) ;
#8353 = CARTESIAN_POINT ( 'NONE',  ( -29.53776254205557805, 28.99999999999998934, 64.59273103292277085 ) ) ;
#8354 = DIRECTION ( 'NONE',  ( -1.000000000000000000, -1.418996708365486154E-16, 0.000000000000000000 ) ) ;
#8355 = PLANE ( 'NONE',  #827 ) ;
#8356 = DIRECTION ( 'NONE',  ( -0.7071067811865597852, 0.000000000000000000, 0.7071067811865352493 ) ) ;
#8357 = EDGE_CURVE ( 'NONE', #2618, #5249, #392, .T. ) ;
#8358 = CARTESIAN_POINT ( 'NONE',  ( -19.36537178530725711, 28.99999999999998934, 65.23730005079184480 ) ) ;
#8359 = LINE ( 'NONE', #2288, #1357 ) ;
#8360 = CARTESIAN_POINT ( 'NONE',  ( -22.60114560037029108, 28.99999999999999289, 62.90818613606688814 ) ) ;
#8361 = ORIENTED_EDGE ( 'NONE', *, *, #4622, .T. ) ;
#8362 = CARTESIAN_POINT ( 'NONE',  ( -31.73095329267797737, 28.99999999999999289, 66.65818613606688814 ) ) ;
#8363 = ORIENTED_EDGE ( 'NONE', *, *, #5763, .F. ) ;
#8364 = DIRECTION ( 'NONE',  ( 0.000000000000000000, 0.000000000000000000, -1.000000000000000000 ) ) ;
#8365 = CARTESIAN_POINT ( 'NONE',  ( -36.92326098498567433, 29.59999999999999076, 63.45446017452842113 ) ) ;
#8366 = CARTESIAN_POINT ( 'NONE',  ( -22.53049010660216567, 28.99999999999999645, 65.52088750954737861 ) ) ;
#8367 = CARTESIAN_POINT ( 'NONE',  ( -14.29134003271383335, 29.60000000000000142, 65.72775234911175346 ) ) ;
#8368 = CARTESIAN_POINT ( 'NONE',  ( -27.53340062210408945, 28.99999999999998934, 63.44141690147067436 ) ) ;
#8369 = CARTESIAN_POINT ( 'NONE',  ( -31.84543646575489717, 29.59999999999999432, 62.21587844375919474 ) ) ;
#8370 = CARTESIAN_POINT ( 'NONE',  ( -11.69625950382158130, 29.60000000000000142, 62.23549029123770993 ) ) ;
#8371 = ORIENTED_EDGE ( 'NONE', *, *, #7345, .F. ) ;
#8372 = VECTOR ( 'NONE', #2974, 999.9999999999998863 ) ;
#8373 = VERTEX_POINT ( 'NONE', #1893 ) ;
#8374 = LINE ( 'NONE', #9243, #3361 ) ;
#8375 = ORIENTED_EDGE ( 'NONE', *, *, #9208, .F. ) ;
#8376 = CARTESIAN_POINT ( 'NONE',  ( -13.61477068132589707, 29.59999999999999076, 63.33959402992292098 ) ) ;
#8377 = CARTESIAN_POINT ( 'NONE',  ( -18.64968656591859997, 29.00000000000001776, 64.90261414171138199 ) ) ;
#8378 = CARTESIAN_POINT ( 'NONE',  ( -28.89345889420312830, 28.99999999999998934, 66.46068804753100778 ) ) ;
#8379 = CARTESIAN_POINT ( 'NONE',  ( -12.80924094842827188, 29.59999999999999432, 62.24291216561618256 ) ) ;
#8380 = DIRECTION ( 'NONE',  ( 0.7071067811865573427, 0.7071067811865378028, 0.000000000000000000 ) ) ;
#8381 = EDGE_CURVE ( 'NONE', #3501, #5692, #3389, .T. ) ;
#8382 = CARTESIAN_POINT ( 'NONE',  ( -14.75504912652406375, 28.99999999999999289, 66.43559663024061024 ) ) ;
#8383 = VECTOR ( 'NONE', #4847, 1000.000000000000114 ) ;
#8384 = CARTESIAN_POINT ( 'NONE',  ( -16.78463085123622633, 28.99999999999999645, 66.02583594461079031 ) ) ;
#8385 = CIRCLE ( 'NONE', #2229, 2.200000000000007283 ) ;
#8386 = ORIENTED_EDGE ( 'NONE', *, *, #3206, .T. ) ;
#8387 = EDGE_CURVE ( 'NONE', #2695, #6041, #6325, .T. ) ;
#8388 = CARTESIAN_POINT ( 'NONE',  ( -40.73095329267798093, 29.59999999999999076, 65.73510921298995413 ) ) ;
#8389 = ORIENTED_EDGE ( 'NONE', *, *, #9155, .F. ) ;
#8390 = CARTESIAN_POINT ( 'NONE',  ( -12.71930478976858048, 29.60000000000000142, 63.24896894619978838 ) ) ;
#8391 = VECTOR ( 'NONE', #3980, 1000.000000000000000 ) ;
#8392 = LINE ( 'NONE', #5311, #6861 ) ;
#8393 = EDGE_CURVE ( 'NONE', #1526, #6937, #1075, .T. ) ;
#8394 = DIRECTION ( 'NONE',  ( 0.000000000000000000, -9.637352644315709135E-16, 1.000000000000000000 ) ) ;
#8395 = LINE ( 'NONE', #7679, #4598 ) ;
#8396 = CARTESIAN_POINT ( 'NONE',  ( -28.06749175421644082, 28.99999999999998934, 62.90818613606689524 ) ) ;
#8397 = APPLICATION_PROTOCOL_DEFINITION ( 'international standard', 'config_control_design', 1994, #7699 ) ;
#8398 = VECTOR ( 'NONE', #6050, 1000.000000000000000 ) ;
#8399 = ORIENTED_EDGE ( 'NONE', *, *, #6416, .F. ) ;
#8400 = B_SPLINE_CURVE_WITH_KNOTS ( 'NONE', 3,
 ( #4767, #7755, #422, #7714, #6264, #9197, #5102, #8811, #2210, #2252, #7947 ),
 .UNSPECIFIED., .F., .F.,
 ( 4, 1, 1, 1, 1, 1, 1, 1, 4 ),
 ( 0.000000000000000000, 0.1191872499897266846, 0.2364492136138232059, 0.3526964175350920661, 0.4691294060866678106, 0.5898117834426045425, 0.7176139690473988253, 0.8546066610398614927, 1.000000000000000000 ),
 .UNSPECIFIED. ) ;
#8401 = CARTESIAN_POINT ( 'NONE',  ( -20.44837754413842035, 28.99999999999998934, 62.90235117314195179 ) ) ;
#8402 = CARTESIAN_POINT ( 'NONE',  ( -5.499999999999989342, -6.599999999999933920, 32.49999999999995026 ) ) ;
#8403 = DIRECTION ( 'NONE',  ( -0.000000000000000000, 0.000000000000000000, -1.000000000000000000 ) ) ;
#8404 = FACE_OUTER_BOUND ( 'NONE', #6198, .T. ) ;
#8405 = CARTESIAN_POINT ( 'NONE',  ( -28.66106251077120248, 29.59999999999999787, 63.93728163750604665 ) ) ;
#8406 = CARTESIAN_POINT ( 'NONE',  ( -17.59633790806259768, 29.59999999999999432, 66.65818613606688814 ) ) ;
#8407 = CARTESIAN_POINT ( 'NONE',  ( -19.66681640290565269, 29.59999999999998721, 63.62963993191214485 ) ) ;
#8408 = CARTESIAN_POINT ( 'NONE',  ( -12.21653021575489895, 29.59999999999999787, 62.90818613606688814 ) ) ;
#8409 = VERTEX_POINT ( 'NONE', #9072 ) ;
#8410 = FACE_OUTER_BOUND ( 'NONE', #2796, .T. ) ;
#8411 = VERTEX_POINT ( 'NONE', #1849 ) ;
#8412 = CARTESIAN_POINT ( 'NONE',  ( -12.21653021575489895, 28.99999999999999645, 62.90818613606688814 ) ) ;
#8413 = PLANE ( 'NONE',  #4994 ) ;
#8414 = B_SPLINE_CURVE_WITH_KNOTS ( 'NONE', 3,
 ( #8161, #7483, #8833, #6040, #1654, #2913, #931, #3876, #877, #6813, #8069, #3824, #1468, #4404, #7344 ),
 .UNSPECIFIED., .F., .F.,
 ( 4, 1, 1, 1, 1, 1, 1, 1, 1, 1, 1, 1, 4 ),
 ( 0.000000000000000000, 0.09636570699092021630, 0.1926773804259398482, 0.2896222406718396702, 0.3886550898832855649, 0.4418938822195938032, 0.5017248057154910512, 0.5678518755671658758, 0.6405719334343553673, 0.7203467082495578211, 0.8066203545196107827, 0.9000073740331770988, 1.000000000000000000 ),
 .UNSPECIFIED. ) ;
#8415 = CARTESIAN_POINT ( 'NONE',  ( -28.22534679186507134, 29.59999999999998721, 62.16198089314431030 ) ) ;
#8416 = CARTESIAN_POINT ( 'NONE',  ( 0.000000000000000000, 0.000000000000000000, 32.99999999999999289 ) ) ;
#8417 = CARTESIAN_POINT ( 'NONE',  ( -12.80872332150739190, 29.59999999999999432, 64.90246162546478104 ) ) ;
#8418 = CARTESIAN_POINT ( 'NONE',  ( -16.93872625036633650, 28.99999999999999645, 63.23950083977686631 ) ) ;
#8419 = CARTESIAN_POINT ( 'NONE',  ( -15.55268624719839465, 28.99999999999998934, 62.15948746485633336 ) ) ;
#8420 = VERTEX_POINT ( 'NONE', #1704 ) ;
#8421 = EDGE_CURVE ( 'NONE', #1204, #4699, #5411, .T. ) ;
#8422 = ORIENTED_EDGE ( 'NONE', *, *, #6560, .F. ) ;
#8423 = DIRECTION ( 'NONE',  ( -9.011550524554840736E-17, 1.000000000000000000, 0.000000000000000000 ) ) ;
#8424 = ORIENTED_EDGE ( 'NONE', *, *, #5868, .F. ) ;
#8425 = CARTESIAN_POINT ( 'NONE',  ( -15.91573873524946059, 28.99999999999999645, 62.18432041989996861 ) ) ;
#8426 = B_SPLINE_SURFACE_WITH_KNOTS ( 'NONE', 3, 1, ( 
 ( #8650, #8797 ),
 ( #7931, #8605 ),
 ( #4265, #21 ),
 ( #5664, #2003 ),
 ( #7302, #3638 ),
 ( #2100, #9372 ),
 ( #1475, #694 ),
 ( #2817, #2770 ),
 ( #9522, #6578 ),
 ( #2869, #544 ),
 ( #7981, #5710 ) ),
 .UNSPECIFIED., .F., .F., .F.,
 ( 4, 1, 1, 1, 1, 1, 1, 1, 4 ),
 ( 2, 2 ),
 ( 0.000000000000000000, 0.1239584095619914311, 0.2446998826385572978, 0.3639412791697738681, 0.4841523681817074820, 0.6059993946649755436, 0.7313057411264480834, 0.8627578173791414784, 1.000000000000000000 ),
 ( 0.000000000000000000, 1.000000000000000000 ),
 .UNSPECIFIED. ) ;
#8427 = DIRECTION ( 'NONE',  ( 1.000000000000000000, 0.000000000000000000, 0.000000000000000000 ) ) ;
#8428 = CARTESIAN_POINT ( 'NONE',  ( -21.49116783476150161, 29.59999999999999076, 65.58748211920877225 ) ) ;
#8429 = CARTESIAN_POINT ( 'NONE',  ( -23.90991600567687669, 29.59999999999999076, 62.90235117314195179 ) ) ;
#8430 = CARTESIAN_POINT ( 'NONE',  ( -12.28688158503864614, 29.59999999999999787, 62.15919151790433972 ) ) ;
#8431 = LINE ( 'NONE', #1061, #1515 ) ;
#8432 = CARTESIAN_POINT ( 'NONE',  ( -14.19048574257327466, 28.99999999999999289, 65.28113725803713407 ) ) ;
#8433 = LINE ( 'NONE', #9013, #8907 ) ;
#8434 = VECTOR ( 'NONE', #2587, 1000.000000000000000 ) ;
#8435 = ORIENTED_EDGE ( 'NONE', *, *, #5499, .F. ) ;
#8436 = AXIS2_PLACEMENT_3D ( 'NONE', #5166, #3672, #2038 ) ;
#8437 = LINE ( 'NONE', #8483, #6746 ) ;
#8438 = VERTEX_POINT ( 'NONE', #4684 ) ;
#8439 = CARTESIAN_POINT ( 'NONE',  ( -20.53864560037029108, 29.59999999999999432, 66.65818613606688814 ) ) ;
#8440 = VECTOR ( 'NONE', #4099, 1000.000000000000000 ) ;
#8441 = CARTESIAN_POINT ( 'NONE',  ( -26.75287849425228615, 28.99999999999998934, 65.72775234911173925 ) ) ;
#8442 = EDGE_CURVE ( 'NONE', #7016, #8613, #2519, .T. ) ;
#8443 = CARTESIAN_POINT ( 'NONE',  ( -23.06017602734892691, 29.59999999999999076, 63.14490640561966472 ) ) ;
#8444 = VECTOR ( 'NONE', #3210, 1000.000000000000000 ) ;
#8445 = CARTESIAN_POINT ( 'NONE',  ( -29.45386954537086410, 28.99999999999998934, 65.40916249111533887 ) ) ;
#8446 = CARTESIAN_POINT ( 'NONE',  ( -104.9999999999999716, 30.99999999999998579, 73.00000000000000000 ) ) ;
#8447 = DIRECTION ( 'NONE',  ( 1.000000000000000000, 0.000000000000000000, 0.000000000000000000 ) ) ;
#8448 = ORIENTED_EDGE ( 'NONE', *, *, #6669, .T. ) ;
#8449 = EDGE_CURVE ( 'NONE', #8297, #2545, #5329, .T. ) ;
#8450 = VECTOR ( 'NONE', #1219, 1000.000000000000000 ) ;
#8451 = CARTESIAN_POINT ( 'NONE',  ( -16.05814696025527866, 28.99999999999998579, 66.65534655642170492 ) ) ;
#8452 = VECTOR ( 'NONE', #4881, 1000.000000000000000 ) ;
#8453 = DIRECTION ( 'NONE',  ( 1.000000000000000000, 0.000000000000000000, -0.000000000000000000 ) ) ;
#8454 = LINE ( 'NONE', #1711, #5911 ) ;
#8455 = CARTESIAN_POINT ( 'NONE',  ( -35.82710713883183473, 29.59999999999999432, 63.31203228991304144 ) ) ;
#8456 = DIRECTION ( 'NONE',  ( 1.390559900582610931E-16, -1.000000000000000000, 0.000000000000000000 ) ) ;
#8457 = CARTESIAN_POINT ( 'NONE',  ( -12.38878626822246254, 29.00000000000000000, 62.16114962526411603 ) ) ;
#8458 = CARTESIAN_POINT ( 'NONE',  ( -19.67326098498567433, 29.59999999999999787, 63.49863084760536225 ) ) ;
#8459 = AXIS2_PLACEMENT_3D ( 'NONE', #4259, #2863, #2764 ) ;
#8460 = ORIENTED_EDGE ( 'NONE', *, *, #7506, .T. ) ;
#8461 = CARTESIAN_POINT ( 'NONE',  ( -2.500000000000042188, 0.5000000000000420775, 20.79999999999999716 ) ) ;
#8462 = ORIENTED_EDGE ( 'NONE', *, *, #8531, .F. ) ;
#8463 = CARTESIAN_POINT ( 'NONE',  ( -23.56388598498567433, 28.99999999999999289, 64.51095055914380794 ) ) ;
#8464 = CARTESIAN_POINT ( 'NONE',  ( -22.08087488843697344, 28.99999999999999289, 62.23549029123772414 ) ) ;
#8465 = CARTESIAN_POINT ( 'NONE',  ( -28.77956928554525717, 28.99999999999999289, 62.33577501593931913 ) ) ;
#8466 = CARTESIAN_POINT ( 'NONE',  ( -23.13479944652413778, 28.99999999999999289, 63.49863084760534804 ) ) ;
#8467 = CARTESIAN_POINT ( 'NONE',  ( -104.9999999999999716, 29.50000000000001066, 55.74999999999999289 ) ) ;
#8468 = CARTESIAN_POINT ( 'NONE',  ( -17.06297399674418358, 28.99999999999999645, 63.98971990975885404 ) ) ;
#8469 = ORIENTED_EDGE ( 'NONE', *, *, #5532, .F. ) ;
#8470 = ORIENTED_EDGE ( 'NONE', *, *, #2967, .F. ) ;
#8471 = CARTESIAN_POINT ( 'NONE',  ( -3.853553390593304595, -3.853553390593256189, 32.99999999999999289 ) ) ;
#8472 = VERTEX_POINT ( 'NONE', #4730 ) ;
#8473 = CARTESIAN_POINT ( 'NONE',  ( -13.61556867729336062, 28.99999999999999645, 63.38234478991304144 ) ) ;
#8474 = FACE_OUTER_BOUND ( 'NONE', #9480, .T. ) ;
#8475 = EDGE_CURVE ( 'NONE', #667, #2803, #8306, .T. ) ;
#8476 = CARTESIAN_POINT ( 'NONE',  ( -29.09333310037028397, 29.59999999999999432, 66.25884719375919474 ) ) ;
#8477 = PLANE ( 'NONE',  #4435 ) ;
#8478 = CARTESIAN_POINT ( 'NONE',  ( -22.33905734270750187, 29.59999999999999432, 62.17655970823265932 ) ) ;
#8479 = CARTESIAN_POINT ( 'NONE',  ( -3.000000000000043965, -6.599999999999933920, 21.30000000000002203 ) ) ;
#8480 = CARTESIAN_POINT ( 'NONE',  ( -27.59453075760505669, 29.59999999999999432, 63.23871921102352900 ) ) ;
#8481 = EDGE_CURVE ( 'NONE', #8707, #3193, #7769, .T. ) ;
#8482 = ORIENTED_EDGE ( 'NONE', *, *, #8296, .T. ) ;
#8483 = CARTESIAN_POINT ( 'NONE',  ( -4.999999999999976907, -1.999999999999977573, 20.79999999999999716 ) ) ;
#8484 = VERTEX_POINT ( 'NONE', #2569 ) ;
#8485 = B_SPLINE_CURVE_WITH_KNOTS ( 'NONE', 3,
 ( #6754, #3142, #815, #6803, #8871, #8966, #195 ),
 .UNSPECIFIED., .F., .F.,
 ( 4, 1, 1, 1, 4 ),
 ( 0.000000000000000000, 0.2728587156736278496, 0.5256924094060732022, 0.7668504463701361074, 1.000000000000000000 ),
 .UNSPECIFIED. ) ;
#8486 = DIRECTION ( 'NONE',  ( 0.000000000000000000, 0.000000000000000000, 1.000000000000000000 ) ) ;
#8487 = CARTESIAN_POINT ( 'NONE',  ( -26.65202420411172568, 28.99999999999998934, 65.28113725803713407 ) ) ;
#8488 = CARTESIAN_POINT ( 'NONE',  ( -12.21653021575489895, 29.59999999999999787, 62.90818613606688814 ) ) ;
#8489 = CARTESIAN_POINT ( 'NONE',  ( -29.42773960512848674, 29.59999999999999787, 65.52549029073712461 ) ) ;
#8490 = CARTESIAN_POINT ( 'NONE',  ( -13.61556867729336062, 28.99999999999999289, 65.79280152068227494 ) ) ;
#8491 = CALENDAR_DATE ( 2024, 23, 5 ) ;
#8492 = ORIENTED_EDGE ( 'NONE', *, *, #1175, .T. ) ;
#8493 = CARTESIAN_POINT ( 'NONE',  ( -26.72328722222724906, 29.59999999999998721, 65.62536638167568981 ) ) ;
#8494 = DIRECTION ( 'NONE',  ( 1.418996708365486154E-16, -1.000000000000000000, -0.000000000000000000 ) ) ;
#8495 = EDGE_CURVE ( 'NONE', #5294, #8116, #489, .T. ) ;
#8496 = LINE ( 'NONE', #4111, #591 ) ;
#8497 = DIRECTION ( 'NONE',  ( 0.000000000000000000, 0.000000000000000000, -1.000000000000000000 ) ) ;
#8498 = CARTESIAN_POINT ( 'NONE',  ( -104.9999999999999716, 30.49999999999994316, 13.74999999999999822 ) ) ;
#8499 = CARTESIAN_POINT ( 'NONE',  ( 0.000000000000000000, 0.5000000000000281997, 32.99999999999999289 ) ) ;
#8500 = CARTESIAN_POINT ( 'NONE',  ( -13.40898238000326970, 29.00000000000000000, 62.69410884949884633 ) ) ;
#8501 = CARTESIAN_POINT ( 'NONE',  ( -2.000000000000000000, 13.33012701892231888, 73.00000000000000000 ) ) ;
#8502 = ADVANCED_FACE ( 'NONE', ( #8730 ), #1646, .T. ) ;
#8503 = VERTEX_POINT ( 'NONE', #3574 ) ;
#8504 = CARTESIAN_POINT ( 'NONE',  ( -37.78864560037028753, 29.59999999999999076, 62.15818613606688814 ) ) ;
#8505 = ADVANCED_FACE ( 'NONE', ( #6512 ), #4199, .F. ) ;
#8506 = VERTEX_POINT ( 'NONE', #7132 ) ;
#8507 = PLANE ( 'NONE',  #7937 ) ;
#8508 = CARTESIAN_POINT ( 'NONE',  ( -5.000000000109139364, 2.428612866367529932E-14, 31.19999999999999218 ) ) ;
#8509 = ADVANCED_FACE ( 'NONE', ( #2850 ), #1988, .F. ) ;
#8510 = CARTESIAN_POINT ( 'NONE',  ( -28.12105849252490586, 29.59999999999999432, 62.15947385397782909 ) ) ;
#8511 = DIRECTION ( 'NONE',  ( 2.067184887862331490E-14, 0.7071067811865567876, -0.7071067811865383579 ) ) ;
#8512 = CARTESIAN_POINT ( 'NONE',  ( -27.51421934969611272, 29.00000000000000355, 63.54325693029272770 ) ) ;
#8513 = DIRECTION ( 'NONE',  ( 0.000000000000000000, -1.000000000000000000, 0.000000000000000000 ) ) ;
#8514 = EDGE_CURVE ( 'NONE', #2441, #2642, #4919, .T. ) ;
#8515 = EDGE_LOOP ( 'NONE', ( #6851, #6901, #84, #9478 ) ) ;
#8516 = ORIENTED_EDGE ( 'NONE', *, *, #4178, .F. ) ;
#8517 = CARTESIAN_POINT ( 'NONE',  ( -19.10950697719718505, 29.00000000000000355, 62.15882148759504133 ) ) ;
#8518 = ORIENTED_EDGE ( 'NONE', *, *, #5583, .T. ) ;
#8519 = CARTESIAN_POINT ( 'NONE',  ( -13.47432575874237237, 28.99999999999999289, 62.79469879474974903 ) ) ;
#8520 = DIRECTION ( 'NONE',  ( 1.000000000000000000, 0.000000000000000000, 0.000000000000000000 ) ) ;
#8521 = CARTESIAN_POINT ( 'NONE',  ( -22.27482348498567433, 29.59999999999999432, 64.74532555914380794 ) ) ;
#8522 = DIRECTION ( 'NONE',  ( -9.011550524554840736E-17, 1.000000000000000000, 0.000000000000000000 ) ) ;
#8523 = CARTESIAN_POINT ( 'NONE',  ( -13.52530062106148812, 29.59999999999998721, 62.90235117314193758 ) ) ;
#8524 = CARTESIAN_POINT ( 'NONE',  ( -27.57077251746985880, 28.99999999999999645, 63.31137413624094989 ) ) ;
#8525 = CARTESIAN_POINT ( 'NONE',  ( -2.000000000000013323, 0.5000000000000419664, 33.50000000000002132 ) ) ;
#8526 = ORIENTED_EDGE ( 'NONE', *, *, #6526, .F. ) ;
#8527 = FACE_OUTER_BOUND ( 'NONE', #5965, .T. ) ;
#8528 = ORIENTED_EDGE ( 'NONE', *, *, #4396, .F. ) ;
#8529 = DIRECTION ( 'NONE',  ( -6.938893903907222067E-15, 1.000000000000000000, 0.000000000000000000 ) ) ;
#8530 = EDGE_LOOP ( 'NONE', ( #2014, #3159, #8038, #1539 ) ) ;
#8531 = EDGE_CURVE ( 'NONE', #1385, #3141, #2801, .T. ) ;
#8532 = CARTESIAN_POINT ( 'NONE',  ( -108.2166666666666544, 34.91666666666682772, 61.16666666666696983 ) ) ;
#8533 = VECTOR ( 'NONE', #5773, 1000.000000000000000 ) ;
#8534 = CARTESIAN_POINT ( 'NONE',  ( -102.7999999999999972, 30.49999999999994316, 73.00000000000000000 ) ) ;
#8535 = CARTESIAN_POINT ( 'NONE',  ( -29.53834727993654496, 29.59999999999999787, 64.49082526223062928 ) ) ;
#8536 = VECTOR ( 'NONE', #4552, 1000.000000000000000 ) ;
#8537 = LINE ( 'NONE', #8583, #1066 ) ;
#8538 = APPROVAL_DATE_TIME ( #7908, #1371 ) ;
#8539 = ORIENTED_EDGE ( 'NONE', *, *, #1166, .F. ) ;
#8540 = VECTOR ( 'NONE', #8889, 1000.000000000000000 ) ;
#8541 = CARTESIAN_POINT ( 'NONE',  ( -15.65922206393483052, 29.59999999999999432, 66.71458132671686769 ) ) ;
#8542 = EDGE_CURVE ( 'NONE', #3193, #3457, #5017, .T. ) ;
#8543 = CARTESIAN_POINT ( 'NONE',  ( -19.95269051270845750, 29.59999999999999787, 64.68424159767960191 ) ) ;
#8544 = LINE ( 'NONE', #7870, #7684 ) ;
#8545 = CARTESIAN_POINT ( 'NONE',  ( -19.73180024458431348, 29.59999999999998721, 64.90246162546478104 ) ) ;
#8546 = CARTESIAN_POINT ( 'NONE',  ( -37.08160111870365938, 29.00000000000000000, 62.19269005508063231 ) ) ;
#8547 = CARTESIAN_POINT ( 'NONE',  ( -16.43346415402616856, 29.00000000000000355, 62.41705866785153489 ) ) ;
#8548 = VECTOR ( 'NONE', #9083, 1000.000000000000114 ) ;
#8549 = EDGE_CURVE ( 'NONE', #7994, #5257, #8537, .T. ) ;
#8550 = CARTESIAN_POINT ( 'NONE',  ( -13.52530062106148812, 28.99999999999998934, 62.90235117314193758 ) ) ;
#8551 = B_SPLINE_CURVE_WITH_KNOTS ( 'NONE', 3,
 ( #5694, #5159, #8821, #2080, #7129, #2220, #5883, #6558, #6462, #6509, #5835, #2180, #9446, #7181, #4197, #9349, #5066, #8100, #6410, #4296, #2126 ),
 .UNSPECIFIED., .F., .F.,
 ( 4, 1, 1, 1, 1, 1, 1, 1, 1, 1, 1, 1, 1, 1, 1, 1, 1, 1, 4 ),
 ( 0.000000000000000000, 0.03697589911787168421, 0.07919380565197133015, 0.1263611040582903189, 0.1791959260290005296, 0.2370233567260356389, 0.3005781796994436150, 0.3688032070373772342, 0.4427636198457212124, 0.5160455776874044442, 0.5825014191568235189, 0.6417953814615287023, 0.6946446714591538729, 0.7407048907381672542, 0.7796151080458149085, 0.8121003791382505055, 0.8378410910526379318, 0.9229877051599603144, 1.000000000000000000 ),
 .UNSPECIFIED. ) ;
#8552 = FACE_OUTER_BOUND ( 'NONE', #3508, .T. ) ;
#8553 = ORIENTED_EDGE ( 'NONE', *, *, #2967, .T. ) ;
#8554 = EDGE_CURVE ( 'NONE', #5163, #9026, #9308, .T. ) ;
#8555 = PLANE ( 'NONE',  #4688 ) ;
#8556 = CARTESIAN_POINT ( 'NONE',  ( -27.13472108392920390, 28.99999999999999645, 62.50642618244722826 ) ) ;
#8557 = ADVANCED_FACE ( 'NONE', ( #4247 ), #7090, .T. ) ;
#8558 = CARTESIAN_POINT ( 'NONE',  ( -22.82691024684573122, 28.99999999999998934, 65.23730005079185901 ) ) ;
#8559 = CARTESIAN_POINT ( 'NONE',  ( -104.9999999999999716, 30.99999999999998579, 55.24999999999996447 ) ) ;
#8560 = CARTESIAN_POINT ( 'NONE',  ( -41.59633790806259412, 28.99999999999998934, 62.21587844375919474 ) ) ;
#8561 = CARTESIAN_POINT ( 'NONE',  ( -98.29999999999995453, -3.833233541708487114E-17, 72.49999999999995737 ) ) ;
#8562 = ORIENTED_EDGE ( 'NONE', *, *, #8250, .F. ) ;
#8563 = ADVANCED_FACE ( 'NONE', ( #4964 ), #6480, .T. ) ;
#8564 = VERTEX_POINT ( 'NONE', #4 ) ;
#8565 = CARTESIAN_POINT ( 'NONE',  ( -18.49920202295254867, 29.00000000000000711, 62.27978240500942775 ) ) ;
#8566 = ORIENTED_EDGE ( 'NONE', *, *, #2632, .T. ) ;
#8567 = LINE ( 'NONE', #1781, #3170 ) ;
#8568 = PLANE ( 'NONE',  #6297 ) ;
#8569 = CARTESIAN_POINT ( 'NONE',  ( -18.23532635128047730, 29.59999999999999432, 65.33875421579912768 ) ) ;
#8570 = CARTESIAN_POINT ( 'NONE',  ( -28.37309676805554659, 28.99999999999999289, 65.87081720487880432 ) ) ;
#8571 = CARTESIAN_POINT ( 'NONE',  ( -98.79999999999999716, -1.209951037557585031E-14, 70.50000000000001421 ) ) ;
#8572 = CARTESIAN_POINT ( 'NONE',  ( -18.65231142458988600, 29.00000000000000000, 63.21927767107736429 ) ) ;
#8573 = LINE ( 'NONE', #1924, #8139 ) ;
#8574 = DIRECTION ( 'NONE',  ( 1.418996708365486154E-16, -1.000000000000000000, -0.000000000000000000 ) ) ;
#8575 = ORIENTED_EDGE ( 'NONE', *, *, #8531, .T. ) ;
#8576 = CARTESIAN_POINT ( 'NONE',  ( -29.52451245828264703, 29.60000000000000853, 63.98971990975886825 ) ) ;
#8577 = EDGE_LOOP ( 'NONE', ( #3613, #9190, #764, #1087 ) ) ;
#8578 = CARTESIAN_POINT ( 'NONE',  ( -33.63479944652413423, 29.59999999999999432, 65.44664767452843535 ) ) ;
#8579 = ORIENTED_EDGE ( 'NONE', *, *, #7563, .T. ) ;
#8580 = CARTESIAN_POINT ( 'NONE',  ( -27.90804253137905278, 28.99999999999998934, 66.71129150193088719 ) ) ;
#8581 = CARTESIAN_POINT ( 'NONE',  ( -8.513980250192917173E-17, 29.59999999999999432, 0.000000000000000000 ) ) ;
#8582 = CARTESIAN_POINT ( 'NONE',  ( -29.53176486567676307, 29.59999999999998721, 64.74267555361755910 ) ) ;
#8583 = CARTESIAN_POINT ( 'NONE',  ( -2.000000000000000000, 26.00000000000000000, 73.00000000000000000 ) ) ;
#8584 = AXIS2_PLACEMENT_3D ( 'NONE', #1516, #8792, #17 ) ;
#8585 = EDGE_CURVE ( 'NONE', #1621, #4072, #5162, .T. ) ;
#8586 = EDGE_LOOP ( 'NONE', ( #4967, #6019, #1329 ) ) ;
#8587 = VECTOR ( 'NONE', #5478, 1000.000000000000000 ) ;
#8588 = CARTESIAN_POINT ( 'NONE',  ( -27.47213581905670665, 29.59999999999999076, 64.93988012568932788 ) ) ;
#8589 = AXIS2_PLACEMENT_3D ( 'NONE', #2861, #8691, #5026 ) ;
#8590 = CARTESIAN_POINT ( 'NONE',  ( -18.94151982282762248, 29.59999999999999076, 65.67168491100733263 ) ) ;
#8591 = DIRECTION ( 'NONE',  ( 0.000000000000000000, 0.000000000000000000, -1.000000000000000000 ) ) ;
#8592 = CARTESIAN_POINT ( 'NONE',  ( -7.999999999999989342, 2.803847577293379967, 21.30000000000002203 ) ) ;
#8593 = CARTESIAN_POINT ( 'NONE',  ( -20.51671492596465640, 29.60000000000000853, 63.13261268622176203 ) ) ;
#8594 = CARTESIAN_POINT ( 'NONE',  ( -12.56618654803136970, 29.59999999999999076, 64.03664153671326176 ) ) ;
#8595 = EDGE_CURVE ( 'NONE', #4594, #5697, #8104, .T. ) ;
#8596 = DIRECTION ( 'NONE',  ( 0.7071067811865573427, -2.775557561562891351E-17, -0.7071067811865378028 ) ) ;
#8597 = CARTESIAN_POINT ( 'NONE',  ( -12.57891002344720555, 28.99999999999999289, 64.01876305914380794 ) ) ;
#8598 = EDGE_CURVE ( 'NONE', #5249, #2030, #6749, .T. ) ;
#8599 = AXIS2_PLACEMENT_3D ( 'NONE', #3066, #1524, #745 ) ;
#8600 = VECTOR ( 'NONE', #7335, 1000.000000000000000 ) ;
#8601 = CARTESIAN_POINT ( 'NONE',  ( -20.53864560037029108, 28.99999999999999289, 66.65818613606688814 ) ) ;
#8602 = ORIENTED_EDGE ( 'NONE', *, *, #7198, .T. ) ;
#8603 = AXIS2_PLACEMENT_3D ( 'NONE', #481, #8394, #6953 ) ;
#8604 = DIRECTION ( 'NONE',  ( 0.2810846377148278896, 0.6785983445458544372, -0.6785983445458365626 ) ) ;
#8605 = CARTESIAN_POINT ( 'NONE',  ( -29.06204054916261725, 28.99999999999999289, 66.29543088703968579 ) ) ;
#8606 = VECTOR ( 'NONE', #5195, 1000.000000000000000 ) ;
#8607 = CARTESIAN_POINT ( 'NONE',  ( -3.500000000000074607, -4.207106781186507938, 20.79999999999999716 ) ) ;
#8608 = CARTESIAN_POINT ( 'NONE',  ( -8.513980250192917173E-17, 29.59999999999999076, 0.000000000000000000 ) ) ;
#8609 = CARTESIAN_POINT ( 'NONE',  ( -102.7999999999999972, 30.49999999999994316, 73.00000000000000000 ) ) ;
#8610 = CARTESIAN_POINT ( 'NONE',  ( -20.25864430254251758, 28.99999999999999645, 62.59643381103102655 ) ) ;
#8611 = CARTESIAN_POINT ( 'NONE',  ( -17.07022640413830672, 28.99999999999998934, 64.74267555361757331 ) ) ;
#8612 = ORIENTED_EDGE ( 'NONE', *, *, #2500, .F. ) ;
#8613 = VERTEX_POINT ( 'NONE', #2223 ) ;
#8614 = LINE ( 'NONE', #2730, #5980 ) ;
#8615 = VERTEX_POINT ( 'NONE', #917 ) ;
#8616 = CARTESIAN_POINT ( 'NONE',  ( -19.57862027885722611, 28.99999999999999289, 63.89224287257272294 ) ) ;
#8617 = CARTESIAN_POINT ( 'NONE',  ( -22.95080193264676183, 29.59999999999999432, 64.03664153671326176 ) ) ;
#8618 = CARTESIAN_POINT ( 'NONE',  ( -104.9999999999999716, 30.49999999999994316, 13.74999999999999822 ) ) ;
#8619 = CARTESIAN_POINT ( 'NONE',  ( -15.57819744485424707, 29.00000000000000000, 62.90937978192581426 ) ) ;
#8620 = CARTESIAN_POINT ( 'NONE',  ( -28.12105849252490586, 29.59999999999999432, 62.15947385397782909 ) ) ;
#8621 = CARTESIAN_POINT ( 'NONE',  ( -11.46223717379402629, 29.00000000000002132, 62.33386798170774767 ) ) ;
#8622 = CARTESIAN_POINT ( 'NONE',  ( -16.69033639614727704, 28.99999999999998934, 62.69207977723232972 ) ) ;
#8623 = CARTESIAN_POINT ( 'NONE',  ( -0.5000000000000419664, 0.5000000000000419664, 0.000000000000000000 ) ) ;
#8624 = ADVANCED_FACE ( 'NONE', ( #5979 ), #4439, .F. ) ;
#8625 = B_SPLINE_CURVE_WITH_KNOTS ( 'NONE', 3,
 ( #2577, #4790, #1903, #6194, #7645, #1809, #2529, #1035, #4026, #3979, #6922, #312, #3258, #9128, #7693, #1086, #4774, #6177, #7036 ),
 .UNSPECIFIED., .F., .F.,
 ( 4, 1, 1, 1, 1, 1, 1, 1, 1, 1, 1, 1, 1, 1, 1, 1, 4 ),
 ( 0.000000000000000000, 0.1008389819510992630, 0.1933066405743759653, 0.2774093235198732410, 0.3537258974623241903, 0.4222416857313558425, 0.4821502873790082799, 0.5344086373151103464, 0.5793684589269336715, 0.6558129896578059892, 0.7210347404661472392, 0.7764319497354988941, 0.8239878864249199353, 0.8679002289660953107, 0.9108676256988149644, 0.9548855603064191344, 1.000000000000000000 ),
 .UNSPECIFIED. ) ;
#8626 = VERTEX_POINT ( 'NONE', #3714 ) ;
#8627 = LINE ( 'NONE', #9344, #8127 ) ;
#8628 = EDGE_LOOP ( 'NONE', ( #2578, #4791, #814, #4177 ) ) ;
#8629 = CARTESIAN_POINT ( 'NONE',  ( -11.10655245014610948, 29.59999999999999432, 65.58748211920877225 ) ) ;
#8630 = ORIENTED_EDGE ( 'NONE', *, *, #4672, .F. ) ;
#8631 = CARTESIAN_POINT ( 'NONE',  ( -37.09453502344721443, 29.59999999999999076, 62.15818613606688814 ) ) ;
#8632 = CARTESIAN_POINT ( 'NONE',  ( -10.93746065371080789, 28.99999999999998579, 65.83850817306097269 ) ) ;
#8633 = CARTESIAN_POINT ( 'NONE',  ( -29.53864560037028753, 29.59999999999999787, 64.43883517452844956 ) ) ;
#8634 = CARTESIAN_POINT ( 'NONE',  ( -16.13993018692606540, 28.99999999999999289, 65.43292503068569488 ) ) ;
#8635 = ORIENTED_EDGE ( 'NONE', *, *, #5730, .T. ) ;
#8636 = EDGE_CURVE ( 'NONE', #3784, #2948, #3151, .T. ) ;
#8637 = B_SPLINE_SURFACE_WITH_KNOTS ( 'NONE', 3, 1, ( 
 ( #9548, #2798 ),
 ( #8678, #3907 ),
 ( #3807, #4576 ),
 ( #5928, #9055 ),
 ( #1543, #5205 ),
 ( #5299, #3188 ),
 ( #6068, #9008 ),
 ( #6745, #6024 ),
 ( #8146, #7467 ),
 ( #4479, #8289 ),
 ( #1497, #1691 ) ),
 .UNSPECIFIED., .F., .F., .F.,
 ( 4, 1, 1, 1, 1, 1, 1, 1, 4 ),
 ( 2, 2 ),
 ( 0.000000000000000000, 0.1124239580708059627, 0.2223848576202812066, 0.3301224058542410744, 0.4412431684841658375, 0.5580749755162367487, 0.6869486147035350765, 0.8340326972108738079, 1.000000000000000000 ),
 ( 0.000000000000000000, 1.000000000000000000 ),
 .UNSPECIFIED. ) ;
#8638 = DIRECTION ( 'NONE',  ( 0.9952403613758177281, 0.000000000000000000, -0.09745061871805378584 ) ) ;
#8639 = CARTESIAN_POINT ( 'NONE',  ( -19.28737431570898408, 29.59999999999998721, 65.30953555119604914 ) ) ;
#8640 = CARTESIAN_POINT ( 'NONE',  ( -17.07022640413830672, 29.59999999999998721, 64.74267555361757331 ) ) ;
#8641 = CARTESIAN_POINT ( 'NONE',  ( -13.17927060037028397, 29.59999999999999432, 64.51095055914380794 ) ) ;
#8642 = CARTESIAN_POINT ( 'NONE',  ( -20.53864560037029463, 29.59999999999999787, 63.38234478991305565 ) ) ;
#8643 = CARTESIAN_POINT ( 'NONE',  ( -37.78864560037028753, 28.99999999999999289, 62.15818613606688814 ) ) ;
#8644 = CARTESIAN_POINT ( 'NONE',  ( -22.11122502745706342, 29.00000000000000711, 64.90261414171138199 ) ) ;
#8645 = CARTESIAN_POINT ( 'NONE',  ( -12.33936955966688309, 28.99999999999999289, 64.30080552589373610 ) ) ;
#8646 = DIRECTION ( 'NONE',  ( 1.000000000000000000, 9.609843166673384263E-13, 0.000000000000000000 ) ) ;
#8647 = ORIENTED_EDGE ( 'NONE', *, *, #6101, .F. ) ;
#8648 = EDGE_CURVE ( 'NONE', #6588, #1305, #156, .T. ) ;
#8649 = CARTESIAN_POINT ( 'NONE',  ( -35.82710713883183473, 28.99999999999999289, 64.17741690529766174 ) ) ;
#8650 = CARTESIAN_POINT ( 'NONE',  ( -29.09333310037028753, 29.59999999999999787, 66.25884719375920895 ) ) ;
#8651 = CARTESIAN_POINT ( 'NONE',  ( -18.94247676090062171, 29.59999999999999076, 64.62062234358914736 ) ) ;
#8652 = CARTESIAN_POINT ( 'NONE',  ( -28.06749175421643727, 29.59999999999999432, 65.96587844375919474 ) ) ;
#8653 = CARTESIAN_POINT ( 'NONE',  ( -23.56388598498567433, 28.99999999999999289, 64.51095055914380794 ) ) ;
#8654 = FACE_OUTER_BOUND ( 'NONE', #3598, .T. ) ;
#8655 = CARTESIAN_POINT ( 'NONE',  ( -22.48608408376632539, 29.00000000000000355, 62.91341316413078033 ) ) ;
#8656 = EDGE_LOOP ( 'NONE', ( #6404, #9283, #6363 ) ) ;
#8657 = ORIENTED_EDGE ( 'NONE', *, *, #9241, .T. ) ;
#8658 = CARTESIAN_POINT ( 'NONE',  ( -11.65403021575489895, 29.59999999999999787, 63.60049382837458865 ) ) ;
#8659 = ORIENTED_EDGE ( 'NONE', *, *, #8943, .T. ) ;
#8660 = CARTESIAN_POINT ( 'NONE',  ( -16.60381893691193511, 28.99999999999999289, 62.58372603861510441 ) ) ;
#8661 = DIRECTION ( 'NONE',  ( 1.418996708365486154E-16, -1.000000000000000000, -0.000000000000000000 ) ) ;
#8662 = LINE ( 'NONE', #8883, #9367 ) ;
#8663 = CARTESIAN_POINT ( 'NONE',  ( -26.76935084851056246, 29.59999999999999787, 63.13112843702117516 ) ) ;
#8664 = CARTESIAN_POINT ( 'NONE',  ( -20.51447240284513285, 29.59999999999999076, 63.67257558265118433 ) ) ;
#8665 = PLANE ( 'NONE',  #8282 ) ;
#8666 = CARTESIAN_POINT ( 'NONE',  ( -31.84543646575489717, 28.99999999999999289, 62.21587844375919474 ) ) ;
#8667 = CARTESIAN_POINT ( 'NONE',  ( -23.56388598498567433, 29.59999999999999432, 64.51095055914380794 ) ) ;
#8668 = DIRECTION ( 'NONE',  ( 0.5773502691896099659, -0.5773502691896257311, -0.5773502691896417183 ) ) ;
#8669 = ADVANCED_FACE ( 'NONE', ( #5209 ), #4482, .F. ) ;
#8670 = B_SPLINE_CURVE_WITH_KNOTS ( 'NONE', 3,
 ( #7223, #5052, #4333, #7896, #5003, #4376, #1286, #9538, #8572, #1970, #1242, #4188, #7119, #513, #3463 ),
 .UNSPECIFIED., .F., .F.,
 ( 4, 1, 1, 1, 1, 1, 1, 1, 1, 1, 1, 1, 4 ),
 ( 0.000000000000000000, 0.1168789425891936934, 0.2257848828927967733, 0.3300293635824508853, 0.4347845767395981387, 0.4896303961209848010, 0.5483216779436224098, 0.6108337112498961607, 0.6777304768539422763, 0.7492316971979294804, 0.8268884690772763113, 0.9101270386610832430, 1.000000000000000000 ),
 .UNSPECIFIED. ) ;
#8671 = ORIENTED_EDGE ( 'NONE', *, *, #1251, .T. ) ;
#8672 = FACE_OUTER_BOUND ( 'NONE', #7927, .T. ) ;
#8673 = EDGE_LOOP ( 'NONE', ( #7239, #6538 ) ) ;
#8674 = FACE_OUTER_BOUND ( 'NONE', #1958, .T. ) ;
#8675 = VERTEX_POINT ( 'NONE', #4530 ) ;
#8676 = CARTESIAN_POINT ( 'NONE',  ( -27.51421934969611272, 29.60000000000000497, 63.54325693029272770 ) ) ;
#8677 = ADVANCED_FACE ( 'NONE', ( #4008 ), #2009, .T. ) ;
#8678 = CARTESIAN_POINT ( 'NONE',  ( -15.63339356454071805, 29.59999999999999432, 65.96462102316323239 ) ) ;
#8679 = CARTESIAN_POINT ( 'NONE',  ( -26.60325371956555074, 29.59999999999999432, 64.12748454175330437 ) ) ;
#8680 = CARTESIAN_POINT ( 'NONE',  ( -16.12312366653454276, 29.59999999999999432, 65.49510732829479309 ) ) ;
#8681 = EDGE_CURVE ( 'NONE', #1017, #7760, #2468, .T. ) ;
#8682 = EDGE_LOOP ( 'NONE', ( #3340, #4028, #748, #6801 ) ) ;
#8683 = EDGE_LOOP ( 'NONE', ( #7805, #7336, #5108, #5570 ) ) ;
#8684 = CARTESIAN_POINT ( 'NONE',  ( -22.56189935552824366, 29.60000000000000497, 62.90996901907805494 ) ) ;
#8685 = CIRCLE ( 'NONE', #6141, 2.200000000000007283 ) ;
#8686 = EDGE_CURVE ( 'NONE', #1484, #4687, #8433, .T. ) ;
#8687 = CARTESIAN_POINT ( 'NONE',  ( -14.17710970574540674, 28.99999999999999289, 63.71230181931436221 ) ) ;
#8688 = CARTESIAN_POINT ( 'NONE',  ( -20.10234752344721088, 29.59999999999999432, 64.51095055914380794 ) ) ;
#8689 = PLANE ( 'NONE',  #993 ) ;
#8690 = LINE ( 'NONE', #7141, #7818 ) ;
#8691 = DIRECTION ( 'NONE',  ( -1.000000000000000000, -1.418996708365486154E-16, 0.000000000000000000 ) ) ;
#8692 = PLANE ( 'NONE',  #1986 ) ;
#8693 = CARTESIAN_POINT ( 'NONE',  ( -15.02002816920012407, 29.59999999999998721, 62.26979741943159752 ) ) ;
#8694 = AXIS2_PLACEMENT_3D ( 'NONE', #8812, #2976, #3702 ) ;
#8695 = CARTESIAN_POINT ( 'NONE',  ( -20.07575854785650193, 28.99999999999999645, 62.42470264681981718 ) ) ;
#8696 = VERTEX_POINT ( 'NONE', #2412 ) ;
#8697 = VECTOR ( 'NONE', #1964, 1000.000000000000000 ) ;
#8698 = CARTESIAN_POINT ( 'NONE',  ( -27.46160367625399701, 28.99999999999998579, 64.61765713129227606 ) ) ;
#8699 = CARTESIAN_POINT ( 'NONE',  ( -16.69033639614727704, 29.59999999999998366, 62.69207977723232972 ) ) ;
#8700 = PLANE ( 'NONE',  #9368 ) ;
#8701 = CARTESIAN_POINT ( 'NONE',  ( -27.46689007362918744, 29.60000000000000142, 64.78621502529246357 ) ) ;
#8702 = CARTESIAN_POINT ( 'NONE',  ( -7.499999999999947597, 2.669872981077809015, 20.79999999999999716 ) ) ;
#8703 = CARTESIAN_POINT ( 'NONE',  ( -19.20995850811557304, 29.00000000000000000, 62.15919151790433261 ) ) ;
#8704 = CARTESIAN_POINT ( 'NONE',  ( -3.400000000027603164, -3.600000000031296832, 22.60000000000000142 ) ) ;
#8705 = EDGE_CURVE ( 'NONE', #2037, #8506, #3192, .T. ) ;
#8706 = ORIENTED_EDGE ( 'NONE', *, *, #3228, .T. ) ;
#8707 = VERTEX_POINT ( 'NONE', #2606 ) ;
#8708 = CARTESIAN_POINT ( 'NONE',  ( -28.64989942450677063, 28.99999999999999645, 65.08804284434786780 ) ) ;
#8709 = ORIENTED_EDGE ( 'NONE', *, *, #2962, .F. ) ;
#8710 = CARTESIAN_POINT ( 'NONE',  ( -19.66681640290565269, 28.99999999999998934, 63.62963993191214485 ) ) ;
#8711 = PLANE ( 'NONE',  #8225 ) ;
#8712 = CARTESIAN_POINT ( 'NONE',  ( -22.96352540806260123, 28.99999999999999289, 64.01876305914380794 ) ) ;
#8713 = CARTESIAN_POINT ( 'NONE',  ( -19.59863756581046346, 29.60000000000000853, 63.14490640561967894 ) ) ;
#8714 = DIRECTION ( 'NONE',  ( -1.418996708365486401E-16, 1.000000000000000000, 0.000000000000000000 ) ) ;
#8715 = CARTESIAN_POINT ( 'NONE',  ( -15.60595329267797737, 29.59999999999999432, 62.15818613606688814 ) ) ;
#8716 = CARTESIAN_POINT ( 'NONE',  ( -11.82214331288064635, 29.00000000000001776, 62.20000212056064015 ) ) ;
#8717 = CARTESIAN_POINT ( 'NONE',  ( -16.86932217059912986, 29.00000000000001066, 63.03469003580759988 ) ) ;
#8718 = CARTESIAN_POINT ( 'NONE',  ( -17.76583444351047802, 29.00000000000000000, 63.18135675046038102 ) ) ;
#8719 = VERTEX_POINT ( 'NONE', #6123 ) ;
#8720 = EDGE_CURVE ( 'NONE', #6176, #3332, #8292, .T. ) ;
#8721 = CARTESIAN_POINT ( 'NONE',  ( -23.12835486444412325, 29.60000000000000142, 63.62963993191218748 ) ) ;
#8722 = ORIENTED_EDGE ( 'NONE', *, *, #5763, .T. ) ;
#8723 = DIRECTION ( 'NONE',  ( -0.000000000000000000, 0.7071067811865401342, 0.7071067811865549002 ) ) ;
#8724 = ORIENTED_EDGE ( 'NONE', *, *, #7974, .F. ) ;
#8725 = B_SPLINE_CURVE_WITH_KNOTS ( 'NONE', 3,
 ( #6033, #8343, #6902, #817, #8199, #294, #5936, #8872, #1647, #4536, #2271, #6704, #7476, #5214, #8154, #1550, #98, #3816, #3097 ),
 .UNSPECIFIED., .F., .F.,
 ( 4, 1, 1, 1, 1, 1, 1, 1, 1, 1, 1, 1, 1, 1, 1, 1, 4 ),
 ( 0.000000000000000000, 0.08177573335282957434, 0.1602886146100741815, 0.2360338448589276716, 0.3091237293736659453, 0.3795374562276582764, 0.4473852349956586871, 0.5123670317874761126, 0.5748619756979430617, 0.6349345054528104937, 0.6929351702019234116, 0.7487031023589366674, 0.8026982310377045460, 0.8542767345730980511, 0.9042269110904057605, 0.9527339484092587352, 1.000000000000000000 ),
 .UNSPECIFIED. ) ;
#8726 = CARTESIAN_POINT ( 'NONE',  ( -0.5000000001018634066, 2.744571740547546804E-14, 22.60000000000000142 ) ) ;
#8727 = CARTESIAN_POINT ( 'NONE',  ( -22.80318599100992927, 28.99999999999998934, 64.21528985257819500 ) ) ;
#8728 = CARTESIAN_POINT ( 'NONE',  ( -12.23654692951668288, 28.99999999999999645, 65.43089587304915256 ) ) ;
#8729 = CARTESIAN_POINT ( 'NONE',  ( -12.01844289975069913, 29.00000000000000000, 65.67168491100733263 ) ) ;
#8730 = FACE_OUTER_BOUND ( 'NONE', #7111, .T. ) ;
#8731 = PERSON_AND_ORGANIZATION_ROLE ( 'design_supplier' ) ;
#8732 = ORIENTED_EDGE ( 'NONE', *, *, #409, .F. ) ;
#8733 = ORIENTED_EDGE ( 'NONE', *, *, #4961, .T. ) ;
#8734 = CARTESIAN_POINT ( 'NONE',  ( -98.29999999999995453, 0.000000000000000000, 72.49999999999995737 ) ) ;
#8735 = CARTESIAN_POINT ( 'NONE',  ( -23.06192099985347355, 29.59999999999998721, 62.20551655094874377 ) ) ;
#8736 = CARTESIAN_POINT ( 'NONE',  ( -17.03473924846676724, 29.59999999999998721, 65.15935364755516446 ) ) ;
#8737 = CARTESIAN_POINT ( 'NONE',  ( -13.55933456575804819, 29.59999999999999432, 63.81306182907635360 ) ) ;
#8738 = CARTESIAN_POINT ( 'NONE',  ( -16.21172252344721443, 28.99999999999999645, 64.43883517452844956 ) ) ;
#8739 = CARTESIAN_POINT ( 'NONE',  ( -214287.6571428540628, 214280.6571428568568, -123694.4735445273254 ) ) ;
#8740 = CARTESIAN_POINT ( 'NONE',  ( -18.02962937322304171, 29.59999999999999076, 65.58748211920877225 ) ) ;
#8741 = CARTESIAN_POINT ( 'NONE',  ( -14.61140621875770584, 29.59999999999999787, 62.57863721179622729 ) ) ;
#8742 = ADVANCED_FACE ( 'NONE', ( #1695 ), #4631, .T. ) ;
#8743 = VECTOR ( 'NONE', #900, 1000.000000000000000 ) ;
#8744 = AXIS2_PLACEMENT_3D ( 'NONE', #1917, #2641, #371 ) ;
#8745 = CARTESIAN_POINT ( 'NONE',  ( -1.499999999999971800, 0.000000000000000000, 20.29999999999997229 ) ) ;
#8746 = B_SPLINE_CURVE_WITH_KNOTS ( 'NONE', 3,
 ( #739, #1518, #4456, #110, #786, #6667, #20, #832, #2960, #3009, #5901 ),
 .UNSPECIFIED., .F., .F.,
 ( 4, 1, 1, 1, 1, 1, 1, 1, 4 ),
 ( 0.000000000000000000, 0.08264302873409720696, 0.1768120489030449438, 0.2826378891715876085, 0.4012643114922822551, 0.5319943041057140221, 0.6757009869892213194, 0.8316860103007768235, 0.9999999999999998890 ),
 .UNSPECIFIED. ) ;
#8747 = ORIENTED_EDGE ( 'NONE', *, *, #2176, .T. ) ;
#8748 = VECTOR ( 'NONE', #6948, 1000.000000000000000 ) ;
#8749 = CARTESIAN_POINT ( 'NONE',  ( -105.5000000000000000, 30.49999999999994316, 55.74999999999999289 ) ) ;
#8750 = CARTESIAN_POINT ( 'NONE',  ( -28.58466212807299911, 29.59999999999999432, 65.49510732829479309 ) ) ;
#8751 = CARTESIAN_POINT ( 'NONE',  ( -16.19154932426939197, 29.59999999999999076, 63.79798788449920721 ) ) ;
#8752 = CARTESIAN_POINT ( 'NONE',  ( -27.49324189353341907, 29.59999999999998721, 65.20271617773140349 ) ) ;
#8753 = CARTESIAN_POINT ( 'NONE',  ( -12.36429739263205896, 29.59999999999999787, 65.30953555119604914 ) ) ;
#8754 = VECTOR ( 'NONE', #5748, 1000.000000000000000 ) ;
#8755 = CARTESIAN_POINT ( 'NONE',  ( -20.53627779923347418, 28.99999999999998934, 63.25549540441324581 ) ) ;
#8756 = VECTOR ( 'NONE', #2963, 1000.000000000000000 ) ;
#8757 = CARTESIAN_POINT ( 'NONE',  ( -22.14082179254202742, 29.60000000000000142, 63.16216302194818866 ) ) ;
#8758 = ORIENTED_EDGE ( 'NONE', *, *, #2313, .F. ) ;
#8759 = EDGE_CURVE ( 'NONE', #6626, #6937, #6896, .T. ) ;
#8760 = VERTEX_POINT ( 'NONE', #6073 ) ;
#8761 = AXIS2_PLACEMENT_3D ( 'NONE', #4091, #7712, #420 ) ;
#8762 = VECTOR ( 'NONE', #2874, 999.9999999999998863 ) ;
#8763 = EDGE_LOOP ( 'NONE', ( #5718, #6212, #8329, #6224 ) ) ;
#8764 = CARTESIAN_POINT ( 'NONE',  ( -10.70319915719731618, 29.00000000000001421, 66.43636829437828339 ) ) ;
#8765 = ORIENTED_EDGE ( 'NONE', *, *, #1824, .F. ) ;
#8766 = CARTESIAN_POINT ( 'NONE',  ( -26.65715496316254374, 29.60000000000000497, 63.58466785123027876 ) ) ;
#8767 = CARTESIAN_POINT ( 'NONE',  ( -31.73095329267797737, 29.59999999999999432, 66.65818613606688814 ) ) ;
#8768 = CARTESIAN_POINT ( 'NONE',  ( -104.9999999999999716, 28.99999999999998579, 13.74999999999999822 ) ) ;
#8769 = CARTESIAN_POINT ( 'NONE',  ( -12.09231586198058395, 29.00000000000001066, 62.16006389001607602 ) ) ;
#8770 = CARTESIAN_POINT ( 'NONE',  ( -16.63540040806259057, 28.99999999999999645, 62.62062603991304144 ) ) ;
#8771 = CARTESIAN_POINT ( 'NONE',  ( -18.49920202295254867, 28.99999999999999645, 62.27978240500942775 ) ) ;
#8772 = EDGE_LOOP ( 'NONE', ( #5671, #1345, #704, #7471, #7719, #8659, #8105 ) ) ;
#8773 = CARTESIAN_POINT ( 'NONE',  ( -29.42863642830685222, 29.59999999999998721, 63.35036599760609732 ) ) ;
#8774 = VERTEX_POINT ( 'NONE', #1276 ) ;
#8775 = CARTESIAN_POINT ( 'NONE',  ( -14.77996639988407246, 28.99999999999998934, 62.41333614340716451 ) ) ;
#8776 = ORIENTED_EDGE ( 'NONE', *, *, #968, .T. ) ;
#8777 = DIRECTION ( 'NONE',  ( -0.000000000000000000, 1.000000000000000000, -0.000000000000000000 ) ) ;
#8778 = EDGE_CURVE ( 'NONE', #4594, #594, #9109, .T. ) ;
#8779 = DIRECTION ( 'NONE',  ( 0.9952403613758177281, 0.000000000000000000, -0.09745061871805378584 ) ) ;
#8780 = LINE ( 'NONE', #7906, #278 ) ;
#8781 = CARTESIAN_POINT ( 'NONE',  ( -12.36429739263205896, 29.59999999999999787, 65.30953555119604914 ) ) ;
#8782 = CARTESIAN_POINT ( 'NONE',  ( -22.71633722742665640, 28.99999999999999289, 62.91361374662000827 ) ) ;
#8783 = ORIENTED_EDGE ( 'NONE', *, *, #1767, .F. ) ;
#8784 = VERTEX_POINT ( 'NONE', #3910 ) ;
#8785 = CARTESIAN_POINT ( 'NONE',  ( -27.69763360417662668, 29.00000000000002132, 65.80926924103962961 ) ) ;
#8786 = CARTESIAN_POINT ( 'NONE',  ( -14.42724948368701732, 29.59999999999999076, 62.84821702269373134 ) ) ;
#8787 = LINE ( 'NONE', #1507, #4909 ) ;
#8788 = CARTESIAN_POINT ( 'NONE',  ( -19.20995850811557304, 29.59999999999999787, 62.15919151790433261 ) ) ;
#8789 = CARTESIAN_POINT ( 'NONE',  ( -12.74373947982872757, 28.99999999999999289, 63.62963993191215906 ) ) ;
#8790 = CARTESIAN_POINT ( 'NONE',  ( -18.49652522662266918, 29.59999999999998721, 65.05540356897962795 ) ) ;
#8791 = CARTESIAN_POINT ( 'NONE',  ( -26.75287849425228615, 28.99999999999998934, 65.72775234911173925 ) ) ;
#8792 = DIRECTION ( 'NONE',  ( -0.7071067811865378028, 0.000000000000000000, 0.7071067811865573427 ) ) ;
#8793 = EDGE_CURVE ( 'NONE', #475, #2781, #4980, .T. ) ;
#8794 = EDGE_LOOP ( 'NONE', ( #1709, #4863, #9206, #9110 ) ) ;
#8795 = B_SPLINE_SURFACE_WITH_KNOTS ( 'NONE', 3, 1, ( 
 ( #1272, #5712 ),
 ( #7153, #8076 ),
 ( #8651, #2051 ),
 ( #599, #7983 ),
 ( #4985, #1477 ),
 ( #5860, #1323 ),
 ( #2101, #4267 ),
 ( #695, #2818 ),
 ( #7204, #3546 ),
 ( #4318, #6483 ),
 ( #9421, #7256 ) ),
 .UNSPECIFIED., .F., .F., .F.,
 ( 4, 1, 1, 1, 1, 1, 1, 1, 4 ),
 ( 2, 2 ),
 ( 0.000000000000000000, 0.1850902117818967740, 0.3523572497833285522, 0.5030799192422875654, 0.6360081999872619907, 0.7524730698093538006, 0.8518856678189902221, 0.9343393817377413368, 1.000000000000000000 ),
 ( 0.000000000000000000, 1.000000000000000000 ),
 .UNSPECIFIED. ) ;
#8796 = CARTESIAN_POINT ( 'NONE',  ( -22.35217432425999817, 28.99999999999998934, 65.75380239408755756 ) ) ;
#8797 = CARTESIAN_POINT ( 'NONE',  ( -29.09333310037028753, 28.99999999999999645, 66.25884719375920895 ) ) ;
#8798 = EDGE_CURVE ( 'NONE', #8409, #5545, #3284, .T. ) ;
#8799 = CARTESIAN_POINT ( 'NONE',  ( -16.08380198174277709, 29.60000000000000853, 63.26113956118234682 ) ) ;
#8800 = LINE ( 'NONE', #7933, #4596 ) ;
#8801 = CARTESIAN_POINT ( 'NONE',  ( -20.53864560037029108, 29.59999999999999432, 66.65818613606688814 ) ) ;
#8802 = LINE ( 'NONE', #5863, #6758 ) ;
#8803 = EDGE_CURVE ( 'NONE', #8411, #1526, #603, .T. ) ;
#8804 = ORIENTED_EDGE ( 'NONE', *, *, #2671, .F. ) ;
#8805 = ORIENTED_EDGE ( 'NONE', *, *, #1433, .F. ) ;
#8806 = EDGE_CURVE ( 'NONE', #5094, #7383, #5812, .T. ) ;
#8807 = CARTESIAN_POINT ( 'NONE',  ( -16.43346415402616856, 29.00000000000000000, 62.41705866785153489 ) ) ;
#8808 = EDGE_LOOP ( 'NONE', ( #2918, #1935, #8462, #4748 ) ) ;
#8809 = CARTESIAN_POINT ( 'NONE',  ( -19.45613723209827128, 29.00000000000000000, 62.99015779656225078 ) ) ;
#8810 = DIRECTION ( 'NONE',  ( -1.000000000000000000, -1.418996708365486401E-16, 0.000000000000000000 ) ) ;
#8811 = CARTESIAN_POINT ( 'NONE',  ( -13.37565570065738108, 28.99999999999998934, 64.22769580576583337 ) ) ;
#8812 = CARTESIAN_POINT ( 'NONE',  ( -36.92326098498567433, 29.59999999999999076, 66.65818613606688814 ) ) ;
#8813 = CARTESIAN_POINT ( 'NONE',  ( -16.86932217059912986, 29.60000000000000853, 63.03469003580759988 ) ) ;
#8814 = ADVANCED_FACE ( 'NONE', ( #7260 ), #3596, .T. ) ;
#8815 = FACE_OUTER_BOUND ( 'NONE', #1696, .T. ) ;
#8816 = VERTEX_POINT ( 'NONE', #8704 ) ;
#8817 = ORIENTED_EDGE ( 'NONE', *, *, #2188, .F. ) ;
#8818 = CARTESIAN_POINT ( 'NONE',  ( -12.53306030902134260, 29.59999999999998721, 62.99015779656220815 ) ) ;
#8819 = ORIENTED_EDGE ( 'NONE', *, *, #8097, .T. ) ;
#8820 = CARTESIAN_POINT ( 'NONE',  ( -39.70150617729336773, 29.59999999999999076, 64.98510921298996834 ) ) ;
#8821 = CARTESIAN_POINT ( 'NONE',  ( -23.52092434650666064, 29.59999999999999787, 64.56514916011086314 ) ) ;
#8822 = LINE ( 'NONE', #4390, #1976 ) ;
#8823 = CARTESIAN_POINT ( 'NONE',  ( -12.18672748042501830, 29.59999999999999076, 65.47993683651776564 ) ) ;
#8824 = CARTESIAN_POINT ( 'NONE',  ( -22.63036965201786188, 29.59999999999999787, 64.39623799480506250 ) ) ;
#8825 = ORIENTED_EDGE ( 'NONE', *, *, #6920, .F. ) ;
#8826 = ORIENTED_EDGE ( 'NONE', *, *, #2058, .T. ) ;
#8827 = FACE_OUTER_BOUND ( 'NONE', #8808, .T. ) ;
#8828 = CARTESIAN_POINT ( 'NONE',  ( -23.72018276408098103, 29.59999999999999432, 62.59643381103102655 ) ) ;
#8829 = CARTESIAN_POINT ( 'NONE',  ( -23.56388598498567433, 29.59999999999999432, 64.51095055914380794 ) ) ;
#8830 = CARTESIAN_POINT ( 'NONE',  ( -26.30787636960106468, 29.59999999999999432, 65.44664767452843535 ) ) ;
#8831 = CARTESIAN_POINT ( 'NONE',  ( -15.14583592714022053, 29.60000000000000142, 66.64864551477415944 ) ) ;
#8832 = FACE_BOUND ( 'NONE', #2316, .T. ) ;
#8833 = CARTESIAN_POINT ( 'NONE',  ( -21.08781454181270121, 29.59999999999999432, 66.43636829437824076 ) ) ;
#8834 = ADVANCED_FACE ( 'NONE', ( #2161 ), #2949, .T. ) ;
#8835 = CARTESIAN_POINT ( 'NONE',  ( -31.73095329267797737, 28.99999999999999289, 65.73510921298995413 ) ) ;
#8836 = ORIENTED_EDGE ( 'NONE', *, *, #8585, .T. ) ;
#8837 = CARTESIAN_POINT ( 'NONE',  ( -16.21121092438251665, 28.99999999999998224, 64.37753776437594411 ) ) ;
#8838 = LINE ( 'NONE', #4648, #8536 ) ;
#8839 = VECTOR ( 'NONE', #307, 1000.000000000000000 ) ;
#8840 = CARTESIAN_POINT ( 'NONE',  ( -11.65403021575489895, 28.99999999999999645, 63.60049382837458865 ) ) ;
#8841 = DIRECTION ( 'NONE',  ( -1.000000000000000000, 0.000000000000000000, 0.000000000000000000 ) ) ;
#8842 = CARTESIAN_POINT ( 'NONE',  ( -15.00055948362063063, 28.99999999999999645, 64.37723300200336496 ) ) ;
#8843 = CARTESIAN_POINT ( 'NONE',  ( -15.12812905380486406, 29.60000000000000142, 65.61506785181040868 ) ) ;
#8844 = AXIS2_PLACEMENT_3D ( 'NONE', #5722, #4228, #9431 ) ;
#8845 = ORIENTED_EDGE ( 'NONE', *, *, #3410, .F. ) ;
#8846 = ADVANCED_FACE ( 'NONE', ( #4990 ), #5839, .F. ) ;
#8847 = VECTOR ( 'NONE', #3360, 1000.000000000000000 ) ;
#8848 = VERTEX_POINT ( 'NONE', #2987 ) ;
#8849 = EDGE_CURVE ( 'NONE', #4223, #3140, #3712, .T. ) ;
#8850 = CARTESIAN_POINT ( 'NONE',  ( -10.93746065371080789, 28.99999999999998934, 65.83850817306097269 ) ) ;
#8851 = ORIENTED_EDGE ( 'NONE', *, *, #6328, .T. ) ;
#8852 = CARTESIAN_POINT ( 'NONE',  ( -28.06749175421643727, 29.59999999999999432, 62.90818613606688814 ) ) ;
#8853 = DIRECTION ( 'NONE',  ( 1.418996708365486154E-16, -1.000000000000000000, -0.000000000000000000 ) ) ;
#8854 = CARTESIAN_POINT ( 'NONE',  ( -102.7999999999999972, 30.49999999999994316, 73.00000000000000000 ) ) ;
#8855 = DIRECTION ( 'NONE',  ( -1.000000000000000000, 0.000000000000000000, 0.000000000000000000 ) ) ;
#8856 = CARTESIAN_POINT ( 'NONE',  ( -21.73919288628764335, 29.59999999999998721, 62.39826547171086446 ) ) ;
#8857 = DIRECTION ( 'NONE',  ( 0.000000000000000000, 0.000000000000000000, 1.000000000000000000 ) ) ;
#8858 = VECTOR ( 'NONE', #1760, 1000.000000000000000 ) ;
#8859 = ORIENTED_EDGE ( 'NONE', *, *, #1719, .F. ) ;
#8860 = EDGE_CURVE ( 'NONE', #5910, #5697, #6697, .T. ) ;
#8861 = ORIENTED_EDGE ( 'NONE', *, *, #6267, .T. ) ;
#8862 = FACE_OUTER_BOUND ( 'NONE', #7149, .T. ) ;
#8863 = VERTEX_POINT ( 'NONE', #3037 ) ;
#8864 = PLANE ( 'NONE',  #6694 ) ;
#8865 = CARTESIAN_POINT ( 'NONE',  ( -98.79999999999999716, 0.5000000000000281997, 73.00000000000000000 ) ) ;
#8866 = CARTESIAN_POINT ( 'NONE',  ( -29.14893171853601572, 29.59999999999999432, 66.18684664652663230 ) ) ;
#8867 = CARTESIAN_POINT ( 'NONE',  ( -13.16559625030211755, 29.59999999999999787, 64.52820154558349941 ) ) ;
#8868 = CARTESIAN_POINT ( 'NONE',  ( -19.66870594275492934, 29.59999999999999787, 63.36872890603534358 ) ) ;
#8869 = ORIENTED_EDGE ( 'NONE', *, *, #7087, .T. ) ;
#8870 = ORIENTED_EDGE ( 'NONE', *, *, #8007, .T. ) ;
#8871 = CARTESIAN_POINT ( 'NONE',  ( -12.74373947982872757, 29.59999999999999432, 63.62963993191215906 ) ) ;
#8872 = CARTESIAN_POINT ( 'NONE',  ( -29.47780276043618031, 29.59999999999998721, 65.28727902373809400 ) ) ;
#8873 = CARTESIAN_POINT ( 'NONE',  ( -14.27439850438462443, 28.99999999999998934, 63.23624435480181205 ) ) ;
#8874 = B_SPLINE_CURVE_WITH_KNOTS ( 'NONE', 3,
 ( #7194, #6574, #5657, #9366, #5705, #8645, #5801, #1420, #2045, #4356, #8597 ),
 .UNSPECIFIED., .F., .F.,
 ( 4, 1, 1, 1, 1, 1, 1, 1, 4 ),
 ( 0.000000000000000000, 0.1850902117818982173, 0.3523572497833289408, 0.5030799192422880095, 0.6360081999872613245, 0.7524730698093544667, 0.8518856678189908882, 0.9343393817377422250, 1.000000000000000000 ),
 .UNSPECIFIED. ) ;
#8875 = CARTESIAN_POINT ( 'NONE',  ( -29.24926840417379381, 29.59999999999998010, 62.85177120494134329 ) ) ;
#8876 = CARTESIAN_POINT ( 'NONE',  ( -13.61556867729336062, 29.59999999999999432, 63.38234478991304144 ) ) ;
#8877 = DIRECTION ( 'NONE',  ( 1.418996708365486154E-16, -1.000000000000000000, -0.000000000000000000 ) ) ;
#8878 = DIRECTION ( 'NONE',  ( 0.7071067811865378028, 0.000000000000000000, 0.7071067811865573427 ) ) ;
#8879 = CARTESIAN_POINT ( 'NONE',  ( -27.98541877268479539, 29.59999999999999787, 62.91171570126547152 ) ) ;
#8880 = CARTESIAN_POINT ( 'NONE',  ( -28.22534679186507134, 28.99999999999998934, 62.16198089314431030 ) ) ;
#8881 = EDGE_LOOP ( 'NONE', ( #8448, #5733, #7328, #5354 ) ) ;
#8882 = EDGE_CURVE ( 'NONE', #8816, #2990, #770, .T. ) ;
#8883 = CARTESIAN_POINT ( 'NONE',  ( -33.63479944652413423, 29.59999999999999432, 64.69664767452843535 ) ) ;
#8884 = FACE_OUTER_BOUND ( 'NONE', #2077, .T. ) ;
#8885 = CARTESIAN_POINT ( 'NONE',  ( -4.999999999999990230, 2.428612866367529932E-14, 21.30000000000002203 ) ) ;
#8886 = ADVANCED_FACE ( 'NONE', ( #5930 ), #181, .T. ) ;
#8887 = CARTESIAN_POINT ( 'NONE',  ( -15.29685997790009822, 29.59999999999999076, 62.18436144438678781 ) ) ;
#8888 = CARTESIAN_POINT ( 'NONE',  ( -29.94249175421643372, 28.99999999999999289, 64.98781353991303433 ) ) ;
#8889 = DIRECTION ( 'NONE',  ( 0.7071067811865476838, -0.7071067811865474617, -0.000000000000000000 ) ) ;
#8890 = VECTOR ( 'NONE', #5620, 1000.000000000000000 ) ;
#8891 = DIRECTION ( 'NONE',  ( 0.7071067811949279802, -6.814637407400979129E-16, 0.7071067811781671653 ) ) ;
#8892 = AXIS2_PLACEMENT_3D ( 'NONE', #7289, #678, #725 ) ;
#8893 = ORIENTED_EDGE ( 'NONE', *, *, #9179, .T. ) ;
#8894 = ORIENTED_EDGE ( 'NONE', *, *, #846, .T. ) ;
#8895 = VECTOR ( 'NONE', #1860, 1000.000000000000000 ) ;
#8896 = AXIS2_PLACEMENT_3D ( 'NONE', #3477, #9214, #6411 ) ;
#8897 = DIRECTION ( 'NONE',  ( 0.000000000000000000, 1.000000000000000000, 0.000000000000000000 ) ) ;
#8898 = CARTESIAN_POINT ( 'NONE',  ( -3.000000000000000000, 31.00000000000000000, 0.5000000000000281997 ) ) ;
#8899 = CARTESIAN_POINT ( 'NONE',  ( -28.49349274207125049, 28.99999999999998934, 63.15307011277140958 ) ) ;
#8900 = CARTESIAN_POINT ( 'NONE',  ( -23.47094914790866227, 29.59999999999999432, 64.62138892635984178 ) ) ;
#8901 = CARTESIAN_POINT ( 'NONE',  ( -15.60595329267797737, 29.59999999999999432, 62.15818613606688814 ) ) ;
#8902 = CARTESIAN_POINT ( 'NONE',  ( -500000.0000000000582, -3.599999999999933920, 31.19999999999998863 ) ) ;
#8903 = CARTESIAN_POINT ( 'NONE',  ( -17.03485064845444086, 29.60000000000000142, 63.71739455675720620 ) ) ;
#8904 = DIRECTION ( 'NONE',  ( -1.000000000000000000, 0.000000000000000000, -0.000000000000000000 ) ) ;
#8905 = ORIENTED_EDGE ( 'NONE', *, *, #1175, .F. ) ;
#8906 = VECTOR ( 'NONE', #7109, 999.9999999999998863 ) ;
#8907 = VECTOR ( 'NONE', #1788, 1000.000000000000114 ) ;
#8908 = ORIENTED_EDGE ( 'NONE', *, *, #1980, .T. ) ;
#8909 = CARTESIAN_POINT ( 'NONE',  ( -15.57855287847091930, 29.59999999999999432, 65.96448203061940774 ) ) ;
#8910 = ORIENTED_EDGE ( 'NONE', *, *, #5868, .T. ) ;
#8911 = CARTESIAN_POINT ( 'NONE',  ( -28.06749175421643727, 29.59999999999999432, 62.15818613606688814 ) ) ;
#8912 = EDGE_CURVE ( 'NONE', #5018, #6606, #8102, .T. ) ;
#8913 = CARTESIAN_POINT ( 'NONE',  ( -21.23249495232140305, 29.59999999999998366, 66.00964228596717476 ) ) ;
#8914 = DIRECTION ( 'NONE',  ( 0.5773502691850694868, 0.5773502691850536106, -0.5773502691987540958 ) ) ;
#8915 = CARTESIAN_POINT ( 'NONE',  ( -26.80460537158178624, 29.59999999999999076, 63.03068880420724440 ) ) ;
#8916 = CARTESIAN_POINT ( 'NONE',  ( -13.16559625030211755, 28.99999999999999645, 64.52820154558349941 ) ) ;
#8917 = DIRECTION ( 'NONE',  ( 0.7071067811865378028, 0.000000000000000000, 0.7071067811865573427 ) ) ;
#8918 = ORIENTED_EDGE ( 'NONE', *, *, #6118, .T. ) ;
#8919 = ORIENTED_EDGE ( 'NONE', *, *, #1966, .F. ) ;
#8920 = CARTESIAN_POINT ( 'NONE',  ( -5.000000000000000000, 28.99999999999999645, 66.99999999999997158 ) ) ;
#8921 = ORIENTED_EDGE ( 'NONE', *, *, #9263, .T. ) ;
#8922 = DIRECTION ( 'NONE',  ( 0.000000000000000000, 0.000000000000000000, 1.000000000000000000 ) ) ;
#8923 = CARTESIAN_POINT ( 'NONE',  ( -33.17326098498566722, 29.59999999999999432, 64.98510921298996834 ) ) ;
#8924 = EDGE_CURVE ( 'NONE', #5112, #6780, #1454, .T. ) ;
#8925 = CARTESIAN_POINT ( 'NONE',  ( -17.01626429889772396, 29.59999999999999787, 65.28727902373810821 ) ) ;
#8926 = CARTESIAN_POINT ( 'NONE',  ( -23.19385633304365868, 29.00000000000000355, 62.24291216561616125 ) ) ;
#8927 = CARTESIAN_POINT ( 'NONE',  ( -14.64205722422726019, 29.00000000000000711, 66.33212896196698694 ) ) ;
#8928 = CARTESIAN_POINT ( 'NONE',  ( -41.59633790806259412, 29.59999999999999076, 65.73510921298995413 ) ) ;
#8929 = CARTESIAN_POINT ( 'NONE',  ( -27.55817685037028042, 29.59999999999998721, 63.34989286683612164 ) ) ;
#8930 = EDGE_CURVE ( 'NONE', #5545, #108, #7571, .T. ) ;
#8931 = ORIENTED_EDGE ( 'NONE', *, *, #8542, .F. ) ;
#8932 = CARTESIAN_POINT ( 'NONE',  ( -28.67326098498566722, 29.59999999999999787, 64.43883517452844956 ) ) ;
#8933 = ORIENTED_EDGE ( 'NONE', *, *, #661, .T. ) ;
#8934 = CARTESIAN_POINT ( 'NONE',  ( -29.39954863966775633, 28.99999999999998934, 65.63682640310038607 ) ) ;
#8935 = CARTESIAN_POINT ( 'NONE',  ( -29.09333310037028397, 28.99999999999999289, 66.25884719375919474 ) ) ;
#8936 = CARTESIAN_POINT ( 'NONE',  ( -11.94339319652413067, 29.59999999999999787, 65.79280152068227494 ) ) ;
#8937 = LINE ( 'NONE', #5231, #8294 ) ;
#8938 = PLANE ( 'NONE',  #2137 ) ;
#8939 = DIRECTION ( 'NONE',  ( -1.000000000000000000, 0.000000000000000000, -0.000000000000000000 ) ) ;
#8940 = CARTESIAN_POINT ( 'NONE',  ( -15.00018406190874742, 29.59999999999999432, 64.43883517452843535 ) ) ;
#8941 = EDGE_LOOP ( 'NONE', ( #785, #806, #3649, #9131 ) ) ;
#8942 = CARTESIAN_POINT ( 'NONE',  ( -18.75517899763137919, 29.60000000000001918, 63.05376029987498754 ) ) ;
#8943 = EDGE_CURVE ( 'NONE', #8009, #2402, #1079, .T. ) ;
#8944 = ORIENTED_EDGE ( 'NONE', *, *, #5105, .F. ) ;
#8945 = CARTESIAN_POINT ( 'NONE',  ( -11.57344830354574583, 29.59999999999999076, 65.05540356897962795 ) ) ;
#8946 = CARTESIAN_POINT ( 'NONE',  ( -20.20750383140237716, 29.00000000000000000, 64.36983560347518107 ) ) ;
#8947 = CARTESIAN_POINT ( 'NONE',  ( -23.10347338960584551, 29.59999999999999076, 64.98565089723828692 ) ) ;
#8948 = LINE ( 'NONE', #997, #6129 ) ;
#8949 = CARTESIAN_POINT ( 'NONE',  ( -17.71172252344721088, 29.59999999999999432, 63.51575825145150134 ) ) ;
#8950 = CARTESIAN_POINT ( 'NONE',  ( -17.07680425494815069, 29.59999999999999076, 64.38684520668053324 ) ) ;
#8951 = CARTESIAN_POINT ( 'NONE',  ( -12.18643005412026170, 29.59999999999998721, 62.15882148759504133 ) ) ;
#8952 = B_SPLINE_SURFACE_WITH_KNOTS ( 'NONE', 3, 1, ( 
 ( #6070, #9011 ),
 ( #4007, #5492 ),
 ( #6122, #2411 ),
 ( #9057, #8242 ),
 ( #2464, #8338 ),
 ( #6317, #4190 ),
 ( #515, #5590 ),
 ( #474, #4862 ),
 ( #8480, #1198 ),
 ( #2789, #3465 ),
 ( #2740, #5684 ) ),
 .UNSPECIFIED., .F., .F., .F.,
 ( 4, 1, 1, 1, 1, 1, 1, 1, 4 ),
 ( 2, 2 ),
 ( 0.000000000000000000, 0.1136384890722382662, 0.2223861812653077918, 0.3312523767958283627, 0.4413103711807804252, 0.5581281266397023488, 0.6869862659608908517, 0.8340526583991203502, 1.000000000000000000 ),
 ( 0.000000000000000000, 1.000000000000000000 ),
 .UNSPECIFIED. ) ;
#8953 = VERTEX_POINT ( 'NONE', #335 ) ;
#8954 = ORIENTED_EDGE ( 'NONE', *, *, #4933, .T. ) ;
#8955 = CARTESIAN_POINT ( 'NONE',  ( -17.73216932784822220, 29.59999999999999076, 63.34405806632992153 ) ) ;
#8956 = VERTEX_POINT ( 'NONE', #4630 ) ;
#8957 = CARTESIAN_POINT ( 'NONE',  ( -12.53754638900121776, 29.59999999999997655, 62.17732647703374482 ) ) ;
#8958 = EDGE_CURVE ( 'NONE', #7185, #6063, #9153, .T. ) ;
#8959 = CARTESIAN_POINT ( 'NONE',  ( -28.65290419791888965, 28.99999999999999289, 66.60379955400915719 ) ) ;
#8960 = CARTESIAN_POINT ( 'NONE',  ( -21.18021842494432505, 29.59999999999999432, 63.45733378054433160 ) ) ;
#8961 = CARTESIAN_POINT ( 'NONE',  ( -11.65602897422337136, 29.60000000000000142, 63.57040566043745144 ) ) ;
#8962 = PLANE ( 'NONE',  #1217 ) ;
#8963 = CARTESIAN_POINT ( 'NONE',  ( -22.72398494428227522, 29.59999999999999787, 64.30080552589373610 ) ) ;
#8964 = ORIENTED_EDGE ( 'NONE', *, *, #3947, .F. ) ;
#8965 = ORIENTED_EDGE ( 'NONE', *, *, #2680, .T. ) ;
#8966 = CARTESIAN_POINT ( 'NONE',  ( -12.74806018564633803, 29.59999999999999787, 63.54180619720352041 ) ) ;
#8967 = ORIENTED_EDGE ( 'NONE', *, *, #7758, .T. ) ;
#8968 = CARTESIAN_POINT ( 'NONE',  ( -13.61556867729336062, 29.59999999999999432, 63.38234478991304144 ) ) ;
#8969 = EDGE_CURVE ( 'NONE', #4773, #2672, #3283, .T. ) ;
#8970 = DIRECTION ( 'NONE',  ( 0.7071067811865435759, -0.7071067811865513475, 0.000000000000000000 ) ) ;
#8971 = EDGE_CURVE ( 'NONE', #8953, #1423, #1062, .T. ) ;
#8972 = CARTESIAN_POINT ( 'NONE',  ( -29.33086063213759331, 29.60000000000000853, 63.03469003580759988 ) ) ;
#8973 = LINE ( 'NONE', #7801, #427 ) ;
#8974 = CARTESIAN_POINT ( 'NONE',  ( -14.15908285263066446, 28.99999999999999289, 65.02136725860023603 ) ) ;
#8975 = CARTESIAN_POINT ( 'NONE',  ( -12.53306030902134260, 28.99999999999998934, 62.99015779656220815 ) ) ;
#8976 = CARTESIAN_POINT ( 'NONE',  ( -26.59676165661656100, 28.99999999999999289, 64.48240685081077572 ) ) ;
#8977 = ORIENTED_EDGE ( 'NONE', *, *, #2632, .F. ) ;
#8978 = EDGE_CURVE ( 'NONE', #250, #6804, #9108, .T. ) ;
#8979 = FACE_OUTER_BOUND ( 'NONE', #4097, .T. ) ;
#8980 = ORIENTED_EDGE ( 'NONE', *, *, #8912, .T. ) ;
#8981 = DIRECTION ( 'NONE',  ( 1.000000000000000000, -1.962422377263154181E-13, 0.000000000000000000 ) ) ;
#8982 = CARTESIAN_POINT ( 'NONE',  ( -7.499999999999961808, 0.000000000000000000, 32.99999999999999289 ) ) ;
#8983 = LINE ( 'NONE', #3779, #6689 ) ;
#8984 = CARTESIAN_POINT ( 'NONE',  ( -2.000000000000000000, 26.00000000000000000, 69.99999999999998579 ) ) ;
#8985 = CARTESIAN_POINT ( 'NONE',  ( -14.14171525802709795, 28.99999999999999645, 64.12748454175331858 ) ) ;
#8986 = DIRECTION ( 'NONE',  ( -1.000000000000000000, 0.000000000000000000, -0.000000000000000000 ) ) ;
#8987 = ORIENTED_EDGE ( 'NONE', *, *, #2650, .T. ) ;
#8988 = CARTESIAN_POINT ( 'NONE',  ( -18.91673342055884532, 29.59999999999999787, 62.94336049078565054 ) ) ;
#8989 = ORIENTED_EDGE ( 'NONE', *, *, #6440, .T. ) ;
#8990 = AXIS2_PLACEMENT_3D ( 'NONE', #3651, #706, #9434 ) ;
#8991 = CARTESIAN_POINT ( 'NONE',  ( -11.43479994580029668, 29.60000000000000497, 65.20056175677521537 ) ) ;
#8992 = CARTESIAN_POINT ( 'NONE',  ( -21.19370778938668565, 28.99999999999998934, 63.34405806632992153 ) ) ;
#8993 = DIRECTION ( 'NONE',  ( -1.418996708365486154E-16, 1.000000000000000000, 0.000000000000000000 ) ) ;
#8994 = LINE ( 'NONE', #6107, #5197 ) ;
#8995 = DIRECTION ( 'NONE',  ( -0.000000000000000000, 1.000000000000000000, 0.000000000000000000 ) ) ;
#8996 = ADVANCED_FACE ( 'NONE', ( #6894 ), #8962, .T. ) ;
#8997 = CARTESIAN_POINT ( 'NONE',  ( -29.53774728426614615, 28.99999999999999645, 64.28463936587547778 ) ) ;
#8998 = FACE_OUTER_BOUND ( 'NONE', #7625, .T. ) ;
#8999 = VECTOR ( 'NONE', #7985, 1000.000000000000000 ) ;
#9000 = VERTEX_POINT ( 'NONE', #1787 ) ;
#9001 = ORIENTED_EDGE ( 'NONE', *, *, #1980, .F. ) ;
#9002 = CARTESIAN_POINT ( 'NONE',  ( -15.12812905380486406, 29.60000000000000142, 65.61506785181040868 ) ) ;
#9003 = EDGE_LOOP ( 'NONE', ( #507, #4263, #6258, #4580 ) ) ;
#9004 = CARTESIAN_POINT ( 'NONE',  ( -16.15925674238316745, 28.99999999999999645, 65.33171982693652069 ) ) ;
#9005 = VECTOR ( 'NONE', #5769, 1000.000000000000114 ) ;
#9006 = EDGE_CURVE ( 'NONE', #3576, #7323, #5402, .T. ) ;
#9007 = CARTESIAN_POINT ( 'NONE',  ( -21.08781454181270121, 29.00000000000000355, 66.43636829437824076 ) ) ;
#9008 = CARTESIAN_POINT ( 'NONE',  ( -15.97645767774185188, 28.99999999999999645, 65.81174341285539242 ) ) ;
#9009 = B_SPLINE_CURVE_WITH_KNOTS ( 'NONE', 3,
 ( #800, #5872, #949, #4617, #5289, #5193, #5243, #4565, #901, #8179, #4516, #2211, #8135, #5337, #1677, #7456, #6015, #78, #7365 ),
 .UNSPECIFIED., .F., .F.,
 ( 4, 1, 1, 1, 1, 1, 1, 1, 1, 1, 1, 1, 1, 1, 1, 1, 4 ),
 ( 0.000000000000000000, 0.1007136201660554647, 0.1930511193549709903, 0.2775611057809597715, 0.3537464755767955049, 0.4222226836536438488, 0.4824767800578444454, 0.5347592587826174304, 0.5795392816068455355, 0.6554201458977417794, 0.7207732443037033754, 0.7762271871689976344, 0.8240623039573374831, 0.8681761201529936134, 0.9113546535175864882, 0.9549432699730828755, 1.000000000000000000 ),
 .UNSPECIFIED. ) ;
#9010 = CARTESIAN_POINT ( 'NONE',  ( -11.65403021575489895, 29.59999999999999787, 63.60049382837458865 ) ) ;
#9011 = CARTESIAN_POINT ( 'NONE',  ( -28.06749175421644082, 29.00000000000000355, 62.90818613606689524 ) ) ;
#9012 = ADVANCED_FACE ( 'NONE', ( #2558 ), #8952, .T. ) ;
#9013 = CARTESIAN_POINT ( 'NONE',  ( -2.697521433898264487, -3.874709275593431368, 32.19752143389817434 ) ) ;
#9014 = ORIENTED_EDGE ( 'NONE', *, *, #1684, .F. ) ;
#9015 = EDGE_LOOP ( 'NONE', ( #5637, #6815, #4180, #5164, #5084, #4273, #5426 ) ) ;
#9016 = CARTESIAN_POINT ( 'NONE',  ( 11.97076581490184033, 5.870765814901602653, 31.53205080813113170 ) ) ;
#9017 = ORIENTED_EDGE ( 'NONE', *, *, #5434, .F. ) ;
#9018 = CARTESIAN_POINT ( 'NONE',  ( -13.55933456575804819, 29.59999999999999432, 63.81306182907635360 ) ) ;
#9019 = DIRECTION ( 'NONE',  ( -0.4999999999999946154, -0.8660254037844418162, 0.000000000000000000 ) ) ;
#9020 = CARTESIAN_POINT ( 'NONE',  ( -29.29093049568005469, 29.59999999999999787, 62.94066240168369575 ) ) ;
#9021 = CARTESIAN_POINT ( 'NONE',  ( -14.13479944652413245, 29.59999999999999432, 64.42982075145150134 ) ) ;
#9022 = FACE_BOUND ( 'NONE', #3391, .T. ) ;
#9023 = PLANE ( 'NONE',  #5995 ) ;
#9024 = ORIENTED_EDGE ( 'NONE', *, *, #5140, .F. ) ;
#9025 = CARTESIAN_POINT ( 'NONE',  ( -20.53784760440282753, 28.99999999999999289, 63.33959402992293519 ) ) ;
#9026 = VERTEX_POINT ( 'NONE', #4050 ) ;
#9027 = LINE ( 'NONE', #4163, #2750 ) ;
#9028 = CARTESIAN_POINT ( 'NONE',  ( -15.63340017425727702, 28.99999999999998934, 62.90941351001680459 ) ) ;
#9029 = DIRECTION ( 'NONE',  ( 0.000000000000000000, 0.000000000000000000, 1.000000000000000000 ) ) ;
#9030 = EDGE_CURVE ( 'NONE', #803, #1732, #7033, .T. ) ;
#9031 = CARTESIAN_POINT ( 'NONE',  ( -11.78659293885196035, 28.99999999999998934, 63.11137509095014764 ) ) ;
#9032 = DIRECTION ( 'NONE',  ( -0.7071067811865476838, 0.7071067811865474617, 0.000000000000000000 ) ) ;
#9033 = CARTESIAN_POINT ( 'NONE',  ( -37.09453502344721443, 28.99999999999998934, 62.15818613606688814 ) ) ;
#9034 = ORIENTED_EDGE ( 'NONE', *, *, #5826, .T. ) ;
#9035 = DIRECTION ( 'NONE',  ( 0.000000000000000000, 1.000000000000000000, 0.000000000000000000 ) ) ;
#9036 = VERTEX_POINT ( 'NONE', #3376 ) ;
#9037 = CARTESIAN_POINT ( 'NONE',  ( -19.95269051270845750, 28.99999999999998934, 64.68424159767960191 ) ) ;
#9038 = LINE ( 'NONE', #3893, #855 ) ;
#9039 = CARTESIAN_POINT ( 'NONE',  ( -15.60595329267797737, 28.99999999999998934, 62.90818613606688814 ) ) ;
#9040 = CARTESIAN_POINT ( 'NONE',  ( -36.88684300018388740, 29.59999999999999076, 62.54997888129713601 ) ) ;
#9041 = CARTESIAN_POINT ( 'NONE',  ( -14.55376558501723316, 29.59999999999998721, 66.23566135985345227 ) ) ;
#9042 = CARTESIAN_POINT ( 'NONE',  ( -27.46172252344721088, 28.99999999999999645, 64.43883517452844956 ) ) ;
#9043 = VECTOR ( 'NONE', #6362, 1000.000000000000000 ) ;
#9044 = DIRECTION ( 'NONE',  ( 0.000000000000000000, 0.000000000000000000, 1.000000000000000000 ) ) ;
#9045 = CARTESIAN_POINT ( 'NONE',  ( -10.88538553826877120, 29.59999999999999787, 63.03125137803057498 ) ) ;
#9046 = EDGE_CURVE ( 'NONE', #3141, #4043, #1926, .T. ) ;
#9047 = ORIENTED_EDGE ( 'NONE', *, *, #2762, .T. ) ;
#9048 = VECTOR ( 'NONE', #1285, 1000.000000000000000 ) ;
#9049 = ORIENTED_EDGE ( 'NONE', *, *, #1975, .F. ) ;
#9050 = VECTOR ( 'NONE', #5739, 1000.000000000000000 ) ;
#9051 = CARTESIAN_POINT ( 'NONE',  ( -15.57855287847091930, 29.00000000000000000, 65.96448203061940774 ) ) ;
#9052 = ORIENTED_EDGE ( 'NONE', *, *, #6624, .T. ) ;
#9053 = CARTESIAN_POINT ( 'NONE',  ( -13.15268162477957148, 29.60000000000000497, 62.42470264681982428 ) ) ;
#9054 = DIRECTION ( 'NONE',  ( -0.2810846377147740993, -0.6785983445458662056, 0.6785983445458467767 ) ) ;
#9055 = CARTESIAN_POINT ( 'NONE',  ( -15.76656677681951102, 29.00000000000001421, 65.94370047351597464 ) ) ;
#9056 = CARTESIAN_POINT ( 'NONE',  ( -26.93584921383240172, 29.59999999999998366, 62.76519222705401546 ) ) ;
#9057 = CARTESIAN_POINT ( 'NONE',  ( -27.90642156006970964, 29.60000000000000142, 62.93076356351277667 ) ) ;
#9058 = CARTESIAN_POINT ( 'NONE',  ( -17.07680881839808507, 28.99999999999999645, 64.49082526223060086 ) ) ;
#9059 = VECTOR ( 'NONE', #1008, 1000.000000000000000 ) ;
#9060 = AXIS2_PLACEMENT_3D ( 'NONE', #4871, #7815, #1212 ) ;
#9061 = ORIENTED_EDGE ( 'NONE', *, *, #6853, .F. ) ;
#9062 = CARTESIAN_POINT ( 'NONE',  ( -23.99689286220508322, 28.99999999999998934, 63.52870578933036683 ) ) ;
#9063 = ORIENTED_EDGE ( 'NONE', *, *, #8039, .T. ) ;
#9064 = B_SPLINE_CURVE_WITH_KNOTS ( 'NONE', 3,
 ( #1205, #1248, #4194, #8390, #7231, #3659, #8818, #6554, #2216, #2842, #5832 ),
 .UNSPECIFIED., .F., .F.,
 ( 4, 1, 1, 1, 1, 1, 1, 1, 4 ),
 ( 0.000000000000000000, 0.1490017644808729891, 0.2818997171181862882, 0.4047912702311844413, 0.5211370919580888827, 0.6343386118877022417, 0.7490297757807460322, 0.8688324994655988176, 1.000000000000000000 ),
 .UNSPECIFIED. ) ;
#9065 = CARTESIAN_POINT ( 'NONE',  ( -28.06749175421643727, 29.59999999999999432, 66.71587844375920895 ) ) ;
#9066 = ADVANCED_FACE ( 'NONE', ( #6990 ), #7804, .T. ) ;
#9067 = AXIS2_PLACEMENT_3D ( 'NONE', #1650, #246, #7630 ) ;
#9068 = CARTESIAN_POINT ( 'NONE',  ( -28.57680665806259057, 28.99999999999999289, 65.52417171298996834 ) ) ;
#9069 = VECTOR ( 'NONE', #617, 1000.000000000000000 ) ;
#9070 = CARTESIAN_POINT ( 'NONE',  ( -29.20152968156404327, 29.00000000000000711, 62.76957086735013291 ) ) ;
#9071 = CARTESIAN_POINT ( 'NONE',  ( -15.00751761841592469, 29.59999999999999787, 66.59349384303789066 ) ) ;
#9072 = CARTESIAN_POINT ( 'NONE',  ( -36.92326098498567433, 29.59999999999999076, 66.65818613606688814 ) ) ;
#9073 = VERTEX_POINT ( 'NONE', #4144 ) ;
#9074 = APPROVAL_PERSON_ORGANIZATION ( #2133, #5613, #7184 ) ;
#9075 = PLANE ( 'NONE',  #2428 ) ;
#9076 = VERTEX_POINT ( 'NONE', #9200 ) ;
#9077 = CARTESIAN_POINT ( 'NONE',  ( -5.499999999999989342, -6.599999999999933920, 21.30000000000002203 ) ) ;
#9078 = CARTESIAN_POINT ( 'NONE',  ( -27.55817685037028042, 28.99999999999998934, 63.34989286683612164 ) ) ;
#9079 = DIRECTION ( 'NONE',  ( 0.8241865897695628274, 1.169518057961984975E-16, -0.5663183426695788114 ) ) ;
#9080 = CARTESIAN_POINT ( 'NONE',  ( -15.76656677681951102, 29.60000000000000497, 65.94370047351597464 ) ) ;
#9081 = CARTESIAN_POINT ( 'NONE',  ( -19.95269051270845750, 28.99999999999999645, 64.68424159767960191 ) ) ;
#9082 = CARTESIAN_POINT ( 'NONE',  ( -26.30787636960106468, 29.59999999999999432, 64.69664767452843535 ) ) ;
#9083 = DIRECTION ( 'NONE',  ( -0.2810846377148266684, -0.6785983445458549923, 0.6785983445458363406 ) ) ;
#9084 = VERTEX_POINT ( 'NONE', #4813 ) ;
#9085 = LINE ( 'NONE', #6100, #4883 ) ;
#9086 = ORIENTED_EDGE ( 'NONE', *, *, #6539, .F. ) ;
#9087 = EDGE_CURVE ( 'NONE', #9101, #1004, #7121, .T. ) ;
#9088 = DIRECTION ( 'NONE',  ( 0.000000000000000000, 0.000000000000000000, -1.000000000000000000 ) ) ;
#9089 = DIRECTION ( 'NONE',  ( 0.000000000000000000, 0.000000000000000000, -1.000000000000000000 ) ) ;
#9090 = FACE_OUTER_BOUND ( 'NONE', #6914, .T. ) ;
#9091 = CARTESIAN_POINT ( 'NONE',  ( -15.29236734719290958, 29.59999999999999076, 66.68720450271960942 ) ) ;
#9092 = CARTESIAN_POINT ( 'NONE',  ( -28.06749175421643727, 28.99999999999999289, 66.71587844375920895 ) ) ;
#9093 = FACE_OUTER_BOUND ( 'NONE', #8577, .T. ) ;
#9094 = EDGE_CURVE ( 'NONE', #5156, #1331, #2023, .T. ) ;
#9095 = CARTESIAN_POINT ( 'NONE',  ( -18.70966986192888015, 29.59999999999998010, 63.11137509095011922 ) ) ;
#9096 = ORIENTED_EDGE ( 'NONE', *, *, #1959, .F. ) ;
#9097 = EDGE_CURVE ( 'NONE', #8333, #5294, #4406, .T. ) ;
#9098 = ORIENTED_EDGE ( 'NONE', *, *, #4262, .T. ) ;
#9099 = B_SPLINE_CURVE_WITH_KNOTS ( 'NONE', 3,
 ( #5807, #8750, #3060, #3883, #6820, #1519, #5949, #985, #3162, #5372, #6000 ),
 .UNSPECIFIED., .F., .F.,
 ( 4, 1, 1, 1, 1, 1, 1, 1, 4 ),
 ( 0.000000000000000000, 0.08264302873409720696, 0.1768120489030449438, 0.2826378891715876085, 0.4012643114922822551, 0.5319943041057140221, 0.6757009869892213194, 0.8316860103007768235, 0.9999999999999998890 ),
 .UNSPECIFIED. ) ;
#9100 = CARTESIAN_POINT ( 'NONE',  ( -22.60114560037029108, 29.59999999999999432, 62.90818613606688814 ) ) ;
#9101 = VERTEX_POINT ( 'NONE', #2649 ) ;
#9102 = CARTESIAN_POINT ( 'NONE',  ( -13.33556737946559068, 28.99999999999998934, 62.59643381103101234 ) ) ;
#9103 = EDGE_CURVE ( 'NONE', #8774, #8373, #426, .T. ) ;
#9104 = CARTESIAN_POINT ( 'NONE',  ( -18.49652522662266918, 28.99999999999999645, 65.05540356897962795 ) ) ;
#9105 = CARTESIAN_POINT ( 'NONE',  ( -21.08781454181270121, 29.59999999999999432, 66.43636829437824076 ) ) ;
#9106 = CARTESIAN_POINT ( 'NONE',  ( -13.24866095928768495, 29.59999999999999076, 62.50708212844769207 ) ) ;
#9107 = CARTESIAN_POINT ( 'NONE',  ( -26.68153632006954723, 29.59999999999999076, 63.46326474830355124 ) ) ;
#9108 = LINE ( 'NONE', #6026, #6924 ) ;
#9109 = LINE ( 'NONE', #5447, #5838 ) ;
#9110 = ORIENTED_EDGE ( 'NONE', *, *, #1560, .T. ) ;
#9111 = LINE ( 'NONE', #2512, #2741 ) ;
#9112 = VERTEX_POINT ( 'NONE', #6357 ) ;
#9113 = DIRECTION ( 'NONE',  ( 1.418996708365486154E-16, -1.000000000000000000, -0.000000000000000000 ) ) ;
#9114 = CARTESIAN_POINT ( 'NONE',  ( -28.66752118360383861, 28.99999999999998934, 64.78864496953715957 ) ) ;
#9115 = CARTESIAN_POINT ( 'NONE',  ( -29.53774728426614615, 29.59999999999999787, 64.28463936587547778 ) ) ;
#9116 = CARTESIAN_POINT ( 'NONE',  ( -14.26174876068878916, 28.99999999999999289, 65.62536638167568981 ) ) ;
#9117 = B_SPLINE_CURVE_WITH_KNOTS ( 'NONE', 3,
 ( #6255, #1999, #4978, #1316, #158, #782, #6765, #733, #3682, #1602, #3104, #8255, #2279, #104, #6710, #8791, #4593, #2327, #5851, #3771, #1512, #4453, #823, #5898, #4544, #8976, #3051 ),
 .UNSPECIFIED., .F., .F.,
 ( 4, 1, 1, 1, 1, 1, 1, 1, 1, 1, 1, 1, 1, 1, 1, 1, 1, 1, 1, 1, 1, 1, 1, 1, 4 ),
 ( 0.000000000000000000, 0.05241462299440140249, 0.1027091694655512116, 0.1514439615246743753, 0.1996138980871026980, 0.2472508928845015830, 0.2956961365241347894, 0.3449754292995780292, 0.3961240370953058587, 0.4226790494297173462, 0.4501786529756238719, 0.4792373238459781692, 0.5092016462808328647, 0.5408092221780151920, 0.5739193845940845362, 0.6083465650511269418, 0.6445205949242757137, 0.6827186007748640151, 0.7224799309583684881, 0.7637982195614307912, 0.8073329696282756096, 0.8525067459539613646, 0.8996646565177246480, 0.9488179606455552362, 1.000000000000000000 ),
 .UNSPECIFIED. ) ;
#9118 = CARTESIAN_POINT ( 'NONE',  ( -28.65308778580784477, 28.99999999999998934, 63.79798788449920721 ) ) ;
#9119 =( NAMED_UNIT ( * ) PLANE_ANGLE_UNIT ( ) SI_UNIT ( $, .RADIAN. ) );
#9120 = VERTEX_POINT ( 'NONE', #9294 ) ;
#9121 = CARTESIAN_POINT ( 'NONE',  ( -28.63986341790960211, 29.59999999999999787, 63.67394964916940836 ) ) ;
#9122 = ORIENTED_EDGE ( 'NONE', *, *, #4212, .F. ) ;
#9123 = DIRECTION ( 'NONE',  ( 0.000000000000000000, 0.000000000000000000, -1.000000000000000000 ) ) ;
#9124 = CARTESIAN_POINT ( 'NONE',  ( -15.68739961731507471, 29.59999999999999787, 62.91182826557026431 ) ) ;
#9125 = CARTESIAN_POINT ( 'NONE',  ( -37.09453502344721443, 29.59999999999999076, 62.15818613606688814 ) ) ;
#9126 = CARTESIAN_POINT ( 'NONE',  ( -28.66894257713681782, 29.59999999999999076, 64.09109810724278589 ) ) ;
#9127 = CARTESIAN_POINT ( 'NONE',  ( -19.81363903483948619, 29.00000000000000000, 64.82472394247854197 ) ) ;
#9128 = CARTESIAN_POINT ( 'NONE',  ( -15.30112086775648983, 29.00000000000000711, 65.87175899687416347 ) ) ;
#9129 = DIRECTION ( 'NONE',  ( 1.418996708365486154E-16, -1.000000000000000000, -0.000000000000000000 ) ) ;
#9130 = ADVANCED_FACE ( 'NONE', ( #5636 ), #3516, .T. ) ;
#9131 = ORIENTED_EDGE ( 'NONE', *, *, #1473, .F. ) ;
#9132 = CARTESIAN_POINT ( 'NONE',  ( -29.53864560037028753, 29.59999999999999787, 64.43883517452844956 ) ) ;
#9133 = ORIENTED_EDGE ( 'NONE', *, *, #2713, .T. ) ;
#9134 = LINE ( 'NONE', #3308, #7303 ) ;
#9135 = DIRECTION ( 'NONE',  ( -0.09745061871805378584, -1.382821071890983527E-17, -0.9952403613758178391 ) ) ;
#9136 = CARTESIAN_POINT ( 'NONE',  ( -17.60631916434163102, 28.99999999999999289, 66.58423303333553633 ) ) ;
#9137 = FACE_OUTER_BOUND ( 'NONE', #4549, .T. ) ;
#9138 = LINE ( 'NONE', #4080, #1766 ) ;
#9139 = CARTESIAN_POINT ( 'NONE',  ( -16.65346655535550369, 28.99999999999998579, 62.64412418362621793 ) ) ;
#9140 = CARTESIAN_POINT ( 'NONE',  ( -10.78864560037028397, 29.59999999999999787, 63.51575825145150134 ) ) ;
#9141 = EDGE_LOOP ( 'NONE', ( #4463, #1148, #4367, #3657 ) ) ;
#9142 = ADVANCED_FACE ( 'NONE', ( #8815 ), #9487, .F. ) ;
#9143 = VECTOR ( 'NONE', #8853, 1000.000000000000000 ) ;
#9144 = ORIENTED_EDGE ( 'NONE', *, *, #5558, .T. ) ;
#9145 = CARTESIAN_POINT ( 'NONE',  ( -19.01539278505751085, 29.59999999999999787, 62.16006389001608312 ) ) ;
#9146 = ORIENTED_EDGE ( 'NONE', *, *, #5423, .F. ) ;
#9147 = CARTESIAN_POINT ( 'NONE',  ( -13.24866095928768495, 28.99999999999999289, 62.50708212844769207 ) ) ;
#9148 = CARTESIAN_POINT ( 'NONE',  ( -18.81328502344721088, 29.59999999999999432, 64.74532555914380794 ) ) ;
#9149 = CARTESIAN_POINT ( 'NONE',  ( -22.11122502745706342, 29.00000000000001776, 64.90261414171138199 ) ) ;
#9150 = CARTESIAN_POINT ( 'NONE',  ( -23.99781626077194119, 29.00000000000000711, 63.25549540441327423 ) ) ;
#9151 = DIRECTION ( 'NONE',  ( -0.7071067811865573427, 0.000000000000000000, 0.7071067811865378028 ) ) ;
#9152 = FACE_OUTER_BOUND ( 'NONE', #2056, .T. ) ;
#9153 = LINE ( 'NONE', #964, #9532 ) ;
#9154 = VECTOR ( 'NONE', #2897, 1000.000000000000114 ) ;
#9155 = EDGE_CURVE ( 'NONE', #2877, #8235, #7367, .T. ) ;
#9156 = CARTESIAN_POINT ( 'NONE',  ( -17.06296751012145663, 28.99999999999999289, 64.88704742904303657 ) ) ;
#9157 = VECTOR ( 'NONE', #5512, 1000.000000000000000 ) ;
#9158 = ORIENTED_EDGE ( 'NONE', *, *, #8103, .T. ) ;
#9159 = CARTESIAN_POINT ( 'NONE',  ( -15.09663838883182407, 28.99999999999999289, 63.34989286683612164 ) ) ;
#9160 = VERTEX_POINT ( 'NONE', #710 ) ;
#9161 = CARTESIAN_POINT ( 'NONE',  ( -23.31677142075871600, 28.99999999999999289, 62.29264642209240321 ) ) ;
#9162 = VECTOR ( 'NONE', #1007, 1000.000000000000000 ) ;
#9163 = CARTESIAN_POINT ( 'NONE',  ( -26.90476615825035012, 29.59999999999998721, 66.07679930186571937 ) ) ;
#9164 = CARTESIAN_POINT ( 'NONE',  ( -23.13322435486479023, 29.59999999999999076, 63.45371195238226392 ) ) ;
#9165 = CARTESIAN_POINT ( 'NONE',  ( -29.47780276043618031, 28.99999999999997868, 65.28727902373809400 ) ) ;
#9166 = CARTESIAN_POINT ( 'NONE',  ( -7.499999999999961808, 0.000000000000000000, 32.99999999999999289 ) ) ;
#9167 = CIRCLE ( 'NONE', #4242, 1.700000000000000178 ) ;
#9168 = ORIENTED_EDGE ( 'NONE', *, *, #6797, .F. ) ;
#9169 = CARTESIAN_POINT ( 'NONE',  ( -27.49324189353341907, 29.59999999999998721, 65.20271617773140349 ) ) ;
#9170 = CARTESIAN_POINT ( 'NONE',  ( -28.57680665806259057, 29.59999999999999432, 65.52417171298996834 ) ) ;
#9171 = CARTESIAN_POINT ( 'NONE',  ( -41.59633790806259412, 28.99999999999998934, 65.73510921298995413 ) ) ;
#9172 = DIRECTION ( 'NONE',  ( 0.000000000000000000, -1.000000000000000000, 0.000000000000000000 ) ) ;
#9173 = CARTESIAN_POINT ( 'NONE',  ( -102.0000000000000000, 30.99999999999998579, 34.75000000000000000 ) ) ;
#9174 = CARTESIAN_POINT ( 'NONE',  ( -17.77095649078293960, 29.59999999999998366, 66.00964228596717476 ) ) ;
#9175 = CARTESIAN_POINT ( 'NONE',  ( -19.63198609949022000, 28.99999999999999289, 63.76036176085092677 ) ) ;
#9176 = VECTOR ( 'NONE', #3630, 1000.000000000000000 ) ;
#9177 = ORIENTED_EDGE ( 'NONE', *, *, #3645, .F. ) ;
#9178 = CARTESIAN_POINT ( 'NONE',  ( -26.63864816728385776, 28.99999999999998934, 63.71230181931436221 ) ) ;
#9179 = EDGE_CURVE ( 'NONE', #5967, #3330, #36, .T. ) ;
#9180 = ORIENTED_EDGE ( 'NONE', *, *, #5878, .T. ) ;
#9181 = EDGE_CURVE ( 'NONE', #4520, #6043, #2255, .T. ) ;
#9182 = DIRECTION ( 'NONE',  ( -6.938893903907222067E-15, 1.000000000000000000, 0.000000000000000000 ) ) ;
#9183 = LINE ( 'NONE', #4843, #2997 ) ;
#9184 = CARTESIAN_POINT ( 'NONE',  ( -28.37727719678792937, 29.60000000000000853, 62.18432041989996861 ) ) ;
#9185 = PLANE ( 'NONE',  #5966 ) ;
#9186 = CARTESIAN_POINT ( 'NONE',  ( -23.09352456102867635, 29.59999999999999432, 63.76036176085091256 ) ) ;
#9187 = CARTESIAN_POINT ( 'NONE',  ( -18.86647011960105758, 29.59999999999999432, 65.79280152068227494 ) ) ;
#9188 = CARTESIAN_POINT ( 'NONE',  ( -15.60595329267797737, 28.99999999999999289, 62.15818613606688814 ) ) ;
#9189 = ORIENTED_EDGE ( 'NONE', *, *, #5909, .F. ) ;
#9190 = ORIENTED_EDGE ( 'NONE', *, *, #415, .F. ) ;
#9191 = CARTESIAN_POINT ( 'NONE',  ( -18.27765442474917634, 29.59999999999998721, 62.39826547171086446 ) ) ;
#9192 = ORIENTED_EDGE ( 'NONE', *, *, #5964, .F. ) ;
#9193 = DIRECTION ( 'NONE',  ( 1.418996708365486154E-16, -1.000000000000000000, -0.000000000000000000 ) ) ;
#9194 = B_SPLINE_SURFACE_WITH_KNOTS ( 'NONE', 3, 1, ( 
 ( #8633, #6954 ),
 ( #8535, #9306 ),
 ( #5645, #1164 ),
 ( #8582, #4016 ),
 ( #344, #3291 ),
 ( #6324, #5502 ),
 ( #9260, #6230 ),
 ( #2615, #9165 ),
 ( #5554, #8445 ),
 ( #8489, #1892 ),
 ( #7767, #1351 ),
 ( #3573, #769 ),
 ( #670, #2848 ),
 ( #5837, #4298 ),
 ( #5016, #4436 ),
 ( #6652, #7960 ),
 ( #8866, #7236 ),
 ( #3620, #5884 ),
 ( #5115, #1453 ) ),
 .UNSPECIFIED., .F., .F., .F.,
 ( 4, 1, 1, 1, 1, 1, 1, 1, 1, 1, 1, 1, 1, 1, 1, 1, 4 ),
 ( 2, 2 ),
 ( 0.000000000000000000, 0.08177573335282957434, 0.1602886146100741815, 0.2360338448589276716, 0.3091237293736659453, 0.3795374562276582764, 0.4473852349956586871, 0.5123670317874761126, 0.5748619756979430617, 0.6349345054528104937, 0.6929351702019234116, 0.7487031023589366674, 0.8026982310377045460, 0.8542767345730980511, 0.9042269110904057605, 0.9527339484092587352, 1.000000000000000000 ),
 ( 0.000000000000000000, 1.000000000000000000 ),
 .UNSPECIFIED. ) ;
#9195 = CARTESIAN_POINT ( 'NONE',  ( -18.81328502344721088, 29.00000000000000355, 64.74532555914380794 ) ) ;
#9196 = CARTESIAN_POINT ( 'NONE',  ( -21.49116783476150161, 29.00000000000000000, 65.58748211920877225 ) ) ;
#9197 = CARTESIAN_POINT ( 'NONE',  ( -13.51249982747121337, 29.00000000000000000, 63.95093916350447216 ) ) ;
#9198 = DIRECTION ( 'NONE',  ( 0.000000000000000000, -0.8660254037844379305, -0.5000000000000011102 ) ) ;
#9199 = CARTESIAN_POINT ( 'NONE',  ( -12.09231586198058395, 28.99999999999999645, 62.16006389001607602 ) ) ;
#9200 = CARTESIAN_POINT ( 'NONE',  ( -12.75018406190874742, 28.99999999999999645, 63.49863084760536225 ) ) ;
#9201 = CARTESIAN_POINT ( 'NONE',  ( -16.60381893691193511, 29.59999999999999787, 62.58372603861510441 ) ) ;
#9202 = CONICAL_SURFACE ( 'NONE', #4586, 1.700000000000000178, 0.7853981633974457255 ) ;
#9203 = EDGE_LOOP ( 'NONE', ( #3108, #9355, #3216, #3218 ) ) ;
#9204 = VECTOR ( 'NONE', #2000, 1000.000000000000000 ) ;
#9205 = CARTESIAN_POINT ( 'NONE',  ( -4.999999999995438316, -1.999999999999977573, 22.60000000000000142 ) ) ;
#9206 = ORIENTED_EDGE ( 'NONE', *, *, #4765, .T. ) ;
#9207 = LINE ( 'NONE', #8578, #2732 ) ;
#9208 = EDGE_CURVE ( 'NONE', #7553, #4699, #1537, .T. ) ;
#9209 = VECTOR ( 'NONE', #4503, 1000.000000000000114 ) ;
#9210 = CARTESIAN_POINT ( 'NONE',  ( -26.86163131962124595, 29.00000000000000000, 65.99894950184410902 ) ) ;
#9211 = EDGE_CURVE ( 'NONE', #4383, #441, #8091, .T. ) ;
#9212 = CARTESIAN_POINT ( 'NONE',  ( -22.60114560037029108, 29.59999999999999432, 62.90818613606688814 ) ) ;
#9213 = VECTOR ( 'NONE', #7295, 1000.000000000000114 ) ;
#9214 = DIRECTION ( 'NONE',  ( -1.000000000000000000, -1.418996708365486154E-16, 0.000000000000000000 ) ) ;
#9215 = AXIS2_PLACEMENT_3D ( 'NONE', #1352, #5740, #1408 ) ;
#9216 = DIRECTION ( 'NONE',  ( 0.000000000000000000, -1.000000000000000000, 0.000000000000000000 ) ) ;
#9217 = CARTESIAN_POINT ( 'NONE',  ( 0.000000000000000000, 0.000000000000000000, 0.000000000000000000 ) ) ;
#9218 = ORIENTED_EDGE ( 'NONE', *, *, #2266, .F. ) ;
#9219 = VECTOR ( 'NONE', #8427, 1000.000000000000000 ) ;
#9220 = CARTESIAN_POINT ( 'NONE',  ( -28.06749175421643727, 29.59999999999999432, 66.71587844375920895 ) ) ;
#9221 = AXIS2_PLACEMENT_3D ( 'NONE', #8623, #8668, #9342 ) ;
#9222 = ADVANCED_FACE ( 'NONE', ( #2835 ), #5150, .T. ) ;
#9223 = FACE_OUTER_BOUND ( 'NONE', #4643, .T. ) ;
#9224 = CARTESIAN_POINT ( 'NONE',  ( -20.53864560037029108, 29.59999999999999432, 63.38234478991304144 ) ) ;
#9225 = DIRECTION ( 'NONE',  ( 0.000000000000000000, 0.000000000000000000, 1.000000000000000000 ) ) ;
#9226 = DIRECTION ( 'NONE',  ( -2.159040943103389166E-13, -1.000000000000000000, 2.914000924115582096E-14 ) ) ;
#9227 = DIRECTION ( 'NONE',  ( 0.000000000000000000, 0.000000000000000000, 1.000000000000000000 ) ) ;
#9228 = ADVANCED_FACE ( 'NONE', ( #4471 ), #4425, .T. ) ;
#9229 = CARTESIAN_POINT ( 'NONE',  ( -12.23455906190874387, 28.99999999999999289, 62.15818613606688814 ) ) ;
#9230 = CARTESIAN_POINT ( 'NONE',  ( -19.50198694652413423, 29.59999999999999432, 64.01876305914380794 ) ) ;
#9231 = ORIENTED_EDGE ( 'NONE', *, *, #7136, .F. ) ;
#9232 = CARTESIAN_POINT ( 'NONE',  ( -26.80460537158178624, 28.99999999999998934, 63.03068880420724440 ) ) ;
#9233 = VERTEX_POINT ( 'NONE', #3564 ) ;
#9234 = CARTESIAN_POINT ( 'NONE',  ( -105.5000000000000000, 29.50000000000002487, 55.74999999999999289 ) ) ;
#9235 = CARTESIAN_POINT ( 'NONE',  ( -21.73919288628764335, 28.99999999999998934, 62.39826547171086446 ) ) ;
#9236 = CARTESIAN_POINT ( 'NONE',  ( -29.00300704851208167, 28.99999999999998934, 62.51087547434987357 ) ) ;
#9237 = CARTESIAN_POINT ( 'NONE',  ( -14.21160048034990098, 29.59999999999999787, 65.40187667010577854 ) ) ;
#9238 = DIRECTION ( 'NONE',  ( 0.5663183426695788114, 0.000000000000000000, 0.8241865897695628274 ) ) ;
#9239 = CARTESIAN_POINT ( 'NONE',  ( -22.20675869749603493, 29.60000000000000142, 62.20000212056062594 ) ) ;
#9240 = VERTEX_POINT ( 'NONE', #3026 ) ;
#9241 = EDGE_CURVE ( 'NONE', #9381, #3857, #7413, .T. ) ;
#9242 = ORIENTED_EDGE ( 'NONE', *, *, #4472, .F. ) ;
#9243 = CARTESIAN_POINT ( 'NONE',  ( -2.000000000000000000, 0.000000000000000000, 0.5000000000000281997 ) ) ;
#9244 = EDGE_LOOP ( 'NONE', ( #6827, #4226, #8944, #3802 ) ) ;
#9245 = CARTESIAN_POINT ( 'NONE',  ( -13.59363800288772062, 29.59999999999999787, 63.13261268622174782 ) ) ;
#9246 = LINE ( 'NONE', #4138, #6602 ) ;
#9247 = CARTESIAN_POINT ( 'NONE',  ( -28.77821193366274244, 29.60000000000000497, 66.54029313193365169 ) ) ;
#9248 = LINE ( 'NONE', #2690, #7509 ) ;
#9249 = CARTESIAN_POINT ( 'NONE',  ( -12.67730561523808674, 29.59999999999999787, 62.20551655094875798 ) ) ;
#9250 = CARTESIAN_POINT ( 'NONE',  ( -27.64202152547743907, 28.99999999999999645, 63.14154371149029288 ) ) ;
#9251 = CARTESIAN_POINT ( 'NONE',  ( -17.03473924846676724, 29.59999999999998721, 65.15935364755516446 ) ) ;
#9252 = ORIENTED_EDGE ( 'NONE', *, *, #9356, .T. ) ;
#9253 = EDGE_CURVE ( 'NONE', #2178, #7890, #6686, .T. ) ;
#9254 = DIRECTION ( 'NONE',  ( 0.7071067811865378028, -3.302478128241085827E-15, -0.7071067811865573427 ) ) ;
#9255 = EDGE_LOOP ( 'NONE', ( #9543, #7175, #5381, #528 ) ) ;
#9256 = CARTESIAN_POINT ( 'NONE',  ( -27.46209794515909053, 29.59999999999999787, 64.37723300200336496 ) ) ;
#9257 = EDGE_CURVE ( 'NONE', #7762, #7553, #3608, .T. ) ;
#9258 = CARTESIAN_POINT ( 'NONE',  ( -26.62062131416913147, 29.59999999999999432, 65.02136725860025024 ) ) ;
#9259 = DIRECTION ( 'NONE',  ( -0.000000000000000000, 1.000000000000000000, 0.000000000000000000 ) ) ;
#9260 = CARTESIAN_POINT ( 'NONE',  ( -29.49627771000522714, 29.59999999999999787, 65.15935364755519288 ) ) ;
#9261 = DIRECTION ( 'NONE',  ( 1.418996708365486154E-16, -1.000000000000000000, -0.000000000000000000 ) ) ;
#9262 = ORIENTED_EDGE ( 'NONE', *, *, #4966, .T. ) ;
#9263 = EDGE_CURVE ( 'NONE', #1450, #3575, #907, .T. ) ;
#9264 = CARTESIAN_POINT ( 'NONE',  ( -26.90476615825035012, 29.59999999999998721, 66.07679930186571937 ) ) ;
#9265 = EDGE_CURVE ( 'NONE', #2777, #2563, #7166, .T. ) ;
#9266 = DIRECTION ( 'NONE',  ( 1.418996708365486154E-16, -1.000000000000000000, -0.000000000000000000 ) ) ;
#9267 = DIRECTION ( 'NONE',  ( 0.000000000000000000, 0.000000000000000000, -1.000000000000000000 ) ) ;
#9268 = CARTESIAN_POINT ( 'NONE',  ( -19.21918998833815451, 29.59999999999999432, 65.37448389340197252 ) ) ;
#9269 = CARTESIAN_POINT ( 'NONE',  ( -37.08160111870365938, 29.59999999999999432, 62.19269005508063231 ) ) ;
#9270 = CARTESIAN_POINT ( 'NONE',  ( -12.41857060639455135, 28.99999999999998934, 64.21528985257820921 ) ) ;
#9271 = CARTESIAN_POINT ( 'NONE',  ( -13.04657503246413697, 28.99999999999999645, 62.35348029611564158 ) ) ;
#9272 = EDGE_CURVE ( 'NONE', #1305, #4569, #3270, .T. ) ;
#9273 = DIRECTION ( 'NONE',  ( 0.000000000000000000, 1.000000000000000000, 0.000000000000000000 ) ) ;
#9274 = ORIENTED_EDGE ( 'NONE', *, *, #1424, .F. ) ;
#9275 = CARTESIAN_POINT ( 'NONE',  ( -15.60595329267797737, 28.99999999999999289, 66.71587844375920895 ) ) ;
#9276 = CARTESIAN_POINT ( 'NONE',  ( -27.13472108392920390, 29.59999999999999076, 62.50642618244722826 ) ) ;
#9277 = CARTESIAN_POINT ( 'NONE',  ( -18.49652522662266918, 28.99999999999998934, 65.05540356897962795 ) ) ;
#9278 = DIRECTION ( 'NONE',  ( 0.000000000000000000, 0.000000000000000000, -1.000000000000000000 ) ) ;
#9279 = CARTESIAN_POINT ( 'NONE',  ( -12.52935322981418764, 29.59999999999999432, 65.15694757337564624 ) ) ;
#9280 = EDGE_CURVE ( 'NONE', #8116, #8009, #6206, .T. ) ;
#9281 = CARTESIAN_POINT ( 'NONE',  ( -21.84685255840942375, 29.60000000000000142, 62.33386798170776188 ) ) ;
#9282 = ORIENTED_EDGE ( 'NONE', *, *, #6915, .T. ) ;
#9283 = ORIENTED_EDGE ( 'NONE', *, *, #4496, .T. ) ;
#9284 = CARTESIAN_POINT ( 'NONE',  ( -18.49920202295254867, 29.59999999999999787, 62.27978240500942775 ) ) ;
#9285 = ORIENTED_EDGE ( 'NONE', *, *, #415, .T. ) ;
#9286 = EDGE_CURVE ( 'NONE', #4498, #5887, #6236, .T. ) ;
#9287 = LINE ( 'NONE', #7797, #5318 ) ;
#9288 = CARTESIAN_POINT ( 'NONE',  ( -22.72398494428227522, 29.59999999999999787, 64.30080552589373610 ) ) ;
#9289 = CARTESIAN_POINT ( 'NONE',  ( -18.02962937322304171, 29.00000000000000000, 65.58748211920877225 ) ) ;
#9290 = CARTESIAN_POINT ( 'NONE',  ( -21.69686481281894075, 29.59999999999999432, 65.33875421579912768 ) ) ;
#9291 = CARTESIAN_POINT ( 'NONE',  ( -102.0000000000000000, 29.49999999999999645, 34.75000000000000000 ) ) ;
#9292 = CARTESIAN_POINT ( 'NONE',  ( -13.47432575874237237, 29.59999999999999076, 62.79469879474974903 ) ) ;
#9293 = CARTESIAN_POINT ( 'NONE',  ( -98.29999999999995453, 0.000000000000000000, 70.50000000000001421 ) ) ;
#9294 = CARTESIAN_POINT ( 'NONE',  ( -38.94249175421644082, 29.59999999999999076, 64.98781353991303433 ) ) ;
#9295 = ORIENTED_EDGE ( 'NONE', *, *, #1446, .T. ) ;
#9296 = B_SPLINE_CURVE_WITH_KNOTS ( 'NONE', 3,
 ( #2386, #4458, #886, #5326, #3835, #166, #6718, #8887, #3113, #788, #8315 ),
 .UNSPECIFIED., .F., .F.,
 ( 4, 1, 1, 1, 1, 1, 1, 1, 4 ),
 ( 0.000000000000000000, 0.1239539590100944000, 0.2446910970343264269, 0.3639282123713505901, 0.4834467610619807565, 0.6060135407011156827, 0.7313153882149177054, 0.8627627448661785436, 1.000000000000000000 ),
 .UNSPECIFIED. ) ;
#9297 = CARTESIAN_POINT ( 'NONE',  ( -32.59633790806259412, 29.59999999999999432, 62.21587844375919474 ) ) ;
#9298 = ORIENTED_EDGE ( 'NONE', *, *, #2443, .T. ) ;
#9299 = CARTESIAN_POINT ( 'NONE',  ( -27.47409287500300579, 29.59999999999999076, 63.93148241945101518 ) ) ;
#9300 = VERTEX_POINT ( 'NONE', #5391 ) ;
#9301 = EDGE_CURVE ( 'NONE', #3576, #2305, #829, .T. ) ;
#9302 = CARTESIAN_POINT ( 'NONE',  ( -35.30787636960106113, 28.99999999999999289, 65.44664767452843535 ) ) ;
#9303 = VECTOR ( 'NONE', #5524, 1000.000000000000000 ) ;
#9304 = EDGE_CURVE ( 'NONE', #2030, #305, #6835, .T. ) ;
#9305 = CARTESIAN_POINT ( 'NONE',  ( -0.4999999999881765689, -3.599999999999929479, 22.60000000000000142 ) ) ;
#9306 = CARTESIAN_POINT ( 'NONE',  ( -29.53834727993654496, 28.99999999999998934, 64.49082526223062928 ) ) ;
#9307 = VECTOR ( 'NONE', #4604, 1000.000000000000000 ) ;
#9308 = LINE ( 'NONE', #2704, #592 ) ;
#9309 = EDGE_LOOP ( 'NONE', ( #1029, #1186, #6800, #1547 ) ) ;
#9310 = VECTOR ( 'NONE', #5644, 1000.000000000000000 ) ;
#9311 = CARTESIAN_POINT ( 'NONE',  ( -15.76351225183941374, 28.99999999999998934, 66.71204181666458055 ) ) ;
#9312 = DIRECTION ( 'NONE',  ( -0.5773502691896257311, -0.5773502691896418293, 0.5773502691896097438 ) ) ;
#9313 = CARTESIAN_POINT ( 'NONE',  ( -40.73095329267798093, 28.99999999999998934, 66.65818613606688814 ) ) ;
#9314 = FACE_OUTER_BOUND ( 'NONE', #9255, .T. ) ;
#9315 = CARTESIAN_POINT ( 'NONE',  ( 0.000000000000000000, 2.744571740547546804E-14, 23.10000000000002984 ) ) ;
#9316 = CARTESIAN_POINT ( 'NONE',  ( -16.19249578133764089, 28.99999999999999289, 62.27097084193193410 ) ) ;
#9317 = VECTOR ( 'NONE', #7915, 1000.000000000000000 ) ;
#9318 = CARTESIAN_POINT ( 'NONE',  ( -3.000000000000031530, -3.999999999999948042, 32.49999999999995026 ) ) ;
#9319 = LINE ( 'NONE', #1224, #9204 ) ;
#9320 = ADVANCED_FACE ( 'NONE', ( #1628 ), #1048, .F. ) ;
#9321 = EDGE_LOOP ( 'NONE', ( #2185, #8747, #1851, #4135, #7598, #2215, #5614 ) ) ;
#9322 = VECTOR ( 'NONE', #4310, 1000.000000000000000 ) ;
#9323 = EDGE_CURVE ( 'NONE', #6381, #7037, #131, .T. ) ;
#9324 = CARTESIAN_POINT ( 'NONE',  ( -22.40305828436608593, 28.99999999999998934, 65.67168491100733263 ) ) ;
#9325 = CARTESIAN_POINT ( 'NONE',  ( -36.80611617504575150, 28.99999999999998579, 63.57371080010598519 ) ) ;
#9326 = DIRECTION ( 'NONE',  ( -0.7071067811865242581, -0.5000000000000187628, -0.5000000000000143219 ) ) ;
#9327 = CARTESIAN_POINT ( 'NONE',  ( -24.63479944652414133, 29.59999999999999432, 64.69664767452843535 ) ) ;
#9328 = LINE ( 'NONE', #8609, #63 ) ;
#9329 = CARTESIAN_POINT ( 'NONE',  ( -19.85523295922023834, 29.59999999999999432, 62.29264642209238190 ) ) ;
#9330 = EDGE_LOOP ( 'NONE', ( #3028, #4279, #3813, #5900, #7461, #5062, #1789, #4601, #4272, #4394, #6637, #5717, #4193 ) ) ;
#9331 = EDGE_LOOP ( 'NONE', ( #2413, #5013, #6939, #8460 ) ) ;
#9332 = CARTESIAN_POINT ( 'NONE',  ( -28.67288288274470531, 29.59999999999999432, 64.50013680341083955 ) ) ;
#9333 = VERTEX_POINT ( 'NONE', #6060 ) ;
#9334 = DIRECTION ( 'NONE',  ( 1.418996708365486154E-16, -1.000000000000000000, -0.000000000000000000 ) ) ;
#9335 = CARTESIAN_POINT ( 'NONE',  ( -22.80318599100992927, 28.99999999999998934, 64.21528985257819500 ) ) ;
#9336 = DIRECTION ( 'NONE',  ( -1.418996708365486401E-16, 1.000000000000000000, 0.000000000000000000 ) ) ;
#9337 = DIRECTION ( 'NONE',  ( 1.418996708365486154E-16, -1.000000000000000000, -0.000000000000000000 ) ) ;
#9338 = DIRECTION ( 'NONE',  ( 0.000000000000000000, -1.000000000000000000, 0.000000000000000000 ) ) ;
#9339 = CARTESIAN_POINT ( 'NONE',  ( -11.35457750167225655, 29.59999999999998366, 62.39826547171087157 ) ) ;
#9340 = CARTESIAN_POINT ( 'NONE',  ( -21.05787636960106113, 29.59999999999999432, 66.65818613606688814 ) ) ;
#9341 = ADVANCED_FACE ( 'NONE', ( #8998 ), #8260, .T. ) ;
#9342 = DIRECTION ( 'NONE',  ( 0.000000000000000000, 0.7071067811865573427, -0.7071067811865378028 ) ) ;
#9343 = ORIENTED_EDGE ( 'NONE', *, *, #1346, .T. ) ;
#9344 = CARTESIAN_POINT ( 'NONE',  ( -102.2672735772883925, 27.64329852135705323, 73.96727357728831009 ) ) ;
#9345 = ORIENTED_EDGE ( 'NONE', *, *, #6881, .T. ) ;
#9346 = CARTESIAN_POINT ( 'NONE',  ( -10.68324224126470234, 29.59999999999999787, 66.58423303333555054 ) ) ;
#9347 = EDGE_LOOP ( 'NONE', ( #9001, #5804, #2356, #1753 ) ) ;
#9348 = DIRECTION ( 'NONE',  ( 0.5773502691896098549, -0.5773502691896257311, -0.5773502691896417183 ) ) ;
#9349 = CARTESIAN_POINT ( 'NONE',  ( -22.57134286504041043, 29.59999999999999432, 65.47993683651777985 ) ) ;
#9350 = AXIS2_PLACEMENT_3D ( 'NONE', #33, #1337, #5002 ) ;
#9351 = FACE_OUTER_BOUND ( 'NONE', #1603, .T. ) ;
#9352 = CARTESIAN_POINT ( 'NONE',  ( -15.91502756687795994, 29.59999999999999787, 66.68965666704490047 ) ) ;
#9353 = VECTOR ( 'NONE', #1668, 1000.000000000000000 ) ;
#9354 = SHAPE_DEFINITION_REPRESENTATION ( #3797, #1292 ) ;
#9355 = ORIENTED_EDGE ( 'NONE', *, *, #7253, .F. ) ;
#9356 = EDGE_CURVE ( 'NONE', #5933, #7577, #4506, .T. ) ;
#9357 = VECTOR ( 'NONE', #1977, 1000.000000000000000 ) ;
#9358 = CARTESIAN_POINT ( 'NONE',  ( -27.21658758806252010, 29.59999999999998721, 66.43559663024061024 ) ) ;
#9359 = VECTOR ( 'NONE', #95, 1000.000000000000000 ) ;
#9360 = CARTESIAN_POINT ( 'NONE',  ( -20.00941068637019882, 29.59999999999999432, 64.62138892635984178 ) ) ;
#9361 = CARTESIAN_POINT ( 'NONE',  ( -28.56420996787485933, 28.99999999999999645, 65.56268862912200746 ) ) ;
#9362 = CARTESIAN_POINT ( 'NONE',  ( -19.88662448843727759, 29.59999999999999432, 64.75105750859906095 ) ) ;
#9363 = CARTESIAN_POINT ( 'NONE',  ( -15.37026827887001623, 28.99999999999999289, 62.96026778614352537 ) ) ;
#9364 = CARTESIAN_POINT ( 'NONE',  ( -12.48448987681585187, 29.59999999999999787, 64.14053963481319443 ) ) ;
#9365 = CARTESIAN_POINT ( 'NONE',  ( -21.58543683977641692, 28.99999999999999289, 65.46604350304562558 ) ) ;
#9366 = CARTESIAN_POINT ( 'NONE',  ( -12.14000631158393873, 29.00000000000000711, 64.50354387168299297 ) ) ;
#9367 = VECTOR ( 'NONE', #6542, 1000.000000000000000 ) ;
#9368 = AXIS2_PLACEMENT_3D ( 'NONE', #6530, #3592, #5665 ) ;
#9369 = DIRECTION ( 'NONE',  ( 0.000000000000000000, 0.000000000000000000, 1.000000000000000000 ) ) ;
#9370 = EDGE_LOOP ( 'NONE', ( #8152, #6690, #2878, #8826 ) ) ;
#9371 = CARTESIAN_POINT ( 'NONE',  ( -11.94339319652413067, 29.59999999999999787, 65.79280152068227494 ) ) ;
#9372 = CARTESIAN_POINT ( 'NONE',  ( -28.65290419791888965, 28.99999999999999289, 66.60379955400915719 ) ) ;
#9373 = AXIS2_PLACEMENT_3D ( 'NONE', #5245, #802, #1340 ) ;
#9374 = DIRECTION ( 'NONE',  ( -0.7071067811865378028, -0.7071067811865573427, -0.000000000000000000 ) ) ;
#9375 = CARTESIAN_POINT ( 'NONE',  ( -14.42724948368701732, 29.59999999999999076, 62.84821702269373134 ) ) ;
#9376 = CARTESIAN_POINT ( 'NONE',  ( -12.23654692951668288, 29.59999999999999787, 65.43089587304915256 ) ) ;
#9377 = CARTESIAN_POINT ( 'NONE',  ( -20.48996773506334890, 29.59999999999998721, 63.01430761348146348 ) ) ;
#9378 = CARTESIAN_POINT ( 'NONE',  ( -22.03864560037029108, 29.59999999999999432, 63.60049382837458865 ) ) ;
#9379 = ORIENTED_EDGE ( 'NONE', *, *, #8238, .T. ) ;
#9380 = EDGE_CURVE ( 'NONE', #9450, #6966, #2147, .T. ) ;
#9381 = VERTEX_POINT ( 'NONE', #7973 ) ;
#9382 = CARTESIAN_POINT ( 'NONE',  ( -28.58466212807299911, 28.99999999999999289, 65.49510732829479309 ) ) ;
#9383 = VERTEX_POINT ( 'NONE', #538 ) ;
#9384 = CARTESIAN_POINT ( 'NONE',  ( -10.68324224126470234, 29.00000000000000355, 66.58423303333555054 ) ) ;
#9385 = CARTESIAN_POINT ( 'NONE',  ( -19.13960713883182763, 29.59999999999999432, 62.90818613606688814 ) ) ;
#9386 = FACE_OUTER_BOUND ( 'NONE', #2456, .T. ) ;
#9387 = ADVANCED_FACE ( 'NONE', ( #3489 ), #6523, .T. ) ;
#9388 = CARTESIAN_POINT ( 'NONE',  ( -26.63864816728385776, 29.59999999999999076, 63.71230181931436221 ) ) ;
#9389 = CARTESIAN_POINT ( 'NONE',  ( -41.59633790806259412, 29.59999999999999076, 62.21587844375919474 ) ) ;
#9390 = CARTESIAN_POINT ( 'NONE',  ( -22.32800858113952103, 28.99999999999999289, 65.79280152068227494 ) ) ;
#9391 = CARTESIAN_POINT ( 'NONE',  ( -11.07614670383825484, 29.00000000000001066, 62.65746189122116050 ) ) ;
#9392 = DIRECTION ( 'NONE',  ( 1.418996708365486154E-16, -1.000000000000000000, -0.000000000000000000 ) ) ;
#9393 = CARTESIAN_POINT ( 'NONE',  ( -17.07622408051712881, 29.60000000000000142, 64.59273103292278506 ) ) ;
#9394 = EDGE_LOOP ( 'NONE', ( #7978, #1940, #8198, #5201 ) ) ;
#9395 = EDGE_CURVE ( 'NONE', #8183, #367, #8874, .T. ) ;
#9396 = CARTESIAN_POINT ( 'NONE',  ( -29.49638910999290431, 29.60000000000000853, 63.71739455675722041 ) ) ;
#9397 = ORIENTED_EDGE ( 'NONE', *, *, #8778, .F. ) ;
#9398 = CARTESIAN_POINT ( 'NONE',  ( -15.02002816920012407, 28.99999999999998934, 62.26979741943159752 ) ) ;
#9399 = ORIENTED_EDGE ( 'NONE', *, *, #1265, .F. ) ;
#9400 = CARTESIAN_POINT ( 'NONE',  ( -19.06308323466086918, 29.60000000000000853, 64.50354387168299297 ) ) ;
#9401 = CARTESIAN_POINT ( 'NONE',  ( -22.72398494428227522, 28.99999999999999645, 64.30080552589373610 ) ) ;
#9402 = CARTESIAN_POINT ( 'NONE',  ( -12.18672748042501830, 28.99999999999998934, 65.47993683651776564 ) ) ;
#9403 = DIRECTION ( 'NONE',  ( 0.000000000000000000, 0.000000000000000000, -1.000000000000000000 ) ) ;
#9404 = ORIENTED_EDGE ( 'NONE', *, *, #5978, .T. ) ;
#9405 = ORIENTED_EDGE ( 'NONE', *, *, #5436, .F. ) ;
#9406 = B_SPLINE_SURFACE_WITH_KNOTS ( 'NONE', 3, 1, ( 
 ( #7846, #3370 ),
 ( #6940, #330 ),
 ( #6213, #2550 ),
 ( #5486, #8425 ),
 ( #1830, #7711 ),
 ( #1103, #4327 ),
 ( #3556, #5721 ),
 ( #4227, #8807 ),
 ( #703, #6540 ),
 ( #4946, #8660 ),
 ( #4370, #6492 ) ),
 .UNSPECIFIED., .F., .F., .F.,
 ( 4, 1, 1, 1, 1, 1, 1, 1, 4 ),
 ( 2, 2 ),
 ( 0.000000000000000000, 0.1373282810095198536, 0.2673624217199562225, 0.3929794554192889700, 0.5142193435920626721, 0.6341860071116700581, 0.7543431548904964146, 0.8755707935165630840, 1.000000000000000000 ),
 ( 0.000000000000000000, 1.000000000000000000 ),
 .UNSPECIFIED. ) ;
#9407 = CARTESIAN_POINT ( 'NONE',  ( -27.76265932929494795, 29.59999999999999076, 65.87175899687413505 ) ) ;
#9408 = CARTESIAN_POINT ( 'NONE',  ( -14.13479944652413245, 29.59999999999999432, 64.42982075145150134 ) ) ;
#9409 = CARTESIAN_POINT ( 'NONE',  ( -20.29873262373430975, 29.59999999999999076, 64.22769580576583337 ) ) ;
#9410 = CARTESIAN_POINT ( 'NONE',  ( -2.066987298107796356, 13.08012701892230645, 32.49999999999995026 ) ) ;
#9411 = CARTESIAN_POINT ( 'NONE',  ( -15.13299229606659857, 28.99999999999999645, 63.23871921102352900 ) ) ;
#9412 = CARTESIAN_POINT ( 'NONE',  ( -12.74806018564633803, 29.59999999999999787, 63.54180619720352041 ) ) ;
#9413 = DIRECTION ( 'NONE',  ( 0.8241865897695646037, 1.169518057961987687E-16, -0.5663183426695762579 ) ) ;
#9414 = CARTESIAN_POINT ( 'NONE',  ( -12.17728397091284620, 29.59999999999999787, 62.90996901907805494 ) ) ;
#9415 = CARTESIAN_POINT ( 'NONE',  ( -28.06749175421643727, 28.99999999999999289, 62.15818613606688814 ) ) ;
#9416 = ORIENTED_EDGE ( 'NONE', *, *, #598, .T. ) ;
#9417 = B_SPLINE_CURVE_WITH_KNOTS ( 'NONE', 3,
 ( #7124, #1293, #4382, #843, #4290, #6457, #519, #6552, #4955, #8773, #7900, #3786, #9396, #5639, #8576, #6405, #7174, #7229, #9132 ),
 .UNSPECIFIED., .F., .F.,
 ( 4, 1, 1, 1, 1, 1, 1, 1, 1, 1, 1, 1, 1, 1, 1, 1, 4 ),
 ( 0.000000000000000000, 0.04667348444442046690, 0.09525240289268012417, 0.1448650554020080305, 0.1963135318305433141, 0.2497676991019312231, 0.3057805210269448071, 0.3632739045836495539, 0.4234354540256398125, 0.4860230073263876460, 0.5514787443092996622, 0.6194270646736422803, 0.6899451355257777418, 0.7631433297567437046, 0.8390008045993371244, 0.9181030856310408161, 1.000000000000000000 ),
 .UNSPECIFIED. ) ;
#9418 = CARTESIAN_POINT ( 'NONE',  ( -27.35662454631980012, 28.99999999999998934, 62.33407319236052047 ) ) ;
#9419 = CARTESIAN_POINT ( 'NONE',  ( -27.75839843943855101, 28.99999999999999289, 62.18436144438678070 ) ) ;
#9420 = EDGE_CURVE ( 'NONE', #3937, #4793, #366, .T. ) ;
#9421 = CARTESIAN_POINT ( 'NONE',  ( -19.50198694652413423, 29.59999999999999432, 64.01876305914380794 ) ) ;
#9422 = DIRECTION ( 'NONE',  ( 1.418996708365486154E-16, -1.000000000000000000, -0.000000000000000000 ) ) ;
#9423 = CARTESIAN_POINT ( 'NONE',  ( -31.73095329267797737, 29.59999999999999432, 64.98510921298996834 ) ) ;
#9424 = FACE_OUTER_BOUND ( 'NONE', #9427, .T. ) ;
#9425 = CARTESIAN_POINT ( 'NONE',  ( -22.48608408376632539, 29.59999999999999787, 62.91341316413078033 ) ) ;
#9426 = ORIENTED_EDGE ( 'NONE', *, *, #6153, .F. ) ;
#9427 = EDGE_LOOP ( 'NONE', ( #3695, #8469, #2072, #6467 ) ) ;
#9428 = CARTESIAN_POINT ( 'NONE',  ( -28.66752118360383861, 29.59999999999999076, 64.78864496953715957 ) ) ;
#9429 = ORIENTED_EDGE ( 'NONE', *, *, #7826, .T. ) ;
#9430 = CARTESIAN_POINT ( 'NONE',  ( 0.000000000000000000, 28.00000000000000000, 0.5000000000000281997 ) ) ;
#9431 = DIRECTION ( 'NONE',  ( 0.000000000000000000, 0.000000000000000000, -1.000000000000000000 ) ) ;
#9432 = CARTESIAN_POINT ( 'NONE',  ( -22.96352540806260123, 29.59999999999999432, 64.01876305914380794 ) ) ;
#9433 = CARTESIAN_POINT ( 'NONE',  ( -19.66870594275492934, 29.00000000000000000, 63.36872890603534358 ) ) ;
#9434 = DIRECTION ( 'NONE',  ( -1.000000000000000000, 0.000000000000000000, -0.000000000000000000 ) ) ;
#9435 = FACE_OUTER_BOUND ( 'NONE', #4191, .T. ) ;
#9436 = CARTESIAN_POINT ( 'NONE',  ( -11.00139656288592249, 29.59999999999999787, 62.76877923128868986 ) ) ;
#9437 = CARTESIAN_POINT ( 'NONE',  ( -16.78772994263533036, 29.59999999999998010, 62.85177120494134329 ) ) ;
#9438 = CARTESIAN_POINT ( 'NONE',  ( -17.73216932784822220, 28.99999999999998934, 63.34405806632992153 ) ) ;
#9439 = ORIENTED_EDGE ( 'NONE', *, *, #1464, .T. ) ;
#9440 = CARTESIAN_POINT ( 'NONE',  ( -15.00055948362063063, 29.59999999999999787, 64.37723300200336496 ) ) ;
#9441 = EDGE_LOOP ( 'NONE', ( #4942, #3350, #700, #4325, #2028 ) ) ;
#9442 = CARTESIAN_POINT ( 'NONE',  ( -15.00014331872219842, 28.99999999999998934, 64.50013890536673955 ) ) ;
#9443 = VERTEX_POINT ( 'NONE', #7922 ) ;
#9444 = CARTESIAN_POINT ( 'NONE',  ( -27.46281959199758660, 29.59999999999999787, 64.25881946426677871 ) ) ;
#9445 = EDGE_CURVE ( 'NONE', #5593, #3587, #9117, .T. ) ;
#9446 = CARTESIAN_POINT ( 'NONE',  ( -22.74891277724744398, 29.59999999999999076, 65.30953555119603493 ) ) ;
#9447 = CARTESIAN_POINT ( 'NONE',  ( -12.36429739263205896, 28.99999999999999645, 65.30953555119604914 ) ) ;
#9448 = DIRECTION ( 'NONE',  ( 1.000000000000000000, 0.000000000000000000, 0.000000000000000000 ) ) ;
#9449 = CARTESIAN_POINT ( 'NONE',  ( -102.2999999999999687, 28.99999999999998579, 73.00000000000000000 ) ) ;
#9450 = VERTEX_POINT ( 'NONE', #8205 ) ;
#9451 = ORIENTED_EDGE ( 'NONE', *, *, #539, .T. ) ;
#9452 = CARTESIAN_POINT ( 'NONE',  ( -37.78864560037028753, 28.99999999999998934, 66.65818613606688814 ) ) ;
#9453 = VECTOR ( 'NONE', #1041, 1000.000000000000000 ) ;
#9454 = CARTESIAN_POINT ( 'NONE',  ( -14.16226193326068916, 28.99999999999998579, 63.84523698884252241 ) ) ;
#9455 = VECTOR ( 'NONE', #7555, 1000.000000000000000 ) ;
#9456 = CARTESIAN_POINT ( 'NONE',  ( -17.07022640413830672, 28.99999999999998934, 64.74267555361757331 ) ) ;
#9457 = CARTESIAN_POINT ( 'NONE',  ( -13.61227747758969997, 29.59999999999999432, 63.52870578933038104 ) ) ;
#9458 = DIRECTION ( 'NONE',  ( -0.7071067811865597852, 0.000000000000000000, 0.7071067811865352493 ) ) ;
#9459 = CARTESIAN_POINT ( 'NONE',  ( 0.000000000000000000, 17.44993093909482340, 42.77583302491976269 ) ) ;
#9460 = CARTESIAN_POINT ( 'NONE',  ( -17.94762535378922053, 29.59999999999999787, 65.69933259137647497 ) ) ;
#9461 = CARTESIAN_POINT ( 'NONE',  ( -14.77996639988407246, 29.59999999999998721, 62.41333614340716451 ) ) ;
#9462 = EDGE_CURVE ( 'NONE', #8626, #7994, #6623, .T. ) ;
#9463 = VECTOR ( 'NONE', #1923, 1000.000000000000000 ) ;
#9464 = CARTESIAN_POINT ( 'NONE',  ( -28.54044979796698911, 29.59999999999999432, 65.63534013185690696 ) ) ;
#9465 = EDGE_LOOP ( 'NONE', ( #3204, #7526, #3887, #2889 ) ) ;
#9466 = AXIS2_PLACEMENT_3D ( 'NONE', #5784, #1404, #3616 ) ;
#9467 = B_SPLINE_CURVE_WITH_KNOTS ( 'NONE', 3,
 ( #6253, #6880, #4755, #9186, #3943, #2588, #7789 ),
 .UNSPECIFIED., .F., .F.,
 ( 4, 1, 1, 1, 4 ),
 ( 0.000000000000000000, 0.2728587156736266284, 0.5256924094060723140, 0.7668504463701355522, 1.000000000000000000 ),
 .UNSPECIFIED. ) ;
#9468 = CARTESIAN_POINT ( 'NONE',  ( -27.52521279986495983, 28.99999999999999645, 65.40564930723074610 ) ) ;
#9469 = CARTESIAN_POINT ( 'NONE',  ( -15.60595329267797737, 29.59999999999999432, 65.96587844375919474 ) ) ;
#9470 = CARTESIAN_POINT ( 'NONE',  ( -16.20740411559836858, 29.59999999999999787, 64.09109810724281431 ) ) ;
#9471 = CARTESIAN_POINT ( 'NONE',  ( -14.21999785853109088, 29.60000000000000142, 63.46326474830356545 ) ) ;
#9472 = CARTESIAN_POINT ( 'NONE',  ( -12.08933566429850792, 29.59999999999998366, 65.58481777482309383 ) ) ;
#9473 = CARTESIAN_POINT ( 'NONE',  ( -20.53864560037029463, 29.59999999999999787, 63.38234478991305565 ) ) ;
#9474 = DIRECTION ( 'NONE',  ( 0.000000000000000000, 0.000000000000000000, 1.000000000000000000 ) ) ;
#9475 = ORIENTED_EDGE ( 'NONE', *, *, #7394, .F. ) ;
#9476 = EDGE_CURVE ( 'NONE', #9160, #4041, #6012, .T. ) ;
#9477 = ORIENTED_EDGE ( 'NONE', *, *, #4597, .F. ) ;
#9478 = ORIENTED_EDGE ( 'NONE', *, *, #3263, .T. ) ;
#9479 = CARTESIAN_POINT ( 'NONE',  ( -98.29999999999996874, 0.5000000000000281997, 73.00000000000000000 ) ) ;
#9480 = EDGE_LOOP ( 'NONE', ( #1434, #2823, #1201, #8062 ) ) ;
#9481 = CARTESIAN_POINT ( 'NONE',  ( -22.63036965201786188, 28.99999999999999645, 64.39623799480506250 ) ) ;
#9482 = CARTESIAN_POINT ( 'NONE',  ( -27.02327779423268339, 29.60000000000000142, 62.63900911233365321 ) ) ;
#9483 = LINE ( 'NONE', #6831, #58 ) ;
#9484 = DIRECTION ( 'NONE',  ( 1.000000000000000000, 0.000000000000000000, -0.000000000000000000 ) ) ;
#9485 = CARTESIAN_POINT ( 'NONE',  ( -10.78864560037028397, 29.59999999999999787, 63.51575825145150134 ) ) ;
#9486 = FACE_OUTER_BOUND ( 'NONE', #3775, .T. ) ;
#9487 = PLANE ( 'NONE',  #9373 ) ;
#9488 = B_SPLINE_SURFACE_WITH_KNOTS ( 'NONE', 3, 1, ( 
 ( #9408, #8064 ),
 ( #4447, #3719 ),
 ( #7387, #1552 ),
 ( #2806, #6517 ),
 ( #5075, #8021 ),
 ( #3675, #9454 ),
 ( #5794, #8687 ),
 ( #5744, #2996 ),
 ( #6568, #1414 ),
 ( #2088, #4350 ),
 ( #5022, #8873 ),
 ( #5893, #4399 ),
 ( #9506, #2907 ),
 ( #5846, #7967 ),
 ( #8786, #6618 ),
 ( #2189, #7339 ),
 ( #727, #2952 ),
 ( #2228, #5167 ),
 ( #2418, #6759 ) ),
 .UNSPECIFIED., .F., .F., .F.,
 ( 4, 1, 1, 1, 1, 1, 1, 1, 1, 1, 1, 1, 1, 1, 1, 1, 4 ),
 ( 2, 2 ),
 ( 0.000000000000000000, 0.08152770983674458016, 0.1597838330499996018, 0.2357383145352293652, 0.3085581075699102005, 0.3791663570275521922, 0.4467327385862362998, 0.5118940519136221390, 0.5744593951211927063, 0.6343613069726454778, 0.6925222024157509093, 0.7484441971944719718, 0.8021531717784085025, 0.8538741643603042775, 0.9039623315624258915, 0.9526033727980809385, 1.000000000000000000 ),
 ( 0.000000000000000000, 1.000000000000000000 ),
 .UNSPECIFIED. ) ;
#9489 = ORIENTED_EDGE ( 'NONE', *, *, #9476, .T. ) ;
#9490 = B_SPLINE_CURVE_WITH_KNOTS ( 'NONE', 3,
 ( #4550, #5416, #8353, #4499, #1754, #4691, #8312, #1030, #1710, #5370, #8934, #4646, #8210, #5275, #6143, #3110, #3926, #7543, #7589 ),
 .UNSPECIFIED., .F., .F.,
 ( 4, 1, 1, 1, 1, 1, 1, 1, 1, 1, 1, 1, 1, 1, 1, 1, 4 ),
 ( 0.000000000000000000, 0.08177573335282957434, 0.1602886146100741815, 0.2360338448589276716, 0.3091237293736659453, 0.3795374562276582764, 0.4473852349956586871, 0.5123670317874761126, 0.5748619756979430617, 0.6349345054528104937, 0.6929351702019234116, 0.7487031023589366674, 0.8026982310377045460, 0.8542767345730980511, 0.9042269110904057605, 0.9527339484092587352, 1.000000000000000000 ),
 .UNSPECIFIED. ) ;
#9491 = CARTESIAN_POINT ( 'NONE',  ( -15.05268088815764038, 28.99999999999999289, 63.54325693029271349 ) ) ;
#9492 = ORIENTED_EDGE ( 'NONE', *, *, #7045, .T. ) ;
#9493 = CARTESIAN_POINT ( 'NONE',  ( -14.58011194652413067, 28.99999999999999645, 62.61521738606688814 ) ) ;
#9494 = ORIENTED_EDGE ( 'NONE', *, *, #83, .F. ) ;
#9495 = CARTESIAN_POINT ( 'NONE',  ( -19.48926347110829838, 29.59999999999999432, 64.03664153671326176 ) ) ;
#9496 = CARTESIAN_POINT ( 'NONE',  ( -11.02454843071230073, 29.00000000000001066, 65.69933259137650339 ) ) ;
#9497 = CARTESIAN_POINT ( 'NONE',  ( -11.96755893964460959, 29.00000000000000355, 65.75380239408757177 ) ) ;
#9498 = CARTESIAN_POINT ( 'NONE',  ( -12.44229486223033554, 29.59999999999999432, 65.23730005079187322 ) ) ;
#9499 = CARTESIAN_POINT ( 'NONE',  ( -22.99678326364589154, 29.60000000000000497, 63.05857560965164055 ) ) ;
#9500 = EDGE_LOOP ( 'NONE', ( #2560, #6491, #7748, #6576 ) ) ;
#9501 = EDGE_CURVE ( 'NONE', #3866, #3784, #8414, .T. ) ;
#9502 = ORIENTED_EDGE ( 'NONE', *, *, #6792, .F. ) ;
#9503 = B_SPLINE_CURVE_WITH_KNOTS ( 'NONE', 3,
 ( #686, #3539, #1223, #2811, #3632, #4258, #4929, #6375, #9365, #2763, #1366, #5704, #8644, #7101, #9513 ),
 .UNSPECIFIED., .F., .F.,
 ( 4, 1, 1, 1, 1, 1, 1, 1, 1, 1, 1, 1, 4 ),
 ( 0.000000000000000000, 0.09636570699092021630, 0.1926773804259398482, 0.2896222406718396702, 0.3886550898832855649, 0.4418938822195938032, 0.5017248057154910512, 0.5678518755671658758, 0.6405719334343553673, 0.7203467082495578211, 0.8066203545196107827, 0.9000073740331770988, 1.000000000000000000 ),
 .UNSPECIFIED. ) ;
#9504 = CARTESIAN_POINT ( 'NONE',  ( -22.60114560037029108, 29.59999999999999432, 62.90818613606688814 ) ) ;
#9505 = EDGE_CURVE ( 'NONE', #3332, #5967, #1987, .T. ) ;
#9506 = CARTESIAN_POINT ( 'NONE',  ( -14.34306691004332279, 29.59999999999999432, 63.03068880420723019 ) ) ;
#9507 = FACE_OUTER_BOUND ( 'NONE', #9394, .T. ) ;
#9508 = VECTOR ( 'NONE', #2855, 1000.000000000000000 ) ;
#9509 = CARTESIAN_POINT ( 'NONE',  ( -29.06204054916261725, 28.99999999999999289, 66.29543088703968579 ) ) ;
#9510 = CARTESIAN_POINT ( 'NONE',  ( -15.09663838883182407, 28.99999999999999289, 63.34989286683612164 ) ) ;
#9511 = CARTESIAN_POINT ( 'NONE',  ( -15.60595329267797737, 28.99999999999999289, 66.71587844375920895 ) ) ;
#9512 = EDGE_CURVE ( 'NONE', #2521, #5593, #1076, .T. ) ;
#9513 = CARTESIAN_POINT ( 'NONE',  ( -22.27482348498567433, 28.99999999999999289, 64.74532555914380794 ) ) ;
#9514 = CARTESIAN_POINT ( 'NONE',  ( -11.72923450151294844, 29.60000000000000497, 63.21927767107736429 ) ) ;
#9515 = CIRCLE ( 'NONE', #2127, 1.700000000000000178 ) ;
#9516 = EDGE_CURVE ( 'NONE', #2877, #8043, #1850, .T. ) ;
#9517 = AXIS2_PLACEMENT_3D ( 'NONE', #4779, #482, #6999 ) ;
#9518 = CARTESIAN_POINT ( 'NONE',  ( -28.52016382102913994, 28.99999999999999289, 62.21976771235483028 ) ) ;
#9519 = ORIENTED_EDGE ( 'NONE', *, *, #4212, .T. ) ;
#9520 = ADVANCED_FACE ( 'NONE', ( #6956 ), #9023, .T. ) ;
#9521 = CARTESIAN_POINT ( 'NONE',  ( -23.34816294997574460, 28.99999999999999645, 64.75105750859907516 ) ) ;
#9522 = CARTESIAN_POINT ( 'NONE',  ( -28.22505071337787186, 29.59999999999999432, 66.71204181666459476 ) ) ;
#9523 = FACE_OUTER_BOUND ( 'NONE', #7160, .T. ) ;
#9524 = CARTESIAN_POINT ( 'NONE',  ( -14.14171525802709795, 29.59999999999999787, 64.12748454175331858 ) ) ;
#9525 = CARTESIAN_POINT ( 'NONE',  ( -15.02359959220163432, 28.99999999999999645, 63.78843131768208252 ) ) ;
#9526 = AXIS2_PLACEMENT_3D ( 'NONE', #2751, #2568, #2703 ) ;
#9527 = CARTESIAN_POINT ( 'NONE',  ( -36.88408809454718806, 29.59999999999999076, 63.49433724371201748 ) ) ;
#9528 = VECTOR ( 'NONE', #440, 1000.000000000000000 ) ;
#9529 = ORIENTED_EDGE ( 'NONE', *, *, #4417, .T. ) ;
#9530 = ORIENTED_EDGE ( 'NONE', *, *, #251, .F. ) ;
#9531 = VECTOR ( 'NONE', #6882, 1000.000000000000000 ) ;
#9532 = VECTOR ( 'NONE', #1013, 1000.000000000000000 ) ;
#9533 = CARTESIAN_POINT ( 'NONE',  ( -16.03143325970800603, 29.00000000000000000, 65.73253813934991285 ) ) ;
#9534 = VERTEX_POINT ( 'NONE', #6085 ) ;
#9535 = CARTESIAN_POINT ( 'NONE',  ( -24.00018406190875453, 28.99999999999999289, 65.79280152068227494 ) ) ;
#9536 = CARTESIAN_POINT ( 'NONE',  ( -37.78864560037028753, 29.59999999999999076, 62.15818613606688814 ) ) ;
#9537 = CARTESIAN_POINT ( 'NONE',  ( -24.00018406190875453, 29.59999999999999432, 65.79280152068227494 ) ) ;
#9538 = CARTESIAN_POINT ( 'NONE',  ( -18.67928333100356753, 29.00000000000000000, 63.16216302194818866 ) ) ;
#9539 = DIRECTION ( 'NONE',  ( 0.5659711471271449135, 0.000000000000000000, 0.8244250485153782337 ) ) ;
#9540 = CARTESIAN_POINT ( 'NONE',  ( -19.10950697719718505, 28.99999999999999289, 62.15882148759504133 ) ) ;
#9541 = EDGE_CURVE ( 'NONE', #4041, #7177, #7728, .T. ) ;
#9542 = PRODUCT_DEFINITION_FORMATION_WITH_SPECIFIED_SOURCE ( 'ANY', '', #2024, .NOT_KNOWN. ) ;
#9543 = ORIENTED_EDGE ( 'NONE', *, *, #7304, .T. ) ;
#9544 = ORIENTED_EDGE ( 'NONE', *, *, #6496, .F. ) ;
#9545 = PLANE ( 'NONE',  #5968 ) ;
#9546 = EDGE_LOOP ( 'NONE', ( #7670, #7955, #6408, #185 ) ) ;
#9547 = CARTESIAN_POINT ( 'NONE',  ( -16.11526819652413067, 28.99999999999999289, 65.52417171298996834 ) ) ;
#9548 = CARTESIAN_POINT ( 'NONE',  ( -15.60595329267797737, 29.59999999999999432, 65.96587844375919474 ) ) ;
ENDSEC;
END-ISO-10303-21;
